2025-08-31 23:27:29,312 - ProximalNewtonLBFGS: lam=0.1, memory=5, n_grid=200, basis_order=2, n_samples=3200, K=3203
2025-08-31 23:27:29,579 - Iter   0: obj=0.000000, change=6.34e-02, α=0.000, ‖θ[1:]‖₁=0.492, γ=153573.324, num_knots=3055
2025-08-31 23:27:29,984 - Iter  10: obj=-36.256427, change=2.79e-03, α=0.031, ‖θ[1:]‖₁=8.015, γ=133045.259, num_knots=2951
2025-08-31 23:27:30,339 - Iter  20: obj=-39.094829, change=1.08e-03, α=1.000, ‖θ[1:]‖₁=9.225, γ=133817.472, num_knots=2849
2025-08-31 23:27:30,679 - Iter  30: obj=-39.476524, change=3.30e-05, α=1.000, ‖θ[1:]‖₁=9.622, γ=3473.084, num_knots=2719
2025-08-31 23:27:31,062 - Iter  40: obj=-39.817713, change=6.16e-05, α=1.000, ‖θ[1:]‖₁=9.392, γ=7072.659, num_knots=2434
2025-08-31 23:27:31,331 - Iter  50: obj=-39.846970, change=2.11e-05, α=1.000, ‖θ[1:]‖₁=9.301, γ=108472.233, num_knots=2066
2025-08-31 23:27:31,616 - Iter  60: obj=-39.894298, change=1.74e-04, α=1.000, ‖θ[1:]‖₁=9.187, γ=134112.553, num_knots=2003
2025-08-31 23:27:31,932 - Iter  70: obj=-40.106681, change=3.81e-03, α=0.500, ‖θ[1:]‖₁=8.834, γ=133996.559, num_knots=2478
2025-08-31 23:27:32,204 - Iter  80: obj=-40.120212, change=6.49e-05, α=1.000, ‖θ[1:]‖₁=8.810, γ=2310.886, num_knots=1634
2025-08-31 23:27:32,508 - Iter  90: obj=-40.139639, change=1.76e-05, α=1.000, ‖θ[1:]‖₁=8.732, γ=109656.476, num_knots=1603
2025-08-31 23:27:32,788 - Iter 100: obj=-40.151585, change=2.49e-05, α=1.000, ‖θ[1:]‖₁=8.700, γ=121122.450, num_knots=1537
2025-08-31 23:27:33,108 - Iter 110: obj=-40.270263, change=8.80e-05, α=1.000, ‖θ[1:]‖₁=8.521, γ=134027.402, num_knots=1225
2025-08-31 23:27:33,374 - Iter 120: obj=-40.272800, change=1.91e-04, α=1.000, ‖θ[1:]‖₁=8.513, γ=1733.382, num_knots=1199
2025-08-31 23:27:33,651 - Iter 130: obj=-40.283104, change=1.96e-04, α=1.000, ‖θ[1:]‖₁=8.493, γ=134102.025, num_knots=1265
2025-08-31 23:27:33,957 - Iter 140: obj=-40.286087, change=2.20e-04, α=1.000, ‖θ[1:]‖₁=8.488, γ=130183.627, num_knots=1130
2025-08-31 23:27:34,243 - Iter 150: obj=-40.288173, change=2.13e-05, α=1.000, ‖θ[1:]‖₁=8.486, γ=15415.290, num_knots=1120
2025-08-31 23:27:34,543 - Iter 160: obj=-40.304881, change=3.26e-05, α=1.000, ‖θ[1:]‖₁=8.471, γ=7489.673, num_knots=1156
2025-08-31 23:27:34,849 - Iter 170: obj=-40.364603, change=1.50e-05, α=1.000, ‖θ[1:]‖₁=8.437, γ=65364.345, num_knots=1163
2025-08-31 23:27:35,124 - Iter 180: obj=-40.367358, change=4.90e-04, α=1.000, ‖θ[1:]‖₁=8.426, γ=68537.034, num_knots=1031
2025-08-31 23:27:35,418 - Iter 190: obj=-40.371711, change=1.51e-05, α=1.000, ‖θ[1:]‖₁=8.420, γ=124841.609, num_knots=1031
2025-08-31 23:27:35,693 - Iter 200: obj=-40.375481, change=2.70e-05, α=1.000, ‖θ[1:]‖₁=8.413, γ=36517.901, num_knots=1042
2025-08-31 23:27:35,983 - Iter 210: obj=-40.389039, change=1.44e-03, α=1.000, ‖θ[1:]‖₁=8.392, γ=133648.623, num_knots=1169
2025-08-31 23:27:36,284 - Iter 220: obj=-40.393217, change=1.62e-05, α=1.000, ‖θ[1:]‖₁=8.388, γ=54524.223, num_knots=1109
2025-08-31 23:27:36,531 - Iter 230: obj=-40.452910, change=2.13e-03, α=1.000, ‖θ[1:]‖₁=8.314, γ=134139.127, num_knots=2438
2025-08-31 23:27:36,829 - Iter 240: obj=-40.459112, change=4.00e-05, α=1.000, ‖θ[1:]‖₁=8.308, γ=129526.070, num_knots=1523
2025-08-31 23:27:37,098 - Iter 250: obj=-40.460608, change=2.00e-05, α=1.000, ‖θ[1:]‖₁=8.303, γ=134045.144, num_knots=1257
2025-08-31 23:27:37,459 - Iter 260: obj=-40.463950, change=1.79e-05, α=1.000, ‖θ[1:]‖₁=8.295, γ=23010.895, num_knots=1315
2025-08-31 23:27:37,789 - Iter 270: obj=-40.474385, change=1.97e-05, α=1.000, ‖θ[1:]‖₁=8.274, γ=97438.813, num_knots=1516
2025-08-31 23:27:38,058 - Iter 280: obj=-40.503488, change=4.16e-05, α=1.000, ‖θ[1:]‖₁=8.227, γ=133930.503, num_knots=1332
2025-08-31 23:27:38,337 - Iter 290: obj=-40.506499, change=1.47e-05, α=1.000, ‖θ[1:]‖₁=8.219, γ=61006.884, num_knots=1314
2025-08-31 23:27:38,622 - Iter 300: obj=-40.508886, change=5.24e-03, α=1.000, ‖θ[1:]‖₁=8.187, γ=511.392, num_knots=1308
2025-08-31 23:27:38,913 - Iter 310: obj=-40.530187, change=1.71e-05, α=1.000, ‖θ[1:]‖₁=8.173, γ=97003.463, num_knots=1562
2025-08-31 23:27:39,276 - Iter 320: obj=-40.530854, change=3.00e-05, α=1.000, ‖θ[1:]‖₁=8.171, γ=38929.274, num_knots=1450
2025-08-31 23:27:39,541 - Iter 330: obj=-40.531980, change=1.64e-04, α=1.000, ‖θ[1:]‖₁=8.168, γ=43105.391, num_knots=1352
2025-08-31 23:27:39,825 - Iter 340: obj=-40.534129, change=1.35e-05, α=1.000, ‖θ[1:]‖₁=8.164, γ=122936.621, num_knots=1323
2025-08-31 23:27:40,127 - Iter 350: obj=-40.537509, change=2.01e-05, α=1.000, ‖θ[1:]‖₁=8.157, γ=11673.039, num_knots=1326
2025-08-31 23:27:40,425 - Iter 360: obj=-40.554365, change=2.09e-05, α=1.000, ‖θ[1:]‖₁=8.123, γ=99548.133, num_knots=1370
2025-08-31 23:27:40,699 - Iter 370: obj=-40.555713, change=1.80e-03, α=1.000, ‖θ[1:]‖₁=8.112, γ=40770.033, num_knots=1295
2025-08-31 23:27:40,983 - Iter 380: obj=-40.563309, change=4.71e-05, α=1.000, ‖θ[1:]‖₁=8.104, γ=134245.349, num_knots=1294
2025-08-31 23:27:41,274 - Iter 390: obj=-40.570956, change=1.32e-05, α=1.000, ‖θ[1:]‖₁=8.089, γ=88835.288, num_knots=1322
2025-08-31 23:27:41,546 - Iter 400: obj=-40.713236, change=1.64e-04, α=1.000, ‖θ[1:]‖₁=7.851, γ=133054.089, num_knots=1917
2025-08-31 23:27:41,807 - Iter 410: obj=-40.715942, change=1.11e-05, α=1.000, ‖θ[1:]‖₁=7.828, γ=127175.031, num_knots=1394
2025-08-31 23:27:42,052 - Iter 420: obj=-40.720455, change=1.84e-04, α=1.000, ‖θ[1:]‖₁=7.791, γ=6122.545, num_knots=1356
2025-08-31 23:27:42,313 - Iter 430: obj=-40.722362, change=3.93e-05, α=1.000, ‖θ[1:]‖₁=7.784, γ=2686.697, num_knots=1342
2025-08-31 23:27:42,596 - Iter 440: obj=-40.725735, change=1.17e-05, α=1.000, ‖θ[1:]‖₁=7.770, γ=133924.126, num_knots=1359
2025-08-31 23:27:42,867 - Iter 450: obj=-40.726944, change=2.10e-03, α=1.000, ‖θ[1:]‖₁=7.752, γ=71569.547, num_knots=1292
2025-08-31 23:27:43,147 - Iter 460: obj=-40.732127, change=1.18e-05, α=1.000, ‖θ[1:]‖₁=7.749, γ=109715.027, num_knots=1297
2025-08-31 23:27:43,513 - Iter 470: obj=-40.734692, change=1.38e-03, α=1.000, ‖θ[1:]‖₁=7.734, γ=69507.990, num_knots=1248
2025-08-31 23:27:43,857 - Iter 480: obj=-40.750355, change=1.77e-05, α=1.000, ‖θ[1:]‖₁=7.697, γ=134152.795, num_knots=1201
2025-08-31 23:27:44,152 - Iter 490: obj=-40.752726, change=1.18e-05, α=1.000, ‖θ[1:]‖₁=7.691, γ=13242.918, num_knots=1212
2025-08-31 23:27:44,487 - Iter 500: obj=-40.754064, change=1.29e-05, α=1.000, ‖θ[1:]‖₁=7.688, γ=76345.980, num_knots=1199
2025-08-31 23:27:44,819 - Iter 510: obj=-40.759567, change=1.53e-05, α=1.000, ‖θ[1:]‖₁=7.673, γ=35911.704, num_knots=1195
2025-08-31 23:27:45,117 - Iter 520: obj=-40.763621, change=1.23e-05, α=1.000, ‖θ[1:]‖₁=7.662, γ=126383.847, num_knots=1263
2025-08-31 23:27:45,412 - Iter 530: obj=-40.860216, change=2.57e-05, α=1.000, ‖θ[1:]‖₁=7.468, γ=2633.651, num_knots=2159
2025-08-31 23:27:45,751 - Iter 540: obj=-40.863780, change=6.81e-04, α=1.000, ‖θ[1:]‖₁=7.416, γ=2248.797, num_knots=1374
2025-08-31 23:27:46,128 - Iter 550: obj=-40.869131, change=7.68e-05, α=1.000, ‖θ[1:]‖₁=7.392, γ=134100.542, num_knots=1437
2025-08-31 23:27:46,453 - Iter 560: obj=-40.871274, change=1.10e-05, α=1.000, ‖θ[1:]‖₁=7.381, γ=130677.093, num_knots=1357
2025-08-31 23:27:46,770 - Iter 570: obj=-40.872680, change=2.34e-05, α=1.000, ‖θ[1:]‖₁=7.375, γ=4655.323, num_knots=1299
2025-08-31 23:27:47,041 - Iter 580: obj=-40.876327, change=1.80e-05, α=1.000, ‖θ[1:]‖₁=7.360, γ=134197.291, num_knots=1291
2025-08-31 23:27:47,324 - Iter 590: obj=-40.878922, change=1.11e-05, α=1.000, ‖θ[1:]‖₁=7.351, γ=131152.129, num_knots=1232
2025-08-31 23:27:47,605 - Iter 600: obj=-40.881563, change=1.36e-05, α=1.000, ‖θ[1:]‖₁=7.341, γ=41283.158, num_knots=1183
2025-08-31 23:27:47,972 - Iter 610: obj=-40.909173, change=1.21e-05, α=1.000, ‖θ[1:]‖₁=7.256, γ=119761.209, num_knots=1270
2025-08-31 23:27:48,274 - Iter 620: obj=-40.910099, change=2.63e-03, α=1.000, ‖θ[1:]‖₁=7.240, γ=2795.796, num_knots=1134
2025-08-31 23:27:48,558 - Iter 630: obj=-40.915915, change=2.36e-05, α=1.000, ‖θ[1:]‖₁=7.236, γ=9706.996, num_knots=1129
2025-08-31 23:27:48,858 - Iter 640: obj=-40.918728, change=2.38e-03, α=1.000, ‖θ[1:]‖₁=7.215, γ=8647.287, num_knots=1120
2025-08-31 23:27:49,137 - Iter 650: obj=-40.923441, change=8.27e-05, α=1.000, ‖θ[1:]‖₁=7.213, γ=35.757, num_knots=1120
2025-08-31 23:27:49,379 - Iter 660: obj=-40.994994, change=2.09e-05, α=1.000, ‖θ[1:]‖₁=7.006, γ=5841.759, num_knots=1297
2025-08-31 23:27:49,585 - Iter 670: obj=-40.995503, change=2.27e-06, α=0.100, ‖θ[1:]‖₁=7.003, γ=134087.781, num_knots=1248
2025-08-31 23:27:49,848 - Iter 680: obj=-40.996247, change=1.01e-05, α=1.000, ‖θ[1:]‖₁=6.997, γ=131574.750, num_knots=1232
2025-08-31 23:27:50,179 - Iter 690: obj=-40.998031, change=1.05e-05, α=1.000, ‖θ[1:]‖₁=6.987, γ=121630.751, num_knots=1206
2025-08-31 23:27:50,446 - Iter 700: obj=-41.000624, change=1.73e-05, α=1.000, ‖θ[1:]‖₁=6.975, γ=134207.245, num_knots=1075
2025-08-31 23:27:50,713 - Iter 710: obj=-41.002493, change=1.40e-05, α=1.000, ‖θ[1:]‖₁=6.968, γ=134210.485, num_knots=1074
2025-08-31 23:27:50,994 - Iter 720: obj=-41.006760, change=5.47e-05, α=1.000, ‖θ[1:]‖₁=6.953, γ=134219.620, num_knots=1081
2025-08-31 23:27:51,289 - Iter 730: obj=-41.007237, change=1.45e-03, α=1.000, ‖θ[1:]‖₁=6.943, γ=93150.249, num_knots=1077
2025-08-31 23:27:51,571 - Iter 740: obj=-41.021475, change=4.16e-03, α=1.000, ‖θ[1:]‖₁=6.845, γ=134449.629, num_knots=2414
2025-08-31 23:27:51,737 - Iter 750: obj=-41.050251, change=3.03e-06, α=0.100, ‖θ[1:]‖₁=6.844, γ=126804.947, num_knots=2408
2025-08-31 23:27:51,961 - Iter 760: obj=-41.050313, change=1.31e-06, α=0.100, ‖θ[1:]‖₁=6.843, γ=82013.699, num_knots=2399
2025-08-31 23:27:52,196 - Iter 770: obj=-41.051850, change=9.69e-06, α=1.000, ‖θ[1:]‖₁=6.828, γ=133078.113, num_knots=1315
2025-08-31 23:27:52,476 - Iter 780: obj=-41.053453, change=8.61e-06, α=0.100, ‖θ[1:]‖₁=6.816, γ=134200.977, num_knots=1258
2025-08-31 23:27:52,636 - Iter 790: obj=-41.053478, change=1.83e-06, α=0.100, ‖θ[1:]‖₁=6.816, γ=134114.882, num_knots=1258
2025-08-31 23:27:52,903 - Iter 800: obj=-41.054281, change=1.37e-05, α=1.000, ‖θ[1:]‖₁=6.810, γ=17715.369, num_knots=1238
2025-08-31 23:27:53,168 - Iter 810: obj=-41.056041, change=1.50e-05, α=1.000, ‖θ[1:]‖₁=6.800, γ=12438.634, num_knots=1221
2025-08-31 23:27:53,439 - Iter 820: obj=-41.057959, change=2.76e-04, α=1.000, ‖θ[1:]‖₁=6.788, γ=21476.225, num_knots=1184
2025-08-31 23:27:53,723 - Iter 830: obj=-41.059912, change=1.19e-05, α=1.000, ‖θ[1:]‖₁=6.782, γ=52068.071, num_knots=1148
2025-08-31 23:27:54,007 - Iter 840: obj=-41.061038, change=1.03e-05, α=1.000, ‖θ[1:]‖₁=6.777, γ=117470.170, num_knots=1090
2025-08-31 23:27:54,279 - Iter 850: obj=-41.061778, change=2.40e-05, α=1.000, ‖θ[1:]‖₁=6.774, γ=127791.920, num_knots=1064
2025-08-31 23:27:54,564 - Iter 860: obj=-41.063386, change=1.04e-05, α=1.000, ‖θ[1:]‖₁=6.768, γ=121556.325, num_knots=1081
2025-08-31 23:27:54,842 - Iter 870: obj=-41.066215, change=1.14e-05, α=1.000, ‖θ[1:]‖₁=6.757, γ=81511.141, num_knots=1076
2025-08-31 23:27:55,076 - Iter 880: obj=-41.091156, change=3.40e-06, α=0.100, ‖θ[1:]‖₁=6.677, γ=133823.909, num_knots=2070
2025-08-31 23:27:55,306 - Iter 890: obj=-41.091201, change=9.89e-06, α=1.000, ‖θ[1:]‖₁=6.676, γ=8399.349, num_knots=1931
2025-08-31 23:27:55,690 - Iter 900: obj=-41.093214, change=1.90e-05, α=1.000, ‖θ[1:]‖₁=6.667, γ=134196.709, num_knots=1052
2025-08-31 23:27:56,023 - Iter 910: obj=-41.095319, change=3.15e-05, α=1.000, ‖θ[1:]‖₁=6.658, γ=134201.665, num_knots=1260
2025-08-31 23:27:56,404 - Iter 920: obj=-41.095541, change=7.76e-05, α=1.000, ‖θ[1:]‖₁=6.657, γ=10558.906, num_knots=1047
2025-08-31 23:27:57,028 - Iter 930: obj=-41.099497, change=1.04e-05, α=1.000, ‖θ[1:]‖₁=6.643, γ=127606.095, num_knots=1058
2025-08-31 23:27:57,460 - Iter 940: obj=-41.102662, change=1.00e-05, α=1.000, ‖θ[1:]‖₁=6.632, γ=130107.272, num_knots=1041
2025-08-31 23:27:57,772 - Iter 950: obj=-41.154798, change=9.11e-06, α=0.100, ‖θ[1:]‖₁=6.465, γ=134000.339, num_knots=2191
2025-08-31 23:27:57,985 - Iter 960: obj=-41.154838, change=2.95e-06, α=0.100, ‖θ[1:]‖₁=6.464, γ=132839.874, num_knots=2185
2025-08-31 23:27:58,199 - Iter 970: obj=-41.154864, change=9.78e-07, α=0.100, ‖θ[1:]‖₁=6.464, γ=124268.304, num_knots=2169
2025-08-31 23:27:58,560 - Iter 980: obj=-41.155886, change=4.35e-06, α=0.100, ‖θ[1:]‖₁=6.458, γ=134034.952, num_knots=1632
2025-08-31 23:27:58,791 - Iter 990: obj=-41.155926, change=2.11e-06, α=0.100, ‖θ[1:]‖₁=6.458, γ=134168.584, num_knots=1617
2025-08-31 23:27:59,021 - Iter 1000: obj=-41.155979, change=9.58e-06, α=1.000, ‖θ[1:]‖₁=6.457, γ=133169.658, num_knots=1224
2025-08-31 23:27:59,362 - Iter 1010: obj=-41.156863, change=9.58e-06, α=1.000, ‖θ[1:]‖₁=6.452, γ=116081.820, num_knots=1176
2025-08-31 23:27:59,685 - Iter 1020: obj=-41.158609, change=9.50e-06, α=1.000, ‖θ[1:]‖₁=6.443, γ=133406.939, num_knots=1115
2025-08-31 23:28:00,091 - Iter 1030: obj=-41.159229, change=1.21e-05, α=1.000, ‖θ[1:]‖₁=6.441, γ=64618.505, num_knots=1043
2025-08-31 23:28:00,458 - Iter 1040: obj=-41.160317, change=4.92e-04, α=1.000, ‖θ[1:]‖₁=6.433, γ=108216.442, num_knots=1017
2025-08-31 23:28:00,835 - Iter 1050: obj=-41.163181, change=1.31e-03, α=1.000, ‖θ[1:]‖₁=6.417, γ=116553.587, num_knots=1014
2025-08-31 23:28:01,222 - Iter 1060: obj=-41.165442, change=1.31e-03, α=1.000, ‖θ[1:]‖₁=6.409, γ=191.255, num_knots=1015
2025-08-31 23:28:01,639 - Iter 1070: obj=-41.178932, change=9.86e-06, α=1.000, ‖θ[1:]‖₁=6.368, γ=133483.197, num_knots=1059
2025-08-31 23:28:02,002 - Iter 1080: obj=-41.179115, change=1.27e-04, α=1.000, ‖θ[1:]‖₁=6.367, γ=1001.708, num_knots=1018
2025-08-31 23:28:02,360 - Iter 1090: obj=-41.181532, change=3.14e-05, α=1.000, ‖θ[1:]‖₁=6.359, γ=3837.762, num_knots=1009
2025-08-31 23:28:02,712 - Iter 1100: obj=-41.183268, change=4.85e-05, α=1.000, ‖θ[1:]‖₁=6.352, γ=690.475, num_knots=1008
2025-08-31 23:28:03,032 - Iter 1110: obj=-41.186622, change=9.86e-06, α=1.000, ‖θ[1:]‖₁=6.340, γ=116779.100, num_knots=1019
2025-08-31 23:28:03,380 - Iter 1120: obj=-41.189615, change=9.55e-06, α=1.000, ‖θ[1:]‖₁=6.329, γ=133481.185, num_knots=1002
2025-08-31 23:28:03,723 - Iter 1130: obj=-41.190708, change=9.53e-06, α=1.000, ‖θ[1:]‖₁=6.325, γ=132780.558, num_knots=1007
2025-08-31 23:28:04,043 - Iter 1140: obj=-41.251847, change=4.79e-04, α=1.000, ‖θ[1:]‖₁=6.148, γ=72664.501, num_knots=1388
2025-08-31 23:28:04,346 - Iter 1150: obj=-41.253422, change=5.37e-06, α=0.100, ‖θ[1:]‖₁=6.140, γ=134156.823, num_knots=1277
2025-08-31 23:28:04,537 - Iter 1160: obj=-41.253447, change=2.03e-06, α=0.100, ‖θ[1:]‖₁=6.140, γ=133617.173, num_knots=1277
2025-08-31 23:28:04,755 - Iter 1170: obj=-41.253467, change=8.41e-07, α=0.100, ‖θ[1:]‖₁=6.140, γ=128706.584, num_knots=1277
2025-08-31 23:28:05,068 - Iter 1180: obj=-41.253489, change=1.05e-06, α=0.100, ‖θ[1:]‖₁=6.140, γ=98014.530, num_knots=1277
2025-08-31 23:28:05,309 - Iter 1190: obj=-41.254594, change=5.76e-06, α=0.100, ‖θ[1:]‖₁=6.130, γ=134178.035, num_knots=1246
2025-08-31 23:28:05,540 - Iter 1200: obj=-41.254618, change=2.34e-06, α=0.100, ‖θ[1:]‖₁=6.129, γ=134043.291, num_knots=1246
2025-08-31 23:28:05,746 - Iter 1210: obj=-41.254636, change=9.00e-07, α=0.100, ‖θ[1:]‖₁=6.129, γ=132435.626, num_knots=1246
2025-08-31 23:28:06,053 - Iter 1220: obj=-41.254762, change=5.99e-04, α=1.000, ‖θ[1:]‖₁=6.118, γ=34890.236, num_knots=1213
2025-08-31 23:28:06,309 - Iter 1230: obj=-41.255956, change=1.74e-06, α=0.100, ‖θ[1:]‖₁=6.118, γ=134105.951, num_knots=1213
2025-08-31 23:28:06,548 - Iter 1240: obj=-41.256018, change=3.83e-05, α=1.000, ‖θ[1:]‖₁=6.117, γ=1901.354, num_knots=1211
2025-08-31 23:28:06,827 - Iter 1250: obj=-41.257457, change=5.67e-04, α=1.000, ‖θ[1:]‖₁=6.101, γ=2386.329, num_knots=1176
2025-08-31 23:28:07,163 - Iter 1260: obj=-41.259395, change=1.26e-04, α=1.000, ‖θ[1:]‖₁=6.094, γ=16240.572, num_knots=1168
2025-08-31 23:28:07,481 - Iter 1270: obj=-41.260735, change=9.30e-05, α=1.000, ‖θ[1:]‖₁=6.088, γ=2132.875, num_knots=1159
2025-08-31 23:28:07,773 - Iter 1280: obj=-41.262734, change=9.05e-06, α=1.000, ‖θ[1:]‖₁=6.079, γ=134181.984, num_knots=1142
2025-08-31 23:28:08,105 - Iter 1290: obj=-41.266121, change=9.12e-06, α=1.000, ‖θ[1:]‖₁=6.063, γ=134115.331, num_knots=1025
2025-08-31 23:28:08,430 - Iter 1300: obj=-41.266532, change=4.19e-05, α=1.000, ‖θ[1:]‖₁=6.061, γ=27853.513, num_knots=1006
2025-08-31 23:28:08,775 - Iter 1310: obj=-41.270749, change=2.55e-05, α=1.000, ‖θ[1:]‖₁=6.044, γ=134221.789, num_knots=1184
2025-08-31 23:28:09,125 - Iter 1320: obj=-41.274284, change=1.23e-05, α=1.000, ‖θ[1:]‖₁=6.030, γ=134200.988, num_knots=1010
2025-08-31 23:28:09,456 - Iter 1330: obj=-41.275066, change=2.90e-04, α=1.000, ‖θ[1:]‖₁=6.025, γ=124062.620, num_knots=1006
2025-08-31 23:28:09,800 - Iter 1340: obj=-41.276389, change=5.48e-03, α=1.000, ‖θ[1:]‖₁=5.989, γ=77720.192, num_knots=1003
2025-08-31 23:28:10,156 - Iter 1350: obj=-41.285144, change=7.54e-04, α=1.000, ‖θ[1:]‖₁=5.983, γ=2208.959, num_knots=1002
2025-08-31 23:28:10,486 - Iter 1360: obj=-41.287297, change=1.43e-05, α=1.000, ‖θ[1:]‖₁=5.979, γ=33899.772, num_knots=1005
2025-08-31 23:28:10,820 - Iter 1370: obj=-41.288763, change=1.10e-03, α=1.000, ‖θ[1:]‖₁=5.967, γ=74087.181, num_knots=998
2025-08-31 23:28:11,177 - Iter 1380: obj=-41.291140, change=9.36e-06, α=1.000, ‖θ[1:]‖₁=5.965, γ=118952.453, num_knots=995
2025-08-31 23:28:11,538 - Iter 1390: obj=-41.292944, change=9.14e-06, α=1.000, ‖θ[1:]‖₁=5.958, γ=130126.846, num_knots=994
2025-08-31 23:28:11,862 - Iter 1400: obj=-41.294718, change=9.06e-06, α=1.000, ‖θ[1:]‖₁=5.951, γ=133120.743, num_knots=999
2025-08-31 23:28:12,312 - Iter 1410: obj=-41.297886, change=9.11e-06, α=1.000, ‖θ[1:]‖₁=5.939, γ=134136.945, num_knots=990
2025-08-31 23:28:12,665 - Iter 1420: obj=-41.299226, change=9.12e-06, α=1.000, ‖θ[1:]‖₁=5.933, γ=134185.952, num_knots=996
2025-08-31 23:28:12,987 - Iter 1430: obj=-41.309030, change=6.98e-05, α=1.000, ‖θ[1:]‖₁=5.895, γ=134207.706, num_knots=975
2025-08-31 23:28:13,323 - Iter 1440: obj=-41.309272, change=3.09e-03, α=1.000, ‖θ[1:]‖₁=5.877, γ=6982.604, num_knots=970
2025-08-31 23:28:13,629 - Iter 1450: obj=-41.314364, change=9.01e-06, α=1.000, ‖θ[1:]‖₁=5.875, γ=133112.420, num_knots=987
2025-08-31 23:28:13,923 - Iter 1460: obj=-41.316641, change=9.01e-06, α=1.000, ‖θ[1:]‖₁=5.866, γ=132742.737, num_knots=967
2025-08-31 23:28:14,283 - Iter 1470: obj=-41.317698, change=9.16e-06, α=1.000, ‖θ[1:]‖₁=5.862, γ=124950.189, num_knots=966
2025-08-31 23:28:14,593 - Iter 1480: obj=-41.349217, change=8.96e-06, α=1.000, ‖θ[1:]‖₁=5.749, γ=133823.550, num_knots=1380
2025-08-31 23:28:15,009 - Iter 1490: obj=-41.349368, change=1.19e-05, α=1.000, ‖θ[1:]‖₁=5.748, γ=84770.632, num_knots=1174
2025-08-31 23:28:15,333 - Iter 1500: obj=-41.349780, change=9.64e-06, α=1.000, ‖θ[1:]‖₁=5.746, γ=29393.240, num_knots=1115
2025-08-31 23:28:15,663 - Iter 1510: obj=-41.350332, change=9.10e-06, α=1.000, ‖θ[1:]‖₁=5.743, γ=115236.931, num_knots=940
2025-08-31 23:28:15,973 - Iter 1520: obj=-41.351884, change=9.34e-06, α=1.000, ‖θ[1:]‖₁=5.736, γ=107922.731, num_knots=939
2025-08-31 23:28:16,295 - Iter 1530: obj=-41.353838, change=8.73e-06, α=1.000, ‖θ[1:]‖₁=5.728, γ=133502.462, num_knots=944
2025-08-31 23:28:16,604 - Iter 1540: obj=-41.355794, change=8.83e-06, α=1.000, ‖θ[1:]‖₁=5.721, γ=134159.411, num_knots=938
2025-08-31 23:28:16,949 - Iter 1550: obj=-41.356128, change=1.76e-03, α=1.000, ‖θ[1:]‖₁=5.709, γ=12821.309, num_knots=934
2025-08-31 23:28:17,262 - Iter 1560: obj=-41.358966, change=1.25e-05, α=1.000, ‖θ[1:]‖₁=5.708, γ=48280.577, num_knots=933
2025-08-31 23:28:17,714 - Iter 1570: obj=-41.362230, change=8.81e-06, α=1.000, ‖θ[1:]‖₁=5.696, γ=130128.595, num_knots=931
2025-08-31 23:28:18,071 - Iter 1580: obj=-41.374148, change=2.82e-05, α=1.000, ‖θ[1:]‖₁=5.652, γ=133632.967, num_knots=1038
2025-08-31 23:28:18,265 - Iter 1590: obj=-41.374206, change=1.64e-06, α=0.100, ‖θ[1:]‖₁=5.651, γ=133634.919, num_knots=1036
2025-08-31 23:28:18,549 - Iter 1600: obj=-41.374302, change=8.70e-06, α=1.000, ‖θ[1:]‖₁=5.651, γ=133290.543, num_knots=924
2025-08-31 23:28:18,862 - Iter 1610: obj=-41.376990, change=8.57e-06, α=1.000, ‖θ[1:]‖₁=5.640, γ=134076.308, num_knots=1084
2025-08-31 23:28:19,262 - Iter 1620: obj=-41.377162, change=2.47e-04, α=1.000, ‖θ[1:]‖₁=5.639, γ=1436.752, num_knots=922
2025-08-31 23:28:19,584 - Iter 1630: obj=-41.378884, change=9.43e-04, α=1.000, ‖θ[1:]‖₁=5.628, γ=15374.964, num_knots=920
2025-08-31 23:28:19,907 - Iter 1640: obj=-41.380486, change=2.74e-05, α=1.000, ‖θ[1:]‖₁=5.627, γ=6580.702, num_knots=920
2025-08-31 23:28:20,243 - Iter 1650: obj=-41.393617, change=2.53e-02, α=1.000, ‖θ[1:]‖₁=5.431, γ=130952.796, num_knots=884
2025-08-31 23:28:20,486 - Iter 1660: obj=-41.429924, change=1.86e-06, α=0.100, ‖θ[1:]‖₁=5.441, γ=134013.865, num_knots=2210
2025-08-31 23:28:20,808 - Iter 1670: obj=-41.431036, change=3.56e-06, α=0.100, ‖θ[1:]‖₁=5.438, γ=134176.603, num_knots=1575
2025-08-31 23:28:21,037 - Iter 1680: obj=-41.431067, change=1.40e-06, α=0.100, ‖θ[1:]‖₁=5.438, γ=133487.464, num_knots=1556
2025-08-31 23:28:21,228 - Iter 1690: obj=-41.431092, change=9.14e-07, α=0.100, ‖θ[1:]‖₁=5.437, γ=133042.945, num_knots=1488
2025-08-31 23:28:21,486 - Iter 1700: obj=-41.431154, change=8.43e-06, α=1.000, ‖θ[1:]‖₁=5.437, γ=130849.886, num_knots=1247
2025-08-31 23:28:21,794 - Iter 1710: obj=-41.432240, change=2.54e-06, α=0.100, ‖θ[1:]‖₁=5.433, γ=134183.469, num_knots=1088
2025-08-31 23:28:22,122 - Iter 1720: obj=-41.432344, change=6.87e-04, α=1.000, ‖θ[1:]‖₁=5.429, γ=133644.900, num_knots=918
2025-08-31 23:28:22,400 - Iter 1730: obj=-41.433398, change=8.46e-06, α=1.000, ‖θ[1:]‖₁=5.428, γ=134111.653, num_knots=916
2025-08-31 23:28:22,735 - Iter 1740: obj=-41.433593, change=4.02e-03, α=1.000, ‖θ[1:]‖₁=5.406, γ=43314.290, num_knots=893
2025-08-31 23:28:23,088 - Iter 1750: obj=-41.439515, change=2.25e-05, α=1.000, ‖θ[1:]‖₁=5.405, γ=11355.277, num_knots=893
2025-08-31 23:28:23,432 - Iter 1760: obj=-41.448756, change=8.32e-06, α=1.000, ‖θ[1:]‖₁=5.370, γ=133891.439, num_knots=896
2025-08-31 23:28:23,800 - Iter 1770: obj=-41.457070, change=5.57e-05, α=1.000, ‖θ[1:]‖₁=5.337, γ=134191.082, num_knots=872
2025-08-31 23:28:24,116 - Iter 1780: obj=-41.457244, change=8.64e-05, α=1.000, ‖θ[1:]‖₁=5.336, γ=402.018, num_knots=880
2025-08-31 23:28:24,427 - Iter 1790: obj=-41.461475, change=8.61e-06, α=1.000, ‖θ[1:]‖₁=5.321, γ=120613.943, num_knots=875
2025-08-31 23:28:24,769 - Iter 1800: obj=-41.463666, change=1.56e-05, α=1.000, ‖θ[1:]‖₁=5.313, γ=29666.413, num_knots=868
2025-08-31 23:28:25,116 - Iter 1810: obj=-41.465186, change=8.69e-06, α=1.000, ‖θ[1:]‖₁=5.307, γ=117137.379, num_knots=862
2025-08-31 23:28:25,449 - Iter 1820: obj=-41.505497, change=3.10e-04, α=0.500, ‖θ[1:]‖₁=5.161, γ=133987.026, num_knots=1879
2025-08-31 23:28:25,668 - Iter 1830: obj=-41.505837, change=1.76e-06, α=0.100, ‖θ[1:]‖₁=5.160, γ=134192.924, num_knots=1182
2025-08-31 23:28:25,910 - Iter 1840: obj=-41.505872, change=7.80e-06, α=1.000, ‖θ[1:]‖₁=5.160, γ=131234.934, num_knots=1109
2025-08-31 23:28:26,227 - Iter 1850: obj=-41.506408, change=7.94e-06, α=1.000, ‖θ[1:]‖₁=5.157, γ=124211.324, num_knots=972
2025-08-31 23:28:26,547 - Iter 1860: obj=-41.506783, change=3.27e-05, α=1.000, ‖θ[1:]‖₁=5.155, γ=32074.877, num_knots=858
2025-08-31 23:28:26,905 - Iter 1870: obj=-41.508038, change=8.32e-06, α=1.000, ‖θ[1:]‖₁=5.149, γ=134123.011, num_knots=841
2025-08-31 23:28:27,280 - Iter 1880: obj=-41.508266, change=6.87e-04, α=1.000, ‖θ[1:]‖₁=5.143, γ=1497.166, num_knots=840
2025-08-31 23:28:27,670 - Iter 1890: obj=-41.510409, change=1.17e-05, α=1.000, ‖θ[1:]‖₁=5.138, γ=53990.357, num_knots=840
2025-08-31 23:28:28,155 - Iter 1900: obj=-41.511528, change=8.37e-06, α=1.000, ‖θ[1:]‖₁=5.133, γ=119030.967, num_knots=839
2025-08-31 23:28:28,485 - Iter 1910: obj=-41.513356, change=8.04e-06, α=1.000, ‖θ[1:]‖₁=5.126, γ=133627.735, num_knots=837
2025-08-31 23:28:28,815 - Iter 1920: obj=-41.519926, change=3.88e-05, α=1.000, ‖θ[1:]‖₁=5.100, γ=134163.922, num_knots=833
2025-08-31 23:28:29,133 - Iter 1930: obj=-41.520059, change=1.40e-05, α=1.000, ‖θ[1:]‖₁=5.100, γ=36999.284, num_knots=834
2025-08-31 23:28:29,459 - Iter 1940: obj=-41.522535, change=8.05e-06, α=1.000, ‖θ[1:]‖₁=5.091, γ=132692.151, num_knots=834
2025-08-31 23:28:29,771 - Iter 1950: obj=-41.535921, change=7.22e-06, α=0.100, ‖θ[1:]‖₁=5.043, γ=134204.158, num_knots=1895
2025-08-31 23:28:29,998 - Iter 1960: obj=-41.535943, change=2.49e-06, α=0.100, ‖θ[1:]‖₁=5.043, γ=134206.176, num_knots=1890
2025-08-31 23:28:30,308 - Iter 1970: obj=-41.536008, change=8.09e-06, α=1.000, ‖θ[1:]‖₁=5.042, γ=130453.374, num_knots=1079
2025-08-31 23:28:30,642 - Iter 1980: obj=-41.536122, change=7.91e-06, α=1.000, ‖θ[1:]‖₁=5.042, γ=132713.605, num_knots=837
2025-08-31 23:28:30,987 - Iter 1990: obj=-41.537003, change=7.26e-04, α=1.000, ‖θ[1:]‖₁=5.034, γ=102277.594, num_knots=815
2025-08-31 23:28:31,307 - Iter 2000: obj=-41.538106, change=1.14e-05, α=1.000, ‖θ[1:]‖₁=5.034, γ=58174.513, num_knots=815
2025-08-31 23:28:31,642 - Iter 2010: obj=-41.539100, change=8.48e-06, α=1.000, ‖θ[1:]‖₁=5.030, γ=113481.530, num_knots=813
2025-08-31 23:28:31,963 - Iter 2020: obj=-41.541204, change=7.89e-06, α=1.000, ‖θ[1:]‖₁=5.021, γ=133181.268, num_knots=821
2025-08-31 23:28:32,261 - Iter 2030: obj=-41.555395, change=2.15e-04, α=1.000, ‖θ[1:]‖₁=4.967, γ=134145.312, num_knots=803
2025-08-31 23:28:32,571 - Iter 2040: obj=-41.555746, change=9.10e-06, α=1.000, ‖θ[1:]‖₁=4.967, γ=98144.886, num_knots=1204
2025-08-31 23:28:32,917 - Iter 2050: obj=-41.555877, change=8.84e-06, α=1.000, ‖θ[1:]‖₁=4.967, γ=124257.690, num_knots=926
2025-08-31 23:28:33,219 - Iter 2060: obj=-41.555991, change=1.29e-05, α=1.000, ‖θ[1:]‖₁=4.966, γ=47096.270, num_knots=831
2025-08-31 23:28:33,515 - Iter 2070: obj=-41.558863, change=7.79e-06, α=1.000, ‖θ[1:]‖₁=4.956, γ=133039.914, num_knots=818
2025-08-31 23:28:33,839 - Iter 2080: obj=-41.562316, change=2.93e-05, α=1.000, ‖θ[1:]‖₁=4.944, γ=134092.398, num_knots=822
2025-08-31 23:28:34,175 - Iter 2090: obj=-41.562473, change=5.25e-05, α=1.000, ‖θ[1:]‖₁=4.943, γ=948.376, num_knots=794
2025-08-31 23:28:34,502 - Iter 2100: obj=-41.564211, change=8.33e-06, α=1.000, ‖θ[1:]‖₁=4.937, γ=113346.836, num_knots=791
2025-08-31 23:28:34,801 - Iter 2110: obj=-41.565054, change=7.89e-06, α=1.000, ‖θ[1:]‖₁=4.934, γ=127430.101, num_knots=789
2025-08-31 23:28:35,170 - Iter 2120: obj=-41.641054, change=1.50e-05, α=1.000, ‖θ[1:]‖₁=4.709, γ=2709.175, num_knots=2049
2025-08-31 23:28:35,455 - Iter 2130: obj=-41.642226, change=1.42e-06, α=0.100, ‖θ[1:]‖₁=4.698, γ=132587.462, num_knots=1222
2025-08-31 23:28:35,655 - Iter 2140: obj=-41.642240, change=6.11e-07, α=0.100, ‖θ[1:]‖₁=4.698, γ=121714.469, num_knots=1222
2025-08-31 23:28:35,834 - Iter 2150: obj=-41.642257, change=1.02e-06, α=0.100, ‖θ[1:]‖₁=4.698, γ=64425.562, num_knots=1222
2025-08-31 23:28:36,063 - Iter 2160: obj=-41.642553, change=1.72e-06, α=0.100, ‖θ[1:]‖₁=4.695, γ=133476.281, num_knots=1219
2025-08-31 23:28:36,289 - Iter 2170: obj=-41.642566, change=6.00e-07, α=0.100, ‖θ[1:]‖₁=4.695, γ=127744.155, num_knots=1219
2025-08-31 23:28:36,514 - Iter 2180: obj=-41.642581, change=7.70e-07, α=0.100, ‖θ[1:]‖₁=4.694, γ=93485.718, num_knots=1219
2025-08-31 23:28:36,749 - Iter 2190: obj=-41.642682, change=8.27e-07, α=0.100, ‖θ[1:]‖₁=4.693, γ=86733.433, num_knots=1219
2025-08-31 23:28:37,034 - Iter 2200: obj=-41.642887, change=1.88e-05, α=1.000, ‖θ[1:]‖₁=4.691, γ=117473.477, num_knots=1210
2025-08-31 23:28:37,235 - Iter 2210: obj=-41.642931, change=7.49e-07, α=0.100, ‖θ[1:]‖₁=4.691, γ=98954.153, num_knots=1210
2025-08-31 23:28:37,521 - Iter 2220: obj=-41.643762, change=6.18e-06, α=0.100, ‖θ[1:]‖₁=4.684, γ=134148.708, num_knots=1128
2025-08-31 23:28:37,765 - Iter 2230: obj=-41.643782, change=2.75e-06, α=0.100, ‖θ[1:]‖₁=4.683, γ=134170.496, num_knots=1128
2025-08-31 23:28:38,001 - Iter 2240: obj=-41.643794, change=1.19e-06, α=0.100, ‖θ[1:]‖₁=4.683, γ=133800.973, num_knots=1128
2025-08-31 23:28:38,255 - Iter 2250: obj=-41.643805, change=6.26e-07, α=0.100, ‖θ[1:]‖₁=4.683, γ=131067.201, num_knots=1128
2025-08-31 23:28:38,557 - Iter 2260: obj=-41.644383, change=1.98e-06, α=0.100, ‖θ[1:]‖₁=4.678, γ=134172.073, num_knots=1092
2025-08-31 23:28:38,767 - Iter 2270: obj=-41.644394, change=9.09e-07, α=0.100, ‖θ[1:]‖₁=4.678, γ=133813.583, num_knots=1092
2025-08-31 23:28:39,094 - Iter 2280: obj=-41.644422, change=7.98e-06, α=1.000, ‖θ[1:]‖₁=4.678, γ=30206.278, num_knots=1086
2025-08-31 23:28:39,324 - Iter 2290: obj=-41.645045, change=1.05e-06, α=0.100, ‖θ[1:]‖₁=4.673, γ=134105.073, num_knots=1053
2025-08-31 23:28:39,534 - Iter 2300: obj=-41.645081, change=1.05e-05, α=1.000, ‖θ[1:]‖₁=4.673, γ=8357.401, num_knots=1044
2025-08-31 23:28:39,896 - Iter 2310: obj=-41.646267, change=4.21e-05, α=1.000, ‖θ[1:]‖₁=4.665, γ=134095.099, num_knots=1299
2025-08-31 23:28:40,232 - Iter 2320: obj=-41.647107, change=2.74e-06, α=0.100, ‖θ[1:]‖₁=4.661, γ=134197.815, num_knots=989
2025-08-31 23:28:40,542 - Iter 2330: obj=-41.647787, change=6.51e-06, α=1.000, ‖θ[1:]‖₁=4.657, γ=133956.813, num_knots=999
2025-08-31 23:28:40,877 - Iter 2340: obj=-41.648454, change=6.61e-06, α=1.000, ‖θ[1:]‖₁=4.654, γ=131074.942, num_knots=958
2025-08-31 23:28:41,231 - Iter 2350: obj=-41.648700, change=8.40e-04, α=1.000, ‖θ[1:]‖₁=4.648, γ=83862.421, num_knots=935
2025-08-31 23:28:41,714 - Iter 2360: obj=-41.650503, change=6.63e-06, α=1.000, ‖θ[1:]‖₁=4.645, γ=7264.273, num_knots=927
2025-08-31 23:28:42,058 - Iter 2370: obj=-41.651494, change=8.95e-06, α=1.000, ‖θ[1:]‖₁=4.640, γ=50013.046, num_knots=923
2025-08-31 23:28:42,329 - Iter 2380: obj=-41.656693, change=2.35e-06, α=0.100, ‖θ[1:]‖₁=4.619, γ=134198.772, num_knots=878
2025-08-31 23:28:42,531 - Iter 2390: obj=-41.656704, change=1.49e-06, α=0.100, ‖θ[1:]‖₁=4.619, γ=134197.620, num_knots=878
2025-08-31 23:28:42,809 - Iter 2400: obj=-41.656754, change=6.71e-06, α=1.000, ‖θ[1:]‖₁=4.618, γ=131166.715, num_knots=875
2025-08-31 23:28:43,077 - Iter 2410: obj=-41.663101, change=2.83e-06, α=0.100, ‖θ[1:]‖₁=4.593, γ=134194.669, num_knots=856
2025-08-31 23:28:43,323 - Iter 2420: obj=-41.663114, change=1.88e-06, α=0.100, ‖θ[1:]‖₁=4.593, γ=134195.646, num_knots=849
2025-08-31 23:28:43,555 - Iter 2430: obj=-41.663125, change=1.25e-06, α=0.100, ‖θ[1:]‖₁=4.593, γ=134192.673, num_knots=845
2025-08-31 23:28:43,849 - Iter 2440: obj=-41.663182, change=6.73e-06, α=1.000, ‖θ[1:]‖₁=4.593, γ=128897.623, num_knots=844
2025-08-31 23:28:44,189 - Iter 2450: obj=-41.665492, change=2.96e-03, α=1.000, ‖θ[1:]‖₁=4.568, γ=44265.947, num_knots=809
2025-08-31 23:28:44,556 - Iter 2460: obj=-41.669417, change=1.07e-04, α=1.000, ‖θ[1:]‖₁=4.567, γ=774.141, num_knots=809
2025-08-31 23:28:44,895 - Iter 2470: obj=-41.671098, change=9.56e-06, α=1.000, ‖θ[1:]‖₁=4.561, γ=57262.197, num_knots=803
2025-08-31 23:28:45,268 - Iter 2480: obj=-41.673573, change=6.66e-06, α=1.000, ‖θ[1:]‖₁=4.552, γ=131011.105, num_knots=902
2025-08-31 23:28:45,629 - Iter 2490: obj=-41.673669, change=1.01e-05, α=1.000, ‖θ[1:]‖₁=4.552, γ=72196.402, num_knots=813
2025-08-31 23:28:45,926 - Iter 2500: obj=-41.680849, change=3.65e-06, α=0.100, ‖θ[1:]‖₁=4.526, γ=134140.794, num_knots=773
2025-08-31 23:28:46,150 - Iter 2510: obj=-41.680868, change=2.62e-06, α=0.100, ‖θ[1:]‖₁=4.526, γ=134144.088, num_knots=773
2025-08-31 23:28:46,369 - Iter 2520: obj=-41.680882, change=1.87e-06, α=0.100, ‖θ[1:]‖₁=4.525, γ=134144.108, num_knots=773
2025-08-31 23:28:46,582 - Iter 2530: obj=-41.680893, change=1.35e-06, α=0.100, ‖θ[1:]‖₁=4.525, γ=134141.558, num_knots=772
2025-08-31 23:28:46,828 - Iter 2540: obj=-41.680918, change=6.61e-06, α=1.000, ‖θ[1:]‖₁=4.525, γ=134094.222, num_knots=770
2025-08-31 23:28:47,164 - Iter 2550: obj=-41.681002, change=1.03e-05, α=1.000, ‖θ[1:]‖₁=4.525, γ=50815.324, num_knots=770
2025-08-31 23:28:47,480 - Iter 2560: obj=-41.684382, change=6.54e-06, α=1.000, ‖θ[1:]‖₁=4.512, γ=132069.579, num_knots=886
2025-08-31 23:28:47,798 - Iter 2570: obj=-41.684474, change=1.15e-05, α=1.000, ‖θ[1:]‖₁=4.511, γ=60851.845, num_knots=797
2025-08-31 23:28:48,122 - Iter 2580: obj=-41.707139, change=1.26e-05, α=0.100, ‖θ[1:]‖₁=4.435, γ=134165.331, num_knots=2002
2025-08-31 23:28:48,401 - Iter 2590: obj=-41.707175, change=4.33e-06, α=0.100, ‖θ[1:]‖₁=4.435, γ=134021.533, num_knots=2000
2025-08-31 23:28:48,600 - Iter 2600: obj=-41.707190, change=1.42e-06, α=0.100, ‖θ[1:]‖₁=4.435, γ=132764.208, num_knots=1987
2025-08-31 23:28:48,833 - Iter 2610: obj=-41.707201, change=6.43e-07, α=0.100, ‖θ[1:]‖₁=4.435, γ=122887.668, num_knots=1940
2025-08-31 23:28:49,111 - Iter 2620: obj=-41.707379, change=3.98e-06, α=0.100, ‖θ[1:]‖₁=4.434, γ=134155.107, num_knots=1206
2025-08-31 23:28:49,327 - Iter 2630: obj=-41.707391, change=1.76e-06, α=0.100, ‖θ[1:]‖₁=4.434, γ=134184.610, num_knots=1203
2025-08-31 23:28:49,566 - Iter 2640: obj=-41.707407, change=6.08e-06, α=1.000, ‖θ[1:]‖₁=4.433, γ=127269.030, num_knots=1105
2025-08-31 23:28:49,800 - Iter 2650: obj=-41.707888, change=4.10e-06, α=0.100, ‖θ[1:]‖₁=4.431, γ=134177.346, num_knots=950
2025-08-31 23:28:50,003 - Iter 2660: obj=-41.707902, change=2.34e-06, α=0.100, ‖θ[1:]‖₁=4.431, γ=134190.856, num_knots=949
2025-08-31 23:28:50,269 - Iter 2670: obj=-41.707912, change=1.35e-06, α=0.100, ‖θ[1:]‖₁=4.431, γ=134194.724, num_knots=948
2025-08-31 23:28:50,481 - Iter 2680: obj=-41.707921, change=7.79e-06, α=1.000, ‖θ[1:]‖₁=4.431, γ=134159.778, num_knots=927
2025-08-31 23:28:50,771 - Iter 2690: obj=-41.708584, change=8.64e-07, α=0.100, ‖θ[1:]‖₁=4.428, γ=134177.107, num_knots=881
2025-08-31 23:28:51,097 - Iter 2700: obj=-41.708763, change=1.44e-04, α=1.000, ‖θ[1:]‖₁=4.426, γ=49573.380, num_knots=860
2025-08-31 23:28:51,558 - Iter 2710: obj=-41.710224, change=6.32e-06, α=1.000, ‖θ[1:]‖₁=4.420, γ=134171.090, num_knots=828
2025-08-31 23:28:51,971 - Iter 2720: obj=-41.710320, change=8.77e-05, α=1.000, ‖θ[1:]‖₁=4.420, γ=793.878, num_knots=824
2025-08-31 23:28:52,366 - Iter 2730: obj=-41.712163, change=6.35e-06, α=1.000, ‖θ[1:]‖₁=4.413, γ=129543.189, num_knots=880
2025-08-31 23:28:52,941 - Iter 2740: obj=-41.712282, change=3.11e-05, α=1.000, ‖θ[1:]‖₁=4.412, γ=5841.810, num_knots=806
2025-08-31 23:28:53,336 - Iter 2750: obj=-41.715159, change=6.27e-06, α=1.000, ‖θ[1:]‖₁=4.402, γ=133385.848, num_knots=784
2025-08-31 23:28:53,654 - Iter 2760: obj=-41.725001, change=4.18e-04, α=1.000, ‖θ[1:]‖₁=4.369, γ=134222.096, num_knots=1975
2025-08-31 23:28:53,901 - Iter 2770: obj=-41.725267, change=1.50e-06, α=0.100, ‖θ[1:]‖₁=4.369, γ=133380.981, num_knots=1970
2025-08-31 23:28:54,143 - Iter 2780: obj=-41.725278, change=6.13e-07, α=0.100, ‖θ[1:]‖₁=4.369, γ=127705.126, num_knots=1951
2025-08-31 23:28:54,463 - Iter 2790: obj=-41.725371, change=2.01e-06, α=0.100, ‖θ[1:]‖₁=4.369, γ=134162.309, num_knots=1288
2025-08-31 23:28:54,782 - Iter 2800: obj=-41.725380, change=8.61e-06, α=1.000, ‖θ[1:]‖₁=4.369, γ=134181.679, num_knots=1235
2025-08-31 23:28:55,136 - Iter 2810: obj=-41.725475, change=7.15e-06, α=1.000, ‖θ[1:]‖₁=4.368, γ=94311.456, num_knots=1031
2025-08-31 23:28:55,443 - Iter 2820: obj=-41.725601, change=1.88e-04, α=1.000, ‖θ[1:]‖₁=4.367, γ=119479.228, num_knots=899
2025-08-31 23:28:55,790 - Iter 2830: obj=-41.726029, change=6.30e-06, α=1.000, ‖θ[1:]‖₁=4.366, γ=114005.649, num_knots=873
2025-08-31 23:28:56,144 - Iter 2840: obj=-41.726524, change=6.26e-06, α=1.000, ‖θ[1:]‖₁=4.364, γ=119969.383, num_knots=843
2025-08-31 23:28:56,517 - Iter 2850: obj=-41.726861, change=2.03e-05, α=1.000, ‖θ[1:]‖₁=4.362, γ=6797.339, num_knots=832
2025-08-31 23:28:56,892 - Iter 2860: obj=-41.727672, change=6.18e-06, α=1.000, ‖θ[1:]‖₁=4.359, γ=126912.407, num_knots=810
2025-08-31 23:28:57,304 - Iter 2870: obj=-41.729444, change=6.04e-06, α=1.000, ‖θ[1:]‖₁=4.352, γ=134017.115, num_knots=879
2025-08-31 23:28:57,642 - Iter 2880: obj=-41.729525, change=1.61e-05, α=1.000, ‖θ[1:]‖₁=4.352, γ=28888.958, num_knots=800
2025-08-31 23:28:57,978 - Iter 2890: obj=-41.731967, change=6.17e-06, α=1.000, ‖θ[1:]‖₁=4.343, γ=129112.445, num_knots=840
2025-08-31 23:28:58,305 - Iter 2900: obj=-41.732177, change=2.62e-05, α=1.000, ‖θ[1:]‖₁=4.343, γ=82175.673, num_knots=783
2025-08-31 23:28:58,617 - Iter 2910: obj=-41.759313, change=2.69e-06, α=0.100, ‖θ[1:]‖₁=4.255, γ=134165.209, num_knots=1339
2025-08-31 23:28:58,812 - Iter 2920: obj=-41.759322, change=1.05e-06, α=0.100, ‖θ[1:]‖₁=4.255, γ=134180.158, num_knots=1336
2025-08-31 23:28:59,108 - Iter 2930: obj=-41.759439, change=5.50e-06, α=1.000, ‖θ[1:]‖₁=4.255, γ=97779.995, num_knots=1080
2025-08-31 23:28:59,418 - Iter 2940: obj=-41.759865, change=2.86e-06, α=0.100, ‖θ[1:]‖₁=4.253, γ=134176.140, num_knots=936
2025-08-31 23:28:59,643 - Iter 2950: obj=-41.759875, change=1.61e-06, α=0.100, ‖θ[1:]‖₁=4.253, γ=134191.960, num_knots=935
2025-08-31 23:28:59,851 - Iter 2960: obj=-41.759883, change=9.11e-07, α=0.100, ‖θ[1:]‖₁=4.252, γ=134168.562, num_knots=932
2025-08-31 23:29:00,146 - Iter 2970: obj=-41.759914, change=7.19e-06, α=1.000, ‖θ[1:]‖₁=4.252, γ=39860.062, num_knots=920
2025-08-31 23:29:00,468 - Iter 2980: obj=-41.760375, change=1.21e-05, α=1.000, ‖θ[1:]‖₁=4.250, γ=15226.886, num_knots=881
2025-08-31 23:29:00,809 - Iter 2990: obj=-41.760724, change=6.70e-05, α=1.000, ‖θ[1:]‖₁=4.248, γ=1558.008, num_knots=866
2025-08-31 23:29:01,141 - Iter 3000: obj=-41.761441, change=8.82e-06, α=1.000, ‖θ[1:]‖₁=4.245, γ=39354.951, num_knots=846
2025-08-31 23:29:01,480 - Iter 3010: obj=-41.762535, change=5.92e-06, α=1.000, ‖θ[1:]‖₁=4.241, γ=119294.555, num_knots=830
2025-08-31 23:29:01,783 - Iter 3020: obj=-41.765151, change=5.78e-06, α=1.000, ‖θ[1:]‖₁=4.233, γ=134164.569, num_knots=807
2025-08-31 23:29:02,120 - Iter 3030: obj=-41.765230, change=6.66e-05, α=1.000, ‖θ[1:]‖₁=4.232, γ=275.390, num_knots=809
2025-08-31 23:29:02,362 - Iter 3040: obj=-41.768382, change=1.20e-06, α=0.100, ‖θ[1:]‖₁=4.223, γ=134156.825, num_knots=954
2025-08-31 23:29:02,638 - Iter 3050: obj=-41.768417, change=5.80e-06, α=1.000, ‖θ[1:]‖₁=4.223, γ=120030.287, num_knots=817
2025-08-31 23:29:03,036 - Iter 3060: obj=-41.769581, change=5.74e-06, α=1.000, ‖θ[1:]‖₁=4.219, γ=127271.470, num_knots=808
2025-08-31 23:29:03,368 - Iter 3070: obj=-41.770579, change=6.20e-06, α=1.000, ‖θ[1:]‖₁=4.216, γ=105803.143, num_knots=791
2025-08-31 23:29:03,721 - Iter 3080: obj=-41.771475, change=5.73e-06, α=1.000, ‖θ[1:]‖₁=4.213, γ=128036.787, num_knots=789
2025-08-31 23:29:04,034 - Iter 3090: obj=-41.772928, change=5.55e-06, α=1.000, ‖θ[1:]‖₁=4.209, γ=134130.801, num_knots=973
2025-08-31 23:29:04,371 - Iter 3100: obj=-41.772993, change=8.12e-06, α=1.000, ‖θ[1:]‖₁=4.208, γ=75294.652, num_knots=848
2025-08-31 23:29:04,714 - Iter 3110: obj=-41.774617, change=1.37e-04, α=1.000, ‖θ[1:]‖₁=4.203, γ=133810.538, num_knots=785
2025-08-31 23:29:05,071 - Iter 3120: obj=-41.774821, change=6.14e-06, α=1.000, ‖θ[1:]‖₁=4.203, γ=110181.270, num_knots=850
2025-08-31 23:29:05,429 - Iter 3130: obj=-41.775288, change=5.61e-06, α=1.000, ‖θ[1:]‖₁=4.201, γ=132008.425, num_knots=787
2025-08-31 23:29:05,716 - Iter 3140: obj=-41.775672, change=5.59e-06, α=1.000, ‖θ[1:]‖₁=4.200, γ=132337.097, num_knots=824
2025-08-31 23:29:06,030 - Iter 3150: obj=-41.780377, change=2.90e-06, α=0.100, ‖θ[1:]‖₁=4.189, γ=134025.422, num_knots=1908
2025-08-31 23:29:06,262 - Iter 3160: obj=-41.780386, change=8.63e-07, α=0.100, ‖θ[1:]‖₁=4.188, γ=133467.351, num_knots=1899
2025-08-31 23:29:06,583 - Iter 3170: obj=-41.780440, change=5.44e-06, α=1.000, ‖θ[1:]‖₁=4.188, γ=132339.093, num_knots=1043
2025-08-31 23:29:06,916 - Iter 3180: obj=-41.780503, change=8.32e-06, α=1.000, ‖θ[1:]‖₁=4.188, γ=61888.267, num_knots=931
2025-08-31 23:29:07,257 - Iter 3190: obj=-41.780696, change=8.34e-06, α=1.000, ‖θ[1:]‖₁=4.187, γ=34719.496, num_knots=861
2025-08-31 23:29:07,601 - Iter 3200: obj=-41.781876, change=2.89e-05, α=1.000, ‖θ[1:]‖₁=4.184, γ=134156.702, num_knots=1269
2025-08-31 23:29:07,922 - Iter 3210: obj=-41.781936, change=6.56e-06, α=1.000, ‖θ[1:]‖₁=4.184, γ=98020.884, num_knots=876
2025-08-31 23:29:08,241 - Iter 3220: obj=-41.782186, change=6.12e-06, α=1.000, ‖θ[1:]‖₁=4.183, γ=112429.063, num_knots=819
2025-08-31 23:29:08,600 - Iter 3230: obj=-41.782589, change=5.93e-06, α=1.000, ‖θ[1:]‖₁=4.182, γ=105126.738, num_knots=813
2025-08-31 23:29:09,341 - Iter 3240: obj=-41.783382, change=5.46e-06, α=1.000, ‖θ[1:]‖₁=4.181, γ=131837.965, num_knots=806
2025-08-31 23:29:09,619 - Iter 3250: obj=-41.786918, change=3.78e-06, α=0.100, ‖θ[1:]‖₁=4.173, γ=134140.761, num_knots=965
2025-08-31 23:29:09,843 - Iter 3260: obj=-41.786929, change=2.11e-06, α=0.100, ‖θ[1:]‖₁=4.173, γ=134149.375, num_knots=957
2025-08-31 23:29:10,061 - Iter 3270: obj=-41.786936, change=1.21e-06, α=0.100, ‖θ[1:]‖₁=4.173, γ=134152.334, num_knots=940
2025-08-31 23:29:10,323 - Iter 3280: obj=-41.786956, change=5.38e-06, α=1.000, ‖θ[1:]‖₁=4.172, γ=133083.805, num_knots=834
2025-08-31 23:29:10,643 - Iter 3290: obj=-41.787194, change=6.72e-06, α=1.000, ‖θ[1:]‖₁=4.172, γ=76812.955, num_knots=811
2025-08-31 23:29:10,980 - Iter 3300: obj=-41.787908, change=5.49e-06, α=1.000, ‖θ[1:]‖₁=4.170, γ=123870.646, num_knots=808
2025-08-31 23:29:11,311 - Iter 3310: obj=-41.788721, change=5.32e-06, α=1.000, ‖θ[1:]‖₁=4.169, γ=133276.510, num_knots=884
2025-08-31 23:29:11,623 - Iter 3320: obj=-41.790082, change=5.77e-05, α=1.000, ‖θ[1:]‖₁=4.166, γ=134086.767, num_knots=808
2025-08-31 23:29:11,982 - Iter 3330: obj=-41.790186, change=7.60e-06, α=1.000, ‖θ[1:]‖₁=4.166, γ=58792.197, num_knots=850
2025-08-31 23:29:12,312 - Iter 3340: obj=-41.790416, change=4.96e-05, α=1.000, ‖θ[1:]‖₁=4.165, γ=14.942, num_knots=811
2025-08-31 23:29:12,590 - Iter 3350: obj=-41.833820, change=3.68e-06, α=0.100, ‖θ[1:]‖₁=4.095, γ=134159.170, num_knots=1150
2025-08-31 23:29:12,791 - Iter 3360: obj=-41.833834, change=1.82e-06, α=0.100, ‖θ[1:]‖₁=4.095, γ=134068.376, num_knots=1149
2025-08-31 23:29:12,992 - Iter 3370: obj=-41.833842, change=8.31e-07, α=0.100, ‖θ[1:]‖₁=4.094, γ=132839.549, num_knots=1146
2025-08-31 23:29:13,191 - Iter 3380: obj=-41.833849, change=4.21e-07, α=0.100, ‖θ[1:]‖₁=4.094, γ=125953.717, num_knots=1133
2025-08-31 23:29:13,436 - Iter 3390: obj=-41.833855, change=5.38e-06, α=1.000, ‖θ[1:]‖₁=4.094, γ=93227.913, num_knots=1037
2025-08-31 23:29:13,673 - Iter 3400: obj=-41.834248, change=2.20e-06, α=0.100, ‖θ[1:]‖₁=4.091, γ=134181.446, num_knots=974
2025-08-31 23:29:13,863 - Iter 3410: obj=-41.834254, change=1.06e-06, α=0.100, ‖θ[1:]‖₁=4.091, γ=134037.381, num_knots=973
2025-08-31 23:29:14,054 - Iter 3420: obj=-41.834260, change=4.93e-07, α=0.100, ‖θ[1:]‖₁=4.091, γ=132663.689, num_knots=972
2025-08-31 23:29:14,317 - Iter 3430: obj=-41.834282, change=2.70e-05, α=1.000, ‖θ[1:]‖₁=4.090, γ=1882.307, num_knots=959
2025-08-31 23:29:14,549 - Iter 3440: obj=-41.834664, change=5.72e-07, α=0.100, ‖θ[1:]‖₁=4.088, γ=133872.257, num_knots=926
2025-08-31 23:29:15,005 - Iter 3450: obj=-41.835042, change=4.77e-06, α=0.100, ‖θ[1:]‖₁=4.086, γ=134189.901, num_knots=894
2025-08-31 23:29:15,241 - Iter 3460: obj=-41.835049, change=5.91e-07, α=0.100, ‖θ[1:]‖₁=4.086, γ=134111.899, num_knots=894
2025-08-31 23:29:15,577 - Iter 3470: obj=-41.835293, change=4.40e-06, α=1.000, ‖θ[1:]‖₁=4.085, γ=132916.365, num_knots=902
2025-08-31 23:29:15,849 - Iter 3480: obj=-41.835802, change=1.39e-06, α=0.100, ‖θ[1:]‖₁=4.084, γ=134159.522, num_knots=877
2025-08-31 23:29:16,068 - Iter 3490: obj=-41.835807, change=8.14e-07, α=0.100, ‖θ[1:]‖₁=4.084, γ=134176.773, num_knots=876
2025-08-31 23:29:16,359 - Iter 3500: obj=-41.835836, change=9.83e-06, α=1.000, ‖θ[1:]‖₁=4.084, γ=13986.368, num_knots=876
2025-08-31 23:29:16,690 - Iter 3510: obj=-41.836566, change=4.99e-06, α=1.000, ‖θ[1:]‖₁=4.082, γ=102178.132, num_knots=876
2025-08-31 23:29:17,023 - Iter 3520: obj=-41.837910, change=4.59e-06, α=1.000, ‖θ[1:]‖₁=4.080, γ=129687.233, num_knots=898
2025-08-31 23:29:17,365 - Iter 3530: obj=-41.842062, change=3.41e-06, α=0.100, ‖θ[1:]‖₁=4.077, γ=134165.742, num_knots=823
2025-08-31 23:29:17,606 - Iter 3540: obj=-41.842072, change=2.17e-06, α=0.100, ‖θ[1:]‖₁=4.077, γ=134172.049, num_knots=823
2025-08-31 23:29:17,857 - Iter 3550: obj=-41.842079, change=1.38e-06, α=0.100, ‖θ[1:]‖₁=4.077, γ=134176.792, num_knots=823
2025-08-31 23:29:18,111 - Iter 3560: obj=-41.842084, change=8.85e-07, α=0.100, ‖θ[1:]‖₁=4.077, γ=134178.166, num_knots=822
2025-08-31 23:29:18,391 - Iter 3570: obj=-41.842103, change=4.54e-06, α=1.000, ‖θ[1:]‖₁=4.076, γ=131279.130, num_knots=822
2025-08-31 23:29:18,745 - Iter 3580: obj=-41.843076, change=4.45e-06, α=1.000, ‖θ[1:]‖₁=4.075, γ=134153.167, num_knots=995
2025-08-31 23:29:19,102 - Iter 3590: obj=-41.843118, change=6.74e-06, α=1.000, ‖θ[1:]‖₁=4.075, γ=56075.777, num_knots=865
2025-08-31 23:29:19,430 - Iter 3600: obj=-41.843482, change=8.74e-06, α=1.000, ‖θ[1:]‖₁=4.075, γ=133912.439, num_knots=819
2025-08-31 23:29:19,745 - Iter 3610: obj=-41.852460, change=8.09e-06, α=0.100, ‖θ[1:]‖₁=4.075, γ=134105.793, num_knots=1979
2025-08-31 23:29:19,970 - Iter 3620: obj=-41.852478, change=2.67e-06, α=0.100, ‖θ[1:]‖₁=4.074, γ=133493.786, num_knots=1974
2025-08-31 23:29:20,228 - Iter 3630: obj=-41.852486, change=7.72e-07, α=0.100, ‖θ[1:]‖₁=4.074, γ=128539.834, num_knots=1951
2025-08-31 23:29:20,479 - Iter 3640: obj=-41.852493, change=6.07e-06, α=1.000, ‖θ[1:]‖₁=4.074, γ=71811.061, num_knots=1608
2025-08-31 23:29:20,857 - Iter 3650: obj=-41.852566, change=5.89e-06, α=1.000, ‖θ[1:]‖₁=4.074, γ=97910.050, num_knots=1036
2025-08-31 23:29:21,195 - Iter 3660: obj=-41.852691, change=4.28e-06, α=1.000, ‖θ[1:]‖₁=4.074, γ=130604.528, num_knots=913
2025-08-31 23:29:21,541 - Iter 3670: obj=-41.852845, change=9.50e-05, α=1.000, ‖θ[1:]‖₁=4.073, γ=1688.539, num_knots=865
2025-08-31 23:29:21,876 - Iter 3680: obj=-41.853283, change=5.43e-06, α=1.000, ‖θ[1:]‖₁=4.072, γ=81073.075, num_knots=852
2025-08-31 23:29:22,230 - Iter 3690: obj=-41.853463, change=1.28e-05, α=1.000, ‖θ[1:]‖₁=4.072, γ=15358.684, num_knots=838
2025-08-31 23:29:22,565 - Iter 3700: obj=-41.853845, change=5.07e-06, α=1.000, ‖θ[1:]‖₁=4.072, γ=89804.304, num_knots=830
2025-08-31 23:29:22,866 - Iter 3710: obj=-41.854859, change=4.42e-06, α=1.000, ‖θ[1:]‖₁=4.071, γ=133916.541, num_knots=809
2025-08-31 23:29:23,197 - Iter 3720: obj=-41.855303, change=5.79e-06, α=1.000, ‖θ[1:]‖₁=4.071, γ=134113.972, num_knots=855
2025-08-31 23:29:23,571 - Iter 3730: obj=-41.855374, change=1.59e-02, α=1.000, ‖θ[1:]‖₁=4.079, γ=127013.232, num_knots=783
2025-08-31 23:29:23,810 - Iter 3740: obj=-41.866108, change=3.70e-06, α=0.100, ‖θ[1:]‖₁=4.091, γ=131861.896, num_knots=2196
2025-08-31 23:29:24,069 - Iter 3750: obj=-41.866127, change=8.01e-07, α=0.100, ‖θ[1:]‖₁=4.091, γ=117361.050, num_knots=2187
2025-08-31 23:29:24,250 - Iter 3760: obj=-41.866146, change=1.32e-06, α=0.100, ‖θ[1:]‖₁=4.091, γ=26445.195, num_knots=2164
2025-08-31 23:29:24,549 - Iter 3770: obj=-41.866398, change=1.23e-05, α=0.100, ‖θ[1:]‖₁=4.089, γ=134162.024, num_knots=1857
2025-08-31 23:29:24,776 - Iter 3780: obj=-41.866429, change=4.25e-06, α=0.100, ‖θ[1:]‖₁=4.088, γ=134106.333, num_knots=1852
2025-08-31 23:29:24,990 - Iter 3790: obj=-41.866438, change=1.39e-06, α=0.100, ‖θ[1:]‖₁=4.088, γ=133461.225, num_knots=1842
2025-08-31 23:29:25,250 - Iter 3800: obj=-41.866443, change=3.84e-07, α=0.100, ‖θ[1:]‖₁=4.088, γ=127933.152, num_knots=1501
2025-08-31 23:29:25,550 - Iter 3810: obj=-41.866501, change=9.75e-06, α=1.000, ‖θ[1:]‖₁=4.088, γ=112733.968, num_knots=1035
2025-08-31 23:29:25,934 - Iter 3820: obj=-41.866712, change=3.83e-06, α=0.100, ‖θ[1:]‖₁=4.087, γ=133980.753, num_knots=967
2025-08-31 23:29:26,240 - Iter 3830: obj=-41.866810, change=4.07e-06, α=1.000, ‖θ[1:]‖₁=4.086, γ=99112.605, num_knots=947
2025-08-31 23:29:26,480 - Iter 3840: obj=-41.867030, change=7.39e-07, α=0.100, ‖θ[1:]‖₁=4.086, γ=134167.028, num_knots=918
2025-08-31 23:29:26,755 - Iter 3850: obj=-41.867040, change=4.47e-06, α=1.000, ‖θ[1:]‖₁=4.086, γ=65577.696, num_knots=916
2025-08-31 23:29:27,110 - Iter 3860: obj=-41.867179, change=1.85e-04, α=1.000, ‖θ[1:]‖₁=4.086, γ=19106.881, num_knots=889
2025-08-31 23:29:27,418 - Iter 3870: obj=-41.867574, change=1.74e-06, α=0.100, ‖θ[1:]‖₁=4.086, γ=134141.396, num_knots=868
2025-08-31 23:29:27,726 - Iter 3880: obj=-41.867600, change=6.50e-05, α=1.000, ‖θ[1:]‖₁=4.085, γ=4145.558, num_knots=865
2025-08-31 23:29:28,066 - Iter 3890: obj=-41.868098, change=1.32e-05, α=1.000, ‖θ[1:]‖₁=4.086, γ=134035.904, num_knots=950
2025-08-31 23:29:28,399 - Iter 3900: obj=-41.868156, change=7.72e-04, α=1.000, ‖θ[1:]‖₁=4.087, γ=33470.834, num_knots=838
2025-08-31 23:29:28,815 - Iter 3910: obj=-41.868711, change=2.95e-05, α=1.000, ‖θ[1:]‖₁=4.087, γ=54.105, num_knots=837
2025-08-31 23:29:29,071 - Iter 3920: obj=-41.875291, change=3.02e-06, α=0.100, ‖θ[1:]‖₁=4.099, γ=134097.956, num_knots=1327
2025-08-31 23:29:29,291 - Iter 3930: obj=-41.875329, change=1.73e-06, α=0.100, ‖θ[1:]‖₁=4.098, γ=134107.297, num_knots=1287
2025-08-31 23:29:29,503 - Iter 3940: obj=-41.875352, change=2.24e-06, α=0.100, ‖θ[1:]‖₁=4.098, γ=134190.463, num_knots=1185
2025-08-31 23:29:29,721 - Iter 3950: obj=-41.875364, change=1.98e-06, α=0.100, ‖θ[1:]‖₁=4.098, γ=134137.655, num_knots=1185
2025-08-31 23:29:29,940 - Iter 3960: obj=-41.875371, change=1.46e-06, α=0.100, ‖θ[1:]‖₁=4.098, γ=134084.987, num_knots=873
2025-08-31 23:29:30,157 - Iter 3970: obj=-41.875376, change=1.01e-06, α=0.100, ‖θ[1:]‖₁=4.098, γ=134019.017, num_knots=842
2025-08-31 23:29:30,384 - Iter 3980: obj=-41.875382, change=4.30e-06, α=1.000, ‖θ[1:]‖₁=4.098, γ=133627.779, num_knots=800
2025-08-31 23:29:30,729 - Iter 3990: obj=-41.875892, change=8.01e-06, α=1.000, ‖θ[1:]‖₁=4.099, γ=134128.829, num_knots=855
2025-08-31 23:29:31,054 - Iter 4000: obj=-41.877179, change=3.10e-06, α=0.100, ‖θ[1:]‖₁=4.102, γ=134129.488, num_knots=801
2025-08-31 23:29:31,277 - Iter 4010: obj=-41.877184, change=1.17e-06, α=0.100, ‖θ[1:]‖₁=4.102, γ=134131.906, num_knots=801
2025-08-31 23:29:31,479 - Iter 4020: obj=-41.877187, change=7.49e-07, α=0.100, ‖θ[1:]‖₁=4.102, γ=134129.498, num_knots=801
2025-08-31 23:29:31,769 - Iter 4030: obj=-41.877199, change=3.95e-06, α=1.000, ‖θ[1:]‖₁=4.102, γ=130623.788, num_knots=801
2025-08-31 23:29:32,056 - Iter 4040: obj=-41.879882, change=1.25e-06, α=0.100, ‖θ[1:]‖₁=4.107, γ=134081.475, num_knots=792
2025-08-31 23:29:32,308 - Iter 4050: obj=-41.879885, change=8.10e-07, α=0.100, ‖θ[1:]‖₁=4.107, γ=134046.404, num_knots=792
2025-08-31 23:29:32,573 - Iter 4060: obj=-41.879897, change=3.97e-06, α=1.000, ‖θ[1:]‖₁=4.107, γ=128445.967, num_knots=792
2025-08-31 23:29:32,905 - Iter 4070: obj=-41.880148, change=3.93e-06, α=1.000, ‖θ[1:]‖₁=4.107, γ=130231.623, num_knots=796
2025-08-31 23:29:33,196 - Iter 4080: obj=-41.881114, change=9.33e-07, α=0.100, ‖θ[1:]‖₁=4.110, γ=134139.078, num_knots=788
2025-08-31 23:29:33,399 - Iter 4090: obj=-41.881116, change=6.07e-07, α=0.100, ‖θ[1:]‖₁=4.110, γ=134135.765, num_knots=788
2025-08-31 23:29:33,713 - Iter 4100: obj=-41.881138, change=7.97e-06, α=1.000, ‖θ[1:]‖₁=4.110, γ=19009.236, num_knots=786
2025-08-31 23:29:34,019 - Iter 4110: obj=-41.882306, change=4.16e-06, α=1.000, ‖θ[1:]‖₁=4.112, γ=106386.645, num_knots=782
2025-08-31 23:29:34,368 - Iter 4120: obj=-41.882890, change=3.81e-06, α=1.000, ‖θ[1:]‖₁=4.113, γ=133650.286, num_knots=865
2025-08-31 23:29:34,706 - Iter 4130: obj=-41.882921, change=1.98e-05, α=1.000, ‖θ[1:]‖₁=4.113, γ=18104.274, num_knots=794
2025-08-31 23:29:35,037 - Iter 4140: obj=-41.883652, change=3.90e-06, α=1.000, ‖θ[1:]‖₁=4.114, γ=125945.984, num_knots=814
2025-08-31 23:29:35,369 - Iter 4150: obj=-41.883756, change=3.88e-06, α=1.000, ‖θ[1:]‖₁=4.115, γ=124716.112, num_knots=781
2025-08-31 23:29:35,713 - Iter 4160: obj=-41.884304, change=3.76e-06, α=1.000, ‖θ[1:]‖₁=4.116, γ=133985.526, num_knots=888
2025-08-31 23:29:36,020 - Iter 4170: obj=-41.884332, change=7.15e-06, α=1.000, ‖θ[1:]‖₁=4.116, γ=46715.196, num_knots=803
2025-08-31 23:29:36,356 - Iter 4180: obj=-41.896914, change=2.23e-03, α=1.000, ‖θ[1:]‖₁=4.175, γ=134025.929, num_knots=2631
2025-08-31 23:29:36,652 - Iter 4190: obj=-41.904838, change=5.66e-07, α=0.100, ‖θ[1:]‖₁=4.168, γ=132613.099, num_knots=1403
2025-08-31 23:29:36,866 - Iter 4200: obj=-41.904917, change=4.31e-07, α=0.100, ‖θ[1:]‖₁=4.167, γ=75974.215, num_knots=1398
2025-08-31 23:29:37,094 - Iter 4210: obj=-41.904990, change=5.63e-07, α=0.100, ‖θ[1:]‖₁=4.166, γ=91082.804, num_knots=1387
2025-08-31 23:29:37,305 - Iter 4220: obj=-41.905087, change=1.27e-06, α=0.100, ‖θ[1:]‖₁=4.165, γ=98423.847, num_knots=1354
2025-08-31 23:29:37,519 - Iter 4230: obj=-41.905303, change=9.80e-07, α=0.100, ‖θ[1:]‖₁=4.163, γ=123728.795, num_knots=1140
2025-08-31 23:29:37,710 - Iter 4240: obj=-41.905361, change=4.12e-07, α=0.100, ‖θ[1:]‖₁=4.162, γ=45359.470, num_knots=1139
2025-08-31 23:29:37,910 - Iter 4250: obj=-41.905405, change=8.16e-07, α=0.100, ‖θ[1:]‖₁=4.161, γ=130521.605, num_knots=1132
2025-08-31 23:29:38,131 - Iter 4260: obj=-41.905432, change=9.63e-07, α=0.100, ‖θ[1:]‖₁=4.161, γ=131610.803, num_knots=1115
2025-08-31 23:29:38,335 - Iter 4270: obj=-41.905452, change=9.37e-07, α=0.100, ‖θ[1:]‖₁=4.161, γ=131968.609, num_knots=1073
2025-08-31 23:29:38,553 - Iter 4280: obj=-41.905467, change=9.86e-07, α=0.100, ‖θ[1:]‖₁=4.161, γ=132852.280, num_knots=917
2025-08-31 23:29:38,762 - Iter 4290: obj=-41.905478, change=9.94e-07, α=0.100, ‖θ[1:]‖₁=4.160, γ=133466.214, num_knots=834
2025-08-31 23:29:39,045 - Iter 4300: obj=-41.905486, change=9.17e-07, α=0.100, ‖θ[1:]‖₁=4.160, γ=133759.622, num_knots=824
2025-08-31 23:29:39,256 - Iter 4310: obj=-41.905491, change=7.91e-07, α=0.100, ‖θ[1:]‖₁=4.160, γ=133891.819, num_knots=806
2025-08-31 23:29:39,488 - Iter 4320: obj=-41.905494, change=5.88e-07, α=0.100, ‖θ[1:]‖₁=4.160, γ=133741.495, num_knots=786
2025-08-31 23:29:39,698 - Iter 4330: obj=-41.905497, change=4.02e-07, α=0.100, ‖θ[1:]‖₁=4.160, γ=133192.503, num_knots=772
2025-08-31 23:29:39,930 - Iter 4340: obj=-41.905499, change=3.28e-07, α=0.100, ‖θ[1:]‖₁=4.160, γ=131646.568, num_knots=767
2025-08-31 23:29:40,237 - Iter 4350: obj=-41.905507, change=4.95e-06, α=1.000, ‖θ[1:]‖₁=4.160, γ=39789.628, num_knots=783
2025-08-31 23:29:40,612 - Iter 4360: obj=-41.905715, change=3.75e-06, α=1.000, ‖θ[1:]‖₁=4.159, γ=105675.607, num_knots=784
2025-08-31 23:29:41,161 - Iter 4370: obj=-41.906050, change=4.58e-07, α=0.100, ‖θ[1:]‖₁=4.159, γ=134156.287, num_knots=785
2025-08-31 23:29:41,537 - Iter 4380: obj=-41.906070, change=3.35e-05, α=1.000, ‖θ[1:]‖₁=4.159, γ=1209.752, num_knots=779
2025-08-31 23:29:41,838 - Iter 4390: obj=-41.906388, change=7.66e-07, α=0.100, ‖θ[1:]‖₁=4.160, γ=134107.135, num_knots=782
2025-08-31 23:29:42,085 - Iter 4400: obj=-41.906390, change=4.92e-07, α=0.100, ‖θ[1:]‖₁=4.160, γ=134106.184, num_knots=781
2025-08-31 23:29:42,504 - Iter 4410: obj=-41.906413, change=4.45e-05, α=1.000, ‖θ[1:]‖₁=4.160, γ=4082.863, num_knots=777
2025-08-31 23:29:42,916 - Iter 4420: obj=-41.907138, change=3.34e-06, α=1.000, ‖θ[1:]‖₁=4.161, γ=133789.487, num_knots=869
2025-08-31 23:29:43,325 - Iter 4430: obj=-41.907160, change=6.14e-06, α=1.000, ‖θ[1:]‖₁=4.161, γ=26220.745, num_knots=801
2025-08-31 23:29:43,657 - Iter 4440: obj=-41.907845, change=5.57e-06, α=1.000, ‖θ[1:]‖₁=4.163, γ=134064.117, num_knots=881
2025-08-31 23:29:44,036 - Iter 4450: obj=-41.907866, change=7.26e-06, α=1.000, ‖θ[1:]‖₁=4.163, γ=32540.030, num_knots=792
2025-08-31 23:29:44,408 - Iter 4460: obj=-41.908116, change=4.27e-06, α=1.000, ‖θ[1:]‖₁=4.164, γ=71234.396, num_knots=777
2025-08-31 23:29:44,749 - Iter 4470: obj=-41.908638, change=1.68e-06, α=0.100, ‖θ[1:]‖₁=4.165, γ=134097.854, num_knots=777
2025-08-31 23:29:44,983 - Iter 4480: obj=-41.908642, change=1.08e-06, α=0.100, ‖θ[1:]‖₁=4.165, γ=134096.669, num_knots=776
2025-08-31 23:29:45,243 - Iter 4490: obj=-41.908644, change=7.00e-07, α=0.100, ‖θ[1:]‖₁=4.165, γ=134090.142, num_knots=775
2025-08-31 23:29:45,498 - Iter 4500: obj=-41.908648, change=3.39e-06, α=1.000, ‖θ[1:]‖₁=4.165, γ=134008.023, num_knots=775
2025-08-31 23:29:45,851 - Iter 4510: obj=-41.909387, change=4.97e-05, α=1.000, ‖θ[1:]‖₁=4.166, γ=134041.614, num_knots=772
2025-08-31 23:29:46,233 - Iter 4520: obj=-41.909432, change=3.54e-06, α=1.000, ‖θ[1:]‖₁=4.167, γ=122100.183, num_knots=805
2025-08-31 23:29:46,586 - Iter 4530: obj=-41.909588, change=3.66e-06, α=1.000, ‖θ[1:]‖₁=4.167, γ=102086.155, num_knots=773
2025-08-31 23:29:46,867 - Iter 4540: obj=-41.912406, change=7.31e-07, α=0.100, ‖θ[1:]‖₁=4.174, γ=134101.195, num_knots=770
2025-08-31 23:29:47,130 - Iter 4550: obj=-41.912409, change=4.79e-07, α=0.100, ‖θ[1:]‖₁=4.174, γ=134090.623, num_knots=770
2025-08-31 23:29:47,587 - Iter 4560: obj=-41.912425, change=6.39e-06, α=1.000, ‖θ[1:]‖₁=4.174, γ=24134.827, num_knots=770
2025-08-31 23:29:47,964 - Iter 4570: obj=-41.912922, change=3.30e-06, α=1.000, ‖θ[1:]‖₁=4.175, γ=132258.223, num_knots=839
2025-08-31 23:29:48,330 - Iter 4580: obj=-41.912950, change=3.24e-05, α=1.000, ‖θ[1:]‖₁=4.175, γ=134.329, num_knots=785
2025-08-31 23:29:48,577 - Iter 4590: obj=-41.914802, change=1.87e-06, α=0.100, ‖θ[1:]‖₁=4.180, γ=134096.422, num_knots=769
2025-08-31 23:29:48,995 - Iter 4600: obj=-41.914806, change=1.21e-06, α=0.100, ‖θ[1:]‖₁=4.180, γ=134097.134, num_knots=769
2025-08-31 23:29:49,236 - Iter 4610: obj=-41.914808, change=7.85e-07, α=0.100, ‖θ[1:]‖₁=4.180, γ=134093.152, num_knots=769
2025-08-31 23:29:49,578 - Iter 4620: obj=-41.914810, change=5.15e-07, α=0.100, ‖θ[1:]‖₁=4.179, γ=134080.279, num_knots=767
2025-08-31 23:29:49,981 - Iter 4630: obj=-41.914822, change=3.53e-06, α=1.000, ‖θ[1:]‖₁=4.179, γ=107393.761, num_knots=767
2025-08-31 23:29:50,359 - Iter 4640: obj=-41.915195, change=3.26e-06, α=1.000, ‖θ[1:]‖₁=4.180, γ=133521.405, num_knots=822
2025-08-31 23:29:50,748 - Iter 4650: obj=-41.917806, change=8.47e-06, α=0.100, ‖θ[1:]‖₁=4.187, γ=134096.687, num_knots=766
2025-08-31 23:29:50,996 - Iter 4660: obj=-41.917814, change=1.92e-06, α=0.100, ‖θ[1:]‖₁=4.187, γ=134098.837, num_knots=766
2025-08-31 23:29:51,231 - Iter 4670: obj=-41.917817, change=1.25e-06, α=0.100, ‖θ[1:]‖₁=4.187, γ=134098.981, num_knots=766
2025-08-31 23:29:51,466 - Iter 4680: obj=-41.917820, change=8.14e-07, α=0.100, ‖θ[1:]‖₁=4.186, γ=134095.998, num_knots=766
2025-08-31 23:29:51,696 - Iter 4690: obj=-41.917822, change=5.35e-07, α=0.100, ‖θ[1:]‖₁=4.186, γ=134085.337, num_knots=766
2025-08-31 23:29:52,003 - Iter 4700: obj=-41.917832, change=3.31e-06, α=1.000, ‖θ[1:]‖₁=4.186, γ=125379.717, num_knots=765
2025-08-31 23:29:52,377 - Iter 4710: obj=-41.918086, change=3.22e-06, α=1.000, ‖θ[1:]‖₁=4.187, γ=133273.772, num_knots=795
2025-08-31 23:29:52,796 - Iter 4720: obj=-41.929909, change=8.37e-05, α=1.000, ‖θ[1:]‖₁=4.231, γ=131982.946, num_knots=2089
2025-08-31 23:29:53,051 - Iter 4730: obj=-41.930547, change=4.01e-07, α=0.100, ‖θ[1:]‖₁=4.226, γ=127384.580, num_knots=1348
2025-08-31 23:29:53,310 - Iter 4740: obj=-41.930789, change=2.13e-06, α=0.100, ‖θ[1:]‖₁=4.224, γ=132827.910, num_knots=1258
2025-08-31 23:29:53,538 - Iter 4750: obj=-41.930841, change=7.53e-07, α=0.100, ‖θ[1:]‖₁=4.223, γ=125839.140, num_knots=1203
2025-08-31 23:29:53,750 - Iter 4760: obj=-41.930908, change=4.81e-07, α=0.100, ‖θ[1:]‖₁=4.222, γ=12455.807, num_knots=1181
2025-08-31 23:29:53,975 - Iter 4770: obj=-41.930978, change=3.72e-07, α=0.100, ‖θ[1:]‖₁=4.221, γ=30365.585, num_knots=1180
2025-08-31 23:29:54,198 - Iter 4780: obj=-41.931018, change=6.00e-07, α=0.100, ‖θ[1:]‖₁=4.221, γ=128905.018, num_knots=1176
2025-08-31 23:29:54,441 - Iter 4790: obj=-41.931040, change=1.12e-06, α=0.100, ‖θ[1:]‖₁=4.220, γ=132997.203, num_knots=1132
2025-08-31 23:29:54,686 - Iter 4800: obj=-41.931054, change=1.37e-06, α=0.100, ‖θ[1:]‖₁=4.220, γ=133872.856, num_knots=1081
2025-08-31 23:29:54,945 - Iter 4810: obj=-41.931063, change=1.29e-06, α=0.100, ‖θ[1:]‖₁=4.220, γ=134067.982, num_knots=831
2025-08-31 23:29:55,188 - Iter 4820: obj=-41.931067, change=1.02e-06, α=0.100, ‖θ[1:]‖₁=4.220, γ=134073.845, num_knots=830
2025-08-31 23:29:55,412 - Iter 4830: obj=-41.931070, change=7.11e-07, α=0.100, ‖θ[1:]‖₁=4.220, γ=133940.003, num_knots=798
2025-08-31 23:29:55,670 - Iter 4840: obj=-41.931073, change=4.72e-07, α=0.100, ‖θ[1:]‖₁=4.220, γ=133517.087, num_knots=774
2025-08-31 23:29:56,069 - Iter 4850: obj=-41.931074, change=3.01e-07, α=0.100, ‖θ[1:]‖₁=4.220, γ=132347.858, num_knots=764
2025-08-31 23:29:56,306 - Iter 4860: obj=-41.931076, change=2.92e-07, α=0.100, ‖θ[1:]‖₁=4.220, γ=129064.390, num_knots=770
2025-08-31 23:29:56,546 - Iter 4870: obj=-41.931078, change=3.10e-07, α=0.100, ‖θ[1:]‖₁=4.220, γ=120277.031, num_knots=776
2025-08-31 23:29:56,896 - Iter 4880: obj=-41.931234, change=2.92e-06, α=1.000, ‖θ[1:]‖₁=4.219, γ=127499.150, num_knots=839
2025-08-31 23:29:57,302 - Iter 4890: obj=-41.931339, change=3.08e-06, α=1.000, ‖θ[1:]‖₁=4.219, γ=113720.852, num_knots=792
2025-08-31 23:29:57,672 - Iter 4900: obj=-41.931483, change=2.94e-06, α=1.000, ‖θ[1:]‖₁=4.219, γ=131466.585, num_knots=808
2025-08-31 23:29:58,051 - Iter 4910: obj=-41.931650, change=5.35e-07, α=0.100, ‖θ[1:]‖₁=4.219, γ=134129.224, num_knots=779
2025-08-31 23:29:58,326 - Iter 4920: obj=-41.931652, change=3.42e-06, α=1.000, ‖θ[1:]‖₁=4.219, γ=134133.134, num_knots=779
2025-08-31 23:29:58,684 - Iter 4930: obj=-41.931860, change=3.74e-04, α=1.000, ‖θ[1:]‖₁=4.219, γ=123647.542, num_knots=778
2025-08-31 23:29:59,034 - Iter 4940: obj=-41.932069, change=3.44e-06, α=1.000, ‖θ[1:]‖₁=4.219, γ=101398.500, num_knots=795
2025-08-31 23:29:59,324 - Iter 4950: obj=-41.933001, change=8.34e-07, α=0.100, ‖θ[1:]‖₁=4.222, γ=134060.160, num_knots=777
2025-08-31 23:29:59,545 - Iter 4960: obj=-41.933002, change=5.40e-07, α=0.100, ‖θ[1:]‖₁=4.222, γ=134043.942, num_knots=777
2025-08-31 23:29:59,791 - Iter 4970: obj=-41.933007, change=2.99e-06, α=1.000, ‖θ[1:]‖₁=4.222, γ=133604.404, num_knots=777
2025-08-31 23:30:00,222 - Iter 4980: obj=-41.934108, change=5.98e-05, α=1.000, ‖θ[1:]‖₁=4.225, γ=134137.397, num_knots=1854
2025-08-31 23:30:00,653 - Iter 4990: obj=-41.934135, change=2.97e-06, α=1.000, ‖θ[1:]‖₁=4.225, γ=131071.129, num_knots=843
2025-08-31 23:30:01,025 - Iter 5000: obj=-41.934153, change=6.28e-06, α=1.000, ‖θ[1:]‖₁=4.225, γ=46945.097, num_knots=797
2025-08-31 23:30:01,396 - Iter 5010: obj=-41.934313, change=3.07e-06, α=1.000, ‖θ[1:]‖₁=4.225, γ=117233.824, num_knots=775
2025-08-31 23:30:01,780 - Iter 5020: obj=-41.934539, change=3.06e-06, α=1.000, ‖θ[1:]‖₁=4.226, γ=117631.522, num_knots=771
2025-08-31 23:30:02,118 - Iter 5030: obj=-41.934953, change=3.62e-06, α=1.000, ‖θ[1:]‖₁=4.227, γ=134047.673, num_knots=765
2025-08-31 23:30:02,499 - Iter 5040: obj=-41.934977, change=7.65e-04, α=1.000, ‖θ[1:]‖₁=4.228, γ=5276.277, num_knots=764
2025-08-31 23:30:02,866 - Iter 5050: obj=-41.935412, change=3.04e-06, α=1.000, ‖θ[1:]‖₁=4.228, γ=123798.205, num_knots=793
2025-08-31 23:30:03,278 - Iter 5060: obj=-41.935494, change=4.17e-06, α=1.000, ‖θ[1:]‖₁=4.228, γ=56369.440, num_knots=769
2025-08-31 23:30:03,628 - Iter 5070: obj=-41.937208, change=1.76e-06, α=0.100, ‖θ[1:]‖₁=4.233, γ=134086.459, num_knots=756
2025-08-31 23:30:03,858 - Iter 5080: obj=-41.937211, change=1.15e-06, α=0.100, ‖θ[1:]‖₁=4.233, γ=134088.969, num_knots=756
2025-08-31 23:30:04,144 - Iter 5090: obj=-41.937213, change=7.50e-07, α=0.100, ‖θ[1:]‖₁=4.233, γ=134089.376, num_knots=756
2025-08-31 23:30:04,383 - Iter 5100: obj=-41.937215, change=4.94e-07, α=0.100, ‖θ[1:]‖₁=4.233, γ=134084.703, num_knots=756
2025-08-31 23:30:04,644 - Iter 5110: obj=-41.937218, change=2.92e-06, α=1.000, ‖θ[1:]‖₁=4.233, γ=133999.257, num_knots=756
2025-08-31 23:30:04,978 - Iter 5120: obj=-41.939186, change=7.39e-06, α=0.100, ‖θ[1:]‖₁=4.237, γ=134065.650, num_knots=748
2025-08-31 23:30:05,248 - Iter 5130: obj=-41.939191, change=1.25e-06, α=0.100, ‖θ[1:]‖₁=4.237, γ=134056.106, num_knots=748
2025-08-31 23:30:05,509 - Iter 5140: obj=-41.939193, change=8.24e-07, α=0.100, ‖θ[1:]‖₁=4.237, γ=134040.145, num_knots=748
2025-08-31 23:30:05,723 - Iter 5150: obj=-41.939194, change=5.47e-07, α=0.100, ‖θ[1:]‖₁=4.237, γ=134010.021, num_knots=748
2025-08-31 23:30:05,965 - Iter 5160: obj=-41.939196, change=3.67e-06, α=1.000, ‖θ[1:]‖₁=4.237, γ=133952.681, num_knots=748
2025-08-31 23:30:06,301 - Iter 5170: obj=-41.939220, change=6.06e-04, α=1.000, ‖θ[1:]‖₁=4.238, γ=1771.362, num_knots=754
2025-08-31 23:30:06,651 - Iter 5180: obj=-41.939631, change=2.91e-06, α=1.000, ‖θ[1:]‖₁=4.238, γ=127282.566, num_knots=787
2025-08-31 23:30:07,017 - Iter 5190: obj=-41.939778, change=2.84e-06, α=1.000, ‖θ[1:]‖₁=4.239, γ=133865.789, num_knots=758
2025-08-31 23:30:07,445 - Iter 5200: obj=-41.942022, change=1.29e-03, α=1.000, ‖θ[1:]‖₁=4.264, γ=134047.768, num_knots=2377
2025-08-31 23:30:07,740 - Iter 5210: obj=-41.945227, change=1.92e-06, α=0.100, ‖θ[1:]‖₁=4.261, γ=129578.567, num_knots=1541
2025-08-31 23:30:07,969 - Iter 5220: obj=-41.945293, change=1.47e-06, α=0.100, ‖θ[1:]‖₁=4.260, γ=133355.697, num_knots=1531
2025-08-31 23:30:08,205 - Iter 5230: obj=-41.945349, change=8.85e-07, α=0.100, ‖θ[1:]‖₁=4.259, γ=132967.561, num_knots=1499
2025-08-31 23:30:08,458 - Iter 5240: obj=-41.945402, change=5.10e-07, α=0.100, ‖θ[1:]‖₁=4.259, γ=128693.470, num_knots=1421
2025-08-31 23:30:08,722 - Iter 5250: obj=-41.945455, change=4.13e-07, α=0.100, ‖θ[1:]‖₁=4.258, γ=124250.597, num_knots=1227
2025-08-31 23:30:09,056 - Iter 5260: obj=-41.945507, change=4.25e-07, α=0.100, ‖θ[1:]‖₁=4.257, γ=124735.518, num_knots=1181
2025-08-31 23:30:09,285 - Iter 5270: obj=-41.945556, change=4.51e-07, α=0.100, ‖θ[1:]‖₁=4.257, γ=125425.857, num_knots=1181
2025-08-31 23:30:09,541 - Iter 5280: obj=-41.945599, change=1.09e-06, α=0.100, ‖θ[1:]‖₁=4.256, γ=132978.248, num_knots=1170
2025-08-31 23:30:09,770 - Iter 5290: obj=-41.945631, change=1.76e-06, α=0.100, ‖θ[1:]‖₁=4.256, γ=133810.468, num_knots=1132
2025-08-31 23:30:10,006 - Iter 5300: obj=-41.945653, change=1.56e-06, α=0.100, ‖θ[1:]‖₁=4.256, γ=133704.088, num_knots=1093
2025-08-31 23:30:10,262 - Iter 5310: obj=-41.945669, change=1.53e-06, α=0.100, ‖θ[1:]‖₁=4.255, γ=133940.427, num_knots=1049
2025-08-31 23:30:10,472 - Iter 5320: obj=-41.945679, change=1.42e-06, α=0.100, ‖θ[1:]‖₁=4.255, γ=134094.874, num_knots=814
2025-08-31 23:30:10,734 - Iter 5330: obj=-41.945685, change=1.19e-06, α=0.100, ‖θ[1:]‖₁=4.255, γ=134141.540, num_knots=809
2025-08-31 23:30:11,005 - Iter 5340: obj=-41.945688, change=8.59e-07, α=0.100, ‖θ[1:]‖₁=4.255, γ=134104.232, num_knots=796
2025-08-31 23:30:11,250 - Iter 5350: obj=-41.945690, change=5.83e-07, α=0.100, ‖θ[1:]‖₁=4.255, γ=133943.804, num_knots=768
2025-08-31 23:30:11,467 - Iter 5360: obj=-41.945692, change=3.82e-07, α=0.100, ‖θ[1:]‖₁=4.255, γ=133457.300, num_knots=754
2025-08-31 23:30:11,707 - Iter 5370: obj=-41.945693, change=2.62e-07, α=0.100, ‖θ[1:]‖₁=4.255, γ=132126.865, num_knots=748
2025-08-31 23:30:11,961 - Iter 5380: obj=-41.945695, change=2.67e-07, α=0.100, ‖θ[1:]‖₁=4.255, γ=128509.929, num_knots=753
2025-08-31 23:30:12,171 - Iter 5390: obj=-41.945696, change=2.85e-07, α=0.100, ‖θ[1:]‖₁=4.255, γ=119209.681, num_knots=758
2025-08-31 23:30:12,530 - Iter 5400: obj=-41.945829, change=2.64e-06, α=1.000, ‖θ[1:]‖₁=4.254, γ=128903.092, num_knots=814
2025-08-31 23:30:12,915 - Iter 5410: obj=-41.946000, change=7.42e-06, α=1.000, ‖θ[1:]‖₁=4.254, γ=133748.164, num_knots=914
2025-08-31 23:30:13,286 - Iter 5420: obj=-41.946016, change=1.26e-05, α=1.000, ‖θ[1:]‖₁=4.254, γ=24058.633, num_knots=777
2025-08-31 23:30:13,687 - Iter 5430: obj=-41.946236, change=6.25e-07, α=0.100, ‖θ[1:]‖₁=4.254, γ=134089.153, num_knots=759
2025-08-31 23:30:13,950 - Iter 5440: obj=-41.946237, change=3.90e-07, α=0.100, ‖θ[1:]‖₁=4.254, γ=134095.869, num_knots=757
2025-08-31 23:30:14,299 - Iter 5450: obj=-41.946243, change=2.72e-06, α=1.000, ‖θ[1:]‖₁=4.254, γ=128581.469, num_knots=757
2025-08-31 23:30:14,700 - Iter 5460: obj=-41.946452, change=2.71e-06, α=1.000, ‖θ[1:]‖₁=4.255, γ=132889.836, num_knots=763
2025-08-31 23:30:15,087 - Iter 5470: obj=-41.946485, change=5.51e-05, α=1.000, ‖θ[1:]‖₁=4.255, γ=3264.780, num_knots=759
2025-08-31 23:30:15,459 - Iter 5480: obj=-41.946727, change=1.90e-04, α=1.000, ‖θ[1:]‖₁=4.256, γ=130178.831, num_knots=759
2025-08-31 23:30:15,705 - Iter 5490: obj=-41.946818, change=6.39e-07, α=0.100, ‖θ[1:]‖₁=4.256, γ=134053.635, num_knots=759
2025-08-31 23:30:15,951 - Iter 5500: obj=-41.946819, change=4.18e-07, α=0.100, ‖θ[1:]‖₁=4.256, γ=134042.124, num_knots=759
2025-08-31 23:30:16,257 - Iter 5510: obj=-41.946825, change=2.72e-06, α=1.000, ‖θ[1:]‖₁=4.256, γ=130295.532, num_knots=759
2025-08-31 23:30:16,642 - Iter 5520: obj=-41.947765, change=2.56e-05, α=1.000, ‖θ[1:]‖₁=4.258, γ=133177.068, num_knots=1141
2025-08-31 23:30:16,946 - Iter 5530: obj=-41.947779, change=2.71e-06, α=1.000, ‖θ[1:]‖₁=4.258, γ=130962.951, num_knots=911
2025-08-31 23:30:17,348 - Iter 5540: obj=-41.947792, change=3.13e-06, α=1.000, ‖θ[1:]‖₁=4.258, γ=114561.996, num_knots=805
2025-08-31 23:30:17,699 - Iter 5550: obj=-41.947889, change=3.96e-07, α=0.100, ‖θ[1:]‖₁=4.259, γ=134028.320, num_knots=762
2025-08-31 23:30:18,051 - Iter 5560: obj=-41.947896, change=2.77e-06, α=1.000, ‖θ[1:]‖₁=4.259, γ=121787.359, num_knots=762
2025-08-31 23:30:18,443 - Iter 5570: obj=-41.953546, change=2.22e-06, α=0.100, ‖θ[1:]‖₁=4.283, γ=126523.798, num_knots=1519
2025-08-31 23:30:18,679 - Iter 5580: obj=-41.953619, change=1.83e-06, α=0.100, ‖θ[1:]‖₁=4.282, γ=132598.042, num_knots=1509
2025-08-31 23:30:18,912 - Iter 5590: obj=-41.953677, change=1.17e-06, α=0.100, ‖θ[1:]‖₁=4.282, γ=133250.669, num_knots=1501
2025-08-31 23:30:19,172 - Iter 5600: obj=-41.953731, change=6.72e-07, α=0.100, ‖θ[1:]‖₁=4.281, γ=131403.547, num_knots=1451
2025-08-31 23:30:19,445 - Iter 5610: obj=-41.953783, change=4.95e-07, α=0.100, ‖θ[1:]‖₁=4.280, γ=128047.631, num_knots=1347
2025-08-31 23:30:19,666 - Iter 5620: obj=-41.953833, change=4.85e-07, α=0.100, ‖θ[1:]‖₁=4.280, γ=127704.455, num_knots=1186
2025-08-31 23:30:19,904 - Iter 5630: obj=-41.953881, change=4.91e-07, α=0.100, ‖θ[1:]‖₁=4.279, γ=127542.675, num_knots=1186
2025-08-31 23:30:20,126 - Iter 5640: obj=-41.953924, change=8.73e-07, α=0.100, ‖θ[1:]‖₁=4.279, γ=132393.736, num_knots=1182
2025-08-31 23:30:20,389 - Iter 5650: obj=-41.953958, change=1.84e-06, α=0.100, ‖θ[1:]‖₁=4.278, γ=133949.971, num_knots=1145
2025-08-31 23:30:20,628 - Iter 5660: obj=-41.953981, change=1.70e-06, α=0.100, ‖θ[1:]‖₁=4.278, γ=133891.325, num_knots=1103
2025-08-31 23:30:20,871 - Iter 5670: obj=-41.953997, change=1.64e-06, α=0.100, ‖θ[1:]‖₁=4.278, γ=134045.744, num_knots=1058
2025-08-31 23:30:21,151 - Iter 5680: obj=-41.954006, change=1.51e-06, α=0.100, ‖θ[1:]‖₁=4.277, γ=134143.512, num_knots=900
2025-08-31 23:30:21,386 - Iter 5690: obj=-41.954012, change=1.20e-06, α=0.100, ‖θ[1:]‖₁=4.277, γ=134158.190, num_knots=806
2025-08-31 23:30:21,629 - Iter 5700: obj=-41.954014, change=8.47e-07, α=0.100, ‖θ[1:]‖₁=4.277, γ=134120.340, num_knots=797
2025-08-31 23:30:21,876 - Iter 5710: obj=-41.954016, change=5.67e-07, α=0.100, ‖θ[1:]‖₁=4.277, γ=133963.786, num_knots=770
2025-08-31 23:30:22,080 - Iter 5720: obj=-41.954018, change=3.67e-07, α=0.100, ‖θ[1:]‖₁=4.277, γ=133474.525, num_knots=757
2025-08-31 23:30:22,312 - Iter 5730: obj=-41.954019, change=2.47e-07, α=0.100, ‖θ[1:]‖₁=4.277, γ=132118.072, num_knots=753
2025-08-31 23:30:22,605 - Iter 5740: obj=-41.954021, change=2.52e-07, α=0.100, ‖θ[1:]‖₁=4.277, γ=128464.676, num_knots=756
2025-08-31 23:30:22,849 - Iter 5750: obj=-41.954022, change=2.70e-07, α=0.100, ‖θ[1:]‖₁=4.277, γ=118905.992, num_knots=760
2025-08-31 23:30:23,231 - Iter 5760: obj=-41.954038, change=1.74e-04, α=1.000, ‖θ[1:]‖₁=4.276, γ=2860.716, num_knots=777
2025-08-31 23:30:23,490 - Iter 5770: obj=-41.954184, change=9.02e-07, α=0.100, ‖θ[1:]‖₁=4.276, γ=134140.665, num_knots=774
2025-08-31 23:30:23,702 - Iter 5780: obj=-41.954186, change=5.61e-07, α=0.100, ‖θ[1:]‖₁=4.276, γ=134169.601, num_knots=774
2025-08-31 23:30:23,961 - Iter 5790: obj=-41.954187, change=3.49e-07, α=0.100, ‖θ[1:]‖₁=4.276, γ=134131.941, num_knots=774
2025-08-31 23:30:24,184 - Iter 5800: obj=-41.954188, change=2.52e-07, α=0.100, ‖θ[1:]‖₁=4.276, γ=133860.937, num_knots=773
2025-08-31 23:30:24,529 - Iter 5810: obj=-41.954207, change=1.93e-04, α=1.000, ‖θ[1:]‖₁=4.276, γ=2393.174, num_knots=768
2025-08-31 23:30:24,785 - Iter 5820: obj=-41.954364, change=3.77e-07, α=0.100, ‖θ[1:]‖₁=4.276, γ=134132.506, num_knots=766
2025-08-31 23:30:25,029 - Iter 5830: obj=-41.954367, change=2.55e-06, α=1.000, ‖θ[1:]‖₁=4.276, γ=133965.827, num_knots=765
2025-08-31 23:30:25,430 - Iter 5840: obj=-41.954604, change=1.04e-05, α=1.000, ‖θ[1:]‖₁=4.276, γ=133973.721, num_knots=858
2025-08-31 23:30:25,820 - Iter 5850: obj=-41.954616, change=3.94e-06, α=1.000, ‖θ[1:]‖₁=4.277, γ=66981.639, num_knots=769
2025-08-31 23:30:26,213 - Iter 5860: obj=-41.954788, change=2.52e-06, α=1.000, ‖θ[1:]‖₁=4.277, γ=133957.866, num_knots=763
2025-08-31 23:30:26,567 - Iter 5870: obj=-41.954819, change=5.47e-04, α=1.000, ‖θ[1:]‖₁=4.278, γ=22445.115, num_knots=753
2025-08-31 23:30:26,914 - Iter 5880: obj=-41.955082, change=3.91e-06, α=1.000, ‖θ[1:]‖₁=4.278, γ=41751.278, num_knots=754
2025-08-31 23:30:27,235 - Iter 5890: obj=-41.955271, change=8.08e-06, α=1.000, ‖θ[1:]‖₁=4.278, γ=6559.568, num_knots=751
2025-08-31 23:30:27,573 - Iter 5900: obj=-41.955463, change=4.51e-06, α=1.000, ‖θ[1:]‖₁=4.279, γ=30948.026, num_knots=749
2025-08-31 23:30:27,924 - Iter 5910: obj=-41.955555, change=3.63e-06, α=1.000, ‖θ[1:]‖₁=4.279, γ=55128.078, num_knots=748
2025-08-31 23:30:28,290 - Iter 5920: obj=-41.962283, change=3.17e-07, α=0.100, ‖θ[1:]‖₁=4.309, γ=129483.297, num_knots=1318
2025-08-31 23:30:28,519 - Iter 5930: obj=-41.962363, change=4.69e-06, α=0.100, ‖θ[1:]‖₁=4.307, γ=130664.982, num_knots=1312
2025-08-31 23:30:28,784 - Iter 5940: obj=-41.962450, change=8.89e-07, α=0.100, ‖θ[1:]‖₁=4.307, γ=109307.909, num_knots=1299
2025-08-31 23:30:29,006 - Iter 5950: obj=-41.962560, change=1.63e-06, α=0.100, ‖θ[1:]‖₁=4.305, γ=132950.035, num_knots=1245
2025-08-31 23:30:29,252 - Iter 5960: obj=-41.962608, change=3.87e-07, α=0.100, ‖θ[1:]‖₁=4.305, γ=116081.606, num_knots=1174
2025-08-31 23:30:29,497 - Iter 5970: obj=-41.962788, change=1.18e-06, α=0.100, ‖θ[1:]‖₁=4.302, γ=128585.499, num_knots=1598
2025-08-31 23:30:29,720 - Iter 5980: obj=-41.962798, change=5.63e-07, α=0.100, ‖θ[1:]‖₁=4.302, γ=126833.863, num_knots=1582
2025-08-31 23:30:29,966 - Iter 5990: obj=-41.962803, change=2.43e-07, α=0.100, ‖θ[1:]‖₁=4.302, γ=116642.478, num_knots=1530
2025-08-31 23:30:30,229 - Iter 6000: obj=-41.962806, change=1.30e-06, α=0.100, ‖θ[1:]‖₁=4.302, γ=10696.134, num_knots=1217
2025-08-31 23:30:30,456 - Iter 6010: obj=-41.962821, change=6.59e-06, α=0.100, ‖θ[1:]‖₁=4.302, γ=1880.967, num_knots=844
2025-08-31 23:30:30,745 - Iter 6020: obj=-41.962919, change=4.15e-06, α=1.000, ‖θ[1:]‖₁=4.301, γ=24928.912, num_knots=742
2025-08-31 23:30:31,056 - Iter 6030: obj=-41.963015, change=8.23e-07, α=0.100, ‖θ[1:]‖₁=4.300, γ=134128.612, num_knots=739
2025-08-31 23:30:31,292 - Iter 6040: obj=-41.963016, change=5.19e-07, α=0.100, ‖θ[1:]‖₁=4.300, γ=134161.974, num_knots=739
2025-08-31 23:30:31,543 - Iter 6050: obj=-41.963018, change=3.27e-07, α=0.100, ‖θ[1:]‖₁=4.300, γ=134118.031, num_knots=739
2025-08-31 23:30:31,764 - Iter 6060: obj=-41.963019, change=2.32e-07, α=0.100, ‖θ[1:]‖₁=4.300, γ=133812.219, num_knots=739
2025-08-31 23:30:32,111 - Iter 6070: obj=-41.963021, change=2.38e-06, α=1.000, ‖θ[1:]‖₁=4.300, γ=116892.703, num_knots=739
2025-08-31 23:30:32,456 - Iter 6080: obj=-41.963102, change=4.53e-06, α=1.000, ‖θ[1:]‖₁=4.300, γ=27562.613, num_knots=734
2025-08-31 23:30:32,740 - Iter 6090: obj=-41.963203, change=2.93e-07, α=0.100, ‖θ[1:]‖₁=4.300, γ=134112.163, num_knots=731
2025-08-31 23:30:33,032 - Iter 6100: obj=-41.963207, change=2.35e-06, α=1.000, ‖θ[1:]‖₁=4.300, γ=130038.298, num_knots=731
2025-08-31 23:30:33,366 - Iter 6110: obj=-41.963344, change=4.24e-07, α=0.100, ‖θ[1:]‖₁=4.300, γ=134041.162, num_knots=727
2025-08-31 23:30:33,604 - Iter 6120: obj=-41.963345, change=2.80e-07, α=0.100, ‖θ[1:]‖₁=4.300, γ=134044.443, num_knots=727
2025-08-31 23:30:33,925 - Iter 6130: obj=-41.963351, change=2.68e-06, α=1.000, ‖θ[1:]‖₁=4.300, γ=90454.642, num_knots=726
2025-08-31 23:30:34,210 - Iter 6140: obj=-41.963601, change=7.22e-07, α=0.100, ‖θ[1:]‖₁=4.301, γ=134013.587, num_knots=723
2025-08-31 23:30:34,411 - Iter 6150: obj=-41.963602, change=4.78e-07, α=0.100, ‖θ[1:]‖₁=4.301, γ=134006.285, num_knots=722
2025-08-31 23:30:34,652 - Iter 6160: obj=-41.963603, change=3.19e-07, α=0.100, ‖θ[1:]‖₁=4.301, γ=133988.526, num_knots=722
2025-08-31 23:30:34,976 - Iter 6170: obj=-41.963608, change=2.42e-06, α=1.000, ‖θ[1:]‖₁=4.301, γ=123668.228, num_knots=722
2025-08-31 23:30:35,383 - Iter 6180: obj=-41.963777, change=2.33e-06, α=1.000, ‖θ[1:]‖₁=4.301, γ=133743.326, num_knots=746
2025-08-31 23:30:35,737 - Iter 6190: obj=-41.963796, change=4.26e-03, α=1.000, ‖θ[1:]‖₁=4.307, γ=98237.660, num_knots=712
2025-08-31 23:30:35,976 - Iter 6200: obj=-41.965508, change=3.73e-06, α=0.100, ‖θ[1:]‖₁=4.307, γ=134023.447, num_knots=712
2025-08-31 23:30:36,211 - Iter 6210: obj=-41.965516, change=2.47e-06, α=0.100, ‖θ[1:]‖₁=4.307, γ=134030.557, num_knots=712
2025-08-31 23:30:36,432 - Iter 6220: obj=-41.965520, change=1.63e-06, α=0.100, ‖θ[1:]‖₁=4.307, γ=134037.589, num_knots=712
2025-08-31 23:30:36,665 - Iter 6230: obj=-41.965522, change=1.08e-06, α=0.100, ‖θ[1:]‖₁=4.307, γ=134045.327, num_knots=712
2025-08-31 23:30:36,906 - Iter 6240: obj=-41.965524, change=7.18e-07, α=0.100, ‖θ[1:]‖₁=4.307, γ=134054.100, num_knots=712
2025-08-31 23:30:37,136 - Iter 6250: obj=-41.965525, change=4.80e-07, α=0.100, ‖θ[1:]‖₁=4.307, γ=134063.110, num_knots=712
2025-08-31 23:30:37,375 - Iter 6260: obj=-41.965526, change=3.22e-07, α=0.100, ‖θ[1:]‖₁=4.307, γ=134068.602, num_knots=712
2025-08-31 23:30:37,621 - Iter 6270: obj=-41.965528, change=2.32e-06, α=1.000, ‖θ[1:]‖₁=4.307, γ=133989.555, num_knots=712
2025-08-31 23:30:37,945 - Iter 6280: obj=-41.965629, change=2.46e-04, α=1.000, ‖θ[1:]‖₁=4.307, γ=126130.413, num_knots=712
2025-08-31 23:30:38,296 - Iter 6290: obj=-41.965736, change=2.75e-06, α=1.000, ‖θ[1:]‖₁=4.307, γ=90649.421, num_knots=730
2025-08-31 23:30:38,671 - Iter 6300: obj=-41.965831, change=2.43e-06, α=1.000, ‖θ[1:]‖₁=4.307, γ=115043.337, num_knots=712
2025-08-31 23:30:39,175 - Iter 6310: obj=-41.966240, change=2.26e-06, α=1.000, ‖θ[1:]‖₁=4.309, γ=133954.844, num_knots=788
2025-08-31 23:30:39,695 - Iter 6320: obj=-41.966250, change=5.68e-06, α=1.000, ‖θ[1:]‖₁=4.309, γ=45610.483, num_knots=735
2025-08-31 23:30:40,027 - Iter 6330: obj=-41.966536, change=2.86e-07, α=0.100, ‖θ[1:]‖₁=4.309, γ=133993.233, num_knots=710
2025-08-31 23:30:40,360 - Iter 6340: obj=-41.966541, change=2.35e-06, α=1.000, ‖θ[1:]‖₁=4.309, γ=124255.790, num_knots=710
2025-08-31 23:30:40,735 - Iter 6350: obj=-41.966669, change=2.30e-06, α=1.000, ‖θ[1:]‖₁=4.310, γ=131325.470, num_knots=721
2025-08-31 23:30:41,055 - Iter 6360: obj=-41.966720, change=2.31e-06, α=1.000, ‖θ[1:]‖₁=4.310, γ=130502.546, num_knots=710
2025-08-31 23:30:41,393 - Iter 6370: obj=-41.966847, change=3.13e-06, α=1.000, ‖θ[1:]‖₁=4.310, γ=82857.523, num_knots=713
2025-08-31 23:30:41,685 - Iter 6380: obj=-41.966996, change=3.72e-07, α=0.100, ‖θ[1:]‖₁=4.311, γ=133998.858, num_knots=710
2025-08-31 23:30:41,885 - Iter 6390: obj=-41.966997, change=2.52e-07, α=0.100, ‖θ[1:]‖₁=4.311, γ=133972.306, num_knots=708
2025-08-31 23:30:42,270 - Iter 6400: obj=-41.967006, change=8.32e-06, α=1.000, ‖θ[1:]‖₁=4.311, γ=4874.035, num_knots=708
2025-08-31 23:30:42,658 - Iter 6410: obj=-41.967143, change=3.32e-05, α=1.000, ‖θ[1:]‖₁=4.311, γ=46.326, num_knots=708
2025-08-31 23:30:42,937 - Iter 6420: obj=-41.969709, change=3.27e-06, α=0.100, ‖θ[1:]‖₁=4.319, γ=134019.962, num_knots=702
2025-08-31 23:30:43,139 - Iter 6430: obj=-41.969715, change=2.18e-06, α=0.100, ‖θ[1:]‖₁=4.319, γ=134026.381, num_knots=702
2025-08-31 23:30:43,411 - Iter 6440: obj=-41.969719, change=1.45e-06, α=0.100, ‖θ[1:]‖₁=4.319, γ=134032.763, num_knots=702
2025-08-31 23:30:43,822 - Iter 6450: obj=-41.969721, change=9.67e-07, α=0.100, ‖θ[1:]‖₁=4.319, γ=134039.728, num_knots=702
2025-08-31 23:30:44,083 - Iter 6460: obj=-41.969722, change=6.48e-07, α=0.100, ‖θ[1:]‖₁=4.319, γ=134047.412, num_knots=702
2025-08-31 23:30:44,300 - Iter 6470: obj=-41.969723, change=4.35e-07, α=0.100, ‖θ[1:]‖₁=4.319, γ=134054.769, num_knots=702
2025-08-31 23:30:44,546 - Iter 6480: obj=-41.969724, change=2.95e-07, α=0.100, ‖θ[1:]‖₁=4.319, γ=134057.742, num_knots=702
2025-08-31 23:30:44,819 - Iter 6490: obj=-41.969726, change=2.22e-06, α=1.000, ‖θ[1:]‖₁=4.319, γ=133970.544, num_knots=702
2025-08-31 23:30:45,213 - Iter 6500: obj=-41.969785, change=2.00e-04, α=1.000, ‖θ[1:]‖₁=4.319, γ=114042.892, num_knots=702
2025-08-31 23:30:45,577 - Iter 6510: obj=-41.969870, change=3.80e-06, α=1.000, ‖θ[1:]‖₁=4.319, γ=41778.311, num_knots=713
2025-08-31 23:30:45,967 - Iter 6520: obj=-41.969952, change=2.54e-04, α=1.000, ‖θ[1:]‖₁=4.320, γ=1625.165, num_knots=702
2025-08-31 23:30:46,320 - Iter 6530: obj=-41.970127, change=2.36e-06, α=1.000, ‖θ[1:]‖₁=4.320, γ=110839.606, num_knots=728
2025-08-31 23:30:46,679 - Iter 6540: obj=-41.970157, change=4.77e-06, α=1.000, ‖θ[1:]‖₁=4.320, γ=18918.038, num_knots=708
2025-08-31 23:30:47,052 - Iter 6550: obj=-41.971198, change=2.72e-06, α=0.100, ‖θ[1:]‖₁=4.323, γ=134108.669, num_knots=1842
2025-08-31 23:30:47,269 - Iter 6560: obj=-41.971202, change=8.12e-07, α=0.100, ‖θ[1:]‖₁=4.323, γ=133604.816, num_knots=1834
2025-08-31 23:30:47,510 - Iter 6570: obj=-41.971204, change=2.23e-07, α=0.100, ‖θ[1:]‖₁=4.323, γ=124553.078, num_knots=1706
2025-08-31 23:30:47,873 - Iter 6580: obj=-41.971213, change=2.29e-06, α=1.000, ‖θ[1:]‖₁=4.323, γ=125322.127, num_knots=866
2025-08-31 23:30:48,234 - Iter 6590: obj=-41.971223, change=2.34e-06, α=1.000, ‖θ[1:]‖₁=4.323, γ=116359.389, num_knots=779
2025-08-31 23:30:48,606 - Iter 6600: obj=-41.971394, change=1.43e-06, α=0.100, ‖θ[1:]‖₁=4.324, γ=133982.560, num_knots=715
2025-08-31 23:30:48,842 - Iter 6610: obj=-41.971396, change=8.86e-07, α=0.100, ‖θ[1:]‖₁=4.324, γ=133983.759, num_knots=715
2025-08-31 23:30:49,085 - Iter 6620: obj=-41.971397, change=5.81e-07, α=0.100, ‖θ[1:]‖₁=4.324, γ=133983.238, num_knots=715
2025-08-31 23:30:49,307 - Iter 6630: obj=-41.971398, change=3.84e-07, α=0.100, ‖θ[1:]‖₁=4.324, γ=133977.750, num_knots=714
2025-08-31 23:30:49,551 - Iter 6640: obj=-41.971399, change=2.56e-07, α=0.100, ‖θ[1:]‖₁=4.324, γ=133958.730, num_knots=712
2025-08-31 23:30:49,963 - Iter 6650: obj=-41.971405, change=2.80e-06, α=1.000, ‖θ[1:]‖₁=4.324, γ=67930.666, num_knots=712
2025-08-31 23:30:50,343 - Iter 6660: obj=-41.971565, change=2.18e-06, α=1.000, ‖θ[1:]‖₁=4.324, γ=132103.775, num_knots=729
2025-08-31 23:30:50,766 - Iter 6670: obj=-41.971604, change=2.70e-06, α=1.000, ‖θ[1:]‖₁=4.324, γ=132080.699, num_knots=707
2025-08-31 23:30:51,142 - Iter 6680: obj=-41.971700, change=2.31e-06, α=1.000, ‖θ[1:]‖₁=4.325, γ=109967.067, num_knots=708
2025-08-31 23:30:51,566 - Iter 6690: obj=-41.971872, change=2.16e-06, α=1.000, ‖θ[1:]‖₁=4.325, γ=133554.497, num_knots=734
2025-08-31 23:30:51,903 - Iter 6700: obj=-41.971904, change=1.98e-05, α=1.000, ‖θ[1:]‖₁=4.325, γ=120991.226, num_knots=706
2025-08-31 23:30:52,266 - Iter 6710: obj=-41.977647, change=4.79e-05, α=1.000, ‖θ[1:]‖₁=4.344, γ=133827.921, num_knots=740
2025-08-31 23:30:52,494 - Iter 6720: obj=-41.977704, change=2.78e-06, α=0.100, ‖θ[1:]‖₁=4.344, γ=134065.003, num_knots=740
2025-08-31 23:30:52,738 - Iter 6730: obj=-41.977711, change=1.95e-06, α=0.100, ‖θ[1:]‖₁=4.344, γ=134057.101, num_knots=740
2025-08-31 23:30:52,964 - Iter 6740: obj=-41.977714, change=1.34e-06, α=0.100, ‖θ[1:]‖₁=4.344, γ=134060.806, num_knots=723
2025-08-31 23:30:53,229 - Iter 6750: obj=-41.977716, change=9.12e-07, α=0.100, ‖θ[1:]‖₁=4.344, γ=134072.671, num_knots=691
2025-08-31 23:30:53,484 - Iter 6760: obj=-41.977717, change=6.17e-07, α=0.100, ‖θ[1:]‖₁=4.344, γ=134090.828, num_knots=691
2025-08-31 23:30:53,722 - Iter 6770: obj=-41.977718, change=4.18e-07, α=0.100, ‖θ[1:]‖₁=4.344, γ=134112.429, num_knots=691
2025-08-31 23:30:53,968 - Iter 6780: obj=-41.977719, change=2.84e-07, α=0.100, ‖θ[1:]‖₁=4.344, γ=134129.494, num_knots=691
2025-08-31 23:30:54,197 - Iter 6790: obj=-41.977720, change=2.04e-07, α=0.100, ‖θ[1:]‖₁=4.344, γ=134120.099, num_knots=691
2025-08-31 23:30:54,485 - Iter 6800: obj=-41.977724, change=2.23e-06, α=1.000, ‖θ[1:]‖₁=4.344, γ=100163.822, num_knots=696
2025-08-31 23:30:54,868 - Iter 6810: obj=-41.977846, change=2.03e-06, α=1.000, ‖θ[1:]‖₁=4.344, γ=131980.144, num_knots=720
2025-08-31 23:30:55,213 - Iter 6820: obj=-41.977904, change=2.03e-06, α=1.000, ‖θ[1:]‖₁=4.344, γ=129169.019, num_knots=705
2025-08-31 23:30:55,514 - Iter 6830: obj=-41.978024, change=3.28e-07, α=0.100, ‖θ[1:]‖₁=4.344, γ=133983.790, num_knots=702
2025-08-31 23:30:55,744 - Iter 6840: obj=-41.978025, change=2.21e-07, α=0.100, ‖θ[1:]‖₁=4.344, γ=133965.583, num_knots=702
2025-08-31 23:30:56,086 - Iter 6850: obj=-41.978031, change=2.57e-06, α=1.000, ‖θ[1:]‖₁=4.344, γ=71181.846, num_knots=702
2025-08-31 23:30:56,452 - Iter 6860: obj=-41.978154, change=2.04e-06, α=1.000, ‖θ[1:]‖₁=4.345, γ=130728.495, num_knots=720
2025-08-31 23:30:56,897 - Iter 6870: obj=-41.978343, change=4.20e-06, α=1.000, ‖θ[1:]‖₁=4.345, γ=133918.151, num_knots=766
2025-08-31 23:30:57,346 - Iter 6880: obj=-41.978351, change=2.95e-06, α=1.000, ‖θ[1:]‖₁=4.345, γ=44255.495, num_knots=719
2025-08-31 23:30:57,719 - Iter 6890: obj=-41.978383, change=4.07e-05, α=1.000, ‖θ[1:]‖₁=4.346, γ=872.351, num_knots=704
2025-08-31 23:30:58,087 - Iter 6900: obj=-41.978519, change=4.92e-06, α=1.000, ‖θ[1:]‖₁=4.346, γ=14333.701, num_knots=702
2025-08-31 23:30:58,371 - Iter 6910: obj=-41.979611, change=3.84e-07, α=0.100, ‖θ[1:]‖₁=4.349, γ=133977.027, num_knots=696
2025-08-31 23:30:58,624 - Iter 6920: obj=-41.979612, change=2.61e-07, α=0.100, ‖θ[1:]‖₁=4.349, γ=133955.966, num_knots=696
2025-08-31 23:30:58,920 - Iter 6930: obj=-41.979615, change=2.01e-06, α=1.000, ‖θ[1:]‖₁=4.349, γ=132692.968, num_knots=696
2025-08-31 23:30:59,247 - Iter 6940: obj=-41.979718, change=1.99e-06, α=1.000, ‖θ[1:]‖₁=4.350, γ=129855.048, num_knots=711
2025-08-31 23:30:59,627 - Iter 6950: obj=-41.979982, change=4.86e-06, α=1.000, ‖θ[1:]‖₁=4.351, γ=133906.658, num_knots=794
2025-08-31 23:30:59,992 - Iter 6960: obj=-41.979989, change=2.64e-06, α=1.000, ‖θ[1:]‖₁=4.351, γ=77479.493, num_knots=716
2025-08-31 23:31:00,381 - Iter 6970: obj=-41.980018, change=1.64e-04, α=1.000, ‖θ[1:]‖₁=4.351, γ=402.354, num_knots=699
2025-08-31 23:31:00,660 - Iter 6980: obj=-41.980311, change=6.67e-07, α=0.100, ‖θ[1:]‖₁=4.352, γ=133982.970, num_knots=699
2025-08-31 23:31:00,912 - Iter 6990: obj=-41.980312, change=4.46e-07, α=0.100, ‖θ[1:]‖₁=4.352, γ=133977.902, num_knots=698
2025-08-31 23:31:01,151 - Iter 7000: obj=-41.980313, change=3.00e-07, α=0.100, ‖θ[1:]‖₁=4.352, γ=133965.452, num_knots=698
2025-08-31 23:31:01,404 - Iter 7010: obj=-41.980314, change=2.04e-07, α=0.100, ‖θ[1:]‖₁=4.352, γ=133936.235, num_knots=698
2025-08-31 23:31:01,765 - Iter 7020: obj=-41.980321, change=8.34e-06, α=1.000, ‖θ[1:]‖₁=4.352, γ=3062.775, num_knots=698
2025-08-31 23:31:02,179 - Iter 7030: obj=-41.980419, change=2.53e-06, α=1.000, ‖θ[1:]‖₁=4.352, γ=76845.416, num_knots=707
2025-08-31 23:31:02,511 - Iter 7040: obj=-41.980642, change=2.01e-06, α=1.000, ‖θ[1:]‖₁=4.353, γ=127098.250, num_knots=707
2025-08-31 23:31:02,937 - Iter 7050: obj=-41.980711, change=1.98e-06, α=1.000, ‖θ[1:]‖₁=4.353, γ=132202.696, num_knots=710
2025-08-31 23:31:03,290 - Iter 7060: obj=-41.980765, change=1.98e-06, α=1.000, ‖θ[1:]‖₁=4.353, γ=133222.385, num_knots=699
2025-08-31 23:31:03,725 - Iter 7070: obj=-41.986623, change=3.66e-05, α=1.000, ‖θ[1:]‖₁=4.392, γ=125770.476, num_knots=2163
2025-08-31 23:31:03,965 - Iter 7080: obj=-41.987298, change=1.68e-06, α=0.100, ‖θ[1:]‖₁=4.386, γ=133590.393, num_knots=1229
2025-08-31 23:31:04,187 - Iter 7090: obj=-41.987347, change=5.73e-07, α=0.100, ‖θ[1:]‖₁=4.386, γ=131626.733, num_knots=1220
2025-08-31 23:31:04,431 - Iter 7100: obj=-41.987398, change=2.58e-07, α=0.100, ‖θ[1:]‖₁=4.385, γ=115490.309, num_knots=1190
2025-08-31 23:31:04,660 - Iter 7110: obj=-41.987480, change=3.89e-07, α=0.100, ‖θ[1:]‖₁=4.384, γ=19394.862, num_knots=1167
2025-08-31 23:31:04,880 - Iter 7120: obj=-41.987563, change=2.60e-07, α=0.100, ‖θ[1:]‖₁=4.383, γ=74475.986, num_knots=1167
2025-08-31 23:31:05,143 - Iter 7130: obj=-41.987496, change=3.60e-04, α=1.000, ‖θ[1:]‖₁=4.380, γ=134148.501, num_knots=1621
2025-08-31 23:31:05,393 - Iter 7140: obj=-41.987815, change=1.36e-06, α=0.100, ‖θ[1:]‖₁=4.380, γ=131079.008, num_knots=1616
2025-08-31 23:31:05,647 - Iter 7150: obj=-41.987820, change=5.61e-07, α=0.100, ‖θ[1:]‖₁=4.379, γ=125362.749, num_knots=1591
2025-08-31 23:31:05,898 - Iter 7160: obj=-41.987824, change=2.49e-07, α=0.100, ‖θ[1:]‖₁=4.379, γ=39011.347, num_knots=1510
2025-08-31 23:31:06,166 - Iter 7170: obj=-41.987838, change=1.59e-06, α=0.100, ‖θ[1:]‖₁=4.379, γ=134133.104, num_knots=737
2025-08-31 23:31:06,397 - Iter 7180: obj=-41.987840, change=9.55e-07, α=0.100, ‖θ[1:]‖₁=4.379, γ=134150.400, num_knots=737
2025-08-31 23:31:06,648 - Iter 7190: obj=-41.987841, change=5.65e-07, α=0.100, ‖θ[1:]‖₁=4.379, γ=133911.840, num_knots=737
2025-08-31 23:31:06,870 - Iter 7200: obj=-41.987842, change=3.27e-07, α=0.100, ‖θ[1:]‖₁=4.379, γ=132842.916, num_knots=737
2025-08-31 23:31:07,102 - Iter 7210: obj=-41.987843, change=1.80e-07, α=0.100, ‖θ[1:]‖₁=4.379, γ=129356.835, num_knots=737
2025-08-31 23:31:07,345 - Iter 7220: obj=-41.987844, change=1.76e-07, α=0.100, ‖θ[1:]‖₁=4.379, γ=119313.117, num_knots=737
2025-08-31 23:31:07,588 - Iter 7230: obj=-41.987845, change=2.18e-07, α=0.100, ‖θ[1:]‖₁=4.379, γ=93657.527, num_knots=735
2025-08-31 23:31:07,804 - Iter 7240: obj=-41.987846, change=4.63e-07, α=0.100, ‖θ[1:]‖₁=4.379, γ=38874.671, num_knots=735
2025-08-31 23:31:08,045 - Iter 7250: obj=-41.987863, change=9.57e-06, α=0.100, ‖θ[1:]‖₁=4.379, γ=2042.490, num_knots=735
2025-08-31 23:31:08,284 - Iter 7260: obj=-41.987902, change=8.42e-06, α=0.100, ‖θ[1:]‖₁=4.378, γ=1889.108, num_knots=733
2025-08-31 23:31:08,553 - Iter 7270: obj=-41.988007, change=2.94e-07, α=0.100, ‖θ[1:]‖₁=4.377, γ=134161.885, num_knots=732
2025-08-31 23:31:08,931 - Iter 7280: obj=-41.988008, change=1.80e-07, α=0.100, ‖θ[1:]‖₁=4.377, γ=134030.533, num_knots=730
2025-08-31 23:31:09,349 - Iter 7290: obj=-41.988009, change=1.74e-07, α=0.100, ‖θ[1:]‖₁=4.377, γ=133337.131, num_knots=727
2025-08-31 23:31:09,665 - Iter 7300: obj=-41.988016, change=6.37e-05, α=1.000, ‖θ[1:]‖₁=4.377, γ=2006.674, num_knots=727
2025-08-31 23:31:10,047 - Iter 7310: obj=-41.988086, change=7.05e-06, α=1.000, ‖θ[1:]‖₁=4.377, γ=3879.510, num_knots=722
2025-08-31 23:31:10,414 - Iter 7320: obj=-41.988137, change=1.65e-05, α=1.000, ‖θ[1:]‖₁=4.377, γ=1115.341, num_knots=721
2025-08-31 23:31:10,649 - Iter 7330: obj=-41.988266, change=2.53e-07, α=0.100, ‖θ[1:]‖₁=4.378, γ=133954.262, num_knots=720
2025-08-31 23:31:10,871 - Iter 7340: obj=-41.988267, change=1.78e-06, α=1.000, ‖θ[1:]‖₁=4.378, γ=133867.518, num_knots=720
2025-08-31 23:31:11,230 - Iter 7350: obj=-41.988388, change=9.64e-06, α=1.000, ‖θ[1:]‖₁=4.378, γ=133787.763, num_knots=720
2025-08-31 23:31:11,600 - Iter 7360: obj=-41.988398, change=2.56e-05, α=1.000, ‖θ[1:]‖₁=4.378, γ=434.890, num_knots=717
2025-08-31 23:31:11,932 - Iter 7370: obj=-41.988608, change=1.81e-06, α=1.000, ‖θ[1:]‖₁=4.379, γ=125110.832, num_knots=728
2025-08-31 23:31:12,224 - Iter 7380: obj=-41.988690, change=2.75e-07, α=0.100, ‖θ[1:]‖₁=4.379, γ=133930.851, num_knots=714
2025-08-31 23:31:12,453 - Iter 7390: obj=-41.988690, change=1.82e-07, α=0.100, ‖θ[1:]‖₁=4.379, γ=133904.050, num_knots=714
2025-08-31 23:31:12,845 - Iter 7400: obj=-41.988697, change=1.83e-05, α=1.000, ‖θ[1:]‖₁=4.379, γ=77.995, num_knots=714
2025-08-31 23:31:13,085 - Iter 7410: obj=-41.989729, change=1.63e-06, α=0.100, ‖θ[1:]‖₁=4.384, γ=133954.976, num_knots=705
2025-08-31 23:31:13,333 - Iter 7420: obj=-41.989731, change=1.06e-06, α=0.100, ‖θ[1:]‖₁=4.383, γ=133964.835, num_knots=705
2025-08-31 23:31:13,543 - Iter 7430: obj=-41.989732, change=6.91e-07, α=0.100, ‖θ[1:]‖₁=4.383, γ=133977.513, num_knots=705
2025-08-31 23:31:13,777 - Iter 7440: obj=-41.989732, change=4.52e-07, α=0.100, ‖θ[1:]‖₁=4.383, γ=133993.755, num_knots=705
2025-08-31 23:31:13,989 - Iter 7450: obj=-41.989733, change=2.97e-07, α=0.100, ‖θ[1:]‖₁=4.383, γ=134012.740, num_knots=705
2025-08-31 23:31:14,216 - Iter 7460: obj=-41.989734, change=1.97e-07, α=0.100, ‖θ[1:]‖₁=4.383, γ=134028.884, num_knots=705
2025-08-31 23:31:14,520 - Iter 7470: obj=-41.989737, change=1.77e-06, α=1.000, ‖θ[1:]‖₁=4.383, γ=127574.426, num_knots=705
2025-08-31 23:31:14,875 - Iter 7480: obj=-41.989843, change=3.15e-07, α=0.100, ‖θ[1:]‖₁=4.384, γ=133945.725, num_knots=704
2025-08-31 23:31:15,116 - Iter 7490: obj=-41.989844, change=2.10e-07, α=0.100, ‖θ[1:]‖₁=4.384, γ=133935.671, num_knots=704
2025-08-31 23:31:15,432 - Iter 7500: obj=-41.989846, change=1.78e-06, α=1.000, ‖θ[1:]‖₁=4.384, γ=129461.066, num_knots=704
2025-08-31 23:31:15,776 - Iter 7510: obj=-41.990506, change=6.45e-07, α=0.100, ‖θ[1:]‖₁=4.386, γ=133912.351, num_knots=703
2025-08-31 23:31:16,039 - Iter 7520: obj=-41.990507, change=4.24e-07, α=0.100, ‖θ[1:]‖₁=4.386, γ=133895.461, num_knots=703
2025-08-31 23:31:16,279 - Iter 7530: obj=-41.990507, change=2.81e-07, α=0.100, ‖θ[1:]‖₁=4.386, γ=133864.519, num_knots=703
2025-08-31 23:31:16,495 - Iter 7540: obj=-41.990508, change=1.88e-07, α=0.100, ‖θ[1:]‖₁=4.386, γ=133806.107, num_knots=703
2025-08-31 23:31:16,855 - Iter 7550: obj=-41.990513, change=4.29e-06, α=1.000, ‖θ[1:]‖₁=4.386, γ=13485.748, num_knots=703
2025-08-31 23:31:17,218 - Iter 7560: obj=-41.990746, change=1.75e-06, α=1.000, ‖θ[1:]‖₁=4.387, γ=130379.363, num_knots=714
2025-08-31 23:31:17,579 - Iter 7570: obj=-41.990835, change=1.72e-06, α=1.000, ‖θ[1:]‖₁=4.387, γ=133882.105, num_knots=702
2025-08-31 23:31:17,987 - Iter 7580: obj=-41.990844, change=1.05e-04, α=1.000, ‖θ[1:]‖₁=4.387, γ=319.937, num_knots=696
2025-08-31 23:31:18,265 - Iter 7590: obj=-41.991112, change=4.57e-07, α=0.100, ‖θ[1:]‖₁=4.388, γ=133933.187, num_knots=696
2025-08-31 23:31:18,499 - Iter 7600: obj=-41.991113, change=3.04e-07, α=0.100, ‖θ[1:]‖₁=4.388, γ=133924.469, num_knots=696
2025-08-31 23:31:18,730 - Iter 7610: obj=-41.991114, change=2.04e-07, α=0.100, ‖θ[1:]‖₁=4.388, γ=133903.694, num_knots=696
2025-08-31 23:31:19,009 - Iter 7620: obj=-41.991116, change=1.75e-06, α=1.000, ‖θ[1:]‖₁=4.388, γ=129628.997, num_knots=696
2025-08-31 23:31:19,411 - Iter 7630: obj=-41.991249, change=1.72e-06, α=1.000, ‖θ[1:]‖₁=4.389, γ=133566.226, num_knots=700
2025-08-31 23:31:19,773 - Iter 7640: obj=-41.991352, change=4.80e-06, α=1.000, ‖θ[1:]‖₁=4.389, γ=133875.783, num_knots=695
2025-08-31 23:31:20,112 - Iter 7650: obj=-41.991434, change=1.73e-06, α=1.000, ‖θ[1:]‖₁=4.389, γ=132934.778, num_knots=693
2025-08-31 23:31:20,468 - Iter 7660: obj=-41.991531, change=1.73e-06, α=1.000, ‖θ[1:]‖₁=4.390, γ=133639.851, num_knots=696
2025-08-31 23:31:20,819 - Iter 7670: obj=-41.991627, change=3.99e-05, α=1.000, ‖θ[1:]‖₁=4.390, γ=133159.851, num_knots=692
2025-08-31 23:31:21,075 - Iter 7680: obj=-41.991641, change=2.45e-07, α=0.100, ‖θ[1:]‖₁=4.390, γ=133902.794, num_knots=692
2025-08-31 23:31:21,305 - Iter 7690: obj=-41.991641, change=1.74e-07, α=0.100, ‖θ[1:]‖₁=4.390, γ=133869.732, num_knots=690
2025-08-31 23:31:21,644 - Iter 7700: obj=-41.991647, change=9.64e-06, α=1.000, ‖θ[1:]‖₁=4.390, γ=876.452, num_knots=690
2025-08-31 23:31:22,012 - Iter 7710: obj=-41.991741, change=2.35e-06, α=1.000, ‖θ[1:]‖₁=4.390, γ=61832.396, num_knots=691
2025-08-31 23:31:22,479 - Iter 7720: obj=-41.991902, change=1.71e-06, α=1.000, ‖θ[1:]‖₁=4.391, γ=133296.764, num_knots=709
2025-08-31 23:31:22,926 - Iter 7730: obj=-41.991914, change=6.11e-05, α=1.000, ‖θ[1:]‖₁=4.391, γ=11726.133, num_knots=689
2025-08-31 23:31:23,333 - Iter 7740: obj=-41.991948, change=1.88e-03, α=1.000, ‖θ[1:]‖₁=4.393, γ=18961.080, num_knots=683
2025-08-31 23:31:23,591 - Iter 7750: obj=-41.992542, change=2.94e-07, α=0.100, ‖θ[1:]‖₁=4.393, γ=133943.920, num_knots=683
2025-08-31 23:31:23,813 - Iter 7760: obj=-41.992543, change=1.98e-07, α=0.100, ‖θ[1:]‖₁=4.393, γ=133936.554, num_knots=683
2025-08-31 23:31:24,133 - Iter 7770: obj=-41.992545, change=1.70e-06, α=1.000, ‖θ[1:]‖₁=4.393, γ=132620.111, num_knots=682
2025-08-31 23:31:24,528 - Iter 7780: obj=-41.992633, change=1.67e-06, α=1.000, ‖θ[1:]‖₁=4.393, γ=133861.456, num_knots=701
2025-08-31 23:31:24,926 - Iter 7790: obj=-41.992640, change=1.33e-05, α=1.000, ‖θ[1:]‖₁=4.393, γ=512.767, num_knots=684
2025-08-31 23:31:25,311 - Iter 7800: obj=-41.992786, change=2.37e-06, α=1.000, ‖θ[1:]‖₁=4.394, γ=56252.674, num_knots=680
2025-08-31 23:31:25,607 - Iter 7810: obj=-41.995889, change=1.54e-06, α=0.100, ‖θ[1:]‖₁=4.408, γ=132101.024, num_knots=1235
2025-08-31 23:31:25,867 - Iter 7820: obj=-41.995932, change=1.62e-06, α=0.100, ‖θ[1:]‖₁=4.407, γ=133452.309, num_knots=1192
2025-08-31 23:31:26,103 - Iter 7830: obj=-41.995964, change=2.93e-06, α=0.100, ‖θ[1:]‖₁=4.407, γ=133954.026, num_knots=1154
2025-08-31 23:31:26,332 - Iter 7840: obj=-41.995983, change=2.84e-06, α=0.100, ‖θ[1:]‖₁=4.407, γ=133966.633, num_knots=1151
2025-08-31 23:31:26,574 - Iter 7850: obj=-41.995992, change=2.20e-06, α=0.100, ‖θ[1:]‖₁=4.406, γ=133984.607, num_knots=1016
2025-08-31 23:31:26,812 - Iter 7860: obj=-41.995996, change=1.58e-06, α=0.100, ‖θ[1:]‖₁=4.406, γ=134010.518, num_knots=693
2025-08-31 23:31:27,059 - Iter 7870: obj=-41.995999, change=1.09e-06, α=0.100, ‖θ[1:]‖₁=4.406, γ=134045.349, num_knots=664
2025-08-31 23:31:27,274 - Iter 7880: obj=-41.996000, change=7.38e-07, α=0.100, ‖θ[1:]‖₁=4.406, γ=134088.484, num_knots=664
2025-08-31 23:31:27,520 - Iter 7890: obj=-41.996001, change=4.96e-07, α=0.100, ‖θ[1:]‖₁=4.406, γ=134133.298, num_knots=664
2025-08-31 23:31:27,766 - Iter 7900: obj=-41.996002, change=3.31e-07, α=0.100, ‖θ[1:]‖₁=4.406, γ=134156.907, num_knots=664
2025-08-31 23:31:27,995 - Iter 7910: obj=-41.996002, change=2.21e-07, α=0.100, ‖θ[1:]‖₁=4.406, γ=134096.414, num_knots=664
2025-08-31 23:31:28,251 - Iter 7920: obj=-41.996003, change=1.57e-07, α=0.100, ‖θ[1:]‖₁=4.406, γ=133795.007, num_knots=664
2025-08-31 23:31:28,459 - Iter 7930: obj=-41.996003, change=1.57e-07, α=0.100, ‖θ[1:]‖₁=4.406, γ=132882.163, num_knots=664
2025-08-31 23:31:28,731 - Iter 7940: obj=-41.996004, change=1.59e-07, α=0.100, ‖θ[1:]‖₁=4.406, γ=130445.334, num_knots=664
2025-08-31 23:31:29,018 - Iter 7950: obj=-41.996006, change=4.69e-06, α=1.000, ‖θ[1:]‖₁=4.406, γ=10848.448, num_knots=671
2025-08-31 23:31:29,309 - Iter 7960: obj=-41.996055, change=2.63e-07, α=0.100, ‖θ[1:]‖₁=4.406, γ=134106.952, num_knots=678
2025-08-31 23:31:29,547 - Iter 7970: obj=-41.996056, change=1.72e-07, α=0.100, ‖θ[1:]‖₁=4.406, γ=134127.157, num_knots=676
2025-08-31 23:31:29,795 - Iter 7980: obj=-41.996056, change=1.58e-07, α=0.100, ‖θ[1:]‖₁=4.406, γ=134007.444, num_knots=673
2025-08-31 23:31:30,087 - Iter 7990: obj=-41.996059, change=2.38e-06, α=1.000, ‖θ[1:]‖₁=4.406, γ=47526.573, num_knots=671
2025-08-31 23:31:30,443 - Iter 8000: obj=-41.996118, change=2.35e-07, α=0.100, ‖θ[1:]‖₁=4.406, γ=134033.793, num_knots=670
2025-08-31 23:31:30,726 - Iter 8010: obj=-41.996119, change=1.60e-07, α=0.100, ‖θ[1:]‖₁=4.406, γ=134060.084, num_knots=670
2025-08-31 23:31:30,998 - Iter 8020: obj=-41.996120, change=1.60e-06, α=1.000, ‖θ[1:]‖₁=4.406, γ=130813.078, num_knots=670
2025-08-31 23:31:31,380 - Iter 8030: obj=-41.996179, change=1.59e-06, α=1.000, ‖θ[1:]‖₁=4.406, γ=132317.812, num_knots=675
2025-08-31 23:31:31,768 - Iter 8040: obj=-41.996327, change=5.89e-07, α=0.100, ‖θ[1:]‖₁=4.406, γ=133896.648, num_knots=671
2025-08-31 23:31:31,993 - Iter 8050: obj=-41.996327, change=3.92e-07, α=0.100, ‖θ[1:]‖₁=4.406, γ=133890.499, num_knots=669
2025-08-31 23:31:32,213 - Iter 8060: obj=-41.996328, change=2.64e-07, α=0.100, ‖θ[1:]‖₁=4.406, γ=133876.521, num_knots=669
2025-08-31 23:31:32,479 - Iter 8070: obj=-41.996328, change=1.79e-07, α=0.100, ‖θ[1:]‖₁=4.406, γ=133847.112, num_knots=669
2025-08-31 23:31:32,811 - Iter 8080: obj=-41.996331, change=1.61e-06, α=1.000, ‖θ[1:]‖₁=4.406, γ=129654.225, num_knots=669
2025-08-31 23:31:33,215 - Iter 8090: obj=-41.996401, change=1.58e-06, α=1.000, ‖θ[1:]‖₁=4.407, γ=133724.214, num_knots=679
2025-08-31 23:31:33,586 - Iter 8100: obj=-41.996415, change=2.15e-03, α=1.000, ‖θ[1:]‖₁=4.409, γ=43724.022, num_knots=664
2025-08-31 23:31:33,849 - Iter 8110: obj=-41.997058, change=6.73e-07, α=0.100, ‖θ[1:]‖₁=4.409, γ=133925.785, num_knots=664
2025-08-31 23:31:34,179 - Iter 8120: obj=-41.997059, change=4.51e-07, α=0.100, ‖θ[1:]‖₁=4.409, γ=133934.925, num_knots=664
2025-08-31 23:31:34,427 - Iter 8130: obj=-41.997059, change=3.03e-07, α=0.100, ‖θ[1:]‖₁=4.409, γ=133945.222, num_knots=664
2025-08-31 23:31:34,667 - Iter 8140: obj=-41.997060, change=2.05e-07, α=0.100, ‖θ[1:]‖₁=4.409, γ=133953.883, num_knots=664
2025-08-31 23:31:34,889 - Iter 8150: obj=-41.997060, change=1.59e-07, α=0.100, ‖θ[1:]‖₁=4.409, γ=133952.157, num_knots=664
2025-08-31 23:31:35,271 - Iter 8160: obj=-41.997064, change=3.14e-06, α=1.000, ‖θ[1:]‖₁=4.409, γ=25195.090, num_knots=664
2025-08-31 23:31:35,640 - Iter 8170: obj=-41.997124, change=1.63e-06, α=1.000, ‖θ[1:]‖₁=4.409, γ=121600.384, num_knots=669
2025-08-31 23:31:35,973 - Iter 8180: obj=-41.997205, change=1.71e-07, α=0.100, ‖θ[1:]‖₁=4.410, γ=133863.954, num_knots=665
2025-08-31 23:31:36,260 - Iter 8190: obj=-41.997208, change=1.59e-06, α=1.000, ‖θ[1:]‖₁=4.410, γ=129891.397, num_knots=663
2025-08-31 23:31:36,644 - Iter 8200: obj=-41.997264, change=1.56e-06, α=1.000, ‖θ[1:]‖₁=4.410, γ=133396.486, num_knots=668
2025-08-31 23:31:37,011 - Iter 8210: obj=-41.997311, change=3.64e-06, α=1.000, ‖θ[1:]‖₁=4.410, γ=133669.533, num_knots=661
2025-08-31 23:31:37,361 - Iter 8220: obj=-41.997330, change=5.39e-06, α=1.000, ‖θ[1:]‖₁=4.410, γ=14724.860, num_knots=660
2025-08-31 23:31:37,710 - Iter 8230: obj=-41.997369, change=2.29e-06, α=1.000, ‖θ[1:]‖₁=4.410, γ=50761.132, num_knots=659
2025-08-31 23:31:37,992 - Iter 8240: obj=-42.000564, change=3.83e-07, α=0.100, ‖θ[1:]‖₁=4.422, γ=129621.780, num_knots=2078
2025-08-31 23:31:38,268 - Iter 8250: obj=-42.000642, change=4.37e-06, α=0.100, ‖θ[1:]‖₁=4.422, γ=134178.775, num_knots=1568
2025-08-31 23:31:38,496 - Iter 8260: obj=-42.000647, change=1.88e-06, α=0.100, ‖θ[1:]‖₁=4.422, γ=134151.888, num_knots=1567
2025-08-31 23:31:38,741 - Iter 8270: obj=-42.000650, change=7.79e-07, α=0.100, ‖θ[1:]‖₁=4.422, γ=133947.546, num_knots=1563
2025-08-31 23:31:39,026 - Iter 8280: obj=-42.000651, change=2.92e-07, α=0.100, ‖θ[1:]‖₁=4.422, γ=132645.960, num_knots=1556
2025-08-31 23:31:39,296 - Iter 8290: obj=-42.000652, change=1.56e-07, α=0.100, ‖θ[1:]‖₁=4.422, γ=122204.203, num_knots=1540
2025-08-31 23:31:39,591 - Iter 8300: obj=-42.000662, change=1.59e-07, α=0.100, ‖θ[1:]‖₁=4.422, γ=122192.687, num_knots=1468
2025-08-31 23:31:39,868 - Iter 8310: obj=-42.000677, change=6.02e-07, α=0.100, ‖θ[1:]‖₁=4.422, γ=134149.011, num_knots=1249
2025-08-31 23:31:40,107 - Iter 8320: obj=-42.000678, change=3.00e-07, α=0.100, ‖θ[1:]‖₁=4.422, γ=133971.062, num_knots=1248
2025-08-31 23:31:40,367 - Iter 8330: obj=-42.000679, change=1.53e-07, α=0.100, ‖θ[1:]‖₁=4.422, γ=133210.561, num_knots=1237
2025-08-31 23:31:40,661 - Iter 8340: obj=-42.000717, change=4.11e-06, α=0.100, ‖θ[1:]‖₁=4.423, γ=133979.132, num_knots=840
2025-08-31 23:31:40,907 - Iter 8350: obj=-42.000725, change=2.52e-06, α=0.100, ‖θ[1:]‖₁=4.422, γ=133970.220, num_knots=839
2025-08-31 23:31:41,128 - Iter 8360: obj=-42.000728, change=1.55e-06, α=0.100, ‖θ[1:]‖₁=4.422, γ=133950.263, num_knots=839
2025-08-31 23:31:41,373 - Iter 8370: obj=-42.000729, change=9.59e-07, α=0.100, ‖θ[1:]‖₁=4.422, γ=133912.769, num_knots=837
2025-08-31 23:31:41,619 - Iter 8380: obj=-42.000730, change=5.95e-07, α=0.100, ‖θ[1:]‖₁=4.422, γ=133843.803, num_knots=835
2025-08-31 23:31:41,860 - Iter 8390: obj=-42.000731, change=3.73e-07, α=0.100, ‖θ[1:]‖₁=4.422, γ=133708.916, num_knots=833
2025-08-31 23:31:42,079 - Iter 8400: obj=-42.000731, change=2.37e-07, α=0.100, ‖θ[1:]‖₁=4.422, γ=133436.527, num_knots=831
2025-08-31 23:31:42,409 - Iter 8410: obj=-42.000734, change=2.49e-06, α=1.000, ‖θ[1:]‖₁=4.422, γ=26851.221, num_knots=826
2025-08-31 23:31:42,782 - Iter 8420: obj=-42.000767, change=3.78e-06, α=1.000, ‖θ[1:]‖₁=4.423, γ=8114.376, num_knots=783
2025-08-31 23:31:43,155 - Iter 8430: obj=-42.000809, change=1.51e-06, α=1.000, ‖θ[1:]‖₁=4.423, γ=133728.251, num_knots=735
2025-08-31 23:31:43,512 - Iter 8440: obj=-42.000834, change=1.50e-06, α=1.000, ‖θ[1:]‖₁=4.423, γ=126610.042, num_knots=713
2025-08-31 23:31:43,914 - Iter 8450: obj=-42.000902, change=2.50e-07, α=0.100, ‖θ[1:]‖₁=4.423, γ=133762.017, num_knots=693
2025-08-31 23:31:44,140 - Iter 8460: obj=-42.000903, change=1.68e-07, α=0.100, ‖θ[1:]‖₁=4.423, γ=133687.239, num_knots=693
2025-08-31 23:31:44,475 - Iter 8470: obj=-42.000905, change=1.58e-06, α=1.000, ‖θ[1:]‖₁=4.423, γ=113845.305, num_knots=692
2025-08-31 23:31:44,862 - Iter 8480: obj=-42.000939, change=5.52e-06, α=1.000, ‖θ[1:]‖₁=4.424, γ=4215.326, num_knots=688
2025-08-31 23:31:45,210 - Iter 8490: obj=-42.000967, change=4.55e-04, α=1.000, ‖θ[1:]‖₁=4.424, γ=52322.838, num_knots=669
2025-08-31 23:31:45,475 - Iter 8500: obj=-42.001097, change=1.80e-07, α=0.100, ‖θ[1:]‖₁=4.424, γ=133865.079, num_knots=669
2025-08-31 23:31:45,721 - Iter 8510: obj=-42.001098, change=1.49e-06, α=1.000, ‖θ[1:]‖₁=4.424, γ=133738.805, num_knots=669
2025-08-31 23:31:46,310 - Iter 8520: obj=-42.001151, change=2.86e-05, α=1.000, ‖θ[1:]‖₁=4.425, γ=132746.604, num_knots=665
2025-08-31 23:31:46,889 - Iter 8530: obj=-42.001163, change=2.84e-06, α=1.000, ‖θ[1:]‖₁=4.425, γ=26465.241, num_knots=665
2025-08-31 23:31:47,175 - Iter 8540: obj=-42.001235, change=2.52e-07, α=0.100, ‖θ[1:]‖₁=4.425, γ=133855.909, num_knots=664
2025-08-31 23:31:47,473 - Iter 8550: obj=-42.001236, change=1.70e-07, α=0.100, ‖θ[1:]‖₁=4.425, γ=133838.520, num_knots=664
2025-08-31 23:31:47,789 - Iter 8560: obj=-42.001237, change=1.48e-06, α=1.000, ‖θ[1:]‖₁=4.425, γ=133326.670, num_knots=663
2025-08-31 23:31:48,297 - Iter 8570: obj=-42.001306, change=2.83e-06, α=1.000, ‖θ[1:]‖₁=4.425, γ=133840.758, num_knots=671
2025-08-31 23:31:48,823 - Iter 8580: obj=-42.001310, change=2.85e-06, α=1.000, ‖θ[1:]‖₁=4.425, γ=28081.605, num_knots=660
2025-08-31 23:31:49,234 - Iter 8590: obj=-42.001350, change=1.79e-06, α=1.000, ‖θ[1:]‖₁=4.425, γ=79764.116, num_knots=659
2025-08-31 23:31:49,653 - Iter 8600: obj=-42.001456, change=1.65e-06, α=1.000, ‖θ[1:]‖₁=4.426, γ=133815.909, num_knots=661
2025-08-31 23:31:50,059 - Iter 8610: obj=-42.001462, change=3.53e-05, α=1.000, ‖θ[1:]‖₁=4.426, γ=1130.497, num_knots=657
2025-08-31 23:31:50,495 - Iter 8620: obj=-42.001580, change=2.09e-06, α=1.000, ‖θ[1:]‖₁=4.426, γ=133821.989, num_knots=662
2025-08-31 23:31:50,883 - Iter 8630: obj=-42.001587, change=7.64e-05, α=1.000, ‖θ[1:]‖₁=4.426, γ=883.762, num_knots=655
2025-08-31 23:31:51,169 - Iter 8640: obj=-42.001672, change=1.92e-07, α=0.100, ‖θ[1:]‖₁=4.427, γ=133855.077, num_knots=654
2025-08-31 23:31:51,445 - Iter 8650: obj=-42.001672, change=1.48e-07, α=0.100, ‖θ[1:]‖₁=4.427, γ=133820.374, num_knots=654
2025-08-31 23:31:51,846 - Iter 8660: obj=-42.001676, change=5.50e-06, α=1.000, ‖θ[1:]‖₁=4.427, γ=4672.335, num_knots=654
2025-08-31 23:31:52,234 - Iter 8670: obj=-42.001739, change=6.29e-06, α=1.000, ‖θ[1:]‖₁=4.427, γ=2013.937, num_knots=653
2025-08-31 23:31:52,499 - Iter 8680: obj=-42.002003, change=5.61e-07, α=0.100, ‖θ[1:]‖₁=4.428, γ=133878.087, num_knots=649
2025-08-31 23:31:52,734 - Iter 8690: obj=-42.002004, change=3.79e-07, α=0.100, ‖θ[1:]‖₁=4.428, γ=133874.387, num_knots=649
2025-08-31 23:31:52,959 - Iter 8700: obj=-42.002004, change=2.57e-07, α=0.100, ‖θ[1:]‖₁=4.428, γ=133865.767, num_knots=649
2025-08-31 23:31:53,153 - Iter 8710: obj=-42.002005, change=1.76e-07, α=0.100, ‖θ[1:]‖₁=4.428, γ=133846.707, num_knots=649
2025-08-31 23:31:53,394 - Iter 8720: obj=-42.002005, change=1.47e-06, α=1.000, ‖θ[1:]‖₁=4.428, γ=133691.776, num_knots=649
2025-08-31 23:31:53,799 - Iter 8730: obj=-42.002020, change=1.96e-04, α=1.000, ‖θ[1:]‖₁=4.428, γ=41287.624, num_knots=648
2025-08-31 23:31:54,162 - Iter 8740: obj=-42.002102, change=9.80e-05, α=1.000, ‖θ[1:]‖₁=4.428, γ=112255.081, num_knots=648
2025-08-31 23:31:54,505 - Iter 8750: obj=-42.002134, change=3.88e-06, α=1.000, ‖θ[1:]‖₁=4.428, γ=21757.282, num_knots=648
2025-08-31 23:31:54,805 - Iter 8760: obj=-42.002490, change=2.95e-06, α=0.100, ‖θ[1:]‖₁=4.430, γ=133873.949, num_knots=648
2025-08-31 23:31:55,039 - Iter 8770: obj=-42.002495, change=1.98e-06, α=0.100, ‖θ[1:]‖₁=4.430, γ=133876.829, num_knots=648
2025-08-31 23:31:55,321 - Iter 8780: obj=-42.002498, change=1.32e-06, α=0.100, ‖θ[1:]‖₁=4.430, γ=133878.478, num_knots=648
2025-08-31 23:31:55,601 - Iter 8790: obj=-42.002499, change=8.87e-07, α=0.100, ‖θ[1:]‖₁=4.430, γ=133879.031, num_knots=648
2025-08-31 23:31:55,817 - Iter 8800: obj=-42.002500, change=5.97e-07, α=0.100, ‖θ[1:]‖₁=4.430, γ=133878.267, num_knots=648
2025-08-31 23:31:56,032 - Iter 8810: obj=-42.002501, change=4.02e-07, α=0.100, ‖θ[1:]‖₁=4.430, γ=133875.362, num_knots=648
2025-08-31 23:31:56,279 - Iter 8820: obj=-42.002501, change=2.73e-07, α=0.100, ‖θ[1:]‖₁=4.430, γ=133868.262, num_knots=648
2025-08-31 23:31:56,501 - Iter 8830: obj=-42.002502, change=1.86e-07, α=0.100, ‖θ[1:]‖₁=4.430, γ=133852.266, num_knots=648
2025-08-31 23:31:56,740 - Iter 8840: obj=-42.002502, change=1.46e-07, α=0.100, ‖θ[1:]‖₁=4.430, γ=133816.813, num_knots=648
2025-08-31 23:31:57,145 - Iter 8850: obj=-42.002506, change=5.16e-06, α=1.000, ‖θ[1:]‖₁=4.430, γ=5522.094, num_knots=648
2025-08-31 23:31:57,541 - Iter 8860: obj=-42.002580, change=1.24e-03, α=1.000, ‖θ[1:]‖₁=4.431, γ=1430.006, num_knots=646
2025-08-31 23:31:57,794 - Iter 8870: obj=-42.002960, change=2.41e-06, α=0.100, ‖θ[1:]‖₁=4.432, γ=133846.056, num_knots=657
2025-08-31 23:31:58,049 - Iter 8880: obj=-42.002963, change=1.58e-06, α=0.100, ‖θ[1:]‖₁=4.432, γ=133854.495, num_knots=655
2025-08-31 23:31:58,268 - Iter 8890: obj=-42.002965, change=1.04e-06, α=0.100, ‖θ[1:]‖₁=4.432, γ=133863.675, num_knots=654
2025-08-31 23:31:58,538 - Iter 8900: obj=-42.002966, change=6.92e-07, α=0.100, ‖θ[1:]‖₁=4.432, γ=133869.206, num_knots=652
2025-08-31 23:31:58,905 - Iter 8910: obj=-42.002966, change=4.64e-07, α=0.100, ‖θ[1:]‖₁=4.432, γ=133870.458, num_knots=647
2025-08-31 23:31:59,205 - Iter 8920: obj=-42.002967, change=3.13e-07, α=0.100, ‖θ[1:]‖₁=4.432, γ=133867.245, num_knots=646
2025-08-31 23:31:59,447 - Iter 8930: obj=-42.002967, change=2.13e-07, α=0.100, ‖θ[1:]‖₁=4.432, γ=133856.867, num_knots=646
2025-08-31 23:31:59,663 - Iter 8940: obj=-42.002968, change=1.46e-07, α=0.100, ‖θ[1:]‖₁=4.432, γ=133832.055, num_knots=646
2025-08-31 23:32:00,009 - Iter 8950: obj=-42.002970, change=1.47e-06, α=1.000, ‖θ[1:]‖₁=4.432, γ=124143.775, num_knots=646
2025-08-31 23:32:00,381 - Iter 8960: obj=-42.003042, change=1.47e-06, α=1.000, ‖θ[1:]‖₁=4.432, γ=124423.096, num_knots=649
2025-08-31 23:32:00,775 - Iter 8970: obj=-42.003139, change=1.42e-06, α=1.000, ‖θ[1:]‖₁=4.432, γ=133786.095, num_knots=671
2025-08-31 23:32:01,113 - Iter 8980: obj=-42.003144, change=7.51e-06, α=1.000, ‖θ[1:]‖₁=4.432, γ=3647.004, num_knots=652
2025-08-31 23:32:01,447 - Iter 8990: obj=-42.003195, change=2.58e-06, α=1.000, ‖θ[1:]‖₁=4.433, γ=40595.361, num_knots=647
2025-08-31 23:32:01,754 - Iter 9000: obj=-42.003392, change=1.72e-06, α=1.000, ‖θ[1:]‖₁=4.433, γ=82513.067, num_knots=645
2025-08-31 23:32:02,043 - Iter 9010: obj=-42.003485, change=1.44e-07, α=0.100, ‖θ[1:]‖₁=4.434, γ=133787.385, num_knots=652
2025-08-31 23:32:02,354 - Iter 9020: obj=-42.003488, change=1.80e-06, α=1.000, ‖θ[1:]‖₁=4.434, γ=73507.429, num_knots=644
2025-08-31 23:32:02,739 - Iter 9030: obj=-42.003544, change=1.47e-06, α=1.000, ‖θ[1:]‖₁=4.434, γ=122693.742, num_knots=650
2025-08-31 23:32:03,047 - Iter 9040: obj=-42.003741, change=5.07e-07, α=0.100, ‖θ[1:]‖₁=4.435, γ=133818.749, num_knots=658
2025-08-31 23:32:03,286 - Iter 9050: obj=-42.003741, change=3.33e-07, α=0.100, ‖θ[1:]‖₁=4.435, γ=133819.767, num_knots=656
2025-08-31 23:32:03,564 - Iter 9060: obj=-42.003742, change=2.21e-07, α=0.100, ‖θ[1:]‖₁=4.435, γ=133813.629, num_knots=651
2025-08-31 23:32:03,791 - Iter 9070: obj=-42.003742, change=1.48e-07, α=0.100, ‖θ[1:]‖₁=4.435, γ=133790.774, num_knots=649
2025-08-31 23:32:04,115 - Iter 9080: obj=-42.003744, change=1.46e-06, α=1.000, ‖θ[1:]‖₁=4.435, γ=120004.634, num_knots=642
2025-08-31 23:32:04,459 - Iter 9090: obj=-42.006168, change=1.91e-06, α=0.100, ‖θ[1:]‖₁=4.446, γ=133312.187, num_knots=1107
2025-08-31 23:32:04,696 - Iter 9100: obj=-42.006200, change=3.16e-06, α=0.100, ‖θ[1:]‖₁=4.446, γ=133838.673, num_knots=1101
2025-08-31 23:32:04,966 - Iter 9110: obj=-42.006219, change=2.95e-06, α=0.100, ‖θ[1:]‖₁=4.446, γ=133890.818, num_knots=1073
2025-08-31 23:32:05,349 - Iter 9120: obj=-42.006228, change=2.28e-06, α=0.100, ‖θ[1:]‖₁=4.446, γ=133921.128, num_knots=1011
2025-08-31 23:32:05,613 - Iter 9130: obj=-42.006233, change=1.63e-06, α=0.100, ‖θ[1:]‖₁=4.445, γ=133952.095, num_knots=656
2025-08-31 23:32:05,881 - Iter 9140: obj=-42.006235, change=1.14e-06, α=0.100, ‖θ[1:]‖₁=4.445, γ=133989.706, num_knots=633
2025-08-31 23:32:06,120 - Iter 9150: obj=-42.006236, change=7.77e-07, α=0.100, ‖θ[1:]‖₁=4.445, γ=134036.388, num_knots=633
2025-08-31 23:32:06,348 - Iter 9160: obj=-42.006237, change=5.26e-07, α=0.100, ‖θ[1:]‖₁=4.445, γ=134089.627, num_knots=633
2025-08-31 23:32:06,586 - Iter 9170: obj=-42.006237, change=3.55e-07, α=0.100, ‖θ[1:]‖₁=4.445, γ=134138.513, num_knots=633
2025-08-31 23:32:06,827 - Iter 9180: obj=-42.006238, change=2.39e-07, α=0.100, ‖θ[1:]‖₁=4.445, γ=134146.925, num_knots=632
2025-08-31 23:32:07,073 - Iter 9190: obj=-42.006238, change=1.60e-07, α=0.100, ‖θ[1:]‖₁=4.445, γ=134021.134, num_knots=632
2025-08-31 23:32:07,291 - Iter 9200: obj=-42.006239, change=1.32e-07, α=0.100, ‖θ[1:]‖₁=4.445, γ=133537.915, num_knots=632
2025-08-31 23:32:07,500 - Iter 9210: obj=-42.006239, change=1.33e-07, α=0.100, ‖θ[1:]‖₁=4.445, γ=132186.215, num_knots=632
2025-08-31 23:32:07,686 - Iter 9220: obj=-42.006239, change=1.35e-07, α=0.100, ‖θ[1:]‖₁=4.445, γ=128749.898, num_knots=632
2025-08-31 23:32:07,897 - Iter 9230: obj=-42.006240, change=1.44e-07, α=0.100, ‖θ[1:]‖₁=4.445, γ=120520.522, num_knots=633
2025-08-31 23:32:08,191 - Iter 9240: obj=-42.006294, change=1.34e-07, α=0.100, ‖θ[1:]‖₁=4.445, γ=134082.222, num_knots=646
2025-08-31 23:32:08,473 - Iter 9250: obj=-42.006295, change=1.38e-06, α=1.000, ‖θ[1:]‖₁=4.445, γ=118639.907, num_knots=641
2025-08-31 23:32:08,903 - Iter 9260: obj=-42.006364, change=1.33e-06, α=1.000, ‖θ[1:]‖₁=4.445, γ=133425.727, num_knots=648
2025-08-31 23:32:09,340 - Iter 9270: obj=-42.006372, change=1.39e-04, α=1.000, ‖θ[1:]‖₁=4.445, γ=5317.681, num_knots=638
2025-08-31 23:32:09,559 - Iter 9280: obj=-42.006419, change=1.36e-07, α=0.100, ‖θ[1:]‖₁=4.445, γ=133875.514, num_knots=638
2025-08-31 23:32:09,857 - Iter 9290: obj=-42.006421, change=1.38e-06, α=1.000, ‖θ[1:]‖₁=4.445, γ=123097.071, num_knots=638
2025-08-31 23:32:10,206 - Iter 9300: obj=-42.006479, change=1.35e-06, α=1.000, ‖θ[1:]‖₁=4.445, γ=131501.350, num_knots=641
2025-08-31 23:32:10,548 - Iter 9310: obj=-42.006565, change=2.20e-07, α=0.100, ‖θ[1:]‖₁=4.446, γ=133837.993, num_knots=637
2025-08-31 23:32:10,749 - Iter 9320: obj=-42.006565, change=1.51e-07, α=0.100, ‖θ[1:]‖₁=4.446, γ=133819.831, num_knots=637
2025-08-31 23:32:11,043 - Iter 9330: obj=-42.006566, change=1.35e-06, α=1.000, ‖θ[1:]‖₁=4.446, γ=133362.141, num_knots=637
2025-08-31 23:32:11,427 - Iter 9340: obj=-42.006631, change=4.22e-06, α=1.000, ‖θ[1:]‖₁=4.446, γ=133750.387, num_knots=643
2025-08-31 23:32:11,756 - Iter 9350: obj=-42.006719, change=3.05e-06, α=1.000, ‖θ[1:]‖₁=4.446, γ=133815.185, num_knots=645
2025-08-31 23:32:12,134 - Iter 9360: obj=-42.006726, change=1.20e-02, α=0.500, ‖θ[1:]‖₁=4.468, γ=129607.180, num_knots=635
2025-08-31 23:32:12,385 - Iter 9370: obj=-42.009561, change=1.18e-06, α=0.100, ‖θ[1:]‖₁=4.465, γ=133339.512, num_knots=1132
2025-08-31 23:32:12,603 - Iter 9380: obj=-42.009606, change=2.01e-07, α=0.100, ‖θ[1:]‖₁=4.464, γ=114697.495, num_knots=1132
2025-08-31 23:32:12,803 - Iter 9390: obj=-42.009728, change=3.72e-07, α=0.100, ‖θ[1:]‖₁=4.463, γ=126203.634, num_knots=988
2025-08-31 23:32:13,006 - Iter 9400: obj=-42.009751, change=2.12e-06, α=0.100, ‖θ[1:]‖₁=4.463, γ=134004.485, num_knots=985
2025-08-31 23:32:13,238 - Iter 9410: obj=-42.009764, change=2.14e-06, α=0.100, ‖θ[1:]‖₁=4.462, γ=134040.063, num_knots=975
2025-08-31 23:32:13,467 - Iter 9420: obj=-42.009770, change=1.68e-06, α=0.100, ‖θ[1:]‖₁=4.462, γ=134083.933, num_knots=933
2025-08-31 23:32:13,681 - Iter 9430: obj=-42.009773, change=1.21e-06, α=0.100, ‖θ[1:]‖₁=4.462, γ=134129.919, num_knots=652
2025-08-31 23:32:13,923 - Iter 9440: obj=-42.009775, change=8.36e-07, α=0.100, ‖θ[1:]‖₁=4.462, γ=134147.689, num_knots=629
2025-08-31 23:32:14,133 - Iter 9450: obj=-42.009776, change=5.62e-07, α=0.100, ‖θ[1:]‖₁=4.462, γ=134059.810, num_knots=629
2025-08-31 23:32:14,354 - Iter 9460: obj=-42.009777, change=3.71e-07, α=0.100, ‖θ[1:]‖₁=4.462, γ=133681.116, num_knots=629
2025-08-31 23:32:14,579 - Iter 9470: obj=-42.009777, change=2.39e-07, α=0.100, ‖θ[1:]‖₁=4.462, γ=132588.961, num_knots=629
2025-08-31 23:32:14,790 - Iter 9480: obj=-42.009778, change=1.46e-07, α=0.100, ‖θ[1:]‖₁=4.462, γ=129679.931, num_knots=629
2025-08-31 23:32:14,993 - Iter 9490: obj=-42.009778, change=1.19e-07, α=0.100, ‖θ[1:]‖₁=4.462, γ=122320.739, num_knots=640
2025-08-31 23:32:15,227 - Iter 9500: obj=-42.009779, change=1.36e-07, α=0.100, ‖θ[1:]‖₁=4.462, γ=105174.382, num_knots=644
2025-08-31 23:32:15,459 - Iter 9510: obj=-42.009779, change=1.98e-07, α=0.100, ‖θ[1:]‖₁=4.462, γ=68736.030, num_knots=645
2025-08-31 23:32:15,675 - Iter 9520: obj=-42.009781, change=8.83e-07, α=0.100, ‖θ[1:]‖₁=4.462, γ=11281.901, num_knots=647
2025-08-31 23:32:15,888 - Iter 9530: obj=-42.009799, change=5.50e-06, α=0.100, ‖θ[1:]‖₁=4.461, γ=1879.179, num_knots=650
2025-08-31 23:32:16,091 - Iter 9540: obj=-42.009820, change=4.13e-06, α=0.100, ‖θ[1:]‖₁=4.461, γ=2304.552, num_knots=650
2025-08-31 23:32:16,314 - Iter 9550: obj=-42.009838, change=5.02e-06, α=0.100, ‖θ[1:]‖₁=4.461, γ=1997.771, num_knots=647
2025-08-31 23:32:16,591 - Iter 9560: obj=-42.009897, change=3.17e-06, α=0.100, ‖θ[1:]‖₁=4.460, γ=132998.760, num_knots=642
2025-08-31 23:32:16,994 - Iter 9570: obj=-42.009917, change=7.05e-05, α=1.000, ‖θ[1:]‖₁=4.460, γ=63435.580, num_knots=640
2025-08-31 23:32:17,302 - Iter 9580: obj=-42.009966, change=1.25e-07, α=0.100, ‖θ[1:]‖₁=4.460, γ=134018.476, num_knots=640
2025-08-31 23:32:17,588 - Iter 9590: obj=-42.009967, change=1.24e-06, α=1.000, ‖θ[1:]‖₁=4.460, γ=133236.179, num_knots=639
2025-08-31 23:32:17,965 - Iter 9600: obj=-42.010001, change=1.23e-06, α=1.000, ‖θ[1:]‖₁=4.460, γ=133132.280, num_knots=638
2025-08-31 23:32:18,306 - Iter 9610: obj=-42.010041, change=3.34e-05, α=1.000, ‖θ[1:]‖₁=4.460, γ=132818.508, num_knots=638
2025-08-31 23:32:18,698 - Iter 9620: obj=-42.010053, change=1.89e-06, α=1.000, ‖θ[1:]‖₁=4.460, γ=46636.828, num_knots=638
2025-08-31 23:32:19,006 - Iter 9630: obj=-42.010132, change=1.26e-07, α=0.100, ‖θ[1:]‖₁=4.461, γ=133759.491, num_knots=637
2025-08-31 23:32:19,389 - Iter 9640: obj=-42.010135, change=2.32e-06, α=1.000, ‖θ[1:]‖₁=4.461, γ=28567.732, num_knots=637
2025-08-31 23:32:19,717 - Iter 9650: obj=-42.010185, change=1.28e-06, α=1.000, ‖θ[1:]‖₁=4.461, γ=122410.843, num_knots=637
2025-08-31 23:32:20,028 - Iter 9660: obj=-42.010314, change=1.59e-07, α=0.100, ‖θ[1:]‖₁=4.462, γ=133806.472, num_knots=633
2025-08-31 23:32:20,229 - Iter 9670: obj=-42.010314, change=1.25e-07, α=0.100, ‖θ[1:]‖₁=4.462, γ=133776.323, num_knots=633
2025-08-31 23:32:20,562 - Iter 9680: obj=-42.010317, change=4.60e-06, α=1.000, ‖θ[1:]‖₁=4.462, γ=4897.469, num_knots=633
2025-08-31 23:32:20,887 - Iter 9690: obj=-42.010371, change=1.83e-03, α=1.000, ‖θ[1:]‖₁=4.464, γ=102094.744, num_knots=624
2025-08-31 23:32:21,088 - Iter 9700: obj=-42.010837, change=1.48e-06, α=0.100, ‖θ[1:]‖₁=4.464, γ=133839.701, num_knots=624
2025-08-31 23:32:21,307 - Iter 9710: obj=-42.010838, change=9.97e-07, α=0.100, ‖θ[1:]‖₁=4.464, γ=133851.199, num_knots=624
2025-08-31 23:32:21,526 - Iter 9720: obj=-42.010839, change=6.70e-07, α=0.100, ‖θ[1:]‖₁=4.464, γ=133866.485, num_knots=624
2025-08-31 23:32:21,739 - Iter 9730: obj=-42.010840, change=4.51e-07, α=0.100, ‖θ[1:]‖₁=4.464, γ=133887.153, num_knots=624
2025-08-31 23:32:21,966 - Iter 9740: obj=-42.010840, change=3.04e-07, α=0.100, ‖θ[1:]‖₁=4.464, γ=133914.638, num_knots=624
2025-08-31 23:32:22,223 - Iter 9750: obj=-42.010841, change=2.06e-07, α=0.100, ‖θ[1:]‖₁=4.464, γ=133949.202, num_knots=624
2025-08-31 23:32:22,427 - Iter 9760: obj=-42.010841, change=1.40e-07, α=0.100, ‖θ[1:]‖₁=4.464, γ=133987.245, num_knots=624
2025-08-31 23:32:22,649 - Iter 9770: obj=-42.010841, change=1.23e-07, α=0.100, ‖θ[1:]‖₁=4.464, γ=134014.703, num_knots=624
2025-08-31 23:32:22,935 - Iter 9780: obj=-42.010843, change=1.46e-06, α=1.000, ‖θ[1:]‖₁=4.464, γ=83635.904, num_knots=624
2025-08-31 23:32:23,220 - Iter 9790: obj=-42.010893, change=1.36e-07, α=0.100, ‖θ[1:]‖₁=4.464, γ=133862.285, num_knots=625
2025-08-31 23:32:23,492 - Iter 9800: obj=-42.010893, change=1.24e-06, α=1.000, ‖θ[1:]‖₁=4.464, γ=133858.533, num_knots=624
2025-08-31 23:32:23,835 - Iter 9810: obj=-42.010897, change=3.55e-05, α=1.000, ‖θ[1:]‖₁=4.464, γ=1030.877, num_knots=624
2025-08-31 23:32:24,176 - Iter 9820: obj=-42.010950, change=7.82e-06, α=1.000, ‖θ[1:]‖₁=4.464, γ=1011.538, num_knots=624
2025-08-31 23:32:24,424 - Iter 9830: obj=-42.011015, change=2.45e-07, α=0.100, ‖θ[1:]‖₁=4.465, γ=133816.502, num_knots=624
2025-08-31 23:32:24,632 - Iter 9840: obj=-42.011016, change=1.67e-07, α=0.100, ‖θ[1:]‖₁=4.465, γ=133806.376, num_knots=624
2025-08-31 23:32:24,843 - Iter 9850: obj=-42.011016, change=1.24e-07, α=0.100, ‖θ[1:]‖₁=4.465, γ=133782.166, num_knots=624
2025-08-31 23:32:25,123 - Iter 9860: obj=-42.011018, change=1.32e-06, α=1.000, ‖θ[1:]‖₁=4.465, γ=110565.767, num_knots=624
2025-08-31 23:32:25,437 - Iter 9870: obj=-42.011094, change=1.24e-07, α=0.100, ‖θ[1:]‖₁=4.465, γ=133739.058, num_knots=629
2025-08-31 23:32:25,760 - Iter 9880: obj=-42.011097, change=2.22e-06, α=1.000, ‖θ[1:]‖₁=4.465, γ=31761.696, num_knots=624
2025-08-31 23:32:26,100 - Iter 9890: obj=-42.011141, change=1.36e-06, α=1.000, ‖θ[1:]‖₁=4.465, γ=103776.390, num_knots=626
2025-08-31 23:32:26,364 - Iter 9900: obj=-42.011203, change=1.45e-07, α=0.100, ‖θ[1:]‖₁=4.466, γ=133784.388, num_knots=623
2025-08-31 23:32:26,600 - Iter 9910: obj=-42.011203, change=1.23e-07, α=0.100, ‖θ[1:]‖₁=4.466, γ=133744.871, num_knots=623
2025-08-31 23:32:26,935 - Iter 9920: obj=-42.011206, change=4.30e-06, α=1.000, ‖θ[1:]‖₁=4.466, γ=5853.812, num_knots=623
2025-08-31 23:32:27,261 - Iter 9930: obj=-42.011261, change=3.62e-06, α=1.000, ‖θ[1:]‖₁=4.466, γ=7151.844, num_knots=623
2025-08-31 23:32:27,530 - Iter 9940: obj=-42.011415, change=3.67e-07, α=0.100, ‖θ[1:]‖₁=4.466, γ=133792.677, num_knots=631
2025-08-31 23:32:27,755 - Iter 9950: obj=-42.011415, change=2.46e-07, α=0.100, ‖θ[1:]‖₁=4.466, γ=133787.808, num_knots=628
2025-08-31 23:32:27,966 - Iter 9960: obj=-42.011415, change=1.66e-07, α=0.100, ‖θ[1:]‖₁=4.466, γ=133779.712, num_knots=628
2025-08-31 23:32:28,192 - Iter 9970: obj=-42.011416, change=1.23e-07, α=0.100, ‖θ[1:]‖₁=4.466, γ=133756.400, num_knots=626
2025-08-31 23:32:28,537 - Iter 9980: obj=-42.011418, change=1.32e-06, α=1.000, ‖θ[1:]‖₁=4.466, γ=108587.436, num_knots=623
2025-08-31 23:32:28,934 - Iter 9990: obj=-42.011452, change=1.22e-06, α=1.000, ‖θ[1:]‖₁=4.467, γ=124205.608, num_knots=622
2025-08-31 23:32:29,437 - Iter 10000: obj=-42.011532, change=1.32e-07, α=0.100, ‖θ[1:]‖₁=4.467, γ=133760.194, num_knots=627
2025-08-31 23:32:29,740 - Iter 10010: obj=-42.011533, change=1.22e-06, α=1.000, ‖θ[1:]‖₁=4.467, γ=133259.213, num_knots=622
2025-08-31 23:32:30,128 - Iter 10020: obj=-42.011581, change=2.71e-06, α=1.000, ‖θ[1:]‖₁=4.467, γ=133733.481, num_knots=627
2025-08-31 23:32:30,498 - Iter 10030: obj=-42.011675, change=5.59e-07, α=0.100, ‖θ[1:]‖₁=4.468, γ=133818.310, num_knots=622
2025-08-31 23:32:30,759 - Iter 10040: obj=-42.011675, change=3.78e-07, α=0.100, ‖θ[1:]‖₁=4.468, γ=133816.604, num_knots=622
2025-08-31 23:32:31,018 - Iter 10050: obj=-42.011676, change=2.57e-07, α=0.100, ‖θ[1:]‖₁=4.468, γ=133812.037, num_knots=622
2025-08-31 23:32:31,247 - Iter 10060: obj=-42.011676, change=1.76e-07, α=0.100, ‖θ[1:]‖₁=4.468, γ=133801.467, num_knots=622
2025-08-31 23:32:31,540 - Iter 10070: obj=-42.011677, change=1.23e-07, α=0.100, ‖θ[1:]‖₁=4.468, γ=133777.841, num_knots=622
2025-08-31 23:32:31,848 - Iter 10080: obj=-42.011678, change=1.22e-06, α=1.000, ‖θ[1:]‖₁=4.468, γ=130251.215, num_knots=622
2025-08-31 23:32:32,203 - Iter 10090: obj=-42.011758, change=1.47e-07, α=0.100, ‖θ[1:]‖₁=4.468, γ=133769.331, num_knots=627
2025-08-31 23:32:32,440 - Iter 10100: obj=-42.011759, change=1.22e-07, α=0.100, ‖θ[1:]‖₁=4.468, γ=133733.685, num_knots=627
2025-08-31 23:32:32,854 - Iter 10110: obj=-42.011762, change=4.56e-06, α=1.000, ‖θ[1:]‖₁=4.468, γ=4814.972, num_knots=622
2025-08-31 23:32:33,263 - Iter 10120: obj=-42.011810, change=2.36e-05, α=1.000, ‖θ[1:]‖₁=4.468, γ=2100.012, num_knots=622
2025-08-31 23:32:33,635 - Iter 10130: obj=-42.011874, change=1.23e-06, α=1.000, ‖θ[1:]‖₁=4.468, γ=127516.597, num_knots=621
2025-08-31 23:32:33,991 - Iter 10140: obj=-42.014565, change=6.73e-05, α=1.000, ‖θ[1:]‖₁=4.485, γ=133974.998, num_knots=999
2025-08-31 23:32:34,224 - Iter 10150: obj=-42.014649, change=2.00e-07, α=0.100, ‖θ[1:]‖₁=4.485, γ=8799.655, num_knots=994
2025-08-31 23:32:34,475 - Iter 10160: obj=-42.014700, change=3.85e-07, α=0.100, ‖θ[1:]‖₁=4.484, γ=131896.112, num_knots=989
2025-08-31 23:32:34,736 - Iter 10170: obj=-42.014719, change=1.46e-06, α=0.100, ‖θ[1:]‖₁=4.484, γ=133918.291, num_knots=982
2025-08-31 23:32:34,962 - Iter 10180: obj=-42.014728, change=1.60e-06, α=0.100, ‖θ[1:]‖₁=4.484, γ=133998.946, num_knots=957
2025-08-31 23:32:35,201 - Iter 10190: obj=-42.014732, change=1.29e-06, α=0.100, ‖θ[1:]‖₁=4.484, γ=134057.309, num_knots=878
2025-08-31 23:32:35,451 - Iter 10200: obj=-42.014734, change=9.40e-07, α=0.100, ‖θ[1:]‖₁=4.483, γ=134115.054, num_knots=608
2025-08-31 23:32:35,658 - Iter 10210: obj=-42.014735, change=6.54e-07, α=0.100, ‖θ[1:]‖₁=4.483, γ=134146.552, num_knots=598
2025-08-31 23:32:35,873 - Iter 10220: obj=-42.014736, change=4.42e-07, α=0.100, ‖θ[1:]‖₁=4.483, γ=134077.149, num_knots=598
2025-08-31 23:32:36,123 - Iter 10230: obj=-42.014737, change=2.93e-07, α=0.100, ‖θ[1:]‖₁=4.483, γ=133725.941, num_knots=598
2025-08-31 23:32:36,357 - Iter 10240: obj=-42.014737, change=1.90e-07, α=0.100, ‖θ[1:]‖₁=4.483, γ=132680.598, num_knots=598
2025-08-31 23:32:36,568 - Iter 10250: obj=-42.014737, change=1.19e-07, α=0.100, ‖θ[1:]‖₁=4.483, γ=129941.399, num_knots=598
2025-08-31 23:32:36,795 - Iter 10260: obj=-42.014738, change=1.08e-07, α=0.100, ‖θ[1:]‖₁=4.483, γ=123228.242, num_knots=603
2025-08-31 23:32:37,022 - Iter 10270: obj=-42.014738, change=1.21e-07, α=0.100, ‖θ[1:]‖₁=4.483, γ=107939.616, num_knots=607
2025-08-31 23:32:37,229 - Iter 10280: obj=-42.014739, change=1.66e-07, α=0.100, ‖θ[1:]‖₁=4.483, γ=75762.483, num_knots=608
2025-08-31 23:32:37,461 - Iter 10290: obj=-42.014739, change=4.88e-07, α=0.100, ‖θ[1:]‖₁=4.483, γ=21276.940, num_knots=610
2025-08-31 23:32:37,701 - Iter 10300: obj=-42.014750, change=5.43e-06, α=0.100, ‖θ[1:]‖₁=4.483, γ=2044.273, num_knots=613
2025-08-31 23:32:37,948 - Iter 10310: obj=-42.014768, change=4.33e-06, α=0.100, ‖θ[1:]‖₁=4.483, γ=1949.380, num_knots=610
2025-08-31 23:32:38,210 - Iter 10320: obj=-42.014783, change=4.07e-06, α=0.100, ‖θ[1:]‖₁=4.482, γ=2018.617, num_knots=610
2025-08-31 23:32:38,442 - Iter 10330: obj=-42.014798, change=4.48e-05, α=1.000, ‖θ[1:]‖₁=4.482, γ=1922.484, num_knots=608
2025-08-31 23:32:38,766 - Iter 10340: obj=-42.014831, change=1.15e-07, α=0.100, ‖θ[1:]‖₁=4.482, γ=134102.609, num_knots=608
2025-08-31 23:32:39,062 - Iter 10350: obj=-42.014831, change=1.10e-07, α=0.100, ‖θ[1:]‖₁=4.482, γ=133799.275, num_knots=608
2025-08-31 23:32:39,302 - Iter 10360: obj=-42.014831, change=1.10e-07, α=0.100, ‖θ[1:]‖₁=4.482, γ=132786.344, num_knots=608
2025-08-31 23:32:39,538 - Iter 10370: obj=-42.014832, change=1.12e-06, α=1.000, ‖θ[1:]‖₁=4.482, γ=122102.267, num_knots=608
2025-08-31 23:32:40,014 - Iter 10380: obj=-42.014862, change=1.14e-06, α=1.000, ‖θ[1:]‖₁=4.482, γ=122765.754, num_knots=607
2025-08-31 23:32:40,394 - Iter 10390: obj=-42.014883, change=1.15e-06, α=1.000, ‖θ[1:]‖₁=4.482, γ=122806.451, num_knots=606
2025-08-31 23:32:40,788 - Iter 10400: obj=-42.014902, change=1.73e-06, α=1.000, ‖θ[1:]‖₁=4.482, γ=44425.886, num_knots=606
2025-08-31 23:32:41,136 - Iter 10410: obj=-42.014929, change=1.16e-06, α=1.000, ‖θ[1:]‖₁=4.482, γ=119346.589, num_knots=606
2025-08-31 23:32:41,502 - Iter 10420: obj=-42.015022, change=1.12e-06, α=1.000, ‖θ[1:]‖₁=4.482, γ=133220.533, num_knots=603
2025-08-31 23:32:41,841 - Iter 10430: obj=-42.015069, change=3.66e-06, α=1.000, ‖θ[1:]‖₁=4.483, γ=133681.350, num_knots=603
2025-08-31 23:32:42,182 - Iter 10440: obj=-42.015515, change=2.47e-06, α=0.100, ‖θ[1:]‖₁=4.485, γ=133789.688, num_knots=598
2025-08-31 23:32:42,421 - Iter 10450: obj=-42.015517, change=1.05e-06, α=0.100, ‖θ[1:]‖₁=4.485, γ=133798.045, num_knots=598
2025-08-31 23:32:42,662 - Iter 10460: obj=-42.015518, change=7.10e-07, α=0.100, ‖θ[1:]‖₁=4.485, γ=133809.544, num_knots=598
2025-08-31 23:32:42,883 - Iter 10470: obj=-42.015518, change=4.81e-07, α=0.100, ‖θ[1:]‖₁=4.485, γ=133823.440, num_knots=598
2025-08-31 23:32:43,116 - Iter 10480: obj=-42.015519, change=3.27e-07, α=0.100, ‖θ[1:]‖₁=4.485, γ=133841.264, num_knots=597
2025-08-31 23:32:43,373 - Iter 10490: obj=-42.015519, change=2.23e-07, α=0.100, ‖θ[1:]‖₁=4.485, γ=133864.024, num_knots=597
2025-08-31 23:32:43,629 - Iter 10500: obj=-42.015519, change=1.53e-07, α=0.100, ‖θ[1:]‖₁=4.485, γ=133891.237, num_knots=597
2025-08-31 23:32:43,860 - Iter 10510: obj=-42.015520, change=1.11e-07, α=0.100, ‖θ[1:]‖₁=4.485, γ=133918.334, num_knots=597
2025-08-31 23:32:44,105 - Iter 10520: obj=-42.015520, change=1.10e-06, α=1.000, ‖θ[1:]‖₁=4.485, γ=133873.749, num_knots=597
2025-08-31 23:32:44,431 - Iter 10530: obj=-42.015583, change=1.11e-07, α=0.100, ‖θ[1:]‖₁=4.485, γ=133746.522, num_knots=595
2025-08-31 23:32:44,792 - Iter 10540: obj=-42.015586, change=1.74e-06, α=1.000, ‖θ[1:]‖₁=4.485, γ=45050.227, num_knots=595
2025-08-31 23:32:45,075 - Iter 10550: obj=-42.015779, change=4.09e-07, α=0.100, ‖θ[1:]‖₁=4.486, γ=133769.403, num_knots=593
2025-08-31 23:32:45,309 - Iter 10560: obj=-42.015780, change=2.80e-07, α=0.100, ‖θ[1:]‖₁=4.486, γ=133761.515, num_knots=593
2025-08-31 23:32:45,542 - Iter 10570: obj=-42.015780, change=1.93e-07, α=0.100, ‖θ[1:]‖₁=4.486, γ=133747.319, num_knots=593
2025-08-31 23:32:45,765 - Iter 10580: obj=-42.015780, change=1.34e-07, α=0.100, ‖θ[1:]‖₁=4.486, γ=133721.281, num_knots=593
2025-08-31 23:32:46,017 - Iter 10590: obj=-42.015780, change=1.11e-07, α=0.100, ‖θ[1:]‖₁=4.486, γ=133672.086, num_knots=593
2025-08-31 23:32:46,353 - Iter 10600: obj=-42.015783, change=1.69e-06, α=1.000, ‖θ[1:]‖₁=4.486, γ=47736.720, num_knots=593
2025-08-31 23:32:46,756 - Iter 10610: obj=-42.016000, change=1.30e-06, α=1.000, ‖θ[1:]‖₁=4.487, γ=86427.453, num_knots=592
2025-08-31 23:32:47,135 - Iter 10620: obj=-42.016152, change=1.23e-06, α=1.000, ‖θ[1:]‖₁=4.488, γ=133266.599, num_knots=696
2025-08-31 23:32:47,531 - Iter 10630: obj=-42.016155, change=1.24e-06, α=1.000, ‖θ[1:]‖₁=4.488, γ=93655.249, num_knots=603
2025-08-31 23:32:47,891 - Iter 10640: obj=-42.016208, change=1.07e-06, α=1.000, ‖θ[1:]‖₁=4.488, γ=133736.671, num_knots=592
2025-08-31 23:32:48,315 - Iter 10650: obj=-42.016211, change=3.97e-06, α=1.000, ‖θ[1:]‖₁=4.488, γ=5561.455, num_knots=591
2025-08-31 23:32:48,707 - Iter 10660: obj=-42.016869, change=1.25e-06, α=1.000, ‖θ[1:]‖₁=4.491, γ=89254.718, num_knots=590
2025-08-31 23:32:49,021 - Iter 10670: obj=-42.017416, change=2.16e-06, α=0.100, ‖θ[1:]‖₁=4.494, γ=133781.484, num_knots=584
2025-08-31 23:32:49,276 - Iter 10680: obj=-42.017419, change=1.47e-06, α=0.100, ‖θ[1:]‖₁=4.494, γ=133790.797, num_knots=584
2025-08-31 23:32:49,511 - Iter 10690: obj=-42.017420, change=1.00e-06, α=0.100, ‖θ[1:]‖₁=4.494, γ=133802.462, num_knots=584
2025-08-31 23:32:49,745 - Iter 10700: obj=-42.017421, change=6.86e-07, α=0.100, ‖θ[1:]‖₁=4.494, γ=133817.896, num_knots=584
2025-08-31 23:32:50,001 - Iter 10710: obj=-42.017422, change=4.69e-07, α=0.100, ‖θ[1:]‖₁=4.494, γ=133838.743, num_knots=584
2025-08-31 23:32:50,243 - Iter 10720: obj=-42.017422, change=3.21e-07, α=0.100, ‖θ[1:]‖₁=4.494, γ=133866.729, num_knots=584
2025-08-31 23:32:50,482 - Iter 10730: obj=-42.017422, change=2.20e-07, α=0.100, ‖θ[1:]‖₁=4.494, γ=133903.124, num_knots=584
2025-08-31 23:32:50,727 - Iter 10740: obj=-42.017423, change=1.52e-07, α=0.100, ‖θ[1:]‖₁=4.494, γ=133947.215, num_knots=584
2025-08-31 23:32:50,968 - Iter 10750: obj=-42.017423, change=1.05e-07, α=0.100, ‖θ[1:]‖₁=4.494, γ=133992.563, num_knots=584
2025-08-31 23:32:51,219 - Iter 10760: obj=-42.017423, change=1.05e-07, α=0.100, ‖θ[1:]‖₁=4.494, γ=134018.309, num_knots=584
2025-08-31 23:32:51,544 - Iter 10770: obj=-42.017424, change=1.13e-06, α=1.000, ‖θ[1:]‖₁=4.494, γ=107912.064, num_knots=584
2025-08-31 23:32:51,886 - Iter 10780: obj=-42.017457, change=1.05e-06, α=1.000, ‖θ[1:]‖₁=4.494, γ=133520.326, num_knots=586
2025-08-31 23:32:52,250 - Iter 10790: obj=-42.017500, change=3.68e-06, α=1.000, ‖θ[1:]‖₁=4.494, γ=133605.976, num_knots=588
2025-08-31 23:32:52,645 - Iter 10800: obj=-42.017512, change=1.23e-04, α=1.000, ‖θ[1:]‖₁=4.494, γ=34126.081, num_knots=584
2025-08-31 23:32:52,966 - Iter 10810: obj=-42.017543, change=6.17e-05, α=1.000, ‖θ[1:]‖₁=4.494, γ=1972.557, num_knots=584
2025-08-31 23:32:53,387 - Iter 10820: obj=-42.017574, change=1.29e-06, α=1.000, ‖θ[1:]‖₁=4.494, γ=79958.995, num_knots=585
2025-08-31 23:32:53,737 - Iter 10830: obj=-42.017636, change=1.05e-06, α=1.000, ‖θ[1:]‖₁=4.495, γ=130533.042, num_knots=584
2025-08-31 23:32:54,108 - Iter 10840: obj=-42.019366, change=3.60e-06, α=0.100, ‖θ[1:]‖₁=4.508, γ=130754.838, num_knots=1391
2025-08-31 23:32:54,353 - Iter 10850: obj=-42.019420, change=2.47e-06, α=0.100, ‖θ[1:]‖₁=4.508, γ=131121.945, num_knots=1372
2025-08-31 23:32:54,580 - Iter 10860: obj=-42.019463, change=1.80e-06, α=0.100, ‖θ[1:]‖₁=4.507, γ=131638.818, num_knots=1335
2025-08-31 23:32:54,792 - Iter 10870: obj=-42.019500, change=1.79e-06, α=0.100, ‖θ[1:]‖₁=4.507, γ=132775.201, num_knots=1218
2025-08-31 23:32:55,006 - Iter 10880: obj=-42.019529, change=2.80e-06, α=0.100, ‖θ[1:]‖₁=4.506, γ=133640.862, num_knots=1058
2025-08-31 23:32:55,260 - Iter 10890: obj=-42.019545, change=2.75e-06, α=0.100, ‖θ[1:]‖₁=4.506, γ=133792.997, num_knots=969
2025-08-31 23:32:55,547 - Iter 10900: obj=-42.019554, change=2.17e-06, α=0.100, ‖θ[1:]‖₁=4.506, γ=133864.207, num_knots=892
2025-08-31 23:32:55,804 - Iter 10910: obj=-42.019558, change=1.59e-06, α=0.100, ‖θ[1:]‖₁=4.506, γ=133928.675, num_knots=666
2025-08-31 23:32:56,052 - Iter 10920: obj=-42.019560, change=1.12e-06, α=0.100, ‖θ[1:]‖₁=4.506, γ=133999.419, num_knots=562
2025-08-31 23:32:56,286 - Iter 10930: obj=-42.019561, change=7.75e-07, α=0.100, ‖θ[1:]‖₁=4.506, γ=134074.578, num_knots=562
2025-08-31 23:32:56,521 - Iter 10940: obj=-42.019562, change=5.30e-07, α=0.100, ‖θ[1:]‖₁=4.506, γ=134134.387, num_knots=562
2025-08-31 23:32:56,775 - Iter 10950: obj=-42.019563, change=3.59e-07, α=0.100, ‖θ[1:]‖₁=4.506, γ=134122.088, num_knots=562
2025-08-31 23:32:56,993 - Iter 10960: obj=-42.019563, change=2.41e-07, α=0.100, ‖θ[1:]‖₁=4.506, γ=133900.358, num_knots=562
2025-08-31 23:32:57,210 - Iter 10970: obj=-42.019563, change=1.59e-07, α=0.100, ‖θ[1:]‖₁=4.506, γ=133159.483, num_knots=562
2025-08-31 23:32:57,439 - Iter 10980: obj=-42.019564, change=1.03e-07, α=0.100, ‖θ[1:]‖₁=4.506, γ=131204.032, num_knots=562
2025-08-31 23:32:57,671 - Iter 10990: obj=-42.019564, change=9.23e-08, α=0.100, ‖θ[1:]‖₁=4.506, γ=126487.373, num_knots=563
2025-08-31 23:32:57,912 - Iter 11000: obj=-42.019564, change=9.96e-08, α=0.100, ‖θ[1:]‖₁=4.506, γ=115873.770, num_knots=565
2025-08-31 23:32:58,150 - Iter 11010: obj=-42.019564, change=1.21e-07, α=0.100, ‖θ[1:]‖₁=4.506, γ=93478.763, num_knots=568
2025-08-31 23:32:58,382 - Iter 11020: obj=-42.019565, change=2.05e-07, α=0.100, ‖θ[1:]‖₁=4.506, γ=51338.983, num_knots=569
2025-08-31 23:32:58,628 - Iter 11030: obj=-42.019566, change=2.19e-06, α=0.100, ‖θ[1:]‖₁=4.506, γ=3202.439, num_knots=570
2025-08-31 23:32:58,854 - Iter 11040: obj=-42.019579, change=5.05e-06, α=0.100, ‖θ[1:]‖₁=4.505, γ=2265.754, num_knots=570
2025-08-31 23:32:59,107 - Iter 11050: obj=-42.019592, change=4.60e-06, α=0.100, ‖θ[1:]‖₁=4.505, γ=1986.404, num_knots=570
2025-08-31 23:32:59,384 - Iter 11060: obj=-42.019605, change=3.83e-06, α=0.100, ‖θ[1:]‖₁=4.505, γ=1892.950, num_knots=570
2025-08-31 23:32:59,769 - Iter 11070: obj=-42.019633, change=1.09e-06, α=1.000, ‖θ[1:]‖₁=4.505, γ=93570.833, num_knots=573
2025-08-31 23:33:00,174 - Iter 11080: obj=-42.019657, change=9.53e-07, α=1.000, ‖θ[1:]‖₁=4.505, γ=131586.973, num_knots=572
2025-08-31 23:33:00,566 - Iter 11090: obj=-42.019669, change=1.26e-06, α=1.000, ‖θ[1:]‖₁=4.505, γ=133738.108, num_knots=567
2025-08-31 23:33:00,975 - Iter 11100: obj=-42.019708, change=3.72e-06, α=1.000, ‖θ[1:]‖₁=4.505, γ=132984.347, num_knots=565
2025-08-31 23:33:01,387 - Iter 11110: obj=-42.019745, change=2.50e-04, α=1.000, ‖θ[1:]‖₁=4.505, γ=116450.973, num_knots=565
2025-08-31 23:33:01,794 - Iter 11120: obj=-42.019800, change=9.90e-07, α=1.000, ‖θ[1:]‖₁=4.505, γ=123817.402, num_knots=568
2025-08-31 23:33:02,184 - Iter 11130: obj=-42.019860, change=9.53e-07, α=1.000, ‖θ[1:]‖₁=4.505, γ=133636.083, num_knots=567
2025-08-31 23:33:02,599 - Iter 11140: obj=-42.019862, change=1.10e-05, α=1.000, ‖θ[1:]‖₁=4.505, γ=372.032, num_knots=563
2025-08-31 23:33:02,854 - Iter 11150: obj=-42.019938, change=9.72e-08, α=0.100, ‖θ[1:]‖₁=4.506, γ=133698.395, num_knots=561
2025-08-31 23:33:03,151 - Iter 11160: obj=-42.019938, change=9.63e-07, α=1.000, ‖θ[1:]‖₁=4.506, γ=133290.327, num_knots=561
2025-08-31 23:33:03,560 - Iter 11170: obj=-42.019974, change=9.77e-05, α=1.000, ‖θ[1:]‖₁=4.506, γ=130028.460, num_knots=561
2025-08-31 23:33:03,944 - Iter 11180: obj=-42.019996, change=9.90e-07, α=1.000, ‖θ[1:]‖₁=4.506, γ=122053.628, num_knots=565
2025-08-31 23:33:04,281 - Iter 11190: obj=-42.020103, change=2.72e-07, α=0.100, ‖θ[1:]‖₁=4.507, γ=133721.847, num_knots=561
2025-08-31 23:33:04,512 - Iter 11200: obj=-42.020103, change=1.89e-07, α=0.100, ‖θ[1:]‖₁=4.507, γ=133716.791, num_knots=561
2025-08-31 23:33:04,787 - Iter 11210: obj=-42.020104, change=1.32e-07, α=0.100, ‖θ[1:]‖₁=4.507, γ=133705.983, num_knots=561
2025-08-31 23:33:05,030 - Iter 11220: obj=-42.020104, change=9.67e-08, α=0.100, ‖θ[1:]‖₁=4.507, γ=133683.209, num_knots=561
2025-08-31 23:33:05,322 - Iter 11230: obj=-42.020104, change=9.59e-07, α=1.000, ‖θ[1:]‖₁=4.507, γ=133237.799, num_knots=561
2025-08-31 23:33:05,731 - Iter 11240: obj=-42.020149, change=9.59e-05, α=1.000, ‖θ[1:]‖₁=4.507, γ=131411.666, num_knots=561
2025-08-31 23:33:06,117 - Iter 11250: obj=-42.020171, change=9.75e-07, α=1.000, ‖θ[1:]‖₁=4.507, γ=128118.815, num_knots=566
2025-08-31 23:33:06,479 - Iter 11260: obj=-42.020398, change=6.03e-07, α=0.100, ‖θ[1:]‖₁=4.508, γ=133735.151, num_knots=559
2025-08-31 23:33:06,750 - Iter 11270: obj=-42.020399, change=4.16e-07, α=0.100, ‖θ[1:]‖₁=4.508, γ=133740.910, num_knots=559
2025-08-31 23:33:06,980 - Iter 11280: obj=-42.020399, change=2.88e-07, α=0.100, ‖θ[1:]‖₁=4.508, γ=133748.094, num_knots=559
2025-08-31 23:33:07,219 - Iter 11290: obj=-42.020399, change=1.99e-07, α=0.100, ‖θ[1:]‖₁=4.508, γ=133756.708, num_knots=559
2025-08-31 23:33:07,450 - Iter 11300: obj=-42.020400, change=1.39e-07, α=0.100, ‖θ[1:]‖₁=4.508, γ=133765.831, num_knots=559
2025-08-31 23:33:07,686 - Iter 11310: obj=-42.020400, change=9.74e-08, α=0.100, ‖θ[1:]‖₁=4.508, γ=133772.229, num_knots=559
2025-08-31 23:33:07,943 - Iter 11320: obj=-42.020400, change=9.52e-08, α=0.100, ‖θ[1:]‖₁=4.508, γ=133767.220, num_knots=559
2025-08-31 23:33:08,321 - Iter 11330: obj=-42.020402, change=2.24e-06, α=1.000, ‖θ[1:]‖₁=4.508, γ=18839.295, num_knots=559
2025-08-31 23:33:08,671 - Iter 11340: obj=-42.020479, change=9.38e-07, α=1.000, ‖θ[1:]‖₁=4.509, γ=133480.393, num_knots=570
2025-08-31 23:33:09,339 - Iter 11350: obj=-42.020481, change=7.81e-06, α=1.000, ‖θ[1:]‖₁=4.509, γ=7649.390, num_knots=561
2025-08-31 23:33:09,711 - Iter 11360: obj=-42.020556, change=9.15e-03, α=1.000, ‖θ[1:]‖₁=4.523, γ=129433.718, num_knots=542
2025-08-31 23:33:09,968 - Iter 11370: obj=-42.022229, change=2.51e-06, α=0.100, ‖θ[1:]‖₁=4.522, γ=131095.042, num_knots=1111
2025-08-31 23:33:10,209 - Iter 11380: obj=-42.022272, change=1.71e-06, α=0.100, ‖θ[1:]‖₁=4.522, γ=130013.152, num_knots=1088
2025-08-31 23:33:10,470 - Iter 11390: obj=-42.022310, change=1.31e-06, α=0.100, ‖θ[1:]‖₁=4.521, γ=129798.345, num_knots=1086
2025-08-31 23:33:10,676 - Iter 11400: obj=-42.022345, change=1.46e-06, α=0.100, ‖θ[1:]‖₁=4.521, γ=131837.034, num_knots=1057
2025-08-31 23:33:10,910 - Iter 11410: obj=-42.022373, change=2.35e-06, α=0.100, ‖θ[1:]‖₁=4.520, γ=133347.253, num_knots=978
2025-08-31 23:33:11,188 - Iter 11420: obj=-42.022391, change=2.67e-06, α=0.100, ‖θ[1:]‖₁=4.520, γ=133642.867, num_knots=923
2025-08-31 23:33:11,519 - Iter 11430: obj=-42.022400, change=2.21e-06, α=0.100, ‖θ[1:]‖₁=4.520, γ=133716.654, num_knots=873
2025-08-31 23:33:11,772 - Iter 11440: obj=-42.022404, change=1.66e-06, α=0.100, ‖θ[1:]‖₁=4.520, γ=133760.445, num_knots=717
2025-08-31 23:33:12,008 - Iter 11450: obj=-42.022407, change=1.19e-06, α=0.100, ‖θ[1:]‖₁=4.520, γ=133801.106, num_knots=542
2025-08-31 23:33:12,247 - Iter 11460: obj=-42.022408, change=8.38e-07, α=0.100, ‖θ[1:]‖₁=4.520, γ=133848.096, num_knots=542
2025-08-31 23:33:12,501 - Iter 11470: obj=-42.022409, change=5.84e-07, α=0.100, ‖θ[1:]‖₁=4.520, γ=133906.292, num_knots=542
2025-08-31 23:33:12,754 - Iter 11480: obj=-42.022409, change=4.05e-07, α=0.100, ‖θ[1:]‖₁=4.520, γ=133977.154, num_knots=542
2025-08-31 23:33:12,992 - Iter 11490: obj=-42.022409, change=2.79e-07, α=0.100, ‖θ[1:]‖₁=4.520, γ=134055.651, num_knots=542
2025-08-31 23:33:13,248 - Iter 11500: obj=-42.022409, change=1.92e-07, α=0.100, ‖θ[1:]‖₁=4.520, γ=134121.696, num_knots=542
2025-08-31 23:33:13,503 - Iter 11510: obj=-42.022410, change=1.32e-07, α=0.100, ‖θ[1:]‖₁=4.520, γ=134120.939, num_knots=542
2025-08-31 23:33:13,730 - Iter 11520: obj=-42.022410, change=9.03e-08, α=0.100, ‖θ[1:]‖₁=4.520, γ=133923.892, num_knots=542
2025-08-31 23:33:13,975 - Iter 11530: obj=-42.022410, change=8.59e-08, α=0.100, ‖θ[1:]‖₁=4.520, γ=133241.433, num_knots=542
2025-08-31 23:33:14,229 - Iter 11540: obj=-42.022410, change=8.66e-08, α=0.100, ‖θ[1:]‖₁=4.520, γ=131455.102, num_knots=542
2025-08-31 23:33:14,481 - Iter 11550: obj=-42.022410, change=8.90e-08, α=0.100, ‖θ[1:]‖₁=4.520, γ=127253.791, num_knots=542
2025-08-31 23:33:14,708 - Iter 11560: obj=-42.022411, change=9.52e-08, α=0.100, ‖θ[1:]‖₁=4.520, γ=118009.301, num_knots=542
2025-08-31 23:33:14,929 - Iter 11570: obj=-42.022411, change=1.12e-07, α=0.100, ‖θ[1:]‖₁=4.520, γ=98866.914, num_knots=542
2025-08-31 23:33:15,172 - Iter 11580: obj=-42.022411, change=1.69e-07, α=0.100, ‖θ[1:]‖₁=4.520, γ=62611.523, num_knots=544
2025-08-31 23:33:15,524 - Iter 11590: obj=-42.022434, change=9.03e-08, α=0.100, ‖θ[1:]‖₁=4.519, γ=134111.906, num_knots=545
2025-08-31 23:33:15,804 - Iter 11600: obj=-42.022434, change=8.70e-08, α=0.100, ‖θ[1:]‖₁=4.519, γ=134024.739, num_knots=545
2025-08-31 23:33:16,030 - Iter 11610: obj=-42.022434, change=8.69e-08, α=0.100, ‖θ[1:]‖₁=4.519, γ=133601.779, num_knots=545
2025-08-31 23:33:16,261 - Iter 11620: obj=-42.022434, change=8.75e-08, α=0.100, ‖θ[1:]‖₁=4.519, γ=132381.464, num_knots=545
2025-08-31 23:33:16,623 - Iter 11630: obj=-42.022455, change=1.90e-06, α=1.000, ‖θ[1:]‖₁=4.519, γ=133178.354, num_knots=547
2025-08-31 23:33:17,092 - Iter 11640: obj=-42.022469, change=2.16e-05, α=1.000, ‖θ[1:]‖₁=4.519, γ=117839.719, num_knots=544
2025-08-31 23:33:17,440 - Iter 11650: obj=-42.022474, change=8.76e-07, α=1.000, ‖θ[1:]‖₁=4.519, γ=133272.631, num_knots=544
2025-08-31 23:33:17,817 - Iter 11660: obj=-42.022507, change=1.47e-06, α=1.000, ‖θ[1:]‖₁=4.519, γ=133578.783, num_knots=547
2025-08-31 23:33:18,194 - Iter 11670: obj=-42.022509, change=2.11e-06, α=1.000, ‖θ[1:]‖₁=4.519, γ=17323.965, num_knots=544
2025-08-31 23:33:18,576 - Iter 11680: obj=-42.022531, change=8.97e-07, α=1.000, ‖θ[1:]‖₁=4.520, γ=126818.986, num_knots=544
2025-08-31 23:33:18,956 - Iter 11690: obj=-42.022552, change=8.75e-07, α=1.000, ‖θ[1:]‖₁=4.520, γ=133361.534, num_knots=544
2025-08-31 23:33:19,342 - Iter 11700: obj=-42.022556, change=4.57e-03, α=1.000, ‖θ[1:]‖₁=4.525, γ=97248.522, num_knots=536
2025-08-31 23:33:19,564 - Iter 11710: obj=-42.023446, change=2.94e-06, α=0.100, ‖θ[1:]‖₁=4.525, γ=133691.377, num_knots=536
2025-08-31 23:33:19,816 - Iter 11720: obj=-42.023451, change=2.04e-06, α=0.100, ‖θ[1:]‖₁=4.525, γ=133696.065, num_knots=536
2025-08-31 23:33:20,084 - Iter 11730: obj=-42.023454, change=1.41e-06, α=0.100, ‖θ[1:]‖₁=4.525, γ=133700.516, num_knots=536
2025-08-31 23:33:20,357 - Iter 11740: obj=-42.023455, change=9.82e-07, α=0.100, ‖θ[1:]‖₁=4.525, γ=133705.292, num_knots=536
2025-08-31 23:33:20,616 - Iter 11750: obj=-42.023456, change=6.82e-07, α=0.100, ‖θ[1:]‖₁=4.525, γ=133710.964, num_knots=536
2025-08-31 23:33:20,877 - Iter 11760: obj=-42.023456, change=4.75e-07, α=0.100, ‖θ[1:]‖₁=4.525, γ=133718.146, num_knots=536
2025-08-31 23:33:21,139 - Iter 11770: obj=-42.023457, change=3.31e-07, α=0.100, ‖θ[1:]‖₁=4.525, γ=133727.497, num_knots=536
2025-08-31 23:33:21,366 - Iter 11780: obj=-42.023457, change=2.31e-07, α=0.100, ‖θ[1:]‖₁=4.525, γ=133739.648, num_knots=536
2025-08-31 23:33:21,615 - Iter 11790: obj=-42.023457, change=1.62e-07, α=0.100, ‖θ[1:]‖₁=4.525, γ=133754.940, num_knots=536
2025-08-31 23:33:21,856 - Iter 11800: obj=-42.023457, change=1.14e-07, α=0.100, ‖θ[1:]‖₁=4.525, γ=133772.762, num_knots=536
2025-08-31 23:33:22,104 - Iter 11810: obj=-42.023457, change=8.62e-08, α=0.100, ‖θ[1:]‖₁=4.525, γ=133789.999, num_knots=536
2025-08-31 23:33:22,356 - Iter 11820: obj=-42.023458, change=8.58e-08, α=0.100, ‖θ[1:]‖₁=4.525, γ=133797.564, num_knots=536
2025-08-31 23:33:22,727 - Iter 11830: obj=-42.023459, change=2.26e-06, α=1.000, ‖θ[1:]‖₁=4.525, γ=15189.099, num_knots=535
2025-08-31 23:33:23,090 - Iter 11840: obj=-42.023572, change=8.47e-07, α=1.000, ‖θ[1:]‖₁=4.525, γ=133399.803, num_knots=545
2025-08-31 23:33:23,461 - Iter 11850: obj=-42.023574, change=6.51e-06, α=1.000, ‖θ[1:]‖₁=4.525, γ=5749.613, num_knots=539
2025-08-31 23:33:23,839 - Iter 11860: obj=-42.023588, change=4.31e-06, α=1.000, ‖θ[1:]‖₁=4.525, γ=2170.175, num_knots=537
2025-08-31 23:33:24,205 - Iter 11870: obj=-42.023615, change=8.97e-07, α=1.000, ‖θ[1:]‖₁=4.526, γ=116902.379, num_knots=538
2025-08-31 23:33:24,581 - Iter 11880: obj=-42.023634, change=8.55e-07, α=1.000, ‖θ[1:]‖₁=4.526, γ=131798.900, num_knots=537
2025-08-31 23:33:24,965 - Iter 11890: obj=-42.023976, change=3.57e-04, α=1.000, ‖θ[1:]‖₁=4.534, γ=133868.553, num_knots=1321
2025-08-31 23:33:25,209 - Iter 11900: obj=-42.024378, change=1.92e-06, α=0.100, ‖θ[1:]‖₁=4.533, γ=131341.548, num_knots=1039
2025-08-31 23:33:25,469 - Iter 11910: obj=-42.024414, change=1.64e-06, α=0.100, ‖θ[1:]‖₁=4.532, γ=131787.636, num_knots=1033
2025-08-31 23:33:25,721 - Iter 11920: obj=-42.024444, change=2.54e-06, α=0.100, ‖θ[1:]‖₁=4.532, γ=133305.920, num_knots=1015
2025-08-31 23:33:26,001 - Iter 11930: obj=-42.024462, change=2.82e-06, α=0.100, ‖θ[1:]‖₁=4.532, γ=133619.844, num_knots=964
2025-08-31 23:33:26,232 - Iter 11940: obj=-42.024472, change=2.32e-06, α=0.100, ‖θ[1:]‖₁=4.531, γ=133699.362, num_knots=884
2025-08-31 23:33:26,464 - Iter 11950: obj=-42.024477, change=1.74e-06, α=0.100, ‖θ[1:]‖₁=4.531, γ=133744.812, num_knots=716
2025-08-31 23:33:26,692 - Iter 11960: obj=-42.024480, change=1.25e-06, α=0.100, ‖θ[1:]‖₁=4.531, γ=133785.420, num_knots=534
2025-08-31 23:33:26,914 - Iter 11970: obj=-42.024481, change=8.81e-07, α=0.100, ‖θ[1:]‖₁=4.531, γ=133831.439, num_knots=534
2025-08-31 23:33:27,142 - Iter 11980: obj=-42.024482, change=6.15e-07, α=0.100, ‖θ[1:]‖₁=4.531, γ=133888.268, num_knots=534
2025-08-31 23:33:27,417 - Iter 11990: obj=-42.024482, change=4.27e-07, α=0.100, ‖θ[1:]‖₁=4.531, γ=133958.228, num_knots=534
2025-08-31 23:33:27,709 - Iter 12000: obj=-42.024482, change=2.95e-07, α=0.100, ‖θ[1:]‖₁=4.531, γ=134038.299, num_knots=534
2025-08-31 23:33:27,984 - Iter 12010: obj=-42.024482, change=2.04e-07, α=0.100, ‖θ[1:]‖₁=4.531, γ=134113.153, num_knots=534
2025-08-31 23:33:28,202 - Iter 12020: obj=-42.024483, change=1.40e-07, α=0.100, ‖θ[1:]‖₁=4.531, γ=134139.297, num_knots=534
2025-08-31 23:33:28,462 - Iter 12030: obj=-42.024483, change=9.57e-08, α=0.100, ‖θ[1:]‖₁=4.531, γ=134011.249, num_knots=534
2025-08-31 23:33:28,731 - Iter 12040: obj=-42.024483, change=7.95e-08, α=0.100, ‖θ[1:]‖₁=4.531, γ=133491.507, num_knots=534
2025-08-31 23:33:29,057 - Iter 12050: obj=-42.024483, change=7.99e-08, α=0.100, ‖θ[1:]‖₁=4.531, γ=132059.366, num_knots=534
2025-08-31 23:33:29,369 - Iter 12060: obj=-42.024483, change=8.16e-08, α=0.100, ‖θ[1:]‖₁=4.531, γ=128594.222, num_knots=534
2025-08-31 23:33:29,613 - Iter 12070: obj=-42.024484, change=8.63e-08, α=0.100, ‖θ[1:]‖₁=4.531, γ=120859.924, num_knots=534
2025-08-31 23:33:29,861 - Iter 12080: obj=-42.024484, change=9.83e-08, α=0.100, ‖θ[1:]‖₁=4.531, γ=104687.957, num_knots=536
2025-08-31 23:33:30,138 - Iter 12090: obj=-42.024484, change=1.36e-07, α=0.100, ‖θ[1:]‖₁=4.531, γ=73184.335, num_knots=537
2025-08-31 23:33:30,463 - Iter 12100: obj=-42.024484, change=3.72e-07, α=0.100, ‖θ[1:]‖₁=4.531, γ=22794.705, num_knots=537
2025-08-31 23:33:30,833 - Iter 12110: obj=-42.024512, change=1.61e-06, α=1.000, ‖θ[1:]‖₁=4.531, γ=133150.417, num_knots=544
2025-08-31 23:33:31,202 - Iter 12120: obj=-42.024514, change=8.10e-06, α=1.000, ‖θ[1:]‖₁=4.531, γ=2282.947, num_knots=538
2025-08-31 23:33:31,627 - Iter 12130: obj=-42.024531, change=8.97e-07, α=1.000, ‖θ[1:]‖₁=4.531, γ=105822.921, num_knots=538
2025-08-31 23:33:32,038 - Iter 12140: obj=-42.024545, change=8.21e-07, α=1.000, ‖θ[1:]‖₁=4.531, γ=129905.508, num_knots=535
2025-08-31 23:33:32,383 - Iter 12150: obj=-42.024558, change=8.15e-07, α=1.000, ‖θ[1:]‖₁=4.531, γ=132845.788, num_knots=535
2025-08-31 23:33:32,742 - Iter 12160: obj=-42.024598, change=1.14e-07, α=0.100, ‖θ[1:]‖₁=4.531, γ=133702.725, num_knots=535
2025-08-31 23:33:32,959 - Iter 12170: obj=-42.024599, change=8.25e-08, α=0.100, ‖θ[1:]‖₁=4.531, γ=133695.352, num_knots=535
2025-08-31 23:33:33,339 - Iter 12180: obj=-42.024600, change=9.19e-07, α=1.000, ‖θ[1:]‖₁=4.531, γ=100023.869, num_knots=535
2025-08-31 23:33:33,704 - Iter 12190: obj=-42.024629, change=8.22e-07, α=1.000, ‖θ[1:]‖₁=4.531, γ=130919.070, num_knots=535
2025-08-31 23:33:34,073 - Iter 12200: obj=-42.024652, change=8.19e-07, α=1.000, ‖θ[1:]‖₁=4.531, γ=132765.203, num_knots=535
2025-08-31 23:33:34,438 - Iter 12210: obj=-42.024681, change=1.96e-06, α=1.000, ‖θ[1:]‖₁=4.532, γ=133583.516, num_knots=535
2025-08-31 23:33:34,798 - Iter 12220: obj=-42.024715, change=8.12e-07, α=1.000, ‖θ[1:]‖₁=4.532, γ=133374.403, num_knots=535
2025-08-31 23:33:35,162 - Iter 12230: obj=-42.024719, change=4.62e-03, α=1.000, ‖θ[1:]‖₁=4.539, γ=129895.971, num_knots=518
2025-08-31 23:33:35,454 - Iter 12240: obj=-42.025539, change=3.19e-06, α=0.100, ‖θ[1:]‖₁=4.538, γ=133125.166, num_knots=1002
2025-08-31 23:33:35,685 - Iter 12250: obj=-42.025567, change=3.58e-06, α=0.100, ‖θ[1:]‖₁=4.538, γ=133521.585, num_knots=988
2025-08-31 23:33:35,894 - Iter 12260: obj=-42.025584, change=3.06e-06, α=0.100, ‖θ[1:]‖₁=4.538, γ=133628.285, num_knots=953
2025-08-31 23:33:36,141 - Iter 12270: obj=-42.025592, change=2.33e-06, α=0.100, ‖θ[1:]‖₁=4.538, γ=133677.111, num_knots=840
2025-08-31 23:33:36,397 - Iter 12280: obj=-42.025596, change=1.69e-06, α=0.100, ‖θ[1:]‖₁=4.538, γ=133712.697, num_knots=518
2025-08-31 23:33:36,624 - Iter 12290: obj=-42.025598, change=1.20e-06, α=0.100, ‖θ[1:]‖₁=4.538, γ=133748.364, num_knots=518
2025-08-31 23:33:36,887 - Iter 12300: obj=-42.025599, change=8.48e-07, α=0.100, ‖θ[1:]‖₁=4.537, γ=133790.731, num_knots=518
2025-08-31 23:33:37,172 - Iter 12310: obj=-42.025600, change=5.94e-07, α=0.100, ‖θ[1:]‖₁=4.537, γ=133844.144, num_knots=518
2025-08-31 23:33:37,430 - Iter 12320: obj=-42.025600, change=4.15e-07, α=0.100, ‖θ[1:]‖₁=4.537, γ=133911.124, num_knots=518
2025-08-31 23:33:37,676 - Iter 12330: obj=-42.025601, change=2.89e-07, α=0.100, ‖θ[1:]‖₁=4.537, γ=133990.534, num_knots=518
2025-08-31 23:33:37,928 - Iter 12340: obj=-42.025601, change=2.01e-07, α=0.100, ‖θ[1:]‖₁=4.537, γ=134072.433, num_knots=518
2025-08-31 23:33:38,173 - Iter 12350: obj=-42.025601, change=1.39e-07, α=0.100, ‖θ[1:]‖₁=4.537, γ=134126.474, num_knots=518
2025-08-31 23:33:38,423 - Iter 12360: obj=-42.025601, change=9.65e-08, α=0.100, ‖θ[1:]‖₁=4.537, γ=134077.290, num_knots=518
2025-08-31 23:33:38,690 - Iter 12370: obj=-42.025601, change=7.68e-08, α=0.100, ‖θ[1:]‖₁=4.537, γ=133753.813, num_knots=518
2025-08-31 23:33:38,952 - Iter 12380: obj=-42.025601, change=7.70e-08, α=0.100, ‖θ[1:]‖₁=4.537, γ=132787.557, num_knots=518
2025-08-31 23:33:39,222 - Iter 12390: obj=-42.025602, change=7.81e-08, α=0.100, ‖θ[1:]‖₁=4.537, γ=130414.803, num_knots=518
2025-08-31 23:33:39,477 - Iter 12400: obj=-42.025602, change=8.09e-08, α=0.100, ‖θ[1:]‖₁=4.537, γ=125093.124, num_knots=518
2025-08-31 23:33:39,724 - Iter 12410: obj=-42.025602, change=8.82e-08, α=0.100, ‖θ[1:]‖₁=4.537, γ=113849.629, num_knots=518
2025-08-31 23:33:39,952 - Iter 12420: obj=-42.025602, change=9.53e-08, α=0.100, ‖θ[1:]‖₁=4.537, γ=106633.664, num_knots=518
2025-08-31 23:33:40,171 - Iter 12430: obj=-42.025602, change=9.52e-08, α=0.100, ‖θ[1:]‖₁=4.537, γ=106633.664, num_knots=518
2025-08-31 23:33:40,425 - Iter 12440: obj=-42.025603, change=9.52e-08, α=0.100, ‖θ[1:]‖₁=4.537, γ=106633.664, num_knots=519
2025-08-31 23:33:40,717 - Iter 12450: obj=-42.025615, change=7.78e-08, α=0.100, ‖θ[1:]‖₁=4.537, γ=134092.127, num_knots=521
2025-08-31 23:33:40,984 - Iter 12460: obj=-42.025615, change=7.75e-08, α=0.100, ‖θ[1:]‖₁=4.537, γ=133851.979, num_knots=520
2025-08-31 23:33:41,213 - Iter 12470: obj=-42.025615, change=7.77e-08, α=0.100, ‖θ[1:]‖₁=4.537, γ=133055.367, num_knots=520
2025-08-31 23:33:41,461 - Iter 12480: obj=-42.025615, change=7.86e-08, α=0.100, ‖θ[1:]‖₁=4.537, γ=131022.871, num_knots=520
2025-08-31 23:33:41,715 - Iter 12490: obj=-42.025616, change=8.11e-07, α=1.000, ‖θ[1:]‖₁=4.537, γ=115151.070, num_knots=520
2025-08-31 23:33:42,115 - Iter 12500: obj=-42.025634, change=8.03e-07, α=1.000, ‖θ[1:]‖₁=4.537, γ=124569.409, num_knots=521
2025-08-31 23:33:42,461 - Iter 12510: obj=-42.025647, change=8.00e-07, α=1.000, ‖θ[1:]‖₁=4.537, γ=124853.202, num_knots=519
2025-08-31 23:33:42,814 - Iter 12520: obj=-42.025672, change=7.89e-07, α=1.000, ‖θ[1:]‖₁=4.537, γ=131542.375, num_knots=519
2025-08-31 23:33:43,134 - Iter 12530: obj=-42.025689, change=9.18e-07, α=1.000, ‖θ[1:]‖₁=4.537, γ=133729.073, num_knots=519
2025-08-31 23:33:43,517 - Iter 12540: obj=-42.025691, change=9.75e-06, α=1.000, ‖θ[1:]‖₁=4.537, γ=1636.441, num_knots=518
2025-08-31 23:33:43,902 - Iter 12550: obj=-42.025707, change=9.41e-07, α=1.000, ‖θ[1:]‖₁=4.537, γ=88452.810, num_knots=518
2025-08-31 23:33:44,174 - Iter 12560: obj=-42.025809, change=1.54e-07, α=0.100, ‖θ[1:]‖₁=4.538, γ=133592.894, num_knots=514
2025-08-31 23:33:44,382 - Iter 12570: obj=-42.025809, change=1.10e-07, α=0.100, ‖θ[1:]‖₁=4.538, γ=133561.684, num_knots=514
2025-08-31 23:33:44,609 - Iter 12580: obj=-42.025809, change=7.98e-08, α=0.100, ‖θ[1:]‖₁=4.538, γ=133510.909, num_knots=514
2025-08-31 23:33:44,895 - Iter 12590: obj=-42.025809, change=7.95e-07, α=1.000, ‖θ[1:]‖₁=4.538, γ=133425.846, num_knots=514
2025-08-31 23:33:45,298 - Iter 12600: obj=-42.025811, change=3.18e-06, α=1.000, ‖θ[1:]‖₁=4.538, γ=4582.400, num_knots=514
2025-08-31 23:33:45,725 - Iter 12610: obj=-42.025847, change=1.45e-06, α=1.000, ‖θ[1:]‖₁=4.538, γ=133491.711, num_knots=514
2025-08-31 23:33:46,136 - Iter 12620: obj=-42.025850, change=1.81e-03, α=1.000, ‖θ[1:]‖₁=4.540, γ=11648.478, num_knots=513
2025-08-31 23:33:46,402 - Iter 12630: obj=-42.026180, change=1.33e-07, α=0.100, ‖θ[1:]‖₁=4.540, γ=133766.178, num_knots=513
2025-08-31 23:33:46,670 - Iter 12640: obj=-42.026180, change=9.48e-08, α=0.100, ‖θ[1:]‖₁=4.540, γ=133802.996, num_knots=513
2025-08-31 23:33:46,950 - Iter 12650: obj=-42.026181, change=7.75e-08, α=0.100, ‖θ[1:]‖₁=4.540, γ=133842.157, num_knots=513
2025-08-31 23:33:47,382 - Iter 12660: obj=-42.026181, change=7.71e-08, α=0.100, ‖θ[1:]‖₁=4.540, γ=133871.205, num_knots=513
2025-08-31 23:33:47,798 - Iter 12670: obj=-42.026182, change=9.46e-07, α=1.000, ‖θ[1:]‖₁=4.540, γ=81776.766, num_knots=513
2025-08-31 23:33:48,232 - Iter 12680: obj=-42.026217, change=8.10e-07, α=1.000, ‖θ[1:]‖₁=4.540, γ=117468.945, num_knots=513
2025-08-31 23:33:48,616 - Iter 12690: obj=-42.026229, change=7.81e-07, α=1.000, ‖θ[1:]‖₁=4.540, γ=128163.566, num_knots=512
2025-08-31 23:33:48,926 - Iter 12700: obj=-42.026543, change=7.72e-07, α=0.100, ‖θ[1:]‖₁=4.542, γ=133645.705, num_knots=508
2025-08-31 23:33:49,148 - Iter 12710: obj=-42.026543, change=5.43e-07, α=0.100, ‖θ[1:]‖₁=4.542, γ=133649.681, num_knots=508
2025-08-31 23:33:49,379 - Iter 12720: obj=-42.026544, change=3.82e-07, α=0.100, ‖θ[1:]‖₁=4.542, γ=133654.556, num_knots=508
2025-08-31 23:33:49,600 - Iter 12730: obj=-42.026544, change=2.69e-07, α=0.100, ‖θ[1:]‖₁=4.542, γ=133660.666, num_knots=508
2025-08-31 23:33:49,829 - Iter 12740: obj=-42.026544, change=1.90e-07, α=0.100, ‖θ[1:]‖₁=4.542, γ=133668.218, num_knots=508
2025-08-31 23:33:50,081 - Iter 12750: obj=-42.026544, change=1.35e-07, α=0.100, ‖θ[1:]‖₁=4.542, γ=133677.028, num_knots=508
2025-08-31 23:33:50,358 - Iter 12760: obj=-42.026544, change=9.62e-08, α=0.100, ‖θ[1:]‖₁=4.542, γ=133685.902, num_knots=508
2025-08-31 23:33:50,638 - Iter 12770: obj=-42.026544, change=7.65e-08, α=0.100, ‖θ[1:]‖₁=4.542, γ=133691.290, num_knots=508
2025-08-31 23:33:50,901 - Iter 12780: obj=-42.026545, change=7.62e-07, α=1.000, ‖θ[1:]‖₁=4.542, γ=133684.424, num_knots=508
2025-08-31 23:33:51,343 - Iter 12790: obj=-42.026546, change=2.61e-06, α=1.000, ‖θ[1:]‖₁=4.542, γ=8349.409, num_knots=508
2025-08-31 23:33:51,645 - Iter 12800: obj=-42.026605, change=1.53e-07, α=0.100, ‖θ[1:]‖₁=4.543, γ=133601.878, num_knots=510
2025-08-31 23:33:51,917 - Iter 12810: obj=-42.026605, change=1.08e-07, α=0.100, ‖θ[1:]‖₁=4.543, γ=133586.436, num_knots=509
2025-08-31 23:33:52,164 - Iter 12820: obj=-42.026605, change=7.75e-08, α=0.100, ‖θ[1:]‖₁=4.543, γ=133557.369, num_knots=509
2025-08-31 23:33:52,444 - Iter 12830: obj=-42.026605, change=7.64e-08, α=0.100, ‖θ[1:]‖₁=4.543, γ=133504.446, num_knots=509
2025-08-31 23:33:52,881 - Iter 12840: obj=-42.026606, change=1.29e-06, α=1.000, ‖θ[1:]‖₁=4.543, γ=40276.361, num_knots=508
2025-08-31 23:33:53,186 - Iter 12850: obj=-42.026644, change=1.09e-07, α=0.100, ‖θ[1:]‖₁=4.543, γ=133614.221, num_knots=509
2025-08-31 23:33:53,675 - Iter 12860: obj=-42.026644, change=7.77e-08, α=0.100, ‖θ[1:]‖₁=4.543, γ=133595.809, num_knots=509
2025-08-31 23:33:53,877 - Iter 12870: obj=-42.026644, change=7.62e-08, α=0.100, ‖θ[1:]‖₁=4.543, γ=133559.328, num_knots=509
2025-08-31 23:33:54,194 - Iter 12880: obj=-42.026645, change=9.52e-07, α=1.000, ‖θ[1:]‖₁=4.543, γ=78571.795, num_knots=508
2025-08-31 23:33:54,556 - Iter 12890: obj=-42.026720, change=3.75e-07, α=0.100, ‖θ[1:]‖₁=4.543, γ=133627.134, num_knots=509
2025-08-31 23:33:54,774 - Iter 12900: obj=-42.026721, change=2.63e-07, α=0.100, ‖θ[1:]‖₁=4.543, γ=133626.831, num_knots=509
2025-08-31 23:33:54,982 - Iter 12910: obj=-42.026721, change=1.86e-07, α=0.100, ‖θ[1:]‖₁=4.543, γ=133623.961, num_knots=508
2025-08-31 23:33:55,246 - Iter 12920: obj=-42.026721, change=1.31e-07, α=0.100, ‖θ[1:]‖₁=4.543, γ=133617.382, num_knots=508
2025-08-31 23:33:55,556 - Iter 12930: obj=-42.026721, change=9.36e-08, α=0.100, ‖θ[1:]‖₁=4.543, γ=133604.251, num_knots=508
2025-08-31 23:33:55,821 - Iter 12940: obj=-42.026721, change=7.61e-08, α=0.100, ‖θ[1:]‖₁=4.543, γ=133578.576, num_knots=508
2025-08-31 23:33:56,279 - Iter 12950: obj=-42.026722, change=7.55e-07, α=1.000, ‖θ[1:]‖₁=4.543, γ=133163.578, num_knots=508
2025-08-31 23:33:56,693 - Iter 12960: obj=-42.026725, change=3.29e-04, α=1.000, ‖θ[1:]‖₁=4.544, γ=1239.656, num_knots=506
2025-08-31 23:33:56,991 - Iter 12970: obj=-42.026800, change=4.83e-07, α=0.100, ‖θ[1:]‖₁=4.544, γ=133631.528, num_knots=507
2025-08-31 23:33:57,253 - Iter 12980: obj=-42.026800, change=3.40e-07, α=0.100, ‖θ[1:]‖₁=4.544, γ=133631.383, num_knots=507
2025-08-31 23:33:57,587 - Iter 12990: obj=-42.026800, change=2.39e-07, α=0.100, ‖θ[1:]‖₁=4.544, γ=133630.361, num_knots=507
2025-08-31 23:33:57,865 - Iter 13000: obj=-42.026801, change=1.69e-07, α=0.100, ‖θ[1:]‖₁=4.544, γ=133627.715, num_knots=507
2025-08-31 23:33:58,120 - Iter 13010: obj=-42.026801, change=1.20e-07, α=0.100, ‖θ[1:]‖₁=4.544, γ=133621.855, num_knots=507
2025-08-31 23:33:58,377 - Iter 13020: obj=-42.026801, change=8.56e-08, α=0.100, ‖θ[1:]‖₁=4.544, γ=133609.473, num_knots=507
2025-08-31 23:33:58,607 - Iter 13030: obj=-42.026801, change=7.58e-08, α=0.100, ‖θ[1:]‖₁=4.544, γ=133583.751, num_knots=507
2025-08-31 23:33:58,917 - Iter 13040: obj=-42.026802, change=7.62e-07, α=1.000, ‖θ[1:]‖₁=4.544, γ=128235.829, num_knots=507
2025-08-31 23:33:59,290 - Iter 13050: obj=-42.026958, change=7.46e-07, α=1.000, ‖θ[1:]‖₁=4.545, γ=131595.488, num_knots=504
2025-08-31 23:33:59,632 - Iter 13060: obj=-42.027471, change=3.84e-06, α=0.100, ‖θ[1:]‖₁=4.548, γ=133612.275, num_knots=500
2025-08-31 23:33:59,866 - Iter 13070: obj=-42.027480, change=2.70e-06, α=0.100, ‖θ[1:]‖₁=4.548, γ=133617.607, num_knots=500
2025-08-31 23:34:00,118 - Iter 13080: obj=-42.027485, change=1.90e-06, α=0.100, ‖θ[1:]‖₁=4.548, γ=133622.598, num_knots=500
2025-08-31 23:34:00,344 - Iter 13090: obj=-42.027487, change=1.33e-06, α=0.100, ‖θ[1:]‖₁=4.548, γ=133629.476, num_knots=500
2025-08-31 23:34:00,619 - Iter 13100: obj=-42.027488, change=9.37e-07, α=0.100, ‖θ[1:]‖₁=4.548, γ=133635.731, num_knots=500
2025-08-31 23:34:00,867 - Iter 13110: obj=-42.027489, change=6.60e-07, α=0.100, ‖θ[1:]‖₁=4.548, γ=133642.505, num_knots=500
2025-08-31 23:34:01,119 - Iter 13120: obj=-42.027489, change=4.66e-07, α=0.100, ‖θ[1:]‖₁=4.548, γ=133650.737, num_knots=499
2025-08-31 23:34:01,391 - Iter 13130: obj=-42.027490, change=3.29e-07, α=0.100, ‖θ[1:]‖₁=4.548, γ=133661.326, num_knots=499
2025-08-31 23:34:01,684 - Iter 13140: obj=-42.027490, change=2.33e-07, α=0.100, ‖θ[1:]‖₁=4.548, γ=133675.192, num_knots=499
2025-08-31 23:34:01,949 - Iter 13150: obj=-42.027490, change=1.65e-07, α=0.100, ‖θ[1:]‖₁=4.548, γ=133693.197, num_knots=499
2025-08-31 23:34:02,211 - Iter 13160: obj=-42.027490, change=1.18e-07, α=0.100, ‖θ[1:]‖₁=4.548, γ=133715.831, num_knots=499
2025-08-31 23:34:02,451 - Iter 13170: obj=-42.027490, change=8.43e-08, α=0.100, ‖θ[1:]‖₁=4.548, γ=133742.396, num_knots=499
2025-08-31 23:34:02,694 - Iter 13180: obj=-42.027490, change=7.31e-08, α=0.100, ‖θ[1:]‖₁=4.548, γ=133769.197, num_knots=499
2025-08-31 23:34:02,948 - Iter 13190: obj=-42.027490, change=7.28e-07, α=1.000, ‖θ[1:]‖₁=4.548, γ=133785.567, num_knots=499
2025-08-31 23:34:03,438 - Iter 13200: obj=-42.027492, change=3.32e-06, α=1.000, ‖θ[1:]‖₁=4.548, γ=4609.971, num_knots=499
2025-08-31 23:34:03,912 - Iter 13210: obj=-42.027516, change=1.90e-06, α=1.000, ‖θ[1:]‖₁=4.548, γ=18217.816, num_knots=499
2025-08-31 23:34:04,278 - Iter 13220: obj=-42.027764, change=2.01e-06, α=1.000, ‖θ[1:]‖₁=4.549, γ=131186.654, num_knots=772
2025-08-31 23:34:04,636 - Iter 13230: obj=-42.027766, change=9.27e-07, α=1.000, ‖θ[1:]‖₁=4.549, γ=93647.503, num_knots=580
2025-08-31 23:34:04,983 - Iter 13240: obj=-42.027767, change=9.76e-07, α=1.000, ‖θ[1:]‖₁=4.549, γ=65751.839, num_knots=507
2025-08-31 23:34:05,324 - Iter 13250: obj=-42.027775, change=1.07e-06, α=1.000, ‖θ[1:]‖₁=4.550, γ=54167.126, num_knots=502
2025-08-31 23:34:05,705 - Iter 13260: obj=-42.027792, change=7.22e-07, α=1.000, ‖θ[1:]‖₁=4.550, γ=129531.387, num_knots=499
2025-08-31 23:34:06,050 - Iter 13270: obj=-42.027806, change=7.16e-07, α=1.000, ‖θ[1:]‖₁=4.550, γ=133460.236, num_knots=498
2025-08-31 23:34:06,410 - Iter 13280: obj=-42.027808, change=3.77e-04, α=1.000, ‖θ[1:]‖₁=4.550, γ=308.299, num_knots=497
2025-08-31 23:34:06,632 - Iter 13290: obj=-42.027931, change=1.70e-07, α=0.100, ‖θ[1:]‖₁=4.550, γ=133627.958, num_knots=497
2025-08-31 23:34:06,841 - Iter 13300: obj=-42.027931, change=1.21e-07, α=0.100, ‖θ[1:]‖₁=4.550, γ=133631.561, num_knots=497
2025-08-31 23:34:07,063 - Iter 13310: obj=-42.027931, change=8.67e-08, α=0.100, ‖θ[1:]‖₁=4.550, γ=133633.192, num_knots=497
2025-08-31 23:34:07,288 - Iter 13320: obj=-42.027931, change=7.19e-08, α=0.100, ‖θ[1:]‖₁=4.550, γ=133628.648, num_knots=497
2025-08-31 23:34:07,526 - Iter 13330: obj=-42.027931, change=7.14e-07, α=1.000, ‖θ[1:]‖₁=4.550, γ=133543.060, num_knots=497
2025-08-31 23:34:07,906 - Iter 13340: obj=-42.027933, change=7.53e-06, α=1.000, ‖θ[1:]‖₁=4.550, γ=110.459, num_knots=497
2025-08-31 23:34:08,141 - Iter 13350: obj=-42.028087, change=7.26e-08, α=0.100, ‖θ[1:]‖₁=4.551, γ=133414.427, num_knots=495
2025-08-31 23:34:08,411 - Iter 13360: obj=-42.028087, change=7.17e-07, α=1.000, ‖θ[1:]‖₁=4.551, γ=133309.279, num_knots=495
2025-08-31 23:34:08,808 - Iter 13370: obj=-42.028089, change=2.56e-06, α=1.000, ‖θ[1:]‖₁=4.551, γ=6558.842, num_knots=495
2025-08-31 23:34:09,191 - Iter 13380: obj=-42.028104, change=8.06e-07, α=1.000, ‖θ[1:]‖₁=4.551, γ=99889.390, num_knots=495
2025-08-31 23:34:09,545 - Iter 13390: obj=-42.028120, change=7.06e-07, α=1.000, ‖θ[1:]‖₁=4.551, γ=133522.821, num_knots=494
2025-08-31 23:34:09,891 - Iter 13400: obj=-42.028121, change=7.06e-07, α=1.000, ‖θ[1:]‖₁=4.551, γ=133522.821, num_knots=494
2025-08-31 23:34:10,226 - Iter 13410: obj=-42.028123, change=7.06e-07, α=1.000, ‖θ[1:]‖₁=4.551, γ=133522.821, num_knots=494
2025-08-31 23:34:10,597 - Iter 13420: obj=-42.028124, change=7.05e-07, α=1.000, ‖θ[1:]‖₁=4.551, γ=133522.821, num_knots=494
2025-08-31 23:34:10,957 - Iter 13430: obj=-42.028125, change=7.05e-07, α=1.000, ‖θ[1:]‖₁=4.552, γ=133522.821, num_knots=494
2025-08-31 23:34:11,333 - Iter 13440: obj=-42.028126, change=7.05e-07, α=1.000, ‖θ[1:]‖₁=4.552, γ=133522.821, num_knots=494
2025-08-31 23:34:11,695 - Iter 13450: obj=-42.028128, change=7.05e-07, α=1.000, ‖θ[1:]‖₁=4.552, γ=133522.821, num_knots=494
2025-08-31 23:34:12,073 - Iter 13460: obj=-42.028129, change=7.05e-07, α=1.000, ‖θ[1:]‖₁=4.552, γ=133522.821, num_knots=494
2025-08-31 23:34:12,524 - Iter 13470: obj=-42.028130, change=7.05e-07, α=1.000, ‖θ[1:]‖₁=4.552, γ=133522.821, num_knots=494
2025-08-31 23:34:12,916 - Iter 13480: obj=-42.028131, change=7.05e-07, α=1.000, ‖θ[1:]‖₁=4.552, γ=133522.821, num_knots=494
2025-08-31 23:34:13,301 - Iter 13490: obj=-42.028133, change=7.05e-07, α=1.000, ‖θ[1:]‖₁=4.552, γ=133522.821, num_knots=494
2025-08-31 23:34:13,666 - Iter 13500: obj=-42.028134, change=7.05e-07, α=1.000, ‖θ[1:]‖₁=4.552, γ=133522.821, num_knots=494
2025-08-31 23:34:14,239 - Iter 13510: obj=-42.028135, change=7.05e-07, α=1.000, ‖θ[1:]‖₁=4.552, γ=133522.821, num_knots=494
2025-08-31 23:34:14,621 - Iter 13520: obj=-42.028136, change=7.05e-07, α=1.000, ‖θ[1:]‖₁=4.552, γ=133522.821, num_knots=494
2025-08-31 23:34:14,965 - Iter 13530: obj=-42.028138, change=7.05e-07, α=1.000, ‖θ[1:]‖₁=4.552, γ=133522.821, num_knots=494
2025-08-31 23:34:15,314 - Iter 13540: obj=-42.028139, change=7.05e-07, α=1.000, ‖θ[1:]‖₁=4.552, γ=133522.821, num_knots=494
2025-08-31 23:34:15,719 - Iter 13550: obj=-42.028140, change=7.05e-07, α=1.000, ‖θ[1:]‖₁=4.552, γ=133522.821, num_knots=494
2025-08-31 23:34:16,039 - Iter 13560: obj=-42.028141, change=7.05e-07, α=1.000, ‖θ[1:]‖₁=4.552, γ=133522.821, num_knots=494
2025-08-31 23:34:16,372 - Iter 13570: obj=-42.028143, change=7.05e-07, α=1.000, ‖θ[1:]‖₁=4.552, γ=133522.821, num_knots=494
2025-08-31 23:34:16,711 - Iter 13580: obj=-42.028144, change=7.04e-07, α=1.000, ‖θ[1:]‖₁=4.552, γ=133522.821, num_knots=494
2025-08-31 23:34:17,084 - Iter 13590: obj=-42.028145, change=7.04e-07, α=1.000, ‖θ[1:]‖₁=4.552, γ=133522.821, num_knots=494
2025-08-31 23:34:17,517 - Iter 13600: obj=-42.028146, change=7.04e-07, α=1.000, ‖θ[1:]‖₁=4.552, γ=133522.821, num_knots=494
2025-08-31 23:34:17,909 - Iter 13610: obj=-42.028148, change=7.04e-07, α=1.000, ‖θ[1:]‖₁=4.552, γ=133522.821, num_knots=494
2025-08-31 23:34:18,290 - Iter 13620: obj=-42.028149, change=7.04e-07, α=1.000, ‖θ[1:]‖₁=4.552, γ=133522.821, num_knots=494
2025-08-31 23:34:18,678 - Iter 13630: obj=-42.028150, change=7.04e-07, α=1.000, ‖θ[1:]‖₁=4.552, γ=133522.821, num_knots=494
2025-08-31 23:34:19,038 - Iter 13640: obj=-42.028151, change=7.04e-07, α=1.000, ‖θ[1:]‖₁=4.552, γ=133522.821, num_knots=494
2025-08-31 23:34:19,617 - Iter 13650: obj=-42.028153, change=7.04e-07, α=1.000, ‖θ[1:]‖₁=4.552, γ=133522.821, num_knots=494
2025-08-31 23:34:19,990 - Iter 13660: obj=-42.028154, change=7.04e-07, α=1.000, ‖θ[1:]‖₁=4.552, γ=133522.821, num_knots=494
2025-08-31 23:34:20,491 - Iter 13670: obj=-42.028155, change=7.04e-07, α=1.000, ‖θ[1:]‖₁=4.552, γ=133522.821, num_knots=494
2025-08-31 23:34:20,943 - Iter 13680: obj=-42.028156, change=7.04e-07, α=1.000, ‖θ[1:]‖₁=4.552, γ=133522.821, num_knots=494
2025-08-31 23:34:21,397 - Iter 13690: obj=-42.028158, change=7.04e-07, α=1.000, ‖θ[1:]‖₁=4.552, γ=133522.821, num_knots=494
2025-08-31 23:34:21,828 - Iter 13700: obj=-42.028159, change=7.04e-07, α=1.000, ‖θ[1:]‖₁=4.552, γ=133522.821, num_knots=494
2025-08-31 23:34:22,231 - Iter 13710: obj=-42.028160, change=7.04e-07, α=1.000, ‖θ[1:]‖₁=4.552, γ=133522.821, num_knots=494
2025-08-31 23:34:22,608 - Iter 13720: obj=-42.028161, change=7.04e-07, α=1.000, ‖θ[1:]‖₁=4.552, γ=133522.821, num_knots=494
2025-08-31 23:34:23,028 - Iter 13730: obj=-42.028163, change=7.04e-07, α=1.000, ‖θ[1:]‖₁=4.552, γ=133522.821, num_knots=494
2025-08-31 23:34:23,501 - Iter 13740: obj=-42.028164, change=7.04e-07, α=1.000, ‖θ[1:]‖₁=4.552, γ=133522.821, num_knots=494
2025-08-31 23:34:23,938 - Iter 13750: obj=-42.028165, change=7.04e-07, α=1.000, ‖θ[1:]‖₁=4.552, γ=133522.821, num_knots=494
2025-08-31 23:34:24,407 - Iter 13760: obj=-42.028166, change=7.04e-07, α=1.000, ‖θ[1:]‖₁=4.552, γ=133522.821, num_knots=494
2025-08-31 23:34:24,840 - Iter 13770: obj=-42.028168, change=7.03e-07, α=1.000, ‖θ[1:]‖₁=4.552, γ=133522.821, num_knots=494
2025-08-31 23:34:25,278 - Iter 13780: obj=-42.028169, change=7.03e-07, α=1.000, ‖θ[1:]‖₁=4.552, γ=133522.821, num_knots=494
2025-08-31 23:34:25,724 - Iter 13790: obj=-42.028170, change=7.03e-07, α=1.000, ‖θ[1:]‖₁=4.552, γ=133522.821, num_knots=494
2025-08-31 23:34:26,128 - Iter 13800: obj=-42.028171, change=7.03e-07, α=1.000, ‖θ[1:]‖₁=4.552, γ=133522.821, num_knots=494
2025-08-31 23:34:26,448 - Iter 13810: obj=-42.028173, change=7.03e-07, α=1.000, ‖θ[1:]‖₁=4.552, γ=133522.821, num_knots=494
2025-08-31 23:34:26,817 - Iter 13820: obj=-42.028174, change=7.03e-07, α=1.000, ‖θ[1:]‖₁=4.552, γ=133522.821, num_knots=494
2025-08-31 23:34:27,119 - Iter 13830: obj=-42.028175, change=7.03e-07, α=1.000, ‖θ[1:]‖₁=4.552, γ=133522.821, num_knots=494
2025-08-31 23:34:27,399 - Iter 13840: obj=-42.028176, change=7.03e-07, α=1.000, ‖θ[1:]‖₁=4.552, γ=133522.821, num_knots=494
2025-08-31 23:34:27,833 - Iter 13850: obj=-42.028178, change=7.03e-07, α=1.000, ‖θ[1:]‖₁=4.552, γ=133522.821, num_knots=494
2025-08-31 23:34:28,160 - Iter 13860: obj=-42.028179, change=7.03e-07, α=1.000, ‖θ[1:]‖₁=4.552, γ=133522.821, num_knots=494
2025-08-31 23:34:28,465 - Iter 13870: obj=-42.028180, change=7.03e-07, α=1.000, ‖θ[1:]‖₁=4.552, γ=133522.821, num_knots=494
2025-08-31 23:34:28,813 - Iter 13880: obj=-42.028181, change=7.03e-07, α=1.000, ‖θ[1:]‖₁=4.552, γ=133522.821, num_knots=494
2025-08-31 23:34:29,287 - Iter 13890: obj=-42.028183, change=7.03e-07, α=1.000, ‖θ[1:]‖₁=4.552, γ=133522.821, num_knots=494
2025-08-31 23:34:29,692 - Iter 13900: obj=-42.028184, change=7.03e-07, α=1.000, ‖θ[1:]‖₁=4.552, γ=133522.821, num_knots=494
2025-08-31 23:34:30,076 - Iter 13910: obj=-42.028185, change=7.03e-07, α=1.000, ‖θ[1:]‖₁=4.552, γ=133522.821, num_knots=494
2025-08-31 23:34:30,397 - Iter 13920: obj=-42.028186, change=7.03e-07, α=1.000, ‖θ[1:]‖₁=4.552, γ=133522.821, num_knots=494
2025-08-31 23:34:30,799 - Iter 13930: obj=-42.028188, change=7.03e-07, α=1.000, ‖θ[1:]‖₁=4.552, γ=133522.821, num_knots=494
2025-08-31 23:34:31,107 - Iter 13940: obj=-42.028189, change=7.03e-07, α=1.000, ‖θ[1:]‖₁=4.552, γ=133522.821, num_knots=494
2025-08-31 23:34:31,400 - Iter 13950: obj=-42.028190, change=7.03e-07, α=1.000, ‖θ[1:]‖₁=4.552, γ=133522.821, num_knots=494
2025-08-31 23:34:31,669 - Iter 13960: obj=-42.028191, change=7.03e-07, α=1.000, ‖θ[1:]‖₁=4.552, γ=133522.821, num_knots=494
2025-08-31 23:34:31,957 - Iter 13970: obj=-42.028193, change=7.03e-07, α=1.000, ‖θ[1:]‖₁=4.552, γ=133522.821, num_knots=494
2025-08-31 23:34:32,252 - Iter 13980: obj=-42.028194, change=7.03e-07, α=1.000, ‖θ[1:]‖₁=4.552, γ=133522.821, num_knots=494
2025-08-31 23:34:32,535 - Iter 13990: obj=-42.028195, change=7.03e-07, α=1.000, ‖θ[1:]‖₁=4.552, γ=133522.821, num_knots=494
2025-08-31 23:34:32,810 - Iter 14000: obj=-42.028196, change=7.02e-07, α=1.000, ‖θ[1:]‖₁=4.552, γ=133522.821, num_knots=494
2025-08-31 23:34:33,094 - Iter 14010: obj=-42.028198, change=7.02e-07, α=1.000, ‖θ[1:]‖₁=4.552, γ=133522.821, num_knots=494
2025-08-31 23:34:33,452 - Iter 14020: obj=-42.028199, change=7.02e-07, α=1.000, ‖θ[1:]‖₁=4.552, γ=133522.821, num_knots=494
2025-08-31 23:34:33,750 - Iter 14030: obj=-42.028200, change=7.02e-07, α=1.000, ‖θ[1:]‖₁=4.552, γ=133522.821, num_knots=494
2025-08-31 23:34:34,130 - Iter 14040: obj=-42.028201, change=7.02e-07, α=1.000, ‖θ[1:]‖₁=4.552, γ=133522.821, num_knots=494
2025-08-31 23:34:34,495 - Iter 14050: obj=-42.028203, change=7.02e-07, α=1.000, ‖θ[1:]‖₁=4.552, γ=133522.821, num_knots=494
2025-08-31 23:34:34,809 - Iter 14060: obj=-42.028204, change=7.02e-07, α=1.000, ‖θ[1:]‖₁=4.552, γ=133522.821, num_knots=494
2025-08-31 23:34:35,114 - Iter 14070: obj=-42.028205, change=7.02e-07, α=1.000, ‖θ[1:]‖₁=4.552, γ=133522.821, num_knots=494
2025-08-31 23:34:35,542 - Iter 14080: obj=-42.028206, change=7.02e-07, α=1.000, ‖θ[1:]‖₁=4.552, γ=133522.821, num_knots=494
2025-08-31 23:34:35,854 - Iter 14090: obj=-42.028208, change=7.02e-07, α=1.000, ‖θ[1:]‖₁=4.552, γ=133522.821, num_knots=494
2025-08-31 23:34:36,192 - Iter 14100: obj=-42.028209, change=7.02e-07, α=1.000, ‖θ[1:]‖₁=4.552, γ=133522.821, num_knots=494
2025-08-31 23:34:36,676 - Iter 14110: obj=-42.028210, change=7.02e-07, α=1.000, ‖θ[1:]‖₁=4.552, γ=133522.821, num_knots=494
2025-08-31 23:34:37,054 - Iter 14120: obj=-42.028211, change=7.02e-07, α=1.000, ‖θ[1:]‖₁=4.552, γ=133522.821, num_knots=494
2025-08-31 23:34:37,415 - Iter 14130: obj=-42.028213, change=7.02e-07, α=1.000, ‖θ[1:]‖₁=4.552, γ=133522.821, num_knots=494
2025-08-31 23:34:37,779 - Iter 14140: obj=-42.028214, change=7.02e-07, α=1.000, ‖θ[1:]‖₁=4.552, γ=133522.821, num_knots=494
2025-08-31 23:34:38,140 - Iter 14150: obj=-42.028215, change=7.02e-07, α=1.000, ‖θ[1:]‖₁=4.552, γ=133522.821, num_knots=494
2025-08-31 23:34:38,502 - Iter 14160: obj=-42.028216, change=7.02e-07, α=1.000, ‖θ[1:]‖₁=4.552, γ=133522.821, num_knots=494
2025-08-31 23:34:39,137 - Iter 14170: obj=-42.028218, change=7.02e-07, α=1.000, ‖θ[1:]‖₁=4.552, γ=133522.821, num_knots=494
2025-08-31 23:34:39,554 - Iter 14180: obj=-42.028219, change=7.02e-07, α=1.000, ‖θ[1:]‖₁=4.552, γ=133522.821, num_knots=494
2025-08-31 23:34:39,899 - Iter 14190: obj=-42.028220, change=7.02e-07, α=1.000, ‖θ[1:]‖₁=4.552, γ=133522.821, num_knots=494
2025-08-31 23:34:40,257 - Iter 14200: obj=-42.028221, change=7.02e-07, α=1.000, ‖θ[1:]‖₁=4.552, γ=133522.821, num_knots=494
2025-08-31 23:34:40,783 - Iter 14210: obj=-42.028223, change=7.02e-07, α=1.000, ‖θ[1:]‖₁=4.552, γ=133522.821, num_knots=494
2025-08-31 23:34:41,136 - Iter 14220: obj=-42.028224, change=7.02e-07, α=1.000, ‖θ[1:]‖₁=4.552, γ=133522.821, num_knots=494
2025-08-31 23:34:41,405 - Iter 14230: obj=-42.028225, change=7.02e-07, α=1.000, ‖θ[1:]‖₁=4.552, γ=133522.821, num_knots=494
2025-08-31 23:34:41,697 - Iter 14240: obj=-42.028226, change=7.02e-07, α=1.000, ‖θ[1:]‖₁=4.552, γ=133522.821, num_knots=494
2025-08-31 23:34:41,988 - Iter 14250: obj=-42.028228, change=7.02e-07, α=1.000, ‖θ[1:]‖₁=4.552, γ=133522.821, num_knots=494
2025-08-31 23:34:42,306 - Iter 14260: obj=-42.028229, change=7.01e-07, α=1.000, ‖θ[1:]‖₁=4.552, γ=133522.821, num_knots=494
2025-08-31 23:34:42,616 - Iter 14270: obj=-42.028230, change=7.01e-07, α=1.000, ‖θ[1:]‖₁=4.552, γ=133522.821, num_knots=494
2025-08-31 23:34:42,957 - Iter 14280: obj=-42.028231, change=7.01e-07, α=1.000, ‖θ[1:]‖₁=4.552, γ=133522.821, num_knots=494
2025-08-31 23:34:43,260 - Iter 14290: obj=-42.028233, change=7.01e-07, α=1.000, ‖θ[1:]‖₁=4.552, γ=133522.821, num_knots=494
2025-08-31 23:34:43,574 - Iter 14300: obj=-42.028234, change=7.01e-07, α=1.000, ‖θ[1:]‖₁=4.552, γ=133522.821, num_knots=494
2025-08-31 23:34:43,891 - Iter 14310: obj=-42.028235, change=7.01e-07, α=1.000, ‖θ[1:]‖₁=4.552, γ=133522.821, num_knots=494
2025-08-31 23:34:44,178 - Iter 14320: obj=-42.028236, change=7.01e-07, α=1.000, ‖θ[1:]‖₁=4.552, γ=133522.821, num_knots=494
2025-08-31 23:34:44,456 - Iter 14330: obj=-42.028238, change=7.01e-07, α=1.000, ‖θ[1:]‖₁=4.552, γ=133522.821, num_knots=494
2025-08-31 23:34:44,763 - Iter 14340: obj=-42.028239, change=7.01e-07, α=1.000, ‖θ[1:]‖₁=4.552, γ=133522.821, num_knots=494
2025-08-31 23:34:45,181 - Iter 14350: obj=-42.028240, change=7.01e-07, α=1.000, ‖θ[1:]‖₁=4.552, γ=133522.821, num_knots=494
2025-08-31 23:34:45,471 - Iter 14360: obj=-42.028241, change=7.01e-07, α=1.000, ‖θ[1:]‖₁=4.552, γ=133522.821, num_knots=494
2025-08-31 23:34:45,772 - Iter 14370: obj=-42.028243, change=7.01e-07, α=1.000, ‖θ[1:]‖₁=4.552, γ=133522.821, num_knots=494
2025-08-31 23:34:46,101 - Iter 14380: obj=-42.028244, change=7.01e-07, α=1.000, ‖θ[1:]‖₁=4.552, γ=133522.821, num_knots=494
2025-08-31 23:34:46,390 - Iter 14390: obj=-42.028245, change=7.01e-07, α=1.000, ‖θ[1:]‖₁=4.552, γ=133522.821, num_knots=494
2025-08-31 23:34:46,719 - Iter 14400: obj=-42.028246, change=7.01e-07, α=1.000, ‖θ[1:]‖₁=4.552, γ=133522.821, num_knots=494
2025-08-31 23:34:46,998 - Iter 14410: obj=-42.028248, change=7.01e-07, α=1.000, ‖θ[1:]‖₁=4.552, γ=133522.821, num_knots=494
2025-08-31 23:34:47,343 - Iter 14420: obj=-42.028249, change=7.01e-07, α=1.000, ‖θ[1:]‖₁=4.552, γ=133522.821, num_knots=494
2025-08-31 23:34:47,656 - Iter 14430: obj=-42.028250, change=7.01e-07, α=1.000, ‖θ[1:]‖₁=4.552, γ=133522.821, num_knots=494
2025-08-31 23:34:47,928 - Iter 14440: obj=-42.028251, change=7.01e-07, α=1.000, ‖θ[1:]‖₁=4.552, γ=133522.821, num_knots=494
2025-08-31 23:34:48,356 - Iter 14450: obj=-42.028253, change=7.01e-07, α=1.000, ‖θ[1:]‖₁=4.552, γ=133522.821, num_knots=494
2025-08-31 23:34:48,699 - Iter 14460: obj=-42.028254, change=7.01e-07, α=1.000, ‖θ[1:]‖₁=4.552, γ=133522.821, num_knots=494
2025-08-31 23:34:49,057 - Iter 14470: obj=-42.028255, change=7.01e-07, α=1.000, ‖θ[1:]‖₁=4.552, γ=133522.821, num_knots=494
2025-08-31 23:34:49,586 - Iter 14480: obj=-42.028256, change=7.01e-07, α=1.000, ‖θ[1:]‖₁=4.552, γ=133522.821, num_knots=493
2025-08-31 23:34:50,019 - Iter 14490: obj=-42.028258, change=7.01e-07, α=1.000, ‖θ[1:]‖₁=4.552, γ=133522.821, num_knots=493
2025-08-31 23:34:50,317 - Iter 14500: obj=-42.028259, change=7.01e-07, α=1.000, ‖θ[1:]‖₁=4.552, γ=133522.821, num_knots=493
2025-08-31 23:34:50,622 - Iter 14510: obj=-42.028260, change=7.01e-07, α=1.000, ‖θ[1:]‖₁=4.552, γ=133522.821, num_knots=493
2025-08-31 23:34:50,903 - Iter 14520: obj=-42.028261, change=7.01e-07, α=1.000, ‖θ[1:]‖₁=4.552, γ=133522.821, num_knots=493
2025-08-31 23:34:51,183 - Iter 14530: obj=-42.028263, change=7.01e-07, α=1.000, ‖θ[1:]‖₁=4.552, γ=133522.821, num_knots=493
2025-08-31 23:34:51,542 - Iter 14540: obj=-42.028264, change=7.00e-07, α=1.000, ‖θ[1:]‖₁=4.552, γ=133522.821, num_knots=493
2025-08-31 23:34:51,837 - Iter 14550: obj=-42.028265, change=7.00e-07, α=1.000, ‖θ[1:]‖₁=4.552, γ=133522.821, num_knots=493
2025-08-31 23:34:52,109 - Iter 14560: obj=-42.028266, change=7.00e-07, α=1.000, ‖θ[1:]‖₁=4.552, γ=133522.821, num_knots=493
2025-08-31 23:34:52,399 - Iter 14570: obj=-42.028267, change=7.00e-07, α=1.000, ‖θ[1:]‖₁=4.552, γ=133522.821, num_knots=493
2025-08-31 23:34:52,692 - Iter 14580: obj=-42.028269, change=7.00e-07, α=1.000, ‖θ[1:]‖₁=4.552, γ=133522.821, num_knots=493
2025-08-31 23:34:52,967 - Iter 14590: obj=-42.028270, change=7.00e-07, α=1.000, ‖θ[1:]‖₁=4.552, γ=133522.821, num_knots=493
2025-08-31 23:34:53,376 - Iter 14600: obj=-42.028271, change=7.00e-07, α=1.000, ‖θ[1:]‖₁=4.552, γ=133522.821, num_knots=493
2025-08-31 23:34:53,655 - Iter 14610: obj=-42.028272, change=7.00e-07, α=1.000, ‖θ[1:]‖₁=4.552, γ=133522.821, num_knots=493
2025-08-31 23:34:53,931 - Iter 14620: obj=-42.028274, change=7.00e-07, α=1.000, ‖θ[1:]‖₁=4.552, γ=133522.821, num_knots=493
2025-08-31 23:34:54,229 - Iter 14630: obj=-42.028275, change=7.00e-07, α=1.000, ‖θ[1:]‖₁=4.552, γ=133522.821, num_knots=493
2025-08-31 23:34:54,506 - Iter 14640: obj=-42.028276, change=7.00e-07, α=1.000, ‖θ[1:]‖₁=4.552, γ=133522.821, num_knots=493
2025-08-31 23:34:54,786 - Iter 14650: obj=-42.028277, change=7.00e-07, α=1.000, ‖θ[1:]‖₁=4.552, γ=133522.821, num_knots=493
2025-08-31 23:34:55,068 - Iter 14660: obj=-42.028279, change=7.00e-07, α=1.000, ‖θ[1:]‖₁=4.552, γ=133522.821, num_knots=493
2025-08-31 23:34:55,361 - Iter 14670: obj=-42.028280, change=7.00e-07, α=1.000, ‖θ[1:]‖₁=4.552, γ=133522.821, num_knots=493
2025-08-31 23:34:55,651 - Iter 14680: obj=-42.028281, change=7.00e-07, α=1.000, ‖θ[1:]‖₁=4.552, γ=133522.821, num_knots=493
2025-08-31 23:34:55,937 - Iter 14690: obj=-42.028282, change=7.00e-07, α=1.000, ‖θ[1:]‖₁=4.552, γ=133522.821, num_knots=493
2025-08-31 23:34:56,227 - Iter 14700: obj=-42.028284, change=7.00e-07, α=1.000, ‖θ[1:]‖₁=4.552, γ=133522.821, num_knots=493
2025-08-31 23:34:56,487 - Iter 14710: obj=-42.028285, change=7.00e-07, α=1.000, ‖θ[1:]‖₁=4.552, γ=133522.821, num_knots=493
2025-08-31 23:34:56,807 - Iter 14720: obj=-42.028286, change=7.00e-07, α=1.000, ‖θ[1:]‖₁=4.552, γ=133522.821, num_knots=493
2025-08-31 23:34:57,095 - Iter 14730: obj=-42.028287, change=7.00e-07, α=1.000, ‖θ[1:]‖₁=4.552, γ=133522.821, num_knots=493
2025-08-31 23:34:57,379 - Iter 14740: obj=-42.028289, change=7.00e-07, α=1.000, ‖θ[1:]‖₁=4.552, γ=133522.821, num_knots=493
2025-08-31 23:34:57,673 - Iter 14750: obj=-42.028290, change=6.99e-07, α=1.000, ‖θ[1:]‖₁=4.553, γ=133522.821, num_knots=493
2025-08-31 23:34:57,960 - Iter 14760: obj=-42.028291, change=6.99e-07, α=1.000, ‖θ[1:]‖₁=4.553, γ=133522.821, num_knots=493
2025-08-31 23:34:58,247 - Iter 14770: obj=-42.028292, change=6.99e-07, α=1.000, ‖θ[1:]‖₁=4.553, γ=133522.821, num_knots=493
2025-08-31 23:34:58,534 - Iter 14780: obj=-42.028294, change=6.99e-07, α=1.000, ‖θ[1:]‖₁=4.553, γ=133522.821, num_knots=493
2025-08-31 23:34:58,826 - Iter 14790: obj=-42.028295, change=6.99e-07, α=1.000, ‖θ[1:]‖₁=4.553, γ=133522.821, num_knots=493
2025-08-31 23:34:59,103 - Iter 14800: obj=-42.028296, change=6.99e-07, α=1.000, ‖θ[1:]‖₁=4.553, γ=133522.821, num_knots=493
2025-08-31 23:34:59,383 - Iter 14810: obj=-42.028297, change=6.99e-07, α=1.000, ‖θ[1:]‖₁=4.553, γ=133522.821, num_knots=493
2025-08-31 23:34:59,672 - Iter 14820: obj=-42.028298, change=6.99e-07, α=1.000, ‖θ[1:]‖₁=4.553, γ=133522.821, num_knots=493
2025-08-31 23:34:59,956 - Iter 14830: obj=-42.028300, change=6.99e-07, α=1.000, ‖θ[1:]‖₁=4.553, γ=133522.821, num_knots=493
2025-08-31 23:35:00,227 - Iter 14840: obj=-42.028301, change=6.99e-07, α=1.000, ‖θ[1:]‖₁=4.553, γ=133522.821, num_knots=493
2025-08-31 23:35:00,540 - Iter 14850: obj=-42.028302, change=6.99e-07, α=1.000, ‖θ[1:]‖₁=4.553, γ=133522.821, num_knots=493
2025-08-31 23:35:00,800 - Iter 14860: obj=-42.028303, change=6.99e-07, α=1.000, ‖θ[1:]‖₁=4.553, γ=133522.821, num_knots=493
2025-08-31 23:35:01,072 - Iter 14870: obj=-42.028305, change=6.99e-07, α=1.000, ‖θ[1:]‖₁=4.553, γ=133522.821, num_knots=493
2025-08-31 23:35:01,359 - Iter 14880: obj=-42.028306, change=6.99e-07, α=1.000, ‖θ[1:]‖₁=4.553, γ=133522.821, num_knots=493
2025-08-31 23:35:01,646 - Iter 14890: obj=-42.028307, change=6.99e-07, α=1.000, ‖θ[1:]‖₁=4.553, γ=133522.821, num_knots=493
2025-08-31 23:35:02,037 - Iter 14900: obj=-42.028308, change=6.99e-07, α=1.000, ‖θ[1:]‖₁=4.553, γ=133522.821, num_knots=493
2025-08-31 23:35:02,330 - Iter 14910: obj=-42.028310, change=6.99e-07, α=1.000, ‖θ[1:]‖₁=4.553, γ=133522.821, num_knots=493
2025-08-31 23:35:02,605 - Iter 14920: obj=-42.028311, change=6.99e-07, α=1.000, ‖θ[1:]‖₁=4.553, γ=133522.821, num_knots=493
2025-08-31 23:35:02,874 - Iter 14930: obj=-42.028312, change=6.99e-07, α=1.000, ‖θ[1:]‖₁=4.553, γ=133522.821, num_knots=493
2025-08-31 23:35:03,171 - Iter 14940: obj=-42.028313, change=6.99e-07, α=1.000, ‖θ[1:]‖₁=4.553, γ=133522.821, num_knots=493
2025-08-31 23:35:03,453 - Iter 14950: obj=-42.028315, change=6.99e-07, α=1.000, ‖θ[1:]‖₁=4.553, γ=133522.821, num_knots=493
2025-08-31 23:35:03,754 - Iter 14960: obj=-42.028316, change=6.99e-07, α=1.000, ‖θ[1:]‖₁=4.553, γ=133522.821, num_knots=493
2025-08-31 23:35:04,052 - Iter 14970: obj=-42.028317, change=6.99e-07, α=1.000, ‖θ[1:]‖₁=4.553, γ=133522.821, num_knots=493
2025-08-31 23:35:04,350 - Iter 14980: obj=-42.028318, change=6.98e-07, α=1.000, ‖θ[1:]‖₁=4.553, γ=133522.821, num_knots=493
2025-08-31 23:35:04,625 - Iter 14990: obj=-42.028320, change=6.98e-07, α=1.000, ‖θ[1:]‖₁=4.553, γ=133522.821, num_knots=493
2025-08-31 23:35:04,905 - Iter 15000: obj=-42.028321, change=6.98e-07, α=1.000, ‖θ[1:]‖₁=4.553, γ=133522.821, num_knots=493
2025-08-31 23:35:05,186 - Iter 15010: obj=-42.028322, change=6.98e-07, α=1.000, ‖θ[1:]‖₁=4.553, γ=133522.821, num_knots=493
2025-08-31 23:35:05,475 - Iter 15020: obj=-42.028323, change=6.98e-07, α=1.000, ‖θ[1:]‖₁=4.553, γ=133522.821, num_knots=493
2025-08-31 23:35:05,757 - Iter 15030: obj=-42.028325, change=6.98e-07, α=1.000, ‖θ[1:]‖₁=4.553, γ=133522.821, num_knots=493
2025-08-31 23:35:06,053 - Iter 15040: obj=-42.028326, change=6.98e-07, α=1.000, ‖θ[1:]‖₁=4.553, γ=133522.821, num_knots=493
2025-08-31 23:35:06,342 - Iter 15050: obj=-42.028327, change=6.98e-07, α=1.000, ‖θ[1:]‖₁=4.553, γ=133522.821, num_knots=493
2025-08-31 23:35:06,605 - Iter 15060: obj=-42.028328, change=6.98e-07, α=1.000, ‖θ[1:]‖₁=4.553, γ=133522.821, num_knots=493
2025-08-31 23:35:06,898 - Iter 15070: obj=-42.028329, change=6.98e-07, α=1.000, ‖θ[1:]‖₁=4.553, γ=133522.821, num_knots=493
2025-08-31 23:35:07,173 - Iter 15080: obj=-42.028331, change=6.98e-07, α=1.000, ‖θ[1:]‖₁=4.553, γ=133522.821, num_knots=493
2025-08-31 23:35:07,460 - Iter 15090: obj=-42.028332, change=6.98e-07, α=1.000, ‖θ[1:]‖₁=4.553, γ=133522.821, num_knots=493
2025-08-31 23:35:07,737 - Iter 15100: obj=-42.028333, change=6.98e-07, α=1.000, ‖θ[1:]‖₁=4.553, γ=133522.821, num_knots=493
2025-08-31 23:35:08,031 - Iter 15110: obj=-42.028334, change=6.98e-07, α=1.000, ‖θ[1:]‖₁=4.553, γ=133522.821, num_knots=493
2025-08-31 23:35:08,498 - Iter 15120: obj=-42.028336, change=6.98e-07, α=1.000, ‖θ[1:]‖₁=4.553, γ=133522.821, num_knots=493
2025-08-31 23:35:09,426 - Iter 15130: obj=-42.028337, change=6.98e-07, α=1.000, ‖θ[1:]‖₁=4.553, γ=133522.821, num_knots=493
2025-08-31 23:35:09,965 - Iter 15140: obj=-42.028338, change=6.98e-07, α=1.000, ‖θ[1:]‖₁=4.553, γ=133522.821, num_knots=493
2025-08-31 23:35:10,640 - Iter 15150: obj=-42.028339, change=6.98e-07, α=1.000, ‖θ[1:]‖₁=4.553, γ=133522.821, num_knots=493
2025-08-31 23:35:11,038 - Iter 15160: obj=-42.028341, change=6.98e-07, α=1.000, ‖θ[1:]‖₁=4.553, γ=133522.821, num_knots=493
2025-08-31 23:35:11,424 - Iter 15170: obj=-42.028342, change=6.98e-07, α=1.000, ‖θ[1:]‖₁=4.553, γ=133522.821, num_knots=493
2025-08-31 23:35:11,801 - Iter 15180: obj=-42.028343, change=6.98e-07, α=1.000, ‖θ[1:]‖₁=4.553, γ=133522.821, num_knots=493
2025-08-31 23:35:12,218 - Iter 15190: obj=-42.028344, change=6.98e-07, α=1.000, ‖θ[1:]‖₁=4.553, γ=133522.821, num_knots=493
2025-08-31 23:35:12,601 - Iter 15200: obj=-42.028346, change=6.98e-07, α=1.000, ‖θ[1:]‖₁=4.553, γ=133522.821, num_knots=493
2025-08-31 23:35:13,020 - Iter 15210: obj=-42.028347, change=6.98e-07, α=1.000, ‖θ[1:]‖₁=4.553, γ=133522.821, num_knots=493
2025-08-31 23:35:13,449 - Iter 15220: obj=-42.028348, change=6.98e-07, α=1.000, ‖θ[1:]‖₁=4.553, γ=133522.821, num_knots=493
2025-08-31 23:35:13,857 - Iter 15230: obj=-42.028349, change=6.98e-07, α=1.000, ‖θ[1:]‖₁=4.553, γ=133522.821, num_knots=493
2025-08-31 23:35:14,229 - Iter 15240: obj=-42.028351, change=6.97e-07, α=1.000, ‖θ[1:]‖₁=4.553, γ=133522.821, num_knots=493
2025-08-31 23:35:14,579 - Iter 15250: obj=-42.028352, change=6.97e-07, α=1.000, ‖θ[1:]‖₁=4.553, γ=133522.821, num_knots=493
2025-08-31 23:35:14,945 - Iter 15260: obj=-42.028353, change=6.97e-07, α=1.000, ‖θ[1:]‖₁=4.553, γ=133522.821, num_knots=493
2025-08-31 23:35:15,334 - Iter 15270: obj=-42.028354, change=6.97e-07, α=1.000, ‖θ[1:]‖₁=4.553, γ=133522.821, num_knots=493
2025-08-31 23:35:15,697 - Iter 15280: obj=-42.028355, change=6.97e-07, α=1.000, ‖θ[1:]‖₁=4.553, γ=133522.821, num_knots=493
2025-08-31 23:35:16,040 - Iter 15290: obj=-42.028357, change=6.97e-07, α=1.000, ‖θ[1:]‖₁=4.553, γ=133522.821, num_knots=493
2025-08-31 23:35:16,382 - Iter 15300: obj=-42.028358, change=6.97e-07, α=1.000, ‖θ[1:]‖₁=4.553, γ=133522.821, num_knots=493
2025-08-31 23:35:16,772 - Iter 15310: obj=-42.028359, change=6.97e-07, α=1.000, ‖θ[1:]‖₁=4.553, γ=133522.821, num_knots=493
2025-08-31 23:35:17,154 - Iter 15320: obj=-42.028360, change=6.97e-07, α=1.000, ‖θ[1:]‖₁=4.553, γ=133522.821, num_knots=493
2025-08-31 23:35:17,520 - Iter 15330: obj=-42.028362, change=6.97e-07, α=1.000, ‖θ[1:]‖₁=4.553, γ=133522.821, num_knots=493
2025-08-31 23:35:17,850 - Iter 15340: obj=-42.028363, change=6.97e-07, α=1.000, ‖θ[1:]‖₁=4.553, γ=133522.821, num_knots=493
2025-08-31 23:35:18,233 - Iter 15350: obj=-42.028364, change=6.97e-07, α=1.000, ‖θ[1:]‖₁=4.553, γ=133522.821, num_knots=493
2025-08-31 23:35:18,610 - Iter 15360: obj=-42.028365, change=6.97e-07, α=1.000, ‖θ[1:]‖₁=4.553, γ=133522.821, num_knots=493
2025-08-31 23:35:18,981 - Iter 15370: obj=-42.028367, change=6.97e-07, α=1.000, ‖θ[1:]‖₁=4.553, γ=133522.821, num_knots=493
2025-08-31 23:35:19,400 - Iter 15380: obj=-42.028368, change=6.97e-07, α=1.000, ‖θ[1:]‖₁=4.553, γ=133522.821, num_knots=493
2025-08-31 23:35:19,789 - Iter 15390: obj=-42.028369, change=6.97e-07, α=1.000, ‖θ[1:]‖₁=4.553, γ=133522.821, num_knots=493
2025-08-31 23:35:20,302 - Iter 15400: obj=-42.028370, change=6.97e-07, α=1.000, ‖θ[1:]‖₁=4.553, γ=133522.821, num_knots=493
2025-08-31 23:35:20,671 - Iter 15410: obj=-42.028372, change=6.97e-07, α=1.000, ‖θ[1:]‖₁=4.553, γ=133522.821, num_knots=493
2025-08-31 23:35:21,056 - Iter 15420: obj=-42.028373, change=6.97e-07, α=1.000, ‖θ[1:]‖₁=4.553, γ=133522.821, num_knots=493
2025-08-31 23:35:21,411 - Iter 15430: obj=-42.028374, change=6.97e-07, α=1.000, ‖θ[1:]‖₁=4.553, γ=133522.821, num_knots=493
2025-08-31 23:35:21,746 - Iter 15440: obj=-42.028375, change=6.97e-07, α=1.000, ‖θ[1:]‖₁=4.553, γ=133522.821, num_knots=493
2025-08-31 23:35:22,082 - Iter 15450: obj=-42.028377, change=6.97e-07, α=1.000, ‖θ[1:]‖₁=4.553, γ=133522.821, num_knots=493
2025-08-31 23:35:22,447 - Iter 15460: obj=-42.028378, change=6.97e-07, α=1.000, ‖θ[1:]‖₁=4.553, γ=133522.821, num_knots=493
2025-08-31 23:35:22,800 - Iter 15470: obj=-42.028379, change=6.97e-07, α=1.000, ‖θ[1:]‖₁=4.553, γ=133522.821, num_knots=493
2025-08-31 23:35:23,115 - Iter 15480: obj=-42.028380, change=6.97e-07, α=1.000, ‖θ[1:]‖₁=4.553, γ=133522.821, num_knots=493
2025-08-31 23:35:23,475 - Iter 15490: obj=-42.028381, change=6.97e-07, α=1.000, ‖θ[1:]‖₁=4.553, γ=133522.821, num_knots=493
2025-08-31 23:35:23,879 - Iter 15500: obj=-42.028383, change=6.96e-07, α=1.000, ‖θ[1:]‖₁=4.553, γ=133522.821, num_knots=493
2025-08-31 23:35:24,232 - Iter 15510: obj=-42.028384, change=6.96e-07, α=1.000, ‖θ[1:]‖₁=4.553, γ=133522.821, num_knots=493
2025-08-31 23:35:24,565 - Iter 15520: obj=-42.028385, change=6.96e-07, α=1.000, ‖θ[1:]‖₁=4.553, γ=133522.821, num_knots=493
2025-08-31 23:35:24,905 - Iter 15530: obj=-42.028386, change=6.96e-07, α=1.000, ‖θ[1:]‖₁=4.553, γ=133522.821, num_knots=493
2025-08-31 23:35:25,245 - Iter 15540: obj=-42.028388, change=6.96e-07, α=1.000, ‖θ[1:]‖₁=4.553, γ=133522.821, num_knots=493
2025-08-31 23:35:25,587 - Iter 15550: obj=-42.028389, change=6.96e-07, α=1.000, ‖θ[1:]‖₁=4.553, γ=133522.821, num_knots=493
2025-08-31 23:35:25,927 - Iter 15560: obj=-42.028390, change=6.96e-07, α=1.000, ‖θ[1:]‖₁=4.553, γ=133522.821, num_knots=492
2025-08-31 23:35:26,263 - Iter 15570: obj=-42.028391, change=6.96e-07, α=1.000, ‖θ[1:]‖₁=4.553, γ=133522.821, num_knots=492
2025-08-31 23:35:26,621 - Iter 15580: obj=-42.028393, change=6.96e-07, α=1.000, ‖θ[1:]‖₁=4.553, γ=133522.821, num_knots=492
2025-08-31 23:35:26,964 - Iter 15590: obj=-42.028394, change=6.96e-07, α=1.000, ‖θ[1:]‖₁=4.553, γ=133522.821, num_knots=491
2025-08-31 23:35:27,323 - Iter 15600: obj=-42.028395, change=6.96e-07, α=1.000, ‖θ[1:]‖₁=4.553, γ=133522.821, num_knots=491
2025-08-31 23:35:27,685 - Iter 15610: obj=-42.028396, change=6.96e-07, α=1.000, ‖θ[1:]‖₁=4.553, γ=133522.821, num_knots=491
2025-08-31 23:35:28,039 - Iter 15620: obj=-42.028398, change=6.96e-07, α=1.000, ‖θ[1:]‖₁=4.553, γ=133522.821, num_knots=491
2025-08-31 23:35:28,390 - Iter 15630: obj=-42.028399, change=6.96e-07, α=1.000, ‖θ[1:]‖₁=4.553, γ=133522.821, num_knots=491
2025-08-31 23:35:28,731 - Iter 15640: obj=-42.028400, change=6.96e-07, α=1.000, ‖θ[1:]‖₁=4.553, γ=133522.821, num_knots=491
2025-08-31 23:35:29,096 - Iter 15650: obj=-42.028401, change=6.96e-07, α=1.000, ‖θ[1:]‖₁=4.553, γ=133522.821, num_knots=491
2025-08-31 23:35:29,445 - Iter 15660: obj=-42.028402, change=6.96e-07, α=1.000, ‖θ[1:]‖₁=4.553, γ=133522.821, num_knots=491
2025-08-31 23:35:29,773 - Iter 15670: obj=-42.028404, change=6.96e-07, α=1.000, ‖θ[1:]‖₁=4.553, γ=133522.821, num_knots=491
2025-08-31 23:35:30,091 - Iter 15680: obj=-42.028405, change=6.96e-07, α=1.000, ‖θ[1:]‖₁=4.553, γ=133522.821, num_knots=491
2025-08-31 23:35:30,458 - Iter 15690: obj=-42.028406, change=6.96e-07, α=1.000, ‖θ[1:]‖₁=4.553, γ=133522.821, num_knots=491
2025-08-31 23:35:30,820 - Iter 15700: obj=-42.028407, change=6.96e-07, α=1.000, ‖θ[1:]‖₁=4.553, γ=133522.821, num_knots=491
2025-08-31 23:35:31,145 - Iter 15710: obj=-42.028409, change=6.96e-07, α=1.000, ‖θ[1:]‖₁=4.553, γ=133522.821, num_knots=491
2025-08-31 23:35:31,490 - Iter 15720: obj=-42.028410, change=6.96e-07, α=1.000, ‖θ[1:]‖₁=4.553, γ=133522.821, num_knots=491
2025-08-31 23:35:31,842 - Iter 15730: obj=-42.028411, change=6.95e-07, α=1.000, ‖θ[1:]‖₁=4.553, γ=133522.821, num_knots=491
2025-08-31 23:35:32,232 - Iter 15740: obj=-42.028412, change=6.95e-07, α=1.000, ‖θ[1:]‖₁=4.553, γ=133522.821, num_knots=491
2025-08-31 23:35:32,595 - Iter 15750: obj=-42.028413, change=6.95e-07, α=1.000, ‖θ[1:]‖₁=4.553, γ=133522.821, num_knots=490
2025-08-31 23:35:32,927 - Iter 15760: obj=-42.028415, change=6.95e-07, α=1.000, ‖θ[1:]‖₁=4.553, γ=133522.821, num_knots=490
2025-08-31 23:35:33,251 - Iter 15770: obj=-42.028416, change=6.95e-07, α=1.000, ‖θ[1:]‖₁=4.553, γ=133522.821, num_knots=490
2025-08-31 23:35:33,642 - Iter 15780: obj=-42.028417, change=6.95e-07, α=1.000, ‖θ[1:]‖₁=4.553, γ=133522.821, num_knots=490
2025-08-31 23:35:34,019 - Iter 15790: obj=-42.028418, change=6.95e-07, α=1.000, ‖θ[1:]‖₁=4.553, γ=133522.821, num_knots=490
2025-08-31 23:35:34,378 - Iter 15800: obj=-42.028420, change=6.95e-07, α=1.000, ‖θ[1:]‖₁=4.553, γ=133522.821, num_knots=490
2025-08-31 23:35:34,747 - Iter 15810: obj=-42.028421, change=6.95e-07, α=1.000, ‖θ[1:]‖₁=4.553, γ=133522.821, num_knots=490
2025-08-31 23:35:35,086 - Iter 15820: obj=-42.028422, change=6.95e-07, α=1.000, ‖θ[1:]‖₁=4.553, γ=133522.821, num_knots=490
2025-08-31 23:35:35,414 - Iter 15830: obj=-42.028423, change=6.95e-07, α=1.000, ‖θ[1:]‖₁=4.553, γ=133522.821, num_knots=490
2025-08-31 23:35:35,766 - Iter 15840: obj=-42.028425, change=6.95e-07, α=1.000, ‖θ[1:]‖₁=4.553, γ=133522.821, num_knots=490
2025-08-31 23:35:36,108 - Iter 15850: obj=-42.028426, change=6.95e-07, α=1.000, ‖θ[1:]‖₁=4.553, γ=133522.821, num_knots=490
2025-08-31 23:35:36,415 - Iter 15860: obj=-42.028427, change=6.95e-07, α=1.000, ‖θ[1:]‖₁=4.553, γ=133522.821, num_knots=490
2025-08-31 23:35:36,742 - Iter 15870: obj=-42.028428, change=6.95e-07, α=1.000, ‖θ[1:]‖₁=4.553, γ=133522.821, num_knots=490
2025-08-31 23:35:37,189 - Iter 15880: obj=-42.028429, change=6.95e-07, α=1.000, ‖θ[1:]‖₁=4.553, γ=133522.821, num_knots=490
2025-08-31 23:35:37,551 - Iter 15890: obj=-42.028431, change=6.94e-07, α=1.000, ‖θ[1:]‖₁=4.553, γ=133522.821, num_knots=490
2025-08-31 23:35:37,917 - Iter 15900: obj=-42.028432, change=6.94e-07, α=1.000, ‖θ[1:]‖₁=4.553, γ=133522.821, num_knots=490
2025-08-31 23:35:38,236 - Iter 15910: obj=-42.028433, change=6.94e-07, α=1.000, ‖θ[1:]‖₁=4.553, γ=133522.821, num_knots=490
2025-08-31 23:35:38,575 - Iter 15920: obj=-42.028434, change=6.94e-07, α=1.000, ‖θ[1:]‖₁=4.553, γ=133522.821, num_knots=490
2025-08-31 23:35:38,925 - Iter 15930: obj=-42.028436, change=6.94e-07, α=1.000, ‖θ[1:]‖₁=4.553, γ=133522.821, num_knots=490
2025-08-31 23:35:39,317 - Iter 15940: obj=-42.028437, change=6.94e-07, α=1.000, ‖θ[1:]‖₁=4.553, γ=133522.821, num_knots=490
2025-08-31 23:35:39,695 - Iter 15950: obj=-42.028438, change=6.94e-07, α=1.000, ‖θ[1:]‖₁=4.553, γ=133522.821, num_knots=490
2025-08-31 23:35:40,031 - Iter 15960: obj=-42.028439, change=6.94e-07, α=1.000, ‖θ[1:]‖₁=4.553, γ=133522.821, num_knots=490
2025-08-31 23:35:40,358 - Iter 15970: obj=-42.028440, change=6.94e-07, α=1.000, ‖θ[1:]‖₁=4.553, γ=133522.821, num_knots=490
2025-08-31 23:35:40,700 - Iter 15980: obj=-42.028442, change=6.94e-07, α=1.000, ‖θ[1:]‖₁=4.553, γ=133522.821, num_knots=490
2025-08-31 23:35:41,033 - Iter 15990: obj=-42.028443, change=6.94e-07, α=1.000, ‖θ[1:]‖₁=4.553, γ=133522.821, num_knots=490
2025-08-31 23:35:41,373 - Iter 16000: obj=-42.028444, change=6.94e-07, α=1.000, ‖θ[1:]‖₁=4.553, γ=133522.821, num_knots=490
2025-08-31 23:35:41,735 - Iter 16010: obj=-42.028445, change=6.94e-07, α=1.000, ‖θ[1:]‖₁=4.553, γ=133522.821, num_knots=490
2025-08-31 23:35:42,058 - Iter 16020: obj=-42.028447, change=6.94e-07, α=1.000, ‖θ[1:]‖₁=4.553, γ=133522.821, num_knots=490
2025-08-31 23:35:42,393 - Iter 16030: obj=-42.028448, change=6.94e-07, α=1.000, ‖θ[1:]‖₁=4.553, γ=133522.821, num_knots=490
2025-08-31 23:35:42,753 - Iter 16040: obj=-42.028449, change=6.94e-07, α=1.000, ‖θ[1:]‖₁=4.553, γ=133522.821, num_knots=490
2025-08-31 23:35:43,113 - Iter 16050: obj=-42.028450, change=6.94e-07, α=1.000, ‖θ[1:]‖₁=4.553, γ=133522.821, num_knots=490
2025-08-31 23:35:43,489 - Iter 16060: obj=-42.028451, change=6.94e-07, α=1.000, ‖θ[1:]‖₁=4.553, γ=133522.821, num_knots=490
2025-08-31 23:35:43,868 - Iter 16070: obj=-42.028453, change=6.94e-07, α=1.000, ‖θ[1:]‖₁=4.553, γ=133522.821, num_knots=490
2025-08-31 23:35:44,232 - Iter 16080: obj=-42.028454, change=6.94e-07, α=1.000, ‖θ[1:]‖₁=4.553, γ=133522.821, num_knots=490
2025-08-31 23:35:44,621 - Iter 16090: obj=-42.028455, change=6.93e-07, α=1.000, ‖θ[1:]‖₁=4.553, γ=133522.821, num_knots=490
2025-08-31 23:35:45,040 - Iter 16100: obj=-42.028456, change=6.93e-07, α=1.000, ‖θ[1:]‖₁=4.554, γ=133522.821, num_knots=490
2025-08-31 23:35:45,433 - Iter 16110: obj=-42.028458, change=6.93e-07, α=1.000, ‖θ[1:]‖₁=4.554, γ=133522.821, num_knots=490
2025-08-31 23:35:45,846 - Iter 16120: obj=-42.028459, change=6.93e-07, α=1.000, ‖θ[1:]‖₁=4.554, γ=133522.821, num_knots=490
2025-08-31 23:35:46,337 - Iter 16130: obj=-42.028460, change=6.93e-07, α=1.000, ‖θ[1:]‖₁=4.554, γ=133522.821, num_knots=490
2025-08-31 23:35:46,659 - Iter 16140: obj=-42.028461, change=6.93e-07, α=1.000, ‖θ[1:]‖₁=4.554, γ=133522.821, num_knots=490
2025-08-31 23:35:46,987 - Iter 16150: obj=-42.028463, change=6.93e-07, α=1.000, ‖θ[1:]‖₁=4.554, γ=133522.821, num_knots=490
2025-08-31 23:35:47,336 - Iter 16160: obj=-42.028464, change=6.93e-07, α=1.000, ‖θ[1:]‖₁=4.554, γ=133522.821, num_knots=490
2025-08-31 23:35:47,662 - Iter 16170: obj=-42.028465, change=6.93e-07, α=1.000, ‖θ[1:]‖₁=4.554, γ=133522.821, num_knots=490
2025-08-31 23:35:47,995 - Iter 16180: obj=-42.028466, change=6.93e-07, α=1.000, ‖θ[1:]‖₁=4.554, γ=133522.821, num_knots=490
2025-08-31 23:35:48,315 - Iter 16190: obj=-42.028467, change=6.93e-07, α=1.000, ‖θ[1:]‖₁=4.554, γ=133522.821, num_knots=490
2025-08-31 23:35:48,627 - Iter 16200: obj=-42.028469, change=6.93e-07, α=1.000, ‖θ[1:]‖₁=4.554, γ=133522.821, num_knots=490
2025-08-31 23:35:48,941 - Iter 16210: obj=-42.028470, change=6.93e-07, α=1.000, ‖θ[1:]‖₁=4.554, γ=133522.821, num_knots=490
2025-08-31 23:35:49,238 - Iter 16220: obj=-42.028471, change=6.93e-07, α=1.000, ‖θ[1:]‖₁=4.554, γ=133522.821, num_knots=490
2025-08-31 23:35:49,613 - Iter 16230: obj=-42.028472, change=6.93e-07, α=1.000, ‖θ[1:]‖₁=4.554, γ=133522.821, num_knots=490
2025-08-31 23:35:49,957 - Iter 16240: obj=-42.028474, change=6.93e-07, α=1.000, ‖θ[1:]‖₁=4.554, γ=133522.821, num_knots=490
2025-08-31 23:35:50,407 - Iter 16250: obj=-42.028475, change=6.93e-07, α=1.000, ‖θ[1:]‖₁=4.554, γ=133522.821, num_knots=490
2025-08-31 23:35:50,878 - Iter 16260: obj=-42.028476, change=6.93e-07, α=1.000, ‖θ[1:]‖₁=4.554, γ=133522.821, num_knots=490
2025-08-31 23:35:51,214 - Iter 16270: obj=-42.028477, change=6.93e-07, α=1.000, ‖θ[1:]‖₁=4.554, γ=133522.821, num_knots=490
2025-08-31 23:35:51,569 - Iter 16280: obj=-42.028478, change=6.93e-07, α=1.000, ‖θ[1:]‖₁=4.554, γ=133522.821, num_knots=490
2025-08-31 23:35:51,868 - Iter 16290: obj=-42.028480, change=6.93e-07, α=1.000, ‖θ[1:]‖₁=4.554, γ=133522.821, num_knots=490
2025-08-31 23:35:52,151 - Iter 16300: obj=-42.028481, change=6.93e-07, α=1.000, ‖θ[1:]‖₁=4.554, γ=133522.821, num_knots=490
2025-08-31 23:35:52,425 - Iter 16310: obj=-42.028482, change=6.92e-07, α=1.000, ‖θ[1:]‖₁=4.554, γ=133522.821, num_knots=490
2025-08-31 23:35:52,756 - Iter 16320: obj=-42.028483, change=6.92e-07, α=1.000, ‖θ[1:]‖₁=4.554, γ=133522.821, num_knots=490
2025-08-31 23:35:53,093 - Iter 16330: obj=-42.028485, change=6.92e-07, α=1.000, ‖θ[1:]‖₁=4.554, γ=133522.821, num_knots=490
2025-08-31 23:35:53,582 - Iter 16340: obj=-42.028486, change=6.92e-07, α=1.000, ‖θ[1:]‖₁=4.554, γ=133522.821, num_knots=490
2025-08-31 23:35:53,936 - Iter 16350: obj=-42.028487, change=6.92e-07, α=1.000, ‖θ[1:]‖₁=4.554, γ=133522.821, num_knots=490
2025-08-31 23:35:54,420 - Iter 16360: obj=-42.028488, change=6.92e-07, α=1.000, ‖θ[1:]‖₁=4.554, γ=133522.821, num_knots=490
2025-08-31 23:35:54,883 - Iter 16370: obj=-42.028489, change=6.92e-07, α=1.000, ‖θ[1:]‖₁=4.554, γ=133522.821, num_knots=490
2025-08-31 23:35:55,283 - Iter 16380: obj=-42.028491, change=6.92e-07, α=1.000, ‖θ[1:]‖₁=4.554, γ=133522.821, num_knots=490
2025-08-31 23:35:55,649 - Iter 16390: obj=-42.028492, change=6.92e-07, α=1.000, ‖θ[1:]‖₁=4.554, γ=133522.821, num_knots=490
2025-08-31 23:35:56,035 - Iter 16400: obj=-42.028493, change=6.92e-07, α=1.000, ‖θ[1:]‖₁=4.554, γ=133522.821, num_knots=490
2025-08-31 23:35:56,383 - Iter 16410: obj=-42.028494, change=6.92e-07, α=1.000, ‖θ[1:]‖₁=4.554, γ=133522.821, num_knots=490
2025-08-31 23:35:56,757 - Iter 16420: obj=-42.028496, change=6.92e-07, α=1.000, ‖θ[1:]‖₁=4.554, γ=133522.821, num_knots=490
2025-08-31 23:35:57,092 - Iter 16430: obj=-42.028497, change=6.92e-07, α=1.000, ‖θ[1:]‖₁=4.554, γ=133522.821, num_knots=490
2025-08-31 23:35:57,448 - Iter 16440: obj=-42.028498, change=6.92e-07, α=1.000, ‖θ[1:]‖₁=4.554, γ=133522.821, num_knots=490
2025-08-31 23:35:57,787 - Iter 16450: obj=-42.028499, change=6.92e-07, α=1.000, ‖θ[1:]‖₁=4.554, γ=133522.821, num_knots=490
2025-08-31 23:35:58,099 - Iter 16460: obj=-42.028500, change=6.92e-07, α=1.000, ‖θ[1:]‖₁=4.554, γ=133522.821, num_knots=490
2025-08-31 23:35:58,404 - Iter 16470: obj=-42.028502, change=6.92e-07, α=1.000, ‖θ[1:]‖₁=4.554, γ=133522.821, num_knots=490
2025-08-31 23:35:58,828 - Iter 16480: obj=-42.028503, change=6.92e-07, α=1.000, ‖θ[1:]‖₁=4.554, γ=133522.821, num_knots=490
2025-08-31 23:35:59,193 - Iter 16490: obj=-42.028504, change=6.92e-07, α=1.000, ‖θ[1:]‖₁=4.554, γ=133522.821, num_knots=490
2025-08-31 23:35:59,492 - Iter 16500: obj=-42.028505, change=6.92e-07, α=1.000, ‖θ[1:]‖₁=4.554, γ=133522.821, num_knots=490
2025-08-31 23:35:59,820 - Iter 16510: obj=-42.028507, change=6.92e-07, α=1.000, ‖θ[1:]‖₁=4.554, γ=133522.821, num_knots=490
2025-08-31 23:36:00,175 - Iter 16520: obj=-42.028508, change=6.92e-07, α=1.000, ‖θ[1:]‖₁=4.554, γ=133522.821, num_knots=490
2025-08-31 23:36:00,581 - Iter 16530: obj=-42.028509, change=6.92e-07, α=1.000, ‖θ[1:]‖₁=4.554, γ=133522.821, num_knots=490
2025-08-31 23:36:00,924 - Iter 16540: obj=-42.028510, change=6.92e-07, α=1.000, ‖θ[1:]‖₁=4.554, γ=133522.821, num_knots=490
2025-08-31 23:36:01,261 - Iter 16550: obj=-42.028511, change=6.91e-07, α=1.000, ‖θ[1:]‖₁=4.554, γ=133522.821, num_knots=490
2025-08-31 23:36:01,641 - Iter 16560: obj=-42.028513, change=6.91e-07, α=1.000, ‖θ[1:]‖₁=4.554, γ=133522.821, num_knots=490
2025-08-31 23:36:02,001 - Iter 16570: obj=-42.028514, change=6.91e-07, α=1.000, ‖θ[1:]‖₁=4.554, γ=133522.821, num_knots=490
2025-08-31 23:36:02,371 - Iter 16580: obj=-42.028515, change=6.91e-07, α=1.000, ‖θ[1:]‖₁=4.554, γ=133522.821, num_knots=489
2025-08-31 23:36:02,751 - Iter 16590: obj=-42.028516, change=6.91e-07, α=1.000, ‖θ[1:]‖₁=4.554, γ=133522.821, num_knots=489
2025-08-31 23:36:03,066 - Iter 16600: obj=-42.028518, change=6.91e-07, α=1.000, ‖θ[1:]‖₁=4.554, γ=133522.821, num_knots=489
2025-08-31 23:36:03,408 - Iter 16610: obj=-42.028519, change=6.91e-07, α=1.000, ‖θ[1:]‖₁=4.554, γ=133522.821, num_knots=489
2025-08-31 23:36:03,739 - Iter 16620: obj=-42.028520, change=6.91e-07, α=1.000, ‖θ[1:]‖₁=4.554, γ=133522.821, num_knots=489
2025-08-31 23:36:04,086 - Iter 16630: obj=-42.028521, change=6.91e-07, α=1.000, ‖θ[1:]‖₁=4.554, γ=133522.821, num_knots=489
2025-08-31 23:36:04,475 - Iter 16640: obj=-42.028522, change=6.91e-07, α=1.000, ‖θ[1:]‖₁=4.554, γ=133522.821, num_knots=489
2025-08-31 23:36:04,854 - Iter 16650: obj=-42.028524, change=6.91e-07, α=1.000, ‖θ[1:]‖₁=4.554, γ=133522.821, num_knots=489
2025-08-31 23:36:05,233 - Iter 16660: obj=-42.028525, change=6.91e-07, α=1.000, ‖θ[1:]‖₁=4.554, γ=133522.821, num_knots=489
2025-08-31 23:36:05,606 - Iter 16670: obj=-42.028526, change=6.91e-07, α=1.000, ‖θ[1:]‖₁=4.554, γ=133522.821, num_knots=489
2025-08-31 23:36:05,936 - Iter 16680: obj=-42.028527, change=6.91e-07, α=1.000, ‖θ[1:]‖₁=4.554, γ=133522.821, num_knots=489
2025-08-31 23:36:06,262 - Iter 16690: obj=-42.028529, change=6.91e-07, α=1.000, ‖θ[1:]‖₁=4.554, γ=133522.821, num_knots=489
2025-08-31 23:36:06,597 - Iter 16700: obj=-42.028530, change=6.91e-07, α=1.000, ‖θ[1:]‖₁=4.554, γ=133522.821, num_knots=489
2025-08-31 23:36:06,889 - Iter 16710: obj=-42.028531, change=6.91e-07, α=1.000, ‖θ[1:]‖₁=4.554, γ=133522.821, num_knots=489
2025-08-31 23:36:07,165 - Iter 16720: obj=-42.028532, change=6.91e-07, α=1.000, ‖θ[1:]‖₁=4.554, γ=133522.821, num_knots=489
2025-08-31 23:36:07,456 - Iter 16730: obj=-42.028533, change=6.91e-07, α=1.000, ‖θ[1:]‖₁=4.554, γ=133522.821, num_knots=489
2025-08-31 23:36:07,752 - Iter 16740: obj=-42.028535, change=6.91e-07, α=1.000, ‖θ[1:]‖₁=4.554, γ=133522.821, num_knots=489
2025-08-31 23:36:08,060 - Iter 16750: obj=-42.028536, change=6.91e-07, α=1.000, ‖θ[1:]‖₁=4.554, γ=133522.821, num_knots=489
2025-08-31 23:36:08,473 - Iter 16760: obj=-42.028537, change=6.91e-07, α=1.000, ‖θ[1:]‖₁=4.554, γ=133522.821, num_knots=489
2025-08-31 23:36:08,944 - Iter 16770: obj=-42.028538, change=6.90e-07, α=1.000, ‖θ[1:]‖₁=4.554, γ=133522.821, num_knots=489
2025-08-31 23:36:09,313 - Iter 16780: obj=-42.028540, change=6.90e-07, α=1.000, ‖θ[1:]‖₁=4.554, γ=133522.821, num_knots=489
2025-08-31 23:36:09,610 - Iter 16790: obj=-42.028541, change=6.90e-07, α=1.000, ‖θ[1:]‖₁=4.554, γ=133522.821, num_knots=489
2025-08-31 23:36:09,906 - Iter 16800: obj=-42.028542, change=6.90e-07, α=1.000, ‖θ[1:]‖₁=4.554, γ=133522.821, num_knots=489
2025-08-31 23:36:10,200 - Iter 16810: obj=-42.028543, change=6.90e-07, α=1.000, ‖θ[1:]‖₁=4.554, γ=133522.821, num_knots=489
2025-08-31 23:36:10,509 - Iter 16820: obj=-42.028544, change=6.90e-07, α=1.000, ‖θ[1:]‖₁=4.554, γ=133522.821, num_knots=489
2025-08-31 23:36:10,822 - Iter 16830: obj=-42.028546, change=6.90e-07, α=1.000, ‖θ[1:]‖₁=4.554, γ=133522.821, num_knots=489
2025-08-31 23:36:11,123 - Iter 16840: obj=-42.028547, change=6.90e-07, α=1.000, ‖θ[1:]‖₁=4.554, γ=133522.821, num_knots=489
2025-08-31 23:36:11,453 - Iter 16850: obj=-42.028548, change=6.90e-07, α=1.000, ‖θ[1:]‖₁=4.554, γ=133522.821, num_knots=489
2025-08-31 23:36:11,867 - Iter 16860: obj=-42.028549, change=6.90e-07, α=1.000, ‖θ[1:]‖₁=4.554, γ=133522.821, num_knots=489
2025-08-31 23:36:12,212 - Iter 16870: obj=-42.028551, change=6.90e-07, α=1.000, ‖θ[1:]‖₁=4.554, γ=133522.821, num_knots=489
2025-08-31 23:36:12,543 - Iter 16880: obj=-42.028552, change=6.90e-07, α=1.000, ‖θ[1:]‖₁=4.554, γ=133522.821, num_knots=489
2025-08-31 23:36:12,837 - Iter 16890: obj=-42.028553, change=6.90e-07, α=1.000, ‖θ[1:]‖₁=4.554, γ=133522.821, num_knots=489
2025-08-31 23:36:13,129 - Iter 16900: obj=-42.028554, change=6.90e-07, α=1.000, ‖θ[1:]‖₁=4.554, γ=133522.821, num_knots=489
2025-08-31 23:36:13,485 - Iter 16910: obj=-42.028555, change=6.90e-07, α=1.000, ‖θ[1:]‖₁=4.554, γ=133522.821, num_knots=489
2025-08-31 23:36:13,807 - Iter 16920: obj=-42.028557, change=6.90e-07, α=1.000, ‖θ[1:]‖₁=4.554, γ=133522.821, num_knots=489
2025-08-31 23:36:14,153 - Iter 16930: obj=-42.028558, change=6.90e-07, α=1.000, ‖θ[1:]‖₁=4.554, γ=133522.821, num_knots=489
2025-08-31 23:36:14,485 - Iter 16940: obj=-42.028559, change=6.90e-07, α=1.000, ‖θ[1:]‖₁=4.554, γ=133522.821, num_knots=489
2025-08-31 23:36:14,798 - Iter 16950: obj=-42.028560, change=6.90e-07, α=1.000, ‖θ[1:]‖₁=4.554, γ=133522.821, num_knots=489
2025-08-31 23:36:15,079 - Iter 16960: obj=-42.028561, change=6.90e-07, α=1.000, ‖θ[1:]‖₁=4.554, γ=133522.821, num_knots=489
2025-08-31 23:36:15,388 - Iter 16970: obj=-42.028563, change=6.90e-07, α=1.000, ‖θ[1:]‖₁=4.554, γ=133522.821, num_knots=489
2025-08-31 23:36:15,702 - Iter 16980: obj=-42.028564, change=6.90e-07, α=1.000, ‖θ[1:]‖₁=4.554, γ=133522.821, num_knots=489
2025-08-31 23:36:16,025 - Iter 16990: obj=-42.028565, change=6.90e-07, α=1.000, ‖θ[1:]‖₁=4.554, γ=133522.821, num_knots=489
2025-08-31 23:36:16,313 - Iter 17000: obj=-42.028566, change=6.90e-07, α=1.000, ‖θ[1:]‖₁=4.554, γ=133522.821, num_knots=489
2025-08-31 23:36:16,604 - Iter 17010: obj=-42.028568, change=6.89e-07, α=1.000, ‖θ[1:]‖₁=4.554, γ=133522.821, num_knots=489
2025-08-31 23:36:16,911 - Iter 17020: obj=-42.028569, change=6.89e-07, α=1.000, ‖θ[1:]‖₁=4.554, γ=133522.821, num_knots=489
2025-08-31 23:36:17,208 - Iter 17030: obj=-42.028570, change=6.89e-07, α=1.000, ‖θ[1:]‖₁=4.554, γ=133522.821, num_knots=489
2025-08-31 23:36:17,498 - Iter 17040: obj=-42.028571, change=6.89e-07, α=1.000, ‖θ[1:]‖₁=4.554, γ=133522.821, num_knots=489
2025-08-31 23:36:17,811 - Iter 17050: obj=-42.028572, change=6.89e-07, α=1.000, ‖θ[1:]‖₁=4.554, γ=133522.821, num_knots=489
2025-08-31 23:36:18,140 - Iter 17060: obj=-42.028574, change=6.89e-07, α=1.000, ‖θ[1:]‖₁=4.554, γ=133522.821, num_knots=489
2025-08-31 23:36:18,462 - Iter 17070: obj=-42.028575, change=6.89e-07, α=1.000, ‖θ[1:]‖₁=4.554, γ=133522.821, num_knots=489
2025-08-31 23:36:18,914 - Iter 17080: obj=-42.028576, change=6.89e-07, α=1.000, ‖θ[1:]‖₁=4.554, γ=133522.821, num_knots=489
2025-08-31 23:36:19,232 - Iter 17090: obj=-42.028577, change=6.89e-07, α=1.000, ‖θ[1:]‖₁=4.554, γ=133522.821, num_knots=489
2025-08-31 23:36:19,525 - Iter 17100: obj=-42.028579, change=6.89e-07, α=1.000, ‖θ[1:]‖₁=4.554, γ=133522.821, num_knots=489
2025-08-31 23:36:19,814 - Iter 17110: obj=-42.028580, change=6.89e-07, α=1.000, ‖θ[1:]‖₁=4.554, γ=133522.821, num_knots=489
2025-08-31 23:36:20,111 - Iter 17120: obj=-42.028581, change=6.89e-07, α=1.000, ‖θ[1:]‖₁=4.554, γ=133522.821, num_knots=489
2025-08-31 23:36:20,429 - Iter 17130: obj=-42.028582, change=6.89e-07, α=1.000, ‖θ[1:]‖₁=4.554, γ=133522.821, num_knots=489
2025-08-31 23:36:20,777 - Iter 17140: obj=-42.028583, change=6.89e-07, α=1.000, ‖θ[1:]‖₁=4.554, γ=133522.821, num_knots=489
2025-08-31 23:36:21,129 - Iter 17150: obj=-42.028585, change=6.89e-07, α=1.000, ‖θ[1:]‖₁=4.554, γ=133522.821, num_knots=489
2025-08-31 23:36:21,504 - Iter 17160: obj=-42.028586, change=6.89e-07, α=1.000, ‖θ[1:]‖₁=4.554, γ=133522.821, num_knots=489
2025-08-31 23:36:21,864 - Iter 17170: obj=-42.028587, change=6.89e-07, α=1.000, ‖θ[1:]‖₁=4.554, γ=133522.821, num_knots=489
2025-08-31 23:36:22,209 - Iter 17180: obj=-42.028588, change=6.89e-07, α=1.000, ‖θ[1:]‖₁=4.554, γ=133522.821, num_knots=489
2025-08-31 23:36:22,545 - Iter 17190: obj=-42.028590, change=6.89e-07, α=1.000, ‖θ[1:]‖₁=4.554, γ=133522.821, num_knots=488
2025-08-31 23:36:22,886 - Iter 17200: obj=-42.028591, change=6.89e-07, α=1.000, ‖θ[1:]‖₁=4.554, γ=133522.821, num_knots=488
2025-08-31 23:36:23,267 - Iter 17210: obj=-42.028592, change=6.89e-07, α=1.000, ‖θ[1:]‖₁=4.554, γ=133522.821, num_knots=488
2025-08-31 23:36:23,602 - Iter 17220: obj=-42.028593, change=6.89e-07, α=1.000, ‖θ[1:]‖₁=4.554, γ=133522.821, num_knots=488
2025-08-31 23:36:23,945 - Iter 17230: obj=-42.028594, change=6.89e-07, α=1.000, ‖θ[1:]‖₁=4.554, γ=133522.821, num_knots=488
2025-08-31 23:36:24,333 - Iter 17240: obj=-42.028596, change=6.89e-07, α=1.000, ‖θ[1:]‖₁=4.554, γ=133522.821, num_knots=488
2025-08-31 23:36:24,727 - Iter 17250: obj=-42.028597, change=6.89e-07, α=1.000, ‖θ[1:]‖₁=4.554, γ=133522.821, num_knots=488
2025-08-31 23:36:25,067 - Iter 17260: obj=-42.028598, change=6.88e-07, α=1.000, ‖θ[1:]‖₁=4.554, γ=133522.821, num_knots=488
2025-08-31 23:36:25,449 - Iter 17270: obj=-42.028599, change=6.88e-07, α=1.000, ‖θ[1:]‖₁=4.554, γ=133522.821, num_knots=488
2025-08-31 23:36:26,006 - Iter 17280: obj=-42.028600, change=6.88e-07, α=1.000, ‖θ[1:]‖₁=4.554, γ=133522.821, num_knots=488
2025-08-31 23:36:26,343 - Iter 17290: obj=-42.028602, change=6.88e-07, α=1.000, ‖θ[1:]‖₁=4.554, γ=133522.821, num_knots=488
2025-08-31 23:36:26,715 - Iter 17300: obj=-42.028603, change=6.88e-07, α=1.000, ‖θ[1:]‖₁=4.554, γ=133522.821, num_knots=488
2025-08-31 23:36:27,095 - Iter 17310: obj=-42.028604, change=6.88e-07, α=1.000, ‖θ[1:]‖₁=4.554, γ=133522.821, num_knots=488
2025-08-31 23:36:27,467 - Iter 17320: obj=-42.028605, change=6.88e-07, α=1.000, ‖θ[1:]‖₁=4.554, γ=133522.821, num_knots=488
2025-08-31 23:36:27,783 - Iter 17330: obj=-42.028607, change=6.88e-07, α=1.000, ‖θ[1:]‖₁=4.554, γ=133522.821, num_knots=488
2025-08-31 23:36:28,084 - Iter 17340: obj=-42.028608, change=6.88e-07, α=1.000, ‖θ[1:]‖₁=4.554, γ=133522.821, num_knots=488
2025-08-31 23:36:28,375 - Iter 17350: obj=-42.028609, change=6.88e-07, α=1.000, ‖θ[1:]‖₁=4.554, γ=133522.821, num_knots=488
2025-08-31 23:36:28,765 - Iter 17360: obj=-42.028610, change=6.88e-07, α=1.000, ‖θ[1:]‖₁=4.554, γ=133522.821, num_knots=488
2025-08-31 23:36:29,093 - Iter 17370: obj=-42.028611, change=6.88e-07, α=1.000, ‖θ[1:]‖₁=4.554, γ=133522.821, num_knots=488
2025-08-31 23:36:29,465 - Iter 17380: obj=-42.028613, change=6.88e-07, α=1.000, ‖θ[1:]‖₁=4.554, γ=133522.821, num_knots=488
2025-08-31 23:36:30,017 - Iter 17390: obj=-42.028614, change=6.88e-07, α=1.000, ‖θ[1:]‖₁=4.554, γ=133522.821, num_knots=488
2025-08-31 23:36:30,432 - Iter 17400: obj=-42.028615, change=6.88e-07, α=1.000, ‖θ[1:]‖₁=4.554, γ=133522.821, num_knots=488
2025-08-31 23:36:30,779 - Iter 17410: obj=-42.028616, change=6.88e-07, α=1.000, ‖θ[1:]‖₁=4.554, γ=133522.821, num_knots=488
2025-08-31 23:36:31,056 - Iter 17420: obj=-42.028617, change=6.88e-07, α=1.000, ‖θ[1:]‖₁=4.554, γ=133522.821, num_knots=488
2025-08-31 23:36:31,344 - Iter 17430: obj=-42.028619, change=6.88e-07, α=1.000, ‖θ[1:]‖₁=4.554, γ=133522.821, num_knots=488
2025-08-31 23:36:31,725 - Iter 17440: obj=-42.028620, change=6.88e-07, α=1.000, ‖θ[1:]‖₁=4.554, γ=133522.821, num_knots=488
2025-08-31 23:36:32,028 - Iter 17450: obj=-42.028621, change=6.88e-07, α=1.000, ‖θ[1:]‖₁=4.554, γ=133522.821, num_knots=488
2025-08-31 23:36:32,320 - Iter 17460: obj=-42.028622, change=6.88e-07, α=1.000, ‖θ[1:]‖₁=4.554, γ=133522.821, num_knots=488
2025-08-31 23:36:32,636 - Iter 17470: obj=-42.028624, change=6.88e-07, α=1.000, ‖θ[1:]‖₁=4.554, γ=133522.821, num_knots=488
2025-08-31 23:36:32,941 - Iter 17480: obj=-42.028625, change=6.87e-07, α=1.000, ‖θ[1:]‖₁=4.555, γ=133522.821, num_knots=488
2025-08-31 23:36:33,280 - Iter 17490: obj=-42.028626, change=6.87e-07, α=1.000, ‖θ[1:]‖₁=4.555, γ=133522.821, num_knots=488
2025-08-31 23:36:33,647 - Iter 17500: obj=-42.028903, change=5.66e-05, α=1.000, ‖θ[1:]‖₁=4.560, γ=132646.126, num_knots=990
2025-08-31 23:36:33,860 - Iter 17510: obj=-42.028991, change=1.83e-06, α=0.100, ‖θ[1:]‖₁=4.560, γ=130997.612, num_knots=988
2025-08-31 23:36:34,055 - Iter 17520: obj=-42.029025, change=1.80e-06, α=0.100, ‖θ[1:]‖₁=4.559, γ=131872.330, num_knots=980
2025-08-31 23:36:34,272 - Iter 17530: obj=-42.029052, change=2.69e-06, α=0.100, ‖θ[1:]‖₁=4.559, γ=133251.796, num_knots=959
2025-08-31 23:36:34,468 - Iter 17540: obj=-42.029068, change=2.74e-06, α=0.100, ‖θ[1:]‖₁=4.559, γ=133547.182, num_knots=902
2025-08-31 23:36:34,664 - Iter 17550: obj=-42.029076, change=2.23e-06, α=0.100, ‖θ[1:]‖₁=4.559, γ=133642.622, num_knots=825
2025-08-31 23:36:34,858 - Iter 17560: obj=-42.029081, change=1.67e-06, α=0.100, ‖θ[1:]‖₁=4.558, γ=133706.097, num_knots=606
2025-08-31 23:36:35,054 - Iter 17570: obj=-42.029083, change=1.21e-06, α=0.100, ‖θ[1:]‖₁=4.558, γ=133768.042, num_knots=487
2025-08-31 23:36:35,228 - Iter 17580: obj=-42.029084, change=8.66e-07, α=0.100, ‖θ[1:]‖₁=4.558, γ=133839.216, num_knots=487
2025-08-31 23:36:35,420 - Iter 17590: obj=-42.029085, change=6.12e-07, α=0.100, ‖θ[1:]‖₁=4.558, γ=133923.289, num_knots=487
2025-08-31 23:36:35,627 - Iter 17600: obj=-42.029085, change=4.30e-07, α=0.100, ‖θ[1:]‖₁=4.558, γ=134016.511, num_knots=487
2025-08-31 23:36:35,805 - Iter 17610: obj=-42.029086, change=3.00e-07, α=0.100, ‖θ[1:]‖₁=4.558, γ=134100.951, num_knots=487
2025-08-31 23:36:35,974 - Iter 17620: obj=-42.029086, change=2.09e-07, α=0.100, ‖θ[1:]‖₁=4.558, γ=134128.584, num_knots=487
2025-08-31 23:36:36,158 - Iter 17630: obj=-42.029086, change=1.44e-07, α=0.100, ‖θ[1:]‖₁=4.558, γ=133988.336, num_knots=487
2025-08-31 23:36:36,340 - Iter 17640: obj=-42.029086, change=9.81e-08, α=0.100, ‖θ[1:]‖₁=4.558, γ=133440.498, num_knots=487
2025-08-31 23:36:36,509 - Iter 17650: obj=-42.029086, change=6.59e-08, α=0.100, ‖θ[1:]‖₁=4.558, γ=131990.111, num_knots=487
2025-08-31 23:36:36,709 - Iter 17660: obj=-42.029086, change=6.26e-08, α=0.100, ‖θ[1:]‖₁=4.558, γ=128621.668, num_knots=487
2025-08-31 23:36:36,915 - Iter 17670: obj=-42.029087, change=6.58e-08, α=0.100, ‖θ[1:]‖₁=4.558, γ=121339.206, num_knots=487
2025-08-31 23:36:37,098 - Iter 17680: obj=-42.029087, change=7.41e-08, α=0.100, ‖θ[1:]‖₁=4.558, γ=106354.748, num_knots=488
2025-08-31 23:36:37,285 - Iter 17690: obj=-42.029087, change=9.83e-08, α=0.100, ‖θ[1:]‖₁=4.558, γ=77829.687, num_knots=489
2025-08-31 23:36:37,460 - Iter 17700: obj=-42.029087, change=2.18e-07, α=0.100, ‖θ[1:]‖₁=4.558, γ=31400.679, num_knots=492
2025-08-31 23:36:37,637 - Iter 17710: obj=-42.029090, change=3.21e-06, α=0.100, ‖θ[1:]‖₁=4.558, γ=2399.186, num_knots=492
2025-08-31 23:36:37,839 - Iter 17720: obj=-42.029097, change=3.36e-06, α=0.100, ‖θ[1:]‖₁=4.558, γ=2438.348, num_knots=492
2025-08-31 23:36:38,028 - Iter 17730: obj=-42.029104, change=3.42e-06, α=0.100, ‖θ[1:]‖₁=4.558, γ=2427.623, num_knots=492
2025-08-31 23:36:38,223 - Iter 17740: obj=-42.029111, change=3.47e-06, α=0.100, ‖θ[1:]‖₁=4.558, γ=2423.700, num_knots=492
2025-08-31 23:36:38,493 - Iter 17750: obj=-42.029135, change=6.53e-07, α=1.000, ‖θ[1:]‖₁=4.558, γ=129598.588, num_knots=488
2025-08-31 23:36:38,751 - Iter 17760: obj=-42.029146, change=6.55e-08, α=0.100, ‖θ[1:]‖₁=4.558, γ=134032.402, num_knots=484
2025-08-31 23:36:39,048 - Iter 17770: obj=-42.029147, change=7.26e-07, α=1.000, ‖θ[1:]‖₁=4.558, γ=102743.697, num_knots=483
2025-08-31 23:36:39,349 - Iter 17780: obj=-42.029170, change=6.52e-07, α=1.000, ‖θ[1:]‖₁=4.558, γ=133014.551, num_knots=484
2025-08-31 23:36:39,626 - Iter 17790: obj=-42.029171, change=4.00e-06, α=1.000, ‖θ[1:]‖₁=4.558, γ=2200.259, num_knots=481
2025-08-31 23:36:39,905 - Iter 17800: obj=-42.029182, change=8.39e-07, α=1.000, ‖θ[1:]‖₁=4.558, γ=77030.806, num_knots=481
2025-08-31 23:36:40,207 - Iter 17810: obj=-42.029242, change=8.71e-07, α=1.000, ‖θ[1:]‖₁=4.558, γ=133529.057, num_knots=487
2025-08-31 23:36:40,520 - Iter 17820: obj=-42.029244, change=8.17e-07, α=1.000, ‖θ[1:]‖₁=4.558, γ=93129.570, num_knots=484
2025-08-31 23:36:40,806 - Iter 17830: obj=-42.029250, change=9.37e-07, α=1.000, ‖θ[1:]‖₁=4.558, γ=93693.705, num_knots=480
2025-08-31 23:36:41,114 - Iter 17840: obj=-42.029252, change=9.37e-07, α=1.000, ‖θ[1:]‖₁=4.558, γ=93693.705, num_knots=479
2025-08-31 23:36:41,400 - Iter 17850: obj=-42.029254, change=9.37e-07, α=1.000, ‖θ[1:]‖₁=4.558, γ=93693.705, num_knots=479
2025-08-31 23:36:41,683 - Iter 17860: obj=-42.029255, change=9.37e-07, α=1.000, ‖θ[1:]‖₁=4.558, γ=93693.705, num_knots=479
2025-08-31 23:36:41,988 - Iter 17870: obj=-42.029257, change=9.37e-07, α=1.000, ‖θ[1:]‖₁=4.558, γ=93693.705, num_knots=479
2025-08-31 23:36:42,282 - Iter 17880: obj=-42.029259, change=9.37e-07, α=1.000, ‖θ[1:]‖₁=4.558, γ=93693.705, num_knots=479
2025-08-31 23:36:42,561 - Iter 17890: obj=-42.029260, change=9.36e-07, α=1.000, ‖θ[1:]‖₁=4.558, γ=93693.705, num_knots=479
2025-08-31 23:36:42,836 - Iter 17900: obj=-42.029262, change=9.36e-07, α=1.000, ‖θ[1:]‖₁=4.558, γ=93693.705, num_knots=479
2025-08-31 23:36:43,132 - Iter 17910: obj=-42.029263, change=9.36e-07, α=1.000, ‖θ[1:]‖₁=4.558, γ=93693.705, num_knots=479
2025-08-31 23:36:43,444 - Iter 17920: obj=-42.029265, change=9.36e-07, α=1.000, ‖θ[1:]‖₁=4.558, γ=93693.705, num_knots=479
2025-08-31 23:36:43,761 - Iter 17930: obj=-42.029267, change=9.36e-07, α=1.000, ‖θ[1:]‖₁=4.558, γ=93693.705, num_knots=479
2025-08-31 23:36:44,106 - Iter 17940: obj=-42.029268, change=9.36e-07, α=1.000, ‖θ[1:]‖₁=4.558, γ=93693.705, num_knots=479
2025-08-31 23:36:44,416 - Iter 17950: obj=-42.029270, change=9.36e-07, α=1.000, ‖θ[1:]‖₁=4.558, γ=93693.705, num_knots=479
2025-08-31 23:36:44,709 - Iter 17960: obj=-42.029272, change=9.36e-07, α=1.000, ‖θ[1:]‖₁=4.558, γ=93693.705, num_knots=479
2025-08-31 23:36:45,033 - Iter 17970: obj=-42.029273, change=9.36e-07, α=1.000, ‖θ[1:]‖₁=4.558, γ=93693.705, num_knots=479
2025-08-31 23:36:45,385 - Iter 17980: obj=-42.029275, change=9.36e-07, α=1.000, ‖θ[1:]‖₁=4.558, γ=93693.705, num_knots=479
2025-08-31 23:36:45,737 - Iter 17990: obj=-42.029277, change=9.36e-07, α=1.000, ‖θ[1:]‖₁=4.558, γ=93693.705, num_knots=479
2025-08-31 23:36:46,576 - Iter 18000: obj=-42.029278, change=9.36e-07, α=1.000, ‖θ[1:]‖₁=4.558, γ=93693.705, num_knots=479
2025-08-31 23:36:47,067 - Iter 18010: obj=-42.029280, change=9.36e-07, α=1.000, ‖θ[1:]‖₁=4.558, γ=93693.705, num_knots=479
2025-08-31 23:36:47,518 - Iter 18020: obj=-42.029281, change=9.36e-07, α=1.000, ‖θ[1:]‖₁=4.558, γ=93693.705, num_knots=479
2025-08-31 23:36:48,086 - Iter 18030: obj=-42.029283, change=9.36e-07, α=1.000, ‖θ[1:]‖₁=4.558, γ=93693.705, num_knots=479
2025-08-31 23:36:48,483 - Iter 18040: obj=-42.029285, change=9.35e-07, α=1.000, ‖θ[1:]‖₁=4.558, γ=93693.705, num_knots=479
2025-08-31 23:36:48,828 - Iter 18050: obj=-42.029286, change=9.35e-07, α=1.000, ‖θ[1:]‖₁=4.558, γ=93693.705, num_knots=479
2025-08-31 23:36:49,168 - Iter 18060: obj=-42.029288, change=9.35e-07, α=1.000, ‖θ[1:]‖₁=4.558, γ=93693.705, num_knots=479
2025-08-31 23:36:49,488 - Iter 18070: obj=-42.029290, change=9.35e-07, α=1.000, ‖θ[1:]‖₁=4.558, γ=93693.705, num_knots=479
2025-08-31 23:36:49,820 - Iter 18080: obj=-42.029291, change=9.35e-07, α=1.000, ‖θ[1:]‖₁=4.558, γ=93693.705, num_knots=479
2025-08-31 23:36:50,152 - Iter 18090: obj=-42.029293, change=9.35e-07, α=1.000, ‖θ[1:]‖₁=4.558, γ=93693.705, num_knots=479
2025-08-31 23:36:50,543 - Iter 18100: obj=-42.029295, change=9.35e-07, α=1.000, ‖θ[1:]‖₁=4.558, γ=93693.705, num_knots=479
2025-08-31 23:36:50,962 - Iter 18110: obj=-42.029296, change=9.35e-07, α=1.000, ‖θ[1:]‖₁=4.558, γ=93693.705, num_knots=479
2025-08-31 23:36:51,331 - Iter 18120: obj=-42.029298, change=9.35e-07, α=1.000, ‖θ[1:]‖₁=4.558, γ=93693.705, num_knots=479
2025-08-31 23:36:51,637 - Iter 18130: obj=-42.029299, change=9.35e-07, α=1.000, ‖θ[1:]‖₁=4.558, γ=93693.705, num_knots=479
2025-08-31 23:36:52,014 - Iter 18140: obj=-42.029301, change=9.35e-07, α=1.000, ‖θ[1:]‖₁=4.558, γ=93693.705, num_knots=479
2025-08-31 23:36:52,363 - Iter 18150: obj=-42.029303, change=9.35e-07, α=1.000, ‖θ[1:]‖₁=4.558, γ=93693.705, num_knots=479
2025-08-31 23:36:52,743 - Iter 18160: obj=-42.029304, change=9.35e-07, α=1.000, ‖θ[1:]‖₁=4.558, γ=93693.705, num_knots=478
2025-08-31 23:36:53,142 - Iter 18170: obj=-42.029306, change=9.35e-07, α=1.000, ‖θ[1:]‖₁=4.558, γ=93693.705, num_knots=478
2025-08-31 23:36:53,658 - Iter 18180: obj=-42.029308, change=9.35e-07, α=1.000, ‖θ[1:]‖₁=4.558, γ=93693.705, num_knots=478
2025-08-31 23:36:54,032 - Iter 18190: obj=-42.029309, change=9.35e-07, α=1.000, ‖θ[1:]‖₁=4.558, γ=93693.705, num_knots=478
2025-08-31 23:36:54,410 - Iter 18200: obj=-42.029311, change=9.34e-07, α=1.000, ‖θ[1:]‖₁=4.558, γ=93693.705, num_knots=478
2025-08-31 23:36:54,811 - Iter 18210: obj=-42.029313, change=9.34e-07, α=1.000, ‖θ[1:]‖₁=4.558, γ=93693.705, num_knots=478
2025-08-31 23:36:55,162 - Iter 18220: obj=-42.029314, change=9.34e-07, α=1.000, ‖θ[1:]‖₁=4.559, γ=93693.705, num_knots=478
2025-08-31 23:36:55,478 - Iter 18230: obj=-42.029316, change=9.34e-07, α=1.000, ‖θ[1:]‖₁=4.559, γ=93693.705, num_knots=478
2025-08-31 23:36:55,811 - Iter 18240: obj=-42.029317, change=9.34e-07, α=1.000, ‖θ[1:]‖₁=4.559, γ=93693.705, num_knots=478
2025-08-31 23:36:56,162 - Iter 18250: obj=-42.029319, change=9.34e-07, α=1.000, ‖θ[1:]‖₁=4.559, γ=93693.705, num_knots=478
2025-08-31 23:36:56,489 - Iter 18260: obj=-42.029321, change=9.34e-07, α=1.000, ‖θ[1:]‖₁=4.559, γ=93693.705, num_knots=478
2025-08-31 23:36:56,872 - Iter 18270: obj=-42.029322, change=9.34e-07, α=1.000, ‖θ[1:]‖₁=4.559, γ=93693.705, num_knots=478
2025-08-31 23:36:57,199 - Iter 18280: obj=-42.029324, change=9.34e-07, α=1.000, ‖θ[1:]‖₁=4.559, γ=93693.705, num_knots=478
2025-08-31 23:36:57,490 - Iter 18290: obj=-42.029326, change=9.34e-07, α=1.000, ‖θ[1:]‖₁=4.559, γ=93693.705, num_knots=478
2025-08-31 23:36:57,792 - Iter 18300: obj=-42.029327, change=9.34e-07, α=1.000, ‖θ[1:]‖₁=4.559, γ=93693.705, num_knots=478
2025-08-31 23:36:58,077 - Iter 18310: obj=-42.029329, change=9.33e-07, α=1.000, ‖θ[1:]‖₁=4.559, γ=93693.705, num_knots=478
2025-08-31 23:36:58,374 - Iter 18320: obj=-42.029330, change=9.33e-07, α=1.000, ‖θ[1:]‖₁=4.559, γ=93693.705, num_knots=478
2025-08-31 23:36:58,639 - Iter 18330: obj=-42.029332, change=9.33e-07, α=1.000, ‖θ[1:]‖₁=4.559, γ=93693.705, num_knots=478
2025-08-31 23:36:58,927 - Iter 18340: obj=-42.029334, change=9.33e-07, α=1.000, ‖θ[1:]‖₁=4.559, γ=93693.705, num_knots=478
2025-08-31 23:36:59,244 - Iter 18350: obj=-42.029335, change=9.33e-07, α=1.000, ‖θ[1:]‖₁=4.559, γ=93693.705, num_knots=478
2025-08-31 23:36:59,537 - Iter 18360: obj=-42.029337, change=9.33e-07, α=1.000, ‖θ[1:]‖₁=4.559, γ=93693.705, num_knots=478
2025-08-31 23:36:59,837 - Iter 18370: obj=-42.029339, change=9.33e-07, α=1.000, ‖θ[1:]‖₁=4.559, γ=93693.705, num_knots=478
2025-08-31 23:37:00,156 - Iter 18380: obj=-42.029340, change=9.33e-07, α=1.000, ‖θ[1:]‖₁=4.559, γ=93693.705, num_knots=478
2025-08-31 23:37:00,507 - Iter 18390: obj=-42.029342, change=9.33e-07, α=1.000, ‖θ[1:]‖₁=4.559, γ=93693.705, num_knots=478
2025-08-31 23:37:00,829 - Iter 18400: obj=-42.029343, change=9.33e-07, α=1.000, ‖θ[1:]‖₁=4.559, γ=93693.705, num_knots=478
2025-08-31 23:37:01,138 - Iter 18410: obj=-42.029345, change=9.33e-07, α=1.000, ‖θ[1:]‖₁=4.559, γ=93693.705, num_knots=478
2025-08-31 23:37:01,479 - Iter 18420: obj=-42.029347, change=9.33e-07, α=1.000, ‖θ[1:]‖₁=4.559, γ=93693.705, num_knots=478
2025-08-31 23:37:01,787 - Iter 18430: obj=-42.029348, change=9.32e-07, α=1.000, ‖θ[1:]‖₁=4.559, γ=93693.705, num_knots=478
2025-08-31 23:37:02,097 - Iter 18440: obj=-42.029350, change=9.32e-07, α=1.000, ‖θ[1:]‖₁=4.559, γ=93693.705, num_knots=478
2025-08-31 23:37:02,425 - Iter 18450: obj=-42.029352, change=9.32e-07, α=1.000, ‖θ[1:]‖₁=4.559, γ=93693.705, num_knots=478
2025-08-31 23:37:02,723 - Iter 18460: obj=-42.029353, change=9.32e-07, α=1.000, ‖θ[1:]‖₁=4.559, γ=93693.705, num_knots=478
2025-08-31 23:37:03,007 - Iter 18470: obj=-42.029355, change=9.32e-07, α=1.000, ‖θ[1:]‖₁=4.559, γ=93693.705, num_knots=478
2025-08-31 23:37:03,288 - Iter 18480: obj=-42.029356, change=9.32e-07, α=1.000, ‖θ[1:]‖₁=4.559, γ=93693.705, num_knots=478
2025-08-31 23:37:03,589 - Iter 18490: obj=-42.029358, change=9.32e-07, α=1.000, ‖θ[1:]‖₁=4.559, γ=93693.705, num_knots=478
2025-08-31 23:37:03,885 - Iter 18500: obj=-42.029360, change=9.32e-07, α=1.000, ‖θ[1:]‖₁=4.559, γ=93693.705, num_knots=478
2025-08-31 23:37:04,160 - Iter 18510: obj=-42.029361, change=9.32e-07, α=1.000, ‖θ[1:]‖₁=4.559, γ=93693.705, num_knots=478
2025-08-31 23:37:04,454 - Iter 18520: obj=-42.029363, change=9.32e-07, α=1.000, ‖θ[1:]‖₁=4.559, γ=93693.705, num_knots=478
2025-08-31 23:37:04,752 - Iter 18530: obj=-42.029365, change=9.32e-07, α=1.000, ‖θ[1:]‖₁=4.559, γ=93693.705, num_knots=478
2025-08-31 23:37:05,039 - Iter 18540: obj=-42.029366, change=9.32e-07, α=1.000, ‖θ[1:]‖₁=4.559, γ=93693.705, num_knots=478
2025-08-31 23:37:05,329 - Iter 18550: obj=-42.029368, change=9.32e-07, α=1.000, ‖θ[1:]‖₁=4.559, γ=93693.705, num_knots=478
2025-08-31 23:37:05,649 - Iter 18560: obj=-42.029369, change=9.32e-07, α=1.000, ‖θ[1:]‖₁=4.559, γ=93693.705, num_knots=478
2025-08-31 23:37:05,961 - Iter 18570: obj=-42.029371, change=9.31e-07, α=1.000, ‖θ[1:]‖₁=4.559, γ=93693.705, num_knots=478
2025-08-31 23:37:06,257 - Iter 18580: obj=-42.029373, change=9.31e-07, α=1.000, ‖θ[1:]‖₁=4.559, γ=93693.705, num_knots=478
2025-08-31 23:37:06,550 - Iter 18590: obj=-42.029374, change=9.31e-07, α=1.000, ‖θ[1:]‖₁=4.559, γ=93693.705, num_knots=478
2025-08-31 23:37:06,847 - Iter 18600: obj=-42.029376, change=9.31e-07, α=1.000, ‖θ[1:]‖₁=4.559, γ=93693.705, num_knots=478
2025-08-31 23:37:07,219 - Iter 18610: obj=-42.029378, change=9.31e-07, α=1.000, ‖θ[1:]‖₁=4.559, γ=93693.705, num_knots=478
2025-08-31 23:37:07,573 - Iter 18620: obj=-42.029379, change=9.31e-07, α=1.000, ‖θ[1:]‖₁=4.559, γ=93693.705, num_knots=478
2025-08-31 23:37:07,930 - Iter 18630: obj=-42.029381, change=9.31e-07, α=1.000, ‖θ[1:]‖₁=4.559, γ=93693.705, num_knots=478
2025-08-31 23:37:08,253 - Iter 18640: obj=-42.029382, change=9.31e-07, α=1.000, ‖θ[1:]‖₁=4.559, γ=93693.705, num_knots=478
2025-08-31 23:37:08,744 - Iter 18650: obj=-42.029384, change=9.31e-07, α=1.000, ‖θ[1:]‖₁=4.559, γ=93693.705, num_knots=478
2025-08-31 23:37:09,523 - Iter 18660: obj=-42.029386, change=9.31e-07, α=1.000, ‖θ[1:]‖₁=4.559, γ=93693.705, num_knots=478
2025-08-31 23:37:09,921 - Iter 18670: obj=-42.029387, change=9.31e-07, α=1.000, ‖θ[1:]‖₁=4.559, γ=93693.705, num_knots=478
2025-08-31 23:37:10,281 - Iter 18680: obj=-42.029389, change=9.31e-07, α=1.000, ‖θ[1:]‖₁=4.559, γ=93693.705, num_knots=478
2025-08-31 23:37:10,621 - Iter 18690: obj=-42.029391, change=9.31e-07, α=1.000, ‖θ[1:]‖₁=4.559, γ=93693.705, num_knots=478
2025-08-31 23:37:11,008 - Iter 18700: obj=-42.029392, change=9.31e-07, α=1.000, ‖θ[1:]‖₁=4.559, γ=93693.705, num_knots=478
2025-08-31 23:37:11,395 - Iter 18710: obj=-42.029394, change=9.30e-07, α=1.000, ‖θ[1:]‖₁=4.559, γ=93693.705, num_knots=478
2025-08-31 23:37:11,757 - Iter 18720: obj=-42.029395, change=9.30e-07, α=1.000, ‖θ[1:]‖₁=4.559, γ=93693.705, num_knots=478
2025-08-31 23:37:12,086 - Iter 18730: obj=-42.029397, change=9.30e-07, α=1.000, ‖θ[1:]‖₁=4.559, γ=93693.705, num_knots=478
2025-08-31 23:37:12,364 - Iter 18740: obj=-42.029399, change=9.30e-07, α=1.000, ‖θ[1:]‖₁=4.559, γ=93693.705, num_knots=478
2025-08-31 23:37:12,706 - Iter 18750: obj=-42.029400, change=9.30e-07, α=1.000, ‖θ[1:]‖₁=4.559, γ=93693.705, num_knots=478
2025-08-31 23:37:13,001 - Iter 18760: obj=-42.029402, change=9.30e-07, α=1.000, ‖θ[1:]‖₁=4.559, γ=93693.705, num_knots=478
2025-08-31 23:37:13,326 - Iter 18770: obj=-42.029404, change=9.30e-07, α=1.000, ‖θ[1:]‖₁=4.559, γ=93693.705, num_knots=478
2025-08-31 23:37:13,692 - Iter 18780: obj=-42.029405, change=9.30e-07, α=1.000, ‖θ[1:]‖₁=4.559, γ=93693.705, num_knots=478
2025-08-31 23:37:14,054 - Iter 18790: obj=-42.029407, change=9.30e-07, α=1.000, ‖θ[1:]‖₁=4.559, γ=93693.705, num_knots=478
2025-08-31 23:37:14,391 - Iter 18800: obj=-42.029408, change=9.30e-07, α=1.000, ‖θ[1:]‖₁=4.559, γ=93693.705, num_knots=478
2025-08-31 23:37:14,745 - Iter 18810: obj=-42.029410, change=9.30e-07, α=1.000, ‖θ[1:]‖₁=4.559, γ=93693.705, num_knots=478
2025-08-31 23:37:15,062 - Iter 18820: obj=-42.029412, change=9.30e-07, α=1.000, ‖θ[1:]‖₁=4.559, γ=93693.705, num_knots=478
2025-08-31 23:37:15,386 - Iter 18830: obj=-42.029413, change=9.30e-07, α=1.000, ‖θ[1:]‖₁=4.559, γ=93693.705, num_knots=478
2025-08-31 23:37:15,698 - Iter 18840: obj=-42.029415, change=9.30e-07, α=1.000, ‖θ[1:]‖₁=4.559, γ=93693.705, num_knots=478
2025-08-31 23:37:16,021 - Iter 18850: obj=-42.029417, change=9.30e-07, α=1.000, ‖θ[1:]‖₁=4.559, γ=93693.705, num_knots=478
2025-08-31 23:37:16,328 - Iter 18860: obj=-42.029418, change=9.29e-07, α=1.000, ‖θ[1:]‖₁=4.559, γ=93693.705, num_knots=478
2025-08-31 23:37:16,656 - Iter 18870: obj=-42.029420, change=9.29e-07, α=1.000, ‖θ[1:]‖₁=4.559, γ=93693.705, num_knots=478
2025-08-31 23:37:16,993 - Iter 18880: obj=-42.029421, change=9.29e-07, α=1.000, ‖θ[1:]‖₁=4.559, γ=93693.705, num_knots=478
2025-08-31 23:37:17,468 - Iter 18890: obj=-42.029423, change=9.29e-07, α=1.000, ‖θ[1:]‖₁=4.559, γ=93693.705, num_knots=478
2025-08-31 23:37:17,818 - Iter 18900: obj=-42.029425, change=9.29e-07, α=1.000, ‖θ[1:]‖₁=4.559, γ=93693.705, num_knots=478
2025-08-31 23:37:18,111 - Iter 18910: obj=-42.029426, change=9.29e-07, α=1.000, ‖θ[1:]‖₁=4.559, γ=93693.705, num_knots=478
2025-08-31 23:37:18,465 - Iter 18920: obj=-42.029428, change=9.29e-07, α=1.000, ‖θ[1:]‖₁=4.559, γ=93693.705, num_knots=478
2025-08-31 23:37:18,763 - Iter 18930: obj=-42.029430, change=9.29e-07, α=1.000, ‖θ[1:]‖₁=4.559, γ=93693.705, num_knots=478
2025-08-31 23:37:19,105 - Iter 18940: obj=-42.029431, change=9.29e-07, α=1.000, ‖θ[1:]‖₁=4.559, γ=93693.705, num_knots=478
2025-08-31 23:37:19,409 - Iter 18950: obj=-42.029433, change=9.29e-07, α=1.000, ‖θ[1:]‖₁=4.559, γ=93693.705, num_knots=478
2025-08-31 23:37:19,733 - Iter 18960: obj=-42.029434, change=9.29e-07, α=1.000, ‖θ[1:]‖₁=4.559, γ=93693.705, num_knots=478
2025-08-31 23:37:20,065 - Iter 18970: obj=-42.029436, change=9.29e-07, α=1.000, ‖θ[1:]‖₁=4.559, γ=93693.705, num_knots=478
2025-08-31 23:37:20,384 - Iter 18980: obj=-42.029438, change=9.29e-07, α=1.000, ‖θ[1:]‖₁=4.559, γ=93693.705, num_knots=478
2025-08-31 23:37:20,807 - Iter 18990: obj=-42.029439, change=9.29e-07, α=1.000, ‖θ[1:]‖₁=4.559, γ=93693.705, num_knots=478
2025-08-31 23:37:21,178 - Iter 19000: obj=-42.029441, change=9.29e-07, α=1.000, ‖θ[1:]‖₁=4.559, γ=93693.705, num_knots=478
2025-08-31 23:37:21,567 - Iter 19010: obj=-42.029443, change=9.28e-07, α=1.000, ‖θ[1:]‖₁=4.559, γ=93693.705, num_knots=478
2025-08-31 23:37:21,922 - Iter 19020: obj=-42.029444, change=9.28e-07, α=1.000, ‖θ[1:]‖₁=4.559, γ=93693.705, num_knots=478
2025-08-31 23:37:22,269 - Iter 19030: obj=-42.029446, change=9.28e-07, α=1.000, ‖θ[1:]‖₁=4.559, γ=93693.705, num_knots=478
2025-08-31 23:37:22,621 - Iter 19040: obj=-42.029447, change=9.28e-07, α=1.000, ‖θ[1:]‖₁=4.559, γ=93693.705, num_knots=478
2025-08-31 23:37:22,954 - Iter 19050: obj=-42.029449, change=9.28e-07, α=1.000, ‖θ[1:]‖₁=4.559, γ=93693.705, num_knots=478
2025-08-31 23:37:23,277 - Iter 19060: obj=-42.029451, change=9.28e-07, α=1.000, ‖θ[1:]‖₁=4.559, γ=93693.705, num_knots=478
2025-08-31 23:37:23,620 - Iter 19070: obj=-42.029452, change=9.28e-07, α=1.000, ‖θ[1:]‖₁=4.559, γ=93693.705, num_knots=478
2025-08-31 23:37:23,939 - Iter 19080: obj=-42.029454, change=9.28e-07, α=1.000, ‖θ[1:]‖₁=4.559, γ=93693.705, num_knots=478
2025-08-31 23:37:24,280 - Iter 19090: obj=-42.029456, change=9.28e-07, α=1.000, ‖θ[1:]‖₁=4.559, γ=93693.705, num_knots=478
2025-08-31 23:37:24,627 - Iter 19100: obj=-42.029457, change=9.28e-07, α=1.000, ‖θ[1:]‖₁=4.559, γ=93693.705, num_knots=478
2025-08-31 23:37:24,949 - Iter 19110: obj=-42.029459, change=9.28e-07, α=1.000, ‖θ[1:]‖₁=4.559, γ=93693.705, num_knots=478
2025-08-31 23:37:25,288 - Iter 19120: obj=-42.029460, change=9.28e-07, α=1.000, ‖θ[1:]‖₁=4.559, γ=93693.705, num_knots=478
2025-08-31 23:37:25,651 - Iter 19130: obj=-42.029462, change=9.28e-07, α=1.000, ‖θ[1:]‖₁=4.559, γ=93693.705, num_knots=478
2025-08-31 23:37:26,016 - Iter 19140: obj=-42.029464, change=9.28e-07, α=1.000, ‖θ[1:]‖₁=4.559, γ=93693.705, num_knots=478
2025-08-31 23:37:26,345 - Iter 19150: obj=-42.029465, change=9.28e-07, α=1.000, ‖θ[1:]‖₁=4.559, γ=93693.705, num_knots=478
2025-08-31 23:37:26,708 - Iter 19160: obj=-42.029467, change=9.28e-07, α=1.000, ‖θ[1:]‖₁=4.559, γ=93693.705, num_knots=478
2025-08-31 23:37:27,087 - Iter 19170: obj=-42.029469, change=9.27e-07, α=1.000, ‖θ[1:]‖₁=4.559, γ=93693.705, num_knots=478
2025-08-31 23:37:27,469 - Iter 19180: obj=-42.029470, change=9.27e-07, α=1.000, ‖θ[1:]‖₁=4.559, γ=93693.705, num_knots=478
2025-08-31 23:37:27,814 - Iter 19190: obj=-42.029472, change=9.27e-07, α=1.000, ‖θ[1:]‖₁=4.559, γ=93693.705, num_knots=478
2025-08-31 23:37:28,168 - Iter 19200: obj=-42.029473, change=9.27e-07, α=1.000, ‖θ[1:]‖₁=4.559, γ=93693.705, num_knots=478
2025-08-31 23:37:28,493 - Iter 19210: obj=-42.029475, change=9.27e-07, α=1.000, ‖θ[1:]‖₁=4.559, γ=93693.705, num_knots=478
2025-08-31 23:37:28,842 - Iter 19220: obj=-42.029477, change=9.27e-07, α=1.000, ‖θ[1:]‖₁=4.559, γ=93693.705, num_knots=478
2025-08-31 23:37:29,300 - Iter 19230: obj=-42.029478, change=9.27e-07, α=1.000, ‖θ[1:]‖₁=4.559, γ=93693.705, num_knots=478
2025-08-31 23:37:29,661 - Iter 19240: obj=-42.029480, change=9.27e-07, α=1.000, ‖θ[1:]‖₁=4.560, γ=93693.705, num_knots=478
2025-08-31 23:37:29,998 - Iter 19250: obj=-42.029481, change=9.27e-07, α=1.000, ‖θ[1:]‖₁=4.560, γ=93693.705, num_knots=478
2025-08-31 23:37:30,339 - Iter 19260: obj=-42.029483, change=9.27e-07, α=1.000, ‖θ[1:]‖₁=4.560, γ=93693.705, num_knots=478
2025-08-31 23:37:30,689 - Iter 19270: obj=-42.029485, change=9.27e-07, α=1.000, ‖θ[1:]‖₁=4.560, γ=93693.705, num_knots=478
2025-08-31 23:37:31,091 - Iter 19280: obj=-42.029486, change=9.27e-07, α=1.000, ‖θ[1:]‖₁=4.560, γ=93693.705, num_knots=478
2025-08-31 23:37:31,444 - Iter 19290: obj=-42.029488, change=9.27e-07, α=1.000, ‖θ[1:]‖₁=4.560, γ=93693.705, num_knots=478
2025-08-31 23:37:31,766 - Iter 19300: obj=-42.029490, change=9.27e-07, α=1.000, ‖θ[1:]‖₁=4.560, γ=93693.705, num_knots=478
2025-08-31 23:37:32,118 - Iter 19310: obj=-42.029491, change=9.27e-07, α=1.000, ‖θ[1:]‖₁=4.560, γ=93693.705, num_knots=478
2025-08-31 23:37:32,482 - Iter 19320: obj=-42.029493, change=9.26e-07, α=1.000, ‖θ[1:]‖₁=4.560, γ=93693.705, num_knots=478
2025-08-31 23:37:32,815 - Iter 19330: obj=-42.029494, change=9.26e-07, α=1.000, ‖θ[1:]‖₁=4.560, γ=93693.705, num_knots=478
2025-08-31 23:37:33,154 - Iter 19340: obj=-42.029496, change=9.26e-07, α=1.000, ‖θ[1:]‖₁=4.560, γ=93693.705, num_knots=478
2025-08-31 23:37:33,550 - Iter 19350: obj=-42.029498, change=9.26e-07, α=1.000, ‖θ[1:]‖₁=4.560, γ=93693.705, num_knots=478
2025-08-31 23:37:33,889 - Iter 19360: obj=-42.029499, change=9.26e-07, α=1.000, ‖θ[1:]‖₁=4.560, γ=93693.705, num_knots=478
2025-08-31 23:37:34,210 - Iter 19370: obj=-42.029501, change=9.26e-07, α=1.000, ‖θ[1:]‖₁=4.560, γ=93693.705, num_knots=478
2025-08-31 23:37:34,532 - Iter 19380: obj=-42.029503, change=9.26e-07, α=1.000, ‖θ[1:]‖₁=4.560, γ=93693.705, num_knots=478
2025-08-31 23:37:34,857 - Iter 19390: obj=-42.029504, change=9.26e-07, α=1.000, ‖θ[1:]‖₁=4.560, γ=93693.705, num_knots=478
2025-08-31 23:37:35,200 - Iter 19400: obj=-42.029506, change=9.26e-07, α=1.000, ‖θ[1:]‖₁=4.560, γ=93693.705, num_knots=478
2025-08-31 23:37:35,556 - Iter 19410: obj=-42.029507, change=9.26e-07, α=1.000, ‖θ[1:]‖₁=4.560, γ=93693.705, num_knots=478
2025-08-31 23:37:35,897 - Iter 19420: obj=-42.029509, change=9.26e-07, α=1.000, ‖θ[1:]‖₁=4.560, γ=93693.705, num_knots=478
2025-08-31 23:37:36,245 - Iter 19430: obj=-42.029511, change=9.26e-07, α=1.000, ‖θ[1:]‖₁=4.560, γ=93693.705, num_knots=478
2025-08-31 23:37:36,605 - Iter 19440: obj=-42.029512, change=9.26e-07, α=1.000, ‖θ[1:]‖₁=4.560, γ=93693.705, num_knots=478
2025-08-31 23:37:36,949 - Iter 19450: obj=-42.029514, change=9.26e-07, α=1.000, ‖θ[1:]‖₁=4.560, γ=93693.705, num_knots=478
2025-08-31 23:37:37,299 - Iter 19460: obj=-42.029515, change=9.26e-07, α=1.000, ‖θ[1:]‖₁=4.560, γ=93693.705, num_knots=478
2025-08-31 23:37:37,629 - Iter 19470: obj=-42.029517, change=9.26e-07, α=1.000, ‖θ[1:]‖₁=4.560, γ=93693.705, num_knots=478
2025-08-31 23:37:37,959 - Iter 19480: obj=-42.029519, change=9.25e-07, α=1.000, ‖θ[1:]‖₁=4.560, γ=93693.705, num_knots=478
2025-08-31 23:37:38,281 - Iter 19490: obj=-42.029520, change=9.25e-07, α=1.000, ‖θ[1:]‖₁=4.560, γ=93693.705, num_knots=478
2025-08-31 23:37:38,635 - Iter 19500: obj=-42.029522, change=9.25e-07, α=1.000, ‖θ[1:]‖₁=4.560, γ=93693.705, num_knots=478
2025-08-31 23:37:39,008 - Iter 19510: obj=-42.029524, change=9.25e-07, α=1.000, ‖θ[1:]‖₁=4.560, γ=93693.705, num_knots=478
2025-08-31 23:37:39,375 - Iter 19520: obj=-42.029525, change=9.25e-07, α=1.000, ‖θ[1:]‖₁=4.560, γ=93693.705, num_knots=478
2025-08-31 23:37:39,726 - Iter 19530: obj=-42.029527, change=9.25e-07, α=1.000, ‖θ[1:]‖₁=4.560, γ=93693.705, num_knots=478
2025-08-31 23:37:40,071 - Iter 19540: obj=-42.029528, change=9.25e-07, α=1.000, ‖θ[1:]‖₁=4.560, γ=93693.705, num_knots=478
2025-08-31 23:37:40,411 - Iter 19550: obj=-42.029530, change=9.25e-07, α=1.000, ‖θ[1:]‖₁=4.560, γ=93693.705, num_knots=478
2025-08-31 23:37:40,776 - Iter 19560: obj=-42.029532, change=9.25e-07, α=1.000, ‖θ[1:]‖₁=4.560, γ=93693.705, num_knots=478
2025-08-31 23:37:41,167 - Iter 19570: obj=-42.029533, change=9.25e-07, α=1.000, ‖θ[1:]‖₁=4.560, γ=93693.705, num_knots=478
2025-08-31 23:37:41,534 - Iter 19580: obj=-42.029535, change=9.25e-07, α=1.000, ‖θ[1:]‖₁=4.560, γ=93693.705, num_knots=478
2025-08-31 23:37:41,890 - Iter 19590: obj=-42.029536, change=9.25e-07, α=1.000, ‖θ[1:]‖₁=4.560, γ=93693.705, num_knots=478
2025-08-31 23:37:42,246 - Iter 19600: obj=-42.029538, change=9.25e-07, α=1.000, ‖θ[1:]‖₁=4.560, γ=93693.705, num_knots=478
2025-08-31 23:37:42,690 - Iter 19610: obj=-42.029540, change=9.25e-07, α=1.000, ‖θ[1:]‖₁=4.560, γ=93693.705, num_knots=478
2025-08-31 23:37:43,038 - Iter 19620: obj=-42.029541, change=9.25e-07, α=1.000, ‖θ[1:]‖₁=4.560, γ=93693.705, num_knots=478
2025-08-31 23:37:43,379 - Iter 19630: obj=-42.029543, change=9.25e-07, α=1.000, ‖θ[1:]‖₁=4.560, γ=93693.705, num_knots=478
2025-08-31 23:37:43,715 - Iter 19640: obj=-42.029545, change=9.24e-07, α=1.000, ‖θ[1:]‖₁=4.560, γ=93693.705, num_knots=478
2025-08-31 23:37:44,062 - Iter 19650: obj=-42.029546, change=9.24e-07, α=1.000, ‖θ[1:]‖₁=4.560, γ=93693.705, num_knots=478
2025-08-31 23:37:44,389 - Iter 19660: obj=-42.029548, change=9.24e-07, α=1.000, ‖θ[1:]‖₁=4.560, γ=93693.705, num_knots=477
2025-08-31 23:37:44,709 - Iter 19670: obj=-42.029549, change=9.24e-07, α=1.000, ‖θ[1:]‖₁=4.560, γ=93693.705, num_knots=477
2025-08-31 23:37:45,067 - Iter 19680: obj=-42.029551, change=9.24e-07, α=1.000, ‖θ[1:]‖₁=4.560, γ=93693.705, num_knots=477
2025-08-31 23:37:45,409 - Iter 19690: obj=-42.029553, change=9.24e-07, α=1.000, ‖θ[1:]‖₁=4.560, γ=93693.705, num_knots=476
2025-08-31 23:37:45,776 - Iter 19700: obj=-42.029554, change=9.24e-07, α=1.000, ‖θ[1:]‖₁=4.560, γ=93693.705, num_knots=476
2025-08-31 23:37:46,157 - Iter 19710: obj=-42.029556, change=9.24e-07, α=1.000, ‖θ[1:]‖₁=4.560, γ=93693.705, num_knots=476
2025-08-31 23:37:46,492 - Iter 19720: obj=-42.029557, change=9.24e-07, α=1.000, ‖θ[1:]‖₁=4.560, γ=93693.705, num_knots=476
2025-08-31 23:37:46,827 - Iter 19730: obj=-42.029559, change=9.24e-07, α=1.000, ‖θ[1:]‖₁=4.560, γ=93693.705, num_knots=476
2025-08-31 23:37:47,210 - Iter 19740: obj=-42.029561, change=9.24e-07, α=1.000, ‖θ[1:]‖₁=4.560, γ=93693.705, num_knots=476
2025-08-31 23:37:47,559 - Iter 19750: obj=-42.029562, change=9.24e-07, α=1.000, ‖θ[1:]‖₁=4.560, γ=93693.705, num_knots=476
2025-08-31 23:37:47,897 - Iter 19760: obj=-42.029564, change=9.23e-07, α=1.000, ‖θ[1:]‖₁=4.560, γ=93693.705, num_knots=476
2025-08-31 23:37:48,215 - Iter 19770: obj=-42.029566, change=9.23e-07, α=1.000, ‖θ[1:]‖₁=4.560, γ=93693.705, num_knots=476
2025-08-31 23:37:48,535 - Iter 19780: obj=-42.029567, change=9.23e-07, α=1.000, ‖θ[1:]‖₁=4.560, γ=93693.705, num_knots=476
2025-08-31 23:37:48,878 - Iter 19790: obj=-42.029569, change=9.23e-07, α=1.000, ‖θ[1:]‖₁=4.560, γ=93693.705, num_knots=476
2025-08-31 23:37:49,228 - Iter 19800: obj=-42.029570, change=9.23e-07, α=1.000, ‖θ[1:]‖₁=4.560, γ=93693.705, num_knots=476
2025-08-31 23:37:49,542 - Iter 19810: obj=-42.029572, change=9.23e-07, α=1.000, ‖θ[1:]‖₁=4.560, γ=93693.705, num_knots=476
2025-08-31 23:37:49,880 - Iter 19820: obj=-42.029574, change=9.23e-07, α=1.000, ‖θ[1:]‖₁=4.560, γ=93693.705, num_knots=476
2025-08-31 23:37:50,217 - Iter 19830: obj=-42.029575, change=9.23e-07, α=1.000, ‖θ[1:]‖₁=4.560, γ=93693.705, num_knots=476
2025-08-31 23:37:50,574 - Iter 19840: obj=-42.029577, change=9.23e-07, α=1.000, ‖θ[1:]‖₁=4.560, γ=93693.705, num_knots=476
2025-08-31 23:37:50,935 - Iter 19850: obj=-42.029578, change=9.23e-07, α=1.000, ‖θ[1:]‖₁=4.560, γ=93693.705, num_knots=476
2025-08-31 23:37:51,322 - Iter 19860: obj=-42.029580, change=9.23e-07, α=1.000, ‖θ[1:]‖₁=4.560, γ=93693.705, num_knots=476
2025-08-31 23:37:51,669 - Iter 19870: obj=-42.029582, change=9.23e-07, α=1.000, ‖θ[1:]‖₁=4.560, γ=93693.705, num_knots=476
2025-08-31 23:37:52,012 - Iter 19880: obj=-42.029583, change=9.22e-07, α=1.000, ‖θ[1:]‖₁=4.560, γ=93693.705, num_knots=476
2025-08-31 23:37:52,364 - Iter 19890: obj=-42.029585, change=9.22e-07, α=1.000, ‖θ[1:]‖₁=4.560, γ=93693.705, num_knots=476
2025-08-31 23:37:52,723 - Iter 19900: obj=-42.029586, change=9.22e-07, α=1.000, ‖θ[1:]‖₁=4.560, γ=93693.705, num_knots=476
2025-08-31 23:37:53,083 - Iter 19910: obj=-42.029588, change=9.22e-07, α=1.000, ‖θ[1:]‖₁=4.560, γ=93693.705, num_knots=476
2025-08-31 23:37:53,424 - Iter 19920: obj=-42.029590, change=9.22e-07, α=1.000, ‖θ[1:]‖₁=4.560, γ=93693.705, num_knots=476
2025-08-31 23:37:53,759 - Iter 19930: obj=-42.029591, change=9.22e-07, α=1.000, ‖θ[1:]‖₁=4.560, γ=93693.705, num_knots=476
2025-08-31 23:37:54,069 - Iter 19940: obj=-42.029593, change=9.22e-07, α=1.000, ‖θ[1:]‖₁=4.560, γ=93693.705, num_knots=476
2025-08-31 23:37:54,410 - Iter 19950: obj=-42.029595, change=9.22e-07, α=1.000, ‖θ[1:]‖₁=4.560, γ=93693.705, num_knots=476
2025-08-31 23:37:54,748 - Iter 19960: obj=-42.029596, change=8.97e-07, α=1.000, ‖θ[1:]‖₁=4.560, γ=96383.725, num_knots=475
2025-08-31 23:37:55,091 - Iter 19970: obj=-42.029598, change=8.97e-07, α=1.000, ‖θ[1:]‖₁=4.560, γ=96383.725, num_knots=475
2025-08-31 23:37:55,429 - Iter 19980: obj=-42.029599, change=8.96e-07, α=1.000, ‖θ[1:]‖₁=4.560, γ=96383.725, num_knots=475
2025-08-31 23:37:55,806 - Iter 19990: obj=-42.029601, change=8.96e-07, α=1.000, ‖θ[1:]‖₁=4.560, γ=96383.725, num_knots=475
2025-08-31 23:37:56,171 - Iter 20000: obj=-42.029602, change=8.96e-07, α=1.000, ‖θ[1:]‖₁=4.560, γ=96383.725, num_knots=475
2025-08-31 23:37:56,171 - Final: selected_knots=475, iterations=20000
