2025-09-01 14:46:40,457 - FISTA: lam=40, L=1000000.0, n_grid=200, basis_order=0, n_samples=3200, K=3201
2025-09-01 14:46:40,553 - Iter   10: loss=-875.1299, change=4.43e-02, ‖θ[1:]‖₁=4.173, num_selected_knots=2955
2025-09-01 14:46:40,631 - Iter   20: loss=-961.4838, change=2.88e-02, ‖θ[1:]‖₁=4.869, num_selected_knots=2278
2025-09-01 14:46:40,706 - Iter   30: loss=-986.4211, change=1.29e-02, ‖θ[1:]‖₁=4.969, num_selected_knots=1818
2025-09-01 14:46:40,778 - Iter   40: loss=-1002.2961, change=1.05e-02, ‖θ[1:]‖₁=5.098, num_selected_knots=1514
2025-09-01 14:46:40,851 - Iter   50: loss=-1013.9688, change=7.81e-03, ‖θ[1:]‖₁=5.224, num_selected_knots=1341
2025-09-01 14:46:40,924 - Iter   60: loss=-1023.2302, change=4.56e-03, ‖θ[1:]‖₁=5.334, num_selected_knots=1177
2025-09-01 14:46:40,996 - Iter   70: loss=-1029.8074, change=2.55e-03, ‖θ[1:]‖₁=5.406, num_selected_knots=1052
2025-09-01 14:46:41,068 - Iter   80: loss=-1034.2640, change=5.20e-04, ‖θ[1:]‖₁=5.445, num_selected_knots=945
2025-09-01 14:46:41,140 - Iter   90: loss=-1037.8420, change=1.87e-03, ‖θ[1:]‖₁=5.476, num_selected_knots=854
2025-09-01 14:46:41,212 - Iter  100: loss=-1040.9822, change=1.20e-03, ‖θ[1:]‖₁=5.505, num_selected_knots=778
2025-09-01 14:46:41,283 - Iter  110: loss=-1043.5946, change=8.82e-04, ‖θ[1:]‖₁=5.527, num_selected_knots=717
2025-09-01 14:46:41,355 - Iter  120: loss=-1046.0182, change=7.46e-04, ‖θ[1:]‖₁=5.549, num_selected_knots=648
2025-09-01 14:46:41,426 - Iter  130: loss=-1047.7455, change=7.01e-04, ‖θ[1:]‖₁=5.558, num_selected_knots=607
2025-09-01 14:46:41,499 - Iter  140: loss=-1049.2717, change=5.08e-04, ‖θ[1:]‖₁=5.565, num_selected_knots=573
2025-09-01 14:46:41,596 - Iter  150: loss=-1050.5985, change=2.72e-04, ‖θ[1:]‖₁=5.571, num_selected_knots=536
2025-09-01 14:46:41,671 - Iter  160: loss=-1052.0579, change=9.70e-04, ‖θ[1:]‖₁=5.583, num_selected_knots=497
2025-09-01 14:46:41,744 - Iter  170: loss=-1053.3345, change=5.18e-04, ‖θ[1:]‖₁=5.593, num_selected_knots=476
2025-09-01 14:46:41,817 - Iter  180: loss=-1054.2424, change=2.78e-04, ‖θ[1:]‖₁=5.596, num_selected_knots=444
2025-09-01 14:46:41,888 - Iter  190: loss=-1055.2621, change=8.75e-04, ‖θ[1:]‖₁=5.604, num_selected_knots=422
2025-09-01 14:46:41,961 - Iter  200: loss=-1056.5793, change=7.48e-04, ‖θ[1:]‖₁=5.620, num_selected_knots=402
2025-09-01 14:46:42,032 - Iter  210: loss=-1057.2050, change=2.80e-04, ‖θ[1:]‖₁=5.621, num_selected_knots=386
2025-09-01 14:46:42,105 - Iter  220: loss=-1057.8204, change=2.85e-04, ‖θ[1:]‖₁=5.622, num_selected_knots=368
2025-09-01 14:46:42,177 - Iter  230: loss=-1058.7278, change=8.58e-04, ‖θ[1:]‖₁=5.633, num_selected_knots=345
2025-09-01 14:46:42,248 - Iter  240: loss=-1059.3398, change=2.80e-04, ‖θ[1:]‖₁=5.637, num_selected_knots=329
2025-09-01 14:46:42,320 - Iter  250: loss=-1059.8616, change=3.28e-04, ‖θ[1:]‖₁=5.640, num_selected_knots=315
2025-09-01 14:46:42,392 - Iter  260: loss=-1060.7704, change=4.61e-04, ‖θ[1:]‖₁=5.653, num_selected_knots=300
2025-09-01 14:46:42,464 - Iter  270: loss=-1061.5796, change=3.79e-04, ‖θ[1:]‖₁=5.665, num_selected_knots=290
2025-09-01 14:46:42,536 - Iter  280: loss=-1061.9365, change=2.73e-04, ‖θ[1:]‖₁=5.666, num_selected_knots=277
2025-09-01 14:46:42,610 - Iter  290: loss=-1062.0082, change=2.76e-04, ‖θ[1:]‖₁=5.660, num_selected_knots=268
2025-09-01 14:46:42,682 - Iter  300: loss=-1062.2074, change=2.81e-04, ‖θ[1:]‖₁=5.657, num_selected_knots=257
2025-09-01 14:46:42,753 - Iter  310: loss=-1062.6904, change=2.89e-04, ‖θ[1:]‖₁=5.663, num_selected_knots=248
2025-09-01 14:46:42,825 - Iter  320: loss=-1063.2810, change=3.22e-04, ‖θ[1:]‖₁=5.671, num_selected_knots=239
2025-09-01 14:46:42,897 - Iter  330: loss=-1063.4487, change=8.21e-04, ‖θ[1:]‖₁=5.669, num_selected_knots=228
2025-09-01 14:46:42,969 - Iter  340: loss=-1063.4110, change=2.89e-04, ‖θ[1:]‖₁=5.663, num_selected_knots=221
2025-09-01 14:46:43,041 - Iter  350: loss=-1063.4192, change=3.92e-04, ‖θ[1:]‖₁=5.657, num_selected_knots=218
2025-09-01 14:46:43,113 - Iter  360: loss=-1063.6344, change=3.12e-04, ‖θ[1:]‖₁=5.657, num_selected_knots=214
2025-09-01 14:46:43,184 - Iter  370: loss=-1063.9976, change=3.43e-04, ‖θ[1:]‖₁=5.661, num_selected_knots=208
2025-09-01 14:46:43,256 - Iter  380: loss=-1064.4409, change=2.88e-04, ‖θ[1:]‖₁=5.667, num_selected_knots=199
2025-09-01 14:46:43,328 - Iter  390: loss=-1064.7078, change=4.83e-04, ‖θ[1:]‖₁=5.670, num_selected_knots=191
2025-09-01 14:46:43,400 - Iter  400: loss=-1064.9633, change=5.61e-04, ‖θ[1:]‖₁=5.671, num_selected_knots=189
2025-09-01 14:46:43,472 - Iter  410: loss=-1065.0153, change=5.71e-04, ‖θ[1:]‖₁=5.669, num_selected_knots=184
2025-09-01 14:46:43,544 - Iter  420: loss=-1064.9104, change=4.14e-04, ‖θ[1:]‖₁=5.662, num_selected_knots=181
2025-09-01 14:46:43,616 - Iter  430: loss=-1064.9060, change=2.80e-04, ‖θ[1:]‖₁=5.658, num_selected_knots=179
2025-09-01 14:46:43,687 - Iter  440: loss=-1065.0332, change=4.43e-04, ‖θ[1:]‖₁=5.658, num_selected_knots=173
2025-09-01 14:46:43,760 - Iter  450: loss=-1065.3079, change=6.13e-04, ‖θ[1:]‖₁=5.661, num_selected_knots=167
2025-09-01 14:46:43,832 - Iter  460: loss=-1065.7736, change=5.39e-04, ‖θ[1:]‖₁=5.669, num_selected_knots=166
2025-09-01 14:46:43,904 - Iter  470: loss=-1066.0222, change=2.77e-04, ‖θ[1:]‖₁=5.672, num_selected_knots=163
2025-09-01 14:46:43,977 - Iter  480: loss=-1065.9940, change=4.44e-04, ‖θ[1:]‖₁=5.668, num_selected_knots=159
2025-09-01 14:46:44,049 - Iter  490: loss=-1065.8746, change=2.78e-04, ‖θ[1:]‖₁=5.662, num_selected_knots=155
2025-09-01 14:46:44,121 - Iter  500: loss=-1066.2659, change=2.81e-04, ‖θ[1:]‖₁=5.668, num_selected_knots=153
2025-09-01 14:46:44,193 - Iter  510: loss=-1066.6570, change=2.84e-04, ‖θ[1:]‖₁=5.675, num_selected_knots=149
2025-09-01 14:46:44,265 - Iter  520: loss=-1066.9032, change=2.82e-04, ‖θ[1:]‖₁=5.679, num_selected_knots=148
2025-09-01 14:46:44,337 - Iter  530: loss=-1066.9656, change=2.78e-04, ‖θ[1:]‖₁=5.678, num_selected_knots=148
2025-09-01 14:46:44,409 - Iter  540: loss=-1067.1869, change=3.27e-04, ‖θ[1:]‖₁=5.681, num_selected_knots=145
2025-09-01 14:46:44,481 - Iter  550: loss=-1067.4498, change=6.50e-04, ‖θ[1:]‖₁=5.685, num_selected_knots=144
2025-09-01 14:46:44,554 - Iter  560: loss=-1067.6571, change=4.97e-04, ‖θ[1:]‖₁=5.687, num_selected_knots=135
2025-09-01 14:46:44,626 - Iter  570: loss=-1067.8918, change=2.78e-04, ‖θ[1:]‖₁=5.691, num_selected_knots=138
2025-09-01 14:46:44,698 - Iter  580: loss=-1067.9951, change=5.67e-04, ‖θ[1:]‖₁=5.691, num_selected_knots=134
2025-09-01 14:46:44,770 - Iter  590: loss=-1067.9490, change=2.79e-04, ‖θ[1:]‖₁=5.688, num_selected_knots=134
2025-09-01 14:46:44,843 - Iter  600: loss=-1067.9656, change=2.83e-04, ‖θ[1:]‖₁=5.686, num_selected_knots=133
2025-09-01 14:46:44,915 - Iter  610: loss=-1068.1282, change=3.06e-04, ‖θ[1:]‖₁=5.688, num_selected_knots=134
2025-09-01 14:46:44,987 - Iter  620: loss=-1068.3838, change=4.50e-04, ‖θ[1:]‖₁=5.693, num_selected_knots=136
2025-09-01 14:46:45,059 - Iter  630: loss=-1068.6565, change=6.41e-04, ‖θ[1:]‖₁=5.697, num_selected_knots=124
2025-09-01 14:46:45,132 - Iter  640: loss=-1068.8820, change=4.84e-04, ‖θ[1:]‖₁=5.701, num_selected_knots=117
2025-09-01 14:46:45,205 - Iter  650: loss=-1069.0364, change=2.79e-04, ‖θ[1:]‖₁=5.703, num_selected_knots=115
2025-09-01 14:46:45,276 - Iter  660: loss=-1068.8575, change=3.36e-04, ‖θ[1:]‖₁=5.697, num_selected_knots=117
2025-09-01 14:46:45,349 - Iter  670: loss=-1068.5671, change=5.33e-04, ‖θ[1:]‖₁=5.688, num_selected_knots=111
2025-09-01 14:46:45,421 - Iter  680: loss=-1068.3265, change=6.91e-04, ‖θ[1:]‖₁=5.681, num_selected_knots=108
2025-09-01 14:46:45,493 - Iter  690: loss=-1068.2939, change=2.95e-04, ‖θ[1:]‖₁=5.678, num_selected_knots=108
2025-09-01 14:46:45,566 - Iter  700: loss=-1068.2939, change=2.69e-04, ‖θ[1:]‖₁=5.676, num_selected_knots=108
2025-09-01 14:46:45,638 - Iter  710: loss=-1068.2653, change=2.72e-04, ‖θ[1:]‖₁=5.675, num_selected_knots=106
2025-09-01 14:46:45,710 - Iter  720: loss=-1068.2473, change=2.76e-04, ‖θ[1:]‖₁=5.673, num_selected_knots=106
2025-09-01 14:46:45,782 - Iter  730: loss=-1068.2654, change=4.90e-04, ‖θ[1:]‖₁=5.672, num_selected_knots=103
2025-09-01 14:46:45,855 - Iter  740: loss=-1068.2153, change=2.73e-04, ‖θ[1:]‖₁=5.670, num_selected_knots=108
2025-09-01 14:46:45,927 - Iter  750: loss=-1068.2280, change=2.69e-04, ‖θ[1:]‖₁=5.669, num_selected_knots=112
2025-09-01 14:46:45,999 - Iter  760: loss=-1068.4711, change=2.66e-04, ‖θ[1:]‖₁=5.674, num_selected_knots=111
2025-09-01 14:46:46,071 - Iter  770: loss=-1068.8192, change=2.62e-04, ‖θ[1:]‖₁=5.681, num_selected_knots=108
2025-09-01 14:46:46,143 - Iter  780: loss=-1069.1145, change=2.56e-04, ‖θ[1:]‖₁=5.687, num_selected_knots=100
2025-09-01 14:46:46,251 - Iter  790: loss=-1069.2522, change=3.35e-04, ‖θ[1:]‖₁=5.690, num_selected_knots=95
2025-09-01 14:46:46,324 - Iter  800: loss=-1069.2439, change=4.17e-04, ‖θ[1:]‖₁=5.688, num_selected_knots=93
2025-09-01 14:46:46,396 - Iter  810: loss=-1069.1399, change=2.79e-04, ‖θ[1:]‖₁=5.685, num_selected_knots=94
2025-09-01 14:46:46,469 - Iter  820: loss=-1069.0161, change=2.59e-04, ‖θ[1:]‖₁=5.680, num_selected_knots=95
2025-09-01 14:46:46,541 - Iter  830: loss=-1068.9227, change=2.66e-04, ‖θ[1:]‖₁=5.677, num_selected_knots=96
2025-09-01 14:46:46,614 - Iter  840: loss=-1068.9873, change=4.07e-04, ‖θ[1:]‖₁=5.677, num_selected_knots=93
2025-09-01 14:46:46,687 - Iter  850: loss=-1069.1509, change=6.23e-04, ‖θ[1:]‖₁=5.680, num_selected_knots=87
2025-09-01 14:46:46,760 - Iter  860: loss=-1069.2771, change=4.28e-04, ‖θ[1:]‖₁=5.682, num_selected_knots=93
2025-09-01 14:46:46,832 - Iter  870: loss=-1069.3315, change=2.65e-04, ‖θ[1:]‖₁=5.683, num_selected_knots=91
2025-09-01 14:46:46,905 - Iter  880: loss=-1069.3267, change=2.61e-04, ‖θ[1:]‖₁=5.682, num_selected_knots=91
2025-09-01 14:46:46,978 - Iter  890: loss=-1069.3026, change=2.58e-04, ‖θ[1:]‖₁=5.680, num_selected_knots=88
2025-09-01 14:46:47,050 - Iter  900: loss=-1069.3202, change=2.57e-04, ‖θ[1:]‖₁=5.679, num_selected_knots=86
2025-09-01 14:46:47,123 - Iter  910: loss=-1069.3887, change=2.64e-04, ‖θ[1:]‖₁=5.680, num_selected_knots=86
2025-09-01 14:46:47,196 - Iter  920: loss=-1069.5129, change=2.72e-04, ‖θ[1:]‖₁=5.682, num_selected_knots=88
2025-09-01 14:46:47,268 - Iter  930: loss=-1069.7294, change=2.80e-04, ‖θ[1:]‖₁=5.686, num_selected_knots=88
2025-09-01 14:46:47,341 - Iter  940: loss=-1069.8463, change=2.80e-04, ‖θ[1:]‖₁=5.688, num_selected_knots=88
2025-09-01 14:46:47,413 - Iter  950: loss=-1069.9269, change=2.79e-04, ‖θ[1:]‖₁=5.689, num_selected_knots=88
2025-09-01 14:46:47,486 - Iter  960: loss=-1069.9971, change=2.81e-04, ‖θ[1:]‖₁=5.690, num_selected_knots=85
2025-09-01 14:46:47,561 - Iter  970: loss=-1070.1862, change=2.84e-04, ‖θ[1:]‖₁=5.693, num_selected_knots=84
2025-09-01 14:46:47,634 - Iter  980: loss=-1070.3904, change=4.94e-04, ‖θ[1:]‖₁=5.698, num_selected_knots=84
2025-09-01 14:46:47,707 - Iter  990: loss=-1070.7759, change=2.71e-04, ‖θ[1:]‖₁=5.706, num_selected_knots=83
2025-09-01 14:46:47,780 - Iter 1000: loss=-1071.1101, change=2.63e-04, ‖θ[1:]‖₁=5.714, num_selected_knots=79
2025-09-01 14:46:47,853 - Iter 1010: loss=-1071.3003, change=2.56e-04, ‖θ[1:]‖₁=5.718, num_selected_knots=77
2025-09-01 14:46:47,926 - Iter 1020: loss=-1071.3230, change=2.61e-04, ‖θ[1:]‖₁=5.718, num_selected_knots=74
2025-09-01 14:46:47,999 - Iter 1030: loss=-1071.2927, change=2.72e-04, ‖θ[1:]‖₁=5.717, num_selected_knots=78
2025-09-01 14:46:48,071 - Iter 1040: loss=-1071.2662, change=2.41e-04, ‖θ[1:]‖₁=5.716, num_selected_knots=79
2025-09-01 14:46:48,143 - Iter 1050: loss=-1071.2837, change=2.38e-04, ‖θ[1:]‖₁=5.715, num_selected_knots=77
2025-09-01 14:46:48,216 - Iter 1060: loss=-1071.2789, change=2.36e-04, ‖θ[1:]‖₁=5.715, num_selected_knots=90
2025-09-01 14:46:48,289 - Iter 1070: loss=-1071.2566, change=2.33e-04, ‖θ[1:]‖₁=5.714, num_selected_knots=86
2025-09-01 14:46:48,362 - Iter 1080: loss=-1071.1991, change=2.26e-04, ‖θ[1:]‖₁=5.712, num_selected_knots=77
2025-09-01 14:46:48,436 - Iter 1090: loss=-1071.1013, change=3.29e-04, ‖θ[1:]‖₁=5.709, num_selected_knots=73
2025-09-01 14:46:48,508 - Iter 1100: loss=-1070.9009, change=2.78e-04, ‖θ[1:]‖₁=5.704, num_selected_knots=82
2025-09-01 14:46:48,580 - Iter 1110: loss=-1070.7374, change=2.10e-04, ‖θ[1:]‖₁=5.699, num_selected_knots=77
2025-09-01 14:46:48,653 - Iter 1120: loss=-1070.5825, change=2.93e-04, ‖θ[1:]‖₁=5.695, num_selected_knots=84
2025-09-01 14:46:48,726 - Iter 1130: loss=-1070.4352, change=3.40e-04, ‖θ[1:]‖₁=5.691, num_selected_knots=78
2025-09-01 14:46:48,799 - Iter 1140: loss=-1070.3362, change=2.05e-04, ‖θ[1:]‖₁=5.688, num_selected_knots=72
2025-09-01 14:46:48,872 - Iter 1150: loss=-1070.2721, change=2.06e-04, ‖θ[1:]‖₁=5.686, num_selected_knots=67
2025-09-01 14:46:48,945 - Iter 1160: loss=-1070.2300, change=2.08e-04, ‖θ[1:]‖₁=5.684, num_selected_knots=64
2025-09-01 14:46:49,018 - Iter 1170: loss=-1070.2306, change=2.09e-04, ‖θ[1:]‖₁=5.684, num_selected_knots=63
2025-09-01 14:46:49,092 - Iter 1180: loss=-1070.2478, change=2.10e-04, ‖θ[1:]‖₁=5.684, num_selected_knots=63
2025-09-01 14:46:49,165 - Iter 1190: loss=-1070.2778, change=2.11e-04, ‖θ[1:]‖₁=5.684, num_selected_knots=64
2025-09-01 14:46:49,238 - Iter 1200: loss=-1070.3535, change=2.10e-04, ‖θ[1:]‖₁=5.686, num_selected_knots=62
2025-09-01 14:46:49,311 - Iter 1210: loss=-1070.5386, change=2.26e-04, ‖θ[1:]‖₁=5.690, num_selected_knots=61
2025-09-01 14:46:49,383 - Iter 1220: loss=-1070.7573, change=2.51e-04, ‖θ[1:]‖₁=5.695, num_selected_knots=60
2025-09-01 14:46:49,456 - Iter 1230: loss=-1070.9224, change=2.00e-04, ‖θ[1:]‖₁=5.699, num_selected_knots=59
2025-09-01 14:46:49,529 - Iter 1240: loss=-1071.0942, change=3.12e-04, ‖θ[1:]‖₁=5.703, num_selected_knots=59
2025-09-01 14:46:49,602 - Iter 1250: loss=-1071.1951, change=2.08e-04, ‖θ[1:]‖₁=5.705, num_selected_knots=58
2025-09-01 14:46:49,675 - Iter 1260: loss=-1071.1996, change=2.15e-04, ‖θ[1:]‖₁=5.705, num_selected_knots=58
2025-09-01 14:46:49,748 - Iter 1270: loss=-1071.1431, change=2.24e-04, ‖θ[1:]‖₁=5.703, num_selected_knots=57
2025-09-01 14:46:49,821 - Iter 1280: loss=-1071.0468, change=2.30e-04, ‖θ[1:]‖₁=5.700, num_selected_knots=57
2025-09-01 14:46:49,894 - Iter 1290: loss=-1070.9426, change=2.33e-04, ‖θ[1:]‖₁=5.697, num_selected_knots=57
2025-09-01 14:46:49,967 - Iter 1300: loss=-1070.8406, change=2.33e-04, ‖θ[1:]‖₁=5.694, num_selected_knots=57
2025-09-01 14:46:50,040 - Iter 1310: loss=-1070.7444, change=2.30e-04, ‖θ[1:]‖₁=5.692, num_selected_knots=58
2025-09-01 14:46:50,113 - Iter 1320: loss=-1070.6534, change=2.24e-04, ‖θ[1:]‖₁=5.689, num_selected_knots=61
2025-09-01 14:46:50,186 - Iter 1330: loss=-1070.5715, change=2.16e-04, ‖θ[1:]‖₁=5.687, num_selected_knots=61
2025-09-01 14:46:50,259 - Iter 1340: loss=-1070.5011, change=2.17e-04, ‖θ[1:]‖₁=5.685, num_selected_knots=62
2025-09-01 14:46:50,332 - Iter 1350: loss=-1070.5076, change=3.01e-04, ‖θ[1:]‖₁=5.684, num_selected_knots=64
2025-09-01 14:46:50,405 - Iter 1360: loss=-1070.5509, change=2.53e-04, ‖θ[1:]‖₁=5.685, num_selected_knots=65
2025-09-01 14:46:50,478 - Iter 1370: loss=-1070.6011, change=2.21e-04, ‖θ[1:]‖₁=5.686, num_selected_knots=63
2025-09-01 14:46:50,550 - Iter 1380: loss=-1070.6694, change=2.20e-04, ‖θ[1:]‖₁=5.687, num_selected_knots=63
2025-09-01 14:46:50,623 - Iter 1390: loss=-1070.7633, change=2.15e-04, ‖θ[1:]‖₁=5.689, num_selected_knots=62
2025-09-01 14:46:50,696 - Iter 1400: loss=-1070.9468, change=2.17e-04, ‖θ[1:]‖₁=5.694, num_selected_knots=62
2025-09-01 14:46:50,768 - Iter 1410: loss=-1071.1299, change=2.06e-04, ‖θ[1:]‖₁=5.698, num_selected_knots=60
2025-09-01 14:46:50,841 - Iter 1420: loss=-1071.2780, change=2.12e-04, ‖θ[1:]‖₁=5.701, num_selected_knots=59
2025-09-01 14:46:50,914 - Iter 1430: loss=-1071.3684, change=2.21e-04, ‖θ[1:]‖₁=5.703, num_selected_knots=59
2025-09-01 14:46:50,986 - Iter 1440: loss=-1071.3730, change=2.32e-04, ‖θ[1:]‖₁=5.703, num_selected_knots=59
2025-09-01 14:46:51,059 - Iter 1450: loss=-1071.3027, change=2.42e-04, ‖θ[1:]‖₁=5.701, num_selected_knots=57
2025-09-01 14:46:51,132 - Iter 1460: loss=-1071.1941, change=2.51e-04, ‖θ[1:]‖₁=5.698, num_selected_knots=56
2025-09-01 14:46:51,205 - Iter 1470: loss=-1071.0569, change=2.57e-04, ‖θ[1:]‖₁=5.694, num_selected_knots=57
2025-09-01 14:46:51,277 - Iter 1480: loss=-1070.9111, change=2.61e-04, ‖θ[1:]‖₁=5.690, num_selected_knots=58
2025-09-01 14:46:51,351 - Iter 1490: loss=-1070.7924, change=2.62e-04, ‖θ[1:]‖₁=5.687, num_selected_knots=56
2025-09-01 14:46:51,425 - Iter 1500: loss=-1070.7706, change=2.63e-04, ‖θ[1:]‖₁=5.686, num_selected_knots=56
2025-09-01 14:46:51,498 - Iter 1510: loss=-1070.7798, change=2.64e-04, ‖θ[1:]‖₁=5.686, num_selected_knots=57
2025-09-01 14:46:51,571 - Iter 1520: loss=-1070.8092, change=2.66e-04, ‖θ[1:]‖₁=5.687, num_selected_knots=55
2025-09-01 14:46:51,644 - Iter 1530: loss=-1070.8762, change=2.69e-04, ‖θ[1:]‖₁=5.688, num_selected_knots=56
2025-09-01 14:46:51,716 - Iter 1540: loss=-1070.9797, change=2.88e-04, ‖θ[1:]‖₁=5.691, num_selected_knots=55
2025-09-01 14:46:51,789 - Iter 1550: loss=-1071.1641, change=2.69e-04, ‖θ[1:]‖₁=5.695, num_selected_knots=56
2025-09-01 14:46:51,861 - Iter 1560: loss=-1071.3501, change=2.67e-04, ‖θ[1:]‖₁=5.699, num_selected_knots=57
2025-09-01 14:46:51,934 - Iter 1570: loss=-1071.6326, change=2.68e-04, ‖θ[1:]‖₁=5.706, num_selected_knots=61
2025-09-01 14:46:52,006 - Iter 1580: loss=-1071.8853, change=2.75e-04, ‖θ[1:]‖₁=5.712, num_selected_knots=60
2025-09-01 14:46:52,079 - Iter 1590: loss=-1072.0389, change=2.80e-04, ‖θ[1:]‖₁=5.716, num_selected_knots=57
2025-09-01 14:46:52,152 - Iter 1600: loss=-1072.0929, change=2.80e-04, ‖θ[1:]‖₁=5.717, num_selected_knots=54
2025-09-01 14:46:52,224 - Iter 1610: loss=-1072.0819, change=2.79e-04, ‖θ[1:]‖₁=5.717, num_selected_knots=52
2025-09-01 14:46:52,297 - Iter 1620: loss=-1072.0017, change=2.79e-04, ‖θ[1:]‖₁=5.714, num_selected_knots=52
2025-09-01 14:46:52,370 - Iter 1630: loss=-1071.8757, change=2.77e-04, ‖θ[1:]‖₁=5.711, num_selected_knots=51
2025-09-01 14:46:52,443 - Iter 1640: loss=-1071.7876, change=2.71e-04, ‖θ[1:]‖₁=5.709, num_selected_knots=53
2025-09-01 14:46:52,516 - Iter 1650: loss=-1071.7493, change=2.62e-04, ‖θ[1:]‖₁=5.707, num_selected_knots=54
2025-09-01 14:46:52,590 - Iter 1660: loss=-1071.7069, change=2.55e-04, ‖θ[1:]‖₁=5.706, num_selected_knots=53
2025-09-01 14:46:52,663 - Iter 1670: loss=-1071.7648, change=2.23e-04, ‖θ[1:]‖₁=5.708, num_selected_knots=60
2025-09-01 14:46:52,736 - Iter 1680: loss=-1071.7965, change=2.32e-04, ‖θ[1:]‖₁=5.708, num_selected_knots=58
2025-09-01 14:46:52,809 - Iter 1690: loss=-1071.7567, change=2.31e-04, ‖θ[1:]‖₁=5.707, num_selected_knots=62
2025-09-01 14:46:52,881 - Iter 1700: loss=-1071.6572, change=2.24e-04, ‖θ[1:]‖₁=5.704, num_selected_knots=61
2025-09-01 14:46:52,954 - Iter 1710: loss=-1071.5283, change=2.64e-04, ‖θ[1:]‖₁=5.701, num_selected_knots=61
2025-09-01 14:46:53,027 - Iter 1720: loss=-1071.4414, change=2.32e-04, ‖θ[1:]‖₁=5.699, num_selected_knots=68
2025-09-01 14:46:53,100 - Iter 1730: loss=-1071.3805, change=2.42e-04, ‖θ[1:]‖₁=5.697, num_selected_knots=62
2025-09-01 14:46:53,173 - Iter 1740: loss=-1071.4121, change=2.46e-04, ‖θ[1:]‖₁=5.698, num_selected_knots=58
2025-09-01 14:46:53,246 - Iter 1750: loss=-1071.4938, change=2.46e-04, ‖θ[1:]‖₁=5.699, num_selected_knots=57
2025-09-01 14:46:53,318 - Iter 1760: loss=-1071.5836, change=2.45e-04, ‖θ[1:]‖₁=5.701, num_selected_knots=57
2025-09-01 14:46:53,391 - Iter 1770: loss=-1071.6677, change=2.51e-04, ‖θ[1:]‖₁=5.704, num_selected_knots=56
2025-09-01 14:46:53,464 - Iter 1780: loss=-1071.8564, change=2.56e-04, ‖θ[1:]‖₁=5.708, num_selected_knots=60
2025-09-01 14:46:53,537 - Iter 1790: loss=-1072.0032, change=2.59e-04, ‖θ[1:]‖₁=5.712, num_selected_knots=59
2025-09-01 14:46:53,609 - Iter 1800: loss=-1072.0684, change=2.64e-04, ‖θ[1:]‖₁=5.713, num_selected_knots=60
2025-09-01 14:46:53,682 - Iter 1810: loss=-1072.0975, change=2.68e-04, ‖θ[1:]‖₁=5.714, num_selected_knots=55
2025-09-01 14:46:53,755 - Iter 1820: loss=-1072.1522, change=2.71e-04, ‖θ[1:]‖₁=5.715, num_selected_knots=55
2025-09-01 14:46:53,828 - Iter 1830: loss=-1072.2061, change=2.73e-04, ‖θ[1:]‖₁=5.716, num_selected_knots=54
2025-09-01 14:46:53,900 - Iter 1840: loss=-1072.2401, change=2.73e-04, ‖θ[1:]‖₁=5.717, num_selected_knots=55
2025-09-01 14:46:53,974 - Iter 1850: loss=-1072.3259, change=2.71e-04, ‖θ[1:]‖₁=5.719, num_selected_knots=54
2025-09-01 14:46:54,047 - Iter 1860: loss=-1072.3953, change=2.67e-04, ‖θ[1:]‖₁=5.721, num_selected_knots=54
2025-09-01 14:46:54,120 - Iter 1870: loss=-1072.4072, change=2.60e-04, ‖θ[1:]‖₁=5.721, num_selected_knots=54
2025-09-01 14:46:54,193 - Iter 1880: loss=-1072.3469, change=2.51e-04, ‖θ[1:]‖₁=5.720, num_selected_knots=54
2025-09-01 14:46:54,267 - Iter 1890: loss=-1072.2256, change=2.42e-04, ‖θ[1:]‖₁=5.717, num_selected_knots=53
2025-09-01 14:46:54,340 - Iter 1900: loss=-1072.0492, change=2.89e-04, ‖θ[1:]‖₁=5.712, num_selected_knots=52
2025-09-01 14:46:54,413 - Iter 1910: loss=-1071.8743, change=2.46e-04, ‖θ[1:]‖₁=5.708, num_selected_knots=50
2025-09-01 14:46:54,486 - Iter 1920: loss=-1071.7078, change=2.65e-04, ‖θ[1:]‖₁=5.703, num_selected_knots=50
2025-09-01 14:46:54,561 - Iter 1930: loss=-1071.5425, change=3.10e-04, ‖θ[1:]‖₁=5.699, num_selected_knots=52
2025-09-01 14:46:54,634 - Iter 1940: loss=-1071.3811, change=2.89e-04, ‖θ[1:]‖₁=5.695, num_selected_knots=54
2025-09-01 14:46:54,707 - Iter 1950: loss=-1071.2325, change=2.16e-04, ‖θ[1:]‖₁=5.692, num_selected_knots=55
2025-09-01 14:46:54,781 - Iter 1960: loss=-1071.1205, change=2.17e-04, ‖θ[1:]‖₁=5.689, num_selected_knots=54
2025-09-01 14:46:54,855 - Iter 1970: loss=-1071.0415, change=2.18e-04, ‖θ[1:]‖₁=5.687, num_selected_knots=53
2025-09-01 14:46:54,927 - Iter 1980: loss=-1070.9800, change=2.16e-04, ‖θ[1:]‖₁=5.685, num_selected_knots=55
2025-09-01 14:46:55,000 - Iter 1990: loss=-1070.9502, change=2.13e-04, ‖θ[1:]‖₁=5.684, num_selected_knots=54
2025-09-01 14:46:55,074 - Iter 2000: loss=-1070.9567, change=2.10e-04, ‖θ[1:]‖₁=5.684, num_selected_knots=54
2025-09-01 14:46:55,147 - Iter 2010: loss=-1070.9900, change=2.05e-04, ‖θ[1:]‖₁=5.685, num_selected_knots=53
2025-09-01 14:46:55,221 - Iter 2020: loss=-1071.0615, change=1.99e-04, ‖θ[1:]‖₁=5.687, num_selected_knots=52
2025-09-01 14:46:55,293 - Iter 2030: loss=-1071.1718, change=1.93e-04, ‖θ[1:]‖₁=5.690, num_selected_knots=52
2025-09-01 14:46:55,366 - Iter 2040: loss=-1071.3079, change=1.85e-04, ‖θ[1:]‖₁=5.693, num_selected_knots=51
2025-09-01 14:46:55,440 - Iter 2050: loss=-1071.4542, change=1.77e-04, ‖θ[1:]‖₁=5.697, num_selected_knots=49
2025-09-01 14:46:55,513 - Iter 2060: loss=-1071.5981, change=1.70e-04, ‖θ[1:]‖₁=5.700, num_selected_knots=50
2025-09-01 14:46:55,586 - Iter 2070: loss=-1071.7059, change=1.62e-04, ‖θ[1:]‖₁=5.703, num_selected_knots=49
2025-09-01 14:46:55,658 - Iter 2080: loss=-1071.7672, change=1.54e-04, ‖θ[1:]‖₁=5.704, num_selected_knots=48
2025-09-01 14:46:55,731 - Iter 2090: loss=-1071.7767, change=1.47e-04, ‖θ[1:]‖₁=5.705, num_selected_knots=47
2025-09-01 14:46:55,804 - Iter 2100: loss=-1071.7389, change=1.44e-04, ‖θ[1:]‖₁=5.704, num_selected_knots=46
2025-09-01 14:46:55,877 - Iter 2110: loss=-1071.6597, change=1.48e-04, ‖θ[1:]‖₁=5.702, num_selected_knots=46
2025-09-01 14:46:55,950 - Iter 2120: loss=-1071.5514, change=1.50e-04, ‖θ[1:]‖₁=5.699, num_selected_knots=48
2025-09-01 14:46:56,023 - Iter 2130: loss=-1071.4312, change=1.51e-04, ‖θ[1:]‖₁=5.696, num_selected_knots=48
2025-09-01 14:46:56,096 - Iter 2140: loss=-1071.3125, change=1.51e-04, ‖θ[1:]‖₁=5.693, num_selected_knots=48
2025-09-01 14:46:56,169 - Iter 2150: loss=-1071.2118, change=1.53e-04, ‖θ[1:]‖₁=5.690, num_selected_knots=49
2025-09-01 14:46:56,241 - Iter 2160: loss=-1071.1335, change=1.55e-04, ‖θ[1:]‖₁=5.688, num_selected_knots=49
2025-09-01 14:46:56,314 - Iter 2170: loss=-1071.0820, change=1.57e-04, ‖θ[1:]‖₁=5.687, num_selected_knots=49
2025-09-01 14:46:56,387 - Iter 2180: loss=-1071.0607, change=1.58e-04, ‖θ[1:]‖₁=5.686, num_selected_knots=50
2025-09-01 14:46:56,460 - Iter 2190: loss=-1071.0657, change=1.59e-04, ‖θ[1:]‖₁=5.687, num_selected_knots=50
2025-09-01 14:46:56,533 - Iter 2200: loss=-1071.0999, change=1.60e-04, ‖θ[1:]‖₁=5.687, num_selected_knots=50
2025-09-01 14:46:56,606 - Iter 2210: loss=-1071.1627, change=1.61e-04, ‖θ[1:]‖₁=5.689, num_selected_knots=50
2025-09-01 14:46:56,678 - Iter 2220: loss=-1071.2498, change=1.61e-04, ‖θ[1:]‖₁=5.691, num_selected_knots=49
2025-09-01 14:46:56,751 - Iter 2230: loss=-1071.3665, change=1.61e-04, ‖θ[1:]‖₁=5.694, num_selected_knots=50
2025-09-01 14:46:56,824 - Iter 2240: loss=-1071.4926, change=1.60e-04, ‖θ[1:]‖₁=5.697, num_selected_knots=50
2025-09-01 14:46:56,897 - Iter 2250: loss=-1071.6169, change=1.58e-04, ‖θ[1:]‖₁=5.700, num_selected_knots=49
2025-09-01 14:46:56,970 - Iter 2260: loss=-1071.7371, change=1.55e-04, ‖θ[1:]‖₁=5.703, num_selected_knots=49
2025-09-01 14:46:57,042 - Iter 2270: loss=-1071.8365, change=1.52e-04, ‖θ[1:]‖₁=5.706, num_selected_knots=48
2025-09-01 14:46:57,115 - Iter 2280: loss=-1071.9139, change=1.48e-04, ‖θ[1:]‖₁=5.708, num_selected_knots=48
2025-09-01 14:46:57,188 - Iter 2290: loss=-1071.9611, change=1.44e-04, ‖θ[1:]‖₁=5.709, num_selected_knots=47
2025-09-01 14:46:57,261 - Iter 2300: loss=-1071.9779, change=1.39e-04, ‖θ[1:]‖₁=5.709, num_selected_knots=47
2025-09-01 14:46:57,334 - Iter 2310: loss=-1071.9695, change=1.35e-04, ‖θ[1:]‖₁=5.709, num_selected_knots=47
2025-09-01 14:46:57,406 - Iter 2320: loss=-1071.9375, change=1.30e-04, ‖θ[1:]‖₁=5.708, num_selected_knots=47
2025-09-01 14:46:57,480 - Iter 2330: loss=-1071.8918, change=1.25e-04, ‖θ[1:]‖₁=5.707, num_selected_knots=47
2025-09-01 14:46:57,554 - Iter 2340: loss=-1071.8390, change=1.22e-04, ‖θ[1:]‖₁=5.706, num_selected_knots=48
2025-09-01 14:46:57,628 - Iter 2350: loss=-1071.7804, change=1.21e-04, ‖θ[1:]‖₁=5.704, num_selected_knots=48
2025-09-01 14:46:57,701 - Iter 2360: loss=-1071.7224, change=1.23e-04, ‖θ[1:]‖₁=5.703, num_selected_knots=47
2025-09-01 14:46:57,775 - Iter 2370: loss=-1071.6653, change=1.25e-04, ‖θ[1:]‖₁=5.701, num_selected_knots=47
2025-09-01 14:46:57,848 - Iter 2380: loss=-1071.6182, change=1.26e-04, ‖θ[1:]‖₁=5.700, num_selected_knots=47
2025-09-01 14:46:57,921 - Iter 2390: loss=-1071.6062, change=1.27e-04, ‖θ[1:]‖₁=5.700, num_selected_knots=47
2025-09-01 14:46:57,994 - Iter 2400: loss=-1071.5930, change=1.27e-04, ‖θ[1:]‖₁=5.699, num_selected_knots=47
2025-09-01 14:46:58,067 - Iter 2410: loss=-1071.5801, change=1.28e-04, ‖θ[1:]‖₁=5.699, num_selected_knots=47
2025-09-01 14:46:58,140 - Iter 2420: loss=-1071.5677, change=1.28e-04, ‖θ[1:]‖₁=5.699, num_selected_knots=47
2025-09-01 14:46:58,214 - Iter 2430: loss=-1071.5574, change=1.28e-04, ‖θ[1:]‖₁=5.698, num_selected_knots=47
2025-09-01 14:46:58,287 - Iter 2440: loss=-1071.5515, change=1.28e-04, ‖θ[1:]‖₁=5.698, num_selected_knots=47
2025-09-01 14:46:58,360 - Iter 2450: loss=-1071.5479, change=1.29e-04, ‖θ[1:]‖₁=5.698, num_selected_knots=47
2025-09-01 14:46:58,433 - Iter 2460: loss=-1071.5448, change=1.28e-04, ‖θ[1:]‖₁=5.698, num_selected_knots=47
2025-09-01 14:46:58,506 - Iter 2470: loss=-1071.5387, change=1.28e-04, ‖θ[1:]‖₁=5.698, num_selected_knots=47
2025-09-01 14:46:58,579 - Iter 2480: loss=-1071.5259, change=1.27e-04, ‖θ[1:]‖₁=5.698, num_selected_knots=47
2025-09-01 14:46:58,652 - Iter 2490: loss=-1071.5035, change=1.26e-04, ‖θ[1:]‖₁=5.697, num_selected_knots=47
2025-09-01 14:46:58,725 - Iter 2500: loss=-1071.4741, change=1.24e-04, ‖θ[1:]‖₁=5.696, num_selected_knots=47
2025-09-01 14:46:58,798 - Iter 2510: loss=-1071.4365, change=1.22e-04, ‖θ[1:]‖₁=5.695, num_selected_knots=47
2025-09-01 14:46:58,871 - Iter 2520: loss=-1071.3960, change=1.19e-04, ‖θ[1:]‖₁=5.694, num_selected_knots=47
2025-09-01 14:46:58,944 - Iter 2530: loss=-1071.3606, change=1.16e-04, ‖θ[1:]‖₁=5.693, num_selected_knots=47
2025-09-01 14:46:59,017 - Iter 2540: loss=-1071.3324, change=1.19e-04, ‖θ[1:]‖₁=5.693, num_selected_knots=46
2025-09-01 14:46:59,091 - Iter 2550: loss=-1071.3254, change=1.23e-04, ‖θ[1:]‖₁=5.693, num_selected_knots=45
2025-09-01 14:46:59,164 - Iter 2560: loss=-1071.3403, change=1.26e-04, ‖θ[1:]‖₁=5.693, num_selected_knots=45
2025-09-01 14:46:59,238 - Iter 2570: loss=-1071.3698, change=1.30e-04, ‖θ[1:]‖₁=5.694, num_selected_knots=45
2025-09-01 14:46:59,312 - Iter 2580: loss=-1071.4106, change=1.33e-04, ‖θ[1:]‖₁=5.695, num_selected_knots=45
2025-09-01 14:46:59,389 - Iter 2590: loss=-1071.4602, change=1.37e-04, ‖θ[1:]‖₁=5.696, num_selected_knots=45
2025-09-01 14:46:59,464 - Iter 2600: loss=-1071.5125, change=1.40e-04, ‖θ[1:]‖₁=5.697, num_selected_knots=45
2025-09-01 14:46:59,538 - Iter 2610: loss=-1071.5635, change=1.43e-04, ‖θ[1:]‖₁=5.698, num_selected_knots=45
2025-09-01 14:46:59,612 - Iter 2620: loss=-1071.6091, change=1.45e-04, ‖θ[1:]‖₁=5.700, num_selected_knots=45
2025-09-01 14:46:59,686 - Iter 2630: loss=-1071.6514, change=1.47e-04, ‖θ[1:]‖₁=5.701, num_selected_knots=45
2025-09-01 14:46:59,760 - Iter 2640: loss=-1071.6855, change=1.49e-04, ‖θ[1:]‖₁=5.701, num_selected_knots=45
2025-09-01 14:46:59,834 - Iter 2650: loss=-1071.7175, change=1.50e-04, ‖θ[1:]‖₁=5.702, num_selected_knots=45
2025-09-01 14:46:59,908 - Iter 2660: loss=-1071.7446, change=1.51e-04, ‖θ[1:]‖₁=5.703, num_selected_knots=45
2025-09-01 14:46:59,981 - Iter 2670: loss=-1071.7705, change=1.52e-04, ‖θ[1:]‖₁=5.703, num_selected_knots=45
2025-09-01 14:47:00,054 - Iter 2680: loss=-1071.7920, change=1.52e-04, ‖θ[1:]‖₁=5.704, num_selected_knots=45
2025-09-01 14:47:00,128 - Iter 2690: loss=-1071.8108, change=1.52e-04, ‖θ[1:]‖₁=5.704, num_selected_knots=45
2025-09-01 14:47:00,201 - Iter 2700: loss=-1071.8228, change=1.52e-04, ‖θ[1:]‖₁=5.705, num_selected_knots=45
2025-09-01 14:47:00,275 - Iter 2710: loss=-1071.8290, change=1.51e-04, ‖θ[1:]‖₁=5.705, num_selected_knots=45
2025-09-01 14:47:00,348 - Iter 2720: loss=-1071.8298, change=1.51e-04, ‖θ[1:]‖₁=5.705, num_selected_knots=45
2025-09-01 14:47:00,422 - Iter 2730: loss=-1071.8281, change=1.50e-04, ‖θ[1:]‖₁=5.705, num_selected_knots=45
2025-09-01 14:47:00,495 - Iter 2740: loss=-1071.8259, change=1.49e-04, ‖θ[1:]‖₁=5.705, num_selected_knots=45
2025-09-01 14:47:00,569 - Iter 2750: loss=-1071.8275, change=1.49e-04, ‖θ[1:]‖₁=5.705, num_selected_knots=45
2025-09-01 14:47:00,642 - Iter 2760: loss=-1071.8378, change=1.48e-04, ‖θ[1:]‖₁=5.705, num_selected_knots=45
2025-09-01 14:47:00,715 - Iter 2770: loss=-1071.8572, change=1.47e-04, ‖θ[1:]‖₁=5.706, num_selected_knots=45
2025-09-01 14:47:00,788 - Iter 2780: loss=-1071.8853, change=1.46e-04, ‖θ[1:]‖₁=5.706, num_selected_knots=46
2025-09-01 14:47:00,861 - Iter 2790: loss=-1071.9230, change=1.45e-04, ‖θ[1:]‖₁=5.707, num_selected_knots=46
2025-09-01 14:47:00,934 - Iter 2800: loss=-1071.9890, change=1.43e-04, ‖θ[1:]‖₁=5.709, num_selected_knots=46
2025-09-01 14:47:01,008 - Iter 2810: loss=-1072.0620, change=1.41e-04, ‖θ[1:]‖₁=5.711, num_selected_knots=45
2025-09-01 14:47:01,080 - Iter 2820: loss=-1072.1438, change=1.38e-04, ‖θ[1:]‖₁=5.713, num_selected_knots=44
2025-09-01 14:47:01,153 - Iter 2830: loss=-1072.2124, change=1.35e-04, ‖θ[1:]‖₁=5.714, num_selected_knots=43
2025-09-01 14:47:01,226 - Iter 2840: loss=-1072.2615, change=1.32e-04, ‖θ[1:]‖₁=5.716, num_selected_knots=43
2025-09-01 14:47:01,299 - Iter 2850: loss=-1072.2887, change=1.28e-04, ‖θ[1:]‖₁=5.716, num_selected_knots=44
2025-09-01 14:47:01,372 - Iter 2860: loss=-1072.2985, change=1.24e-04, ‖θ[1:]‖₁=5.717, num_selected_knots=44
2025-09-01 14:47:01,446 - Iter 2870: loss=-1072.2944, change=1.20e-04, ‖θ[1:]‖₁=5.716, num_selected_knots=44
2025-09-01 14:47:01,519 - Iter 2880: loss=-1072.2821, change=1.16e-04, ‖θ[1:]‖₁=5.716, num_selected_knots=44
2025-09-01 14:47:01,593 - Iter 2890: loss=-1072.2603, change=1.12e-04, ‖θ[1:]‖₁=5.716, num_selected_knots=44
2025-09-01 14:47:01,665 - Iter 2900: loss=-1072.2305, change=1.09e-04, ‖θ[1:]‖₁=5.715, num_selected_knots=44
2025-09-01 14:47:01,738 - Iter 2910: loss=-1072.1895, change=1.05e-04, ‖θ[1:]‖₁=5.714, num_selected_knots=45
2025-09-01 14:47:01,811 - Iter 2920: loss=-1072.1320, change=1.02e-04, ‖θ[1:]‖₁=5.712, num_selected_knots=45
2025-09-01 14:47:01,884 - Iter 2930: loss=-1072.0599, change=9.91e-05, ‖θ[1:]‖₁=5.711, num_selected_knots=45
2025-09-01 14:47:01,957 - Iter 2940: loss=-1071.9739, change=9.66e-05, ‖θ[1:]‖₁=5.708, num_selected_knots=46
2025-09-01 14:47:02,029 - Iter 2950: loss=-1071.8811, change=9.47e-05, ‖θ[1:]‖₁=5.706, num_selected_knots=46
2025-09-01 14:47:02,102 - Iter 2960: loss=-1071.7883, change=9.30e-05, ‖θ[1:]‖₁=5.704, num_selected_knots=46
2025-09-01 14:47:02,175 - Iter 2970: loss=-1071.7063, change=9.18e-05, ‖θ[1:]‖₁=5.702, num_selected_knots=46
2025-09-01 14:47:02,248 - Iter 2980: loss=-1071.6415, change=9.10e-05, ‖θ[1:]‖₁=5.700, num_selected_knots=46
2025-09-01 14:47:02,321 - Iter 2990: loss=-1071.5984, change=9.05e-05, ‖θ[1:]‖₁=5.699, num_selected_knots=47
2025-09-01 14:47:02,396 - Iter 3000: loss=-1071.5781, change=9.02e-05, ‖θ[1:]‖₁=5.698, num_selected_knots=47
2025-09-01 14:47:02,472 - Iter 3010: loss=-1071.5762, change=8.99e-05, ‖θ[1:]‖₁=5.698, num_selected_knots=47
2025-09-01 14:47:02,546 - Iter 3020: loss=-1071.5856, change=8.97e-05, ‖θ[1:]‖₁=5.699, num_selected_knots=47
2025-09-01 14:47:02,621 - Iter 3030: loss=-1071.6006, change=8.96e-05, ‖θ[1:]‖₁=5.699, num_selected_knots=47
2025-09-01 14:47:02,694 - Iter 3040: loss=-1071.6169, change=8.93e-05, ‖θ[1:]‖₁=5.699, num_selected_knots=47
2025-09-01 14:47:02,767 - Iter 3050: loss=-1071.6287, change=8.90e-05, ‖θ[1:]‖₁=5.700, num_selected_knots=47
2025-09-01 14:47:02,841 - Iter 3060: loss=-1071.6376, change=8.87e-05, ‖θ[1:]‖₁=5.700, num_selected_knots=47
2025-09-01 14:47:02,914 - Iter 3070: loss=-1071.6431, change=8.84e-05, ‖θ[1:]‖₁=5.700, num_selected_knots=47
2025-09-01 14:47:02,987 - Iter 3080: loss=-1071.6442, change=8.81e-05, ‖θ[1:]‖₁=5.700, num_selected_knots=46
2025-09-01 14:47:03,061 - Iter 3090: loss=-1071.6680, change=8.75e-05, ‖θ[1:]‖₁=5.701, num_selected_knots=47
2025-09-01 14:47:03,134 - Iter 3100: loss=-1071.6842, change=8.65e-05, ‖θ[1:]‖₁=5.701, num_selected_knots=46
2025-09-01 14:47:03,208 - Iter 3110: loss=-1071.6923, change=8.53e-05, ‖θ[1:]‖₁=5.701, num_selected_knots=46
2025-09-01 14:47:03,281 - Iter 3120: loss=-1071.6885, change=8.38e-05, ‖θ[1:]‖₁=5.701, num_selected_knots=46
2025-09-01 14:47:03,355 - Iter 3130: loss=-1071.6711, change=8.23e-05, ‖θ[1:]‖₁=5.701, num_selected_knots=45
2025-09-01 14:47:03,427 - Iter 3140: loss=-1071.6484, change=8.09e-05, ‖θ[1:]‖₁=5.700, num_selected_knots=45
2025-09-01 14:47:03,501 - Iter 3150: loss=-1071.6075, change=7.97e-05, ‖θ[1:]‖₁=5.699, num_selected_knots=45
2025-09-01 14:47:03,573 - Iter 3160: loss=-1071.5566, change=7.86e-05, ‖θ[1:]‖₁=5.698, num_selected_knots=45
2025-09-01 14:47:03,646 - Iter 3170: loss=-1071.4977, change=7.82e-05, ‖θ[1:]‖₁=5.696, num_selected_knots=46
2025-09-01 14:47:03,720 - Iter 3180: loss=-1071.4417, change=7.81e-05, ‖θ[1:]‖₁=5.695, num_selected_knots=46
2025-09-01 14:47:03,793 - Iter 3190: loss=-1071.4030, change=7.83e-05, ‖θ[1:]‖₁=5.694, num_selected_knots=46
2025-09-01 14:47:03,866 - Iter 3200: loss=-1071.3789, change=7.87e-05, ‖θ[1:]‖₁=5.693, num_selected_knots=46
2025-09-01 14:47:03,940 - Iter 3210: loss=-1071.3733, change=7.92e-05, ‖θ[1:]‖₁=5.693, num_selected_knots=46
2025-09-01 14:47:04,012 - Iter 3220: loss=-1071.3817, change=7.95e-05, ‖θ[1:]‖₁=5.693, num_selected_knots=46
2025-09-01 14:47:04,086 - Iter 3230: loss=-1071.4016, change=7.98e-05, ‖θ[1:]‖₁=5.694, num_selected_knots=46
2025-09-01 14:47:04,159 - Iter 3240: loss=-1071.4238, change=8.00e-05, ‖θ[1:]‖₁=5.694, num_selected_knots=46
2025-09-01 14:47:04,232 - Iter 3250: loss=-1071.4482, change=8.00e-05, ‖θ[1:]‖₁=5.695, num_selected_knots=46
2025-09-01 14:47:04,305 - Iter 3260: loss=-1071.4714, change=7.97e-05, ‖θ[1:]‖₁=5.696, num_selected_knots=46
2025-09-01 14:47:04,379 - Iter 3270: loss=-1071.4934, change=7.94e-05, ‖θ[1:]‖₁=5.696, num_selected_knots=46
2025-09-01 14:47:04,452 - Iter 3280: loss=-1071.5157, change=7.89e-05, ‖θ[1:]‖₁=5.697, num_selected_knots=46
2025-09-01 14:47:04,525 - Iter 3290: loss=-1071.5431, change=7.83e-05, ‖θ[1:]‖₁=5.697, num_selected_knots=46
2025-09-01 14:47:04,598 - Iter 3300: loss=-1071.5907, change=7.77e-05, ‖θ[1:]‖₁=5.699, num_selected_knots=46
2025-09-01 14:47:04,671 - Iter 3310: loss=-1071.6508, change=7.69e-05, ‖θ[1:]‖₁=5.700, num_selected_knots=45
2025-09-01 14:47:04,745 - Iter 3320: loss=-1071.7122, change=7.57e-05, ‖θ[1:]‖₁=5.702, num_selected_knots=46
2025-09-01 14:47:04,818 - Iter 3330: loss=-1071.7644, change=7.43e-05, ‖θ[1:]‖₁=5.703, num_selected_knots=45
2025-09-01 14:47:04,891 - Iter 3340: loss=-1071.8018, change=7.28e-05, ‖θ[1:]‖₁=5.704, num_selected_knots=44
2025-09-01 14:47:04,964 - Iter 3350: loss=-1071.8240, change=7.11e-05, ‖θ[1:]‖₁=5.704, num_selected_knots=44
2025-09-01 14:47:05,038 - Iter 3360: loss=-1071.8273, change=6.93e-05, ‖θ[1:]‖₁=5.705, num_selected_knots=44
2025-09-01 14:47:05,111 - Iter 3370: loss=-1071.8132, change=6.75e-05, ‖θ[1:]‖₁=5.704, num_selected_knots=44
2025-09-01 14:47:05,184 - Iter 3380: loss=-1071.7877, change=6.57e-05, ‖θ[1:]‖₁=5.704, num_selected_knots=43
2025-09-01 14:47:05,258 - Iter 3390: loss=-1071.7593, change=6.40e-05, ‖θ[1:]‖₁=5.703, num_selected_knots=44
2025-09-01 14:47:05,331 - Iter 3400: loss=-1071.7307, change=6.21e-05, ‖θ[1:]‖₁=5.702, num_selected_knots=44
2025-09-01 14:47:05,404 - Iter 3410: loss=-1071.7057, change=6.01e-05, ‖θ[1:]‖₁=5.702, num_selected_knots=44
2025-09-01 14:47:05,478 - Iter 3420: loss=-1071.6934, change=5.80e-05, ‖θ[1:]‖₁=5.701, num_selected_knots=44
2025-09-01 14:47:05,551 - Iter 3430: loss=-1071.6866, change=5.56e-05, ‖θ[1:]‖₁=5.701, num_selected_knots=43
2025-09-01 14:47:05,624 - Iter 3440: loss=-1071.6884, change=5.30e-05, ‖θ[1:]‖₁=5.701, num_selected_knots=43
2025-09-01 14:47:05,698 - Iter 3450: loss=-1071.6902, change=5.02e-05, ‖θ[1:]‖₁=5.701, num_selected_knots=44
2025-09-01 14:47:05,771 - Iter 3460: loss=-1071.6918, change=4.76e-05, ‖θ[1:]‖₁=5.701, num_selected_knots=44
2025-09-01 14:47:05,844 - Iter 3470: loss=-1071.6948, change=4.47e-05, ‖θ[1:]‖₁=5.701, num_selected_knots=44
2025-09-01 14:47:05,917 - Iter 3480: loss=-1071.7000, change=4.17e-05, ‖θ[1:]‖₁=5.701, num_selected_knots=44
2025-09-01 14:47:05,990 - Iter 3490: loss=-1071.7097, change=4.11e-05, ‖θ[1:]‖₁=5.702, num_selected_knots=44
2025-09-01 14:47:06,063 - Iter 3500: loss=-1071.7222, change=4.00e-05, ‖θ[1:]‖₁=5.702, num_selected_knots=43
2025-09-01 14:47:06,136 - Iter 3510: loss=-1071.7412, change=3.83e-05, ‖θ[1:]‖₁=5.702, num_selected_knots=43
2025-09-01 14:47:06,209 - Iter 3520: loss=-1071.7604, change=3.60e-05, ‖θ[1:]‖₁=5.703, num_selected_knots=43
2025-09-01 14:47:06,282 - Iter 3530: loss=-1071.7773, change=3.74e-05, ‖θ[1:]‖₁=5.703, num_selected_knots=43
2025-09-01 14:47:06,355 - Iter 3540: loss=-1071.7863, change=4.01e-05, ‖θ[1:]‖₁=5.704, num_selected_knots=43
2025-09-01 14:47:06,428 - Iter 3550: loss=-1071.7856, change=4.28e-05, ‖θ[1:]‖₁=5.704, num_selected_knots=43
2025-09-01 14:47:06,501 - Iter 3560: loss=-1071.7715, change=4.55e-05, ‖θ[1:]‖₁=5.703, num_selected_knots=43
2025-09-01 14:47:06,575 - Iter 3570: loss=-1071.7472, change=4.79e-05, ‖θ[1:]‖₁=5.703, num_selected_knots=43
2025-09-01 14:47:06,648 - Iter 3580: loss=-1071.7158, change=5.01e-05, ‖θ[1:]‖₁=5.702, num_selected_knots=43
2025-09-01 14:47:06,721 - Iter 3590: loss=-1071.6825, change=5.20e-05, ‖θ[1:]‖₁=5.701, num_selected_knots=43
2025-09-01 14:47:06,794 - Iter 3600: loss=-1071.6497, change=5.58e-05, ‖θ[1:]‖₁=5.700, num_selected_knots=43
2025-09-01 14:47:06,867 - Iter 3610: loss=-1071.6240, change=5.96e-05, ‖θ[1:]‖₁=5.699, num_selected_knots=44
2025-09-01 14:47:06,941 - Iter 3620: loss=-1071.6023, change=5.98e-05, ‖θ[1:]‖₁=5.699, num_selected_knots=44
2025-09-01 14:47:07,014 - Iter 3630: loss=-1071.5854, change=6.01e-05, ‖θ[1:]‖₁=5.699, num_selected_knots=44
2025-09-01 14:47:07,086 - Iter 3640: loss=-1071.5720, change=6.15e-05, ‖θ[1:]‖₁=5.698, num_selected_knots=44
2025-09-01 14:47:07,160 - Iter 3650: loss=-1071.5590, change=6.27e-05, ‖θ[1:]‖₁=5.698, num_selected_knots=45
2025-09-01 14:47:07,233 - Iter 3660: loss=-1071.5469, change=6.13e-05, ‖θ[1:]‖₁=5.697, num_selected_knots=46
2025-09-01 14:47:07,305 - Iter 3670: loss=-1071.5334, change=5.58e-05, ‖θ[1:]‖₁=5.697, num_selected_knots=46
2025-09-01 14:47:07,378 - Iter 3680: loss=-1071.5212, change=5.39e-05, ‖θ[1:]‖₁=5.697, num_selected_knots=46
2025-09-01 14:47:07,452 - Iter 3690: loss=-1071.5107, change=5.41e-05, ‖θ[1:]‖₁=5.697, num_selected_knots=46
2025-09-01 14:47:07,525 - Iter 3700: loss=-1071.5034, change=5.39e-05, ‖θ[1:]‖₁=5.696, num_selected_knots=47
2025-09-01 14:47:07,599 - Iter 3710: loss=-1071.4999, change=5.31e-05, ‖θ[1:]‖₁=5.696, num_selected_knots=47
2025-09-01 14:47:07,672 - Iter 3720: loss=-1071.4982, change=5.16e-05, ‖θ[1:]‖₁=5.696, num_selected_knots=47
2025-09-01 14:47:07,746 - Iter 3730: loss=-1071.4995, change=4.96e-05, ‖θ[1:]‖₁=5.696, num_selected_knots=47
2025-09-01 14:47:07,819 - Iter 3740: loss=-1071.5006, change=4.70e-05, ‖θ[1:]‖₁=5.696, num_selected_knots=47
2025-09-01 14:47:07,892 - Iter 3750: loss=-1071.5007, change=4.37e-05, ‖θ[1:]‖₁=5.696, num_selected_knots=47
2025-09-01 14:47:07,965 - Iter 3760: loss=-1071.5015, change=4.02e-05, ‖θ[1:]‖₁=5.696, num_selected_knots=47
2025-09-01 14:47:08,039 - Iter 3770: loss=-1071.4998, change=3.73e-05, ‖θ[1:]‖₁=5.696, num_selected_knots=46
2025-09-01 14:47:08,112 - Iter 3780: loss=-1071.4998, change=3.55e-05, ‖θ[1:]‖₁=5.696, num_selected_knots=46
2025-09-01 14:47:08,185 - Iter 3790: loss=-1071.5054, change=3.41e-05, ‖θ[1:]‖₁=5.696, num_selected_knots=45
2025-09-01 14:47:08,258 - Iter 3800: loss=-1071.5153, change=3.42e-05, ‖θ[1:]‖₁=5.697, num_selected_knots=45
2025-09-01 14:47:08,332 - Iter 3810: loss=-1071.5276, change=3.47e-05, ‖θ[1:]‖₁=5.697, num_selected_knots=45
2025-09-01 14:47:08,405 - Iter 3820: loss=-1071.5421, change=3.57e-05, ‖θ[1:]‖₁=5.697, num_selected_knots=45
2025-09-01 14:47:08,479 - Iter 3830: loss=-1071.5585, change=3.68e-05, ‖θ[1:]‖₁=5.698, num_selected_knots=45
2025-09-01 14:47:08,552 - Iter 3840: loss=-1071.5752, change=3.77e-05, ‖θ[1:]‖₁=5.698, num_selected_knots=45
2025-09-01 14:47:08,625 - Iter 3850: loss=-1071.5939, change=4.46e-05, ‖θ[1:]‖₁=5.699, num_selected_knots=45
2025-09-01 14:47:08,699 - Iter 3860: loss=-1071.6105, change=5.27e-05, ‖θ[1:]‖₁=5.699, num_selected_knots=45
2025-09-01 14:47:08,772 - Iter 3870: loss=-1071.6270, change=5.41e-05, ‖θ[1:]‖₁=5.699, num_selected_knots=45
2025-09-01 14:47:08,845 - Iter 3880: loss=-1071.6401, change=5.25e-05, ‖θ[1:]‖₁=5.700, num_selected_knots=45
2025-09-01 14:47:08,918 - Iter 3890: loss=-1071.6543, change=5.01e-05, ‖θ[1:]‖₁=5.700, num_selected_knots=45
2025-09-01 14:47:08,992 - Iter 3900: loss=-1071.6661, change=4.79e-05, ‖θ[1:]‖₁=5.701, num_selected_knots=45
2025-09-01 14:47:09,065 - Iter 3910: loss=-1071.6792, change=4.32e-05, ‖θ[1:]‖₁=5.701, num_selected_knots=45
2025-09-01 14:47:09,138 - Iter 3920: loss=-1071.6968, change=4.05e-05, ‖θ[1:]‖₁=5.701, num_selected_knots=45
2025-09-01 14:47:09,211 - Iter 3930: loss=-1071.7141, change=3.96e-05, ‖θ[1:]‖₁=5.702, num_selected_knots=44
2025-09-01 14:47:09,284 - Iter 3940: loss=-1071.7280, change=3.87e-05, ‖θ[1:]‖₁=5.702, num_selected_knots=44
2025-09-01 14:47:09,357 - Iter 3950: loss=-1071.7362, change=3.78e-05, ‖θ[1:]‖₁=5.702, num_selected_knots=44
2025-09-01 14:47:09,430 - Iter 3960: loss=-1071.7385, change=3.68e-05, ‖θ[1:]‖₁=5.702, num_selected_knots=44
2025-09-01 14:47:09,507 - Iter 3970: loss=-1071.7375, change=3.53e-05, ‖θ[1:]‖₁=5.702, num_selected_knots=44
2025-09-01 14:47:09,581 - Iter 3980: loss=-1071.7336, change=3.34e-05, ‖θ[1:]‖₁=5.702, num_selected_knots=44
2025-09-01 14:47:09,654 - Iter 3990: loss=-1071.7255, change=3.13e-05, ‖θ[1:]‖₁=5.702, num_selected_knots=44
2025-09-01 14:47:09,727 - Iter 4000: loss=-1071.7185, change=2.92e-05, ‖θ[1:]‖₁=5.702, num_selected_knots=44
2025-09-01 14:47:09,801 - Iter 4010: loss=-1071.7112, change=2.83e-05, ‖θ[1:]‖₁=5.702, num_selected_knots=44
2025-09-01 14:47:09,874 - Iter 4020: loss=-1071.7031, change=2.94e-05, ‖θ[1:]‖₁=5.701, num_selected_knots=44
2025-09-01 14:47:09,947 - Iter 4030: loss=-1071.6975, change=3.12e-05, ‖θ[1:]‖₁=5.701, num_selected_knots=44
2025-09-01 14:47:10,021 - Iter 4040: loss=-1071.6935, change=3.30e-05, ‖θ[1:]‖₁=5.701, num_selected_knots=44
2025-09-01 14:47:10,095 - Iter 4050: loss=-1071.6907, change=3.48e-05, ‖θ[1:]‖₁=5.701, num_selected_knots=44
2025-09-01 14:47:10,168 - Iter 4060: loss=-1071.6897, change=3.66e-05, ‖θ[1:]‖₁=5.701, num_selected_knots=44
2025-09-01 14:47:10,242 - Iter 4070: loss=-1071.6904, change=3.84e-05, ‖θ[1:]‖₁=5.701, num_selected_knots=44
2025-09-01 14:47:10,315 - Iter 4080: loss=-1071.6935, change=4.01e-05, ‖θ[1:]‖₁=5.701, num_selected_knots=44
2025-09-01 14:47:10,388 - Iter 4090: loss=-1071.7007, change=4.19e-05, ‖θ[1:]‖₁=5.701, num_selected_knots=45
2025-09-01 14:47:10,461 - Iter 4100: loss=-1071.7125, change=4.37e-05, ‖θ[1:]‖₁=5.702, num_selected_knots=46
2025-09-01 14:47:10,535 - Iter 4110: loss=-1071.7266, change=4.55e-05, ‖θ[1:]‖₁=5.702, num_selected_knots=46
2025-09-01 14:47:10,608 - Iter 4120: loss=-1071.7429, change=4.72e-05, ‖θ[1:]‖₁=5.702, num_selected_knots=46
2025-09-01 14:47:10,682 - Iter 4130: loss=-1071.7579, change=4.87e-05, ‖θ[1:]‖₁=5.703, num_selected_knots=46
2025-09-01 14:47:10,755 - Iter 4140: loss=-1071.7705, change=5.01e-05, ‖θ[1:]‖₁=5.703, num_selected_knots=46
2025-09-01 14:47:10,828 - Iter 4150: loss=-1071.7786, change=5.12e-05, ‖θ[1:]‖₁=5.703, num_selected_knots=46
2025-09-01 14:47:10,901 - Iter 4160: loss=-1071.7795, change=5.22e-05, ‖θ[1:]‖₁=5.703, num_selected_knots=46
2025-09-01 14:47:10,975 - Iter 4170: loss=-1071.7736, change=5.28e-05, ‖θ[1:]‖₁=5.703, num_selected_knots=46
2025-09-01 14:47:11,048 - Iter 4180: loss=-1071.7587, change=5.33e-05, ‖θ[1:]‖₁=5.703, num_selected_knots=46
2025-09-01 14:47:11,121 - Iter 4190: loss=-1071.7405, change=5.35e-05, ‖θ[1:]‖₁=5.702, num_selected_knots=46
2025-09-01 14:47:11,195 - Iter 4200: loss=-1071.7172, change=5.35e-05, ‖θ[1:]‖₁=5.702, num_selected_knots=46
2025-09-01 14:47:11,269 - Iter 4210: loss=-1071.6937, change=5.32e-05, ‖θ[1:]‖₁=5.701, num_selected_knots=46
2025-09-01 14:47:11,344 - Iter 4220: loss=-1071.6678, change=5.27e-05, ‖θ[1:]‖₁=5.700, num_selected_knots=46
2025-09-01 14:47:11,417 - Iter 4230: loss=-1071.6443, change=5.21e-05, ‖θ[1:]‖₁=5.700, num_selected_knots=46
2025-09-01 14:47:11,490 - Iter 4240: loss=-1071.6196, change=5.14e-05, ‖θ[1:]‖₁=5.699, num_selected_knots=47
2025-09-01 14:47:11,563 - Iter 4250: loss=-1071.5996, change=5.05e-05, ‖θ[1:]‖₁=5.699, num_selected_knots=47
2025-09-01 14:47:11,636 - Iter 4260: loss=-1071.5803, change=4.96e-05, ‖θ[1:]‖₁=5.698, num_selected_knots=47
2025-09-01 14:47:11,709 - Iter 4270: loss=-1071.5635, change=4.87e-05, ‖θ[1:]‖₁=5.698, num_selected_knots=47
2025-09-01 14:47:11,782 - Iter 4280: loss=-1071.5510, change=4.78e-05, ‖θ[1:]‖₁=5.698, num_selected_knots=47
2025-09-01 14:47:11,855 - Iter 4290: loss=-1071.5420, change=4.70e-05, ‖θ[1:]‖₁=5.697, num_selected_knots=47
2025-09-01 14:47:11,928 - Iter 4300: loss=-1071.5371, change=4.61e-05, ‖θ[1:]‖₁=5.697, num_selected_knots=47
2025-09-01 14:47:12,023 - Iter 4310: loss=-1071.5397, change=4.52e-05, ‖θ[1:]‖₁=5.697, num_selected_knots=47
2025-09-01 14:47:12,102 - Iter 4320: loss=-1071.5471, change=4.43e-05, ‖θ[1:]‖₁=5.697, num_selected_knots=47
2025-09-01 14:47:12,180 - Iter 4330: loss=-1071.5630, change=4.31e-05, ‖θ[1:]‖₁=5.698, num_selected_knots=47
2025-09-01 14:47:12,263 - Iter 4340: loss=-1071.5806, change=4.17e-05, ‖θ[1:]‖₁=5.698, num_selected_knots=47
2025-09-01 14:47:12,355 - Iter 4350: loss=-1071.5977, change=4.00e-05, ‖θ[1:]‖₁=5.699, num_selected_knots=47
2025-09-01 14:47:12,428 - Iter 4360: loss=-1071.6128, change=3.80e-05, ‖θ[1:]‖₁=5.699, num_selected_knots=47
2025-09-01 14:47:12,501 - Iter 4370: loss=-1071.6261, change=3.80e-05, ‖θ[1:]‖₁=5.699, num_selected_knots=47
2025-09-01 14:47:12,577 - Iter 4380: loss=-1071.6370, change=3.89e-05, ‖θ[1:]‖₁=5.700, num_selected_knots=46
2025-09-01 14:47:12,651 - Iter 4390: loss=-1071.6428, change=3.96e-05, ‖θ[1:]‖₁=5.700, num_selected_knots=47
2025-09-01 14:47:12,724 - Iter 4400: loss=-1071.6475, change=4.02e-05, ‖θ[1:]‖₁=5.700, num_selected_knots=47
2025-09-01 14:47:12,797 - Iter 4410: loss=-1071.6476, change=4.06e-05, ‖θ[1:]‖₁=5.700, num_selected_knots=47
2025-09-01 14:47:12,870 - Iter 4420: loss=-1071.6475, change=4.07e-05, ‖θ[1:]‖₁=5.700, num_selected_knots=47
2025-09-01 14:47:12,942 - Iter 4430: loss=-1071.6431, change=4.06e-05, ‖θ[1:]‖₁=5.700, num_selected_knots=47
2025-09-01 14:47:13,016 - Iter 4440: loss=-1071.6383, change=4.01e-05, ‖θ[1:]‖₁=5.700, num_selected_knots=47
2025-09-01 14:47:13,090 - Iter 4450: loss=-1071.6304, change=3.95e-05, ‖θ[1:]‖₁=5.700, num_selected_knots=47
2025-09-01 14:47:13,163 - Iter 4460: loss=-1071.6217, change=3.86e-05, ‖θ[1:]‖₁=5.699, num_selected_knots=47
2025-09-01 14:47:13,236 - Iter 4470: loss=-1071.6119, change=3.77e-05, ‖θ[1:]‖₁=5.699, num_selected_knots=47
2025-09-01 14:47:13,309 - Iter 4480: loss=-1071.6051, change=3.68e-05, ‖θ[1:]‖₁=5.699, num_selected_knots=46
2025-09-01 14:47:13,382 - Iter 4490: loss=-1071.6039, change=3.64e-05, ‖θ[1:]‖₁=5.699, num_selected_knots=46
2025-09-01 14:47:13,455 - Iter 4500: loss=-1071.6089, change=3.61e-05, ‖θ[1:]‖₁=5.699, num_selected_knots=46
2025-09-01 14:47:13,528 - Iter 4510: loss=-1071.6207, change=3.53e-05, ‖θ[1:]‖₁=5.699, num_selected_knots=46
2025-09-01 14:47:13,601 - Iter 4520: loss=-1071.6412, change=6.22e-05, ‖θ[1:]‖₁=5.700, num_selected_knots=46
2025-09-01 14:47:13,674 - Iter 4530: loss=-1071.6744, change=5.94e-05, ‖θ[1:]‖₁=5.701, num_selected_knots=45
2025-09-01 14:47:13,748 - Iter 4540: loss=-1071.7091, change=5.58e-05, ‖θ[1:]‖₁=5.701, num_selected_knots=45
2025-09-01 14:47:13,832 - Iter 4550: loss=-1071.7410, change=5.13e-05, ‖θ[1:]‖₁=5.702, num_selected_knots=45
2025-09-01 14:47:13,906 - Iter 4560: loss=-1071.7693, change=4.29e-05, ‖θ[1:]‖₁=5.703, num_selected_knots=44
2025-09-01 14:47:13,980 - Iter 4570: loss=-1071.7902, change=2.97e-05, ‖θ[1:]‖₁=5.704, num_selected_knots=44
2025-09-01 14:47:14,053 - Iter 4580: loss=-1071.8047, change=2.83e-05, ‖θ[1:]‖₁=5.704, num_selected_knots=44
2025-09-01 14:47:14,127 - Iter 4590: loss=-1071.8135, change=2.71e-05, ‖θ[1:]‖₁=5.704, num_selected_knots=44
2025-09-01 14:47:14,200 - Iter 4600: loss=-1071.8162, change=2.63e-05, ‖θ[1:]‖₁=5.704, num_selected_knots=44
2025-09-01 14:47:14,274 - Iter 4610: loss=-1071.8159, change=2.57e-05, ‖θ[1:]‖₁=5.704, num_selected_knots=45
2025-09-01 14:47:14,348 - Iter 4620: loss=-1071.8123, change=2.56e-05, ‖θ[1:]‖₁=5.704, num_selected_knots=45
2025-09-01 14:47:14,422 - Iter 4630: loss=-1071.8046, change=2.65e-05, ‖θ[1:]‖₁=5.704, num_selected_knots=45
2025-09-01 14:47:14,495 - Iter 4640: loss=-1071.7926, change=2.74e-05, ‖θ[1:]‖₁=5.704, num_selected_knots=45
2025-09-01 14:47:14,569 - Iter 4650: loss=-1071.7748, change=2.80e-05, ‖θ[1:]‖₁=5.703, num_selected_knots=45
2025-09-01 14:47:14,643 - Iter 4660: loss=-1071.7528, change=2.86e-05, ‖θ[1:]‖₁=5.703, num_selected_knots=46
2025-09-01 14:47:14,716 - Iter 4670: loss=-1071.7286, change=2.92e-05, ‖θ[1:]‖₁=5.702, num_selected_knots=45
2025-09-01 14:47:14,790 - Iter 4680: loss=-1071.7031, change=2.98e-05, ‖θ[1:]‖₁=5.701, num_selected_knots=46
2025-09-01 14:47:14,863 - Iter 4690: loss=-1071.6788, change=3.02e-05, ‖θ[1:]‖₁=5.701, num_selected_knots=46
2025-09-01 14:47:14,936 - Iter 4700: loss=-1071.6583, change=3.05e-05, ‖θ[1:]‖₁=5.700, num_selected_knots=46
2025-09-01 14:47:15,010 - Iter 4710: loss=-1071.6443, change=3.08e-05, ‖θ[1:]‖₁=5.700, num_selected_knots=46
2025-09-01 14:47:15,083 - Iter 4720: loss=-1071.6365, change=3.10e-05, ‖θ[1:]‖₁=5.700, num_selected_knots=46
2025-09-01 14:47:15,157 - Iter 4730: loss=-1071.6359, change=3.10e-05, ‖θ[1:]‖₁=5.700, num_selected_knots=46
2025-09-01 14:47:15,230 - Iter 4740: loss=-1071.6382, change=3.10e-05, ‖θ[1:]‖₁=5.700, num_selected_knots=45
2025-09-01 14:47:15,303 - Iter 4750: loss=-1071.6487, change=3.10e-05, ‖θ[1:]‖₁=5.700, num_selected_knots=45
2025-09-01 14:47:15,376 - Iter 4760: loss=-1071.6576, change=3.09e-05, ‖θ[1:]‖₁=5.700, num_selected_knots=45
2025-09-01 14:47:15,449 - Iter 4770: loss=-1071.6628, change=3.07e-05, ‖θ[1:]‖₁=5.700, num_selected_knots=45
2025-09-01 14:47:15,523 - Iter 4780: loss=-1071.6646, change=3.04e-05, ‖θ[1:]‖₁=5.700, num_selected_knots=45
2025-09-01 14:47:15,596 - Iter 4790: loss=-1071.6617, change=3.01e-05, ‖θ[1:]‖₁=5.700, num_selected_knots=45
2025-09-01 14:47:15,670 - Iter 4800: loss=-1071.6541, change=2.98e-05, ‖θ[1:]‖₁=5.700, num_selected_knots=46
2025-09-01 14:47:15,743 - Iter 4810: loss=-1071.6428, change=2.92e-05, ‖θ[1:]‖₁=5.700, num_selected_knots=46
2025-09-01 14:47:15,823 - Iter 4820: loss=-1071.6298, change=2.86e-05, ‖θ[1:]‖₁=5.700, num_selected_knots=46
2025-09-01 14:47:15,909 - Iter 4830: loss=-1071.6160, change=2.80e-05, ‖θ[1:]‖₁=5.699, num_selected_knots=46
2025-09-01 14:47:16,005 - Iter 4840: loss=-1071.6007, change=2.74e-05, ‖θ[1:]‖₁=5.699, num_selected_knots=46
2025-09-01 14:47:16,087 - Iter 4850: loss=-1071.5859, change=2.68e-05, ‖θ[1:]‖₁=5.698, num_selected_knots=46
2025-09-01 14:47:16,167 - Iter 4860: loss=-1071.5697, change=2.60e-05, ‖θ[1:]‖₁=5.698, num_selected_knots=46
2025-09-01 14:47:16,249 - Iter 4870: loss=-1071.5571, change=2.52e-05, ‖θ[1:]‖₁=5.698, num_selected_knots=46
2025-09-01 14:47:16,330 - Iter 4880: loss=-1071.5447, change=2.43e-05, ‖θ[1:]‖₁=5.697, num_selected_knots=47
2025-09-01 14:47:16,408 - Iter 4890: loss=-1071.5339, change=2.37e-05, ‖θ[1:]‖₁=5.697, num_selected_knots=47
2025-09-01 14:47:16,490 - Iter 4900: loss=-1071.5320, change=2.41e-05, ‖θ[1:]‖₁=5.697, num_selected_knots=47
2025-09-01 14:47:16,572 - Iter 4910: loss=-1071.5344, change=2.46e-05, ‖θ[1:]‖₁=5.697, num_selected_knots=47
2025-09-01 14:47:16,650 - Iter 4920: loss=-1071.5422, change=2.47e-05, ‖θ[1:]‖₁=5.697, num_selected_knots=47
2025-09-01 14:47:16,728 - Iter 4930: loss=-1071.5551, change=2.47e-05, ‖θ[1:]‖₁=5.698, num_selected_knots=47
2025-09-01 14:47:16,801 - Iter 4940: loss=-1071.5719, change=2.69e-05, ‖θ[1:]‖₁=5.698, num_selected_knots=47
2025-09-01 14:47:16,874 - Iter 4950: loss=-1071.5896, change=2.77e-05, ‖θ[1:]‖₁=5.699, num_selected_knots=46
2025-09-01 14:47:16,948 - Iter 4960: loss=-1071.6093, change=2.74e-05, ‖θ[1:]‖₁=5.699, num_selected_knots=46
2025-09-01 14:47:17,021 - Iter 4970: loss=-1071.6279, change=2.48e-05, ‖θ[1:]‖₁=5.699, num_selected_knots=46
2025-09-01 14:47:17,095 - Iter 4980: loss=-1071.6417, change=2.34e-05, ‖θ[1:]‖₁=5.700, num_selected_knots=46
2025-09-01 14:47:17,168 - Iter 4990: loss=-1071.6528, change=2.28e-05, ‖θ[1:]‖₁=5.700, num_selected_knots=46
2025-09-01 14:47:17,241 - Iter 5000: loss=-1071.6592, change=2.32e-05, ‖θ[1:]‖₁=5.700, num_selected_knots=46
2025-09-01 14:47:17,314 - Iter 5010: loss=-1071.6622, change=2.38e-05, ‖θ[1:]‖₁=5.700, num_selected_knots=46
2025-09-01 14:47:17,387 - Iter 5020: loss=-1071.6633, change=2.44e-05, ‖θ[1:]‖₁=5.700, num_selected_knots=46
2025-09-01 14:47:17,460 - Iter 5030: loss=-1071.6625, change=2.50e-05, ‖θ[1:]‖₁=5.700, num_selected_knots=46
2025-09-01 14:47:17,533 - Iter 5040: loss=-1071.6628, change=2.52e-05, ‖θ[1:]‖₁=5.700, num_selected_knots=46
2025-09-01 14:47:17,609 - Iter 5050: loss=-1071.6639, change=2.52e-05, ‖θ[1:]‖₁=5.700, num_selected_knots=46
2025-09-01 14:47:17,682 - Iter 5060: loss=-1071.6656, change=2.52e-05, ‖θ[1:]‖₁=5.700, num_selected_knots=45
2025-09-01 14:47:17,759 - Iter 5070: loss=-1071.6672, change=2.52e-05, ‖θ[1:]‖₁=5.700, num_selected_knots=45
2025-09-01 14:47:17,845 - Iter 5080: loss=-1071.6689, change=2.52e-05, ‖θ[1:]‖₁=5.700, num_selected_knots=45
2025-09-01 14:47:17,924 - Iter 5090: loss=-1071.6724, change=2.52e-05, ‖θ[1:]‖₁=5.701, num_selected_knots=45
2025-09-01 14:47:18,013 - Iter 5100: loss=-1071.6769, change=2.49e-05, ‖θ[1:]‖₁=5.701, num_selected_knots=46
2025-09-01 14:47:18,086 - Iter 5110: loss=-1071.6812, change=2.46e-05, ‖θ[1:]‖₁=5.701, num_selected_knots=46
2025-09-01 14:47:18,160 - Iter 5120: loss=-1071.6901, change=2.41e-05, ‖θ[1:]‖₁=5.701, num_selected_knots=46
2025-09-01 14:47:18,233 - Iter 5130: loss=-1071.7026, change=2.35e-05, ‖θ[1:]‖₁=5.701, num_selected_knots=46
2025-09-01 14:47:18,307 - Iter 5140: loss=-1071.7164, change=2.29e-05, ‖θ[1:]‖₁=5.702, num_selected_knots=46
2025-09-01 14:47:18,381 - Iter 5150: loss=-1071.7332, change=2.32e-05, ‖θ[1:]‖₁=5.702, num_selected_knots=46
2025-09-01 14:47:18,454 - Iter 5160: loss=-1071.7496, change=2.40e-05, ‖θ[1:]‖₁=5.702, num_selected_knots=46
2025-09-01 14:47:18,557 - Iter 5170: loss=-1071.7660, change=2.47e-05, ‖θ[1:]‖₁=5.703, num_selected_knots=46
2025-09-01 14:47:18,630 - Iter 5180: loss=-1071.7780, change=2.51e-05, ‖θ[1:]‖₁=5.703, num_selected_knots=46
2025-09-01 14:47:18,704 - Iter 5190: loss=-1071.7878, change=2.54e-05, ‖θ[1:]‖₁=5.703, num_selected_knots=46
2025-09-01 14:47:18,777 - Iter 5200: loss=-1071.7937, change=2.56e-05, ‖θ[1:]‖₁=5.704, num_selected_knots=46
2025-09-01 14:47:18,851 - Iter 5210: loss=-1071.7944, change=2.58e-05, ‖θ[1:]‖₁=5.704, num_selected_knots=46
2025-09-01 14:47:18,924 - Iter 5220: loss=-1071.7915, change=2.59e-05, ‖θ[1:]‖₁=5.704, num_selected_knots=46
2025-09-01 14:47:18,997 - Iter 5230: loss=-1071.7866, change=2.59e-05, ‖θ[1:]‖₁=5.703, num_selected_knots=46
2025-09-01 14:47:19,070 - Iter 5240: loss=-1071.7772, change=2.59e-05, ‖θ[1:]‖₁=5.703, num_selected_knots=46
2025-09-01 14:47:19,143 - Iter 5250: loss=-1071.7676, change=2.60e-05, ‖θ[1:]‖₁=5.703, num_selected_knots=46
2025-09-01 14:47:19,216 - Iter 5260: loss=-1071.7560, change=2.64e-05, ‖θ[1:]‖₁=5.703, num_selected_knots=46
2025-09-01 14:47:19,289 - Iter 5270: loss=-1071.7435, change=2.65e-05, ‖θ[1:]‖₁=5.702, num_selected_knots=46
2025-09-01 14:47:19,362 - Iter 5280: loss=-1071.7300, change=2.65e-05, ‖θ[1:]‖₁=5.702, num_selected_knots=46
2025-09-01 14:47:19,436 - Iter 5290: loss=-1071.7174, change=2.68e-05, ‖θ[1:]‖₁=5.702, num_selected_knots=46
2025-09-01 14:47:19,509 - Iter 5300: loss=-1071.7047, change=2.71e-05, ‖θ[1:]‖₁=5.701, num_selected_knots=46
2025-09-01 14:47:19,583 - Iter 5310: loss=-1071.6935, change=2.74e-05, ‖θ[1:]‖₁=5.701, num_selected_knots=46
2025-09-01 14:47:19,656 - Iter 5320: loss=-1071.6864, change=2.76e-05, ‖θ[1:]‖₁=5.701, num_selected_knots=46
2025-09-01 14:47:19,729 - Iter 5330: loss=-1071.6816, change=2.77e-05, ‖θ[1:]‖₁=5.701, num_selected_knots=46
2025-09-01 14:47:19,802 - Iter 5340: loss=-1071.6810, change=2.78e-05, ‖θ[1:]‖₁=5.701, num_selected_knots=46
2025-09-01 14:47:19,876 - Iter 5350: loss=-1071.6857, change=2.77e-05, ‖θ[1:]‖₁=5.701, num_selected_knots=46
2025-09-01 14:47:19,949 - Iter 5360: loss=-1071.6948, change=2.75e-05, ‖θ[1:]‖₁=5.701, num_selected_knots=46
2025-09-01 14:47:20,022 - Iter 5370: loss=-1071.7041, change=2.71e-05, ‖θ[1:]‖₁=5.701, num_selected_knots=46
2025-09-01 14:47:20,095 - Iter 5380: loss=-1071.7157, change=2.74e-05, ‖θ[1:]‖₁=5.702, num_selected_knots=46
2025-09-01 14:47:20,169 - Iter 5390: loss=-1071.7275, change=2.77e-05, ‖θ[1:]‖₁=5.702, num_selected_knots=46
2025-09-01 14:47:20,242 - Iter 5400: loss=-1071.7368, change=2.80e-05, ‖θ[1:]‖₁=5.702, num_selected_knots=46
2025-09-01 14:47:20,315 - Iter 5410: loss=-1071.7434, change=2.83e-05, ‖θ[1:]‖₁=5.702, num_selected_knots=46
2025-09-01 14:47:20,389 - Iter 5420: loss=-1071.7471, change=2.86e-05, ‖θ[1:]‖₁=5.702, num_selected_knots=46
2025-09-01 14:47:20,462 - Iter 5430: loss=-1071.7485, change=2.89e-05, ‖θ[1:]‖₁=5.702, num_selected_knots=46
2025-09-01 14:47:20,535 - Iter 5440: loss=-1071.7462, change=2.90e-05, ‖θ[1:]‖₁=5.702, num_selected_knots=46
2025-09-01 14:47:20,609 - Iter 5450: loss=-1071.7411, change=2.90e-05, ‖θ[1:]‖₁=5.702, num_selected_knots=45
2025-09-01 14:47:20,682 - Iter 5460: loss=-1071.7341, change=2.90e-05, ‖θ[1:]‖₁=5.702, num_selected_knots=45
2025-09-01 14:47:20,756 - Iter 5470: loss=-1071.7233, change=2.88e-05, ‖θ[1:]‖₁=5.702, num_selected_knots=45
2025-09-01 14:47:20,829 - Iter 5480: loss=-1071.7097, change=2.85e-05, ‖θ[1:]‖₁=5.701, num_selected_knots=45
2025-09-01 14:47:20,903 - Iter 5490: loss=-1071.6948, change=2.79e-05, ‖θ[1:]‖₁=5.701, num_selected_knots=45
2025-09-01 14:47:20,976 - Iter 5500: loss=-1071.6792, change=2.72e-05, ‖θ[1:]‖₁=5.701, num_selected_knots=46
2025-09-01 14:47:21,049 - Iter 5510: loss=-1071.6661, change=2.66e-05, ‖θ[1:]‖₁=5.700, num_selected_knots=46
2025-09-01 14:47:21,122 - Iter 5520: loss=-1071.6544, change=2.58e-05, ‖θ[1:]‖₁=5.700, num_selected_knots=46
2025-09-01 14:47:21,196 - Iter 5530: loss=-1071.6467, change=2.49e-05, ‖θ[1:]‖₁=5.700, num_selected_knots=46
2025-09-01 14:47:21,269 - Iter 5540: loss=-1071.6426, change=2.38e-05, ‖θ[1:]‖₁=5.700, num_selected_knots=46
2025-09-01 14:47:21,342 - Iter 5550: loss=-1071.6465, change=2.26e-05, ‖θ[1:]‖₁=5.700, num_selected_knots=46
2025-09-01 14:47:21,415 - Iter 5560: loss=-1071.6531, change=2.16e-05, ‖θ[1:]‖₁=5.700, num_selected_knots=46
2025-09-01 14:47:21,488 - Iter 5570: loss=-1071.6636, change=2.21e-05, ‖θ[1:]‖₁=5.700, num_selected_knots=46
2025-09-01 14:47:21,561 - Iter 5580: loss=-1071.6799, change=2.26e-05, ‖θ[1:]‖₁=5.701, num_selected_knots=45
2025-09-01 14:47:21,635 - Iter 5590: loss=-1071.6982, change=2.31e-05, ‖θ[1:]‖₁=5.701, num_selected_knots=45
2025-09-01 14:47:21,708 - Iter 5600: loss=-1071.7161, change=2.38e-05, ‖θ[1:]‖₁=5.702, num_selected_knots=45
2025-09-01 14:47:21,781 - Iter 5610: loss=-1071.7322, change=2.35e-05, ‖θ[1:]‖₁=5.702, num_selected_knots=45
2025-09-01 14:47:21,854 - Iter 5620: loss=-1071.7461, change=2.35e-05, ‖θ[1:]‖₁=5.702, num_selected_knots=45
2025-09-01 14:47:21,927 - Iter 5630: loss=-1071.7573, change=2.34e-05, ‖θ[1:]‖₁=5.703, num_selected_knots=45
2025-09-01 14:47:22,001 - Iter 5640: loss=-1071.7665, change=2.32e-05, ‖θ[1:]‖₁=5.703, num_selected_knots=45
2025-09-01 14:47:22,074 - Iter 5650: loss=-1071.7745, change=2.28e-05, ‖θ[1:]‖₁=5.703, num_selected_knots=46
2025-09-01 14:47:22,148 - Iter 5660: loss=-1071.7810, change=2.24e-05, ‖θ[1:]‖₁=5.703, num_selected_knots=46
2025-09-01 14:47:22,221 - Iter 5670: loss=-1071.7871, change=2.17e-05, ‖θ[1:]‖₁=5.703, num_selected_knots=46
2025-09-01 14:47:22,294 - Iter 5680: loss=-1071.7878, change=2.16e-05, ‖θ[1:]‖₁=5.703, num_selected_knots=46
2025-09-01 14:47:22,369 - Iter 5690: loss=-1071.7849, change=2.17e-05, ‖θ[1:]‖₁=5.703, num_selected_knots=46
2025-09-01 14:47:22,442 - Iter 5700: loss=-1071.7782, change=2.15e-05, ‖θ[1:]‖₁=5.703, num_selected_knots=45
2025-09-01 14:47:22,515 - Iter 5710: loss=-1071.7686, change=2.11e-05, ‖θ[1:]‖₁=5.703, num_selected_knots=45
2025-09-01 14:47:22,591 - Iter 5720: loss=-1071.7550, change=2.05e-05, ‖θ[1:]‖₁=5.703, num_selected_knots=45
2025-09-01 14:47:22,664 - Iter 5730: loss=-1071.7395, change=1.97e-05, ‖θ[1:]‖₁=5.702, num_selected_knots=45
2025-09-01 14:47:22,737 - Iter 5740: loss=-1071.7255, change=1.92e-05, ‖θ[1:]‖₁=5.702, num_selected_knots=45
2025-09-01 14:47:22,811 - Iter 5750: loss=-1071.7137, change=1.93e-05, ‖θ[1:]‖₁=5.702, num_selected_knots=45
2025-09-01 14:47:22,884 - Iter 5760: loss=-1071.7036, change=1.94e-05, ‖θ[1:]‖₁=5.701, num_selected_knots=46
2025-09-01 14:47:22,957 - Iter 5770: loss=-1071.6970, change=1.94e-05, ‖θ[1:]‖₁=5.701, num_selected_knots=46
2025-09-01 14:47:23,030 - Iter 5780: loss=-1071.6986, change=1.92e-05, ‖θ[1:]‖₁=5.701, num_selected_knots=45
2025-09-01 14:47:23,103 - Iter 5790: loss=-1071.7043, change=1.89e-05, ‖θ[1:]‖₁=5.701, num_selected_knots=45
2025-09-01 14:47:23,176 - Iter 5800: loss=-1071.7106, change=1.86e-05, ‖θ[1:]‖₁=5.702, num_selected_knots=44
2025-09-01 14:47:23,249 - Iter 5810: loss=-1071.7170, change=1.83e-05, ‖θ[1:]‖₁=5.702, num_selected_knots=44
2025-09-01 14:47:23,322 - Iter 5820: loss=-1071.7216, change=1.80e-05, ‖θ[1:]‖₁=5.702, num_selected_knots=44
2025-09-01 14:47:23,395 - Iter 5830: loss=-1071.7244, change=1.77e-05, ‖θ[1:]‖₁=5.702, num_selected_knots=44
2025-09-01 14:47:23,469 - Iter 5840: loss=-1071.7275, change=1.74e-05, ‖θ[1:]‖₁=5.702, num_selected_knots=45
2025-09-01 14:47:23,542 - Iter 5850: loss=-1071.7273, change=1.71e-05, ‖θ[1:]‖₁=5.702, num_selected_knots=45
2025-09-01 14:47:23,615 - Iter 5860: loss=-1071.7278, change=1.68e-05, ‖θ[1:]‖₁=5.702, num_selected_knots=45
2025-09-01 14:47:23,688 - Iter 5870: loss=-1071.7262, change=1.65e-05, ‖θ[1:]‖₁=5.702, num_selected_knots=45
2025-09-01 14:47:23,762 - Iter 5880: loss=-1071.7235, change=1.81e-05, ‖θ[1:]‖₁=5.702, num_selected_knots=45
2025-09-01 14:47:23,834 - Iter 5890: loss=-1071.7188, change=2.00e-05, ‖θ[1:]‖₁=5.702, num_selected_knots=45
2025-09-01 14:47:23,908 - Iter 5900: loss=-1071.7101, change=2.19e-05, ‖θ[1:]‖₁=5.701, num_selected_knots=45
2025-09-01 14:47:23,981 - Iter 5910: loss=-1071.6991, change=2.15e-05, ‖θ[1:]‖₁=5.701, num_selected_knots=46
2025-09-01 14:47:24,055 - Iter 5920: loss=-1071.6848, change=2.07e-05, ‖θ[1:]‖₁=5.701, num_selected_knots=46
2025-09-01 14:47:24,128 - Iter 5930: loss=-1071.6677, change=1.91e-05, ‖θ[1:]‖₁=5.700, num_selected_knots=46
2025-09-01 14:47:24,201 - Iter 5940: loss=-1071.6519, change=1.60e-05, ‖θ[1:]‖₁=5.700, num_selected_knots=46
2025-09-01 14:47:24,275 - Iter 5950: loss=-1071.6355, change=1.33e-05, ‖θ[1:]‖₁=5.700, num_selected_knots=46
2025-09-01 14:47:24,348 - Iter 5960: loss=-1071.6232, change=1.33e-05, ‖θ[1:]‖₁=5.699, num_selected_knots=46
2025-09-01 14:47:24,421 - Iter 5970: loss=-1071.6156, change=1.33e-05, ‖θ[1:]‖₁=5.699, num_selected_knots=46
2025-09-01 14:47:24,495 - Iter 5980: loss=-1071.6133, change=1.41e-05, ‖θ[1:]‖₁=5.699, num_selected_knots=46
2025-09-01 14:47:24,568 - Iter 5990: loss=-1071.6140, change=1.53e-05, ‖θ[1:]‖₁=5.699, num_selected_knots=46
2025-09-01 14:47:24,642 - Iter 6000: loss=-1071.6178, change=1.64e-05, ‖θ[1:]‖₁=5.699, num_selected_knots=46
2025-09-01 14:47:24,715 - Iter 6010: loss=-1071.6229, change=1.73e-05, ‖θ[1:]‖₁=5.699, num_selected_knots=46
2025-09-01 14:47:24,789 - Iter 6020: loss=-1071.6271, change=1.80e-05, ‖θ[1:]‖₁=5.699, num_selected_knots=46
2025-09-01 14:47:24,863 - Iter 6030: loss=-1071.6326, change=1.84e-05, ‖θ[1:]‖₁=5.700, num_selected_knots=45
2025-09-01 14:47:24,936 - Iter 6040: loss=-1071.6376, change=1.85e-05, ‖θ[1:]‖₁=5.700, num_selected_knots=45
2025-09-01 14:47:25,009 - Iter 6050: loss=-1071.6421, change=1.82e-05, ‖θ[1:]‖₁=5.700, num_selected_knots=45
2025-09-01 14:47:25,082 - Iter 6060: loss=-1071.6465, change=1.75e-05, ‖θ[1:]‖₁=5.700, num_selected_knots=45
2025-09-01 14:47:25,156 - Iter 6070: loss=-1071.6530, change=1.66e-05, ‖θ[1:]‖₁=5.700, num_selected_knots=44
2025-09-01 14:47:25,229 - Iter 6080: loss=-1071.6595, change=1.56e-05, ‖θ[1:]‖₁=5.700, num_selected_knots=44
2025-09-01 14:47:25,303 - Iter 6090: loss=-1071.6614, change=1.47e-05, ‖θ[1:]‖₁=5.700, num_selected_knots=44
2025-09-01 14:47:25,376 - Iter 6100: loss=-1071.6610, change=1.39e-05, ‖θ[1:]‖₁=5.700, num_selected_knots=44
2025-09-01 14:47:25,450 - Iter 6110: loss=-1071.6577, change=1.43e-05, ‖θ[1:]‖₁=5.700, num_selected_knots=44
2025-09-01 14:47:25,523 - Iter 6120: loss=-1071.6514, change=1.52e-05, ‖θ[1:]‖₁=5.700, num_selected_knots=44
2025-09-01 14:47:25,596 - Iter 6130: loss=-1071.6437, change=1.59e-05, ‖θ[1:]‖₁=5.700, num_selected_knots=44
2025-09-01 14:47:25,670 - Iter 6140: loss=-1071.6382, change=1.66e-05, ‖θ[1:]‖₁=5.700, num_selected_knots=44
2025-09-01 14:47:25,743 - Iter 6150: loss=-1071.6342, change=1.72e-05, ‖θ[1:]‖₁=5.700, num_selected_knots=45
2025-09-01 14:47:25,817 - Iter 6160: loss=-1071.6337, change=1.77e-05, ‖θ[1:]‖₁=5.700, num_selected_knots=45
2025-09-01 14:47:25,890 - Iter 6170: loss=-1071.6370, change=1.81e-05, ‖θ[1:]‖₁=5.700, num_selected_knots=45
2025-09-01 14:47:25,964 - Iter 6180: loss=-1071.6433, change=1.85e-05, ‖θ[1:]‖₁=5.700, num_selected_knots=46
2025-09-01 14:47:26,037 - Iter 6190: loss=-1071.6516, change=1.87e-05, ‖θ[1:]‖₁=5.700, num_selected_knots=46
2025-09-01 14:47:26,110 - Iter 6200: loss=-1071.6613, change=1.89e-05, ‖θ[1:]‖₁=5.700, num_selected_knots=46
2025-09-01 14:47:26,183 - Iter 6210: loss=-1071.6704, change=1.90e-05, ‖θ[1:]‖₁=5.700, num_selected_knots=46
2025-09-01 14:47:26,256 - Iter 6220: loss=-1071.6772, change=1.90e-05, ‖θ[1:]‖₁=5.701, num_selected_knots=46
2025-09-01 14:47:26,329 - Iter 6230: loss=-1071.6862, change=1.88e-05, ‖θ[1:]‖₁=5.701, num_selected_knots=45
2025-09-01 14:47:26,402 - Iter 6240: loss=-1071.6931, change=1.86e-05, ‖θ[1:]‖₁=5.701, num_selected_knots=44
2025-09-01 14:47:26,475 - Iter 6250: loss=-1071.7012, change=1.84e-05, ‖θ[1:]‖₁=5.701, num_selected_knots=44
2025-09-01 14:47:26,549 - Iter 6260: loss=-1071.7092, change=1.83e-05, ‖θ[1:]‖₁=5.701, num_selected_knots=44
2025-09-01 14:47:26,622 - Iter 6270: loss=-1071.7151, change=1.84e-05, ‖θ[1:]‖₁=5.702, num_selected_knots=44
2025-09-01 14:47:26,695 - Iter 6280: loss=-1071.7183, change=1.84e-05, ‖θ[1:]‖₁=5.702, num_selected_knots=44
2025-09-01 14:47:26,769 - Iter 6290: loss=-1071.7197, change=1.89e-05, ‖θ[1:]‖₁=5.702, num_selected_knots=44
2025-09-01 14:47:26,842 - Iter 6300: loss=-1071.7188, change=1.95e-05, ‖θ[1:]‖₁=5.702, num_selected_knots=44
2025-09-01 14:47:26,915 - Iter 6310: loss=-1071.7161, change=2.01e-05, ‖θ[1:]‖₁=5.702, num_selected_knots=44
2025-09-01 14:47:26,988 - Iter 6320: loss=-1071.7103, change=2.07e-05, ‖θ[1:]‖₁=5.701, num_selected_knots=44
2025-09-01 14:47:27,062 - Iter 6330: loss=-1071.7058, change=2.13e-05, ‖θ[1:]‖₁=5.701, num_selected_knots=44
2025-09-01 14:47:27,135 - Iter 6340: loss=-1071.7004, change=2.19e-05, ‖θ[1:]‖₁=5.701, num_selected_knots=44
2025-09-01 14:47:27,208 - Iter 6350: loss=-1071.6965, change=2.25e-05, ‖θ[1:]‖₁=5.701, num_selected_knots=44
2025-09-01 14:47:27,282 - Iter 6360: loss=-1071.6930, change=2.31e-05, ‖θ[1:]‖₁=5.701, num_selected_knots=44
2025-09-01 14:47:27,355 - Iter 6370: loss=-1071.6915, change=2.39e-05, ‖θ[1:]‖₁=5.701, num_selected_knots=44
2025-09-01 14:47:27,428 - Iter 6380: loss=-1071.6909, change=2.45e-05, ‖θ[1:]‖₁=5.701, num_selected_knots=44
2025-09-01 14:47:27,501 - Iter 6390: loss=-1071.6932, change=2.51e-05, ‖θ[1:]‖₁=5.701, num_selected_knots=44
2025-09-01 14:47:27,575 - Iter 6400: loss=-1071.6956, change=2.57e-05, ‖θ[1:]‖₁=5.701, num_selected_knots=44
2025-09-01 14:47:27,649 - Iter 6410: loss=-1071.6986, change=2.63e-05, ‖θ[1:]‖₁=5.701, num_selected_knots=44
2025-09-01 14:47:27,723 - Iter 6420: loss=-1071.7031, change=2.67e-05, ‖θ[1:]‖₁=5.701, num_selected_knots=44
2025-09-01 14:47:27,796 - Iter 6430: loss=-1071.7087, change=2.70e-05, ‖θ[1:]‖₁=5.701, num_selected_knots=43
2025-09-01 14:47:27,869 - Iter 6440: loss=-1071.7167, change=2.71e-05, ‖θ[1:]‖₁=5.702, num_selected_knots=43
2025-09-01 14:47:27,942 - Iter 6450: loss=-1071.7229, change=2.70e-05, ‖θ[1:]‖₁=5.702, num_selected_knots=43
2025-09-01 14:47:28,015 - Iter 6460: loss=-1071.7275, change=2.67e-05, ‖θ[1:]‖₁=5.702, num_selected_knots=43
2025-09-01 14:47:28,088 - Iter 6470: loss=-1071.7324, change=2.61e-05, ‖θ[1:]‖₁=5.702, num_selected_knots=43
2025-09-01 14:47:28,162 - Iter 6480: loss=-1071.7368, change=2.55e-05, ‖θ[1:]‖₁=5.702, num_selected_knots=43
2025-09-01 14:47:28,234 - Iter 6490: loss=-1071.7385, change=2.46e-05, ‖θ[1:]‖₁=5.702, num_selected_knots=43
2025-09-01 14:47:28,339 - Iter 6500: loss=-1071.7368, change=2.37e-05, ‖θ[1:]‖₁=5.702, num_selected_knots=43
2025-09-01 14:47:28,412 - Iter 6510: loss=-1071.7347, change=2.28e-05, ‖θ[1:]‖₁=5.702, num_selected_knots=43
2025-09-01 14:47:28,485 - Iter 6520: loss=-1071.7278, change=2.19e-05, ‖θ[1:]‖₁=5.702, num_selected_knots=43
2025-09-01 14:47:28,558 - Iter 6530: loss=-1071.7185, change=2.10e-05, ‖θ[1:]‖₁=5.702, num_selected_knots=43
2025-09-01 14:47:28,631 - Iter 6540: loss=-1071.7078, change=2.22e-05, ‖θ[1:]‖₁=5.701, num_selected_knots=43
2025-09-01 14:47:28,704 - Iter 6550: loss=-1071.6934, change=2.31e-05, ‖θ[1:]‖₁=5.701, num_selected_knots=43
2025-09-01 14:47:28,777 - Iter 6560: loss=-1071.6768, change=2.24e-05, ‖θ[1:]‖₁=5.701, num_selected_knots=43
2025-09-01 14:47:28,850 - Iter 6570: loss=-1071.6619, change=2.00e-05, ‖θ[1:]‖₁=5.700, num_selected_knots=43
2025-09-01 14:47:28,923 - Iter 6580: loss=-1071.6456, change=2.00e-05, ‖θ[1:]‖₁=5.700, num_selected_knots=44
2025-09-01 14:47:28,997 - Iter 6590: loss=-1071.6318, change=1.99e-05, ‖θ[1:]‖₁=5.700, num_selected_knots=44
2025-09-01 14:47:29,070 - Iter 6600: loss=-1071.6210, change=2.05e-05, ‖θ[1:]‖₁=5.699, num_selected_knots=44
2025-09-01 14:47:29,143 - Iter 6610: loss=-1071.6123, change=2.11e-05, ‖θ[1:]‖₁=5.699, num_selected_knots=44
2025-09-01 14:47:29,216 - Iter 6620: loss=-1071.6074, change=2.17e-05, ‖θ[1:]‖₁=5.699, num_selected_knots=44
2025-09-01 14:47:29,289 - Iter 6630: loss=-1071.6056, change=2.23e-05, ‖θ[1:]‖₁=5.699, num_selected_knots=44
2025-09-01 14:47:29,363 - Iter 6640: loss=-1071.6066, change=2.29e-05, ‖θ[1:]‖₁=5.699, num_selected_knots=44
2025-09-01 14:47:29,436 - Iter 6650: loss=-1071.6106, change=2.35e-05, ‖θ[1:]‖₁=5.699, num_selected_knots=44
2025-09-01 14:47:29,508 - Iter 6660: loss=-1071.6176, change=2.41e-05, ‖θ[1:]‖₁=5.699, num_selected_knots=44
2025-09-01 14:47:29,582 - Iter 6670: loss=-1071.6256, change=2.47e-05, ‖θ[1:]‖₁=5.699, num_selected_knots=44
2025-09-01 14:47:29,655 - Iter 6680: loss=-1071.6346, change=2.52e-05, ‖θ[1:]‖₁=5.700, num_selected_knots=44
2025-09-01 14:47:29,729 - Iter 6690: loss=-1071.6440, change=2.57e-05, ‖θ[1:]‖₁=5.700, num_selected_knots=44
2025-09-01 14:47:29,802 - Iter 6700: loss=-1071.6527, change=2.60e-05, ‖θ[1:]‖₁=5.700, num_selected_knots=44
2025-09-01 14:47:29,875 - Iter 6710: loss=-1071.6611, change=2.63e-05, ‖θ[1:]‖₁=5.700, num_selected_knots=44
2025-09-01 14:47:29,949 - Iter 6720: loss=-1071.6648, change=2.66e-05, ‖θ[1:]‖₁=5.700, num_selected_knots=44
2025-09-01 14:47:30,022 - Iter 6730: loss=-1071.6683, change=2.69e-05, ‖θ[1:]‖₁=5.700, num_selected_knots=44
2025-09-01 14:47:30,096 - Iter 6740: loss=-1071.6681, change=2.72e-05, ‖θ[1:]‖₁=5.700, num_selected_knots=44
2025-09-01 14:47:30,169 - Iter 6750: loss=-1071.6659, change=2.72e-05, ‖θ[1:]‖₁=5.700, num_selected_knots=44
2025-09-01 14:47:30,242 - Iter 6760: loss=-1071.6605, change=2.72e-05, ‖θ[1:]‖₁=5.700, num_selected_knots=44
2025-09-01 14:47:30,316 - Iter 6770: loss=-1071.6550, change=2.72e-05, ‖θ[1:]‖₁=5.700, num_selected_knots=45
2025-09-01 14:47:30,389 - Iter 6780: loss=-1071.6498, change=2.72e-05, ‖θ[1:]‖₁=5.700, num_selected_knots=45
2025-09-01 14:47:30,462 - Iter 6790: loss=-1071.6432, change=2.72e-05, ‖θ[1:]‖₁=5.700, num_selected_knots=46
2025-09-01 14:47:30,536 - Iter 6800: loss=-1071.6389, change=2.72e-05, ‖θ[1:]‖₁=5.700, num_selected_knots=45
2025-09-01 14:47:30,609 - Iter 6810: loss=-1071.6399, change=2.70e-05, ‖θ[1:]‖₁=5.700, num_selected_knots=45
2025-09-01 14:47:30,682 - Iter 6820: loss=-1071.6411, change=2.67e-05, ‖θ[1:]‖₁=5.700, num_selected_knots=45
2025-09-01 14:47:30,756 - Iter 6830: loss=-1071.6436, change=2.64e-05, ‖θ[1:]‖₁=5.700, num_selected_knots=45
2025-09-01 14:47:30,829 - Iter 6840: loss=-1071.6498, change=2.61e-05, ‖θ[1:]‖₁=5.700, num_selected_knots=45
2025-09-01 14:47:30,902 - Iter 6850: loss=-1071.6560, change=2.58e-05, ‖θ[1:]‖₁=5.700, num_selected_knots=45
2025-09-01 14:47:30,976 - Iter 6860: loss=-1071.6630, change=2.55e-05, ‖θ[1:]‖₁=5.700, num_selected_knots=46
2025-09-01 14:47:31,049 - Iter 6870: loss=-1071.6721, change=2.51e-05, ‖θ[1:]‖₁=5.701, num_selected_knots=46
2025-09-01 14:47:31,123 - Iter 6880: loss=-1071.6809, change=2.45e-05, ‖θ[1:]‖₁=5.701, num_selected_knots=46
2025-09-01 14:47:31,196 - Iter 6890: loss=-1071.6913, change=2.39e-05, ‖θ[1:]‖₁=5.701, num_selected_knots=46
2025-09-01 14:47:31,269 - Iter 6900: loss=-1071.7000, change=2.33e-05, ‖θ[1:]‖₁=5.701, num_selected_knots=46
2025-09-01 14:47:31,342 - Iter 6910: loss=-1071.7069, change=2.27e-05, ‖θ[1:]‖₁=5.701, num_selected_knots=46
2025-09-01 14:47:31,416 - Iter 6920: loss=-1071.7117, change=2.21e-05, ‖θ[1:]‖₁=5.701, num_selected_knots=46
2025-09-01 14:47:31,489 - Iter 6930: loss=-1071.7131, change=2.15e-05, ‖θ[1:]‖₁=5.702, num_selected_knots=46
2025-09-01 14:47:31,562 - Iter 6940: loss=-1071.7130, change=2.10e-05, ‖θ[1:]‖₁=5.702, num_selected_knots=46
2025-09-01 14:47:31,635 - Iter 6950: loss=-1071.7118, change=2.04e-05, ‖θ[1:]‖₁=5.702, num_selected_knots=46
2025-09-01 14:47:31,709 - Iter 6960: loss=-1071.7089, change=1.99e-05, ‖θ[1:]‖₁=5.701, num_selected_knots=45
2025-09-01 14:47:31,782 - Iter 6970: loss=-1071.7070, change=1.95e-05, ‖θ[1:]‖₁=5.701, num_selected_knots=46
2025-09-01 14:47:31,856 - Iter 6980: loss=-1071.7030, change=1.92e-05, ‖θ[1:]‖₁=5.701, num_selected_knots=46
2025-09-01 14:47:31,929 - Iter 6990: loss=-1071.6971, change=1.89e-05, ‖θ[1:]‖₁=5.701, num_selected_knots=46
2025-09-01 14:47:32,002 - Iter 7000: loss=-1071.6921, change=1.87e-05, ‖θ[1:]‖₁=5.701, num_selected_knots=46
2025-09-01 14:47:32,076 - Iter 7010: loss=-1071.6890, change=1.87e-05, ‖θ[1:]‖₁=5.701, num_selected_knots=46
2025-09-01 14:47:32,149 - Iter 7020: loss=-1071.6855, change=1.87e-05, ‖θ[1:]‖₁=5.701, num_selected_knots=46
2025-09-01 14:47:32,222 - Iter 7030: loss=-1071.6821, change=1.87e-05, ‖θ[1:]‖₁=5.701, num_selected_knots=46
2025-09-01 14:47:32,295 - Iter 7040: loss=-1071.6792, change=1.87e-05, ‖θ[1:]‖₁=5.701, num_selected_knots=46
2025-09-01 14:47:32,368 - Iter 7050: loss=-1071.6787, change=1.87e-05, ‖θ[1:]‖₁=5.701, num_selected_knots=46
2025-09-01 14:47:32,441 - Iter 7060: loss=-1071.6771, change=1.90e-05, ‖θ[1:]‖₁=5.701, num_selected_knots=46
2025-09-01 14:47:32,514 - Iter 7070: loss=-1071.6765, change=1.90e-05, ‖θ[1:]‖₁=5.701, num_selected_knots=46
2025-09-01 14:47:32,589 - Iter 7080: loss=-1071.6780, change=1.90e-05, ‖θ[1:]‖₁=5.701, num_selected_knots=46
2025-09-01 14:47:32,662 - Iter 7090: loss=-1071.6785, change=1.90e-05, ‖θ[1:]‖₁=5.701, num_selected_knots=46
2025-09-01 14:47:32,735 - Iter 7100: loss=-1071.6807, change=1.90e-05, ‖θ[1:]‖₁=5.701, num_selected_knots=46
2025-09-01 14:47:32,808 - Iter 7110: loss=-1071.6821, change=1.90e-05, ‖θ[1:]‖₁=5.701, num_selected_knots=46
2025-09-01 14:47:32,881 - Iter 7120: loss=-1071.6838, change=1.90e-05, ‖θ[1:]‖₁=5.701, num_selected_knots=46
2025-09-01 14:47:32,954 - Iter 7130: loss=-1071.6875, change=1.87e-05, ‖θ[1:]‖₁=5.701, num_selected_knots=46
2025-09-01 14:47:33,028 - Iter 7140: loss=-1071.6892, change=1.84e-05, ‖θ[1:]‖₁=5.701, num_selected_knots=46
2025-09-01 14:47:33,101 - Iter 7150: loss=-1071.6897, change=1.81e-05, ‖θ[1:]‖₁=5.701, num_selected_knots=46
2025-09-01 14:47:33,174 - Iter 7160: loss=-1071.6903, change=1.78e-05, ‖θ[1:]‖₁=5.701, num_selected_knots=46
2025-09-01 14:47:33,247 - Iter 7170: loss=-1071.6897, change=1.75e-05, ‖θ[1:]‖₁=5.701, num_selected_knots=46
2025-09-01 14:47:33,321 - Iter 7180: loss=-1071.6874, change=1.72e-05, ‖θ[1:]‖₁=5.701, num_selected_knots=46
2025-09-01 14:47:33,394 - Iter 7190: loss=-1071.6859, change=1.69e-05, ‖θ[1:]‖₁=5.701, num_selected_knots=46
2025-09-01 14:47:33,467 - Iter 7200: loss=-1071.6827, change=1.66e-05, ‖θ[1:]‖₁=5.701, num_selected_knots=46
2025-09-01 14:47:33,540 - Iter 7210: loss=-1071.6821, change=1.63e-05, ‖θ[1:]‖₁=5.701, num_selected_knots=45
2025-09-01 14:47:33,613 - Iter 7220: loss=-1071.6816, change=1.59e-05, ‖θ[1:]‖₁=5.701, num_selected_knots=45
2025-09-01 14:47:33,686 - Iter 7230: loss=-1071.6791, change=1.54e-05, ‖θ[1:]‖₁=5.701, num_selected_knots=45
2025-09-01 14:47:33,760 - Iter 7240: loss=-1071.6779, change=1.48e-05, ‖θ[1:]‖₁=5.701, num_selected_knots=45
2025-09-01 14:47:33,833 - Iter 7250: loss=-1071.6765, change=1.42e-05, ‖θ[1:]‖₁=5.701, num_selected_knots=45
2025-09-01 14:47:33,906 - Iter 7260: loss=-1071.6754, change=1.36e-05, ‖θ[1:]‖₁=5.701, num_selected_knots=45
2025-09-01 14:47:33,979 - Iter 7270: loss=-1071.6737, change=1.30e-05, ‖θ[1:]‖₁=5.701, num_selected_knots=45
2025-09-01 14:47:34,052 - Iter 7280: loss=-1071.6733, change=1.24e-05, ‖θ[1:]‖₁=5.701, num_selected_knots=45
2025-09-01 14:47:34,125 - Iter 7290: loss=-1071.6733, change=1.18e-05, ‖θ[1:]‖₁=5.701, num_selected_knots=45
2025-09-01 14:47:34,198 - Iter 7300: loss=-1071.6719, change=1.16e-05, ‖θ[1:]‖₁=5.701, num_selected_knots=45
2025-09-01 14:47:34,271 - Iter 7310: loss=-1071.6731, change=1.22e-05, ‖θ[1:]‖₁=5.701, num_selected_knots=45
2025-09-01 14:47:34,343 - Iter 7320: loss=-1071.6714, change=1.25e-05, ‖θ[1:]‖₁=5.701, num_selected_knots=45
2025-09-01 14:47:34,416 - Iter 7330: loss=-1071.6720, change=1.28e-05, ‖θ[1:]‖₁=5.701, num_selected_knots=44
2025-09-01 14:47:34,490 - Iter 7340: loss=-1071.6719, change=1.31e-05, ‖θ[1:]‖₁=5.701, num_selected_knots=44
2025-09-01 14:47:34,563 - Iter 7350: loss=-1071.6726, change=1.34e-05, ‖θ[1:]‖₁=5.701, num_selected_knots=44
2025-09-01 14:47:34,636 - Iter 7360: loss=-1071.6702, change=1.34e-05, ‖θ[1:]‖₁=5.700, num_selected_knots=44
2025-09-01 14:47:34,709 - Iter 7370: loss=-1071.6676, change=1.34e-05, ‖θ[1:]‖₁=5.700, num_selected_knots=44
2025-09-01 14:47:34,782 - Iter 7380: loss=-1071.6663, change=1.34e-05, ‖θ[1:]‖₁=5.700, num_selected_knots=44
2025-09-01 14:47:34,856 - Iter 7390: loss=-1071.6630, change=1.33e-05, ‖θ[1:]‖₁=5.700, num_selected_knots=44
2025-09-01 14:47:34,929 - Iter 7400: loss=-1071.6608, change=1.30e-05, ‖θ[1:]‖₁=5.700, num_selected_knots=44
2025-09-01 14:47:35,002 - Iter 7410: loss=-1071.6577, change=1.38e-05, ‖θ[1:]‖₁=5.700, num_selected_knots=44
2025-09-01 14:47:35,075 - Iter 7420: loss=-1071.6581, change=1.46e-05, ‖θ[1:]‖₁=5.700, num_selected_knots=45
2025-09-01 14:47:35,149 - Iter 7430: loss=-1071.6572, change=1.54e-05, ‖θ[1:]‖₁=5.700, num_selected_knots=45
2025-09-01 14:47:35,222 - Iter 7440: loss=-1071.6586, change=1.62e-05, ‖θ[1:]‖₁=5.700, num_selected_knots=45
2025-09-01 14:47:35,295 - Iter 7450: loss=-1071.6609, change=1.69e-05, ‖θ[1:]‖₁=5.700, num_selected_knots=44
2025-09-01 14:47:35,368 - Iter 7460: loss=-1071.6638, change=1.77e-05, ‖θ[1:]‖₁=5.700, num_selected_knots=44
2025-09-01 14:47:35,442 - Iter 7470: loss=-1071.6653, change=1.84e-05, ‖θ[1:]‖₁=5.700, num_selected_knots=44
2025-09-01 14:47:35,516 - Iter 7480: loss=-1071.6688, change=1.89e-05, ‖θ[1:]‖₁=5.700, num_selected_knots=44
2025-09-01 14:47:35,589 - Iter 7490: loss=-1071.6757, change=1.94e-05, ‖θ[1:]‖₁=5.701, num_selected_knots=43
2025-09-01 14:47:35,663 - Iter 7500: loss=-1071.6821, change=1.97e-05, ‖θ[1:]‖₁=5.701, num_selected_knots=44
2025-09-01 14:47:35,737 - Iter 7510: loss=-1071.6880, change=1.99e-05, ‖θ[1:]‖₁=5.701, num_selected_knots=44
2025-09-01 14:47:35,810 - Iter 7520: loss=-1071.6925, change=2.01e-05, ‖θ[1:]‖₁=5.701, num_selected_knots=44
2025-09-01 14:47:35,884 - Iter 7530: loss=-1071.6970, change=2.01e-05, ‖θ[1:]‖₁=5.701, num_selected_knots=44
2025-09-01 14:47:35,957 - Iter 7540: loss=-1071.6998, change=2.01e-05, ‖θ[1:]‖₁=5.701, num_selected_knots=44
2025-09-01 14:47:36,031 - Iter 7550: loss=-1071.7026, change=1.99e-05, ‖θ[1:]‖₁=5.701, num_selected_knots=43
2025-09-01 14:47:36,104 - Iter 7560: loss=-1071.7014, change=1.97e-05, ‖θ[1:]‖₁=5.701, num_selected_knots=43
2025-09-01 14:47:36,177 - Iter 7570: loss=-1071.7006, change=1.94e-05, ‖θ[1:]‖₁=5.701, num_selected_knots=43
2025-09-01 14:47:36,250 - Iter 7580: loss=-1071.6970, change=1.91e-05, ‖θ[1:]‖₁=5.701, num_selected_knots=43
2025-09-01 14:47:36,323 - Iter 7590: loss=-1071.6938, change=1.88e-05, ‖θ[1:]‖₁=5.701, num_selected_knots=43
2025-09-01 14:47:36,396 - Iter 7600: loss=-1071.6882, change=1.86e-05, ‖θ[1:]‖₁=5.701, num_selected_knots=43
2025-09-01 14:47:36,469 - Iter 7610: loss=-1071.6832, change=1.84e-05, ‖θ[1:]‖₁=5.701, num_selected_knots=43
2025-09-01 14:47:36,542 - Iter 7620: loss=-1071.6777, change=1.82e-05, ‖θ[1:]‖₁=5.701, num_selected_knots=43
2025-09-01 14:47:36,615 - Iter 7630: loss=-1071.6715, change=1.80e-05, ‖θ[1:]‖₁=5.701, num_selected_knots=43
2025-09-01 14:47:36,689 - Iter 7640: loss=-1071.6680, change=1.78e-05, ‖θ[1:]‖₁=5.700, num_selected_knots=43
2025-09-01 14:47:36,762 - Iter 7650: loss=-1071.6630, change=1.77e-05, ‖θ[1:]‖₁=5.700, num_selected_knots=43
2025-09-01 14:47:36,836 - Iter 7660: loss=-1071.6616, change=1.76e-05, ‖θ[1:]‖₁=5.700, num_selected_knots=43
2025-09-01 14:47:36,909 - Iter 7670: loss=-1071.6593, change=1.75e-05, ‖θ[1:]‖₁=5.700, num_selected_knots=43
2025-09-01 14:47:36,982 - Iter 7680: loss=-1071.6591, change=1.74e-05, ‖θ[1:]‖₁=5.700, num_selected_knots=43
2025-09-01 14:47:37,055 - Iter 7690: loss=-1071.6584, change=1.74e-05, ‖θ[1:]‖₁=5.700, num_selected_knots=43
2025-09-01 14:47:37,129 - Iter 7700: loss=-1071.6595, change=1.74e-05, ‖θ[1:]‖₁=5.700, num_selected_knots=43
2025-09-01 14:47:37,202 - Iter 7710: loss=-1071.6611, change=1.74e-05, ‖θ[1:]‖₁=5.700, num_selected_knots=43
2025-09-01 14:47:37,275 - Iter 7720: loss=-1071.6620, change=1.74e-05, ‖θ[1:]‖₁=5.700, num_selected_knots=43
2025-09-01 14:47:37,349 - Iter 7730: loss=-1071.6638, change=1.74e-05, ‖θ[1:]‖₁=5.700, num_selected_knots=43
2025-09-01 14:47:37,422 - Iter 7740: loss=-1071.6658, change=1.74e-05, ‖θ[1:]‖₁=5.700, num_selected_knots=43
2025-09-01 14:47:37,495 - Iter 7750: loss=-1071.6658, change=1.74e-05, ‖θ[1:]‖₁=5.700, num_selected_knots=44
2025-09-01 14:47:37,569 - Iter 7760: loss=-1071.6665, change=1.74e-05, ‖θ[1:]‖₁=5.700, num_selected_knots=45
2025-09-01 14:47:37,644 - Iter 7770: loss=-1071.6660, change=1.73e-05, ‖θ[1:]‖₁=5.700, num_selected_knots=45
2025-09-01 14:47:37,717 - Iter 7780: loss=-1071.6658, change=1.72e-05, ‖θ[1:]‖₁=5.700, num_selected_knots=45
2025-09-01 14:47:37,790 - Iter 7790: loss=-1071.6650, change=1.70e-05, ‖θ[1:]‖₁=5.700, num_selected_knots=45
2025-09-01 14:47:37,864 - Iter 7800: loss=-1071.6622, change=1.69e-05, ‖θ[1:]‖₁=5.700, num_selected_knots=45
2025-09-01 14:47:37,937 - Iter 7810: loss=-1071.6593, change=1.67e-05, ‖θ[1:]‖₁=5.700, num_selected_knots=45
2025-09-01 14:47:38,010 - Iter 7820: loss=-1071.6559, change=1.67e-05, ‖θ[1:]‖₁=5.700, num_selected_knots=45
2025-09-01 14:47:38,119 - Iter 7830: loss=-1071.6521, change=1.68e-05, ‖θ[1:]‖₁=5.700, num_selected_knots=45
2025-09-01 14:47:38,192 - Iter 7840: loss=-1071.6501, change=1.68e-05, ‖θ[1:]‖₁=5.700, num_selected_knots=45
2025-09-01 14:47:38,266 - Iter 7850: loss=-1071.6484, change=1.67e-05, ‖θ[1:]‖₁=5.700, num_selected_knots=44
2025-09-01 14:47:38,339 - Iter 7860: loss=-1071.6493, change=1.64e-05, ‖θ[1:]‖₁=5.700, num_selected_knots=44
2025-09-01 14:47:38,412 - Iter 7870: loss=-1071.6489, change=1.59e-05, ‖θ[1:]‖₁=5.700, num_selected_knots=44
2025-09-01 14:47:38,486 - Iter 7880: loss=-1071.6481, change=1.63e-05, ‖θ[1:]‖₁=5.700, num_selected_knots=44
2025-09-01 14:47:38,560 - Iter 7890: loss=-1071.6481, change=1.69e-05, ‖θ[1:]‖₁=5.700, num_selected_knots=44
2025-09-01 14:47:38,633 - Iter 7900: loss=-1071.6473, change=1.75e-05, ‖θ[1:]‖₁=5.700, num_selected_knots=44
2025-09-01 14:47:38,706 - Iter 7910: loss=-1071.6484, change=1.78e-05, ‖θ[1:]‖₁=5.700, num_selected_knots=44
2025-09-01 14:47:38,779 - Iter 7920: loss=-1071.6505, change=1.81e-05, ‖θ[1:]‖₁=5.700, num_selected_knots=44
2025-09-01 14:47:38,852 - Iter 7930: loss=-1071.6539, change=1.84e-05, ‖θ[1:]‖₁=5.700, num_selected_knots=45
2025-09-01 14:47:38,925 - Iter 7940: loss=-1071.6606, change=1.86e-05, ‖θ[1:]‖₁=5.700, num_selected_knots=44
2025-09-01 14:47:38,998 - Iter 7950: loss=-1071.6682, change=1.86e-05, ‖θ[1:]‖₁=5.700, num_selected_knots=44
2025-09-01 14:47:39,071 - Iter 7960: loss=-1071.6772, change=1.86e-05, ‖θ[1:]‖₁=5.701, num_selected_knots=44
2025-09-01 14:47:39,144 - Iter 7970: loss=-1071.6847, change=1.86e-05, ‖θ[1:]‖₁=5.701, num_selected_knots=44
2025-09-01 14:47:39,216 - Iter 7980: loss=-1071.6919, change=1.84e-05, ‖θ[1:]‖₁=5.701, num_selected_knots=43
2025-09-01 14:47:39,289 - Iter 7990: loss=-1071.6957, change=1.81e-05, ‖θ[1:]‖₁=5.701, num_selected_knots=43
2025-09-01 14:47:39,362 - Iter 8000: loss=-1071.6982, change=1.80e-05, ‖θ[1:]‖₁=5.701, num_selected_knots=43
2025-09-01 14:47:39,435 - Iter 8010: loss=-1071.6993, change=1.86e-05, ‖θ[1:]‖₁=5.701, num_selected_knots=43
2025-09-01 14:47:39,508 - Iter 8020: loss=-1071.6990, change=1.92e-05, ‖θ[1:]‖₁=5.701, num_selected_knots=43
2025-09-01 14:47:39,581 - Iter 8030: loss=-1071.6969, change=1.97e-05, ‖θ[1:]‖₁=5.701, num_selected_knots=45
2025-09-01 14:47:39,655 - Iter 8040: loss=-1071.6952, change=2.00e-05, ‖θ[1:]‖₁=5.701, num_selected_knots=45
2025-09-01 14:47:39,728 - Iter 8050: loss=-1071.6941, change=2.03e-05, ‖θ[1:]‖₁=5.701, num_selected_knots=45
2025-09-01 14:47:39,802 - Iter 8060: loss=-1071.6926, change=2.06e-05, ‖θ[1:]‖₁=5.701, num_selected_knots=44
2025-09-01 14:47:39,875 - Iter 8070: loss=-1071.6932, change=2.09e-05, ‖θ[1:]‖₁=5.701, num_selected_knots=44
2025-09-01 14:47:39,949 - Iter 8080: loss=-1071.6904, change=2.12e-05, ‖θ[1:]‖₁=5.701, num_selected_knots=44
2025-09-01 14:47:40,023 - Iter 8090: loss=-1071.6860, change=2.14e-05, ‖θ[1:]‖₁=5.701, num_selected_knots=44
2025-09-01 14:47:40,096 - Iter 8100: loss=-1071.6779, change=2.14e-05, ‖θ[1:]‖₁=5.701, num_selected_knots=43
2025-09-01 14:47:40,169 - Iter 8110: loss=-1071.6714, change=2.14e-05, ‖θ[1:]‖₁=5.700, num_selected_knots=43
2025-09-01 14:47:40,243 - Iter 8120: loss=-1071.6641, change=2.14e-05, ‖θ[1:]‖₁=5.700, num_selected_knots=44
2025-09-01 14:47:40,316 - Iter 8130: loss=-1071.6602, change=2.14e-05, ‖θ[1:]‖₁=5.700, num_selected_knots=45
2025-09-01 14:47:40,389 - Iter 8140: loss=-1071.6584, change=2.14e-05, ‖θ[1:]‖₁=5.700, num_selected_knots=46
2025-09-01 14:47:40,462 - Iter 8150: loss=-1071.6589, change=2.14e-05, ‖θ[1:]‖₁=5.700, num_selected_knots=46
2025-09-01 14:47:40,536 - Iter 8160: loss=-1071.6639, change=2.14e-05, ‖θ[1:]‖₁=5.700, num_selected_knots=46
2025-09-01 14:47:40,610 - Iter 8170: loss=-1071.6689, change=2.14e-05, ‖θ[1:]‖₁=5.700, num_selected_knots=46
2025-09-01 14:47:40,683 - Iter 8180: loss=-1071.6747, change=2.14e-05, ‖θ[1:]‖₁=5.701, num_selected_knots=46
2025-09-01 14:47:40,756 - Iter 8190: loss=-1071.6810, change=2.14e-05, ‖θ[1:]‖₁=5.701, num_selected_knots=45
2025-09-01 14:47:40,829 - Iter 8200: loss=-1071.6841, change=2.14e-05, ‖θ[1:]‖₁=5.701, num_selected_knots=45
2025-09-01 14:47:40,903 - Iter 8210: loss=-1071.6854, change=2.14e-05, ‖θ[1:]‖₁=5.701, num_selected_knots=45
2025-09-01 14:47:40,976 - Iter 8220: loss=-1071.6855, change=2.14e-05, ‖θ[1:]‖₁=5.701, num_selected_knots=45
2025-09-01 14:47:41,049 - Iter 8230: loss=-1071.6862, change=2.14e-05, ‖θ[1:]‖₁=5.701, num_selected_knots=45
2025-09-01 14:47:41,122 - Iter 8240: loss=-1071.6874, change=2.14e-05, ‖θ[1:]‖₁=5.701, num_selected_knots=45
2025-09-01 14:47:41,195 - Iter 8250: loss=-1071.6877, change=2.14e-05, ‖θ[1:]‖₁=5.701, num_selected_knots=46
2025-09-01 14:47:41,268 - Iter 8260: loss=-1071.6899, change=2.14e-05, ‖θ[1:]‖₁=5.701, num_selected_knots=46
2025-09-01 14:47:41,342 - Iter 8270: loss=-1071.6934, change=2.15e-05, ‖θ[1:]‖₁=5.701, num_selected_knots=46
2025-09-01 14:47:41,415 - Iter 8280: loss=-1071.6956, change=2.16e-05, ‖θ[1:]‖₁=5.701, num_selected_knots=46
2025-09-01 14:47:41,489 - Iter 8290: loss=-1071.6959, change=2.19e-05, ‖θ[1:]‖₁=5.701, num_selected_knots=46
2025-09-01 14:47:41,562 - Iter 8300: loss=-1071.6936, change=2.22e-05, ‖θ[1:]‖₁=5.701, num_selected_knots=46
2025-09-01 14:47:41,635 - Iter 8310: loss=-1071.6896, change=2.25e-05, ‖θ[1:]‖₁=5.701, num_selected_knots=44
2025-09-01 14:47:41,708 - Iter 8320: loss=-1071.6853, change=2.28e-05, ‖θ[1:]‖₁=5.701, num_selected_knots=44
2025-09-01 14:47:41,782 - Iter 8330: loss=-1071.6802, change=2.31e-05, ‖θ[1:]‖₁=5.701, num_selected_knots=44
2025-09-01 14:47:41,855 - Iter 8340: loss=-1071.6749, change=2.34e-05, ‖θ[1:]‖₁=5.701, num_selected_knots=44
2025-09-01 14:47:41,928 - Iter 8350: loss=-1071.6707, change=2.37e-05, ‖θ[1:]‖₁=5.700, num_selected_knots=45
2025-09-01 14:47:42,002 - Iter 8360: loss=-1071.6687, change=2.40e-05, ‖θ[1:]‖₁=5.700, num_selected_knots=45
2025-09-01 14:47:42,075 - Iter 8370: loss=-1071.6650, change=2.43e-05, ‖θ[1:]‖₁=5.700, num_selected_knots=44
2025-09-01 14:47:42,149 - Iter 8380: loss=-1071.6635, change=2.46e-05, ‖θ[1:]‖₁=5.700, num_selected_knots=44
2025-09-01 14:47:42,222 - Iter 8390: loss=-1071.6616, change=2.47e-05, ‖θ[1:]‖₁=5.700, num_selected_knots=44
2025-09-01 14:47:42,295 - Iter 8400: loss=-1071.6587, change=2.48e-05, ‖θ[1:]‖₁=5.700, num_selected_knots=44
2025-09-01 14:47:42,368 - Iter 8410: loss=-1071.6548, change=2.49e-05, ‖θ[1:]‖₁=5.700, num_selected_knots=44
2025-09-01 14:47:42,442 - Iter 8420: loss=-1071.6501, change=2.49e-05, ‖θ[1:]‖₁=5.700, num_selected_knots=44
2025-09-01 14:47:42,515 - Iter 8430: loss=-1071.6447, change=2.49e-05, ‖θ[1:]‖₁=5.700, num_selected_knots=44
2025-09-01 14:47:42,590 - Iter 8440: loss=-1071.6399, change=2.49e-05, ‖θ[1:]‖₁=5.700, num_selected_knots=44
2025-09-01 14:47:42,663 - Iter 8450: loss=-1071.6368, change=2.49e-05, ‖θ[1:]‖₁=5.700, num_selected_knots=44
2025-09-01 14:47:42,736 - Iter 8460: loss=-1071.6332, change=2.48e-05, ‖θ[1:]‖₁=5.700, num_selected_knots=45
2025-09-01 14:47:42,809 - Iter 8470: loss=-1071.6334, change=2.46e-05, ‖θ[1:]‖₁=5.700, num_selected_knots=46
2025-09-01 14:47:42,882 - Iter 8480: loss=-1071.6343, change=2.43e-05, ‖θ[1:]‖₁=5.700, num_selected_knots=46
2025-09-01 14:47:42,956 - Iter 8490: loss=-1071.6345, change=2.40e-05, ‖θ[1:]‖₁=5.700, num_selected_knots=46
2025-09-01 14:47:43,029 - Iter 8500: loss=-1071.6364, change=2.37e-05, ‖θ[1:]‖₁=5.700, num_selected_knots=45
2025-09-01 14:47:43,102 - Iter 8510: loss=-1071.6362, change=2.34e-05, ‖θ[1:]‖₁=5.700, num_selected_knots=45
2025-09-01 14:47:43,175 - Iter 8520: loss=-1071.6399, change=2.31e-05, ‖θ[1:]‖₁=5.700, num_selected_knots=45
2025-09-01 14:47:43,248 - Iter 8530: loss=-1071.6417, change=2.28e-05, ‖θ[1:]‖₁=5.700, num_selected_knots=44
2025-09-01 14:47:43,321 - Iter 8540: loss=-1071.6432, change=2.25e-05, ‖θ[1:]‖₁=5.700, num_selected_knots=45
2025-09-01 14:47:43,394 - Iter 8550: loss=-1071.6455, change=2.22e-05, ‖θ[1:]‖₁=5.700, num_selected_knots=45
2025-09-01 14:47:43,467 - Iter 8560: loss=-1071.6467, change=2.19e-05, ‖θ[1:]‖₁=5.700, num_selected_knots=46
2025-09-01 14:47:43,541 - Iter 8570: loss=-1071.6476, change=2.16e-05, ‖θ[1:]‖₁=5.700, num_selected_knots=45
2025-09-01 14:47:43,614 - Iter 8580: loss=-1071.6472, change=2.13e-05, ‖θ[1:]‖₁=5.700, num_selected_knots=45
2025-09-01 14:47:43,687 - Iter 8590: loss=-1071.6475, change=2.10e-05, ‖θ[1:]‖₁=5.700, num_selected_knots=45
2025-09-01 14:47:43,760 - Iter 8600: loss=-1071.6472, change=2.07e-05, ‖θ[1:]‖₁=5.700, num_selected_knots=45
2025-09-01 14:47:43,834 - Iter 8610: loss=-1071.6462, change=2.04e-05, ‖θ[1:]‖₁=5.700, num_selected_knots=45
2025-09-01 14:47:43,907 - Iter 8620: loss=-1071.6438, change=2.01e-05, ‖θ[1:]‖₁=5.700, num_selected_knots=44
2025-09-01 14:47:43,981 - Iter 8630: loss=-1071.6406, change=1.98e-05, ‖θ[1:]‖₁=5.700, num_selected_knots=44
2025-09-01 14:47:44,054 - Iter 8640: loss=-1071.6382, change=1.95e-05, ‖θ[1:]‖₁=5.700, num_selected_knots=44
2025-09-01 14:47:44,128 - Iter 8650: loss=-1071.6375, change=1.94e-05, ‖θ[1:]‖₁=5.700, num_selected_knots=43
2025-09-01 14:47:44,201 - Iter 8660: loss=-1071.6365, change=1.94e-05, ‖θ[1:]‖₁=5.700, num_selected_knots=43
2025-09-01 14:47:44,274 - Iter 8670: loss=-1071.6378, change=1.94e-05, ‖θ[1:]‖₁=5.700, num_selected_knots=43
2025-09-01 14:47:44,348 - Iter 8680: loss=-1071.6414, change=1.94e-05, ‖θ[1:]‖₁=5.700, num_selected_knots=43
2025-09-01 14:47:44,421 - Iter 8690: loss=-1071.6451, change=1.94e-05, ‖θ[1:]‖₁=5.700, num_selected_knots=43
2025-09-01 14:47:44,494 - Iter 8700: loss=-1071.6506, change=1.94e-05, ‖θ[1:]‖₁=5.700, num_selected_knots=43
2025-09-01 14:47:44,568 - Iter 8710: loss=-1071.6573, change=1.94e-05, ‖θ[1:]‖₁=5.700, num_selected_knots=43
2025-09-01 14:47:44,640 - Iter 8720: loss=-1071.6647, change=1.94e-05, ‖θ[1:]‖₁=5.700, num_selected_knots=43
2025-09-01 14:47:44,713 - Iter 8730: loss=-1071.6736, change=1.94e-05, ‖θ[1:]‖₁=5.701, num_selected_knots=43
2025-09-01 14:47:44,786 - Iter 8740: loss=-1071.6797, change=1.94e-05, ‖θ[1:]‖₁=5.701, num_selected_knots=43
2025-09-01 14:47:44,860 - Iter 8750: loss=-1071.6877, change=1.94e-05, ‖θ[1:]‖₁=5.701, num_selected_knots=43
2025-09-01 14:47:44,934 - Iter 8760: loss=-1071.6938, change=1.94e-05, ‖θ[1:]‖₁=5.701, num_selected_knots=43
2025-09-01 14:47:45,007 - Iter 8770: loss=-1071.7003, change=1.94e-05, ‖θ[1:]‖₁=5.701, num_selected_knots=43
2025-09-01 14:47:45,081 - Iter 8780: loss=-1071.7057, change=1.94e-05, ‖θ[1:]‖₁=5.701, num_selected_knots=43
2025-09-01 14:47:45,154 - Iter 8790: loss=-1071.7106, change=1.94e-05, ‖θ[1:]‖₁=5.701, num_selected_knots=43
2025-09-01 14:47:45,227 - Iter 8800: loss=-1071.7144, change=1.94e-05, ‖θ[1:]‖₁=5.702, num_selected_knots=43
2025-09-01 14:47:45,301 - Iter 8810: loss=-1071.7153, change=1.94e-05, ‖θ[1:]‖₁=5.702, num_selected_knots=43
2025-09-01 14:47:45,374 - Iter 8820: loss=-1071.7130, change=1.93e-05, ‖θ[1:]‖₁=5.702, num_selected_knots=43
2025-09-01 14:47:45,447 - Iter 8830: loss=-1071.7125, change=1.90e-05, ‖θ[1:]‖₁=5.701, num_selected_knots=42
2025-09-01 14:47:45,521 - Iter 8840: loss=-1071.7100, change=1.87e-05, ‖θ[1:]‖₁=5.701, num_selected_knots=42
2025-09-01 14:47:45,594 - Iter 8850: loss=-1071.7047, change=1.84e-05, ‖θ[1:]‖₁=5.701, num_selected_knots=42
2025-09-01 14:47:45,667 - Iter 8860: loss=-1071.7014, change=1.81e-05, ‖θ[1:]‖₁=5.701, num_selected_knots=43
2025-09-01 14:47:45,740 - Iter 8870: loss=-1071.6974, change=1.79e-05, ‖θ[1:]‖₁=5.701, num_selected_knots=43
2025-09-01 14:47:45,814 - Iter 8880: loss=-1071.6947, change=1.76e-05, ‖θ[1:]‖₁=5.701, num_selected_knots=43
2025-09-01 14:47:45,887 - Iter 8890: loss=-1071.6919, change=1.72e-05, ‖θ[1:]‖₁=5.701, num_selected_knots=43
2025-09-01 14:47:45,962 - Iter 8900: loss=-1071.6886, change=1.67e-05, ‖θ[1:]‖₁=5.701, num_selected_knots=43
2025-09-01 14:47:46,036 - Iter 8910: loss=-1071.6890, change=1.67e-05, ‖θ[1:]‖₁=5.701, num_selected_knots=43
2025-09-01 14:47:46,111 - Iter 8920: loss=-1071.6882, change=1.67e-05, ‖θ[1:]‖₁=5.701, num_selected_knots=43
2025-09-01 14:47:46,184 - Iter 8930: loss=-1071.6892, change=1.67e-05, ‖θ[1:]‖₁=5.701, num_selected_knots=43
2025-09-01 14:47:46,257 - Iter 8940: loss=-1071.6888, change=1.67e-05, ‖θ[1:]‖₁=5.701, num_selected_knots=43
2025-09-01 14:47:46,330 - Iter 8950: loss=-1071.6898, change=1.65e-05, ‖θ[1:]‖₁=5.701, num_selected_knots=44
2025-09-01 14:47:46,404 - Iter 8960: loss=-1071.6929, change=1.62e-05, ‖θ[1:]‖₁=5.701, num_selected_knots=44
2025-09-01 14:47:46,477 - Iter 8970: loss=-1071.6946, change=1.59e-05, ‖θ[1:]‖₁=5.701, num_selected_knots=44
2025-09-01 14:47:46,551 - Iter 8980: loss=-1071.6985, change=1.56e-05, ‖θ[1:]‖₁=5.701, num_selected_knots=44
2025-09-01 14:47:46,624 - Iter 8990: loss=-1071.7015, change=1.53e-05, ‖θ[1:]‖₁=5.701, num_selected_knots=44
2025-09-01 14:47:46,701 - Iter 9000: loss=-1071.7040, change=1.48e-05, ‖θ[1:]‖₁=5.701, num_selected_knots=44
2025-09-01 14:47:46,774 - Iter 9010: loss=-1071.7065, change=1.42e-05, ‖θ[1:]‖₁=5.701, num_selected_knots=44
2025-09-01 14:47:46,847 - Iter 9020: loss=-1071.7095, change=1.40e-05, ‖θ[1:]‖₁=5.701, num_selected_knots=44
2025-09-01 14:47:46,920 - Iter 9030: loss=-1071.7098, change=1.40e-05, ‖θ[1:]‖₁=5.701, num_selected_knots=44
2025-09-01 14:47:46,994 - Iter 9040: loss=-1071.7107, change=1.40e-05, ‖θ[1:]‖₁=5.701, num_selected_knots=43
2025-09-01 14:47:47,067 - Iter 9050: loss=-1071.7113, change=1.40e-05, ‖θ[1:]‖₁=5.701, num_selected_knots=43
2025-09-01 14:47:47,140 - Iter 9060: loss=-1071.7117, change=1.40e-05, ‖θ[1:]‖₁=5.701, num_selected_knots=43
2025-09-01 14:47:47,214 - Iter 9070: loss=-1071.7101, change=1.40e-05, ‖θ[1:]‖₁=5.701, num_selected_knots=43
2025-09-01 14:47:47,286 - Iter 9080: loss=-1071.7089, change=1.40e-05, ‖θ[1:]‖₁=5.701, num_selected_knots=43
2025-09-01 14:47:47,360 - Iter 9090: loss=-1071.7085, change=1.40e-05, ‖θ[1:]‖₁=5.701, num_selected_knots=43
2025-09-01 14:47:47,433 - Iter 9100: loss=-1071.7067, change=1.40e-05, ‖θ[1:]‖₁=5.701, num_selected_knots=43
2025-09-01 14:47:47,506 - Iter 9110: loss=-1071.7061, change=1.40e-05, ‖θ[1:]‖₁=5.701, num_selected_knots=43
2025-09-01 14:47:47,581 - Iter 9120: loss=-1071.7045, change=1.40e-05, ‖θ[1:]‖₁=5.701, num_selected_knots=44
2025-09-01 14:47:47,656 - Iter 9130: loss=-1071.7040, change=1.40e-05, ‖θ[1:]‖₁=5.701, num_selected_knots=44
2025-09-01 14:47:47,729 - Iter 9140: loss=-1071.7041, change=1.38e-05, ‖θ[1:]‖₁=5.701, num_selected_knots=44
2025-09-01 14:47:47,802 - Iter 9150: loss=-1071.7034, change=1.35e-05, ‖θ[1:]‖₁=5.701, num_selected_knots=44
2025-09-01 14:47:47,908 - Iter 9160: loss=-1071.7031, change=1.32e-05, ‖θ[1:]‖₁=5.701, num_selected_knots=44
2025-09-01 14:47:47,981 - Iter 9170: loss=-1071.7030, change=1.29e-05, ‖θ[1:]‖₁=5.701, num_selected_knots=44
2025-09-01 14:47:48,055 - Iter 9180: loss=-1071.7039, change=1.26e-05, ‖θ[1:]‖₁=5.701, num_selected_knots=44
2025-09-01 14:47:48,128 - Iter 9190: loss=-1071.7046, change=1.23e-05, ‖θ[1:]‖₁=5.701, num_selected_knots=45
2025-09-01 14:47:48,201 - Iter 9200: loss=-1071.7073, change=1.21e-05, ‖θ[1:]‖₁=5.701, num_selected_knots=45
2025-09-01 14:47:48,274 - Iter 9210: loss=-1071.7097, change=1.21e-05, ‖θ[1:]‖₁=5.701, num_selected_knots=45
2025-09-01 14:47:48,347 - Iter 9220: loss=-1071.7137, change=1.21e-05, ‖θ[1:]‖₁=5.702, num_selected_knots=45
2025-09-01 14:47:48,420 - Iter 9230: loss=-1071.7174, change=1.21e-05, ‖θ[1:]‖₁=5.702, num_selected_knots=45
2025-09-01 14:47:48,494 - Iter 9240: loss=-1071.7217, change=1.21e-05, ‖θ[1:]‖₁=5.702, num_selected_knots=45
2025-09-01 14:47:48,567 - Iter 9250: loss=-1071.7271, change=1.21e-05, ‖θ[1:]‖₁=5.702, num_selected_knots=45
2025-09-01 14:47:48,641 - Iter 9260: loss=-1071.7297, change=1.21e-05, ‖θ[1:]‖₁=5.702, num_selected_knots=45
2025-09-01 14:47:48,714 - Iter 9270: loss=-1071.7332, change=1.21e-05, ‖θ[1:]‖₁=5.702, num_selected_knots=46
2025-09-01 14:47:48,787 - Iter 9280: loss=-1071.7363, change=1.20e-05, ‖θ[1:]‖₁=5.702, num_selected_knots=46
2025-09-01 14:47:48,861 - Iter 9290: loss=-1071.7383, change=1.19e-05, ‖θ[1:]‖₁=5.702, num_selected_knots=46
2025-09-01 14:47:48,934 - Iter 9300: loss=-1071.7395, change=1.17e-05, ‖θ[1:]‖₁=5.702, num_selected_knots=46
2025-09-01 14:47:49,008 - Iter 9310: loss=-1071.7410, change=1.14e-05, ‖θ[1:]‖₁=5.702, num_selected_knots=46
2025-09-01 14:47:49,081 - Iter 9320: loss=-1071.7451, change=1.13e-05, ‖θ[1:]‖₁=5.702, num_selected_knots=46
2025-09-01 14:47:49,155 - Iter 9330: loss=-1071.7467, change=1.15e-05, ‖θ[1:]‖₁=5.702, num_selected_knots=46
2025-09-01 14:47:49,228 - Iter 9340: loss=-1071.7488, change=1.17e-05, ‖θ[1:]‖₁=5.702, num_selected_knots=46
2025-09-01 14:47:49,301 - Iter 9350: loss=-1071.7493, change=1.20e-05, ‖θ[1:]‖₁=5.702, num_selected_knots=46
2025-09-01 14:47:49,375 - Iter 9360: loss=-1071.7495, change=1.23e-05, ‖θ[1:]‖₁=5.702, num_selected_knots=46
2025-09-01 14:47:49,449 - Iter 9370: loss=-1071.7488, change=1.26e-05, ‖θ[1:]‖₁=5.702, num_selected_knots=46
2025-09-01 14:47:49,522 - Iter 9380: loss=-1071.7488, change=1.29e-05, ‖θ[1:]‖₁=5.702, num_selected_knots=45
2025-09-01 14:47:49,595 - Iter 9390: loss=-1071.7478, change=1.32e-05, ‖θ[1:]‖₁=5.702, num_selected_knots=45
2025-09-01 14:47:49,669 - Iter 9400: loss=-1071.7456, change=1.35e-05, ‖θ[1:]‖₁=5.702, num_selected_knots=45
2025-09-01 14:47:49,742 - Iter 9410: loss=-1071.7432, change=1.38e-05, ‖θ[1:]‖₁=5.702, num_selected_knots=45
2025-09-01 14:47:49,815 - Iter 9420: loss=-1071.7391, change=1.41e-05, ‖θ[1:]‖₁=5.702, num_selected_knots=45
2025-09-01 14:47:49,888 - Iter 9430: loss=-1071.7367, change=1.43e-05, ‖θ[1:]‖₁=5.702, num_selected_knots=45
2025-09-01 14:47:49,961 - Iter 9440: loss=-1071.7323, change=1.45e-05, ‖θ[1:]‖₁=5.702, num_selected_knots=45
2025-09-01 14:47:50,034 - Iter 9450: loss=-1071.7305, change=1.47e-05, ‖θ[1:]‖₁=5.702, num_selected_knots=44
2025-09-01 14:47:50,107 - Iter 9460: loss=-1071.7285, change=1.48e-05, ‖θ[1:]‖₁=5.702, num_selected_knots=44
2025-09-01 14:47:50,181 - Iter 9470: loss=-1071.7273, change=1.48e-05, ‖θ[1:]‖₁=5.702, num_selected_knots=44
2025-09-01 14:47:50,255 - Iter 9480: loss=-1071.7253, change=1.48e-05, ‖θ[1:]‖₁=5.702, num_selected_knots=44
2025-09-01 14:47:50,328 - Iter 9490: loss=-1071.7252, change=1.48e-05, ‖θ[1:]‖₁=5.702, num_selected_knots=44
2025-09-01 14:47:50,403 - Iter 9500: loss=-1071.7246, change=1.48e-05, ‖θ[1:]‖₁=5.702, num_selected_knots=44
2025-09-01 14:47:50,477 - Iter 9510: loss=-1071.7247, change=1.48e-05, ‖θ[1:]‖₁=5.702, num_selected_knots=44
2025-09-01 14:47:50,550 - Iter 9520: loss=-1071.7247, change=1.48e-05, ‖θ[1:]‖₁=5.702, num_selected_knots=44
2025-09-01 14:47:50,623 - Iter 9530: loss=-1071.7240, change=1.48e-05, ‖θ[1:]‖₁=5.702, num_selected_knots=44
2025-09-01 14:47:50,697 - Iter 9540: loss=-1071.7240, change=1.48e-05, ‖θ[1:]‖₁=5.702, num_selected_knots=45
2025-09-01 14:47:50,770 - Iter 9550: loss=-1071.7245, change=1.48e-05, ‖θ[1:]‖₁=5.702, num_selected_knots=45
2025-09-01 14:47:50,843 - Iter 9560: loss=-1071.7249, change=1.47e-05, ‖θ[1:]‖₁=5.702, num_selected_knots=45
2025-09-01 14:47:50,916 - Iter 9570: loss=-1071.7249, change=1.47e-05, ‖θ[1:]‖₁=5.702, num_selected_knots=45
2025-09-01 14:47:50,989 - Iter 9580: loss=-1071.7251, change=1.44e-05, ‖θ[1:]‖₁=5.702, num_selected_knots=45
2025-09-01 14:47:51,062 - Iter 9590: loss=-1071.7224, change=1.41e-05, ‖θ[1:]‖₁=5.702, num_selected_knots=45
2025-09-01 14:47:51,136 - Iter 9600: loss=-1071.7201, change=1.39e-05, ‖θ[1:]‖₁=5.702, num_selected_knots=45
2025-09-01 14:47:51,209 - Iter 9610: loss=-1071.7159, change=1.42e-05, ‖θ[1:]‖₁=5.702, num_selected_knots=45
2025-09-01 14:47:51,283 - Iter 9620: loss=-1071.7134, change=1.47e-05, ‖θ[1:]‖₁=5.702, num_selected_knots=45
2025-09-01 14:47:51,357 - Iter 9630: loss=-1071.7079, change=1.53e-05, ‖θ[1:]‖₁=5.701, num_selected_knots=45
2025-09-01 14:47:51,430 - Iter 9640: loss=-1071.7053, change=1.59e-05, ‖θ[1:]‖₁=5.701, num_selected_knots=45
2025-09-01 14:47:51,504 - Iter 9650: loss=-1071.7024, change=1.64e-05, ‖θ[1:]‖₁=5.701, num_selected_knots=45
2025-09-01 14:47:51,577 - Iter 9660: loss=-1071.6987, change=1.67e-05, ‖θ[1:]‖₁=5.701, num_selected_knots=45
2025-09-01 14:47:51,650 - Iter 9670: loss=-1071.6969, change=1.73e-05, ‖θ[1:]‖₁=5.701, num_selected_knots=45
2025-09-01 14:47:51,723 - Iter 9680: loss=-1071.6965, change=1.76e-05, ‖θ[1:]‖₁=5.701, num_selected_knots=45
2025-09-01 14:47:51,838 - Iter 9690: loss=-1071.6953, change=1.80e-05, ‖θ[1:]‖₁=5.701, num_selected_knots=45
2025-09-01 14:47:51,911 - Iter 9700: loss=-1071.6953, change=1.83e-05, ‖θ[1:]‖₁=5.701, num_selected_knots=45
2025-09-01 14:47:51,984 - Iter 9710: loss=-1071.6953, change=1.86e-05, ‖θ[1:]‖₁=5.701, num_selected_knots=45
2025-09-01 14:47:52,058 - Iter 9720: loss=-1071.6951, change=1.89e-05, ‖θ[1:]‖₁=5.701, num_selected_knots=45
2025-09-01 14:47:52,130 - Iter 9730: loss=-1071.6958, change=1.92e-05, ‖θ[1:]‖₁=5.701, num_selected_knots=45
2025-09-01 14:47:52,203 - Iter 9740: loss=-1071.6975, change=1.95e-05, ‖θ[1:]‖₁=5.701, num_selected_knots=46
2025-09-01 14:47:52,276 - Iter 9750: loss=-1071.6990, change=1.98e-05, ‖θ[1:]‖₁=5.701, num_selected_knots=46
2025-09-01 14:47:52,350 - Iter 9760: loss=-1071.6990, change=2.01e-05, ‖θ[1:]‖₁=5.701, num_selected_knots=46
2025-09-01 14:47:52,423 - Iter 9770: loss=-1071.7012, change=2.04e-05, ‖θ[1:]‖₁=5.701, num_selected_knots=46
2025-09-01 14:47:52,496 - Iter 9780: loss=-1071.7029, change=2.07e-05, ‖θ[1:]‖₁=5.701, num_selected_knots=46
2025-09-01 14:47:52,569 - Iter 9790: loss=-1071.7050, change=2.07e-05, ‖θ[1:]‖₁=5.701, num_selected_knots=45
2025-09-01 14:47:52,644 - Iter 9800: loss=-1071.7062, change=2.07e-05, ‖θ[1:]‖₁=5.701, num_selected_knots=45
2025-09-01 14:47:52,717 - Iter 9810: loss=-1071.7068, change=2.07e-05, ‖θ[1:]‖₁=5.701, num_selected_knots=45
2025-09-01 14:47:52,791 - Iter 9820: loss=-1071.7069, change=2.07e-05, ‖θ[1:]‖₁=5.701, num_selected_knots=45
2025-09-01 14:47:52,864 - Iter 9830: loss=-1071.7056, change=2.07e-05, ‖θ[1:]‖₁=5.701, num_selected_knots=46
2025-09-01 14:47:52,938 - Iter 9840: loss=-1071.7040, change=2.07e-05, ‖θ[1:]‖₁=5.701, num_selected_knots=46
2025-09-01 14:47:53,011 - Iter 9850: loss=-1071.7029, change=2.07e-05, ‖θ[1:]‖₁=5.701, num_selected_knots=46
2025-09-01 14:47:53,084 - Iter 9860: loss=-1071.7017, change=2.07e-05, ‖θ[1:]‖₁=5.701, num_selected_knots=46
2025-09-01 14:47:53,157 - Iter 9870: loss=-1071.6997, change=2.07e-05, ‖θ[1:]‖₁=5.701, num_selected_knots=46
2025-09-01 14:47:53,230 - Iter 9880: loss=-1071.6975, change=2.07e-05, ‖θ[1:]‖₁=5.701, num_selected_knots=46
2025-09-01 14:47:53,303 - Iter 9890: loss=-1071.6947, change=2.07e-05, ‖θ[1:]‖₁=5.701, num_selected_knots=44
2025-09-01 14:47:53,376 - Iter 9900: loss=-1071.6925, change=2.07e-05, ‖θ[1:]‖₁=5.701, num_selected_knots=44
2025-09-01 14:47:53,450 - Iter 9910: loss=-1071.6909, change=2.07e-05, ‖θ[1:]‖₁=5.701, num_selected_knots=43
2025-09-01 14:47:53,523 - Iter 9920: loss=-1071.6890, change=2.07e-05, ‖θ[1:]‖₁=5.701, num_selected_knots=43
2025-09-01 14:47:53,596 - Iter 9930: loss=-1071.6860, change=2.07e-05, ‖θ[1:]‖₁=5.701, num_selected_knots=43
2025-09-01 14:47:53,668 - Iter 9940: loss=-1071.6824, change=2.07e-05, ‖θ[1:]‖₁=5.701, num_selected_knots=43
2025-09-01 14:47:53,741 - Iter 9950: loss=-1071.6790, change=2.07e-05, ‖θ[1:]‖₁=5.701, num_selected_knots=43
2025-09-01 14:47:53,814 - Iter 9960: loss=-1071.6761, change=2.07e-05, ‖θ[1:]‖₁=5.701, num_selected_knots=44
2025-09-01 14:47:53,888 - Iter 9970: loss=-1071.6718, change=2.07e-05, ‖θ[1:]‖₁=5.701, num_selected_knots=44
2025-09-01 14:47:53,961 - Iter 9980: loss=-1071.6691, change=2.07e-05, ‖θ[1:]‖₁=5.700, num_selected_knots=44
2025-09-01 14:47:54,034 - Iter 9990: loss=-1071.6663, change=2.07e-05, ‖θ[1:]‖₁=5.700, num_selected_knots=44
2025-09-01 14:47:54,107 - Iter 10000: loss=-1071.6641, change=2.07e-05, ‖θ[1:]‖₁=5.700, num_selected_knots=44
2025-09-01 14:47:54,115 - Final: selected_knots=44, iterations=10001
