2025-09-01 15:22:35,933 - ProximalAdaGrad: lam=1.0, alpha=3e-05, eps=1e-08, rho=1.0, n_grid=200, basis_order=1, n_samples=3200, K=3202
2025-09-01 15:22:35,953 - Iter   0: obj=0.000000, change=1.74e-02, α=0.000, ‖θ[1:]‖₁=0.706, h_range=[1.00e-02, 1.63e+01], num_knots=3123
2025-09-01 15:22:36,169 - Iter  10: obj=-299.815751, change=1.75e-02, α=0.000, ‖θ[1:]‖₁=6.371, h_range=[1.00e-08, 1.52e+01], num_knots=3113
2025-09-01 15:22:36,263 - Iter  20: obj=-429.027595, change=1.25e-02, α=0.000, ‖θ[1:]‖₁=9.956, h_range=[1.00e-08, 1.44e+01], num_knots=3089
2025-09-01 15:22:36,383 - Iter  30: obj=-483.683011, change=8.48e-03, α=0.000, ‖θ[1:]‖₁=12.073, h_range=[1.00e-08, 1.38e+01], num_knots=3074
2025-09-01 15:22:36,517 - Iter  40: obj=-508.510584, change=5.64e-03, α=0.000, ‖θ[1:]‖₁=13.328, h_range=[1.00e-08, 1.35e+01], num_knots=3096
2025-09-01 15:22:36,617 - Iter  50: obj=-521.657502, change=3.78e-03, α=0.000, ‖θ[1:]‖₁=14.183, h_range=[1.00e-08, 1.32e+01], num_knots=3109
2025-09-01 15:22:36,708 - Iter  60: obj=-530.288765, change=2.60e-03, α=0.000, ‖θ[1:]‖₁=14.808, h_range=[1.00e-08, 1.31e+01], num_knots=3110
2025-09-01 15:22:36,812 - Iter  70: obj=-537.073068, change=1.86e-03, α=0.000, ‖θ[1:]‖₁=15.310, h_range=[1.00e-08, 1.30e+01], num_knots=3113
2025-09-01 15:22:36,920 - Iter  80: obj=-543.005958, change=1.41e-03, α=0.000, ‖θ[1:]‖₁=15.748, h_range=[1.00e-08, 1.30e+01], num_knots=3113
2025-09-01 15:22:37,020 - Iter  90: obj=-548.464423, change=1.12e-03, α=0.000, ‖θ[1:]‖₁=16.154, h_range=[1.00e-08, 1.29e+01], num_knots=3113
2025-09-01 15:22:37,137 - Iter 100: obj=-553.605351, change=9.44e-04, α=0.000, ‖θ[1:]‖₁=16.541, h_range=[1.00e-08, 1.29e+01], num_knots=3112
2025-09-01 15:22:37,284 - Iter 110: obj=-558.504714, change=8.28e-04, α=0.000, ‖θ[1:]‖₁=16.919, h_range=[1.00e-08, 1.29e+01], num_knots=3112
2025-09-01 15:22:37,491 - Iter 120: obj=-563.202744, change=7.52e-04, α=0.000, ‖θ[1:]‖₁=17.290, h_range=[1.00e-08, 1.28e+01], num_knots=3112
2025-09-01 15:22:37,625 - Iter 130: obj=-567.718075, change=6.98e-04, α=0.000, ‖θ[1:]‖₁=17.660, h_range=[1.00e-08, 1.28e+01], num_knots=3110
2025-09-01 15:22:37,733 - Iter 140: obj=-572.016072, change=7.00e-04, α=0.000, ‖θ[1:]‖₁=18.060, h_range=[1.00e-08, 1.28e+01], num_knots=3108
2025-09-01 15:22:37,844 - Iter 150: obj=-576.081831, change=6.46e-04, α=0.000, ‖θ[1:]‖₁=18.497, h_range=[1.00e-08, 1.28e+01], num_knots=3106
2025-09-01 15:22:37,958 - Iter 160: obj=-579.975082, change=6.11e-04, α=0.000, ‖θ[1:]‖₁=18.950, h_range=[1.00e-08, 1.28e+01], num_knots=3105
2025-09-01 15:22:38,076 - Iter 170: obj=-583.720261, change=5.76e-04, α=0.000, ‖θ[1:]‖₁=19.414, h_range=[1.00e-08, 1.28e+01], num_knots=3106
2025-09-01 15:22:38,196 - Iter 180: obj=-587.337533, change=5.47e-04, α=0.000, ‖θ[1:]‖₁=19.883, h_range=[1.00e-08, 1.28e+01], num_knots=3107
2025-09-01 15:22:38,293 - Iter 190: obj=-590.837539, change=5.29e-04, α=0.000, ‖θ[1:]‖₁=20.356, h_range=[1.00e-08, 1.27e+01], num_knots=3105
2025-09-01 15:22:38,409 - Iter 200: obj=-594.224108, change=5.13e-04, α=0.000, ‖θ[1:]‖₁=20.835, h_range=[1.00e-08, 1.27e+01], num_knots=3108
2025-09-01 15:22:38,501 - Iter 210: obj=-597.514209, change=4.93e-04, α=0.000, ‖θ[1:]‖₁=21.315, h_range=[1.00e-08, 1.27e+01], num_knots=3104
2025-09-01 15:22:38,608 - Iter 220: obj=-600.712533, change=4.77e-04, α=0.000, ‖θ[1:]‖₁=21.795, h_range=[1.00e-08, 1.27e+01], num_knots=3099
2025-09-01 15:22:38,715 - Iter 230: obj=-603.828410, change=4.62e-04, α=0.000, ‖θ[1:]‖₁=22.276, h_range=[1.00e-08, 1.27e+01], num_knots=3095
2025-09-01 15:22:38,822 - Iter 240: obj=-606.864780, change=4.55e-04, α=0.000, ‖θ[1:]‖₁=22.756, h_range=[1.00e-08, 1.27e+01], num_knots=3095
2025-09-01 15:22:38,928 - Iter 250: obj=-609.830757, change=4.43e-04, α=0.000, ‖θ[1:]‖₁=23.233, h_range=[1.00e-08, 1.27e+01], num_knots=3092
2025-09-01 15:22:39,046 - Iter 260: obj=-612.728912, change=4.31e-04, α=0.000, ‖θ[1:]‖₁=23.709, h_range=[1.00e-08, 1.27e+01], num_knots=3089
2025-09-01 15:22:39,156 - Iter 270: obj=-615.564807, change=4.18e-04, α=0.000, ‖θ[1:]‖₁=24.181, h_range=[1.00e-08, 1.27e+01], num_knots=3089
2025-09-01 15:22:39,254 - Iter 280: obj=-618.342091, change=4.14e-04, α=0.000, ‖θ[1:]‖₁=24.651, h_range=[1.00e-08, 1.27e+01], num_knots=3087
2025-09-01 15:22:39,415 - Iter 290: obj=-621.060060, change=4.03e-04, α=0.000, ‖θ[1:]‖₁=25.119, h_range=[1.00e-08, 1.27e+01], num_knots=3082
2025-09-01 15:22:39,516 - Iter 300: obj=-623.725771, change=3.92e-04, α=0.000, ‖θ[1:]‖₁=25.583, h_range=[1.00e-08, 1.27e+01], num_knots=3075
2025-09-01 15:22:39,610 - Iter 310: obj=-626.343052, change=3.82e-04, α=0.000, ‖θ[1:]‖₁=26.043, h_range=[1.00e-08, 1.27e+01], num_knots=3074
2025-09-01 15:22:39,749 - Iter 320: obj=-628.915929, change=3.75e-04, α=0.000, ‖θ[1:]‖₁=26.498, h_range=[1.00e-08, 1.26e+01], num_knots=3072
2025-09-01 15:22:39,849 - Iter 330: obj=-631.444031, change=3.73e-04, α=0.000, ‖θ[1:]‖₁=26.949, h_range=[1.00e-08, 1.26e+01], num_knots=3068
2025-09-01 15:22:39,970 - Iter 340: obj=-633.927268, change=3.66e-04, α=0.000, ‖θ[1:]‖₁=27.397, h_range=[1.00e-08, 1.26e+01], num_knots=3064
2025-09-01 15:22:40,082 - Iter 350: obj=-636.369570, change=3.61e-04, α=0.000, ‖θ[1:]‖₁=27.840, h_range=[1.00e-08, 1.26e+01], num_knots=3062
2025-09-01 15:22:40,182 - Iter 360: obj=-638.771084, change=3.59e-04, α=0.000, ‖θ[1:]‖₁=28.280, h_range=[1.00e-08, 1.26e+01], num_knots=3054
2025-09-01 15:22:40,291 - Iter 370: obj=-641.131148, change=3.53e-04, α=0.000, ‖θ[1:]‖₁=28.717, h_range=[1.00e-08, 1.26e+01], num_knots=3053
2025-09-01 15:22:40,399 - Iter 380: obj=-643.453535, change=3.50e-04, α=0.000, ‖θ[1:]‖₁=29.151, h_range=[1.00e-08, 1.26e+01], num_knots=3051
2025-09-01 15:22:40,505 - Iter 390: obj=-645.738248, change=3.41e-04, α=0.000, ‖θ[1:]‖₁=29.581, h_range=[1.00e-08, 1.26e+01], num_knots=3047
2025-09-01 15:22:40,617 - Iter 400: obj=-647.986822, change=3.38e-04, α=0.000, ‖θ[1:]‖₁=30.008, h_range=[1.00e-08, 1.26e+01], num_knots=3046
2025-09-01 15:22:40,743 - Iter 410: obj=-650.200875, change=3.33e-04, α=0.000, ‖θ[1:]‖₁=30.432, h_range=[1.00e-08, 1.26e+01], num_knots=3043
2025-09-01 15:22:40,863 - Iter 420: obj=-652.383591, change=3.27e-04, α=0.000, ‖θ[1:]‖₁=30.851, h_range=[1.00e-08, 1.26e+01], num_knots=3040
2025-09-01 15:22:40,989 - Iter 430: obj=-654.535176, change=3.30e-04, α=0.000, ‖θ[1:]‖₁=31.266, h_range=[1.00e-08, 1.26e+01], num_knots=3036
2025-09-01 15:22:41,159 - Iter 440: obj=-656.654667, change=3.20e-04, α=0.000, ‖θ[1:]‖₁=31.677, h_range=[1.00e-08, 1.26e+01], num_knots=3033
2025-09-01 15:22:41,297 - Iter 450: obj=-658.745044, change=3.16e-04, α=0.000, ‖θ[1:]‖₁=32.085, h_range=[1.00e-08, 1.26e+01], num_knots=3032
2025-09-01 15:22:41,421 - Iter 460: obj=-660.805484, change=3.15e-04, α=0.000, ‖θ[1:]‖₁=32.490, h_range=[1.00e-08, 1.26e+01], num_knots=3028
2025-09-01 15:22:41,615 - Iter 470: obj=-662.837150, change=3.13e-04, α=0.000, ‖θ[1:]‖₁=32.891, h_range=[1.00e-08, 1.26e+01], num_knots=3026
2025-09-01 15:22:41,840 - Iter 480: obj=-664.841523, change=3.09e-04, α=0.000, ‖θ[1:]‖₁=33.289, h_range=[1.00e-08, 1.26e+01], num_knots=3024
2025-09-01 15:22:42,012 - Iter 490: obj=-666.818429, change=3.07e-04, α=0.000, ‖θ[1:]‖₁=33.683, h_range=[1.00e-08, 1.26e+01], num_knots=3021
2025-09-01 15:22:42,144 - Iter 500: obj=-668.768487, change=3.04e-04, α=0.000, ‖θ[1:]‖₁=34.073, h_range=[1.00e-08, 1.26e+01], num_knots=3018
2025-09-01 15:22:42,249 - Iter 510: obj=-670.692881, change=3.02e-04, α=0.000, ‖θ[1:]‖₁=34.460, h_range=[1.00e-08, 1.26e+01], num_knots=3016
2025-09-01 15:22:42,374 - Iter 520: obj=-672.592161, change=3.00e-04, α=0.000, ‖θ[1:]‖₁=34.844, h_range=[1.00e-08, 1.25e+01], num_knots=3015
2025-09-01 15:22:42,501 - Iter 530: obj=-674.465923, change=2.97e-04, α=0.000, ‖θ[1:]‖₁=35.225, h_range=[1.00e-08, 1.25e+01], num_knots=3013
2025-09-01 15:22:42,616 - Iter 540: obj=-676.315352, change=2.95e-04, α=0.000, ‖θ[1:]‖₁=35.602, h_range=[1.00e-08, 1.25e+01], num_knots=3010
2025-09-01 15:22:42,718 - Iter 550: obj=-678.141128, change=2.92e-04, α=0.000, ‖θ[1:]‖₁=35.976, h_range=[1.00e-08, 1.25e+01], num_knots=3008
2025-09-01 15:22:42,823 - Iter 560: obj=-679.943854, change=2.91e-04, α=0.000, ‖θ[1:]‖₁=36.347, h_range=[1.00e-08, 1.25e+01], num_knots=3008
2025-09-01 15:22:42,931 - Iter 570: obj=-681.723902, change=2.89e-04, α=0.000, ‖θ[1:]‖₁=36.714, h_range=[1.00e-08, 1.25e+01], num_knots=3005
2025-09-01 15:22:43,034 - Iter 580: obj=-683.481285, change=2.87e-04, α=0.000, ‖θ[1:]‖₁=37.079, h_range=[1.00e-08, 1.25e+01], num_knots=3003
2025-09-01 15:22:43,143 - Iter 590: obj=-685.216548, change=2.85e-04, α=0.000, ‖θ[1:]‖₁=37.441, h_range=[1.00e-08, 1.25e+01], num_knots=3001
2025-09-01 15:22:43,263 - Iter 600: obj=-686.930361, change=2.83e-04, α=0.000, ‖θ[1:]‖₁=37.799, h_range=[1.00e-08, 1.25e+01], num_knots=2998
2025-09-01 15:22:43,388 - Iter 610: obj=-688.622736, change=2.83e-04, α=0.000, ‖θ[1:]‖₁=38.155, h_range=[1.00e-08, 1.25e+01], num_knots=2994
2025-09-01 15:22:43,498 - Iter 620: obj=-690.294116, change=2.79e-04, α=0.000, ‖θ[1:]‖₁=38.509, h_range=[1.00e-08, 1.25e+01], num_knots=2994
2025-09-01 15:22:43,614 - Iter 630: obj=-691.945412, change=2.78e-04, α=0.000, ‖θ[1:]‖₁=38.859, h_range=[1.00e-08, 1.25e+01], num_knots=2991
2025-09-01 15:22:43,735 - Iter 640: obj=-693.576294, change=2.77e-04, α=0.000, ‖θ[1:]‖₁=39.207, h_range=[1.00e-08, 1.25e+01], num_knots=2986
2025-09-01 15:22:43,874 - Iter 650: obj=-695.187277, change=2.75e-04, α=0.000, ‖θ[1:]‖₁=39.552, h_range=[1.00e-08, 1.25e+01], num_knots=2984
2025-09-01 15:22:43,981 - Iter 660: obj=-696.779512, change=2.72e-04, α=0.000, ‖θ[1:]‖₁=39.893, h_range=[1.00e-08, 1.25e+01], num_knots=2982
2025-09-01 15:22:44,147 - Iter 670: obj=-698.352972, change=2.71e-04, α=0.000, ‖θ[1:]‖₁=40.232, h_range=[1.00e-08, 1.25e+01], num_knots=2974
2025-09-01 15:22:44,280 - Iter 680: obj=-699.907521, change=2.71e-04, α=0.000, ‖θ[1:]‖₁=40.568, h_range=[1.00e-08, 1.25e+01], num_knots=2969
2025-09-01 15:22:44,377 - Iter 690: obj=-701.443259, change=2.70e-04, α=0.000, ‖θ[1:]‖₁=40.902, h_range=[1.00e-08, 1.25e+01], num_knots=2963
2025-09-01 15:22:44,482 - Iter 700: obj=-702.961231, change=2.68e-04, α=0.000, ‖θ[1:]‖₁=41.232, h_range=[1.00e-08, 1.25e+01], num_knots=2959
2025-09-01 15:22:44,594 - Iter 710: obj=-704.461525, change=2.68e-04, α=0.000, ‖θ[1:]‖₁=41.560, h_range=[1.00e-08, 1.25e+01], num_knots=2958
2025-09-01 15:22:44,733 - Iter 720: obj=-705.944525, change=2.65e-04, α=0.000, ‖θ[1:]‖₁=41.885, h_range=[1.00e-08, 1.25e+01], num_knots=2956
2025-09-01 15:22:44,836 - Iter 730: obj=-707.410539, change=2.63e-04, α=0.000, ‖θ[1:]‖₁=42.207, h_range=[1.00e-08, 1.25e+01], num_knots=2953
2025-09-01 15:22:44,945 - Iter 740: obj=-708.859987, change=2.62e-04, α=0.000, ‖θ[1:]‖₁=42.527, h_range=[1.00e-08, 1.25e+01], num_knots=2950
2025-09-01 15:22:45,060 - Iter 750: obj=-710.292737, change=2.61e-04, α=0.000, ‖θ[1:]‖₁=42.844, h_range=[1.00e-08, 1.25e+01], num_knots=2946
2025-09-01 15:22:45,182 - Iter 760: obj=-711.709377, change=2.60e-04, α=0.000, ‖θ[1:]‖₁=43.159, h_range=[1.00e-08, 1.25e+01], num_knots=2944
2025-09-01 15:22:45,304 - Iter 770: obj=-713.110095, change=2.57e-04, α=0.000, ‖θ[1:]‖₁=43.470, h_range=[1.00e-08, 1.25e+01], num_knots=2941
2025-09-01 15:22:45,437 - Iter 780: obj=-714.494821, change=2.58e-04, α=0.000, ‖θ[1:]‖₁=43.780, h_range=[1.00e-08, 1.25e+01], num_knots=2941
2025-09-01 15:22:45,537 - Iter 790: obj=-715.863912, change=2.58e-04, α=0.000, ‖θ[1:]‖₁=44.087, h_range=[1.00e-08, 1.25e+01], num_knots=2936
2025-09-01 15:22:45,636 - Iter 800: obj=-717.217329, change=2.56e-04, α=0.000, ‖θ[1:]‖₁=44.391, h_range=[1.00e-08, 1.25e+01], num_knots=2936
2025-09-01 15:22:45,737 - Iter 810: obj=-718.555665, change=2.55e-04, α=0.000, ‖θ[1:]‖₁=44.694, h_range=[1.00e-08, 1.25e+01], num_knots=2932
2025-09-01 15:22:45,855 - Iter 820: obj=-719.879180, change=2.53e-04, α=0.000, ‖θ[1:]‖₁=44.994, h_range=[1.00e-08, 1.24e+01], num_knots=2930
2025-09-01 15:22:45,950 - Iter 830: obj=-721.188193, change=2.52e-04, α=0.000, ‖θ[1:]‖₁=45.292, h_range=[1.00e-08, 1.24e+01], num_knots=2929
2025-09-01 15:22:46,061 - Iter 840: obj=-722.482799, change=2.51e-04, α=0.000, ‖θ[1:]‖₁=45.587, h_range=[1.00e-08, 1.24e+01], num_knots=2927
2025-09-01 15:22:46,162 - Iter 850: obj=-723.762992, change=2.50e-04, α=0.000, ‖θ[1:]‖₁=45.881, h_range=[1.00e-08, 1.24e+01], num_knots=2921
2025-09-01 15:22:46,272 - Iter 860: obj=-725.028962, change=2.50e-04, α=0.000, ‖θ[1:]‖₁=46.172, h_range=[1.00e-08, 1.24e+01], num_knots=2916
2025-09-01 15:22:46,375 - Iter 870: obj=-726.280624, change=2.49e-04, α=0.000, ‖θ[1:]‖₁=46.461, h_range=[1.00e-08, 1.24e+01], num_knots=2910
2025-09-01 15:22:46,471 - Iter 880: obj=-727.518164, change=2.48e-04, α=0.000, ‖θ[1:]‖₁=46.749, h_range=[1.00e-08, 1.24e+01], num_knots=2905
2025-09-01 15:22:46,575 - Iter 890: obj=-728.742037, change=2.47e-04, α=0.000, ‖θ[1:]‖₁=47.035, h_range=[1.00e-08, 1.24e+01], num_knots=2903
2025-09-01 15:22:46,680 - Iter 900: obj=-729.952696, change=2.46e-04, α=0.000, ‖θ[1:]‖₁=47.318, h_range=[1.00e-08, 1.24e+01], num_knots=2900
2025-09-01 15:22:46,800 - Iter 910: obj=-731.150340, change=2.44e-04, α=0.000, ‖θ[1:]‖₁=47.599, h_range=[1.00e-08, 1.24e+01], num_knots=2897
2025-09-01 15:22:46,907 - Iter 920: obj=-732.335135, change=2.45e-04, α=0.000, ‖θ[1:]‖₁=47.878, h_range=[1.00e-08, 1.24e+01], num_knots=2897
2025-09-01 15:22:47,010 - Iter 930: obj=-733.507053, change=2.44e-04, α=0.000, ‖θ[1:]‖₁=48.154, h_range=[1.00e-08, 1.24e+01], num_knots=2894
2025-09-01 15:22:47,117 - Iter 940: obj=-734.666405, change=2.42e-04, α=0.000, ‖θ[1:]‖₁=48.429, h_range=[1.00e-08, 1.24e+01], num_knots=2890
2025-09-01 15:22:47,232 - Iter 950: obj=-735.813371, change=2.41e-04, α=0.000, ‖θ[1:]‖₁=48.701, h_range=[1.00e-08, 1.24e+01], num_knots=2888
2025-09-01 15:22:47,353 - Iter 960: obj=-736.948257, change=2.40e-04, α=0.000, ‖θ[1:]‖₁=48.971, h_range=[1.00e-08, 1.24e+01], num_knots=2887
2025-09-01 15:22:47,458 - Iter 970: obj=-738.071197, change=2.39e-04, α=0.000, ‖θ[1:]‖₁=49.239, h_range=[1.00e-08, 1.24e+01], num_knots=2885
2025-09-01 15:22:47,578 - Iter 980: obj=-739.182204, change=2.38e-04, α=0.000, ‖θ[1:]‖₁=49.505, h_range=[1.00e-08, 1.24e+01], num_knots=2882
2025-09-01 15:22:47,674 - Iter 990: obj=-740.281281, change=2.37e-04, α=0.000, ‖θ[1:]‖₁=49.769, h_range=[1.00e-08, 1.24e+01], num_knots=2881
2025-09-01 15:22:47,767 - Iter 1000: obj=-741.368903, change=2.36e-04, α=0.000, ‖θ[1:]‖₁=50.032, h_range=[1.00e-08, 1.24e+01], num_knots=2877
2025-09-01 15:22:47,882 - Iter 1010: obj=-742.444767, change=2.35e-04, α=0.000, ‖θ[1:]‖₁=50.292, h_range=[1.00e-08, 1.24e+01], num_knots=2877
2025-09-01 15:22:48,001 - Iter 1020: obj=-743.509431, change=2.34e-04, α=0.000, ‖θ[1:]‖₁=50.551, h_range=[1.00e-08, 1.24e+01], num_knots=2875
2025-09-01 15:22:48,115 - Iter 1030: obj=-744.563091, change=2.33e-04, α=0.000, ‖θ[1:]‖₁=50.807, h_range=[1.00e-08, 1.24e+01], num_knots=2874
2025-09-01 15:22:48,234 - Iter 1040: obj=-745.605964, change=2.33e-04, α=0.000, ‖θ[1:]‖₁=51.062, h_range=[1.00e-08, 1.24e+01], num_knots=2872
2025-09-01 15:22:48,353 - Iter 1050: obj=-746.638070, change=2.33e-04, α=0.000, ‖θ[1:]‖₁=51.314, h_range=[1.00e-08, 1.24e+01], num_knots=2869
2025-09-01 15:22:48,454 - Iter 1060: obj=-747.659358, change=2.31e-04, α=0.000, ‖θ[1:]‖₁=51.565, h_range=[1.00e-08, 1.24e+01], num_knots=2869
2025-09-01 15:22:48,562 - Iter 1070: obj=-748.670302, change=2.31e-04, α=0.000, ‖θ[1:]‖₁=51.814, h_range=[1.00e-08, 1.24e+01], num_knots=2869
2025-09-01 15:22:48,694 - Iter 1080: obj=-749.670595, change=2.33e-04, α=0.000, ‖θ[1:]‖₁=52.061, h_range=[1.00e-08, 1.24e+01], num_knots=2864
2025-09-01 15:22:48,788 - Iter 1090: obj=-750.660051, change=2.30e-04, α=0.000, ‖θ[1:]‖₁=52.306, h_range=[1.00e-08, 1.24e+01], num_knots=2863
2025-09-01 15:22:48,910 - Iter 1100: obj=-751.639299, change=2.29e-04, α=0.000, ‖θ[1:]‖₁=52.550, h_range=[1.00e-08, 1.24e+01], num_knots=2862
2025-09-01 15:22:49,016 - Iter 1110: obj=-752.608521, change=2.28e-04, α=0.000, ‖θ[1:]‖₁=52.792, h_range=[1.00e-08, 1.24e+01], num_knots=2862
2025-09-01 15:22:49,137 - Iter 1120: obj=-753.567801, change=2.28e-04, α=0.000, ‖θ[1:]‖₁=53.032, h_range=[1.00e-08, 1.24e+01], num_knots=2860
2025-09-01 15:22:49,239 - Iter 1130: obj=-754.517261, change=2.26e-04, α=0.000, ‖θ[1:]‖₁=53.270, h_range=[1.00e-08, 1.24e+01], num_knots=2860
2025-09-01 15:22:49,356 - Iter 1140: obj=-755.457261, change=2.25e-04, α=0.000, ‖θ[1:]‖₁=53.506, h_range=[1.00e-08, 1.24e+01], num_knots=2857
2025-09-01 15:22:49,474 - Iter 1150: obj=-756.387438, change=2.24e-04, α=0.000, ‖θ[1:]‖₁=53.741, h_range=[1.00e-08, 1.24e+01], num_knots=2856
2025-09-01 15:22:49,581 - Iter 1160: obj=-757.308317, change=2.23e-04, α=0.000, ‖θ[1:]‖₁=53.974, h_range=[1.00e-08, 1.24e+01], num_knots=2855
2025-09-01 15:22:49,687 - Iter 1170: obj=-758.220046, change=2.23e-04, α=0.000, ‖θ[1:]‖₁=54.205, h_range=[1.00e-08, 1.24e+01], num_knots=2852
2025-09-01 15:22:49,788 - Iter 1180: obj=-759.122383, change=2.23e-04, α=0.000, ‖θ[1:]‖₁=54.435, h_range=[1.00e-08, 1.24e+01], num_knots=2847
2025-09-01 15:22:49,892 - Iter 1190: obj=-760.014965, change=2.23e-04, α=0.000, ‖θ[1:]‖₁=54.664, h_range=[1.00e-08, 1.23e+01], num_knots=2845
2025-09-01 15:22:50,001 - Iter 1200: obj=-760.898359, change=2.22e-04, α=0.000, ‖θ[1:]‖₁=54.891, h_range=[1.00e-08, 1.23e+01], num_knots=2844
2025-09-01 15:22:50,111 - Iter 1210: obj=-761.772709, change=2.20e-04, α=0.000, ‖θ[1:]‖₁=55.117, h_range=[1.00e-08, 1.23e+01], num_knots=2842
2025-09-01 15:22:50,213 - Iter 1220: obj=-762.638388, change=2.19e-04, α=0.000, ‖θ[1:]‖₁=55.341, h_range=[1.00e-08, 1.23e+01], num_knots=2840
2025-09-01 15:22:50,311 - Iter 1230: obj=-763.495535, change=2.18e-04, α=0.000, ‖θ[1:]‖₁=55.563, h_range=[1.00e-08, 1.23e+01], num_knots=2839
2025-09-01 15:22:50,415 - Iter 1240: obj=-764.344249, change=2.17e-04, α=0.000, ‖θ[1:]‖₁=55.784, h_range=[1.00e-08, 1.23e+01], num_knots=2834
2025-09-01 15:22:50,533 - Iter 1250: obj=-765.184299, change=2.16e-04, α=0.000, ‖θ[1:]‖₁=56.003, h_range=[1.00e-08, 1.23e+01], num_knots=2833
2025-09-01 15:22:50,644 - Iter 1260: obj=-766.016161, change=2.15e-04, α=0.000, ‖θ[1:]‖₁=56.221, h_range=[1.00e-08, 1.23e+01], num_knots=2832
2025-09-01 15:22:50,744 - Iter 1270: obj=-766.839916, change=2.15e-04, α=0.000, ‖θ[1:]‖₁=56.437, h_range=[1.00e-08, 1.23e+01], num_knots=2829
2025-09-01 15:22:50,847 - Iter 1280: obj=-767.655547, change=2.15e-04, α=0.000, ‖θ[1:]‖₁=56.651, h_range=[1.00e-08, 1.23e+01], num_knots=2827
2025-09-01 15:22:50,959 - Iter 1290: obj=-768.463018, change=2.13e-04, α=0.000, ‖θ[1:]‖₁=56.864, h_range=[1.00e-08, 1.23e+01], num_knots=2825
2025-09-01 15:22:51,064 - Iter 1300: obj=-769.262543, change=2.12e-04, α=0.000, ‖θ[1:]‖₁=57.076, h_range=[1.00e-08, 1.23e+01], num_knots=2825
2025-09-01 15:22:51,173 - Iter 1310: obj=-770.054186, change=2.12e-04, α=0.000, ‖θ[1:]‖₁=57.286, h_range=[1.00e-08, 1.23e+01], num_knots=2825
2025-09-01 15:22:51,298 - Iter 1320: obj=-770.838170, change=2.12e-04, α=0.000, ‖θ[1:]‖₁=57.495, h_range=[1.00e-08, 1.23e+01], num_knots=2824
2025-09-01 15:22:51,411 - Iter 1330: obj=-771.614127, change=2.10e-04, α=0.000, ‖θ[1:]‖₁=57.702, h_range=[1.00e-08, 1.23e+01], num_knots=2822
2025-09-01 15:22:51,535 - Iter 1340: obj=-772.382576, change=2.09e-04, α=0.000, ‖θ[1:]‖₁=57.908, h_range=[1.00e-08, 1.23e+01], num_knots=2819
2025-09-01 15:22:51,642 - Iter 1350: obj=-773.143541, change=2.08e-04, α=0.000, ‖θ[1:]‖₁=58.113, h_range=[1.00e-08, 1.23e+01], num_knots=2818
2025-09-01 15:22:51,751 - Iter 1360: obj=-773.897180, change=2.08e-04, α=0.000, ‖θ[1:]‖₁=58.316, h_range=[1.00e-08, 1.23e+01], num_knots=2817
2025-09-01 15:22:51,877 - Iter 1370: obj=-774.643697, change=2.07e-04, α=0.000, ‖θ[1:]‖₁=58.518, h_range=[1.00e-08, 1.23e+01], num_knots=2817
2025-09-01 15:22:51,987 - Iter 1380: obj=-775.383210, change=2.06e-04, α=0.000, ‖θ[1:]‖₁=58.718, h_range=[1.00e-08, 1.23e+01], num_knots=2816
2025-09-01 15:22:52,084 - Iter 1390: obj=-776.115668, change=2.06e-04, α=0.000, ‖θ[1:]‖₁=58.916, h_range=[1.00e-08, 1.23e+01], num_knots=2814
2025-09-01 15:22:52,171 - Iter 1400: obj=-776.841206, change=2.05e-04, α=0.000, ‖θ[1:]‖₁=59.113, h_range=[1.00e-08, 1.23e+01], num_knots=2814
2025-09-01 15:22:52,279 - Iter 1410: obj=-777.559910, change=2.04e-04, α=0.000, ‖θ[1:]‖₁=59.309, h_range=[1.00e-08, 1.23e+01], num_knots=2813
2025-09-01 15:22:52,389 - Iter 1420: obj=-778.271671, change=2.05e-04, α=0.000, ‖θ[1:]‖₁=59.503, h_range=[1.00e-08, 1.23e+01], num_knots=2811
2025-09-01 15:22:52,488 - Iter 1430: obj=-778.976323, change=2.03e-04, α=0.000, ‖θ[1:]‖₁=59.697, h_range=[1.00e-08, 1.23e+01], num_knots=2808
2025-09-01 15:22:52,584 - Iter 1440: obj=-779.674270, change=2.02e-04, α=0.000, ‖θ[1:]‖₁=59.889, h_range=[1.00e-08, 1.23e+01], num_knots=2806
2025-09-01 15:22:52,689 - Iter 1450: obj=-780.365451, change=2.02e-04, α=0.000, ‖θ[1:]‖₁=60.080, h_range=[1.00e-08, 1.23e+01], num_knots=2804
2025-09-01 15:22:52,788 - Iter 1460: obj=-781.050114, change=2.01e-04, α=0.000, ‖θ[1:]‖₁=60.269, h_range=[1.00e-08, 1.23e+01], num_knots=2802
2025-09-01 15:22:52,886 - Iter 1470: obj=-781.728476, change=2.01e-04, α=0.000, ‖θ[1:]‖₁=60.457, h_range=[1.00e-08, 1.23e+01], num_knots=2800
2025-09-01 15:22:53,002 - Iter 1480: obj=-782.400006, change=2.00e-04, α=0.000, ‖θ[1:]‖₁=60.645, h_range=[1.00e-08, 1.23e+01], num_knots=2798
2025-09-01 15:22:53,104 - Iter 1490: obj=-783.064984, change=1.99e-04, α=0.000, ‖θ[1:]‖₁=60.831, h_range=[1.00e-08, 1.23e+01], num_knots=2795
2025-09-01 15:22:53,219 - Iter 1500: obj=-783.723771, change=1.99e-04, α=0.000, ‖θ[1:]‖₁=61.016, h_range=[1.00e-08, 1.23e+01], num_knots=2795
2025-09-01 15:22:53,337 - Iter 1510: obj=-784.376316, change=1.98e-04, α=0.000, ‖θ[1:]‖₁=61.201, h_range=[1.00e-08, 1.23e+01], num_knots=2792
2025-09-01 15:22:53,447 - Iter 1520: obj=-785.022681, change=1.97e-04, α=0.000, ‖θ[1:]‖₁=61.383, h_range=[1.00e-08, 1.23e+01], num_knots=2792
2025-09-01 15:22:53,577 - Iter 1530: obj=-785.663115, change=1.96e-04, α=0.000, ‖θ[1:]‖₁=61.565, h_range=[1.00e-08, 1.23e+01], num_knots=2790
2025-09-01 15:22:53,702 - Iter 1540: obj=-786.297754, change=1.95e-04, α=0.000, ‖θ[1:]‖₁=61.745, h_range=[1.00e-08, 1.23e+01], num_knots=2789
2025-09-01 15:22:53,807 - Iter 1550: obj=-786.926414, change=1.95e-04, α=0.000, ‖θ[1:]‖₁=61.924, h_range=[1.00e-08, 1.23e+01], num_knots=2787
2025-09-01 15:22:53,924 - Iter 1560: obj=-787.549149, change=1.94e-04, α=0.000, ‖θ[1:]‖₁=62.102, h_range=[1.00e-08, 1.23e+01], num_knots=2786
2025-09-01 15:22:54,055 - Iter 1570: obj=-788.166246, change=1.95e-04, α=0.000, ‖θ[1:]‖₁=62.278, h_range=[1.00e-08, 1.23e+01], num_knots=2786
2025-09-01 15:22:54,178 - Iter 1580: obj=-788.777365, change=1.92e-04, α=0.000, ‖θ[1:]‖₁=62.454, h_range=[1.00e-08, 1.23e+01], num_knots=2783
2025-09-01 15:22:54,296 - Iter 1590: obj=-789.382892, change=1.91e-04, α=0.000, ‖θ[1:]‖₁=62.629, h_range=[1.00e-08, 1.23e+01], num_knots=2782
2025-09-01 15:22:54,405 - Iter 1600: obj=-789.983018, change=1.91e-04, α=0.000, ‖θ[1:]‖₁=62.802, h_range=[1.00e-08, 1.23e+01], num_knots=2782
2025-09-01 15:22:54,507 - Iter 1610: obj=-790.577814, change=1.90e-04, α=0.000, ‖θ[1:]‖₁=62.974, h_range=[1.00e-08, 1.23e+01], num_knots=2782
2025-09-01 15:22:54,610 - Iter 1620: obj=-791.167346, change=1.89e-04, α=0.000, ‖θ[1:]‖₁=63.144, h_range=[1.00e-08, 1.23e+01], num_knots=2782
2025-09-01 15:22:54,746 - Iter 1630: obj=-791.751666, change=1.88e-04, α=0.000, ‖θ[1:]‖₁=63.314, h_range=[1.00e-08, 1.23e+01], num_knots=2780
2025-09-01 15:22:54,852 - Iter 1640: obj=-792.330806, change=1.88e-04, α=0.000, ‖θ[1:]‖₁=63.482, h_range=[1.00e-08, 1.23e+01], num_knots=2778
2025-09-01 15:22:54,954 - Iter 1650: obj=-792.904478, change=1.87e-04, α=0.000, ‖θ[1:]‖₁=63.649, h_range=[1.00e-08, 1.23e+01], num_knots=2775
2025-09-01 15:22:55,049 - Iter 1660: obj=-793.472655, change=1.86e-04, α=0.000, ‖θ[1:]‖₁=63.815, h_range=[1.00e-08, 1.23e+01], num_knots=2774
2025-09-01 15:22:55,155 - Iter 1670: obj=-794.035828, change=1.85e-04, α=0.000, ‖θ[1:]‖₁=63.981, h_range=[1.00e-08, 1.22e+01], num_knots=2774
2025-09-01 15:22:55,247 - Iter 1680: obj=-794.593931, change=1.85e-04, α=0.000, ‖θ[1:]‖₁=64.145, h_range=[1.00e-08, 1.22e+01], num_knots=2771
2025-09-01 15:22:55,337 - Iter 1690: obj=-795.146942, change=1.84e-04, α=0.000, ‖θ[1:]‖₁=64.308, h_range=[1.00e-08, 1.22e+01], num_knots=2770
2025-09-01 15:22:55,438 - Iter 1700: obj=-795.695136, change=1.84e-04, α=0.000, ‖θ[1:]‖₁=64.470, h_range=[1.00e-08, 1.22e+01], num_knots=2770
2025-09-01 15:22:55,529 - Iter 1710: obj=-796.238566, change=1.83e-04, α=0.000, ‖θ[1:]‖₁=64.631, h_range=[1.00e-08, 1.22e+01], num_knots=2769
2025-09-01 15:22:55,643 - Iter 1720: obj=-796.777234, change=1.82e-04, α=0.000, ‖θ[1:]‖₁=64.790, h_range=[1.00e-08, 1.22e+01], num_knots=2768
2025-09-01 15:22:55,759 - Iter 1730: obj=-797.311258, change=1.81e-04, α=0.000, ‖θ[1:]‖₁=64.949, h_range=[1.00e-08, 1.22e+01], num_knots=2768
2025-09-01 15:22:55,876 - Iter 1740: obj=-797.840685, change=1.81e-04, α=0.000, ‖θ[1:]‖₁=65.106, h_range=[1.00e-08, 1.22e+01], num_knots=2766
2025-09-01 15:22:55,983 - Iter 1750: obj=-798.365360, change=1.80e-04, α=0.000, ‖θ[1:]‖₁=65.262, h_range=[1.00e-08, 1.22e+01], num_knots=2766
2025-09-01 15:22:56,083 - Iter 1760: obj=-798.885476, change=1.80e-04, α=0.000, ‖θ[1:]‖₁=65.417, h_range=[1.00e-08, 1.22e+01], num_knots=2766
2025-09-01 15:22:56,189 - Iter 1770: obj=-799.401111, change=1.79e-04, α=0.000, ‖θ[1:]‖₁=65.571, h_range=[1.00e-08, 1.22e+01], num_knots=2766
2025-09-01 15:22:56,300 - Iter 1780: obj=-799.912309, change=1.80e-04, α=0.000, ‖θ[1:]‖₁=65.724, h_range=[1.00e-08, 1.22e+01], num_knots=2763
2025-09-01 15:22:56,402 - Iter 1790: obj=-800.418891, change=1.78e-04, α=0.000, ‖θ[1:]‖₁=65.876, h_range=[1.00e-08, 1.22e+01], num_knots=2763
2025-09-01 15:22:56,493 - Iter 1800: obj=-800.921132, change=1.77e-04, α=0.000, ‖θ[1:]‖₁=66.027, h_range=[1.00e-08, 1.22e+01], num_knots=2763
2025-09-01 15:22:56,602 - Iter 1810: obj=-801.419145, change=1.78e-04, α=0.000, ‖θ[1:]‖₁=66.177, h_range=[1.00e-08, 1.22e+01], num_knots=2762
2025-09-01 15:22:56,707 - Iter 1820: obj=-801.912820, change=1.76e-04, α=0.000, ‖θ[1:]‖₁=66.326, h_range=[1.00e-08, 1.22e+01], num_knots=2762
2025-09-01 15:22:56,795 - Iter 1830: obj=-802.402213, change=1.76e-04, α=0.000, ‖θ[1:]‖₁=66.473, h_range=[1.00e-08, 1.22e+01], num_knots=2760
2025-09-01 15:22:56,904 - Iter 1840: obj=-802.887034, change=1.74e-04, α=0.000, ‖θ[1:]‖₁=66.620, h_range=[1.00e-08, 1.22e+01], num_knots=2757
2025-09-01 15:22:57,007 - Iter 1850: obj=-803.367747, change=1.74e-04, α=0.000, ‖θ[1:]‖₁=66.767, h_range=[1.00e-08, 1.22e+01], num_knots=2757
2025-09-01 15:22:57,123 - Iter 1860: obj=-803.844460, change=1.73e-04, α=0.000, ‖θ[1:]‖₁=66.912, h_range=[1.00e-08, 1.22e+01], num_knots=2757
2025-09-01 15:22:57,238 - Iter 1870: obj=-804.317156, change=1.73e-04, α=0.000, ‖θ[1:]‖₁=67.056, h_range=[1.00e-08, 1.22e+01], num_knots=2754
2025-09-01 15:22:57,335 - Iter 1880: obj=-804.785763, change=1.72e-04, α=0.000, ‖θ[1:]‖₁=67.199, h_range=[1.00e-08, 1.22e+01], num_knots=2753
2025-09-01 15:22:57,461 - Iter 1890: obj=-805.250485, change=1.72e-04, α=0.000, ‖θ[1:]‖₁=67.341, h_range=[1.00e-08, 1.22e+01], num_knots=2753
2025-09-01 15:22:57,575 - Iter 1900: obj=-805.711198, change=1.71e-04, α=0.000, ‖θ[1:]‖₁=67.482, h_range=[1.00e-08, 1.22e+01], num_knots=2751
2025-09-01 15:22:57,653 - Iter 1910: obj=-806.167970, change=1.73e-04, α=0.000, ‖θ[1:]‖₁=67.622, h_range=[1.00e-08, 1.22e+01], num_knots=2746
2025-09-01 15:22:57,752 - Iter 1920: obj=-806.619986, change=1.70e-04, α=0.000, ‖θ[1:]‖₁=67.763, h_range=[1.00e-08, 1.22e+01], num_knots=2743
2025-09-01 15:22:57,847 - Iter 1930: obj=-807.067926, change=1.69e-04, α=0.000, ‖θ[1:]‖₁=67.902, h_range=[1.00e-08, 1.22e+01], num_knots=2742
2025-09-01 15:22:57,952 - Iter 1940: obj=-807.511805, change=1.68e-04, α=0.000, ‖θ[1:]‖₁=68.041, h_range=[1.00e-08, 1.22e+01], num_knots=2739
2025-09-01 15:22:58,068 - Iter 1950: obj=-807.951792, change=1.68e-04, α=0.000, ‖θ[1:]‖₁=68.180, h_range=[1.00e-08, 1.22e+01], num_knots=2737
2025-09-01 15:22:58,189 - Iter 1960: obj=-808.388027, change=1.67e-04, α=0.000, ‖θ[1:]‖₁=68.318, h_range=[1.00e-08, 1.22e+01], num_knots=2735
2025-09-01 15:22:58,297 - Iter 1970: obj=-808.820554, change=1.66e-04, α=0.000, ‖θ[1:]‖₁=68.454, h_range=[1.00e-08, 1.22e+01], num_knots=2733
2025-09-01 15:22:58,417 - Iter 1980: obj=-809.249531, change=1.65e-04, α=0.000, ‖θ[1:]‖₁=68.590, h_range=[1.00e-08, 1.22e+01], num_knots=2733
2025-09-01 15:22:58,524 - Iter 1990: obj=-809.675028, change=1.65e-04, α=0.000, ‖θ[1:]‖₁=68.725, h_range=[1.00e-08, 1.22e+01], num_knots=2731
2025-09-01 15:22:58,640 - Iter 2000: obj=-810.096936, change=1.65e-04, α=0.000, ‖θ[1:]‖₁=68.859, h_range=[1.00e-08, 1.22e+01], num_knots=2729
2025-09-01 15:22:58,771 - Iter 2010: obj=-810.515254, change=1.64e-04, α=0.000, ‖θ[1:]‖₁=68.992, h_range=[1.00e-08, 1.22e+01], num_knots=2727
2025-09-01 15:22:58,905 - Iter 2020: obj=-810.930086, change=1.64e-04, α=0.000, ‖θ[1:]‖₁=69.125, h_range=[1.00e-08, 1.22e+01], num_knots=2727
2025-09-01 15:22:59,025 - Iter 2030: obj=-811.341482, change=1.63e-04, α=0.000, ‖θ[1:]‖₁=69.256, h_range=[1.00e-08, 1.22e+01], num_knots=2727
2025-09-01 15:22:59,141 - Iter 2040: obj=-811.749535, change=1.62e-04, α=0.000, ‖θ[1:]‖₁=69.387, h_range=[1.00e-08, 1.22e+01], num_knots=2725
2025-09-01 15:22:59,244 - Iter 2050: obj=-812.154151, change=1.61e-04, α=0.000, ‖θ[1:]‖₁=69.517, h_range=[1.00e-08, 1.22e+01], num_knots=2724
2025-09-01 15:22:59,384 - Iter 2060: obj=-812.555223, change=1.61e-04, α=0.000, ‖θ[1:]‖₁=69.646, h_range=[1.00e-08, 1.22e+01], num_knots=2719
2025-09-01 15:22:59,504 - Iter 2070: obj=-812.952775, change=1.60e-04, α=0.000, ‖θ[1:]‖₁=69.775, h_range=[1.00e-08, 1.22e+01], num_knots=2716
2025-09-01 15:22:59,643 - Iter 2080: obj=-813.347100, change=1.59e-04, α=0.000, ‖θ[1:]‖₁=69.903, h_range=[1.00e-08, 1.22e+01], num_knots=2715
2025-09-01 15:22:59,771 - Iter 2090: obj=-813.738235, change=1.59e-04, α=0.000, ‖θ[1:]‖₁=70.030, h_range=[1.00e-08, 1.22e+01], num_knots=2715
2025-09-01 15:22:59,885 - Iter 2100: obj=-814.126108, change=1.58e-04, α=0.000, ‖θ[1:]‖₁=70.157, h_range=[1.00e-08, 1.22e+01], num_knots=2714
2025-09-01 15:22:59,982 - Iter 2110: obj=-814.510829, change=1.58e-04, α=0.000, ‖θ[1:]‖₁=70.282, h_range=[1.00e-08, 1.22e+01], num_knots=2713
2025-09-01 15:23:00,102 - Iter 2120: obj=-814.892285, change=1.57e-04, α=0.000, ‖θ[1:]‖₁=70.407, h_range=[1.00e-08, 1.22e+01], num_knots=2711
2025-09-01 15:23:00,207 - Iter 2130: obj=-815.270583, change=1.56e-04, α=0.000, ‖θ[1:]‖₁=70.532, h_range=[1.00e-08, 1.22e+01], num_knots=2710
2025-09-01 15:23:00,322 - Iter 2140: obj=-815.645763, change=1.56e-04, α=0.000, ‖θ[1:]‖₁=70.655, h_range=[1.00e-08, 1.22e+01], num_knots=2708
2025-09-01 15:23:00,444 - Iter 2150: obj=-816.017623, change=1.56e-04, α=0.000, ‖θ[1:]‖₁=70.778, h_range=[1.00e-08, 1.22e+01], num_knots=2706
2025-09-01 15:23:00,556 - Iter 2160: obj=-816.386434, change=1.55e-04, α=0.000, ‖θ[1:]‖₁=70.900, h_range=[1.00e-08, 1.22e+01], num_knots=2706
2025-09-01 15:23:00,656 - Iter 2170: obj=-816.752314, change=1.55e-04, α=0.000, ‖θ[1:]‖₁=71.022, h_range=[1.00e-08, 1.22e+01], num_knots=2704
2025-09-01 15:23:00,761 - Iter 2180: obj=-817.115158, change=1.54e-04, α=0.000, ‖θ[1:]‖₁=71.143, h_range=[1.00e-08, 1.22e+01], num_knots=2702
2025-09-01 15:23:00,862 - Iter 2190: obj=-817.475038, change=1.53e-04, α=0.000, ‖θ[1:]‖₁=71.263, h_range=[1.00e-08, 1.22e+01], num_knots=2702
2025-09-01 15:23:00,969 - Iter 2200: obj=-817.832065, change=1.53e-04, α=0.000, ‖θ[1:]‖₁=71.382, h_range=[1.00e-08, 1.22e+01], num_knots=2699
2025-09-01 15:23:01,088 - Iter 2210: obj=-818.186239, change=1.53e-04, α=0.000, ‖θ[1:]‖₁=71.501, h_range=[1.00e-08, 1.22e+01], num_knots=2699
2025-09-01 15:23:01,218 - Iter 2220: obj=-818.537642, change=1.52e-04, α=0.000, ‖θ[1:]‖₁=71.618, h_range=[1.00e-08, 1.22e+01], num_knots=2697
2025-09-01 15:23:01,371 - Iter 2230: obj=-818.885946, change=1.51e-04, α=0.000, ‖θ[1:]‖₁=71.736, h_range=[1.00e-08, 1.22e+01], num_knots=2695
2025-09-01 15:23:01,496 - Iter 2240: obj=-819.231521, change=1.50e-04, α=0.000, ‖θ[1:]‖₁=71.852, h_range=[1.00e-08, 1.22e+01], num_knots=2695
2025-09-01 15:23:01,652 - Iter 2250: obj=-819.574453, change=1.52e-04, α=0.000, ‖θ[1:]‖₁=71.968, h_range=[1.00e-08, 1.22e+01], num_knots=2693
2025-09-01 15:23:01,786 - Iter 2260: obj=-819.914636, change=1.50e-04, α=0.000, ‖θ[1:]‖₁=72.083, h_range=[1.00e-08, 1.22e+01], num_knots=2693
2025-09-01 15:23:01,908 - Iter 2270: obj=-820.252233, change=1.49e-04, α=0.000, ‖θ[1:]‖₁=72.197, h_range=[1.00e-08, 1.22e+01], num_knots=2693
2025-09-01 15:23:02,011 - Iter 2280: obj=-820.587215, change=1.49e-04, α=0.000, ‖θ[1:]‖₁=72.310, h_range=[1.00e-08, 1.22e+01], num_knots=2692
2025-09-01 15:23:02,130 - Iter 2290: obj=-820.919560, change=1.48e-04, α=0.000, ‖θ[1:]‖₁=72.423, h_range=[1.00e-08, 1.22e+01], num_knots=2692
2025-09-01 15:23:02,231 - Iter 2300: obj=-821.249407, change=1.47e-04, α=0.000, ‖θ[1:]‖₁=72.534, h_range=[1.00e-08, 1.21e+01], num_knots=2691
2025-09-01 15:23:02,331 - Iter 2310: obj=-821.576693, change=1.48e-04, α=0.000, ‖θ[1:]‖₁=72.645, h_range=[1.00e-08, 1.21e+01], num_knots=2690
2025-09-01 15:23:02,454 - Iter 2320: obj=-821.901422, change=1.47e-04, α=0.000, ‖θ[1:]‖₁=72.756, h_range=[1.00e-08, 1.21e+01], num_knots=2689
2025-09-01 15:23:02,554 - Iter 2330: obj=-822.223724, change=1.46e-04, α=0.000, ‖θ[1:]‖₁=72.865, h_range=[1.00e-08, 1.21e+01], num_knots=2689
2025-09-01 15:23:02,673 - Iter 2340: obj=-822.543511, change=1.46e-04, α=0.000, ‖θ[1:]‖₁=72.974, h_range=[1.00e-08, 1.21e+01], num_knots=2687
2025-09-01 15:23:02,781 - Iter 2350: obj=-822.860676, change=1.45e-04, α=0.000, ‖θ[1:]‖₁=73.082, h_range=[1.00e-08, 1.21e+01], num_knots=2684
2025-09-01 15:23:02,895 - Iter 2360: obj=-823.175392, change=1.45e-04, α=0.000, ‖θ[1:]‖₁=73.190, h_range=[1.00e-08, 1.21e+01], num_knots=2684
2025-09-01 15:23:02,990 - Iter 2370: obj=-823.487736, change=1.44e-04, α=0.000, ‖θ[1:]‖₁=73.297, h_range=[1.00e-08, 1.21e+01], num_knots=2684
2025-09-01 15:23:03,119 - Iter 2380: obj=-823.797732, change=1.44e-04, α=0.000, ‖θ[1:]‖₁=73.403, h_range=[1.00e-08, 1.21e+01], num_knots=2683
2025-09-01 15:23:03,240 - Iter 2390: obj=-824.105443, change=1.43e-04, α=0.000, ‖θ[1:]‖₁=73.508, h_range=[1.00e-08, 1.21e+01], num_knots=2681
2025-09-01 15:23:03,361 - Iter 2400: obj=-824.410770, change=1.43e-04, α=0.000, ‖θ[1:]‖₁=73.613, h_range=[1.00e-08, 1.21e+01], num_knots=2680
2025-09-01 15:23:03,491 - Iter 2410: obj=-824.713713, change=1.43e-04, α=0.000, ‖θ[1:]‖₁=73.717, h_range=[1.00e-08, 1.21e+01], num_knots=2679
2025-09-01 15:23:03,595 - Iter 2420: obj=-825.014212, change=1.42e-04, α=0.000, ‖θ[1:]‖₁=73.820, h_range=[1.00e-08, 1.21e+01], num_knots=2679
2025-09-01 15:23:03,703 - Iter 2430: obj=-825.312532, change=1.41e-04, α=0.000, ‖θ[1:]‖₁=73.923, h_range=[1.00e-08, 1.21e+01], num_knots=2679
2025-09-01 15:23:03,819 - Iter 2440: obj=-825.608630, change=1.40e-04, α=0.000, ‖θ[1:]‖₁=74.025, h_range=[1.00e-08, 1.21e+01], num_knots=2676
2025-09-01 15:23:03,939 - Iter 2450: obj=-825.902356, change=1.40e-04, α=0.000, ‖θ[1:]‖₁=74.127, h_range=[1.00e-08, 1.21e+01], num_knots=2676
2025-09-01 15:23:04,048 - Iter 2460: obj=-826.193847, change=1.40e-04, α=0.000, ‖θ[1:]‖₁=74.228, h_range=[1.00e-08, 1.21e+01], num_knots=2672
2025-09-01 15:23:04,152 - Iter 2470: obj=-826.483180, change=1.39e-04, α=0.000, ‖θ[1:]‖₁=74.328, h_range=[1.00e-08, 1.21e+01], num_knots=2672
2025-09-01 15:23:04,266 - Iter 2480: obj=-826.770419, change=1.38e-04, α=0.000, ‖θ[1:]‖₁=74.428, h_range=[1.00e-08, 1.21e+01], num_knots=2669
2025-09-01 15:23:04,374 - Iter 2490: obj=-827.055492, change=1.39e-04, α=0.000, ‖θ[1:]‖₁=74.527, h_range=[1.00e-08, 1.21e+01], num_knots=2667
2025-09-01 15:23:04,489 - Iter 2500: obj=-827.338400, change=1.37e-04, α=0.000, ‖θ[1:]‖₁=74.625, h_range=[1.00e-08, 1.21e+01], num_knots=2666
2025-09-01 15:23:04,601 - Iter 2510: obj=-827.619298, change=1.37e-04, α=0.000, ‖θ[1:]‖₁=74.723, h_range=[1.00e-08, 1.21e+01], num_knots=2666
2025-09-01 15:23:04,727 - Iter 2520: obj=-827.898188, change=1.37e-04, α=0.000, ‖θ[1:]‖₁=74.820, h_range=[1.00e-08, 1.21e+01], num_knots=2666
2025-09-01 15:23:04,827 - Iter 2530: obj=-828.175022, change=1.36e-04, α=0.000, ‖θ[1:]‖₁=74.917, h_range=[1.00e-08, 1.21e+01], num_knots=2666
2025-09-01 15:23:04,956 - Iter 2540: obj=-828.449909, change=1.36e-04, α=0.000, ‖θ[1:]‖₁=75.013, h_range=[1.00e-08, 1.21e+01], num_knots=2666
2025-09-01 15:23:05,058 - Iter 2550: obj=-828.722871, change=1.35e-04, α=0.000, ‖θ[1:]‖₁=75.108, h_range=[1.00e-08, 1.21e+01], num_knots=2666
2025-09-01 15:23:05,159 - Iter 2560: obj=-828.993928, change=1.34e-04, α=0.000, ‖θ[1:]‖₁=75.202, h_range=[1.00e-08, 1.21e+01], num_knots=2666
2025-09-01 15:23:05,272 - Iter 2570: obj=-829.263077, change=1.34e-04, α=0.000, ‖θ[1:]‖₁=75.296, h_range=[1.00e-08, 1.21e+01], num_knots=2664
2025-09-01 15:23:05,370 - Iter 2580: obj=-829.530308, change=1.33e-04, α=0.000, ‖θ[1:]‖₁=75.389, h_range=[1.00e-08, 1.21e+01], num_knots=2663
2025-09-01 15:23:05,492 - Iter 2590: obj=-829.795643, change=1.33e-04, α=0.000, ‖θ[1:]‖₁=75.482, h_range=[1.00e-08, 1.21e+01], num_knots=2662
2025-09-01 15:23:05,616 - Iter 2600: obj=-830.059119, change=1.33e-04, α=0.000, ‖θ[1:]‖₁=75.574, h_range=[1.00e-08, 1.21e+01], num_knots=2660
2025-09-01 15:23:05,718 - Iter 2610: obj=-830.320627, change=1.32e-04, α=0.000, ‖θ[1:]‖₁=75.665, h_range=[1.00e-08, 1.21e+01], num_knots=2660
2025-09-01 15:23:05,829 - Iter 2620: obj=-830.580305, change=1.32e-04, α=0.000, ‖θ[1:]‖₁=75.756, h_range=[1.00e-08, 1.21e+01], num_knots=2660
2025-09-01 15:23:05,940 - Iter 2630: obj=-830.838206, change=1.31e-04, α=0.000, ‖θ[1:]‖₁=75.846, h_range=[1.00e-08, 1.21e+01], num_knots=2658
2025-09-01 15:23:06,050 - Iter 2640: obj=-831.094262, change=1.31e-04, α=0.000, ‖θ[1:]‖₁=75.935, h_range=[1.00e-08, 1.21e+01], num_knots=2657
2025-09-01 15:23:06,158 - Iter 2650: obj=-831.348448, change=1.30e-04, α=0.000, ‖θ[1:]‖₁=76.025, h_range=[1.00e-08, 1.21e+01], num_knots=2656
2025-09-01 15:23:06,264 - Iter 2660: obj=-831.600835, change=1.30e-04, α=0.000, ‖θ[1:]‖₁=76.113, h_range=[1.00e-08, 1.21e+01], num_knots=2654
2025-09-01 15:23:06,381 - Iter 2670: obj=-831.851439, change=1.29e-04, α=0.000, ‖θ[1:]‖₁=76.201, h_range=[1.00e-08, 1.21e+01], num_knots=2653
2025-09-01 15:23:06,476 - Iter 2680: obj=-832.100316, change=1.29e-04, α=0.000, ‖θ[1:]‖₁=76.289, h_range=[1.00e-08, 1.21e+01], num_knots=2653
2025-09-01 15:23:06,598 - Iter 2690: obj=-832.347521, change=1.28e-04, α=0.000, ‖θ[1:]‖₁=76.376, h_range=[1.00e-08, 1.21e+01], num_knots=2653
2025-09-01 15:23:06,711 - Iter 2700: obj=-832.592982, change=1.28e-04, α=0.000, ‖θ[1:]‖₁=76.462, h_range=[1.00e-08, 1.21e+01], num_knots=2650
2025-09-01 15:23:06,818 - Iter 2710: obj=-832.836512, change=1.27e-04, α=0.000, ‖θ[1:]‖₁=76.548, h_range=[1.00e-08, 1.21e+01], num_knots=2649
2025-09-01 15:23:06,933 - Iter 2720: obj=-833.078242, change=1.27e-04, α=0.000, ‖θ[1:]‖₁=76.634, h_range=[1.00e-08, 1.21e+01], num_knots=2649
2025-09-01 15:23:07,047 - Iter 2730: obj=-833.318334, change=1.27e-04, α=0.000, ‖θ[1:]‖₁=76.719, h_range=[1.00e-08, 1.21e+01], num_knots=2648
2025-09-01 15:23:07,145 - Iter 2740: obj=-833.556746, change=1.26e-04, α=0.000, ‖θ[1:]‖₁=76.803, h_range=[1.00e-08, 1.21e+01], num_knots=2646
2025-09-01 15:23:07,258 - Iter 2750: obj=-833.793532, change=1.26e-04, α=0.000, ‖θ[1:]‖₁=76.888, h_range=[1.00e-08, 1.21e+01], num_knots=2646
2025-09-01 15:23:07,372 - Iter 2760: obj=-834.028756, change=1.25e-04, α=0.000, ‖θ[1:]‖₁=76.971, h_range=[1.00e-08, 1.21e+01], num_knots=2646
2025-09-01 15:23:07,484 - Iter 2770: obj=-834.262435, change=1.25e-04, α=0.000, ‖θ[1:]‖₁=77.054, h_range=[1.00e-08, 1.21e+01], num_knots=2644
2025-09-01 15:23:07,585 - Iter 2780: obj=-834.494400, change=1.24e-04, α=0.000, ‖θ[1:]‖₁=77.136, h_range=[1.00e-08, 1.21e+01], num_knots=2643
2025-09-01 15:23:07,715 - Iter 2790: obj=-834.724784, change=1.24e-04, α=0.000, ‖θ[1:]‖₁=77.218, h_range=[1.00e-08, 1.21e+01], num_knots=2640
2025-09-01 15:23:07,827 - Iter 2800: obj=-834.953618, change=1.23e-04, α=0.000, ‖θ[1:]‖₁=77.300, h_range=[1.00e-08, 1.21e+01], num_knots=2640
2025-09-01 15:23:07,936 - Iter 2810: obj=-835.180955, change=1.23e-04, α=0.000, ‖θ[1:]‖₁=77.381, h_range=[1.00e-08, 1.21e+01], num_knots=2639
2025-09-01 15:23:08,049 - Iter 2820: obj=-835.406771, change=1.22e-04, α=0.000, ‖θ[1:]‖₁=77.461, h_range=[1.00e-08, 1.21e+01], num_knots=2637
2025-09-01 15:23:08,146 - Iter 2830: obj=-835.631077, change=1.22e-04, α=0.000, ‖θ[1:]‖₁=77.541, h_range=[1.00e-08, 1.21e+01], num_knots=2637
2025-09-01 15:23:08,256 - Iter 2840: obj=-835.853918, change=1.22e-04, α=0.000, ‖θ[1:]‖₁=77.620, h_range=[1.00e-08, 1.21e+01], num_knots=2636
2025-09-01 15:23:08,367 - Iter 2850: obj=-836.075148, change=1.21e-04, α=0.000, ‖θ[1:]‖₁=77.699, h_range=[1.00e-08, 1.21e+01], num_knots=2635
2025-09-01 15:23:08,479 - Iter 2860: obj=-836.294817, change=1.20e-04, α=0.000, ‖θ[1:]‖₁=77.778, h_range=[1.00e-08, 1.21e+01], num_knots=2634
2025-09-01 15:23:08,576 - Iter 2870: obj=-836.513028, change=1.20e-04, α=0.000, ‖θ[1:]‖₁=77.856, h_range=[1.00e-08, 1.21e+01], num_knots=2634
2025-09-01 15:23:08,671 - Iter 2880: obj=-836.729724, change=1.20e-04, α=0.000, ‖θ[1:]‖₁=77.934, h_range=[1.00e-08, 1.21e+01], num_knots=2632
2025-09-01 15:23:08,791 - Iter 2890: obj=-836.944986, change=1.20e-04, α=0.000, ‖θ[1:]‖₁=78.011, h_range=[1.00e-08, 1.21e+01], num_knots=2632
2025-09-01 15:23:08,893 - Iter 2900: obj=-837.158880, change=1.19e-04, α=0.000, ‖θ[1:]‖₁=78.088, h_range=[1.00e-08, 1.21e+01], num_knots=2632
2025-09-01 15:23:08,998 - Iter 2910: obj=-837.371395, change=1.19e-04, α=0.000, ‖θ[1:]‖₁=78.164, h_range=[1.00e-08, 1.21e+01], num_knots=2631
2025-09-01 15:23:09,105 - Iter 2920: obj=-837.582370, change=1.18e-04, α=0.000, ‖θ[1:]‖₁=78.240, h_range=[1.00e-08, 1.21e+01], num_knots=2629
2025-09-01 15:23:09,224 - Iter 2930: obj=-837.791852, change=1.18e-04, α=0.000, ‖θ[1:]‖₁=78.316, h_range=[1.00e-08, 1.21e+01], num_knots=2628
2025-09-01 15:23:09,396 - Iter 2940: obj=-837.999979, change=1.17e-04, α=0.000, ‖θ[1:]‖₁=78.391, h_range=[1.00e-08, 1.21e+01], num_knots=2627
2025-09-01 15:23:09,503 - Iter 2950: obj=-838.206662, change=1.17e-04, α=0.000, ‖θ[1:]‖₁=78.466, h_range=[1.00e-08, 1.21e+01], num_knots=2626
2025-09-01 15:23:09,615 - Iter 2960: obj=-838.412014, change=1.17e-04, α=0.000, ‖θ[1:]‖₁=78.540, h_range=[1.00e-08, 1.21e+01], num_knots=2625
2025-09-01 15:23:09,724 - Iter 2970: obj=-838.616063, change=1.17e-04, α=0.000, ‖θ[1:]‖₁=78.614, h_range=[1.00e-08, 1.21e+01], num_knots=2623
2025-09-01 15:23:09,841 - Iter 2980: obj=-838.818645, change=1.16e-04, α=0.000, ‖θ[1:]‖₁=78.687, h_range=[1.00e-08, 1.21e+01], num_knots=2623
2025-09-01 15:23:09,944 - Iter 2990: obj=-839.019946, change=1.16e-04, α=0.000, ‖θ[1:]‖₁=78.760, h_range=[1.00e-08, 1.21e+01], num_knots=2622
2025-09-01 15:23:10,061 - Iter 3000: obj=-839.219973, change=1.15e-04, α=0.000, ‖θ[1:]‖₁=78.833, h_range=[1.00e-08, 1.21e+01], num_knots=2622
2025-09-01 15:23:10,171 - Iter 3010: obj=-839.418734, change=1.15e-04, α=0.000, ‖θ[1:]‖₁=78.905, h_range=[1.00e-08, 1.21e+01], num_knots=2619
2025-09-01 15:23:10,271 - Iter 3020: obj=-839.616085, change=1.15e-04, α=0.000, ‖θ[1:]‖₁=78.977, h_range=[1.00e-08, 1.21e+01], num_knots=2617
2025-09-01 15:23:10,381 - Iter 3030: obj=-839.812078, change=1.14e-04, α=0.000, ‖θ[1:]‖₁=79.048, h_range=[1.00e-08, 1.21e+01], num_knots=2614
2025-09-01 15:23:10,488 - Iter 3040: obj=-840.006785, change=1.14e-04, α=0.000, ‖θ[1:]‖₁=79.119, h_range=[1.00e-08, 1.21e+01], num_knots=2612
2025-09-01 15:23:10,591 - Iter 3050: obj=-840.199993, change=1.14e-04, α=0.000, ‖θ[1:]‖₁=79.190, h_range=[1.00e-08, 1.21e+01], num_knots=2608
2025-09-01 15:23:10,708 - Iter 3060: obj=-840.391842, change=1.13e-04, α=0.000, ‖θ[1:]‖₁=79.261, h_range=[1.00e-08, 1.21e+01], num_knots=2607
2025-09-01 15:23:10,805 - Iter 3070: obj=-840.582489, change=1.12e-04, α=0.000, ‖θ[1:]‖₁=79.331, h_range=[1.00e-08, 1.21e+01], num_knots=2605
2025-09-01 15:23:10,908 - Iter 3080: obj=-840.771934, change=1.12e-04, α=0.000, ‖θ[1:]‖₁=79.401, h_range=[1.00e-08, 1.21e+01], num_knots=2604
2025-09-01 15:23:11,004 - Iter 3090: obj=-840.960176, change=1.11e-04, α=0.000, ‖θ[1:]‖₁=79.470, h_range=[1.00e-08, 1.21e+01], num_knots=2604
2025-09-01 15:23:11,092 - Iter 3100: obj=-841.147160, change=1.11e-04, α=0.000, ‖θ[1:]‖₁=79.539, h_range=[1.00e-08, 1.21e+01], num_knots=2602
2025-09-01 15:23:11,214 - Iter 3110: obj=-841.332787, change=1.11e-04, α=0.000, ‖θ[1:]‖₁=79.608, h_range=[1.00e-08, 1.21e+01], num_knots=2601
2025-09-01 15:23:11,328 - Iter 3120: obj=-841.517119, change=1.10e-04, α=0.000, ‖θ[1:]‖₁=79.677, h_range=[1.00e-08, 1.21e+01], num_knots=2598
2025-09-01 15:23:11,421 - Iter 3130: obj=-841.700218, change=1.10e-04, α=0.000, ‖θ[1:]‖₁=79.745, h_range=[1.00e-08, 1.21e+01], num_knots=2595
2025-09-01 15:23:11,529 - Iter 3140: obj=-841.882120, change=1.10e-04, α=0.000, ‖θ[1:]‖₁=79.813, h_range=[1.00e-08, 1.21e+01], num_knots=2593
2025-09-01 15:23:11,637 - Iter 3150: obj=-842.062880, change=1.10e-04, α=0.000, ‖θ[1:]‖₁=79.881, h_range=[1.00e-08, 1.21e+01], num_knots=2591
2025-09-01 15:23:11,732 - Iter 3160: obj=-842.242456, change=1.09e-04, α=0.000, ‖θ[1:]‖₁=79.948, h_range=[1.00e-08, 1.21e+01], num_knots=2589
2025-09-01 15:23:11,878 - Iter 3170: obj=-842.420766, change=1.10e-04, α=0.000, ‖θ[1:]‖₁=80.015, h_range=[1.00e-08, 1.21e+01], num_knots=2587
2025-09-01 15:23:11,997 - Iter 3180: obj=-842.597863, change=1.09e-04, α=0.000, ‖θ[1:]‖₁=80.081, h_range=[1.00e-08, 1.21e+01], num_knots=2586
2025-09-01 15:23:12,108 - Iter 3190: obj=-842.773862, change=1.08e-04, α=0.000, ‖θ[1:]‖₁=80.147, h_range=[1.00e-08, 1.21e+01], num_knots=2583
2025-09-01 15:23:12,332 - Iter 3200: obj=-842.948768, change=1.08e-04, α=0.000, ‖θ[1:]‖₁=80.213, h_range=[1.00e-08, 1.21e+01], num_knots=2583
2025-09-01 15:23:12,623 - Iter 3210: obj=-843.122650, change=1.08e-04, α=0.000, ‖θ[1:]‖₁=80.278, h_range=[1.00e-08, 1.21e+01], num_knots=2581
2025-09-01 15:23:12,722 - Iter 3220: obj=-843.295489, change=1.08e-04, α=0.000, ‖θ[1:]‖₁=80.343, h_range=[1.00e-08, 1.21e+01], num_knots=2580
2025-09-01 15:23:12,823 - Iter 3230: obj=-843.467300, change=1.08e-04, α=0.000, ‖θ[1:]‖₁=80.408, h_range=[1.00e-08, 1.20e+01], num_knots=2579
2025-09-01 15:23:12,934 - Iter 3240: obj=-843.637909, change=1.08e-04, α=0.000, ‖θ[1:]‖₁=80.472, h_range=[1.00e-08, 1.20e+01], num_knots=2576
2025-09-01 15:23:13,040 - Iter 3250: obj=-843.807478, change=1.07e-04, α=0.000, ‖θ[1:]‖₁=80.536, h_range=[1.00e-08, 1.20e+01], num_knots=2577
2025-09-01 15:23:13,149 - Iter 3260: obj=-843.976038, change=1.07e-04, α=0.000, ‖θ[1:]‖₁=80.599, h_range=[1.00e-08, 1.20e+01], num_knots=2577
2025-09-01 15:23:13,272 - Iter 3270: obj=-844.143556, change=1.06e-04, α=0.000, ‖θ[1:]‖₁=80.662, h_range=[1.00e-08, 1.20e+01], num_knots=2576
2025-09-01 15:23:13,387 - Iter 3280: obj=-844.310069, change=1.07e-04, α=0.000, ‖θ[1:]‖₁=80.724, h_range=[1.00e-08, 1.20e+01], num_knots=2572
2025-09-01 15:23:13,499 - Iter 3290: obj=-844.475432, change=1.06e-04, α=0.000, ‖θ[1:]‖₁=80.786, h_range=[1.00e-08, 1.20e+01], num_knots=2570
2025-09-01 15:23:13,595 - Iter 3300: obj=-844.639651, change=1.07e-04, α=0.000, ‖θ[1:]‖₁=80.848, h_range=[1.00e-08, 1.20e+01], num_knots=2569
2025-09-01 15:23:13,677 - Iter 3310: obj=-844.802771, change=1.06e-04, α=0.000, ‖θ[1:]‖₁=80.910, h_range=[1.00e-08, 1.20e+01], num_knots=2568
2025-09-01 15:23:13,813 - Iter 3320: obj=-844.964909, change=1.05e-04, α=0.000, ‖θ[1:]‖₁=80.971, h_range=[1.00e-08, 1.20e+01], num_knots=2568
2025-09-01 15:23:13,950 - Iter 3330: obj=-845.126105, change=1.04e-04, α=0.000, ‖θ[1:]‖₁=81.032, h_range=[1.00e-08, 1.20e+01], num_knots=2568
2025-09-01 15:23:14,063 - Iter 3340: obj=-845.286346, change=1.04e-04, α=0.000, ‖θ[1:]‖₁=81.093, h_range=[1.00e-08, 1.20e+01], num_knots=2568
2025-09-01 15:23:14,195 - Iter 3350: obj=-845.445427, change=1.04e-04, α=0.000, ‖θ[1:]‖₁=81.153, h_range=[1.00e-08, 1.20e+01], num_knots=2566
2025-09-01 15:23:14,303 - Iter 3360: obj=-845.603326, change=1.03e-04, α=0.000, ‖θ[1:]‖₁=81.213, h_range=[1.00e-08, 1.20e+01], num_knots=2567
2025-09-01 15:23:14,432 - Iter 3370: obj=-845.760337, change=1.03e-04, α=0.000, ‖θ[1:]‖₁=81.273, h_range=[1.00e-08, 1.20e+01], num_knots=2566
2025-09-01 15:23:14,541 - Iter 3380: obj=-845.916437, change=1.03e-04, α=0.000, ‖θ[1:]‖₁=81.333, h_range=[1.00e-08, 1.20e+01], num_knots=2564
2025-09-01 15:23:14,666 - Iter 3390: obj=-846.071633, change=1.02e-04, α=0.000, ‖θ[1:]‖₁=81.392, h_range=[1.00e-08, 1.20e+01], num_knots=2563
2025-09-01 15:23:14,802 - Iter 3400: obj=-846.225951, change=1.02e-04, α=0.000, ‖θ[1:]‖₁=81.451, h_range=[1.00e-08, 1.20e+01], num_knots=2562
2025-09-01 15:23:14,923 - Iter 3410: obj=-846.379405, change=1.02e-04, α=0.000, ‖θ[1:]‖₁=81.509, h_range=[1.00e-08, 1.20e+01], num_knots=2563
2025-09-01 15:23:15,030 - Iter 3420: obj=-846.531981, change=1.01e-04, α=0.000, ‖θ[1:]‖₁=81.567, h_range=[1.00e-08, 1.20e+01], num_knots=2561
2025-09-01 15:23:15,131 - Iter 3430: obj=-846.683685, change=1.01e-04, α=0.000, ‖θ[1:]‖₁=81.625, h_range=[1.00e-08, 1.20e+01], num_knots=2561
2025-09-01 15:23:15,248 - Iter 3440: obj=-846.834555, change=1.00e-04, α=0.000, ‖θ[1:]‖₁=81.682, h_range=[1.00e-08, 1.20e+01], num_knots=2560
2025-09-01 15:23:15,384 - Iter 3450: obj=-846.984465, change=1.00e-04, α=0.000, ‖θ[1:]‖₁=81.739, h_range=[1.00e-08, 1.20e+01], num_knots=2558
2025-09-01 15:23:15,511 - Iter 3460: obj=-847.133438, change=1.00e-04, α=0.000, ‖θ[1:]‖₁=81.796, h_range=[1.00e-08, 1.20e+01], num_knots=2558
2025-09-01 15:23:15,629 - Iter 3470: obj=-847.281592, change=9.99e-05, α=0.000, ‖θ[1:]‖₁=81.852, h_range=[1.00e-08, 1.20e+01], num_knots=2558
2025-09-01 15:23:15,730 - Iter 3480: obj=-847.428944, change=9.95e-05, α=0.000, ‖θ[1:]‖₁=81.908, h_range=[1.00e-08, 1.20e+01], num_knots=2558
2025-09-01 15:23:15,851 - Iter 3490: obj=-847.575473, change=9.93e-05, α=0.000, ‖θ[1:]‖₁=81.964, h_range=[1.00e-08, 1.20e+01], num_knots=2557
2025-09-01 15:23:15,988 - Iter 3500: obj=-847.721111, change=9.88e-05, α=0.000, ‖θ[1:]‖₁=82.019, h_range=[1.00e-08, 1.20e+01], num_knots=2555
2025-09-01 15:23:16,090 - Iter 3510: obj=-847.865859, change=1.01e-04, α=0.000, ‖θ[1:]‖₁=82.074, h_range=[1.00e-08, 1.20e+01], num_knots=2552
2025-09-01 15:23:16,194 - Iter 3520: obj=-848.009607, change=9.87e-05, α=0.000, ‖θ[1:]‖₁=82.129, h_range=[1.00e-08, 1.20e+01], num_knots=2551
2025-09-01 15:23:16,298 - Iter 3530: obj=-848.152476, change=9.82e-05, α=0.000, ‖θ[1:]‖₁=82.184, h_range=[1.00e-08, 1.20e+01], num_knots=2551
2025-09-01 15:23:16,402 - Iter 3540: obj=-848.294525, change=9.78e-05, α=0.000, ‖θ[1:]‖₁=82.238, h_range=[1.00e-08, 1.20e+01], num_knots=2551
2025-09-01 15:23:16,523 - Iter 3550: obj=-848.435820, change=9.75e-05, α=0.000, ‖θ[1:]‖₁=82.292, h_range=[1.00e-08, 1.20e+01], num_knots=2551
2025-09-01 15:23:16,627 - Iter 3560: obj=-848.576287, change=9.76e-05, α=0.000, ‖θ[1:]‖₁=82.345, h_range=[1.00e-08, 1.20e+01], num_knots=2550
2025-09-01 15:23:16,737 - Iter 3570: obj=-848.715950, change=9.73e-05, α=0.000, ‖θ[1:]‖₁=82.399, h_range=[1.00e-08, 1.20e+01], num_knots=2549
2025-09-01 15:23:16,854 - Iter 3580: obj=-848.854870, change=9.68e-05, α=0.000, ‖θ[1:]‖₁=82.452, h_range=[1.00e-08, 1.20e+01], num_knots=2549
2025-09-01 15:23:16,968 - Iter 3590: obj=-848.993063, change=9.64e-05, α=0.000, ‖θ[1:]‖₁=82.504, h_range=[1.00e-08, 1.20e+01], num_knots=2550
2025-09-01 15:23:17,071 - Iter 3600: obj=-849.130451, change=9.59e-05, α=0.000, ‖θ[1:]‖₁=82.556, h_range=[1.00e-08, 1.20e+01], num_knots=2550
2025-09-01 15:23:17,165 - Iter 3610: obj=-849.267054, change=9.56e-05, α=0.000, ‖θ[1:]‖₁=82.608, h_range=[1.00e-08, 1.20e+01], num_knots=2550
2025-09-01 15:23:17,302 - Iter 3620: obj=-849.402947, change=9.53e-05, α=0.000, ‖θ[1:]‖₁=82.660, h_range=[1.00e-08, 1.20e+01], num_knots=2550
2025-09-01 15:23:17,439 - Iter 3630: obj=-849.538138, change=9.50e-05, α=0.000, ‖θ[1:]‖₁=82.711, h_range=[1.00e-08, 1.20e+01], num_knots=2550
2025-09-01 15:23:17,573 - Iter 3640: obj=-849.672629, change=9.46e-05, α=0.000, ‖θ[1:]‖₁=82.762, h_range=[1.00e-08, 1.20e+01], num_knots=2549
2025-09-01 15:23:17,711 - Iter 3650: obj=-849.806353, change=9.43e-05, α=0.000, ‖θ[1:]‖₁=82.813, h_range=[1.00e-08, 1.20e+01], num_knots=2548
2025-09-01 15:23:17,848 - Iter 3660: obj=-849.939348, change=9.41e-05, α=0.000, ‖θ[1:]‖₁=82.863, h_range=[1.00e-08, 1.20e+01], num_knots=2547
2025-09-01 15:23:17,943 - Iter 3670: obj=-850.071598, change=9.36e-05, α=0.000, ‖θ[1:]‖₁=82.913, h_range=[1.00e-08, 1.20e+01], num_knots=2546
2025-09-01 15:23:18,050 - Iter 3680: obj=-850.203165, change=9.33e-05, α=0.000, ‖θ[1:]‖₁=82.963, h_range=[1.00e-08, 1.20e+01], num_knots=2544
2025-09-01 15:23:18,159 - Iter 3690: obj=-850.334064, change=9.30e-05, α=0.000, ‖θ[1:]‖₁=83.012, h_range=[1.00e-08, 1.20e+01], num_knots=2544
2025-09-01 15:23:18,261 - Iter 3700: obj=-850.464290, change=9.28e-05, α=0.000, ‖θ[1:]‖₁=83.061, h_range=[1.00e-08, 1.20e+01], num_knots=2543
2025-09-01 15:23:18,359 - Iter 3710: obj=-850.593832, change=9.25e-05, α=0.000, ‖θ[1:]‖₁=83.110, h_range=[1.00e-08, 1.20e+01], num_knots=2543
2025-09-01 15:23:18,461 - Iter 3720: obj=-850.722685, change=9.19e-05, α=0.000, ‖θ[1:]‖₁=83.159, h_range=[1.00e-08, 1.20e+01], num_knots=2541
2025-09-01 15:23:18,570 - Iter 3730: obj=-850.850880, change=9.18e-05, α=0.000, ‖θ[1:]‖₁=83.207, h_range=[1.00e-08, 1.20e+01], num_knots=2538
2025-09-01 15:23:18,691 - Iter 3740: obj=-850.978351, change=9.18e-05, α=0.000, ‖θ[1:]‖₁=83.255, h_range=[1.00e-08, 1.20e+01], num_knots=2537
2025-09-01 15:23:18,803 - Iter 3750: obj=-851.105121, change=9.13e-05, α=0.000, ‖θ[1:]‖₁=83.302, h_range=[1.00e-08, 1.20e+01], num_knots=2537
2025-09-01 15:23:18,923 - Iter 3760: obj=-851.231240, change=9.09e-05, α=0.000, ‖θ[1:]‖₁=83.350, h_range=[1.00e-08, 1.20e+01], num_knots=2534
2025-09-01 15:23:19,053 - Iter 3770: obj=-851.356635, change=9.06e-05, α=0.000, ‖θ[1:]‖₁=83.397, h_range=[1.00e-08, 1.20e+01], num_knots=2532
2025-09-01 15:23:19,155 - Iter 3780: obj=-851.481286, change=9.02e-05, α=0.000, ‖θ[1:]‖₁=83.444, h_range=[1.00e-08, 1.20e+01], num_knots=2530
2025-09-01 15:23:19,269 - Iter 3790: obj=-851.605237, change=9.03e-05, α=0.000, ‖θ[1:]‖₁=83.490, h_range=[1.00e-08, 1.20e+01], num_knots=2528
2025-09-01 15:23:19,398 - Iter 3800: obj=-851.728434, change=8.99e-05, α=0.000, ‖θ[1:]‖₁=83.537, h_range=[1.00e-08, 1.20e+01], num_knots=2526
2025-09-01 15:23:19,527 - Iter 3810: obj=-851.850952, change=8.97e-05, α=0.000, ‖θ[1:]‖₁=83.583, h_range=[1.00e-08, 1.20e+01], num_knots=2525
2025-09-01 15:23:19,643 - Iter 3820: obj=-851.972853, change=8.94e-05, α=0.000, ‖θ[1:]‖₁=83.629, h_range=[1.00e-08, 1.20e+01], num_knots=2525
2025-09-01 15:23:19,755 - Iter 3830: obj=-852.094094, change=8.90e-05, α=0.000, ‖θ[1:]‖₁=83.675, h_range=[1.00e-08, 1.20e+01], num_knots=2524
2025-09-01 15:23:19,866 - Iter 3840: obj=-852.214552, change=8.86e-05, α=0.000, ‖θ[1:]‖₁=83.721, h_range=[1.00e-08, 1.20e+01], num_knots=2522
2025-09-01 15:23:19,987 - Iter 3850: obj=-852.334354, change=8.84e-05, α=0.000, ‖θ[1:]‖₁=83.766, h_range=[1.00e-08, 1.20e+01], num_knots=2522
2025-09-01 15:23:20,096 - Iter 3860: obj=-852.453577, change=8.82e-05, α=0.000, ‖θ[1:]‖₁=83.812, h_range=[1.00e-08, 1.20e+01], num_knots=2522
2025-09-01 15:23:20,208 - Iter 3870: obj=-852.572211, change=8.79e-05, α=0.000, ‖θ[1:]‖₁=83.857, h_range=[1.00e-08, 1.20e+01], num_knots=2522
2025-09-01 15:23:20,311 - Iter 3880: obj=-852.690245, change=8.76e-05, α=0.000, ‖θ[1:]‖₁=83.901, h_range=[1.00e-08, 1.20e+01], num_knots=2522
2025-09-01 15:23:20,395 - Iter 3890: obj=-852.807714, change=8.74e-05, α=0.000, ‖θ[1:]‖₁=83.946, h_range=[1.00e-08, 1.20e+01], num_knots=2522
2025-09-01 15:23:20,497 - Iter 3900: obj=-852.924599, change=8.73e-05, α=0.000, ‖θ[1:]‖₁=83.990, h_range=[1.00e-08, 1.20e+01], num_knots=2519
2025-09-01 15:23:20,603 - Iter 3910: obj=-853.040735, change=8.70e-05, α=0.000, ‖θ[1:]‖₁=84.034, h_range=[1.00e-08, 1.20e+01], num_knots=2519
2025-09-01 15:23:20,710 - Iter 3920: obj=-853.156321, change=8.67e-05, α=0.000, ‖θ[1:]‖₁=84.077, h_range=[1.00e-08, 1.20e+01], num_knots=2520
2025-09-01 15:23:20,829 - Iter 3930: obj=-853.271276, change=8.62e-05, α=0.000, ‖θ[1:]‖₁=84.121, h_range=[1.00e-08, 1.20e+01], num_knots=2518
2025-09-01 15:23:20,949 - Iter 3940: obj=-853.385636, change=8.61e-05, α=0.000, ‖θ[1:]‖₁=84.164, h_range=[1.00e-08, 1.20e+01], num_knots=2518
2025-09-01 15:23:21,056 - Iter 3950: obj=-853.499459, change=8.58e-05, α=0.000, ‖θ[1:]‖₁=84.207, h_range=[1.00e-08, 1.20e+01], num_knots=2518
2025-09-01 15:23:21,169 - Iter 3960: obj=-853.612750, change=8.56e-05, α=0.000, ‖θ[1:]‖₁=84.250, h_range=[1.00e-08, 1.20e+01], num_knots=2518
2025-09-01 15:23:21,276 - Iter 3970: obj=-853.725515, change=8.53e-05, α=0.000, ‖θ[1:]‖₁=84.292, h_range=[1.00e-08, 1.20e+01], num_knots=2518
2025-09-01 15:23:21,407 - Iter 3980: obj=-853.837758, change=8.51e-05, α=0.000, ‖θ[1:]‖₁=84.335, h_range=[1.00e-08, 1.20e+01], num_knots=2518
2025-09-01 15:23:21,514 - Iter 3990: obj=-853.949483, change=8.48e-05, α=0.000, ‖θ[1:]‖₁=84.376, h_range=[1.00e-08, 1.20e+01], num_knots=2518
2025-09-01 15:23:21,626 - Iter 4000: obj=-854.060695, change=8.45e-05, α=0.000, ‖θ[1:]‖₁=84.418, h_range=[1.00e-08, 1.20e+01], num_knots=2518
2025-09-01 15:23:21,741 - Iter 4010: obj=-854.171398, change=8.43e-05, α=0.000, ‖θ[1:]‖₁=84.459, h_range=[1.00e-08, 1.20e+01], num_knots=2518
2025-09-01 15:23:21,856 - Iter 4020: obj=-854.281596, change=8.40e-05, α=0.000, ‖θ[1:]‖₁=84.500, h_range=[1.00e-08, 1.20e+01], num_knots=2518
2025-09-01 15:23:21,971 - Iter 4030: obj=-854.391295, change=8.40e-05, α=0.000, ‖θ[1:]‖₁=84.540, h_range=[1.00e-08, 1.20e+01], num_knots=2517
2025-09-01 15:23:22,088 - Iter 4040: obj=-854.500416, change=8.33e-05, α=0.000, ‖θ[1:]‖₁=84.581, h_range=[1.00e-08, 1.20e+01], num_knots=2515
2025-09-01 15:23:22,194 - Iter 4050: obj=-854.608950, change=8.39e-05, α=0.000, ‖θ[1:]‖₁=84.621, h_range=[1.00e-08, 1.20e+01], num_knots=2513
2025-09-01 15:23:22,313 - Iter 4060: obj=-854.716926, change=8.34e-05, α=0.000, ‖θ[1:]‖₁=84.661, h_range=[1.00e-08, 1.20e+01], num_knots=2513
2025-09-01 15:23:22,414 - Iter 4070: obj=-854.824419, change=8.30e-05, α=0.000, ‖θ[1:]‖₁=84.701, h_range=[1.00e-08, 1.20e+01], num_knots=2513
2025-09-01 15:23:22,530 - Iter 4080: obj=-854.931367, change=8.26e-05, α=0.000, ‖θ[1:]‖₁=84.740, h_range=[1.00e-08, 1.20e+01], num_knots=2511
2025-09-01 15:23:22,640 - Iter 4090: obj=-855.037762, change=8.22e-05, α=0.000, ‖θ[1:]‖₁=84.780, h_range=[1.00e-08, 1.20e+01], num_knots=2510
2025-09-01 15:23:22,745 - Iter 4100: obj=-855.143649, change=8.22e-05, α=0.000, ‖θ[1:]‖₁=84.819, h_range=[1.00e-08, 1.20e+01], num_knots=2510
2025-09-01 15:23:22,848 - Iter 4110: obj=-855.249067, change=8.19e-05, α=0.000, ‖θ[1:]‖₁=84.858, h_range=[1.00e-08, 1.20e+01], num_knots=2510
2025-09-01 15:23:22,947 - Iter 4120: obj=-855.354012, change=8.18e-05, α=0.000, ‖θ[1:]‖₁=84.896, h_range=[1.00e-08, 1.20e+01], num_knots=2509
2025-09-01 15:23:23,094 - Iter 4130: obj=-855.458467, change=8.15e-05, α=0.000, ‖θ[1:]‖₁=84.935, h_range=[1.00e-08, 1.20e+01], num_knots=2509
2025-09-01 15:23:23,208 - Iter 4140: obj=-855.562467, change=8.12e-05, α=0.000, ‖θ[1:]‖₁=84.973, h_range=[1.00e-08, 1.20e+01], num_knots=2509
2025-09-01 15:23:23,298 - Iter 4150: obj=-855.666013, change=8.09e-05, α=0.000, ‖θ[1:]‖₁=85.010, h_range=[1.00e-08, 1.20e+01], num_knots=2509
2025-09-01 15:23:23,402 - Iter 4160: obj=-855.769083, change=8.14e-05, α=0.000, ‖θ[1:]‖₁=85.048, h_range=[1.00e-08, 1.20e+01], num_knots=2508
2025-09-01 15:23:23,514 - Iter 4170: obj=-855.871624, change=8.07e-05, α=0.000, ‖θ[1:]‖₁=85.085, h_range=[1.00e-08, 1.20e+01], num_knots=2507
2025-09-01 15:23:23,617 - Iter 4180: obj=-855.973710, change=8.04e-05, α=0.000, ‖θ[1:]‖₁=85.122, h_range=[1.00e-08, 1.20e+01], num_knots=2506
2025-09-01 15:23:23,714 - Iter 4190: obj=-856.075355, change=8.02e-05, α=0.000, ‖θ[1:]‖₁=85.159, h_range=[1.00e-08, 1.20e+01], num_knots=2506
2025-09-01 15:23:23,812 - Iter 4200: obj=-856.176552, change=7.97e-05, α=0.000, ‖θ[1:]‖₁=85.196, h_range=[1.00e-08, 1.20e+01], num_knots=2504
2025-09-01 15:23:23,923 - Iter 4210: obj=-856.277131, change=7.95e-05, α=0.000, ‖θ[1:]‖₁=85.232, h_range=[1.00e-08, 1.20e+01], num_knots=2503
2025-09-01 15:23:24,044 - Iter 4220: obj=-856.377142, change=7.96e-05, α=0.000, ‖θ[1:]‖₁=85.269, h_range=[1.00e-08, 1.20e+01], num_knots=2500
2025-09-01 15:23:24,163 - Iter 4230: obj=-856.476647, change=7.95e-05, α=0.000, ‖θ[1:]‖₁=85.305, h_range=[1.00e-08, 1.20e+01], num_knots=2498
2025-09-01 15:23:24,274 - Iter 4240: obj=-856.575707, change=7.92e-05, α=0.000, ‖θ[1:]‖₁=85.341, h_range=[1.00e-08, 1.20e+01], num_knots=2498
2025-09-01 15:23:24,389 - Iter 4250: obj=-856.674332, change=8.04e-05, α=0.000, ‖θ[1:]‖₁=85.377, h_range=[1.00e-08, 1.20e+01], num_knots=2497
2025-09-01 15:23:24,498 - Iter 4260: obj=-856.772326, change=7.89e-05, α=0.000, ‖θ[1:]‖₁=85.413, h_range=[1.00e-08, 1.20e+01], num_knots=2497
2025-09-01 15:23:24,600 - Iter 4270: obj=-856.869906, change=7.85e-05, α=0.000, ‖θ[1:]‖₁=85.448, h_range=[1.00e-08, 1.20e+01], num_knots=2496
2025-09-01 15:23:24,715 - Iter 4280: obj=-856.967066, change=7.96e-05, α=0.000, ‖θ[1:]‖₁=85.484, h_range=[1.00e-08, 1.20e+01], num_knots=2495
2025-09-01 15:23:24,840 - Iter 4290: obj=-857.063633, change=7.90e-05, α=0.000, ‖θ[1:]‖₁=85.519, h_range=[1.00e-08, 1.20e+01], num_knots=2493
2025-09-01 15:23:24,950 - Iter 4300: obj=-857.159624, change=7.82e-05, α=0.000, ‖θ[1:]‖₁=85.554, h_range=[1.00e-08, 1.20e+01], num_knots=2492
2025-09-01 15:23:25,054 - Iter 4310: obj=-857.255159, change=7.77e-05, α=0.000, ‖θ[1:]‖₁=85.589, h_range=[1.00e-08, 1.20e+01], num_knots=2491
2025-09-01 15:23:25,184 - Iter 4320: obj=-857.350272, change=7.77e-05, α=0.000, ‖θ[1:]‖₁=85.624, h_range=[1.00e-08, 1.20e+01], num_knots=2490
2025-09-01 15:23:25,292 - Iter 4330: obj=-857.444930, change=7.72e-05, α=0.000, ‖θ[1:]‖₁=85.658, h_range=[1.00e-08, 1.20e+01], num_knots=2489
2025-09-01 15:23:25,410 - Iter 4340: obj=-857.539188, change=7.70e-05, α=0.000, ‖θ[1:]‖₁=85.693, h_range=[1.00e-08, 1.20e+01], num_knots=2490
2025-09-01 15:23:25,519 - Iter 4350: obj=-857.633037, change=7.71e-05, α=0.000, ‖θ[1:]‖₁=85.727, h_range=[1.00e-08, 1.20e+01], num_knots=2488
2025-09-01 15:23:25,636 - Iter 4360: obj=-857.726438, change=7.65e-05, α=0.000, ‖θ[1:]‖₁=85.761, h_range=[1.00e-08, 1.20e+01], num_knots=2488
2025-09-01 15:23:25,749 - Iter 4370: obj=-857.819400, change=7.67e-05, α=0.000, ‖θ[1:]‖₁=85.795, h_range=[1.00e-08, 1.20e+01], num_knots=2486
2025-09-01 15:23:25,859 - Iter 4380: obj=-857.911873, change=7.62e-05, α=0.000, ‖θ[1:]‖₁=85.828, h_range=[1.00e-08, 1.20e+01], num_knots=2485
2025-09-01 15:23:25,972 - Iter 4390: obj=-858.003859, change=7.59e-05, α=0.000, ‖θ[1:]‖₁=85.862, h_range=[1.00e-08, 1.20e+01], num_knots=2486
2025-09-01 15:23:26,088 - Iter 4400: obj=-858.095472, change=7.57e-05, α=0.000, ‖θ[1:]‖₁=85.895, h_range=[1.00e-08, 1.20e+01], num_knots=2485
2025-09-01 15:23:26,199 - Iter 4410: obj=-858.186712, change=7.55e-05, α=0.000, ‖θ[1:]‖₁=85.929, h_range=[1.00e-08, 1.20e+01], num_knots=2485
2025-09-01 15:23:26,306 - Iter 4420: obj=-858.277554, change=7.60e-05, α=0.000, ‖θ[1:]‖₁=85.961, h_range=[1.00e-08, 1.20e+01], num_knots=2483
2025-09-01 15:23:26,438 - Iter 4430: obj=-858.367926, change=7.62e-05, α=0.000, ‖θ[1:]‖₁=85.994, h_range=[1.00e-08, 1.20e+01], num_knots=2483
2025-09-01 15:23:26,555 - Iter 4440: obj=-858.457858, change=7.55e-05, α=0.000, ‖θ[1:]‖₁=86.027, h_range=[1.00e-08, 1.20e+01], num_knots=2483
2025-09-01 15:23:26,670 - Iter 4450: obj=-858.547431, change=7.52e-05, α=0.000, ‖θ[1:]‖₁=86.059, h_range=[1.00e-08, 1.20e+01], num_knots=2485
2025-09-01 15:23:26,768 - Iter 4460: obj=-858.636644, change=7.50e-05, α=0.000, ‖θ[1:]‖₁=86.091, h_range=[1.00e-08, 1.20e+01], num_knots=2483
2025-09-01 15:23:26,873 - Iter 4470: obj=-858.725424, change=7.46e-05, α=0.000, ‖θ[1:]‖₁=86.123, h_range=[1.00e-08, 1.20e+01], num_knots=2483
2025-09-01 15:23:26,981 - Iter 4480: obj=-858.813801, change=7.48e-05, α=0.000, ‖θ[1:]‖₁=86.155, h_range=[1.00e-08, 1.20e+01], num_knots=2482
2025-09-01 15:23:27,088 - Iter 4490: obj=-858.901776, change=7.44e-05, α=0.000, ‖θ[1:]‖₁=86.187, h_range=[1.00e-08, 1.20e+01], num_knots=2481
2025-09-01 15:23:27,185 - Iter 4500: obj=-858.989292, change=7.40e-05, α=0.000, ‖θ[1:]‖₁=86.218, h_range=[1.00e-08, 1.20e+01], num_knots=2481
2025-09-01 15:23:27,296 - Iter 4510: obj=-859.076449, change=7.38e-05, α=0.000, ‖θ[1:]‖₁=86.250, h_range=[1.00e-08, 1.20e+01], num_knots=2480
2025-09-01 15:23:27,423 - Iter 4520: obj=-859.163209, change=7.35e-05, α=0.000, ‖θ[1:]‖₁=86.281, h_range=[1.00e-08, 1.20e+01], num_knots=2478
2025-09-01 15:23:27,529 - Iter 4530: obj=-859.249594, change=7.34e-05, α=0.000, ‖θ[1:]‖₁=86.312, h_range=[1.00e-08, 1.20e+01], num_knots=2478
2025-09-01 15:23:27,635 - Iter 4540: obj=-859.335643, change=7.32e-05, α=0.000, ‖θ[1:]‖₁=86.343, h_range=[1.00e-08, 1.20e+01], num_knots=2478
2025-09-01 15:23:27,731 - Iter 4550: obj=-859.421233, change=7.28e-05, α=0.000, ‖θ[1:]‖₁=86.373, h_range=[1.00e-08, 1.20e+01], num_knots=2477
2025-09-01 15:23:27,842 - Iter 4560: obj=-859.506482, change=7.27e-05, α=0.000, ‖θ[1:]‖₁=86.404, h_range=[1.00e-08, 1.20e+01], num_knots=2477
2025-09-01 15:23:27,930 - Iter 4570: obj=-859.591403, change=7.25e-05, α=0.000, ‖θ[1:]‖₁=86.434, h_range=[1.00e-08, 1.20e+01], num_knots=2477
2025-09-01 15:23:28,050 - Iter 4580: obj=-859.675970, change=7.26e-05, α=0.000, ‖θ[1:]‖₁=86.465, h_range=[1.00e-08, 1.20e+01], num_knots=2475
2025-09-01 15:23:28,153 - Iter 4590: obj=-859.760116, change=7.18e-05, α=0.000, ‖θ[1:]‖₁=86.495, h_range=[1.00e-08, 1.20e+01], num_knots=2472
2025-09-01 15:23:28,299 - Iter 4600: obj=-859.843924, change=7.16e-05, α=0.000, ‖θ[1:]‖₁=86.525, h_range=[1.00e-08, 1.20e+01], num_knots=2473
2025-09-01 15:23:28,408 - Iter 4610: obj=-859.927376, change=7.13e-05, α=0.000, ‖θ[1:]‖₁=86.554, h_range=[1.00e-08, 1.20e+01], num_knots=2473
2025-09-01 15:23:28,513 - Iter 4620: obj=-860.010477, change=7.13e-05, α=0.000, ‖θ[1:]‖₁=86.584, h_range=[1.00e-08, 1.20e+01], num_knots=2472
2025-09-01 15:23:28,613 - Iter 4630: obj=-860.093254, change=7.11e-05, α=0.000, ‖θ[1:]‖₁=86.613, h_range=[1.00e-08, 1.20e+01], num_knots=2472
2025-09-01 15:23:28,705 - Iter 4640: obj=-860.175719, change=7.09e-05, α=0.000, ‖θ[1:]‖₁=86.642, h_range=[1.00e-08, 1.20e+01], num_knots=2472
2025-09-01 15:23:28,813 - Iter 4650: obj=-860.257876, change=7.07e-05, α=0.000, ‖θ[1:]‖₁=86.671, h_range=[1.00e-08, 1.20e+01], num_knots=2472
2025-09-01 15:23:28,922 - Iter 4660: obj=-860.339712, change=7.05e-05, α=0.000, ‖θ[1:]‖₁=86.700, h_range=[1.00e-08, 1.20e+01], num_knots=2470
2025-09-01 15:23:29,022 - Iter 4670: obj=-860.421219, change=7.03e-05, α=0.000, ‖θ[1:]‖₁=86.729, h_range=[1.00e-08, 1.20e+01], num_knots=2470
2025-09-01 15:23:29,129 - Iter 4680: obj=-860.502425, change=7.01e-05, α=0.000, ‖θ[1:]‖₁=86.757, h_range=[1.00e-08, 1.20e+01], num_knots=2471
2025-09-01 15:23:29,239 - Iter 4690: obj=-860.583295, change=7.13e-05, α=0.000, ‖θ[1:]‖₁=86.785, h_range=[1.00e-08, 1.20e+01], num_knots=2469
2025-09-01 15:23:29,352 - Iter 4700: obj=-860.663751, change=7.02e-05, α=0.000, ‖θ[1:]‖₁=86.814, h_range=[1.00e-08, 1.20e+01], num_knots=2468
2025-09-01 15:23:29,458 - Iter 4710: obj=-860.743907, change=6.97e-05, α=0.000, ‖θ[1:]‖₁=86.841, h_range=[1.00e-08, 1.20e+01], num_knots=2468
2025-09-01 15:23:29,576 - Iter 4720: obj=-860.823729, change=6.93e-05, α=0.000, ‖θ[1:]‖₁=86.869, h_range=[1.00e-08, 1.20e+01], num_knots=2466
2025-09-01 15:23:29,678 - Iter 4730: obj=-860.903140, change=6.90e-05, α=0.000, ‖θ[1:]‖₁=86.897, h_range=[1.00e-08, 1.20e+01], num_knots=2465
2025-09-01 15:23:29,797 - Iter 4740: obj=-860.982242, change=6.89e-05, α=0.000, ‖θ[1:]‖₁=86.925, h_range=[1.00e-08, 1.20e+01], num_knots=2465
2025-09-01 15:23:29,881 - Iter 4750: obj=-861.061057, change=6.88e-05, α=0.000, ‖θ[1:]‖₁=86.952, h_range=[1.00e-08, 1.20e+01], num_knots=2464
2025-09-01 15:23:29,986 - Iter 4760: obj=-861.139495, change=6.90e-05, α=0.000, ‖θ[1:]‖₁=86.979, h_range=[1.00e-08, 1.20e+01], num_knots=2464
2025-09-01 15:23:30,088 - Iter 4770: obj=-861.217640, change=6.89e-05, α=0.000, ‖θ[1:]‖₁=87.006, h_range=[1.00e-08, 1.20e+01], num_knots=2463
2025-09-01 15:23:30,184 - Iter 4780: obj=-861.295498, change=6.85e-05, α=0.000, ‖θ[1:]‖₁=87.033, h_range=[1.00e-08, 1.20e+01], num_knots=2463
2025-09-01 15:23:30,283 - Iter 4790: obj=-861.373003, change=6.82e-05, α=0.000, ‖θ[1:]‖₁=87.060, h_range=[1.00e-08, 1.20e+01], num_knots=2462
2025-09-01 15:23:30,390 - Iter 4800: obj=-861.450041, change=6.84e-05, α=0.000, ‖θ[1:]‖₁=87.087, h_range=[1.00e-08, 1.20e+01], num_knots=2460
2025-09-01 15:23:30,499 - Iter 4810: obj=-861.526727, change=6.83e-05, α=0.000, ‖θ[1:]‖₁=87.114, h_range=[1.00e-08, 1.19e+01], num_knots=2459
2025-09-01 15:23:30,626 - Iter 4820: obj=-861.603124, change=6.80e-05, α=0.000, ‖θ[1:]‖₁=87.141, h_range=[1.00e-08, 1.19e+01], num_knots=2459
2025-09-01 15:23:30,742 - Iter 4830: obj=-861.679250, change=6.78e-05, α=0.000, ‖θ[1:]‖₁=87.167, h_range=[1.00e-08, 1.19e+01], num_knots=2458
2025-09-01 15:23:30,832 - Iter 4840: obj=-861.755042, change=6.75e-05, α=0.000, ‖θ[1:]‖₁=87.193, h_range=[1.00e-08, 1.19e+01], num_knots=2457
2025-09-01 15:23:30,949 - Iter 4850: obj=-861.830550, change=6.73e-05, α=0.000, ‖θ[1:]‖₁=87.219, h_range=[1.00e-08, 1.19e+01], num_knots=2456
2025-09-01 15:23:31,045 - Iter 4860: obj=-861.905794, change=6.71e-05, α=0.000, ‖θ[1:]‖₁=87.245, h_range=[1.00e-08, 1.19e+01], num_knots=2456
2025-09-01 15:23:31,162 - Iter 4870: obj=-861.980774, change=6.69e-05, α=0.000, ‖θ[1:]‖₁=87.271, h_range=[1.00e-08, 1.19e+01], num_knots=2456
2025-09-01 15:23:31,282 - Iter 4880: obj=-862.055485, change=6.67e-05, α=0.000, ‖θ[1:]‖₁=87.297, h_range=[1.00e-08, 1.19e+01], num_knots=2455
2025-09-01 15:23:31,399 - Iter 4890: obj=-862.129908, change=6.64e-05, α=0.000, ‖θ[1:]‖₁=87.322, h_range=[1.00e-08, 1.19e+01], num_knots=2453
2025-09-01 15:23:31,530 - Iter 4900: obj=-862.204049, change=6.64e-05, α=0.000, ‖θ[1:]‖₁=87.347, h_range=[1.00e-08, 1.19e+01], num_knots=2453
2025-09-01 15:23:31,655 - Iter 4910: obj=-862.277934, change=6.62e-05, α=0.000, ‖θ[1:]‖₁=87.373, h_range=[1.00e-08, 1.19e+01], num_knots=2453
2025-09-01 15:23:31,781 - Iter 4920: obj=-862.351566, change=6.60e-05, α=0.000, ‖θ[1:]‖₁=87.397, h_range=[1.00e-08, 1.19e+01], num_knots=2453
2025-09-01 15:23:31,909 - Iter 4930: obj=-862.424922, change=6.59e-05, α=0.000, ‖θ[1:]‖₁=87.422, h_range=[1.00e-08, 1.19e+01], num_knots=2452
2025-09-01 15:23:32,021 - Iter 4940: obj=-862.498003, change=6.57e-05, α=0.000, ‖θ[1:]‖₁=87.447, h_range=[1.00e-08, 1.19e+01], num_knots=2450
2025-09-01 15:23:32,135 - Iter 4950: obj=-862.570793, change=6.53e-05, α=0.000, ‖θ[1:]‖₁=87.471, h_range=[1.00e-08, 1.19e+01], num_knots=2450
2025-09-01 15:23:32,265 - Iter 4960: obj=-862.643338, change=6.51e-05, α=0.000, ‖θ[1:]‖₁=87.496, h_range=[1.00e-08, 1.19e+01], num_knots=2450
2025-09-01 15:23:32,372 - Iter 4970: obj=-862.715600, change=6.48e-05, α=0.000, ‖θ[1:]‖₁=87.520, h_range=[1.00e-08, 1.19e+01], num_knots=2449
2025-09-01 15:23:32,467 - Iter 4980: obj=-862.787584, change=6.46e-05, α=0.000, ‖θ[1:]‖₁=87.544, h_range=[1.00e-08, 1.19e+01], num_knots=2448
2025-09-01 15:23:32,571 - Iter 4990: obj=-862.859244, change=6.44e-05, α=0.000, ‖θ[1:]‖₁=87.568, h_range=[1.00e-08, 1.19e+01], num_knots=2448
2025-09-01 15:23:32,691 - Iter 5000: obj=-862.930665, change=6.43e-05, α=0.000, ‖θ[1:]‖₁=87.592, h_range=[1.00e-08, 1.19e+01], num_knots=2448
2025-09-01 15:23:32,797 - Iter 5010: obj=-863.001849, change=6.42e-05, α=0.000, ‖θ[1:]‖₁=87.616, h_range=[1.00e-08, 1.19e+01], num_knots=2448
2025-09-01 15:23:32,911 - Iter 5020: obj=-863.072796, change=6.38e-05, α=0.000, ‖θ[1:]‖₁=87.639, h_range=[1.00e-08, 1.19e+01], num_knots=2448
2025-09-01 15:23:33,018 - Iter 5030: obj=-863.143494, change=6.39e-05, α=0.000, ‖θ[1:]‖₁=87.662, h_range=[1.00e-08, 1.19e+01], num_knots=2447
2025-09-01 15:23:33,151 - Iter 5040: obj=-863.213952, change=6.37e-05, α=0.000, ‖θ[1:]‖₁=87.686, h_range=[1.00e-08, 1.19e+01], num_knots=2447
2025-09-01 15:23:33,250 - Iter 5050: obj=-863.284180, change=6.40e-05, α=0.000, ‖θ[1:]‖₁=87.709, h_range=[1.00e-08, 1.19e+01], num_knots=2446
2025-09-01 15:23:33,355 - Iter 5060: obj=-863.354129, change=6.33e-05, α=0.000, ‖θ[1:]‖₁=87.732, h_range=[1.00e-08, 1.19e+01], num_knots=2446
2025-09-01 15:23:33,489 - Iter 5070: obj=-863.423850, change=6.35e-05, α=0.000, ‖θ[1:]‖₁=87.754, h_range=[1.00e-08, 1.19e+01], num_knots=2445
2025-09-01 15:23:33,612 - Iter 5080: obj=-863.493220, change=6.35e-05, α=0.000, ‖θ[1:]‖₁=87.777, h_range=[1.00e-08, 1.19e+01], num_knots=2444
2025-09-01 15:23:33,721 - Iter 5090: obj=-863.562311, change=6.32e-05, α=0.000, ‖θ[1:]‖₁=87.800, h_range=[1.00e-08, 1.19e+01], num_knots=2444
2025-09-01 15:23:33,828 - Iter 5100: obj=-863.631163, change=6.31e-05, α=0.000, ‖θ[1:]‖₁=87.822, h_range=[1.00e-08, 1.19e+01], num_knots=2443
2025-09-01 15:23:33,938 - Iter 5110: obj=-863.699706, change=6.28e-05, α=0.000, ‖θ[1:]‖₁=87.845, h_range=[1.00e-08, 1.19e+01], num_knots=2442
2025-09-01 15:23:34,064 - Iter 5120: obj=-863.767980, change=6.27e-05, α=0.000, ‖θ[1:]‖₁=87.867, h_range=[1.00e-08, 1.19e+01], num_knots=2440
2025-09-01 15:23:34,184 - Iter 5130: obj=-863.835994, change=6.25e-05, α=0.000, ‖θ[1:]‖₁=87.889, h_range=[1.00e-08, 1.19e+01], num_knots=2438
2025-09-01 15:23:34,294 - Iter 5140: obj=-863.903751, change=6.20e-05, α=0.000, ‖θ[1:]‖₁=87.912, h_range=[1.00e-08, 1.19e+01], num_knots=2437
2025-09-01 15:23:34,425 - Iter 5150: obj=-863.971260, change=6.18e-05, α=0.000, ‖θ[1:]‖₁=87.934, h_range=[1.00e-08, 1.19e+01], num_knots=2437
2025-09-01 15:23:34,541 - Iter 5160: obj=-864.038555, change=6.19e-05, α=0.000, ‖θ[1:]‖₁=87.955, h_range=[1.00e-08, 1.19e+01], num_knots=2436
2025-09-01 15:23:34,665 - Iter 5170: obj=-864.105591, change=6.14e-05, α=0.000, ‖θ[1:]‖₁=87.977, h_range=[1.00e-08, 1.19e+01], num_knots=2436
2025-09-01 15:23:34,796 - Iter 5180: obj=-864.172413, change=6.13e-05, α=0.000, ‖θ[1:]‖₁=87.999, h_range=[1.00e-08, 1.19e+01], num_knots=2436
2025-09-01 15:23:34,941 - Iter 5190: obj=-864.239025, change=6.12e-05, α=0.000, ‖θ[1:]‖₁=88.020, h_range=[1.00e-08, 1.19e+01], num_knots=2436
2025-09-01 15:23:35,055 - Iter 5200: obj=-864.305414, change=6.10e-05, α=0.000, ‖θ[1:]‖₁=88.042, h_range=[1.00e-08, 1.19e+01], num_knots=2435
2025-09-01 15:23:35,181 - Iter 5210: obj=-864.371560, change=6.11e-05, α=0.000, ‖θ[1:]‖₁=88.063, h_range=[1.00e-08, 1.19e+01], num_knots=2434
2025-09-01 15:23:35,285 - Iter 5220: obj=-864.437448, change=6.05e-05, α=0.000, ‖θ[1:]‖₁=88.084, h_range=[1.00e-08, 1.19e+01], num_knots=2433
2025-09-01 15:23:35,384 - Iter 5230: obj=-864.503096, change=6.03e-05, α=0.000, ‖θ[1:]‖₁=88.105, h_range=[1.00e-08, 1.19e+01], num_knots=2432
2025-09-01 15:23:35,490 - Iter 5240: obj=-864.568470, change=6.17e-05, α=0.000, ‖θ[1:]‖₁=88.126, h_range=[1.00e-08, 1.19e+01], num_knots=2431
2025-09-01 15:23:35,632 - Iter 5250: obj=-864.633546, change=6.09e-05, α=0.000, ‖θ[1:]‖₁=88.147, h_range=[1.00e-08, 1.19e+01], num_knots=2430
2025-09-01 15:23:35,798 - Iter 5260: obj=-864.698329, change=6.08e-05, α=0.000, ‖θ[1:]‖₁=88.168, h_range=[1.00e-08, 1.19e+01], num_knots=2430
2025-09-01 15:23:35,919 - Iter 5270: obj=-864.762904, change=6.06e-05, α=0.000, ‖θ[1:]‖₁=88.188, h_range=[1.00e-08, 1.19e+01], num_knots=2430
2025-09-01 15:23:36,035 - Iter 5280: obj=-864.827282, change=6.03e-05, α=0.000, ‖θ[1:]‖₁=88.209, h_range=[1.00e-08, 1.19e+01], num_knots=2430
2025-09-01 15:23:36,145 - Iter 5290: obj=-864.891464, change=6.01e-05, α=0.000, ‖θ[1:]‖₁=88.229, h_range=[1.00e-08, 1.19e+01], num_knots=2430
2025-09-01 15:23:36,246 - Iter 5300: obj=-864.955451, change=6.00e-05, α=0.000, ‖θ[1:]‖₁=88.250, h_range=[1.00e-08, 1.19e+01], num_knots=2430
2025-09-01 15:23:36,362 - Iter 5310: obj=-865.019245, change=5.98e-05, α=0.000, ‖θ[1:]‖₁=88.270, h_range=[1.00e-08, 1.19e+01], num_knots=2430
2025-09-01 15:23:36,485 - Iter 5320: obj=-865.082847, change=5.96e-05, α=0.000, ‖θ[1:]‖₁=88.290, h_range=[1.00e-08, 1.19e+01], num_knots=2430
2025-09-01 15:23:36,592 - Iter 5330: obj=-865.146259, change=5.95e-05, α=0.000, ‖θ[1:]‖₁=88.309, h_range=[1.00e-08, 1.19e+01], num_knots=2430
2025-09-01 15:23:36,698 - Iter 5340: obj=-865.209443, change=5.99e-05, α=0.000, ‖θ[1:]‖₁=88.329, h_range=[1.00e-08, 1.19e+01], num_knots=2429
2025-09-01 15:23:36,788 - Iter 5350: obj=-865.272365, change=6.07e-05, α=0.000, ‖θ[1:]‖₁=88.348, h_range=[1.00e-08, 1.19e+01], num_knots=2428
2025-09-01 15:23:36,910 - Iter 5360: obj=-865.334994, change=5.98e-05, α=0.000, ‖θ[1:]‖₁=88.368, h_range=[1.00e-08, 1.19e+01], num_knots=2426
2025-09-01 15:23:37,017 - Iter 5370: obj=-865.397337, change=6.09e-05, α=0.000, ‖θ[1:]‖₁=88.387, h_range=[1.00e-08, 1.19e+01], num_knots=2423
2025-09-01 15:23:37,137 - Iter 5380: obj=-865.459333, change=5.97e-05, α=0.000, ‖θ[1:]‖₁=88.407, h_range=[1.00e-08, 1.19e+01], num_knots=2423
2025-09-01 15:23:37,240 - Iter 5390: obj=-865.521145, change=5.94e-05, α=0.000, ‖θ[1:]‖₁=88.426, h_range=[1.00e-08, 1.19e+01], num_knots=2423
2025-09-01 15:23:37,341 - Iter 5400: obj=-865.582775, change=5.91e-05, α=0.000, ‖θ[1:]‖₁=88.446, h_range=[1.00e-08, 1.19e+01], num_knots=2424
2025-09-01 15:23:37,431 - Iter 5410: obj=-865.644159, change=5.88e-05, α=0.000, ‖θ[1:]‖₁=88.465, h_range=[1.00e-08, 1.19e+01], num_knots=2423
2025-09-01 15:23:37,559 - Iter 5420: obj=-865.705333, change=5.86e-05, α=0.000, ‖θ[1:]‖₁=88.484, h_range=[1.00e-08, 1.19e+01], num_knots=2423
2025-09-01 15:23:37,666 - Iter 5430: obj=-865.766320, change=5.85e-05, α=0.000, ‖θ[1:]‖₁=88.503, h_range=[1.00e-08, 1.19e+01], num_knots=2422
2025-09-01 15:23:37,771 - Iter 5440: obj=-865.827112, change=5.84e-05, α=0.000, ‖θ[1:]‖₁=88.522, h_range=[1.00e-08, 1.19e+01], num_knots=2422
2025-09-01 15:23:37,863 - Iter 5450: obj=-865.887727, change=5.82e-05, α=0.000, ‖θ[1:]‖₁=88.540, h_range=[1.00e-08, 1.19e+01], num_knots=2422
2025-09-01 15:23:37,984 - Iter 5460: obj=-865.948168, change=5.80e-05, α=0.000, ‖θ[1:]‖₁=88.559, h_range=[1.00e-08, 1.19e+01], num_knots=2422
2025-09-01 15:23:38,082 - Iter 5470: obj=-866.008403, change=5.86e-05, α=0.000, ‖θ[1:]‖₁=88.577, h_range=[1.00e-08, 1.19e+01], num_knots=2420
2025-09-01 15:23:38,182 - Iter 5480: obj=-866.068387, change=5.80e-05, α=0.000, ‖θ[1:]‖₁=88.596, h_range=[1.00e-08, 1.19e+01], num_knots=2420
2025-09-01 15:23:38,283 - Iter 5490: obj=-866.128200, change=5.78e-05, α=0.000, ‖θ[1:]‖₁=88.614, h_range=[1.00e-08, 1.19e+01], num_knots=2420
2025-09-01 15:23:38,408 - Iter 5500: obj=-866.187833, change=5.77e-05, α=0.000, ‖θ[1:]‖₁=88.632, h_range=[1.00e-08, 1.19e+01], num_knots=2419
2025-09-01 15:23:38,531 - Iter 5510: obj=-866.247278, change=5.74e-05, α=0.000, ‖θ[1:]‖₁=88.650, h_range=[1.00e-08, 1.19e+01], num_knots=2418
2025-09-01 15:23:38,661 - Iter 5520: obj=-866.306510, change=5.72e-05, α=0.000, ‖θ[1:]‖₁=88.668, h_range=[1.00e-08, 1.19e+01], num_knots=2415
2025-09-01 15:23:38,812 - Iter 5530: obj=-866.365527, change=5.68e-05, α=0.000, ‖θ[1:]‖₁=88.686, h_range=[1.00e-08, 1.19e+01], num_knots=2414
2025-09-01 15:23:38,948 - Iter 5540: obj=-866.424288, change=5.67e-05, α=0.000, ‖θ[1:]‖₁=88.704, h_range=[1.00e-08, 1.19e+01], num_knots=2413
2025-09-01 15:23:39,080 - Iter 5550: obj=-866.482872, change=5.66e-05, α=0.000, ‖θ[1:]‖₁=88.722, h_range=[1.00e-08, 1.19e+01], num_knots=2413
2025-09-01 15:23:39,200 - Iter 5560: obj=-866.541237, change=5.71e-05, α=0.000, ‖θ[1:]‖₁=88.739, h_range=[1.00e-08, 1.19e+01], num_knots=2410
2025-09-01 15:23:39,348 - Iter 5570: obj=-866.599323, change=5.66e-05, α=0.000, ‖θ[1:]‖₁=88.757, h_range=[1.00e-08, 1.19e+01], num_knots=2410
2025-09-01 15:23:39,532 - Iter 5580: obj=-866.657239, change=5.65e-05, α=0.000, ‖θ[1:]‖₁=88.775, h_range=[1.00e-08, 1.19e+01], num_knots=2410
2025-09-01 15:23:39,636 - Iter 5590: obj=-866.714993, change=5.64e-05, α=0.000, ‖θ[1:]‖₁=88.792, h_range=[1.00e-08, 1.19e+01], num_knots=2411
2025-09-01 15:23:39,737 - Iter 5600: obj=-866.772575, change=5.62e-05, α=0.000, ‖θ[1:]‖₁=88.809, h_range=[1.00e-08, 1.19e+01], num_knots=2410
2025-09-01 15:23:39,865 - Iter 5610: obj=-866.829906, change=5.71e-05, α=0.000, ‖θ[1:]‖₁=88.827, h_range=[1.00e-08, 1.19e+01], num_knots=2407
2025-09-01 15:23:39,968 - Iter 5620: obj=-866.886921, change=5.61e-05, α=0.000, ‖θ[1:]‖₁=88.844, h_range=[1.00e-08, 1.19e+01], num_knots=2403
2025-09-01 15:23:40,083 - Iter 5630: obj=-866.943737, change=5.61e-05, α=0.000, ‖θ[1:]‖₁=88.861, h_range=[1.00e-08, 1.19e+01], num_knots=2402
2025-09-01 15:23:40,205 - Iter 5640: obj=-867.000384, change=5.59e-05, α=0.000, ‖θ[1:]‖₁=88.879, h_range=[1.00e-08, 1.19e+01], num_knots=2402
2025-09-01 15:23:40,308 - Iter 5650: obj=-867.056798, change=5.62e-05, α=0.000, ‖θ[1:]‖₁=88.896, h_range=[1.00e-08, 1.19e+01], num_knots=2401
2025-09-01 15:23:40,422 - Iter 5660: obj=-867.113034, change=5.59e-05, α=0.000, ‖θ[1:]‖₁=88.913, h_range=[1.00e-08, 1.19e+01], num_knots=2402
2025-09-01 15:23:40,530 - Iter 5670: obj=-867.169116, change=5.56e-05, α=0.000, ‖θ[1:]‖₁=88.930, h_range=[1.00e-08, 1.19e+01], num_knots=2402
2025-09-01 15:23:40,643 - Iter 5680: obj=-867.224907, change=5.59e-05, α=0.000, ‖θ[1:]‖₁=88.947, h_range=[1.00e-08, 1.19e+01], num_knots=2400
2025-09-01 15:23:40,772 - Iter 5690: obj=-867.280472, change=5.56e-05, α=0.000, ‖θ[1:]‖₁=88.964, h_range=[1.00e-08, 1.19e+01], num_knots=2400
2025-09-01 15:23:40,898 - Iter 5700: obj=-867.335874, change=5.55e-05, α=0.000, ‖θ[1:]‖₁=88.980, h_range=[1.00e-08, 1.19e+01], num_knots=2399
2025-09-01 15:23:41,016 - Iter 5710: obj=-867.391103, change=5.64e-05, α=0.000, ‖θ[1:]‖₁=88.997, h_range=[1.00e-08, 1.19e+01], num_knots=2398
2025-09-01 15:23:41,140 - Iter 5720: obj=-867.446091, change=5.55e-05, α=0.000, ‖θ[1:]‖₁=89.014, h_range=[1.00e-08, 1.19e+01], num_knots=2397
2025-09-01 15:23:41,256 - Iter 5730: obj=-867.500913, change=5.62e-05, α=0.000, ‖θ[1:]‖₁=89.030, h_range=[1.00e-08, 1.19e+01], num_knots=2396
2025-09-01 15:23:41,358 - Iter 5740: obj=-867.555496, change=5.54e-05, α=0.000, ‖θ[1:]‖₁=89.047, h_range=[1.00e-08, 1.19e+01], num_knots=2395
2025-09-01 15:23:41,456 - Iter 5750: obj=-867.609925, change=5.51e-05, α=0.000, ‖θ[1:]‖₁=89.063, h_range=[1.00e-08, 1.19e+01], num_knots=2395
2025-09-01 15:23:41,565 - Iter 5760: obj=-867.664209, change=5.49e-05, α=0.000, ‖θ[1:]‖₁=89.079, h_range=[1.00e-08, 1.19e+01], num_knots=2396
2025-09-01 15:23:41,664 - Iter 5770: obj=-867.718349, change=5.47e-05, α=0.000, ‖θ[1:]‖₁=89.095, h_range=[1.00e-08, 1.19e+01], num_knots=2396
2025-09-01 15:23:41,772 - Iter 5780: obj=-867.772345, change=5.45e-05, α=0.000, ‖θ[1:]‖₁=89.111, h_range=[1.00e-08, 1.19e+01], num_knots=2396
2025-09-01 15:23:41,877 - Iter 5790: obj=-867.826199, change=5.47e-05, α=0.000, ‖θ[1:]‖₁=89.127, h_range=[1.00e-08, 1.19e+01], num_knots=2395
2025-09-01 15:23:41,986 - Iter 5800: obj=-867.879864, change=5.40e-05, α=0.000, ‖θ[1:]‖₁=89.143, h_range=[1.00e-08, 1.19e+01], num_knots=2395
2025-09-01 15:23:42,094 - Iter 5810: obj=-867.933380, change=5.39e-05, α=0.000, ‖θ[1:]‖₁=89.158, h_range=[1.00e-08, 1.19e+01], num_knots=2394
2025-09-01 15:23:42,216 - Iter 5820: obj=-867.986755, change=5.37e-05, α=0.000, ‖θ[1:]‖₁=89.174, h_range=[1.00e-08, 1.19e+01], num_knots=2394
2025-09-01 15:23:42,337 - Iter 5830: obj=-868.039974, change=5.37e-05, α=0.000, ‖θ[1:]‖₁=89.190, h_range=[1.00e-08, 1.19e+01], num_knots=2392
2025-09-01 15:23:42,469 - Iter 5840: obj=-868.093040, change=5.35e-05, α=0.000, ‖θ[1:]‖₁=89.205, h_range=[1.00e-08, 1.19e+01], num_knots=2392
2025-09-01 15:23:42,588 - Iter 5850: obj=-868.145937, change=5.43e-05, α=0.000, ‖θ[1:]‖₁=89.220, h_range=[1.00e-08, 1.19e+01], num_knots=2389
2025-09-01 15:23:42,698 - Iter 5860: obj=-868.198590, change=5.36e-05, α=0.000, ‖θ[1:]‖₁=89.236, h_range=[1.00e-08, 1.19e+01], num_knots=2390
2025-09-01 15:23:42,799 - Iter 5870: obj=-868.251107, change=5.34e-05, α=0.000, ‖θ[1:]‖₁=89.251, h_range=[1.00e-08, 1.19e+01], num_knots=2390
2025-09-01 15:23:42,909 - Iter 5880: obj=-868.303490, change=5.32e-05, α=0.000, ‖θ[1:]‖₁=89.266, h_range=[1.00e-08, 1.19e+01], num_knots=2390
2025-09-01 15:23:43,005 - Iter 5890: obj=-868.355664, change=5.35e-05, α=0.000, ‖θ[1:]‖₁=89.281, h_range=[1.00e-08, 1.19e+01], num_knots=2389
2025-09-01 15:23:43,115 - Iter 5900: obj=-868.407655, change=5.30e-05, α=0.000, ‖θ[1:]‖₁=89.296, h_range=[1.00e-08, 1.19e+01], num_knots=2389
2025-09-01 15:23:43,228 - Iter 5910: obj=-868.459489, change=5.28e-05, α=0.000, ‖θ[1:]‖₁=89.310, h_range=[1.00e-08, 1.19e+01], num_knots=2389
2025-09-01 15:23:43,336 - Iter 5920: obj=-868.511191, change=5.27e-05, α=0.000, ‖θ[1:]‖₁=89.325, h_range=[1.00e-08, 1.19e+01], num_knots=2389
2025-09-01 15:23:43,435 - Iter 5930: obj=-868.562751, change=5.25e-05, α=0.000, ‖θ[1:]‖₁=89.340, h_range=[1.00e-08, 1.19e+01], num_knots=2388
2025-09-01 15:23:43,545 - Iter 5940: obj=-868.614146, change=5.22e-05, α=0.000, ‖θ[1:]‖₁=89.354, h_range=[1.00e-08, 1.19e+01], num_knots=2389
2025-09-01 15:23:43,657 - Iter 5950: obj=-868.665411, change=5.21e-05, α=0.000, ‖θ[1:]‖₁=89.369, h_range=[1.00e-08, 1.19e+01], num_knots=2388
2025-09-01 15:23:43,777 - Iter 5960: obj=-868.716525, change=5.21e-05, α=0.000, ‖θ[1:]‖₁=89.383, h_range=[1.00e-08, 1.19e+01], num_knots=2387
2025-09-01 15:23:43,934 - Iter 5970: obj=-868.767500, change=5.18e-05, α=0.000, ‖θ[1:]‖₁=89.398, h_range=[1.00e-08, 1.19e+01], num_knots=2386
2025-09-01 15:23:44,035 - Iter 5980: obj=-868.818337, change=5.18e-05, α=0.000, ‖θ[1:]‖₁=89.412, h_range=[1.00e-08, 1.19e+01], num_knots=2386
2025-09-01 15:23:44,126 - Iter 5990: obj=-868.869049, change=5.17e-05, α=0.000, ‖θ[1:]‖₁=89.426, h_range=[1.00e-08, 1.19e+01], num_knots=2387
2025-09-01 15:23:44,243 - Iter 6000: obj=-868.919635, change=5.15e-05, α=0.000, ‖θ[1:]‖₁=89.440, h_range=[1.00e-08, 1.19e+01], num_knots=2387
2025-09-01 15:23:44,348 - Iter 6010: obj=-868.970097, change=5.14e-05, α=0.000, ‖θ[1:]‖₁=89.454, h_range=[1.00e-08, 1.19e+01], num_knots=2387
2025-09-01 15:23:44,458 - Iter 6020: obj=-869.020435, change=5.13e-05, α=0.000, ‖θ[1:]‖₁=89.468, h_range=[1.00e-08, 1.19e+01], num_knots=2387
2025-09-01 15:23:44,586 - Iter 6030: obj=-869.070650, change=5.12e-05, α=0.000, ‖θ[1:]‖₁=89.481, h_range=[1.00e-08, 1.19e+01], num_knots=2387
2025-09-01 15:23:44,709 - Iter 6040: obj=-869.120734, change=5.23e-05, α=0.000, ‖θ[1:]‖₁=89.495, h_range=[1.00e-08, 1.19e+01], num_knots=2387
2025-09-01 15:23:44,810 - Iter 6050: obj=-869.170602, change=5.13e-05, α=0.000, ‖θ[1:]‖₁=89.508, h_range=[1.00e-08, 1.19e+01], num_knots=2387
2025-09-01 15:23:44,930 - Iter 6060: obj=-869.220321, change=5.09e-05, α=0.000, ‖θ[1:]‖₁=89.522, h_range=[1.00e-08, 1.19e+01], num_knots=2386
2025-09-01 15:23:45,038 - Iter 6070: obj=-869.269889, change=5.09e-05, α=0.000, ‖θ[1:]‖₁=89.535, h_range=[1.00e-08, 1.19e+01], num_knots=2385
2025-09-01 15:23:45,138 - Iter 6080: obj=-869.319296, change=5.05e-05, α=0.000, ‖θ[1:]‖₁=89.549, h_range=[1.00e-08, 1.19e+01], num_knots=2385
2025-09-01 15:23:45,240 - Iter 6090: obj=-869.368584, change=5.04e-05, α=0.000, ‖θ[1:]‖₁=89.562, h_range=[1.00e-08, 1.19e+01], num_knots=2385
2025-09-01 15:23:45,342 - Iter 6100: obj=-869.417753, change=5.03e-05, α=0.000, ‖θ[1:]‖₁=89.575, h_range=[1.00e-08, 1.19e+01], num_knots=2385
2025-09-01 15:23:45,470 - Iter 6110: obj=-869.466806, change=5.02e-05, α=0.000, ‖θ[1:]‖₁=89.588, h_range=[1.00e-08, 1.19e+01], num_knots=2385
2025-09-01 15:23:45,570 - Iter 6120: obj=-869.515682, change=5.01e-05, α=0.000, ‖θ[1:]‖₁=89.601, h_range=[1.00e-08, 1.19e+01], num_knots=2383
2025-09-01 15:23:45,682 - Iter 6130: obj=-869.564349, change=4.99e-05, α=0.000, ‖θ[1:]‖₁=89.615, h_range=[1.00e-08, 1.19e+01], num_knots=2383
2025-09-01 15:23:45,797 - Iter 6140: obj=-869.612896, change=4.98e-05, α=0.000, ‖θ[1:]‖₁=89.628, h_range=[1.00e-08, 1.19e+01], num_knots=2383
2025-09-01 15:23:45,909 - Iter 6150: obj=-869.661322, change=4.98e-05, α=0.000, ‖θ[1:]‖₁=89.641, h_range=[1.00e-08, 1.19e+01], num_knots=2382
2025-09-01 15:23:46,037 - Iter 6160: obj=-869.709594, change=4.95e-05, α=0.000, ‖θ[1:]‖₁=89.654, h_range=[1.00e-08, 1.19e+01], num_knots=2382
2025-09-01 15:23:46,147 - Iter 6170: obj=-869.757735, change=4.93e-05, α=0.000, ‖θ[1:]‖₁=89.666, h_range=[1.00e-08, 1.19e+01], num_knots=2381
2025-09-01 15:23:46,253 - Iter 6180: obj=-869.805735, change=4.92e-05, α=0.000, ‖θ[1:]‖₁=89.679, h_range=[1.00e-08, 1.19e+01], num_knots=2381
2025-09-01 15:23:46,351 - Iter 6190: obj=-869.853585, change=4.90e-05, α=0.000, ‖θ[1:]‖₁=89.692, h_range=[1.00e-08, 1.19e+01], num_knots=2380
2025-09-01 15:23:46,473 - Iter 6200: obj=-869.901315, change=4.90e-05, α=0.000, ‖θ[1:]‖₁=89.705, h_range=[1.00e-08, 1.19e+01], num_knots=2380
2025-09-01 15:23:46,598 - Iter 6210: obj=-869.948935, change=4.89e-05, α=0.000, ‖θ[1:]‖₁=89.717, h_range=[1.00e-08, 1.19e+01], num_knots=2380
2025-09-01 15:23:46,708 - Iter 6220: obj=-869.996444, change=4.88e-05, α=0.000, ‖θ[1:]‖₁=89.730, h_range=[1.00e-08, 1.19e+01], num_knots=2380
2025-09-01 15:23:46,801 - Iter 6230: obj=-870.043842, change=4.88e-05, α=0.000, ‖θ[1:]‖₁=89.742, h_range=[1.00e-08, 1.19e+01], num_knots=2380
2025-09-01 15:23:46,904 - Iter 6240: obj=-870.091025, change=4.93e-05, α=0.000, ‖θ[1:]‖₁=89.755, h_range=[1.00e-08, 1.19e+01], num_knots=2379
2025-09-01 15:23:47,014 - Iter 6250: obj=-870.138022, change=4.86e-05, α=0.000, ‖θ[1:]‖₁=89.767, h_range=[1.00e-08, 1.19e+01], num_knots=2377
2025-09-01 15:23:47,124 - Iter 6260: obj=-870.184813, change=4.92e-05, α=0.000, ‖θ[1:]‖₁=89.780, h_range=[1.00e-08, 1.19e+01], num_knots=2377
2025-09-01 15:23:47,222 - Iter 6270: obj=-870.231481, change=4.90e-05, α=0.000, ‖θ[1:]‖₁=89.792, h_range=[1.00e-08, 1.19e+01], num_knots=2377
2025-09-01 15:23:47,316 - Iter 6280: obj=-870.278043, change=4.88e-05, α=0.000, ‖θ[1:]‖₁=89.804, h_range=[1.00e-08, 1.19e+01], num_knots=2377
2025-09-01 15:23:47,430 - Iter 6290: obj=-870.324498, change=4.96e-05, α=0.000, ‖θ[1:]‖₁=89.816, h_range=[1.00e-08, 1.19e+01], num_knots=2376
2025-09-01 15:23:47,539 - Iter 6300: obj=-870.370750, change=4.89e-05, α=0.000, ‖θ[1:]‖₁=89.828, h_range=[1.00e-08, 1.19e+01], num_knots=2375
2025-09-01 15:23:47,656 - Iter 6310: obj=-870.416867, change=4.88e-05, α=0.000, ‖θ[1:]‖₁=89.841, h_range=[1.00e-08, 1.19e+01], num_knots=2374
2025-09-01 15:23:47,760 - Iter 6320: obj=-870.462877, change=4.85e-05, α=0.000, ‖θ[1:]‖₁=89.853, h_range=[1.00e-08, 1.19e+01], num_knots=2374
2025-09-01 15:23:47,863 - Iter 6330: obj=-870.508784, change=4.82e-05, α=0.000, ‖θ[1:]‖₁=89.864, h_range=[1.00e-08, 1.19e+01], num_knots=2373
2025-09-01 15:23:47,984 - Iter 6340: obj=-870.554566, change=4.82e-05, α=0.000, ‖θ[1:]‖₁=89.876, h_range=[1.00e-08, 1.19e+01], num_knots=2372
2025-09-01 15:23:48,099 - Iter 6350: obj=-870.600172, change=4.78e-05, α=0.000, ‖θ[1:]‖₁=89.888, h_range=[1.00e-08, 1.19e+01], num_knots=2371
2025-09-01 15:23:48,201 - Iter 6360: obj=-870.645642, change=4.76e-05, α=0.000, ‖θ[1:]‖₁=89.900, h_range=[1.00e-08, 1.19e+01], num_knots=2369
2025-09-01 15:23:48,304 - Iter 6370: obj=-870.690904, change=4.77e-05, α=0.000, ‖θ[1:]‖₁=89.912, h_range=[1.00e-08, 1.19e+01], num_knots=2367
2025-09-01 15:23:48,418 - Iter 6380: obj=-870.736027, change=4.76e-05, α=0.000, ‖θ[1:]‖₁=89.924, h_range=[1.00e-08, 1.19e+01], num_knots=2366
2025-09-01 15:23:48,540 - Iter 6390: obj=-870.781047, change=4.75e-05, α=0.000, ‖θ[1:]‖₁=89.936, h_range=[1.00e-08, 1.19e+01], num_knots=2365
2025-09-01 15:23:48,640 - Iter 6400: obj=-870.825960, change=4.74e-05, α=0.000, ‖θ[1:]‖₁=89.947, h_range=[1.00e-08, 1.19e+01], num_knots=2365
2025-09-01 15:23:48,756 - Iter 6410: obj=-870.870774, change=4.73e-05, α=0.000, ‖θ[1:]‖₁=89.959, h_range=[1.00e-08, 1.19e+01], num_knots=2365
2025-09-01 15:23:48,873 - Iter 6420: obj=-870.915487, change=4.73e-05, α=0.000, ‖θ[1:]‖₁=89.971, h_range=[1.00e-08, 1.19e+01], num_knots=2364
2025-09-01 15:23:48,991 - Iter 6430: obj=-870.960093, change=4.71e-05, α=0.000, ‖θ[1:]‖₁=89.982, h_range=[1.00e-08, 1.19e+01], num_knots=2364
2025-09-01 15:23:49,117 - Iter 6440: obj=-871.004595, change=4.70e-05, α=0.000, ‖θ[1:]‖₁=89.994, h_range=[1.00e-08, 1.19e+01], num_knots=2363
2025-09-01 15:23:49,235 - Iter 6450: obj=-871.048959, change=4.67e-05, α=0.000, ‖θ[1:]‖₁=90.005, h_range=[1.00e-08, 1.19e+01], num_knots=2361
2025-09-01 15:23:49,347 - Iter 6460: obj=-871.093212, change=4.66e-05, α=0.000, ‖θ[1:]‖₁=90.016, h_range=[1.00e-08, 1.19e+01], num_knots=2360
2025-09-01 15:23:49,475 - Iter 6470: obj=-871.137362, change=4.65e-05, α=0.000, ‖θ[1:]‖₁=90.028, h_range=[1.00e-08, 1.19e+01], num_knots=2361
2025-09-01 15:23:49,608 - Iter 6480: obj=-871.181418, change=4.64e-05, α=0.000, ‖θ[1:]‖₁=90.039, h_range=[1.00e-08, 1.19e+01], num_knots=2361
2025-09-01 15:23:49,753 - Iter 6490: obj=-871.225315, change=4.71e-05, α=0.000, ‖θ[1:]‖₁=90.050, h_range=[1.00e-08, 1.19e+01], num_knots=2359
2025-09-01 15:23:49,883 - Iter 6500: obj=-871.269009, change=4.66e-05, α=0.000, ‖θ[1:]‖₁=90.061, h_range=[1.00e-08, 1.19e+01], num_knots=2359
2025-09-01 15:23:50,009 - Iter 6510: obj=-871.312610, change=4.64e-05, α=0.000, ‖θ[1:]‖₁=90.072, h_range=[1.00e-08, 1.19e+01], num_knots=2359
2025-09-01 15:23:50,113 - Iter 6520: obj=-871.356117, change=4.63e-05, α=0.000, ‖θ[1:]‖₁=90.083, h_range=[1.00e-08, 1.19e+01], num_knots=2359
2025-09-01 15:23:50,210 - Iter 6530: obj=-871.399532, change=4.62e-05, α=0.000, ‖θ[1:]‖₁=90.094, h_range=[1.00e-08, 1.19e+01], num_knots=2359
2025-09-01 15:23:50,326 - Iter 6540: obj=-871.442846, change=4.60e-05, α=0.000, ‖θ[1:]‖₁=90.105, h_range=[1.00e-08, 1.19e+01], num_knots=2358
2025-09-01 15:23:50,471 - Iter 6550: obj=-871.486067, change=4.59e-05, α=0.000, ‖θ[1:]‖₁=90.116, h_range=[1.00e-08, 1.19e+01], num_knots=2358
2025-09-01 15:23:50,569 - Iter 6560: obj=-871.529191, change=4.58e-05, α=0.000, ‖θ[1:]‖₁=90.127, h_range=[1.00e-08, 1.19e+01], num_knots=2357
2025-09-01 15:23:50,665 - Iter 6570: obj=-871.572219, change=4.57e-05, α=0.000, ‖θ[1:]‖₁=90.137, h_range=[1.00e-08, 1.19e+01], num_knots=2357
2025-09-01 15:23:50,784 - Iter 6580: obj=-871.615149, change=4.57e-05, α=0.000, ‖θ[1:]‖₁=90.148, h_range=[1.00e-08, 1.19e+01], num_knots=2356
2025-09-01 15:23:50,872 - Iter 6590: obj=-871.657980, change=4.56e-05, α=0.000, ‖θ[1:]‖₁=90.158, h_range=[1.00e-08, 1.19e+01], num_knots=2356
2025-09-01 15:23:50,967 - Iter 6600: obj=-871.700721, change=4.54e-05, α=0.000, ‖θ[1:]‖₁=90.169, h_range=[1.00e-08, 1.19e+01], num_knots=2356
2025-09-01 15:23:51,070 - Iter 6610: obj=-871.743368, change=4.54e-05, α=0.000, ‖θ[1:]‖₁=90.179, h_range=[1.00e-08, 1.19e+01], num_knots=2354
2025-09-01 15:23:51,174 - Iter 6620: obj=-871.785899, change=4.53e-05, α=0.000, ‖θ[1:]‖₁=90.189, h_range=[1.00e-08, 1.19e+01], num_knots=2354
2025-09-01 15:23:51,303 - Iter 6630: obj=-871.828273, change=4.56e-05, α=0.000, ‖θ[1:]‖₁=90.200, h_range=[1.00e-08, 1.19e+01], num_knots=2353
2025-09-01 15:23:51,434 - Iter 6640: obj=-871.870527, change=4.54e-05, α=0.000, ‖θ[1:]‖₁=90.210, h_range=[1.00e-08, 1.19e+01], num_knots=2353
2025-09-01 15:23:51,563 - Iter 6650: obj=-871.912688, change=4.49e-05, α=0.000, ‖θ[1:]‖₁=90.220, h_range=[1.00e-08, 1.19e+01], num_knots=2351
2025-09-01 15:23:51,659 - Iter 6660: obj=-871.954741, change=4.51e-05, α=0.000, ‖θ[1:]‖₁=90.230, h_range=[1.00e-08, 1.19e+01], num_knots=2351
2025-09-01 15:23:51,776 - Iter 6670: obj=-871.996708, change=4.49e-05, α=0.000, ‖θ[1:]‖₁=90.240, h_range=[1.00e-08, 1.19e+01], num_knots=2351
2025-09-01 15:23:51,899 - Iter 6680: obj=-872.038590, change=4.48e-05, α=0.000, ‖θ[1:]‖₁=90.250, h_range=[1.00e-08, 1.19e+01], num_knots=2351
2025-09-01 15:23:52,001 - Iter 6690: obj=-872.080388, change=4.46e-05, α=0.000, ‖θ[1:]‖₁=90.260, h_range=[1.00e-08, 1.19e+01], num_knots=2351
2025-09-01 15:23:52,119 - Iter 6700: obj=-872.122102, change=4.48e-05, α=0.000, ‖θ[1:]‖₁=90.269, h_range=[1.00e-08, 1.19e+01], num_knots=2350
2025-09-01 15:23:52,243 - Iter 6710: obj=-872.163720, change=4.50e-05, α=0.000, ‖θ[1:]‖₁=90.279, h_range=[1.00e-08, 1.19e+01], num_knots=2349
2025-09-01 15:23:52,397 - Iter 6720: obj=-872.205163, change=4.47e-05, α=0.000, ‖θ[1:]‖₁=90.289, h_range=[1.00e-08, 1.19e+01], num_knots=2349
2025-09-01 15:23:52,536 - Iter 6730: obj=-872.246514, change=4.45e-05, α=0.000, ‖θ[1:]‖₁=90.298, h_range=[1.00e-08, 1.19e+01], num_knots=2349
2025-09-01 15:23:52,633 - Iter 6740: obj=-872.287783, change=4.50e-05, α=0.000, ‖θ[1:]‖₁=90.308, h_range=[1.00e-08, 1.19e+01], num_knots=2348
2025-09-01 15:23:52,744 - Iter 6750: obj=-872.328875, change=4.47e-05, α=0.000, ‖θ[1:]‖₁=90.317, h_range=[1.00e-08, 1.19e+01], num_knots=2348
2025-09-01 15:23:52,840 - Iter 6760: obj=-872.369878, change=4.44e-05, α=0.000, ‖θ[1:]‖₁=90.327, h_range=[1.00e-08, 1.19e+01], num_knots=2348
2025-09-01 15:23:52,983 - Iter 6770: obj=-872.410800, change=4.42e-05, α=0.000, ‖θ[1:]‖₁=90.336, h_range=[1.00e-08, 1.19e+01], num_knots=2348
2025-09-01 15:23:53,095 - Iter 6780: obj=-872.451642, change=4.41e-05, α=0.000, ‖θ[1:]‖₁=90.345, h_range=[1.00e-08, 1.19e+01], num_knots=2348
2025-09-01 15:23:53,202 - Iter 6790: obj=-872.492403, change=4.40e-05, α=0.000, ‖θ[1:]‖₁=90.355, h_range=[1.00e-08, 1.19e+01], num_knots=2349
2025-09-01 15:23:53,311 - Iter 6800: obj=-872.533085, change=4.38e-05, α=0.000, ‖θ[1:]‖₁=90.364, h_range=[1.00e-08, 1.19e+01], num_knots=2349
2025-09-01 15:23:53,425 - Iter 6810: obj=-872.573687, change=4.37e-05, α=0.000, ‖θ[1:]‖₁=90.373, h_range=[1.00e-08, 1.19e+01], num_knots=2348
2025-09-01 15:23:53,534 - Iter 6820: obj=-872.614120, change=4.40e-05, α=0.000, ‖θ[1:]‖₁=90.382, h_range=[1.00e-08, 1.19e+01], num_knots=2348
2025-09-01 15:23:53,650 - Iter 6830: obj=-872.654464, change=4.38e-05, α=0.000, ‖θ[1:]‖₁=90.391, h_range=[1.00e-08, 1.19e+01], num_knots=2348
2025-09-01 15:23:53,753 - Iter 6840: obj=-872.694727, change=4.37e-05, α=0.000, ‖θ[1:]‖₁=90.400, h_range=[1.00e-08, 1.19e+01], num_knots=2346
2025-09-01 15:23:53,872 - Iter 6850: obj=-872.734855, change=4.34e-05, α=0.000, ‖θ[1:]‖₁=90.409, h_range=[1.00e-08, 1.19e+01], num_knots=2345
2025-09-01 15:23:53,985 - Iter 6860: obj=-872.774893, change=4.34e-05, α=0.000, ‖θ[1:]‖₁=90.417, h_range=[1.00e-08, 1.19e+01], num_knots=2345
2025-09-01 15:23:54,095 - Iter 6870: obj=-872.814846, change=4.32e-05, α=0.000, ‖θ[1:]‖₁=90.426, h_range=[1.00e-08, 1.19e+01], num_knots=2343
2025-09-01 15:23:54,214 - Iter 6880: obj=-872.854711, change=4.31e-05, α=0.000, ‖θ[1:]‖₁=90.435, h_range=[1.00e-08, 1.19e+01], num_knots=2343
2025-09-01 15:23:54,370 - Iter 6890: obj=-872.894483, change=4.31e-05, α=0.000, ‖θ[1:]‖₁=90.444, h_range=[1.00e-08, 1.19e+01], num_knots=2340
2025-09-01 15:23:54,499 - Iter 6900: obj=-872.934150, change=4.30e-05, α=0.000, ‖θ[1:]‖₁=90.453, h_range=[1.00e-08, 1.19e+01], num_knots=2338
2025-09-01 15:23:54,609 - Iter 6910: obj=-872.973701, change=4.27e-05, α=0.000, ‖θ[1:]‖₁=90.461, h_range=[1.00e-08, 1.19e+01], num_knots=2337
2025-09-01 15:23:54,713 - Iter 6920: obj=-873.013159, change=4.26e-05, α=0.000, ‖θ[1:]‖₁=90.470, h_range=[1.00e-08, 1.19e+01], num_knots=2337
2025-09-01 15:23:54,844 - Iter 6930: obj=-873.052541, change=4.28e-05, α=0.000, ‖θ[1:]‖₁=90.479, h_range=[1.00e-08, 1.19e+01], num_knots=2336
2025-09-01 15:23:54,942 - Iter 6940: obj=-873.091837, change=4.23e-05, α=0.000, ‖θ[1:]‖₁=90.487, h_range=[1.00e-08, 1.19e+01], num_knots=2336
2025-09-01 15:23:55,053 - Iter 6950: obj=-873.131047, change=4.23e-05, α=0.000, ‖θ[1:]‖₁=90.496, h_range=[1.00e-08, 1.19e+01], num_knots=2335
2025-09-01 15:23:55,151 - Iter 6960: obj=-873.170179, change=4.22e-05, α=0.000, ‖θ[1:]‖₁=90.504, h_range=[1.00e-08, 1.19e+01], num_knots=2335
2025-09-01 15:23:55,265 - Iter 6970: obj=-873.209237, change=4.23e-05, α=0.000, ‖θ[1:]‖₁=90.512, h_range=[1.00e-08, 1.19e+01], num_knots=2333
2025-09-01 15:23:55,393 - Iter 6980: obj=-873.248142, change=4.17e-05, α=0.000, ‖θ[1:]‖₁=90.521, h_range=[1.00e-08, 1.19e+01], num_knots=2333
2025-09-01 15:23:55,516 - Iter 6990: obj=-873.286954, change=4.16e-05, α=0.000, ‖θ[1:]‖₁=90.529, h_range=[1.00e-08, 1.19e+01], num_knots=2331
2025-09-01 15:23:55,636 - Iter 7000: obj=-873.325648, change=4.15e-05, α=0.000, ‖θ[1:]‖₁=90.538, h_range=[1.00e-08, 1.19e+01], num_knots=2331
2025-09-01 15:23:55,783 - Iter 7010: obj=-873.364270, change=4.15e-05, α=0.000, ‖θ[1:]‖₁=90.546, h_range=[1.00e-08, 1.19e+01], num_knots=2331
2025-09-01 15:23:55,921 - Iter 7020: obj=-873.402811, change=4.15e-05, α=0.000, ‖θ[1:]‖₁=90.554, h_range=[1.00e-08, 1.19e+01], num_knots=2330
2025-09-01 15:23:56,068 - Iter 7030: obj=-873.441274, change=4.14e-05, α=0.000, ‖θ[1:]‖₁=90.562, h_range=[1.00e-08, 1.19e+01], num_knots=2330
2025-09-01 15:23:56,182 - Iter 7040: obj=-873.479666, change=4.13e-05, α=0.000, ‖θ[1:]‖₁=90.571, h_range=[1.00e-08, 1.19e+01], num_knots=2329
2025-09-01 15:23:56,290 - Iter 7050: obj=-873.517986, change=4.12e-05, α=0.000, ‖θ[1:]‖₁=90.579, h_range=[1.00e-08, 1.19e+01], num_knots=2329
2025-09-01 15:23:56,396 - Iter 7060: obj=-873.556206, change=4.10e-05, α=0.000, ‖θ[1:]‖₁=90.587, h_range=[1.00e-08, 1.19e+01], num_knots=2328
2025-09-01 15:23:56,500 - Iter 7070: obj=-873.594313, change=4.08e-05, α=0.000, ‖θ[1:]‖₁=90.595, h_range=[1.00e-08, 1.19e+01], num_knots=2326
2025-09-01 15:23:56,615 - Iter 7080: obj=-873.632284, change=4.07e-05, α=0.000, ‖θ[1:]‖₁=90.603, h_range=[1.00e-08, 1.19e+01], num_knots=2325
2025-09-01 15:23:56,733 - Iter 7090: obj=-873.670167, change=4.06e-05, α=0.000, ‖θ[1:]‖₁=90.611, h_range=[1.00e-08, 1.19e+01], num_knots=2325
2025-09-01 15:23:56,845 - Iter 7100: obj=-873.707953, change=4.08e-05, α=0.000, ‖θ[1:]‖₁=90.619, h_range=[1.00e-08, 1.19e+01], num_knots=2324
2025-09-01 15:23:56,962 - Iter 7110: obj=-873.745654, change=4.06e-05, α=0.000, ‖θ[1:]‖₁=90.627, h_range=[1.00e-08, 1.19e+01], num_knots=2323
2025-09-01 15:23:57,077 - Iter 7120: obj=-873.783257, change=4.05e-05, α=0.000, ‖θ[1:]‖₁=90.635, h_range=[1.00e-08, 1.19e+01], num_knots=2323
2025-09-01 15:23:57,193 - Iter 7130: obj=-873.820793, change=4.05e-05, α=0.000, ‖θ[1:]‖₁=90.643, h_range=[1.00e-08, 1.19e+01], num_knots=2322
2025-09-01 15:23:57,308 - Iter 7140: obj=-873.858250, change=4.03e-05, α=0.000, ‖θ[1:]‖₁=90.651, h_range=[1.00e-08, 1.19e+01], num_knots=2322
2025-09-01 15:23:57,433 - Iter 7150: obj=-873.895641, change=4.03e-05, α=0.000, ‖θ[1:]‖₁=90.659, h_range=[1.00e-08, 1.19e+01], num_knots=2322
2025-09-01 15:23:57,532 - Iter 7160: obj=-873.932961, change=4.03e-05, α=0.000, ‖θ[1:]‖₁=90.667, h_range=[1.00e-08, 1.19e+01], num_knots=2321
2025-09-01 15:23:57,637 - Iter 7170: obj=-873.970206, change=4.01e-05, α=0.000, ‖θ[1:]‖₁=90.674, h_range=[1.00e-08, 1.19e+01], num_knots=2321
2025-09-01 15:23:57,750 - Iter 7180: obj=-874.007380, change=4.02e-05, α=0.000, ‖θ[1:]‖₁=90.682, h_range=[1.00e-08, 1.19e+01], num_knots=2320
2025-09-01 15:23:57,854 - Iter 7190: obj=-874.044408, change=4.08e-05, α=0.000, ‖θ[1:]‖₁=90.690, h_range=[1.00e-08, 1.19e+01], num_knots=2318
2025-09-01 15:23:57,962 - Iter 7200: obj=-874.081286, change=4.03e-05, α=0.000, ‖θ[1:]‖₁=90.698, h_range=[1.00e-08, 1.19e+01], num_knots=2317
2025-09-01 15:23:58,093 - Iter 7210: obj=-874.118097, change=4.01e-05, α=0.000, ‖θ[1:]‖₁=90.705, h_range=[1.00e-08, 1.19e+01], num_knots=2317
2025-09-01 15:23:58,201 - Iter 7220: obj=-874.154843, change=4.00e-05, α=0.000, ‖θ[1:]‖₁=90.713, h_range=[1.00e-08, 1.19e+01], num_knots=2317
2025-09-01 15:23:58,333 - Iter 7230: obj=-874.191524, change=3.99e-05, α=0.000, ‖θ[1:]‖₁=90.720, h_range=[1.00e-08, 1.19e+01], num_knots=2317
2025-09-01 15:23:58,449 - Iter 7240: obj=-874.228142, change=3.97e-05, α=0.000, ‖θ[1:]‖₁=90.728, h_range=[1.00e-08, 1.19e+01], num_knots=2316
2025-09-01 15:23:58,561 - Iter 7250: obj=-874.264670, change=3.98e-05, α=0.000, ‖θ[1:]‖₁=90.735, h_range=[1.00e-08, 1.19e+01], num_knots=2313
2025-09-01 15:23:58,681 - Iter 7260: obj=-874.301112, change=3.98e-05, α=0.000, ‖θ[1:]‖₁=90.743, h_range=[1.00e-08, 1.19e+01], num_knots=2312
2025-09-01 15:23:58,777 - Iter 7270: obj=-874.337491, change=3.96e-05, α=0.000, ‖θ[1:]‖₁=90.750, h_range=[1.00e-08, 1.19e+01], num_knots=2312
2025-09-01 15:23:58,876 - Iter 7280: obj=-874.373807, change=3.95e-05, α=0.000, ‖θ[1:]‖₁=90.758, h_range=[1.00e-08, 1.19e+01], num_knots=2312
2025-09-01 15:23:58,993 - Iter 7290: obj=-874.410060, change=3.94e-05, α=0.000, ‖θ[1:]‖₁=90.765, h_range=[1.00e-08, 1.19e+01], num_knots=2312
2025-09-01 15:23:59,096 - Iter 7300: obj=-874.446252, change=3.93e-05, α=0.000, ‖θ[1:]‖₁=90.772, h_range=[1.00e-08, 1.19e+01], num_knots=2312
2025-09-01 15:23:59,197 - Iter 7310: obj=-874.482382, change=3.92e-05, α=0.000, ‖θ[1:]‖₁=90.779, h_range=[1.00e-08, 1.19e+01], num_knots=2312
2025-09-01 15:23:59,296 - Iter 7320: obj=-874.518381, change=3.96e-05, α=0.000, ‖θ[1:]‖₁=90.786, h_range=[1.00e-08, 1.19e+01], num_knots=2311
2025-09-01 15:23:59,418 - Iter 7330: obj=-874.554290, change=3.94e-05, α=0.000, ‖θ[1:]‖₁=90.793, h_range=[1.00e-08, 1.19e+01], num_knots=2312
2025-09-01 15:23:59,532 - Iter 7340: obj=-874.590128, change=3.94e-05, α=0.000, ‖θ[1:]‖₁=90.801, h_range=[1.00e-08, 1.19e+01], num_knots=2311
2025-09-01 15:23:59,650 - Iter 7350: obj=-874.625862, change=3.99e-05, α=0.000, ‖θ[1:]‖₁=90.808, h_range=[1.00e-08, 1.19e+01], num_knots=2310
2025-09-01 15:23:59,753 - Iter 7360: obj=-874.661476, change=3.95e-05, α=0.000, ‖θ[1:]‖₁=90.815, h_range=[1.00e-08, 1.19e+01], num_knots=2310
2025-09-01 15:23:59,881 - Iter 7370: obj=-874.697029, change=3.93e-05, α=0.000, ‖θ[1:]‖₁=90.822, h_range=[1.00e-08, 1.19e+01], num_knots=2310
2025-09-01 15:23:59,985 - Iter 7380: obj=-874.732523, change=3.92e-05, α=0.000, ‖θ[1:]‖₁=90.828, h_range=[1.00e-08, 1.19e+01], num_knots=2310
2025-09-01 15:24:00,102 - Iter 7390: obj=-874.767956, change=3.91e-05, α=0.000, ‖θ[1:]‖₁=90.835, h_range=[1.00e-08, 1.19e+01], num_knots=2310
2025-09-01 15:24:00,203 - Iter 7400: obj=-874.803329, change=3.90e-05, α=0.000, ‖θ[1:]‖₁=90.842, h_range=[1.00e-08, 1.19e+01], num_knots=2309
2025-09-01 15:24:00,324 - Iter 7410: obj=-874.838643, change=3.89e-05, α=0.000, ‖θ[1:]‖₁=90.849, h_range=[1.00e-08, 1.19e+01], num_knots=2309
2025-09-01 15:24:00,428 - Iter 7420: obj=-874.873838, change=3.94e-05, α=0.000, ‖θ[1:]‖₁=90.855, h_range=[1.00e-08, 1.19e+01], num_knots=2305
2025-09-01 15:24:00,537 - Iter 7430: obj=-874.908872, change=3.90e-05, α=0.000, ‖θ[1:]‖₁=90.862, h_range=[1.00e-08, 1.19e+01], num_knots=2306
2025-09-01 15:24:00,644 - Iter 7440: obj=-874.943847, change=3.89e-05, α=0.000, ‖θ[1:]‖₁=90.869, h_range=[1.00e-08, 1.19e+01], num_knots=2306
2025-09-01 15:24:00,748 - Iter 7450: obj=-874.978757, change=3.88e-05, α=0.000, ‖θ[1:]‖₁=90.876, h_range=[1.00e-08, 1.19e+01], num_knots=2305
2025-09-01 15:24:00,853 - Iter 7460: obj=-875.013601, change=3.87e-05, α=0.000, ‖θ[1:]‖₁=90.882, h_range=[1.00e-08, 1.19e+01], num_knots=2305
2025-09-01 15:24:00,959 - Iter 7470: obj=-875.048388, change=3.86e-05, α=0.000, ‖θ[1:]‖₁=90.889, h_range=[1.00e-08, 1.19e+01], num_knots=2306
2025-09-01 15:24:01,063 - Iter 7480: obj=-875.083118, change=3.85e-05, α=0.000, ‖θ[1:]‖₁=90.895, h_range=[1.00e-08, 1.19e+01], num_knots=2306
2025-09-01 15:24:01,182 - Iter 7490: obj=-875.117790, change=3.84e-05, α=0.000, ‖θ[1:]‖₁=90.902, h_range=[1.00e-08, 1.19e+01], num_knots=2305
2025-09-01 15:24:01,281 - Iter 7500: obj=-875.152404, change=3.83e-05, α=0.000, ‖θ[1:]‖₁=90.908, h_range=[1.00e-08, 1.19e+01], num_knots=2305
2025-09-01 15:24:01,385 - Iter 7510: obj=-875.186962, change=3.83e-05, α=0.000, ‖θ[1:]‖₁=90.915, h_range=[1.00e-08, 1.19e+01], num_knots=2305
2025-09-01 15:24:01,489 - Iter 7520: obj=-875.221464, change=3.82e-05, α=0.000, ‖θ[1:]‖₁=90.921, h_range=[1.00e-08, 1.19e+01], num_knots=2305
2025-09-01 15:24:01,625 - Iter 7530: obj=-875.255896, change=3.81e-05, α=0.000, ‖θ[1:]‖₁=90.927, h_range=[1.00e-08, 1.19e+01], num_knots=2303
2025-09-01 15:24:01,735 - Iter 7540: obj=-875.290271, change=3.81e-05, α=0.000, ‖θ[1:]‖₁=90.933, h_range=[1.00e-08, 1.19e+01], num_knots=2301
2025-09-01 15:24:01,841 - Iter 7550: obj=-875.324567, change=3.78e-05, α=0.000, ‖θ[1:]‖₁=90.940, h_range=[1.00e-08, 1.19e+01], num_knots=2300
2025-09-01 15:24:01,941 - Iter 7560: obj=-875.358776, change=3.76e-05, α=0.000, ‖θ[1:]‖₁=90.946, h_range=[1.00e-08, 1.19e+01], num_knots=2296
2025-09-01 15:24:02,056 - Iter 7570: obj=-875.392862, change=3.75e-05, α=0.000, ‖θ[1:]‖₁=90.952, h_range=[1.00e-08, 1.19e+01], num_knots=2294
2025-09-01 15:24:02,182 - Iter 7580: obj=-875.426876, change=3.77e-05, α=0.000, ‖θ[1:]‖₁=90.958, h_range=[1.00e-08, 1.19e+01], num_knots=2294
2025-09-01 15:24:02,294 - Iter 7590: obj=-875.460792, change=3.74e-05, α=0.000, ‖θ[1:]‖₁=90.965, h_range=[1.00e-08, 1.19e+01], num_knots=2292
2025-09-01 15:24:02,391 - Iter 7600: obj=-875.494629, change=3.76e-05, α=0.000, ‖θ[1:]‖₁=90.971, h_range=[1.00e-08, 1.19e+01], num_knots=2292
2025-09-01 15:24:02,499 - Iter 7610: obj=-875.528412, change=3.75e-05, α=0.000, ‖θ[1:]‖₁=90.977, h_range=[1.00e-08, 1.19e+01], num_knots=2292
2025-09-01 15:24:02,618 - Iter 7620: obj=-875.562135, change=3.74e-05, α=0.000, ‖θ[1:]‖₁=90.984, h_range=[1.00e-08, 1.19e+01], num_knots=2292
2025-09-01 15:24:02,724 - Iter 7630: obj=-875.595790, change=3.73e-05, α=0.000, ‖θ[1:]‖₁=90.990, h_range=[1.00e-08, 1.19e+01], num_knots=2291
2025-09-01 15:24:02,820 - Iter 7640: obj=-875.629382, change=3.71e-05, α=0.000, ‖θ[1:]‖₁=90.996, h_range=[1.00e-08, 1.19e+01], num_knots=2290
2025-09-01 15:24:02,918 - Iter 7650: obj=-875.662915, change=3.72e-05, α=0.000, ‖θ[1:]‖₁=91.002, h_range=[1.00e-08, 1.19e+01], num_knots=2290
2025-09-01 15:24:03,017 - Iter 7660: obj=-875.696388, change=3.72e-05, α=0.000, ‖θ[1:]‖₁=91.008, h_range=[1.00e-08, 1.19e+01], num_knots=2289
2025-09-01 15:24:03,138 - Iter 7670: obj=-875.729800, change=3.71e-05, α=0.000, ‖θ[1:]‖₁=91.014, h_range=[1.00e-08, 1.19e+01], num_knots=2289
2025-09-01 15:24:03,240 - Iter 7680: obj=-875.763161, change=3.70e-05, α=0.000, ‖θ[1:]‖₁=91.020, h_range=[1.00e-08, 1.19e+01], num_knots=2289
2025-09-01 15:24:03,386 - Iter 7690: obj=-875.796470, change=3.69e-05, α=0.000, ‖θ[1:]‖₁=91.026, h_range=[1.00e-08, 1.19e+01], num_knots=2289
2025-09-01 15:24:03,543 - Iter 7700: obj=-875.829727, change=3.68e-05, α=0.000, ‖θ[1:]‖₁=91.032, h_range=[1.00e-08, 1.19e+01], num_knots=2289
2025-09-01 15:24:03,656 - Iter 7710: obj=-875.862933, change=3.67e-05, α=0.000, ‖θ[1:]‖₁=91.038, h_range=[1.00e-08, 1.19e+01], num_knots=2289
2025-09-01 15:24:03,785 - Iter 7720: obj=-875.896083, change=3.66e-05, α=0.000, ‖θ[1:]‖₁=91.043, h_range=[1.00e-08, 1.19e+01], num_knots=2288
2025-09-01 15:24:03,904 - Iter 7730: obj=-875.929178, change=3.66e-05, α=0.000, ‖θ[1:]‖₁=91.049, h_range=[1.00e-08, 1.19e+01], num_knots=2288
2025-09-01 15:24:04,017 - Iter 7740: obj=-875.962207, change=3.65e-05, α=0.000, ‖θ[1:]‖₁=91.055, h_range=[1.00e-08, 1.19e+01], num_knots=2286
2025-09-01 15:24:04,136 - Iter 7750: obj=-875.995178, change=3.65e-05, α=0.000, ‖θ[1:]‖₁=91.061, h_range=[1.00e-08, 1.19e+01], num_knots=2286
2025-09-01 15:24:04,278 - Iter 7760: obj=-876.028089, change=3.64e-05, α=0.000, ‖θ[1:]‖₁=91.066, h_range=[1.00e-08, 1.19e+01], num_knots=2285
2025-09-01 15:24:04,381 - Iter 7770: obj=-876.060945, change=3.63e-05, α=0.000, ‖θ[1:]‖₁=91.072, h_range=[1.00e-08, 1.19e+01], num_knots=2285
2025-09-01 15:24:04,487 - Iter 7780: obj=-876.093752, change=3.62e-05, α=0.000, ‖θ[1:]‖₁=91.077, h_range=[1.00e-08, 1.19e+01], num_knots=2285
2025-09-01 15:24:04,587 - Iter 7790: obj=-876.126509, change=3.64e-05, α=0.000, ‖θ[1:]‖₁=91.083, h_range=[1.00e-08, 1.19e+01], num_knots=2284
2025-09-01 15:24:04,686 - Iter 7800: obj=-876.159175, change=3.59e-05, α=0.000, ‖θ[1:]‖₁=91.088, h_range=[1.00e-08, 1.19e+01], num_knots=2283
2025-09-01 15:24:04,795 - Iter 7810: obj=-876.191785, change=3.60e-05, α=0.000, ‖θ[1:]‖₁=91.094, h_range=[1.00e-08, 1.19e+01], num_knots=2283
2025-09-01 15:24:04,903 - Iter 7820: obj=-876.224346, change=3.59e-05, α=0.000, ‖θ[1:]‖₁=91.099, h_range=[1.00e-08, 1.19e+01], num_knots=2283
2025-09-01 15:24:05,007 - Iter 7830: obj=-876.256859, change=3.59e-05, α=0.000, ‖θ[1:]‖₁=91.104, h_range=[1.00e-08, 1.19e+01], num_knots=2283
2025-09-01 15:24:05,169 - Iter 7840: obj=-876.289323, change=3.58e-05, α=0.000, ‖θ[1:]‖₁=91.110, h_range=[1.00e-08, 1.19e+01], num_knots=2283
2025-09-01 15:24:05,290 - Iter 7850: obj=-876.321739, change=3.58e-05, α=0.000, ‖θ[1:]‖₁=91.115, h_range=[1.00e-08, 1.19e+01], num_knots=2283
2025-09-01 15:24:05,408 - Iter 7860: obj=-876.354097, change=3.57e-05, α=0.000, ‖θ[1:]‖₁=91.120, h_range=[1.00e-08, 1.19e+01], num_knots=2281
2025-09-01 15:24:05,498 - Iter 7870: obj=-876.386400, change=3.57e-05, α=0.000, ‖θ[1:]‖₁=91.125, h_range=[1.00e-08, 1.19e+01], num_knots=2281
2025-09-01 15:24:05,601 - Iter 7880: obj=-876.418650, change=3.57e-05, α=0.000, ‖θ[1:]‖₁=91.130, h_range=[1.00e-08, 1.19e+01], num_knots=2280
2025-09-01 15:24:05,720 - Iter 7890: obj=-876.450850, change=3.57e-05, α=0.000, ‖θ[1:]‖₁=91.136, h_range=[1.00e-08, 1.19e+01], num_knots=2280
2025-09-01 15:24:05,817 - Iter 7900: obj=-876.482995, change=3.56e-05, α=0.000, ‖θ[1:]‖₁=91.141, h_range=[1.00e-08, 1.19e+01], num_knots=2279
2025-09-01 15:24:05,937 - Iter 7910: obj=-876.515029, change=3.62e-05, α=0.000, ‖θ[1:]‖₁=91.146, h_range=[1.00e-08, 1.19e+01], num_knots=2276
2025-09-01 15:24:06,060 - Iter 7920: obj=-876.546968, change=3.60e-05, α=0.000, ‖θ[1:]‖₁=91.151, h_range=[1.00e-08, 1.19e+01], num_knots=2276
2025-09-01 15:24:06,198 - Iter 7930: obj=-876.578861, change=3.59e-05, α=0.000, ‖θ[1:]‖₁=91.156, h_range=[1.00e-08, 1.19e+01], num_knots=2276
2025-09-01 15:24:06,337 - Iter 7940: obj=-876.610708, change=3.57e-05, α=0.000, ‖θ[1:]‖₁=91.161, h_range=[1.00e-08, 1.19e+01], num_knots=2276
2025-09-01 15:24:06,462 - Iter 7950: obj=-876.642509, change=3.56e-05, α=0.000, ‖θ[1:]‖₁=91.166, h_range=[1.00e-08, 1.19e+01], num_knots=2276
2025-09-01 15:24:06,586 - Iter 7960: obj=-876.674263, change=3.55e-05, α=0.000, ‖θ[1:]‖₁=91.171, h_range=[1.00e-08, 1.19e+01], num_knots=2276
2025-09-01 15:24:06,723 - Iter 7970: obj=-876.705973, change=3.54e-05, α=0.000, ‖θ[1:]‖₁=91.175, h_range=[1.00e-08, 1.19e+01], num_knots=2276
2025-09-01 15:24:06,838 - Iter 7980: obj=-876.737632, change=3.54e-05, α=0.000, ‖θ[1:]‖₁=91.180, h_range=[1.00e-08, 1.19e+01], num_knots=2275
2025-09-01 15:24:06,976 - Iter 7990: obj=-876.769202, change=3.52e-05, α=0.000, ‖θ[1:]‖₁=91.185, h_range=[1.00e-08, 1.19e+01], num_knots=2275
2025-09-01 15:24:07,086 - Iter 8000: obj=-876.800727, change=3.52e-05, α=0.000, ‖θ[1:]‖₁=91.190, h_range=[1.00e-08, 1.19e+01], num_knots=2275
2025-09-01 15:24:07,203 - Iter 8010: obj=-876.832207, change=3.52e-05, α=0.000, ‖θ[1:]‖₁=91.195, h_range=[1.00e-08, 1.19e+01], num_knots=2275
2025-09-01 15:24:07,332 - Iter 8020: obj=-876.863643, change=3.51e-05, α=0.000, ‖θ[1:]‖₁=91.199, h_range=[1.00e-08, 1.19e+01], num_knots=2275
2025-09-01 15:24:07,436 - Iter 8030: obj=-876.895016, change=3.50e-05, α=0.000, ‖θ[1:]‖₁=91.204, h_range=[1.00e-08, 1.19e+01], num_knots=2273
2025-09-01 15:24:07,560 - Iter 8040: obj=-876.926310, change=3.48e-05, α=0.000, ‖θ[1:]‖₁=91.209, h_range=[1.00e-08, 1.19e+01], num_knots=2273
2025-09-01 15:24:07,670 - Iter 8050: obj=-876.957545, change=3.48e-05, α=0.000, ‖θ[1:]‖₁=91.213, h_range=[1.00e-08, 1.19e+01], num_knots=2271
2025-09-01 15:24:07,777 - Iter 8060: obj=-876.988727, change=3.47e-05, α=0.000, ‖θ[1:]‖₁=91.218, h_range=[1.00e-08, 1.19e+01], num_knots=2271
2025-09-01 15:24:07,873 - Iter 8070: obj=-877.019864, change=3.47e-05, α=0.000, ‖θ[1:]‖₁=91.223, h_range=[1.00e-08, 1.19e+01], num_knots=2271
2025-09-01 15:24:07,969 - Iter 8080: obj=-877.050946, change=3.47e-05, α=0.000, ‖θ[1:]‖₁=91.227, h_range=[1.00e-08, 1.19e+01], num_knots=2270
2025-09-01 15:24:08,069 - Iter 8090: obj=-877.081983, change=3.46e-05, α=0.000, ‖θ[1:]‖₁=91.232, h_range=[1.00e-08, 1.19e+01], num_knots=2270
2025-09-01 15:24:08,174 - Iter 8100: obj=-877.112961, change=3.44e-05, α=0.000, ‖θ[1:]‖₁=91.236, h_range=[1.00e-08, 1.19e+01], num_knots=2269
2025-09-01 15:24:08,278 - Iter 8110: obj=-877.143862, change=3.57e-05, α=0.000, ‖θ[1:]‖₁=91.241, h_range=[1.00e-08, 1.19e+01], num_knots=2266
2025-09-01 15:24:08,378 - Iter 8120: obj=-877.174591, change=3.46e-05, α=0.000, ‖θ[1:]‖₁=91.246, h_range=[1.00e-08, 1.19e+01], num_knots=2266
2025-09-01 15:24:08,497 - Iter 8130: obj=-877.205278, change=3.45e-05, α=0.000, ‖θ[1:]‖₁=91.250, h_range=[1.00e-08, 1.19e+01], num_knots=2266
2025-09-01 15:24:08,615 - Iter 8140: obj=-877.235921, change=3.44e-05, α=0.000, ‖θ[1:]‖₁=91.255, h_range=[1.00e-08, 1.19e+01], num_knots=2266
2025-09-01 15:24:08,723 - Iter 8150: obj=-877.266523, change=3.44e-05, α=0.000, ‖θ[1:]‖₁=91.259, h_range=[1.00e-08, 1.19e+01], num_knots=2266
2025-09-01 15:24:08,847 - Iter 8160: obj=-877.297082, change=3.43e-05, α=0.000, ‖θ[1:]‖₁=91.264, h_range=[1.00e-08, 1.19e+01], num_knots=2266
2025-09-01 15:24:08,950 - Iter 8170: obj=-877.327599, change=3.42e-05, α=0.000, ‖θ[1:]‖₁=91.268, h_range=[1.00e-08, 1.19e+01], num_knots=2266
2025-09-01 15:24:09,071 - Iter 8180: obj=-877.358075, change=3.42e-05, α=0.000, ‖θ[1:]‖₁=91.273, h_range=[1.00e-08, 1.19e+01], num_knots=2266
2025-09-01 15:24:09,186 - Iter 8190: obj=-877.388509, change=3.41e-05, α=0.000, ‖θ[1:]‖₁=91.277, h_range=[1.00e-08, 1.19e+01], num_knots=2266
2025-09-01 15:24:09,323 - Iter 8200: obj=-877.418879, change=3.39e-05, α=0.000, ‖θ[1:]‖₁=91.281, h_range=[1.00e-08, 1.19e+01], num_knots=2265
2025-09-01 15:24:09,479 - Iter 8210: obj=-877.449192, change=3.39e-05, α=0.000, ‖θ[1:]‖₁=91.285, h_range=[1.00e-08, 1.19e+01], num_knots=2265
2025-09-01 15:24:09,620 - Iter 8220: obj=-877.479464, change=3.39e-05, α=0.000, ‖θ[1:]‖₁=91.290, h_range=[1.00e-08, 1.19e+01], num_knots=2265
2025-09-01 15:24:09,732 - Iter 8230: obj=-877.509695, change=3.38e-05, α=0.000, ‖θ[1:]‖₁=91.294, h_range=[1.00e-08, 1.19e+01], num_knots=2265
2025-09-01 15:24:09,845 - Iter 8240: obj=-877.539803, change=3.40e-05, α=0.000, ‖θ[1:]‖₁=91.298, h_range=[1.00e-08, 1.19e+01], num_knots=2262
2025-09-01 15:24:09,997 - Iter 8250: obj=-877.569814, change=3.40e-05, α=0.000, ‖θ[1:]‖₁=91.303, h_range=[1.00e-08, 1.19e+01], num_knots=2262
2025-09-01 15:24:10,119 - Iter 8260: obj=-877.599783, change=3.39e-05, α=0.000, ‖θ[1:]‖₁=91.307, h_range=[1.00e-08, 1.18e+01], num_knots=2262
2025-09-01 15:24:10,229 - Iter 8270: obj=-877.629711, change=3.39e-05, α=0.000, ‖θ[1:]‖₁=91.311, h_range=[1.00e-08, 1.18e+01], num_knots=2261
2025-09-01 15:24:10,337 - Iter 8280: obj=-877.659598, change=3.38e-05, α=0.000, ‖θ[1:]‖₁=91.315, h_range=[1.00e-08, 1.18e+01], num_knots=2261
2025-09-01 15:24:10,455 - Iter 8290: obj=-877.689430, change=3.37e-05, α=0.000, ‖θ[1:]‖₁=91.319, h_range=[1.00e-08, 1.18e+01], num_knots=2258
2025-09-01 15:24:10,576 - Iter 8300: obj=-877.719148, change=3.37e-05, α=0.000, ‖θ[1:]‖₁=91.324, h_range=[1.00e-08, 1.18e+01], num_knots=2257
2025-09-01 15:24:10,692 - Iter 8310: obj=-877.748784, change=3.33e-05, α=0.000, ‖θ[1:]‖₁=91.328, h_range=[1.00e-08, 1.18e+01], num_knots=2256
2025-09-01 15:24:10,793 - Iter 8320: obj=-877.778375, change=3.34e-05, α=0.000, ‖θ[1:]‖₁=91.332, h_range=[1.00e-08, 1.18e+01], num_knots=2256
2025-09-01 15:24:10,903 - Iter 8330: obj=-877.807918, change=3.35e-05, α=0.000, ‖θ[1:]‖₁=91.336, h_range=[1.00e-08, 1.18e+01], num_knots=2255
2025-09-01 15:24:11,002 - Iter 8340: obj=-877.837403, change=3.35e-05, α=0.000, ‖θ[1:]‖₁=91.340, h_range=[1.00e-08, 1.18e+01], num_knots=2253
2025-09-01 15:24:11,104 - Iter 8350: obj=-877.866841, change=3.34e-05, α=0.000, ‖θ[1:]‖₁=91.345, h_range=[1.00e-08, 1.18e+01], num_knots=2253
2025-09-01 15:24:11,218 - Iter 8360: obj=-877.896240, change=3.33e-05, α=0.000, ‖θ[1:]‖₁=91.349, h_range=[1.00e-08, 1.18e+01], num_knots=2253
2025-09-01 15:24:11,323 - Iter 8370: obj=-877.925601, change=3.33e-05, α=0.000, ‖θ[1:]‖₁=91.353, h_range=[1.00e-08, 1.18e+01], num_knots=2253
2025-09-01 15:24:11,429 - Iter 8380: obj=-877.954921, change=3.31e-05, α=0.000, ‖θ[1:]‖₁=91.357, h_range=[1.00e-08, 1.18e+01], num_knots=2252
2025-09-01 15:24:11,542 - Iter 8390: obj=-877.984116, change=3.36e-05, α=0.000, ‖θ[1:]‖₁=91.361, h_range=[1.00e-08, 1.18e+01], num_knots=2251
2025-09-01 15:24:11,650 - Iter 8400: obj=-878.013235, change=3.33e-05, α=0.000, ‖θ[1:]‖₁=91.365, h_range=[1.00e-08, 1.18e+01], num_knots=2248
2025-09-01 15:24:11,750 - Iter 8410: obj=-878.042237, change=3.31e-05, α=0.000, ‖θ[1:]‖₁=91.370, h_range=[1.00e-08, 1.18e+01], num_knots=2247
2025-09-01 15:24:11,873 - Iter 8420: obj=-878.071197, change=3.31e-05, α=0.000, ‖θ[1:]‖₁=91.374, h_range=[1.00e-08, 1.18e+01], num_knots=2247
2025-09-01 15:24:11,977 - Iter 8430: obj=-878.100119, change=3.31e-05, α=0.000, ‖θ[1:]‖₁=91.378, h_range=[1.00e-08, 1.18e+01], num_knots=2247
2025-09-01 15:24:12,084 - Iter 8440: obj=-878.128994, change=3.46e-05, α=0.000, ‖θ[1:]‖₁=91.382, h_range=[1.00e-08, 1.18e+01], num_knots=2245
2025-09-01 15:24:12,185 - Iter 8450: obj=-878.157705, change=3.34e-05, α=0.000, ‖θ[1:]‖₁=91.386, h_range=[1.00e-08, 1.18e+01], num_knots=2244
2025-09-01 15:24:12,304 - Iter 8460: obj=-878.186366, change=3.33e-05, α=0.000, ‖θ[1:]‖₁=91.391, h_range=[1.00e-08, 1.18e+01], num_knots=2244
2025-09-01 15:24:12,408 - Iter 8470: obj=-878.214966, change=3.30e-05, α=0.000, ‖θ[1:]‖₁=91.395, h_range=[1.00e-08, 1.18e+01], num_knots=2243
2025-09-01 15:24:12,498 - Iter 8480: obj=-878.243515, change=3.30e-05, α=0.000, ‖θ[1:]‖₁=91.399, h_range=[1.00e-08, 1.18e+01], num_knots=2243
2025-09-01 15:24:12,609 - Iter 8490: obj=-878.272027, change=3.29e-05, α=0.000, ‖θ[1:]‖₁=91.403, h_range=[1.00e-08, 1.18e+01], num_knots=2243
2025-09-01 15:24:12,708 - Iter 8500: obj=-878.300502, change=3.29e-05, α=0.000, ‖θ[1:]‖₁=91.408, h_range=[1.00e-08, 1.18e+01], num_knots=2243
2025-09-01 15:24:12,817 - Iter 8510: obj=-878.328941, change=3.28e-05, α=0.000, ‖θ[1:]‖₁=91.412, h_range=[1.00e-08, 1.18e+01], num_knots=2243
2025-09-01 15:24:12,948 - Iter 8520: obj=-878.357343, change=3.31e-05, α=0.000, ‖θ[1:]‖₁=91.416, h_range=[1.00e-08, 1.18e+01], num_knots=2242
2025-09-01 15:24:13,043 - Iter 8530: obj=-878.385604, change=3.29e-05, α=0.000, ‖θ[1:]‖₁=91.420, h_range=[1.00e-08, 1.18e+01], num_knots=2240
2025-09-01 15:24:13,169 - Iter 8540: obj=-878.413795, change=3.29e-05, α=0.000, ‖θ[1:]‖₁=91.424, h_range=[1.00e-08, 1.18e+01], num_knots=2240
2025-09-01 15:24:13,294 - Iter 8550: obj=-878.441951, change=3.28e-05, α=0.000, ‖θ[1:]‖₁=91.428, h_range=[1.00e-08, 1.18e+01], num_knots=2240
2025-09-01 15:24:13,411 - Iter 8560: obj=-878.470071, change=3.28e-05, α=0.000, ‖θ[1:]‖₁=91.432, h_range=[1.00e-08, 1.18e+01], num_knots=2240
2025-09-01 15:24:13,511 - Iter 8570: obj=-878.498155, change=3.27e-05, α=0.000, ‖θ[1:]‖₁=91.436, h_range=[1.00e-08, 1.18e+01], num_knots=2240
2025-09-01 15:24:13,616 - Iter 8580: obj=-878.526196, change=3.24e-05, α=0.000, ‖θ[1:]‖₁=91.440, h_range=[1.00e-08, 1.18e+01], num_knots=2238
2025-09-01 15:24:13,734 - Iter 8590: obj=-878.554185, change=3.42e-05, α=0.000, ‖θ[1:]‖₁=91.444, h_range=[1.00e-08, 1.18e+01], num_knots=2237
2025-09-01 15:24:13,833 - Iter 8600: obj=-878.582047, change=3.29e-05, α=0.000, ‖θ[1:]‖₁=91.448, h_range=[1.00e-08, 1.18e+01], num_knots=2237
2025-09-01 15:24:13,963 - Iter 8610: obj=-878.609872, change=3.28e-05, α=0.000, ‖θ[1:]‖₁=91.452, h_range=[1.00e-08, 1.18e+01], num_knots=2238
2025-09-01 15:24:14,085 - Iter 8620: obj=-878.637663, change=3.27e-05, α=0.000, ‖θ[1:]‖₁=91.456, h_range=[1.00e-08, 1.18e+01], num_knots=2238
2025-09-01 15:24:14,184 - Iter 8630: obj=-878.665419, change=3.26e-05, α=0.000, ‖θ[1:]‖₁=91.460, h_range=[1.00e-08, 1.18e+01], num_knots=2238
2025-09-01 15:24:14,301 - Iter 8640: obj=-878.693140, change=3.25e-05, α=0.000, ‖θ[1:]‖₁=91.464, h_range=[1.00e-08, 1.18e+01], num_knots=2238
2025-09-01 15:24:14,417 - Iter 8650: obj=-878.720799, change=3.23e-05, α=0.000, ‖θ[1:]‖₁=91.468, h_range=[1.00e-08, 1.18e+01], num_knots=2238
2025-09-01 15:24:14,517 - Iter 8660: obj=-878.748413, change=3.22e-05, α=0.000, ‖θ[1:]‖₁=91.472, h_range=[1.00e-08, 1.18e+01], num_knots=2238
2025-09-01 15:24:14,622 - Iter 8670: obj=-878.775993, change=3.22e-05, α=0.000, ‖θ[1:]‖₁=91.476, h_range=[1.00e-08, 1.18e+01], num_knots=2238
2025-09-01 15:24:14,723 - Iter 8680: obj=-878.803519, change=3.19e-05, α=0.000, ‖θ[1:]‖₁=91.479, h_range=[1.00e-08, 1.18e+01], num_knots=2236
2025-09-01 15:24:14,851 - Iter 8690: obj=-878.830974, change=3.20e-05, α=0.000, ‖θ[1:]‖₁=91.483, h_range=[1.00e-08, 1.18e+01], num_knots=2235
2025-09-01 15:24:14,962 - Iter 8700: obj=-878.858392, change=3.19e-05, α=0.000, ‖θ[1:]‖₁=91.487, h_range=[1.00e-08, 1.18e+01], num_knots=2235
2025-09-01 15:24:15,068 - Iter 8710: obj=-878.885773, change=3.19e-05, α=0.000, ‖θ[1:]‖₁=91.491, h_range=[1.00e-08, 1.18e+01], num_knots=2234
2025-09-01 15:24:15,175 - Iter 8720: obj=-878.913112, change=3.19e-05, α=0.000, ‖θ[1:]‖₁=91.495, h_range=[1.00e-08, 1.18e+01], num_knots=2234
2025-09-01 15:24:15,289 - Iter 8730: obj=-878.940417, change=3.18e-05, α=0.000, ‖θ[1:]‖₁=91.498, h_range=[1.00e-08, 1.18e+01], num_knots=2234
2025-09-01 15:24:15,403 - Iter 8740: obj=-878.967689, change=3.18e-05, α=0.000, ‖θ[1:]‖₁=91.502, h_range=[1.00e-08, 1.18e+01], num_knots=2233
2025-09-01 15:24:15,556 - Iter 8750: obj=-878.994911, change=3.17e-05, α=0.000, ‖θ[1:]‖₁=91.506, h_range=[1.00e-08, 1.18e+01], num_knots=2232
2025-09-01 15:24:15,671 - Iter 8760: obj=-879.022095, change=3.16e-05, α=0.000, ‖θ[1:]‖₁=91.510, h_range=[1.00e-08, 1.18e+01], num_knots=2231
2025-09-01 15:24:15,778 - Iter 8770: obj=-879.049241, change=3.16e-05, α=0.000, ‖θ[1:]‖₁=91.513, h_range=[1.00e-08, 1.18e+01], num_knots=2231
2025-09-01 15:24:15,892 - Iter 8780: obj=-879.076332, change=3.14e-05, α=0.000, ‖θ[1:]‖₁=91.517, h_range=[1.00e-08, 1.18e+01], num_knots=2230
2025-09-01 15:24:16,017 - Iter 8790: obj=-879.103375, change=3.13e-05, α=0.000, ‖θ[1:]‖₁=91.520, h_range=[1.00e-08, 1.18e+01], num_knots=2230
2025-09-01 15:24:16,129 - Iter 8800: obj=-879.130385, change=3.13e-05, α=0.000, ‖θ[1:]‖₁=91.524, h_range=[1.00e-08, 1.18e+01], num_knots=2230
2025-09-01 15:24:16,229 - Iter 8810: obj=-879.157362, change=3.13e-05, α=0.000, ‖θ[1:]‖₁=91.528, h_range=[1.00e-08, 1.18e+01], num_knots=2230
2025-09-01 15:24:16,317 - Iter 8820: obj=-879.184307, change=3.12e-05, α=0.000, ‖θ[1:]‖₁=91.531, h_range=[1.00e-08, 1.18e+01], num_knots=2230
2025-09-01 15:24:16,440 - Iter 8830: obj=-879.211220, change=3.12e-05, α=0.000, ‖θ[1:]‖₁=91.535, h_range=[1.00e-08, 1.18e+01], num_knots=2231
2025-09-01 15:24:16,546 - Iter 8840: obj=-879.238097, change=3.11e-05, α=0.000, ‖θ[1:]‖₁=91.538, h_range=[1.00e-08, 1.18e+01], num_knots=2230
2025-09-01 15:24:16,640 - Iter 8850: obj=-879.264939, change=3.11e-05, α=0.000, ‖θ[1:]‖₁=91.542, h_range=[1.00e-08, 1.18e+01], num_knots=2230
2025-09-01 15:24:16,744 - Iter 8860: obj=-879.291748, change=3.11e-05, α=0.000, ‖θ[1:]‖₁=91.545, h_range=[1.00e-08, 1.18e+01], num_knots=2230
2025-09-01 15:24:16,839 - Iter 8870: obj=-879.318525, change=3.10e-05, α=0.000, ‖θ[1:]‖₁=91.548, h_range=[1.00e-08, 1.18e+01], num_knots=2230
2025-09-01 15:24:16,940 - Iter 8880: obj=-879.345255, change=3.20e-05, α=0.000, ‖θ[1:]‖₁=91.552, h_range=[1.00e-08, 1.18e+01], num_knots=2229
2025-09-01 15:24:17,048 - Iter 8890: obj=-879.371878, change=3.14e-05, α=0.000, ‖θ[1:]‖₁=91.555, h_range=[1.00e-08, 1.18e+01], num_knots=2229
2025-09-01 15:24:17,153 - Iter 8900: obj=-879.398469, change=3.12e-05, α=0.000, ‖θ[1:]‖₁=91.558, h_range=[1.00e-08, 1.18e+01], num_knots=2229
2025-09-01 15:24:17,274 - Iter 8910: obj=-879.425028, change=3.11e-05, α=0.000, ‖θ[1:]‖₁=91.562, h_range=[1.00e-08, 1.18e+01], num_knots=2229
2025-09-01 15:24:17,376 - Iter 8920: obj=-879.451551, change=3.11e-05, α=0.000, ‖θ[1:]‖₁=91.565, h_range=[1.00e-08, 1.18e+01], num_knots=2228
2025-09-01 15:24:17,498 - Iter 8930: obj=-879.478029, change=3.10e-05, α=0.000, ‖θ[1:]‖₁=91.568, h_range=[1.00e-08, 1.18e+01], num_knots=2227
2025-09-01 15:24:17,607 - Iter 8940: obj=-879.504458, change=3.09e-05, α=0.000, ‖θ[1:]‖₁=91.572, h_range=[1.00e-08, 1.18e+01], num_knots=2225
2025-09-01 15:24:17,708 - Iter 8950: obj=-879.530839, change=3.08e-05, α=0.000, ‖θ[1:]‖₁=91.575, h_range=[1.00e-08, 1.18e+01], num_knots=2225
2025-09-01 15:24:17,819 - Iter 8960: obj=-879.557188, change=3.07e-05, α=0.000, ‖θ[1:]‖₁=91.578, h_range=[1.00e-08, 1.18e+01], num_knots=2225
2025-09-01 15:24:17,923 - Iter 8970: obj=-879.583491, change=3.05e-05, α=0.000, ‖θ[1:]‖₁=91.581, h_range=[1.00e-08, 1.18e+01], num_knots=2224
2025-09-01 15:24:18,032 - Iter 8980: obj=-879.609741, change=3.05e-05, α=0.000, ‖θ[1:]‖₁=91.585, h_range=[1.00e-08, 1.18e+01], num_knots=2224
2025-09-01 15:24:18,163 - Iter 8990: obj=-879.635961, change=3.05e-05, α=0.000, ‖θ[1:]‖₁=91.588, h_range=[1.00e-08, 1.18e+01], num_knots=2224
2025-09-01 15:24:18,277 - Iter 9000: obj=-879.662124, change=3.04e-05, α=0.000, ‖θ[1:]‖₁=91.591, h_range=[1.00e-08, 1.18e+01], num_knots=2223
2025-09-01 15:24:18,402 - Iter 9010: obj=-879.688245, change=3.03e-05, α=0.000, ‖θ[1:]‖₁=91.594, h_range=[1.00e-08, 1.18e+01], num_knots=2223
2025-09-01 15:24:18,495 - Iter 9020: obj=-879.714335, change=3.03e-05, α=0.000, ‖θ[1:]‖₁=91.598, h_range=[1.00e-08, 1.18e+01], num_knots=2223
2025-09-01 15:24:18,614 - Iter 9030: obj=-879.740396, change=3.03e-05, α=0.000, ‖θ[1:]‖₁=91.601, h_range=[1.00e-08, 1.18e+01], num_knots=2223
2025-09-01 15:24:18,729 - Iter 9040: obj=-879.766427, change=3.03e-05, α=0.000, ‖θ[1:]‖₁=91.604, h_range=[1.00e-08, 1.18e+01], num_knots=2223
2025-09-01 15:24:18,833 - Iter 9050: obj=-879.792428, change=3.02e-05, α=0.000, ‖θ[1:]‖₁=91.607, h_range=[1.00e-08, 1.18e+01], num_knots=2223
2025-09-01 15:24:18,937 - Iter 9060: obj=-879.818400, change=3.02e-05, α=0.000, ‖θ[1:]‖₁=91.610, h_range=[1.00e-08, 1.18e+01], num_knots=2223
2025-09-01 15:24:19,037 - Iter 9070: obj=-879.844342, change=3.01e-05, α=0.000, ‖θ[1:]‖₁=91.613, h_range=[1.00e-08, 1.18e+01], num_knots=2223
2025-09-01 15:24:19,124 - Iter 9080: obj=-879.870254, change=3.01e-05, α=0.000, ‖θ[1:]‖₁=91.616, h_range=[1.00e-08, 1.18e+01], num_knots=2222
2025-09-01 15:24:19,230 - Iter 9090: obj=-879.896127, change=3.00e-05, α=0.000, ‖θ[1:]‖₁=91.619, h_range=[1.00e-08, 1.18e+01], num_knots=2222
2025-09-01 15:24:19,370 - Iter 9100: obj=-879.921971, change=2.99e-05, α=0.000, ‖θ[1:]‖₁=91.622, h_range=[1.00e-08, 1.18e+01], num_knots=2222
2025-09-01 15:24:19,493 - Iter 9110: obj=-879.947785, change=2.99e-05, α=0.000, ‖θ[1:]‖₁=91.625, h_range=[1.00e-08, 1.18e+01], num_knots=2222
2025-09-01 15:24:19,616 - Iter 9120: obj=-879.973562, change=2.99e-05, α=0.000, ‖θ[1:]‖₁=91.628, h_range=[1.00e-08, 1.18e+01], num_knots=2221
2025-09-01 15:24:19,736 - Iter 9130: obj=-879.999308, change=2.99e-05, α=0.000, ‖θ[1:]‖₁=91.631, h_range=[1.00e-08, 1.18e+01], num_knots=2221
2025-09-01 15:24:19,837 - Iter 9140: obj=-880.025025, change=2.98e-05, α=0.000, ‖θ[1:]‖₁=91.634, h_range=[1.00e-08, 1.18e+01], num_knots=2221
2025-09-01 15:24:20,003 - Iter 9150: obj=-880.050714, change=2.97e-05, α=0.000, ‖θ[1:]‖₁=91.637, h_range=[1.00e-08, 1.18e+01], num_knots=2221
2025-09-01 15:24:20,101 - Iter 9160: obj=-880.076367, change=2.96e-05, α=0.000, ‖θ[1:]‖₁=91.640, h_range=[1.00e-08, 1.18e+01], num_knots=2220
2025-09-01 15:24:20,223 - Iter 9170: obj=-880.101989, change=2.96e-05, α=0.000, ‖θ[1:]‖₁=91.643, h_range=[1.00e-08, 1.18e+01], num_knots=2220
2025-09-01 15:24:20,327 - Iter 9180: obj=-880.127582, change=2.96e-05, α=0.000, ‖θ[1:]‖₁=91.646, h_range=[1.00e-08, 1.18e+01], num_knots=2220
2025-09-01 15:24:20,455 - Iter 9190: obj=-880.153146, change=2.95e-05, α=0.000, ‖θ[1:]‖₁=91.648, h_range=[1.00e-08, 1.18e+01], num_knots=2220
2025-09-01 15:24:20,573 - Iter 9200: obj=-880.178683, change=2.95e-05, α=0.000, ‖θ[1:]‖₁=91.651, h_range=[1.00e-08, 1.18e+01], num_knots=2220
2025-09-01 15:24:20,670 - Iter 9210: obj=-880.204191, change=2.94e-05, α=0.000, ‖θ[1:]‖₁=91.654, h_range=[1.00e-08, 1.18e+01], num_knots=2220
2025-09-01 15:24:20,773 - Iter 9220: obj=-880.229672, change=2.94e-05, α=0.000, ‖θ[1:]‖₁=91.657, h_range=[1.00e-08, 1.18e+01], num_knots=2220
2025-09-01 15:24:20,866 - Iter 9230: obj=-880.255125, change=2.94e-05, α=0.000, ‖θ[1:]‖₁=91.659, h_range=[1.00e-08, 1.18e+01], num_knots=2220
2025-09-01 15:24:20,972 - Iter 9240: obj=-880.280550, change=2.93e-05, α=0.000, ‖θ[1:]‖₁=91.662, h_range=[1.00e-08, 1.18e+01], num_knots=2220
2025-09-01 15:24:21,089 - Iter 9250: obj=-880.305897, change=2.98e-05, α=0.000, ‖θ[1:]‖₁=91.664, h_range=[1.00e-08, 1.18e+01], num_knots=2219
2025-09-01 15:24:21,196 - Iter 9260: obj=-880.331177, change=2.96e-05, α=0.000, ‖θ[1:]‖₁=91.667, h_range=[1.00e-08, 1.18e+01], num_knots=2219
2025-09-01 15:24:21,313 - Iter 9270: obj=-880.356429, change=2.95e-05, α=0.000, ‖θ[1:]‖₁=91.670, h_range=[1.00e-08, 1.18e+01], num_knots=2219
2025-09-01 15:24:21,425 - Iter 9280: obj=-880.381655, change=2.94e-05, α=0.000, ‖θ[1:]‖₁=91.672, h_range=[1.00e-08, 1.18e+01], num_knots=2219
2025-09-01 15:24:21,519 - Iter 9290: obj=-880.406852, change=3.05e-05, α=0.000, ‖θ[1:]‖₁=91.675, h_range=[1.00e-08, 1.18e+01], num_knots=2217
2025-09-01 15:24:21,636 - Iter 9300: obj=-880.431928, change=2.97e-05, α=0.000, ‖θ[1:]‖₁=91.677, h_range=[1.00e-08, 1.18e+01], num_knots=2217
2025-09-01 15:24:21,752 - Iter 9310: obj=-880.456975, change=2.96e-05, α=0.000, ‖θ[1:]‖₁=91.680, h_range=[1.00e-08, 1.18e+01], num_knots=2217
2025-09-01 15:24:21,849 - Iter 9320: obj=-880.481987, change=2.96e-05, α=0.000, ‖θ[1:]‖₁=91.682, h_range=[1.00e-08, 1.18e+01], num_knots=2216
2025-09-01 15:24:21,974 - Iter 9330: obj=-880.506971, change=2.94e-05, α=0.000, ‖θ[1:]‖₁=91.685, h_range=[1.00e-08, 1.18e+01], num_knots=2216
2025-09-01 15:24:22,090 - Iter 9340: obj=-880.531927, change=2.93e-05, α=0.000, ‖θ[1:]‖₁=91.687, h_range=[1.00e-08, 1.18e+01], num_knots=2216
2025-09-01 15:24:22,196 - Iter 9350: obj=-880.556857, change=2.93e-05, α=0.000, ‖θ[1:]‖₁=91.690, h_range=[1.00e-08, 1.18e+01], num_knots=2216
2025-09-01 15:24:22,310 - Iter 9360: obj=-880.581760, change=2.92e-05, α=0.000, ‖θ[1:]‖₁=91.692, h_range=[1.00e-08, 1.18e+01], num_knots=2216
2025-09-01 15:24:22,424 - Iter 9370: obj=-880.606636, change=2.91e-05, α=0.000, ‖θ[1:]‖₁=91.695, h_range=[1.00e-08, 1.18e+01], num_knots=2216
2025-09-01 15:24:22,521 - Iter 9380: obj=-880.631487, change=2.91e-05, α=0.000, ‖θ[1:]‖₁=91.697, h_range=[1.00e-08, 1.18e+01], num_knots=2216
2025-09-01 15:24:22,657 - Iter 9390: obj=-880.656289, change=2.89e-05, α=0.000, ‖θ[1:]‖₁=91.699, h_range=[1.00e-08, 1.18e+01], num_knots=2215
2025-09-01 15:24:22,762 - Iter 9400: obj=-880.681051, change=2.89e-05, α=0.000, ‖θ[1:]‖₁=91.702, h_range=[1.00e-08, 1.18e+01], num_knots=2215
2025-09-01 15:24:22,879 - Iter 9410: obj=-880.705751, change=2.95e-05, α=0.000, ‖θ[1:]‖₁=91.704, h_range=[1.00e-08, 1.18e+01], num_knots=2214
2025-09-01 15:24:23,000 - Iter 9420: obj=-880.730372, change=2.92e-05, α=0.000, ‖θ[1:]‖₁=91.707, h_range=[1.00e-08, 1.18e+01], num_knots=2214
2025-09-01 15:24:23,129 - Iter 9430: obj=-880.754956, change=2.92e-05, α=0.000, ‖θ[1:]‖₁=91.709, h_range=[1.00e-08, 1.18e+01], num_knots=2212
2025-09-01 15:24:23,244 - Iter 9440: obj=-880.779484, change=2.90e-05, α=0.000, ‖θ[1:]‖₁=91.711, h_range=[1.00e-08, 1.18e+01], num_knots=2212
2025-09-01 15:24:23,362 - Iter 9450: obj=-880.803986, change=2.89e-05, α=0.000, ‖θ[1:]‖₁=91.714, h_range=[1.00e-08, 1.18e+01], num_knots=2212
2025-09-01 15:24:23,470 - Iter 9460: obj=-880.828462, change=2.89e-05, α=0.000, ‖θ[1:]‖₁=91.716, h_range=[1.00e-08, 1.18e+01], num_knots=2211
2025-09-01 15:24:23,599 - Iter 9470: obj=-880.852902, change=2.88e-05, α=0.000, ‖θ[1:]‖₁=91.718, h_range=[1.00e-08, 1.18e+01], num_knots=2211
2025-09-01 15:24:23,721 - Iter 9480: obj=-880.877317, change=2.87e-05, α=0.000, ‖θ[1:]‖₁=91.721, h_range=[1.00e-08, 1.18e+01], num_knots=2211
2025-09-01 15:24:23,887 - Iter 9490: obj=-880.901693, change=2.86e-05, α=0.000, ‖θ[1:]‖₁=91.723, h_range=[1.00e-08, 1.18e+01], num_knots=2210
2025-09-01 15:24:24,000 - Iter 9500: obj=-880.926022, change=2.85e-05, α=0.000, ‖θ[1:]‖₁=91.725, h_range=[1.00e-08, 1.18e+01], num_knots=2210
2025-09-01 15:24:24,106 - Iter 9510: obj=-880.950326, change=2.85e-05, α=0.000, ‖θ[1:]‖₁=91.728, h_range=[1.00e-08, 1.18e+01], num_knots=2210
2025-09-01 15:24:24,199 - Iter 9520: obj=-880.974605, change=2.85e-05, α=0.000, ‖θ[1:]‖₁=91.730, h_range=[1.00e-08, 1.18e+01], num_knots=2210
2025-09-01 15:24:24,304 - Iter 9530: obj=-880.998858, change=2.85e-05, α=0.000, ‖θ[1:]‖₁=91.732, h_range=[1.00e-08, 1.18e+01], num_knots=2210
2025-09-01 15:24:24,428 - Iter 9540: obj=-881.023082, change=2.85e-05, α=0.000, ‖θ[1:]‖₁=91.735, h_range=[1.00e-08, 1.18e+01], num_knots=2209
2025-09-01 15:24:24,539 - Iter 9550: obj=-881.047268, change=2.83e-05, α=0.000, ‖θ[1:]‖₁=91.737, h_range=[1.00e-08, 1.18e+01], num_knots=2209
2025-09-01 15:24:24,671 - Iter 9560: obj=-881.071429, change=2.83e-05, α=0.000, ‖θ[1:]‖₁=91.739, h_range=[1.00e-08, 1.18e+01], num_knots=2209
2025-09-01 15:24:24,772 - Iter 9570: obj=-881.095560, change=2.83e-05, α=0.000, ‖θ[1:]‖₁=91.741, h_range=[1.00e-08, 1.18e+01], num_knots=2208
2025-09-01 15:24:24,920 - Iter 9580: obj=-881.119662, change=2.82e-05, α=0.000, ‖θ[1:]‖₁=91.743, h_range=[1.00e-08, 1.18e+01], num_knots=2208
2025-09-01 15:24:25,014 - Iter 9590: obj=-881.143740, change=2.82e-05, α=0.000, ‖θ[1:]‖₁=91.745, h_range=[1.00e-08, 1.18e+01], num_knots=2208
2025-09-01 15:24:25,136 - Iter 9600: obj=-881.167784, change=2.80e-05, α=0.000, ‖θ[1:]‖₁=91.748, h_range=[1.00e-08, 1.18e+01], num_knots=2207
2025-09-01 15:24:25,235 - Iter 9610: obj=-881.191803, change=2.80e-05, α=0.000, ‖θ[1:]‖₁=91.750, h_range=[1.00e-08, 1.18e+01], num_knots=2207
2025-09-01 15:24:25,329 - Iter 9620: obj=-881.215797, change=2.80e-05, α=0.000, ‖θ[1:]‖₁=91.752, h_range=[1.00e-08, 1.18e+01], num_knots=2207
2025-09-01 15:24:25,445 - Iter 9630: obj=-881.239749, change=2.78e-05, α=0.000, ‖θ[1:]‖₁=91.754, h_range=[1.00e-08, 1.18e+01], num_knots=2206
2025-09-01 15:24:25,563 - Iter 9640: obj=-881.263661, change=2.78e-05, α=0.000, ‖θ[1:]‖₁=91.756, h_range=[1.00e-08, 1.18e+01], num_knots=2206
2025-09-01 15:24:25,665 - Iter 9650: obj=-881.287522, change=2.76e-05, α=0.000, ‖θ[1:]‖₁=91.758, h_range=[1.00e-08, 1.18e+01], num_knots=2205
2025-09-01 15:24:25,789 - Iter 9660: obj=-881.311351, change=2.76e-05, α=0.000, ‖θ[1:]‖₁=91.760, h_range=[1.00e-08, 1.18e+01], num_knots=2205
2025-09-01 15:24:25,885 - Iter 9670: obj=-881.335157, change=2.76e-05, α=0.000, ‖θ[1:]‖₁=91.762, h_range=[1.00e-08, 1.18e+01], num_knots=2205
2025-09-01 15:24:26,000 - Iter 9680: obj=-881.358914, change=2.75e-05, α=0.000, ‖θ[1:]‖₁=91.764, h_range=[1.00e-08, 1.18e+01], num_knots=2204
2025-09-01 15:24:26,165 - Iter 9690: obj=-881.382638, change=2.75e-05, α=0.000, ‖θ[1:]‖₁=91.766, h_range=[1.00e-08, 1.18e+01], num_knots=2204
2025-09-01 15:24:26,290 - Iter 9700: obj=-881.406324, change=2.74e-05, α=0.000, ‖θ[1:]‖₁=91.768, h_range=[1.00e-08, 1.18e+01], num_knots=2203
2025-09-01 15:24:26,409 - Iter 9710: obj=-881.429967, change=2.74e-05, α=0.000, ‖θ[1:]‖₁=91.771, h_range=[1.00e-08, 1.18e+01], num_knots=2203
2025-09-01 15:24:26,540 - Iter 9720: obj=-881.453569, change=2.73e-05, α=0.000, ‖θ[1:]‖₁=91.773, h_range=[1.00e-08, 1.18e+01], num_knots=2201
2025-09-01 15:24:26,640 - Iter 9730: obj=-881.477111, change=2.71e-05, α=0.000, ‖θ[1:]‖₁=91.775, h_range=[1.00e-08, 1.18e+01], num_knots=2200
2025-09-01 15:24:26,762 - Iter 9740: obj=-881.500613, change=2.72e-05, α=0.000, ‖θ[1:]‖₁=91.777, h_range=[1.00e-08, 1.18e+01], num_knots=2200
2025-09-01 15:24:26,867 - Iter 9750: obj=-881.524092, change=2.72e-05, α=0.000, ‖θ[1:]‖₁=91.779, h_range=[1.00e-08, 1.18e+01], num_knots=2200
2025-09-01 15:24:26,958 - Iter 9760: obj=-881.547547, change=2.72e-05, α=0.000, ‖θ[1:]‖₁=91.781, h_range=[1.00e-08, 1.18e+01], num_knots=2200
2025-09-01 15:24:27,056 - Iter 9770: obj=-881.570980, change=2.72e-05, α=0.000, ‖θ[1:]‖₁=91.783, h_range=[1.00e-08, 1.18e+01], num_knots=2200
2025-09-01 15:24:27,185 - Iter 9780: obj=-881.594389, change=2.71e-05, α=0.000, ‖θ[1:]‖₁=91.785, h_range=[1.00e-08, 1.18e+01], num_knots=2200
2025-09-01 15:24:27,286 - Iter 9790: obj=-881.617773, change=2.71e-05, α=0.000, ‖θ[1:]‖₁=91.787, h_range=[1.00e-08, 1.18e+01], num_knots=2199
2025-09-01 15:24:27,423 - Iter 9800: obj=-881.641126, change=2.70e-05, α=0.000, ‖θ[1:]‖₁=91.789, h_range=[1.00e-08, 1.18e+01], num_knots=2199
2025-09-01 15:24:27,550 - Iter 9810: obj=-881.664455, change=2.70e-05, α=0.000, ‖θ[1:]‖₁=91.791, h_range=[1.00e-08, 1.18e+01], num_knots=2199
2025-09-01 15:24:27,686 - Iter 9820: obj=-881.687737, change=2.69e-05, α=0.000, ‖θ[1:]‖₁=91.793, h_range=[1.00e-08, 1.18e+01], num_knots=2198
2025-09-01 15:24:27,815 - Iter 9830: obj=-881.710987, change=2.69e-05, α=0.000, ‖θ[1:]‖₁=91.795, h_range=[1.00e-08, 1.18e+01], num_knots=2198
2025-09-01 15:24:27,935 - Iter 9840: obj=-881.734215, change=2.69e-05, α=0.000, ‖θ[1:]‖₁=91.797, h_range=[1.00e-08, 1.18e+01], num_knots=2198
2025-09-01 15:24:28,052 - Iter 9850: obj=-881.757420, change=2.69e-05, α=0.000, ‖θ[1:]‖₁=91.799, h_range=[1.00e-08, 1.18e+01], num_knots=2198
2025-09-01 15:24:28,170 - Iter 9860: obj=-881.780602, change=2.69e-05, α=0.000, ‖θ[1:]‖₁=91.801, h_range=[1.00e-08, 1.18e+01], num_knots=2198
2025-09-01 15:24:28,290 - Iter 9870: obj=-881.803747, change=2.68e-05, α=0.000, ‖θ[1:]‖₁=91.803, h_range=[1.00e-08, 1.18e+01], num_knots=2197
2025-09-01 15:24:28,391 - Iter 9880: obj=-881.826867, change=2.67e-05, α=0.000, ‖θ[1:]‖₁=91.805, h_range=[1.00e-08, 1.18e+01], num_knots=2197
2025-09-01 15:24:28,508 - Iter 9890: obj=-881.849964, change=2.67e-05, α=0.000, ‖θ[1:]‖₁=91.807, h_range=[1.00e-08, 1.18e+01], num_knots=2197
2025-09-01 15:24:28,610 - Iter 9900: obj=-881.873039, change=2.67e-05, α=0.000, ‖θ[1:]‖₁=91.808, h_range=[1.00e-08, 1.18e+01], num_knots=2196
2025-09-01 15:24:28,742 - Iter 9910: obj=-881.896090, change=2.67e-05, α=0.000, ‖θ[1:]‖₁=91.810, h_range=[1.00e-08, 1.18e+01], num_knots=2196
2025-09-01 15:24:28,853 - Iter 9920: obj=-881.919118, change=2.66e-05, α=0.000, ‖θ[1:]‖₁=91.812, h_range=[1.00e-08, 1.18e+01], num_knots=2195
2025-09-01 15:24:28,955 - Iter 9930: obj=-881.942100, change=2.65e-05, α=0.000, ‖θ[1:]‖₁=91.814, h_range=[1.00e-08, 1.18e+01], num_knots=2193
2025-09-01 15:24:29,065 - Iter 9940: obj=-881.965017, change=2.64e-05, α=0.000, ‖θ[1:]‖₁=91.816, h_range=[1.00e-08, 1.18e+01], num_knots=2193
2025-09-01 15:24:29,191 - Iter 9950: obj=-881.987913, change=2.64e-05, α=0.000, ‖θ[1:]‖₁=91.818, h_range=[1.00e-08, 1.18e+01], num_knots=2193
2025-09-01 15:24:29,291 - Iter 9960: obj=-882.010786, change=2.64e-05, α=0.000, ‖θ[1:]‖₁=91.820, h_range=[1.00e-08, 1.18e+01], num_knots=2193
2025-09-01 15:24:29,416 - Iter 9970: obj=-882.033638, change=2.64e-05, α=0.000, ‖θ[1:]‖₁=91.821, h_range=[1.00e-08, 1.18e+01], num_knots=2193
2025-09-01 15:24:29,523 - Iter 9980: obj=-882.056468, change=2.64e-05, α=0.000, ‖θ[1:]‖₁=91.823, h_range=[1.00e-08, 1.18e+01], num_knots=2193
2025-09-01 15:24:29,638 - Iter 9990: obj=-882.079273, change=2.65e-05, α=0.000, ‖θ[1:]‖₁=91.825, h_range=[1.00e-08, 1.18e+01], num_knots=2192
2025-09-01 15:24:29,760 - Iter 10000: obj=-882.102027, change=2.62e-05, α=0.000, ‖θ[1:]‖₁=91.827, h_range=[1.00e-08, 1.18e+01], num_knots=2192
2025-09-01 15:24:29,881 - Iter 10010: obj=-882.124741, change=2.61e-05, α=0.000, ‖θ[1:]‖₁=91.829, h_range=[1.00e-08, 1.18e+01], num_knots=2191
2025-09-01 15:24:29,998 - Iter 10020: obj=-882.147417, change=2.62e-05, α=0.000, ‖θ[1:]‖₁=91.831, h_range=[1.00e-08, 1.18e+01], num_knots=2190
2025-09-01 15:24:30,112 - Iter 10030: obj=-882.170071, change=2.62e-05, α=0.000, ‖θ[1:]‖₁=91.832, h_range=[1.00e-08, 1.18e+01], num_knots=2190
2025-09-01 15:24:30,241 - Iter 10040: obj=-882.192704, change=2.61e-05, α=0.000, ‖θ[1:]‖₁=91.834, h_range=[1.00e-08, 1.18e+01], num_knots=2190
2025-09-01 15:24:30,373 - Iter 10050: obj=-882.215315, change=2.61e-05, α=0.000, ‖θ[1:]‖₁=91.836, h_range=[1.00e-08, 1.18e+01], num_knots=2190
2025-09-01 15:24:30,490 - Iter 10060: obj=-882.237905, change=2.65e-05, α=0.000, ‖θ[1:]‖₁=91.838, h_range=[1.00e-08, 1.18e+01], num_knots=2189
2025-09-01 15:24:30,600 - Iter 10070: obj=-882.260457, change=2.60e-05, α=0.000, ‖θ[1:]‖₁=91.839, h_range=[1.00e-08, 1.18e+01], num_knots=2189
2025-09-01 15:24:30,706 - Iter 10080: obj=-882.282987, change=2.60e-05, α=0.000, ‖θ[1:]‖₁=91.841, h_range=[1.00e-08, 1.18e+01], num_knots=2189
2025-09-01 15:24:30,806 - Iter 10090: obj=-882.305497, change=2.60e-05, α=0.000, ‖θ[1:]‖₁=91.843, h_range=[1.00e-08, 1.18e+01], num_knots=2189
2025-09-01 15:24:30,924 - Iter 10100: obj=-882.327985, change=2.60e-05, α=0.000, ‖θ[1:]‖₁=91.844, h_range=[1.00e-08, 1.18e+01], num_knots=2188
2025-09-01 15:24:31,057 - Iter 10110: obj=-882.350430, change=2.69e-05, α=0.000, ‖θ[1:]‖₁=91.846, h_range=[1.00e-08, 1.18e+01], num_knots=2186
2025-09-01 15:24:31,169 - Iter 10120: obj=-882.372774, change=2.63e-05, α=0.000, ‖θ[1:]‖₁=91.848, h_range=[1.00e-08, 1.18e+01], num_knots=2186
2025-09-01 15:24:31,273 - Iter 10130: obj=-882.395098, change=2.62e-05, α=0.000, ‖θ[1:]‖₁=91.850, h_range=[1.00e-08, 1.18e+01], num_knots=2186
2025-09-01 15:24:31,357 - Iter 10140: obj=-882.417401, change=2.62e-05, α=0.000, ‖θ[1:]‖₁=91.851, h_range=[1.00e-08, 1.18e+01], num_knots=2186
2025-09-01 15:24:31,477 - Iter 10150: obj=-882.439683, change=2.61e-05, α=0.000, ‖θ[1:]‖₁=91.853, h_range=[1.00e-08, 1.18e+01], num_knots=2186
2025-09-01 15:24:31,588 - Iter 10160: obj=-882.461942, change=2.61e-05, α=0.000, ‖θ[1:]‖₁=91.855, h_range=[1.00e-08, 1.18e+01], num_knots=2185
2025-09-01 15:24:31,697 - Iter 10170: obj=-882.484154, change=2.60e-05, α=0.000, ‖θ[1:]‖₁=91.856, h_range=[1.00e-08, 1.18e+01], num_knots=2185
2025-09-01 15:24:31,801 - Iter 10180: obj=-882.506345, change=2.60e-05, α=0.000, ‖θ[1:]‖₁=91.858, h_range=[1.00e-08, 1.18e+01], num_knots=2186
2025-09-01 15:24:31,914 - Iter 10190: obj=-882.528516, change=2.59e-05, α=0.000, ‖θ[1:]‖₁=91.860, h_range=[1.00e-08, 1.18e+01], num_knots=2186
2025-09-01 15:24:32,036 - Iter 10200: obj=-882.550667, change=2.59e-05, α=0.000, ‖θ[1:]‖₁=91.861, h_range=[1.00e-08, 1.18e+01], num_knots=2186
2025-09-01 15:24:32,161 - Iter 10210: obj=-882.572797, change=2.59e-05, α=0.000, ‖θ[1:]‖₁=91.863, h_range=[1.00e-08, 1.18e+01], num_knots=2186
2025-09-01 15:24:32,258 - Iter 10220: obj=-882.594892, change=2.68e-05, α=0.000, ‖θ[1:]‖₁=91.864, h_range=[1.00e-08, 1.18e+01], num_knots=2185
2025-09-01 15:24:32,379 - Iter 10230: obj=-882.616896, change=2.62e-05, α=0.000, ‖θ[1:]‖₁=91.866, h_range=[1.00e-08, 1.18e+01], num_knots=2185
2025-09-01 15:24:32,484 - Iter 10240: obj=-882.638881, change=2.61e-05, α=0.000, ‖θ[1:]‖₁=91.868, h_range=[1.00e-08, 1.18e+01], num_knots=2185
2025-09-01 15:24:32,612 - Iter 10250: obj=-882.660845, change=2.61e-05, α=0.000, ‖θ[1:]‖₁=91.869, h_range=[1.00e-08, 1.18e+01], num_knots=2185
2025-09-01 15:24:32,725 - Iter 10260: obj=-882.682789, change=2.60e-05, α=0.000, ‖θ[1:]‖₁=91.871, h_range=[1.00e-08, 1.18e+01], num_knots=2185
2025-09-01 15:24:32,838 - Iter 10270: obj=-882.704714, change=2.59e-05, α=0.000, ‖θ[1:]‖₁=91.872, h_range=[1.00e-08, 1.18e+01], num_knots=2185
2025-09-01 15:24:32,946 - Iter 10280: obj=-882.726594, change=2.57e-05, α=0.000, ‖θ[1:]‖₁=91.874, h_range=[1.00e-08, 1.18e+01], num_knots=2184
2025-09-01 15:24:33,052 - Iter 10290: obj=-882.748447, change=2.57e-05, α=0.000, ‖θ[1:]‖₁=91.875, h_range=[1.00e-08, 1.18e+01], num_knots=2184
2025-09-01 15:24:33,159 - Iter 10300: obj=-882.770215, change=2.62e-05, α=0.000, ‖θ[1:]‖₁=91.877, h_range=[1.00e-08, 1.18e+01], num_knots=2183
2025-09-01 15:24:33,271 - Iter 10310: obj=-882.791943, change=2.61e-05, α=0.000, ‖θ[1:]‖₁=91.879, h_range=[1.00e-08, 1.18e+01], num_knots=2183
2025-09-01 15:24:33,369 - Iter 10320: obj=-882.813651, change=2.60e-05, α=0.000, ‖θ[1:]‖₁=91.880, h_range=[1.00e-08, 1.18e+01], num_knots=2183
2025-09-01 15:24:33,484 - Iter 10330: obj=-882.835339, change=2.59e-05, α=0.000, ‖θ[1:]‖₁=91.882, h_range=[1.00e-08, 1.18e+01], num_knots=2183
2025-09-01 15:24:33,595 - Iter 10340: obj=-882.857008, change=2.58e-05, α=0.000, ‖θ[1:]‖₁=91.883, h_range=[1.00e-08, 1.18e+01], num_knots=2183
2025-09-01 15:24:33,700 - Iter 10350: obj=-882.878657, change=2.57e-05, α=0.000, ‖θ[1:]‖₁=91.885, h_range=[1.00e-08, 1.18e+01], num_knots=2182
2025-09-01 15:24:33,822 - Iter 10360: obj=-882.900277, change=2.58e-05, α=0.000, ‖θ[1:]‖₁=91.886, h_range=[1.00e-08, 1.18e+01], num_knots=2181
2025-09-01 15:24:33,944 - Iter 10370: obj=-882.921850, change=2.56e-05, α=0.000, ‖θ[1:]‖₁=91.888, h_range=[1.00e-08, 1.18e+01], num_knots=2180
2025-09-01 15:24:34,054 - Iter 10380: obj=-882.943397, change=2.56e-05, α=0.000, ‖θ[1:]‖₁=91.889, h_range=[1.00e-08, 1.18e+01], num_knots=2180
2025-09-01 15:24:34,164 - Iter 10390: obj=-882.964925, change=2.55e-05, α=0.000, ‖θ[1:]‖₁=91.891, h_range=[1.00e-08, 1.18e+01], num_knots=2179
2025-09-01 15:24:34,280 - Iter 10400: obj=-882.986431, change=2.56e-05, α=0.000, ‖θ[1:]‖₁=91.892, h_range=[1.00e-08, 1.18e+01], num_knots=2179
2025-09-01 15:24:34,405 - Iter 10410: obj=-883.007918, change=2.55e-05, α=0.000, ‖θ[1:]‖₁=91.893, h_range=[1.00e-08, 1.18e+01], num_knots=2179
2025-09-01 15:24:34,513 - Iter 10420: obj=-883.029385, change=2.55e-05, α=0.000, ‖θ[1:]‖₁=91.895, h_range=[1.00e-08, 1.18e+01], num_knots=2178
2025-09-01 15:24:34,606 - Iter 10430: obj=-883.050798, change=2.53e-05, α=0.000, ‖θ[1:]‖₁=91.896, h_range=[1.00e-08, 1.18e+01], num_knots=2177
2025-09-01 15:24:34,721 - Iter 10440: obj=-883.072179, change=2.66e-05, α=0.000, ‖θ[1:]‖₁=91.898, h_range=[1.00e-08, 1.18e+01], num_knots=2175
2025-09-01 15:24:34,836 - Iter 10450: obj=-883.093455, change=2.58e-05, α=0.000, ‖θ[1:]‖₁=91.899, h_range=[1.00e-08, 1.18e+01], num_knots=2175
2025-09-01 15:24:34,963 - Iter 10460: obj=-883.114713, change=2.57e-05, α=0.000, ‖θ[1:]‖₁=91.901, h_range=[1.00e-08, 1.18e+01], num_knots=2175
2025-09-01 15:24:35,096 - Iter 10470: obj=-883.135951, change=2.56e-05, α=0.000, ‖θ[1:]‖₁=91.902, h_range=[1.00e-08, 1.18e+01], num_knots=2175
2025-09-01 15:24:35,224 - Iter 10480: obj=-883.157171, change=2.55e-05, α=0.000, ‖θ[1:]‖₁=91.904, h_range=[1.00e-08, 1.18e+01], num_knots=2175
2025-09-01 15:24:35,322 - Iter 10490: obj=-883.178373, change=2.55e-05, α=0.000, ‖θ[1:]‖₁=91.905, h_range=[1.00e-08, 1.18e+01], num_knots=2174
2025-09-01 15:24:35,440 - Iter 10500: obj=-883.199545, change=2.54e-05, α=0.000, ‖θ[1:]‖₁=91.907, h_range=[1.00e-08, 1.18e+01], num_knots=2174
2025-09-01 15:24:35,553 - Iter 10510: obj=-883.220698, change=2.52e-05, α=0.000, ‖θ[1:]‖₁=91.908, h_range=[1.00e-08, 1.18e+01], num_knots=2173
2025-09-01 15:24:35,665 - Iter 10520: obj=-883.241829, change=2.53e-05, α=0.000, ‖θ[1:]‖₁=91.909, h_range=[1.00e-08, 1.18e+01], num_knots=2173
2025-09-01 15:24:35,783 - Iter 10530: obj=-883.262939, change=2.53e-05, α=0.000, ‖θ[1:]‖₁=91.911, h_range=[1.00e-08, 1.18e+01], num_knots=2172
2025-09-01 15:24:35,881 - Iter 10540: obj=-883.284030, change=2.53e-05, α=0.000, ‖θ[1:]‖₁=91.912, h_range=[1.00e-08, 1.18e+01], num_knots=2172
2025-09-01 15:24:35,983 - Iter 10550: obj=-883.305102, change=2.53e-05, α=0.000, ‖θ[1:]‖₁=91.913, h_range=[1.00e-08, 1.18e+01], num_knots=2172
2025-09-01 15:24:36,091 - Iter 10560: obj=-883.326156, change=2.52e-05, α=0.000, ‖θ[1:]‖₁=91.915, h_range=[1.00e-08, 1.18e+01], num_knots=2172
2025-09-01 15:24:36,208 - Iter 10570: obj=-883.347172, change=2.51e-05, α=0.000, ‖θ[1:]‖₁=91.916, h_range=[1.00e-08, 1.18e+01], num_knots=2171
2025-09-01 15:24:36,312 - Iter 10580: obj=-883.368159, change=2.50e-05, α=0.000, ‖θ[1:]‖₁=91.918, h_range=[1.00e-08, 1.18e+01], num_knots=2171
2025-09-01 15:24:36,418 - Iter 10590: obj=-883.389127, change=2.50e-05, α=0.000, ‖θ[1:]‖₁=91.919, h_range=[1.00e-08, 1.18e+01], num_knots=2171
2025-09-01 15:24:36,532 - Iter 10600: obj=-883.410078, change=2.50e-05, α=0.000, ‖θ[1:]‖₁=91.920, h_range=[1.00e-08, 1.18e+01], num_knots=2171
2025-09-01 15:24:36,649 - Iter 10610: obj=-883.431010, change=2.50e-05, α=0.000, ‖θ[1:]‖₁=91.921, h_range=[1.00e-08, 1.18e+01], num_knots=2171
2025-09-01 15:24:36,763 - Iter 10620: obj=-883.451925, change=2.49e-05, α=0.000, ‖θ[1:]‖₁=91.923, h_range=[1.00e-08, 1.18e+01], num_knots=2171
2025-09-01 15:24:36,878 - Iter 10630: obj=-883.472820, change=2.50e-05, α=0.000, ‖θ[1:]‖₁=91.924, h_range=[1.00e-08, 1.18e+01], num_knots=2170
2025-09-01 15:24:36,984 - Iter 10640: obj=-883.493694, change=2.49e-05, α=0.000, ‖θ[1:]‖₁=91.925, h_range=[1.00e-08, 1.18e+01], num_knots=2169
2025-09-01 15:24:37,089 - Iter 10650: obj=-883.514525, change=2.48e-05, α=0.000, ‖θ[1:]‖₁=91.926, h_range=[1.00e-08, 1.18e+01], num_knots=2169
2025-09-01 15:24:37,246 - Iter 10660: obj=-883.535338, change=2.48e-05, α=0.000, ‖θ[1:]‖₁=91.928, h_range=[1.00e-08, 1.18e+01], num_knots=2169
2025-09-01 15:24:37,358 - Iter 10670: obj=-883.556134, change=2.48e-05, α=0.000, ‖θ[1:]‖₁=91.929, h_range=[1.00e-08, 1.18e+01], num_knots=2169
2025-09-01 15:24:37,466 - Iter 10680: obj=-883.576912, change=2.48e-05, α=0.000, ‖θ[1:]‖₁=91.930, h_range=[1.00e-08, 1.18e+01], num_knots=2169
2025-09-01 15:24:37,576 - Iter 10690: obj=-883.597673, change=2.47e-05, α=0.000, ‖θ[1:]‖₁=91.931, h_range=[1.00e-08, 1.18e+01], num_knots=2169
2025-09-01 15:24:37,690 - Iter 10700: obj=-883.618416, change=2.47e-05, α=0.000, ‖θ[1:]‖₁=91.933, h_range=[1.00e-08, 1.18e+01], num_knots=2169
2025-09-01 15:24:37,798 - Iter 10710: obj=-883.639142, change=2.47e-05, α=0.000, ‖θ[1:]‖₁=91.934, h_range=[1.00e-08, 1.18e+01], num_knots=2169
2025-09-01 15:24:37,912 - Iter 10720: obj=-883.659850, change=2.46e-05, α=0.000, ‖θ[1:]‖₁=91.935, h_range=[1.00e-08, 1.18e+01], num_knots=2169
2025-09-01 15:24:38,018 - Iter 10730: obj=-883.680541, change=2.46e-05, α=0.000, ‖θ[1:]‖₁=91.936, h_range=[1.00e-08, 1.18e+01], num_knots=2169
2025-09-01 15:24:38,134 - Iter 10740: obj=-883.701205, change=2.45e-05, α=0.000, ‖θ[1:]‖₁=91.937, h_range=[1.00e-08, 1.18e+01], num_knots=2168
2025-09-01 15:24:38,227 - Iter 10750: obj=-883.721843, change=2.45e-05, α=0.000, ‖θ[1:]‖₁=91.938, h_range=[1.00e-08, 1.18e+01], num_knots=2168
2025-09-01 15:24:38,350 - Iter 10760: obj=-883.742464, change=2.44e-05, α=0.000, ‖θ[1:]‖₁=91.939, h_range=[1.00e-08, 1.18e+01], num_knots=2168
2025-09-01 15:24:38,444 - Iter 10770: obj=-883.763068, change=2.44e-05, α=0.000, ‖θ[1:]‖₁=91.941, h_range=[1.00e-08, 1.18e+01], num_knots=2168
2025-09-01 15:24:38,549 - Iter 10780: obj=-883.783640, change=2.44e-05, α=0.000, ‖θ[1:]‖₁=91.942, h_range=[1.00e-08, 1.18e+01], num_knots=2166
2025-09-01 15:24:38,664 - Iter 10790: obj=-883.804185, change=2.43e-05, α=0.000, ‖θ[1:]‖₁=91.943, h_range=[1.00e-08, 1.18e+01], num_knots=2167
2025-09-01 15:24:38,776 - Iter 10800: obj=-883.824712, change=2.42e-05, α=0.000, ‖θ[1:]‖₁=91.944, h_range=[1.00e-08, 1.18e+01], num_knots=2167
2025-09-01 15:24:38,917 - Iter 10810: obj=-883.845216, change=2.42e-05, α=0.000, ‖θ[1:]‖₁=91.945, h_range=[1.00e-08, 1.18e+01], num_knots=2166
2025-09-01 15:24:39,026 - Iter 10820: obj=-883.865679, change=2.40e-05, α=0.000, ‖θ[1:]‖₁=91.946, h_range=[1.00e-08, 1.18e+01], num_knots=2166
2025-09-01 15:24:39,130 - Iter 10830: obj=-883.886124, change=2.38e-05, α=0.000, ‖θ[1:]‖₁=91.947, h_range=[1.00e-08, 1.18e+01], num_knots=2165
2025-09-01 15:24:39,199 - Iter 10840: obj=-883.906545, change=2.41e-05, α=0.000, ‖θ[1:]‖₁=91.948, h_range=[1.00e-08, 1.18e+01], num_knots=2163
2025-09-01 15:24:39,327 - Iter 10850: obj=-883.926909, change=2.47e-05, α=0.000, ‖θ[1:]‖₁=91.949, h_range=[1.00e-08, 1.18e+01], num_knots=2162
2025-09-01 15:24:39,489 - Iter 10860: obj=-883.947209, change=2.44e-05, α=0.000, ‖θ[1:]‖₁=91.950, h_range=[1.00e-08, 1.18e+01], num_knots=2162
2025-09-01 15:24:39,610 - Iter 10870: obj=-883.967474, change=2.52e-05, α=0.000, ‖θ[1:]‖₁=91.951, h_range=[1.00e-08, 1.18e+01], num_knots=2161
2025-09-01 15:24:39,720 - Iter 10880: obj=-883.987646, change=2.48e-05, α=0.000, ‖θ[1:]‖₁=91.953, h_range=[1.00e-08, 1.18e+01], num_knots=2159
2025-09-01 15:24:39,866 - Iter 10890: obj=-884.007799, change=2.47e-05, α=0.000, ‖θ[1:]‖₁=91.954, h_range=[1.00e-08, 1.18e+01], num_knots=2158
2025-09-01 15:24:40,050 - Iter 10900: obj=-884.027930, change=2.46e-05, α=0.000, ‖θ[1:]‖₁=91.955, h_range=[1.00e-08, 1.18e+01], num_knots=2158
2025-09-01 15:24:40,155 - Iter 10910: obj=-884.048044, change=2.45e-05, α=0.000, ‖θ[1:]‖₁=91.956, h_range=[1.00e-08, 1.18e+01], num_knots=2158
2025-09-01 15:24:40,258 - Iter 10920: obj=-884.068141, change=2.44e-05, α=0.000, ‖θ[1:]‖₁=91.957, h_range=[1.00e-08, 1.18e+01], num_knots=2158
2025-09-01 15:24:40,374 - Iter 10930: obj=-884.088167, change=2.48e-05, α=0.000, ‖θ[1:]‖₁=91.958, h_range=[1.00e-08, 1.18e+01], num_knots=2157
2025-09-01 15:24:40,490 - Iter 10940: obj=-884.108144, change=2.48e-05, α=0.000, ‖θ[1:]‖₁=91.959, h_range=[1.00e-08, 1.18e+01], num_knots=2155
2025-09-01 15:24:40,607 - Iter 10950: obj=-884.128047, change=2.53e-05, α=0.000, ‖θ[1:]‖₁=91.961, h_range=[1.00e-08, 1.18e+01], num_knots=2153
2025-09-01 15:24:40,728 - Iter 10960: obj=-884.147846, change=2.48e-05, α=0.000, ‖θ[1:]‖₁=91.962, h_range=[1.00e-08, 1.18e+01], num_knots=2152
2025-09-01 15:24:40,850 - Iter 10970: obj=-884.167589, change=2.44e-05, α=0.000, ‖θ[1:]‖₁=91.963, h_range=[1.00e-08, 1.18e+01], num_knots=2149
2025-09-01 15:24:40,951 - Iter 10980: obj=-884.187252, change=2.41e-05, α=0.000, ‖θ[1:]‖₁=91.965, h_range=[1.00e-08, 1.18e+01], num_knots=2147
2025-09-01 15:24:41,053 - Iter 10990: obj=-884.206880, change=2.42e-05, α=0.000, ‖θ[1:]‖₁=91.966, h_range=[1.00e-08, 1.18e+01], num_knots=2147
2025-09-01 15:24:41,167 - Iter 11000: obj=-884.226492, change=2.42e-05, α=0.000, ‖θ[1:]‖₁=91.968, h_range=[1.00e-08, 1.18e+01], num_knots=2147
2025-09-01 15:24:41,281 - Iter 11010: obj=-884.246087, change=2.42e-05, α=0.000, ‖θ[1:]‖₁=91.969, h_range=[1.00e-08, 1.18e+01], num_knots=2147
2025-09-01 15:24:41,370 - Iter 11020: obj=-884.265666, change=2.42e-05, α=0.000, ‖θ[1:]‖₁=91.970, h_range=[1.00e-08, 1.18e+01], num_knots=2147
2025-09-01 15:24:41,474 - Iter 11030: obj=-884.285229, change=2.41e-05, α=0.000, ‖θ[1:]‖₁=91.972, h_range=[1.00e-08, 1.18e+01], num_knots=2147
2025-09-01 15:24:41,596 - Iter 11040: obj=-884.304776, change=2.41e-05, α=0.000, ‖θ[1:]‖₁=91.973, h_range=[1.00e-08, 1.18e+01], num_knots=2147
2025-09-01 15:24:41,706 - Iter 11050: obj=-884.324307, change=2.41e-05, α=0.000, ‖θ[1:]‖₁=91.975, h_range=[1.00e-08, 1.18e+01], num_knots=2147
2025-09-01 15:24:41,804 - Iter 11060: obj=-884.343820, change=2.41e-05, α=0.000, ‖θ[1:]‖₁=91.976, h_range=[1.00e-08, 1.18e+01], num_knots=2146
2025-09-01 15:24:41,917 - Iter 11070: obj=-884.363316, change=2.40e-05, α=0.000, ‖θ[1:]‖₁=91.977, h_range=[1.00e-08, 1.18e+01], num_knots=2146
2025-09-01 15:24:42,036 - Iter 11080: obj=-884.382797, change=2.40e-05, α=0.000, ‖θ[1:]‖₁=91.979, h_range=[1.00e-08, 1.18e+01], num_knots=2146
2025-09-01 15:24:42,150 - Iter 11090: obj=-884.402246, change=2.39e-05, α=0.000, ‖θ[1:]‖₁=91.980, h_range=[1.00e-08, 1.18e+01], num_knots=2145
2025-09-01 15:24:42,274 - Iter 11100: obj=-884.421670, change=2.39e-05, α=0.000, ‖θ[1:]‖₁=91.981, h_range=[1.00e-08, 1.18e+01], num_knots=2144
2025-09-01 15:24:42,369 - Iter 11110: obj=-884.441078, change=2.39e-05, α=0.000, ‖θ[1:]‖₁=91.983, h_range=[1.00e-08, 1.18e+01], num_knots=2144
2025-09-01 15:24:42,495 - Iter 11120: obj=-884.460464, change=2.38e-05, α=0.000, ‖θ[1:]‖₁=91.984, h_range=[1.00e-08, 1.18e+01], num_knots=2142
2025-09-01 15:24:42,610 - Iter 11130: obj=-884.479830, change=2.38e-05, α=0.000, ‖θ[1:]‖₁=91.985, h_range=[1.00e-08, 1.18e+01], num_knots=2142
2025-09-01 15:24:42,730 - Iter 11140: obj=-884.499181, change=2.38e-05, α=0.000, ‖θ[1:]‖₁=91.987, h_range=[1.00e-08, 1.18e+01], num_knots=2142
2025-09-01 15:24:42,850 - Iter 11150: obj=-884.518516, change=2.37e-05, α=0.000, ‖θ[1:]‖₁=91.988, h_range=[1.00e-08, 1.18e+01], num_knots=2142
2025-09-01 15:24:42,973 - Iter 11160: obj=-884.537835, change=2.36e-05, α=0.000, ‖θ[1:]‖₁=91.989, h_range=[1.00e-08, 1.18e+01], num_knots=2142
2025-09-01 15:24:43,083 - Iter 11170: obj=-884.557139, change=2.36e-05, α=0.000, ‖θ[1:]‖₁=91.990, h_range=[1.00e-08, 1.18e+01], num_knots=2142
2025-09-01 15:24:43,200 - Iter 11180: obj=-884.576428, change=2.40e-05, α=0.000, ‖θ[1:]‖₁=91.992, h_range=[1.00e-08, 1.18e+01], num_knots=2141
2025-09-01 15:24:43,287 - Iter 11190: obj=-884.595682, change=2.35e-05, α=0.000, ‖θ[1:]‖₁=91.993, h_range=[1.00e-08, 1.18e+01], num_knots=2141
2025-09-01 15:24:43,412 - Iter 11200: obj=-884.614908, change=2.33e-05, α=0.000, ‖θ[1:]‖₁=91.994, h_range=[1.00e-08, 1.18e+01], num_knots=2140
2025-09-01 15:24:43,532 - Iter 11210: obj=-884.634102, change=2.32e-05, α=0.000, ‖θ[1:]‖₁=91.995, h_range=[1.00e-08, 1.18e+01], num_knots=2139
2025-09-01 15:24:43,631 - Iter 11220: obj=-884.653247, change=2.40e-05, α=0.000, ‖θ[1:]‖₁=91.997, h_range=[1.00e-08, 1.18e+01], num_knots=2138
2025-09-01 15:24:43,749 - Iter 11230: obj=-884.672320, change=2.37e-05, α=0.000, ‖θ[1:]‖₁=91.998, h_range=[1.00e-08, 1.18e+01], num_knots=2138
2025-09-01 15:24:43,855 - Iter 11240: obj=-884.691378, change=2.36e-05, α=0.000, ‖θ[1:]‖₁=91.999, h_range=[1.00e-08, 1.18e+01], num_knots=2138
2025-09-01 15:24:43,962 - Iter 11250: obj=-884.710409, change=2.34e-05, α=0.000, ‖θ[1:]‖₁=92.001, h_range=[1.00e-08, 1.18e+01], num_knots=2137
2025-09-01 15:24:44,076 - Iter 11260: obj=-884.729400, change=2.33e-05, α=0.000, ‖θ[1:]‖₁=92.002, h_range=[1.00e-08, 1.18e+01], num_knots=2137
2025-09-01 15:24:44,180 - Iter 11270: obj=-884.748353, change=2.32e-05, α=0.000, ‖θ[1:]‖₁=92.003, h_range=[1.00e-08, 1.18e+01], num_knots=2137
2025-09-01 15:24:44,288 - Iter 11280: obj=-884.767292, change=2.32e-05, α=0.000, ‖θ[1:]‖₁=92.004, h_range=[1.00e-08, 1.18e+01], num_knots=2137
2025-09-01 15:24:44,395 - Iter 11290: obj=-884.786212, change=2.33e-05, α=0.000, ‖θ[1:]‖₁=92.006, h_range=[1.00e-08, 1.18e+01], num_knots=2134
2025-09-01 15:24:44,504 - Iter 11300: obj=-884.805112, change=2.33e-05, α=0.000, ‖θ[1:]‖₁=92.007, h_range=[1.00e-08, 1.18e+01], num_knots=2134
2025-09-01 15:24:44,641 - Iter 11310: obj=-884.823998, change=2.33e-05, α=0.000, ‖θ[1:]‖₁=92.008, h_range=[1.00e-08, 1.18e+01], num_knots=2134
2025-09-01 15:24:44,746 - Iter 11320: obj=-884.842868, change=2.32e-05, α=0.000, ‖θ[1:]‖₁=92.010, h_range=[1.00e-08, 1.18e+01], num_knots=2134
2025-09-01 15:24:44,858 - Iter 11330: obj=-884.861723, change=2.32e-05, α=0.000, ‖θ[1:]‖₁=92.011, h_range=[1.00e-08, 1.18e+01], num_knots=2134
2025-09-01 15:24:44,977 - Iter 11340: obj=-884.880563, change=2.31e-05, α=0.000, ‖θ[1:]‖₁=92.012, h_range=[1.00e-08, 1.18e+01], num_knots=2134
2025-09-01 15:24:45,095 - Iter 11350: obj=-884.899383, change=2.30e-05, α=0.000, ‖θ[1:]‖₁=92.013, h_range=[1.00e-08, 1.18e+01], num_knots=2132
2025-09-01 15:24:45,218 - Iter 11360: obj=-884.918160, change=2.29e-05, α=0.000, ‖θ[1:]‖₁=92.015, h_range=[1.00e-08, 1.18e+01], num_knots=2131
2025-09-01 15:24:45,320 - Iter 11370: obj=-884.936908, change=2.30e-05, α=0.000, ‖θ[1:]‖₁=92.016, h_range=[1.00e-08, 1.18e+01], num_knots=2130
2025-09-01 15:24:45,427 - Iter 11380: obj=-884.955617, change=2.28e-05, α=0.000, ‖θ[1:]‖₁=92.017, h_range=[1.00e-08, 1.18e+01], num_knots=2130
2025-09-01 15:24:45,526 - Iter 11390: obj=-884.974306, change=2.29e-05, α=0.000, ‖θ[1:]‖₁=92.019, h_range=[1.00e-08, 1.18e+01], num_knots=2129
2025-09-01 15:24:45,637 - Iter 11400: obj=-884.992979, change=2.29e-05, α=0.000, ‖θ[1:]‖₁=92.020, h_range=[1.00e-08, 1.18e+01], num_knots=2129
2025-09-01 15:24:45,744 - Iter 11410: obj=-885.011637, change=2.29e-05, α=0.000, ‖θ[1:]‖₁=92.021, h_range=[1.00e-08, 1.18e+01], num_knots=2129
2025-09-01 15:24:45,852 - Iter 11420: obj=-885.030281, change=2.29e-05, α=0.000, ‖θ[1:]‖₁=92.022, h_range=[1.00e-08, 1.18e+01], num_knots=2129
2025-09-01 15:24:45,970 - Iter 11430: obj=-885.048911, change=2.29e-05, α=0.000, ‖θ[1:]‖₁=92.024, h_range=[1.00e-08, 1.18e+01], num_knots=2129
2025-09-01 15:24:46,093 - Iter 11440: obj=-885.067525, change=2.28e-05, α=0.000, ‖θ[1:]‖₁=92.025, h_range=[1.00e-08, 1.18e+01], num_knots=2129
2025-09-01 15:24:46,195 - Iter 11450: obj=-885.086126, change=2.28e-05, α=0.000, ‖θ[1:]‖₁=92.026, h_range=[1.00e-08, 1.18e+01], num_knots=2129
2025-09-01 15:24:46,289 - Iter 11460: obj=-885.104711, change=2.28e-05, α=0.000, ‖θ[1:]‖₁=92.027, h_range=[1.00e-08, 1.18e+01], num_knots=2129
2025-09-01 15:24:46,392 - Iter 11470: obj=-885.123283, change=2.28e-05, α=0.000, ‖θ[1:]‖₁=92.028, h_range=[1.00e-08, 1.18e+01], num_knots=2129
2025-09-01 15:24:46,507 - Iter 11480: obj=-885.141772, change=2.32e-05, α=0.000, ‖θ[1:]‖₁=92.030, h_range=[1.00e-08, 1.18e+01], num_knots=2129
2025-09-01 15:24:46,637 - Iter 11490: obj=-885.160232, change=2.31e-05, α=0.000, ‖θ[1:]‖₁=92.031, h_range=[1.00e-08, 1.18e+01], num_knots=2129
2025-09-01 15:24:46,734 - Iter 11500: obj=-885.178678, change=2.30e-05, α=0.000, ‖θ[1:]‖₁=92.032, h_range=[1.00e-08, 1.18e+01], num_knots=2129
2025-09-01 15:24:46,839 - Iter 11510: obj=-885.197104, change=2.30e-05, α=0.000, ‖θ[1:]‖₁=92.033, h_range=[1.00e-08, 1.18e+01], num_knots=2128
2025-09-01 15:24:46,948 - Iter 11520: obj=-885.215516, change=2.29e-05, α=0.000, ‖θ[1:]‖₁=92.034, h_range=[1.00e-08, 1.18e+01], num_knots=2128
2025-09-01 15:24:47,051 - Iter 11530: obj=-885.233898, change=2.28e-05, α=0.000, ‖θ[1:]‖₁=92.035, h_range=[1.00e-08, 1.18e+01], num_knots=2127
2025-09-01 15:24:47,160 - Iter 11540: obj=-885.252253, change=2.27e-05, α=0.000, ‖θ[1:]‖₁=92.037, h_range=[1.00e-08, 1.18e+01], num_knots=2127
2025-09-01 15:24:47,283 - Iter 11550: obj=-885.270593, change=2.27e-05, α=0.000, ‖θ[1:]‖₁=92.038, h_range=[1.00e-08, 1.18e+01], num_knots=2127
2025-09-01 15:24:47,427 - Iter 11560: obj=-885.288917, change=2.27e-05, α=0.000, ‖θ[1:]‖₁=92.039, h_range=[1.00e-08, 1.18e+01], num_knots=2126
2025-09-01 15:24:47,537 - Iter 11570: obj=-885.307207, change=2.26e-05, α=0.000, ‖θ[1:]‖₁=92.040, h_range=[1.00e-08, 1.18e+01], num_knots=2126
2025-09-01 15:24:47,632 - Iter 11580: obj=-885.325454, change=2.27e-05, α=0.000, ‖θ[1:]‖₁=92.041, h_range=[1.00e-08, 1.18e+01], num_knots=2123
2025-09-01 15:24:47,731 - Iter 11590: obj=-885.343659, change=2.25e-05, α=0.000, ‖θ[1:]‖₁=92.043, h_range=[1.00e-08, 1.18e+01], num_knots=2122
2025-09-01 15:24:47,893 - Iter 11600: obj=-885.361847, change=2.25e-05, α=0.000, ‖θ[1:]‖₁=92.044, h_range=[1.00e-08, 1.18e+01], num_knots=2122
2025-09-01 15:24:47,989 - Iter 11610: obj=-885.380020, change=2.25e-05, α=0.000, ‖θ[1:]‖₁=92.045, h_range=[1.00e-08, 1.18e+01], num_knots=2122
2025-09-01 15:24:48,100 - Iter 11620: obj=-885.398180, change=2.24e-05, α=0.000, ‖θ[1:]‖₁=92.046, h_range=[1.00e-08, 1.18e+01], num_knots=2122
2025-09-01 15:24:48,223 - Iter 11630: obj=-885.416326, change=2.24e-05, α=0.000, ‖θ[1:]‖₁=92.048, h_range=[1.00e-08, 1.18e+01], num_knots=2122
2025-09-01 15:24:48,327 - Iter 11640: obj=-885.434458, change=2.24e-05, α=0.000, ‖θ[1:]‖₁=92.049, h_range=[1.00e-08, 1.18e+01], num_knots=2122
2025-09-01 15:24:48,430 - Iter 11650: obj=-885.452576, change=2.24e-05, α=0.000, ‖θ[1:]‖₁=92.050, h_range=[1.00e-08, 1.18e+01], num_knots=2122
2025-09-01 15:24:48,539 - Iter 11660: obj=-885.470681, change=2.23e-05, α=0.000, ‖θ[1:]‖₁=92.051, h_range=[1.00e-08, 1.18e+01], num_knots=2122
2025-09-01 15:24:48,670 - Iter 11670: obj=-885.488759, change=2.22e-05, α=0.000, ‖θ[1:]‖₁=92.052, h_range=[1.00e-08, 1.18e+01], num_knots=2120
2025-09-01 15:24:48,871 - Iter 11680: obj=-885.506794, change=2.21e-05, α=0.000, ‖θ[1:]‖₁=92.054, h_range=[1.00e-08, 1.18e+01], num_knots=2119
2025-09-01 15:24:49,007 - Iter 11690: obj=-885.524806, change=2.21e-05, α=0.000, ‖θ[1:]‖₁=92.055, h_range=[1.00e-08, 1.18e+01], num_knots=2119
2025-09-01 15:24:49,134 - Iter 11700: obj=-885.542720, change=2.26e-05, α=0.000, ‖θ[1:]‖₁=92.056, h_range=[1.00e-08, 1.18e+01], num_knots=2116
2025-09-01 15:24:49,269 - Iter 11710: obj=-885.560598, change=2.25e-05, α=0.000, ‖θ[1:]‖₁=92.058, h_range=[1.00e-08, 1.18e+01], num_knots=2116
2025-09-01 15:24:49,417 - Iter 11720: obj=-885.578463, change=2.24e-05, α=0.000, ‖θ[1:]‖₁=92.059, h_range=[1.00e-08, 1.18e+01], num_knots=2117
2025-09-01 15:24:49,517 - Iter 11730: obj=-885.596314, change=2.24e-05, α=0.000, ‖θ[1:]‖₁=92.060, h_range=[1.00e-08, 1.18e+01], num_knots=2117
2025-09-01 15:24:49,616 - Iter 11740: obj=-885.614151, change=2.23e-05, α=0.000, ‖θ[1:]‖₁=92.061, h_range=[1.00e-08, 1.18e+01], num_knots=2117
2025-09-01 15:24:49,731 - Iter 11750: obj=-885.631971, change=2.24e-05, α=0.000, ‖θ[1:]‖₁=92.063, h_range=[1.00e-08, 1.18e+01], num_knots=2116
2025-09-01 15:24:49,831 - Iter 11760: obj=-885.649776, change=2.23e-05, α=0.000, ‖θ[1:]‖₁=92.064, h_range=[1.00e-08, 1.18e+01], num_knots=2116
2025-09-01 15:24:49,975 - Iter 11770: obj=-885.667523, change=2.28e-05, α=0.000, ‖θ[1:]‖₁=92.065, h_range=[1.00e-08, 1.18e+01], num_knots=2115
2025-09-01 15:24:50,095 - Iter 11780: obj=-885.685219, change=2.26e-05, α=0.000, ‖θ[1:]‖₁=92.067, h_range=[1.00e-08, 1.18e+01], num_knots=2114
2025-09-01 15:24:50,209 - Iter 11790: obj=-885.702896, change=2.26e-05, α=0.000, ‖θ[1:]‖₁=92.068, h_range=[1.00e-08, 1.18e+01], num_knots=2114
2025-09-01 15:24:50,332 - Iter 11800: obj=-885.720560, change=2.25e-05, α=0.000, ‖θ[1:]‖₁=92.069, h_range=[1.00e-08, 1.18e+01], num_knots=2114
2025-09-01 15:24:50,448 - Iter 11810: obj=-885.738211, change=2.24e-05, α=0.000, ‖θ[1:]‖₁=92.070, h_range=[1.00e-08, 1.18e+01], num_knots=2114
2025-09-01 15:24:50,561 - Iter 11820: obj=-885.755846, change=2.24e-05, α=0.000, ‖θ[1:]‖₁=92.072, h_range=[1.00e-08, 1.18e+01], num_knots=2113
2025-09-01 15:24:50,665 - Iter 11830: obj=-885.773467, change=2.23e-05, α=0.000, ‖θ[1:]‖₁=92.073, h_range=[1.00e-08, 1.18e+01], num_knots=2113
2025-09-01 15:24:50,761 - Iter 11840: obj=-885.791074, change=2.23e-05, α=0.000, ‖θ[1:]‖₁=92.074, h_range=[1.00e-08, 1.18e+01], num_knots=2113
2025-09-01 15:24:50,860 - Iter 11850: obj=-885.808669, change=2.23e-05, α=0.000, ‖θ[1:]‖₁=92.075, h_range=[1.00e-08, 1.18e+01], num_knots=2113
2025-09-01 15:24:50,969 - Iter 11860: obj=-885.826251, change=2.22e-05, α=0.000, ‖θ[1:]‖₁=92.076, h_range=[1.00e-08, 1.18e+01], num_knots=2113
2025-09-01 15:24:51,077 - Iter 11870: obj=-885.843819, change=2.22e-05, α=0.000, ‖θ[1:]‖₁=92.078, h_range=[1.00e-08, 1.18e+01], num_knots=2113
2025-09-01 15:24:51,185 - Iter 11880: obj=-885.861375, change=2.22e-05, α=0.000, ‖θ[1:]‖₁=92.079, h_range=[1.00e-08, 1.18e+01], num_knots=2113
2025-09-01 15:24:51,293 - Iter 11890: obj=-885.878918, change=2.21e-05, α=0.000, ‖θ[1:]‖₁=92.080, h_range=[1.00e-08, 1.18e+01], num_knots=2114
2025-09-01 15:24:51,412 - Iter 11900: obj=-885.896447, change=2.21e-05, α=0.000, ‖θ[1:]‖₁=92.081, h_range=[1.00e-08, 1.18e+01], num_knots=2114
2025-09-01 15:24:51,551 - Iter 11910: obj=-885.913961, change=2.20e-05, α=0.000, ‖θ[1:]‖₁=92.082, h_range=[1.00e-08, 1.18e+01], num_knots=2113
2025-09-01 15:24:51,657 - Iter 11920: obj=-885.931438, change=2.19e-05, α=0.000, ‖θ[1:]‖₁=92.083, h_range=[1.00e-08, 1.18e+01], num_knots=2112
2025-09-01 15:24:51,761 - Iter 11930: obj=-885.948897, change=2.19e-05, α=0.000, ‖θ[1:]‖₁=92.084, h_range=[1.00e-08, 1.18e+01], num_knots=2110
2025-09-01 15:24:51,857 - Iter 11940: obj=-885.966340, change=2.19e-05, α=0.000, ‖θ[1:]‖₁=92.086, h_range=[1.00e-08, 1.18e+01], num_knots=2109
2025-09-01 15:24:51,959 - Iter 11950: obj=-885.983765, change=2.20e-05, α=0.000, ‖θ[1:]‖₁=92.087, h_range=[1.00e-08, 1.18e+01], num_knots=2109
2025-09-01 15:24:52,063 - Iter 11960: obj=-886.001177, change=2.19e-05, α=0.000, ‖θ[1:]‖₁=92.088, h_range=[1.00e-08, 1.18e+01], num_knots=2109
2025-09-01 15:24:52,174 - Iter 11970: obj=-886.018576, change=2.19e-05, α=0.000, ‖θ[1:]‖₁=92.089, h_range=[1.00e-08, 1.18e+01], num_knots=2109
2025-09-01 15:24:52,286 - Iter 11980: obj=-886.035962, change=2.18e-05, α=0.000, ‖θ[1:]‖₁=92.090, h_range=[1.00e-08, 1.18e+01], num_knots=2108
2025-09-01 15:24:52,387 - Iter 11990: obj=-886.053329, change=2.19e-05, α=0.000, ‖θ[1:]‖₁=92.091, h_range=[1.00e-08, 1.18e+01], num_knots=2108
2025-09-01 15:24:52,519 - Iter 12000: obj=-886.070685, change=2.18e-05, α=0.000, ‖θ[1:]‖₁=92.092, h_range=[1.00e-08, 1.18e+01], num_knots=2108
2025-09-01 15:24:52,617 - Iter 12010: obj=-886.088027, change=2.18e-05, α=0.000, ‖θ[1:]‖₁=92.093, h_range=[1.00e-08, 1.18e+01], num_knots=2108
2025-09-01 15:24:52,736 - Iter 12020: obj=-886.105358, change=2.17e-05, α=0.000, ‖θ[1:]‖₁=92.094, h_range=[1.00e-08, 1.18e+01], num_knots=2108
2025-09-01 15:24:52,849 - Iter 12030: obj=-886.122671, change=2.18e-05, α=0.000, ‖θ[1:]‖₁=92.095, h_range=[1.00e-08, 1.18e+01], num_knots=2107
2025-09-01 15:24:52,983 - Iter 12040: obj=-886.139960, change=2.18e-05, α=0.000, ‖θ[1:]‖₁=92.096, h_range=[1.00e-08, 1.18e+01], num_knots=2105
2025-09-01 15:24:53,101 - Iter 12050: obj=-886.157198, change=2.15e-05, α=0.000, ‖θ[1:]‖₁=92.097, h_range=[1.00e-08, 1.18e+01], num_knots=2105
2025-09-01 15:24:53,217 - Iter 12060: obj=-886.174425, change=2.16e-05, α=0.000, ‖θ[1:]‖₁=92.099, h_range=[1.00e-08, 1.18e+01], num_knots=2104
2025-09-01 15:24:53,322 - Iter 12070: obj=-886.191629, change=2.15e-05, α=0.000, ‖θ[1:]‖₁=92.100, h_range=[1.00e-08, 1.18e+01], num_knots=2104
2025-09-01 15:24:53,444 - Iter 12080: obj=-886.208820, change=2.15e-05, α=0.000, ‖θ[1:]‖₁=92.101, h_range=[1.00e-08, 1.18e+01], num_knots=2104
2025-09-01 15:24:53,569 - Iter 12090: obj=-886.226000, change=2.15e-05, α=0.000, ‖θ[1:]‖₁=92.102, h_range=[1.00e-08, 1.18e+01], num_knots=2104
2025-09-01 15:24:53,699 - Iter 12100: obj=-886.243164, change=2.15e-05, α=0.000, ‖θ[1:]‖₁=92.103, h_range=[1.00e-08, 1.18e+01], num_knots=2103
2025-09-01 15:24:53,827 - Iter 12110: obj=-886.260313, change=2.15e-05, α=0.000, ‖θ[1:]‖₁=92.104, h_range=[1.00e-08, 1.18e+01], num_knots=2103
2025-09-01 15:24:53,946 - Iter 12120: obj=-886.277447, change=2.15e-05, α=0.000, ‖θ[1:]‖₁=92.105, h_range=[1.00e-08, 1.18e+01], num_knots=2102
2025-09-01 15:24:54,069 - Iter 12130: obj=-886.294568, change=2.15e-05, α=0.000, ‖θ[1:]‖₁=92.106, h_range=[1.00e-08, 1.18e+01], num_knots=2102
2025-09-01 15:24:54,191 - Iter 12140: obj=-886.311678, change=2.14e-05, α=0.000, ‖θ[1:]‖₁=92.107, h_range=[1.00e-08, 1.18e+01], num_knots=2102
2025-09-01 15:24:54,302 - Iter 12150: obj=-886.328775, change=2.14e-05, α=0.000, ‖θ[1:]‖₁=92.108, h_range=[1.00e-08, 1.18e+01], num_knots=2102
2025-09-01 15:24:54,420 - Iter 12160: obj=-886.345860, change=2.14e-05, α=0.000, ‖θ[1:]‖₁=92.109, h_range=[1.00e-08, 1.18e+01], num_knots=2102
2025-09-01 15:24:54,532 - Iter 12170: obj=-886.362934, change=2.14e-05, α=0.000, ‖θ[1:]‖₁=92.110, h_range=[1.00e-08, 1.18e+01], num_knots=2102
2025-09-01 15:24:54,636 - Iter 12180: obj=-886.379995, change=2.13e-05, α=0.000, ‖θ[1:]‖₁=92.111, h_range=[1.00e-08, 1.18e+01], num_knots=2102
2025-09-01 15:24:54,793 - Iter 12190: obj=-886.397044, change=2.13e-05, α=0.000, ‖θ[1:]‖₁=92.112, h_range=[1.00e-08, 1.18e+01], num_knots=2102
2025-09-01 15:24:54,924 - Iter 12200: obj=-886.414082, change=2.13e-05, α=0.000, ‖θ[1:]‖₁=92.113, h_range=[1.00e-08, 1.18e+01], num_knots=2102
2025-09-01 15:24:55,020 - Iter 12210: obj=-886.431107, change=2.13e-05, α=0.000, ‖θ[1:]‖₁=92.114, h_range=[1.00e-08, 1.18e+01], num_knots=2102
2025-09-01 15:24:55,119 - Iter 12220: obj=-886.448115, change=2.11e-05, α=0.000, ‖θ[1:]‖₁=92.115, h_range=[1.00e-08, 1.18e+01], num_knots=2100
2025-09-01 15:24:55,235 - Iter 12230: obj=-886.465102, change=2.12e-05, α=0.000, ‖θ[1:]‖₁=92.116, h_range=[1.00e-08, 1.18e+01], num_knots=2100
2025-09-01 15:24:55,375 - Iter 12240: obj=-886.482076, change=2.12e-05, α=0.000, ‖θ[1:]‖₁=92.117, h_range=[1.00e-08, 1.18e+01], num_knots=2100
2025-09-01 15:24:55,492 - Iter 12250: obj=-886.499039, change=2.12e-05, α=0.000, ‖θ[1:]‖₁=92.118, h_range=[1.00e-08, 1.18e+01], num_knots=2100
2025-09-01 15:24:55,612 - Iter 12260: obj=-886.515989, change=2.12e-05, α=0.000, ‖θ[1:]‖₁=92.119, h_range=[1.00e-08, 1.18e+01], num_knots=2099
2025-09-01 15:24:55,729 - Iter 12270: obj=-886.532876, change=2.17e-05, α=0.000, ‖θ[1:]‖₁=92.120, h_range=[1.00e-08, 1.18e+01], num_knots=2097
2025-09-01 15:24:55,848 - Iter 12280: obj=-886.549670, change=2.21e-05, α=0.000, ‖θ[1:]‖₁=92.121, h_range=[1.00e-08, 1.18e+01], num_knots=2095
2025-09-01 15:24:55,975 - Iter 12290: obj=-886.566390, change=2.17e-05, α=0.000, ‖θ[1:]‖₁=92.122, h_range=[1.00e-08, 1.18e+01], num_knots=2095
2025-09-01 15:24:56,087 - Iter 12300: obj=-886.583099, change=2.16e-05, α=0.000, ‖θ[1:]‖₁=92.123, h_range=[1.00e-08, 1.18e+01], num_knots=2095
2025-09-01 15:24:56,197 - Iter 12310: obj=-886.599797, change=2.15e-05, α=0.000, ‖θ[1:]‖₁=92.124, h_range=[1.00e-08, 1.18e+01], num_knots=2095
2025-09-01 15:24:56,311 - Iter 12320: obj=-886.616482, change=2.15e-05, α=0.000, ‖θ[1:]‖₁=92.125, h_range=[1.00e-08, 1.18e+01], num_knots=2095
2025-09-01 15:24:56,422 - Iter 12330: obj=-886.633154, change=2.14e-05, α=0.000, ‖θ[1:]‖₁=92.126, h_range=[1.00e-08, 1.18e+01], num_knots=2094
2025-09-01 15:24:56,544 - Iter 12340: obj=-886.649810, change=2.14e-05, α=0.000, ‖θ[1:]‖₁=92.127, h_range=[1.00e-08, 1.18e+01], num_knots=2093
2025-09-01 15:24:56,665 - Iter 12350: obj=-886.666450, change=2.14e-05, α=0.000, ‖θ[1:]‖₁=92.128, h_range=[1.00e-08, 1.18e+01], num_knots=2093
2025-09-01 15:24:56,771 - Iter 12360: obj=-886.683077, change=2.15e-05, α=0.000, ‖θ[1:]‖₁=92.129, h_range=[1.00e-08, 1.18e+01], num_knots=2092
2025-09-01 15:24:56,868 - Iter 12370: obj=-886.699649, change=2.11e-05, α=0.000, ‖θ[1:]‖₁=92.130, h_range=[1.00e-08, 1.18e+01], num_knots=2090
2025-09-01 15:24:56,978 - Iter 12380: obj=-886.716202, change=2.11e-05, α=0.000, ‖θ[1:]‖₁=92.131, h_range=[1.00e-08, 1.18e+01], num_knots=2090
2025-09-01 15:24:57,092 - Iter 12390: obj=-886.732744, change=2.10e-05, α=0.000, ‖θ[1:]‖₁=92.132, h_range=[1.00e-08, 1.18e+01], num_knots=2090
2025-09-01 15:24:57,178 - Iter 12400: obj=-886.749274, change=2.10e-05, α=0.000, ‖θ[1:]‖₁=92.133, h_range=[1.00e-08, 1.18e+01], num_knots=2090
2025-09-01 15:24:57,280 - Iter 12410: obj=-886.765793, change=2.10e-05, α=0.000, ‖θ[1:]‖₁=92.134, h_range=[1.00e-08, 1.18e+01], num_knots=2090
2025-09-01 15:24:57,370 - Iter 12420: obj=-886.782301, change=2.10e-05, α=0.000, ‖θ[1:]‖₁=92.135, h_range=[1.00e-08, 1.18e+01], num_knots=2090
2025-09-01 15:24:57,487 - Iter 12430: obj=-886.798797, change=2.09e-05, α=0.000, ‖θ[1:]‖₁=92.136, h_range=[1.00e-08, 1.18e+01], num_knots=2090
2025-09-01 15:24:57,604 - Iter 12440: obj=-886.815258, change=2.08e-05, α=0.000, ‖θ[1:]‖₁=92.137, h_range=[1.00e-08, 1.18e+01], num_knots=2089
2025-09-01 15:24:57,711 - Iter 12450: obj=-886.831705, change=2.08e-05, α=0.000, ‖θ[1:]‖₁=92.138, h_range=[1.00e-08, 1.18e+01], num_knots=2089
2025-09-01 15:24:57,814 - Iter 12460: obj=-886.848137, change=2.08e-05, α=0.000, ‖θ[1:]‖₁=92.139, h_range=[1.00e-08, 1.18e+01], num_knots=2088
2025-09-01 15:24:57,931 - Iter 12470: obj=-886.864548, change=2.07e-05, α=0.000, ‖θ[1:]‖₁=92.140, h_range=[1.00e-08, 1.18e+01], num_knots=2087
2025-09-01 15:24:58,038 - Iter 12480: obj=-886.880938, change=2.07e-05, α=0.000, ‖θ[1:]‖₁=92.141, h_range=[1.00e-08, 1.18e+01], num_knots=2087
2025-09-01 15:24:58,143 - Iter 12490: obj=-886.897316, change=2.09e-05, α=0.000, ‖θ[1:]‖₁=92.142, h_range=[1.00e-08, 1.18e+01], num_knots=2086
2025-09-01 15:24:58,258 - Iter 12500: obj=-886.913647, change=2.05e-05, α=0.000, ‖θ[1:]‖₁=92.143, h_range=[1.00e-08, 1.18e+01], num_knots=2085
2025-09-01 15:24:58,370 - Iter 12510: obj=-886.929950, change=2.05e-05, α=0.000, ‖θ[1:]‖₁=92.144, h_range=[1.00e-08, 1.18e+01], num_knots=2085
2025-09-01 15:24:58,500 - Iter 12520: obj=-886.946243, change=2.05e-05, α=0.000, ‖θ[1:]‖₁=92.145, h_range=[1.00e-08, 1.18e+01], num_knots=2085
2025-09-01 15:24:58,671 - Iter 12530: obj=-886.962524, change=2.05e-05, α=0.000, ‖θ[1:]‖₁=92.146, h_range=[1.00e-08, 1.18e+01], num_knots=2085
2025-09-01 15:24:58,795 - Iter 12540: obj=-886.978795, change=2.05e-05, α=0.000, ‖θ[1:]‖₁=92.147, h_range=[1.00e-08, 1.18e+01], num_knots=2085
2025-09-01 15:24:58,916 - Iter 12550: obj=-886.995054, change=2.04e-05, α=0.000, ‖θ[1:]‖₁=92.148, h_range=[1.00e-08, 1.18e+01], num_knots=2084
2025-09-01 15:24:59,031 - Iter 12560: obj=-887.011299, change=2.05e-05, α=0.000, ‖θ[1:]‖₁=92.149, h_range=[1.00e-08, 1.18e+01], num_knots=2084
2025-09-01 15:24:59,121 - Iter 12570: obj=-887.027534, change=2.05e-05, α=0.000, ‖θ[1:]‖₁=92.150, h_range=[1.00e-08, 1.18e+01], num_knots=2084
2025-09-01 15:24:59,236 - Iter 12580: obj=-887.043757, change=2.04e-05, α=0.000, ‖θ[1:]‖₁=92.151, h_range=[1.00e-08, 1.18e+01], num_knots=2083
2025-09-01 15:24:59,349 - Iter 12590: obj=-887.059962, change=2.05e-05, α=0.000, ‖θ[1:]‖₁=92.152, h_range=[1.00e-08, 1.18e+01], num_knots=2082
2025-09-01 15:24:59,463 - Iter 12600: obj=-887.076155, change=2.05e-05, α=0.000, ‖θ[1:]‖₁=92.153, h_range=[1.00e-08, 1.18e+01], num_knots=2082
2025-09-01 15:24:59,580 - Iter 12610: obj=-887.092338, change=2.05e-05, α=0.000, ‖θ[1:]‖₁=92.154, h_range=[1.00e-08, 1.18e+01], num_knots=2082
2025-09-01 15:24:59,713 - Iter 12620: obj=-887.108507, change=2.05e-05, α=0.000, ‖θ[1:]‖₁=92.155, h_range=[1.00e-08, 1.18e+01], num_knots=2081
2025-09-01 15:24:59,818 - Iter 12630: obj=-887.124662, change=2.04e-05, α=0.000, ‖θ[1:]‖₁=92.156, h_range=[1.00e-08, 1.18e+01], num_knots=2081
2025-09-01 15:24:59,954 - Iter 12640: obj=-887.140806, change=2.04e-05, α=0.000, ‖θ[1:]‖₁=92.157, h_range=[1.00e-08, 1.18e+01], num_knots=2080
2025-09-01 15:25:00,079 - Iter 12650: obj=-887.156923, change=2.03e-05, α=0.000, ‖θ[1:]‖₁=92.157, h_range=[1.00e-08, 1.18e+01], num_knots=2079
2025-09-01 15:25:00,204 - Iter 12660: obj=-887.173018, change=2.03e-05, α=0.000, ‖θ[1:]‖₁=92.158, h_range=[1.00e-08, 1.18e+01], num_knots=2079
2025-09-01 15:25:00,320 - Iter 12670: obj=-887.189096, change=2.03e-05, α=0.000, ‖θ[1:]‖₁=92.159, h_range=[1.00e-08, 1.18e+01], num_knots=2078
2025-09-01 15:25:00,438 - Iter 12680: obj=-887.205155, change=2.03e-05, α=0.000, ‖θ[1:]‖₁=92.160, h_range=[1.00e-08, 1.18e+01], num_knots=2077
2025-09-01 15:25:00,556 - Iter 12690: obj=-887.221190, change=2.02e-05, α=0.000, ‖θ[1:]‖₁=92.161, h_range=[1.00e-08, 1.18e+01], num_knots=2075
2025-09-01 15:25:00,673 - Iter 12700: obj=-887.237205, change=2.03e-05, α=0.000, ‖θ[1:]‖₁=92.162, h_range=[1.00e-08, 1.18e+01], num_knots=2075
2025-09-01 15:25:00,787 - Iter 12710: obj=-887.253210, change=2.02e-05, α=0.000, ‖θ[1:]‖₁=92.163, h_range=[1.00e-08, 1.18e+01], num_knots=2075
2025-09-01 15:25:00,905 - Iter 12720: obj=-887.269204, change=2.01e-05, α=0.000, ‖θ[1:]‖₁=92.164, h_range=[1.00e-08, 1.18e+01], num_knots=2074
2025-09-01 15:25:01,001 - Iter 12730: obj=-887.285185, change=2.02e-05, α=0.000, ‖θ[1:]‖₁=92.165, h_range=[1.00e-08, 1.18e+01], num_knots=2074
2025-09-01 15:25:01,093 - Iter 12740: obj=-887.301155, change=2.02e-05, α=0.000, ‖θ[1:]‖₁=92.166, h_range=[1.00e-08, 1.18e+01], num_knots=2074
2025-09-01 15:25:01,228 - Iter 12750: obj=-887.317115, change=2.01e-05, α=0.000, ‖θ[1:]‖₁=92.167, h_range=[1.00e-08, 1.18e+01], num_knots=2074
2025-09-01 15:25:01,338 - Iter 12760: obj=-887.333064, change=2.01e-05, α=0.000, ‖θ[1:]‖₁=92.168, h_range=[1.00e-08, 1.18e+01], num_knots=2074
2025-09-01 15:25:01,477 - Iter 12770: obj=-887.349003, change=2.01e-05, α=0.000, ‖θ[1:]‖₁=92.169, h_range=[1.00e-08, 1.18e+01], num_knots=2074
2025-09-01 15:25:01,603 - Iter 12780: obj=-887.364876, change=2.05e-05, α=0.000, ‖θ[1:]‖₁=92.170, h_range=[1.00e-08, 1.18e+01], num_knots=2073
2025-09-01 15:25:01,719 - Iter 12790: obj=-887.380715, change=2.04e-05, α=0.000, ‖θ[1:]‖₁=92.171, h_range=[1.00e-08, 1.18e+01], num_knots=2073
2025-09-01 15:25:01,882 - Iter 12800: obj=-887.396545, change=2.03e-05, α=0.000, ‖θ[1:]‖₁=92.172, h_range=[1.00e-08, 1.18e+01], num_knots=2073
2025-09-01 15:25:02,027 - Iter 12810: obj=-887.412363, change=2.03e-05, α=0.000, ‖θ[1:]‖₁=92.173, h_range=[1.00e-08, 1.18e+01], num_knots=2073
2025-09-01 15:25:02,141 - Iter 12820: obj=-887.428094, change=2.14e-05, α=0.000, ‖θ[1:]‖₁=92.174, h_range=[1.00e-08, 1.18e+01], num_knots=2071
2025-09-01 15:25:02,252 - Iter 12830: obj=-887.443735, change=2.10e-05, α=0.000, ‖θ[1:]‖₁=92.175, h_range=[1.00e-08, 1.18e+01], num_knots=2072
2025-09-01 15:25:02,360 - Iter 12840: obj=-887.459365, change=2.08e-05, α=0.000, ‖θ[1:]‖₁=92.176, h_range=[1.00e-08, 1.18e+01], num_knots=2072
2025-09-01 15:25:02,458 - Iter 12850: obj=-887.474970, change=2.06e-05, α=0.000, ‖θ[1:]‖₁=92.177, h_range=[1.00e-08, 1.18e+01], num_knots=2071
2025-09-01 15:25:02,565 - Iter 12860: obj=-887.490554, change=2.05e-05, α=0.000, ‖θ[1:]‖₁=92.178, h_range=[1.00e-08, 1.18e+01], num_knots=2071
2025-09-01 15:25:02,674 - Iter 12870: obj=-887.506127, change=2.05e-05, α=0.000, ‖θ[1:]‖₁=92.179, h_range=[1.00e-08, 1.18e+01], num_knots=2071
2025-09-01 15:25:02,764 - Iter 12880: obj=-887.521686, change=2.05e-05, α=0.000, ‖θ[1:]‖₁=92.180, h_range=[1.00e-08, 1.18e+01], num_knots=2070
2025-09-01 15:25:02,880 - Iter 12890: obj=-887.537234, change=2.05e-05, α=0.000, ‖θ[1:]‖₁=92.181, h_range=[1.00e-08, 1.18e+01], num_knots=2070
2025-09-01 15:25:02,974 - Iter 12900: obj=-887.552771, change=2.04e-05, α=0.000, ‖θ[1:]‖₁=92.182, h_range=[1.00e-08, 1.18e+01], num_knots=2070
2025-09-01 15:25:03,078 - Iter 12910: obj=-887.568298, change=2.04e-05, α=0.000, ‖θ[1:]‖₁=92.183, h_range=[1.00e-08, 1.18e+01], num_knots=2070
2025-09-01 15:25:03,186 - Iter 12920: obj=-887.583813, change=2.04e-05, α=0.000, ‖θ[1:]‖₁=92.184, h_range=[1.00e-08, 1.18e+01], num_knots=2069
2025-09-01 15:25:03,305 - Iter 12930: obj=-887.599317, change=2.03e-05, α=0.000, ‖θ[1:]‖₁=92.185, h_range=[1.00e-08, 1.18e+01], num_knots=2069
2025-09-01 15:25:03,423 - Iter 12940: obj=-887.614811, change=2.03e-05, α=0.000, ‖θ[1:]‖₁=92.186, h_range=[1.00e-08, 1.18e+01], num_knots=2069
2025-09-01 15:25:03,524 - Iter 12950: obj=-887.630294, change=2.03e-05, α=0.000, ‖θ[1:]‖₁=92.187, h_range=[1.00e-08, 1.18e+01], num_knots=2069
2025-09-01 15:25:03,637 - Iter 12960: obj=-887.645768, change=2.02e-05, α=0.000, ‖θ[1:]‖₁=92.188, h_range=[1.00e-08, 1.18e+01], num_knots=2069
2025-09-01 15:25:03,734 - Iter 12970: obj=-887.661231, change=2.02e-05, α=0.000, ‖θ[1:]‖₁=92.189, h_range=[1.00e-08, 1.18e+01], num_knots=2069
2025-09-01 15:25:03,848 - Iter 12980: obj=-887.676684, change=2.02e-05, α=0.000, ‖θ[1:]‖₁=92.190, h_range=[1.00e-08, 1.18e+01], num_knots=2069
2025-09-01 15:25:03,953 - Iter 12990: obj=-887.692127, change=2.01e-05, α=0.000, ‖θ[1:]‖₁=92.191, h_range=[1.00e-08, 1.18e+01], num_knots=2069
2025-09-01 15:25:04,063 - Iter 13000: obj=-887.707490, change=2.06e-05, α=0.000, ‖θ[1:]‖₁=92.192, h_range=[1.00e-08, 1.18e+01], num_knots=2068
2025-09-01 15:25:04,157 - Iter 13010: obj=-887.722835, change=2.05e-05, α=0.000, ‖θ[1:]‖₁=92.192, h_range=[1.00e-08, 1.18e+01], num_knots=2068
2025-09-01 15:25:04,256 - Iter 13020: obj=-887.738154, change=2.03e-05, α=0.000, ‖θ[1:]‖₁=92.193, h_range=[1.00e-08, 1.18e+01], num_knots=2067
2025-09-01 15:25:04,370 - Iter 13030: obj=-887.753460, change=2.02e-05, α=0.000, ‖θ[1:]‖₁=92.194, h_range=[1.00e-08, 1.18e+01], num_knots=2067
2025-09-01 15:25:04,465 - Iter 13040: obj=-887.768752, change=2.03e-05, α=0.000, ‖θ[1:]‖₁=92.195, h_range=[1.00e-08, 1.18e+01], num_knots=2066
2025-09-01 15:25:04,573 - Iter 13050: obj=-887.784031, change=2.02e-05, α=0.000, ‖θ[1:]‖₁=92.196, h_range=[1.00e-08, 1.18e+01], num_knots=2066
2025-09-01 15:25:04,686 - Iter 13060: obj=-887.799301, change=2.01e-05, α=0.000, ‖θ[1:]‖₁=92.197, h_range=[1.00e-08, 1.18e+01], num_knots=2066
2025-09-01 15:25:04,788 - Iter 13070: obj=-887.814561, change=2.01e-05, α=0.000, ‖θ[1:]‖₁=92.198, h_range=[1.00e-08, 1.18e+01], num_knots=2066
2025-09-01 15:25:04,909 - Iter 13080: obj=-887.829812, change=2.01e-05, α=0.000, ‖θ[1:]‖₁=92.199, h_range=[1.00e-08, 1.18e+01], num_knots=2066
2025-09-01 15:25:05,029 - Iter 13090: obj=-887.845052, change=2.00e-05, α=0.000, ‖θ[1:]‖₁=92.200, h_range=[1.00e-08, 1.18e+01], num_knots=2066
2025-09-01 15:25:05,137 - Iter 13100: obj=-887.860282, change=2.00e-05, α=0.000, ‖θ[1:]‖₁=92.201, h_range=[1.00e-08, 1.18e+01], num_knots=2066
2025-09-01 15:25:05,246 - Iter 13110: obj=-887.875503, change=2.00e-05, α=0.000, ‖θ[1:]‖₁=92.201, h_range=[1.00e-08, 1.18e+01], num_knots=2066
2025-09-01 15:25:05,348 - Iter 13120: obj=-887.890714, change=1.99e-05, α=0.000, ‖θ[1:]‖₁=92.202, h_range=[1.00e-08, 1.18e+01], num_knots=2066
2025-09-01 15:25:05,496 - Iter 13130: obj=-887.905915, change=1.99e-05, α=0.000, ‖θ[1:]‖₁=92.203, h_range=[1.00e-08, 1.18e+01], num_knots=2066
2025-09-01 15:25:05,631 - Iter 13140: obj=-887.921106, change=1.99e-05, α=0.000, ‖θ[1:]‖₁=92.204, h_range=[1.00e-08, 1.18e+01], num_knots=2066
2025-09-01 15:25:05,751 - Iter 13150: obj=-887.936287, change=1.99e-05, α=0.000, ‖θ[1:]‖₁=92.205, h_range=[1.00e-08, 1.18e+01], num_knots=2066
2025-09-01 15:25:05,873 - Iter 13160: obj=-887.951459, change=1.98e-05, α=0.000, ‖θ[1:]‖₁=92.206, h_range=[1.00e-08, 1.18e+01], num_knots=2066
2025-09-01 15:25:06,007 - Iter 13170: obj=-887.966621, change=1.98e-05, α=0.000, ‖θ[1:]‖₁=92.206, h_range=[1.00e-08, 1.18e+01], num_knots=2066
2025-09-01 15:25:06,123 - Iter 13180: obj=-887.981774, change=1.98e-05, α=0.000, ‖θ[1:]‖₁=92.207, h_range=[1.00e-08, 1.18e+01], num_knots=2066
2025-09-01 15:25:06,242 - Iter 13190: obj=-887.996917, change=1.98e-05, α=0.000, ‖θ[1:]‖₁=92.208, h_range=[1.00e-08, 1.18e+01], num_knots=2066
2025-09-01 15:25:06,359 - Iter 13200: obj=-888.012050, change=1.97e-05, α=0.000, ‖θ[1:]‖₁=92.209, h_range=[1.00e-08, 1.18e+01], num_knots=2066
2025-09-01 15:25:06,486 - Iter 13210: obj=-888.027174, change=1.97e-05, α=0.000, ‖θ[1:]‖₁=92.209, h_range=[1.00e-08, 1.18e+01], num_knots=2066
2025-09-01 15:25:06,631 - Iter 13220: obj=-888.042288, change=1.97e-05, α=0.000, ‖θ[1:]‖₁=92.210, h_range=[1.00e-08, 1.18e+01], num_knots=2066
2025-09-01 15:25:06,741 - Iter 13230: obj=-888.057390, change=1.97e-05, α=0.000, ‖θ[1:]‖₁=92.211, h_range=[1.00e-08, 1.18e+01], num_knots=2065
2025-09-01 15:25:06,865 - Iter 13240: obj=-888.072459, change=2.04e-05, α=0.000, ‖θ[1:]‖₁=92.211, h_range=[1.00e-08, 1.18e+01], num_knots=2064
2025-09-01 15:25:06,970 - Iter 13250: obj=-888.087450, change=2.12e-05, α=0.000, ‖θ[1:]‖₁=92.212, h_range=[1.00e-08, 1.18e+01], num_knots=2062
2025-09-01 15:25:07,098 - Iter 13260: obj=-888.102342, change=2.03e-05, α=0.000, ‖θ[1:]‖₁=92.213, h_range=[1.00e-08, 1.18e+01], num_knots=2062
2025-09-01 15:25:07,216 - Iter 13270: obj=-888.117226, change=2.01e-05, α=0.000, ‖θ[1:]‖₁=92.214, h_range=[1.00e-08, 1.18e+01], num_knots=2062
2025-09-01 15:25:07,334 - Iter 13280: obj=-888.132099, change=2.01e-05, α=0.000, ‖θ[1:]‖₁=92.215, h_range=[1.00e-08, 1.18e+01], num_knots=2061
2025-09-01 15:25:07,441 - Iter 13290: obj=-888.146941, change=1.99e-05, α=0.000, ‖θ[1:]‖₁=92.216, h_range=[1.00e-08, 1.18e+01], num_knots=2060
2025-09-01 15:25:07,554 - Iter 13300: obj=-888.161754, change=1.98e-05, α=0.000, ‖θ[1:]‖₁=92.217, h_range=[1.00e-08, 1.18e+01], num_knots=2060
2025-09-01 15:25:07,680 - Iter 13310: obj=-888.176557, change=1.98e-05, α=0.000, ‖θ[1:]‖₁=92.217, h_range=[1.00e-08, 1.18e+01], num_knots=2060
2025-09-01 15:25:07,798 - Iter 13320: obj=-888.191351, change=1.98e-05, α=0.000, ‖θ[1:]‖₁=92.218, h_range=[1.00e-08, 1.18e+01], num_knots=2060
2025-09-01 15:25:07,898 - Iter 13330: obj=-888.206135, change=1.98e-05, α=0.000, ‖θ[1:]‖₁=92.219, h_range=[1.00e-08, 1.18e+01], num_knots=2060
2025-09-01 15:25:08,014 - Iter 13340: obj=-888.220906, change=1.98e-05, α=0.000, ‖θ[1:]‖₁=92.220, h_range=[1.00e-08, 1.18e+01], num_knots=2059
2025-09-01 15:25:08,124 - Iter 13350: obj=-888.235647, change=1.96e-05, α=0.000, ‖θ[1:]‖₁=92.221, h_range=[1.00e-08, 1.18e+01], num_knots=2059
2025-09-01 15:25:08,227 - Iter 13360: obj=-888.250378, change=1.96e-05, α=0.000, ‖θ[1:]‖₁=92.222, h_range=[1.00e-08, 1.18e+01], num_knots=2059
2025-09-01 15:25:08,348 - Iter 13370: obj=-888.265099, change=1.98e-05, α=0.000, ‖θ[1:]‖₁=92.223, h_range=[1.00e-08, 1.18e+01], num_knots=2058
2025-09-01 15:25:08,466 - Iter 13380: obj=-888.279786, change=1.95e-05, α=0.000, ‖θ[1:]‖₁=92.224, h_range=[1.00e-08, 1.18e+01], num_knots=2058
2025-09-01 15:25:08,564 - Iter 13390: obj=-888.294465, change=1.95e-05, α=0.000, ‖θ[1:]‖₁=92.225, h_range=[1.00e-08, 1.18e+01], num_knots=2058
2025-09-01 15:25:08,685 - Iter 13400: obj=-888.309134, change=1.95e-05, α=0.000, ‖θ[1:]‖₁=92.226, h_range=[1.00e-08, 1.18e+01], num_knots=2058
2025-09-01 15:25:08,795 - Iter 13410: obj=-888.323794, change=1.95e-05, α=0.000, ‖θ[1:]‖₁=92.226, h_range=[1.00e-08, 1.18e+01], num_knots=2058
2025-09-01 15:25:08,906 - Iter 13420: obj=-888.338444, change=1.95e-05, α=0.000, ‖θ[1:]‖₁=92.227, h_range=[1.00e-08, 1.18e+01], num_knots=2058
2025-09-01 15:25:09,005 - Iter 13430: obj=-888.353086, change=1.95e-05, α=0.000, ‖θ[1:]‖₁=92.228, h_range=[1.00e-08, 1.18e+01], num_knots=2058
2025-09-01 15:25:09,128 - Iter 13440: obj=-888.367718, change=1.94e-05, α=0.000, ‖θ[1:]‖₁=92.229, h_range=[1.00e-08, 1.18e+01], num_knots=2058
2025-09-01 15:25:09,224 - Iter 13450: obj=-888.382334, change=1.94e-05, α=0.000, ‖θ[1:]‖₁=92.230, h_range=[1.00e-08, 1.18e+01], num_knots=2057
2025-09-01 15:25:09,363 - Iter 13460: obj=-888.396928, change=1.93e-05, α=0.000, ‖θ[1:]‖₁=92.231, h_range=[1.00e-08, 1.18e+01], num_knots=2057
2025-09-01 15:25:09,535 - Iter 13470: obj=-888.411514, change=1.93e-05, α=0.000, ‖θ[1:]‖₁=92.232, h_range=[1.00e-08, 1.18e+01], num_knots=2057
2025-09-01 15:25:09,652 - Iter 13480: obj=-888.426074, change=2.02e-05, α=0.000, ‖θ[1:]‖₁=92.233, h_range=[1.00e-08, 1.18e+01], num_knots=2056
2025-09-01 15:25:09,758 - Iter 13490: obj=-888.440564, change=1.97e-05, α=0.000, ‖θ[1:]‖₁=92.233, h_range=[1.00e-08, 1.18e+01], num_knots=2056
2025-09-01 15:25:09,855 - Iter 13500: obj=-888.455044, change=1.96e-05, α=0.000, ‖θ[1:]‖₁=92.234, h_range=[1.00e-08, 1.18e+01], num_knots=2056
2025-09-01 15:25:09,985 - Iter 13510: obj=-888.469516, change=1.95e-05, α=0.000, ‖θ[1:]‖₁=92.235, h_range=[1.00e-08, 1.18e+01], num_knots=2056
2025-09-01 15:25:10,092 - Iter 13520: obj=-888.483978, change=1.95e-05, α=0.000, ‖θ[1:]‖₁=92.236, h_range=[1.00e-08, 1.18e+01], num_knots=2056
2025-09-01 15:25:10,197 - Iter 13530: obj=-888.498431, change=1.94e-05, α=0.000, ‖θ[1:]‖₁=92.237, h_range=[1.00e-08, 1.18e+01], num_knots=2056
2025-09-01 15:25:10,308 - Iter 13540: obj=-888.512875, change=1.94e-05, α=0.000, ‖θ[1:]‖₁=92.238, h_range=[1.00e-08, 1.18e+01], num_knots=2056
2025-09-01 15:25:10,415 - Iter 13550: obj=-888.527310, change=1.94e-05, α=0.000, ‖θ[1:]‖₁=92.239, h_range=[1.00e-08, 1.18e+01], num_knots=2056
2025-09-01 15:25:10,523 - Iter 13560: obj=-888.541736, change=1.93e-05, α=0.000, ‖θ[1:]‖₁=92.240, h_range=[1.00e-08, 1.18e+01], num_knots=2056
2025-09-01 15:25:10,660 - Iter 13570: obj=-888.556153, change=1.93e-05, α=0.000, ‖θ[1:]‖₁=92.240, h_range=[1.00e-08, 1.18e+01], num_knots=2056
2025-09-01 15:25:10,789 - Iter 13580: obj=-888.570561, change=1.93e-05, α=0.000, ‖θ[1:]‖₁=92.241, h_range=[1.00e-08, 1.18e+01], num_knots=2056
2025-09-01 15:25:10,899 - Iter 13590: obj=-888.584961, change=1.93e-05, α=0.000, ‖θ[1:]‖₁=92.242, h_range=[1.00e-08, 1.18e+01], num_knots=2056
2025-09-01 15:25:11,011 - Iter 13600: obj=-888.599351, change=1.92e-05, α=0.000, ‖θ[1:]‖₁=92.243, h_range=[1.00e-08, 1.18e+01], num_knots=2056
2025-09-01 15:25:11,132 - Iter 13610: obj=-888.613732, change=1.92e-05, α=0.000, ‖θ[1:]‖₁=92.243, h_range=[1.00e-08, 1.18e+01], num_knots=2056
2025-09-01 15:25:11,258 - Iter 13620: obj=-888.628097, change=1.93e-05, α=0.000, ‖θ[1:]‖₁=92.244, h_range=[1.00e-08, 1.18e+01], num_knots=2054
2025-09-01 15:25:11,378 - Iter 13630: obj=-888.642412, change=1.89e-05, α=0.000, ‖θ[1:]‖₁=92.245, h_range=[1.00e-08, 1.18e+01], num_knots=2054
2025-09-01 15:25:11,486 - Iter 13640: obj=-888.656718, change=1.90e-05, α=0.000, ‖θ[1:]‖₁=92.246, h_range=[1.00e-08, 1.18e+01], num_knots=2054
2025-09-01 15:25:11,608 - Iter 13650: obj=-888.671016, change=1.90e-05, α=0.000, ‖θ[1:]‖₁=92.247, h_range=[1.00e-08, 1.18e+01], num_knots=2054
2025-09-01 15:25:11,720 - Iter 13660: obj=-888.685290, change=1.89e-05, α=0.000, ‖θ[1:]‖₁=92.248, h_range=[1.00e-08, 1.18e+01], num_knots=2053
2025-09-01 15:25:11,827 - Iter 13670: obj=-888.699550, change=1.89e-05, α=0.000, ‖θ[1:]‖₁=92.248, h_range=[1.00e-08, 1.18e+01], num_knots=2053
2025-09-01 15:25:11,922 - Iter 13680: obj=-888.713801, change=1.89e-05, α=0.000, ‖θ[1:]‖₁=92.249, h_range=[1.00e-08, 1.18e+01], num_knots=2053
2025-09-01 15:25:12,043 - Iter 13690: obj=-888.728044, change=1.89e-05, α=0.000, ‖θ[1:]‖₁=92.250, h_range=[1.00e-08, 1.18e+01], num_knots=2053
2025-09-01 15:25:12,206 - Iter 13700: obj=-888.742278, change=1.89e-05, α=0.000, ‖θ[1:]‖₁=92.251, h_range=[1.00e-08, 1.18e+01], num_knots=2053
2025-09-01 15:25:12,464 - Iter 13710: obj=-888.756503, change=1.88e-05, α=0.000, ‖θ[1:]‖₁=92.252, h_range=[1.00e-08, 1.18e+01], num_knots=2054
2025-09-01 15:25:12,677 - Iter 13720: obj=-888.770719, change=1.88e-05, α=0.000, ‖θ[1:]‖₁=92.252, h_range=[1.00e-08, 1.18e+01], num_knots=2054
2025-09-01 15:25:12,781 - Iter 13730: obj=-888.784927, change=1.88e-05, α=0.000, ‖θ[1:]‖₁=92.253, h_range=[1.00e-08, 1.18e+01], num_knots=2054
2025-09-01 15:25:12,900 - Iter 13740: obj=-888.799126, change=1.88e-05, α=0.000, ‖θ[1:]‖₁=92.254, h_range=[1.00e-08, 1.18e+01], num_knots=2054
2025-09-01 15:25:13,023 - Iter 13750: obj=-888.813304, change=1.98e-05, α=0.000, ‖θ[1:]‖₁=92.255, h_range=[1.00e-08, 1.18e+01], num_knots=2053
2025-09-01 15:25:13,130 - Iter 13760: obj=-888.827408, change=1.92e-05, α=0.000, ‖θ[1:]‖₁=92.256, h_range=[1.00e-08, 1.18e+01], num_knots=2052
2025-09-01 15:25:13,238 - Iter 13770: obj=-888.841488, change=1.91e-05, α=0.000, ‖θ[1:]‖₁=92.256, h_range=[1.00e-08, 1.18e+01], num_knots=2052
2025-09-01 15:25:13,366 - Iter 13780: obj=-888.855559, change=1.90e-05, α=0.000, ‖θ[1:]‖₁=92.257, h_range=[1.00e-08, 1.18e+01], num_knots=2052
2025-09-01 15:25:13,464 - Iter 13790: obj=-888.869622, change=1.90e-05, α=0.000, ‖θ[1:]‖₁=92.258, h_range=[1.00e-08, 1.18e+01], num_knots=2052
2025-09-01 15:25:13,597 - Iter 13800: obj=-888.883677, change=1.89e-05, α=0.000, ‖θ[1:]‖₁=92.259, h_range=[1.00e-08, 1.18e+01], num_knots=2052
2025-09-01 15:25:13,809 - Iter 13810: obj=-888.897723, change=1.89e-05, α=0.000, ‖θ[1:]‖₁=92.260, h_range=[1.00e-08, 1.18e+01], num_knots=2052
2025-09-01 15:25:13,935 - Iter 13820: obj=-888.911760, change=1.89e-05, α=0.000, ‖θ[1:]‖₁=92.261, h_range=[1.00e-08, 1.18e+01], num_knots=2052
2025-09-01 15:25:14,043 - Iter 13830: obj=-888.925789, change=1.89e-05, α=0.000, ‖θ[1:]‖₁=92.261, h_range=[1.00e-08, 1.18e+01], num_knots=2052
2025-09-01 15:25:14,154 - Iter 13840: obj=-888.939809, change=1.88e-05, α=0.000, ‖θ[1:]‖₁=92.262, h_range=[1.00e-08, 1.18e+01], num_knots=2052
2025-09-01 15:25:14,271 - Iter 13850: obj=-888.953821, change=1.88e-05, α=0.000, ‖θ[1:]‖₁=92.263, h_range=[1.00e-08, 1.18e+01], num_knots=2052
2025-09-01 15:25:14,390 - Iter 13860: obj=-888.967824, change=1.88e-05, α=0.000, ‖θ[1:]‖₁=92.264, h_range=[1.00e-08, 1.18e+01], num_knots=2052
2025-09-01 15:25:14,497 - Iter 13870: obj=-888.981819, change=1.88e-05, α=0.000, ‖θ[1:]‖₁=92.264, h_range=[1.00e-08, 1.18e+01], num_knots=2052
2025-09-01 15:25:14,599 - Iter 13880: obj=-888.995806, change=1.87e-05, α=0.000, ‖θ[1:]‖₁=92.265, h_range=[1.00e-08, 1.18e+01], num_knots=2052
2025-09-01 15:25:14,725 - Iter 13890: obj=-889.009778, change=1.87e-05, α=0.000, ‖θ[1:]‖₁=92.266, h_range=[1.00e-08, 1.18e+01], num_knots=2051
2025-09-01 15:25:14,859 - Iter 13900: obj=-889.023724, change=1.86e-05, α=0.000, ‖θ[1:]‖₁=92.267, h_range=[1.00e-08, 1.18e+01], num_knots=2052
2025-09-01 15:25:14,984 - Iter 13910: obj=-889.037654, change=1.98e-05, α=0.000, ‖θ[1:]‖₁=92.267, h_range=[1.00e-08, 1.18e+01], num_knots=2051
2025-09-01 15:25:15,104 - Iter 13920: obj=-889.051507, change=1.90e-05, α=0.000, ‖θ[1:]‖₁=92.268, h_range=[1.00e-08, 1.18e+01], num_knots=2051
2025-09-01 15:25:15,207 - Iter 13930: obj=-889.065351, change=1.89e-05, α=0.000, ‖θ[1:]‖₁=92.269, h_range=[1.00e-08, 1.18e+01], num_knots=2051
2025-09-01 15:25:15,321 - Iter 13940: obj=-889.079187, change=1.89e-05, α=0.000, ‖θ[1:]‖₁=92.270, h_range=[1.00e-08, 1.18e+01], num_knots=2051
2025-09-01 15:25:15,436 - Iter 13950: obj=-889.093014, change=1.88e-05, α=0.000, ‖θ[1:]‖₁=92.271, h_range=[1.00e-08, 1.18e+01], num_knots=2051
2025-09-01 15:25:15,558 - Iter 13960: obj=-889.106829, change=1.88e-05, α=0.000, ‖θ[1:]‖₁=92.271, h_range=[1.00e-08, 1.18e+01], num_knots=2050
2025-09-01 15:25:15,684 - Iter 13970: obj=-889.120625, change=1.87e-05, α=0.000, ‖θ[1:]‖₁=92.272, h_range=[1.00e-08, 1.18e+01], num_knots=2050
2025-09-01 15:25:15,808 - Iter 13980: obj=-889.134411, change=1.87e-05, α=0.000, ‖θ[1:]‖₁=92.273, h_range=[1.00e-08, 1.18e+01], num_knots=2050
2025-09-01 15:25:15,921 - Iter 13990: obj=-889.148190, change=1.87e-05, α=0.000, ‖θ[1:]‖₁=92.274, h_range=[1.00e-08, 1.18e+01], num_knots=2050
2025-09-01 15:25:16,058 - Iter 14000: obj=-889.161960, change=1.87e-05, α=0.000, ‖θ[1:]‖₁=92.275, h_range=[1.00e-08, 1.18e+01], num_knots=2050
2025-09-01 15:25:16,172 - Iter 14010: obj=-889.175722, change=1.87e-05, α=0.000, ‖θ[1:]‖₁=92.275, h_range=[1.00e-08, 1.18e+01], num_knots=2050
2025-09-01 15:25:16,290 - Iter 14020: obj=-889.189472, change=1.87e-05, α=0.000, ‖θ[1:]‖₁=92.276, h_range=[1.00e-08, 1.18e+01], num_knots=2049
2025-09-01 15:25:16,385 - Iter 14030: obj=-889.203213, change=1.86e-05, α=0.000, ‖θ[1:]‖₁=92.277, h_range=[1.00e-08, 1.18e+01], num_knots=2049
2025-09-01 15:25:16,503 - Iter 14040: obj=-889.216946, change=1.86e-05, α=0.000, ‖θ[1:]‖₁=92.278, h_range=[1.00e-08, 1.18e+01], num_knots=2049
2025-09-01 15:25:16,617 - Iter 14050: obj=-889.230671, change=1.86e-05, α=0.000, ‖θ[1:]‖₁=92.278, h_range=[1.00e-08, 1.18e+01], num_knots=2049
2025-09-01 15:25:16,721 - Iter 14060: obj=-889.244388, change=1.85e-05, α=0.000, ‖θ[1:]‖₁=92.279, h_range=[1.00e-08, 1.18e+01], num_knots=2049
2025-09-01 15:25:16,812 - Iter 14070: obj=-889.258082, change=1.85e-05, α=0.000, ‖θ[1:]‖₁=92.280, h_range=[1.00e-08, 1.18e+01], num_knots=2048
2025-09-01 15:25:16,923 - Iter 14080: obj=-889.271763, change=1.84e-05, α=0.000, ‖θ[1:]‖₁=92.281, h_range=[1.00e-08, 1.18e+01], num_knots=2048
2025-09-01 15:25:17,027 - Iter 14090: obj=-889.285436, change=1.84e-05, α=0.000, ‖θ[1:]‖₁=92.281, h_range=[1.00e-08, 1.18e+01], num_knots=2048
2025-09-01 15:25:17,132 - Iter 14100: obj=-889.299101, change=1.84e-05, α=0.000, ‖θ[1:]‖₁=92.282, h_range=[1.00e-08, 1.18e+01], num_knots=2048
2025-09-01 15:25:17,228 - Iter 14110: obj=-889.312742, change=1.82e-05, α=0.000, ‖θ[1:]‖₁=92.283, h_range=[1.00e-08, 1.18e+01], num_knots=2047
2025-09-01 15:25:17,328 - Iter 14120: obj=-889.326367, change=1.82e-05, α=0.000, ‖θ[1:]‖₁=92.284, h_range=[1.00e-08, 1.18e+01], num_knots=2047
2025-09-01 15:25:17,437 - Iter 14130: obj=-889.339984, change=1.82e-05, α=0.000, ‖θ[1:]‖₁=92.284, h_range=[1.00e-08, 1.18e+01], num_knots=2047
2025-09-01 15:25:17,553 - Iter 14140: obj=-889.353594, change=1.82e-05, α=0.000, ‖θ[1:]‖₁=92.285, h_range=[1.00e-08, 1.18e+01], num_knots=2047
2025-09-01 15:25:17,663 - Iter 14150: obj=-889.367195, change=1.82e-05, α=0.000, ‖θ[1:]‖₁=92.286, h_range=[1.00e-08, 1.18e+01], num_knots=2047
2025-09-01 15:25:17,741 - Iter 14160: obj=-889.380740, change=1.87e-05, α=0.000, ‖θ[1:]‖₁=92.287, h_range=[1.00e-08, 1.18e+01], num_knots=2046
2025-09-01 15:25:17,854 - Iter 14170: obj=-889.394250, change=1.86e-05, α=0.000, ‖θ[1:]‖₁=92.287, h_range=[1.00e-08, 1.18e+01], num_knots=2046
2025-09-01 15:25:18,002 - Iter 14180: obj=-889.407751, change=1.85e-05, α=0.000, ‖θ[1:]‖₁=92.288, h_range=[1.00e-08, 1.18e+01], num_knots=2047
2025-09-01 15:25:18,126 - Iter 14190: obj=-889.421245, change=1.85e-05, α=0.000, ‖θ[1:]‖₁=92.289, h_range=[1.00e-08, 1.18e+01], num_knots=2047
2025-09-01 15:25:18,246 - Iter 14200: obj=-889.434730, change=1.84e-05, α=0.000, ‖θ[1:]‖₁=92.290, h_range=[1.00e-08, 1.18e+01], num_knots=2047
2025-09-01 15:25:18,377 - Iter 14210: obj=-889.448189, change=1.83e-05, α=0.000, ‖θ[1:]‖₁=92.290, h_range=[1.00e-08, 1.18e+01], num_knots=2046
2025-09-01 15:25:18,494 - Iter 14220: obj=-889.461635, change=1.82e-05, α=0.000, ‖θ[1:]‖₁=92.291, h_range=[1.00e-08, 1.18e+01], num_knots=2046
2025-09-01 15:25:18,646 - Iter 14230: obj=-889.475071, change=1.83e-05, α=0.000, ‖θ[1:]‖₁=92.292, h_range=[1.00e-08, 1.18e+01], num_knots=2044
2025-09-01 15:25:18,757 - Iter 14240: obj=-889.488483, change=1.82e-05, α=0.000, ‖θ[1:]‖₁=92.293, h_range=[1.00e-08, 1.18e+01], num_knots=2044
2025-09-01 15:25:18,883 - Iter 14250: obj=-889.501886, change=1.82e-05, α=0.000, ‖θ[1:]‖₁=92.294, h_range=[1.00e-08, 1.18e+01], num_knots=2044
2025-09-01 15:25:19,012 - Iter 14260: obj=-889.515281, change=1.82e-05, α=0.000, ‖θ[1:]‖₁=92.294, h_range=[1.00e-08, 1.18e+01], num_knots=2044
2025-09-01 15:25:19,105 - Iter 14270: obj=-889.528668, change=1.80e-05, α=0.000, ‖θ[1:]‖₁=92.295, h_range=[1.00e-08, 1.18e+01], num_knots=2043
2025-09-01 15:25:19,236 - Iter 14280: obj=-889.542046, change=1.82e-05, α=0.000, ‖θ[1:]‖₁=92.296, h_range=[1.00e-08, 1.18e+01], num_knots=2043
2025-09-01 15:25:19,334 - Iter 14290: obj=-889.555415, change=1.82e-05, α=0.000, ‖θ[1:]‖₁=92.297, h_range=[1.00e-08, 1.18e+01], num_knots=2043
2025-09-01 15:25:19,466 - Iter 14300: obj=-889.568777, change=1.81e-05, α=0.000, ‖θ[1:]‖₁=92.297, h_range=[1.00e-08, 1.18e+01], num_knots=2043
2025-09-01 15:25:19,593 - Iter 14310: obj=-889.582131, change=1.81e-05, α=0.000, ‖θ[1:]‖₁=92.298, h_range=[1.00e-08, 1.18e+01], num_knots=2043
2025-09-01 15:25:19,715 - Iter 14320: obj=-889.595460, change=1.80e-05, α=0.000, ‖θ[1:]‖₁=92.299, h_range=[1.00e-08, 1.18e+01], num_knots=2042
2025-09-01 15:25:19,836 - Iter 14330: obj=-889.608775, change=1.80e-05, α=0.000, ‖θ[1:]‖₁=92.300, h_range=[1.00e-08, 1.18e+01], num_knots=2042
2025-09-01 15:25:20,003 - Iter 14340: obj=-889.622055, change=1.86e-05, α=0.000, ‖θ[1:]‖₁=92.301, h_range=[1.00e-08, 1.18e+01], num_knots=2041
2025-09-01 15:25:20,128 - Iter 14350: obj=-889.635279, change=1.84e-05, α=0.000, ‖θ[1:]‖₁=92.301, h_range=[1.00e-08, 1.18e+01], num_knots=2041
2025-09-01 15:25:20,250 - Iter 14360: obj=-889.648496, change=1.83e-05, α=0.000, ‖θ[1:]‖₁=92.302, h_range=[1.00e-08, 1.18e+01], num_knots=2041
2025-09-01 15:25:20,355 - Iter 14370: obj=-889.661703, change=1.83e-05, α=0.000, ‖θ[1:]‖₁=92.303, h_range=[1.00e-08, 1.18e+01], num_knots=2040
2025-09-01 15:25:20,452 - Iter 14380: obj=-889.674900, change=1.83e-05, α=0.000, ‖θ[1:]‖₁=92.304, h_range=[1.00e-08, 1.18e+01], num_knots=2040
2025-09-01 15:25:20,567 - Iter 14390: obj=-889.688089, change=1.82e-05, α=0.000, ‖θ[1:]‖₁=92.305, h_range=[1.00e-08, 1.18e+01], num_knots=2040
2025-09-01 15:25:20,655 - Iter 14400: obj=-889.701271, change=1.82e-05, α=0.000, ‖θ[1:]‖₁=92.305, h_range=[1.00e-08, 1.18e+01], num_knots=2040
2025-09-01 15:25:20,782 - Iter 14410: obj=-889.714444, change=1.81e-05, α=0.000, ‖θ[1:]‖₁=92.306, h_range=[1.00e-08, 1.18e+01], num_knots=2039
2025-09-01 15:25:20,892 - Iter 14420: obj=-889.727608, change=1.81e-05, α=0.000, ‖θ[1:]‖₁=92.307, h_range=[1.00e-08, 1.18e+01], num_knots=2039
2025-09-01 15:25:21,014 - Iter 14430: obj=-889.740765, change=1.81e-05, α=0.000, ‖θ[1:]‖₁=92.308, h_range=[1.00e-08, 1.18e+01], num_knots=2039
2025-09-01 15:25:21,145 - Iter 14440: obj=-889.753914, change=1.81e-05, α=0.000, ‖θ[1:]‖₁=92.308, h_range=[1.00e-08, 1.18e+01], num_knots=2039
2025-09-01 15:25:21,265 - Iter 14450: obj=-889.767056, change=1.80e-05, α=0.000, ‖θ[1:]‖₁=92.309, h_range=[1.00e-08, 1.18e+01], num_knots=2038
2025-09-01 15:25:21,367 - Iter 14460: obj=-889.780121, change=1.85e-05, α=0.000, ‖θ[1:]‖₁=92.310, h_range=[1.00e-08, 1.18e+01], num_knots=2037
2025-09-01 15:25:21,488 - Iter 14470: obj=-889.793170, change=1.83e-05, α=0.000, ‖θ[1:]‖₁=92.311, h_range=[1.00e-08, 1.18e+01], num_knots=2036
2025-09-01 15:25:21,613 - Iter 14480: obj=-889.806208, change=1.84e-05, α=0.000, ‖θ[1:]‖₁=92.311, h_range=[1.00e-08, 1.18e+01], num_knots=2035
2025-09-01 15:25:21,745 - Iter 14490: obj=-889.819238, change=1.83e-05, α=0.000, ‖θ[1:]‖₁=92.312, h_range=[1.00e-08, 1.18e+01], num_knots=2035
2025-09-01 15:25:21,865 - Iter 14500: obj=-889.832259, change=1.83e-05, α=0.000, ‖θ[1:]‖₁=92.313, h_range=[1.00e-08, 1.18e+01], num_knots=2035
2025-09-01 15:25:21,972 - Iter 14510: obj=-889.845274, change=1.82e-05, α=0.000, ‖θ[1:]‖₁=92.314, h_range=[1.00e-08, 1.18e+01], num_knots=2035
2025-09-01 15:25:22,088 - Iter 14520: obj=-889.858280, change=1.82e-05, α=0.000, ‖θ[1:]‖₁=92.315, h_range=[1.00e-08, 1.18e+01], num_knots=2035
2025-09-01 15:25:22,210 - Iter 14530: obj=-889.871280, change=1.81e-05, α=0.000, ‖θ[1:]‖₁=92.315, h_range=[1.00e-08, 1.18e+01], num_knots=2035
2025-09-01 15:25:22,336 - Iter 14540: obj=-889.884257, change=1.80e-05, α=0.000, ‖θ[1:]‖₁=92.316, h_range=[1.00e-08, 1.18e+01], num_knots=2034
2025-09-01 15:25:22,438 - Iter 14550: obj=-889.897219, change=1.80e-05, α=0.000, ‖θ[1:]‖₁=92.317, h_range=[1.00e-08, 1.18e+01], num_knots=2034
2025-09-01 15:25:22,542 - Iter 14560: obj=-889.910173, change=1.80e-05, α=0.000, ‖θ[1:]‖₁=92.318, h_range=[1.00e-08, 1.18e+01], num_knots=2034
2025-09-01 15:25:22,656 - Iter 14570: obj=-889.923120, change=1.80e-05, α=0.000, ‖θ[1:]‖₁=92.318, h_range=[1.00e-08, 1.18e+01], num_knots=2034
2025-09-01 15:25:22,768 - Iter 14580: obj=-889.936059, change=1.79e-05, α=0.000, ‖θ[1:]‖₁=92.319, h_range=[1.00e-08, 1.18e+01], num_knots=2034
2025-09-01 15:25:22,896 - Iter 14590: obj=-889.948991, change=1.79e-05, α=0.000, ‖θ[1:]‖₁=92.320, h_range=[1.00e-08, 1.18e+01], num_knots=2034
2025-09-01 15:25:22,998 - Iter 14600: obj=-889.961912, change=1.79e-05, α=0.000, ‖θ[1:]‖₁=92.320, h_range=[1.00e-08, 1.18e+01], num_knots=2032
2025-09-01 15:25:23,102 - Iter 14610: obj=-889.974824, change=1.81e-05, α=0.000, ‖θ[1:]‖₁=92.321, h_range=[1.00e-08, 1.18e+01], num_knots=2031
2025-09-01 15:25:23,230 - Iter 14620: obj=-889.987707, change=1.78e-05, α=0.000, ‖θ[1:]‖₁=92.322, h_range=[1.00e-08, 1.18e+01], num_knots=2031
2025-09-01 15:25:23,363 - Iter 14630: obj=-890.000569, change=1.77e-05, α=0.000, ‖θ[1:]‖₁=92.323, h_range=[1.00e-08, 1.18e+01], num_knots=2030
2025-09-01 15:25:23,469 - Iter 14640: obj=-890.013419, change=1.77e-05, α=0.000, ‖θ[1:]‖₁=92.324, h_range=[1.00e-08, 1.18e+01], num_knots=2030
2025-09-01 15:25:23,589 - Iter 14650: obj=-890.026261, change=1.77e-05, α=0.000, ‖θ[1:]‖₁=92.324, h_range=[1.00e-08, 1.18e+01], num_knots=2030
2025-09-01 15:25:23,700 - Iter 14660: obj=-890.039095, change=1.77e-05, α=0.000, ‖θ[1:]‖₁=92.325, h_range=[1.00e-08, 1.18e+01], num_knots=2030
2025-09-01 15:25:23,803 - Iter 14670: obj=-890.051923, change=1.77e-05, α=0.000, ‖θ[1:]‖₁=92.326, h_range=[1.00e-08, 1.18e+01], num_knots=2030
2025-09-01 15:25:23,911 - Iter 14680: obj=-890.064743, change=1.78e-05, α=0.000, ‖θ[1:]‖₁=92.327, h_range=[1.00e-08, 1.18e+01], num_knots=2028
2025-09-01 15:25:24,009 - Iter 14690: obj=-890.077529, change=1.76e-05, α=0.000, ‖θ[1:]‖₁=92.327, h_range=[1.00e-08, 1.18e+01], num_knots=2026
2025-09-01 15:25:24,115 - Iter 14700: obj=-890.090286, change=1.76e-05, α=0.000, ‖θ[1:]‖₁=92.328, h_range=[1.00e-08, 1.18e+01], num_knots=2025
2025-09-01 15:25:24,241 - Iter 14710: obj=-890.103023, change=1.75e-05, α=0.000, ‖θ[1:]‖₁=92.329, h_range=[1.00e-08, 1.18e+01], num_knots=2025
2025-09-01 15:25:24,338 - Iter 14720: obj=-890.115752, change=1.75e-05, α=0.000, ‖θ[1:]‖₁=92.330, h_range=[1.00e-08, 1.18e+01], num_knots=2025
2025-09-01 15:25:24,445 - Iter 14730: obj=-890.128474, change=1.75e-05, α=0.000, ‖θ[1:]‖₁=92.331, h_range=[1.00e-08, 1.18e+01], num_knots=2025
2025-09-01 15:25:24,551 - Iter 14740: obj=-890.141188, change=1.75e-05, α=0.000, ‖θ[1:]‖₁=92.332, h_range=[1.00e-08, 1.18e+01], num_knots=2025
2025-09-01 15:25:24,650 - Iter 14750: obj=-890.153896, change=1.75e-05, α=0.000, ‖θ[1:]‖₁=92.332, h_range=[1.00e-08, 1.18e+01], num_knots=2025
2025-09-01 15:25:24,750 - Iter 14760: obj=-890.166596, change=1.74e-05, α=0.000, ‖θ[1:]‖₁=92.333, h_range=[1.00e-08, 1.18e+01], num_knots=2025
2025-09-01 15:25:24,863 - Iter 14770: obj=-890.179289, change=1.74e-05, α=0.000, ‖θ[1:]‖₁=92.334, h_range=[1.00e-08, 1.18e+01], num_knots=2025
2025-09-01 15:25:24,967 - Iter 14780: obj=-890.191975, change=1.74e-05, α=0.000, ‖θ[1:]‖₁=92.335, h_range=[1.00e-08, 1.18e+01], num_knots=2025
2025-09-01 15:25:25,078 - Iter 14790: obj=-890.204650, change=1.73e-05, α=0.000, ‖θ[1:]‖₁=92.336, h_range=[1.00e-08, 1.18e+01], num_knots=2024
2025-09-01 15:25:25,180 - Iter 14800: obj=-890.217314, change=1.73e-05, α=0.000, ‖θ[1:]‖₁=92.337, h_range=[1.00e-08, 1.18e+01], num_knots=2024
2025-09-01 15:25:25,283 - Iter 14810: obj=-890.229970, change=1.73e-05, α=0.000, ‖θ[1:]‖₁=92.337, h_range=[1.00e-08, 1.18e+01], num_knots=2024
2025-09-01 15:25:25,395 - Iter 14820: obj=-890.242620, change=1.73e-05, α=0.000, ‖θ[1:]‖₁=92.338, h_range=[1.00e-08, 1.18e+01], num_knots=2024
2025-09-01 15:25:25,508 - Iter 14830: obj=-890.255210, change=1.78e-05, α=0.000, ‖θ[1:]‖₁=92.339, h_range=[1.00e-08, 1.18e+01], num_knots=2023
2025-09-01 15:25:25,609 - Iter 14840: obj=-890.267770, change=1.77e-05, α=0.000, ‖θ[1:]‖₁=92.340, h_range=[1.00e-08, 1.18e+01], num_knots=2022
2025-09-01 15:25:25,715 - Iter 14850: obj=-890.280320, change=1.77e-05, α=0.000, ‖θ[1:]‖₁=92.341, h_range=[1.00e-08, 1.18e+01], num_knots=2022
2025-09-01 15:25:25,826 - Iter 14860: obj=-890.292863, change=1.76e-05, α=0.000, ‖θ[1:]‖₁=92.341, h_range=[1.00e-08, 1.18e+01], num_knots=2022
2025-09-01 15:25:25,935 - Iter 14870: obj=-890.305399, change=1.76e-05, α=0.000, ‖θ[1:]‖₁=92.342, h_range=[1.00e-08, 1.18e+01], num_knots=2022
2025-09-01 15:25:26,037 - Iter 14880: obj=-890.317923, change=1.75e-05, α=0.000, ‖θ[1:]‖₁=92.343, h_range=[1.00e-08, 1.18e+01], num_knots=2021
2025-09-01 15:25:26,125 - Iter 14890: obj=-890.330437, change=1.75e-05, α=0.000, ‖θ[1:]‖₁=92.344, h_range=[1.00e-08, 1.18e+01], num_knots=2021
2025-09-01 15:25:26,250 - Iter 14900: obj=-890.342944, change=1.74e-05, α=0.000, ‖θ[1:]‖₁=92.345, h_range=[1.00e-08, 1.18e+01], num_knots=2021
2025-09-01 15:25:26,375 - Iter 14910: obj=-890.355443, change=1.74e-05, α=0.000, ‖θ[1:]‖₁=92.346, h_range=[1.00e-08, 1.18e+01], num_knots=2021
2025-09-01 15:25:26,501 - Iter 14920: obj=-890.367933, change=1.74e-05, α=0.000, ‖θ[1:]‖₁=92.346, h_range=[1.00e-08, 1.18e+01], num_knots=2019
2025-09-01 15:25:26,613 - Iter 14930: obj=-890.380413, change=1.75e-05, α=0.000, ‖θ[1:]‖₁=92.347, h_range=[1.00e-08, 1.18e+01], num_knots=2019
2025-09-01 15:25:26,712 - Iter 14940: obj=-890.392885, change=1.74e-05, α=0.000, ‖θ[1:]‖₁=92.348, h_range=[1.00e-08, 1.18e+01], num_knots=2019
2025-09-01 15:25:26,824 - Iter 14950: obj=-890.405351, change=1.76e-05, α=0.000, ‖θ[1:]‖₁=92.349, h_range=[1.00e-08, 1.18e+01], num_knots=2018
2025-09-01 15:25:26,924 - Iter 14960: obj=-890.417787, change=1.72e-05, α=0.000, ‖θ[1:]‖₁=92.350, h_range=[1.00e-08, 1.18e+01], num_knots=2018
2025-09-01 15:25:27,021 - Iter 14970: obj=-890.430214, change=1.73e-05, α=0.000, ‖θ[1:]‖₁=92.351, h_range=[1.00e-08, 1.18e+01], num_knots=2016
2025-09-01 15:25:27,126 - Iter 14980: obj=-890.442612, change=1.72e-05, α=0.000, ‖θ[1:]‖₁=92.351, h_range=[1.00e-08, 1.18e+01], num_knots=2016
2025-09-01 15:25:27,267 - Iter 14990: obj=-890.455004, change=1.72e-05, α=0.000, ‖θ[1:]‖₁=92.352, h_range=[1.00e-08, 1.18e+01], num_knots=2016
2025-09-01 15:25:27,406 - Iter 15000: obj=-890.467389, change=1.72e-05, α=0.000, ‖θ[1:]‖₁=92.353, h_range=[1.00e-08, 1.18e+01], num_knots=2016
2025-09-01 15:25:27,533 - Iter 15010: obj=-890.479767, change=1.71e-05, α=0.000, ‖θ[1:]‖₁=92.354, h_range=[1.00e-08, 1.18e+01], num_knots=2016
2025-09-01 15:25:27,667 - Iter 15020: obj=-890.492138, change=1.71e-05, α=0.000, ‖θ[1:]‖₁=92.355, h_range=[1.00e-08, 1.18e+01], num_knots=2016
2025-09-01 15:25:27,787 - Iter 15030: obj=-890.504502, change=1.71e-05, α=0.000, ‖θ[1:]‖₁=92.356, h_range=[1.00e-08, 1.18e+01], num_knots=2016
2025-09-01 15:25:27,917 - Iter 15040: obj=-890.516859, change=1.71e-05, α=0.000, ‖θ[1:]‖₁=92.356, h_range=[1.00e-08, 1.18e+01], num_knots=2016
2025-09-01 15:25:28,023 - Iter 15050: obj=-890.529210, change=1.71e-05, α=0.000, ‖θ[1:]‖₁=92.357, h_range=[1.00e-08, 1.18e+01], num_knots=2016
2025-09-01 15:25:28,136 - Iter 15060: obj=-890.541553, change=1.71e-05, α=0.000, ‖θ[1:]‖₁=92.358, h_range=[1.00e-08, 1.18e+01], num_knots=2016
2025-09-01 15:25:28,277 - Iter 15070: obj=-890.553890, change=1.71e-05, α=0.000, ‖θ[1:]‖₁=92.359, h_range=[1.00e-08, 1.18e+01], num_knots=2016
2025-09-01 15:25:28,405 - Iter 15080: obj=-890.566221, change=1.71e-05, α=0.000, ‖θ[1:]‖₁=92.360, h_range=[1.00e-08, 1.18e+01], num_knots=2016
2025-09-01 15:25:28,515 - Iter 15090: obj=-890.578544, change=1.71e-05, α=0.000, ‖θ[1:]‖₁=92.360, h_range=[1.00e-08, 1.18e+01], num_knots=2016
2025-09-01 15:25:28,629 - Iter 15100: obj=-890.590861, change=1.71e-05, α=0.000, ‖θ[1:]‖₁=92.361, h_range=[1.00e-08, 1.18e+01], num_knots=2016
2025-09-01 15:25:28,754 - Iter 15110: obj=-890.603171, change=1.71e-05, α=0.000, ‖θ[1:]‖₁=92.362, h_range=[1.00e-08, 1.18e+01], num_knots=2016
2025-09-01 15:25:28,870 - Iter 15120: obj=-890.615474, change=1.71e-05, α=0.000, ‖θ[1:]‖₁=92.363, h_range=[1.00e-08, 1.18e+01], num_knots=2016
2025-09-01 15:25:28,980 - Iter 15130: obj=-890.627771, change=1.71e-05, α=0.000, ‖θ[1:]‖₁=92.363, h_range=[1.00e-08, 1.18e+01], num_knots=2016
2025-09-01 15:25:29,082 - Iter 15140: obj=-890.640061, change=1.70e-05, α=0.000, ‖θ[1:]‖₁=92.364, h_range=[1.00e-08, 1.18e+01], num_knots=2016
2025-09-01 15:25:29,171 - Iter 15150: obj=-890.652344, change=1.70e-05, α=0.000, ‖θ[1:]‖₁=92.365, h_range=[1.00e-08, 1.18e+01], num_knots=2016
2025-09-01 15:25:29,264 - Iter 15160: obj=-890.664621, change=1.70e-05, α=0.000, ‖θ[1:]‖₁=92.366, h_range=[1.00e-08, 1.18e+01], num_knots=2016
2025-09-01 15:25:29,379 - Iter 15170: obj=-890.676891, change=1.70e-05, α=0.000, ‖θ[1:]‖₁=92.366, h_range=[1.00e-08, 1.18e+01], num_knots=2016
2025-09-01 15:25:29,485 - Iter 15180: obj=-890.689154, change=1.70e-05, α=0.000, ‖θ[1:]‖₁=92.367, h_range=[1.00e-08, 1.18e+01], num_knots=2016
2025-09-01 15:25:29,578 - Iter 15190: obj=-890.701411, change=1.70e-05, α=0.000, ‖θ[1:]‖₁=92.368, h_range=[1.00e-08, 1.18e+01], num_knots=2016
2025-09-01 15:25:29,677 - Iter 15200: obj=-890.713661, change=1.70e-05, α=0.000, ‖θ[1:]‖₁=92.368, h_range=[1.00e-08, 1.18e+01], num_knots=2016
2025-09-01 15:25:29,787 - Iter 15210: obj=-890.725905, change=1.70e-05, α=0.000, ‖θ[1:]‖₁=92.369, h_range=[1.00e-08, 1.18e+01], num_knots=2016
2025-09-01 15:25:29,917 - Iter 15220: obj=-890.738142, change=1.70e-05, α=0.000, ‖θ[1:]‖₁=92.370, h_range=[1.00e-08, 1.18e+01], num_knots=2016
2025-09-01 15:25:30,024 - Iter 15230: obj=-890.750373, change=1.70e-05, α=0.000, ‖θ[1:]‖₁=92.370, h_range=[1.00e-08, 1.18e+01], num_knots=2016
2025-09-01 15:25:30,137 - Iter 15240: obj=-890.762597, change=1.70e-05, α=0.000, ‖θ[1:]‖₁=92.371, h_range=[1.00e-08, 1.18e+01], num_knots=2016
2025-09-01 15:25:30,218 - Iter 15250: obj=-890.774814, change=1.70e-05, α=0.000, ‖θ[1:]‖₁=92.371, h_range=[1.00e-08, 1.18e+01], num_knots=2016
2025-09-01 15:25:30,330 - Iter 15260: obj=-890.787025, change=1.70e-05, α=0.000, ‖θ[1:]‖₁=92.372, h_range=[1.00e-08, 1.18e+01], num_knots=2016
2025-09-01 15:25:30,432 - Iter 15270: obj=-890.799229, change=1.70e-05, α=0.000, ‖θ[1:]‖₁=92.373, h_range=[1.00e-08, 1.18e+01], num_knots=2016
2025-09-01 15:25:30,531 - Iter 15280: obj=-890.811427, change=1.70e-05, α=0.000, ‖θ[1:]‖₁=92.373, h_range=[1.00e-08, 1.18e+01], num_knots=2016
2025-09-01 15:25:30,651 - Iter 15290: obj=-890.823619, change=1.70e-05, α=0.000, ‖θ[1:]‖₁=92.374, h_range=[1.00e-08, 1.18e+01], num_knots=2016
2025-09-01 15:25:30,777 - Iter 15300: obj=-890.835800, change=1.70e-05, α=0.000, ‖θ[1:]‖₁=92.374, h_range=[1.00e-08, 1.18e+01], num_knots=2015
2025-09-01 15:25:30,883 - Iter 15310: obj=-890.847965, change=1.70e-05, α=0.000, ‖θ[1:]‖₁=92.375, h_range=[1.00e-08, 1.18e+01], num_knots=2015
2025-09-01 15:25:31,012 - Iter 15320: obj=-890.860124, change=1.70e-05, α=0.000, ‖θ[1:]‖₁=92.376, h_range=[1.00e-08, 1.18e+01], num_knots=2015
2025-09-01 15:25:31,113 - Iter 15330: obj=-890.872276, change=1.70e-05, α=0.000, ‖θ[1:]‖₁=92.376, h_range=[1.00e-08, 1.18e+01], num_knots=2015
2025-09-01 15:25:31,235 - Iter 15340: obj=-890.884422, change=1.70e-05, α=0.000, ‖θ[1:]‖₁=92.377, h_range=[1.00e-08, 1.18e+01], num_knots=2015
2025-09-01 15:25:31,338 - Iter 15350: obj=-890.896562, change=1.69e-05, α=0.000, ‖θ[1:]‖₁=92.377, h_range=[1.00e-08, 1.18e+01], num_knots=2015
2025-09-01 15:25:31,458 - Iter 15360: obj=-890.908695, change=1.69e-05, α=0.000, ‖θ[1:]‖₁=92.378, h_range=[1.00e-08, 1.18e+01], num_knots=2015
2025-09-01 15:25:31,562 - Iter 15370: obj=-890.920821, change=1.69e-05, α=0.000, ‖θ[1:]‖₁=92.379, h_range=[1.00e-08, 1.18e+01], num_knots=2015
2025-09-01 15:25:31,686 - Iter 15380: obj=-890.932942, change=1.69e-05, α=0.000, ‖θ[1:]‖₁=92.379, h_range=[1.00e-08, 1.18e+01], num_knots=2015
2025-09-01 15:25:31,816 - Iter 15390: obj=-890.945048, change=1.69e-05, α=0.000, ‖θ[1:]‖₁=92.380, h_range=[1.00e-08, 1.18e+01], num_knots=2014
2025-09-01 15:25:31,932 - Iter 15400: obj=-890.957137, change=1.69e-05, α=0.000, ‖θ[1:]‖₁=92.380, h_range=[1.00e-08, 1.18e+01], num_knots=2014
2025-09-01 15:25:32,037 - Iter 15410: obj=-890.969219, change=1.69e-05, α=0.000, ‖θ[1:]‖₁=92.381, h_range=[1.00e-08, 1.18e+01], num_knots=2014
2025-09-01 15:25:32,138 - Iter 15420: obj=-890.981296, change=1.69e-05, α=0.000, ‖θ[1:]‖₁=92.381, h_range=[1.00e-08, 1.18e+01], num_knots=2014
2025-09-01 15:25:32,245 - Iter 15430: obj=-890.993366, change=1.69e-05, α=0.000, ‖θ[1:]‖₁=92.382, h_range=[1.00e-08, 1.18e+01], num_knots=2014
2025-09-01 15:25:32,351 - Iter 15440: obj=-891.005429, change=1.69e-05, α=0.000, ‖θ[1:]‖₁=92.383, h_range=[1.00e-08, 1.18e+01], num_knots=2014
2025-09-01 15:25:32,444 - Iter 15450: obj=-891.017487, change=1.69e-05, α=0.000, ‖θ[1:]‖₁=92.383, h_range=[1.00e-08, 1.18e+01], num_knots=2014
2025-09-01 15:25:32,548 - Iter 15460: obj=-891.029526, change=1.69e-05, α=0.000, ‖θ[1:]‖₁=92.384, h_range=[1.00e-08, 1.18e+01], num_knots=2013
2025-09-01 15:25:32,668 - Iter 15470: obj=-891.041552, change=1.69e-05, α=0.000, ‖θ[1:]‖₁=92.384, h_range=[1.00e-08, 1.18e+01], num_knots=2013
2025-09-01 15:25:32,763 - Iter 15480: obj=-891.053555, change=1.69e-05, α=0.000, ‖θ[1:]‖₁=92.385, h_range=[1.00e-08, 1.18e+01], num_knots=2012
2025-09-01 15:25:32,866 - Iter 15490: obj=-891.065550, change=1.69e-05, α=0.000, ‖θ[1:]‖₁=92.385, h_range=[1.00e-08, 1.18e+01], num_knots=2012
2025-09-01 15:25:32,975 - Iter 15500: obj=-891.077538, change=1.69e-05, α=0.000, ‖θ[1:]‖₁=92.386, h_range=[1.00e-08, 1.18e+01], num_knots=2012
2025-09-01 15:25:33,085 - Iter 15510: obj=-891.089521, change=1.69e-05, α=0.000, ‖θ[1:]‖₁=92.386, h_range=[1.00e-08, 1.18e+01], num_knots=2012
2025-09-01 15:25:33,194 - Iter 15520: obj=-891.101497, change=1.69e-05, α=0.000, ‖θ[1:]‖₁=92.387, h_range=[1.00e-08, 1.18e+01], num_knots=2012
2025-09-01 15:25:33,299 - Iter 15530: obj=-891.113467, change=1.69e-05, α=0.000, ‖θ[1:]‖₁=92.388, h_range=[1.00e-08, 1.18e+01], num_knots=2012
2025-09-01 15:25:33,403 - Iter 15540: obj=-891.125430, change=1.69e-05, α=0.000, ‖θ[1:]‖₁=92.388, h_range=[1.00e-08, 1.18e+01], num_knots=2012
2025-09-01 15:25:33,513 - Iter 15550: obj=-891.137388, change=1.68e-05, α=0.000, ‖θ[1:]‖₁=92.389, h_range=[1.00e-08, 1.18e+01], num_knots=2012
2025-09-01 15:25:33,619 - Iter 15560: obj=-891.149339, change=1.68e-05, α=0.000, ‖θ[1:]‖₁=92.389, h_range=[1.00e-08, 1.18e+01], num_knots=2012
2025-09-01 15:25:33,725 - Iter 15570: obj=-891.161284, change=1.68e-05, α=0.000, ‖θ[1:]‖₁=92.390, h_range=[1.00e-08, 1.18e+01], num_knots=2012
2025-09-01 15:25:33,845 - Iter 15580: obj=-891.173223, change=1.68e-05, α=0.000, ‖θ[1:]‖₁=92.390, h_range=[1.00e-08, 1.18e+01], num_knots=2011
2025-09-01 15:25:33,950 - Iter 15590: obj=-891.185152, change=1.68e-05, α=0.000, ‖θ[1:]‖₁=92.391, h_range=[1.00e-08, 1.18e+01], num_knots=2010
2025-09-01 15:25:34,066 - Iter 15600: obj=-891.197073, change=1.68e-05, α=0.000, ‖θ[1:]‖₁=92.391, h_range=[1.00e-08, 1.18e+01], num_knots=2010
2025-09-01 15:25:34,173 - Iter 15610: obj=-891.208987, change=1.68e-05, α=0.000, ‖θ[1:]‖₁=92.392, h_range=[1.00e-08, 1.18e+01], num_knots=2010
2025-09-01 15:25:34,293 - Iter 15620: obj=-891.220896, change=1.68e-05, α=0.000, ‖θ[1:]‖₁=92.392, h_range=[1.00e-08, 1.18e+01], num_knots=2010
2025-09-01 15:25:34,411 - Iter 15630: obj=-891.232798, change=1.68e-05, α=0.000, ‖θ[1:]‖₁=92.393, h_range=[1.00e-08, 1.18e+01], num_knots=2010
2025-09-01 15:25:34,507 - Iter 15640: obj=-891.244694, change=1.68e-05, α=0.000, ‖θ[1:]‖₁=92.393, h_range=[1.00e-08, 1.18e+01], num_knots=2010
2025-09-01 15:25:34,600 - Iter 15650: obj=-891.256582, change=1.68e-05, α=0.000, ‖θ[1:]‖₁=92.394, h_range=[1.00e-08, 1.18e+01], num_knots=2009
2025-09-01 15:25:34,693 - Iter 15660: obj=-891.268454, change=1.71e-05, α=0.000, ‖θ[1:]‖₁=92.394, h_range=[1.00e-08, 1.18e+01], num_knots=2007
2025-09-01 15:25:34,824 - Iter 15670: obj=-891.280249, change=1.68e-05, α=0.000, ‖θ[1:]‖₁=92.395, h_range=[1.00e-08, 1.18e+01], num_knots=2007
2025-09-01 15:25:34,952 - Iter 15680: obj=-891.292038, change=1.68e-05, α=0.000, ‖θ[1:]‖₁=92.395, h_range=[1.00e-08, 1.18e+01], num_knots=2007
2025-09-01 15:25:35,073 - Iter 15690: obj=-891.303821, change=1.68e-05, α=0.000, ‖θ[1:]‖₁=92.396, h_range=[1.00e-08, 1.18e+01], num_knots=2007
2025-09-01 15:25:35,180 - Iter 15700: obj=-891.315597, change=1.68e-05, α=0.000, ‖θ[1:]‖₁=92.396, h_range=[1.00e-08, 1.18e+01], num_knots=2007
2025-09-01 15:25:35,286 - Iter 15710: obj=-891.327368, change=1.68e-05, α=0.000, ‖θ[1:]‖₁=92.397, h_range=[1.00e-08, 1.18e+01], num_knots=2007
2025-09-01 15:25:35,391 - Iter 15720: obj=-891.339133, change=1.68e-05, α=0.000, ‖θ[1:]‖₁=92.397, h_range=[1.00e-08, 1.18e+01], num_knots=2007
2025-09-01 15:25:35,504 - Iter 15730: obj=-891.350891, change=1.68e-05, α=0.000, ‖θ[1:]‖₁=92.398, h_range=[1.00e-08, 1.18e+01], num_knots=2007
2025-09-01 15:25:35,612 - Iter 15740: obj=-891.362644, change=1.68e-05, α=0.000, ‖θ[1:]‖₁=92.398, h_range=[1.00e-08, 1.18e+01], num_knots=2007
2025-09-01 15:25:35,709 - Iter 15750: obj=-891.374391, change=1.68e-05, α=0.000, ‖θ[1:]‖₁=92.399, h_range=[1.00e-08, 1.18e+01], num_knots=2007
2025-09-01 15:25:35,817 - Iter 15760: obj=-891.386131, change=1.68e-05, α=0.000, ‖θ[1:]‖₁=92.399, h_range=[1.00e-08, 1.18e+01], num_knots=2007
2025-09-01 15:25:35,944 - Iter 15770: obj=-891.397866, change=1.67e-05, α=0.000, ‖θ[1:]‖₁=92.400, h_range=[1.00e-08, 1.18e+01], num_knots=2007
2025-09-01 15:25:36,054 - Iter 15780: obj=-891.409595, change=1.67e-05, α=0.000, ‖θ[1:]‖₁=92.400, h_range=[1.00e-08, 1.18e+01], num_knots=2007
2025-09-01 15:25:36,166 - Iter 15790: obj=-891.421318, change=1.67e-05, α=0.000, ‖θ[1:]‖₁=92.400, h_range=[1.00e-08, 1.18e+01], num_knots=2007
2025-09-01 15:25:36,287 - Iter 15800: obj=-891.433034, change=1.67e-05, α=0.000, ‖θ[1:]‖₁=92.401, h_range=[1.00e-08, 1.18e+01], num_knots=2007
2025-09-01 15:25:36,415 - Iter 15810: obj=-891.444745, change=1.67e-05, α=0.000, ‖θ[1:]‖₁=92.401, h_range=[1.00e-08, 1.18e+01], num_knots=2007
2025-09-01 15:25:36,530 - Iter 15820: obj=-891.456450, change=1.67e-05, α=0.000, ‖θ[1:]‖₁=92.402, h_range=[1.00e-08, 1.18e+01], num_knots=2007
2025-09-01 15:25:36,665 - Iter 15830: obj=-891.468149, change=1.67e-05, α=0.000, ‖θ[1:]‖₁=92.402, h_range=[1.00e-08, 1.18e+01], num_knots=2007
2025-09-01 15:25:36,781 - Iter 15840: obj=-891.479842, change=1.67e-05, α=0.000, ‖θ[1:]‖₁=92.403, h_range=[1.00e-08, 1.18e+01], num_knots=2007
2025-09-01 15:25:36,886 - Iter 15850: obj=-891.491530, change=1.67e-05, α=0.000, ‖θ[1:]‖₁=92.403, h_range=[1.00e-08, 1.18e+01], num_knots=2007
2025-09-01 15:25:36,988 - Iter 15860: obj=-891.503211, change=1.67e-05, α=0.000, ‖θ[1:]‖₁=92.403, h_range=[1.00e-08, 1.18e+01], num_knots=2007
2025-09-01 15:25:37,106 - Iter 15870: obj=-891.514884, change=1.67e-05, α=0.000, ‖θ[1:]‖₁=92.404, h_range=[1.00e-08, 1.18e+01], num_knots=2006
2025-09-01 15:25:37,213 - Iter 15880: obj=-891.526550, change=1.67e-05, α=0.000, ‖θ[1:]‖₁=92.404, h_range=[1.00e-08, 1.18e+01], num_knots=2006
2025-09-01 15:25:37,319 - Iter 15890: obj=-891.538210, change=1.67e-05, α=0.000, ‖θ[1:]‖₁=92.404, h_range=[1.00e-08, 1.18e+01], num_knots=2006
2025-09-01 15:25:37,427 - Iter 15900: obj=-891.549864, change=1.67e-05, α=0.000, ‖θ[1:]‖₁=92.405, h_range=[1.00e-08, 1.18e+01], num_knots=2006
2025-09-01 15:25:37,532 - Iter 15910: obj=-891.561512, change=1.67e-05, α=0.000, ‖θ[1:]‖₁=92.405, h_range=[1.00e-08, 1.18e+01], num_knots=2006
2025-09-01 15:25:37,668 - Iter 15920: obj=-891.573155, change=1.67e-05, α=0.000, ‖θ[1:]‖₁=92.406, h_range=[1.00e-08, 1.18e+01], num_knots=2006
2025-09-01 15:25:37,792 - Iter 15930: obj=-891.584792, change=1.67e-05, α=0.000, ‖θ[1:]‖₁=92.406, h_range=[1.00e-08, 1.18e+01], num_knots=2006
2025-09-01 15:25:37,904 - Iter 15940: obj=-891.596423, change=1.67e-05, α=0.000, ‖θ[1:]‖₁=92.406, h_range=[1.00e-08, 1.18e+01], num_knots=2006
2025-09-01 15:25:38,012 - Iter 15950: obj=-891.608048, change=1.67e-05, α=0.000, ‖θ[1:]‖₁=92.407, h_range=[1.00e-08, 1.18e+01], num_knots=2006
2025-09-01 15:25:38,123 - Iter 15960: obj=-891.619668, change=1.67e-05, α=0.000, ‖θ[1:]‖₁=92.407, h_range=[1.00e-08, 1.18e+01], num_knots=2006
2025-09-01 15:25:38,242 - Iter 15970: obj=-891.631281, change=1.67e-05, α=0.000, ‖θ[1:]‖₁=92.407, h_range=[1.00e-08, 1.18e+01], num_knots=2006
2025-09-01 15:25:38,342 - Iter 15980: obj=-891.642889, change=1.67e-05, α=0.000, ‖θ[1:]‖₁=92.408, h_range=[1.00e-08, 1.18e+01], num_knots=2006
2025-09-01 15:25:38,462 - Iter 15990: obj=-891.654435, change=1.66e-05, α=0.000, ‖θ[1:]‖₁=92.408, h_range=[1.00e-08, 1.18e+01], num_knots=2005
2025-09-01 15:25:38,575 - Iter 16000: obj=-891.665940, change=1.66e-05, α=0.000, ‖θ[1:]‖₁=92.408, h_range=[1.00e-08, 1.18e+01], num_knots=2003
2025-09-01 15:25:38,728 - Iter 16010: obj=-891.677420, change=1.66e-05, α=0.000, ‖θ[1:]‖₁=92.409, h_range=[1.00e-08, 1.18e+01], num_knots=2003
2025-09-01 15:25:38,870 - Iter 16020: obj=-891.688881, change=1.66e-05, α=0.000, ‖θ[1:]‖₁=92.409, h_range=[1.00e-08, 1.18e+01], num_knots=2002
2025-09-01 15:25:39,007 - Iter 16030: obj=-891.700330, change=1.66e-05, α=0.000, ‖θ[1:]‖₁=92.410, h_range=[1.00e-08, 1.18e+01], num_knots=2002
2025-09-01 15:25:39,153 - Iter 16040: obj=-891.711773, change=1.66e-05, α=0.000, ‖θ[1:]‖₁=92.410, h_range=[1.00e-08, 1.18e+01], num_knots=2002
2025-09-01 15:25:39,280 - Iter 16050: obj=-891.723211, change=1.66e-05, α=0.000, ‖θ[1:]‖₁=92.411, h_range=[1.00e-08, 1.18e+01], num_knots=2002
2025-09-01 15:25:39,442 - Iter 16060: obj=-891.734642, change=1.66e-05, α=0.000, ‖θ[1:]‖₁=92.411, h_range=[1.00e-08, 1.18e+01], num_knots=2002
2025-09-01 15:25:39,548 - Iter 16070: obj=-891.746068, change=1.66e-05, α=0.000, ‖θ[1:]‖₁=92.411, h_range=[1.00e-08, 1.18e+01], num_knots=2002
2025-09-01 15:25:39,656 - Iter 16080: obj=-891.757489, change=1.66e-05, α=0.000, ‖θ[1:]‖₁=92.412, h_range=[1.00e-08, 1.18e+01], num_knots=2002
2025-09-01 15:25:39,760 - Iter 16090: obj=-891.768903, change=1.66e-05, α=0.000, ‖θ[1:]‖₁=92.412, h_range=[1.00e-08, 1.18e+01], num_knots=2002
2025-09-01 15:25:39,870 - Iter 16100: obj=-891.780312, change=1.66e-05, α=0.000, ‖θ[1:]‖₁=92.413, h_range=[1.00e-08, 1.18e+01], num_knots=2001
2025-09-01 15:25:40,007 - Iter 16110: obj=-891.791704, change=1.66e-05, α=0.000, ‖θ[1:]‖₁=92.413, h_range=[1.00e-08, 1.18e+01], num_knots=2001
2025-09-01 15:25:40,136 - Iter 16120: obj=-891.803089, change=1.66e-05, α=0.000, ‖θ[1:]‖₁=92.414, h_range=[1.00e-08, 1.18e+01], num_knots=2001
2025-09-01 15:25:40,270 - Iter 16130: obj=-891.814469, change=1.66e-05, α=0.000, ‖θ[1:]‖₁=92.414, h_range=[1.00e-08, 1.18e+01], num_knots=2001
2025-09-01 15:25:40,405 - Iter 16140: obj=-891.825840, change=1.66e-05, α=0.000, ‖θ[1:]‖₁=92.414, h_range=[1.00e-08, 1.18e+01], num_knots=2000
2025-09-01 15:25:40,515 - Iter 16150: obj=-891.837204, change=1.66e-05, α=0.000, ‖θ[1:]‖₁=92.415, h_range=[1.00e-08, 1.18e+01], num_knots=2000
2025-09-01 15:25:40,627 - Iter 16160: obj=-891.848564, change=1.66e-05, α=0.000, ‖θ[1:]‖₁=92.415, h_range=[1.00e-08, 1.18e+01], num_knots=2000
2025-09-01 15:25:40,759 - Iter 16170: obj=-891.859917, change=1.66e-05, α=0.000, ‖θ[1:]‖₁=92.416, h_range=[1.00e-08, 1.18e+01], num_knots=2000
2025-09-01 15:25:40,885 - Iter 16180: obj=-891.871265, change=1.66e-05, α=0.000, ‖θ[1:]‖₁=92.416, h_range=[1.00e-08, 1.18e+01], num_knots=2000
2025-09-01 15:25:41,017 - Iter 16190: obj=-891.882607, change=1.66e-05, α=0.000, ‖θ[1:]‖₁=92.417, h_range=[1.00e-08, 1.18e+01], num_knots=2000
2025-09-01 15:25:41,152 - Iter 16200: obj=-891.893944, change=1.66e-05, α=0.000, ‖θ[1:]‖₁=92.417, h_range=[1.00e-08, 1.18e+01], num_knots=2000
2025-09-01 15:25:41,282 - Iter 16210: obj=-891.905275, change=1.65e-05, α=0.000, ‖θ[1:]‖₁=92.417, h_range=[1.00e-08, 1.18e+01], num_knots=1999
2025-09-01 15:25:41,379 - Iter 16220: obj=-891.916599, change=1.65e-05, α=0.000, ‖θ[1:]‖₁=92.418, h_range=[1.00e-08, 1.18e+01], num_knots=1999
2025-09-01 15:25:41,508 - Iter 16230: obj=-891.927917, change=1.65e-05, α=0.000, ‖θ[1:]‖₁=92.418, h_range=[1.00e-08, 1.18e+01], num_knots=1999
2025-09-01 15:25:41,635 - Iter 16240: obj=-891.939230, change=1.65e-05, α=0.000, ‖θ[1:]‖₁=92.419, h_range=[1.00e-08, 1.18e+01], num_knots=1999
2025-09-01 15:25:41,761 - Iter 16250: obj=-891.950537, change=1.65e-05, α=0.000, ‖θ[1:]‖₁=92.419, h_range=[1.00e-08, 1.18e+01], num_knots=1999
2025-09-01 15:25:41,869 - Iter 16260: obj=-891.961838, change=1.65e-05, α=0.000, ‖θ[1:]‖₁=92.419, h_range=[1.00e-08, 1.18e+01], num_knots=1999
2025-09-01 15:25:42,001 - Iter 16270: obj=-891.973134, change=1.65e-05, α=0.000, ‖θ[1:]‖₁=92.420, h_range=[1.00e-08, 1.18e+01], num_knots=1999
2025-09-01 15:25:42,112 - Iter 16280: obj=-891.984424, change=1.65e-05, α=0.000, ‖θ[1:]‖₁=92.420, h_range=[1.00e-08, 1.18e+01], num_knots=1999
2025-09-01 15:25:42,219 - Iter 16290: obj=-891.995709, change=1.65e-05, α=0.000, ‖θ[1:]‖₁=92.420, h_range=[1.00e-08, 1.18e+01], num_knots=1999
2025-09-01 15:25:42,349 - Iter 16300: obj=-892.006989, change=1.65e-05, α=0.000, ‖θ[1:]‖₁=92.421, h_range=[1.00e-08, 1.18e+01], num_knots=1999
2025-09-01 15:25:42,466 - Iter 16310: obj=-892.018263, change=1.65e-05, α=0.000, ‖θ[1:]‖₁=92.421, h_range=[1.00e-08, 1.18e+01], num_knots=1999
2025-09-01 15:25:42,574 - Iter 16320: obj=-892.029531, change=1.65e-05, α=0.000, ‖θ[1:]‖₁=92.421, h_range=[1.00e-08, 1.18e+01], num_knots=1999
2025-09-01 15:25:42,685 - Iter 16330: obj=-892.040769, change=1.65e-05, α=0.000, ‖θ[1:]‖₁=92.422, h_range=[1.00e-08, 1.18e+01], num_knots=1998
2025-09-01 15:25:42,795 - Iter 16340: obj=-892.051957, change=1.65e-05, α=0.000, ‖θ[1:]‖₁=92.422, h_range=[1.00e-08, 1.18e+01], num_knots=1998
2025-09-01 15:25:42,906 - Iter 16350: obj=-892.063077, change=1.65e-05, α=0.000, ‖θ[1:]‖₁=92.422, h_range=[1.00e-08, 1.18e+01], num_knots=1997
2025-09-01 15:25:43,022 - Iter 16360: obj=-892.074184, change=1.65e-05, α=0.000, ‖θ[1:]‖₁=92.423, h_range=[1.00e-08, 1.18e+01], num_knots=1997
2025-09-01 15:25:43,133 - Iter 16370: obj=-892.085285, change=1.65e-05, α=0.000, ‖θ[1:]‖₁=92.423, h_range=[1.00e-08, 1.18e+01], num_knots=1997
2025-09-01 15:25:43,234 - Iter 16380: obj=-892.096380, change=1.65e-05, α=0.000, ‖θ[1:]‖₁=92.424, h_range=[1.00e-08, 1.18e+01], num_knots=1997
2025-09-01 15:25:43,357 - Iter 16390: obj=-892.107471, change=1.65e-05, α=0.000, ‖θ[1:]‖₁=92.424, h_range=[1.00e-08, 1.18e+01], num_knots=1997
2025-09-01 15:25:43,467 - Iter 16400: obj=-892.118555, change=1.65e-05, α=0.000, ‖θ[1:]‖₁=92.424, h_range=[1.00e-08, 1.18e+01], num_knots=1997
2025-09-01 15:25:43,584 - Iter 16410: obj=-892.129632, change=1.64e-05, α=0.000, ‖θ[1:]‖₁=92.425, h_range=[1.00e-08, 1.18e+01], num_knots=1996
2025-09-01 15:25:43,687 - Iter 16420: obj=-892.140702, change=1.64e-05, α=0.000, ‖θ[1:]‖₁=92.425, h_range=[1.00e-08, 1.18e+01], num_knots=1996
2025-09-01 15:25:43,805 - Iter 16430: obj=-892.151767, change=1.64e-05, α=0.000, ‖θ[1:]‖₁=92.426, h_range=[1.00e-08, 1.18e+01], num_knots=1996
2025-09-01 15:25:43,912 - Iter 16440: obj=-892.162827, change=1.64e-05, α=0.000, ‖θ[1:]‖₁=92.426, h_range=[1.00e-08, 1.18e+01], num_knots=1996
2025-09-01 15:25:44,012 - Iter 16450: obj=-892.173881, change=1.64e-05, α=0.000, ‖θ[1:]‖₁=92.426, h_range=[1.00e-08, 1.18e+01], num_knots=1996
2025-09-01 15:25:44,144 - Iter 16460: obj=-892.184927, change=1.64e-05, α=0.000, ‖θ[1:]‖₁=92.427, h_range=[1.00e-08, 1.18e+01], num_knots=1995
2025-09-01 15:25:44,266 - Iter 16470: obj=-892.195967, change=1.64e-05, α=0.000, ‖θ[1:]‖₁=92.427, h_range=[1.00e-08, 1.18e+01], num_knots=1995
2025-09-01 15:25:44,386 - Iter 16480: obj=-892.207002, change=1.64e-05, α=0.000, ‖θ[1:]‖₁=92.427, h_range=[1.00e-08, 1.18e+01], num_knots=1995
2025-09-01 15:25:44,510 - Iter 16490: obj=-892.218031, change=1.64e-05, α=0.000, ‖θ[1:]‖₁=92.428, h_range=[1.00e-08, 1.18e+01], num_knots=1995
2025-09-01 15:25:44,616 - Iter 16500: obj=-892.229055, change=1.64e-05, α=0.000, ‖θ[1:]‖₁=92.428, h_range=[1.00e-08, 1.18e+01], num_knots=1995
2025-09-01 15:25:44,755 - Iter 16510: obj=-892.240074, change=1.64e-05, α=0.000, ‖θ[1:]‖₁=92.428, h_range=[1.00e-08, 1.18e+01], num_knots=1995
2025-09-01 15:25:44,857 - Iter 16520: obj=-892.251087, change=1.64e-05, α=0.000, ‖θ[1:]‖₁=92.429, h_range=[1.00e-08, 1.18e+01], num_knots=1995
2025-09-01 15:25:44,977 - Iter 16530: obj=-892.262095, change=1.64e-05, α=0.000, ‖θ[1:]‖₁=92.429, h_range=[1.00e-08, 1.18e+01], num_knots=1995
2025-09-01 15:25:45,080 - Iter 16540: obj=-892.273098, change=1.64e-05, α=0.000, ‖θ[1:]‖₁=92.429, h_range=[1.00e-08, 1.18e+01], num_knots=1995
2025-09-01 15:25:45,177 - Iter 16550: obj=-892.284095, change=1.64e-05, α=0.000, ‖θ[1:]‖₁=92.430, h_range=[1.00e-08, 1.18e+01], num_knots=1995
2025-09-01 15:25:45,282 - Iter 16560: obj=-892.295087, change=1.64e-05, α=0.000, ‖θ[1:]‖₁=92.430, h_range=[1.00e-08, 1.18e+01], num_knots=1995
2025-09-01 15:25:45,385 - Iter 16570: obj=-892.306074, change=1.64e-05, α=0.000, ‖θ[1:]‖₁=92.430, h_range=[1.00e-08, 1.18e+01], num_knots=1995
2025-09-01 15:25:45,498 - Iter 16580: obj=-892.317055, change=1.64e-05, α=0.000, ‖θ[1:]‖₁=92.431, h_range=[1.00e-08, 1.18e+01], num_knots=1995
2025-09-01 15:25:45,619 - Iter 16590: obj=-892.328031, change=1.64e-05, α=0.000, ‖θ[1:]‖₁=92.431, h_range=[1.00e-08, 1.18e+01], num_knots=1995
2025-09-01 15:25:45,719 - Iter 16600: obj=-892.339002, change=1.64e-05, α=0.000, ‖θ[1:]‖₁=92.431, h_range=[1.00e-08, 1.18e+01], num_knots=1995
2025-09-01 15:25:45,851 - Iter 16610: obj=-892.349968, change=1.64e-05, α=0.000, ‖θ[1:]‖₁=92.431, h_range=[1.00e-08, 1.18e+01], num_knots=1995
2025-09-01 15:25:45,953 - Iter 16620: obj=-892.360928, change=1.64e-05, α=0.000, ‖θ[1:]‖₁=92.432, h_range=[1.00e-08, 1.18e+01], num_knots=1995
2025-09-01 15:25:46,053 - Iter 16630: obj=-892.371883, change=1.64e-05, α=0.000, ‖θ[1:]‖₁=92.432, h_range=[1.00e-08, 1.18e+01], num_knots=1994
2025-09-01 15:25:46,161 - Iter 16640: obj=-892.382832, change=1.63e-05, α=0.000, ‖θ[1:]‖₁=92.432, h_range=[1.00e-08, 1.18e+01], num_knots=1994
2025-09-01 15:25:46,278 - Iter 16650: obj=-892.393774, change=1.63e-05, α=0.000, ‖θ[1:]‖₁=92.432, h_range=[1.00e-08, 1.18e+01], num_knots=1993
2025-09-01 15:25:46,397 - Iter 16660: obj=-892.404705, change=1.63e-05, α=0.000, ‖θ[1:]‖₁=92.433, h_range=[1.00e-08, 1.18e+01], num_knots=1993
2025-09-01 15:25:46,516 - Iter 16670: obj=-892.415618, change=1.63e-05, α=0.000, ‖θ[1:]‖₁=92.433, h_range=[1.00e-08, 1.18e+01], num_knots=1992
2025-09-01 15:25:46,632 - Iter 16680: obj=-892.426519, change=1.63e-05, α=0.000, ‖θ[1:]‖₁=92.433, h_range=[1.00e-08, 1.18e+01], num_knots=1992
2025-09-01 15:25:46,739 - Iter 16690: obj=-892.437414, change=1.63e-05, α=0.000, ‖θ[1:]‖₁=92.434, h_range=[1.00e-08, 1.18e+01], num_knots=1992
2025-09-01 15:25:46,851 - Iter 16700: obj=-892.448301, change=1.63e-05, α=0.000, ‖θ[1:]‖₁=92.434, h_range=[1.00e-08, 1.18e+01], num_knots=1991
2025-09-01 15:25:46,951 - Iter 16710: obj=-892.459174, change=1.63e-05, α=0.000, ‖θ[1:]‖₁=92.434, h_range=[1.00e-08, 1.18e+01], num_knots=1991
2025-09-01 15:25:47,082 - Iter 16720: obj=-892.470042, change=1.63e-05, α=0.000, ‖θ[1:]‖₁=92.435, h_range=[1.00e-08, 1.18e+01], num_knots=1990
2025-09-01 15:25:47,190 - Iter 16730: obj=-892.480904, change=1.63e-05, α=0.000, ‖θ[1:]‖₁=92.435, h_range=[1.00e-08, 1.18e+01], num_knots=1990
2025-09-01 15:25:47,304 - Iter 16740: obj=-892.491760, change=1.63e-05, α=0.000, ‖θ[1:]‖₁=92.435, h_range=[1.00e-08, 1.18e+01], num_knots=1990
2025-09-01 15:25:47,402 - Iter 16750: obj=-892.502565, change=1.63e-05, α=0.000, ‖θ[1:]‖₁=92.436, h_range=[1.00e-08, 1.18e+01], num_knots=1989
2025-09-01 15:25:47,507 - Iter 16760: obj=-892.513342, change=1.63e-05, α=0.000, ‖θ[1:]‖₁=92.436, h_range=[1.00e-08, 1.18e+01], num_knots=1989
2025-09-01 15:25:47,617 - Iter 16770: obj=-892.524114, change=1.63e-05, α=0.000, ‖θ[1:]‖₁=92.436, h_range=[1.00e-08, 1.18e+01], num_knots=1989
2025-09-01 15:25:47,733 - Iter 16780: obj=-892.534880, change=1.63e-05, α=0.000, ‖θ[1:]‖₁=92.437, h_range=[1.00e-08, 1.18e+01], num_knots=1989
2025-09-01 15:25:47,831 - Iter 16790: obj=-892.545642, change=1.63e-05, α=0.000, ‖θ[1:]‖₁=92.437, h_range=[1.00e-08, 1.18e+01], num_knots=1989
2025-09-01 15:25:47,961 - Iter 16800: obj=-892.556399, change=1.63e-05, α=0.000, ‖θ[1:]‖₁=92.437, h_range=[1.00e-08, 1.18e+01], num_knots=1989
2025-09-01 15:25:48,064 - Iter 16810: obj=-892.567150, change=1.63e-05, α=0.000, ‖θ[1:]‖₁=92.438, h_range=[1.00e-08, 1.18e+01], num_knots=1989
2025-09-01 15:25:48,180 - Iter 16820: obj=-892.577896, change=1.63e-05, α=0.000, ‖θ[1:]‖₁=92.438, h_range=[1.00e-08, 1.18e+01], num_knots=1989
2025-09-01 15:25:48,288 - Iter 16830: obj=-892.588637, change=1.63e-05, α=0.000, ‖θ[1:]‖₁=92.438, h_range=[1.00e-08, 1.18e+01], num_knots=1989
2025-09-01 15:25:48,397 - Iter 16840: obj=-892.599373, change=1.63e-05, α=0.000, ‖θ[1:]‖₁=92.439, h_range=[1.00e-08, 1.18e+01], num_knots=1989
2025-09-01 15:25:48,523 - Iter 16850: obj=-892.610104, change=1.63e-05, α=0.000, ‖θ[1:]‖₁=92.439, h_range=[1.00e-08, 1.18e+01], num_knots=1989
2025-09-01 15:25:48,626 - Iter 16860: obj=-892.620830, change=1.62e-05, α=0.000, ‖θ[1:]‖₁=92.439, h_range=[1.00e-08, 1.18e+01], num_knots=1989
2025-09-01 15:25:48,739 - Iter 16870: obj=-892.631551, change=1.62e-05, α=0.000, ‖θ[1:]‖₁=92.440, h_range=[1.00e-08, 1.18e+01], num_knots=1989
2025-09-01 15:25:48,853 - Iter 16880: obj=-892.642233, change=1.62e-05, α=0.000, ‖θ[1:]‖₁=92.440, h_range=[1.00e-08, 1.18e+01], num_knots=1988
2025-09-01 15:25:48,956 - Iter 16890: obj=-892.652875, change=1.62e-05, α=0.000, ‖θ[1:]‖₁=92.440, h_range=[1.00e-08, 1.18e+01], num_knots=1988
2025-09-01 15:25:49,065 - Iter 16900: obj=-892.663512, change=1.62e-05, α=0.000, ‖θ[1:]‖₁=92.441, h_range=[1.00e-08, 1.18e+01], num_knots=1988
2025-09-01 15:25:49,217 - Iter 16910: obj=-892.674143, change=1.62e-05, α=0.000, ‖θ[1:]‖₁=92.441, h_range=[1.00e-08, 1.18e+01], num_knots=1988
2025-09-01 15:25:49,323 - Iter 16920: obj=-892.684767, change=1.62e-05, α=0.000, ‖θ[1:]‖₁=92.441, h_range=[1.00e-08, 1.18e+01], num_knots=1987
2025-09-01 15:25:49,433 - Iter 16930: obj=-892.695385, change=1.62e-05, α=0.000, ‖θ[1:]‖₁=92.442, h_range=[1.00e-08, 1.18e+01], num_knots=1987
2025-09-01 15:25:49,541 - Iter 16940: obj=-892.705993, change=1.62e-05, α=0.000, ‖θ[1:]‖₁=92.442, h_range=[1.00e-08, 1.18e+01], num_knots=1986
2025-09-01 15:25:49,646 - Iter 16950: obj=-892.716583, change=1.62e-05, α=0.000, ‖θ[1:]‖₁=92.443, h_range=[1.00e-08, 1.18e+01], num_knots=1986
2025-09-01 15:25:49,762 - Iter 16960: obj=-892.727160, change=1.62e-05, α=0.000, ‖θ[1:]‖₁=92.443, h_range=[1.00e-08, 1.18e+01], num_knots=1985
2025-09-01 15:25:49,885 - Iter 16970: obj=-892.737723, change=1.62e-05, α=0.000, ‖θ[1:]‖₁=92.443, h_range=[1.00e-08, 1.18e+01], num_knots=1985
2025-09-01 15:25:50,014 - Iter 16980: obj=-892.748280, change=1.62e-05, α=0.000, ‖θ[1:]‖₁=92.444, h_range=[1.00e-08, 1.18e+01], num_knots=1984
2025-09-01 15:25:50,125 - Iter 16990: obj=-892.758815, change=1.62e-05, α=0.000, ‖θ[1:]‖₁=92.444, h_range=[1.00e-08, 1.18e+01], num_knots=1984
2025-09-01 15:25:50,240 - Iter 17000: obj=-892.769343, change=1.62e-05, α=0.000, ‖θ[1:]‖₁=92.445, h_range=[1.00e-08, 1.18e+01], num_knots=1983
2025-09-01 15:25:50,353 - Iter 17010: obj=-892.779859, change=1.62e-05, α=0.000, ‖θ[1:]‖₁=92.445, h_range=[1.00e-08, 1.18e+01], num_knots=1982
2025-09-01 15:25:50,445 - Iter 17020: obj=-892.790363, change=1.62e-05, α=0.000, ‖θ[1:]‖₁=92.445, h_range=[1.00e-08, 1.18e+01], num_knots=1982
2025-09-01 15:25:50,563 - Iter 17030: obj=-892.800863, change=1.62e-05, α=0.000, ‖θ[1:]‖₁=92.446, h_range=[1.00e-08, 1.18e+01], num_knots=1982
2025-09-01 15:25:50,657 - Iter 17040: obj=-892.811357, change=1.62e-05, α=0.000, ‖θ[1:]‖₁=92.446, h_range=[1.00e-08, 1.18e+01], num_knots=1982
2025-09-01 15:25:50,761 - Iter 17050: obj=-892.821846, change=1.62e-05, α=0.000, ‖θ[1:]‖₁=92.447, h_range=[1.00e-08, 1.18e+01], num_knots=1982
2025-09-01 15:25:50,872 - Iter 17060: obj=-892.832330, change=1.62e-05, α=0.000, ‖θ[1:]‖₁=92.447, h_range=[1.00e-08, 1.18e+01], num_knots=1982
2025-09-01 15:25:50,975 - Iter 17070: obj=-892.842809, change=1.62e-05, α=0.000, ‖θ[1:]‖₁=92.448, h_range=[1.00e-08, 1.18e+01], num_knots=1982
2025-09-01 15:25:51,088 - Iter 17080: obj=-892.853284, change=1.61e-05, α=0.000, ‖θ[1:]‖₁=92.448, h_range=[1.00e-08, 1.18e+01], num_knots=1982
2025-09-01 15:25:51,203 - Iter 17090: obj=-892.863753, change=1.61e-05, α=0.000, ‖θ[1:]‖₁=92.449, h_range=[1.00e-08, 1.18e+01], num_knots=1982
2025-09-01 15:25:51,307 - Iter 17100: obj=-892.874217, change=1.61e-05, α=0.000, ‖θ[1:]‖₁=92.449, h_range=[1.00e-08, 1.18e+01], num_knots=1982
2025-09-01 15:25:51,425 - Iter 17110: obj=-892.884677, change=1.61e-05, α=0.000, ‖θ[1:]‖₁=92.449, h_range=[1.00e-08, 1.18e+01], num_knots=1982
2025-09-01 15:25:51,550 - Iter 17120: obj=-892.895118, change=1.61e-05, α=0.000, ‖θ[1:]‖₁=92.450, h_range=[1.00e-08, 1.18e+01], num_knots=1981
2025-09-01 15:25:51,662 - Iter 17130: obj=-892.905550, change=1.61e-05, α=0.000, ‖θ[1:]‖₁=92.450, h_range=[1.00e-08, 1.18e+01], num_knots=1981
2025-09-01 15:25:51,787 - Iter 17140: obj=-892.915977, change=1.61e-05, α=0.000, ‖θ[1:]‖₁=92.451, h_range=[1.00e-08, 1.18e+01], num_knots=1981
2025-09-01 15:25:51,901 - Iter 17150: obj=-892.926400, change=1.61e-05, α=0.000, ‖θ[1:]‖₁=92.451, h_range=[1.00e-08, 1.18e+01], num_knots=1981
2025-09-01 15:25:52,031 - Iter 17160: obj=-892.936817, change=1.61e-05, α=0.000, ‖θ[1:]‖₁=92.451, h_range=[1.00e-08, 1.18e+01], num_knots=1981
2025-09-01 15:25:52,154 - Iter 17170: obj=-892.947229, change=1.61e-05, α=0.000, ‖θ[1:]‖₁=92.452, h_range=[1.00e-08, 1.18e+01], num_knots=1980
2025-09-01 15:25:52,279 - Iter 17180: obj=-892.957635, change=1.61e-05, α=0.000, ‖θ[1:]‖₁=92.452, h_range=[1.00e-08, 1.18e+01], num_knots=1980
2025-09-01 15:25:52,407 - Iter 17190: obj=-892.968037, change=1.61e-05, α=0.000, ‖θ[1:]‖₁=92.453, h_range=[1.00e-08, 1.18e+01], num_knots=1980
2025-09-01 15:25:52,529 - Iter 17200: obj=-892.978434, change=1.61e-05, α=0.000, ‖θ[1:]‖₁=92.453, h_range=[1.00e-08, 1.18e+01], num_knots=1980
2025-09-01 15:25:52,648 - Iter 17210: obj=-892.988825, change=1.61e-05, α=0.000, ‖θ[1:]‖₁=92.453, h_range=[1.00e-08, 1.18e+01], num_knots=1979
2025-09-01 15:25:52,772 - Iter 17220: obj=-892.999205, change=1.61e-05, α=0.000, ‖θ[1:]‖₁=92.454, h_range=[1.00e-08, 1.18e+01], num_knots=1979
2025-09-01 15:25:52,891 - Iter 17230: obj=-893.009580, change=1.61e-05, α=0.000, ‖θ[1:]‖₁=92.454, h_range=[1.00e-08, 1.18e+01], num_knots=1979
2025-09-01 15:25:53,013 - Iter 17240: obj=-893.019951, change=1.61e-05, α=0.000, ‖θ[1:]‖₁=92.455, h_range=[1.00e-08, 1.18e+01], num_knots=1979
2025-09-01 15:25:53,131 - Iter 17250: obj=-893.030316, change=1.61e-05, α=0.000, ‖θ[1:]‖₁=92.455, h_range=[1.00e-08, 1.18e+01], num_knots=1979
2025-09-01 15:25:53,253 - Iter 17260: obj=-893.040677, change=1.61e-05, α=0.000, ‖θ[1:]‖₁=92.455, h_range=[1.00e-08, 1.18e+01], num_knots=1979
2025-09-01 15:25:53,374 - Iter 17270: obj=-893.050994, change=1.61e-05, α=0.000, ‖θ[1:]‖₁=92.456, h_range=[1.00e-08, 1.18e+01], num_knots=1978
2025-09-01 15:25:53,503 - Iter 17280: obj=-893.061277, change=1.61e-05, α=0.000, ‖θ[1:]‖₁=92.456, h_range=[1.00e-08, 1.18e+01], num_knots=1979
2025-09-01 15:25:53,630 - Iter 17290: obj=-893.071555, change=1.61e-05, α=0.000, ‖θ[1:]‖₁=92.457, h_range=[1.00e-08, 1.18e+01], num_knots=1979
2025-09-01 15:25:53,755 - Iter 17300: obj=-893.081829, change=1.61e-05, α=0.000, ‖θ[1:]‖₁=92.457, h_range=[1.00e-08, 1.18e+01], num_knots=1979
2025-09-01 15:25:53,886 - Iter 17310: obj=-893.092097, change=1.60e-05, α=0.000, ‖θ[1:]‖₁=92.458, h_range=[1.00e-08, 1.18e+01], num_knots=1979
2025-09-01 15:25:54,001 - Iter 17320: obj=-893.102361, change=1.60e-05, α=0.000, ‖θ[1:]‖₁=92.458, h_range=[1.00e-08, 1.18e+01], num_knots=1979
2025-09-01 15:25:54,122 - Iter 17330: obj=-893.112620, change=1.60e-05, α=0.000, ‖θ[1:]‖₁=92.458, h_range=[1.00e-08, 1.18e+01], num_knots=1979
2025-09-01 15:25:54,243 - Iter 17340: obj=-893.122874, change=1.60e-05, α=0.000, ‖θ[1:]‖₁=92.459, h_range=[1.00e-08, 1.18e+01], num_knots=1979
2025-09-01 15:25:54,369 - Iter 17350: obj=-893.133123, change=1.60e-05, α=0.000, ‖θ[1:]‖₁=92.459, h_range=[1.00e-08, 1.18e+01], num_knots=1979
2025-09-01 15:25:54,501 - Iter 17360: obj=-893.143368, change=1.60e-05, α=0.000, ‖θ[1:]‖₁=92.460, h_range=[1.00e-08, 1.18e+01], num_knots=1979
2025-09-01 15:25:54,626 - Iter 17370: obj=-893.153608, change=1.60e-05, α=0.000, ‖θ[1:]‖₁=92.460, h_range=[1.00e-08, 1.18e+01], num_knots=1979
2025-09-01 15:25:54,752 - Iter 17380: obj=-893.163843, change=1.60e-05, α=0.000, ‖θ[1:]‖₁=92.460, h_range=[1.00e-08, 1.18e+01], num_knots=1979
2025-09-01 15:25:54,883 - Iter 17390: obj=-893.174074, change=1.60e-05, α=0.000, ‖θ[1:]‖₁=92.461, h_range=[1.00e-08, 1.18e+01], num_knots=1979
2025-09-01 15:25:55,039 - Iter 17400: obj=-893.184300, change=1.60e-05, α=0.000, ‖θ[1:]‖₁=92.461, h_range=[1.00e-08, 1.18e+01], num_knots=1979
2025-09-01 15:25:55,143 - Iter 17410: obj=-893.194521, change=1.60e-05, α=0.000, ‖θ[1:]‖₁=92.461, h_range=[1.00e-08, 1.18e+01], num_knots=1979
2025-09-01 15:25:55,268 - Iter 17420: obj=-893.204737, change=1.60e-05, α=0.000, ‖θ[1:]‖₁=92.462, h_range=[1.00e-08, 1.18e+01], num_knots=1979
2025-09-01 15:25:55,407 - Iter 17430: obj=-893.214949, change=1.60e-05, α=0.000, ‖θ[1:]‖₁=92.462, h_range=[1.00e-08, 1.18e+01], num_knots=1979
2025-09-01 15:25:55,527 - Iter 17440: obj=-893.225156, change=1.60e-05, α=0.000, ‖θ[1:]‖₁=92.462, h_range=[1.00e-08, 1.18e+01], num_knots=1979
2025-09-01 15:25:55,657 - Iter 17450: obj=-893.235358, change=1.60e-05, α=0.000, ‖θ[1:]‖₁=92.463, h_range=[1.00e-08, 1.18e+01], num_knots=1979
2025-09-01 15:25:55,782 - Iter 17460: obj=-893.245556, change=1.60e-05, α=0.000, ‖θ[1:]‖₁=92.463, h_range=[1.00e-08, 1.18e+01], num_knots=1979
2025-09-01 15:25:55,913 - Iter 17470: obj=-893.255749, change=1.60e-05, α=0.000, ‖θ[1:]‖₁=92.463, h_range=[1.00e-08, 1.18e+01], num_knots=1979
2025-09-01 15:25:56,040 - Iter 17480: obj=-893.265937, change=1.60e-05, α=0.000, ‖θ[1:]‖₁=92.464, h_range=[1.00e-08, 1.18e+01], num_knots=1979
2025-09-01 15:25:56,168 - Iter 17490: obj=-893.276121, change=1.60e-05, α=0.000, ‖θ[1:]‖₁=92.464, h_range=[1.00e-08, 1.18e+01], num_knots=1979
2025-09-01 15:25:56,291 - Iter 17500: obj=-893.286300, change=1.60e-05, α=0.000, ‖θ[1:]‖₁=92.464, h_range=[1.00e-08, 1.18e+01], num_knots=1979
2025-09-01 15:25:56,417 - Iter 17510: obj=-893.296459, change=1.60e-05, α=0.000, ‖θ[1:]‖₁=92.465, h_range=[1.00e-08, 1.18e+01], num_knots=1977
2025-09-01 15:25:56,547 - Iter 17520: obj=-893.306608, change=1.60e-05, α=0.000, ‖θ[1:]‖₁=92.465, h_range=[1.00e-08, 1.18e+01], num_knots=1977
2025-09-01 15:25:56,679 - Iter 17530: obj=-893.316753, change=1.60e-05, α=0.000, ‖θ[1:]‖₁=92.465, h_range=[1.00e-08, 1.18e+01], num_knots=1977
2025-09-01 15:25:56,801 - Iter 17540: obj=-893.326893, change=1.60e-05, α=0.000, ‖θ[1:]‖₁=92.466, h_range=[1.00e-08, 1.18e+01], num_knots=1977
2025-09-01 15:25:56,930 - Iter 17550: obj=-893.337029, change=1.60e-05, α=0.000, ‖θ[1:]‖₁=92.466, h_range=[1.00e-08, 1.18e+01], num_knots=1977
2025-09-01 15:25:57,051 - Iter 17560: obj=-893.347160, change=1.59e-05, α=0.000, ‖θ[1:]‖₁=92.466, h_range=[1.00e-08, 1.18e+01], num_knots=1977
2025-09-01 15:25:57,182 - Iter 17570: obj=-893.357286, change=1.59e-05, α=0.000, ‖θ[1:]‖₁=92.467, h_range=[1.00e-08, 1.18e+01], num_knots=1977
2025-09-01 15:25:57,300 - Iter 17580: obj=-893.367408, change=1.59e-05, α=0.000, ‖θ[1:]‖₁=92.467, h_range=[1.00e-08, 1.18e+01], num_knots=1977
2025-09-01 15:25:57,421 - Iter 17590: obj=-893.377505, change=1.59e-05, α=0.000, ‖θ[1:]‖₁=92.467, h_range=[1.00e-08, 1.18e+01], num_knots=1976
2025-09-01 15:25:57,552 - Iter 17600: obj=-893.387550, change=1.59e-05, α=0.000, ‖θ[1:]‖₁=92.467, h_range=[1.00e-08, 1.18e+01], num_knots=1976
2025-09-01 15:25:57,677 - Iter 17610: obj=-893.397590, change=1.59e-05, α=0.000, ‖θ[1:]‖₁=92.468, h_range=[1.00e-08, 1.18e+01], num_knots=1976
2025-09-01 15:25:57,800 - Iter 17620: obj=-893.407626, change=1.59e-05, α=0.000, ‖θ[1:]‖₁=92.468, h_range=[1.00e-08, 1.18e+01], num_knots=1977
2025-09-01 15:25:57,918 - Iter 17630: obj=-893.417657, change=1.59e-05, α=0.000, ‖θ[1:]‖₁=92.469, h_range=[1.00e-08, 1.18e+01], num_knots=1977
2025-09-01 15:25:58,048 - Iter 17640: obj=-893.427684, change=1.59e-05, α=0.000, ‖θ[1:]‖₁=92.469, h_range=[1.00e-08, 1.18e+01], num_knots=1977
2025-09-01 15:25:58,178 - Iter 17650: obj=-893.437706, change=1.59e-05, α=0.000, ‖θ[1:]‖₁=92.469, h_range=[1.00e-08, 1.18e+01], num_knots=1977
2025-09-01 15:25:58,307 - Iter 17660: obj=-893.447723, change=1.59e-05, α=0.000, ‖θ[1:]‖₁=92.469, h_range=[1.00e-08, 1.18e+01], num_knots=1976
2025-09-01 15:25:58,428 - Iter 17670: obj=-893.457733, change=1.59e-05, α=0.000, ‖θ[1:]‖₁=92.470, h_range=[1.00e-08, 1.18e+01], num_knots=1976
2025-09-01 15:25:58,559 - Iter 17680: obj=-893.467739, change=1.59e-05, α=0.000, ‖θ[1:]‖₁=92.470, h_range=[1.00e-08, 1.18e+01], num_knots=1976
2025-09-01 15:25:58,682 - Iter 17690: obj=-893.477740, change=1.59e-05, α=0.000, ‖θ[1:]‖₁=92.470, h_range=[1.00e-08, 1.18e+01], num_knots=1976
2025-09-01 15:25:58,799 - Iter 17700: obj=-893.487736, change=1.59e-05, α=0.000, ‖θ[1:]‖₁=92.471, h_range=[1.00e-08, 1.18e+01], num_knots=1975
2025-09-01 15:25:58,928 - Iter 17710: obj=-893.497726, change=1.59e-05, α=0.000, ‖θ[1:]‖₁=92.471, h_range=[1.00e-08, 1.18e+01], num_knots=1975
2025-09-01 15:25:59,052 - Iter 17720: obj=-893.507708, change=1.59e-05, α=0.000, ‖θ[1:]‖₁=92.471, h_range=[1.00e-08, 1.18e+01], num_knots=1974
2025-09-01 15:25:59,172 - Iter 17730: obj=-893.517672, change=1.59e-05, α=0.000, ‖θ[1:]‖₁=92.472, h_range=[1.00e-08, 1.18e+01], num_knots=1974
2025-09-01 15:25:59,295 - Iter 17740: obj=-893.527632, change=1.59e-05, α=0.000, ‖θ[1:]‖₁=92.472, h_range=[1.00e-08, 1.18e+01], num_knots=1974
2025-09-01 15:25:59,417 - Iter 17750: obj=-893.537588, change=1.59e-05, α=0.000, ‖θ[1:]‖₁=92.472, h_range=[1.00e-08, 1.18e+01], num_knots=1973
2025-09-01 15:25:59,535 - Iter 17760: obj=-893.547523, change=1.59e-05, α=0.000, ‖θ[1:]‖₁=92.473, h_range=[1.00e-08, 1.18e+01], num_knots=1973
2025-09-01 15:25:59,670 - Iter 17770: obj=-893.557452, change=1.59e-05, α=0.000, ‖θ[1:]‖₁=92.473, h_range=[1.00e-08, 1.18e+01], num_knots=1973
2025-09-01 15:25:59,848 - Iter 17780: obj=-893.567377, change=1.59e-05, α=0.000, ‖θ[1:]‖₁=92.473, h_range=[1.00e-08, 1.18e+01], num_knots=1973
2025-09-01 15:26:00,001 - Iter 17790: obj=-893.577298, change=1.59e-05, α=0.000, ‖θ[1:]‖₁=92.474, h_range=[1.00e-08, 1.18e+01], num_knots=1973
2025-09-01 15:26:00,129 - Iter 17800: obj=-893.587214, change=1.58e-05, α=0.000, ‖θ[1:]‖₁=92.474, h_range=[1.00e-08, 1.18e+01], num_knots=1973
2025-09-01 15:26:00,252 - Iter 17810: obj=-893.597125, change=1.58e-05, α=0.000, ‖θ[1:]‖₁=92.474, h_range=[1.00e-08, 1.18e+01], num_knots=1973
2025-09-01 15:26:00,381 - Iter 17820: obj=-893.607030, change=1.58e-05, α=0.000, ‖θ[1:]‖₁=92.475, h_range=[1.00e-08, 1.18e+01], num_knots=1972
2025-09-01 15:26:00,513 - Iter 17830: obj=-893.616914, change=1.58e-05, α=0.000, ‖θ[1:]‖₁=92.475, h_range=[1.00e-08, 1.18e+01], num_knots=1972
2025-09-01 15:26:00,638 - Iter 17840: obj=-893.626794, change=1.58e-05, α=0.000, ‖θ[1:]‖₁=92.475, h_range=[1.00e-08, 1.18e+01], num_knots=1972
2025-09-01 15:26:00,763 - Iter 17850: obj=-893.636670, change=1.58e-05, α=0.000, ‖θ[1:]‖₁=92.476, h_range=[1.00e-08, 1.18e+01], num_knots=1972
2025-09-01 15:26:00,887 - Iter 17860: obj=-893.646541, change=1.58e-05, α=0.000, ‖θ[1:]‖₁=92.476, h_range=[1.00e-08, 1.18e+01], num_knots=1972
2025-09-01 15:26:01,009 - Iter 17870: obj=-893.656403, change=1.58e-05, α=0.000, ‖θ[1:]‖₁=92.476, h_range=[1.00e-08, 1.18e+01], num_knots=1971
2025-09-01 15:26:01,139 - Iter 17880: obj=-893.666197, change=1.58e-05, α=0.000, ‖θ[1:]‖₁=92.477, h_range=[1.00e-08, 1.18e+01], num_knots=1971
2025-09-01 15:26:01,271 - Iter 17890: obj=-893.675986, change=1.58e-05, α=0.000, ‖θ[1:]‖₁=92.477, h_range=[1.00e-08, 1.18e+01], num_knots=1971
2025-09-01 15:26:01,404 - Iter 17900: obj=-893.685771, change=1.58e-05, α=0.000, ‖θ[1:]‖₁=92.478, h_range=[1.00e-08, 1.18e+01], num_knots=1971
2025-09-01 15:26:01,546 - Iter 17910: obj=-893.695550, change=1.58e-05, α=0.000, ‖θ[1:]‖₁=92.478, h_range=[1.00e-08, 1.18e+01], num_knots=1970
2025-09-01 15:26:01,671 - Iter 17920: obj=-893.705308, change=1.58e-05, α=0.000, ‖θ[1:]‖₁=92.478, h_range=[1.00e-08, 1.18e+01], num_knots=1970
2025-09-01 15:26:01,807 - Iter 17930: obj=-893.715061, change=1.58e-05, α=0.000, ‖θ[1:]‖₁=92.479, h_range=[1.00e-08, 1.18e+01], num_knots=1970
2025-09-01 15:26:01,933 - Iter 17940: obj=-893.724810, change=1.58e-05, α=0.000, ‖θ[1:]‖₁=92.479, h_range=[1.00e-08, 1.18e+01], num_knots=1970
2025-09-01 15:26:02,060 - Iter 17950: obj=-893.734554, change=1.58e-05, α=0.000, ‖θ[1:]‖₁=92.480, h_range=[1.00e-08, 1.18e+01], num_knots=1970
2025-09-01 15:26:02,196 - Iter 17960: obj=-893.744295, change=1.58e-05, α=0.000, ‖θ[1:]‖₁=92.480, h_range=[1.00e-08, 1.18e+01], num_knots=1970
2025-09-01 15:26:02,334 - Iter 17970: obj=-893.754030, change=1.58e-05, α=0.000, ‖θ[1:]‖₁=92.480, h_range=[1.00e-08, 1.18e+01], num_knots=1970
2025-09-01 15:26:02,473 - Iter 17980: obj=-893.763762, change=1.58e-05, α=0.000, ‖θ[1:]‖₁=92.481, h_range=[1.00e-08, 1.18e+01], num_knots=1970
2025-09-01 15:26:02,612 - Iter 17990: obj=-893.773489, change=1.58e-05, α=0.000, ‖θ[1:]‖₁=92.481, h_range=[1.00e-08, 1.18e+01], num_knots=1970
2025-09-01 15:26:02,763 - Iter 18000: obj=-893.783193, change=1.58e-05, α=0.000, ‖θ[1:]‖₁=92.481, h_range=[1.00e-08, 1.18e+01], num_knots=1969
2025-09-01 15:26:02,923 - Iter 18010: obj=-893.792831, change=1.58e-05, α=0.000, ‖θ[1:]‖₁=92.482, h_range=[1.00e-08, 1.18e+01], num_knots=1968
2025-09-01 15:26:03,099 - Iter 18020: obj=-893.802460, change=1.58e-05, α=0.000, ‖θ[1:]‖₁=92.482, h_range=[1.00e-08, 1.18e+01], num_knots=1968
2025-09-01 15:26:03,233 - Iter 18030: obj=-893.812068, change=1.57e-05, α=0.000, ‖θ[1:]‖₁=92.483, h_range=[1.00e-08, 1.18e+01], num_knots=1967
2025-09-01 15:26:03,359 - Iter 18040: obj=-893.821671, change=1.57e-05, α=0.000, ‖θ[1:]‖₁=92.483, h_range=[1.00e-08, 1.18e+01], num_knots=1967
2025-09-01 15:26:03,485 - Iter 18050: obj=-893.831268, change=1.57e-05, α=0.000, ‖θ[1:]‖₁=92.484, h_range=[1.00e-08, 1.18e+01], num_knots=1967
2025-09-01 15:26:03,606 - Iter 18060: obj=-893.840862, change=1.57e-05, α=0.000, ‖θ[1:]‖₁=92.484, h_range=[1.00e-08, 1.18e+01], num_knots=1967
2025-09-01 15:26:03,727 - Iter 18070: obj=-893.850451, change=1.57e-05, α=0.000, ‖θ[1:]‖₁=92.485, h_range=[1.00e-08, 1.18e+01], num_knots=1967
2025-09-01 15:26:03,870 - Iter 18080: obj=-893.860036, change=1.57e-05, α=0.000, ‖θ[1:]‖₁=92.485, h_range=[1.00e-08, 1.18e+01], num_knots=1967
2025-09-01 15:26:04,005 - Iter 18090: obj=-893.869616, change=1.57e-05, α=0.000, ‖θ[1:]‖₁=92.486, h_range=[1.00e-08, 1.18e+01], num_knots=1967
2025-09-01 15:26:04,126 - Iter 18100: obj=-893.879192, change=1.57e-05, α=0.000, ‖θ[1:]‖₁=92.486, h_range=[1.00e-08, 1.18e+01], num_knots=1967
2025-09-01 15:26:04,262 - Iter 18110: obj=-893.888764, change=1.57e-05, α=0.000, ‖θ[1:]‖₁=92.487, h_range=[1.00e-08, 1.18e+01], num_knots=1967
2025-09-01 15:26:04,395 - Iter 18120: obj=-893.898332, change=1.57e-05, α=0.000, ‖θ[1:]‖₁=92.487, h_range=[1.00e-08, 1.18e+01], num_knots=1967
2025-09-01 15:26:04,520 - Iter 18130: obj=-893.907895, change=1.57e-05, α=0.000, ‖θ[1:]‖₁=92.488, h_range=[1.00e-08, 1.18e+01], num_knots=1967
2025-09-01 15:26:04,653 - Iter 18140: obj=-893.917454, change=1.57e-05, α=0.000, ‖θ[1:]‖₁=92.488, h_range=[1.00e-08, 1.18e+01], num_knots=1967
2025-09-01 15:26:04,784 - Iter 18150: obj=-893.927008, change=1.57e-05, α=0.000, ‖θ[1:]‖₁=92.489, h_range=[1.00e-08, 1.18e+01], num_knots=1967
2025-09-01 15:26:04,924 - Iter 18160: obj=-893.936559, change=1.57e-05, α=0.000, ‖θ[1:]‖₁=92.489, h_range=[1.00e-08, 1.18e+01], num_knots=1967
2025-09-01 15:26:05,118 - Iter 18170: obj=-893.946104, change=1.57e-05, α=0.000, ‖θ[1:]‖₁=92.489, h_range=[1.00e-08, 1.18e+01], num_knots=1966
2025-09-01 15:26:05,246 - Iter 18180: obj=-893.955644, change=1.57e-05, α=0.000, ‖θ[1:]‖₁=92.490, h_range=[1.00e-08, 1.18e+01], num_knots=1966
2025-09-01 15:26:05,375 - Iter 18190: obj=-893.965177, change=1.57e-05, α=0.000, ‖θ[1:]‖₁=92.490, h_range=[1.00e-08, 1.18e+01], num_knots=1965
2025-09-01 15:26:05,501 - Iter 18200: obj=-893.974680, change=1.57e-05, α=0.000, ‖θ[1:]‖₁=92.491, h_range=[1.00e-08, 1.18e+01], num_knots=1963
2025-09-01 15:26:05,629 - Iter 18210: obj=-893.984169, change=1.57e-05, α=0.000, ‖θ[1:]‖₁=92.491, h_range=[1.00e-08, 1.18e+01], num_knots=1963
2025-09-01 15:26:05,762 - Iter 18220: obj=-893.993655, change=1.57e-05, α=0.000, ‖θ[1:]‖₁=92.492, h_range=[1.00e-08, 1.18e+01], num_knots=1963
2025-09-01 15:26:05,906 - Iter 18230: obj=-894.003136, change=1.57e-05, α=0.000, ‖θ[1:]‖₁=92.492, h_range=[1.00e-08, 1.18e+01], num_knots=1963
2025-09-01 15:26:06,041 - Iter 18240: obj=-894.012613, change=1.57e-05, α=0.000, ‖θ[1:]‖₁=92.493, h_range=[1.00e-08, 1.18e+01], num_knots=1963
2025-09-01 15:26:06,160 - Iter 18250: obj=-894.022085, change=1.57e-05, α=0.000, ‖θ[1:]‖₁=92.493, h_range=[1.00e-08, 1.18e+01], num_knots=1963
2025-09-01 15:26:06,302 - Iter 18260: obj=-894.031553, change=1.57e-05, α=0.000, ‖θ[1:]‖₁=92.494, h_range=[1.00e-08, 1.18e+01], num_knots=1963
2025-09-01 15:26:06,435 - Iter 18270: obj=-894.041018, change=1.57e-05, α=0.000, ‖θ[1:]‖₁=92.494, h_range=[1.00e-08, 1.18e+01], num_knots=1963
2025-09-01 15:26:06,558 - Iter 18280: obj=-894.050476, change=1.57e-05, α=0.000, ‖θ[1:]‖₁=92.495, h_range=[1.00e-08, 1.18e+01], num_knots=1962
2025-09-01 15:26:06,675 - Iter 18290: obj=-894.059929, change=1.57e-05, α=0.000, ‖θ[1:]‖₁=92.495, h_range=[1.00e-08, 1.18e+01], num_knots=1962
2025-09-01 15:26:06,814 - Iter 18300: obj=-894.069377, change=1.56e-05, α=0.000, ‖θ[1:]‖₁=92.496, h_range=[1.00e-08, 1.18e+01], num_knots=1962
2025-09-01 15:26:06,946 - Iter 18310: obj=-894.078822, change=1.56e-05, α=0.000, ‖θ[1:]‖₁=92.496, h_range=[1.00e-08, 1.18e+01], num_knots=1962
2025-09-01 15:26:07,069 - Iter 18320: obj=-894.088262, change=1.56e-05, α=0.000, ‖θ[1:]‖₁=92.497, h_range=[1.00e-08, 1.18e+01], num_knots=1962
2025-09-01 15:26:07,180 - Iter 18330: obj=-894.097698, change=1.56e-05, α=0.000, ‖θ[1:]‖₁=92.497, h_range=[1.00e-08, 1.18e+01], num_knots=1962
2025-09-01 15:26:07,309 - Iter 18340: obj=-894.107130, change=1.56e-05, α=0.000, ‖θ[1:]‖₁=92.498, h_range=[1.00e-08, 1.18e+01], num_knots=1962
2025-09-01 15:26:07,431 - Iter 18350: obj=-894.116558, change=1.56e-05, α=0.000, ‖θ[1:]‖₁=92.498, h_range=[1.00e-08, 1.18e+01], num_knots=1962
2025-09-01 15:26:07,563 - Iter 18360: obj=-894.125982, change=1.56e-05, α=0.000, ‖θ[1:]‖₁=92.498, h_range=[1.00e-08, 1.18e+01], num_knots=1962
2025-09-01 15:26:07,752 - Iter 18370: obj=-894.135401, change=1.56e-05, α=0.000, ‖θ[1:]‖₁=92.499, h_range=[1.00e-08, 1.18e+01], num_knots=1962
2025-09-01 15:26:07,923 - Iter 18380: obj=-894.144816, change=1.56e-05, α=0.000, ‖θ[1:]‖₁=92.499, h_range=[1.00e-08, 1.18e+01], num_knots=1962
2025-09-01 15:26:08,083 - Iter 18390: obj=-894.154227, change=1.56e-05, α=0.000, ‖θ[1:]‖₁=92.500, h_range=[1.00e-08, 1.18e+01], num_knots=1962
2025-09-01 15:26:08,198 - Iter 18400: obj=-894.163634, change=1.56e-05, α=0.000, ‖θ[1:]‖₁=92.500, h_range=[1.00e-08, 1.18e+01], num_knots=1962
2025-09-01 15:26:08,335 - Iter 18410: obj=-894.173037, change=1.56e-05, α=0.000, ‖θ[1:]‖₁=92.501, h_range=[1.00e-08, 1.18e+01], num_knots=1962
2025-09-01 15:26:08,456 - Iter 18420: obj=-894.182436, change=1.56e-05, α=0.000, ‖θ[1:]‖₁=92.501, h_range=[1.00e-08, 1.18e+01], num_knots=1962
2025-09-01 15:26:08,588 - Iter 18430: obj=-894.191831, change=1.56e-05, α=0.000, ‖θ[1:]‖₁=92.501, h_range=[1.00e-08, 1.18e+01], num_knots=1962
2025-09-01 15:26:08,713 - Iter 18440: obj=-894.201221, change=1.56e-05, α=0.000, ‖θ[1:]‖₁=92.502, h_range=[1.00e-08, 1.18e+01], num_knots=1962
2025-09-01 15:26:08,838 - Iter 18450: obj=-894.210608, change=1.56e-05, α=0.000, ‖θ[1:]‖₁=92.502, h_range=[1.00e-08, 1.18e+01], num_knots=1962
2025-09-01 15:26:08,953 - Iter 18460: obj=-894.219990, change=1.56e-05, α=0.000, ‖θ[1:]‖₁=92.503, h_range=[1.00e-08, 1.18e+01], num_knots=1962
2025-09-01 15:26:09,078 - Iter 18470: obj=-894.229368, change=1.56e-05, α=0.000, ‖θ[1:]‖₁=92.503, h_range=[1.00e-08, 1.18e+01], num_knots=1961
2025-09-01 15:26:09,209 - Iter 18480: obj=-894.238736, change=1.56e-05, α=0.000, ‖θ[1:]‖₁=92.503, h_range=[1.00e-08, 1.18e+01], num_knots=1961
2025-09-01 15:26:09,452 - Iter 18490: obj=-894.248098, change=1.56e-05, α=0.000, ‖θ[1:]‖₁=92.504, h_range=[1.00e-08, 1.18e+01], num_knots=1960
2025-09-01 15:26:09,587 - Iter 18500: obj=-894.257456, change=1.56e-05, α=0.000, ‖θ[1:]‖₁=92.504, h_range=[1.00e-08, 1.18e+01], num_knots=1960
2025-09-01 15:26:09,699 - Iter 18510: obj=-894.266810, change=1.56e-05, α=0.000, ‖θ[1:]‖₁=92.505, h_range=[1.00e-08, 1.18e+01], num_knots=1960
2025-09-01 15:26:09,832 - Iter 18520: obj=-894.276160, change=1.56e-05, α=0.000, ‖θ[1:]‖₁=92.505, h_range=[1.00e-08, 1.18e+01], num_knots=1960
2025-09-01 15:26:09,958 - Iter 18530: obj=-894.285499, change=1.56e-05, α=0.000, ‖θ[1:]‖₁=92.505, h_range=[1.00e-08, 1.18e+01], num_knots=1959
2025-09-01 15:26:10,083 - Iter 18540: obj=-894.294824, change=1.56e-05, α=0.000, ‖θ[1:]‖₁=92.506, h_range=[1.00e-08, 1.18e+01], num_knots=1959
2025-09-01 15:26:10,213 - Iter 18550: obj=-894.304144, change=1.56e-05, α=0.000, ‖θ[1:]‖₁=92.506, h_range=[1.00e-08, 1.18e+01], num_knots=1958
2025-09-01 15:26:10,344 - Iter 18560: obj=-894.313458, change=1.56e-05, α=0.000, ‖θ[1:]‖₁=92.507, h_range=[1.00e-08, 1.18e+01], num_knots=1958
2025-09-01 15:26:10,483 - Iter 18570: obj=-894.322766, change=1.56e-05, α=0.000, ‖θ[1:]‖₁=92.507, h_range=[1.00e-08, 1.18e+01], num_knots=1957
2025-09-01 15:26:10,618 - Iter 18580: obj=-894.332065, change=1.55e-05, α=0.000, ‖θ[1:]‖₁=92.507, h_range=[1.00e-08, 1.18e+01], num_knots=1957
2025-09-01 15:26:10,754 - Iter 18590: obj=-894.341361, change=1.55e-05, α=0.000, ‖θ[1:]‖₁=92.508, h_range=[1.00e-08, 1.18e+01], num_knots=1957
2025-09-01 15:26:10,894 - Iter 18600: obj=-894.350652, change=1.55e-05, α=0.000, ‖θ[1:]‖₁=92.508, h_range=[1.00e-08, 1.18e+01], num_knots=1957
2025-09-01 15:26:11,025 - Iter 18610: obj=-894.359933, change=1.55e-05, α=0.000, ‖θ[1:]‖₁=92.509, h_range=[1.00e-08, 1.18e+01], num_knots=1955
2025-09-01 15:26:11,165 - Iter 18620: obj=-894.369134, change=1.55e-05, α=0.000, ‖θ[1:]‖₁=92.509, h_range=[1.00e-08, 1.18e+01], num_knots=1956
2025-09-01 15:26:11,304 - Iter 18630: obj=-894.378330, change=1.55e-05, α=0.000, ‖θ[1:]‖₁=92.510, h_range=[1.00e-08, 1.18e+01], num_knots=1956
2025-09-01 15:26:11,439 - Iter 18640: obj=-894.387522, change=1.55e-05, α=0.000, ‖θ[1:]‖₁=92.510, h_range=[1.00e-08, 1.18e+01], num_knots=1956
2025-09-01 15:26:11,569 - Iter 18650: obj=-894.396711, change=1.55e-05, α=0.000, ‖θ[1:]‖₁=92.511, h_range=[1.00e-08, 1.18e+01], num_knots=1956
2025-09-01 15:26:11,702 - Iter 18660: obj=-894.405895, change=1.55e-05, α=0.000, ‖θ[1:]‖₁=92.511, h_range=[1.00e-08, 1.18e+01], num_knots=1956
2025-09-01 15:26:11,861 - Iter 18670: obj=-894.415076, change=1.55e-05, α=0.000, ‖θ[1:]‖₁=92.512, h_range=[1.00e-08, 1.18e+01], num_knots=1956
2025-09-01 15:26:12,008 - Iter 18680: obj=-894.424252, change=1.55e-05, α=0.000, ‖θ[1:]‖₁=92.512, h_range=[1.00e-08, 1.18e+01], num_knots=1956
2025-09-01 15:26:12,140 - Iter 18690: obj=-894.433425, change=1.55e-05, α=0.000, ‖θ[1:]‖₁=92.513, h_range=[1.00e-08, 1.18e+01], num_knots=1956
2025-09-01 15:26:12,279 - Iter 18700: obj=-894.442593, change=1.55e-05, α=0.000, ‖θ[1:]‖₁=92.513, h_range=[1.00e-08, 1.18e+01], num_knots=1956
2025-09-01 15:26:12,405 - Iter 18710: obj=-894.451757, change=1.55e-05, α=0.000, ‖θ[1:]‖₁=92.514, h_range=[1.00e-08, 1.18e+01], num_knots=1956
2025-09-01 15:26:12,541 - Iter 18720: obj=-894.460918, change=1.55e-05, α=0.000, ‖θ[1:]‖₁=92.514, h_range=[1.00e-08, 1.18e+01], num_knots=1956
2025-09-01 15:26:12,675 - Iter 18730: obj=-894.470075, change=1.55e-05, α=0.000, ‖θ[1:]‖₁=92.515, h_range=[1.00e-08, 1.18e+01], num_knots=1956
2025-09-01 15:26:12,805 - Iter 18740: obj=-894.479227, change=1.55e-05, α=0.000, ‖θ[1:]‖₁=92.515, h_range=[1.00e-08, 1.18e+01], num_knots=1956
2025-09-01 15:26:12,922 - Iter 18750: obj=-894.488376, change=1.55e-05, α=0.000, ‖θ[1:]‖₁=92.516, h_range=[1.00e-08, 1.18e+01], num_knots=1956
2025-09-01 15:26:13,067 - Iter 18760: obj=-894.497520, change=1.55e-05, α=0.000, ‖θ[1:]‖₁=92.516, h_range=[1.00e-08, 1.18e+01], num_knots=1956
2025-09-01 15:26:13,175 - Iter 18770: obj=-894.506661, change=1.55e-05, α=0.000, ‖θ[1:]‖₁=92.517, h_range=[1.00e-08, 1.18e+01], num_knots=1956
2025-09-01 15:26:13,310 - Iter 18780: obj=-894.515798, change=1.55e-05, α=0.000, ‖θ[1:]‖₁=92.517, h_range=[1.00e-08, 1.18e+01], num_knots=1956
2025-09-01 15:26:13,454 - Iter 18790: obj=-894.524931, change=1.55e-05, α=0.000, ‖θ[1:]‖₁=92.517, h_range=[1.00e-08, 1.18e+01], num_knots=1956
2025-09-01 15:26:13,572 - Iter 18800: obj=-894.534060, change=1.55e-05, α=0.000, ‖θ[1:]‖₁=92.518, h_range=[1.00e-08, 1.18e+01], num_knots=1956
2025-09-01 15:26:13,697 - Iter 18810: obj=-894.543185, change=1.55e-05, α=0.000, ‖θ[1:]‖₁=92.518, h_range=[1.00e-08, 1.18e+01], num_knots=1956
2025-09-01 15:26:13,821 - Iter 18820: obj=-894.552306, change=1.55e-05, α=0.000, ‖θ[1:]‖₁=92.519, h_range=[1.00e-08, 1.18e+01], num_knots=1956
2025-09-01 15:26:13,945 - Iter 18830: obj=-894.561423, change=1.55e-05, α=0.000, ‖θ[1:]‖₁=92.519, h_range=[1.00e-08, 1.18e+01], num_knots=1956
2025-09-01 15:26:14,078 - Iter 18840: obj=-894.570536, change=1.55e-05, α=0.000, ‖θ[1:]‖₁=92.519, h_range=[1.00e-08, 1.18e+01], num_knots=1956
2025-09-01 15:26:14,217 - Iter 18850: obj=-894.579646, change=1.54e-05, α=0.000, ‖θ[1:]‖₁=92.520, h_range=[1.00e-08, 1.18e+01], num_knots=1956
2025-09-01 15:26:14,351 - Iter 18860: obj=-894.588750, change=1.54e-05, α=0.000, ‖θ[1:]‖₁=92.520, h_range=[1.00e-08, 1.18e+01], num_knots=1955
2025-09-01 15:26:14,479 - Iter 18870: obj=-894.597850, change=1.54e-05, α=0.000, ‖θ[1:]‖₁=92.521, h_range=[1.00e-08, 1.18e+01], num_knots=1955
2025-09-01 15:26:14,611 - Iter 18880: obj=-894.606946, change=1.54e-05, α=0.000, ‖θ[1:]‖₁=92.521, h_range=[1.00e-08, 1.18e+01], num_knots=1955
2025-09-01 15:26:14,732 - Iter 18890: obj=-894.616039, change=1.54e-05, α=0.000, ‖θ[1:]‖₁=92.521, h_range=[1.00e-08, 1.18e+01], num_knots=1955
2025-09-01 15:26:14,859 - Iter 18900: obj=-894.625127, change=1.54e-05, α=0.000, ‖θ[1:]‖₁=92.522, h_range=[1.00e-08, 1.18e+01], num_knots=1955
2025-09-01 15:26:15,006 - Iter 18910: obj=-894.634212, change=1.54e-05, α=0.000, ‖θ[1:]‖₁=92.522, h_range=[1.00e-08, 1.18e+01], num_knots=1955
2025-09-01 15:26:15,124 - Iter 18920: obj=-894.643292, change=1.54e-05, α=0.000, ‖θ[1:]‖₁=92.523, h_range=[1.00e-08, 1.18e+01], num_knots=1955
2025-09-01 15:26:15,239 - Iter 18930: obj=-894.652369, change=1.54e-05, α=0.000, ‖θ[1:]‖₁=92.523, h_range=[1.00e-08, 1.18e+01], num_knots=1955
2025-09-01 15:26:15,381 - Iter 18940: obj=-894.661442, change=1.54e-05, α=0.000, ‖θ[1:]‖₁=92.523, h_range=[1.00e-08, 1.18e+01], num_knots=1955
2025-09-01 15:26:15,518 - Iter 18950: obj=-894.670512, change=1.54e-05, α=0.000, ‖θ[1:]‖₁=92.524, h_range=[1.00e-08, 1.18e+01], num_knots=1955
2025-09-01 15:26:15,664 - Iter 18960: obj=-894.679577, change=1.54e-05, α=0.000, ‖θ[1:]‖₁=92.524, h_range=[1.00e-08, 1.18e+01], num_knots=1955
2025-09-01 15:26:15,787 - Iter 18970: obj=-894.688639, change=1.54e-05, α=0.000, ‖θ[1:]‖₁=92.524, h_range=[1.00e-08, 1.18e+01], num_knots=1955
2025-09-01 15:26:15,909 - Iter 18980: obj=-894.697696, change=1.54e-05, α=0.000, ‖θ[1:]‖₁=92.525, h_range=[1.00e-08, 1.18e+01], num_knots=1955
2025-09-01 15:26:16,037 - Iter 18990: obj=-894.706750, change=1.54e-05, α=0.000, ‖θ[1:]‖₁=92.525, h_range=[1.00e-08, 1.18e+01], num_knots=1955
2025-09-01 15:26:16,165 - Iter 19000: obj=-894.715800, change=1.54e-05, α=0.000, ‖θ[1:]‖₁=92.525, h_range=[1.00e-08, 1.18e+01], num_knots=1955
2025-09-01 15:26:16,294 - Iter 19010: obj=-894.724847, change=1.54e-05, α=0.000, ‖θ[1:]‖₁=92.526, h_range=[1.00e-08, 1.18e+01], num_knots=1955
2025-09-01 15:26:16,420 - Iter 19020: obj=-894.733889, change=1.54e-05, α=0.000, ‖θ[1:]‖₁=92.526, h_range=[1.00e-08, 1.18e+01], num_knots=1955
2025-09-01 15:26:16,554 - Iter 19030: obj=-894.742928, change=1.54e-05, α=0.000, ‖θ[1:]‖₁=92.526, h_range=[1.00e-08, 1.18e+01], num_knots=1955
2025-09-01 15:26:16,683 - Iter 19040: obj=-894.751963, change=1.54e-05, α=0.000, ‖θ[1:]‖₁=92.527, h_range=[1.00e-08, 1.18e+01], num_knots=1955
2025-09-01 15:26:16,812 - Iter 19050: obj=-894.760994, change=1.54e-05, α=0.000, ‖θ[1:]‖₁=92.527, h_range=[1.00e-08, 1.18e+01], num_knots=1955
2025-09-01 15:26:16,946 - Iter 19060: obj=-894.770022, change=1.54e-05, α=0.000, ‖θ[1:]‖₁=92.527, h_range=[1.00e-08, 1.18e+01], num_knots=1955
2025-09-01 15:26:17,062 - Iter 19070: obj=-894.779045, change=1.54e-05, α=0.000, ‖θ[1:]‖₁=92.528, h_range=[1.00e-08, 1.18e+01], num_knots=1955
2025-09-01 15:26:17,196 - Iter 19080: obj=-894.788065, change=1.54e-05, α=0.000, ‖θ[1:]‖₁=92.528, h_range=[1.00e-08, 1.18e+01], num_knots=1955
2025-09-01 15:26:17,335 - Iter 19090: obj=-894.797081, change=1.54e-05, α=0.000, ‖θ[1:]‖₁=92.528, h_range=[1.00e-08, 1.18e+01], num_knots=1955
2025-09-01 15:26:17,445 - Iter 19100: obj=-894.806094, change=1.54e-05, α=0.000, ‖θ[1:]‖₁=92.529, h_range=[1.00e-08, 1.18e+01], num_knots=1955
2025-09-01 15:26:17,554 - Iter 19110: obj=-894.815102, change=1.54e-05, α=0.000, ‖θ[1:]‖₁=92.529, h_range=[1.00e-08, 1.18e+01], num_knots=1955
2025-09-01 15:26:17,661 - Iter 19120: obj=-894.824107, change=1.54e-05, α=0.000, ‖θ[1:]‖₁=92.529, h_range=[1.00e-08, 1.18e+01], num_knots=1955
2025-09-01 15:26:17,773 - Iter 19130: obj=-894.833108, change=1.54e-05, α=0.000, ‖θ[1:]‖₁=92.529, h_range=[1.00e-08, 1.18e+01], num_knots=1955
2025-09-01 15:26:17,888 - Iter 19140: obj=-894.842106, change=1.53e-05, α=0.000, ‖θ[1:]‖₁=92.530, h_range=[1.00e-08, 1.18e+01], num_knots=1955
2025-09-01 15:26:18,025 - Iter 19150: obj=-894.851099, change=1.53e-05, α=0.000, ‖θ[1:]‖₁=92.530, h_range=[1.00e-08, 1.18e+01], num_knots=1955
2025-09-01 15:26:18,141 - Iter 19160: obj=-894.860089, change=1.53e-05, α=0.000, ‖θ[1:]‖₁=92.530, h_range=[1.00e-08, 1.18e+01], num_knots=1955
2025-09-01 15:26:18,316 - Iter 19170: obj=-894.869076, change=1.53e-05, α=0.000, ‖θ[1:]‖₁=92.530, h_range=[1.00e-08, 1.18e+01], num_knots=1955
2025-09-01 15:26:18,441 - Iter 19180: obj=-894.878058, change=1.53e-05, α=0.000, ‖θ[1:]‖₁=92.531, h_range=[1.00e-08, 1.18e+01], num_knots=1955
2025-09-01 15:26:18,570 - Iter 19190: obj=-894.887037, change=1.53e-05, α=0.000, ‖θ[1:]‖₁=92.531, h_range=[1.00e-08, 1.18e+01], num_knots=1955
2025-09-01 15:26:18,681 - Iter 19200: obj=-894.896012, change=1.53e-05, α=0.000, ‖θ[1:]‖₁=92.531, h_range=[1.00e-08, 1.18e+01], num_knots=1955
2025-09-01 15:26:18,793 - Iter 19210: obj=-894.904984, change=1.53e-05, α=0.000, ‖θ[1:]‖₁=92.531, h_range=[1.00e-08, 1.18e+01], num_knots=1955
2025-09-01 15:26:18,898 - Iter 19220: obj=-894.913952, change=1.53e-05, α=0.000, ‖θ[1:]‖₁=92.532, h_range=[1.00e-08, 1.18e+01], num_knots=1955
2025-09-01 15:26:19,004 - Iter 19230: obj=-894.922916, change=1.53e-05, α=0.000, ‖θ[1:]‖₁=92.532, h_range=[1.00e-08, 1.18e+01], num_knots=1955
2025-09-01 15:26:19,108 - Iter 19240: obj=-894.931876, change=1.53e-05, α=0.000, ‖θ[1:]‖₁=92.532, h_range=[1.00e-08, 1.18e+01], num_knots=1955
2025-09-01 15:26:19,225 - Iter 19250: obj=-894.940833, change=1.53e-05, α=0.000, ‖θ[1:]‖₁=92.532, h_range=[1.00e-08, 1.18e+01], num_knots=1955
2025-09-01 15:26:19,341 - Iter 19260: obj=-894.949786, change=1.53e-05, α=0.000, ‖θ[1:]‖₁=92.533, h_range=[1.00e-08, 1.18e+01], num_knots=1955
2025-09-01 15:26:19,449 - Iter 19270: obj=-894.958735, change=1.53e-05, α=0.000, ‖θ[1:]‖₁=92.533, h_range=[1.00e-08, 1.18e+01], num_knots=1955
2025-09-01 15:26:19,557 - Iter 19280: obj=-894.967681, change=1.53e-05, α=0.000, ‖θ[1:]‖₁=92.533, h_range=[1.00e-08, 1.18e+01], num_knots=1954
2025-09-01 15:26:19,669 - Iter 19290: obj=-894.976608, change=1.53e-05, α=0.000, ‖θ[1:]‖₁=92.533, h_range=[1.00e-08, 1.18e+01], num_knots=1954
2025-09-01 15:26:19,790 - Iter 19300: obj=-894.985530, change=1.53e-05, α=0.000, ‖θ[1:]‖₁=92.533, h_range=[1.00e-08, 1.18e+01], num_knots=1954
2025-09-01 15:26:19,905 - Iter 19310: obj=-894.994449, change=1.53e-05, α=0.000, ‖θ[1:]‖₁=92.534, h_range=[1.00e-08, 1.18e+01], num_knots=1954
2025-09-01 15:26:20,033 - Iter 19320: obj=-895.003363, change=1.53e-05, α=0.000, ‖θ[1:]‖₁=92.534, h_range=[1.00e-08, 1.18e+01], num_knots=1954
2025-09-01 15:26:20,143 - Iter 19330: obj=-895.012275, change=1.53e-05, α=0.000, ‖θ[1:]‖₁=92.534, h_range=[1.00e-08, 1.18e+01], num_knots=1954
2025-09-01 15:26:20,247 - Iter 19340: obj=-895.021178, change=1.53e-05, α=0.000, ‖θ[1:]‖₁=92.534, h_range=[1.00e-08, 1.18e+01], num_knots=1953
2025-09-01 15:26:20,360 - Iter 19350: obj=-895.030076, change=1.53e-05, α=0.000, ‖θ[1:]‖₁=92.535, h_range=[1.00e-08, 1.18e+01], num_knots=1953
2025-09-01 15:26:20,476 - Iter 19360: obj=-895.038970, change=1.53e-05, α=0.000, ‖θ[1:]‖₁=92.535, h_range=[1.00e-08, 1.18e+01], num_knots=1953
2025-09-01 15:26:20,574 - Iter 19370: obj=-895.047860, change=1.53e-05, α=0.000, ‖θ[1:]‖₁=92.535, h_range=[1.00e-08, 1.18e+01], num_knots=1953
2025-09-01 15:26:20,676 - Iter 19380: obj=-895.056738, change=1.53e-05, α=0.000, ‖θ[1:]‖₁=92.535, h_range=[1.00e-08, 1.18e+01], num_knots=1952
2025-09-01 15:26:20,780 - Iter 19390: obj=-895.065605, change=1.53e-05, α=0.000, ‖θ[1:]‖₁=92.536, h_range=[1.00e-08, 1.18e+01], num_knots=1952
2025-09-01 15:26:20,915 - Iter 19400: obj=-895.074469, change=1.53e-05, α=0.000, ‖θ[1:]‖₁=92.536, h_range=[1.00e-08, 1.18e+01], num_knots=1952
2025-09-01 15:26:21,033 - Iter 19410: obj=-895.083328, change=1.53e-05, α=0.000, ‖θ[1:]‖₁=92.536, h_range=[1.00e-08, 1.17e+01], num_knots=1952
2025-09-01 15:26:21,131 - Iter 19420: obj=-895.092185, change=1.53e-05, α=0.000, ‖θ[1:]‖₁=92.536, h_range=[1.00e-08, 1.17e+01], num_knots=1952
2025-09-01 15:26:21,242 - Iter 19430: obj=-895.101037, change=1.53e-05, α=0.000, ‖θ[1:]‖₁=92.537, h_range=[1.00e-08, 1.17e+01], num_knots=1952
2025-09-01 15:26:21,343 - Iter 19440: obj=-895.109886, change=1.52e-05, α=0.000, ‖θ[1:]‖₁=92.537, h_range=[1.00e-08, 1.17e+01], num_knots=1952
2025-09-01 15:26:21,455 - Iter 19450: obj=-895.118731, change=1.52e-05, α=0.000, ‖θ[1:]‖₁=92.537, h_range=[1.00e-08, 1.17e+01], num_knots=1952
2025-09-01 15:26:21,562 - Iter 19460: obj=-895.127572, change=1.52e-05, α=0.000, ‖θ[1:]‖₁=92.537, h_range=[1.00e-08, 1.17e+01], num_knots=1951
2025-09-01 15:26:21,682 - Iter 19470: obj=-895.136409, change=1.52e-05, α=0.000, ‖θ[1:]‖₁=92.538, h_range=[1.00e-08, 1.17e+01], num_knots=1951
2025-09-01 15:26:21,793 - Iter 19480: obj=-895.145242, change=1.52e-05, α=0.000, ‖θ[1:]‖₁=92.538, h_range=[1.00e-08, 1.17e+01], num_knots=1951
2025-09-01 15:26:21,921 - Iter 19490: obj=-895.154072, change=1.52e-05, α=0.000, ‖θ[1:]‖₁=92.538, h_range=[1.00e-08, 1.17e+01], num_knots=1951
2025-09-01 15:26:22,021 - Iter 19500: obj=-895.162898, change=1.52e-05, α=0.000, ‖θ[1:]‖₁=92.538, h_range=[1.00e-08, 1.17e+01], num_knots=1951
2025-09-01 15:26:22,137 - Iter 19510: obj=-895.171720, change=1.52e-05, α=0.000, ‖θ[1:]‖₁=92.538, h_range=[1.00e-08, 1.17e+01], num_knots=1951
2025-09-01 15:26:22,255 - Iter 19520: obj=-895.180539, change=1.52e-05, α=0.000, ‖θ[1:]‖₁=92.539, h_range=[1.00e-08, 1.17e+01], num_knots=1951
2025-09-01 15:26:22,368 - Iter 19530: obj=-895.189354, change=1.52e-05, α=0.000, ‖θ[1:]‖₁=92.539, h_range=[1.00e-08, 1.17e+01], num_knots=1951
2025-09-01 15:26:22,470 - Iter 19540: obj=-895.198166, change=1.52e-05, α=0.000, ‖θ[1:]‖₁=92.539, h_range=[1.00e-08, 1.17e+01], num_knots=1951
2025-09-01 15:26:22,608 - Iter 19550: obj=-895.206975, change=1.52e-05, α=0.000, ‖θ[1:]‖₁=92.539, h_range=[1.00e-08, 1.17e+01], num_knots=1951
2025-09-01 15:26:22,708 - Iter 19560: obj=-895.215779, change=1.52e-05, α=0.000, ‖θ[1:]‖₁=92.539, h_range=[1.00e-08, 1.17e+01], num_knots=1951
2025-09-01 15:26:22,808 - Iter 19570: obj=-895.224581, change=1.52e-05, α=0.000, ‖θ[1:]‖₁=92.540, h_range=[1.00e-08, 1.17e+01], num_knots=1951
2025-09-01 15:26:22,926 - Iter 19580: obj=-895.233378, change=1.52e-05, α=0.000, ‖θ[1:]‖₁=92.540, h_range=[1.00e-08, 1.17e+01], num_knots=1951
2025-09-01 15:26:23,052 - Iter 19590: obj=-895.242172, change=1.52e-05, α=0.000, ‖θ[1:]‖₁=92.540, h_range=[1.00e-08, 1.17e+01], num_knots=1951
2025-09-01 15:26:23,154 - Iter 19600: obj=-895.250963, change=1.52e-05, α=0.000, ‖θ[1:]‖₁=92.540, h_range=[1.00e-08, 1.17e+01], num_knots=1951
2025-09-01 15:26:23,270 - Iter 19610: obj=-895.259750, change=1.52e-05, α=0.000, ‖θ[1:]‖₁=92.540, h_range=[1.00e-08, 1.17e+01], num_knots=1951
2025-09-01 15:26:23,385 - Iter 19620: obj=-895.268534, change=1.52e-05, α=0.000, ‖θ[1:]‖₁=92.541, h_range=[1.00e-08, 1.17e+01], num_knots=1951
2025-09-01 15:26:23,536 - Iter 19630: obj=-895.277314, change=1.52e-05, α=0.000, ‖θ[1:]‖₁=92.541, h_range=[1.00e-08, 1.17e+01], num_knots=1951
2025-09-01 15:26:23,648 - Iter 19640: obj=-895.286091, change=1.52e-05, α=0.000, ‖θ[1:]‖₁=92.541, h_range=[1.00e-08, 1.17e+01], num_knots=1951
2025-09-01 15:26:23,753 - Iter 19650: obj=-895.294832, change=1.52e-05, α=0.000, ‖θ[1:]‖₁=92.541, h_range=[1.00e-08, 1.17e+01], num_knots=1950
2025-09-01 15:26:23,879 - Iter 19660: obj=-895.303539, change=1.52e-05, α=0.000, ‖θ[1:]‖₁=92.541, h_range=[1.00e-08, 1.17e+01], num_knots=1950
2025-09-01 15:26:23,974 - Iter 19670: obj=-895.312232, change=1.52e-05, α=0.000, ‖θ[1:]‖₁=92.542, h_range=[1.00e-08, 1.17e+01], num_knots=1949
2025-09-01 15:26:24,079 - Iter 19680: obj=-895.320916, change=1.52e-05, α=0.000, ‖θ[1:]‖₁=92.542, h_range=[1.00e-08, 1.17e+01], num_knots=1948
2025-09-01 15:26:24,193 - Iter 19690: obj=-895.329594, change=1.52e-05, α=0.000, ‖θ[1:]‖₁=92.542, h_range=[1.00e-08, 1.17e+01], num_knots=1948
2025-09-01 15:26:24,292 - Iter 19700: obj=-895.338269, change=1.52e-05, α=0.000, ‖θ[1:]‖₁=92.542, h_range=[1.00e-08, 1.17e+01], num_knots=1948
2025-09-01 15:26:24,404 - Iter 19710: obj=-895.346941, change=1.52e-05, α=0.000, ‖θ[1:]‖₁=92.542, h_range=[1.00e-08, 1.17e+01], num_knots=1948
2025-09-01 15:26:24,507 - Iter 19720: obj=-895.355609, change=1.52e-05, α=0.000, ‖θ[1:]‖₁=92.543, h_range=[1.00e-08, 1.17e+01], num_knots=1948
2025-09-01 15:26:24,611 - Iter 19730: obj=-895.364274, change=1.52e-05, α=0.000, ‖θ[1:]‖₁=92.543, h_range=[1.00e-08, 1.17e+01], num_knots=1948
2025-09-01 15:26:24,716 - Iter 19740: obj=-895.372935, change=1.51e-05, α=0.000, ‖θ[1:]‖₁=92.543, h_range=[1.00e-08, 1.17e+01], num_knots=1948
2025-09-01 15:26:24,828 - Iter 19750: obj=-895.381593, change=1.51e-05, α=0.000, ‖θ[1:]‖₁=92.543, h_range=[1.00e-08, 1.17e+01], num_knots=1948
2025-09-01 15:26:24,942 - Iter 19760: obj=-895.390248, change=1.51e-05, α=0.000, ‖θ[1:]‖₁=92.544, h_range=[1.00e-08, 1.17e+01], num_knots=1948
2025-09-01 15:26:25,094 - Iter 19770: obj=-895.398898, change=1.51e-05, α=0.000, ‖θ[1:]‖₁=92.544, h_range=[1.00e-08, 1.17e+01], num_knots=1948
2025-09-01 15:26:25,203 - Iter 19780: obj=-895.407546, change=1.51e-05, α=0.000, ‖θ[1:]‖₁=92.544, h_range=[1.00e-08, 1.17e+01], num_knots=1948
2025-09-01 15:26:25,316 - Iter 19790: obj=-895.416189, change=1.51e-05, α=0.000, ‖θ[1:]‖₁=92.544, h_range=[1.00e-08, 1.17e+01], num_knots=1947
2025-09-01 15:26:25,421 - Iter 19800: obj=-895.424827, change=1.51e-05, α=0.000, ‖θ[1:]‖₁=92.544, h_range=[1.00e-08, 1.17e+01], num_knots=1947
2025-09-01 15:26:25,541 - Iter 19810: obj=-895.433462, change=1.51e-05, α=0.000, ‖θ[1:]‖₁=92.545, h_range=[1.00e-08, 1.17e+01], num_knots=1947
2025-09-01 15:26:25,630 - Iter 19820: obj=-895.442092, change=1.51e-05, α=0.000, ‖θ[1:]‖₁=92.545, h_range=[1.00e-08, 1.17e+01], num_knots=1946
2025-09-01 15:26:25,726 - Iter 19830: obj=-895.450717, change=1.51e-05, α=0.000, ‖θ[1:]‖₁=92.545, h_range=[1.00e-08, 1.17e+01], num_knots=1946
2025-09-01 15:26:25,843 - Iter 19840: obj=-895.459339, change=1.51e-05, α=0.000, ‖θ[1:]‖₁=92.545, h_range=[1.00e-08, 1.17e+01], num_knots=1946
2025-09-01 15:26:25,955 - Iter 19850: obj=-895.467958, change=1.51e-05, α=0.000, ‖θ[1:]‖₁=92.545, h_range=[1.00e-08, 1.17e+01], num_knots=1946
2025-09-01 15:26:26,055 - Iter 19860: obj=-895.476573, change=1.51e-05, α=0.000, ‖θ[1:]‖₁=92.546, h_range=[1.00e-08, 1.17e+01], num_knots=1946
2025-09-01 15:26:26,166 - Iter 19870: obj=-895.485184, change=1.51e-05, α=0.000, ‖θ[1:]‖₁=92.546, h_range=[1.00e-08, 1.17e+01], num_knots=1946
2025-09-01 15:26:26,284 - Iter 19880: obj=-895.493793, change=1.51e-05, α=0.000, ‖θ[1:]‖₁=92.546, h_range=[1.00e-08, 1.17e+01], num_knots=1946
2025-09-01 15:26:26,385 - Iter 19890: obj=-895.502397, change=1.51e-05, α=0.000, ‖θ[1:]‖₁=92.546, h_range=[1.00e-08, 1.17e+01], num_knots=1944
2025-09-01 15:26:26,495 - Iter 19900: obj=-895.510996, change=1.51e-05, α=0.000, ‖θ[1:]‖₁=92.546, h_range=[1.00e-08, 1.17e+01], num_knots=1944
2025-09-01 15:26:26,616 - Iter 19910: obj=-895.519591, change=1.51e-05, α=0.000, ‖θ[1:]‖₁=92.546, h_range=[1.00e-08, 1.17e+01], num_knots=1944
2025-09-01 15:26:26,733 - Iter 19920: obj=-895.528180, change=1.51e-05, α=0.000, ‖θ[1:]‖₁=92.547, h_range=[1.00e-08, 1.17e+01], num_knots=1943
2025-09-01 15:26:26,846 - Iter 19930: obj=-895.536766, change=1.51e-05, α=0.000, ‖θ[1:]‖₁=92.547, h_range=[1.00e-08, 1.17e+01], num_knots=1943
2025-09-01 15:26:26,946 - Iter 19940: obj=-895.545349, change=1.51e-05, α=0.000, ‖θ[1:]‖₁=92.547, h_range=[1.00e-08, 1.17e+01], num_knots=1943
2025-09-01 15:26:27,066 - Iter 19950: obj=-895.553928, change=1.51e-05, α=0.000, ‖θ[1:]‖₁=92.547, h_range=[1.00e-08, 1.17e+01], num_knots=1943
2025-09-01 15:26:27,203 - Iter 19960: obj=-895.562504, change=1.51e-05, α=0.000, ‖θ[1:]‖₁=92.547, h_range=[1.00e-08, 1.17e+01], num_knots=1943
2025-09-01 15:26:27,306 - Iter 19970: obj=-895.571076, change=1.51e-05, α=0.000, ‖θ[1:]‖₁=92.548, h_range=[1.00e-08, 1.17e+01], num_knots=1943
2025-09-01 15:26:27,431 - Iter 19980: obj=-895.579645, change=1.51e-05, α=0.000, ‖θ[1:]‖₁=92.548, h_range=[1.00e-08, 1.17e+01], num_knots=1943
2025-09-01 15:26:27,551 - Iter 19990: obj=-895.588211, change=1.51e-05, α=0.000, ‖θ[1:]‖₁=92.548, h_range=[1.00e-08, 1.17e+01], num_knots=1943
2025-09-01 15:26:27,658 - Iter 20000: obj=-895.596773, change=1.51e-05, α=0.000, ‖θ[1:]‖₁=92.548, h_range=[1.00e-08, 1.17e+01], num_knots=1943
2025-09-01 15:26:27,768 - Iter 20010: obj=-895.605331, change=1.51e-05, α=0.000, ‖θ[1:]‖₁=92.548, h_range=[1.00e-08, 1.17e+01], num_knots=1942
2025-09-01 15:26:27,878 - Iter 20020: obj=-895.613824, change=1.51e-05, α=0.000, ‖θ[1:]‖₁=92.548, h_range=[1.00e-08, 1.17e+01], num_knots=1942
2025-09-01 15:26:27,998 - Iter 20030: obj=-895.622315, change=1.51e-05, α=0.000, ‖θ[1:]‖₁=92.549, h_range=[1.00e-08, 1.17e+01], num_knots=1942
2025-09-01 15:26:28,102 - Iter 20040: obj=-895.630801, change=1.50e-05, α=0.000, ‖θ[1:]‖₁=92.549, h_range=[1.00e-08, 1.17e+01], num_knots=1942
2025-09-01 15:26:28,226 - Iter 20050: obj=-895.639276, change=1.50e-05, α=0.000, ‖θ[1:]‖₁=92.549, h_range=[1.00e-08, 1.17e+01], num_knots=1941
2025-09-01 15:26:28,329 - Iter 20060: obj=-895.647740, change=1.50e-05, α=0.000, ‖θ[1:]‖₁=92.549, h_range=[1.00e-08, 1.17e+01], num_knots=1941
2025-09-01 15:26:28,424 - Iter 20070: obj=-895.656201, change=1.50e-05, α=0.000, ‖θ[1:]‖₁=92.549, h_range=[1.00e-08, 1.17e+01], num_knots=1941
2025-09-01 15:26:28,537 - Iter 20080: obj=-895.664658, change=1.50e-05, α=0.000, ‖θ[1:]‖₁=92.550, h_range=[1.00e-08, 1.17e+01], num_knots=1941
2025-09-01 15:26:28,644 - Iter 20090: obj=-895.673112, change=1.50e-05, α=0.000, ‖θ[1:]‖₁=92.550, h_range=[1.00e-08, 1.17e+01], num_knots=1941
2025-09-01 15:26:28,748 - Iter 20100: obj=-895.681563, change=1.50e-05, α=0.000, ‖θ[1:]‖₁=92.550, h_range=[1.00e-08, 1.17e+01], num_knots=1941
2025-09-01 15:26:28,865 - Iter 20110: obj=-895.690011, change=1.50e-05, α=0.000, ‖θ[1:]‖₁=92.550, h_range=[1.00e-08, 1.17e+01], num_knots=1941
2025-09-01 15:26:28,955 - Iter 20120: obj=-895.698455, change=1.50e-05, α=0.000, ‖θ[1:]‖₁=92.550, h_range=[1.00e-08, 1.17e+01], num_knots=1940
2025-09-01 15:26:29,047 - Iter 20130: obj=-895.706895, change=1.50e-05, α=0.000, ‖θ[1:]‖₁=92.551, h_range=[1.00e-08, 1.17e+01], num_knots=1940
2025-09-01 15:26:29,177 - Iter 20140: obj=-895.715332, change=1.50e-05, α=0.000, ‖θ[1:]‖₁=92.551, h_range=[1.00e-08, 1.17e+01], num_knots=1940
2025-09-01 15:26:29,282 - Iter 20150: obj=-895.723766, change=1.50e-05, α=0.000, ‖θ[1:]‖₁=92.551, h_range=[1.00e-08, 1.17e+01], num_knots=1940
2025-09-01 15:26:29,414 - Iter 20160: obj=-895.732196, change=1.50e-05, α=0.000, ‖θ[1:]‖₁=92.551, h_range=[1.00e-08, 1.17e+01], num_knots=1940
2025-09-01 15:26:29,512 - Iter 20170: obj=-895.740624, change=1.50e-05, α=0.000, ‖θ[1:]‖₁=92.551, h_range=[1.00e-08, 1.17e+01], num_knots=1940
2025-09-01 15:26:29,633 - Iter 20180: obj=-895.749046, change=1.50e-05, α=0.000, ‖θ[1:]‖₁=92.552, h_range=[1.00e-08, 1.17e+01], num_knots=1939
2025-09-01 15:26:29,749 - Iter 20190: obj=-895.757459, change=1.50e-05, α=0.000, ‖θ[1:]‖₁=92.552, h_range=[1.00e-08, 1.17e+01], num_knots=1939
2025-09-01 15:26:29,861 - Iter 20200: obj=-895.765868, change=1.50e-05, α=0.000, ‖θ[1:]‖₁=92.552, h_range=[1.00e-08, 1.17e+01], num_knots=1939
2025-09-01 15:26:29,980 - Iter 20210: obj=-895.774272, change=1.50e-05, α=0.000, ‖θ[1:]‖₁=92.552, h_range=[1.00e-08, 1.17e+01], num_knots=1938
2025-09-01 15:26:30,118 - Iter 20220: obj=-895.782672, change=1.50e-05, α=0.000, ‖θ[1:]‖₁=92.552, h_range=[1.00e-08, 1.17e+01], num_knots=1937
2025-09-01 15:26:30,237 - Iter 20230: obj=-895.791066, change=1.50e-05, α=0.000, ‖θ[1:]‖₁=92.553, h_range=[1.00e-08, 1.17e+01], num_knots=1937
2025-09-01 15:26:30,354 - Iter 20240: obj=-895.799458, change=1.50e-05, α=0.000, ‖θ[1:]‖₁=92.553, h_range=[1.00e-08, 1.17e+01], num_knots=1937
2025-09-01 15:26:30,482 - Iter 20250: obj=-895.807846, change=1.50e-05, α=0.000, ‖θ[1:]‖₁=92.553, h_range=[1.00e-08, 1.17e+01], num_knots=1937
2025-09-01 15:26:30,599 - Iter 20260: obj=-895.816230, change=1.50e-05, α=0.000, ‖θ[1:]‖₁=92.553, h_range=[1.00e-08, 1.17e+01], num_knots=1937
2025-09-01 15:26:30,714 - Iter 20270: obj=-895.824612, change=1.50e-05, α=0.000, ‖θ[1:]‖₁=92.554, h_range=[1.00e-08, 1.17e+01], num_knots=1937
2025-09-01 15:26:30,830 - Iter 20280: obj=-895.832990, change=1.50e-05, α=0.000, ‖θ[1:]‖₁=92.554, h_range=[1.00e-08, 1.17e+01], num_knots=1937
2025-09-01 15:26:30,938 - Iter 20290: obj=-895.841365, change=1.50e-05, α=0.000, ‖θ[1:]‖₁=92.554, h_range=[1.00e-08, 1.17e+01], num_knots=1937
2025-09-01 15:26:31,064 - Iter 20300: obj=-895.849737, change=1.50e-05, α=0.000, ‖θ[1:]‖₁=92.554, h_range=[1.00e-08, 1.17e+01], num_knots=1937
2025-09-01 15:26:31,175 - Iter 20310: obj=-895.858106, change=1.50e-05, α=0.000, ‖θ[1:]‖₁=92.554, h_range=[1.00e-08, 1.17e+01], num_knots=1937
2025-09-01 15:26:31,284 - Iter 20320: obj=-895.866471, change=1.50e-05, α=0.000, ‖θ[1:]‖₁=92.555, h_range=[1.00e-08, 1.17e+01], num_knots=1937
2025-09-01 15:26:31,390 - Iter 20330: obj=-895.874833, change=1.50e-05, α=0.000, ‖θ[1:]‖₁=92.555, h_range=[1.00e-08, 1.17e+01], num_knots=1937
2025-09-01 15:26:31,489 - Iter 20340: obj=-895.883192, change=1.50e-05, α=0.000, ‖θ[1:]‖₁=92.555, h_range=[1.00e-08, 1.17e+01], num_knots=1937
2025-09-01 15:26:31,607 - Iter 20350: obj=-895.891548, change=1.50e-05, α=0.000, ‖θ[1:]‖₁=92.555, h_range=[1.00e-08, 1.17e+01], num_knots=1937
2025-09-01 15:26:31,740 - Iter 20360: obj=-895.899901, change=1.49e-05, α=0.000, ‖θ[1:]‖₁=92.555, h_range=[1.00e-08, 1.17e+01], num_knots=1937
2025-09-01 15:26:31,850 - Iter 20370: obj=-895.908250, change=1.49e-05, α=0.000, ‖θ[1:]‖₁=92.555, h_range=[1.00e-08, 1.17e+01], num_knots=1937
2025-09-01 15:26:31,960 - Iter 20380: obj=-895.916596, change=1.49e-05, α=0.000, ‖θ[1:]‖₁=92.556, h_range=[1.00e-08, 1.17e+01], num_knots=1937
2025-09-01 15:26:32,065 - Iter 20390: obj=-895.924939, change=1.49e-05, α=0.000, ‖θ[1:]‖₁=92.556, h_range=[1.00e-08, 1.17e+01], num_knots=1937
2025-09-01 15:26:32,174 - Iter 20400: obj=-895.933279, change=1.49e-05, α=0.000, ‖θ[1:]‖₁=92.556, h_range=[1.00e-08, 1.17e+01], num_knots=1936
2025-09-01 15:26:32,275 - Iter 20410: obj=-895.941607, change=1.49e-05, α=0.000, ‖θ[1:]‖₁=92.556, h_range=[1.00e-08, 1.17e+01], num_knots=1935
2025-09-01 15:26:32,368 - Iter 20420: obj=-895.949923, change=1.49e-05, α=0.000, ‖θ[1:]‖₁=92.556, h_range=[1.00e-08, 1.17e+01], num_knots=1935
2025-09-01 15:26:32,503 - Iter 20430: obj=-895.958236, change=1.49e-05, α=0.000, ‖θ[1:]‖₁=92.556, h_range=[1.00e-08, 1.17e+01], num_knots=1935
2025-09-01 15:26:32,600 - Iter 20440: obj=-895.966546, change=1.49e-05, α=0.000, ‖θ[1:]‖₁=92.557, h_range=[1.00e-08, 1.17e+01], num_knots=1935
2025-09-01 15:26:32,739 - Iter 20450: obj=-895.974853, change=1.49e-05, α=0.000, ‖θ[1:]‖₁=92.557, h_range=[1.00e-08, 1.17e+01], num_knots=1935
2025-09-01 15:26:32,849 - Iter 20460: obj=-895.983156, change=1.49e-05, α=0.000, ‖θ[1:]‖₁=92.557, h_range=[1.00e-08, 1.17e+01], num_knots=1935
2025-09-01 15:26:32,951 - Iter 20470: obj=-895.991457, change=1.49e-05, α=0.000, ‖θ[1:]‖₁=92.557, h_range=[1.00e-08, 1.17e+01], num_knots=1935
2025-09-01 15:26:33,058 - Iter 20480: obj=-895.999754, change=1.49e-05, α=0.000, ‖θ[1:]‖₁=92.557, h_range=[1.00e-08, 1.17e+01], num_knots=1935
2025-09-01 15:26:33,153 - Iter 20490: obj=-896.008048, change=1.49e-05, α=0.000, ‖θ[1:]‖₁=92.557, h_range=[1.00e-08, 1.17e+01], num_knots=1935
2025-09-01 15:26:33,271 - Iter 20500: obj=-896.016339, change=1.49e-05, α=0.000, ‖θ[1:]‖₁=92.558, h_range=[1.00e-08, 1.17e+01], num_knots=1935
2025-09-01 15:26:33,400 - Iter 20510: obj=-896.024627, change=1.49e-05, α=0.000, ‖θ[1:]‖₁=92.558, h_range=[1.00e-08, 1.17e+01], num_knots=1935
2025-09-01 15:26:33,524 - Iter 20520: obj=-896.032912, change=1.49e-05, α=0.000, ‖θ[1:]‖₁=92.558, h_range=[1.00e-08, 1.17e+01], num_knots=1935
2025-09-01 15:26:33,641 - Iter 20530: obj=-896.041193, change=1.49e-05, α=0.000, ‖θ[1:]‖₁=92.558, h_range=[1.00e-08, 1.17e+01], num_knots=1935
2025-09-01 15:26:33,766 - Iter 20540: obj=-896.049471, change=1.49e-05, α=0.000, ‖θ[1:]‖₁=92.558, h_range=[1.00e-08, 1.17e+01], num_knots=1934
2025-09-01 15:26:33,885 - Iter 20550: obj=-896.057745, change=1.49e-05, α=0.000, ‖θ[1:]‖₁=92.558, h_range=[1.00e-08, 1.17e+01], num_knots=1932
2025-09-01 15:26:33,993 - Iter 20560: obj=-896.066012, change=1.49e-05, α=0.000, ‖θ[1:]‖₁=92.559, h_range=[1.00e-08, 1.17e+01], num_knots=1932
2025-09-01 15:26:34,105 - Iter 20570: obj=-896.074275, change=1.49e-05, α=0.000, ‖θ[1:]‖₁=92.559, h_range=[1.00e-08, 1.17e+01], num_knots=1932
2025-09-01 15:26:34,291 - Iter 20580: obj=-896.082536, change=1.49e-05, α=0.000, ‖θ[1:]‖₁=92.559, h_range=[1.00e-08, 1.17e+01], num_knots=1932
2025-09-01 15:26:34,420 - Iter 20590: obj=-896.090793, change=1.49e-05, α=0.000, ‖θ[1:]‖₁=92.559, h_range=[1.00e-08, 1.17e+01], num_knots=1932
2025-09-01 15:26:34,542 - Iter 20600: obj=-896.099048, change=1.49e-05, α=0.000, ‖θ[1:]‖₁=92.559, h_range=[1.00e-08, 1.17e+01], num_knots=1932
2025-09-01 15:26:34,655 - Iter 20610: obj=-896.107299, change=1.49e-05, α=0.000, ‖θ[1:]‖₁=92.559, h_range=[1.00e-08, 1.17e+01], num_knots=1932
2025-09-01 15:26:34,772 - Iter 20620: obj=-896.115547, change=1.49e-05, α=0.000, ‖θ[1:]‖₁=92.559, h_range=[1.00e-08, 1.17e+01], num_knots=1932
2025-09-01 15:26:34,897 - Iter 20630: obj=-896.123792, change=1.49e-05, α=0.000, ‖θ[1:]‖₁=92.559, h_range=[1.00e-08, 1.17e+01], num_knots=1932
2025-09-01 15:26:35,020 - Iter 20640: obj=-896.132034, change=1.49e-05, α=0.000, ‖θ[1:]‖₁=92.560, h_range=[1.00e-08, 1.17e+01], num_knots=1932
2025-09-01 15:26:35,112 - Iter 20650: obj=-896.140273, change=1.49e-05, α=0.000, ‖θ[1:]‖₁=92.560, h_range=[1.00e-08, 1.17e+01], num_knots=1932
2025-09-01 15:26:35,219 - Iter 20660: obj=-896.148509, change=1.49e-05, α=0.000, ‖θ[1:]‖₁=92.560, h_range=[1.00e-08, 1.17e+01], num_knots=1932
2025-09-01 15:26:35,326 - Iter 20670: obj=-896.156742, change=1.49e-05, α=0.000, ‖θ[1:]‖₁=92.560, h_range=[1.00e-08, 1.17e+01], num_knots=1932
2025-09-01 15:26:35,424 - Iter 20680: obj=-896.164971, change=1.49e-05, α=0.000, ‖θ[1:]‖₁=92.560, h_range=[1.00e-08, 1.17e+01], num_knots=1932
2025-09-01 15:26:35,542 - Iter 20690: obj=-896.173198, change=1.49e-05, α=0.000, ‖θ[1:]‖₁=92.560, h_range=[1.00e-08, 1.17e+01], num_knots=1932
2025-09-01 15:26:35,658 - Iter 20700: obj=-896.181422, change=1.48e-05, α=0.000, ‖θ[1:]‖₁=92.560, h_range=[1.00e-08, 1.17e+01], num_knots=1932
2025-09-01 15:26:35,767 - Iter 20710: obj=-896.189642, change=1.48e-05, α=0.000, ‖θ[1:]‖₁=92.560, h_range=[1.00e-08, 1.17e+01], num_knots=1932
2025-09-01 15:26:35,880 - Iter 20720: obj=-896.197859, change=1.48e-05, α=0.000, ‖θ[1:]‖₁=92.560, h_range=[1.00e-08, 1.17e+01], num_knots=1932
2025-09-01 15:26:35,990 - Iter 20730: obj=-896.206074, change=1.48e-05, α=0.000, ‖θ[1:]‖₁=92.561, h_range=[1.00e-08, 1.17e+01], num_knots=1932
2025-09-01 15:26:36,097 - Iter 20740: obj=-896.214285, change=1.48e-05, α=0.000, ‖θ[1:]‖₁=92.561, h_range=[1.00e-08, 1.17e+01], num_knots=1932
2025-09-01 15:26:36,219 - Iter 20750: obj=-896.222492, change=1.48e-05, α=0.000, ‖θ[1:]‖₁=92.561, h_range=[1.00e-08, 1.17e+01], num_knots=1931
2025-09-01 15:26:36,315 - Iter 20760: obj=-896.230696, change=1.48e-05, α=0.000, ‖θ[1:]‖₁=92.561, h_range=[1.00e-08, 1.17e+01], num_knots=1931
2025-09-01 15:26:36,428 - Iter 20770: obj=-896.238896, change=1.48e-05, α=0.000, ‖θ[1:]‖₁=92.561, h_range=[1.00e-08, 1.17e+01], num_knots=1930
2025-09-01 15:26:36,521 - Iter 20780: obj=-896.247091, change=1.48e-05, α=0.000, ‖θ[1:]‖₁=92.561, h_range=[1.00e-08, 1.17e+01], num_knots=1930
2025-09-01 15:26:36,620 - Iter 20790: obj=-896.255283, change=1.48e-05, α=0.000, ‖θ[1:]‖₁=92.561, h_range=[1.00e-08, 1.17e+01], num_knots=1930
2025-09-01 15:26:36,740 - Iter 20800: obj=-896.263469, change=1.48e-05, α=0.000, ‖θ[1:]‖₁=92.561, h_range=[1.00e-08, 1.17e+01], num_knots=1929
2025-09-01 15:26:36,855 - Iter 20810: obj=-896.271595, change=1.48e-05, α=0.000, ‖θ[1:]‖₁=92.561, h_range=[1.00e-08, 1.17e+01], num_knots=1929
2025-09-01 15:26:36,966 - Iter 20820: obj=-896.279717, change=1.48e-05, α=0.000, ‖θ[1:]‖₁=92.561, h_range=[1.00e-08, 1.17e+01], num_knots=1929
2025-09-01 15:26:37,070 - Iter 20830: obj=-896.287837, change=1.48e-05, α=0.000, ‖θ[1:]‖₁=92.562, h_range=[1.00e-08, 1.17e+01], num_knots=1929
2025-09-01 15:26:37,182 - Iter 20840: obj=-896.295954, change=1.48e-05, α=0.000, ‖θ[1:]‖₁=92.562, h_range=[1.00e-08, 1.17e+01], num_knots=1929
2025-09-01 15:26:37,287 - Iter 20850: obj=-896.304067, change=1.48e-05, α=0.000, ‖θ[1:]‖₁=92.562, h_range=[1.00e-08, 1.17e+01], num_knots=1929
2025-09-01 15:26:37,403 - Iter 20860: obj=-896.312178, change=1.48e-05, α=0.000, ‖θ[1:]‖₁=92.562, h_range=[1.00e-08, 1.17e+01], num_knots=1929
2025-09-01 15:26:37,506 - Iter 20870: obj=-896.320285, change=1.48e-05, α=0.000, ‖θ[1:]‖₁=92.562, h_range=[1.00e-08, 1.17e+01], num_knots=1929
2025-09-01 15:26:37,603 - Iter 20880: obj=-896.328390, change=1.48e-05, α=0.000, ‖θ[1:]‖₁=92.562, h_range=[1.00e-08, 1.17e+01], num_knots=1929
2025-09-01 15:26:37,697 - Iter 20890: obj=-896.336490, change=1.48e-05, α=0.000, ‖θ[1:]‖₁=92.562, h_range=[1.00e-08, 1.17e+01], num_knots=1927
2025-09-01 15:26:37,833 - Iter 20900: obj=-896.344585, change=1.48e-05, α=0.000, ‖θ[1:]‖₁=92.562, h_range=[1.00e-08, 1.17e+01], num_knots=1927
2025-09-01 15:26:37,948 - Iter 20910: obj=-896.352676, change=1.48e-05, α=0.000, ‖θ[1:]‖₁=92.562, h_range=[1.00e-08, 1.17e+01], num_knots=1927
2025-09-01 15:26:38,057 - Iter 20920: obj=-896.360765, change=1.48e-05, α=0.000, ‖θ[1:]‖₁=92.563, h_range=[1.00e-08, 1.17e+01], num_knots=1927
2025-09-01 15:26:38,165 - Iter 20930: obj=-896.368851, change=1.48e-05, α=0.000, ‖θ[1:]‖₁=92.563, h_range=[1.00e-08, 1.17e+01], num_knots=1927
2025-09-01 15:26:38,280 - Iter 20940: obj=-896.376933, change=1.48e-05, α=0.000, ‖θ[1:]‖₁=92.563, h_range=[1.00e-08, 1.17e+01], num_knots=1926
2025-09-01 15:26:38,414 - Iter 20950: obj=-896.385011, change=1.48e-05, α=0.000, ‖θ[1:]‖₁=92.563, h_range=[1.00e-08, 1.17e+01], num_knots=1926
2025-09-01 15:26:38,511 - Iter 20960: obj=-896.393087, change=1.48e-05, α=0.000, ‖θ[1:]‖₁=92.563, h_range=[1.00e-08, 1.17e+01], num_knots=1926
2025-09-01 15:26:38,628 - Iter 20970: obj=-896.401159, change=1.48e-05, α=0.000, ‖θ[1:]‖₁=92.563, h_range=[1.00e-08, 1.17e+01], num_knots=1926
2025-09-01 15:26:38,751 - Iter 20980: obj=-896.409228, change=1.48e-05, α=0.000, ‖θ[1:]‖₁=92.563, h_range=[1.00e-08, 1.17e+01], num_knots=1926
2025-09-01 15:26:38,851 - Iter 20990: obj=-896.417294, change=1.48e-05, α=0.000, ‖θ[1:]‖₁=92.563, h_range=[1.00e-08, 1.17e+01], num_knots=1926
2025-09-01 15:26:38,967 - Iter 21000: obj=-896.425358, change=1.48e-05, α=0.000, ‖θ[1:]‖₁=92.563, h_range=[1.00e-08, 1.17e+01], num_knots=1926
2025-09-01 15:26:39,079 - Iter 21010: obj=-896.433418, change=1.48e-05, α=0.000, ‖θ[1:]‖₁=92.563, h_range=[1.00e-08, 1.17e+01], num_knots=1926
2025-09-01 15:26:39,202 - Iter 21020: obj=-896.441475, change=1.47e-05, α=0.000, ‖θ[1:]‖₁=92.564, h_range=[1.00e-08, 1.17e+01], num_knots=1926
2025-09-01 15:26:39,338 - Iter 21030: obj=-896.449530, change=1.47e-05, α=0.000, ‖θ[1:]‖₁=92.564, h_range=[1.00e-08, 1.17e+01], num_knots=1926
2025-09-01 15:26:39,467 - Iter 21040: obj=-896.457581, change=1.47e-05, α=0.000, ‖θ[1:]‖₁=92.564, h_range=[1.00e-08, 1.17e+01], num_knots=1926
2025-09-01 15:26:39,590 - Iter 21050: obj=-896.465630, change=1.47e-05, α=0.000, ‖θ[1:]‖₁=92.564, h_range=[1.00e-08, 1.17e+01], num_knots=1926
2025-09-01 15:26:39,702 - Iter 21060: obj=-896.473675, change=1.47e-05, α=0.000, ‖θ[1:]‖₁=92.564, h_range=[1.00e-08, 1.17e+01], num_knots=1926
2025-09-01 15:26:39,822 - Iter 21070: obj=-896.481707, change=1.47e-05, α=0.000, ‖θ[1:]‖₁=92.564, h_range=[1.00e-08, 1.17e+01], num_knots=1925
2025-09-01 15:26:39,930 - Iter 21080: obj=-896.489732, change=1.47e-05, α=0.000, ‖θ[1:]‖₁=92.564, h_range=[1.00e-08, 1.17e+01], num_knots=1925
2025-09-01 15:26:40,052 - Iter 21090: obj=-896.497754, change=1.47e-05, α=0.000, ‖θ[1:]‖₁=92.564, h_range=[1.00e-08, 1.17e+01], num_knots=1925
2025-09-01 15:26:40,179 - Iter 21100: obj=-896.505773, change=1.47e-05, α=0.000, ‖θ[1:]‖₁=92.564, h_range=[1.00e-08, 1.17e+01], num_knots=1925
2025-09-01 15:26:40,280 - Iter 21110: obj=-896.513789, change=1.47e-05, α=0.000, ‖θ[1:]‖₁=92.564, h_range=[1.00e-08, 1.17e+01], num_knots=1925
2025-09-01 15:26:40,380 - Iter 21120: obj=-896.521802, change=1.47e-05, α=0.000, ‖θ[1:]‖₁=92.564, h_range=[1.00e-08, 1.17e+01], num_knots=1925
2025-09-01 15:26:40,466 - Iter 21130: obj=-896.529813, change=1.47e-05, α=0.000, ‖θ[1:]‖₁=92.565, h_range=[1.00e-08, 1.17e+01], num_knots=1924
2025-09-01 15:26:40,564 - Iter 21140: obj=-896.537807, change=1.47e-05, α=0.000, ‖θ[1:]‖₁=92.565, h_range=[1.00e-08, 1.17e+01], num_knots=1924
2025-09-01 15:26:40,678 - Iter 21150: obj=-896.545797, change=1.47e-05, α=0.000, ‖θ[1:]‖₁=92.565, h_range=[1.00e-08, 1.17e+01], num_knots=1924
2025-09-01 15:26:40,785 - Iter 21160: obj=-896.553783, change=1.47e-05, α=0.000, ‖θ[1:]‖₁=92.565, h_range=[1.00e-08, 1.17e+01], num_knots=1924
2025-09-01 15:26:40,907 - Iter 21170: obj=-896.561767, change=1.47e-05, α=0.000, ‖θ[1:]‖₁=92.565, h_range=[1.00e-08, 1.17e+01], num_knots=1924
2025-09-01 15:26:41,023 - Iter 21180: obj=-896.569748, change=1.47e-05, α=0.000, ‖θ[1:]‖₁=92.565, h_range=[1.00e-08, 1.17e+01], num_knots=1924
2025-09-01 15:26:41,147 - Iter 21190: obj=-896.577726, change=1.47e-05, α=0.000, ‖θ[1:]‖₁=92.565, h_range=[1.00e-08, 1.17e+01], num_knots=1924
2025-09-01 15:26:41,254 - Iter 21200: obj=-896.585702, change=1.47e-05, α=0.000, ‖θ[1:]‖₁=92.565, h_range=[1.00e-08, 1.17e+01], num_knots=1924
2025-09-01 15:26:41,372 - Iter 21210: obj=-896.593674, change=1.47e-05, α=0.000, ‖θ[1:]‖₁=92.565, h_range=[1.00e-08, 1.17e+01], num_knots=1924
2025-09-01 15:26:41,488 - Iter 21220: obj=-896.601643, change=1.47e-05, α=0.000, ‖θ[1:]‖₁=92.566, h_range=[1.00e-08, 1.17e+01], num_knots=1924
2025-09-01 15:26:41,595 - Iter 21230: obj=-896.609610, change=1.47e-05, α=0.000, ‖θ[1:]‖₁=92.566, h_range=[1.00e-08, 1.17e+01], num_knots=1924
2025-09-01 15:26:41,702 - Iter 21240: obj=-896.617574, change=1.47e-05, α=0.000, ‖θ[1:]‖₁=92.566, h_range=[1.00e-08, 1.17e+01], num_knots=1924
2025-09-01 15:26:41,800 - Iter 21250: obj=-896.625534, change=1.47e-05, α=0.000, ‖θ[1:]‖₁=92.566, h_range=[1.00e-08, 1.17e+01], num_knots=1924
2025-09-01 15:26:41,905 - Iter 21260: obj=-896.633492, change=1.47e-05, α=0.000, ‖θ[1:]‖₁=92.566, h_range=[1.00e-08, 1.17e+01], num_knots=1924
2025-09-01 15:26:42,021 - Iter 21270: obj=-896.641447, change=1.47e-05, α=0.000, ‖θ[1:]‖₁=92.566, h_range=[1.00e-08, 1.17e+01], num_knots=1924
2025-09-01 15:26:42,136 - Iter 21280: obj=-896.649399, change=1.47e-05, α=0.000, ‖θ[1:]‖₁=92.566, h_range=[1.00e-08, 1.17e+01], num_knots=1924
2025-09-01 15:26:42,241 - Iter 21290: obj=-896.657348, change=1.47e-05, α=0.000, ‖θ[1:]‖₁=92.566, h_range=[1.00e-08, 1.17e+01], num_knots=1923
2025-09-01 15:26:42,356 - Iter 21300: obj=-896.665292, change=1.47e-05, α=0.000, ‖θ[1:]‖₁=92.566, h_range=[1.00e-08, 1.17e+01], num_knots=1923
2025-09-01 15:26:42,455 - Iter 21310: obj=-896.673234, change=1.47e-05, α=0.000, ‖θ[1:]‖₁=92.566, h_range=[1.00e-08, 1.17e+01], num_knots=1923
2025-09-01 15:26:42,564 - Iter 21320: obj=-896.681172, change=1.47e-05, α=0.000, ‖θ[1:]‖₁=92.566, h_range=[1.00e-08, 1.17e+01], num_knots=1923
2025-09-01 15:26:42,690 - Iter 21330: obj=-896.689107, change=1.47e-05, α=0.000, ‖θ[1:]‖₁=92.566, h_range=[1.00e-08, 1.17e+01], num_knots=1923
2025-09-01 15:26:42,795 - Iter 21340: obj=-896.697040, change=1.47e-05, α=0.000, ‖θ[1:]‖₁=92.567, h_range=[1.00e-08, 1.17e+01], num_knots=1923
2025-09-01 15:26:42,902 - Iter 21350: obj=-896.704970, change=1.47e-05, α=0.000, ‖θ[1:]‖₁=92.567, h_range=[1.00e-08, 1.17e+01], num_knots=1923
2025-09-01 15:26:43,000 - Iter 21360: obj=-896.712897, change=1.47e-05, α=0.000, ‖θ[1:]‖₁=92.567, h_range=[1.00e-08, 1.17e+01], num_knots=1923
2025-09-01 15:26:43,110 - Iter 21370: obj=-896.720821, change=1.47e-05, α=0.000, ‖θ[1:]‖₁=92.567, h_range=[1.00e-08, 1.17e+01], num_knots=1923
2025-09-01 15:26:43,215 - Iter 21380: obj=-896.728743, change=1.46e-05, α=0.000, ‖θ[1:]‖₁=92.567, h_range=[1.00e-08, 1.17e+01], num_knots=1923
2025-09-01 15:26:43,309 - Iter 21390: obj=-896.736661, change=1.46e-05, α=0.000, ‖θ[1:]‖₁=92.567, h_range=[1.00e-08, 1.17e+01], num_knots=1922
2025-09-01 15:26:43,412 - Iter 21400: obj=-896.744575, change=1.46e-05, α=0.000, ‖θ[1:]‖₁=92.567, h_range=[1.00e-08, 1.17e+01], num_knots=1922
2025-09-01 15:26:43,520 - Iter 21410: obj=-896.752482, change=1.46e-05, α=0.000, ‖θ[1:]‖₁=92.567, h_range=[1.00e-08, 1.17e+01], num_knots=1921
2025-09-01 15:26:43,621 - Iter 21420: obj=-896.760376, change=1.46e-05, α=0.000, ‖θ[1:]‖₁=92.567, h_range=[1.00e-08, 1.17e+01], num_knots=1921
2025-09-01 15:26:43,737 - Iter 21430: obj=-896.768267, change=1.46e-05, α=0.000, ‖θ[1:]‖₁=92.567, h_range=[1.00e-08, 1.17e+01], num_knots=1921
2025-09-01 15:26:43,895 - Iter 21440: obj=-896.776155, change=1.46e-05, α=0.000, ‖θ[1:]‖₁=92.567, h_range=[1.00e-08, 1.17e+01], num_knots=1921
2025-09-01 15:26:43,997 - Iter 21450: obj=-896.784040, change=1.46e-05, α=0.000, ‖θ[1:]‖₁=92.567, h_range=[1.00e-08, 1.17e+01], num_knots=1920
2025-09-01 15:26:44,092 - Iter 21460: obj=-896.791915, change=1.46e-05, α=0.000, ‖θ[1:]‖₁=92.567, h_range=[1.00e-08, 1.17e+01], num_knots=1920
2025-09-01 15:26:44,190 - Iter 21470: obj=-896.799787, change=1.46e-05, α=0.000, ‖θ[1:]‖₁=92.568, h_range=[1.00e-08, 1.17e+01], num_knots=1920
2025-09-01 15:26:44,311 - Iter 21480: obj=-896.807657, change=1.46e-05, α=0.000, ‖θ[1:]‖₁=92.568, h_range=[1.00e-08, 1.17e+01], num_knots=1920
2025-09-01 15:26:44,430 - Iter 21490: obj=-896.815524, change=1.46e-05, α=0.000, ‖θ[1:]‖₁=92.568, h_range=[1.00e-08, 1.17e+01], num_knots=1920
2025-09-01 15:26:44,526 - Iter 21500: obj=-896.823388, change=1.46e-05, α=0.000, ‖θ[1:]‖₁=92.568, h_range=[1.00e-08, 1.17e+01], num_knots=1920
2025-09-01 15:26:44,678 - Iter 21510: obj=-896.831249, change=1.46e-05, α=0.000, ‖θ[1:]‖₁=92.568, h_range=[1.00e-08, 1.17e+01], num_knots=1920
2025-09-01 15:26:44,796 - Iter 21520: obj=-896.839107, change=1.46e-05, α=0.000, ‖θ[1:]‖₁=92.568, h_range=[1.00e-08, 1.17e+01], num_knots=1920
2025-09-01 15:26:44,902 - Iter 21530: obj=-896.846963, change=1.46e-05, α=0.000, ‖θ[1:]‖₁=92.568, h_range=[1.00e-08, 1.17e+01], num_knots=1920
2025-09-01 15:26:45,031 - Iter 21540: obj=-896.854816, change=1.46e-05, α=0.000, ‖θ[1:]‖₁=92.568, h_range=[1.00e-08, 1.17e+01], num_knots=1920
2025-09-01 15:26:45,148 - Iter 21550: obj=-896.862666, change=1.46e-05, α=0.000, ‖θ[1:]‖₁=92.568, h_range=[1.00e-08, 1.17e+01], num_knots=1920
2025-09-01 15:26:45,264 - Iter 21560: obj=-896.870513, change=1.46e-05, α=0.000, ‖θ[1:]‖₁=92.568, h_range=[1.00e-08, 1.17e+01], num_knots=1920
2025-09-01 15:26:45,375 - Iter 21570: obj=-896.878358, change=1.46e-05, α=0.000, ‖θ[1:]‖₁=92.568, h_range=[1.00e-08, 1.17e+01], num_knots=1920
2025-09-01 15:26:45,477 - Iter 21580: obj=-896.886199, change=1.46e-05, α=0.000, ‖θ[1:]‖₁=92.569, h_range=[1.00e-08, 1.17e+01], num_knots=1920
2025-09-01 15:26:45,587 - Iter 21590: obj=-896.894038, change=1.46e-05, α=0.000, ‖θ[1:]‖₁=92.569, h_range=[1.00e-08, 1.17e+01], num_knots=1920
2025-09-01 15:26:45,679 - Iter 21600: obj=-896.901875, change=1.46e-05, α=0.000, ‖θ[1:]‖₁=92.569, h_range=[1.00e-08, 1.17e+01], num_knots=1920
2025-09-01 15:26:45,784 - Iter 21610: obj=-896.909708, change=1.46e-05, α=0.000, ‖θ[1:]‖₁=92.569, h_range=[1.00e-08, 1.17e+01], num_knots=1920
2025-09-01 15:26:46,019 - Iter 21620: obj=-896.917537, change=1.46e-05, α=0.000, ‖θ[1:]‖₁=92.569, h_range=[1.00e-08, 1.17e+01], num_knots=1919
2025-09-01 15:26:46,212 - Iter 21630: obj=-896.925351, change=1.46e-05, α=0.000, ‖θ[1:]‖₁=92.569, h_range=[1.00e-08, 1.17e+01], num_knots=1919
2025-09-01 15:26:46,394 - Iter 21640: obj=-896.933162, change=1.46e-05, α=0.000, ‖θ[1:]‖₁=92.569, h_range=[1.00e-08, 1.17e+01], num_knots=1919
2025-09-01 15:26:46,580 - Iter 21650: obj=-896.940970, change=1.46e-05, α=0.000, ‖θ[1:]‖₁=92.569, h_range=[1.00e-08, 1.17e+01], num_knots=1919
2025-09-01 15:26:46,764 - Iter 21660: obj=-896.948776, change=1.46e-05, α=0.000, ‖θ[1:]‖₁=92.569, h_range=[1.00e-08, 1.17e+01], num_knots=1919
2025-09-01 15:26:46,907 - Iter 21670: obj=-896.956578, change=1.46e-05, α=0.000, ‖θ[1:]‖₁=92.569, h_range=[1.00e-08, 1.17e+01], num_knots=1919
2025-09-01 15:26:47,008 - Iter 21680: obj=-896.964378, change=1.46e-05, α=0.000, ‖θ[1:]‖₁=92.569, h_range=[1.00e-08, 1.17e+01], num_knots=1919
2025-09-01 15:26:47,114 - Iter 21690: obj=-896.972175, change=1.46e-05, α=0.000, ‖θ[1:]‖₁=92.569, h_range=[1.00e-08, 1.17e+01], num_knots=1918
2025-09-01 15:26:47,220 - Iter 21700: obj=-896.979968, change=1.46e-05, α=0.000, ‖θ[1:]‖₁=92.570, h_range=[1.00e-08, 1.17e+01], num_knots=1918
2025-09-01 15:26:47,367 - Iter 21710: obj=-896.987758, change=1.46e-05, α=0.000, ‖θ[1:]‖₁=92.570, h_range=[1.00e-08, 1.17e+01], num_knots=1918
2025-09-01 15:26:47,500 - Iter 21720: obj=-896.995546, change=1.46e-05, α=0.000, ‖θ[1:]‖₁=92.570, h_range=[1.00e-08, 1.17e+01], num_knots=1918
2025-09-01 15:26:47,616 - Iter 21730: obj=-897.003331, change=1.46e-05, α=0.000, ‖θ[1:]‖₁=92.570, h_range=[1.00e-08, 1.17e+01], num_knots=1918
2025-09-01 15:26:47,705 - Iter 21740: obj=-897.011113, change=1.46e-05, α=0.000, ‖θ[1:]‖₁=92.570, h_range=[1.00e-08, 1.17e+01], num_knots=1918
2025-09-01 15:26:47,872 - Iter 21750: obj=-897.018892, change=1.46e-05, α=0.000, ‖θ[1:]‖₁=92.570, h_range=[1.00e-08, 1.17e+01], num_knots=1918
2025-09-01 15:26:48,081 - Iter 21760: obj=-897.026669, change=1.45e-05, α=0.000, ‖θ[1:]‖₁=92.570, h_range=[1.00e-08, 1.17e+01], num_knots=1918
2025-09-01 15:26:48,215 - Iter 21770: obj=-897.034443, change=1.45e-05, α=0.000, ‖θ[1:]‖₁=92.570, h_range=[1.00e-08, 1.17e+01], num_knots=1918
2025-09-01 15:26:48,324 - Iter 21780: obj=-897.042213, change=1.45e-05, α=0.000, ‖θ[1:]‖₁=92.570, h_range=[1.00e-08, 1.17e+01], num_knots=1917
2025-09-01 15:26:48,433 - Iter 21790: obj=-897.049968, change=1.45e-05, α=0.000, ‖θ[1:]‖₁=92.570, h_range=[1.00e-08, 1.17e+01], num_knots=1917
2025-09-01 15:26:48,553 - Iter 21800: obj=-897.057720, change=1.45e-05, α=0.000, ‖θ[1:]‖₁=92.570, h_range=[1.00e-08, 1.17e+01], num_knots=1917
2025-09-01 15:26:48,663 - Iter 21810: obj=-897.065469, change=1.45e-05, α=0.000, ‖θ[1:]‖₁=92.570, h_range=[1.00e-08, 1.17e+01], num_knots=1917
2025-09-01 15:26:48,782 - Iter 21820: obj=-897.073215, change=1.45e-05, α=0.000, ‖θ[1:]‖₁=92.570, h_range=[1.00e-08, 1.17e+01], num_knots=1917
2025-09-01 15:26:48,898 - Iter 21830: obj=-897.080959, change=1.45e-05, α=0.000, ‖θ[1:]‖₁=92.570, h_range=[1.00e-08, 1.17e+01], num_knots=1917
2025-09-01 15:26:49,022 - Iter 21840: obj=-897.088700, change=1.45e-05, α=0.000, ‖θ[1:]‖₁=92.571, h_range=[1.00e-08, 1.17e+01], num_knots=1917
2025-09-01 15:26:49,126 - Iter 21850: obj=-897.096417, change=1.45e-05, α=0.000, ‖θ[1:]‖₁=92.571, h_range=[1.00e-08, 1.17e+01], num_knots=1916
2025-09-01 15:26:49,226 - Iter 21860: obj=-897.104094, change=1.45e-05, α=0.000, ‖θ[1:]‖₁=92.571, h_range=[1.00e-08, 1.17e+01], num_knots=1916
2025-09-01 15:26:49,322 - Iter 21870: obj=-897.111769, change=1.45e-05, α=0.000, ‖θ[1:]‖₁=92.571, h_range=[1.00e-08, 1.17e+01], num_knots=1916
2025-09-01 15:26:49,425 - Iter 21880: obj=-897.119441, change=1.45e-05, α=0.000, ‖θ[1:]‖₁=92.571, h_range=[1.00e-08, 1.17e+01], num_knots=1916
2025-09-01 15:26:49,522 - Iter 21890: obj=-897.127109, change=1.45e-05, α=0.000, ‖θ[1:]‖₁=92.571, h_range=[1.00e-08, 1.17e+01], num_knots=1915
2025-09-01 15:26:49,649 - Iter 21900: obj=-897.134775, change=1.45e-05, α=0.000, ‖θ[1:]‖₁=92.571, h_range=[1.00e-08, 1.17e+01], num_knots=1915
2025-09-01 15:26:49,752 - Iter 21910: obj=-897.142436, change=1.45e-05, α=0.000, ‖θ[1:]‖₁=92.571, h_range=[1.00e-08, 1.17e+01], num_knots=1914
2025-09-01 15:26:49,870 - Iter 21920: obj=-897.150081, change=1.45e-05, α=0.000, ‖θ[1:]‖₁=92.571, h_range=[1.00e-08, 1.17e+01], num_knots=1914
2025-09-01 15:26:50,003 - Iter 21930: obj=-897.157723, change=1.45e-05, α=0.000, ‖θ[1:]‖₁=92.572, h_range=[1.00e-08, 1.17e+01], num_knots=1914
2025-09-01 15:26:50,130 - Iter 21940: obj=-897.165363, change=1.45e-05, α=0.000, ‖θ[1:]‖₁=92.572, h_range=[1.00e-08, 1.17e+01], num_knots=1914
2025-09-01 15:26:50,234 - Iter 21950: obj=-897.173000, change=1.45e-05, α=0.000, ‖θ[1:]‖₁=92.572, h_range=[1.00e-08, 1.17e+01], num_knots=1914
2025-09-01 15:26:50,332 - Iter 21960: obj=-897.180633, change=1.45e-05, α=0.000, ‖θ[1:]‖₁=92.572, h_range=[1.00e-08, 1.17e+01], num_knots=1913
2025-09-01 15:26:50,422 - Iter 21970: obj=-897.188262, change=1.45e-05, α=0.000, ‖θ[1:]‖₁=92.572, h_range=[1.00e-08, 1.17e+01], num_knots=1912
2025-09-01 15:26:50,531 - Iter 21980: obj=-897.195887, change=1.45e-05, α=0.000, ‖θ[1:]‖₁=92.572, h_range=[1.00e-08, 1.17e+01], num_knots=1912
2025-09-01 15:26:50,645 - Iter 21990: obj=-897.203509, change=1.45e-05, α=0.000, ‖θ[1:]‖₁=92.572, h_range=[1.00e-08, 1.17e+01], num_knots=1912
2025-09-01 15:26:50,766 - Iter 22000: obj=-897.211128, change=1.45e-05, α=0.000, ‖θ[1:]‖₁=92.573, h_range=[1.00e-08, 1.17e+01], num_knots=1912
2025-09-01 15:26:50,874 - Iter 22010: obj=-897.218742, change=1.45e-05, α=0.000, ‖θ[1:]‖₁=92.573, h_range=[1.00e-08, 1.17e+01], num_knots=1911
2025-09-01 15:26:50,993 - Iter 22020: obj=-897.226341, change=1.45e-05, α=0.000, ‖θ[1:]‖₁=92.573, h_range=[1.00e-08, 1.17e+01], num_knots=1911
2025-09-01 15:26:51,108 - Iter 22030: obj=-897.233937, change=1.45e-05, α=0.000, ‖θ[1:]‖₁=92.573, h_range=[1.00e-08, 1.17e+01], num_knots=1910
2025-09-01 15:26:51,221 - Iter 22040: obj=-897.241528, change=1.45e-05, α=0.000, ‖θ[1:]‖₁=92.573, h_range=[1.00e-08, 1.17e+01], num_knots=1909
2025-09-01 15:26:51,329 - Iter 22050: obj=-897.249115, change=1.45e-05, α=0.000, ‖θ[1:]‖₁=92.573, h_range=[1.00e-08, 1.17e+01], num_knots=1909
2025-09-01 15:26:51,449 - Iter 22060: obj=-897.256699, change=1.45e-05, α=0.000, ‖θ[1:]‖₁=92.574, h_range=[1.00e-08, 1.17e+01], num_knots=1909
2025-09-01 15:26:51,554 - Iter 22070: obj=-897.264281, change=1.45e-05, α=0.000, ‖θ[1:]‖₁=92.574, h_range=[1.00e-08, 1.17e+01], num_knots=1909
2025-09-01 15:26:51,667 - Iter 22080: obj=-897.271858, change=1.45e-05, α=0.000, ‖θ[1:]‖₁=92.574, h_range=[1.00e-08, 1.17e+01], num_knots=1908
2025-09-01 15:26:51,790 - Iter 22090: obj=-897.279420, change=1.45e-05, α=0.000, ‖θ[1:]‖₁=92.574, h_range=[1.00e-08, 1.17e+01], num_knots=1908
2025-09-01 15:26:51,912 - Iter 22100: obj=-897.286979, change=1.44e-05, α=0.000, ‖θ[1:]‖₁=92.574, h_range=[1.00e-08, 1.17e+01], num_knots=1908
2025-09-01 15:26:52,041 - Iter 22110: obj=-897.294536, change=1.44e-05, α=0.000, ‖θ[1:]‖₁=92.575, h_range=[1.00e-08, 1.17e+01], num_knots=1908
2025-09-01 15:26:52,166 - Iter 22120: obj=-897.302090, change=1.44e-05, α=0.000, ‖θ[1:]‖₁=92.575, h_range=[1.00e-08, 1.17e+01], num_knots=1908
2025-09-01 15:26:52,351 - Iter 22130: obj=-897.309641, change=1.44e-05, α=0.000, ‖θ[1:]‖₁=92.575, h_range=[1.00e-08, 1.17e+01], num_knots=1908
2025-09-01 15:26:52,473 - Iter 22140: obj=-897.317190, change=1.44e-05, α=0.000, ‖θ[1:]‖₁=92.575, h_range=[1.00e-08, 1.17e+01], num_knots=1908
2025-09-01 15:26:52,577 - Iter 22150: obj=-897.324736, change=1.44e-05, α=0.000, ‖θ[1:]‖₁=92.575, h_range=[1.00e-08, 1.17e+01], num_knots=1908
2025-09-01 15:26:52,684 - Iter 22160: obj=-897.332280, change=1.44e-05, α=0.000, ‖θ[1:]‖₁=92.575, h_range=[1.00e-08, 1.17e+01], num_knots=1908
2025-09-01 15:26:52,800 - Iter 22170: obj=-897.339821, change=1.44e-05, α=0.000, ‖θ[1:]‖₁=92.576, h_range=[1.00e-08, 1.17e+01], num_knots=1908
2025-09-01 15:26:52,948 - Iter 22180: obj=-897.347359, change=1.44e-05, α=0.000, ‖θ[1:]‖₁=92.576, h_range=[1.00e-08, 1.17e+01], num_knots=1908
2025-09-01 15:26:53,057 - Iter 22190: obj=-897.354885, change=1.44e-05, α=0.000, ‖θ[1:]‖₁=92.576, h_range=[1.00e-08, 1.17e+01], num_knots=1907
2025-09-01 15:26:53,172 - Iter 22200: obj=-897.362404, change=1.44e-05, α=0.000, ‖θ[1:]‖₁=92.576, h_range=[1.00e-08, 1.17e+01], num_knots=1907
2025-09-01 15:26:53,277 - Iter 22210: obj=-897.369905, change=1.44e-05, α=0.000, ‖θ[1:]‖₁=92.576, h_range=[1.00e-08, 1.17e+01], num_knots=1906
2025-09-01 15:26:53,391 - Iter 22220: obj=-897.377361, change=1.44e-05, α=0.000, ‖θ[1:]‖₁=92.577, h_range=[1.00e-08, 1.17e+01], num_knots=1906
2025-09-01 15:26:53,500 - Iter 22230: obj=-897.384814, change=1.44e-05, α=0.000, ‖θ[1:]‖₁=92.577, h_range=[1.00e-08, 1.17e+01], num_knots=1906
2025-09-01 15:26:53,596 - Iter 22240: obj=-897.392264, change=1.44e-05, α=0.000, ‖θ[1:]‖₁=92.577, h_range=[1.00e-08, 1.17e+01], num_knots=1906
2025-09-01 15:26:53,681 - Iter 22250: obj=-897.399712, change=1.44e-05, α=0.000, ‖θ[1:]‖₁=92.577, h_range=[1.00e-08, 1.17e+01], num_knots=1906
2025-09-01 15:26:53,796 - Iter 22260: obj=-897.407157, change=1.44e-05, α=0.000, ‖θ[1:]‖₁=92.577, h_range=[1.00e-08, 1.17e+01], num_knots=1906
2025-09-01 15:26:53,919 - Iter 22270: obj=-897.414600, change=1.44e-05, α=0.000, ‖θ[1:]‖₁=92.578, h_range=[1.00e-08, 1.17e+01], num_knots=1906
2025-09-01 15:26:54,020 - Iter 22280: obj=-897.422040, change=1.44e-05, α=0.000, ‖θ[1:]‖₁=92.578, h_range=[1.00e-08, 1.17e+01], num_knots=1906
2025-09-01 15:26:54,150 - Iter 22290: obj=-897.429478, change=1.44e-05, α=0.000, ‖θ[1:]‖₁=92.578, h_range=[1.00e-08, 1.17e+01], num_knots=1906
2025-09-01 15:26:54,271 - Iter 22300: obj=-897.436913, change=1.44e-05, α=0.000, ‖θ[1:]‖₁=92.578, h_range=[1.00e-08, 1.17e+01], num_knots=1906
2025-09-01 15:26:54,380 - Iter 22310: obj=-897.444345, change=1.44e-05, α=0.000, ‖θ[1:]‖₁=92.579, h_range=[1.00e-08, 1.17e+01], num_knots=1906
2025-09-01 15:26:54,522 - Iter 22320: obj=-897.451775, change=1.44e-05, α=0.000, ‖θ[1:]‖₁=92.579, h_range=[1.00e-08, 1.17e+01], num_knots=1906
2025-09-01 15:26:54,696 - Iter 22330: obj=-897.459202, change=1.44e-05, α=0.000, ‖θ[1:]‖₁=92.579, h_range=[1.00e-08, 1.17e+01], num_knots=1906
2025-09-01 15:26:54,794 - Iter 22340: obj=-897.466627, change=1.44e-05, α=0.000, ‖θ[1:]‖₁=92.579, h_range=[1.00e-08, 1.17e+01], num_knots=1906
2025-09-01 15:26:54,905 - Iter 22350: obj=-897.474049, change=1.44e-05, α=0.000, ‖θ[1:]‖₁=92.579, h_range=[1.00e-08, 1.17e+01], num_knots=1906
2025-09-01 15:26:55,009 - Iter 22360: obj=-897.481468, change=1.44e-05, α=0.000, ‖θ[1:]‖₁=92.580, h_range=[1.00e-08, 1.17e+01], num_knots=1906
2025-09-01 15:26:55,125 - Iter 22370: obj=-897.488885, change=1.44e-05, α=0.000, ‖θ[1:]‖₁=92.580, h_range=[1.00e-08, 1.17e+01], num_knots=1906
2025-09-01 15:26:55,236 - Iter 22380: obj=-897.496300, change=1.44e-05, α=0.000, ‖θ[1:]‖₁=92.580, h_range=[1.00e-08, 1.17e+01], num_knots=1906
2025-09-01 15:26:55,362 - Iter 22390: obj=-897.503712, change=1.44e-05, α=0.000, ‖θ[1:]‖₁=92.580, h_range=[1.00e-08, 1.17e+01], num_knots=1906
2025-09-01 15:26:55,473 - Iter 22400: obj=-897.511121, change=1.44e-05, α=0.000, ‖θ[1:]‖₁=92.580, h_range=[1.00e-08, 1.17e+01], num_knots=1906
2025-09-01 15:26:55,585 - Iter 22410: obj=-897.518528, change=1.44e-05, α=0.000, ‖θ[1:]‖₁=92.581, h_range=[1.00e-08, 1.17e+01], num_knots=1906
2025-09-01 15:26:55,696 - Iter 22420: obj=-897.525931, change=1.44e-05, α=0.000, ‖θ[1:]‖₁=92.581, h_range=[1.00e-08, 1.17e+01], num_knots=1905
2025-09-01 15:26:55,837 - Iter 22430: obj=-897.533332, change=1.44e-05, α=0.000, ‖θ[1:]‖₁=92.581, h_range=[1.00e-08, 1.17e+01], num_knots=1905
2025-09-01 15:26:55,962 - Iter 22440: obj=-897.540693, change=1.44e-05, α=0.000, ‖θ[1:]‖₁=92.581, h_range=[1.00e-08, 1.17e+01], num_knots=1903
2025-09-01 15:26:56,092 - Iter 22450: obj=-897.548030, change=1.43e-05, α=0.000, ‖θ[1:]‖₁=92.581, h_range=[1.00e-08, 1.17e+01], num_knots=1903
2025-09-01 15:26:56,185 - Iter 22460: obj=-897.555365, change=1.43e-05, α=0.000, ‖θ[1:]‖₁=92.582, h_range=[1.00e-08, 1.17e+01], num_knots=1903
2025-09-01 15:26:56,300 - Iter 22470: obj=-897.562698, change=1.43e-05, α=0.000, ‖θ[1:]‖₁=92.582, h_range=[1.00e-08, 1.17e+01], num_knots=1903
2025-09-01 15:26:56,406 - Iter 22480: obj=-897.570028, change=1.43e-05, α=0.000, ‖θ[1:]‖₁=92.582, h_range=[1.00e-08, 1.17e+01], num_knots=1903
2025-09-01 15:26:56,512 - Iter 22490: obj=-897.577355, change=1.43e-05, α=0.000, ‖θ[1:]‖₁=92.582, h_range=[1.00e-08, 1.17e+01], num_knots=1903
2025-09-01 15:26:56,622 - Iter 22500: obj=-897.584680, change=1.43e-05, α=0.000, ‖θ[1:]‖₁=92.582, h_range=[1.00e-08, 1.17e+01], num_knots=1903
2025-09-01 15:26:56,734 - Iter 22510: obj=-897.592002, change=1.43e-05, α=0.000, ‖θ[1:]‖₁=92.583, h_range=[1.00e-08, 1.17e+01], num_knots=1900
2025-09-01 15:26:56,868 - Iter 22520: obj=-897.599317, change=1.43e-05, α=0.000, ‖θ[1:]‖₁=92.583, h_range=[1.00e-08, 1.17e+01], num_knots=1900
2025-09-01 15:26:56,972 - Iter 22530: obj=-897.606630, change=1.43e-05, α=0.000, ‖θ[1:]‖₁=92.583, h_range=[1.00e-08, 1.17e+01], num_knots=1900
2025-09-01 15:26:57,088 - Iter 22540: obj=-897.613940, change=1.43e-05, α=0.000, ‖θ[1:]‖₁=92.583, h_range=[1.00e-08, 1.17e+01], num_knots=1900
2025-09-01 15:26:57,200 - Iter 22550: obj=-897.621247, change=1.43e-05, α=0.000, ‖θ[1:]‖₁=92.584, h_range=[1.00e-08, 1.17e+01], num_knots=1900
2025-09-01 15:26:57,302 - Iter 22560: obj=-897.628552, change=1.43e-05, α=0.000, ‖θ[1:]‖₁=92.584, h_range=[1.00e-08, 1.17e+01], num_knots=1900
2025-09-01 15:26:57,421 - Iter 22570: obj=-897.635854, change=1.43e-05, α=0.000, ‖θ[1:]‖₁=92.584, h_range=[1.00e-08, 1.17e+01], num_knots=1900
2025-09-01 15:26:57,547 - Iter 22580: obj=-897.643154, change=1.43e-05, α=0.000, ‖θ[1:]‖₁=92.584, h_range=[1.00e-08, 1.17e+01], num_knots=1900
2025-09-01 15:26:57,652 - Iter 22590: obj=-897.650450, change=1.43e-05, α=0.000, ‖θ[1:]‖₁=92.584, h_range=[1.00e-08, 1.17e+01], num_knots=1899
2025-09-01 15:26:57,763 - Iter 22600: obj=-897.657737, change=1.43e-05, α=0.000, ‖θ[1:]‖₁=92.585, h_range=[1.00e-08, 1.17e+01], num_knots=1898
2025-09-01 15:26:57,863 - Iter 22610: obj=-897.665013, change=1.43e-05, α=0.000, ‖θ[1:]‖₁=92.585, h_range=[1.00e-08, 1.17e+01], num_knots=1898
2025-09-01 15:26:57,964 - Iter 22620: obj=-897.672287, change=1.43e-05, α=0.000, ‖θ[1:]‖₁=92.585, h_range=[1.00e-08, 1.17e+01], num_knots=1898
2025-09-01 15:26:58,083 - Iter 22630: obj=-897.679558, change=1.43e-05, α=0.000, ‖θ[1:]‖₁=92.585, h_range=[1.00e-08, 1.17e+01], num_knots=1898
2025-09-01 15:26:58,192 - Iter 22640: obj=-897.686825, change=1.43e-05, α=0.000, ‖θ[1:]‖₁=92.586, h_range=[1.00e-08, 1.17e+01], num_knots=1897
2025-09-01 15:26:58,303 - Iter 22650: obj=-897.694089, change=1.43e-05, α=0.000, ‖θ[1:]‖₁=92.586, h_range=[1.00e-08, 1.17e+01], num_knots=1896
2025-09-01 15:26:58,414 - Iter 22660: obj=-897.701348, change=1.43e-05, α=0.000, ‖θ[1:]‖₁=92.586, h_range=[1.00e-08, 1.17e+01], num_knots=1896
2025-09-01 15:26:58,502 - Iter 22670: obj=-897.708603, change=1.43e-05, α=0.000, ‖θ[1:]‖₁=92.586, h_range=[1.00e-08, 1.17e+01], num_knots=1894
2025-09-01 15:26:58,594 - Iter 22680: obj=-897.715852, change=1.43e-05, α=0.000, ‖θ[1:]‖₁=92.587, h_range=[1.00e-08, 1.17e+01], num_knots=1894
2025-09-01 15:26:58,705 - Iter 22690: obj=-897.723099, change=1.43e-05, α=0.000, ‖θ[1:]‖₁=92.587, h_range=[1.00e-08, 1.17e+01], num_knots=1894
2025-09-01 15:26:58,815 - Iter 22700: obj=-897.730344, change=1.43e-05, α=0.000, ‖θ[1:]‖₁=92.587, h_range=[1.00e-08, 1.17e+01], num_knots=1894
2025-09-01 15:26:58,932 - Iter 22710: obj=-897.737585, change=1.43e-05, α=0.000, ‖θ[1:]‖₁=92.587, h_range=[1.00e-08, 1.17e+01], num_knots=1893
2025-09-01 15:26:59,051 - Iter 22720: obj=-897.744825, change=1.43e-05, α=0.000, ‖θ[1:]‖₁=92.588, h_range=[1.00e-08, 1.17e+01], num_knots=1893
2025-09-01 15:26:59,151 - Iter 22730: obj=-897.752061, change=1.43e-05, α=0.000, ‖θ[1:]‖₁=92.588, h_range=[1.00e-08, 1.17e+01], num_knots=1893
2025-09-01 15:26:59,255 - Iter 22740: obj=-897.759296, change=1.43e-05, α=0.000, ‖θ[1:]‖₁=92.588, h_range=[1.00e-08, 1.17e+01], num_knots=1893
2025-09-01 15:26:59,390 - Iter 22750: obj=-897.766527, change=1.43e-05, α=0.000, ‖θ[1:]‖₁=92.588, h_range=[1.00e-08, 1.17e+01], num_knots=1893
2025-09-01 15:26:59,505 - Iter 22760: obj=-897.773757, change=1.43e-05, α=0.000, ‖θ[1:]‖₁=92.589, h_range=[1.00e-08, 1.17e+01], num_knots=1893
2025-09-01 15:26:59,606 - Iter 22770: obj=-897.780984, change=1.43e-05, α=0.000, ‖θ[1:]‖₁=92.589, h_range=[1.00e-08, 1.17e+01], num_knots=1893
2025-09-01 15:26:59,711 - Iter 22780: obj=-897.788208, change=1.43e-05, α=0.000, ‖θ[1:]‖₁=92.589, h_range=[1.00e-08, 1.17e+01], num_knots=1893
2025-09-01 15:26:59,803 - Iter 22790: obj=-897.795430, change=1.43e-05, α=0.000, ‖θ[1:]‖₁=92.589, h_range=[1.00e-08, 1.17e+01], num_knots=1893
2025-09-01 15:26:59,919 - Iter 22800: obj=-897.802650, change=1.43e-05, α=0.000, ‖θ[1:]‖₁=92.589, h_range=[1.00e-08, 1.17e+01], num_knots=1893
2025-09-01 15:27:00,060 - Iter 22810: obj=-897.809867, change=1.43e-05, α=0.000, ‖θ[1:]‖₁=92.590, h_range=[1.00e-08, 1.17e+01], num_knots=1893
2025-09-01 15:27:00,168 - Iter 22820: obj=-897.817081, change=1.42e-05, α=0.000, ‖θ[1:]‖₁=92.590, h_range=[1.00e-08, 1.17e+01], num_knots=1893
2025-09-01 15:27:00,273 - Iter 22830: obj=-897.824293, change=1.42e-05, α=0.000, ‖θ[1:]‖₁=92.590, h_range=[1.00e-08, 1.17e+01], num_knots=1892
2025-09-01 15:27:00,394 - Iter 22840: obj=-897.831502, change=1.42e-05, α=0.000, ‖θ[1:]‖₁=92.590, h_range=[1.00e-08, 1.17e+01], num_knots=1892
2025-09-01 15:27:00,518 - Iter 22850: obj=-897.838708, change=1.42e-05, α=0.000, ‖θ[1:]‖₁=92.590, h_range=[1.00e-08, 1.17e+01], num_knots=1892
2025-09-01 15:27:00,623 - Iter 22860: obj=-897.845911, change=1.42e-05, α=0.000, ‖θ[1:]‖₁=92.591, h_range=[1.00e-08, 1.17e+01], num_knots=1892
2025-09-01 15:27:00,748 - Iter 22870: obj=-897.853113, change=1.42e-05, α=0.000, ‖θ[1:]‖₁=92.591, h_range=[1.00e-08, 1.17e+01], num_knots=1892
2025-09-01 15:27:00,845 - Iter 22880: obj=-897.860311, change=1.42e-05, α=0.000, ‖θ[1:]‖₁=92.591, h_range=[1.00e-08, 1.17e+01], num_knots=1892
2025-09-01 15:27:00,941 - Iter 22890: obj=-897.867499, change=1.42e-05, α=0.000, ‖θ[1:]‖₁=92.591, h_range=[1.00e-08, 1.17e+01], num_knots=1891
2025-09-01 15:27:01,029 - Iter 22900: obj=-897.874636, change=1.42e-05, α=0.000, ‖θ[1:]‖₁=92.592, h_range=[1.00e-08, 1.17e+01], num_knots=1891
2025-09-01 15:27:01,132 - Iter 22910: obj=-897.881771, change=1.42e-05, α=0.000, ‖θ[1:]‖₁=92.592, h_range=[1.00e-08, 1.17e+01], num_knots=1891
2025-09-01 15:27:01,234 - Iter 22920: obj=-897.888904, change=1.42e-05, α=0.000, ‖θ[1:]‖₁=92.592, h_range=[1.00e-08, 1.17e+01], num_knots=1891
2025-09-01 15:27:01,355 - Iter 22930: obj=-897.896034, change=1.42e-05, α=0.000, ‖θ[1:]‖₁=92.592, h_range=[1.00e-08, 1.17e+01], num_knots=1891
2025-09-01 15:27:01,463 - Iter 22940: obj=-897.903161, change=1.42e-05, α=0.000, ‖θ[1:]‖₁=92.593, h_range=[1.00e-08, 1.17e+01], num_knots=1891
2025-09-01 15:27:01,560 - Iter 22950: obj=-897.910286, change=1.42e-05, α=0.000, ‖θ[1:]‖₁=92.593, h_range=[1.00e-08, 1.17e+01], num_knots=1891
2025-09-01 15:27:01,692 - Iter 22960: obj=-897.917409, change=1.42e-05, α=0.000, ‖θ[1:]‖₁=92.593, h_range=[1.00e-08, 1.17e+01], num_knots=1891
2025-09-01 15:27:01,799 - Iter 22970: obj=-897.924530, change=1.42e-05, α=0.000, ‖θ[1:]‖₁=92.593, h_range=[1.00e-08, 1.17e+01], num_knots=1891
2025-09-01 15:27:01,894 - Iter 22980: obj=-897.931648, change=1.42e-05, α=0.000, ‖θ[1:]‖₁=92.593, h_range=[1.00e-08, 1.17e+01], num_knots=1891
2025-09-01 15:27:02,010 - Iter 22990: obj=-897.938763, change=1.42e-05, α=0.000, ‖θ[1:]‖₁=92.594, h_range=[1.00e-08, 1.17e+01], num_knots=1891
2025-09-01 15:27:02,134 - Iter 23000: obj=-897.945876, change=1.42e-05, α=0.000, ‖θ[1:]‖₁=92.594, h_range=[1.00e-08, 1.17e+01], num_knots=1891
2025-09-01 15:27:02,259 - Iter 23010: obj=-897.952987, change=1.42e-05, α=0.000, ‖θ[1:]‖₁=92.594, h_range=[1.00e-08, 1.17e+01], num_knots=1891
2025-09-01 15:27:02,357 - Iter 23020: obj=-897.960096, change=1.42e-05, α=0.000, ‖θ[1:]‖₁=92.594, h_range=[1.00e-08, 1.17e+01], num_knots=1891
2025-09-01 15:27:02,471 - Iter 23030: obj=-897.967202, change=1.42e-05, α=0.000, ‖θ[1:]‖₁=92.595, h_range=[1.00e-08, 1.17e+01], num_knots=1891
2025-09-01 15:27:02,590 - Iter 23040: obj=-897.974305, change=1.42e-05, α=0.000, ‖θ[1:]‖₁=92.595, h_range=[1.00e-08, 1.17e+01], num_knots=1891
2025-09-01 15:27:02,729 - Iter 23050: obj=-897.981406, change=1.42e-05, α=0.000, ‖θ[1:]‖₁=92.595, h_range=[1.00e-08, 1.17e+01], num_knots=1891
2025-09-01 15:27:02,842 - Iter 23060: obj=-897.988505, change=1.42e-05, α=0.000, ‖θ[1:]‖₁=92.595, h_range=[1.00e-08, 1.17e+01], num_knots=1891
2025-09-01 15:27:02,952 - Iter 23070: obj=-897.995602, change=1.42e-05, α=0.000, ‖θ[1:]‖₁=92.595, h_range=[1.00e-08, 1.17e+01], num_knots=1891
2025-09-01 15:27:03,046 - Iter 23080: obj=-898.002696, change=1.42e-05, α=0.000, ‖θ[1:]‖₁=92.596, h_range=[1.00e-08, 1.17e+01], num_knots=1891
2025-09-01 15:27:03,145 - Iter 23090: obj=-898.009788, change=1.42e-05, α=0.000, ‖θ[1:]‖₁=92.596, h_range=[1.00e-08, 1.17e+01], num_knots=1891
2025-09-01 15:27:03,246 - Iter 23100: obj=-898.016877, change=1.42e-05, α=0.000, ‖θ[1:]‖₁=92.596, h_range=[1.00e-08, 1.17e+01], num_knots=1891
2025-09-01 15:27:03,348 - Iter 23110: obj=-898.023964, change=1.42e-05, α=0.000, ‖θ[1:]‖₁=92.596, h_range=[1.00e-08, 1.17e+01], num_knots=1891
2025-09-01 15:27:03,455 - Iter 23120: obj=-898.031049, change=1.42e-05, α=0.000, ‖θ[1:]‖₁=92.596, h_range=[1.00e-08, 1.17e+01], num_knots=1891
2025-09-01 15:27:03,572 - Iter 23130: obj=-898.038131, change=1.42e-05, α=0.000, ‖θ[1:]‖₁=92.597, h_range=[1.00e-08, 1.17e+01], num_knots=1890
2025-09-01 15:27:03,695 - Iter 23140: obj=-898.045210, change=1.42e-05, α=0.000, ‖θ[1:]‖₁=92.597, h_range=[1.00e-08, 1.17e+01], num_knots=1890
2025-09-01 15:27:03,800 - Iter 23150: obj=-898.052286, change=1.42e-05, α=0.000, ‖θ[1:]‖₁=92.597, h_range=[1.00e-08, 1.17e+01], num_knots=1890
2025-09-01 15:27:03,919 - Iter 23160: obj=-898.059360, change=1.42e-05, α=0.000, ‖θ[1:]‖₁=92.597, h_range=[1.00e-08, 1.17e+01], num_knots=1890
2025-09-01 15:27:04,036 - Iter 23170: obj=-898.066431, change=1.42e-05, α=0.000, ‖θ[1:]‖₁=92.597, h_range=[1.00e-08, 1.17e+01], num_knots=1889
2025-09-01 15:27:04,142 - Iter 23180: obj=-898.073499, change=1.41e-05, α=0.000, ‖θ[1:]‖₁=92.597, h_range=[1.00e-08, 1.17e+01], num_knots=1889
2025-09-01 15:27:04,244 - Iter 23190: obj=-898.080564, change=1.41e-05, α=0.000, ‖θ[1:]‖₁=92.598, h_range=[1.00e-08, 1.17e+01], num_knots=1889
2025-09-01 15:27:04,326 - Iter 23200: obj=-898.087627, change=1.41e-05, α=0.000, ‖θ[1:]‖₁=92.598, h_range=[1.00e-08, 1.17e+01], num_knots=1889
2025-09-01 15:27:04,431 - Iter 23210: obj=-898.094688, change=1.41e-05, α=0.000, ‖θ[1:]‖₁=92.598, h_range=[1.00e-08, 1.17e+01], num_knots=1889
2025-09-01 15:27:04,551 - Iter 23220: obj=-898.101747, change=1.41e-05, α=0.000, ‖θ[1:]‖₁=92.598, h_range=[1.00e-08, 1.17e+01], num_knots=1889
2025-09-01 15:27:04,647 - Iter 23230: obj=-898.108796, change=1.41e-05, α=0.000, ‖θ[1:]‖₁=92.598, h_range=[1.00e-08, 1.17e+01], num_knots=1888
2025-09-01 15:27:04,743 - Iter 23240: obj=-898.115836, change=1.41e-05, α=0.000, ‖θ[1:]‖₁=92.599, h_range=[1.00e-08, 1.17e+01], num_knots=1888
2025-09-01 15:27:04,856 - Iter 23250: obj=-898.122873, change=1.41e-05, α=0.000, ‖θ[1:]‖₁=92.599, h_range=[1.00e-08, 1.17e+01], num_knots=1888
2025-09-01 15:27:04,963 - Iter 23260: obj=-898.129909, change=1.41e-05, α=0.000, ‖θ[1:]‖₁=92.599, h_range=[1.00e-08, 1.17e+01], num_knots=1888
2025-09-01 15:27:05,082 - Iter 23270: obj=-898.136942, change=1.41e-05, α=0.000, ‖θ[1:]‖₁=92.599, h_range=[1.00e-08, 1.17e+01], num_knots=1888
2025-09-01 15:27:05,212 - Iter 23280: obj=-898.143973, change=1.41e-05, α=0.000, ‖θ[1:]‖₁=92.599, h_range=[1.00e-08, 1.17e+01], num_knots=1888
2025-09-01 15:27:05,316 - Iter 23290: obj=-898.151001, change=1.41e-05, α=0.000, ‖θ[1:]‖₁=92.600, h_range=[1.00e-08, 1.17e+01], num_knots=1888
2025-09-01 15:27:05,481 - Iter 23300: obj=-898.158027, change=1.41e-05, α=0.000, ‖θ[1:]‖₁=92.600, h_range=[1.00e-08, 1.17e+01], num_knots=1888
2025-09-01 15:27:05,608 - Iter 23310: obj=-898.165051, change=1.41e-05, α=0.000, ‖θ[1:]‖₁=92.600, h_range=[1.00e-08, 1.17e+01], num_knots=1888
2025-09-01 15:27:05,736 - Iter 23320: obj=-898.172072, change=1.41e-05, α=0.000, ‖θ[1:]‖₁=92.600, h_range=[1.00e-08, 1.17e+01], num_knots=1888
2025-09-01 15:27:05,849 - Iter 23330: obj=-898.179092, change=1.41e-05, α=0.000, ‖θ[1:]‖₁=92.600, h_range=[1.00e-08, 1.17e+01], num_knots=1888
2025-09-01 15:27:05,961 - Iter 23340: obj=-898.186109, change=1.41e-05, α=0.000, ‖θ[1:]‖₁=92.600, h_range=[1.00e-08, 1.17e+01], num_knots=1888
2025-09-01 15:27:06,065 - Iter 23350: obj=-898.193123, change=1.41e-05, α=0.000, ‖θ[1:]‖₁=92.601, h_range=[1.00e-08, 1.17e+01], num_knots=1888
2025-09-01 15:27:06,170 - Iter 23360: obj=-898.200135, change=1.41e-05, α=0.000, ‖θ[1:]‖₁=92.601, h_range=[1.00e-08, 1.17e+01], num_knots=1887
2025-09-01 15:27:06,286 - Iter 23370: obj=-898.207132, change=1.41e-05, α=0.000, ‖θ[1:]‖₁=92.601, h_range=[1.00e-08, 1.17e+01], num_knots=1886
2025-09-01 15:27:06,405 - Iter 23380: obj=-898.214124, change=1.41e-05, α=0.000, ‖θ[1:]‖₁=92.601, h_range=[1.00e-08, 1.17e+01], num_knots=1887
2025-09-01 15:27:06,532 - Iter 23390: obj=-898.221115, change=1.41e-05, α=0.000, ‖θ[1:]‖₁=92.601, h_range=[1.00e-08, 1.17e+01], num_knots=1887
2025-09-01 15:27:06,645 - Iter 23400: obj=-898.228103, change=1.41e-05, α=0.000, ‖θ[1:]‖₁=92.602, h_range=[1.00e-08, 1.17e+01], num_knots=1887
2025-09-01 15:27:06,753 - Iter 23410: obj=-898.235088, change=1.41e-05, α=0.000, ‖θ[1:]‖₁=92.602, h_range=[1.00e-08, 1.17e+01], num_knots=1887
2025-09-01 15:27:06,872 - Iter 23420: obj=-898.242072, change=1.41e-05, α=0.000, ‖θ[1:]‖₁=92.602, h_range=[1.00e-08, 1.17e+01], num_knots=1887
2025-09-01 15:27:07,002 - Iter 23430: obj=-898.249053, change=1.41e-05, α=0.000, ‖θ[1:]‖₁=92.602, h_range=[1.00e-08, 1.17e+01], num_knots=1887
2025-09-01 15:27:07,122 - Iter 23440: obj=-898.256032, change=1.41e-05, α=0.000, ‖θ[1:]‖₁=92.602, h_range=[1.00e-08, 1.17e+01], num_knots=1887
2025-09-01 15:27:07,244 - Iter 23450: obj=-898.263009, change=1.41e-05, α=0.000, ‖θ[1:]‖₁=92.602, h_range=[1.00e-08, 1.17e+01], num_knots=1887
2025-09-01 15:27:07,367 - Iter 23460: obj=-898.269983, change=1.41e-05, α=0.000, ‖θ[1:]‖₁=92.603, h_range=[1.00e-08, 1.17e+01], num_knots=1887
2025-09-01 15:27:07,488 - Iter 23470: obj=-898.276955, change=1.41e-05, α=0.000, ‖θ[1:]‖₁=92.603, h_range=[1.00e-08, 1.17e+01], num_knots=1887
2025-09-01 15:27:07,630 - Iter 23480: obj=-898.283925, change=1.41e-05, α=0.000, ‖θ[1:]‖₁=92.603, h_range=[1.00e-08, 1.17e+01], num_knots=1887
2025-09-01 15:27:07,774 - Iter 23490: obj=-898.290892, change=1.41e-05, α=0.000, ‖θ[1:]‖₁=92.603, h_range=[1.00e-08, 1.17e+01], num_knots=1887
2025-09-01 15:27:07,919 - Iter 23500: obj=-898.297856, change=1.41e-05, α=0.000, ‖θ[1:]‖₁=92.603, h_range=[1.00e-08, 1.17e+01], num_knots=1886
2025-09-01 15:27:08,032 - Iter 23510: obj=-898.304807, change=1.41e-05, α=0.000, ‖θ[1:]‖₁=92.603, h_range=[1.00e-08, 1.17e+01], num_knots=1886
2025-09-01 15:27:08,150 - Iter 23520: obj=-898.311754, change=1.41e-05, α=0.000, ‖θ[1:]‖₁=92.604, h_range=[1.00e-08, 1.17e+01], num_knots=1886
2025-09-01 15:27:08,308 - Iter 23530: obj=-898.318700, change=1.41e-05, α=0.000, ‖θ[1:]‖₁=92.604, h_range=[1.00e-08, 1.17e+01], num_knots=1885
2025-09-01 15:27:08,417 - Iter 23540: obj=-898.325589, change=1.41e-05, α=0.000, ‖θ[1:]‖₁=92.604, h_range=[1.00e-08, 1.17e+01], num_knots=1886
2025-09-01 15:27:08,540 - Iter 23550: obj=-898.332475, change=1.40e-05, α=0.000, ‖θ[1:]‖₁=92.604, h_range=[1.00e-08, 1.17e+01], num_knots=1886
2025-09-01 15:27:08,657 - Iter 23560: obj=-898.339358, change=1.40e-05, α=0.000, ‖θ[1:]‖₁=92.605, h_range=[1.00e-08, 1.17e+01], num_knots=1886
2025-09-01 15:27:08,762 - Iter 23570: obj=-898.346239, change=1.40e-05, α=0.000, ‖θ[1:]‖₁=92.605, h_range=[1.00e-08, 1.17e+01], num_knots=1886
2025-09-01 15:27:08,895 - Iter 23580: obj=-898.353116, change=1.40e-05, α=0.000, ‖θ[1:]‖₁=92.605, h_range=[1.00e-08, 1.17e+01], num_knots=1885
2025-09-01 15:27:09,001 - Iter 23590: obj=-898.359991, change=1.40e-05, α=0.000, ‖θ[1:]‖₁=92.605, h_range=[1.00e-08, 1.17e+01], num_knots=1885
2025-09-01 15:27:09,150 - Iter 23600: obj=-898.366864, change=1.40e-05, α=0.000, ‖θ[1:]‖₁=92.606, h_range=[1.00e-08, 1.17e+01], num_knots=1885
2025-09-01 15:27:09,283 - Iter 23610: obj=-898.373733, change=1.40e-05, α=0.000, ‖θ[1:]‖₁=92.606, h_range=[1.00e-08, 1.17e+01], num_knots=1884
2025-09-01 15:27:09,482 - Iter 23620: obj=-898.380597, change=1.40e-05, α=0.000, ‖θ[1:]‖₁=92.606, h_range=[1.00e-08, 1.17e+01], num_knots=1883
2025-09-01 15:27:09,602 - Iter 23630: obj=-898.387457, change=1.40e-05, α=0.000, ‖θ[1:]‖₁=92.606, h_range=[1.00e-08, 1.17e+01], num_knots=1883
2025-09-01 15:27:09,722 - Iter 23640: obj=-898.394313, change=1.40e-05, α=0.000, ‖θ[1:]‖₁=92.607, h_range=[1.00e-08, 1.17e+01], num_knots=1882
2025-09-01 15:27:09,856 - Iter 23650: obj=-898.401155, change=1.40e-05, α=0.000, ‖θ[1:]‖₁=92.607, h_range=[1.00e-08, 1.17e+01], num_knots=1882
2025-09-01 15:27:09,975 - Iter 23660: obj=-898.407992, change=1.40e-05, α=0.000, ‖θ[1:]‖₁=92.607, h_range=[1.00e-08, 1.17e+01], num_knots=1881
2025-09-01 15:27:10,107 - Iter 23670: obj=-898.414826, change=1.40e-05, α=0.000, ‖θ[1:]‖₁=92.608, h_range=[1.00e-08, 1.17e+01], num_knots=1881
2025-09-01 15:27:10,316 - Iter 23680: obj=-898.421656, change=1.40e-05, α=0.000, ‖θ[1:]‖₁=92.608, h_range=[1.00e-08, 1.17e+01], num_knots=1881
2025-09-01 15:27:10,420 - Iter 23690: obj=-898.428485, change=1.40e-05, α=0.000, ‖θ[1:]‖₁=92.608, h_range=[1.00e-08, 1.17e+01], num_knots=1881
2025-09-01 15:27:10,527 - Iter 23700: obj=-898.435312, change=1.40e-05, α=0.000, ‖θ[1:]‖₁=92.608, h_range=[1.00e-08, 1.17e+01], num_knots=1881
2025-09-01 15:27:10,650 - Iter 23710: obj=-898.442136, change=1.40e-05, α=0.000, ‖θ[1:]‖₁=92.609, h_range=[1.00e-08, 1.17e+01], num_knots=1881
2025-09-01 15:27:10,766 - Iter 23720: obj=-898.448958, change=1.40e-05, α=0.000, ‖θ[1:]‖₁=92.609, h_range=[1.00e-08, 1.17e+01], num_knots=1881
2025-09-01 15:27:10,889 - Iter 23730: obj=-898.455778, change=1.40e-05, α=0.000, ‖θ[1:]‖₁=92.609, h_range=[1.00e-08, 1.17e+01], num_knots=1881
2025-09-01 15:27:11,011 - Iter 23740: obj=-898.462595, change=1.40e-05, α=0.000, ‖θ[1:]‖₁=92.610, h_range=[1.00e-08, 1.17e+01], num_knots=1880
2025-09-01 15:27:11,120 - Iter 23750: obj=-898.469409, change=1.40e-05, α=0.000, ‖θ[1:]‖₁=92.610, h_range=[1.00e-08, 1.17e+01], num_knots=1880
2025-09-01 15:27:11,249 - Iter 23760: obj=-898.476221, change=1.40e-05, α=0.000, ‖θ[1:]‖₁=92.610, h_range=[1.00e-08, 1.17e+01], num_knots=1880
2025-09-01 15:27:11,358 - Iter 23770: obj=-898.483030, change=1.40e-05, α=0.000, ‖θ[1:]‖₁=92.610, h_range=[1.00e-08, 1.17e+01], num_knots=1880
2025-09-01 15:27:11,479 - Iter 23780: obj=-898.489838, change=1.40e-05, α=0.000, ‖θ[1:]‖₁=92.611, h_range=[1.00e-08, 1.17e+01], num_knots=1880
2025-09-01 15:27:11,587 - Iter 23790: obj=-898.496643, change=1.40e-05, α=0.000, ‖θ[1:]‖₁=92.611, h_range=[1.00e-08, 1.17e+01], num_knots=1880
2025-09-01 15:27:11,698 - Iter 23800: obj=-898.503445, change=1.40e-05, α=0.000, ‖θ[1:]‖₁=92.611, h_range=[1.00e-08, 1.17e+01], num_knots=1879
2025-09-01 15:27:11,808 - Iter 23810: obj=-898.510245, change=1.40e-05, α=0.000, ‖θ[1:]‖₁=92.612, h_range=[1.00e-08, 1.17e+01], num_knots=1879
2025-09-01 15:27:11,921 - Iter 23820: obj=-898.517042, change=1.40e-05, α=0.000, ‖θ[1:]‖₁=92.612, h_range=[1.00e-08, 1.17e+01], num_knots=1879
2025-09-01 15:27:12,031 - Iter 23830: obj=-898.523837, change=1.40e-05, α=0.000, ‖θ[1:]‖₁=92.612, h_range=[1.00e-08, 1.17e+01], num_knots=1878
2025-09-01 15:27:12,148 - Iter 23840: obj=-898.530628, change=1.40e-05, α=0.000, ‖θ[1:]‖₁=92.612, h_range=[1.00e-08, 1.17e+01], num_knots=1878
2025-09-01 15:27:12,391 - Iter 23850: obj=-898.537415, change=1.40e-05, α=0.000, ‖θ[1:]‖₁=92.613, h_range=[1.00e-08, 1.17e+01], num_knots=1877
2025-09-01 15:27:12,737 - Iter 23860: obj=-898.544147, change=1.40e-05, α=0.000, ‖θ[1:]‖₁=92.613, h_range=[1.00e-08, 1.17e+01], num_knots=1877
2025-09-01 15:27:12,860 - Iter 23870: obj=-898.550876, change=1.40e-05, α=0.000, ‖θ[1:]‖₁=92.613, h_range=[1.00e-08, 1.17e+01], num_knots=1877
2025-09-01 15:27:12,965 - Iter 23880: obj=-898.557592, change=1.40e-05, α=0.000, ‖θ[1:]‖₁=92.614, h_range=[1.00e-08, 1.17e+01], num_knots=1877
2025-09-01 15:27:13,076 - Iter 23890: obj=-898.564303, change=1.40e-05, α=0.000, ‖θ[1:]‖₁=92.614, h_range=[1.00e-08, 1.17e+01], num_knots=1876
2025-09-01 15:27:13,189 - Iter 23900: obj=-898.571000, change=1.40e-05, α=0.000, ‖θ[1:]‖₁=92.614, h_range=[1.00e-08, 1.17e+01], num_knots=1877
2025-09-01 15:27:13,311 - Iter 23910: obj=-898.577695, change=1.40e-05, α=0.000, ‖θ[1:]‖₁=92.615, h_range=[1.00e-08, 1.17e+01], num_knots=1877
2025-09-01 15:27:13,433 - Iter 23920: obj=-898.584387, change=1.39e-05, α=0.000, ‖θ[1:]‖₁=92.615, h_range=[1.00e-08, 1.17e+01], num_knots=1877
2025-09-01 15:27:13,549 - Iter 23930: obj=-898.591074, change=1.39e-05, α=0.000, ‖θ[1:]‖₁=92.615, h_range=[1.00e-08, 1.17e+01], num_knots=1875
2025-09-01 15:27:13,661 - Iter 23940: obj=-898.597747, change=1.39e-05, α=0.000, ‖θ[1:]‖₁=92.616, h_range=[1.00e-08, 1.17e+01], num_knots=1875
2025-09-01 15:27:13,746 - Iter 23950: obj=-898.604418, change=1.39e-05, α=0.000, ‖θ[1:]‖₁=92.616, h_range=[1.00e-08, 1.17e+01], num_knots=1875
2025-09-01 15:27:13,872 - Iter 23960: obj=-898.611082, change=1.39e-05, α=0.000, ‖θ[1:]‖₁=92.617, h_range=[1.00e-08, 1.17e+01], num_knots=1873
2025-09-01 15:27:13,989 - Iter 23970: obj=-898.617734, change=1.39e-05, α=0.000, ‖θ[1:]‖₁=92.617, h_range=[1.00e-08, 1.17e+01], num_knots=1872
2025-09-01 15:27:14,094 - Iter 23980: obj=-898.624382, change=1.39e-05, α=0.000, ‖θ[1:]‖₁=92.618, h_range=[1.00e-08, 1.17e+01], num_knots=1872
2025-09-01 15:27:14,194 - Iter 23990: obj=-898.631029, change=1.39e-05, α=0.000, ‖θ[1:]‖₁=92.618, h_range=[1.00e-08, 1.17e+01], num_knots=1872
2025-09-01 15:27:14,300 - Iter 24000: obj=-898.637673, change=1.39e-05, α=0.000, ‖θ[1:]‖₁=92.618, h_range=[1.00e-08, 1.17e+01], num_knots=1872
2025-09-01 15:27:14,397 - Iter 24010: obj=-898.644314, change=1.39e-05, α=0.000, ‖θ[1:]‖₁=92.619, h_range=[1.00e-08, 1.17e+01], num_knots=1872
2025-09-01 15:27:14,516 - Iter 24020: obj=-898.650954, change=1.39e-05, α=0.000, ‖θ[1:]‖₁=92.619, h_range=[1.00e-08, 1.17e+01], num_knots=1872
2025-09-01 15:27:14,621 - Iter 24030: obj=-898.657592, change=1.39e-05, α=0.000, ‖θ[1:]‖₁=92.620, h_range=[1.00e-08, 1.17e+01], num_knots=1872
2025-09-01 15:27:14,762 - Iter 24040: obj=-898.664227, change=1.39e-05, α=0.000, ‖θ[1:]‖₁=92.620, h_range=[1.00e-08, 1.17e+01], num_knots=1872
2025-09-01 15:27:14,883 - Iter 24050: obj=-898.670860, change=1.39e-05, α=0.000, ‖θ[1:]‖₁=92.621, h_range=[1.00e-08, 1.17e+01], num_knots=1872
2025-09-01 15:27:14,990 - Iter 24060: obj=-898.677489, change=1.39e-05, α=0.000, ‖θ[1:]‖₁=92.621, h_range=[1.00e-08, 1.17e+01], num_knots=1871
2025-09-01 15:27:15,136 - Iter 24070: obj=-898.684114, change=1.39e-05, α=0.000, ‖θ[1:]‖₁=92.621, h_range=[1.00e-08, 1.17e+01], num_knots=1871
2025-09-01 15:27:15,241 - Iter 24080: obj=-898.690736, change=1.39e-05, α=0.000, ‖θ[1:]‖₁=92.622, h_range=[1.00e-08, 1.17e+01], num_knots=1871
2025-09-01 15:27:15,364 - Iter 24090: obj=-898.697355, change=1.39e-05, α=0.000, ‖θ[1:]‖₁=92.622, h_range=[1.00e-08, 1.17e+01], num_knots=1870
2025-09-01 15:27:15,476 - Iter 24100: obj=-898.703972, change=1.39e-05, α=0.000, ‖θ[1:]‖₁=92.623, h_range=[1.00e-08, 1.17e+01], num_knots=1870
2025-09-01 15:27:15,599 - Iter 24110: obj=-898.710587, change=1.39e-05, α=0.000, ‖θ[1:]‖₁=92.623, h_range=[1.00e-08, 1.17e+01], num_knots=1869
2025-09-01 15:27:15,694 - Iter 24120: obj=-898.717148, change=1.39e-05, α=0.000, ‖θ[1:]‖₁=92.624, h_range=[1.00e-08, 1.17e+01], num_knots=1869
2025-09-01 15:27:15,789 - Iter 24130: obj=-898.723702, change=1.39e-05, α=0.000, ‖θ[1:]‖₁=92.624, h_range=[1.00e-08, 1.17e+01], num_knots=1868
2025-09-01 15:27:15,894 - Iter 24140: obj=-898.730253, change=1.39e-05, α=0.000, ‖θ[1:]‖₁=92.625, h_range=[1.00e-08, 1.17e+01], num_knots=1867
2025-09-01 15:27:16,008 - Iter 24150: obj=-898.736800, change=1.39e-05, α=0.000, ‖θ[1:]‖₁=92.625, h_range=[1.00e-08, 1.17e+01], num_knots=1867
2025-09-01 15:27:16,132 - Iter 24160: obj=-898.743345, change=1.39e-05, α=0.000, ‖θ[1:]‖₁=92.626, h_range=[1.00e-08, 1.17e+01], num_knots=1867
2025-09-01 15:27:16,242 - Iter 24170: obj=-898.749889, change=1.39e-05, α=0.000, ‖θ[1:]‖₁=92.626, h_range=[1.00e-08, 1.17e+01], num_knots=1867
2025-09-01 15:27:16,391 - Iter 24180: obj=-898.756429, change=1.39e-05, α=0.000, ‖θ[1:]‖₁=92.627, h_range=[1.00e-08, 1.17e+01], num_knots=1867
2025-09-01 15:27:16,501 - Iter 24190: obj=-898.762968, change=1.39e-05, α=0.000, ‖θ[1:]‖₁=92.627, h_range=[1.00e-08, 1.17e+01], num_knots=1867
2025-09-01 15:27:16,616 - Iter 24200: obj=-898.769505, change=1.39e-05, α=0.000, ‖θ[1:]‖₁=92.627, h_range=[1.00e-08, 1.17e+01], num_knots=1867
2025-09-01 15:27:16,739 - Iter 24210: obj=-898.776040, change=1.39e-05, α=0.000, ‖θ[1:]‖₁=92.628, h_range=[1.00e-08, 1.17e+01], num_knots=1867
2025-09-01 15:27:16,852 - Iter 24220: obj=-898.782572, change=1.39e-05, α=0.000, ‖θ[1:]‖₁=92.628, h_range=[1.00e-08, 1.17e+01], num_knots=1867
2025-09-01 15:27:16,951 - Iter 24230: obj=-898.789102, change=1.39e-05, α=0.000, ‖θ[1:]‖₁=92.629, h_range=[1.00e-08, 1.17e+01], num_knots=1866
2025-09-01 15:27:17,054 - Iter 24240: obj=-898.795619, change=1.39e-05, α=0.000, ‖θ[1:]‖₁=92.629, h_range=[1.00e-08, 1.17e+01], num_knots=1866
2025-09-01 15:27:17,157 - Iter 24250: obj=-898.802131, change=1.39e-05, α=0.000, ‖θ[1:]‖₁=92.630, h_range=[1.00e-08, 1.17e+01], num_knots=1865
2025-09-01 15:27:17,258 - Iter 24260: obj=-898.808636, change=1.39e-05, α=0.000, ‖θ[1:]‖₁=92.630, h_range=[1.00e-08, 1.17e+01], num_knots=1864
2025-09-01 15:27:17,359 - Iter 24270: obj=-898.815135, change=1.39e-05, α=0.000, ‖θ[1:]‖₁=92.631, h_range=[1.00e-08, 1.17e+01], num_knots=1864
2025-09-01 15:27:17,483 - Iter 24280: obj=-898.821632, change=1.39e-05, α=0.000, ‖θ[1:]‖₁=92.631, h_range=[1.00e-08, 1.17e+01], num_knots=1863
2025-09-01 15:27:17,591 - Iter 24290: obj=-898.828125, change=1.39e-05, α=0.000, ‖θ[1:]‖₁=92.632, h_range=[1.00e-08, 1.17e+01], num_knots=1863
2025-09-01 15:27:17,707 - Iter 24300: obj=-898.834617, change=1.38e-05, α=0.000, ‖θ[1:]‖₁=92.632, h_range=[1.00e-08, 1.17e+01], num_knots=1863
2025-09-01 15:27:17,831 - Iter 24310: obj=-898.841106, change=1.38e-05, α=0.000, ‖θ[1:]‖₁=92.633, h_range=[1.00e-08, 1.17e+01], num_knots=1862
2025-09-01 15:27:17,947 - Iter 24320: obj=-898.847581, change=1.38e-05, α=0.000, ‖θ[1:]‖₁=92.634, h_range=[1.00e-08, 1.17e+01], num_knots=1862
2025-09-01 15:27:18,057 - Iter 24330: obj=-898.854053, change=1.38e-05, α=0.000, ‖θ[1:]‖₁=92.634, h_range=[1.00e-08, 1.17e+01], num_knots=1862
2025-09-01 15:27:18,156 - Iter 24340: obj=-898.860522, change=1.38e-05, α=0.000, ‖θ[1:]‖₁=92.635, h_range=[1.00e-08, 1.17e+01], num_knots=1860
2025-09-01 15:27:18,264 - Iter 24350: obj=-898.866988, change=1.38e-05, α=0.000, ‖θ[1:]‖₁=92.635, h_range=[1.00e-08, 1.17e+01], num_knots=1860
2025-09-01 15:27:18,379 - Iter 24360: obj=-898.873452, change=1.38e-05, α=0.000, ‖θ[1:]‖₁=92.636, h_range=[1.00e-08, 1.17e+01], num_knots=1860
2025-09-01 15:27:18,483 - Iter 24370: obj=-898.879914, change=1.38e-05, α=0.000, ‖θ[1:]‖₁=92.636, h_range=[1.00e-08, 1.17e+01], num_knots=1859
2025-09-01 15:27:18,586 - Iter 24380: obj=-898.886372, change=1.38e-05, α=0.000, ‖θ[1:]‖₁=92.637, h_range=[1.00e-08, 1.17e+01], num_knots=1859
2025-09-01 15:27:18,700 - Iter 24390: obj=-898.892828, change=1.38e-05, α=0.000, ‖θ[1:]‖₁=92.637, h_range=[1.00e-08, 1.17e+01], num_knots=1859
2025-09-01 15:27:18,819 - Iter 24400: obj=-898.899281, change=1.38e-05, α=0.000, ‖θ[1:]‖₁=92.638, h_range=[1.00e-08, 1.17e+01], num_knots=1856
2025-09-01 15:27:18,939 - Iter 24410: obj=-898.905729, change=1.38e-05, α=0.000, ‖θ[1:]‖₁=92.639, h_range=[1.00e-08, 1.17e+01], num_knots=1856
2025-09-01 15:27:19,051 - Iter 24420: obj=-898.912174, change=1.38e-05, α=0.000, ‖θ[1:]‖₁=92.639, h_range=[1.00e-08, 1.17e+01], num_knots=1856
2025-09-01 15:27:19,169 - Iter 24430: obj=-898.918618, change=1.38e-05, α=0.000, ‖θ[1:]‖₁=92.640, h_range=[1.00e-08, 1.17e+01], num_knots=1856
2025-09-01 15:27:19,279 - Iter 24440: obj=-898.925055, change=1.38e-05, α=0.000, ‖θ[1:]‖₁=92.640, h_range=[1.00e-08, 1.17e+01], num_knots=1855
2025-09-01 15:27:19,386 - Iter 24450: obj=-898.931481, change=1.38e-05, α=0.000, ‖θ[1:]‖₁=92.641, h_range=[1.00e-08, 1.17e+01], num_knots=1855
2025-09-01 15:27:19,503 - Iter 24460: obj=-898.937905, change=1.38e-05, α=0.000, ‖θ[1:]‖₁=92.641, h_range=[1.00e-08, 1.17e+01], num_knots=1855
2025-09-01 15:27:19,607 - Iter 24470: obj=-898.944327, change=1.38e-05, α=0.000, ‖θ[1:]‖₁=92.642, h_range=[1.00e-08, 1.17e+01], num_knots=1855
2025-09-01 15:27:19,706 - Iter 24480: obj=-898.950746, change=1.38e-05, α=0.000, ‖θ[1:]‖₁=92.642, h_range=[1.00e-08, 1.17e+01], num_knots=1855
2025-09-01 15:27:19,814 - Iter 24490: obj=-898.957164, change=1.38e-05, α=0.000, ‖θ[1:]‖₁=92.643, h_range=[1.00e-08, 1.17e+01], num_knots=1855
2025-09-01 15:27:19,906 - Iter 24500: obj=-898.963579, change=1.38e-05, α=0.000, ‖θ[1:]‖₁=92.644, h_range=[1.00e-08, 1.17e+01], num_knots=1854
2025-09-01 15:27:20,000 - Iter 24510: obj=-898.969990, change=1.38e-05, α=0.000, ‖θ[1:]‖₁=92.644, h_range=[1.00e-08, 1.17e+01], num_knots=1854
2025-09-01 15:27:20,122 - Iter 24520: obj=-898.976400, change=1.38e-05, α=0.000, ‖θ[1:]‖₁=92.645, h_range=[1.00e-08, 1.17e+01], num_knots=1854
2025-09-01 15:27:20,223 - Iter 24530: obj=-898.982807, change=1.38e-05, α=0.000, ‖θ[1:]‖₁=92.645, h_range=[1.00e-08, 1.17e+01], num_knots=1854
2025-09-01 15:27:20,331 - Iter 24540: obj=-898.989213, change=1.38e-05, α=0.000, ‖θ[1:]‖₁=92.646, h_range=[1.00e-08, 1.17e+01], num_knots=1854
2025-09-01 15:27:20,444 - Iter 24550: obj=-898.995616, change=1.38e-05, α=0.000, ‖θ[1:]‖₁=92.646, h_range=[1.00e-08, 1.17e+01], num_knots=1854
2025-09-01 15:27:20,561 - Iter 24560: obj=-899.002017, change=1.38e-05, α=0.000, ‖θ[1:]‖₁=92.647, h_range=[1.00e-08, 1.17e+01], num_knots=1854
2025-09-01 15:27:20,680 - Iter 24570: obj=-899.008416, change=1.38e-05, α=0.000, ‖θ[1:]‖₁=92.647, h_range=[1.00e-08, 1.17e+01], num_knots=1854
2025-09-01 15:27:20,777 - Iter 24580: obj=-899.014813, change=1.38e-05, α=0.000, ‖θ[1:]‖₁=92.648, h_range=[1.00e-08, 1.17e+01], num_knots=1854
2025-09-01 15:27:20,879 - Iter 24590: obj=-899.021208, change=1.38e-05, α=0.000, ‖θ[1:]‖₁=92.648, h_range=[1.00e-08, 1.17e+01], num_knots=1854
2025-09-01 15:27:20,971 - Iter 24600: obj=-899.027601, change=1.38e-05, α=0.000, ‖θ[1:]‖₁=92.649, h_range=[1.00e-08, 1.17e+01], num_knots=1854
2025-09-01 15:27:21,093 - Iter 24610: obj=-899.033991, change=1.38e-05, α=0.000, ‖θ[1:]‖₁=92.649, h_range=[1.00e-08, 1.17e+01], num_knots=1853
2025-09-01 15:27:21,226 - Iter 24620: obj=-899.040377, change=1.38e-05, α=0.000, ‖θ[1:]‖₁=92.650, h_range=[1.00e-08, 1.17e+01], num_knots=1853
2025-09-01 15:27:21,338 - Iter 24630: obj=-899.046762, change=1.38e-05, α=0.000, ‖θ[1:]‖₁=92.650, h_range=[1.00e-08, 1.17e+01], num_knots=1853
2025-09-01 15:27:21,469 - Iter 24640: obj=-899.053145, change=1.38e-05, α=0.000, ‖θ[1:]‖₁=92.651, h_range=[1.00e-08, 1.17e+01], num_knots=1853
2025-09-01 15:27:21,594 - Iter 24650: obj=-899.059526, change=1.38e-05, α=0.000, ‖θ[1:]‖₁=92.651, h_range=[1.00e-08, 1.17e+01], num_knots=1853
2025-09-01 15:27:21,724 - Iter 24660: obj=-899.065904, change=1.38e-05, α=0.000, ‖θ[1:]‖₁=92.652, h_range=[1.00e-08, 1.17e+01], num_knots=1853
2025-09-01 15:27:21,847 - Iter 24670: obj=-899.072281, change=1.38e-05, α=0.000, ‖θ[1:]‖₁=92.652, h_range=[1.00e-08, 1.17e+01], num_knots=1853
2025-09-01 15:27:21,965 - Iter 24680: obj=-899.078656, change=1.38e-05, α=0.000, ‖θ[1:]‖₁=92.653, h_range=[1.00e-08, 1.17e+01], num_knots=1853
2025-09-01 15:27:22,079 - Iter 24690: obj=-899.085028, change=1.38e-05, α=0.000, ‖θ[1:]‖₁=92.653, h_range=[1.00e-08, 1.17e+01], num_knots=1853
2025-09-01 15:27:22,186 - Iter 24700: obj=-899.091399, change=1.38e-05, α=0.000, ‖θ[1:]‖₁=92.654, h_range=[1.00e-08, 1.17e+01], num_knots=1853
2025-09-01 15:27:22,281 - Iter 24710: obj=-899.097768, change=1.38e-05, α=0.000, ‖θ[1:]‖₁=92.654, h_range=[1.00e-08, 1.17e+01], num_knots=1853
2025-09-01 15:27:22,380 - Iter 24720: obj=-899.104134, change=1.37e-05, α=0.000, ‖θ[1:]‖₁=92.655, h_range=[1.00e-08, 1.17e+01], num_knots=1853
2025-09-01 15:27:22,481 - Iter 24730: obj=-899.110499, change=1.37e-05, α=0.000, ‖θ[1:]‖₁=92.655, h_range=[1.00e-08, 1.17e+01], num_knots=1853
2025-09-01 15:27:22,604 - Iter 24740: obj=-899.116861, change=1.37e-05, α=0.000, ‖θ[1:]‖₁=92.656, h_range=[1.00e-08, 1.17e+01], num_knots=1853
2025-09-01 15:27:22,713 - Iter 24750: obj=-899.123222, change=1.37e-05, α=0.000, ‖θ[1:]‖₁=92.656, h_range=[1.00e-08, 1.17e+01], num_knots=1853
2025-09-01 15:27:22,814 - Iter 24760: obj=-899.129580, change=1.37e-05, α=0.000, ‖θ[1:]‖₁=92.657, h_range=[1.00e-08, 1.17e+01], num_knots=1853
2025-09-01 15:27:22,918 - Iter 24770: obj=-899.135937, change=1.37e-05, α=0.000, ‖θ[1:]‖₁=92.657, h_range=[1.00e-08, 1.17e+01], num_knots=1853
2025-09-01 15:27:23,026 - Iter 24780: obj=-899.142291, change=1.37e-05, α=0.000, ‖θ[1:]‖₁=92.658, h_range=[1.00e-08, 1.17e+01], num_knots=1853
2025-09-01 15:27:23,136 - Iter 24790: obj=-899.148644, change=1.37e-05, α=0.000, ‖θ[1:]‖₁=92.658, h_range=[1.00e-08, 1.17e+01], num_knots=1853
2025-09-01 15:27:23,243 - Iter 24800: obj=-899.154994, change=1.37e-05, α=0.000, ‖θ[1:]‖₁=92.659, h_range=[1.00e-08, 1.17e+01], num_knots=1853
2025-09-01 15:27:23,346 - Iter 24810: obj=-899.161343, change=1.37e-05, α=0.000, ‖θ[1:]‖₁=92.659, h_range=[1.00e-08, 1.17e+01], num_knots=1853
2025-09-01 15:27:23,449 - Iter 24820: obj=-899.167665, change=1.37e-05, α=0.000, ‖θ[1:]‖₁=92.659, h_range=[1.00e-08, 1.17e+01], num_knots=1852
2025-09-01 15:27:23,583 - Iter 24830: obj=-899.173956, change=1.37e-05, α=0.000, ‖θ[1:]‖₁=92.660, h_range=[1.00e-08, 1.17e+01], num_knots=1852
2025-09-01 15:27:23,730 - Iter 24840: obj=-899.180244, change=1.37e-05, α=0.000, ‖θ[1:]‖₁=92.660, h_range=[1.00e-08, 1.17e+01], num_knots=1852
2025-09-01 15:27:23,850 - Iter 24850: obj=-899.186531, change=1.37e-05, α=0.000, ‖θ[1:]‖₁=92.661, h_range=[1.00e-08, 1.17e+01], num_knots=1852
2025-09-01 15:27:23,973 - Iter 24860: obj=-899.192815, change=1.37e-05, α=0.000, ‖θ[1:]‖₁=92.661, h_range=[1.00e-08, 1.17e+01], num_knots=1852
2025-09-01 15:27:24,093 - Iter 24870: obj=-899.199098, change=1.37e-05, α=0.000, ‖θ[1:]‖₁=92.662, h_range=[1.00e-08, 1.17e+01], num_knots=1852
2025-09-01 15:27:24,208 - Iter 24880: obj=-899.205378, change=1.37e-05, α=0.000, ‖θ[1:]‖₁=92.662, h_range=[1.00e-08, 1.17e+01], num_knots=1852
2025-09-01 15:27:24,343 - Iter 24890: obj=-899.211657, change=1.37e-05, α=0.000, ‖θ[1:]‖₁=92.663, h_range=[1.00e-08, 1.17e+01], num_knots=1852
2025-09-01 15:27:24,447 - Iter 24900: obj=-899.217934, change=1.37e-05, α=0.000, ‖θ[1:]‖₁=92.663, h_range=[1.00e-08, 1.17e+01], num_knots=1852
2025-09-01 15:27:24,581 - Iter 24910: obj=-899.224208, change=1.37e-05, α=0.000, ‖θ[1:]‖₁=92.664, h_range=[1.00e-08, 1.17e+01], num_knots=1852
2025-09-01 15:27:24,735 - Iter 24920: obj=-899.230481, change=1.37e-05, α=0.000, ‖θ[1:]‖₁=92.664, h_range=[1.00e-08, 1.17e+01], num_knots=1852
2025-09-01 15:27:24,857 - Iter 24930: obj=-899.236751, change=1.37e-05, α=0.000, ‖θ[1:]‖₁=92.665, h_range=[1.00e-08, 1.17e+01], num_knots=1852
2025-09-01 15:27:24,956 - Iter 24940: obj=-899.243020, change=1.37e-05, α=0.000, ‖θ[1:]‖₁=92.665, h_range=[1.00e-08, 1.17e+01], num_knots=1852
2025-09-01 15:27:25,075 - Iter 24950: obj=-899.249287, change=1.37e-05, α=0.000, ‖θ[1:]‖₁=92.666, h_range=[1.00e-08, 1.17e+01], num_knots=1852
2025-09-01 15:27:25,181 - Iter 24960: obj=-899.255552, change=1.37e-05, α=0.000, ‖θ[1:]‖₁=92.666, h_range=[1.00e-08, 1.17e+01], num_knots=1852
2025-09-01 15:27:25,296 - Iter 24970: obj=-899.261814, change=1.37e-05, α=0.000, ‖θ[1:]‖₁=92.667, h_range=[1.00e-08, 1.17e+01], num_knots=1852
2025-09-01 15:27:25,410 - Iter 24980: obj=-899.268075, change=1.37e-05, α=0.000, ‖θ[1:]‖₁=92.667, h_range=[1.00e-08, 1.17e+01], num_knots=1852
2025-09-01 15:27:25,518 - Iter 24990: obj=-899.274334, change=1.37e-05, α=0.000, ‖θ[1:]‖₁=92.667, h_range=[1.00e-08, 1.17e+01], num_knots=1852
2025-09-01 15:27:25,616 - Iter 25000: obj=-899.280591, change=1.37e-05, α=0.000, ‖θ[1:]‖₁=92.668, h_range=[1.00e-08, 1.17e+01], num_knots=1852
2025-09-01 15:27:25,715 - Iter 25010: obj=-899.286846, change=1.37e-05, α=0.000, ‖θ[1:]‖₁=92.668, h_range=[1.00e-08, 1.17e+01], num_knots=1852
2025-09-01 15:27:25,836 - Iter 25020: obj=-899.293099, change=1.37e-05, α=0.000, ‖θ[1:]‖₁=92.669, h_range=[1.00e-08, 1.17e+01], num_knots=1851
2025-09-01 15:27:25,939 - Iter 25030: obj=-899.299334, change=1.37e-05, α=0.000, ‖θ[1:]‖₁=92.669, h_range=[1.00e-08, 1.17e+01], num_knots=1850
2025-09-01 15:27:26,058 - Iter 25040: obj=-899.305564, change=1.37e-05, α=0.000, ‖θ[1:]‖₁=92.670, h_range=[1.00e-08, 1.17e+01], num_knots=1850
2025-09-01 15:27:26,165 - Iter 25050: obj=-899.311793, change=1.37e-05, α=0.000, ‖θ[1:]‖₁=92.670, h_range=[1.00e-08, 1.17e+01], num_knots=1850
2025-09-01 15:27:26,298 - Iter 25060: obj=-899.318019, change=1.37e-05, α=0.000, ‖θ[1:]‖₁=92.671, h_range=[1.00e-08, 1.17e+01], num_knots=1850
2025-09-01 15:27:26,415 - Iter 25070: obj=-899.324244, change=1.37e-05, α=0.000, ‖θ[1:]‖₁=92.671, h_range=[1.00e-08, 1.17e+01], num_knots=1850
2025-09-01 15:27:26,555 - Iter 25080: obj=-899.330467, change=1.37e-05, α=0.000, ‖θ[1:]‖₁=92.672, h_range=[1.00e-08, 1.17e+01], num_knots=1850
2025-09-01 15:27:26,673 - Iter 25090: obj=-899.336688, change=1.37e-05, α=0.000, ‖θ[1:]‖₁=92.672, h_range=[1.00e-08, 1.17e+01], num_knots=1849
2025-09-01 15:27:26,776 - Iter 25100: obj=-899.342888, change=1.37e-05, α=0.000, ‖θ[1:]‖₁=92.673, h_range=[1.00e-08, 1.17e+01], num_knots=1848
2025-09-01 15:27:26,880 - Iter 25110: obj=-899.349079, change=1.36e-05, α=0.000, ‖θ[1:]‖₁=92.673, h_range=[1.00e-08, 1.17e+01], num_knots=1848
2025-09-01 15:27:26,989 - Iter 25120: obj=-899.355268, change=1.36e-05, α=0.000, ‖θ[1:]‖₁=92.674, h_range=[1.00e-08, 1.17e+01], num_knots=1848
2025-09-01 15:27:27,096 - Iter 25130: obj=-899.361454, change=1.36e-05, α=0.000, ‖θ[1:]‖₁=92.674, h_range=[1.00e-08, 1.17e+01], num_knots=1848
2025-09-01 15:27:27,207 - Iter 25140: obj=-899.367639, change=1.36e-05, α=0.000, ‖θ[1:]‖₁=92.675, h_range=[1.00e-08, 1.17e+01], num_knots=1848
2025-09-01 15:27:27,322 - Iter 25150: obj=-899.373822, change=1.36e-05, α=0.000, ‖θ[1:]‖₁=92.675, h_range=[1.00e-08, 1.17e+01], num_knots=1848
2025-09-01 15:27:27,430 - Iter 25160: obj=-899.380003, change=1.36e-05, α=0.000, ‖θ[1:]‖₁=92.676, h_range=[1.00e-08, 1.17e+01], num_knots=1848
2025-09-01 15:27:27,535 - Iter 25170: obj=-899.386182, change=1.36e-05, α=0.000, ‖θ[1:]‖₁=92.676, h_range=[1.00e-08, 1.17e+01], num_knots=1848
2025-09-01 15:27:27,628 - Iter 25180: obj=-899.392360, change=1.36e-05, α=0.000, ‖θ[1:]‖₁=92.677, h_range=[1.00e-08, 1.17e+01], num_knots=1848
2025-09-01 15:27:27,731 - Iter 25190: obj=-899.398535, change=1.36e-05, α=0.000, ‖θ[1:]‖₁=92.677, h_range=[1.00e-08, 1.17e+01], num_knots=1848
2025-09-01 15:27:27,860 - Iter 25200: obj=-899.404708, change=1.36e-05, α=0.000, ‖θ[1:]‖₁=92.678, h_range=[1.00e-08, 1.17e+01], num_knots=1848
2025-09-01 15:27:27,973 - Iter 25210: obj=-899.410880, change=1.36e-05, α=0.000, ‖θ[1:]‖₁=92.678, h_range=[1.00e-08, 1.17e+01], num_knots=1848
2025-09-01 15:27:28,068 - Iter 25220: obj=-899.417048, change=1.36e-05, α=0.000, ‖θ[1:]‖₁=92.679, h_range=[1.00e-08, 1.17e+01], num_knots=1847
2025-09-01 15:27:28,182 - Iter 25230: obj=-899.423212, change=1.36e-05, α=0.000, ‖θ[1:]‖₁=92.679, h_range=[1.00e-08, 1.17e+01], num_knots=1847
2025-09-01 15:27:28,298 - Iter 25240: obj=-899.429373, change=1.36e-05, α=0.000, ‖θ[1:]‖₁=92.680, h_range=[1.00e-08, 1.17e+01], num_knots=1846
2025-09-01 15:27:28,413 - Iter 25250: obj=-899.435529, change=1.36e-05, α=0.000, ‖θ[1:]‖₁=92.680, h_range=[1.00e-08, 1.17e+01], num_knots=1845
2025-09-01 15:27:28,519 - Iter 25260: obj=-899.441684, change=1.36e-05, α=0.000, ‖θ[1:]‖₁=92.681, h_range=[1.00e-08, 1.17e+01], num_knots=1845
2025-09-01 15:27:28,632 - Iter 25270: obj=-899.447836, change=1.36e-05, α=0.000, ‖θ[1:]‖₁=92.682, h_range=[1.00e-08, 1.17e+01], num_knots=1845
2025-09-01 15:27:28,736 - Iter 25280: obj=-899.453986, change=1.36e-05, α=0.000, ‖θ[1:]‖₁=92.682, h_range=[1.00e-08, 1.17e+01], num_knots=1845
2025-09-01 15:27:28,834 - Iter 25290: obj=-899.460135, change=1.36e-05, α=0.000, ‖θ[1:]‖₁=92.683, h_range=[1.00e-08, 1.17e+01], num_knots=1845
2025-09-01 15:27:28,948 - Iter 25300: obj=-899.466282, change=1.36e-05, α=0.000, ‖θ[1:]‖₁=92.683, h_range=[1.00e-08, 1.17e+01], num_knots=1845
2025-09-01 15:27:29,061 - Iter 25310: obj=-899.472426, change=1.36e-05, α=0.000, ‖θ[1:]‖₁=92.684, h_range=[1.00e-08, 1.17e+01], num_knots=1845
2025-09-01 15:27:29,186 - Iter 25320: obj=-899.478569, change=1.36e-05, α=0.000, ‖θ[1:]‖₁=92.684, h_range=[1.00e-08, 1.17e+01], num_knots=1845
2025-09-01 15:27:29,285 - Iter 25330: obj=-899.484710, change=1.36e-05, α=0.000, ‖θ[1:]‖₁=92.685, h_range=[1.00e-08, 1.17e+01], num_knots=1845
2025-09-01 15:27:29,407 - Iter 25340: obj=-899.490849, change=1.36e-05, α=0.000, ‖θ[1:]‖₁=92.685, h_range=[1.00e-08, 1.17e+01], num_knots=1845
2025-09-01 15:27:29,505 - Iter 25350: obj=-899.496986, change=1.36e-05, α=0.000, ‖θ[1:]‖₁=92.686, h_range=[1.00e-08, 1.17e+01], num_knots=1845
2025-09-01 15:27:29,616 - Iter 25360: obj=-899.503121, change=1.36e-05, α=0.000, ‖θ[1:]‖₁=92.686, h_range=[1.00e-08, 1.17e+01], num_knots=1845
2025-09-01 15:27:29,721 - Iter 25370: obj=-899.509255, change=1.36e-05, α=0.000, ‖θ[1:]‖₁=92.687, h_range=[1.00e-08, 1.17e+01], num_knots=1844
2025-09-01 15:27:29,820 - Iter 25380: obj=-899.515384, change=1.36e-05, α=0.000, ‖θ[1:]‖₁=92.687, h_range=[1.00e-08, 1.17e+01], num_knots=1844
2025-09-01 15:27:29,923 - Iter 25390: obj=-899.521512, change=1.36e-05, α=0.000, ‖θ[1:]‖₁=92.687, h_range=[1.00e-08, 1.17e+01], num_knots=1844
2025-09-01 15:27:30,020 - Iter 25400: obj=-899.527621, change=1.36e-05, α=0.000, ‖θ[1:]‖₁=92.688, h_range=[1.00e-08, 1.17e+01], num_knots=1843
2025-09-01 15:27:30,163 - Iter 25410: obj=-899.533691, change=1.36e-05, α=0.000, ‖θ[1:]‖₁=92.689, h_range=[1.00e-08, 1.17e+01], num_knots=1843
2025-09-01 15:27:30,276 - Iter 25420: obj=-899.539760, change=1.36e-05, α=0.000, ‖θ[1:]‖₁=92.689, h_range=[1.00e-08, 1.17e+01], num_knots=1843
2025-09-01 15:27:30,392 - Iter 25430: obj=-899.545827, change=1.36e-05, α=0.000, ‖θ[1:]‖₁=92.690, h_range=[1.00e-08, 1.17e+01], num_knots=1843
2025-09-01 15:27:30,493 - Iter 25440: obj=-899.551892, change=1.36e-05, α=0.000, ‖θ[1:]‖₁=92.690, h_range=[1.00e-08, 1.17e+01], num_knots=1843
2025-09-01 15:27:30,608 - Iter 25450: obj=-899.557955, change=1.36e-05, α=0.000, ‖θ[1:]‖₁=92.691, h_range=[1.00e-08, 1.17e+01], num_knots=1843
2025-09-01 15:27:30,721 - Iter 25460: obj=-899.564016, change=1.36e-05, α=0.000, ‖θ[1:]‖₁=92.691, h_range=[1.00e-08, 1.17e+01], num_knots=1843
2025-09-01 15:27:30,828 - Iter 25470: obj=-899.570075, change=1.36e-05, α=0.000, ‖θ[1:]‖₁=92.692, h_range=[1.00e-08, 1.17e+01], num_knots=1843
2025-09-01 15:27:30,966 - Iter 25480: obj=-899.576133, change=1.36e-05, α=0.000, ‖θ[1:]‖₁=92.692, h_range=[1.00e-08, 1.17e+01], num_knots=1843
2025-09-01 15:27:31,073 - Iter 25490: obj=-899.582188, change=1.36e-05, α=0.000, ‖θ[1:]‖₁=92.693, h_range=[1.00e-08, 1.17e+01], num_knots=1843
2025-09-01 15:27:31,180 - Iter 25500: obj=-899.588242, change=1.36e-05, α=0.000, ‖θ[1:]‖₁=92.693, h_range=[1.00e-08, 1.17e+01], num_knots=1843
2025-09-01 15:27:31,295 - Iter 25510: obj=-899.594294, change=1.36e-05, α=0.000, ‖θ[1:]‖₁=92.694, h_range=[1.00e-08, 1.17e+01], num_knots=1843
2025-09-01 15:27:31,408 - Iter 25520: obj=-899.600344, change=1.36e-05, α=0.000, ‖θ[1:]‖₁=92.694, h_range=[1.00e-08, 1.17e+01], num_knots=1843
2025-09-01 15:27:31,514 - Iter 25530: obj=-899.606392, change=1.36e-05, α=0.000, ‖θ[1:]‖₁=92.695, h_range=[1.00e-08, 1.17e+01], num_knots=1843
2025-09-01 15:27:31,623 - Iter 25540: obj=-899.612438, change=1.35e-05, α=0.000, ‖θ[1:]‖₁=92.695, h_range=[1.00e-08, 1.17e+01], num_knots=1843
2025-09-01 15:27:31,738 - Iter 25550: obj=-899.618482, change=1.35e-05, α=0.000, ‖θ[1:]‖₁=92.696, h_range=[1.00e-08, 1.17e+01], num_knots=1843
2025-09-01 15:27:31,857 - Iter 25560: obj=-899.624504, change=1.35e-05, α=0.000, ‖θ[1:]‖₁=92.696, h_range=[1.00e-08, 1.17e+01], num_knots=1842
2025-09-01 15:27:31,961 - Iter 25570: obj=-899.630491, change=1.35e-05, α=0.000, ‖θ[1:]‖₁=92.697, h_range=[1.00e-08, 1.17e+01], num_knots=1842
2025-09-01 15:27:32,054 - Iter 25580: obj=-899.636477, change=1.35e-05, α=0.000, ‖θ[1:]‖₁=92.697, h_range=[1.00e-08, 1.17e+01], num_knots=1842
2025-09-01 15:27:32,159 - Iter 25590: obj=-899.642460, change=1.35e-05, α=0.000, ‖θ[1:]‖₁=92.698, h_range=[1.00e-08, 1.17e+01], num_knots=1842
2025-09-01 15:27:32,271 - Iter 25600: obj=-899.648442, change=1.35e-05, α=0.000, ‖θ[1:]‖₁=92.698, h_range=[1.00e-08, 1.17e+01], num_knots=1842
2025-09-01 15:27:32,387 - Iter 25610: obj=-899.654422, change=1.35e-05, α=0.000, ‖θ[1:]‖₁=92.699, h_range=[1.00e-08, 1.17e+01], num_knots=1842
2025-09-01 15:27:32,486 - Iter 25620: obj=-899.660400, change=1.35e-05, α=0.000, ‖θ[1:]‖₁=92.699, h_range=[1.00e-08, 1.17e+01], num_knots=1841
2025-09-01 15:27:32,576 - Iter 25630: obj=-899.666375, change=1.35e-05, α=0.000, ‖θ[1:]‖₁=92.700, h_range=[1.00e-08, 1.17e+01], num_knots=1841
2025-09-01 15:27:32,675 - Iter 25640: obj=-899.672348, change=1.35e-05, α=0.000, ‖θ[1:]‖₁=92.700, h_range=[1.00e-08, 1.17e+01], num_knots=1841
2025-09-01 15:27:32,800 - Iter 25650: obj=-899.678319, change=1.35e-05, α=0.000, ‖θ[1:]‖₁=92.701, h_range=[1.00e-08, 1.17e+01], num_knots=1841
2025-09-01 15:27:32,902 - Iter 25660: obj=-899.684288, change=1.35e-05, α=0.000, ‖θ[1:]‖₁=92.701, h_range=[1.00e-08, 1.17e+01], num_knots=1841
2025-09-01 15:27:32,997 - Iter 25670: obj=-899.690256, change=1.35e-05, α=0.000, ‖θ[1:]‖₁=92.702, h_range=[1.00e-08, 1.17e+01], num_knots=1841
2025-09-01 15:27:33,102 - Iter 25680: obj=-899.696221, change=1.35e-05, α=0.000, ‖θ[1:]‖₁=92.702, h_range=[1.00e-08, 1.17e+01], num_knots=1841
2025-09-01 15:27:33,215 - Iter 25690: obj=-899.702184, change=1.35e-05, α=0.000, ‖θ[1:]‖₁=92.703, h_range=[1.00e-08, 1.17e+01], num_knots=1840
2025-09-01 15:27:33,322 - Iter 25700: obj=-899.708142, change=1.35e-05, α=0.000, ‖θ[1:]‖₁=92.703, h_range=[1.00e-08, 1.17e+01], num_knots=1840
2025-09-01 15:27:33,430 - Iter 25710: obj=-899.714098, change=1.35e-05, α=0.000, ‖θ[1:]‖₁=92.704, h_range=[1.00e-08, 1.17e+01], num_knots=1840
2025-09-01 15:27:33,541 - Iter 25720: obj=-899.720052, change=1.35e-05, α=0.000, ‖θ[1:]‖₁=92.704, h_range=[1.00e-08, 1.17e+01], num_knots=1840
2025-09-01 15:27:33,653 - Iter 25730: obj=-899.726004, change=1.35e-05, α=0.000, ‖θ[1:]‖₁=92.705, h_range=[1.00e-08, 1.17e+01], num_knots=1840
2025-09-01 15:27:33,753 - Iter 25740: obj=-899.731954, change=1.35e-05, α=0.000, ‖θ[1:]‖₁=92.706, h_range=[1.00e-08, 1.17e+01], num_knots=1840
2025-09-01 15:27:33,856 - Iter 25750: obj=-899.737903, change=1.35e-05, α=0.000, ‖θ[1:]‖₁=92.706, h_range=[1.00e-08, 1.17e+01], num_knots=1840
2025-09-01 15:27:33,955 - Iter 25760: obj=-899.743850, change=1.35e-05, α=0.000, ‖θ[1:]‖₁=92.707, h_range=[1.00e-08, 1.17e+01], num_knots=1840
2025-09-01 15:27:34,065 - Iter 25770: obj=-899.749795, change=1.35e-05, α=0.000, ‖θ[1:]‖₁=92.707, h_range=[1.00e-08, 1.17e+01], num_knots=1840
2025-09-01 15:27:34,159 - Iter 25780: obj=-899.755738, change=1.35e-05, α=0.000, ‖θ[1:]‖₁=92.708, h_range=[1.00e-08, 1.17e+01], num_knots=1840
2025-09-01 15:27:34,264 - Iter 25790: obj=-899.761669, change=1.35e-05, α=0.000, ‖θ[1:]‖₁=92.708, h_range=[1.00e-08, 1.17e+01], num_knots=1839
2025-09-01 15:27:34,363 - Iter 25800: obj=-899.767597, change=1.35e-05, α=0.000, ‖θ[1:]‖₁=92.709, h_range=[1.00e-08, 1.17e+01], num_knots=1839
2025-09-01 15:27:34,464 - Iter 25810: obj=-899.773523, change=1.35e-05, α=0.000, ‖θ[1:]‖₁=92.709, h_range=[1.00e-08, 1.17e+01], num_knots=1839
2025-09-01 15:27:34,584 - Iter 25820: obj=-899.779447, change=1.35e-05, α=0.000, ‖θ[1:]‖₁=92.710, h_range=[1.00e-08, 1.17e+01], num_knots=1839
2025-09-01 15:27:34,688 - Iter 25830: obj=-899.785370, change=1.35e-05, α=0.000, ‖θ[1:]‖₁=92.710, h_range=[1.00e-08, 1.17e+01], num_knots=1839
2025-09-01 15:27:34,783 - Iter 25840: obj=-899.791291, change=1.35e-05, α=0.000, ‖θ[1:]‖₁=92.711, h_range=[1.00e-08, 1.17e+01], num_knots=1839
2025-09-01 15:27:34,883 - Iter 25850: obj=-899.797209, change=1.35e-05, α=0.000, ‖θ[1:]‖₁=92.711, h_range=[1.00e-08, 1.17e+01], num_knots=1839
2025-09-01 15:27:34,996 - Iter 25860: obj=-899.803119, change=1.35e-05, α=0.000, ‖θ[1:]‖₁=92.712, h_range=[1.00e-08, 1.17e+01], num_knots=1838
2025-09-01 15:27:35,122 - Iter 25870: obj=-899.809021, change=1.35e-05, α=0.000, ‖θ[1:]‖₁=92.712, h_range=[1.00e-08, 1.17e+01], num_knots=1838
2025-09-01 15:27:35,223 - Iter 25880: obj=-899.814922, change=1.35e-05, α=0.000, ‖θ[1:]‖₁=92.713, h_range=[1.00e-08, 1.17e+01], num_knots=1838
2025-09-01 15:27:35,327 - Iter 25890: obj=-899.820821, change=1.35e-05, α=0.000, ‖θ[1:]‖₁=92.713, h_range=[1.00e-08, 1.17e+01], num_knots=1838
2025-09-01 15:27:35,443 - Iter 25900: obj=-899.826718, change=1.35e-05, α=0.000, ‖θ[1:]‖₁=92.714, h_range=[1.00e-08, 1.17e+01], num_knots=1838
2025-09-01 15:27:35,549 - Iter 25910: obj=-899.832613, change=1.35e-05, α=0.000, ‖θ[1:]‖₁=92.714, h_range=[1.00e-08, 1.17e+01], num_knots=1838
2025-09-01 15:27:35,647 - Iter 25920: obj=-899.838507, change=1.35e-05, α=0.000, ‖θ[1:]‖₁=92.715, h_range=[1.00e-08, 1.17e+01], num_knots=1838
2025-09-01 15:27:35,755 - Iter 25930: obj=-899.844398, change=1.35e-05, α=0.000, ‖θ[1:]‖₁=92.715, h_range=[1.00e-08, 1.17e+01], num_knots=1838
2025-09-01 15:27:35,856 - Iter 25940: obj=-899.850288, change=1.34e-05, α=0.000, ‖θ[1:]‖₁=92.716, h_range=[1.00e-08, 1.17e+01], num_knots=1838
2025-09-01 15:27:35,953 - Iter 25950: obj=-899.856176, change=1.34e-05, α=0.000, ‖θ[1:]‖₁=92.717, h_range=[1.00e-08, 1.17e+01], num_knots=1838
2025-09-01 15:27:36,108 - Iter 25960: obj=-899.862063, change=1.34e-05, α=0.000, ‖θ[1:]‖₁=92.717, h_range=[1.00e-08, 1.17e+01], num_knots=1838
2025-09-01 15:27:36,217 - Iter 25970: obj=-899.867947, change=1.34e-05, α=0.000, ‖θ[1:]‖₁=92.718, h_range=[1.00e-08, 1.17e+01], num_knots=1838
2025-09-01 15:27:36,307 - Iter 25980: obj=-899.873819, change=1.34e-05, α=0.000, ‖θ[1:]‖₁=92.718, h_range=[1.00e-08, 1.17e+01], num_knots=1837
2025-09-01 15:27:36,391 - Iter 25990: obj=-899.879678, change=1.34e-05, α=0.000, ‖θ[1:]‖₁=92.719, h_range=[1.00e-08, 1.17e+01], num_knots=1836
2025-09-01 15:27:36,508 - Iter 26000: obj=-899.885533, change=1.34e-05, α=0.000, ‖θ[1:]‖₁=92.719, h_range=[1.00e-08, 1.17e+01], num_knots=1836
2025-09-01 15:27:36,622 - Iter 26010: obj=-899.891386, change=1.34e-05, α=0.000, ‖θ[1:]‖₁=92.720, h_range=[1.00e-08, 1.17e+01], num_knots=1836
2025-09-01 15:27:36,725 - Iter 26020: obj=-899.897238, change=1.34e-05, α=0.000, ‖θ[1:]‖₁=92.720, h_range=[1.00e-08, 1.17e+01], num_knots=1836
2025-09-01 15:27:36,851 - Iter 26030: obj=-899.903088, change=1.34e-05, α=0.000, ‖θ[1:]‖₁=92.721, h_range=[1.00e-08, 1.17e+01], num_knots=1836
2025-09-01 15:27:36,963 - Iter 26040: obj=-899.908935, change=1.34e-05, α=0.000, ‖θ[1:]‖₁=92.721, h_range=[1.00e-08, 1.17e+01], num_knots=1835
2025-09-01 15:27:37,090 - Iter 26050: obj=-899.914779, change=1.34e-05, α=0.000, ‖θ[1:]‖₁=92.722, h_range=[1.00e-08, 1.17e+01], num_knots=1835
2025-09-01 15:27:37,207 - Iter 26060: obj=-899.920621, change=1.34e-05, α=0.000, ‖θ[1:]‖₁=92.723, h_range=[1.00e-08, 1.17e+01], num_knots=1835
2025-09-01 15:27:37,308 - Iter 26070: obj=-899.926462, change=1.34e-05, α=0.000, ‖θ[1:]‖₁=92.723, h_range=[1.00e-08, 1.17e+01], num_knots=1835
2025-09-01 15:27:37,427 - Iter 26080: obj=-899.932301, change=1.34e-05, α=0.000, ‖θ[1:]‖₁=92.724, h_range=[1.00e-08, 1.17e+01], num_knots=1835
2025-09-01 15:27:37,543 - Iter 26090: obj=-899.938138, change=1.34e-05, α=0.000, ‖θ[1:]‖₁=92.724, h_range=[1.00e-08, 1.17e+01], num_knots=1835
2025-09-01 15:27:37,651 - Iter 26100: obj=-899.943974, change=1.34e-05, α=0.000, ‖θ[1:]‖₁=92.725, h_range=[1.00e-08, 1.17e+01], num_knots=1835
2025-09-01 15:27:37,766 - Iter 26110: obj=-899.949807, change=1.34e-05, α=0.000, ‖θ[1:]‖₁=92.725, h_range=[1.00e-08, 1.17e+01], num_knots=1835
2025-09-01 15:27:37,881 - Iter 26120: obj=-899.955639, change=1.34e-05, α=0.000, ‖θ[1:]‖₁=92.726, h_range=[1.00e-08, 1.17e+01], num_knots=1835
2025-09-01 15:27:38,019 - Iter 26130: obj=-899.961469, change=1.34e-05, α=0.000, ‖θ[1:]‖₁=92.726, h_range=[1.00e-08, 1.17e+01], num_knots=1835
2025-09-01 15:27:38,140 - Iter 26140: obj=-899.967298, change=1.34e-05, α=0.000, ‖θ[1:]‖₁=92.727, h_range=[1.00e-08, 1.17e+01], num_knots=1835
2025-09-01 15:27:38,286 - Iter 26150: obj=-899.973124, change=1.34e-05, α=0.000, ‖θ[1:]‖₁=92.727, h_range=[1.00e-08, 1.17e+01], num_knots=1835
2025-09-01 15:27:38,393 - Iter 26160: obj=-899.978949, change=1.34e-05, α=0.000, ‖θ[1:]‖₁=92.728, h_range=[1.00e-08, 1.17e+01], num_knots=1835
2025-09-01 15:27:38,504 - Iter 26170: obj=-899.984772, change=1.34e-05, α=0.000, ‖θ[1:]‖₁=92.729, h_range=[1.00e-08, 1.17e+01], num_knots=1835
2025-09-01 15:27:38,601 - Iter 26180: obj=-899.990594, change=1.34e-05, α=0.000, ‖θ[1:]‖₁=92.729, h_range=[1.00e-08, 1.17e+01], num_knots=1835
2025-09-01 15:27:38,697 - Iter 26190: obj=-899.996413, change=1.34e-05, α=0.000, ‖θ[1:]‖₁=92.730, h_range=[1.00e-08, 1.17e+01], num_knots=1835
2025-09-01 15:27:38,819 - Iter 26200: obj=-900.002231, change=1.34e-05, α=0.000, ‖θ[1:]‖₁=92.730, h_range=[1.00e-08, 1.17e+01], num_knots=1835
2025-09-01 15:27:38,959 - Iter 26210: obj=-900.008047, change=1.34e-05, α=0.000, ‖θ[1:]‖₁=92.731, h_range=[1.00e-08, 1.17e+01], num_knots=1835
2025-09-01 15:27:39,072 - Iter 26220: obj=-900.013861, change=1.34e-05, α=0.000, ‖θ[1:]‖₁=92.731, h_range=[1.00e-08, 1.17e+01], num_knots=1835
2025-09-01 15:27:39,201 - Iter 26230: obj=-900.019674, change=1.34e-05, α=0.000, ‖θ[1:]‖₁=92.732, h_range=[1.00e-08, 1.17e+01], num_knots=1835
2025-09-01 15:27:39,338 - Iter 26240: obj=-900.025485, change=1.34e-05, α=0.000, ‖θ[1:]‖₁=92.732, h_range=[1.00e-08, 1.17e+01], num_knots=1835
2025-09-01 15:27:39,467 - Iter 26250: obj=-900.031294, change=1.34e-05, α=0.000, ‖θ[1:]‖₁=92.733, h_range=[1.00e-08, 1.17e+01], num_knots=1834
2025-09-01 15:27:39,575 - Iter 26260: obj=-900.037091, change=1.34e-05, α=0.000, ‖θ[1:]‖₁=92.733, h_range=[1.00e-08, 1.17e+01], num_knots=1834
2025-09-01 15:27:39,661 - Iter 26270: obj=-900.042885, change=1.34e-05, α=0.000, ‖θ[1:]‖₁=92.734, h_range=[1.00e-08, 1.17e+01], num_knots=1834
2025-09-01 15:27:39,780 - Iter 26280: obj=-900.048672, change=1.34e-05, α=0.000, ‖θ[1:]‖₁=92.734, h_range=[1.00e-08, 1.17e+01], num_knots=1833
2025-09-01 15:27:39,897 - Iter 26290: obj=-900.054451, change=1.34e-05, α=0.000, ‖θ[1:]‖₁=92.735, h_range=[1.00e-08, 1.17e+01], num_knots=1833
2025-09-01 15:27:40,030 - Iter 26300: obj=-900.060229, change=1.34e-05, α=0.000, ‖θ[1:]‖₁=92.735, h_range=[1.00e-08, 1.17e+01], num_knots=1833
2025-09-01 15:27:40,156 - Iter 26310: obj=-900.066001, change=1.34e-05, α=0.000, ‖θ[1:]‖₁=92.736, h_range=[1.00e-08, 1.17e+01], num_knots=1832
2025-09-01 15:27:40,272 - Iter 26320: obj=-900.071763, change=1.34e-05, α=0.000, ‖θ[1:]‖₁=92.736, h_range=[1.00e-08, 1.17e+01], num_knots=1832
2025-09-01 15:27:40,394 - Iter 26330: obj=-900.077525, change=1.34e-05, α=0.000, ‖θ[1:]‖₁=92.737, h_range=[1.00e-08, 1.17e+01], num_knots=1832
2025-09-01 15:27:40,503 - Iter 26340: obj=-900.083284, change=1.34e-05, α=0.000, ‖θ[1:]‖₁=92.738, h_range=[1.00e-08, 1.17e+01], num_knots=1832
2025-09-01 15:27:40,608 - Iter 26350: obj=-900.089042, change=1.34e-05, α=0.000, ‖θ[1:]‖₁=92.738, h_range=[1.00e-08, 1.17e+01], num_knots=1832
2025-09-01 15:27:40,727 - Iter 26360: obj=-900.094797, change=1.34e-05, α=0.000, ‖θ[1:]‖₁=92.739, h_range=[1.00e-08, 1.17e+01], num_knots=1832
2025-09-01 15:27:40,809 - Iter 26370: obj=-900.100551, change=1.34e-05, α=0.000, ‖θ[1:]‖₁=92.739, h_range=[1.00e-08, 1.17e+01], num_knots=1831
2025-09-01 15:27:40,927 - Iter 26380: obj=-900.106302, change=1.34e-05, α=0.000, ‖θ[1:]‖₁=92.740, h_range=[1.00e-08, 1.17e+01], num_knots=1831
2025-09-01 15:27:41,047 - Iter 26390: obj=-900.112051, change=1.34e-05, α=0.000, ‖θ[1:]‖₁=92.741, h_range=[1.00e-08, 1.17e+01], num_knots=1831
2025-09-01 15:27:41,184 - Iter 26400: obj=-900.117798, change=1.34e-05, α=0.000, ‖θ[1:]‖₁=92.741, h_range=[1.00e-08, 1.17e+01], num_knots=1831
2025-09-01 15:27:41,308 - Iter 26410: obj=-900.123544, change=1.33e-05, α=0.000, ‖θ[1:]‖₁=92.742, h_range=[1.00e-08, 1.17e+01], num_knots=1831
2025-09-01 15:27:41,414 - Iter 26420: obj=-900.129288, change=1.33e-05, α=0.000, ‖θ[1:]‖₁=92.742, h_range=[1.00e-08, 1.17e+01], num_knots=1831
2025-09-01 15:27:41,524 - Iter 26430: obj=-900.135030, change=1.33e-05, α=0.000, ‖θ[1:]‖₁=92.743, h_range=[1.00e-08, 1.17e+01], num_knots=1831
2025-09-01 15:27:41,617 - Iter 26440: obj=-900.140770, change=1.33e-05, α=0.000, ‖θ[1:]‖₁=92.743, h_range=[1.00e-08, 1.17e+01], num_knots=1831
2025-09-01 15:27:41,705 - Iter 26450: obj=-900.146509, change=1.33e-05, α=0.000, ‖θ[1:]‖₁=92.744, h_range=[1.00e-08, 1.17e+01], num_knots=1831
2025-09-01 15:27:41,830 - Iter 26460: obj=-900.152245, change=1.33e-05, α=0.000, ‖θ[1:]‖₁=92.744, h_range=[1.00e-08, 1.17e+01], num_knots=1831
2025-09-01 15:27:41,960 - Iter 26470: obj=-900.157981, change=1.33e-05, α=0.000, ‖θ[1:]‖₁=92.745, h_range=[1.00e-08, 1.17e+01], num_knots=1831
2025-09-01 15:27:42,056 - Iter 26480: obj=-900.163714, change=1.33e-05, α=0.000, ‖θ[1:]‖₁=92.746, h_range=[1.00e-08, 1.17e+01], num_knots=1831
2025-09-01 15:27:42,178 - Iter 26490: obj=-900.169446, change=1.33e-05, α=0.000, ‖θ[1:]‖₁=92.746, h_range=[1.00e-08, 1.17e+01], num_knots=1831
2025-09-01 15:27:42,308 - Iter 26500: obj=-900.175176, change=1.33e-05, α=0.000, ‖θ[1:]‖₁=92.747, h_range=[1.00e-08, 1.17e+01], num_knots=1831
2025-09-01 15:27:42,411 - Iter 26510: obj=-900.180905, change=1.33e-05, α=0.000, ‖θ[1:]‖₁=92.747, h_range=[1.00e-08, 1.17e+01], num_knots=1831
2025-09-01 15:27:42,510 - Iter 26520: obj=-900.186631, change=1.33e-05, α=0.000, ‖θ[1:]‖₁=92.748, h_range=[1.00e-08, 1.17e+01], num_knots=1831
2025-09-01 15:27:42,629 - Iter 26530: obj=-900.192356, change=1.33e-05, α=0.000, ‖θ[1:]‖₁=92.748, h_range=[1.00e-08, 1.17e+01], num_knots=1831
2025-09-01 15:27:42,740 - Iter 26540: obj=-900.198080, change=1.33e-05, α=0.000, ‖θ[1:]‖₁=92.749, h_range=[1.00e-08, 1.17e+01], num_knots=1831
2025-09-01 15:27:42,851 - Iter 26550: obj=-900.203801, change=1.33e-05, α=0.000, ‖θ[1:]‖₁=92.749, h_range=[1.00e-08, 1.17e+01], num_knots=1831
2025-09-01 15:27:42,976 - Iter 26560: obj=-900.209521, change=1.33e-05, α=0.000, ‖θ[1:]‖₁=92.750, h_range=[1.00e-08, 1.17e+01], num_knots=1831
2025-09-01 15:27:43,093 - Iter 26570: obj=-900.215240, change=1.33e-05, α=0.000, ‖θ[1:]‖₁=92.750, h_range=[1.00e-08, 1.17e+01], num_knots=1831
2025-09-01 15:27:43,200 - Iter 26580: obj=-900.220956, change=1.33e-05, α=0.000, ‖θ[1:]‖₁=92.751, h_range=[1.00e-08, 1.17e+01], num_knots=1831
2025-09-01 15:27:43,304 - Iter 26590: obj=-900.226671, change=1.33e-05, α=0.000, ‖θ[1:]‖₁=92.751, h_range=[1.00e-08, 1.17e+01], num_knots=1831
2025-09-01 15:27:43,417 - Iter 26600: obj=-900.232385, change=1.33e-05, α=0.000, ‖θ[1:]‖₁=92.752, h_range=[1.00e-08, 1.17e+01], num_knots=1831
2025-09-01 15:27:43,533 - Iter 26610: obj=-900.238096, change=1.33e-05, α=0.000, ‖θ[1:]‖₁=92.752, h_range=[1.00e-08, 1.17e+01], num_knots=1830
2025-09-01 15:27:43,635 - Iter 26620: obj=-900.243794, change=1.33e-05, α=0.000, ‖θ[1:]‖₁=92.753, h_range=[1.00e-08, 1.17e+01], num_knots=1830
2025-09-01 15:27:43,761 - Iter 26630: obj=-900.249491, change=1.33e-05, α=0.000, ‖θ[1:]‖₁=92.753, h_range=[1.00e-08, 1.17e+01], num_knots=1830
2025-09-01 15:27:43,867 - Iter 26640: obj=-900.255186, change=1.33e-05, α=0.000, ‖θ[1:]‖₁=92.754, h_range=[1.00e-08, 1.17e+01], num_knots=1829
2025-09-01 15:27:43,982 - Iter 26650: obj=-900.260879, change=1.33e-05, α=0.000, ‖θ[1:]‖₁=92.755, h_range=[1.00e-08, 1.17e+01], num_knots=1829
2025-09-01 15:27:44,101 - Iter 26660: obj=-900.266569, change=1.33e-05, α=0.000, ‖θ[1:]‖₁=92.755, h_range=[1.00e-08, 1.17e+01], num_knots=1829
2025-09-01 15:27:44,203 - Iter 26670: obj=-900.272258, change=1.33e-05, α=0.000, ‖θ[1:]‖₁=92.756, h_range=[1.00e-08, 1.17e+01], num_knots=1829
2025-09-01 15:27:44,302 - Iter 26680: obj=-900.277946, change=1.33e-05, α=0.000, ‖θ[1:]‖₁=92.756, h_range=[1.00e-08, 1.17e+01], num_knots=1829
2025-09-01 15:27:44,418 - Iter 26690: obj=-900.283631, change=1.33e-05, α=0.000, ‖θ[1:]‖₁=92.757, h_range=[1.00e-08, 1.17e+01], num_knots=1829
2025-09-01 15:27:44,532 - Iter 26700: obj=-900.289315, change=1.33e-05, α=0.000, ‖θ[1:]‖₁=92.757, h_range=[1.00e-08, 1.17e+01], num_knots=1829
2025-09-01 15:27:44,637 - Iter 26710: obj=-900.294998, change=1.33e-05, α=0.000, ‖θ[1:]‖₁=92.758, h_range=[1.00e-08, 1.17e+01], num_knots=1829
2025-09-01 15:27:44,762 - Iter 26720: obj=-900.300678, change=1.33e-05, α=0.000, ‖θ[1:]‖₁=92.758, h_range=[1.00e-08, 1.17e+01], num_knots=1829
2025-09-01 15:27:44,864 - Iter 26730: obj=-900.306357, change=1.33e-05, α=0.000, ‖θ[1:]‖₁=92.759, h_range=[1.00e-08, 1.17e+01], num_knots=1829
2025-09-01 15:27:44,980 - Iter 26740: obj=-900.312035, change=1.33e-05, α=0.000, ‖θ[1:]‖₁=92.759, h_range=[1.00e-08, 1.17e+01], num_knots=1829
2025-09-01 15:27:45,063 - Iter 26750: obj=-900.317710, change=1.33e-05, α=0.000, ‖θ[1:]‖₁=92.760, h_range=[1.00e-08, 1.17e+01], num_knots=1829
2025-09-01 15:27:45,197 - Iter 26760: obj=-900.323384, change=1.33e-05, α=0.000, ‖θ[1:]‖₁=92.760, h_range=[1.00e-08, 1.17e+01], num_knots=1829
2025-09-01 15:27:45,299 - Iter 26770: obj=-900.329057, change=1.33e-05, α=0.000, ‖θ[1:]‖₁=92.761, h_range=[1.00e-08, 1.17e+01], num_knots=1829
2025-09-01 15:27:45,411 - Iter 26780: obj=-900.334728, change=1.33e-05, α=0.000, ‖θ[1:]‖₁=92.761, h_range=[1.00e-08, 1.17e+01], num_knots=1829
2025-09-01 15:27:45,534 - Iter 26790: obj=-900.340397, change=1.33e-05, α=0.000, ‖θ[1:]‖₁=92.762, h_range=[1.00e-08, 1.17e+01], num_knots=1829
2025-09-01 15:27:45,654 - Iter 26800: obj=-900.346061, change=1.33e-05, α=0.000, ‖θ[1:]‖₁=92.762, h_range=[1.00e-08, 1.17e+01], num_knots=1828
2025-09-01 15:27:45,750 - Iter 26810: obj=-900.351722, change=1.33e-05, α=0.000, ‖θ[1:]‖₁=92.763, h_range=[1.00e-08, 1.17e+01], num_knots=1828
2025-09-01 15:27:45,873 - Iter 26820: obj=-900.357381, change=1.33e-05, α=0.000, ‖θ[1:]‖₁=92.763, h_range=[1.00e-08, 1.17e+01], num_knots=1828
2025-09-01 15:27:45,969 - Iter 26830: obj=-900.363039, change=1.33e-05, α=0.000, ‖θ[1:]‖₁=92.764, h_range=[1.00e-08, 1.17e+01], num_knots=1828
2025-09-01 15:27:46,090 - Iter 26840: obj=-900.368695, change=1.33e-05, α=0.000, ‖θ[1:]‖₁=92.764, h_range=[1.00e-08, 1.17e+01], num_knots=1828
2025-09-01 15:27:46,220 - Iter 26850: obj=-900.374349, change=1.33e-05, α=0.000, ‖θ[1:]‖₁=92.765, h_range=[1.00e-08, 1.17e+01], num_knots=1828
2025-09-01 15:27:46,323 - Iter 26860: obj=-900.380000, change=1.33e-05, α=0.000, ‖θ[1:]‖₁=92.765, h_range=[1.00e-08, 1.17e+01], num_knots=1827
2025-09-01 15:27:46,428 - Iter 26870: obj=-900.385639, change=1.33e-05, α=0.000, ‖θ[1:]‖₁=92.766, h_range=[1.00e-08, 1.17e+01], num_knots=1827
2025-09-01 15:27:46,542 - Iter 26880: obj=-900.391276, change=1.33e-05, α=0.000, ‖θ[1:]‖₁=92.766, h_range=[1.00e-08, 1.17e+01], num_knots=1827
2025-09-01 15:27:46,695 - Iter 26890: obj=-900.396912, change=1.33e-05, α=0.000, ‖θ[1:]‖₁=92.767, h_range=[1.00e-08, 1.17e+01], num_knots=1827
2025-09-01 15:27:46,819 - Iter 26900: obj=-900.402545, change=1.32e-05, α=0.000, ‖θ[1:]‖₁=92.767, h_range=[1.00e-08, 1.17e+01], num_knots=1826
2025-09-01 15:27:46,912 - Iter 26910: obj=-900.408175, change=1.32e-05, α=0.000, ‖θ[1:]‖₁=92.768, h_range=[1.00e-08, 1.17e+01], num_knots=1826
2025-09-01 15:27:47,010 - Iter 26920: obj=-900.413801, change=1.32e-05, α=0.000, ‖θ[1:]‖₁=92.769, h_range=[1.00e-08, 1.17e+01], num_knots=1825
2025-09-01 15:27:47,116 - Iter 26930: obj=-900.419416, change=1.32e-05, α=0.000, ‖θ[1:]‖₁=92.769, h_range=[1.00e-08, 1.17e+01], num_knots=1825
2025-09-01 15:27:47,227 - Iter 26940: obj=-900.425030, change=1.32e-05, α=0.000, ‖θ[1:]‖₁=92.770, h_range=[1.00e-08, 1.17e+01], num_knots=1825
2025-09-01 15:27:47,321 - Iter 26950: obj=-900.430642, change=1.32e-05, α=0.000, ‖θ[1:]‖₁=92.770, h_range=[1.00e-08, 1.17e+01], num_knots=1825
2025-09-01 15:27:47,437 - Iter 26960: obj=-900.436252, change=1.32e-05, α=0.000, ‖θ[1:]‖₁=92.771, h_range=[1.00e-08, 1.17e+01], num_knots=1825
2025-09-01 15:27:47,536 - Iter 26970: obj=-900.441860, change=1.32e-05, α=0.000, ‖θ[1:]‖₁=92.771, h_range=[1.00e-08, 1.17e+01], num_knots=1825
2025-09-01 15:27:47,654 - Iter 26980: obj=-900.447467, change=1.32e-05, α=0.000, ‖θ[1:]‖₁=92.772, h_range=[1.00e-08, 1.17e+01], num_knots=1825
2025-09-01 15:27:47,758 - Iter 26990: obj=-900.453073, change=1.32e-05, α=0.000, ‖θ[1:]‖₁=92.772, h_range=[1.00e-08, 1.17e+01], num_knots=1825
2025-09-01 15:27:47,885 - Iter 27000: obj=-900.458676, change=1.32e-05, α=0.000, ‖θ[1:]‖₁=92.773, h_range=[1.00e-08, 1.17e+01], num_knots=1825
2025-09-01 15:27:48,016 - Iter 27010: obj=-900.464278, change=1.32e-05, α=0.000, ‖θ[1:]‖₁=92.774, h_range=[1.00e-08, 1.17e+01], num_knots=1825
2025-09-01 15:27:48,126 - Iter 27020: obj=-900.469879, change=1.32e-05, α=0.000, ‖θ[1:]‖₁=92.774, h_range=[1.00e-08, 1.17e+01], num_knots=1825
2025-09-01 15:27:48,247 - Iter 27030: obj=-900.475478, change=1.32e-05, α=0.000, ‖θ[1:]‖₁=92.775, h_range=[1.00e-08, 1.17e+01], num_knots=1825
2025-09-01 15:27:48,347 - Iter 27040: obj=-900.481075, change=1.32e-05, α=0.000, ‖θ[1:]‖₁=92.775, h_range=[1.00e-08, 1.17e+01], num_knots=1825
2025-09-01 15:27:48,438 - Iter 27050: obj=-900.486671, change=1.32e-05, α=0.000, ‖θ[1:]‖₁=92.776, h_range=[1.00e-08, 1.17e+01], num_knots=1825
2025-09-01 15:27:48,547 - Iter 27060: obj=-900.492265, change=1.32e-05, α=0.000, ‖θ[1:]‖₁=92.776, h_range=[1.00e-08, 1.17e+01], num_knots=1825
2025-09-01 15:27:48,671 - Iter 27070: obj=-900.497855, change=1.32e-05, α=0.000, ‖θ[1:]‖₁=92.777, h_range=[1.00e-08, 1.17e+01], num_knots=1824
2025-09-01 15:27:48,790 - Iter 27080: obj=-900.503442, change=1.32e-05, α=0.000, ‖θ[1:]‖₁=92.777, h_range=[1.00e-08, 1.17e+01], num_knots=1824
2025-09-01 15:27:48,893 - Iter 27090: obj=-900.509028, change=1.32e-05, α=0.000, ‖θ[1:]‖₁=92.778, h_range=[1.00e-08, 1.17e+01], num_knots=1824
2025-09-01 15:27:49,008 - Iter 27100: obj=-900.514611, change=1.32e-05, α=0.000, ‖θ[1:]‖₁=92.778, h_range=[1.00e-08, 1.17e+01], num_knots=1824
2025-09-01 15:27:49,111 - Iter 27110: obj=-900.520194, change=1.32e-05, α=0.000, ‖θ[1:]‖₁=92.779, h_range=[1.00e-08, 1.17e+01], num_knots=1824
2025-09-01 15:27:49,221 - Iter 27120: obj=-900.525774, change=1.32e-05, α=0.000, ‖θ[1:]‖₁=92.779, h_range=[1.00e-08, 1.17e+01], num_knots=1824
2025-09-01 15:27:49,328 - Iter 27130: obj=-900.531353, change=1.32e-05, α=0.000, ‖θ[1:]‖₁=92.780, h_range=[1.00e-08, 1.17e+01], num_knots=1824
2025-09-01 15:27:49,446 - Iter 27140: obj=-900.536926, change=1.32e-05, α=0.000, ‖θ[1:]‖₁=92.780, h_range=[1.00e-08, 1.17e+01], num_knots=1823
2025-09-01 15:27:49,562 - Iter 27150: obj=-900.542489, change=1.32e-05, α=0.000, ‖θ[1:]‖₁=92.781, h_range=[1.00e-08, 1.17e+01], num_knots=1823
2025-09-01 15:27:49,675 - Iter 27160: obj=-900.548052, change=1.32e-05, α=0.000, ‖θ[1:]‖₁=92.781, h_range=[1.00e-08, 1.17e+01], num_knots=1823
2025-09-01 15:27:49,774 - Iter 27170: obj=-900.553612, change=1.32e-05, α=0.000, ‖θ[1:]‖₁=92.782, h_range=[1.00e-08, 1.17e+01], num_knots=1823
2025-09-01 15:27:49,889 - Iter 27180: obj=-900.559171, change=1.32e-05, α=0.000, ‖θ[1:]‖₁=92.783, h_range=[1.00e-08, 1.17e+01], num_knots=1823
2025-09-01 15:27:50,001 - Iter 27190: obj=-900.564728, change=1.32e-05, α=0.000, ‖θ[1:]‖₁=92.783, h_range=[1.00e-08, 1.17e+01], num_knots=1823
2025-09-01 15:27:50,098 - Iter 27200: obj=-900.570284, change=1.32e-05, α=0.000, ‖θ[1:]‖₁=92.784, h_range=[1.00e-08, 1.17e+01], num_knots=1823
2025-09-01 15:27:50,226 - Iter 27210: obj=-900.575838, change=1.32e-05, α=0.000, ‖θ[1:]‖₁=92.784, h_range=[1.00e-08, 1.17e+01], num_knots=1823
2025-09-01 15:27:50,335 - Iter 27220: obj=-900.581391, change=1.32e-05, α=0.000, ‖θ[1:]‖₁=92.785, h_range=[1.00e-08, 1.17e+01], num_knots=1823
2025-09-01 15:27:50,446 - Iter 27230: obj=-900.586942, change=1.32e-05, α=0.000, ‖θ[1:]‖₁=92.785, h_range=[1.00e-08, 1.17e+01], num_knots=1823
2025-09-01 15:27:50,578 - Iter 27240: obj=-900.592492, change=1.32e-05, α=0.000, ‖θ[1:]‖₁=92.786, h_range=[1.00e-08, 1.17e+01], num_knots=1823
2025-09-01 15:27:50,672 - Iter 27250: obj=-900.598039, change=1.32e-05, α=0.000, ‖θ[1:]‖₁=92.786, h_range=[1.00e-08, 1.17e+01], num_knots=1823
2025-09-01 15:27:50,791 - Iter 27260: obj=-900.603586, change=1.32e-05, α=0.000, ‖θ[1:]‖₁=92.787, h_range=[1.00e-08, 1.17e+01], num_knots=1823
2025-09-01 15:27:50,895 - Iter 27270: obj=-900.609131, change=1.32e-05, α=0.000, ‖θ[1:]‖₁=92.787, h_range=[1.00e-08, 1.17e+01], num_knots=1823
2025-09-01 15:27:51,005 - Iter 27280: obj=-900.614674, change=1.32e-05, α=0.000, ‖θ[1:]‖₁=92.788, h_range=[1.00e-08, 1.17e+01], num_knots=1823
2025-09-01 15:27:51,096 - Iter 27290: obj=-900.620216, change=1.32e-05, α=0.000, ‖θ[1:]‖₁=92.788, h_range=[1.00e-08, 1.17e+01], num_knots=1823
2025-09-01 15:27:51,196 - Iter 27300: obj=-900.625756, change=1.32e-05, α=0.000, ‖θ[1:]‖₁=92.789, h_range=[1.00e-08, 1.17e+01], num_knots=1823
2025-09-01 15:27:51,317 - Iter 27310: obj=-900.631294, change=1.32e-05, α=0.000, ‖θ[1:]‖₁=92.789, h_range=[1.00e-08, 1.17e+01], num_knots=1823
2025-09-01 15:27:51,444 - Iter 27320: obj=-900.636831, change=1.32e-05, α=0.000, ‖θ[1:]‖₁=92.790, h_range=[1.00e-08, 1.17e+01], num_knots=1823
2025-09-01 15:27:51,560 - Iter 27330: obj=-900.642367, change=1.32e-05, α=0.000, ‖θ[1:]‖₁=92.790, h_range=[1.00e-08, 1.17e+01], num_knots=1822
2025-09-01 15:27:51,686 - Iter 27340: obj=-900.647888, change=1.32e-05, α=0.000, ‖θ[1:]‖₁=92.791, h_range=[1.00e-08, 1.17e+01], num_knots=1822
2025-09-01 15:27:51,798 - Iter 27350: obj=-900.653408, change=1.32e-05, α=0.000, ‖θ[1:]‖₁=92.791, h_range=[1.00e-08, 1.17e+01], num_knots=1822
2025-09-01 15:27:51,910 - Iter 27360: obj=-900.658927, change=1.32e-05, α=0.000, ‖θ[1:]‖₁=92.792, h_range=[1.00e-08, 1.17e+01], num_knots=1822
2025-09-01 15:27:52,021 - Iter 27370: obj=-900.664444, change=1.32e-05, α=0.000, ‖θ[1:]‖₁=92.792, h_range=[1.00e-08, 1.17e+01], num_knots=1822
2025-09-01 15:27:52,125 - Iter 27380: obj=-900.669960, change=1.32e-05, α=0.000, ‖θ[1:]‖₁=92.793, h_range=[1.00e-08, 1.17e+01], num_knots=1821
2025-09-01 15:27:52,230 - Iter 27390: obj=-900.675470, change=1.32e-05, α=0.000, ‖θ[1:]‖₁=92.793, h_range=[1.00e-08, 1.17e+01], num_knots=1821
2025-09-01 15:27:52,333 - Iter 27400: obj=-900.680978, change=1.32e-05, α=0.000, ‖θ[1:]‖₁=92.794, h_range=[1.00e-08, 1.17e+01], num_knots=1820
2025-09-01 15:27:52,440 - Iter 27410: obj=-900.686484, change=1.32e-05, α=0.000, ‖θ[1:]‖₁=92.794, h_range=[1.00e-08, 1.17e+01], num_knots=1820
2025-09-01 15:27:52,535 - Iter 27420: obj=-900.691989, change=1.31e-05, α=0.000, ‖θ[1:]‖₁=92.795, h_range=[1.00e-08, 1.17e+01], num_knots=1820
2025-09-01 15:27:52,642 - Iter 27430: obj=-900.697491, change=1.31e-05, α=0.000, ‖θ[1:]‖₁=92.795, h_range=[1.00e-08, 1.17e+01], num_knots=1820
2025-09-01 15:27:52,749 - Iter 27440: obj=-900.702993, change=1.31e-05, α=0.000, ‖θ[1:]‖₁=92.796, h_range=[1.00e-08, 1.17e+01], num_knots=1820
2025-09-01 15:27:52,861 - Iter 27450: obj=-900.708492, change=1.31e-05, α=0.000, ‖θ[1:]‖₁=92.796, h_range=[1.00e-08, 1.17e+01], num_knots=1820
2025-09-01 15:27:52,970 - Iter 27460: obj=-900.713991, change=1.31e-05, α=0.000, ‖θ[1:]‖₁=92.797, h_range=[1.00e-08, 1.17e+01], num_knots=1820
2025-09-01 15:27:53,080 - Iter 27470: obj=-900.719487, change=1.31e-05, α=0.000, ‖θ[1:]‖₁=92.797, h_range=[1.00e-08, 1.17e+01], num_knots=1820
2025-09-01 15:27:53,193 - Iter 27480: obj=-900.724982, change=1.31e-05, α=0.000, ‖θ[1:]‖₁=92.798, h_range=[1.00e-08, 1.17e+01], num_knots=1820
2025-09-01 15:27:53,287 - Iter 27490: obj=-900.730476, change=1.31e-05, α=0.000, ‖θ[1:]‖₁=92.798, h_range=[1.00e-08, 1.17e+01], num_knots=1820
2025-09-01 15:27:53,364 - Iter 27500: obj=-900.735968, change=1.31e-05, α=0.000, ‖θ[1:]‖₁=92.799, h_range=[1.00e-08, 1.17e+01], num_knots=1820
2025-09-01 15:27:53,488 - Iter 27510: obj=-900.741459, change=1.31e-05, α=0.000, ‖θ[1:]‖₁=92.799, h_range=[1.00e-08, 1.17e+01], num_knots=1820
2025-09-01 15:27:53,595 - Iter 27520: obj=-900.746948, change=1.31e-05, α=0.000, ‖θ[1:]‖₁=92.800, h_range=[1.00e-08, 1.17e+01], num_knots=1820
2025-09-01 15:27:53,725 - Iter 27530: obj=-900.752435, change=1.31e-05, α=0.000, ‖θ[1:]‖₁=92.800, h_range=[1.00e-08, 1.17e+01], num_knots=1820
2025-09-01 15:27:53,845 - Iter 27540: obj=-900.757921, change=1.31e-05, α=0.000, ‖θ[1:]‖₁=92.801, h_range=[1.00e-08, 1.17e+01], num_knots=1820
2025-09-01 15:27:53,955 - Iter 27550: obj=-900.763406, change=1.31e-05, α=0.000, ‖θ[1:]‖₁=92.801, h_range=[1.00e-08, 1.17e+01], num_knots=1820
2025-09-01 15:27:54,076 - Iter 27560: obj=-900.768889, change=1.31e-05, α=0.000, ‖θ[1:]‖₁=92.802, h_range=[1.00e-08, 1.17e+01], num_knots=1820
2025-09-01 15:27:54,207 - Iter 27570: obj=-900.774370, change=1.31e-05, α=0.000, ‖θ[1:]‖₁=92.802, h_range=[1.00e-08, 1.17e+01], num_knots=1820
2025-09-01 15:27:54,324 - Iter 27580: obj=-900.779850, change=1.31e-05, α=0.000, ‖θ[1:]‖₁=92.803, h_range=[1.00e-08, 1.17e+01], num_knots=1820
2025-09-01 15:27:54,482 - Iter 27590: obj=-900.785329, change=1.31e-05, α=0.000, ‖θ[1:]‖₁=92.803, h_range=[1.00e-08, 1.17e+01], num_knots=1820
2025-09-01 15:27:54,605 - Iter 27600: obj=-900.790806, change=1.31e-05, α=0.000, ‖θ[1:]‖₁=92.804, h_range=[1.00e-08, 1.17e+01], num_knots=1820
2025-09-01 15:27:54,723 - Iter 27610: obj=-900.796281, change=1.31e-05, α=0.000, ‖θ[1:]‖₁=92.804, h_range=[1.00e-08, 1.17e+01], num_knots=1820
2025-09-01 15:27:54,844 - Iter 27620: obj=-900.801755, change=1.31e-05, α=0.000, ‖θ[1:]‖₁=92.805, h_range=[1.00e-08, 1.17e+01], num_knots=1820
2025-09-01 15:27:54,958 - Iter 27630: obj=-900.807228, change=1.31e-05, α=0.000, ‖θ[1:]‖₁=92.805, h_range=[1.00e-08, 1.17e+01], num_knots=1820
2025-09-01 15:27:55,049 - Iter 27640: obj=-900.812699, change=1.31e-05, α=0.000, ‖θ[1:]‖₁=92.806, h_range=[1.00e-08, 1.17e+01], num_knots=1820
2025-09-01 15:27:55,180 - Iter 27650: obj=-900.818168, change=1.31e-05, α=0.000, ‖θ[1:]‖₁=92.806, h_range=[1.00e-08, 1.17e+01], num_knots=1820
2025-09-01 15:27:55,274 - Iter 27660: obj=-900.823636, change=1.31e-05, α=0.000, ‖θ[1:]‖₁=92.807, h_range=[1.00e-08, 1.17e+01], num_knots=1820
2025-09-01 15:27:55,385 - Iter 27670: obj=-900.829103, change=1.31e-05, α=0.000, ‖θ[1:]‖₁=92.807, h_range=[1.00e-08, 1.17e+01], num_knots=1820
2025-09-01 15:27:55,511 - Iter 27680: obj=-900.834567, change=1.31e-05, α=0.000, ‖θ[1:]‖₁=92.807, h_range=[1.00e-08, 1.17e+01], num_knots=1820
2025-09-01 15:27:55,613 - Iter 27690: obj=-900.840031, change=1.31e-05, α=0.000, ‖θ[1:]‖₁=92.808, h_range=[1.00e-08, 1.17e+01], num_knots=1820
2025-09-01 15:27:55,728 - Iter 27700: obj=-900.845493, change=1.31e-05, α=0.000, ‖θ[1:]‖₁=92.808, h_range=[1.00e-08, 1.17e+01], num_knots=1820
2025-09-01 15:27:55,821 - Iter 27710: obj=-900.850953, change=1.31e-05, α=0.000, ‖θ[1:]‖₁=92.809, h_range=[1.00e-08, 1.17e+01], num_knots=1820
2025-09-01 15:27:55,917 - Iter 27720: obj=-900.856412, change=1.31e-05, α=0.000, ‖θ[1:]‖₁=92.809, h_range=[1.00e-08, 1.17e+01], num_knots=1820
2025-09-01 15:27:56,021 - Iter 27730: obj=-900.861870, change=1.31e-05, α=0.000, ‖θ[1:]‖₁=92.810, h_range=[1.00e-08, 1.17e+01], num_knots=1820
2025-09-01 15:27:56,131 - Iter 27740: obj=-900.867326, change=1.31e-05, α=0.000, ‖θ[1:]‖₁=92.810, h_range=[1.00e-08, 1.17e+01], num_knots=1820
2025-09-01 15:27:56,269 - Iter 27750: obj=-900.872781, change=1.31e-05, α=0.000, ‖θ[1:]‖₁=92.810, h_range=[1.00e-08, 1.17e+01], num_knots=1820
2025-09-01 15:27:56,376 - Iter 27760: obj=-900.878234, change=1.31e-05, α=0.000, ‖θ[1:]‖₁=92.811, h_range=[1.00e-08, 1.17e+01], num_knots=1820
2025-09-01 15:27:56,480 - Iter 27770: obj=-900.883685, change=1.31e-05, α=0.000, ‖θ[1:]‖₁=92.811, h_range=[1.00e-08, 1.17e+01], num_knots=1820
2025-09-01 15:27:56,631 - Iter 27780: obj=-900.889110, change=1.31e-05, α=0.000, ‖θ[1:]‖₁=92.812, h_range=[1.00e-08, 1.17e+01], num_knots=1818
2025-09-01 15:27:56,749 - Iter 27790: obj=-900.894505, change=1.31e-05, α=0.000, ‖θ[1:]‖₁=92.812, h_range=[1.00e-08, 1.17e+01], num_knots=1818
2025-09-01 15:27:56,877 - Iter 27800: obj=-900.899899, change=1.31e-05, α=0.000, ‖θ[1:]‖₁=92.813, h_range=[1.00e-08, 1.17e+01], num_knots=1818
2025-09-01 15:27:56,992 - Iter 27810: obj=-900.905291, change=1.31e-05, α=0.000, ‖θ[1:]‖₁=92.813, h_range=[1.00e-08, 1.17e+01], num_knots=1818
2025-09-01 15:27:57,091 - Iter 27820: obj=-900.910682, change=1.31e-05, α=0.000, ‖θ[1:]‖₁=92.814, h_range=[1.00e-08, 1.17e+01], num_knots=1818
2025-09-01 15:27:57,195 - Iter 27830: obj=-900.916071, change=1.31e-05, α=0.000, ‖θ[1:]‖₁=92.814, h_range=[1.00e-08, 1.17e+01], num_knots=1818
2025-09-01 15:27:57,310 - Iter 27840: obj=-900.921458, change=1.31e-05, α=0.000, ‖θ[1:]‖₁=92.815, h_range=[1.00e-08, 1.17e+01], num_knots=1818
2025-09-01 15:27:57,449 - Iter 27850: obj=-900.926844, change=1.31e-05, α=0.000, ‖θ[1:]‖₁=92.815, h_range=[1.00e-08, 1.17e+01], num_knots=1818
2025-09-01 15:27:57,573 - Iter 27860: obj=-900.932229, change=1.31e-05, α=0.000, ‖θ[1:]‖₁=92.816, h_range=[1.00e-08, 1.17e+01], num_knots=1818
2025-09-01 15:27:57,707 - Iter 27870: obj=-900.937612, change=1.31e-05, α=0.000, ‖θ[1:]‖₁=92.816, h_range=[1.00e-08, 1.17e+01], num_knots=1818
2025-09-01 15:27:57,819 - Iter 27880: obj=-900.942994, change=1.31e-05, α=0.000, ‖θ[1:]‖₁=92.817, h_range=[1.00e-08, 1.17e+01], num_knots=1818
2025-09-01 15:27:57,929 - Iter 27890: obj=-900.948374, change=1.31e-05, α=0.000, ‖θ[1:]‖₁=92.817, h_range=[1.00e-08, 1.17e+01], num_knots=1818
2025-09-01 15:27:58,033 - Iter 27900: obj=-900.953753, change=1.31e-05, α=0.000, ‖θ[1:]‖₁=92.817, h_range=[1.00e-08, 1.17e+01], num_knots=1818
2025-09-01 15:27:58,152 - Iter 27910: obj=-900.959130, change=1.31e-05, α=0.000, ‖θ[1:]‖₁=92.818, h_range=[1.00e-08, 1.17e+01], num_knots=1818
2025-09-01 15:27:58,258 - Iter 27920: obj=-900.964506, change=1.30e-05, α=0.000, ‖θ[1:]‖₁=92.818, h_range=[1.00e-08, 1.17e+01], num_knots=1818
2025-09-01 15:27:58,395 - Iter 27930: obj=-900.969880, change=1.30e-05, α=0.000, ‖θ[1:]‖₁=92.819, h_range=[1.00e-08, 1.17e+01], num_knots=1818
2025-09-01 15:27:58,507 - Iter 27940: obj=-900.975253, change=1.30e-05, α=0.000, ‖θ[1:]‖₁=92.819, h_range=[1.00e-08, 1.17e+01], num_knots=1818
2025-09-01 15:27:58,611 - Iter 27950: obj=-900.980625, change=1.30e-05, α=0.000, ‖θ[1:]‖₁=92.820, h_range=[1.00e-08, 1.17e+01], num_knots=1818
2025-09-01 15:27:58,725 - Iter 27960: obj=-900.985994, change=1.30e-05, α=0.000, ‖θ[1:]‖₁=92.820, h_range=[1.00e-08, 1.17e+01], num_knots=1817
2025-09-01 15:27:58,840 - Iter 27970: obj=-900.991361, change=1.30e-05, α=0.000, ‖θ[1:]‖₁=92.821, h_range=[1.00e-08, 1.17e+01], num_knots=1817
2025-09-01 15:27:58,950 - Iter 27980: obj=-900.996719, change=1.30e-05, α=0.000, ‖θ[1:]‖₁=92.821, h_range=[1.00e-08, 1.17e+01], num_knots=1816
2025-09-01 15:27:59,064 - Iter 27990: obj=-901.002072, change=1.30e-05, α=0.000, ‖θ[1:]‖₁=92.822, h_range=[1.00e-08, 1.17e+01], num_knots=1816
2025-09-01 15:27:59,173 - Iter 28000: obj=-901.007423, change=1.30e-05, α=0.000, ‖θ[1:]‖₁=92.822, h_range=[1.00e-08, 1.17e+01], num_knots=1816
2025-09-01 15:27:59,287 - Iter 28010: obj=-901.012772, change=1.30e-05, α=0.000, ‖θ[1:]‖₁=92.822, h_range=[1.00e-08, 1.17e+01], num_knots=1816
2025-09-01 15:27:59,395 - Iter 28020: obj=-901.018119, change=1.30e-05, α=0.000, ‖θ[1:]‖₁=92.823, h_range=[1.00e-08, 1.17e+01], num_knots=1815
2025-09-01 15:27:59,493 - Iter 28030: obj=-901.023455, change=1.30e-05, α=0.000, ‖θ[1:]‖₁=92.823, h_range=[1.00e-08, 1.17e+01], num_knots=1815
2025-09-01 15:27:59,598 - Iter 28040: obj=-901.028789, change=1.30e-05, α=0.000, ‖θ[1:]‖₁=92.824, h_range=[1.00e-08, 1.17e+01], num_knots=1815
2025-09-01 15:27:59,710 - Iter 28050: obj=-901.034122, change=1.30e-05, α=0.000, ‖θ[1:]‖₁=92.824, h_range=[1.00e-08, 1.17e+01], num_knots=1815
2025-09-01 15:27:59,827 - Iter 28060: obj=-901.039453, change=1.30e-05, α=0.000, ‖θ[1:]‖₁=92.825, h_range=[1.00e-08, 1.17e+01], num_knots=1814
2025-09-01 15:27:59,945 - Iter 28070: obj=-901.044782, change=1.30e-05, α=0.000, ‖θ[1:]‖₁=92.825, h_range=[1.00e-08, 1.17e+01], num_knots=1814
2025-09-01 15:28:00,060 - Iter 28080: obj=-901.050109, change=1.30e-05, α=0.000, ‖θ[1:]‖₁=92.826, h_range=[1.00e-08, 1.17e+01], num_knots=1814
2025-09-01 15:28:00,183 - Iter 28090: obj=-901.055435, change=1.30e-05, α=0.000, ‖θ[1:]‖₁=92.826, h_range=[1.00e-08, 1.17e+01], num_knots=1814
2025-09-01 15:28:00,294 - Iter 28100: obj=-901.060760, change=1.30e-05, α=0.000, ‖θ[1:]‖₁=92.827, h_range=[1.00e-08, 1.17e+01], num_knots=1814
2025-09-01 15:28:00,418 - Iter 28110: obj=-901.066083, change=1.30e-05, α=0.000, ‖θ[1:]‖₁=92.827, h_range=[1.00e-08, 1.17e+01], num_knots=1814
2025-09-01 15:28:00,541 - Iter 28120: obj=-901.071405, change=1.30e-05, α=0.000, ‖θ[1:]‖₁=92.828, h_range=[1.00e-08, 1.17e+01], num_knots=1814
2025-09-01 15:28:00,634 - Iter 28130: obj=-901.076715, change=1.30e-05, α=0.000, ‖θ[1:]‖₁=92.828, h_range=[1.00e-08, 1.17e+01], num_knots=1813
2025-09-01 15:28:00,750 - Iter 28140: obj=-901.082023, change=1.30e-05, α=0.000, ‖θ[1:]‖₁=92.829, h_range=[1.00e-08, 1.17e+01], num_knots=1813
2025-09-01 15:28:00,857 - Iter 28150: obj=-901.087330, change=1.30e-05, α=0.000, ‖θ[1:]‖₁=92.829, h_range=[1.00e-08, 1.17e+01], num_knots=1812
2025-09-01 15:28:00,962 - Iter 28160: obj=-901.092634, change=1.30e-05, α=0.000, ‖θ[1:]‖₁=92.830, h_range=[1.00e-08, 1.17e+01], num_knots=1812
2025-09-01 15:28:01,041 - Iter 28170: obj=-901.097936, change=1.30e-05, α=0.000, ‖θ[1:]‖₁=92.830, h_range=[1.00e-08, 1.17e+01], num_knots=1812
2025-09-01 15:28:01,137 - Iter 28180: obj=-901.103237, change=1.30e-05, α=0.000, ‖θ[1:]‖₁=92.831, h_range=[1.00e-08, 1.17e+01], num_knots=1812
2025-09-01 15:28:01,245 - Iter 28190: obj=-901.108537, change=1.30e-05, α=0.000, ‖θ[1:]‖₁=92.831, h_range=[1.00e-08, 1.17e+01], num_knots=1812
2025-09-01 15:28:01,364 - Iter 28200: obj=-901.113835, change=1.30e-05, α=0.000, ‖θ[1:]‖₁=92.832, h_range=[1.00e-08, 1.17e+01], num_knots=1812
2025-09-01 15:28:01,476 - Iter 28210: obj=-901.119132, change=1.30e-05, α=0.000, ‖θ[1:]‖₁=92.832, h_range=[1.00e-08, 1.17e+01], num_knots=1812
2025-09-01 15:28:01,585 - Iter 28220: obj=-901.124428, change=1.30e-05, α=0.000, ‖θ[1:]‖₁=92.833, h_range=[1.00e-08, 1.17e+01], num_knots=1812
2025-09-01 15:28:01,695 - Iter 28230: obj=-901.129722, change=1.30e-05, α=0.000, ‖θ[1:]‖₁=92.833, h_range=[1.00e-08, 1.17e+01], num_knots=1812
2025-09-01 15:28:01,817 - Iter 28240: obj=-901.135014, change=1.30e-05, α=0.000, ‖θ[1:]‖₁=92.834, h_range=[1.00e-08, 1.17e+01], num_knots=1812
2025-09-01 15:28:01,915 - Iter 28250: obj=-901.140305, change=1.30e-05, α=0.000, ‖θ[1:]‖₁=92.834, h_range=[1.00e-08, 1.17e+01], num_knots=1812
2025-09-01 15:28:02,022 - Iter 28260: obj=-901.145595, change=1.30e-05, α=0.000, ‖θ[1:]‖₁=92.835, h_range=[1.00e-08, 1.17e+01], num_knots=1812
2025-09-01 15:28:02,114 - Iter 28270: obj=-901.150883, change=1.30e-05, α=0.000, ‖θ[1:]‖₁=92.835, h_range=[1.00e-08, 1.17e+01], num_knots=1812
2025-09-01 15:28:02,237 - Iter 28280: obj=-901.156170, change=1.30e-05, α=0.000, ‖θ[1:]‖₁=92.836, h_range=[1.00e-08, 1.17e+01], num_knots=1812
2025-09-01 15:28:02,363 - Iter 28290: obj=-901.161456, change=1.30e-05, α=0.000, ‖θ[1:]‖₁=92.836, h_range=[1.00e-08, 1.17e+01], num_knots=1812
2025-09-01 15:28:02,472 - Iter 28300: obj=-901.166740, change=1.30e-05, α=0.000, ‖θ[1:]‖₁=92.837, h_range=[1.00e-08, 1.17e+01], num_knots=1812
2025-09-01 15:28:02,583 - Iter 28310: obj=-901.172022, change=1.30e-05, α=0.000, ‖θ[1:]‖₁=92.837, h_range=[1.00e-08, 1.17e+01], num_knots=1812
2025-09-01 15:28:02,677 - Iter 28320: obj=-901.177304, change=1.30e-05, α=0.000, ‖θ[1:]‖₁=92.838, h_range=[1.00e-08, 1.17e+01], num_knots=1812
2025-09-01 15:28:02,803 - Iter 28330: obj=-901.182583, change=1.30e-05, α=0.000, ‖θ[1:]‖₁=92.838, h_range=[1.00e-08, 1.17e+01], num_knots=1812
2025-09-01 15:28:02,912 - Iter 28340: obj=-901.187862, change=1.30e-05, α=0.000, ‖θ[1:]‖₁=92.838, h_range=[1.00e-08, 1.17e+01], num_knots=1812
2025-09-01 15:28:03,011 - Iter 28350: obj=-901.193139, change=1.30e-05, α=0.000, ‖θ[1:]‖₁=92.839, h_range=[1.00e-08, 1.17e+01], num_knots=1812
2025-09-01 15:28:03,123 - Iter 28360: obj=-901.198414, change=1.30e-05, α=0.000, ‖θ[1:]‖₁=92.839, h_range=[1.00e-08, 1.17e+01], num_knots=1812
2025-09-01 15:28:03,210 - Iter 28370: obj=-901.203689, change=1.30e-05, α=0.000, ‖θ[1:]‖₁=92.840, h_range=[1.00e-08, 1.17e+01], num_knots=1812
2025-09-01 15:28:03,308 - Iter 28380: obj=-901.208961, change=1.30e-05, α=0.000, ‖θ[1:]‖₁=92.840, h_range=[1.00e-08, 1.17e+01], num_knots=1812
2025-09-01 15:28:03,421 - Iter 28390: obj=-901.214233, change=1.30e-05, α=0.000, ‖θ[1:]‖₁=92.841, h_range=[1.00e-08, 1.17e+01], num_knots=1812
2025-09-01 15:28:03,544 - Iter 28400: obj=-901.219503, change=1.30e-05, α=0.000, ‖θ[1:]‖₁=92.841, h_range=[1.00e-08, 1.17e+01], num_knots=1812
2025-09-01 15:28:03,635 - Iter 28410: obj=-901.224771, change=1.30e-05, α=0.000, ‖θ[1:]‖₁=92.842, h_range=[1.00e-08, 1.17e+01], num_knots=1812
2025-09-01 15:28:03,754 - Iter 28420: obj=-901.230039, change=1.30e-05, α=0.000, ‖θ[1:]‖₁=92.842, h_range=[1.00e-08, 1.17e+01], num_knots=1812
2025-09-01 15:28:03,848 - Iter 28430: obj=-901.235304, change=1.30e-05, α=0.000, ‖θ[1:]‖₁=92.842, h_range=[1.00e-08, 1.17e+01], num_knots=1812
2025-09-01 15:28:03,949 - Iter 28440: obj=-901.240569, change=1.30e-05, α=0.000, ‖θ[1:]‖₁=92.843, h_range=[1.00e-08, 1.17e+01], num_knots=1812
2025-09-01 15:28:04,063 - Iter 28450: obj=-901.245832, change=1.29e-05, α=0.000, ‖θ[1:]‖₁=92.843, h_range=[1.00e-08, 1.17e+01], num_knots=1812
2025-09-01 15:28:04,172 - Iter 28460: obj=-901.251093, change=1.29e-05, α=0.000, ‖θ[1:]‖₁=92.844, h_range=[1.00e-08, 1.17e+01], num_knots=1812
2025-09-01 15:28:04,267 - Iter 28470: obj=-901.256354, change=1.29e-05, α=0.000, ‖θ[1:]‖₁=92.844, h_range=[1.00e-08, 1.17e+01], num_knots=1812
2025-09-01 15:28:04,374 - Iter 28480: obj=-901.261612, change=1.29e-05, α=0.000, ‖θ[1:]‖₁=92.845, h_range=[1.00e-08, 1.17e+01], num_knots=1812
2025-09-01 15:28:04,476 - Iter 28490: obj=-901.266870, change=1.29e-05, α=0.000, ‖θ[1:]‖₁=92.845, h_range=[1.00e-08, 1.17e+01], num_knots=1812
2025-09-01 15:28:04,593 - Iter 28500: obj=-901.272126, change=1.29e-05, α=0.000, ‖θ[1:]‖₁=92.845, h_range=[1.00e-08, 1.17e+01], num_knots=1812
2025-09-01 15:28:04,722 - Iter 28510: obj=-901.277381, change=1.29e-05, α=0.000, ‖θ[1:]‖₁=92.846, h_range=[1.00e-08, 1.17e+01], num_knots=1812
2025-09-01 15:28:04,847 - Iter 28520: obj=-901.282618, change=1.29e-05, α=0.000, ‖θ[1:]‖₁=92.846, h_range=[1.00e-08, 1.17e+01], num_knots=1810
2025-09-01 15:28:04,949 - Iter 28530: obj=-901.287848, change=1.29e-05, α=0.000, ‖θ[1:]‖₁=92.847, h_range=[1.00e-08, 1.17e+01], num_knots=1810
2025-09-01 15:28:05,081 - Iter 28540: obj=-901.293076, change=1.29e-05, α=0.000, ‖θ[1:]‖₁=92.847, h_range=[1.00e-08, 1.17e+01], num_knots=1810
2025-09-01 15:28:05,214 - Iter 28550: obj=-901.298303, change=1.29e-05, α=0.000, ‖θ[1:]‖₁=92.848, h_range=[1.00e-08, 1.17e+01], num_knots=1810
2025-09-01 15:28:05,335 - Iter 28560: obj=-901.303528, change=1.29e-05, α=0.000, ‖θ[1:]‖₁=92.848, h_range=[1.00e-08, 1.17e+01], num_knots=1810
2025-09-01 15:28:05,443 - Iter 28570: obj=-901.308752, change=1.29e-05, α=0.000, ‖θ[1:]‖₁=92.849, h_range=[1.00e-08, 1.17e+01], num_knots=1810
2025-09-01 15:28:05,550 - Iter 28580: obj=-901.313975, change=1.29e-05, α=0.000, ‖θ[1:]‖₁=92.849, h_range=[1.00e-08, 1.17e+01], num_knots=1810
2025-09-01 15:28:05,672 - Iter 28590: obj=-901.319196, change=1.29e-05, α=0.000, ‖θ[1:]‖₁=92.850, h_range=[1.00e-08, 1.17e+01], num_knots=1810
2025-09-01 15:28:05,798 - Iter 28600: obj=-901.324416, change=1.29e-05, α=0.000, ‖θ[1:]‖₁=92.850, h_range=[1.00e-08, 1.17e+01], num_knots=1810
2025-09-01 15:28:05,909 - Iter 28610: obj=-901.329635, change=1.29e-05, α=0.000, ‖θ[1:]‖₁=92.850, h_range=[1.00e-08, 1.17e+01], num_knots=1810
2025-09-01 15:28:06,015 - Iter 28620: obj=-901.334852, change=1.29e-05, α=0.000, ‖θ[1:]‖₁=92.851, h_range=[1.00e-08, 1.17e+01], num_knots=1810
2025-09-01 15:28:06,137 - Iter 28630: obj=-901.340062, change=1.29e-05, α=0.000, ‖θ[1:]‖₁=92.851, h_range=[1.00e-08, 1.17e+01], num_knots=1809
2025-09-01 15:28:06,259 - Iter 28640: obj=-901.345264, change=1.29e-05, α=0.000, ‖θ[1:]‖₁=92.852, h_range=[1.00e-08, 1.17e+01], num_knots=1809
2025-09-01 15:28:06,390 - Iter 28650: obj=-901.350466, change=1.29e-05, α=0.000, ‖θ[1:]‖₁=92.852, h_range=[1.00e-08, 1.17e+01], num_knots=1809
2025-09-01 15:28:06,532 - Iter 28660: obj=-901.355665, change=1.29e-05, α=0.000, ‖θ[1:]‖₁=92.853, h_range=[1.00e-08, 1.17e+01], num_knots=1808
2025-09-01 15:28:06,642 - Iter 28670: obj=-901.360853, change=1.29e-05, α=0.000, ‖θ[1:]‖₁=92.853, h_range=[1.00e-08, 1.17e+01], num_knots=1808
2025-09-01 15:28:06,757 - Iter 28680: obj=-901.366039, change=1.29e-05, α=0.000, ‖θ[1:]‖₁=92.854, h_range=[1.00e-08, 1.17e+01], num_knots=1808
2025-09-01 15:28:06,930 - Iter 28690: obj=-901.371225, change=1.29e-05, α=0.000, ‖θ[1:]‖₁=92.854, h_range=[1.00e-08, 1.17e+01], num_knots=1808
2025-09-01 15:28:07,043 - Iter 28700: obj=-901.376408, change=1.29e-05, α=0.000, ‖θ[1:]‖₁=92.855, h_range=[1.00e-08, 1.17e+01], num_knots=1808
2025-09-01 15:28:07,169 - Iter 28710: obj=-901.381591, change=1.29e-05, α=0.000, ‖θ[1:]‖₁=92.855, h_range=[1.00e-08, 1.17e+01], num_knots=1808
2025-09-01 15:28:07,276 - Iter 28720: obj=-901.386772, change=1.29e-05, α=0.000, ‖θ[1:]‖₁=92.856, h_range=[1.00e-08, 1.17e+01], num_knots=1808
2025-09-01 15:28:07,400 - Iter 28730: obj=-901.391952, change=1.29e-05, α=0.000, ‖θ[1:]‖₁=92.856, h_range=[1.00e-08, 1.17e+01], num_knots=1808
2025-09-01 15:28:07,492 - Iter 28740: obj=-901.397130, change=1.29e-05, α=0.000, ‖θ[1:]‖₁=92.857, h_range=[1.00e-08, 1.17e+01], num_knots=1808
2025-09-01 15:28:07,601 - Iter 28750: obj=-901.402307, change=1.29e-05, α=0.000, ‖θ[1:]‖₁=92.857, h_range=[1.00e-08, 1.17e+01], num_knots=1808
2025-09-01 15:28:07,725 - Iter 28760: obj=-901.407482, change=1.29e-05, α=0.000, ‖θ[1:]‖₁=92.858, h_range=[1.00e-08, 1.17e+01], num_knots=1808
2025-09-01 15:28:07,833 - Iter 28770: obj=-901.412657, change=1.29e-05, α=0.000, ‖θ[1:]‖₁=92.858, h_range=[1.00e-08, 1.17e+01], num_knots=1808
2025-09-01 15:28:07,954 - Iter 28780: obj=-901.417830, change=1.29e-05, α=0.000, ‖θ[1:]‖₁=92.859, h_range=[1.00e-08, 1.17e+01], num_knots=1808
2025-09-01 15:28:08,060 - Iter 28790: obj=-901.423001, change=1.29e-05, α=0.000, ‖θ[1:]‖₁=92.859, h_range=[1.00e-08, 1.17e+01], num_knots=1808
2025-09-01 15:28:08,168 - Iter 28800: obj=-901.428171, change=1.29e-05, α=0.000, ‖θ[1:]‖₁=92.860, h_range=[1.00e-08, 1.17e+01], num_knots=1808
2025-09-01 15:28:08,277 - Iter 28810: obj=-901.433339, change=1.29e-05, α=0.000, ‖θ[1:]‖₁=92.860, h_range=[1.00e-08, 1.17e+01], num_knots=1806
2025-09-01 15:28:08,383 - Iter 28820: obj=-901.438491, change=1.29e-05, α=0.000, ‖θ[1:]‖₁=92.861, h_range=[1.00e-08, 1.17e+01], num_knots=1806
2025-09-01 15:28:08,526 - Iter 28830: obj=-901.443642, change=1.29e-05, α=0.000, ‖θ[1:]‖₁=92.861, h_range=[1.00e-08, 1.17e+01], num_knots=1806
2025-09-01 15:28:08,645 - Iter 28840: obj=-901.448792, change=1.29e-05, α=0.000, ‖θ[1:]‖₁=92.862, h_range=[1.00e-08, 1.17e+01], num_knots=1806
2025-09-01 15:28:08,760 - Iter 28850: obj=-901.453940, change=1.29e-05, α=0.000, ‖θ[1:]‖₁=92.862, h_range=[1.00e-08, 1.17e+01], num_knots=1806
2025-09-01 15:28:08,885 - Iter 28860: obj=-901.459087, change=1.29e-05, α=0.000, ‖θ[1:]‖₁=92.863, h_range=[1.00e-08, 1.17e+01], num_knots=1806
2025-09-01 15:28:09,008 - Iter 28870: obj=-901.464232, change=1.29e-05, α=0.000, ‖θ[1:]‖₁=92.863, h_range=[1.00e-08, 1.17e+01], num_knots=1806
2025-09-01 15:28:09,126 - Iter 28880: obj=-901.469376, change=1.29e-05, α=0.000, ‖θ[1:]‖₁=92.864, h_range=[1.00e-08, 1.17e+01], num_knots=1806
2025-09-01 15:28:09,258 - Iter 28890: obj=-901.474519, change=1.29e-05, α=0.000, ‖θ[1:]‖₁=92.864, h_range=[1.00e-08, 1.17e+01], num_knots=1806
2025-09-01 15:28:09,421 - Iter 28900: obj=-901.479661, change=1.29e-05, α=0.000, ‖θ[1:]‖₁=92.865, h_range=[1.00e-08, 1.17e+01], num_knots=1806
2025-09-01 15:28:09,550 - Iter 28910: obj=-901.484801, change=1.29e-05, α=0.000, ‖θ[1:]‖₁=92.865, h_range=[1.00e-08, 1.17e+01], num_knots=1806
2025-09-01 15:28:09,654 - Iter 28920: obj=-901.489939, change=1.29e-05, α=0.000, ‖θ[1:]‖₁=92.866, h_range=[1.00e-08, 1.17e+01], num_knots=1806
2025-09-01 15:28:09,761 - Iter 28930: obj=-901.495077, change=1.29e-05, α=0.000, ‖θ[1:]‖₁=92.866, h_range=[1.00e-08, 1.17e+01], num_knots=1806
2025-09-01 15:28:09,908 - Iter 28940: obj=-901.500213, change=1.29e-05, α=0.000, ‖θ[1:]‖₁=92.867, h_range=[1.00e-08, 1.17e+01], num_knots=1806
2025-09-01 15:28:10,040 - Iter 28950: obj=-901.505348, change=1.29e-05, α=0.000, ‖θ[1:]‖₁=92.867, h_range=[1.00e-08, 1.17e+01], num_knots=1806
2025-09-01 15:28:10,216 - Iter 28960: obj=-901.510481, change=1.29e-05, α=0.000, ‖θ[1:]‖₁=92.868, h_range=[1.00e-08, 1.17e+01], num_knots=1806
2025-09-01 15:28:10,341 - Iter 28970: obj=-901.515613, change=1.29e-05, α=0.000, ‖θ[1:]‖₁=92.868, h_range=[1.00e-08, 1.17e+01], num_knots=1806
2025-09-01 15:28:10,435 - Iter 28980: obj=-901.520744, change=1.29e-05, α=0.000, ‖θ[1:]‖₁=92.869, h_range=[1.00e-08, 1.17e+01], num_knots=1806
2025-09-01 15:28:10,540 - Iter 28990: obj=-901.525873, change=1.29e-05, α=0.000, ‖θ[1:]‖₁=92.869, h_range=[1.00e-08, 1.17e+01], num_knots=1806
2025-09-01 15:28:10,665 - Iter 29000: obj=-901.531001, change=1.29e-05, α=0.000, ‖θ[1:]‖₁=92.870, h_range=[1.00e-08, 1.17e+01], num_knots=1806
2025-09-01 15:28:10,758 - Iter 29010: obj=-901.536128, change=1.29e-05, α=0.000, ‖θ[1:]‖₁=92.870, h_range=[1.00e-08, 1.17e+01], num_knots=1806
2025-09-01 15:28:10,877 - Iter 29020: obj=-901.541253, change=1.28e-05, α=0.000, ‖θ[1:]‖₁=92.871, h_range=[1.00e-08, 1.17e+01], num_knots=1806
2025-09-01 15:28:10,964 - Iter 29030: obj=-901.546377, change=1.28e-05, α=0.000, ‖θ[1:]‖₁=92.871, h_range=[1.00e-08, 1.17e+01], num_knots=1806
2025-09-01 15:28:11,089 - Iter 29040: obj=-901.551500, change=1.28e-05, α=0.000, ‖θ[1:]‖₁=92.871, h_range=[1.00e-08, 1.17e+01], num_knots=1806
2025-09-01 15:28:11,219 - Iter 29050: obj=-901.556622, change=1.28e-05, α=0.000, ‖θ[1:]‖₁=92.872, h_range=[1.00e-08, 1.17e+01], num_knots=1806
2025-09-01 15:28:11,326 - Iter 29060: obj=-901.561742, change=1.28e-05, α=0.000, ‖θ[1:]‖₁=92.872, h_range=[1.00e-08, 1.17e+01], num_knots=1806
2025-09-01 15:28:11,456 - Iter 29070: obj=-901.566861, change=1.28e-05, α=0.000, ‖θ[1:]‖₁=92.873, h_range=[1.00e-08, 1.17e+01], num_knots=1806
2025-09-01 15:28:11,582 - Iter 29080: obj=-901.571978, change=1.28e-05, α=0.000, ‖θ[1:]‖₁=92.873, h_range=[1.00e-08, 1.17e+01], num_knots=1806
2025-09-01 15:28:11,697 - Iter 29090: obj=-901.577094, change=1.28e-05, α=0.000, ‖θ[1:]‖₁=92.874, h_range=[1.00e-08, 1.17e+01], num_knots=1806
2025-09-01 15:28:11,828 - Iter 29100: obj=-901.582209, change=1.28e-05, α=0.000, ‖θ[1:]‖₁=92.874, h_range=[1.00e-08, 1.17e+01], num_knots=1806
2025-09-01 15:28:11,948 - Iter 29110: obj=-901.587323, change=1.28e-05, α=0.000, ‖θ[1:]‖₁=92.875, h_range=[1.00e-08, 1.17e+01], num_knots=1806
2025-09-01 15:28:12,065 - Iter 29120: obj=-901.592435, change=1.28e-05, α=0.000, ‖θ[1:]‖₁=92.875, h_range=[1.00e-08, 1.17e+01], num_knots=1806
2025-09-01 15:28:12,180 - Iter 29130: obj=-901.597546, change=1.28e-05, α=0.000, ‖θ[1:]‖₁=92.876, h_range=[1.00e-08, 1.17e+01], num_knots=1806
2025-09-01 15:28:12,294 - Iter 29140: obj=-901.602656, change=1.28e-05, α=0.000, ‖θ[1:]‖₁=92.876, h_range=[1.00e-08, 1.17e+01], num_knots=1806
2025-09-01 15:28:12,437 - Iter 29150: obj=-901.607764, change=1.28e-05, α=0.000, ‖θ[1:]‖₁=92.876, h_range=[1.00e-08, 1.17e+01], num_knots=1806
2025-09-01 15:28:12,552 - Iter 29160: obj=-901.612871, change=1.28e-05, α=0.000, ‖θ[1:]‖₁=92.877, h_range=[1.00e-08, 1.17e+01], num_knots=1806
2025-09-01 15:28:12,663 - Iter 29170: obj=-901.617977, change=1.28e-05, α=0.000, ‖θ[1:]‖₁=92.877, h_range=[1.00e-08, 1.17e+01], num_knots=1806
2025-09-01 15:28:12,768 - Iter 29180: obj=-901.623081, change=1.28e-05, α=0.000, ‖θ[1:]‖₁=92.878, h_range=[1.00e-08, 1.17e+01], num_knots=1806
2025-09-01 15:28:12,886 - Iter 29190: obj=-901.628184, change=1.28e-05, α=0.000, ‖θ[1:]‖₁=92.878, h_range=[1.00e-08, 1.17e+01], num_knots=1806
2025-09-01 15:28:12,990 - Iter 29200: obj=-901.633286, change=1.28e-05, α=0.000, ‖θ[1:]‖₁=92.879, h_range=[1.00e-08, 1.17e+01], num_knots=1806
2025-09-01 15:28:13,128 - Iter 29210: obj=-901.638386, change=1.28e-05, α=0.000, ‖θ[1:]‖₁=92.879, h_range=[1.00e-08, 1.17e+01], num_knots=1806
2025-09-01 15:28:13,246 - Iter 29220: obj=-901.643486, change=1.28e-05, α=0.000, ‖θ[1:]‖₁=92.879, h_range=[1.00e-08, 1.17e+01], num_knots=1806
2025-09-01 15:28:13,359 - Iter 29230: obj=-901.648584, change=1.28e-05, α=0.000, ‖θ[1:]‖₁=92.880, h_range=[1.00e-08, 1.17e+01], num_knots=1806
2025-09-01 15:28:13,478 - Iter 29240: obj=-901.653680, change=1.28e-05, α=0.000, ‖θ[1:]‖₁=92.880, h_range=[1.00e-08, 1.17e+01], num_knots=1806
2025-09-01 15:28:13,612 - Iter 29250: obj=-901.658776, change=1.28e-05, α=0.000, ‖θ[1:]‖₁=92.881, h_range=[1.00e-08, 1.17e+01], num_knots=1806
2025-09-01 15:28:13,724 - Iter 29260: obj=-901.663870, change=1.28e-05, α=0.000, ‖θ[1:]‖₁=92.881, h_range=[1.00e-08, 1.17e+01], num_knots=1806
2025-09-01 15:28:13,861 - Iter 29270: obj=-901.668962, change=1.28e-05, α=0.000, ‖θ[1:]‖₁=92.881, h_range=[1.00e-08, 1.17e+01], num_knots=1806
2025-09-01 15:28:13,970 - Iter 29280: obj=-901.674054, change=1.28e-05, α=0.000, ‖θ[1:]‖₁=92.882, h_range=[1.00e-08, 1.17e+01], num_knots=1806
2025-09-01 15:28:14,080 - Iter 29290: obj=-901.679144, change=1.28e-05, α=0.000, ‖θ[1:]‖₁=92.882, h_range=[1.00e-08, 1.17e+01], num_knots=1806
2025-09-01 15:28:14,214 - Iter 29300: obj=-901.684233, change=1.28e-05, α=0.000, ‖θ[1:]‖₁=92.883, h_range=[1.00e-08, 1.17e+01], num_knots=1806
2025-09-01 15:28:14,348 - Iter 29310: obj=-901.689321, change=1.28e-05, α=0.000, ‖θ[1:]‖₁=92.883, h_range=[1.00e-08, 1.17e+01], num_knots=1806
2025-09-01 15:28:14,471 - Iter 29320: obj=-901.694407, change=1.28e-05, α=0.000, ‖θ[1:]‖₁=92.883, h_range=[1.00e-08, 1.17e+01], num_knots=1806
2025-09-01 15:28:14,680 - Iter 29330: obj=-901.699492, change=1.28e-05, α=0.000, ‖θ[1:]‖₁=92.884, h_range=[1.00e-08, 1.17e+01], num_knots=1806
2025-09-01 15:28:14,808 - Iter 29340: obj=-901.704576, change=1.28e-05, α=0.000, ‖θ[1:]‖₁=92.884, h_range=[1.00e-08, 1.17e+01], num_knots=1806
2025-09-01 15:28:14,922 - Iter 29350: obj=-901.709658, change=1.28e-05, α=0.000, ‖θ[1:]‖₁=92.885, h_range=[1.00e-08, 1.17e+01], num_knots=1806
2025-09-01 15:28:15,042 - Iter 29360: obj=-901.714739, change=1.28e-05, α=0.000, ‖θ[1:]‖₁=92.885, h_range=[1.00e-08, 1.17e+01], num_knots=1806
2025-09-01 15:28:15,183 - Iter 29370: obj=-901.719819, change=1.28e-05, α=0.000, ‖θ[1:]‖₁=92.885, h_range=[1.00e-08, 1.17e+01], num_knots=1806
2025-09-01 15:28:15,298 - Iter 29380: obj=-901.724898, change=1.28e-05, α=0.000, ‖θ[1:]‖₁=92.886, h_range=[1.00e-08, 1.17e+01], num_knots=1806
2025-09-01 15:28:15,407 - Iter 29390: obj=-901.729975, change=1.28e-05, α=0.000, ‖θ[1:]‖₁=92.886, h_range=[1.00e-08, 1.17e+01], num_knots=1806
2025-09-01 15:28:15,505 - Iter 29400: obj=-901.735052, change=1.28e-05, α=0.000, ‖θ[1:]‖₁=92.887, h_range=[1.00e-08, 1.17e+01], num_knots=1806
2025-09-01 15:28:15,610 - Iter 29410: obj=-901.740126, change=1.28e-05, α=0.000, ‖θ[1:]‖₁=92.887, h_range=[1.00e-08, 1.17e+01], num_knots=1806
2025-09-01 15:28:15,710 - Iter 29420: obj=-901.745200, change=1.28e-05, α=0.000, ‖θ[1:]‖₁=92.887, h_range=[1.00e-08, 1.17e+01], num_knots=1806
2025-09-01 15:28:15,875 - Iter 29430: obj=-901.750272, change=1.28e-05, α=0.000, ‖θ[1:]‖₁=92.888, h_range=[1.00e-08, 1.17e+01], num_knots=1806
2025-09-01 15:28:15,987 - Iter 29440: obj=-901.755343, change=1.28e-05, α=0.000, ‖θ[1:]‖₁=92.888, h_range=[1.00e-08, 1.17e+01], num_knots=1806
2025-09-01 15:28:16,083 - Iter 29450: obj=-901.760413, change=1.28e-05, α=0.000, ‖θ[1:]‖₁=92.888, h_range=[1.00e-08, 1.17e+01], num_knots=1806
2025-09-01 15:28:16,227 - Iter 29460: obj=-901.765482, change=1.28e-05, α=0.000, ‖θ[1:]‖₁=92.889, h_range=[1.00e-08, 1.17e+01], num_knots=1806
2025-09-01 15:28:16,336 - Iter 29470: obj=-901.770549, change=1.28e-05, α=0.000, ‖θ[1:]‖₁=92.889, h_range=[1.00e-08, 1.17e+01], num_knots=1806
2025-09-01 15:28:16,448 - Iter 29480: obj=-901.775615, change=1.28e-05, α=0.000, ‖θ[1:]‖₁=92.889, h_range=[1.00e-08, 1.17e+01], num_knots=1806
2025-09-01 15:28:16,545 - Iter 29490: obj=-901.780680, change=1.28e-05, α=0.000, ‖θ[1:]‖₁=92.890, h_range=[1.00e-08, 1.17e+01], num_knots=1806
2025-09-01 15:28:16,660 - Iter 29500: obj=-901.785743, change=1.28e-05, α=0.000, ‖θ[1:]‖₁=92.890, h_range=[1.00e-08, 1.17e+01], num_knots=1806
2025-09-01 15:28:16,779 - Iter 29510: obj=-901.790805, change=1.28e-05, α=0.000, ‖θ[1:]‖₁=92.890, h_range=[1.00e-08, 1.17e+01], num_knots=1806
2025-09-01 15:28:16,884 - Iter 29520: obj=-901.795866, change=1.28e-05, α=0.000, ‖θ[1:]‖₁=92.891, h_range=[1.00e-08, 1.17e+01], num_knots=1806
2025-09-01 15:28:16,984 - Iter 29530: obj=-901.800925, change=1.28e-05, α=0.000, ‖θ[1:]‖₁=92.891, h_range=[1.00e-08, 1.17e+01], num_knots=1805
2025-09-01 15:28:17,087 - Iter 29540: obj=-901.805973, change=1.28e-05, α=0.000, ‖θ[1:]‖₁=92.892, h_range=[1.00e-08, 1.17e+01], num_knots=1805
2025-09-01 15:28:17,190 - Iter 29550: obj=-901.811019, change=1.28e-05, α=0.000, ‖θ[1:]‖₁=92.892, h_range=[1.00e-08, 1.17e+01], num_knots=1805
2025-09-01 15:28:17,290 - Iter 29560: obj=-901.816063, change=1.28e-05, α=0.000, ‖θ[1:]‖₁=92.892, h_range=[1.00e-08, 1.17e+01], num_knots=1805
2025-09-01 15:28:17,384 - Iter 29570: obj=-901.821107, change=1.28e-05, α=0.000, ‖θ[1:]‖₁=92.893, h_range=[1.00e-08, 1.17e+01], num_knots=1805
2025-09-01 15:28:17,497 - Iter 29580: obj=-901.826148, change=1.28e-05, α=0.000, ‖θ[1:]‖₁=92.893, h_range=[1.00e-08, 1.17e+01], num_knots=1804
2025-09-01 15:28:17,614 - Iter 29590: obj=-901.831187, change=1.28e-05, α=0.000, ‖θ[1:]‖₁=92.893, h_range=[1.00e-08, 1.17e+01], num_knots=1804
2025-09-01 15:28:17,719 - Iter 29600: obj=-901.836225, change=1.28e-05, α=0.000, ‖θ[1:]‖₁=92.894, h_range=[1.00e-08, 1.17e+01], num_knots=1804
2025-09-01 15:28:17,806 - Iter 29610: obj=-901.841262, change=1.27e-05, α=0.000, ‖θ[1:]‖₁=92.894, h_range=[1.00e-08, 1.17e+01], num_knots=1804
2025-09-01 15:28:17,918 - Iter 29620: obj=-901.846298, change=1.27e-05, α=0.000, ‖θ[1:]‖₁=92.895, h_range=[1.00e-08, 1.17e+01], num_knots=1804
2025-09-01 15:28:18,050 - Iter 29630: obj=-901.851332, change=1.27e-05, α=0.000, ‖θ[1:]‖₁=92.895, h_range=[1.00e-08, 1.17e+01], num_knots=1804
2025-09-01 15:28:18,163 - Iter 29640: obj=-901.856366, change=1.27e-05, α=0.000, ‖θ[1:]‖₁=92.895, h_range=[1.00e-08, 1.17e+01], num_knots=1804
2025-09-01 15:28:18,292 - Iter 29650: obj=-901.861397, change=1.27e-05, α=0.000, ‖θ[1:]‖₁=92.896, h_range=[1.00e-08, 1.17e+01], num_knots=1804
2025-09-01 15:28:18,403 - Iter 29660: obj=-901.866428, change=1.27e-05, α=0.000, ‖θ[1:]‖₁=92.896, h_range=[1.00e-08, 1.17e+01], num_knots=1804
2025-09-01 15:28:18,526 - Iter 29670: obj=-901.871458, change=1.27e-05, α=0.000, ‖θ[1:]‖₁=92.896, h_range=[1.00e-08, 1.17e+01], num_knots=1804
2025-09-01 15:28:18,626 - Iter 29680: obj=-901.876486, change=1.27e-05, α=0.000, ‖θ[1:]‖₁=92.897, h_range=[1.00e-08, 1.17e+01], num_knots=1804
2025-09-01 15:28:18,736 - Iter 29690: obj=-901.881513, change=1.27e-05, α=0.000, ‖θ[1:]‖₁=92.897, h_range=[1.00e-08, 1.17e+01], num_knots=1804
2025-09-01 15:28:18,849 - Iter 29700: obj=-901.886538, change=1.27e-05, α=0.000, ‖θ[1:]‖₁=92.897, h_range=[1.00e-08, 1.17e+01], num_knots=1804
2025-09-01 15:28:18,981 - Iter 29710: obj=-901.891563, change=1.27e-05, α=0.000, ‖θ[1:]‖₁=92.898, h_range=[1.00e-08, 1.17e+01], num_knots=1804
2025-09-01 15:28:19,096 - Iter 29720: obj=-901.896586, change=1.27e-05, α=0.000, ‖θ[1:]‖₁=92.898, h_range=[1.00e-08, 1.17e+01], num_knots=1804
2025-09-01 15:28:19,197 - Iter 29730: obj=-901.901608, change=1.27e-05, α=0.000, ‖θ[1:]‖₁=92.898, h_range=[1.00e-08, 1.17e+01], num_knots=1804
2025-09-01 15:28:19,293 - Iter 29740: obj=-901.906629, change=1.27e-05, α=0.000, ‖θ[1:]‖₁=92.899, h_range=[1.00e-08, 1.17e+01], num_knots=1804
2025-09-01 15:28:19,394 - Iter 29750: obj=-901.911648, change=1.27e-05, α=0.000, ‖θ[1:]‖₁=92.899, h_range=[1.00e-08, 1.17e+01], num_knots=1804
2025-09-01 15:28:19,502 - Iter 29760: obj=-901.916667, change=1.27e-05, α=0.000, ‖θ[1:]‖₁=92.899, h_range=[1.00e-08, 1.17e+01], num_knots=1804
2025-09-01 15:28:19,622 - Iter 29770: obj=-901.921684, change=1.27e-05, α=0.000, ‖θ[1:]‖₁=92.900, h_range=[1.00e-08, 1.17e+01], num_knots=1804
2025-09-01 15:28:19,731 - Iter 29780: obj=-901.926700, change=1.27e-05, α=0.000, ‖θ[1:]‖₁=92.900, h_range=[1.00e-08, 1.17e+01], num_knots=1804
2025-09-01 15:28:19,841 - Iter 29790: obj=-901.931714, change=1.27e-05, α=0.000, ‖θ[1:]‖₁=92.900, h_range=[1.00e-08, 1.17e+01], num_knots=1804
2025-09-01 15:28:19,962 - Iter 29800: obj=-901.936728, change=1.27e-05, α=0.000, ‖θ[1:]‖₁=92.901, h_range=[1.00e-08, 1.17e+01], num_knots=1804
2025-09-01 15:28:20,074 - Iter 29810: obj=-901.941740, change=1.27e-05, α=0.000, ‖θ[1:]‖₁=92.901, h_range=[1.00e-08, 1.17e+01], num_knots=1804
2025-09-01 15:28:20,229 - Iter 29820: obj=-901.946751, change=1.27e-05, α=0.000, ‖θ[1:]‖₁=92.901, h_range=[1.00e-08, 1.17e+01], num_knots=1804
2025-09-01 15:28:20,340 - Iter 29830: obj=-901.951761, change=1.27e-05, α=0.000, ‖θ[1:]‖₁=92.902, h_range=[1.00e-08, 1.17e+01], num_knots=1804
2025-09-01 15:28:20,510 - Iter 29840: obj=-901.956769, change=1.27e-05, α=0.000, ‖θ[1:]‖₁=92.902, h_range=[1.00e-08, 1.17e+01], num_knots=1804
2025-09-01 15:28:20,620 - Iter 29850: obj=-901.961776, change=1.27e-05, α=0.000, ‖θ[1:]‖₁=92.902, h_range=[1.00e-08, 1.17e+01], num_knots=1803
2025-09-01 15:28:20,712 - Iter 29860: obj=-901.966779, change=1.27e-05, α=0.000, ‖θ[1:]‖₁=92.903, h_range=[1.00e-08, 1.17e+01], num_knots=1803
2025-09-01 15:28:20,799 - Iter 29870: obj=-901.971780, change=1.27e-05, α=0.000, ‖θ[1:]‖₁=92.903, h_range=[1.00e-08, 1.17e+01], num_knots=1803
2025-09-01 15:28:20,891 - Iter 29880: obj=-901.976781, change=1.27e-05, α=0.000, ‖θ[1:]‖₁=92.903, h_range=[1.00e-08, 1.17e+01], num_knots=1803
2025-09-01 15:28:20,974 - Iter 29890: obj=-901.981780, change=1.27e-05, α=0.000, ‖θ[1:]‖₁=92.904, h_range=[1.00e-08, 1.17e+01], num_knots=1803
2025-09-01 15:28:21,071 - Iter 29900: obj=-901.986777, change=1.27e-05, α=0.000, ‖θ[1:]‖₁=92.904, h_range=[1.00e-08, 1.17e+01], num_knots=1803
2025-09-01 15:28:21,176 - Iter 29910: obj=-901.991774, change=1.27e-05, α=0.000, ‖θ[1:]‖₁=92.904, h_range=[1.00e-08, 1.17e+01], num_knots=1803
2025-09-01 15:28:21,271 - Iter 29920: obj=-901.996769, change=1.27e-05, α=0.000, ‖θ[1:]‖₁=92.905, h_range=[1.00e-08, 1.17e+01], num_knots=1803
2025-09-01 15:28:21,384 - Iter 29930: obj=-902.001763, change=1.27e-05, α=0.000, ‖θ[1:]‖₁=92.905, h_range=[1.00e-08, 1.17e+01], num_knots=1803
2025-09-01 15:28:21,515 - Iter 29940: obj=-902.006756, change=1.27e-05, α=0.000, ‖θ[1:]‖₁=92.905, h_range=[1.00e-08, 1.17e+01], num_knots=1803
2025-09-01 15:28:21,618 - Iter 29950: obj=-902.011748, change=1.27e-05, α=0.000, ‖θ[1:]‖₁=92.906, h_range=[1.00e-08, 1.17e+01], num_knots=1803
2025-09-01 15:28:21,721 - Iter 29960: obj=-902.016739, change=1.27e-05, α=0.000, ‖θ[1:]‖₁=92.906, h_range=[1.00e-08, 1.17e+01], num_knots=1803
2025-09-01 15:28:21,825 - Iter 29970: obj=-902.021728, change=1.27e-05, α=0.000, ‖θ[1:]‖₁=92.906, h_range=[1.00e-08, 1.17e+01], num_knots=1803
2025-09-01 15:28:21,944 - Iter 29980: obj=-902.026716, change=1.27e-05, α=0.000, ‖θ[1:]‖₁=92.907, h_range=[1.00e-08, 1.17e+01], num_knots=1803
2025-09-01 15:28:22,065 - Iter 29990: obj=-902.031703, change=1.27e-05, α=0.000, ‖θ[1:]‖₁=92.907, h_range=[1.00e-08, 1.17e+01], num_knots=1803
2025-09-01 15:28:22,189 - Iter 30000: obj=-902.036689, change=1.27e-05, α=0.000, ‖θ[1:]‖₁=92.907, h_range=[1.00e-08, 1.17e+01], num_knots=1803
2025-09-01 15:28:22,304 - Iter 30010: obj=-902.041673, change=1.27e-05, α=0.000, ‖θ[1:]‖₁=92.908, h_range=[1.00e-08, 1.17e+01], num_knots=1803
2025-09-01 15:28:22,414 - Iter 30020: obj=-902.046656, change=1.27e-05, α=0.000, ‖θ[1:]‖₁=92.908, h_range=[1.00e-08, 1.17e+01], num_knots=1803
2025-09-01 15:28:22,509 - Iter 30030: obj=-902.051639, change=1.27e-05, α=0.000, ‖θ[1:]‖₁=92.908, h_range=[1.00e-08, 1.17e+01], num_knots=1803
2025-09-01 15:28:22,629 - Iter 30040: obj=-902.056619, change=1.27e-05, α=0.000, ‖θ[1:]‖₁=92.908, h_range=[1.00e-08, 1.17e+01], num_knots=1803
2025-09-01 15:28:22,737 - Iter 30050: obj=-902.061599, change=1.27e-05, α=0.000, ‖θ[1:]‖₁=92.909, h_range=[1.00e-08, 1.17e+01], num_knots=1803
2025-09-01 15:28:22,861 - Iter 30060: obj=-902.066578, change=1.27e-05, α=0.000, ‖θ[1:]‖₁=92.909, h_range=[1.00e-08, 1.17e+01], num_knots=1803
2025-09-01 15:28:22,967 - Iter 30070: obj=-902.071555, change=1.27e-05, α=0.000, ‖θ[1:]‖₁=92.909, h_range=[1.00e-08, 1.17e+01], num_knots=1803
2025-09-01 15:28:23,079 - Iter 30080: obj=-902.076531, change=1.27e-05, α=0.000, ‖θ[1:]‖₁=92.910, h_range=[1.00e-08, 1.17e+01], num_knots=1803
2025-09-01 15:28:23,190 - Iter 30090: obj=-902.081505, change=1.27e-05, α=0.000, ‖θ[1:]‖₁=92.910, h_range=[1.00e-08, 1.17e+01], num_knots=1802
2025-09-01 15:28:23,285 - Iter 30100: obj=-902.086478, change=1.27e-05, α=0.000, ‖θ[1:]‖₁=92.910, h_range=[1.00e-08, 1.17e+01], num_knots=1802
2025-09-01 15:28:23,400 - Iter 30110: obj=-902.091450, change=1.27e-05, α=0.000, ‖θ[1:]‖₁=92.910, h_range=[1.00e-08, 1.17e+01], num_knots=1802
2025-09-01 15:28:23,500 - Iter 30120: obj=-902.096420, change=1.27e-05, α=0.000, ‖θ[1:]‖₁=92.911, h_range=[1.00e-08, 1.17e+01], num_knots=1802
2025-09-01 15:28:23,592 - Iter 30130: obj=-902.101389, change=1.27e-05, α=0.000, ‖θ[1:]‖₁=92.911, h_range=[1.00e-08, 1.17e+01], num_knots=1802
2025-09-01 15:28:23,697 - Iter 30140: obj=-902.106357, change=1.27e-05, α=0.000, ‖θ[1:]‖₁=92.911, h_range=[1.00e-08, 1.17e+01], num_knots=1802
2025-09-01 15:28:23,806 - Iter 30150: obj=-902.111324, change=1.27e-05, α=0.000, ‖θ[1:]‖₁=92.912, h_range=[1.00e-08, 1.17e+01], num_knots=1802
2025-09-01 15:28:23,905 - Iter 30160: obj=-902.116289, change=1.27e-05, α=0.000, ‖θ[1:]‖₁=92.912, h_range=[1.00e-08, 1.17e+01], num_knots=1801
2025-09-01 15:28:24,014 - Iter 30170: obj=-902.121252, change=1.27e-05, α=0.000, ‖θ[1:]‖₁=92.912, h_range=[1.00e-08, 1.17e+01], num_knots=1801
2025-09-01 15:28:24,120 - Iter 30180: obj=-902.126214, change=1.27e-05, α=0.000, ‖θ[1:]‖₁=92.912, h_range=[1.00e-08, 1.17e+01], num_knots=1801
2025-09-01 15:28:24,242 - Iter 30190: obj=-902.131175, change=1.27e-05, α=0.000, ‖θ[1:]‖₁=92.913, h_range=[1.00e-08, 1.17e+01], num_knots=1801
2025-09-01 15:28:24,347 - Iter 30200: obj=-902.136134, change=1.27e-05, α=0.000, ‖θ[1:]‖₁=92.913, h_range=[1.00e-08, 1.17e+01], num_knots=1801
2025-09-01 15:28:24,448 - Iter 30210: obj=-902.141092, change=1.27e-05, α=0.000, ‖θ[1:]‖₁=92.913, h_range=[1.00e-08, 1.17e+01], num_knots=1800
2025-09-01 15:28:24,551 - Iter 30220: obj=-902.146048, change=1.27e-05, α=0.000, ‖θ[1:]‖₁=92.914, h_range=[1.00e-08, 1.17e+01], num_knots=1800
2025-09-01 15:28:24,658 - Iter 30230: obj=-902.151002, change=1.26e-05, α=0.000, ‖θ[1:]‖₁=92.914, h_range=[1.00e-08, 1.17e+01], num_knots=1800
2025-09-01 15:28:24,757 - Iter 30240: obj=-902.155956, change=1.26e-05, α=0.000, ‖θ[1:]‖₁=92.914, h_range=[1.00e-08, 1.17e+01], num_knots=1800
2025-09-01 15:28:24,864 - Iter 30250: obj=-902.160908, change=1.26e-05, α=0.000, ‖θ[1:]‖₁=92.914, h_range=[1.00e-08, 1.17e+01], num_knots=1800
2025-09-01 15:28:24,972 - Iter 30260: obj=-902.165859, change=1.26e-05, α=0.000, ‖θ[1:]‖₁=92.915, h_range=[1.00e-08, 1.17e+01], num_knots=1800
2025-09-01 15:28:25,071 - Iter 30270: obj=-902.170808, change=1.26e-05, α=0.000, ‖θ[1:]‖₁=92.915, h_range=[1.00e-08, 1.17e+01], num_knots=1800
2025-09-01 15:28:25,182 - Iter 30280: obj=-902.175757, change=1.26e-05, α=0.000, ‖θ[1:]‖₁=92.915, h_range=[1.00e-08, 1.17e+01], num_knots=1800
2025-09-01 15:28:25,303 - Iter 30290: obj=-902.180705, change=1.26e-05, α=0.000, ‖θ[1:]‖₁=92.916, h_range=[1.00e-08, 1.17e+01], num_knots=1800
2025-09-01 15:28:25,421 - Iter 30300: obj=-902.185651, change=1.26e-05, α=0.000, ‖θ[1:]‖₁=92.916, h_range=[1.00e-08, 1.17e+01], num_knots=1800
2025-09-01 15:28:25,540 - Iter 30310: obj=-902.190596, change=1.26e-05, α=0.000, ‖θ[1:]‖₁=92.916, h_range=[1.00e-08, 1.17e+01], num_knots=1800
2025-09-01 15:28:25,644 - Iter 30320: obj=-902.195540, change=1.26e-05, α=0.000, ‖θ[1:]‖₁=92.916, h_range=[1.00e-08, 1.17e+01], num_knots=1800
2025-09-01 15:28:25,737 - Iter 30330: obj=-902.200483, change=1.26e-05, α=0.000, ‖θ[1:]‖₁=92.917, h_range=[1.00e-08, 1.17e+01], num_knots=1800
2025-09-01 15:28:25,838 - Iter 30340: obj=-902.205424, change=1.26e-05, α=0.000, ‖θ[1:]‖₁=92.917, h_range=[1.00e-08, 1.17e+01], num_knots=1800
2025-09-01 15:28:26,001 - Iter 30350: obj=-902.210365, change=1.26e-05, α=0.000, ‖θ[1:]‖₁=92.917, h_range=[1.00e-08, 1.17e+01], num_knots=1800
2025-09-01 15:28:26,099 - Iter 30360: obj=-902.215304, change=1.26e-05, α=0.000, ‖θ[1:]‖₁=92.917, h_range=[1.00e-08, 1.17e+01], num_knots=1800
2025-09-01 15:28:26,204 - Iter 30370: obj=-902.220242, change=1.26e-05, α=0.000, ‖θ[1:]‖₁=92.918, h_range=[1.00e-08, 1.17e+01], num_knots=1800
2025-09-01 15:28:26,322 - Iter 30380: obj=-902.225179, change=1.26e-05, α=0.000, ‖θ[1:]‖₁=92.918, h_range=[1.00e-08, 1.17e+01], num_knots=1800
2025-09-01 15:28:26,426 - Iter 30390: obj=-902.230115, change=1.26e-05, α=0.000, ‖θ[1:]‖₁=92.918, h_range=[1.00e-08, 1.17e+01], num_knots=1800
2025-09-01 15:28:26,549 - Iter 30400: obj=-902.235050, change=1.26e-05, α=0.000, ‖θ[1:]‖₁=92.918, h_range=[1.00e-08, 1.17e+01], num_knots=1800
2025-09-01 15:28:26,658 - Iter 30410: obj=-902.239983, change=1.26e-05, α=0.000, ‖θ[1:]‖₁=92.919, h_range=[1.00e-08, 1.17e+01], num_knots=1800
2025-09-01 15:28:26,752 - Iter 30420: obj=-902.244915, change=1.26e-05, α=0.000, ‖θ[1:]‖₁=92.919, h_range=[1.00e-08, 1.17e+01], num_knots=1800
2025-09-01 15:28:26,842 - Iter 30430: obj=-902.249846, change=1.26e-05, α=0.000, ‖θ[1:]‖₁=92.919, h_range=[1.00e-08, 1.17e+01], num_knots=1800
2025-09-01 15:28:26,937 - Iter 30440: obj=-902.254777, change=1.26e-05, α=0.000, ‖θ[1:]‖₁=92.919, h_range=[1.00e-08, 1.17e+01], num_knots=1800
2025-09-01 15:28:27,026 - Iter 30450: obj=-902.259705, change=1.26e-05, α=0.000, ‖θ[1:]‖₁=92.920, h_range=[1.00e-08, 1.17e+01], num_knots=1800
2025-09-01 15:28:27,144 - Iter 30460: obj=-902.264633, change=1.26e-05, α=0.000, ‖θ[1:]‖₁=92.920, h_range=[1.00e-08, 1.17e+01], num_knots=1800
2025-09-01 15:28:27,278 - Iter 30470: obj=-902.269560, change=1.26e-05, α=0.000, ‖θ[1:]‖₁=92.920, h_range=[1.00e-08, 1.17e+01], num_knots=1800
2025-09-01 15:28:27,398 - Iter 30480: obj=-902.274485, change=1.26e-05, α=0.000, ‖θ[1:]‖₁=92.920, h_range=[1.00e-08, 1.17e+01], num_knots=1800
2025-09-01 15:28:27,492 - Iter 30490: obj=-902.279409, change=1.26e-05, α=0.000, ‖θ[1:]‖₁=92.921, h_range=[1.00e-08, 1.17e+01], num_knots=1800
2025-09-01 15:28:27,581 - Iter 30500: obj=-902.284332, change=1.26e-05, α=0.000, ‖θ[1:]‖₁=92.921, h_range=[1.00e-08, 1.17e+01], num_knots=1800
2025-09-01 15:28:27,710 - Iter 30510: obj=-902.289254, change=1.26e-05, α=0.000, ‖θ[1:]‖₁=92.921, h_range=[1.00e-08, 1.17e+01], num_knots=1800
2025-09-01 15:28:27,828 - Iter 30520: obj=-902.294175, change=1.26e-05, α=0.000, ‖θ[1:]‖₁=92.921, h_range=[1.00e-08, 1.17e+01], num_knots=1800
2025-09-01 15:28:27,960 - Iter 30530: obj=-902.299095, change=1.26e-05, α=0.000, ‖θ[1:]‖₁=92.921, h_range=[1.00e-08, 1.17e+01], num_knots=1800
2025-09-01 15:28:28,071 - Iter 30540: obj=-902.304013, change=1.26e-05, α=0.000, ‖θ[1:]‖₁=92.922, h_range=[1.00e-08, 1.17e+01], num_knots=1800
2025-09-01 15:28:28,189 - Iter 30550: obj=-902.308931, change=1.26e-05, α=0.000, ‖θ[1:]‖₁=92.922, h_range=[1.00e-08, 1.17e+01], num_knots=1800
2025-09-01 15:28:28,315 - Iter 30560: obj=-902.313847, change=1.26e-05, α=0.000, ‖θ[1:]‖₁=92.922, h_range=[1.00e-08, 1.17e+01], num_knots=1800
2025-09-01 15:28:28,427 - Iter 30570: obj=-902.318762, change=1.26e-05, α=0.000, ‖θ[1:]‖₁=92.922, h_range=[1.00e-08, 1.17e+01], num_knots=1800
2025-09-01 15:28:28,551 - Iter 30580: obj=-902.323676, change=1.26e-05, α=0.000, ‖θ[1:]‖₁=92.923, h_range=[1.00e-08, 1.17e+01], num_knots=1800
2025-09-01 15:28:28,679 - Iter 30590: obj=-902.328589, change=1.26e-05, α=0.000, ‖θ[1:]‖₁=92.923, h_range=[1.00e-08, 1.17e+01], num_knots=1800
2025-09-01 15:28:28,811 - Iter 30600: obj=-902.333500, change=1.26e-05, α=0.000, ‖θ[1:]‖₁=92.923, h_range=[1.00e-08, 1.17e+01], num_knots=1800
2025-09-01 15:28:28,931 - Iter 30610: obj=-902.338411, change=1.26e-05, α=0.000, ‖θ[1:]‖₁=92.923, h_range=[1.00e-08, 1.17e+01], num_knots=1800
2025-09-01 15:28:29,044 - Iter 30620: obj=-902.343320, change=1.26e-05, α=0.000, ‖θ[1:]‖₁=92.923, h_range=[1.00e-08, 1.17e+01], num_knots=1800
2025-09-01 15:28:29,150 - Iter 30630: obj=-902.348229, change=1.26e-05, α=0.000, ‖θ[1:]‖₁=92.924, h_range=[1.00e-08, 1.17e+01], num_knots=1800
2025-09-01 15:28:29,250 - Iter 30640: obj=-902.353136, change=1.26e-05, α=0.000, ‖θ[1:]‖₁=92.924, h_range=[1.00e-08, 1.17e+01], num_knots=1800
2025-09-01 15:28:29,344 - Iter 30650: obj=-902.358042, change=1.26e-05, α=0.000, ‖θ[1:]‖₁=92.924, h_range=[1.00e-08, 1.17e+01], num_knots=1800
2025-09-01 15:28:29,454 - Iter 30660: obj=-902.362947, change=1.26e-05, α=0.000, ‖θ[1:]‖₁=92.924, h_range=[1.00e-08, 1.17e+01], num_knots=1800
2025-09-01 15:28:29,568 - Iter 30670: obj=-902.367850, change=1.26e-05, α=0.000, ‖θ[1:]‖₁=92.924, h_range=[1.00e-08, 1.17e+01], num_knots=1800
2025-09-01 15:28:29,692 - Iter 30680: obj=-902.372753, change=1.26e-05, α=0.000, ‖θ[1:]‖₁=92.925, h_range=[1.00e-08, 1.17e+01], num_knots=1800
2025-09-01 15:28:29,804 - Iter 30690: obj=-902.377654, change=1.26e-05, α=0.000, ‖θ[1:]‖₁=92.925, h_range=[1.00e-08, 1.17e+01], num_knots=1800
2025-09-01 15:28:29,915 - Iter 30700: obj=-902.382555, change=1.26e-05, α=0.000, ‖θ[1:]‖₁=92.925, h_range=[1.00e-08, 1.17e+01], num_knots=1800
2025-09-01 15:28:30,030 - Iter 30710: obj=-902.387454, change=1.26e-05, α=0.000, ‖θ[1:]‖₁=92.925, h_range=[1.00e-08, 1.17e+01], num_knots=1800
2025-09-01 15:28:30,127 - Iter 30720: obj=-902.392352, change=1.26e-05, α=0.000, ‖θ[1:]‖₁=92.925, h_range=[1.00e-08, 1.17e+01], num_knots=1800
2025-09-01 15:28:30,233 - Iter 30730: obj=-902.397249, change=1.26e-05, α=0.000, ‖θ[1:]‖₁=92.926, h_range=[1.00e-08, 1.17e+01], num_knots=1800
2025-09-01 15:28:30,327 - Iter 30740: obj=-902.402144, change=1.26e-05, α=0.000, ‖θ[1:]‖₁=92.926, h_range=[1.00e-08, 1.17e+01], num_knots=1799
2025-09-01 15:28:30,476 - Iter 30750: obj=-902.407028, change=1.26e-05, α=0.000, ‖θ[1:]‖₁=92.926, h_range=[1.00e-08, 1.17e+01], num_knots=1799
2025-09-01 15:28:30,585 - Iter 30760: obj=-902.411911, change=1.26e-05, α=0.000, ‖θ[1:]‖₁=92.926, h_range=[1.00e-08, 1.17e+01], num_knots=1799
2025-09-01 15:28:30,702 - Iter 30770: obj=-902.416792, change=1.26e-05, α=0.000, ‖θ[1:]‖₁=92.927, h_range=[1.00e-08, 1.17e+01], num_knots=1799
2025-09-01 15:28:30,824 - Iter 30780: obj=-902.421673, change=1.26e-05, α=0.000, ‖θ[1:]‖₁=92.927, h_range=[1.00e-08, 1.17e+01], num_knots=1799
2025-09-01 15:28:30,928 - Iter 30790: obj=-902.426552, change=1.26e-05, α=0.000, ‖θ[1:]‖₁=92.927, h_range=[1.00e-08, 1.17e+01], num_knots=1799
2025-09-01 15:28:31,044 - Iter 30800: obj=-902.431431, change=1.26e-05, α=0.000, ‖θ[1:]‖₁=92.927, h_range=[1.00e-08, 1.17e+01], num_knots=1799
2025-09-01 15:28:31,187 - Iter 30810: obj=-902.436308, change=1.26e-05, α=0.000, ‖θ[1:]‖₁=92.927, h_range=[1.00e-08, 1.17e+01], num_knots=1799
2025-09-01 15:28:31,296 - Iter 30820: obj=-902.441184, change=1.26e-05, α=0.000, ‖θ[1:]‖₁=92.928, h_range=[1.00e-08, 1.17e+01], num_knots=1799
2025-09-01 15:28:31,411 - Iter 30830: obj=-902.446059, change=1.26e-05, α=0.000, ‖θ[1:]‖₁=92.928, h_range=[1.00e-08, 1.17e+01], num_knots=1799
2025-09-01 15:28:31,518 - Iter 30840: obj=-902.450933, change=1.26e-05, α=0.000, ‖θ[1:]‖₁=92.928, h_range=[1.00e-08, 1.17e+01], num_knots=1799
2025-09-01 15:28:31,649 - Iter 30850: obj=-902.455802, change=1.25e-05, α=0.000, ‖θ[1:]‖₁=92.928, h_range=[1.00e-08, 1.17e+01], num_knots=1798
2025-09-01 15:28:31,788 - Iter 30860: obj=-902.460663, change=1.25e-05, α=0.000, ‖θ[1:]‖₁=92.928, h_range=[1.00e-08, 1.17e+01], num_knots=1798
2025-09-01 15:28:31,897 - Iter 30870: obj=-902.465523, change=1.25e-05, α=0.000, ‖θ[1:]‖₁=92.929, h_range=[1.00e-08, 1.17e+01], num_knots=1798
2025-09-01 15:28:32,011 - Iter 30880: obj=-902.470382, change=1.25e-05, α=0.000, ‖θ[1:]‖₁=92.929, h_range=[1.00e-08, 1.17e+01], num_knots=1798
2025-09-01 15:28:32,134 - Iter 30890: obj=-902.475239, change=1.25e-05, α=0.000, ‖θ[1:]‖₁=92.929, h_range=[1.00e-08, 1.17e+01], num_knots=1798
2025-09-01 15:28:32,214 - Iter 30900: obj=-902.480096, change=1.25e-05, α=0.000, ‖θ[1:]‖₁=92.929, h_range=[1.00e-08, 1.17e+01], num_knots=1798
2025-09-01 15:28:32,321 - Iter 30910: obj=-902.484951, change=1.25e-05, α=0.000, ‖θ[1:]‖₁=92.930, h_range=[1.00e-08, 1.17e+01], num_knots=1798
2025-09-01 15:28:32,436 - Iter 30920: obj=-902.489805, change=1.25e-05, α=0.000, ‖θ[1:]‖₁=92.930, h_range=[1.00e-08, 1.17e+01], num_knots=1798
2025-09-01 15:28:32,539 - Iter 30930: obj=-902.494659, change=1.25e-05, α=0.000, ‖θ[1:]‖₁=92.930, h_range=[1.00e-08, 1.17e+01], num_knots=1798
2025-09-01 15:28:32,667 - Iter 30940: obj=-902.499511, change=1.25e-05, α=0.000, ‖θ[1:]‖₁=92.930, h_range=[1.00e-08, 1.17e+01], num_knots=1798
2025-09-01 15:28:32,787 - Iter 30950: obj=-902.504361, change=1.25e-05, α=0.000, ‖θ[1:]‖₁=92.930, h_range=[1.00e-08, 1.17e+01], num_knots=1798
2025-09-01 15:28:32,901 - Iter 30960: obj=-902.509211, change=1.25e-05, α=0.000, ‖θ[1:]‖₁=92.931, h_range=[1.00e-08, 1.17e+01], num_knots=1798
2025-09-01 15:28:33,027 - Iter 30970: obj=-902.514060, change=1.25e-05, α=0.000, ‖θ[1:]‖₁=92.931, h_range=[1.00e-08, 1.17e+01], num_knots=1798
2025-09-01 15:28:33,140 - Iter 30980: obj=-902.518908, change=1.25e-05, α=0.000, ‖θ[1:]‖₁=92.931, h_range=[1.00e-08, 1.17e+01], num_knots=1798
2025-09-01 15:28:33,248 - Iter 30990: obj=-902.523747, change=1.25e-05, α=0.000, ‖θ[1:]‖₁=92.931, h_range=[1.00e-08, 1.17e+01], num_knots=1797
2025-09-01 15:28:33,360 - Iter 31000: obj=-902.528582, change=1.25e-05, α=0.000, ‖θ[1:]‖₁=92.932, h_range=[1.00e-08, 1.17e+01], num_knots=1797
2025-09-01 15:28:33,486 - Iter 31010: obj=-902.533417, change=1.25e-05, α=0.000, ‖θ[1:]‖₁=92.932, h_range=[1.00e-08, 1.17e+01], num_knots=1797
2025-09-01 15:28:33,589 - Iter 31020: obj=-902.538250, change=1.25e-05, α=0.000, ‖θ[1:]‖₁=92.932, h_range=[1.00e-08, 1.17e+01], num_knots=1797
2025-09-01 15:28:33,702 - Iter 31030: obj=-902.543083, change=1.25e-05, α=0.000, ‖θ[1:]‖₁=92.932, h_range=[1.00e-08, 1.17e+01], num_knots=1797
2025-09-01 15:28:33,820 - Iter 31040: obj=-902.547914, change=1.25e-05, α=0.000, ‖θ[1:]‖₁=92.933, h_range=[1.00e-08, 1.17e+01], num_knots=1797
2025-09-01 15:28:33,921 - Iter 31050: obj=-902.552744, change=1.25e-05, α=0.000, ‖θ[1:]‖₁=92.933, h_range=[1.00e-08, 1.17e+01], num_knots=1797
2025-09-01 15:28:34,036 - Iter 31060: obj=-902.557573, change=1.25e-05, α=0.000, ‖θ[1:]‖₁=92.933, h_range=[1.00e-08, 1.17e+01], num_knots=1797
2025-09-01 15:28:34,143 - Iter 31070: obj=-902.562401, change=1.25e-05, α=0.000, ‖θ[1:]‖₁=92.933, h_range=[1.00e-08, 1.17e+01], num_knots=1797
2025-09-01 15:28:34,245 - Iter 31080: obj=-902.567225, change=1.25e-05, α=0.000, ‖θ[1:]‖₁=92.934, h_range=[1.00e-08, 1.17e+01], num_knots=1796
2025-09-01 15:28:34,362 - Iter 31090: obj=-902.572005, change=1.25e-05, α=0.000, ‖θ[1:]‖₁=92.934, h_range=[1.00e-08, 1.17e+01], num_knots=1796
2025-09-01 15:28:34,464 - Iter 31100: obj=-902.576785, change=1.25e-05, α=0.000, ‖θ[1:]‖₁=92.934, h_range=[1.00e-08, 1.17e+01], num_knots=1796
2025-09-01 15:28:34,597 - Iter 31110: obj=-902.581563, change=1.25e-05, α=0.000, ‖θ[1:]‖₁=92.934, h_range=[1.00e-08, 1.17e+01], num_knots=1796
2025-09-01 15:28:34,718 - Iter 31120: obj=-902.586340, change=1.25e-05, α=0.000, ‖θ[1:]‖₁=92.935, h_range=[1.00e-08, 1.17e+01], num_knots=1796
2025-09-01 15:28:34,811 - Iter 31130: obj=-902.591116, change=1.25e-05, α=0.000, ‖θ[1:]‖₁=92.935, h_range=[1.00e-08, 1.17e+01], num_knots=1796
2025-09-01 15:28:34,924 - Iter 31140: obj=-902.595891, change=1.25e-05, α=0.000, ‖θ[1:]‖₁=92.935, h_range=[1.00e-08, 1.17e+01], num_knots=1796
2025-09-01 15:28:35,026 - Iter 31150: obj=-902.600665, change=1.25e-05, α=0.000, ‖θ[1:]‖₁=92.935, h_range=[1.00e-08, 1.17e+01], num_knots=1796
2025-09-01 15:28:35,130 - Iter 31160: obj=-902.605437, change=1.25e-05, α=0.000, ‖θ[1:]‖₁=92.936, h_range=[1.00e-08, 1.17e+01], num_knots=1796
2025-09-01 15:28:35,254 - Iter 31170: obj=-902.610200, change=1.25e-05, α=0.000, ‖θ[1:]‖₁=92.936, h_range=[1.00e-08, 1.17e+01], num_knots=1795
2025-09-01 15:28:35,367 - Iter 31180: obj=-902.614960, change=1.25e-05, α=0.000, ‖θ[1:]‖₁=92.936, h_range=[1.00e-08, 1.17e+01], num_knots=1794
2025-09-01 15:28:35,508 - Iter 31190: obj=-902.619717, change=1.25e-05, α=0.000, ‖θ[1:]‖₁=92.937, h_range=[1.00e-08, 1.17e+01], num_knots=1794
2025-09-01 15:28:35,603 - Iter 31200: obj=-902.624474, change=1.25e-05, α=0.000, ‖θ[1:]‖₁=92.937, h_range=[1.00e-08, 1.17e+01], num_knots=1794
2025-09-01 15:28:35,712 - Iter 31210: obj=-902.629229, change=1.25e-05, α=0.000, ‖θ[1:]‖₁=92.937, h_range=[1.00e-08, 1.17e+01], num_knots=1794
2025-09-01 15:28:35,823 - Iter 31220: obj=-902.633983, change=1.25e-05, α=0.000, ‖θ[1:]‖₁=92.938, h_range=[1.00e-08, 1.17e+01], num_knots=1794
2025-09-01 15:28:35,934 - Iter 31230: obj=-902.638736, change=1.25e-05, α=0.000, ‖θ[1:]‖₁=92.938, h_range=[1.00e-08, 1.17e+01], num_knots=1794
2025-09-01 15:28:36,042 - Iter 31240: obj=-902.643488, change=1.25e-05, α=0.000, ‖θ[1:]‖₁=92.938, h_range=[1.00e-08, 1.17e+01], num_knots=1794
2025-09-01 15:28:36,215 - Iter 31250: obj=-902.648233, change=1.25e-05, α=0.000, ‖θ[1:]‖₁=92.938, h_range=[1.00e-08, 1.17e+01], num_knots=1793
2025-09-01 15:28:36,328 - Iter 31260: obj=-902.652972, change=1.25e-05, α=0.000, ‖θ[1:]‖₁=92.939, h_range=[1.00e-08, 1.17e+01], num_knots=1793
2025-09-01 15:28:36,439 - Iter 31270: obj=-902.657711, change=1.25e-05, α=0.000, ‖θ[1:]‖₁=92.939, h_range=[1.00e-08, 1.17e+01], num_knots=1793
2025-09-01 15:28:36,557 - Iter 31280: obj=-902.662448, change=1.25e-05, α=0.000, ‖θ[1:]‖₁=92.939, h_range=[1.00e-08, 1.17e+01], num_knots=1793
2025-09-01 15:28:36,657 - Iter 31290: obj=-902.667183, change=1.25e-05, α=0.000, ‖θ[1:]‖₁=92.940, h_range=[1.00e-08, 1.17e+01], num_knots=1793
2025-09-01 15:28:36,791 - Iter 31300: obj=-902.671918, change=1.25e-05, α=0.000, ‖θ[1:]‖₁=92.940, h_range=[1.00e-08, 1.17e+01], num_knots=1792
2025-09-01 15:28:36,902 - Iter 31310: obj=-902.676641, change=1.25e-05, α=0.000, ‖θ[1:]‖₁=92.940, h_range=[1.00e-08, 1.17e+01], num_knots=1792
2025-09-01 15:28:37,031 - Iter 31320: obj=-902.681352, change=1.25e-05, α=0.000, ‖θ[1:]‖₁=92.941, h_range=[1.00e-08, 1.17e+01], num_knots=1791
2025-09-01 15:28:37,137 - Iter 31330: obj=-902.686028, change=1.25e-05, α=0.000, ‖θ[1:]‖₁=92.941, h_range=[1.00e-08, 1.17e+01], num_knots=1791
2025-09-01 15:28:37,248 - Iter 31340: obj=-902.690696, change=1.25e-05, α=0.000, ‖θ[1:]‖₁=92.942, h_range=[1.00e-08, 1.17e+01], num_knots=1790
2025-09-01 15:28:37,360 - Iter 31350: obj=-902.695359, change=1.25e-05, α=0.000, ‖θ[1:]‖₁=92.942, h_range=[1.00e-08, 1.17e+01], num_knots=1790
2025-09-01 15:28:37,473 - Iter 31360: obj=-902.700021, change=1.25e-05, α=0.000, ‖θ[1:]‖₁=92.942, h_range=[1.00e-08, 1.17e+01], num_knots=1790
2025-09-01 15:28:37,583 - Iter 31370: obj=-902.704682, change=1.25e-05, α=0.000, ‖θ[1:]‖₁=92.943, h_range=[1.00e-08, 1.17e+01], num_knots=1790
2025-09-01 15:28:37,682 - Iter 31380: obj=-902.709332, change=1.25e-05, α=0.000, ‖θ[1:]‖₁=92.943, h_range=[1.00e-08, 1.17e+01], num_knots=1789
2025-09-01 15:28:37,789 - Iter 31390: obj=-902.713980, change=1.25e-05, α=0.000, ‖θ[1:]‖₁=92.944, h_range=[1.00e-08, 1.17e+01], num_knots=1789
2025-09-01 15:28:37,902 - Iter 31400: obj=-902.718627, change=1.25e-05, α=0.000, ‖θ[1:]‖₁=92.944, h_range=[1.00e-08, 1.17e+01], num_knots=1788
2025-09-01 15:28:38,019 - Iter 31410: obj=-902.723271, change=1.24e-05, α=0.000, ‖θ[1:]‖₁=92.945, h_range=[1.00e-08, 1.17e+01], num_knots=1788
2025-09-01 15:28:38,132 - Iter 31420: obj=-902.727915, change=1.24e-05, α=0.000, ‖θ[1:]‖₁=92.945, h_range=[1.00e-08, 1.17e+01], num_knots=1788
2025-09-01 15:28:38,242 - Iter 31430: obj=-902.732557, change=1.24e-05, α=0.000, ‖θ[1:]‖₁=92.946, h_range=[1.00e-08, 1.17e+01], num_knots=1788
2025-09-01 15:28:38,338 - Iter 31440: obj=-902.737198, change=1.24e-05, α=0.000, ‖θ[1:]‖₁=92.946, h_range=[1.00e-08, 1.17e+01], num_knots=1788
2025-09-01 15:28:38,447 - Iter 31450: obj=-902.741838, change=1.24e-05, α=0.000, ‖θ[1:]‖₁=92.946, h_range=[1.00e-08, 1.17e+01], num_knots=1788
2025-09-01 15:28:38,549 - Iter 31460: obj=-902.746477, change=1.24e-05, α=0.000, ‖θ[1:]‖₁=92.947, h_range=[1.00e-08, 1.17e+01], num_knots=1788
2025-09-01 15:28:38,653 - Iter 31470: obj=-902.751115, change=1.24e-05, α=0.000, ‖θ[1:]‖₁=92.947, h_range=[1.00e-08, 1.17e+01], num_knots=1788
2025-09-01 15:28:38,766 - Iter 31480: obj=-902.755752, change=1.24e-05, α=0.000, ‖θ[1:]‖₁=92.948, h_range=[1.00e-08, 1.17e+01], num_knots=1788
2025-09-01 15:28:38,901 - Iter 31490: obj=-902.760387, change=1.24e-05, α=0.000, ‖θ[1:]‖₁=92.948, h_range=[1.00e-08, 1.17e+01], num_knots=1788
2025-09-01 15:28:39,021 - Iter 31500: obj=-902.765022, change=1.24e-05, α=0.000, ‖θ[1:]‖₁=92.949, h_range=[1.00e-08, 1.17e+01], num_knots=1788
2025-09-01 15:28:39,141 - Iter 31510: obj=-902.769656, change=1.24e-05, α=0.000, ‖θ[1:]‖₁=92.949, h_range=[1.00e-08, 1.17e+01], num_knots=1788
2025-09-01 15:28:39,240 - Iter 31520: obj=-902.774288, change=1.24e-05, α=0.000, ‖θ[1:]‖₁=92.949, h_range=[1.00e-08, 1.17e+01], num_knots=1788
2025-09-01 15:28:39,412 - Iter 31530: obj=-902.778920, change=1.24e-05, α=0.000, ‖θ[1:]‖₁=92.950, h_range=[1.00e-08, 1.17e+01], num_knots=1788
2025-09-01 15:28:39,525 - Iter 31540: obj=-902.783550, change=1.24e-05, α=0.000, ‖θ[1:]‖₁=92.950, h_range=[1.00e-08, 1.17e+01], num_knots=1788
2025-09-01 15:28:39,635 - Iter 31550: obj=-902.788179, change=1.24e-05, α=0.000, ‖θ[1:]‖₁=92.951, h_range=[1.00e-08, 1.17e+01], num_knots=1788
2025-09-01 15:28:39,742 - Iter 31560: obj=-902.792808, change=1.24e-05, α=0.000, ‖θ[1:]‖₁=92.951, h_range=[1.00e-08, 1.17e+01], num_knots=1788
2025-09-01 15:28:39,846 - Iter 31570: obj=-902.797435, change=1.24e-05, α=0.000, ‖θ[1:]‖₁=92.952, h_range=[1.00e-08, 1.17e+01], num_knots=1788
2025-09-01 15:28:39,970 - Iter 31580: obj=-902.802061, change=1.24e-05, α=0.000, ‖θ[1:]‖₁=92.952, h_range=[1.00e-08, 1.17e+01], num_knots=1788
2025-09-01 15:28:40,078 - Iter 31590: obj=-902.806686, change=1.24e-05, α=0.000, ‖θ[1:]‖₁=92.952, h_range=[1.00e-08, 1.17e+01], num_knots=1788
2025-09-01 15:28:40,200 - Iter 31600: obj=-902.811310, change=1.24e-05, α=0.000, ‖θ[1:]‖₁=92.953, h_range=[1.00e-08, 1.17e+01], num_knots=1788
2025-09-01 15:28:40,327 - Iter 31610: obj=-902.815933, change=1.24e-05, α=0.000, ‖θ[1:]‖₁=92.953, h_range=[1.00e-08, 1.17e+01], num_knots=1788
2025-09-01 15:28:40,445 - Iter 31620: obj=-902.820554, change=1.24e-05, α=0.000, ‖θ[1:]‖₁=92.954, h_range=[1.00e-08, 1.17e+01], num_knots=1788
2025-09-01 15:28:40,543 - Iter 31630: obj=-902.825175, change=1.24e-05, α=0.000, ‖θ[1:]‖₁=92.954, h_range=[1.00e-08, 1.17e+01], num_knots=1788
2025-09-01 15:28:40,653 - Iter 31640: obj=-902.829795, change=1.24e-05, α=0.000, ‖θ[1:]‖₁=92.954, h_range=[1.00e-08, 1.17e+01], num_knots=1788
2025-09-01 15:28:40,763 - Iter 31650: obj=-902.834413, change=1.24e-05, α=0.000, ‖θ[1:]‖₁=92.955, h_range=[1.00e-08, 1.17e+01], num_knots=1787
2025-09-01 15:28:40,869 - Iter 31660: obj=-902.838986, change=1.24e-05, α=0.000, ‖θ[1:]‖₁=92.955, h_range=[1.00e-08, 1.17e+01], num_knots=1787
2025-09-01 15:28:40,969 - Iter 31670: obj=-902.843557, change=1.24e-05, α=0.000, ‖θ[1:]‖₁=92.956, h_range=[1.00e-08, 1.17e+01], num_knots=1787
2025-09-01 15:28:41,081 - Iter 31680: obj=-902.848128, change=1.24e-05, α=0.000, ‖θ[1:]‖₁=92.956, h_range=[1.00e-08, 1.17e+01], num_knots=1787
2025-09-01 15:28:41,193 - Iter 31690: obj=-902.852697, change=1.24e-05, α=0.000, ‖θ[1:]‖₁=92.957, h_range=[1.00e-08, 1.17e+01], num_knots=1787
2025-09-01 15:28:41,306 - Iter 31700: obj=-902.857266, change=1.24e-05, α=0.000, ‖θ[1:]‖₁=92.957, h_range=[1.00e-08, 1.17e+01], num_knots=1787
2025-09-01 15:28:41,421 - Iter 31710: obj=-902.861833, change=1.24e-05, α=0.000, ‖θ[1:]‖₁=92.958, h_range=[1.00e-08, 1.17e+01], num_knots=1787
2025-09-01 15:28:41,536 - Iter 31720: obj=-902.866399, change=1.24e-05, α=0.000, ‖θ[1:]‖₁=92.958, h_range=[1.00e-08, 1.17e+01], num_knots=1787
2025-09-01 15:28:41,638 - Iter 31730: obj=-902.870964, change=1.24e-05, α=0.000, ‖θ[1:]‖₁=92.958, h_range=[1.00e-08, 1.17e+01], num_knots=1787
2025-09-01 15:28:41,755 - Iter 31740: obj=-902.875529, change=1.24e-05, α=0.000, ‖θ[1:]‖₁=92.959, h_range=[1.00e-08, 1.17e+01], num_knots=1787
2025-09-01 15:28:41,889 - Iter 31750: obj=-902.880092, change=1.24e-05, α=0.000, ‖θ[1:]‖₁=92.959, h_range=[1.00e-08, 1.17e+01], num_knots=1787
2025-09-01 15:28:42,032 - Iter 31760: obj=-902.884654, change=1.24e-05, α=0.000, ‖θ[1:]‖₁=92.960, h_range=[1.00e-08, 1.17e+01], num_knots=1787
2025-09-01 15:28:42,144 - Iter 31770: obj=-902.889215, change=1.24e-05, α=0.000, ‖θ[1:]‖₁=92.960, h_range=[1.00e-08, 1.17e+01], num_knots=1787
2025-09-01 15:28:42,241 - Iter 31780: obj=-902.893775, change=1.24e-05, α=0.000, ‖θ[1:]‖₁=92.961, h_range=[1.00e-08, 1.17e+01], num_knots=1787
2025-09-01 15:28:42,351 - Iter 31790: obj=-902.898333, change=1.24e-05, α=0.000, ‖θ[1:]‖₁=92.961, h_range=[1.00e-08, 1.17e+01], num_knots=1787
2025-09-01 15:28:42,450 - Iter 31800: obj=-902.902891, change=1.24e-05, α=0.000, ‖θ[1:]‖₁=92.961, h_range=[1.00e-08, 1.17e+01], num_knots=1787
2025-09-01 15:28:42,559 - Iter 31810: obj=-902.907448, change=1.24e-05, α=0.000, ‖θ[1:]‖₁=92.962, h_range=[1.00e-08, 1.17e+01], num_knots=1787
2025-09-01 15:28:42,685 - Iter 31820: obj=-902.912004, change=1.24e-05, α=0.000, ‖θ[1:]‖₁=92.962, h_range=[1.00e-08, 1.17e+01], num_knots=1787
2025-09-01 15:28:42,801 - Iter 31830: obj=-902.916552, change=1.24e-05, α=0.000, ‖θ[1:]‖₁=92.963, h_range=[1.00e-08, 1.17e+01], num_knots=1786
2025-09-01 15:28:42,917 - Iter 31840: obj=-902.921096, change=1.24e-05, α=0.000, ‖θ[1:]‖₁=92.963, h_range=[1.00e-08, 1.17e+01], num_knots=1786
2025-09-01 15:28:43,036 - Iter 31850: obj=-902.925639, change=1.24e-05, α=0.000, ‖θ[1:]‖₁=92.964, h_range=[1.00e-08, 1.17e+01], num_knots=1786
2025-09-01 15:28:43,140 - Iter 31860: obj=-902.930181, change=1.24e-05, α=0.000, ‖θ[1:]‖₁=92.964, h_range=[1.00e-08, 1.17e+01], num_knots=1786
2025-09-01 15:28:43,246 - Iter 31870: obj=-902.934721, change=1.24e-05, α=0.000, ‖θ[1:]‖₁=92.964, h_range=[1.00e-08, 1.17e+01], num_knots=1786
2025-09-01 15:28:43,351 - Iter 31880: obj=-902.939261, change=1.24e-05, α=0.000, ‖θ[1:]‖₁=92.965, h_range=[1.00e-08, 1.17e+01], num_knots=1786
2025-09-01 15:28:43,449 - Iter 31890: obj=-902.943800, change=1.24e-05, α=0.000, ‖θ[1:]‖₁=92.965, h_range=[1.00e-08, 1.17e+01], num_knots=1786
2025-09-01 15:28:43,558 - Iter 31900: obj=-902.948338, change=1.24e-05, α=0.000, ‖θ[1:]‖₁=92.966, h_range=[1.00e-08, 1.17e+01], num_knots=1786
2025-09-01 15:28:43,659 - Iter 31910: obj=-902.952874, change=1.24e-05, α=0.000, ‖θ[1:]‖₁=92.966, h_range=[1.00e-08, 1.17e+01], num_knots=1786
2025-09-01 15:28:43,764 - Iter 31920: obj=-902.957410, change=1.24e-05, α=0.000, ‖θ[1:]‖₁=92.967, h_range=[1.00e-08, 1.17e+01], num_knots=1786
2025-09-01 15:28:43,875 - Iter 31930: obj=-902.961944, change=1.24e-05, α=0.000, ‖θ[1:]‖₁=92.967, h_range=[1.00e-08, 1.17e+01], num_knots=1786
2025-09-01 15:28:44,002 - Iter 31940: obj=-902.966478, change=1.24e-05, α=0.000, ‖θ[1:]‖₁=92.968, h_range=[1.00e-08, 1.17e+01], num_knots=1786
2025-09-01 15:28:44,139 - Iter 31950: obj=-902.971010, change=1.24e-05, α=0.000, ‖θ[1:]‖₁=92.968, h_range=[1.00e-08, 1.17e+01], num_knots=1786
2025-09-01 15:28:44,246 - Iter 31960: obj=-902.975542, change=1.24e-05, α=0.000, ‖θ[1:]‖₁=92.968, h_range=[1.00e-08, 1.17e+01], num_knots=1786
2025-09-01 15:28:44,370 - Iter 31970: obj=-902.980072, change=1.24e-05, α=0.000, ‖θ[1:]‖₁=92.969, h_range=[1.00e-08, 1.17e+01], num_knots=1786
2025-09-01 15:28:44,481 - Iter 31980: obj=-902.984601, change=1.24e-05, α=0.000, ‖θ[1:]‖₁=92.969, h_range=[1.00e-08, 1.17e+01], num_knots=1786
2025-09-01 15:28:44,582 - Iter 31990: obj=-902.989129, change=1.24e-05, α=0.000, ‖θ[1:]‖₁=92.970, h_range=[1.00e-08, 1.17e+01], num_knots=1786
2025-09-01 15:28:44,694 - Iter 32000: obj=-902.993657, change=1.24e-05, α=0.000, ‖θ[1:]‖₁=92.970, h_range=[1.00e-08, 1.17e+01], num_knots=1786
2025-09-01 15:28:44,799 - Iter 32010: obj=-902.998183, change=1.23e-05, α=0.000, ‖θ[1:]‖₁=92.971, h_range=[1.00e-08, 1.17e+01], num_knots=1786
2025-09-01 15:28:44,936 - Iter 32020: obj=-903.002708, change=1.23e-05, α=0.000, ‖θ[1:]‖₁=92.971, h_range=[1.00e-08, 1.17e+01], num_knots=1786
2025-09-01 15:28:45,044 - Iter 32030: obj=-903.007232, change=1.23e-05, α=0.000, ‖θ[1:]‖₁=92.971, h_range=[1.00e-08, 1.17e+01], num_knots=1786
2025-09-01 15:28:45,170 - Iter 32040: obj=-903.011755, change=1.23e-05, α=0.000, ‖θ[1:]‖₁=92.972, h_range=[1.00e-08, 1.17e+01], num_knots=1786
2025-09-01 15:28:45,283 - Iter 32050: obj=-903.016277, change=1.23e-05, α=0.000, ‖θ[1:]‖₁=92.972, h_range=[1.00e-08, 1.17e+01], num_knots=1786
2025-09-01 15:28:45,418 - Iter 32060: obj=-903.020799, change=1.23e-05, α=0.000, ‖θ[1:]‖₁=92.973, h_range=[1.00e-08, 1.17e+01], num_knots=1786
2025-09-01 15:28:45,522 - Iter 32070: obj=-903.025319, change=1.23e-05, α=0.000, ‖θ[1:]‖₁=92.973, h_range=[1.00e-08, 1.17e+01], num_knots=1786
2025-09-01 15:28:45,651 - Iter 32080: obj=-903.029838, change=1.23e-05, α=0.000, ‖θ[1:]‖₁=92.973, h_range=[1.00e-08, 1.17e+01], num_knots=1786
2025-09-01 15:28:45,763 - Iter 32090: obj=-903.034356, change=1.23e-05, α=0.000, ‖θ[1:]‖₁=92.974, h_range=[1.00e-08, 1.17e+01], num_knots=1786
2025-09-01 15:28:45,878 - Iter 32100: obj=-903.038872, change=1.23e-05, α=0.000, ‖θ[1:]‖₁=92.974, h_range=[1.00e-08, 1.17e+01], num_knots=1786
2025-09-01 15:28:45,969 - Iter 32110: obj=-903.043384, change=1.23e-05, α=0.000, ‖θ[1:]‖₁=92.975, h_range=[1.00e-08, 1.17e+01], num_knots=1785
2025-09-01 15:28:46,081 - Iter 32120: obj=-903.047889, change=1.23e-05, α=0.000, ‖θ[1:]‖₁=92.975, h_range=[1.00e-08, 1.17e+01], num_knots=1785
2025-09-01 15:28:46,193 - Iter 32130: obj=-903.052393, change=1.23e-05, α=0.000, ‖θ[1:]‖₁=92.975, h_range=[1.00e-08, 1.17e+01], num_knots=1785
2025-09-01 15:28:46,291 - Iter 32140: obj=-903.056896, change=1.23e-05, α=0.000, ‖θ[1:]‖₁=92.976, h_range=[1.00e-08, 1.17e+01], num_knots=1785
2025-09-01 15:28:46,399 - Iter 32150: obj=-903.061399, change=1.23e-05, α=0.000, ‖θ[1:]‖₁=92.976, h_range=[1.00e-08, 1.17e+01], num_knots=1785
2025-09-01 15:28:46,501 - Iter 32160: obj=-903.065900, change=1.23e-05, α=0.000, ‖θ[1:]‖₁=92.977, h_range=[1.00e-08, 1.17e+01], num_knots=1785
2025-09-01 15:28:46,636 - Iter 32170: obj=-903.070400, change=1.23e-05, α=0.000, ‖θ[1:]‖₁=92.977, h_range=[1.00e-08, 1.17e+01], num_knots=1785
2025-09-01 15:28:46,735 - Iter 32180: obj=-903.074899, change=1.23e-05, α=0.000, ‖θ[1:]‖₁=92.978, h_range=[1.00e-08, 1.17e+01], num_knots=1785
2025-09-01 15:28:46,854 - Iter 32190: obj=-903.079397, change=1.23e-05, α=0.000, ‖θ[1:]‖₁=92.978, h_range=[1.00e-08, 1.17e+01], num_knots=1785
2025-09-01 15:28:46,982 - Iter 32200: obj=-903.083894, change=1.23e-05, α=0.000, ‖θ[1:]‖₁=92.978, h_range=[1.00e-08, 1.17e+01], num_knots=1785
2025-09-01 15:28:47,106 - Iter 32210: obj=-903.088391, change=1.23e-05, α=0.000, ‖θ[1:]‖₁=92.979, h_range=[1.00e-08, 1.17e+01], num_knots=1785
2025-09-01 15:28:47,220 - Iter 32220: obj=-903.092886, change=1.23e-05, α=0.000, ‖θ[1:]‖₁=92.979, h_range=[1.00e-08, 1.17e+01], num_knots=1785
2025-09-01 15:28:47,352 - Iter 32230: obj=-903.097380, change=1.23e-05, α=0.000, ‖θ[1:]‖₁=92.980, h_range=[1.00e-08, 1.17e+01], num_knots=1785
2025-09-01 15:28:47,485 - Iter 32240: obj=-903.101873, change=1.23e-05, α=0.000, ‖θ[1:]‖₁=92.980, h_range=[1.00e-08, 1.17e+01], num_knots=1785
2025-09-01 15:28:47,595 - Iter 32250: obj=-903.106365, change=1.23e-05, α=0.000, ‖θ[1:]‖₁=92.980, h_range=[1.00e-08, 1.17e+01], num_knots=1785
2025-09-01 15:28:47,716 - Iter 32260: obj=-903.110856, change=1.23e-05, α=0.000, ‖θ[1:]‖₁=92.981, h_range=[1.00e-08, 1.17e+01], num_knots=1785
2025-09-01 15:28:47,846 - Iter 32270: obj=-903.115346, change=1.23e-05, α=0.000, ‖θ[1:]‖₁=92.981, h_range=[1.00e-08, 1.17e+01], num_knots=1785
2025-09-01 15:28:47,954 - Iter 32280: obj=-903.119835, change=1.23e-05, α=0.000, ‖θ[1:]‖₁=92.982, h_range=[1.00e-08, 1.17e+01], num_knots=1785
2025-09-01 15:28:48,084 - Iter 32290: obj=-903.124323, change=1.23e-05, α=0.000, ‖θ[1:]‖₁=92.982, h_range=[1.00e-08, 1.17e+01], num_knots=1785
2025-09-01 15:28:48,220 - Iter 32300: obj=-903.128810, change=1.23e-05, α=0.000, ‖θ[1:]‖₁=92.982, h_range=[1.00e-08, 1.17e+01], num_knots=1785
2025-09-01 15:28:48,351 - Iter 32310: obj=-903.133296, change=1.23e-05, α=0.000, ‖θ[1:]‖₁=92.983, h_range=[1.00e-08, 1.17e+01], num_knots=1785
2025-09-01 15:28:48,497 - Iter 32320: obj=-903.137781, change=1.23e-05, α=0.000, ‖θ[1:]‖₁=92.983, h_range=[1.00e-08, 1.17e+01], num_knots=1785
2025-09-01 15:28:48,638 - Iter 32330: obj=-903.142265, change=1.23e-05, α=0.000, ‖θ[1:]‖₁=92.984, h_range=[1.00e-08, 1.17e+01], num_knots=1785
2025-09-01 15:28:48,780 - Iter 32340: obj=-903.146748, change=1.23e-05, α=0.000, ‖θ[1:]‖₁=92.984, h_range=[1.00e-08, 1.17e+01], num_knots=1785
2025-09-01 15:28:48,904 - Iter 32350: obj=-903.151227, change=1.23e-05, α=0.000, ‖θ[1:]‖₁=92.984, h_range=[1.00e-08, 1.17e+01], num_knots=1784
2025-09-01 15:28:49,028 - Iter 32360: obj=-903.155699, change=1.23e-05, α=0.000, ‖θ[1:]‖₁=92.985, h_range=[1.00e-08, 1.17e+01], num_knots=1784
2025-09-01 15:28:49,129 - Iter 32370: obj=-903.160169, change=1.23e-05, α=0.000, ‖θ[1:]‖₁=92.985, h_range=[1.00e-08, 1.17e+01], num_knots=1783
2025-09-01 15:28:49,244 - Iter 32380: obj=-903.164628, change=1.23e-05, α=0.000, ‖θ[1:]‖₁=92.986, h_range=[1.00e-08, 1.17e+01], num_knots=1783
2025-09-01 15:28:49,369 - Iter 32390: obj=-903.169086, change=1.23e-05, α=0.000, ‖θ[1:]‖₁=92.986, h_range=[1.00e-08, 1.17e+01], num_knots=1783
2025-09-01 15:28:49,496 - Iter 32400: obj=-903.173543, change=1.23e-05, α=0.000, ‖θ[1:]‖₁=92.987, h_range=[1.00e-08, 1.17e+01], num_knots=1783
2025-09-01 15:28:49,617 - Iter 32410: obj=-903.177999, change=1.23e-05, α=0.000, ‖θ[1:]‖₁=92.987, h_range=[1.00e-08, 1.17e+01], num_knots=1783
2025-09-01 15:28:49,745 - Iter 32420: obj=-903.182450, change=1.23e-05, α=0.000, ‖θ[1:]‖₁=92.988, h_range=[1.00e-08, 1.17e+01], num_knots=1782
2025-09-01 15:28:49,858 - Iter 32430: obj=-903.186894, change=1.23e-05, α=0.000, ‖θ[1:]‖₁=92.988, h_range=[1.00e-08, 1.17e+01], num_knots=1782
2025-09-01 15:28:49,970 - Iter 32440: obj=-903.191337, change=1.23e-05, α=0.000, ‖θ[1:]‖₁=92.988, h_range=[1.00e-08, 1.17e+01], num_knots=1782
2025-09-01 15:28:50,098 - Iter 32450: obj=-903.195778, change=1.23e-05, α=0.000, ‖θ[1:]‖₁=92.989, h_range=[1.00e-08, 1.17e+01], num_knots=1782
2025-09-01 15:28:50,222 - Iter 32460: obj=-903.200219, change=1.23e-05, α=0.000, ‖θ[1:]‖₁=92.989, h_range=[1.00e-08, 1.17e+01], num_knots=1782
2025-09-01 15:28:50,348 - Iter 32470: obj=-903.204659, change=1.23e-05, α=0.000, ‖θ[1:]‖₁=92.990, h_range=[1.00e-08, 1.17e+01], num_knots=1782
2025-09-01 15:28:50,470 - Iter 32480: obj=-903.209097, change=1.23e-05, α=0.000, ‖θ[1:]‖₁=92.990, h_range=[1.00e-08, 1.17e+01], num_knots=1782
2025-09-01 15:28:50,566 - Iter 32490: obj=-903.213535, change=1.23e-05, α=0.000, ‖θ[1:]‖₁=92.991, h_range=[1.00e-08, 1.17e+01], num_knots=1782
2025-09-01 15:28:50,683 - Iter 32500: obj=-903.217972, change=1.23e-05, α=0.000, ‖θ[1:]‖₁=92.991, h_range=[1.00e-08, 1.17e+01], num_knots=1782
2025-09-01 15:28:50,784 - Iter 32510: obj=-903.222407, change=1.23e-05, α=0.000, ‖θ[1:]‖₁=92.992, h_range=[1.00e-08, 1.17e+01], num_knots=1782
2025-09-01 15:28:50,898 - Iter 32520: obj=-903.226842, change=1.23e-05, α=0.000, ‖θ[1:]‖₁=92.992, h_range=[1.00e-08, 1.17e+01], num_knots=1782
2025-09-01 15:28:50,999 - Iter 32530: obj=-903.231276, change=1.23e-05, α=0.000, ‖θ[1:]‖₁=92.993, h_range=[1.00e-08, 1.17e+01], num_knots=1782
2025-09-01 15:28:51,103 - Iter 32540: obj=-903.235708, change=1.23e-05, α=0.000, ‖θ[1:]‖₁=92.993, h_range=[1.00e-08, 1.17e+01], num_knots=1781
2025-09-01 15:28:51,216 - Iter 32550: obj=-903.240138, change=1.23e-05, α=0.000, ‖θ[1:]‖₁=92.993, h_range=[1.00e-08, 1.17e+01], num_knots=1781
2025-09-01 15:28:51,318 - Iter 32560: obj=-903.244568, change=1.23e-05, α=0.000, ‖θ[1:]‖₁=92.994, h_range=[1.00e-08, 1.17e+01], num_knots=1781
2025-09-01 15:28:51,452 - Iter 32570: obj=-903.248996, change=1.23e-05, α=0.000, ‖θ[1:]‖₁=92.994, h_range=[1.00e-08, 1.17e+01], num_knots=1781
2025-09-01 15:28:51,570 - Iter 32580: obj=-903.253424, change=1.23e-05, α=0.000, ‖θ[1:]‖₁=92.995, h_range=[1.00e-08, 1.17e+01], num_knots=1781
2025-09-01 15:28:51,689 - Iter 32590: obj=-903.257850, change=1.23e-05, α=0.000, ‖θ[1:]‖₁=92.995, h_range=[1.00e-08, 1.17e+01], num_knots=1781
2025-09-01 15:28:51,808 - Iter 32600: obj=-903.262275, change=1.23e-05, α=0.000, ‖θ[1:]‖₁=92.996, h_range=[1.00e-08, 1.17e+01], num_knots=1781
2025-09-01 15:28:51,943 - Iter 32610: obj=-903.266700, change=1.23e-05, α=0.000, ‖θ[1:]‖₁=92.996, h_range=[1.00e-08, 1.17e+01], num_knots=1781
2025-09-01 15:28:52,063 - Iter 32620: obj=-903.271123, change=1.23e-05, α=0.000, ‖θ[1:]‖₁=92.997, h_range=[1.00e-08, 1.17e+01], num_knots=1781
2025-09-01 15:28:52,166 - Iter 32630: obj=-903.275546, change=1.23e-05, α=0.000, ‖θ[1:]‖₁=92.997, h_range=[1.00e-08, 1.17e+01], num_knots=1781
2025-09-01 15:28:52,278 - Iter 32640: obj=-903.279967, change=1.23e-05, α=0.000, ‖θ[1:]‖₁=92.997, h_range=[1.00e-08, 1.17e+01], num_knots=1781
2025-09-01 15:28:52,396 - Iter 32650: obj=-903.284388, change=1.23e-05, α=0.000, ‖θ[1:]‖₁=92.998, h_range=[1.00e-08, 1.17e+01], num_knots=1781
2025-09-01 15:28:52,512 - Iter 32660: obj=-903.288808, change=1.22e-05, α=0.000, ‖θ[1:]‖₁=92.998, h_range=[1.00e-08, 1.17e+01], num_knots=1781
2025-09-01 15:28:52,638 - Iter 32670: obj=-903.293226, change=1.22e-05, α=0.000, ‖θ[1:]‖₁=92.999, h_range=[1.00e-08, 1.17e+01], num_knots=1781
2025-09-01 15:28:52,753 - Iter 32680: obj=-903.297644, change=1.22e-05, α=0.000, ‖θ[1:]‖₁=92.999, h_range=[1.00e-08, 1.17e+01], num_knots=1781
2025-09-01 15:28:52,865 - Iter 32690: obj=-903.302060, change=1.22e-05, α=0.000, ‖θ[1:]‖₁=93.000, h_range=[1.00e-08, 1.17e+01], num_knots=1781
2025-09-01 15:28:52,961 - Iter 32700: obj=-903.306476, change=1.22e-05, α=0.000, ‖θ[1:]‖₁=93.000, h_range=[1.00e-08, 1.17e+01], num_knots=1781
2025-09-01 15:28:53,051 - Iter 32710: obj=-903.310891, change=1.22e-05, α=0.000, ‖θ[1:]‖₁=93.000, h_range=[1.00e-08, 1.17e+01], num_knots=1781
2025-09-01 15:28:53,161 - Iter 32720: obj=-903.315304, change=1.22e-05, α=0.000, ‖θ[1:]‖₁=93.001, h_range=[1.00e-08, 1.17e+01], num_knots=1781
2025-09-01 15:28:53,265 - Iter 32730: obj=-903.319717, change=1.22e-05, α=0.000, ‖θ[1:]‖₁=93.001, h_range=[1.00e-08, 1.17e+01], num_knots=1781
2025-09-01 15:28:53,382 - Iter 32740: obj=-903.324129, change=1.22e-05, α=0.000, ‖θ[1:]‖₁=93.002, h_range=[1.00e-08, 1.17e+01], num_knots=1781
2025-09-01 15:28:53,495 - Iter 32750: obj=-903.328540, change=1.22e-05, α=0.000, ‖θ[1:]‖₁=93.002, h_range=[1.00e-08, 1.17e+01], num_knots=1781
2025-09-01 15:28:53,618 - Iter 32760: obj=-903.332949, change=1.22e-05, α=0.000, ‖θ[1:]‖₁=93.003, h_range=[1.00e-08, 1.17e+01], num_knots=1781
2025-09-01 15:28:53,713 - Iter 32770: obj=-903.337358, change=1.22e-05, α=0.000, ‖θ[1:]‖₁=93.003, h_range=[1.00e-08, 1.17e+01], num_knots=1781
2025-09-01 15:28:53,822 - Iter 32780: obj=-903.341766, change=1.22e-05, α=0.000, ‖θ[1:]‖₁=93.003, h_range=[1.00e-08, 1.17e+01], num_knots=1781
2025-09-01 15:28:53,944 - Iter 32790: obj=-903.346173, change=1.22e-05, α=0.000, ‖θ[1:]‖₁=93.004, h_range=[1.00e-08, 1.17e+01], num_knots=1781
2025-09-01 15:28:54,071 - Iter 32800: obj=-903.350579, change=1.22e-05, α=0.000, ‖θ[1:]‖₁=93.004, h_range=[1.00e-08, 1.17e+01], num_knots=1781
2025-09-01 15:28:54,165 - Iter 32810: obj=-903.354984, change=1.22e-05, α=0.000, ‖θ[1:]‖₁=93.005, h_range=[1.00e-08, 1.17e+01], num_knots=1781
2025-09-01 15:28:54,269 - Iter 32820: obj=-903.359388, change=1.22e-05, α=0.000, ‖θ[1:]‖₁=93.005, h_range=[1.00e-08, 1.17e+01], num_knots=1781
2025-09-01 15:28:54,358 - Iter 32830: obj=-903.363791, change=1.22e-05, α=0.000, ‖θ[1:]‖₁=93.005, h_range=[1.00e-08, 1.17e+01], num_knots=1781
2025-09-01 15:28:54,474 - Iter 32840: obj=-903.368193, change=1.22e-05, α=0.000, ‖θ[1:]‖₁=93.006, h_range=[1.00e-08, 1.17e+01], num_knots=1781
2025-09-01 15:28:54,589 - Iter 32850: obj=-903.372594, change=1.22e-05, α=0.000, ‖θ[1:]‖₁=93.006, h_range=[1.00e-08, 1.17e+01], num_knots=1781
2025-09-01 15:28:54,692 - Iter 32860: obj=-903.376994, change=1.22e-05, α=0.000, ‖θ[1:]‖₁=93.007, h_range=[1.00e-08, 1.17e+01], num_knots=1781
2025-09-01 15:28:54,803 - Iter 32870: obj=-903.381393, change=1.22e-05, α=0.000, ‖θ[1:]‖₁=93.007, h_range=[1.00e-08, 1.17e+01], num_knots=1781
2025-09-01 15:28:54,913 - Iter 32880: obj=-903.385792, change=1.22e-05, α=0.000, ‖θ[1:]‖₁=93.007, h_range=[1.00e-08, 1.17e+01], num_knots=1781
2025-09-01 15:28:55,023 - Iter 32890: obj=-903.390189, change=1.22e-05, α=0.000, ‖θ[1:]‖₁=93.008, h_range=[1.00e-08, 1.17e+01], num_knots=1781
2025-09-01 15:28:55,149 - Iter 32900: obj=-903.394585, change=1.22e-05, α=0.000, ‖θ[1:]‖₁=93.008, h_range=[1.00e-08, 1.17e+01], num_knots=1781
2025-09-01 15:28:55,278 - Iter 32910: obj=-903.398972, change=1.22e-05, α=0.000, ‖θ[1:]‖₁=93.008, h_range=[1.00e-08, 1.17e+01], num_knots=1780
2025-09-01 15:28:55,403 - Iter 32920: obj=-903.403356, change=1.22e-05, α=0.000, ‖θ[1:]‖₁=93.009, h_range=[1.00e-08, 1.17e+01], num_knots=1780
2025-09-01 15:28:55,521 - Iter 32930: obj=-903.407739, change=1.22e-05, α=0.000, ‖θ[1:]‖₁=93.009, h_range=[1.00e-08, 1.17e+01], num_knots=1780
2025-09-01 15:28:55,628 - Iter 32940: obj=-903.412121, change=1.22e-05, α=0.000, ‖θ[1:]‖₁=93.010, h_range=[1.00e-08, 1.17e+01], num_knots=1780
2025-09-01 15:28:55,736 - Iter 32950: obj=-903.416502, change=1.22e-05, α=0.000, ‖θ[1:]‖₁=93.010, h_range=[1.00e-08, 1.17e+01], num_knots=1780
2025-09-01 15:28:55,838 - Iter 32960: obj=-903.420883, change=1.22e-05, α=0.000, ‖θ[1:]‖₁=93.011, h_range=[1.00e-08, 1.17e+01], num_knots=1780
2025-09-01 15:28:55,952 - Iter 32970: obj=-903.425262, change=1.22e-05, α=0.000, ‖θ[1:]‖₁=93.011, h_range=[1.00e-08, 1.17e+01], num_knots=1780
2025-09-01 15:28:56,066 - Iter 32980: obj=-903.429641, change=1.22e-05, α=0.000, ‖θ[1:]‖₁=93.011, h_range=[1.00e-08, 1.17e+01], num_knots=1780
2025-09-01 15:28:56,172 - Iter 32990: obj=-903.434018, change=1.22e-05, α=0.000, ‖θ[1:]‖₁=93.012, h_range=[1.00e-08, 1.17e+01], num_knots=1780
2025-09-01 15:28:56,278 - Iter 33000: obj=-903.438395, change=1.22e-05, α=0.000, ‖θ[1:]‖₁=93.012, h_range=[1.00e-08, 1.17e+01], num_knots=1780
2025-09-01 15:28:56,399 - Iter 33010: obj=-903.442770, change=1.22e-05, α=0.000, ‖θ[1:]‖₁=93.013, h_range=[1.00e-08, 1.17e+01], num_knots=1780
2025-09-01 15:28:56,499 - Iter 33020: obj=-903.447145, change=1.22e-05, α=0.000, ‖θ[1:]‖₁=93.013, h_range=[1.00e-08, 1.17e+01], num_knots=1779
2025-09-01 15:28:56,622 - Iter 33030: obj=-903.451509, change=1.22e-05, α=0.000, ‖θ[1:]‖₁=93.013, h_range=[1.00e-08, 1.17e+01], num_knots=1779
2025-09-01 15:28:56,734 - Iter 33040: obj=-903.455873, change=1.22e-05, α=0.000, ‖θ[1:]‖₁=93.014, h_range=[1.00e-08, 1.17e+01], num_knots=1779
2025-09-01 15:28:56,835 - Iter 33050: obj=-903.460235, change=1.22e-05, α=0.000, ‖θ[1:]‖₁=93.014, h_range=[1.00e-08, 1.17e+01], num_knots=1779
2025-09-01 15:28:56,955 - Iter 33060: obj=-903.464597, change=1.22e-05, α=0.000, ‖θ[1:]‖₁=93.015, h_range=[1.00e-08, 1.17e+01], num_knots=1779
2025-09-01 15:28:57,097 - Iter 33070: obj=-903.468957, change=1.22e-05, α=0.000, ‖θ[1:]‖₁=93.015, h_range=[1.00e-08, 1.17e+01], num_knots=1779
2025-09-01 15:28:57,201 - Iter 33080: obj=-903.473316, change=1.22e-05, α=0.000, ‖θ[1:]‖₁=93.015, h_range=[1.00e-08, 1.17e+01], num_knots=1779
2025-09-01 15:28:57,322 - Iter 33090: obj=-903.477675, change=1.22e-05, α=0.000, ‖θ[1:]‖₁=93.016, h_range=[1.00e-08, 1.17e+01], num_knots=1778
2025-09-01 15:28:57,433 - Iter 33100: obj=-903.482031, change=1.22e-05, α=0.000, ‖θ[1:]‖₁=93.016, h_range=[1.00e-08, 1.17e+01], num_knots=1778
2025-09-01 15:28:57,544 - Iter 33110: obj=-903.486387, change=1.22e-05, α=0.000, ‖θ[1:]‖₁=93.017, h_range=[1.00e-08, 1.17e+01], num_knots=1777
2025-09-01 15:28:57,651 - Iter 33120: obj=-903.490699, change=1.22e-05, α=0.000, ‖θ[1:]‖₁=93.017, h_range=[1.00e-08, 1.17e+01], num_knots=1777
2025-09-01 15:28:57,762 - Iter 33130: obj=-903.495009, change=1.22e-05, α=0.000, ‖θ[1:]‖₁=93.018, h_range=[1.00e-08, 1.17e+01], num_knots=1777
2025-09-01 15:28:57,882 - Iter 33140: obj=-903.499318, change=1.22e-05, α=0.000, ‖θ[1:]‖₁=93.018, h_range=[1.00e-08, 1.17e+01], num_knots=1777
2025-09-01 15:28:58,001 - Iter 33150: obj=-903.503626, change=1.22e-05, α=0.000, ‖θ[1:]‖₁=93.019, h_range=[1.00e-08, 1.17e+01], num_knots=1776
2025-09-01 15:28:58,130 - Iter 33160: obj=-903.507932, change=1.22e-05, α=0.000, ‖θ[1:]‖₁=93.019, h_range=[1.00e-08, 1.17e+01], num_knots=1776
2025-09-01 15:28:58,241 - Iter 33170: obj=-903.512199, change=1.22e-05, α=0.000, ‖θ[1:]‖₁=93.020, h_range=[1.00e-08, 1.17e+01], num_knots=1775
2025-09-01 15:28:58,349 - Iter 33180: obj=-903.516460, change=1.22e-05, α=0.000, ‖θ[1:]‖₁=93.020, h_range=[1.00e-08, 1.17e+01], num_knots=1775
2025-09-01 15:28:58,466 - Iter 33190: obj=-903.520720, change=1.22e-05, α=0.000, ‖θ[1:]‖₁=93.021, h_range=[1.00e-08, 1.17e+01], num_knots=1775
2025-09-01 15:28:58,565 - Iter 33200: obj=-903.524979, change=1.22e-05, α=0.000, ‖θ[1:]‖₁=93.021, h_range=[1.00e-08, 1.17e+01], num_knots=1775
2025-09-01 15:28:58,675 - Iter 33210: obj=-903.529237, change=1.22e-05, α=0.000, ‖θ[1:]‖₁=93.022, h_range=[1.00e-08, 1.17e+01], num_knots=1775
2025-09-01 15:28:58,789 - Iter 33220: obj=-903.533494, change=1.22e-05, α=0.000, ‖θ[1:]‖₁=93.022, h_range=[1.00e-08, 1.17e+01], num_knots=1775
2025-09-01 15:28:58,894 - Iter 33230: obj=-903.537745, change=1.22e-05, α=0.000, ‖θ[1:]‖₁=93.023, h_range=[1.00e-08, 1.17e+01], num_knots=1774
2025-09-01 15:28:58,989 - Iter 33240: obj=-903.541991, change=1.22e-05, α=0.000, ‖θ[1:]‖₁=93.023, h_range=[1.00e-08, 1.17e+01], num_knots=1774
2025-09-01 15:28:59,092 - Iter 33250: obj=-903.546236, change=1.22e-05, α=0.000, ‖θ[1:]‖₁=93.024, h_range=[1.00e-08, 1.17e+01], num_knots=1774
2025-09-01 15:28:59,187 - Iter 33260: obj=-903.550479, change=1.21e-05, α=0.000, ‖θ[1:]‖₁=93.024, h_range=[1.00e-08, 1.17e+01], num_knots=1774
2025-09-01 15:28:59,295 - Iter 33270: obj=-903.554722, change=1.21e-05, α=0.000, ‖θ[1:]‖₁=93.025, h_range=[1.00e-08, 1.17e+01], num_knots=1774
2025-09-01 15:28:59,401 - Iter 33280: obj=-903.558964, change=1.21e-05, α=0.000, ‖θ[1:]‖₁=93.025, h_range=[1.00e-08, 1.17e+01], num_knots=1774
2025-09-01 15:28:59,509 - Iter 33290: obj=-903.563205, change=1.21e-05, α=0.000, ‖θ[1:]‖₁=93.026, h_range=[1.00e-08, 1.17e+01], num_knots=1774
2025-09-01 15:28:59,636 - Iter 33300: obj=-903.567445, change=1.21e-05, α=0.000, ‖θ[1:]‖₁=93.026, h_range=[1.00e-08, 1.17e+01], num_knots=1774
2025-09-01 15:28:59,740 - Iter 33310: obj=-903.571684, change=1.21e-05, α=0.000, ‖θ[1:]‖₁=93.027, h_range=[1.00e-08, 1.17e+01], num_knots=1774
2025-09-01 15:28:59,842 - Iter 33320: obj=-903.575922, change=1.21e-05, α=0.000, ‖θ[1:]‖₁=93.027, h_range=[1.00e-08, 1.17e+01], num_knots=1774
2025-09-01 15:28:59,938 - Iter 33330: obj=-903.580159, change=1.21e-05, α=0.000, ‖θ[1:]‖₁=93.028, h_range=[1.00e-08, 1.17e+01], num_knots=1774
2025-09-01 15:29:00,059 - Iter 33340: obj=-903.584396, change=1.21e-05, α=0.000, ‖θ[1:]‖₁=93.028, h_range=[1.00e-08, 1.17e+01], num_knots=1774
2025-09-01 15:29:00,169 - Iter 33350: obj=-903.588631, change=1.21e-05, α=0.000, ‖θ[1:]‖₁=93.029, h_range=[1.00e-08, 1.17e+01], num_knots=1774
2025-09-01 15:29:00,316 - Iter 33360: obj=-903.592865, change=1.21e-05, α=0.000, ‖θ[1:]‖₁=93.029, h_range=[1.00e-08, 1.17e+01], num_knots=1774
2025-09-01 15:29:00,433 - Iter 33370: obj=-903.597099, change=1.21e-05, α=0.000, ‖θ[1:]‖₁=93.030, h_range=[1.00e-08, 1.17e+01], num_knots=1774
2025-09-01 15:29:00,548 - Iter 33380: obj=-903.601331, change=1.21e-05, α=0.000, ‖θ[1:]‖₁=93.030, h_range=[1.00e-08, 1.17e+01], num_knots=1774
2025-09-01 15:29:00,649 - Iter 33390: obj=-903.605562, change=1.21e-05, α=0.000, ‖θ[1:]‖₁=93.031, h_range=[1.00e-08, 1.17e+01], num_knots=1774
2025-09-01 15:29:00,772 - Iter 33400: obj=-903.609793, change=1.21e-05, α=0.000, ‖θ[1:]‖₁=93.031, h_range=[1.00e-08, 1.17e+01], num_knots=1774
2025-09-01 15:29:00,870 - Iter 33410: obj=-903.614023, change=1.21e-05, α=0.000, ‖θ[1:]‖₁=93.032, h_range=[1.00e-08, 1.17e+01], num_knots=1774
2025-09-01 15:29:00,970 - Iter 33420: obj=-903.618251, change=1.21e-05, α=0.000, ‖θ[1:]‖₁=93.032, h_range=[1.00e-08, 1.17e+01], num_knots=1774
2025-09-01 15:29:01,086 - Iter 33430: obj=-903.622479, change=1.21e-05, α=0.000, ‖θ[1:]‖₁=93.033, h_range=[1.00e-08, 1.17e+01], num_knots=1774
2025-09-01 15:29:01,195 - Iter 33440: obj=-903.626706, change=1.21e-05, α=0.000, ‖θ[1:]‖₁=93.033, h_range=[1.00e-08, 1.17e+01], num_knots=1774
2025-09-01 15:29:01,291 - Iter 33450: obj=-903.630932, change=1.21e-05, α=0.000, ‖θ[1:]‖₁=93.034, h_range=[1.00e-08, 1.17e+01], num_knots=1774
2025-09-01 15:29:01,402 - Iter 33460: obj=-903.635157, change=1.21e-05, α=0.000, ‖θ[1:]‖₁=93.034, h_range=[1.00e-08, 1.17e+01], num_knots=1774
2025-09-01 15:29:01,510 - Iter 33470: obj=-903.639381, change=1.21e-05, α=0.000, ‖θ[1:]‖₁=93.035, h_range=[1.00e-08, 1.17e+01], num_knots=1774
2025-09-01 15:29:01,630 - Iter 33480: obj=-903.643604, change=1.21e-05, α=0.000, ‖θ[1:]‖₁=93.035, h_range=[1.00e-08, 1.17e+01], num_knots=1774
2025-09-01 15:29:01,723 - Iter 33490: obj=-903.647826, change=1.21e-05, α=0.000, ‖θ[1:]‖₁=93.036, h_range=[1.00e-08, 1.17e+01], num_knots=1774
2025-09-01 15:29:01,828 - Iter 33500: obj=-903.652047, change=1.21e-05, α=0.000, ‖θ[1:]‖₁=93.036, h_range=[1.00e-08, 1.17e+01], num_knots=1774
2025-09-01 15:29:01,929 - Iter 33510: obj=-903.656267, change=1.21e-05, α=0.000, ‖θ[1:]‖₁=93.037, h_range=[1.00e-08, 1.17e+01], num_knots=1774
2025-09-01 15:29:02,047 - Iter 33520: obj=-903.660486, change=1.21e-05, α=0.000, ‖θ[1:]‖₁=93.037, h_range=[1.00e-08, 1.17e+01], num_knots=1774
2025-09-01 15:29:02,156 - Iter 33530: obj=-903.664705, change=1.21e-05, α=0.000, ‖θ[1:]‖₁=93.038, h_range=[1.00e-08, 1.17e+01], num_knots=1774
2025-09-01 15:29:02,258 - Iter 33540: obj=-903.668922, change=1.21e-05, α=0.000, ‖θ[1:]‖₁=93.038, h_range=[1.00e-08, 1.17e+01], num_knots=1774
2025-09-01 15:29:02,359 - Iter 33550: obj=-903.673139, change=1.21e-05, α=0.000, ‖θ[1:]‖₁=93.039, h_range=[1.00e-08, 1.17e+01], num_knots=1774
2025-09-01 15:29:02,473 - Iter 33560: obj=-903.677354, change=1.21e-05, α=0.000, ‖θ[1:]‖₁=93.039, h_range=[1.00e-08, 1.17e+01], num_knots=1774
2025-09-01 15:29:02,593 - Iter 33570: obj=-903.681569, change=1.21e-05, α=0.000, ‖θ[1:]‖₁=93.040, h_range=[1.00e-08, 1.17e+01], num_knots=1774
2025-09-01 15:29:02,713 - Iter 33580: obj=-903.685783, change=1.21e-05, α=0.000, ‖θ[1:]‖₁=93.040, h_range=[1.00e-08, 1.17e+01], num_knots=1774
2025-09-01 15:29:02,818 - Iter 33590: obj=-903.689996, change=1.21e-05, α=0.000, ‖θ[1:]‖₁=93.041, h_range=[1.00e-08, 1.17e+01], num_knots=1774
2025-09-01 15:29:02,948 - Iter 33600: obj=-903.694208, change=1.21e-05, α=0.000, ‖θ[1:]‖₁=93.041, h_range=[1.00e-08, 1.17e+01], num_knots=1774
2025-09-01 15:29:03,068 - Iter 33610: obj=-903.698419, change=1.21e-05, α=0.000, ‖θ[1:]‖₁=93.042, h_range=[1.00e-08, 1.17e+01], num_knots=1774
2025-09-01 15:29:03,194 - Iter 33620: obj=-903.702629, change=1.21e-05, α=0.000, ‖θ[1:]‖₁=93.042, h_range=[1.00e-08, 1.17e+01], num_knots=1774
2025-09-01 15:29:03,329 - Iter 33630: obj=-903.706838, change=1.21e-05, α=0.000, ‖θ[1:]‖₁=93.043, h_range=[1.00e-08, 1.17e+01], num_knots=1774
2025-09-01 15:29:03,445 - Iter 33640: obj=-903.711046, change=1.21e-05, α=0.000, ‖θ[1:]‖₁=93.043, h_range=[1.00e-08, 1.17e+01], num_knots=1774
2025-09-01 15:29:03,557 - Iter 33650: obj=-903.715254, change=1.21e-05, α=0.000, ‖θ[1:]‖₁=93.043, h_range=[1.00e-08, 1.17e+01], num_knots=1774
2025-09-01 15:29:03,651 - Iter 33660: obj=-903.719460, change=1.21e-05, α=0.000, ‖θ[1:]‖₁=93.044, h_range=[1.00e-08, 1.17e+01], num_knots=1774
2025-09-01 15:29:03,751 - Iter 33670: obj=-903.723665, change=1.21e-05, α=0.000, ‖θ[1:]‖₁=93.044, h_range=[1.00e-08, 1.17e+01], num_knots=1774
2025-09-01 15:29:03,855 - Iter 33680: obj=-903.727870, change=1.21e-05, α=0.000, ‖θ[1:]‖₁=93.045, h_range=[1.00e-08, 1.17e+01], num_knots=1774
2025-09-01 15:29:03,957 - Iter 33690: obj=-903.732074, change=1.21e-05, α=0.000, ‖θ[1:]‖₁=93.045, h_range=[1.00e-08, 1.17e+01], num_knots=1774
2025-09-01 15:29:04,081 - Iter 33700: obj=-903.736276, change=1.21e-05, α=0.000, ‖θ[1:]‖₁=93.046, h_range=[1.00e-08, 1.17e+01], num_knots=1774
2025-09-01 15:29:04,186 - Iter 33710: obj=-903.740478, change=1.21e-05, α=0.000, ‖θ[1:]‖₁=93.046, h_range=[1.00e-08, 1.17e+01], num_knots=1774
2025-09-01 15:29:04,284 - Iter 33720: obj=-903.744679, change=1.21e-05, α=0.000, ‖θ[1:]‖₁=93.047, h_range=[1.00e-08, 1.17e+01], num_knots=1774
2025-09-01 15:29:04,393 - Iter 33730: obj=-903.748879, change=1.21e-05, α=0.000, ‖θ[1:]‖₁=93.047, h_range=[1.00e-08, 1.17e+01], num_knots=1774
2025-09-01 15:29:04,503 - Iter 33740: obj=-903.753078, change=1.21e-05, α=0.000, ‖θ[1:]‖₁=93.048, h_range=[1.00e-08, 1.17e+01], num_knots=1774
2025-09-01 15:29:04,634 - Iter 33750: obj=-903.757277, change=1.21e-05, α=0.000, ‖θ[1:]‖₁=93.048, h_range=[1.00e-08, 1.17e+01], num_knots=1774
2025-09-01 15:29:04,734 - Iter 33760: obj=-903.761474, change=1.21e-05, α=0.000, ‖θ[1:]‖₁=93.048, h_range=[1.00e-08, 1.17e+01], num_knots=1774
2025-09-01 15:29:04,839 - Iter 33770: obj=-903.765670, change=1.21e-05, α=0.000, ‖θ[1:]‖₁=93.049, h_range=[1.00e-08, 1.17e+01], num_knots=1774
2025-09-01 15:29:04,939 - Iter 33780: obj=-903.769866, change=1.21e-05, α=0.000, ‖θ[1:]‖₁=93.049, h_range=[1.00e-08, 1.17e+01], num_knots=1774
2025-09-01 15:29:05,052 - Iter 33790: obj=-903.774060, change=1.21e-05, α=0.000, ‖θ[1:]‖₁=93.050, h_range=[1.00e-08, 1.17e+01], num_knots=1774
2025-09-01 15:29:05,144 - Iter 33800: obj=-903.778254, change=1.21e-05, α=0.000, ‖θ[1:]‖₁=93.050, h_range=[1.00e-08, 1.17e+01], num_knots=1774
2025-09-01 15:29:05,285 - Iter 33810: obj=-903.782447, change=1.21e-05, α=0.000, ‖θ[1:]‖₁=93.051, h_range=[1.00e-08, 1.17e+01], num_knots=1774
2025-09-01 15:29:05,411 - Iter 33820: obj=-903.786639, change=1.21e-05, α=0.000, ‖θ[1:]‖₁=93.051, h_range=[1.00e-08, 1.17e+01], num_knots=1774
2025-09-01 15:29:05,524 - Iter 33830: obj=-903.790830, change=1.21e-05, α=0.000, ‖θ[1:]‖₁=93.052, h_range=[1.00e-08, 1.17e+01], num_knots=1774
2025-09-01 15:29:05,652 - Iter 33840: obj=-903.795020, change=1.21e-05, α=0.000, ‖θ[1:]‖₁=93.052, h_range=[1.00e-08, 1.17e+01], num_knots=1774
2025-09-01 15:29:05,758 - Iter 33850: obj=-903.799209, change=1.21e-05, α=0.000, ‖θ[1:]‖₁=93.052, h_range=[1.00e-08, 1.17e+01], num_knots=1774
2025-09-01 15:29:05,878 - Iter 33860: obj=-903.803397, change=1.21e-05, α=0.000, ‖θ[1:]‖₁=93.053, h_range=[1.00e-08, 1.17e+01], num_knots=1774
2025-09-01 15:29:05,994 - Iter 33870: obj=-903.807584, change=1.21e-05, α=0.000, ‖θ[1:]‖₁=93.053, h_range=[1.00e-08, 1.17e+01], num_knots=1774
2025-09-01 15:29:06,108 - Iter 33880: obj=-903.811771, change=1.21e-05, α=0.000, ‖θ[1:]‖₁=93.054, h_range=[1.00e-08, 1.17e+01], num_knots=1774
2025-09-01 15:29:06,232 - Iter 33890: obj=-903.815956, change=1.20e-05, α=0.000, ‖θ[1:]‖₁=93.054, h_range=[1.00e-08, 1.17e+01], num_knots=1774
2025-09-01 15:29:06,352 - Iter 33900: obj=-903.820141, change=1.20e-05, α=0.000, ‖θ[1:]‖₁=93.054, h_range=[1.00e-08, 1.17e+01], num_knots=1774
2025-09-01 15:29:06,471 - Iter 33910: obj=-903.824325, change=1.20e-05, α=0.000, ‖θ[1:]‖₁=93.055, h_range=[1.00e-08, 1.17e+01], num_knots=1774
2025-09-01 15:29:06,582 - Iter 33920: obj=-903.828508, change=1.20e-05, α=0.000, ‖θ[1:]‖₁=93.055, h_range=[1.00e-08, 1.17e+01], num_knots=1774
2025-09-01 15:29:06,706 - Iter 33930: obj=-903.832690, change=1.20e-05, α=0.000, ‖θ[1:]‖₁=93.056, h_range=[1.00e-08, 1.17e+01], num_knots=1774
2025-09-01 15:29:06,800 - Iter 33940: obj=-903.836871, change=1.20e-05, α=0.000, ‖θ[1:]‖₁=93.056, h_range=[1.00e-08, 1.17e+01], num_knots=1774
2025-09-01 15:29:06,905 - Iter 33950: obj=-903.841051, change=1.20e-05, α=0.000, ‖θ[1:]‖₁=93.057, h_range=[1.00e-08, 1.17e+01], num_knots=1774
2025-09-01 15:29:07,061 - Iter 33960: obj=-903.845230, change=1.20e-05, α=0.000, ‖θ[1:]‖₁=93.057, h_range=[1.00e-08, 1.17e+01], num_knots=1774
2025-09-01 15:29:07,172 - Iter 33970: obj=-903.849409, change=1.20e-05, α=0.000, ‖θ[1:]‖₁=93.057, h_range=[1.00e-08, 1.17e+01], num_knots=1774
2025-09-01 15:29:07,279 - Iter 33980: obj=-903.853586, change=1.20e-05, α=0.000, ‖θ[1:]‖₁=93.058, h_range=[1.00e-08, 1.17e+01], num_knots=1774
2025-09-01 15:29:07,406 - Iter 33990: obj=-903.857763, change=1.20e-05, α=0.000, ‖θ[1:]‖₁=93.058, h_range=[1.00e-08, 1.17e+01], num_knots=1774
2025-09-01 15:29:07,521 - Iter 34000: obj=-903.861939, change=1.20e-05, α=0.000, ‖θ[1:]‖₁=93.059, h_range=[1.00e-08, 1.17e+01], num_knots=1774
2025-09-01 15:29:07,616 - Iter 34010: obj=-903.866114, change=1.20e-05, α=0.000, ‖θ[1:]‖₁=93.059, h_range=[1.00e-08, 1.17e+01], num_knots=1774
2025-09-01 15:29:07,721 - Iter 34020: obj=-903.870288, change=1.20e-05, α=0.000, ‖θ[1:]‖₁=93.059, h_range=[1.00e-08, 1.17e+01], num_knots=1774
2025-09-01 15:29:07,829 - Iter 34030: obj=-903.874461, change=1.20e-05, α=0.000, ‖θ[1:]‖₁=93.060, h_range=[1.00e-08, 1.17e+01], num_knots=1774
2025-09-01 15:29:07,948 - Iter 34040: obj=-903.878633, change=1.20e-05, α=0.000, ‖θ[1:]‖₁=93.060, h_range=[1.00e-08, 1.17e+01], num_knots=1774
2025-09-01 15:29:08,076 - Iter 34050: obj=-903.882804, change=1.20e-05, α=0.000, ‖θ[1:]‖₁=93.061, h_range=[1.00e-08, 1.17e+01], num_knots=1774
2025-09-01 15:29:08,184 - Iter 34060: obj=-903.886975, change=1.20e-05, α=0.000, ‖θ[1:]‖₁=93.061, h_range=[1.00e-08, 1.17e+01], num_knots=1774
2025-09-01 15:29:08,292 - Iter 34070: obj=-903.891144, change=1.20e-05, α=0.000, ‖θ[1:]‖₁=93.061, h_range=[1.00e-08, 1.17e+01], num_knots=1774
2025-09-01 15:29:08,409 - Iter 34080: obj=-903.895313, change=1.20e-05, α=0.000, ‖θ[1:]‖₁=93.062, h_range=[1.00e-08, 1.17e+01], num_knots=1774
2025-09-01 15:29:08,565 - Iter 34090: obj=-903.899481, change=1.20e-05, α=0.000, ‖θ[1:]‖₁=93.062, h_range=[1.00e-08, 1.17e+01], num_knots=1774
2025-09-01 15:29:08,717 - Iter 34100: obj=-903.903648, change=1.20e-05, α=0.000, ‖θ[1:]‖₁=93.063, h_range=[1.00e-08, 1.17e+01], num_knots=1774
2025-09-01 15:29:08,838 - Iter 34110: obj=-903.907814, change=1.20e-05, α=0.000, ‖θ[1:]‖₁=93.063, h_range=[1.00e-08, 1.17e+01], num_knots=1774
2025-09-01 15:29:08,945 - Iter 34120: obj=-903.911979, change=1.20e-05, α=0.000, ‖θ[1:]‖₁=93.063, h_range=[1.00e-08, 1.17e+01], num_knots=1774
2025-09-01 15:29:09,060 - Iter 34130: obj=-903.916143, change=1.20e-05, α=0.000, ‖θ[1:]‖₁=93.064, h_range=[1.00e-08, 1.17e+01], num_knots=1774
2025-09-01 15:29:09,167 - Iter 34140: obj=-903.920306, change=1.20e-05, α=0.000, ‖θ[1:]‖₁=93.064, h_range=[1.00e-08, 1.17e+01], num_knots=1774
2025-09-01 15:29:09,256 - Iter 34150: obj=-903.924469, change=1.20e-05, α=0.000, ‖θ[1:]‖₁=93.064, h_range=[1.00e-08, 1.17e+01], num_knots=1774
2025-09-01 15:29:09,409 - Iter 34160: obj=-903.928631, change=1.20e-05, α=0.000, ‖θ[1:]‖₁=93.065, h_range=[1.00e-08, 1.17e+01], num_knots=1774
2025-09-01 15:29:09,513 - Iter 34170: obj=-903.932791, change=1.20e-05, α=0.000, ‖θ[1:]‖₁=93.065, h_range=[1.00e-08, 1.17e+01], num_knots=1774
2025-09-01 15:29:09,616 - Iter 34180: obj=-903.936951, change=1.20e-05, α=0.000, ‖θ[1:]‖₁=93.066, h_range=[1.00e-08, 1.17e+01], num_knots=1774
2025-09-01 15:29:09,737 - Iter 34190: obj=-903.941110, change=1.20e-05, α=0.000, ‖θ[1:]‖₁=93.066, h_range=[1.00e-08, 1.17e+01], num_knots=1774
2025-09-01 15:29:09,831 - Iter 34200: obj=-903.945269, change=1.20e-05, α=0.000, ‖θ[1:]‖₁=93.066, h_range=[1.00e-08, 1.17e+01], num_knots=1774
2025-09-01 15:29:09,949 - Iter 34210: obj=-903.949426, change=1.20e-05, α=0.000, ‖θ[1:]‖₁=93.067, h_range=[1.00e-08, 1.17e+01], num_knots=1774
2025-09-01 15:29:10,062 - Iter 34220: obj=-903.953582, change=1.20e-05, α=0.000, ‖θ[1:]‖₁=93.067, h_range=[1.00e-08, 1.17e+01], num_knots=1774
2025-09-01 15:29:10,196 - Iter 34230: obj=-903.957738, change=1.20e-05, α=0.000, ‖θ[1:]‖₁=93.067, h_range=[1.00e-08, 1.17e+01], num_knots=1774
2025-09-01 15:29:10,339 - Iter 34240: obj=-903.961893, change=1.20e-05, α=0.000, ‖θ[1:]‖₁=93.068, h_range=[1.00e-08, 1.17e+01], num_knots=1774
2025-09-01 15:29:10,450 - Iter 34250: obj=-903.966046, change=1.20e-05, α=0.000, ‖θ[1:]‖₁=93.068, h_range=[1.00e-08, 1.17e+01], num_knots=1774
2025-09-01 15:29:10,560 - Iter 34260: obj=-903.970199, change=1.20e-05, α=0.000, ‖θ[1:]‖₁=93.069, h_range=[1.00e-08, 1.17e+01], num_knots=1774
2025-09-01 15:29:10,658 - Iter 34270: obj=-903.974351, change=1.20e-05, α=0.000, ‖θ[1:]‖₁=93.069, h_range=[1.00e-08, 1.17e+01], num_knots=1774
2025-09-01 15:29:10,752 - Iter 34280: obj=-903.978502, change=1.20e-05, α=0.000, ‖θ[1:]‖₁=93.069, h_range=[1.00e-08, 1.17e+01], num_knots=1773
2025-09-01 15:29:10,854 - Iter 34290: obj=-903.982643, change=1.20e-05, α=0.000, ‖θ[1:]‖₁=93.070, h_range=[1.00e-08, 1.17e+01], num_knots=1773
2025-09-01 15:29:10,968 - Iter 34300: obj=-903.986784, change=1.20e-05, α=0.000, ‖θ[1:]‖₁=93.070, h_range=[1.00e-08, 1.17e+01], num_knots=1773
2025-09-01 15:29:11,067 - Iter 34310: obj=-903.990923, change=1.20e-05, α=0.000, ‖θ[1:]‖₁=93.070, h_range=[1.00e-08, 1.17e+01], num_knots=1773
2025-09-01 15:29:11,188 - Iter 34320: obj=-903.995062, change=1.20e-05, α=0.000, ‖θ[1:]‖₁=93.071, h_range=[1.00e-08, 1.17e+01], num_knots=1773
2025-09-01 15:29:11,286 - Iter 34330: obj=-903.999200, change=1.20e-05, α=0.000, ‖θ[1:]‖₁=93.071, h_range=[1.00e-08, 1.17e+01], num_knots=1773
2025-09-01 15:29:11,379 - Iter 34340: obj=-904.003337, change=1.20e-05, α=0.000, ‖θ[1:]‖₁=93.072, h_range=[1.00e-08, 1.17e+01], num_knots=1773
2025-09-01 15:29:11,465 - Iter 34350: obj=-904.007473, change=1.20e-05, α=0.000, ‖θ[1:]‖₁=93.072, h_range=[1.00e-08, 1.17e+01], num_knots=1773
2025-09-01 15:29:11,577 - Iter 34360: obj=-904.011608, change=1.20e-05, α=0.000, ‖θ[1:]‖₁=93.072, h_range=[1.00e-08, 1.17e+01], num_knots=1773
2025-09-01 15:29:11,682 - Iter 34370: obj=-904.015742, change=1.20e-05, α=0.000, ‖θ[1:]‖₁=93.073, h_range=[1.00e-08, 1.17e+01], num_knots=1773
2025-09-01 15:29:11,779 - Iter 34380: obj=-904.019876, change=1.20e-05, α=0.000, ‖θ[1:]‖₁=93.073, h_range=[1.00e-08, 1.17e+01], num_knots=1773
2025-09-01 15:29:11,901 - Iter 34390: obj=-904.024008, change=1.20e-05, α=0.000, ‖θ[1:]‖₁=93.073, h_range=[1.00e-08, 1.17e+01], num_knots=1773
2025-09-01 15:29:12,013 - Iter 34400: obj=-904.028140, change=1.20e-05, α=0.000, ‖θ[1:]‖₁=93.074, h_range=[1.00e-08, 1.17e+01], num_knots=1773
2025-09-01 15:29:12,132 - Iter 34410: obj=-904.032271, change=1.20e-05, α=0.000, ‖θ[1:]‖₁=93.074, h_range=[1.00e-08, 1.17e+01], num_knots=1773
2025-09-01 15:29:12,354 - Iter 34420: obj=-904.036401, change=1.20e-05, α=0.000, ‖θ[1:]‖₁=93.075, h_range=[1.00e-08, 1.17e+01], num_knots=1773
2025-09-01 15:29:12,626 - Iter 34430: obj=-904.040530, change=1.20e-05, α=0.000, ‖θ[1:]‖₁=93.075, h_range=[1.00e-08, 1.17e+01], num_knots=1773
2025-09-01 15:29:12,756 - Iter 34440: obj=-904.044658, change=1.20e-05, α=0.000, ‖θ[1:]‖₁=93.075, h_range=[1.00e-08, 1.17e+01], num_knots=1773
2025-09-01 15:29:12,851 - Iter 34450: obj=-904.048786, change=1.20e-05, α=0.000, ‖θ[1:]‖₁=93.076, h_range=[1.00e-08, 1.17e+01], num_knots=1773
2025-09-01 15:29:12,972 - Iter 34460: obj=-904.052913, change=1.20e-05, α=0.000, ‖θ[1:]‖₁=93.076, h_range=[1.00e-08, 1.17e+01], num_knots=1773
2025-09-01 15:29:13,081 - Iter 34470: obj=-904.057038, change=1.20e-05, α=0.000, ‖θ[1:]‖₁=93.076, h_range=[1.00e-08, 1.17e+01], num_knots=1773
2025-09-01 15:29:13,181 - Iter 34480: obj=-904.061163, change=1.20e-05, α=0.000, ‖θ[1:]‖₁=93.077, h_range=[1.00e-08, 1.17e+01], num_knots=1773
2025-09-01 15:29:13,271 - Iter 34490: obj=-904.065287, change=1.20e-05, α=0.000, ‖θ[1:]‖₁=93.077, h_range=[1.00e-08, 1.17e+01], num_knots=1773
2025-09-01 15:29:13,372 - Iter 34500: obj=-904.069410, change=1.20e-05, α=0.000, ‖θ[1:]‖₁=93.078, h_range=[1.00e-08, 1.17e+01], num_knots=1773
2025-09-01 15:29:13,477 - Iter 34510: obj=-904.073533, change=1.20e-05, α=0.000, ‖θ[1:]‖₁=93.078, h_range=[1.00e-08, 1.17e+01], num_knots=1773
2025-09-01 15:29:13,579 - Iter 34520: obj=-904.077654, change=1.20e-05, α=0.000, ‖θ[1:]‖₁=93.078, h_range=[1.00e-08, 1.17e+01], num_knots=1773
2025-09-01 15:29:13,685 - Iter 34530: obj=-904.081775, change=1.20e-05, α=0.000, ‖θ[1:]‖₁=93.079, h_range=[1.00e-08, 1.17e+01], num_knots=1773
2025-09-01 15:29:13,805 - Iter 34540: obj=-904.085895, change=1.20e-05, α=0.000, ‖θ[1:]‖₁=93.079, h_range=[1.00e-08, 1.17e+01], num_knots=1773
2025-09-01 15:29:13,912 - Iter 34550: obj=-904.090014, change=1.20e-05, α=0.000, ‖θ[1:]‖₁=93.079, h_range=[1.00e-08, 1.17e+01], num_knots=1773
2025-09-01 15:29:14,023 - Iter 34560: obj=-904.094132, change=1.20e-05, α=0.000, ‖θ[1:]‖₁=93.080, h_range=[1.00e-08, 1.17e+01], num_knots=1773
2025-09-01 15:29:14,125 - Iter 34570: obj=-904.098249, change=1.19e-05, α=0.000, ‖θ[1:]‖₁=93.080, h_range=[1.00e-08, 1.17e+01], num_knots=1773
2025-09-01 15:29:14,289 - Iter 34580: obj=-904.102365, change=1.19e-05, α=0.000, ‖θ[1:]‖₁=93.080, h_range=[1.00e-08, 1.17e+01], num_knots=1773
2025-09-01 15:29:14,409 - Iter 34590: obj=-904.106481, change=1.19e-05, α=0.000, ‖θ[1:]‖₁=93.081, h_range=[1.00e-08, 1.17e+01], num_knots=1773
2025-09-01 15:29:14,548 - Iter 34600: obj=-904.110596, change=1.19e-05, α=0.000, ‖θ[1:]‖₁=93.081, h_range=[1.00e-08, 1.17e+01], num_knots=1773
2025-09-01 15:29:14,673 - Iter 34610: obj=-904.114709, change=1.19e-05, α=0.000, ‖θ[1:]‖₁=93.081, h_range=[1.00e-08, 1.17e+01], num_knots=1773
2025-09-01 15:29:14,786 - Iter 34620: obj=-904.118822, change=1.19e-05, α=0.000, ‖θ[1:]‖₁=93.082, h_range=[1.00e-08, 1.17e+01], num_knots=1772
2025-09-01 15:29:14,898 - Iter 34630: obj=-904.122933, change=1.19e-05, α=0.000, ‖θ[1:]‖₁=93.082, h_range=[1.00e-08, 1.17e+01], num_knots=1772
2025-09-01 15:29:15,002 - Iter 34640: obj=-904.127043, change=1.19e-05, α=0.000, ‖θ[1:]‖₁=93.082, h_range=[1.00e-08, 1.17e+01], num_knots=1772
2025-09-01 15:29:15,116 - Iter 34650: obj=-904.131152, change=1.19e-05, α=0.000, ‖θ[1:]‖₁=93.083, h_range=[1.00e-08, 1.17e+01], num_knots=1772
2025-09-01 15:29:15,222 - Iter 34660: obj=-904.135261, change=1.19e-05, α=0.000, ‖θ[1:]‖₁=93.083, h_range=[1.00e-08, 1.17e+01], num_knots=1772
2025-09-01 15:29:15,354 - Iter 34670: obj=-904.139368, change=1.19e-05, α=0.000, ‖θ[1:]‖₁=93.083, h_range=[1.00e-08, 1.17e+01], num_knots=1772
2025-09-01 15:29:15,466 - Iter 34680: obj=-904.143475, change=1.19e-05, α=0.000, ‖θ[1:]‖₁=93.084, h_range=[1.00e-08, 1.17e+01], num_knots=1772
2025-09-01 15:29:15,569 - Iter 34690: obj=-904.147581, change=1.19e-05, α=0.000, ‖θ[1:]‖₁=93.084, h_range=[1.00e-08, 1.17e+01], num_knots=1772
2025-09-01 15:29:15,668 - Iter 34700: obj=-904.151686, change=1.19e-05, α=0.000, ‖θ[1:]‖₁=93.084, h_range=[1.00e-08, 1.17e+01], num_knots=1772
2025-09-01 15:29:15,785 - Iter 34710: obj=-904.155791, change=1.19e-05, α=0.000, ‖θ[1:]‖₁=93.085, h_range=[1.00e-08, 1.17e+01], num_knots=1772
2025-09-01 15:29:15,907 - Iter 34720: obj=-904.159894, change=1.19e-05, α=0.000, ‖θ[1:]‖₁=93.085, h_range=[1.00e-08, 1.17e+01], num_knots=1772
2025-09-01 15:29:16,007 - Iter 34730: obj=-904.163997, change=1.19e-05, α=0.000, ‖θ[1:]‖₁=93.085, h_range=[1.00e-08, 1.17e+01], num_knots=1772
2025-09-01 15:29:16,118 - Iter 34740: obj=-904.168099, change=1.19e-05, α=0.000, ‖θ[1:]‖₁=93.086, h_range=[1.00e-08, 1.17e+01], num_knots=1772
2025-09-01 15:29:16,206 - Iter 34750: obj=-904.172200, change=1.19e-05, α=0.000, ‖θ[1:]‖₁=93.086, h_range=[1.00e-08, 1.17e+01], num_knots=1772
2025-09-01 15:29:16,323 - Iter 34760: obj=-904.176300, change=1.19e-05, α=0.000, ‖θ[1:]‖₁=93.086, h_range=[1.00e-08, 1.17e+01], num_knots=1772
2025-09-01 15:29:16,441 - Iter 34770: obj=-904.180399, change=1.19e-05, α=0.000, ‖θ[1:]‖₁=93.087, h_range=[1.00e-08, 1.17e+01], num_knots=1772
2025-09-01 15:29:16,566 - Iter 34780: obj=-904.184497, change=1.19e-05, α=0.000, ‖θ[1:]‖₁=93.087, h_range=[1.00e-08, 1.17e+01], num_knots=1772
2025-09-01 15:29:16,695 - Iter 34790: obj=-904.188595, change=1.19e-05, α=0.000, ‖θ[1:]‖₁=93.087, h_range=[1.00e-08, 1.17e+01], num_knots=1772
2025-09-01 15:29:16,807 - Iter 34800: obj=-904.192692, change=1.19e-05, α=0.000, ‖θ[1:]‖₁=93.088, h_range=[1.00e-08, 1.17e+01], num_knots=1772
2025-09-01 15:29:16,912 - Iter 34810: obj=-904.196780, change=1.19e-05, α=0.000, ‖θ[1:]‖₁=93.088, h_range=[1.00e-08, 1.17e+01], num_knots=1771
2025-09-01 15:29:17,012 - Iter 34820: obj=-904.200866, change=1.19e-05, α=0.000, ‖θ[1:]‖₁=93.088, h_range=[1.00e-08, 1.17e+01], num_knots=1771
2025-09-01 15:29:17,132 - Iter 34830: obj=-904.204951, change=1.19e-05, α=0.000, ‖θ[1:]‖₁=93.089, h_range=[1.00e-08, 1.17e+01], num_knots=1771
2025-09-01 15:29:17,262 - Iter 34840: obj=-904.209035, change=1.19e-05, α=0.000, ‖θ[1:]‖₁=93.089, h_range=[1.00e-08, 1.17e+01], num_knots=1771
2025-09-01 15:29:17,375 - Iter 34850: obj=-904.213118, change=1.19e-05, α=0.000, ‖θ[1:]‖₁=93.090, h_range=[1.00e-08, 1.17e+01], num_knots=1771
2025-09-01 15:29:17,481 - Iter 34860: obj=-904.217200, change=1.19e-05, α=0.000, ‖θ[1:]‖₁=93.090, h_range=[1.00e-08, 1.17e+01], num_knots=1771
2025-09-01 15:29:17,595 - Iter 34870: obj=-904.221282, change=1.19e-05, α=0.000, ‖θ[1:]‖₁=93.090, h_range=[1.00e-08, 1.17e+01], num_knots=1771
2025-09-01 15:29:17,703 - Iter 34880: obj=-904.225362, change=1.19e-05, α=0.000, ‖θ[1:]‖₁=93.091, h_range=[1.00e-08, 1.17e+01], num_knots=1770
2025-09-01 15:29:17,848 - Iter 34890: obj=-904.229439, change=1.19e-05, α=0.000, ‖θ[1:]‖₁=93.091, h_range=[1.00e-08, 1.17e+01], num_knots=1770
2025-09-01 15:29:17,958 - Iter 34900: obj=-904.233515, change=1.19e-05, α=0.000, ‖θ[1:]‖₁=93.091, h_range=[1.00e-08, 1.17e+01], num_knots=1770
2025-09-01 15:29:18,068 - Iter 34910: obj=-904.237590, change=1.19e-05, α=0.000, ‖θ[1:]‖₁=93.092, h_range=[1.00e-08, 1.17e+01], num_knots=1770
2025-09-01 15:29:18,183 - Iter 34920: obj=-904.241664, change=1.19e-05, α=0.000, ‖θ[1:]‖₁=93.092, h_range=[1.00e-08, 1.17e+01], num_knots=1770
2025-09-01 15:29:18,304 - Iter 34930: obj=-904.245738, change=1.19e-05, α=0.000, ‖θ[1:]‖₁=93.092, h_range=[1.00e-08, 1.17e+01], num_knots=1770
2025-09-01 15:29:18,436 - Iter 34940: obj=-904.249811, change=1.19e-05, α=0.000, ‖θ[1:]‖₁=93.093, h_range=[1.00e-08, 1.17e+01], num_knots=1770
2025-09-01 15:29:18,563 - Iter 34950: obj=-904.253883, change=1.19e-05, α=0.000, ‖θ[1:]‖₁=93.093, h_range=[1.00e-08, 1.17e+01], num_knots=1770
2025-09-01 15:29:18,675 - Iter 34960: obj=-904.257954, change=1.19e-05, α=0.000, ‖θ[1:]‖₁=93.093, h_range=[1.00e-08, 1.17e+01], num_knots=1770
2025-09-01 15:29:18,791 - Iter 34970: obj=-904.262024, change=1.19e-05, α=0.000, ‖θ[1:]‖₁=93.094, h_range=[1.00e-08, 1.17e+01], num_knots=1770
2025-09-01 15:29:18,910 - Iter 34980: obj=-904.266094, change=1.19e-05, α=0.000, ‖θ[1:]‖₁=93.094, h_range=[1.00e-08, 1.17e+01], num_knots=1770
2025-09-01 15:29:19,026 - Iter 34990: obj=-904.270163, change=1.19e-05, α=0.000, ‖θ[1:]‖₁=93.095, h_range=[1.00e-08, 1.17e+01], num_knots=1770
2025-09-01 15:29:19,126 - Iter 35000: obj=-904.274230, change=1.19e-05, α=0.000, ‖θ[1:]‖₁=93.095, h_range=[1.00e-08, 1.17e+01], num_knots=1770
2025-09-01 15:29:19,234 - Iter 35010: obj=-904.278298, change=1.19e-05, α=0.000, ‖θ[1:]‖₁=93.095, h_range=[1.00e-08, 1.17e+01], num_knots=1770
2025-09-01 15:29:19,344 - Iter 35020: obj=-904.282364, change=1.19e-05, α=0.000, ‖θ[1:]‖₁=93.096, h_range=[1.00e-08, 1.17e+01], num_knots=1770
2025-09-01 15:29:19,468 - Iter 35030: obj=-904.286429, change=1.19e-05, α=0.000, ‖θ[1:]‖₁=93.096, h_range=[1.00e-08, 1.17e+01], num_knots=1770
2025-09-01 15:29:19,553 - Iter 35040: obj=-904.290494, change=1.19e-05, α=0.000, ‖θ[1:]‖₁=93.096, h_range=[1.00e-08, 1.17e+01], num_knots=1770
2025-09-01 15:29:19,671 - Iter 35050: obj=-904.294558, change=1.19e-05, α=0.000, ‖θ[1:]‖₁=93.097, h_range=[1.00e-08, 1.17e+01], num_knots=1770
2025-09-01 15:29:19,788 - Iter 35060: obj=-904.298621, change=1.19e-05, α=0.000, ‖θ[1:]‖₁=93.097, h_range=[1.00e-08, 1.17e+01], num_knots=1770
2025-09-01 15:29:19,915 - Iter 35070: obj=-904.302683, change=1.19e-05, α=0.000, ‖θ[1:]‖₁=93.097, h_range=[1.00e-08, 1.17e+01], num_knots=1770
2025-09-01 15:29:20,030 - Iter 35080: obj=-904.306744, change=1.19e-05, α=0.000, ‖θ[1:]‖₁=93.098, h_range=[1.00e-08, 1.17e+01], num_knots=1770
2025-09-01 15:29:20,128 - Iter 35090: obj=-904.310805, change=1.19e-05, α=0.000, ‖θ[1:]‖₁=93.098, h_range=[1.00e-08, 1.17e+01], num_knots=1770
2025-09-01 15:29:20,235 - Iter 35100: obj=-904.314865, change=1.19e-05, α=0.000, ‖θ[1:]‖₁=93.098, h_range=[1.00e-08, 1.17e+01], num_knots=1770
2025-09-01 15:29:20,367 - Iter 35110: obj=-904.318924, change=1.19e-05, α=0.000, ‖θ[1:]‖₁=93.099, h_range=[1.00e-08, 1.17e+01], num_knots=1770
2025-09-01 15:29:20,498 - Iter 35120: obj=-904.322982, change=1.19e-05, α=0.000, ‖θ[1:]‖₁=93.099, h_range=[1.00e-08, 1.17e+01], num_knots=1770
2025-09-01 15:29:20,621 - Iter 35130: obj=-904.327039, change=1.19e-05, α=0.000, ‖θ[1:]‖₁=93.099, h_range=[1.00e-08, 1.17e+01], num_knots=1770
2025-09-01 15:29:20,746 - Iter 35140: obj=-904.331095, change=1.19e-05, α=0.000, ‖θ[1:]‖₁=93.100, h_range=[1.00e-08, 1.17e+01], num_knots=1770
2025-09-01 15:29:20,860 - Iter 35150: obj=-904.335151, change=1.19e-05, α=0.000, ‖θ[1:]‖₁=93.100, h_range=[1.00e-08, 1.17e+01], num_knots=1770
2025-09-01 15:29:20,986 - Iter 35160: obj=-904.339206, change=1.19e-05, α=0.000, ‖θ[1:]‖₁=93.100, h_range=[1.00e-08, 1.17e+01], num_knots=1770
2025-09-01 15:29:21,106 - Iter 35170: obj=-904.343260, change=1.19e-05, α=0.000, ‖θ[1:]‖₁=93.101, h_range=[1.00e-08, 1.17e+01], num_knots=1770
2025-09-01 15:29:21,227 - Iter 35180: obj=-904.347313, change=1.19e-05, α=0.000, ‖θ[1:]‖₁=93.101, h_range=[1.00e-08, 1.17e+01], num_knots=1770
2025-09-01 15:29:21,356 - Iter 35190: obj=-904.351366, change=1.19e-05, α=0.000, ‖θ[1:]‖₁=93.101, h_range=[1.00e-08, 1.17e+01], num_knots=1770
2025-09-01 15:29:21,470 - Iter 35200: obj=-904.355418, change=1.19e-05, α=0.000, ‖θ[1:]‖₁=93.101, h_range=[1.00e-08, 1.17e+01], num_knots=1770
2025-09-01 15:29:21,565 - Iter 35210: obj=-904.359468, change=1.19e-05, α=0.000, ‖θ[1:]‖₁=93.102, h_range=[1.00e-08, 1.17e+01], num_knots=1770
2025-09-01 15:29:21,654 - Iter 35220: obj=-904.363519, change=1.19e-05, α=0.000, ‖θ[1:]‖₁=93.102, h_range=[1.00e-08, 1.17e+01], num_knots=1770
2025-09-01 15:29:21,751 - Iter 35230: obj=-904.367568, change=1.19e-05, α=0.000, ‖θ[1:]‖₁=93.102, h_range=[1.00e-08, 1.17e+01], num_knots=1770
2025-09-01 15:29:21,853 - Iter 35240: obj=-904.371595, change=1.19e-05, α=0.000, ‖θ[1:]‖₁=93.103, h_range=[1.00e-08, 1.17e+01], num_knots=1769
2025-09-01 15:29:21,986 - Iter 35250: obj=-904.375601, change=1.19e-05, α=0.000, ‖θ[1:]‖₁=93.103, h_range=[1.00e-08, 1.17e+01], num_knots=1769
2025-09-01 15:29:22,107 - Iter 35260: obj=-904.379606, change=1.19e-05, α=0.000, ‖θ[1:]‖₁=93.103, h_range=[1.00e-08, 1.17e+01], num_knots=1769
2025-09-01 15:29:22,208 - Iter 35270: obj=-904.383610, change=1.18e-05, α=0.000, ‖θ[1:]‖₁=93.104, h_range=[1.00e-08, 1.17e+01], num_knots=1769
2025-09-01 15:29:22,293 - Iter 35280: obj=-904.387613, change=1.18e-05, α=0.000, ‖θ[1:]‖₁=93.104, h_range=[1.00e-08, 1.17e+01], num_knots=1768
2025-09-01 15:29:22,397 - Iter 35290: obj=-904.391615, change=1.18e-05, α=0.000, ‖θ[1:]‖₁=93.105, h_range=[1.00e-08, 1.17e+01], num_knots=1768
2025-09-01 15:29:22,500 - Iter 35300: obj=-904.395615, change=1.18e-05, α=0.000, ‖θ[1:]‖₁=93.105, h_range=[1.00e-08, 1.17e+01], num_knots=1768
2025-09-01 15:29:22,609 - Iter 35310: obj=-904.399615, change=1.18e-05, α=0.000, ‖θ[1:]‖₁=93.105, h_range=[1.00e-08, 1.17e+01], num_knots=1768
2025-09-01 15:29:22,720 - Iter 35320: obj=-904.403614, change=1.18e-05, α=0.000, ‖θ[1:]‖₁=93.106, h_range=[1.00e-08, 1.17e+01], num_knots=1768
2025-09-01 15:29:22,824 - Iter 35330: obj=-904.407612, change=1.18e-05, α=0.000, ‖θ[1:]‖₁=93.106, h_range=[1.00e-08, 1.17e+01], num_knots=1768
2025-09-01 15:29:22,924 - Iter 35340: obj=-904.411610, change=1.18e-05, α=0.000, ‖θ[1:]‖₁=93.106, h_range=[1.00e-08, 1.17e+01], num_knots=1768
2025-09-01 15:29:23,037 - Iter 35350: obj=-904.415606, change=1.18e-05, α=0.000, ‖θ[1:]‖₁=93.107, h_range=[1.00e-08, 1.17e+01], num_knots=1768
2025-09-01 15:29:23,163 - Iter 35360: obj=-904.419602, change=1.18e-05, α=0.000, ‖θ[1:]‖₁=93.107, h_range=[1.00e-08, 1.17e+01], num_knots=1768
2025-09-01 15:29:23,284 - Iter 35370: obj=-904.423597, change=1.18e-05, α=0.000, ‖θ[1:]‖₁=93.107, h_range=[1.00e-08, 1.17e+01], num_knots=1768
2025-09-01 15:29:23,395 - Iter 35380: obj=-904.427591, change=1.18e-05, α=0.000, ‖θ[1:]‖₁=93.108, h_range=[1.00e-08, 1.17e+01], num_knots=1767
2025-09-01 15:29:23,506 - Iter 35390: obj=-904.431584, change=1.18e-05, α=0.000, ‖θ[1:]‖₁=93.108, h_range=[1.00e-08, 1.17e+01], num_knots=1767
2025-09-01 15:29:23,658 - Iter 35400: obj=-904.435574, change=1.18e-05, α=0.000, ‖θ[1:]‖₁=93.109, h_range=[1.00e-08, 1.17e+01], num_knots=1766
2025-09-01 15:29:23,752 - Iter 35410: obj=-904.439562, change=1.18e-05, α=0.000, ‖θ[1:]‖₁=93.109, h_range=[1.00e-08, 1.17e+01], num_knots=1766
2025-09-01 15:29:23,878 - Iter 35420: obj=-904.443549, change=1.18e-05, α=0.000, ‖θ[1:]‖₁=93.109, h_range=[1.00e-08, 1.17e+01], num_knots=1766
2025-09-01 15:29:24,008 - Iter 35430: obj=-904.447536, change=1.18e-05, α=0.000, ‖θ[1:]‖₁=93.110, h_range=[1.00e-08, 1.17e+01], num_knots=1766
2025-09-01 15:29:24,138 - Iter 35440: obj=-904.451522, change=1.18e-05, α=0.000, ‖θ[1:]‖₁=93.110, h_range=[1.00e-08, 1.17e+01], num_knots=1766
2025-09-01 15:29:24,288 - Iter 35450: obj=-904.455507, change=1.18e-05, α=0.000, ‖θ[1:]‖₁=93.110, h_range=[1.00e-08, 1.17e+01], num_knots=1766
2025-09-01 15:29:24,394 - Iter 35460: obj=-904.459491, change=1.18e-05, α=0.000, ‖θ[1:]‖₁=93.111, h_range=[1.00e-08, 1.17e+01], num_knots=1766
2025-09-01 15:29:24,517 - Iter 35470: obj=-904.463474, change=1.18e-05, α=0.000, ‖θ[1:]‖₁=93.111, h_range=[1.00e-08, 1.17e+01], num_knots=1766
2025-09-01 15:29:24,607 - Iter 35480: obj=-904.467457, change=1.18e-05, α=0.000, ‖θ[1:]‖₁=93.111, h_range=[1.00e-08, 1.17e+01], num_knots=1766
2025-09-01 15:29:24,706 - Iter 35490: obj=-904.471439, change=1.18e-05, α=0.000, ‖θ[1:]‖₁=93.112, h_range=[1.00e-08, 1.17e+01], num_knots=1766
2025-09-01 15:29:24,824 - Iter 35500: obj=-904.475420, change=1.18e-05, α=0.000, ‖θ[1:]‖₁=93.112, h_range=[1.00e-08, 1.17e+01], num_knots=1766
2025-09-01 15:29:24,953 - Iter 35510: obj=-904.479400, change=1.18e-05, α=0.000, ‖θ[1:]‖₁=93.113, h_range=[1.00e-08, 1.17e+01], num_knots=1765
2025-09-01 15:29:25,063 - Iter 35520: obj=-904.483378, change=1.18e-05, α=0.000, ‖θ[1:]‖₁=93.113, h_range=[1.00e-08, 1.17e+01], num_knots=1765
2025-09-01 15:29:25,168 - Iter 35530: obj=-904.487356, change=1.18e-05, α=0.000, ‖θ[1:]‖₁=93.113, h_range=[1.00e-08, 1.17e+01], num_knots=1765
2025-09-01 15:29:25,296 - Iter 35540: obj=-904.491332, change=1.18e-05, α=0.000, ‖θ[1:]‖₁=93.114, h_range=[1.00e-08, 1.17e+01], num_knots=1765
2025-09-01 15:29:25,422 - Iter 35550: obj=-904.495308, change=1.18e-05, α=0.000, ‖θ[1:]‖₁=93.114, h_range=[1.00e-08, 1.17e+01], num_knots=1765
2025-09-01 15:29:25,543 - Iter 35560: obj=-904.499284, change=1.18e-05, α=0.000, ‖θ[1:]‖₁=93.114, h_range=[1.00e-08, 1.17e+01], num_knots=1765
2025-09-01 15:29:25,643 - Iter 35570: obj=-904.503258, change=1.18e-05, α=0.000, ‖θ[1:]‖₁=93.115, h_range=[1.00e-08, 1.17e+01], num_knots=1765
2025-09-01 15:29:25,757 - Iter 35580: obj=-904.507232, change=1.18e-05, α=0.000, ‖θ[1:]‖₁=93.115, h_range=[1.00e-08, 1.17e+01], num_knots=1765
2025-09-01 15:29:25,853 - Iter 35590: obj=-904.511202, change=1.18e-05, α=0.000, ‖θ[1:]‖₁=93.115, h_range=[1.00e-08, 1.17e+01], num_knots=1764
2025-09-01 15:29:25,970 - Iter 35600: obj=-904.515171, change=1.18e-05, α=0.000, ‖θ[1:]‖₁=93.116, h_range=[1.00e-08, 1.17e+01], num_knots=1764
2025-09-01 15:29:26,077 - Iter 35610: obj=-904.519140, change=1.18e-05, α=0.000, ‖θ[1:]‖₁=93.116, h_range=[1.00e-08, 1.17e+01], num_knots=1764
2025-09-01 15:29:26,200 - Iter 35620: obj=-904.523107, change=1.18e-05, α=0.000, ‖θ[1:]‖₁=93.116, h_range=[1.00e-08, 1.17e+01], num_knots=1764
2025-09-01 15:29:26,317 - Iter 35630: obj=-904.527074, change=1.18e-05, α=0.000, ‖θ[1:]‖₁=93.117, h_range=[1.00e-08, 1.17e+01], num_knots=1764
2025-09-01 15:29:26,419 - Iter 35640: obj=-904.531040, change=1.18e-05, α=0.000, ‖θ[1:]‖₁=93.117, h_range=[1.00e-08, 1.17e+01], num_knots=1764
2025-09-01 15:29:26,527 - Iter 35650: obj=-904.535006, change=1.18e-05, α=0.000, ‖θ[1:]‖₁=93.118, h_range=[1.00e-08, 1.17e+01], num_knots=1764
2025-09-01 15:29:26,625 - Iter 35660: obj=-904.538970, change=1.18e-05, α=0.000, ‖θ[1:]‖₁=93.118, h_range=[1.00e-08, 1.17e+01], num_knots=1764
2025-09-01 15:29:26,745 - Iter 35670: obj=-904.542934, change=1.18e-05, α=0.000, ‖θ[1:]‖₁=93.118, h_range=[1.00e-08, 1.17e+01], num_knots=1764
2025-09-01 15:29:26,851 - Iter 35680: obj=-904.546897, change=1.18e-05, α=0.000, ‖θ[1:]‖₁=93.119, h_range=[1.00e-08, 1.17e+01], num_knots=1764
2025-09-01 15:29:26,973 - Iter 35690: obj=-904.550859, change=1.18e-05, α=0.000, ‖θ[1:]‖₁=93.119, h_range=[1.00e-08, 1.17e+01], num_knots=1764
2025-09-01 15:29:27,075 - Iter 35700: obj=-904.554820, change=1.18e-05, α=0.000, ‖θ[1:]‖₁=93.119, h_range=[1.00e-08, 1.17e+01], num_knots=1764
2025-09-01 15:29:27,196 - Iter 35710: obj=-904.558781, change=1.18e-05, α=0.000, ‖θ[1:]‖₁=93.120, h_range=[1.00e-08, 1.17e+01], num_knots=1764
2025-09-01 15:29:27,305 - Iter 35720: obj=-904.562741, change=1.18e-05, α=0.000, ‖θ[1:]‖₁=93.120, h_range=[1.00e-08, 1.17e+01], num_knots=1764
2025-09-01 15:29:27,416 - Iter 35730: obj=-904.566700, change=1.18e-05, α=0.000, ‖θ[1:]‖₁=93.120, h_range=[1.00e-08, 1.17e+01], num_knots=1764
2025-09-01 15:29:27,524 - Iter 35740: obj=-904.570658, change=1.18e-05, α=0.000, ‖θ[1:]‖₁=93.121, h_range=[1.00e-08, 1.17e+01], num_knots=1764
2025-09-01 15:29:27,642 - Iter 35750: obj=-904.574616, change=1.18e-05, α=0.000, ‖θ[1:]‖₁=93.121, h_range=[1.00e-08, 1.17e+01], num_knots=1764
2025-09-01 15:29:27,739 - Iter 35760: obj=-904.578572, change=1.18e-05, α=0.000, ‖θ[1:]‖₁=93.121, h_range=[1.00e-08, 1.17e+01], num_knots=1764
2025-09-01 15:29:27,844 - Iter 35770: obj=-904.582528, change=1.18e-05, α=0.000, ‖θ[1:]‖₁=93.122, h_range=[1.00e-08, 1.17e+01], num_knots=1764
2025-09-01 15:29:28,003 - Iter 35780: obj=-904.586483, change=1.18e-05, α=0.000, ‖θ[1:]‖₁=93.122, h_range=[1.00e-08, 1.17e+01], num_knots=1764
2025-09-01 15:29:28,119 - Iter 35790: obj=-904.590438, change=1.18e-05, α=0.000, ‖θ[1:]‖₁=93.122, h_range=[1.00e-08, 1.17e+01], num_knots=1764
2025-09-01 15:29:28,237 - Iter 35800: obj=-904.594391, change=1.18e-05, α=0.000, ‖θ[1:]‖₁=93.123, h_range=[1.00e-08, 1.17e+01], num_knots=1764
2025-09-01 15:29:28,364 - Iter 35810: obj=-904.598344, change=1.18e-05, α=0.000, ‖θ[1:]‖₁=93.123, h_range=[1.00e-08, 1.17e+01], num_knots=1764
2025-09-01 15:29:28,483 - Iter 35820: obj=-904.602296, change=1.18e-05, α=0.000, ‖θ[1:]‖₁=93.124, h_range=[1.00e-08, 1.17e+01], num_knots=1764
2025-09-01 15:29:28,621 - Iter 35830: obj=-904.606247, change=1.18e-05, α=0.000, ‖θ[1:]‖₁=93.124, h_range=[1.00e-08, 1.17e+01], num_knots=1764
2025-09-01 15:29:28,751 - Iter 35840: obj=-904.610198, change=1.18e-05, α=0.000, ‖θ[1:]‖₁=93.124, h_range=[1.00e-08, 1.17e+01], num_knots=1764
2025-09-01 15:29:28,868 - Iter 35850: obj=-904.614148, change=1.18e-05, α=0.000, ‖θ[1:]‖₁=93.124, h_range=[1.00e-08, 1.17e+01], num_knots=1764
2025-09-01 15:29:28,990 - Iter 35860: obj=-904.618096, change=1.18e-05, α=0.000, ‖θ[1:]‖₁=93.125, h_range=[1.00e-08, 1.17e+01], num_knots=1764
2025-09-01 15:29:29,089 - Iter 35870: obj=-904.622045, change=1.18e-05, α=0.000, ‖θ[1:]‖₁=93.125, h_range=[1.00e-08, 1.17e+01], num_knots=1764
2025-09-01 15:29:29,213 - Iter 35880: obj=-904.625992, change=1.18e-05, α=0.000, ‖θ[1:]‖₁=93.125, h_range=[1.00e-08, 1.17e+01], num_knots=1764
2025-09-01 15:29:29,336 - Iter 35890: obj=-904.629939, change=1.18e-05, α=0.000, ‖θ[1:]‖₁=93.126, h_range=[1.00e-08, 1.17e+01], num_knots=1764
2025-09-01 15:29:29,461 - Iter 35900: obj=-904.633885, change=1.18e-05, α=0.000, ‖θ[1:]‖₁=93.126, h_range=[1.00e-08, 1.17e+01], num_knots=1764
2025-09-01 15:29:29,565 - Iter 35910: obj=-904.637830, change=1.18e-05, α=0.000, ‖θ[1:]‖₁=93.126, h_range=[1.00e-08, 1.17e+01], num_knots=1764
2025-09-01 15:29:29,673 - Iter 35920: obj=-904.641774, change=1.18e-05, α=0.000, ‖θ[1:]‖₁=93.127, h_range=[1.00e-08, 1.17e+01], num_knots=1764
2025-09-01 15:29:29,796 - Iter 35930: obj=-904.645718, change=1.18e-05, α=0.000, ‖θ[1:]‖₁=93.127, h_range=[1.00e-08, 1.17e+01], num_knots=1764
2025-09-01 15:29:29,902 - Iter 35940: obj=-904.649660, change=1.18e-05, α=0.000, ‖θ[1:]‖₁=93.127, h_range=[1.00e-08, 1.17e+01], num_knots=1764
2025-09-01 15:29:30,020 - Iter 35950: obj=-904.653602, change=1.18e-05, α=0.000, ‖θ[1:]‖₁=93.128, h_range=[1.00e-08, 1.17e+01], num_knots=1764
2025-09-01 15:29:30,125 - Iter 35960: obj=-904.657544, change=1.18e-05, α=0.000, ‖θ[1:]‖₁=93.128, h_range=[1.00e-08, 1.17e+01], num_knots=1764
2025-09-01 15:29:30,245 - Iter 35970: obj=-904.661484, change=1.18e-05, α=0.000, ‖θ[1:]‖₁=93.128, h_range=[1.00e-08, 1.17e+01], num_knots=1764
2025-09-01 15:29:30,356 - Iter 35980: obj=-904.665424, change=1.18e-05, α=0.000, ‖θ[1:]‖₁=93.129, h_range=[1.00e-08, 1.17e+01], num_knots=1764
2025-09-01 15:29:30,466 - Iter 35990: obj=-904.669363, change=1.17e-05, α=0.000, ‖θ[1:]‖₁=93.129, h_range=[1.00e-08, 1.17e+01], num_knots=1764
2025-09-01 15:29:30,584 - Iter 36000: obj=-904.673301, change=1.17e-05, α=0.000, ‖θ[1:]‖₁=93.129, h_range=[1.00e-08, 1.17e+01], num_knots=1764
2025-09-01 15:29:30,687 - Iter 36010: obj=-904.677238, change=1.17e-05, α=0.000, ‖θ[1:]‖₁=93.130, h_range=[1.00e-08, 1.17e+01], num_knots=1764
2025-09-01 15:29:30,809 - Iter 36020: obj=-904.681175, change=1.17e-05, α=0.000, ‖θ[1:]‖₁=93.130, h_range=[1.00e-08, 1.17e+01], num_knots=1764
2025-09-01 15:29:30,926 - Iter 36030: obj=-904.685111, change=1.17e-05, α=0.000, ‖θ[1:]‖₁=93.130, h_range=[1.00e-08, 1.17e+01], num_knots=1764
2025-09-01 15:29:31,025 - Iter 36040: obj=-904.689046, change=1.17e-05, α=0.000, ‖θ[1:]‖₁=93.130, h_range=[1.00e-08, 1.17e+01], num_knots=1764
2025-09-01 15:29:31,126 - Iter 36050: obj=-904.692981, change=1.17e-05, α=0.000, ‖θ[1:]‖₁=93.131, h_range=[1.00e-08, 1.17e+01], num_knots=1764
2025-09-01 15:29:31,239 - Iter 36060: obj=-904.696914, change=1.17e-05, α=0.000, ‖θ[1:]‖₁=93.131, h_range=[1.00e-08, 1.17e+01], num_knots=1764
2025-09-01 15:29:31,340 - Iter 36070: obj=-904.700847, change=1.17e-05, α=0.000, ‖θ[1:]‖₁=93.131, h_range=[1.00e-08, 1.17e+01], num_knots=1764
2025-09-01 15:29:31,439 - Iter 36080: obj=-904.704779, change=1.17e-05, α=0.000, ‖θ[1:]‖₁=93.132, h_range=[1.00e-08, 1.17e+01], num_knots=1764
2025-09-01 15:29:31,543 - Iter 36090: obj=-904.708711, change=1.17e-05, α=0.000, ‖θ[1:]‖₁=93.132, h_range=[1.00e-08, 1.17e+01], num_knots=1764
2025-09-01 15:29:31,639 - Iter 36100: obj=-904.712641, change=1.17e-05, α=0.000, ‖θ[1:]‖₁=93.132, h_range=[1.00e-08, 1.17e+01], num_knots=1764
2025-09-01 15:29:31,746 - Iter 36110: obj=-904.716571, change=1.17e-05, α=0.000, ‖θ[1:]‖₁=93.132, h_range=[1.00e-08, 1.17e+01], num_knots=1764
2025-09-01 15:29:31,853 - Iter 36120: obj=-904.720500, change=1.17e-05, α=0.000, ‖θ[1:]‖₁=93.133, h_range=[1.00e-08, 1.17e+01], num_knots=1764
2025-09-01 15:29:31,953 - Iter 36130: obj=-904.724429, change=1.17e-05, α=0.000, ‖θ[1:]‖₁=93.133, h_range=[1.00e-08, 1.17e+01], num_knots=1764
2025-09-01 15:29:32,054 - Iter 36140: obj=-904.728356, change=1.17e-05, α=0.000, ‖θ[1:]‖₁=93.133, h_range=[1.00e-08, 1.17e+01], num_knots=1764
2025-09-01 15:29:32,167 - Iter 36150: obj=-904.732283, change=1.17e-05, α=0.000, ‖θ[1:]‖₁=93.134, h_range=[1.00e-08, 1.17e+01], num_knots=1764
2025-09-01 15:29:32,272 - Iter 36160: obj=-904.736209, change=1.17e-05, α=0.000, ‖θ[1:]‖₁=93.134, h_range=[1.00e-08, 1.17e+01], num_knots=1764
2025-09-01 15:29:32,383 - Iter 36170: obj=-904.740134, change=1.17e-05, α=0.000, ‖θ[1:]‖₁=93.134, h_range=[1.00e-08, 1.17e+01], num_knots=1764
2025-09-01 15:29:32,503 - Iter 36180: obj=-904.744059, change=1.17e-05, α=0.000, ‖θ[1:]‖₁=93.134, h_range=[1.00e-08, 1.17e+01], num_knots=1764
2025-09-01 15:29:32,622 - Iter 36190: obj=-904.747983, change=1.17e-05, α=0.000, ‖θ[1:]‖₁=93.135, h_range=[1.00e-08, 1.17e+01], num_knots=1764
2025-09-01 15:29:32,743 - Iter 36200: obj=-904.751906, change=1.17e-05, α=0.000, ‖θ[1:]‖₁=93.135, h_range=[1.00e-08, 1.17e+01], num_knots=1764
2025-09-01 15:29:32,850 - Iter 36210: obj=-904.755828, change=1.17e-05, α=0.000, ‖θ[1:]‖₁=93.135, h_range=[1.00e-08, 1.17e+01], num_knots=1764
2025-09-01 15:29:32,950 - Iter 36220: obj=-904.759750, change=1.17e-05, α=0.000, ‖θ[1:]‖₁=93.136, h_range=[1.00e-08, 1.17e+01], num_knots=1764
2025-09-01 15:29:33,055 - Iter 36230: obj=-904.763671, change=1.17e-05, α=0.000, ‖θ[1:]‖₁=93.136, h_range=[1.00e-08, 1.17e+01], num_knots=1764
2025-09-01 15:29:33,165 - Iter 36240: obj=-904.767591, change=1.17e-05, α=0.000, ‖θ[1:]‖₁=93.136, h_range=[1.00e-08, 1.17e+01], num_knots=1764
2025-09-01 15:29:33,284 - Iter 36250: obj=-904.771510, change=1.17e-05, α=0.000, ‖θ[1:]‖₁=93.136, h_range=[1.00e-08, 1.17e+01], num_knots=1764
2025-09-01 15:29:33,399 - Iter 36260: obj=-904.775429, change=1.17e-05, α=0.000, ‖θ[1:]‖₁=93.137, h_range=[1.00e-08, 1.17e+01], num_knots=1764
2025-09-01 15:29:33,503 - Iter 36270: obj=-904.779346, change=1.17e-05, α=0.000, ‖θ[1:]‖₁=93.137, h_range=[1.00e-08, 1.17e+01], num_knots=1764
2025-09-01 15:29:33,632 - Iter 36280: obj=-904.783263, change=1.17e-05, α=0.000, ‖θ[1:]‖₁=93.137, h_range=[1.00e-08, 1.17e+01], num_knots=1764
2025-09-01 15:29:33,739 - Iter 36290: obj=-904.787180, change=1.17e-05, α=0.000, ‖θ[1:]‖₁=93.137, h_range=[1.00e-08, 1.17e+01], num_knots=1764
2025-09-01 15:29:33,851 - Iter 36300: obj=-904.791095, change=1.17e-05, α=0.000, ‖θ[1:]‖₁=93.138, h_range=[1.00e-08, 1.17e+01], num_knots=1764
2025-09-01 15:29:33,977 - Iter 36310: obj=-904.795010, change=1.17e-05, α=0.000, ‖θ[1:]‖₁=93.138, h_range=[1.00e-08, 1.17e+01], num_knots=1764
2025-09-01 15:29:34,086 - Iter 36320: obj=-904.798924, change=1.17e-05, α=0.000, ‖θ[1:]‖₁=93.138, h_range=[1.00e-08, 1.17e+01], num_knots=1764
2025-09-01 15:29:34,187 - Iter 36330: obj=-904.802838, change=1.17e-05, α=0.000, ‖θ[1:]‖₁=93.138, h_range=[1.00e-08, 1.17e+01], num_knots=1764
2025-09-01 15:29:34,284 - Iter 36340: obj=-904.806750, change=1.17e-05, α=0.000, ‖θ[1:]‖₁=93.139, h_range=[1.00e-08, 1.17e+01], num_knots=1764
2025-09-01 15:29:34,394 - Iter 36350: obj=-904.810662, change=1.17e-05, α=0.000, ‖θ[1:]‖₁=93.139, h_range=[1.00e-08, 1.17e+01], num_knots=1764
2025-09-01 15:29:34,504 - Iter 36360: obj=-904.814573, change=1.17e-05, α=0.000, ‖θ[1:]‖₁=93.139, h_range=[1.00e-08, 1.17e+01], num_knots=1764
2025-09-01 15:29:34,608 - Iter 36370: obj=-904.818484, change=1.17e-05, α=0.000, ‖θ[1:]‖₁=93.139, h_range=[1.00e-08, 1.17e+01], num_knots=1764
2025-09-01 15:29:34,741 - Iter 36380: obj=-904.822393, change=1.17e-05, α=0.000, ‖θ[1:]‖₁=93.140, h_range=[1.00e-08, 1.17e+01], num_knots=1764
2025-09-01 15:29:34,851 - Iter 36390: obj=-904.826302, change=1.17e-05, α=0.000, ‖θ[1:]‖₁=93.140, h_range=[1.00e-08, 1.17e+01], num_knots=1764
2025-09-01 15:29:34,964 - Iter 36400: obj=-904.830210, change=1.17e-05, α=0.000, ‖θ[1:]‖₁=93.140, h_range=[1.00e-08, 1.17e+01], num_knots=1764
2025-09-01 15:29:35,071 - Iter 36410: obj=-904.834118, change=1.17e-05, α=0.000, ‖θ[1:]‖₁=93.140, h_range=[1.00e-08, 1.17e+01], num_knots=1764
2025-09-01 15:29:35,181 - Iter 36420: obj=-904.838024, change=1.17e-05, α=0.000, ‖θ[1:]‖₁=93.141, h_range=[1.00e-08, 1.17e+01], num_knots=1764
2025-09-01 15:29:35,291 - Iter 36430: obj=-904.841930, change=1.17e-05, α=0.000, ‖θ[1:]‖₁=93.141, h_range=[1.00e-08, 1.17e+01], num_knots=1764
2025-09-01 15:29:35,406 - Iter 36440: obj=-904.845836, change=1.17e-05, α=0.000, ‖θ[1:]‖₁=93.141, h_range=[1.00e-08, 1.17e+01], num_knots=1764
2025-09-01 15:29:35,502 - Iter 36450: obj=-904.849740, change=1.17e-05, α=0.000, ‖θ[1:]‖₁=93.141, h_range=[1.00e-08, 1.17e+01], num_knots=1764
2025-09-01 15:29:35,682 - Iter 36460: obj=-904.853644, change=1.17e-05, α=0.000, ‖θ[1:]‖₁=93.142, h_range=[1.00e-08, 1.17e+01], num_knots=1764
2025-09-01 15:29:35,779 - Iter 36470: obj=-904.857547, change=1.17e-05, α=0.000, ‖θ[1:]‖₁=93.142, h_range=[1.00e-08, 1.17e+01], num_knots=1764
2025-09-01 15:29:35,871 - Iter 36480: obj=-904.861449, change=1.17e-05, α=0.000, ‖θ[1:]‖₁=93.142, h_range=[1.00e-08, 1.17e+01], num_knots=1764
2025-09-01 15:29:35,992 - Iter 36490: obj=-904.865351, change=1.17e-05, α=0.000, ‖θ[1:]‖₁=93.142, h_range=[1.00e-08, 1.17e+01], num_knots=1764
2025-09-01 15:29:36,132 - Iter 36500: obj=-904.869251, change=1.17e-05, α=0.000, ‖θ[1:]‖₁=93.143, h_range=[1.00e-08, 1.17e+01], num_knots=1764
2025-09-01 15:29:36,267 - Iter 36510: obj=-904.873151, change=1.17e-05, α=0.000, ‖θ[1:]‖₁=93.143, h_range=[1.00e-08, 1.17e+01], num_knots=1764
2025-09-01 15:29:36,408 - Iter 36520: obj=-904.877051, change=1.17e-05, α=0.000, ‖θ[1:]‖₁=93.143, h_range=[1.00e-08, 1.17e+01], num_knots=1764
2025-09-01 15:29:36,531 - Iter 36530: obj=-904.880949, change=1.17e-05, α=0.000, ‖θ[1:]‖₁=93.143, h_range=[1.00e-08, 1.17e+01], num_knots=1764
2025-09-01 15:29:36,655 - Iter 36540: obj=-904.884847, change=1.17e-05, α=0.000, ‖θ[1:]‖₁=93.144, h_range=[1.00e-08, 1.17e+01], num_knots=1764
2025-09-01 15:29:36,774 - Iter 36550: obj=-904.888744, change=1.17e-05, α=0.000, ‖θ[1:]‖₁=93.144, h_range=[1.00e-08, 1.17e+01], num_knots=1764
2025-09-01 15:29:36,902 - Iter 36560: obj=-904.892641, change=1.17e-05, α=0.000, ‖θ[1:]‖₁=93.144, h_range=[1.00e-08, 1.17e+01], num_knots=1764
2025-09-01 15:29:37,018 - Iter 36570: obj=-904.896536, change=1.17e-05, α=0.000, ‖θ[1:]‖₁=93.144, h_range=[1.00e-08, 1.17e+01], num_knots=1764
2025-09-01 15:29:37,110 - Iter 36580: obj=-904.900431, change=1.17e-05, α=0.000, ‖θ[1:]‖₁=93.144, h_range=[1.00e-08, 1.17e+01], num_knots=1764
2025-09-01 15:29:37,231 - Iter 36590: obj=-904.904325, change=1.17e-05, α=0.000, ‖θ[1:]‖₁=93.145, h_range=[1.00e-08, 1.17e+01], num_knots=1764
2025-09-01 15:29:37,339 - Iter 36600: obj=-904.908219, change=1.17e-05, α=0.000, ‖θ[1:]‖₁=93.145, h_range=[1.00e-08, 1.17e+01], num_knots=1764
2025-09-01 15:29:37,469 - Iter 36610: obj=-904.912112, change=1.17e-05, α=0.000, ‖θ[1:]‖₁=93.145, h_range=[1.00e-08, 1.17e+01], num_knots=1764
2025-09-01 15:29:37,589 - Iter 36620: obj=-904.916003, change=1.17e-05, α=0.000, ‖θ[1:]‖₁=93.145, h_range=[1.00e-08, 1.17e+01], num_knots=1763
2025-09-01 15:29:37,699 - Iter 36630: obj=-904.919894, change=1.17e-05, α=0.000, ‖θ[1:]‖₁=93.146, h_range=[1.00e-08, 1.17e+01], num_knots=1763
2025-09-01 15:29:37,818 - Iter 36640: obj=-904.923784, change=1.17e-05, α=0.000, ‖θ[1:]‖₁=93.146, h_range=[1.00e-08, 1.17e+01], num_knots=1763
2025-09-01 15:29:37,912 - Iter 36650: obj=-904.927673, change=1.17e-05, α=0.000, ‖θ[1:]‖₁=93.146, h_range=[1.00e-08, 1.17e+01], num_knots=1763
2025-09-01 15:29:38,034 - Iter 36660: obj=-904.931561, change=1.17e-05, α=0.000, ‖θ[1:]‖₁=93.146, h_range=[1.00e-08, 1.17e+01], num_knots=1763
2025-09-01 15:29:38,145 - Iter 36670: obj=-904.935449, change=1.17e-05, α=0.000, ‖θ[1:]‖₁=93.146, h_range=[1.00e-08, 1.17e+01], num_knots=1763
2025-09-01 15:29:38,263 - Iter 36680: obj=-904.939336, change=1.17e-05, α=0.000, ‖θ[1:]‖₁=93.147, h_range=[1.00e-08, 1.17e+01], num_knots=1763
2025-09-01 15:29:38,421 - Iter 36690: obj=-904.943222, change=1.17e-05, α=0.000, ‖θ[1:]‖₁=93.147, h_range=[1.00e-08, 1.17e+01], num_knots=1763
2025-09-01 15:29:38,575 - Iter 36700: obj=-904.947108, change=1.17e-05, α=0.000, ‖θ[1:]‖₁=93.147, h_range=[1.00e-08, 1.17e+01], num_knots=1763
2025-09-01 15:29:38,695 - Iter 36710: obj=-904.950993, change=1.17e-05, α=0.000, ‖θ[1:]‖₁=93.147, h_range=[1.00e-08, 1.17e+01], num_knots=1763
2025-09-01 15:29:38,818 - Iter 36720: obj=-904.954877, change=1.17e-05, α=0.000, ‖θ[1:]‖₁=93.148, h_range=[1.00e-08, 1.17e+01], num_knots=1763
2025-09-01 15:29:38,926 - Iter 36730: obj=-904.958760, change=1.17e-05, α=0.000, ‖θ[1:]‖₁=93.148, h_range=[1.00e-08, 1.17e+01], num_knots=1763
2025-09-01 15:29:39,080 - Iter 36740: obj=-904.962643, change=1.17e-05, α=0.000, ‖θ[1:]‖₁=93.148, h_range=[1.00e-08, 1.17e+01], num_knots=1763
2025-09-01 15:29:39,206 - Iter 36750: obj=-904.966525, change=1.17e-05, α=0.000, ‖θ[1:]‖₁=93.148, h_range=[1.00e-08, 1.17e+01], num_knots=1763
2025-09-01 15:29:39,350 - Iter 36760: obj=-904.970406, change=1.17e-05, α=0.000, ‖θ[1:]‖₁=93.148, h_range=[1.00e-08, 1.17e+01], num_knots=1763
2025-09-01 15:29:39,481 - Iter 36770: obj=-904.974286, change=1.17e-05, α=0.000, ‖θ[1:]‖₁=93.149, h_range=[1.00e-08, 1.17e+01], num_knots=1763
2025-09-01 15:29:39,581 - Iter 36780: obj=-904.978166, change=1.16e-05, α=0.000, ‖θ[1:]‖₁=93.149, h_range=[1.00e-08, 1.17e+01], num_knots=1763
2025-09-01 15:29:39,756 - Iter 36790: obj=-904.982045, change=1.16e-05, α=0.000, ‖θ[1:]‖₁=93.149, h_range=[1.00e-08, 1.17e+01], num_knots=1763
2025-09-01 15:29:39,882 - Iter 36800: obj=-904.985923, change=1.16e-05, α=0.000, ‖θ[1:]‖₁=93.149, h_range=[1.00e-08, 1.17e+01], num_knots=1763
2025-09-01 15:29:39,984 - Iter 36810: obj=-904.989801, change=1.16e-05, α=0.000, ‖θ[1:]‖₁=93.149, h_range=[1.00e-08, 1.17e+01], num_knots=1763
2025-09-01 15:29:40,099 - Iter 36820: obj=-904.993678, change=1.16e-05, α=0.000, ‖θ[1:]‖₁=93.150, h_range=[1.00e-08, 1.17e+01], num_knots=1763
2025-09-01 15:29:40,206 - Iter 36830: obj=-904.997554, change=1.16e-05, α=0.000, ‖θ[1:]‖₁=93.150, h_range=[1.00e-08, 1.17e+01], num_knots=1763
2025-09-01 15:29:40,317 - Iter 36840: obj=-905.001429, change=1.16e-05, α=0.000, ‖θ[1:]‖₁=93.150, h_range=[1.00e-08, 1.17e+01], num_knots=1763
2025-09-01 15:29:40,415 - Iter 36850: obj=-905.005304, change=1.16e-05, α=0.000, ‖θ[1:]‖₁=93.150, h_range=[1.00e-08, 1.17e+01], num_knots=1763
2025-09-01 15:29:40,538 - Iter 36860: obj=-905.009178, change=1.16e-05, α=0.000, ‖θ[1:]‖₁=93.150, h_range=[1.00e-08, 1.17e+01], num_knots=1763
2025-09-01 15:29:40,667 - Iter 36870: obj=-905.013051, change=1.16e-05, α=0.000, ‖θ[1:]‖₁=93.151, h_range=[1.00e-08, 1.17e+01], num_knots=1763
2025-09-01 15:29:40,773 - Iter 36880: obj=-905.016924, change=1.16e-05, α=0.000, ‖θ[1:]‖₁=93.151, h_range=[1.00e-08, 1.17e+01], num_knots=1763
2025-09-01 15:29:40,897 - Iter 36890: obj=-905.020796, change=1.16e-05, α=0.000, ‖θ[1:]‖₁=93.151, h_range=[1.00e-08, 1.17e+01], num_knots=1763
2025-09-01 15:29:41,006 - Iter 36900: obj=-905.024667, change=1.16e-05, α=0.000, ‖θ[1:]‖₁=93.151, h_range=[1.00e-08, 1.17e+01], num_knots=1763
2025-09-01 15:29:41,105 - Iter 36910: obj=-905.028537, change=1.16e-05, α=0.000, ‖θ[1:]‖₁=93.151, h_range=[1.00e-08, 1.17e+01], num_knots=1763
2025-09-01 15:29:41,210 - Iter 36920: obj=-905.032407, change=1.16e-05, α=0.000, ‖θ[1:]‖₁=93.152, h_range=[1.00e-08, 1.17e+01], num_knots=1763
2025-09-01 15:29:41,312 - Iter 36930: obj=-905.036276, change=1.16e-05, α=0.000, ‖θ[1:]‖₁=93.152, h_range=[1.00e-08, 1.17e+01], num_knots=1763
2025-09-01 15:29:41,425 - Iter 36940: obj=-905.040145, change=1.16e-05, α=0.000, ‖θ[1:]‖₁=93.152, h_range=[1.00e-08, 1.17e+01], num_knots=1762
2025-09-01 15:29:41,539 - Iter 36950: obj=-905.044011, change=1.16e-05, α=0.000, ‖θ[1:]‖₁=93.152, h_range=[1.00e-08, 1.17e+01], num_knots=1762
2025-09-01 15:29:41,667 - Iter 36960: obj=-905.047878, change=1.16e-05, α=0.000, ‖θ[1:]‖₁=93.152, h_range=[1.00e-08, 1.17e+01], num_knots=1762
2025-09-01 15:29:41,769 - Iter 36970: obj=-905.051743, change=1.16e-05, α=0.000, ‖θ[1:]‖₁=93.152, h_range=[1.00e-08, 1.17e+01], num_knots=1762
2025-09-01 15:29:41,877 - Iter 36980: obj=-905.055608, change=1.16e-05, α=0.000, ‖θ[1:]‖₁=93.153, h_range=[1.00e-08, 1.17e+01], num_knots=1762
2025-09-01 15:29:41,996 - Iter 36990: obj=-905.059472, change=1.16e-05, α=0.000, ‖θ[1:]‖₁=93.153, h_range=[1.00e-08, 1.17e+01], num_knots=1762
2025-09-01 15:29:42,092 - Iter 37000: obj=-905.063335, change=1.16e-05, α=0.000, ‖θ[1:]‖₁=93.153, h_range=[1.00e-08, 1.17e+01], num_knots=1762
2025-09-01 15:29:42,195 - Iter 37010: obj=-905.067198, change=1.16e-05, α=0.000, ‖θ[1:]‖₁=93.153, h_range=[1.00e-08, 1.17e+01], num_knots=1762
2025-09-01 15:29:42,313 - Iter 37020: obj=-905.071060, change=1.16e-05, α=0.000, ‖θ[1:]‖₁=93.153, h_range=[1.00e-08, 1.17e+01], num_knots=1762
2025-09-01 15:29:42,408 - Iter 37030: obj=-905.074921, change=1.16e-05, α=0.000, ‖θ[1:]‖₁=93.154, h_range=[1.00e-08, 1.17e+01], num_knots=1762
2025-09-01 15:29:42,521 - Iter 37040: obj=-905.078782, change=1.16e-05, α=0.000, ‖θ[1:]‖₁=93.154, h_range=[1.00e-08, 1.17e+01], num_knots=1762
2025-09-01 15:29:42,633 - Iter 37050: obj=-905.082642, change=1.16e-05, α=0.000, ‖θ[1:]‖₁=93.154, h_range=[1.00e-08, 1.17e+01], num_knots=1762
2025-09-01 15:29:42,727 - Iter 37060: obj=-905.086501, change=1.16e-05, α=0.000, ‖θ[1:]‖₁=93.154, h_range=[1.00e-08, 1.17e+01], num_knots=1762
2025-09-01 15:29:42,839 - Iter 37070: obj=-905.090359, change=1.16e-05, α=0.000, ‖θ[1:]‖₁=93.154, h_range=[1.00e-08, 1.17e+01], num_knots=1762
2025-09-01 15:29:42,944 - Iter 37080: obj=-905.094217, change=1.16e-05, α=0.000, ‖θ[1:]‖₁=93.154, h_range=[1.00e-08, 1.17e+01], num_knots=1762
2025-09-01 15:29:43,065 - Iter 37090: obj=-905.098074, change=1.16e-05, α=0.000, ‖θ[1:]‖₁=93.155, h_range=[1.00e-08, 1.17e+01], num_knots=1762
2025-09-01 15:29:43,168 - Iter 37100: obj=-905.101930, change=1.16e-05, α=0.000, ‖θ[1:]‖₁=93.155, h_range=[1.00e-08, 1.17e+01], num_knots=1762
2025-09-01 15:29:43,281 - Iter 37110: obj=-905.105786, change=1.16e-05, α=0.000, ‖θ[1:]‖₁=93.155, h_range=[1.00e-08, 1.17e+01], num_knots=1762
2025-09-01 15:29:43,406 - Iter 37120: obj=-905.109640, change=1.16e-05, α=0.000, ‖θ[1:]‖₁=93.155, h_range=[1.00e-08, 1.17e+01], num_knots=1761
2025-09-01 15:29:43,512 - Iter 37130: obj=-905.113494, change=1.16e-05, α=0.000, ‖θ[1:]‖₁=93.155, h_range=[1.00e-08, 1.17e+01], num_knots=1761
2025-09-01 15:29:43,630 - Iter 37140: obj=-905.117347, change=1.16e-05, α=0.000, ‖θ[1:]‖₁=93.156, h_range=[1.00e-08, 1.17e+01], num_knots=1761
2025-09-01 15:29:43,732 - Iter 37150: obj=-905.121199, change=1.16e-05, α=0.000, ‖θ[1:]‖₁=93.156, h_range=[1.00e-08, 1.17e+01], num_knots=1761
2025-09-01 15:29:43,852 - Iter 37160: obj=-905.125050, change=1.16e-05, α=0.000, ‖θ[1:]‖₁=93.156, h_range=[1.00e-08, 1.17e+01], num_knots=1761
2025-09-01 15:29:43,978 - Iter 37170: obj=-905.128901, change=1.16e-05, α=0.000, ‖θ[1:]‖₁=93.156, h_range=[1.00e-08, 1.17e+01], num_knots=1761
2025-09-01 15:29:44,093 - Iter 37180: obj=-905.132751, change=1.16e-05, α=0.000, ‖θ[1:]‖₁=93.156, h_range=[1.00e-08, 1.17e+01], num_knots=1761
2025-09-01 15:29:44,223 - Iter 37190: obj=-905.136600, change=1.16e-05, α=0.000, ‖θ[1:]‖₁=93.156, h_range=[1.00e-08, 1.17e+01], num_knots=1761
2025-09-01 15:29:44,336 - Iter 37200: obj=-905.140449, change=1.16e-05, α=0.000, ‖θ[1:]‖₁=93.157, h_range=[1.00e-08, 1.17e+01], num_knots=1761
2025-09-01 15:29:44,451 - Iter 37210: obj=-905.144297, change=1.16e-05, α=0.000, ‖θ[1:]‖₁=93.157, h_range=[1.00e-08, 1.17e+01], num_knots=1761
2025-09-01 15:29:44,571 - Iter 37220: obj=-905.148144, change=1.16e-05, α=0.000, ‖θ[1:]‖₁=93.157, h_range=[1.00e-08, 1.17e+01], num_knots=1761
2025-09-01 15:29:44,677 - Iter 37230: obj=-905.151991, change=1.16e-05, α=0.000, ‖θ[1:]‖₁=93.157, h_range=[1.00e-08, 1.17e+01], num_knots=1761
2025-09-01 15:29:44,779 - Iter 37240: obj=-905.155836, change=1.16e-05, α=0.000, ‖θ[1:]‖₁=93.157, h_range=[1.00e-08, 1.17e+01], num_knots=1761
2025-09-01 15:29:44,886 - Iter 37250: obj=-905.159682, change=1.16e-05, α=0.000, ‖θ[1:]‖₁=93.157, h_range=[1.00e-08, 1.17e+01], num_knots=1761
2025-09-01 15:29:44,989 - Iter 37260: obj=-905.163526, change=1.16e-05, α=0.000, ‖θ[1:]‖₁=93.157, h_range=[1.00e-08, 1.17e+01], num_knots=1761
2025-09-01 15:29:45,091 - Iter 37270: obj=-905.167370, change=1.16e-05, α=0.000, ‖θ[1:]‖₁=93.158, h_range=[1.00e-08, 1.17e+01], num_knots=1761
2025-09-01 15:29:45,207 - Iter 37280: obj=-905.171213, change=1.16e-05, α=0.000, ‖θ[1:]‖₁=93.158, h_range=[1.00e-08, 1.17e+01], num_knots=1761
2025-09-01 15:29:45,360 - Iter 37290: obj=-905.175055, change=1.16e-05, α=0.000, ‖θ[1:]‖₁=93.158, h_range=[1.00e-08, 1.17e+01], num_knots=1761
2025-09-01 15:29:45,474 - Iter 37300: obj=-905.178897, change=1.16e-05, α=0.000, ‖θ[1:]‖₁=93.158, h_range=[1.00e-08, 1.17e+01], num_knots=1761
2025-09-01 15:29:45,588 - Iter 37310: obj=-905.182738, change=1.16e-05, α=0.000, ‖θ[1:]‖₁=93.158, h_range=[1.00e-08, 1.17e+01], num_knots=1761
2025-09-01 15:29:45,698 - Iter 37320: obj=-905.186578, change=1.16e-05, α=0.000, ‖θ[1:]‖₁=93.158, h_range=[1.00e-08, 1.17e+01], num_knots=1761
2025-09-01 15:29:45,801 - Iter 37330: obj=-905.190418, change=1.16e-05, α=0.000, ‖θ[1:]‖₁=93.159, h_range=[1.00e-08, 1.17e+01], num_knots=1761
2025-09-01 15:29:45,901 - Iter 37340: obj=-905.194256, change=1.16e-05, α=0.000, ‖θ[1:]‖₁=93.159, h_range=[1.00e-08, 1.17e+01], num_knots=1761
2025-09-01 15:29:46,005 - Iter 37350: obj=-905.198095, change=1.16e-05, α=0.000, ‖θ[1:]‖₁=93.159, h_range=[1.00e-08, 1.17e+01], num_knots=1761
2025-09-01 15:29:46,141 - Iter 37360: obj=-905.201932, change=1.16e-05, α=0.000, ‖θ[1:]‖₁=93.159, h_range=[1.00e-08, 1.17e+01], num_knots=1761
2025-09-01 15:29:46,257 - Iter 37370: obj=-905.205769, change=1.16e-05, α=0.000, ‖θ[1:]‖₁=93.159, h_range=[1.00e-08, 1.17e+01], num_knots=1761
2025-09-01 15:29:46,366 - Iter 37380: obj=-905.209605, change=1.16e-05, α=0.000, ‖θ[1:]‖₁=93.159, h_range=[1.00e-08, 1.17e+01], num_knots=1761
2025-09-01 15:29:46,472 - Iter 37390: obj=-905.213440, change=1.16e-05, α=0.000, ‖θ[1:]‖₁=93.159, h_range=[1.00e-08, 1.17e+01], num_knots=1761
2025-09-01 15:29:46,594 - Iter 37400: obj=-905.217275, change=1.16e-05, α=0.000, ‖θ[1:]‖₁=93.160, h_range=[1.00e-08, 1.17e+01], num_knots=1761
2025-09-01 15:29:46,709 - Iter 37410: obj=-905.221109, change=1.16e-05, α=0.000, ‖θ[1:]‖₁=93.160, h_range=[1.00e-08, 1.17e+01], num_knots=1761
2025-09-01 15:29:46,823 - Iter 37420: obj=-905.224943, change=1.16e-05, α=0.000, ‖θ[1:]‖₁=93.160, h_range=[1.00e-08, 1.17e+01], num_knots=1761
2025-09-01 15:29:46,931 - Iter 37430: obj=-905.228775, change=1.16e-05, α=0.000, ‖θ[1:]‖₁=93.160, h_range=[1.00e-08, 1.17e+01], num_knots=1761
2025-09-01 15:29:47,037 - Iter 37440: obj=-905.232607, change=1.16e-05, α=0.000, ‖θ[1:]‖₁=93.160, h_range=[1.00e-08, 1.17e+01], num_knots=1761
2025-09-01 15:29:47,180 - Iter 37450: obj=-905.236438, change=1.16e-05, α=0.000, ‖θ[1:]‖₁=93.160, h_range=[1.00e-08, 1.17e+01], num_knots=1761
2025-09-01 15:29:47,309 - Iter 37460: obj=-905.240269, change=1.16e-05, α=0.000, ‖θ[1:]‖₁=93.160, h_range=[1.00e-08, 1.17e+01], num_knots=1761
2025-09-01 15:29:47,444 - Iter 37470: obj=-905.244099, change=1.16e-05, α=0.000, ‖θ[1:]‖₁=93.161, h_range=[1.00e-08, 1.17e+01], num_knots=1761
2025-09-01 15:29:47,549 - Iter 37480: obj=-905.247928, change=1.16e-05, α=0.000, ‖θ[1:]‖₁=93.161, h_range=[1.00e-08, 1.17e+01], num_knots=1761
2025-09-01 15:29:47,645 - Iter 37490: obj=-905.251757, change=1.16e-05, α=0.000, ‖θ[1:]‖₁=93.161, h_range=[1.00e-08, 1.17e+01], num_knots=1761
2025-09-01 15:29:47,763 - Iter 37500: obj=-905.255584, change=1.16e-05, α=0.000, ‖θ[1:]‖₁=93.161, h_range=[1.00e-08, 1.17e+01], num_knots=1761
2025-09-01 15:29:47,858 - Iter 37510: obj=-905.259412, change=1.16e-05, α=0.000, ‖θ[1:]‖₁=93.161, h_range=[1.00e-08, 1.17e+01], num_knots=1761
2025-09-01 15:29:47,970 - Iter 37520: obj=-905.263238, change=1.16e-05, α=0.000, ‖θ[1:]‖₁=93.161, h_range=[1.00e-08, 1.17e+01], num_knots=1761
2025-09-01 15:29:48,080 - Iter 37530: obj=-905.267064, change=1.16e-05, α=0.000, ‖θ[1:]‖₁=93.161, h_range=[1.00e-08, 1.17e+01], num_knots=1761
2025-09-01 15:29:48,177 - Iter 37540: obj=-905.270889, change=1.16e-05, α=0.000, ‖θ[1:]‖₁=93.162, h_range=[1.00e-08, 1.17e+01], num_knots=1761
2025-09-01 15:29:48,303 - Iter 37550: obj=-905.274713, change=1.16e-05, α=0.000, ‖θ[1:]‖₁=93.162, h_range=[1.00e-08, 1.17e+01], num_knots=1761
2025-09-01 15:29:48,412 - Iter 37560: obj=-905.278537, change=1.16e-05, α=0.000, ‖θ[1:]‖₁=93.162, h_range=[1.00e-08, 1.17e+01], num_knots=1761
2025-09-01 15:29:48,505 - Iter 37570: obj=-905.282360, change=1.16e-05, α=0.000, ‖θ[1:]‖₁=93.162, h_range=[1.00e-08, 1.17e+01], num_knots=1761
2025-09-01 15:29:48,659 - Iter 37580: obj=-905.286182, change=1.16e-05, α=0.000, ‖θ[1:]‖₁=93.162, h_range=[1.00e-08, 1.17e+01], num_knots=1761
2025-09-01 15:29:48,802 - Iter 37590: obj=-905.290004, change=1.16e-05, α=0.000, ‖θ[1:]‖₁=93.162, h_range=[1.00e-08, 1.17e+01], num_knots=1761
2025-09-01 15:29:48,940 - Iter 37600: obj=-905.293825, change=1.16e-05, α=0.000, ‖θ[1:]‖₁=93.162, h_range=[1.00e-08, 1.17e+01], num_knots=1761
2025-09-01 15:29:49,077 - Iter 37610: obj=-905.297645, change=1.16e-05, α=0.000, ‖θ[1:]‖₁=93.162, h_range=[1.00e-08, 1.17e+01], num_knots=1761
2025-09-01 15:29:49,203 - Iter 37620: obj=-905.301465, change=1.16e-05, α=0.000, ‖θ[1:]‖₁=93.163, h_range=[1.00e-08, 1.17e+01], num_knots=1760
2025-09-01 15:29:49,318 - Iter 37630: obj=-905.305283, change=1.15e-05, α=0.000, ‖θ[1:]‖₁=93.163, h_range=[1.00e-08, 1.17e+01], num_knots=1760
2025-09-01 15:29:49,535 - Iter 37640: obj=-905.309100, change=1.15e-05, α=0.000, ‖θ[1:]‖₁=93.163, h_range=[1.00e-08, 1.17e+01], num_knots=1759
2025-09-01 15:29:49,633 - Iter 37650: obj=-905.312916, change=1.15e-05, α=0.000, ‖θ[1:]‖₁=93.163, h_range=[1.00e-08, 1.17e+01], num_knots=1759
2025-09-01 15:29:49,755 - Iter 37660: obj=-905.316732, change=1.15e-05, α=0.000, ‖θ[1:]‖₁=93.163, h_range=[1.00e-08, 1.17e+01], num_knots=1759
2025-09-01 15:29:49,880 - Iter 37670: obj=-905.320547, change=1.15e-05, α=0.000, ‖θ[1:]‖₁=93.163, h_range=[1.00e-08, 1.17e+01], num_knots=1759
2025-09-01 15:29:49,980 - Iter 37680: obj=-905.324361, change=1.15e-05, α=0.000, ‖θ[1:]‖₁=93.163, h_range=[1.00e-08, 1.17e+01], num_knots=1759
2025-09-01 15:29:50,082 - Iter 37690: obj=-905.328175, change=1.15e-05, α=0.000, ‖θ[1:]‖₁=93.164, h_range=[1.00e-08, 1.17e+01], num_knots=1759
2025-09-01 15:29:50,223 - Iter 37700: obj=-905.331988, change=1.15e-05, α=0.000, ‖θ[1:]‖₁=93.164, h_range=[1.00e-08, 1.17e+01], num_knots=1759
2025-09-01 15:29:50,357 - Iter 37710: obj=-905.335800, change=1.15e-05, α=0.000, ‖θ[1:]‖₁=93.164, h_range=[1.00e-08, 1.17e+01], num_knots=1759
2025-09-01 15:29:50,469 - Iter 37720: obj=-905.339611, change=1.15e-05, α=0.000, ‖θ[1:]‖₁=93.164, h_range=[1.00e-08, 1.17e+01], num_knots=1759
2025-09-01 15:29:50,576 - Iter 37730: obj=-905.343422, change=1.15e-05, α=0.000, ‖θ[1:]‖₁=93.164, h_range=[1.00e-08, 1.17e+01], num_knots=1759
2025-09-01 15:29:50,698 - Iter 37740: obj=-905.347233, change=1.15e-05, α=0.000, ‖θ[1:]‖₁=93.164, h_range=[1.00e-08, 1.17e+01], num_knots=1759
2025-09-01 15:29:50,810 - Iter 37750: obj=-905.351042, change=1.15e-05, α=0.000, ‖θ[1:]‖₁=93.164, h_range=[1.00e-08, 1.17e+01], num_knots=1759
2025-09-01 15:29:50,941 - Iter 37760: obj=-905.354851, change=1.15e-05, α=0.000, ‖θ[1:]‖₁=93.164, h_range=[1.00e-08, 1.17e+01], num_knots=1759
2025-09-01 15:29:51,048 - Iter 37770: obj=-905.358659, change=1.15e-05, α=0.000, ‖θ[1:]‖₁=93.165, h_range=[1.00e-08, 1.17e+01], num_knots=1759
2025-09-01 15:29:51,167 - Iter 37780: obj=-905.362467, change=1.15e-05, α=0.000, ‖θ[1:]‖₁=93.165, h_range=[1.00e-08, 1.17e+01], num_knots=1759
2025-09-01 15:29:51,282 - Iter 37790: obj=-905.366273, change=1.15e-05, α=0.000, ‖θ[1:]‖₁=93.165, h_range=[1.00e-08, 1.17e+01], num_knots=1759
2025-09-01 15:29:51,405 - Iter 37800: obj=-905.370080, change=1.15e-05, α=0.000, ‖θ[1:]‖₁=93.165, h_range=[1.00e-08, 1.17e+01], num_knots=1759
2025-09-01 15:29:51,525 - Iter 37810: obj=-905.373885, change=1.15e-05, α=0.000, ‖θ[1:]‖₁=93.165, h_range=[1.00e-08, 1.17e+01], num_knots=1759
2025-09-01 15:29:51,638 - Iter 37820: obj=-905.377690, change=1.15e-05, α=0.000, ‖θ[1:]‖₁=93.165, h_range=[1.00e-08, 1.17e+01], num_knots=1759
2025-09-01 15:29:51,747 - Iter 37830: obj=-905.381494, change=1.15e-05, α=0.000, ‖θ[1:]‖₁=93.165, h_range=[1.00e-08, 1.17e+01], num_knots=1759
2025-09-01 15:29:51,842 - Iter 37840: obj=-905.385298, change=1.15e-05, α=0.000, ‖θ[1:]‖₁=93.165, h_range=[1.00e-08, 1.17e+01], num_knots=1759
2025-09-01 15:29:51,955 - Iter 37850: obj=-905.389100, change=1.15e-05, α=0.000, ‖θ[1:]‖₁=93.165, h_range=[1.00e-08, 1.17e+01], num_knots=1759
2025-09-01 15:29:52,061 - Iter 37860: obj=-905.392902, change=1.15e-05, α=0.000, ‖θ[1:]‖₁=93.166, h_range=[1.00e-08, 1.17e+01], num_knots=1759
2025-09-01 15:29:52,159 - Iter 37870: obj=-905.396704, change=1.15e-05, α=0.000, ‖θ[1:]‖₁=93.166, h_range=[1.00e-08, 1.17e+01], num_knots=1759
2025-09-01 15:29:52,252 - Iter 37880: obj=-905.400505, change=1.15e-05, α=0.000, ‖θ[1:]‖₁=93.166, h_range=[1.00e-08, 1.17e+01], num_knots=1759
2025-09-01 15:29:52,336 - Iter 37890: obj=-905.404305, change=1.15e-05, α=0.000, ‖θ[1:]‖₁=93.166, h_range=[1.00e-08, 1.17e+01], num_knots=1759
2025-09-01 15:29:52,450 - Iter 37900: obj=-905.408104, change=1.15e-05, α=0.000, ‖θ[1:]‖₁=93.166, h_range=[1.00e-08, 1.17e+01], num_knots=1759
2025-09-01 15:29:52,555 - Iter 37910: obj=-905.411903, change=1.15e-05, α=0.000, ‖θ[1:]‖₁=93.166, h_range=[1.00e-08, 1.17e+01], num_knots=1759
2025-09-01 15:29:52,671 - Iter 37920: obj=-905.415701, change=1.15e-05, α=0.000, ‖θ[1:]‖₁=93.166, h_range=[1.00e-08, 1.17e+01], num_knots=1759
2025-09-01 15:29:52,757 - Iter 37930: obj=-905.419499, change=1.15e-05, α=0.000, ‖θ[1:]‖₁=93.166, h_range=[1.00e-08, 1.17e+01], num_knots=1759
2025-09-01 15:29:52,848 - Iter 37940: obj=-905.423295, change=1.15e-05, α=0.000, ‖θ[1:]‖₁=93.166, h_range=[1.00e-08, 1.17e+01], num_knots=1759
2025-09-01 15:29:52,943 - Iter 37950: obj=-905.427092, change=1.15e-05, α=0.000, ‖θ[1:]‖₁=93.166, h_range=[1.00e-08, 1.17e+01], num_knots=1759
2025-09-01 15:29:53,031 - Iter 37960: obj=-905.430886, change=1.15e-05, α=0.000, ‖θ[1:]‖₁=93.167, h_range=[1.00e-08, 1.17e+01], num_knots=1758
2025-09-01 15:29:53,134 - Iter 37970: obj=-905.434680, change=1.15e-05, α=0.000, ‖θ[1:]‖₁=93.167, h_range=[1.00e-08, 1.17e+01], num_knots=1758
2025-09-01 15:29:53,234 - Iter 37980: obj=-905.438473, change=1.15e-05, α=0.000, ‖θ[1:]‖₁=93.167, h_range=[1.00e-08, 1.17e+01], num_knots=1758
2025-09-01 15:29:53,352 - Iter 37990: obj=-905.442266, change=1.15e-05, α=0.000, ‖θ[1:]‖₁=93.167, h_range=[1.00e-08, 1.17e+01], num_knots=1758
2025-09-01 15:29:53,482 - Iter 38000: obj=-905.446058, change=1.15e-05, α=0.000, ‖θ[1:]‖₁=93.167, h_range=[1.00e-08, 1.17e+01], num_knots=1758
2025-09-01 15:29:53,561 - Iter 38010: obj=-905.449849, change=1.15e-05, α=0.000, ‖θ[1:]‖₁=93.167, h_range=[1.00e-08, 1.17e+01], num_knots=1758
2025-09-01 15:29:53,679 - Iter 38020: obj=-905.453639, change=1.15e-05, α=0.000, ‖θ[1:]‖₁=93.167, h_range=[1.00e-08, 1.17e+01], num_knots=1758
2025-09-01 15:29:53,793 - Iter 38030: obj=-905.457429, change=1.15e-05, α=0.000, ‖θ[1:]‖₁=93.167, h_range=[1.00e-08, 1.17e+01], num_knots=1758
2025-09-01 15:29:53,905 - Iter 38040: obj=-905.461218, change=1.15e-05, α=0.000, ‖θ[1:]‖₁=93.167, h_range=[1.00e-08, 1.17e+01], num_knots=1758
2025-09-01 15:29:54,024 - Iter 38050: obj=-905.465007, change=1.15e-05, α=0.000, ‖θ[1:]‖₁=93.168, h_range=[1.00e-08, 1.17e+01], num_knots=1758
2025-09-01 15:29:54,116 - Iter 38060: obj=-905.468795, change=1.15e-05, α=0.000, ‖θ[1:]‖₁=93.168, h_range=[1.00e-08, 1.17e+01], num_knots=1758
2025-09-01 15:29:54,221 - Iter 38070: obj=-905.472582, change=1.15e-05, α=0.000, ‖θ[1:]‖₁=93.168, h_range=[1.00e-08, 1.17e+01], num_knots=1758
2025-09-01 15:29:54,326 - Iter 38080: obj=-905.476368, change=1.15e-05, α=0.000, ‖θ[1:]‖₁=93.168, h_range=[1.00e-08, 1.17e+01], num_knots=1758
2025-09-01 15:29:54,442 - Iter 38090: obj=-905.480154, change=1.15e-05, α=0.000, ‖θ[1:]‖₁=93.168, h_range=[1.00e-08, 1.17e+01], num_knots=1758
2025-09-01 15:29:54,562 - Iter 38100: obj=-905.483939, change=1.15e-05, α=0.000, ‖θ[1:]‖₁=93.168, h_range=[1.00e-08, 1.17e+01], num_knots=1758
2025-09-01 15:29:54,681 - Iter 38110: obj=-905.487724, change=1.15e-05, α=0.000, ‖θ[1:]‖₁=93.168, h_range=[1.00e-08, 1.17e+01], num_knots=1758
2025-09-01 15:29:54,799 - Iter 38120: obj=-905.491508, change=1.15e-05, α=0.000, ‖θ[1:]‖₁=93.168, h_range=[1.00e-08, 1.17e+01], num_knots=1758
2025-09-01 15:29:54,932 - Iter 38130: obj=-905.495291, change=1.15e-05, α=0.000, ‖θ[1:]‖₁=93.168, h_range=[1.00e-08, 1.17e+01], num_knots=1758
2025-09-01 15:29:55,051 - Iter 38140: obj=-905.499073, change=1.15e-05, α=0.000, ‖θ[1:]‖₁=93.168, h_range=[1.00e-08, 1.17e+01], num_knots=1758
2025-09-01 15:29:55,161 - Iter 38150: obj=-905.502855, change=1.15e-05, α=0.000, ‖θ[1:]‖₁=93.169, h_range=[1.00e-08, 1.17e+01], num_knots=1758
2025-09-01 15:29:55,278 - Iter 38160: obj=-905.506636, change=1.15e-05, α=0.000, ‖θ[1:]‖₁=93.169, h_range=[1.00e-08, 1.17e+01], num_knots=1758
2025-09-01 15:29:55,397 - Iter 38170: obj=-905.510417, change=1.15e-05, α=0.000, ‖θ[1:]‖₁=93.169, h_range=[1.00e-08, 1.17e+01], num_knots=1758
2025-09-01 15:29:55,503 - Iter 38180: obj=-905.514197, change=1.15e-05, α=0.000, ‖θ[1:]‖₁=93.169, h_range=[1.00e-08, 1.17e+01], num_knots=1758
2025-09-01 15:29:55,626 - Iter 38190: obj=-905.517976, change=1.15e-05, α=0.000, ‖θ[1:]‖₁=93.169, h_range=[1.00e-08, 1.17e+01], num_knots=1758
2025-09-01 15:29:55,753 - Iter 38200: obj=-905.521755, change=1.15e-05, α=0.000, ‖θ[1:]‖₁=93.169, h_range=[1.00e-08, 1.17e+01], num_knots=1758
2025-09-01 15:29:55,857 - Iter 38210: obj=-905.525533, change=1.15e-05, α=0.000, ‖θ[1:]‖₁=93.169, h_range=[1.00e-08, 1.17e+01], num_knots=1758
2025-09-01 15:29:55,947 - Iter 38220: obj=-905.529310, change=1.15e-05, α=0.000, ‖θ[1:]‖₁=93.169, h_range=[1.00e-08, 1.17e+01], num_knots=1758
2025-09-01 15:29:56,053 - Iter 38230: obj=-905.533087, change=1.15e-05, α=0.000, ‖θ[1:]‖₁=93.169, h_range=[1.00e-08, 1.17e+01], num_knots=1758
2025-09-01 15:29:56,170 - Iter 38240: obj=-905.536863, change=1.15e-05, α=0.000, ‖θ[1:]‖₁=93.169, h_range=[1.00e-08, 1.17e+01], num_knots=1758
2025-09-01 15:29:56,266 - Iter 38250: obj=-905.540638, change=1.15e-05, α=0.000, ‖θ[1:]‖₁=93.169, h_range=[1.00e-08, 1.17e+01], num_knots=1758
2025-09-01 15:29:56,393 - Iter 38260: obj=-905.544413, change=1.15e-05, α=0.000, ‖θ[1:]‖₁=93.169, h_range=[1.00e-08, 1.17e+01], num_knots=1758
2025-09-01 15:29:56,527 - Iter 38270: obj=-905.548187, change=1.15e-05, α=0.000, ‖θ[1:]‖₁=93.170, h_range=[1.00e-08, 1.17e+01], num_knots=1758
2025-09-01 15:29:56,639 - Iter 38280: obj=-905.551960, change=1.15e-05, α=0.000, ‖θ[1:]‖₁=93.170, h_range=[1.00e-08, 1.17e+01], num_knots=1758
2025-09-01 15:29:56,774 - Iter 38290: obj=-905.555733, change=1.15e-05, α=0.000, ‖θ[1:]‖₁=93.170, h_range=[1.00e-08, 1.17e+01], num_knots=1758
2025-09-01 15:29:56,888 - Iter 38300: obj=-905.559505, change=1.15e-05, α=0.000, ‖θ[1:]‖₁=93.170, h_range=[1.00e-08, 1.17e+01], num_knots=1758
2025-09-01 15:29:57,002 - Iter 38310: obj=-905.563276, change=1.15e-05, α=0.000, ‖θ[1:]‖₁=93.170, h_range=[1.00e-08, 1.17e+01], num_knots=1758
2025-09-01 15:29:57,122 - Iter 38320: obj=-905.567047, change=1.15e-05, α=0.000, ‖θ[1:]‖₁=93.170, h_range=[1.00e-08, 1.17e+01], num_knots=1758
2025-09-01 15:29:57,239 - Iter 38330: obj=-905.570817, change=1.15e-05, α=0.000, ‖θ[1:]‖₁=93.170, h_range=[1.00e-08, 1.17e+01], num_knots=1758
2025-09-01 15:29:57,338 - Iter 38340: obj=-905.574586, change=1.15e-05, α=0.000, ‖θ[1:]‖₁=93.170, h_range=[1.00e-08, 1.17e+01], num_knots=1757
2025-09-01 15:29:57,462 - Iter 38350: obj=-905.578347, change=1.15e-05, α=0.000, ‖θ[1:]‖₁=93.170, h_range=[1.00e-08, 1.17e+01], num_knots=1757
2025-09-01 15:29:57,572 - Iter 38360: obj=-905.582107, change=1.15e-05, α=0.000, ‖θ[1:]‖₁=93.170, h_range=[1.00e-08, 1.17e+01], num_knots=1757
2025-09-01 15:29:57,680 - Iter 38370: obj=-905.585867, change=1.15e-05, α=0.000, ‖θ[1:]‖₁=93.170, h_range=[1.00e-08, 1.17e+01], num_knots=1757
2025-09-01 15:29:57,786 - Iter 38380: obj=-905.589626, change=1.15e-05, α=0.000, ‖θ[1:]‖₁=93.171, h_range=[1.00e-08, 1.17e+01], num_knots=1757
2025-09-01 15:29:57,924 - Iter 38390: obj=-905.593385, change=1.15e-05, α=0.000, ‖θ[1:]‖₁=93.171, h_range=[1.00e-08, 1.17e+01], num_knots=1757
2025-09-01 15:29:58,027 - Iter 38400: obj=-905.597142, change=1.15e-05, α=0.000, ‖θ[1:]‖₁=93.171, h_range=[1.00e-08, 1.17e+01], num_knots=1757
2025-09-01 15:29:58,122 - Iter 38410: obj=-905.600900, change=1.15e-05, α=0.000, ‖θ[1:]‖₁=93.171, h_range=[1.00e-08, 1.17e+01], num_knots=1757
2025-09-01 15:29:58,239 - Iter 38420: obj=-905.604656, change=1.15e-05, α=0.000, ‖θ[1:]‖₁=93.171, h_range=[1.00e-08, 1.17e+01], num_knots=1757
2025-09-01 15:29:58,336 - Iter 38430: obj=-905.608412, change=1.15e-05, α=0.000, ‖θ[1:]‖₁=93.171, h_range=[1.00e-08, 1.17e+01], num_knots=1757
2025-09-01 15:29:58,443 - Iter 38440: obj=-905.612167, change=1.15e-05, α=0.000, ‖θ[1:]‖₁=93.171, h_range=[1.00e-08, 1.17e+01], num_knots=1757
2025-09-01 15:29:58,560 - Iter 38450: obj=-905.615922, change=1.15e-05, α=0.000, ‖θ[1:]‖₁=93.171, h_range=[1.00e-08, 1.17e+01], num_knots=1757
2025-09-01 15:29:58,676 - Iter 38460: obj=-905.619676, change=1.15e-05, α=0.000, ‖θ[1:]‖₁=93.171, h_range=[1.00e-08, 1.17e+01], num_knots=1757
2025-09-01 15:29:58,806 - Iter 38470: obj=-905.623429, change=1.15e-05, α=0.000, ‖θ[1:]‖₁=93.171, h_range=[1.00e-08, 1.17e+01], num_knots=1757
2025-09-01 15:29:58,925 - Iter 38480: obj=-905.627181, change=1.15e-05, α=0.000, ‖θ[1:]‖₁=93.172, h_range=[1.00e-08, 1.17e+01], num_knots=1757
2025-09-01 15:29:59,037 - Iter 38490: obj=-905.630933, change=1.15e-05, α=0.000, ‖θ[1:]‖₁=93.172, h_range=[1.00e-08, 1.17e+01], num_knots=1757
2025-09-01 15:29:59,136 - Iter 38500: obj=-905.634685, change=1.15e-05, α=0.000, ‖θ[1:]‖₁=93.172, h_range=[1.00e-08, 1.17e+01], num_knots=1757
2025-09-01 15:29:59,271 - Iter 38510: obj=-905.638431, change=1.15e-05, α=0.000, ‖θ[1:]‖₁=93.172, h_range=[1.00e-08, 1.17e+01], num_knots=1756
2025-09-01 15:29:59,378 - Iter 38520: obj=-905.642173, change=1.14e-05, α=0.000, ‖θ[1:]‖₁=93.172, h_range=[1.00e-08, 1.17e+01], num_knots=1756
2025-09-01 15:29:59,490 - Iter 38530: obj=-905.645914, change=1.14e-05, α=0.000, ‖θ[1:]‖₁=93.172, h_range=[1.00e-08, 1.17e+01], num_knots=1756
2025-09-01 15:29:59,634 - Iter 38540: obj=-905.649655, change=1.14e-05, α=0.000, ‖θ[1:]‖₁=93.172, h_range=[1.00e-08, 1.17e+01], num_knots=1756
2025-09-01 15:29:59,731 - Iter 38550: obj=-905.653395, change=1.14e-05, α=0.000, ‖θ[1:]‖₁=93.172, h_range=[1.00e-08, 1.17e+01], num_knots=1756
2025-09-01 15:29:59,860 - Iter 38560: obj=-905.657135, change=1.14e-05, α=0.000, ‖θ[1:]‖₁=93.172, h_range=[1.00e-08, 1.17e+01], num_knots=1756
2025-09-01 15:29:59,968 - Iter 38570: obj=-905.660874, change=1.14e-05, α=0.000, ‖θ[1:]‖₁=93.173, h_range=[1.00e-08, 1.17e+01], num_knots=1756
2025-09-01 15:30:00,092 - Iter 38580: obj=-905.664612, change=1.14e-05, α=0.000, ‖θ[1:]‖₁=93.173, h_range=[1.00e-08, 1.17e+01], num_knots=1756
2025-09-01 15:30:00,211 - Iter 38590: obj=-905.668350, change=1.14e-05, α=0.000, ‖θ[1:]‖₁=93.173, h_range=[1.00e-08, 1.17e+01], num_knots=1756
2025-09-01 15:30:00,331 - Iter 38600: obj=-905.672087, change=1.14e-05, α=0.000, ‖θ[1:]‖₁=93.173, h_range=[1.00e-08, 1.17e+01], num_knots=1756
2025-09-01 15:30:00,422 - Iter 38610: obj=-905.675823, change=1.14e-05, α=0.000, ‖θ[1:]‖₁=93.173, h_range=[1.00e-08, 1.17e+01], num_knots=1756
2025-09-01 15:30:00,528 - Iter 38620: obj=-905.679559, change=1.14e-05, α=0.000, ‖θ[1:]‖₁=93.173, h_range=[1.00e-08, 1.17e+01], num_knots=1756
2025-09-01 15:30:00,660 - Iter 38630: obj=-905.683294, change=1.14e-05, α=0.000, ‖θ[1:]‖₁=93.173, h_range=[1.00e-08, 1.17e+01], num_knots=1756
2025-09-01 15:30:00,779 - Iter 38640: obj=-905.687028, change=1.14e-05, α=0.000, ‖θ[1:]‖₁=93.173, h_range=[1.00e-08, 1.17e+01], num_knots=1756
2025-09-01 15:30:00,888 - Iter 38650: obj=-905.690762, change=1.14e-05, α=0.000, ‖θ[1:]‖₁=93.173, h_range=[1.00e-08, 1.17e+01], num_knots=1756
2025-09-01 15:30:00,986 - Iter 38660: obj=-905.694495, change=1.14e-05, α=0.000, ‖θ[1:]‖₁=93.174, h_range=[1.00e-08, 1.17e+01], num_knots=1756
2025-09-01 15:30:01,104 - Iter 38670: obj=-905.698228, change=1.14e-05, α=0.000, ‖θ[1:]‖₁=93.174, h_range=[1.00e-08, 1.17e+01], num_knots=1756
2025-09-01 15:30:01,218 - Iter 38680: obj=-905.701960, change=1.14e-05, α=0.000, ‖θ[1:]‖₁=93.174, h_range=[1.00e-08, 1.17e+01], num_knots=1756
2025-09-01 15:30:01,326 - Iter 38690: obj=-905.705691, change=1.14e-05, α=0.000, ‖θ[1:]‖₁=93.174, h_range=[1.00e-08, 1.17e+01], num_knots=1756
2025-09-01 15:30:01,454 - Iter 38700: obj=-905.709416, change=1.14e-05, α=0.000, ‖θ[1:]‖₁=93.174, h_range=[1.00e-08, 1.17e+01], num_knots=1755
2025-09-01 15:30:01,563 - Iter 38710: obj=-905.713138, change=1.14e-05, α=0.000, ‖θ[1:]‖₁=93.174, h_range=[1.00e-08, 1.17e+01], num_knots=1755
2025-09-01 15:30:01,684 - Iter 38720: obj=-905.716860, change=1.14e-05, α=0.000, ‖θ[1:]‖₁=93.174, h_range=[1.00e-08, 1.17e+01], num_knots=1755
2025-09-01 15:30:01,792 - Iter 38730: obj=-905.720580, change=1.14e-05, α=0.000, ‖θ[1:]‖₁=93.174, h_range=[1.00e-08, 1.17e+01], num_knots=1755
2025-09-01 15:30:01,909 - Iter 38740: obj=-905.724301, change=1.14e-05, α=0.000, ‖θ[1:]‖₁=93.175, h_range=[1.00e-08, 1.17e+01], num_knots=1755
2025-09-01 15:30:02,021 - Iter 38750: obj=-905.728020, change=1.14e-05, α=0.000, ‖θ[1:]‖₁=93.175, h_range=[1.00e-08, 1.17e+01], num_knots=1755
2025-09-01 15:30:02,115 - Iter 38760: obj=-905.731739, change=1.14e-05, α=0.000, ‖θ[1:]‖₁=93.175, h_range=[1.00e-08, 1.17e+01], num_knots=1754
2025-09-01 15:30:02,219 - Iter 38770: obj=-905.735457, change=1.14e-05, α=0.000, ‖θ[1:]‖₁=93.175, h_range=[1.00e-08, 1.17e+01], num_knots=1754
2025-09-01 15:30:02,328 - Iter 38780: obj=-905.739174, change=1.14e-05, α=0.000, ‖θ[1:]‖₁=93.175, h_range=[1.00e-08, 1.17e+01], num_knots=1754
2025-09-01 15:30:02,441 - Iter 38790: obj=-905.742890, change=1.14e-05, α=0.000, ‖θ[1:]‖₁=93.175, h_range=[1.00e-08, 1.17e+01], num_knots=1754
2025-09-01 15:30:02,550 - Iter 38800: obj=-905.746605, change=1.14e-05, α=0.000, ‖θ[1:]‖₁=93.175, h_range=[1.00e-08, 1.17e+01], num_knots=1754
2025-09-01 15:30:02,662 - Iter 38810: obj=-905.750320, change=1.14e-05, α=0.000, ‖θ[1:]‖₁=93.175, h_range=[1.00e-08, 1.17e+01], num_knots=1754
2025-09-01 15:30:02,764 - Iter 38820: obj=-905.754035, change=1.14e-05, α=0.000, ‖θ[1:]‖₁=93.176, h_range=[1.00e-08, 1.17e+01], num_knots=1754
2025-09-01 15:30:02,875 - Iter 38830: obj=-905.757748, change=1.14e-05, α=0.000, ‖θ[1:]‖₁=93.176, h_range=[1.00e-08, 1.17e+01], num_knots=1754
2025-09-01 15:30:02,980 - Iter 38840: obj=-905.761459, change=1.14e-05, α=0.000, ‖θ[1:]‖₁=93.176, h_range=[1.00e-08, 1.17e+01], num_knots=1753
2025-09-01 15:30:03,095 - Iter 38850: obj=-905.765164, change=1.14e-05, α=0.000, ‖θ[1:]‖₁=93.176, h_range=[1.00e-08, 1.17e+01], num_knots=1753
2025-09-01 15:30:03,209 - Iter 38860: obj=-905.768868, change=1.14e-05, α=0.000, ‖θ[1:]‖₁=93.176, h_range=[1.00e-08, 1.17e+01], num_knots=1753
2025-09-01 15:30:03,315 - Iter 38870: obj=-905.772572, change=1.14e-05, α=0.000, ‖θ[1:]‖₁=93.176, h_range=[1.00e-08, 1.17e+01], num_knots=1753
2025-09-01 15:30:03,449 - Iter 38880: obj=-905.776274, change=1.14e-05, α=0.000, ‖θ[1:]‖₁=93.176, h_range=[1.00e-08, 1.17e+01], num_knots=1753
2025-09-01 15:30:03,567 - Iter 38890: obj=-905.779976, change=1.14e-05, α=0.000, ‖θ[1:]‖₁=93.177, h_range=[1.00e-08, 1.17e+01], num_knots=1753
2025-09-01 15:30:03,692 - Iter 38900: obj=-905.783678, change=1.14e-05, α=0.000, ‖θ[1:]‖₁=93.177, h_range=[1.00e-08, 1.17e+01], num_knots=1753
2025-09-01 15:30:03,780 - Iter 38910: obj=-905.787379, change=1.14e-05, α=0.000, ‖θ[1:]‖₁=93.177, h_range=[1.00e-08, 1.17e+01], num_knots=1753
2025-09-01 15:30:03,889 - Iter 38920: obj=-905.791079, change=1.14e-05, α=0.000, ‖θ[1:]‖₁=93.177, h_range=[1.00e-08, 1.17e+01], num_knots=1753
2025-09-01 15:30:03,992 - Iter 38930: obj=-905.794779, change=1.14e-05, α=0.000, ‖θ[1:]‖₁=93.177, h_range=[1.00e-08, 1.17e+01], num_knots=1753
2025-09-01 15:30:04,103 - Iter 38940: obj=-905.798478, change=1.14e-05, α=0.000, ‖θ[1:]‖₁=93.177, h_range=[1.00e-08, 1.17e+01], num_knots=1753
2025-09-01 15:30:04,232 - Iter 38950: obj=-905.802176, change=1.14e-05, α=0.000, ‖θ[1:]‖₁=93.177, h_range=[1.00e-08, 1.17e+01], num_knots=1753
2025-09-01 15:30:04,333 - Iter 38960: obj=-905.805874, change=1.14e-05, α=0.000, ‖θ[1:]‖₁=93.178, h_range=[1.00e-08, 1.17e+01], num_knots=1753
2025-09-01 15:30:04,434 - Iter 38970: obj=-905.809571, change=1.14e-05, α=0.000, ‖θ[1:]‖₁=93.178, h_range=[1.00e-08, 1.17e+01], num_knots=1753
2025-09-01 15:30:04,563 - Iter 38980: obj=-905.813267, change=1.14e-05, α=0.000, ‖θ[1:]‖₁=93.178, h_range=[1.00e-08, 1.17e+01], num_knots=1753
2025-09-01 15:30:04,674 - Iter 38990: obj=-905.816962, change=1.14e-05, α=0.000, ‖θ[1:]‖₁=93.178, h_range=[1.00e-08, 1.17e+01], num_knots=1752
2025-09-01 15:30:04,771 - Iter 39000: obj=-905.820655, change=1.14e-05, α=0.000, ‖θ[1:]‖₁=93.178, h_range=[1.00e-08, 1.17e+01], num_knots=1752
2025-09-01 15:30:04,889 - Iter 39010: obj=-905.824347, change=1.14e-05, α=0.000, ‖θ[1:]‖₁=93.178, h_range=[1.00e-08, 1.17e+01], num_knots=1752
2025-09-01 15:30:05,000 - Iter 39020: obj=-905.828039, change=1.14e-05, α=0.000, ‖θ[1:]‖₁=93.179, h_range=[1.00e-08, 1.17e+01], num_knots=1752
2025-09-01 15:30:05,113 - Iter 39030: obj=-905.831730, change=1.14e-05, α=0.000, ‖θ[1:]‖₁=93.179, h_range=[1.00e-08, 1.17e+01], num_knots=1752
2025-09-01 15:30:05,234 - Iter 39040: obj=-905.835420, change=1.14e-05, α=0.000, ‖θ[1:]‖₁=93.179, h_range=[1.00e-08, 1.17e+01], num_knots=1752
2025-09-01 15:30:05,366 - Iter 39050: obj=-905.839110, change=1.14e-05, α=0.000, ‖θ[1:]‖₁=93.179, h_range=[1.00e-08, 1.17e+01], num_knots=1752
2025-09-01 15:30:05,491 - Iter 39060: obj=-905.842799, change=1.14e-05, α=0.000, ‖θ[1:]‖₁=93.179, h_range=[1.00e-08, 1.17e+01], num_knots=1752
2025-09-01 15:30:05,596 - Iter 39070: obj=-905.846488, change=1.14e-05, α=0.000, ‖θ[1:]‖₁=93.179, h_range=[1.00e-08, 1.17e+01], num_knots=1752
2025-09-01 15:30:05,707 - Iter 39080: obj=-905.850176, change=1.14e-05, α=0.000, ‖θ[1:]‖₁=93.179, h_range=[1.00e-08, 1.17e+01], num_knots=1752
2025-09-01 15:30:05,801 - Iter 39090: obj=-905.853863, change=1.14e-05, α=0.000, ‖θ[1:]‖₁=93.180, h_range=[1.00e-08, 1.17e+01], num_knots=1752
2025-09-01 15:30:05,894 - Iter 39100: obj=-905.857549, change=1.14e-05, α=0.000, ‖θ[1:]‖₁=93.180, h_range=[1.00e-08, 1.17e+01], num_knots=1752
2025-09-01 15:30:05,992 - Iter 39110: obj=-905.861235, change=1.14e-05, α=0.000, ‖θ[1:]‖₁=93.180, h_range=[1.00e-08, 1.17e+01], num_knots=1752
2025-09-01 15:30:06,093 - Iter 39120: obj=-905.864921, change=1.14e-05, α=0.000, ‖θ[1:]‖₁=93.180, h_range=[1.00e-08, 1.17e+01], num_knots=1752
2025-09-01 15:30:06,213 - Iter 39130: obj=-905.868605, change=1.14e-05, α=0.000, ‖θ[1:]‖₁=93.180, h_range=[1.00e-08, 1.17e+01], num_knots=1752
2025-09-01 15:30:06,304 - Iter 39140: obj=-905.872289, change=1.14e-05, α=0.000, ‖θ[1:]‖₁=93.180, h_range=[1.00e-08, 1.17e+01], num_knots=1752
2025-09-01 15:30:06,403 - Iter 39150: obj=-905.875973, change=1.14e-05, α=0.000, ‖θ[1:]‖₁=93.181, h_range=[1.00e-08, 1.17e+01], num_knots=1752
2025-09-01 15:30:06,514 - Iter 39160: obj=-905.879656, change=1.14e-05, α=0.000, ‖θ[1:]‖₁=93.181, h_range=[1.00e-08, 1.17e+01], num_knots=1752
2025-09-01 15:30:06,626 - Iter 39170: obj=-905.883338, change=1.14e-05, α=0.000, ‖θ[1:]‖₁=93.181, h_range=[1.00e-08, 1.17e+01], num_knots=1752
2025-09-01 15:30:06,730 - Iter 39180: obj=-905.887020, change=1.14e-05, α=0.000, ‖θ[1:]‖₁=93.181, h_range=[1.00e-08, 1.17e+01], num_knots=1752
2025-09-01 15:30:06,846 - Iter 39190: obj=-905.890701, change=1.14e-05, α=0.000, ‖θ[1:]‖₁=93.181, h_range=[1.00e-08, 1.17e+01], num_knots=1752
2025-09-01 15:30:06,967 - Iter 39200: obj=-905.894381, change=1.14e-05, α=0.000, ‖θ[1:]‖₁=93.181, h_range=[1.00e-08, 1.17e+01], num_knots=1752
2025-09-01 15:30:07,071 - Iter 39210: obj=-905.898060, change=1.14e-05, α=0.000, ‖θ[1:]‖₁=93.181, h_range=[1.00e-08, 1.17e+01], num_knots=1751
2025-09-01 15:30:07,197 - Iter 39220: obj=-905.901739, change=1.14e-05, α=0.000, ‖θ[1:]‖₁=93.182, h_range=[1.00e-08, 1.17e+01], num_knots=1751
2025-09-01 15:30:07,294 - Iter 39230: obj=-905.905417, change=1.14e-05, α=0.000, ‖θ[1:]‖₁=93.182, h_range=[1.00e-08, 1.17e+01], num_knots=1751
2025-09-01 15:30:07,404 - Iter 39240: obj=-905.909094, change=1.14e-05, α=0.000, ‖θ[1:]‖₁=93.182, h_range=[1.00e-08, 1.17e+01], num_knots=1751
2025-09-01 15:30:07,511 - Iter 39250: obj=-905.912771, change=1.14e-05, α=0.000, ‖θ[1:]‖₁=93.182, h_range=[1.00e-08, 1.17e+01], num_knots=1751
2025-09-01 15:30:07,620 - Iter 39260: obj=-905.916447, change=1.14e-05, α=0.000, ‖θ[1:]‖₁=93.182, h_range=[1.00e-08, 1.17e+01], num_knots=1751
2025-09-01 15:30:07,739 - Iter 39270: obj=-905.920122, change=1.14e-05, α=0.000, ‖θ[1:]‖₁=93.182, h_range=[1.00e-08, 1.17e+01], num_knots=1751
2025-09-01 15:30:07,838 - Iter 39280: obj=-905.923797, change=1.14e-05, α=0.000, ‖θ[1:]‖₁=93.182, h_range=[1.00e-08, 1.17e+01], num_knots=1751
2025-09-01 15:30:07,948 - Iter 39290: obj=-905.927472, change=1.14e-05, α=0.000, ‖θ[1:]‖₁=93.182, h_range=[1.00e-08, 1.17e+01], num_knots=1751
2025-09-01 15:30:08,073 - Iter 39300: obj=-905.931145, change=1.14e-05, α=0.000, ‖θ[1:]‖₁=93.183, h_range=[1.00e-08, 1.17e+01], num_knots=1751
2025-09-01 15:30:08,197 - Iter 39310: obj=-905.934817, change=1.14e-05, α=0.000, ‖θ[1:]‖₁=93.183, h_range=[1.00e-08, 1.17e+01], num_knots=1750
2025-09-01 15:30:08,321 - Iter 39320: obj=-905.938487, change=1.14e-05, α=0.000, ‖θ[1:]‖₁=93.183, h_range=[1.00e-08, 1.17e+01], num_knots=1750
2025-09-01 15:30:08,426 - Iter 39330: obj=-905.942156, change=1.14e-05, α=0.000, ‖θ[1:]‖₁=93.183, h_range=[1.00e-08, 1.17e+01], num_knots=1750
2025-09-01 15:30:08,531 - Iter 39340: obj=-905.945825, change=1.14e-05, α=0.000, ‖θ[1:]‖₁=93.183, h_range=[1.00e-08, 1.17e+01], num_knots=1750
2025-09-01 15:30:08,669 - Iter 39350: obj=-905.949493, change=1.14e-05, α=0.000, ‖θ[1:]‖₁=93.183, h_range=[1.00e-08, 1.17e+01], num_knots=1750
2025-09-01 15:30:08,785 - Iter 39360: obj=-905.953161, change=1.14e-05, α=0.000, ‖θ[1:]‖₁=93.183, h_range=[1.00e-08, 1.17e+01], num_knots=1750
2025-09-01 15:30:08,875 - Iter 39370: obj=-905.956828, change=1.14e-05, α=0.000, ‖θ[1:]‖₁=93.184, h_range=[1.00e-08, 1.17e+01], num_knots=1750
2025-09-01 15:30:08,990 - Iter 39380: obj=-905.960494, change=1.14e-05, α=0.000, ‖θ[1:]‖₁=93.184, h_range=[1.00e-08, 1.17e+01], num_knots=1750
2025-09-01 15:30:09,088 - Iter 39390: obj=-905.964160, change=1.14e-05, α=0.000, ‖θ[1:]‖₁=93.184, h_range=[1.00e-08, 1.17e+01], num_knots=1750
2025-09-01 15:30:09,180 - Iter 39400: obj=-905.967825, change=1.14e-05, α=0.000, ‖θ[1:]‖₁=93.184, h_range=[1.00e-08, 1.17e+01], num_knots=1750
2025-09-01 15:30:09,301 - Iter 39410: obj=-905.971490, change=1.14e-05, α=0.000, ‖θ[1:]‖₁=93.184, h_range=[1.00e-08, 1.17e+01], num_knots=1750
2025-09-01 15:30:09,444 - Iter 39420: obj=-905.975154, change=1.14e-05, α=0.000, ‖θ[1:]‖₁=93.184, h_range=[1.00e-08, 1.17e+01], num_knots=1750
2025-09-01 15:30:09,555 - Iter 39430: obj=-905.978817, change=1.14e-05, α=0.000, ‖θ[1:]‖₁=93.184, h_range=[1.00e-08, 1.17e+01], num_knots=1750
2025-09-01 15:30:09,667 - Iter 39440: obj=-905.982480, change=1.14e-05, α=0.000, ‖θ[1:]‖₁=93.185, h_range=[1.00e-08, 1.17e+01], num_knots=1750
2025-09-01 15:30:09,813 - Iter 39450: obj=-905.986142, change=1.14e-05, α=0.000, ‖θ[1:]‖₁=93.185, h_range=[1.00e-08, 1.17e+01], num_knots=1750
2025-09-01 15:30:09,906 - Iter 39460: obj=-905.989803, change=1.14e-05, α=0.000, ‖θ[1:]‖₁=93.185, h_range=[1.00e-08, 1.17e+01], num_knots=1750
2025-09-01 15:30:10,001 - Iter 39470: obj=-905.993464, change=1.14e-05, α=0.000, ‖θ[1:]‖₁=93.185, h_range=[1.00e-08, 1.17e+01], num_knots=1750
2025-09-01 15:30:10,109 - Iter 39480: obj=-905.997125, change=1.14e-05, α=0.000, ‖θ[1:]‖₁=93.185, h_range=[1.00e-08, 1.17e+01], num_knots=1750
2025-09-01 15:30:10,226 - Iter 39490: obj=-906.000784, change=1.14e-05, α=0.000, ‖θ[1:]‖₁=93.185, h_range=[1.00e-08, 1.17e+01], num_knots=1750
2025-09-01 15:30:10,346 - Iter 39500: obj=-906.004443, change=1.14e-05, α=0.000, ‖θ[1:]‖₁=93.185, h_range=[1.00e-08, 1.17e+01], num_knots=1750
2025-09-01 15:30:10,458 - Iter 39510: obj=-906.008102, change=1.13e-05, α=0.000, ‖θ[1:]‖₁=93.186, h_range=[1.00e-08, 1.17e+01], num_knots=1750
2025-09-01 15:30:10,568 - Iter 39520: obj=-906.011759, change=1.13e-05, α=0.000, ‖θ[1:]‖₁=93.186, h_range=[1.00e-08, 1.17e+01], num_knots=1750
2025-09-01 15:30:10,666 - Iter 39530: obj=-906.015417, change=1.13e-05, α=0.000, ‖θ[1:]‖₁=93.186, h_range=[1.00e-08, 1.17e+01], num_knots=1750
2025-09-01 15:30:10,793 - Iter 39540: obj=-906.019073, change=1.13e-05, α=0.000, ‖θ[1:]‖₁=93.186, h_range=[1.00e-08, 1.17e+01], num_knots=1750
2025-09-01 15:30:10,922 - Iter 39550: obj=-906.022729, change=1.13e-05, α=0.000, ‖θ[1:]‖₁=93.186, h_range=[1.00e-08, 1.17e+01], num_knots=1750
2025-09-01 15:30:11,031 - Iter 39560: obj=-906.026385, change=1.13e-05, α=0.000, ‖θ[1:]‖₁=93.186, h_range=[1.00e-08, 1.17e+01], num_knots=1750
2025-09-01 15:30:11,151 - Iter 39570: obj=-906.030040, change=1.13e-05, α=0.000, ‖θ[1:]‖₁=93.186, h_range=[1.00e-08, 1.17e+01], num_knots=1750
2025-09-01 15:30:11,284 - Iter 39580: obj=-906.033694, change=1.13e-05, α=0.000, ‖θ[1:]‖₁=93.186, h_range=[1.00e-08, 1.17e+01], num_knots=1749
2025-09-01 15:30:11,390 - Iter 39590: obj=-906.037322, change=1.13e-05, α=0.000, ‖θ[1:]‖₁=93.187, h_range=[1.00e-08, 1.17e+01], num_knots=1748
2025-09-01 15:30:11,504 - Iter 39600: obj=-906.040935, change=1.13e-05, α=0.000, ‖θ[1:]‖₁=93.187, h_range=[1.00e-08, 1.17e+01], num_knots=1748
2025-09-01 15:30:11,624 - Iter 39610: obj=-906.044547, change=1.13e-05, α=0.000, ‖θ[1:]‖₁=93.187, h_range=[1.00e-08, 1.17e+01], num_knots=1748
2025-09-01 15:30:11,750 - Iter 39620: obj=-906.048158, change=1.13e-05, α=0.000, ‖θ[1:]‖₁=93.187, h_range=[1.00e-08, 1.17e+01], num_knots=1748
2025-09-01 15:30:11,878 - Iter 39630: obj=-906.051769, change=1.13e-05, α=0.000, ‖θ[1:]‖₁=93.187, h_range=[1.00e-08, 1.17e+01], num_knots=1748
2025-09-01 15:30:11,980 - Iter 39640: obj=-906.055379, change=1.13e-05, α=0.000, ‖θ[1:]‖₁=93.188, h_range=[1.00e-08, 1.17e+01], num_knots=1748
2025-09-01 15:30:12,091 - Iter 39650: obj=-906.058989, change=1.13e-05, α=0.000, ‖θ[1:]‖₁=93.188, h_range=[1.00e-08, 1.17e+01], num_knots=1748
2025-09-01 15:30:12,200 - Iter 39660: obj=-906.062598, change=1.13e-05, α=0.000, ‖θ[1:]‖₁=93.188, h_range=[1.00e-08, 1.17e+01], num_knots=1748
2025-09-01 15:30:12,312 - Iter 39670: obj=-906.066206, change=1.13e-05, α=0.000, ‖θ[1:]‖₁=93.188, h_range=[1.00e-08, 1.17e+01], num_knots=1748
2025-09-01 15:30:12,432 - Iter 39680: obj=-906.069814, change=1.13e-05, α=0.000, ‖θ[1:]‖₁=93.188, h_range=[1.00e-08, 1.17e+01], num_knots=1748
2025-09-01 15:30:12,525 - Iter 39690: obj=-906.073421, change=1.13e-05, α=0.000, ‖θ[1:]‖₁=93.189, h_range=[1.00e-08, 1.17e+01], num_knots=1748
2025-09-01 15:30:12,649 - Iter 39700: obj=-906.077027, change=1.13e-05, α=0.000, ‖θ[1:]‖₁=93.189, h_range=[1.00e-08, 1.17e+01], num_knots=1748
2025-09-01 15:30:12,752 - Iter 39710: obj=-906.080633, change=1.13e-05, α=0.000, ‖θ[1:]‖₁=93.189, h_range=[1.00e-08, 1.17e+01], num_knots=1748
2025-09-01 15:30:12,859 - Iter 39720: obj=-906.084238, change=1.13e-05, α=0.000, ‖θ[1:]‖₁=93.189, h_range=[1.00e-08, 1.17e+01], num_knots=1747
2025-09-01 15:30:12,970 - Iter 39730: obj=-906.087842, change=1.13e-05, α=0.000, ‖θ[1:]‖₁=93.189, h_range=[1.00e-08, 1.17e+01], num_knots=1747
2025-09-01 15:30:13,101 - Iter 39740: obj=-906.091446, change=1.13e-05, α=0.000, ‖θ[1:]‖₁=93.189, h_range=[1.00e-08, 1.17e+01], num_knots=1747
2025-09-01 15:30:13,220 - Iter 39750: obj=-906.095049, change=1.13e-05, α=0.000, ‖θ[1:]‖₁=93.190, h_range=[1.00e-08, 1.17e+01], num_knots=1747
2025-09-01 15:30:13,322 - Iter 39760: obj=-906.098651, change=1.13e-05, α=0.000, ‖θ[1:]‖₁=93.190, h_range=[1.00e-08, 1.17e+01], num_knots=1747
2025-09-01 15:30:13,429 - Iter 39770: obj=-906.102253, change=1.13e-05, α=0.000, ‖θ[1:]‖₁=93.190, h_range=[1.00e-08, 1.17e+01], num_knots=1747
2025-09-01 15:30:13,537 - Iter 39780: obj=-906.105854, change=1.13e-05, α=0.000, ‖θ[1:]‖₁=93.190, h_range=[1.00e-08, 1.17e+01], num_knots=1747
2025-09-01 15:30:13,660 - Iter 39790: obj=-906.109454, change=1.13e-05, α=0.000, ‖θ[1:]‖₁=93.190, h_range=[1.00e-08, 1.17e+01], num_knots=1747
2025-09-01 15:30:13,767 - Iter 39800: obj=-906.113044, change=1.13e-05, α=0.000, ‖θ[1:]‖₁=93.190, h_range=[1.00e-08, 1.17e+01], num_knots=1746
2025-09-01 15:30:13,877 - Iter 39810: obj=-906.116605, change=1.13e-05, α=0.000, ‖θ[1:]‖₁=93.191, h_range=[1.00e-08, 1.17e+01], num_knots=1746
2025-09-01 15:30:14,012 - Iter 39820: obj=-906.120166, change=1.13e-05, α=0.000, ‖θ[1:]‖₁=93.191, h_range=[1.00e-08, 1.17e+01], num_knots=1745
2025-09-01 15:30:14,130 - Iter 39830: obj=-906.123725, change=1.13e-05, α=0.000, ‖θ[1:]‖₁=93.191, h_range=[1.00e-08, 1.17e+01], num_knots=1745
2025-09-01 15:30:14,246 - Iter 39840: obj=-906.127284, change=1.13e-05, α=0.000, ‖θ[1:]‖₁=93.191, h_range=[1.00e-08, 1.17e+01], num_knots=1745
2025-09-01 15:30:14,376 - Iter 39850: obj=-906.130842, change=1.13e-05, α=0.000, ‖θ[1:]‖₁=93.192, h_range=[1.00e-08, 1.17e+01], num_knots=1745
2025-09-01 15:30:14,498 - Iter 39860: obj=-906.134400, change=1.13e-05, α=0.000, ‖θ[1:]‖₁=93.192, h_range=[1.00e-08, 1.17e+01], num_knots=1745
2025-09-01 15:30:14,624 - Iter 39870: obj=-906.137957, change=1.13e-05, α=0.000, ‖θ[1:]‖₁=93.192, h_range=[1.00e-08, 1.17e+01], num_knots=1745
2025-09-01 15:30:14,766 - Iter 39880: obj=-906.141514, change=1.13e-05, α=0.000, ‖θ[1:]‖₁=93.192, h_range=[1.00e-08, 1.17e+01], num_knots=1745
2025-09-01 15:30:14,864 - Iter 39890: obj=-906.145069, change=1.13e-05, α=0.000, ‖θ[1:]‖₁=93.193, h_range=[1.00e-08, 1.17e+01], num_knots=1745
2025-09-01 15:30:14,973 - Iter 39900: obj=-906.148625, change=1.13e-05, α=0.000, ‖θ[1:]‖₁=93.193, h_range=[1.00e-08, 1.17e+01], num_knots=1745
2025-09-01 15:30:15,073 - Iter 39910: obj=-906.152179, change=1.13e-05, α=0.000, ‖θ[1:]‖₁=93.193, h_range=[1.00e-08, 1.17e+01], num_knots=1745
2025-09-01 15:30:15,170 - Iter 39920: obj=-906.155733, change=1.13e-05, α=0.000, ‖θ[1:]‖₁=93.193, h_range=[1.00e-08, 1.17e+01], num_knots=1745
2025-09-01 15:30:15,291 - Iter 39930: obj=-906.159287, change=1.13e-05, α=0.000, ‖θ[1:]‖₁=93.193, h_range=[1.00e-08, 1.17e+01], num_knots=1745
2025-09-01 15:30:15,443 - Iter 39940: obj=-906.162840, change=1.13e-05, α=0.000, ‖θ[1:]‖₁=93.194, h_range=[1.00e-08, 1.17e+01], num_knots=1745
2025-09-01 15:30:15,568 - Iter 39950: obj=-906.166392, change=1.13e-05, α=0.000, ‖θ[1:]‖₁=93.194, h_range=[1.00e-08, 1.17e+01], num_knots=1745
2025-09-01 15:30:15,683 - Iter 39960: obj=-906.169943, change=1.13e-05, α=0.000, ‖θ[1:]‖₁=93.194, h_range=[1.00e-08, 1.17e+01], num_knots=1745
2025-09-01 15:30:15,808 - Iter 39970: obj=-906.173494, change=1.13e-05, α=0.000, ‖θ[1:]‖₁=93.194, h_range=[1.00e-08, 1.17e+01], num_knots=1745
2025-09-01 15:30:15,901 - Iter 39980: obj=-906.177045, change=1.13e-05, α=0.000, ‖θ[1:]‖₁=93.194, h_range=[1.00e-08, 1.17e+01], num_knots=1745
2025-09-01 15:30:16,027 - Iter 39990: obj=-906.180595, change=1.13e-05, α=0.000, ‖θ[1:]‖₁=93.195, h_range=[1.00e-08, 1.17e+01], num_knots=1745
2025-09-01 15:30:16,142 - Iter 40000: obj=-906.184144, change=1.13e-05, α=0.000, ‖θ[1:]‖₁=93.195, h_range=[1.00e-08, 1.17e+01], num_knots=1745
2025-09-01 15:30:16,266 - Iter 40010: obj=-906.187692, change=1.13e-05, α=0.000, ‖θ[1:]‖₁=93.195, h_range=[1.00e-08, 1.17e+01], num_knots=1745
2025-09-01 15:30:16,397 - Iter 40020: obj=-906.191240, change=1.13e-05, α=0.000, ‖θ[1:]‖₁=93.195, h_range=[1.00e-08, 1.17e+01], num_knots=1745
2025-09-01 15:30:16,492 - Iter 40030: obj=-906.194788, change=1.13e-05, α=0.000, ‖θ[1:]‖₁=93.195, h_range=[1.00e-08, 1.17e+01], num_knots=1745
2025-09-01 15:30:16,611 - Iter 40040: obj=-906.198335, change=1.13e-05, α=0.000, ‖θ[1:]‖₁=93.196, h_range=[1.00e-08, 1.17e+01], num_knots=1745
2025-09-01 15:30:16,725 - Iter 40050: obj=-906.201881, change=1.13e-05, α=0.000, ‖θ[1:]‖₁=93.196, h_range=[1.00e-08, 1.17e+01], num_knots=1745
2025-09-01 15:30:16,847 - Iter 40060: obj=-906.205426, change=1.13e-05, α=0.000, ‖θ[1:]‖₁=93.196, h_range=[1.00e-08, 1.17e+01], num_knots=1745
2025-09-01 15:30:16,970 - Iter 40070: obj=-906.208971, change=1.13e-05, α=0.000, ‖θ[1:]‖₁=93.196, h_range=[1.00e-08, 1.17e+01], num_knots=1745
2025-09-01 15:30:17,067 - Iter 40080: obj=-906.212513, change=1.13e-05, α=0.000, ‖θ[1:]‖₁=93.196, h_range=[1.00e-08, 1.17e+01], num_knots=1744
2025-09-01 15:30:17,166 - Iter 40090: obj=-906.216019, change=1.13e-05, α=0.000, ‖θ[1:]‖₁=93.197, h_range=[1.00e-08, 1.17e+01], num_knots=1744
2025-09-01 15:30:17,290 - Iter 40100: obj=-906.219524, change=1.13e-05, α=0.000, ‖θ[1:]‖₁=93.197, h_range=[1.00e-08, 1.17e+01], num_knots=1744
2025-09-01 15:30:17,398 - Iter 40110: obj=-906.223029, change=1.13e-05, α=0.000, ‖θ[1:]‖₁=93.197, h_range=[1.00e-08, 1.17e+01], num_knots=1744
2025-09-01 15:30:17,497 - Iter 40120: obj=-906.226533, change=1.13e-05, α=0.000, ‖θ[1:]‖₁=93.197, h_range=[1.00e-08, 1.17e+01], num_knots=1744
2025-09-01 15:30:17,593 - Iter 40130: obj=-906.230035, change=1.13e-05, α=0.000, ‖θ[1:]‖₁=93.198, h_range=[1.00e-08, 1.17e+01], num_knots=1743
2025-09-01 15:30:17,704 - Iter 40140: obj=-906.233532, change=1.13e-05, α=0.000, ‖θ[1:]‖₁=93.198, h_range=[1.00e-08, 1.17e+01], num_knots=1742
2025-09-01 15:30:17,844 - Iter 40150: obj=-906.237025, change=1.13e-05, α=0.000, ‖θ[1:]‖₁=93.198, h_range=[1.00e-08, 1.17e+01], num_knots=1742
2025-09-01 15:30:17,948 - Iter 40160: obj=-906.240516, change=1.13e-05, α=0.000, ‖θ[1:]‖₁=93.199, h_range=[1.00e-08, 1.17e+01], num_knots=1742
2025-09-01 15:30:18,051 - Iter 40170: obj=-906.244008, change=1.13e-05, α=0.000, ‖θ[1:]‖₁=93.199, h_range=[1.00e-08, 1.17e+01], num_knots=1742
2025-09-01 15:30:18,157 - Iter 40180: obj=-906.247498, change=1.13e-05, α=0.000, ‖θ[1:]‖₁=93.199, h_range=[1.00e-08, 1.17e+01], num_knots=1742
2025-09-01 15:30:18,248 - Iter 40190: obj=-906.250989, change=1.13e-05, α=0.000, ‖θ[1:]‖₁=93.199, h_range=[1.00e-08, 1.17e+01], num_knots=1742
2025-09-01 15:30:18,350 - Iter 40200: obj=-906.254478, change=1.13e-05, α=0.000, ‖θ[1:]‖₁=93.200, h_range=[1.00e-08, 1.17e+01], num_knots=1742
2025-09-01 15:30:18,461 - Iter 40210: obj=-906.257942, change=1.12e-05, α=0.000, ‖θ[1:]‖₁=93.200, h_range=[1.00e-08, 1.17e+01], num_knots=1741
2025-09-01 15:30:18,558 - Iter 40220: obj=-906.261392, change=1.12e-05, α=0.000, ‖θ[1:]‖₁=93.200, h_range=[1.00e-08, 1.17e+01], num_knots=1741
2025-09-01 15:30:18,654 - Iter 40230: obj=-906.264842, change=1.12e-05, α=0.000, ‖θ[1:]‖₁=93.201, h_range=[1.00e-08, 1.17e+01], num_knots=1741
2025-09-01 15:30:18,753 - Iter 40240: obj=-906.268291, change=1.12e-05, α=0.000, ‖θ[1:]‖₁=93.201, h_range=[1.00e-08, 1.17e+01], num_knots=1741
2025-09-01 15:30:18,848 - Iter 40250: obj=-906.271739, change=1.12e-05, α=0.000, ‖θ[1:]‖₁=93.201, h_range=[1.00e-08, 1.17e+01], num_knots=1741
2025-09-01 15:30:18,963 - Iter 40260: obj=-906.275187, change=1.12e-05, α=0.000, ‖θ[1:]‖₁=93.202, h_range=[1.00e-08, 1.17e+01], num_knots=1741
2025-09-01 15:30:19,072 - Iter 40270: obj=-906.278634, change=1.12e-05, α=0.000, ‖θ[1:]‖₁=93.202, h_range=[1.00e-08, 1.17e+01], num_knots=1741
2025-09-01 15:30:19,172 - Iter 40280: obj=-906.282081, change=1.12e-05, α=0.000, ‖θ[1:]‖₁=93.202, h_range=[1.00e-08, 1.17e+01], num_knots=1741
2025-09-01 15:30:19,283 - Iter 40290: obj=-906.285527, change=1.12e-05, α=0.000, ‖θ[1:]‖₁=93.203, h_range=[1.00e-08, 1.17e+01], num_knots=1741
2025-09-01 15:30:19,383 - Iter 40300: obj=-906.288972, change=1.12e-05, α=0.000, ‖θ[1:]‖₁=93.203, h_range=[1.00e-08, 1.17e+01], num_knots=1741
2025-09-01 15:30:19,485 - Iter 40310: obj=-906.292417, change=1.12e-05, α=0.000, ‖θ[1:]‖₁=93.203, h_range=[1.00e-08, 1.17e+01], num_knots=1741
2025-09-01 15:30:19,606 - Iter 40320: obj=-906.295861, change=1.12e-05, α=0.000, ‖θ[1:]‖₁=93.204, h_range=[1.00e-08, 1.17e+01], num_knots=1741
2025-09-01 15:30:19,751 - Iter 40330: obj=-906.299304, change=1.12e-05, α=0.000, ‖θ[1:]‖₁=93.204, h_range=[1.00e-08, 1.17e+01], num_knots=1741
2025-09-01 15:30:19,854 - Iter 40340: obj=-906.302747, change=1.12e-05, α=0.000, ‖θ[1:]‖₁=93.204, h_range=[1.00e-08, 1.17e+01], num_knots=1741
2025-09-01 15:30:19,983 - Iter 40350: obj=-906.306189, change=1.12e-05, α=0.000, ‖θ[1:]‖₁=93.205, h_range=[1.00e-08, 1.17e+01], num_knots=1741
2025-09-01 15:30:20,170 - Iter 40360: obj=-906.309631, change=1.12e-05, α=0.000, ‖θ[1:]‖₁=93.205, h_range=[1.00e-08, 1.17e+01], num_knots=1741
2025-09-01 15:30:20,354 - Iter 40370: obj=-906.313072, change=1.12e-05, α=0.000, ‖θ[1:]‖₁=93.205, h_range=[1.00e-08, 1.17e+01], num_knots=1741
2025-09-01 15:30:20,470 - Iter 40380: obj=-906.316512, change=1.12e-05, α=0.000, ‖θ[1:]‖₁=93.206, h_range=[1.00e-08, 1.17e+01], num_knots=1741
2025-09-01 15:30:20,573 - Iter 40390: obj=-906.319952, change=1.12e-05, α=0.000, ‖θ[1:]‖₁=93.206, h_range=[1.00e-08, 1.17e+01], num_knots=1741
2025-09-01 15:30:20,688 - Iter 40400: obj=-906.323391, change=1.12e-05, α=0.000, ‖θ[1:]‖₁=93.206, h_range=[1.00e-08, 1.17e+01], num_knots=1741
2025-09-01 15:30:20,809 - Iter 40410: obj=-906.326828, change=1.12e-05, α=0.000, ‖θ[1:]‖₁=93.206, h_range=[1.00e-08, 1.17e+01], num_knots=1740
2025-09-01 15:30:20,913 - Iter 40420: obj=-906.330264, change=1.12e-05, α=0.000, ‖θ[1:]‖₁=93.207, h_range=[1.00e-08, 1.17e+01], num_knots=1740
2025-09-01 15:30:21,035 - Iter 40430: obj=-906.333699, change=1.12e-05, α=0.000, ‖θ[1:]‖₁=93.207, h_range=[1.00e-08, 1.17e+01], num_knots=1740
2025-09-01 15:30:21,145 - Iter 40440: obj=-906.337133, change=1.12e-05, α=0.000, ‖θ[1:]‖₁=93.207, h_range=[1.00e-08, 1.17e+01], num_knots=1740
2025-09-01 15:30:21,253 - Iter 40450: obj=-906.340567, change=1.12e-05, α=0.000, ‖θ[1:]‖₁=93.208, h_range=[1.00e-08, 1.17e+01], num_knots=1740
2025-09-01 15:30:21,369 - Iter 40460: obj=-906.344001, change=1.12e-05, α=0.000, ‖θ[1:]‖₁=93.208, h_range=[1.00e-08, 1.17e+01], num_knots=1740
2025-09-01 15:30:21,484 - Iter 40470: obj=-906.347433, change=1.12e-05, α=0.000, ‖θ[1:]‖₁=93.208, h_range=[1.00e-08, 1.17e+01], num_knots=1740
2025-09-01 15:30:21,601 - Iter 40480: obj=-906.350865, change=1.12e-05, α=0.000, ‖θ[1:]‖₁=93.209, h_range=[1.00e-08, 1.17e+01], num_knots=1740
2025-09-01 15:30:21,717 - Iter 40490: obj=-906.354297, change=1.12e-05, α=0.000, ‖θ[1:]‖₁=93.209, h_range=[1.00e-08, 1.17e+01], num_knots=1740
2025-09-01 15:30:21,815 - Iter 40500: obj=-906.357728, change=1.12e-05, α=0.000, ‖θ[1:]‖₁=93.209, h_range=[1.00e-08, 1.17e+01], num_knots=1740
2025-09-01 15:30:21,928 - Iter 40510: obj=-906.361158, change=1.12e-05, α=0.000, ‖θ[1:]‖₁=93.210, h_range=[1.00e-08, 1.17e+01], num_knots=1740
2025-09-01 15:30:22,054 - Iter 40520: obj=-906.364588, change=1.12e-05, α=0.000, ‖θ[1:]‖₁=93.210, h_range=[1.00e-08, 1.17e+01], num_knots=1740
2025-09-01 15:30:22,170 - Iter 40530: obj=-906.368017, change=1.12e-05, α=0.000, ‖θ[1:]‖₁=93.210, h_range=[1.00e-08, 1.17e+01], num_knots=1740
2025-09-01 15:30:22,276 - Iter 40540: obj=-906.371445, change=1.12e-05, α=0.000, ‖θ[1:]‖₁=93.211, h_range=[1.00e-08, 1.17e+01], num_knots=1740
2025-09-01 15:30:22,390 - Iter 40550: obj=-906.374873, change=1.12e-05, α=0.000, ‖θ[1:]‖₁=93.211, h_range=[1.00e-08, 1.17e+01], num_knots=1740
2025-09-01 15:30:22,518 - Iter 40560: obj=-906.378300, change=1.12e-05, α=0.000, ‖θ[1:]‖₁=93.211, h_range=[1.00e-08, 1.17e+01], num_knots=1740
2025-09-01 15:30:22,624 - Iter 40570: obj=-906.381727, change=1.12e-05, α=0.000, ‖θ[1:]‖₁=93.212, h_range=[1.00e-08, 1.17e+01], num_knots=1740
2025-09-01 15:30:22,752 - Iter 40580: obj=-906.385153, change=1.12e-05, α=0.000, ‖θ[1:]‖₁=93.212, h_range=[1.00e-08, 1.17e+01], num_knots=1740
2025-09-01 15:30:22,865 - Iter 40590: obj=-906.388578, change=1.12e-05, α=0.000, ‖θ[1:]‖₁=93.212, h_range=[1.00e-08, 1.17e+01], num_knots=1740
2025-09-01 15:30:22,969 - Iter 40600: obj=-906.392003, change=1.12e-05, α=0.000, ‖θ[1:]‖₁=93.213, h_range=[1.00e-08, 1.17e+01], num_knots=1740
2025-09-01 15:30:23,088 - Iter 40610: obj=-906.395428, change=1.12e-05, α=0.000, ‖θ[1:]‖₁=93.213, h_range=[1.00e-08, 1.17e+01], num_knots=1740
2025-09-01 15:30:23,206 - Iter 40620: obj=-906.398851, change=1.12e-05, α=0.000, ‖θ[1:]‖₁=93.213, h_range=[1.00e-08, 1.17e+01], num_knots=1740
2025-09-01 15:30:23,299 - Iter 40630: obj=-906.402274, change=1.12e-05, α=0.000, ‖θ[1:]‖₁=93.213, h_range=[1.00e-08, 1.17e+01], num_knots=1740
2025-09-01 15:30:23,389 - Iter 40640: obj=-906.405697, change=1.12e-05, α=0.000, ‖θ[1:]‖₁=93.214, h_range=[1.00e-08, 1.17e+01], num_knots=1740
2025-09-01 15:30:23,498 - Iter 40650: obj=-906.409119, change=1.12e-05, α=0.000, ‖θ[1:]‖₁=93.214, h_range=[1.00e-08, 1.17e+01], num_knots=1740
2025-09-01 15:30:23,603 - Iter 40660: obj=-906.412540, change=1.12e-05, α=0.000, ‖θ[1:]‖₁=93.214, h_range=[1.00e-08, 1.17e+01], num_knots=1740
2025-09-01 15:30:23,717 - Iter 40670: obj=-906.415961, change=1.12e-05, α=0.000, ‖θ[1:]‖₁=93.215, h_range=[1.00e-08, 1.17e+01], num_knots=1740
2025-09-01 15:30:23,829 - Iter 40680: obj=-906.419381, change=1.12e-05, α=0.000, ‖θ[1:]‖₁=93.215, h_range=[1.00e-08, 1.17e+01], num_knots=1740
2025-09-01 15:30:23,917 - Iter 40690: obj=-906.422801, change=1.12e-05, α=0.000, ‖θ[1:]‖₁=93.215, h_range=[1.00e-08, 1.17e+01], num_knots=1740
2025-09-01 15:30:24,046 - Iter 40700: obj=-906.426220, change=1.12e-05, α=0.000, ‖θ[1:]‖₁=93.216, h_range=[1.00e-08, 1.17e+01], num_knots=1740
2025-09-01 15:30:24,151 - Iter 40710: obj=-906.429638, change=1.12e-05, α=0.000, ‖θ[1:]‖₁=93.216, h_range=[1.00e-08, 1.17e+01], num_knots=1740
2025-09-01 15:30:24,263 - Iter 40720: obj=-906.433056, change=1.12e-05, α=0.000, ‖θ[1:]‖₁=93.216, h_range=[1.00e-08, 1.17e+01], num_knots=1740
2025-09-01 15:30:24,376 - Iter 40730: obj=-906.436473, change=1.12e-05, α=0.000, ‖θ[1:]‖₁=93.216, h_range=[1.00e-08, 1.17e+01], num_knots=1740
2025-09-01 15:30:24,488 - Iter 40740: obj=-906.439889, change=1.12e-05, α=0.000, ‖θ[1:]‖₁=93.217, h_range=[1.00e-08, 1.17e+01], num_knots=1740
2025-09-01 15:30:24,598 - Iter 40750: obj=-906.443305, change=1.12e-05, α=0.000, ‖θ[1:]‖₁=93.217, h_range=[1.00e-08, 1.17e+01], num_knots=1740
2025-09-01 15:30:24,701 - Iter 40760: obj=-906.446721, change=1.12e-05, α=0.000, ‖θ[1:]‖₁=93.217, h_range=[1.00e-08, 1.17e+01], num_knots=1740
2025-09-01 15:30:24,802 - Iter 40770: obj=-906.450136, change=1.12e-05, α=0.000, ‖θ[1:]‖₁=93.218, h_range=[1.00e-08, 1.17e+01], num_knots=1740
2025-09-01 15:30:24,918 - Iter 40780: obj=-906.453550, change=1.12e-05, α=0.000, ‖θ[1:]‖₁=93.218, h_range=[1.00e-08, 1.17e+01], num_knots=1740
2025-09-01 15:30:25,039 - Iter 40790: obj=-906.456964, change=1.12e-05, α=0.000, ‖θ[1:]‖₁=93.218, h_range=[1.00e-08, 1.17e+01], num_knots=1740
2025-09-01 15:30:25,148 - Iter 40800: obj=-906.460377, change=1.12e-05, α=0.000, ‖θ[1:]‖₁=93.219, h_range=[1.00e-08, 1.17e+01], num_knots=1740
2025-09-01 15:30:25,262 - Iter 40810: obj=-906.463789, change=1.12e-05, α=0.000, ‖θ[1:]‖₁=93.219, h_range=[1.00e-08, 1.17e+01], num_knots=1740
2025-09-01 15:30:25,374 - Iter 40820: obj=-906.467201, change=1.12e-05, α=0.000, ‖θ[1:]‖₁=93.219, h_range=[1.00e-08, 1.17e+01], num_knots=1740
2025-09-01 15:30:25,478 - Iter 40830: obj=-906.470612, change=1.12e-05, α=0.000, ‖θ[1:]‖₁=93.219, h_range=[1.00e-08, 1.17e+01], num_knots=1740
2025-09-01 15:30:25,581 - Iter 40840: obj=-906.474023, change=1.12e-05, α=0.000, ‖θ[1:]‖₁=93.220, h_range=[1.00e-08, 1.17e+01], num_knots=1740
2025-09-01 15:30:25,685 - Iter 40850: obj=-906.477433, change=1.12e-05, α=0.000, ‖θ[1:]‖₁=93.220, h_range=[1.00e-08, 1.17e+01], num_knots=1740
2025-09-01 15:30:25,805 - Iter 40860: obj=-906.480843, change=1.12e-05, α=0.000, ‖θ[1:]‖₁=93.220, h_range=[1.00e-08, 1.17e+01], num_knots=1740
2025-09-01 15:30:25,951 - Iter 40870: obj=-906.484252, change=1.12e-05, α=0.000, ‖θ[1:]‖₁=93.220, h_range=[1.00e-08, 1.17e+01], num_knots=1740
2025-09-01 15:30:26,074 - Iter 40880: obj=-906.487660, change=1.12e-05, α=0.000, ‖θ[1:]‖₁=93.221, h_range=[1.00e-08, 1.17e+01], num_knots=1740
2025-09-01 15:30:26,207 - Iter 40890: obj=-906.491068, change=1.12e-05, α=0.000, ‖θ[1:]‖₁=93.221, h_range=[1.00e-08, 1.17e+01], num_knots=1740
2025-09-01 15:30:26,340 - Iter 40900: obj=-906.494475, change=1.12e-05, α=0.000, ‖θ[1:]‖₁=93.221, h_range=[1.00e-08, 1.17e+01], num_knots=1740
2025-09-01 15:30:26,475 - Iter 40910: obj=-906.497882, change=1.12e-05, α=0.000, ‖θ[1:]‖₁=93.222, h_range=[1.00e-08, 1.17e+01], num_knots=1740
2025-09-01 15:30:26,602 - Iter 40920: obj=-906.501288, change=1.12e-05, α=0.000, ‖θ[1:]‖₁=93.222, h_range=[1.00e-08, 1.17e+01], num_knots=1740
2025-09-01 15:30:26,726 - Iter 40930: obj=-906.504693, change=1.12e-05, α=0.000, ‖θ[1:]‖₁=93.222, h_range=[1.00e-08, 1.17e+01], num_knots=1740
2025-09-01 15:30:26,866 - Iter 40940: obj=-906.508098, change=1.12e-05, α=0.000, ‖θ[1:]‖₁=93.222, h_range=[1.00e-08, 1.17e+01], num_knots=1740
2025-09-01 15:30:26,983 - Iter 40950: obj=-906.511503, change=1.11e-05, α=0.000, ‖θ[1:]‖₁=93.223, h_range=[1.00e-08, 1.17e+01], num_knots=1740
2025-09-01 15:30:27,119 - Iter 40960: obj=-906.514906, change=1.11e-05, α=0.000, ‖θ[1:]‖₁=93.223, h_range=[1.00e-08, 1.17e+01], num_knots=1740
2025-09-01 15:30:27,227 - Iter 40970: obj=-906.518310, change=1.11e-05, α=0.000, ‖θ[1:]‖₁=93.223, h_range=[1.00e-08, 1.17e+01], num_knots=1740
2025-09-01 15:30:27,350 - Iter 40980: obj=-906.521712, change=1.11e-05, α=0.000, ‖θ[1:]‖₁=93.224, h_range=[1.00e-08, 1.17e+01], num_knots=1740
2025-09-01 15:30:27,464 - Iter 40990: obj=-906.525114, change=1.11e-05, α=0.000, ‖θ[1:]‖₁=93.224, h_range=[1.00e-08, 1.17e+01], num_knots=1740
2025-09-01 15:30:27,600 - Iter 41000: obj=-906.528516, change=1.11e-05, α=0.000, ‖θ[1:]‖₁=93.224, h_range=[1.00e-08, 1.17e+01], num_knots=1740
2025-09-01 15:30:27,703 - Iter 41010: obj=-906.531917, change=1.11e-05, α=0.000, ‖θ[1:]‖₁=93.224, h_range=[1.00e-08, 1.17e+01], num_knots=1740
2025-09-01 15:30:27,803 - Iter 41020: obj=-906.535317, change=1.11e-05, α=0.000, ‖θ[1:]‖₁=93.225, h_range=[1.00e-08, 1.17e+01], num_knots=1740
2025-09-01 15:30:27,924 - Iter 41030: obj=-906.538717, change=1.11e-05, α=0.000, ‖θ[1:]‖₁=93.225, h_range=[1.00e-08, 1.17e+01], num_knots=1740
2025-09-01 15:30:28,037 - Iter 41040: obj=-906.542110, change=1.11e-05, α=0.000, ‖θ[1:]‖₁=93.225, h_range=[1.00e-08, 1.17e+01], num_knots=1739
2025-09-01 15:30:28,148 - Iter 41050: obj=-906.545502, change=1.11e-05, α=0.000, ‖θ[1:]‖₁=93.225, h_range=[1.00e-08, 1.17e+01], num_knots=1739
2025-09-01 15:30:28,277 - Iter 41060: obj=-906.548893, change=1.11e-05, α=0.000, ‖θ[1:]‖₁=93.226, h_range=[1.00e-08, 1.17e+01], num_knots=1739
2025-09-01 15:30:28,399 - Iter 41070: obj=-906.552283, change=1.11e-05, α=0.000, ‖θ[1:]‖₁=93.226, h_range=[1.00e-08, 1.17e+01], num_knots=1739
2025-09-01 15:30:28,518 - Iter 41080: obj=-906.555673, change=1.11e-05, α=0.000, ‖θ[1:]‖₁=93.226, h_range=[1.00e-08, 1.17e+01], num_knots=1739
2025-09-01 15:30:28,641 - Iter 41090: obj=-906.559062, change=1.11e-05, α=0.000, ‖θ[1:]‖₁=93.227, h_range=[1.00e-08, 1.17e+01], num_knots=1739
2025-09-01 15:30:28,777 - Iter 41100: obj=-906.562451, change=1.11e-05, α=0.000, ‖θ[1:]‖₁=93.227, h_range=[1.00e-08, 1.17e+01], num_knots=1739
2025-09-01 15:30:28,899 - Iter 41110: obj=-906.565839, change=1.11e-05, α=0.000, ‖θ[1:]‖₁=93.227, h_range=[1.00e-08, 1.17e+01], num_knots=1739
2025-09-01 15:30:29,012 - Iter 41120: obj=-906.569227, change=1.11e-05, α=0.000, ‖θ[1:]‖₁=93.227, h_range=[1.00e-08, 1.17e+01], num_knots=1739
2025-09-01 15:30:29,127 - Iter 41130: obj=-906.572613, change=1.11e-05, α=0.000, ‖θ[1:]‖₁=93.228, h_range=[1.00e-08, 1.17e+01], num_knots=1739
2025-09-01 15:30:29,245 - Iter 41140: obj=-906.576000, change=1.11e-05, α=0.000, ‖θ[1:]‖₁=93.228, h_range=[1.00e-08, 1.17e+01], num_knots=1739
2025-09-01 15:30:29,354 - Iter 41150: obj=-906.579386, change=1.11e-05, α=0.000, ‖θ[1:]‖₁=93.228, h_range=[1.00e-08, 1.17e+01], num_knots=1739
2025-09-01 15:30:29,443 - Iter 41160: obj=-906.582771, change=1.11e-05, α=0.000, ‖θ[1:]‖₁=93.229, h_range=[1.00e-08, 1.17e+01], num_knots=1739
2025-09-01 15:30:29,570 - Iter 41170: obj=-906.586156, change=1.11e-05, α=0.000, ‖θ[1:]‖₁=93.229, h_range=[1.00e-08, 1.17e+01], num_knots=1739
2025-09-01 15:30:29,703 - Iter 41180: obj=-906.589540, change=1.11e-05, α=0.000, ‖θ[1:]‖₁=93.229, h_range=[1.00e-08, 1.17e+01], num_knots=1739
2025-09-01 15:30:29,819 - Iter 41190: obj=-906.592923, change=1.11e-05, α=0.000, ‖θ[1:]‖₁=93.229, h_range=[1.00e-08, 1.17e+01], num_knots=1739
2025-09-01 15:30:29,923 - Iter 41200: obj=-906.596306, change=1.11e-05, α=0.000, ‖θ[1:]‖₁=93.230, h_range=[1.00e-08, 1.17e+01], num_knots=1739
2025-09-01 15:30:30,054 - Iter 41210: obj=-906.599689, change=1.11e-05, α=0.000, ‖θ[1:]‖₁=93.230, h_range=[1.00e-08, 1.17e+01], num_knots=1739
2025-09-01 15:30:30,154 - Iter 41220: obj=-906.603070, change=1.11e-05, α=0.000, ‖θ[1:]‖₁=93.230, h_range=[1.00e-08, 1.17e+01], num_knots=1738
2025-09-01 15:30:30,271 - Iter 41230: obj=-906.606451, change=1.11e-05, α=0.000, ‖θ[1:]‖₁=93.230, h_range=[1.00e-08, 1.17e+01], num_knots=1738
2025-09-01 15:30:30,410 - Iter 41240: obj=-906.609831, change=1.11e-05, α=0.000, ‖θ[1:]‖₁=93.231, h_range=[1.00e-08, 1.17e+01], num_knots=1738
2025-09-01 15:30:30,515 - Iter 41250: obj=-906.613210, change=1.11e-05, α=0.000, ‖θ[1:]‖₁=93.231, h_range=[1.00e-08, 1.17e+01], num_knots=1738
2025-09-01 15:30:30,619 - Iter 41260: obj=-906.616589, change=1.11e-05, α=0.000, ‖θ[1:]‖₁=93.231, h_range=[1.00e-08, 1.17e+01], num_knots=1738
2025-09-01 15:30:30,757 - Iter 41270: obj=-906.619968, change=1.11e-05, α=0.000, ‖θ[1:]‖₁=93.232, h_range=[1.00e-08, 1.17e+01], num_knots=1738
2025-09-01 15:30:30,931 - Iter 41280: obj=-906.623346, change=1.11e-05, α=0.000, ‖θ[1:]‖₁=93.232, h_range=[1.00e-08, 1.17e+01], num_knots=1738
2025-09-01 15:30:31,058 - Iter 41290: obj=-906.626723, change=1.11e-05, α=0.000, ‖θ[1:]‖₁=93.232, h_range=[1.00e-08, 1.17e+01], num_knots=1738
2025-09-01 15:30:31,174 - Iter 41300: obj=-906.630100, change=1.11e-05, α=0.000, ‖θ[1:]‖₁=93.232, h_range=[1.00e-08, 1.17e+01], num_knots=1738
2025-09-01 15:30:31,296 - Iter 41310: obj=-906.633475, change=1.11e-05, α=0.000, ‖θ[1:]‖₁=93.233, h_range=[1.00e-08, 1.17e+01], num_knots=1737
2025-09-01 15:30:31,401 - Iter 41320: obj=-906.636850, change=1.11e-05, α=0.000, ‖θ[1:]‖₁=93.233, h_range=[1.00e-08, 1.17e+01], num_knots=1737
2025-09-01 15:30:31,500 - Iter 41330: obj=-906.640224, change=1.11e-05, α=0.000, ‖θ[1:]‖₁=93.233, h_range=[1.00e-08, 1.17e+01], num_knots=1737
2025-09-01 15:30:31,587 - Iter 41340: obj=-906.643598, change=1.11e-05, α=0.000, ‖θ[1:]‖₁=93.233, h_range=[1.00e-08, 1.17e+01], num_knots=1737
2025-09-01 15:30:31,685 - Iter 41350: obj=-906.646971, change=1.11e-05, α=0.000, ‖θ[1:]‖₁=93.234, h_range=[1.00e-08, 1.17e+01], num_knots=1737
2025-09-01 15:30:31,820 - Iter 41360: obj=-906.650344, change=1.11e-05, α=0.000, ‖θ[1:]‖₁=93.234, h_range=[1.00e-08, 1.17e+01], num_knots=1737
2025-09-01 15:30:31,938 - Iter 41370: obj=-906.653716, change=1.11e-05, α=0.000, ‖θ[1:]‖₁=93.234, h_range=[1.00e-08, 1.17e+01], num_knots=1737
2025-09-01 15:30:32,049 - Iter 41380: obj=-906.657087, change=1.11e-05, α=0.000, ‖θ[1:]‖₁=93.234, h_range=[1.00e-08, 1.17e+01], num_knots=1737
2025-09-01 15:30:32,168 - Iter 41390: obj=-906.660458, change=1.11e-05, α=0.000, ‖θ[1:]‖₁=93.235, h_range=[1.00e-08, 1.17e+01], num_knots=1737
2025-09-01 15:30:32,282 - Iter 41400: obj=-906.663828, change=1.11e-05, α=0.000, ‖θ[1:]‖₁=93.235, h_range=[1.00e-08, 1.17e+01], num_knots=1737
2025-09-01 15:30:32,384 - Iter 41410: obj=-906.667198, change=1.11e-05, α=0.000, ‖θ[1:]‖₁=93.235, h_range=[1.00e-08, 1.17e+01], num_knots=1737
2025-09-01 15:30:32,496 - Iter 41420: obj=-906.670567, change=1.11e-05, α=0.000, ‖θ[1:]‖₁=93.236, h_range=[1.00e-08, 1.17e+01], num_knots=1737
2025-09-01 15:30:32,599 - Iter 41430: obj=-906.673936, change=1.11e-05, α=0.000, ‖θ[1:]‖₁=93.236, h_range=[1.00e-08, 1.17e+01], num_knots=1737
2025-09-01 15:30:32,730 - Iter 41440: obj=-906.677304, change=1.11e-05, α=0.000, ‖θ[1:]‖₁=93.236, h_range=[1.00e-08, 1.17e+01], num_knots=1737
2025-09-01 15:30:32,861 - Iter 41450: obj=-906.680671, change=1.11e-05, α=0.000, ‖θ[1:]‖₁=93.236, h_range=[1.00e-08, 1.17e+01], num_knots=1737
2025-09-01 15:30:32,992 - Iter 41460: obj=-906.684038, change=1.11e-05, α=0.000, ‖θ[1:]‖₁=93.237, h_range=[1.00e-08, 1.17e+01], num_knots=1737
2025-09-01 15:30:33,101 - Iter 41470: obj=-906.687405, change=1.11e-05, α=0.000, ‖θ[1:]‖₁=93.237, h_range=[1.00e-08, 1.17e+01], num_knots=1737
2025-09-01 15:30:33,204 - Iter 41480: obj=-906.690771, change=1.11e-05, α=0.000, ‖θ[1:]‖₁=93.237, h_range=[1.00e-08, 1.17e+01], num_knots=1737
2025-09-01 15:30:33,343 - Iter 41490: obj=-906.694136, change=1.11e-05, α=0.000, ‖θ[1:]‖₁=93.237, h_range=[1.00e-08, 1.17e+01], num_knots=1737
2025-09-01 15:30:33,464 - Iter 41500: obj=-906.697501, change=1.11e-05, α=0.000, ‖θ[1:]‖₁=93.238, h_range=[1.00e-08, 1.17e+01], num_knots=1737
2025-09-01 15:30:33,571 - Iter 41510: obj=-906.700865, change=1.11e-05, α=0.000, ‖θ[1:]‖₁=93.238, h_range=[1.00e-08, 1.17e+01], num_knots=1737
2025-09-01 15:30:33,689 - Iter 41520: obj=-906.704228, change=1.11e-05, α=0.000, ‖θ[1:]‖₁=93.238, h_range=[1.00e-08, 1.17e+01], num_knots=1737
2025-09-01 15:30:33,793 - Iter 41530: obj=-906.707591, change=1.11e-05, α=0.000, ‖θ[1:]‖₁=93.238, h_range=[1.00e-08, 1.17e+01], num_knots=1737
2025-09-01 15:30:33,923 - Iter 41540: obj=-906.710954, change=1.11e-05, α=0.000, ‖θ[1:]‖₁=93.239, h_range=[1.00e-08, 1.17e+01], num_knots=1737
2025-09-01 15:30:34,060 - Iter 41550: obj=-906.714316, change=1.11e-05, α=0.000, ‖θ[1:]‖₁=93.239, h_range=[1.00e-08, 1.17e+01], num_knots=1737
2025-09-01 15:30:34,220 - Iter 41560: obj=-906.717677, change=1.11e-05, α=0.000, ‖θ[1:]‖₁=93.239, h_range=[1.00e-08, 1.17e+01], num_knots=1737
2025-09-01 15:30:34,332 - Iter 41570: obj=-906.721038, change=1.11e-05, α=0.000, ‖θ[1:]‖₁=93.239, h_range=[1.00e-08, 1.17e+01], num_knots=1737
2025-09-01 15:30:34,467 - Iter 41580: obj=-906.724398, change=1.11e-05, α=0.000, ‖θ[1:]‖₁=93.239, h_range=[1.00e-08, 1.17e+01], num_knots=1737
2025-09-01 15:30:34,579 - Iter 41590: obj=-906.727758, change=1.11e-05, α=0.000, ‖θ[1:]‖₁=93.240, h_range=[1.00e-08, 1.17e+01], num_knots=1737
2025-09-01 15:30:34,703 - Iter 41600: obj=-906.731117, change=1.11e-05, α=0.000, ‖θ[1:]‖₁=93.240, h_range=[1.00e-08, 1.17e+01], num_knots=1737
2025-09-01 15:30:34,819 - Iter 41610: obj=-906.734476, change=1.11e-05, α=0.000, ‖θ[1:]‖₁=93.240, h_range=[1.00e-08, 1.17e+01], num_knots=1737
2025-09-01 15:30:34,940 - Iter 41620: obj=-906.737834, change=1.11e-05, α=0.000, ‖θ[1:]‖₁=93.240, h_range=[1.00e-08, 1.17e+01], num_knots=1737
2025-09-01 15:30:35,058 - Iter 41630: obj=-906.741191, change=1.11e-05, α=0.000, ‖θ[1:]‖₁=93.241, h_range=[1.00e-08, 1.17e+01], num_knots=1737
2025-09-01 15:30:35,184 - Iter 41640: obj=-906.744548, change=1.11e-05, α=0.000, ‖θ[1:]‖₁=93.241, h_range=[1.00e-08, 1.17e+01], num_knots=1737
2025-09-01 15:30:35,296 - Iter 41650: obj=-906.747905, change=1.11e-05, α=0.000, ‖θ[1:]‖₁=93.241, h_range=[1.00e-08, 1.17e+01], num_knots=1737
2025-09-01 15:30:35,433 - Iter 41660: obj=-906.751261, change=1.11e-05, α=0.000, ‖θ[1:]‖₁=93.241, h_range=[1.00e-08, 1.17e+01], num_knots=1737
2025-09-01 15:30:35,541 - Iter 41670: obj=-906.754616, change=1.11e-05, α=0.000, ‖θ[1:]‖₁=93.242, h_range=[1.00e-08, 1.17e+01], num_knots=1737
2025-09-01 15:30:35,633 - Iter 41680: obj=-906.757971, change=1.11e-05, α=0.000, ‖θ[1:]‖₁=93.242, h_range=[1.00e-08, 1.17e+01], num_knots=1737
2025-09-01 15:30:35,739 - Iter 41690: obj=-906.761325, change=1.11e-05, α=0.000, ‖θ[1:]‖₁=93.242, h_range=[1.00e-08, 1.17e+01], num_knots=1737
2025-09-01 15:30:35,860 - Iter 41700: obj=-906.764679, change=1.11e-05, α=0.000, ‖θ[1:]‖₁=93.242, h_range=[1.00e-08, 1.17e+01], num_knots=1737
2025-09-01 15:30:35,971 - Iter 41710: obj=-906.768032, change=1.11e-05, α=0.000, ‖θ[1:]‖₁=93.243, h_range=[1.00e-08, 1.17e+01], num_knots=1737
2025-09-01 15:30:36,089 - Iter 41720: obj=-906.771384, change=1.11e-05, α=0.000, ‖θ[1:]‖₁=93.243, h_range=[1.00e-08, 1.17e+01], num_knots=1737
2025-09-01 15:30:36,201 - Iter 41730: obj=-906.774736, change=1.11e-05, α=0.000, ‖θ[1:]‖₁=93.243, h_range=[1.00e-08, 1.17e+01], num_knots=1737
2025-09-01 15:30:36,318 - Iter 41740: obj=-906.778088, change=1.11e-05, α=0.000, ‖θ[1:]‖₁=93.243, h_range=[1.00e-08, 1.17e+01], num_knots=1737
2025-09-01 15:30:36,428 - Iter 41750: obj=-906.781439, change=1.11e-05, α=0.000, ‖θ[1:]‖₁=93.243, h_range=[1.00e-08, 1.17e+01], num_knots=1737
2025-09-01 15:30:36,531 - Iter 41760: obj=-906.784789, change=1.11e-05, α=0.000, ‖θ[1:]‖₁=93.244, h_range=[1.00e-08, 1.17e+01], num_knots=1737
2025-09-01 15:30:36,653 - Iter 41770: obj=-906.788139, change=1.11e-05, α=0.000, ‖θ[1:]‖₁=93.244, h_range=[1.00e-08, 1.17e+01], num_knots=1737
2025-09-01 15:30:36,758 - Iter 41780: obj=-906.791488, change=1.11e-05, α=0.000, ‖θ[1:]‖₁=93.244, h_range=[1.00e-08, 1.17e+01], num_knots=1737
2025-09-01 15:30:36,857 - Iter 41790: obj=-906.794837, change=1.11e-05, α=0.000, ‖θ[1:]‖₁=93.244, h_range=[1.00e-08, 1.17e+01], num_knots=1737
2025-09-01 15:30:36,972 - Iter 41800: obj=-906.798185, change=1.11e-05, α=0.000, ‖θ[1:]‖₁=93.245, h_range=[1.00e-08, 1.17e+01], num_knots=1737
2025-09-01 15:30:37,072 - Iter 41810: obj=-906.801533, change=1.11e-05, α=0.000, ‖θ[1:]‖₁=93.245, h_range=[1.00e-08, 1.17e+01], num_knots=1737
2025-09-01 15:30:37,184 - Iter 41820: obj=-906.804879, change=1.11e-05, α=0.000, ‖θ[1:]‖₁=93.245, h_range=[1.00e-08, 1.17e+01], num_knots=1736
2025-09-01 15:30:37,285 - Iter 41830: obj=-906.808223, change=1.11e-05, α=0.000, ‖θ[1:]‖₁=93.245, h_range=[1.00e-08, 1.17e+01], num_knots=1736
2025-09-01 15:30:37,400 - Iter 41840: obj=-906.811567, change=1.11e-05, α=0.000, ‖θ[1:]‖₁=93.246, h_range=[1.00e-08, 1.17e+01], num_knots=1736
2025-09-01 15:30:37,521 - Iter 41850: obj=-906.814910, change=1.11e-05, α=0.000, ‖θ[1:]‖₁=93.246, h_range=[1.00e-08, 1.17e+01], num_knots=1736
2025-09-01 15:30:37,642 - Iter 41860: obj=-906.818253, change=1.11e-05, α=0.000, ‖θ[1:]‖₁=93.246, h_range=[1.00e-08, 1.17e+01], num_knots=1736
2025-09-01 15:30:37,769 - Iter 41870: obj=-906.821595, change=1.10e-05, α=0.000, ‖θ[1:]‖₁=93.246, h_range=[1.00e-08, 1.17e+01], num_knots=1736
2025-09-01 15:30:37,878 - Iter 41880: obj=-906.824937, change=1.10e-05, α=0.000, ‖θ[1:]‖₁=93.246, h_range=[1.00e-08, 1.17e+01], num_knots=1736
2025-09-01 15:30:37,990 - Iter 41890: obj=-906.828278, change=1.10e-05, α=0.000, ‖θ[1:]‖₁=93.247, h_range=[1.00e-08, 1.17e+01], num_knots=1736
2025-09-01 15:30:38,088 - Iter 41900: obj=-906.831618, change=1.10e-05, α=0.000, ‖θ[1:]‖₁=93.247, h_range=[1.00e-08, 1.17e+01], num_knots=1736
2025-09-01 15:30:38,200 - Iter 41910: obj=-906.834958, change=1.10e-05, α=0.000, ‖θ[1:]‖₁=93.247, h_range=[1.00e-08, 1.17e+01], num_knots=1736
2025-09-01 15:30:38,315 - Iter 41920: obj=-906.838298, change=1.10e-05, α=0.000, ‖θ[1:]‖₁=93.247, h_range=[1.00e-08, 1.17e+01], num_knots=1736
2025-09-01 15:30:38,428 - Iter 41930: obj=-906.841637, change=1.10e-05, α=0.000, ‖θ[1:]‖₁=93.248, h_range=[1.00e-08, 1.17e+01], num_knots=1736
2025-09-01 15:30:38,520 - Iter 41940: obj=-906.844975, change=1.10e-05, α=0.000, ‖θ[1:]‖₁=93.248, h_range=[1.00e-08, 1.17e+01], num_knots=1736
2025-09-01 15:30:38,632 - Iter 41950: obj=-906.848310, change=1.10e-05, α=0.000, ‖θ[1:]‖₁=93.248, h_range=[1.00e-08, 1.17e+01], num_knots=1735
2025-09-01 15:30:38,738 - Iter 41960: obj=-906.851640, change=1.10e-05, α=0.000, ‖θ[1:]‖₁=93.248, h_range=[1.00e-08, 1.17e+01], num_knots=1735
2025-09-01 15:30:38,853 - Iter 41970: obj=-906.854970, change=1.10e-05, α=0.000, ‖θ[1:]‖₁=93.249, h_range=[1.00e-08, 1.17e+01], num_knots=1735
2025-09-01 15:30:38,959 - Iter 41980: obj=-906.858299, change=1.10e-05, α=0.000, ‖θ[1:]‖₁=93.249, h_range=[1.00e-08, 1.17e+01], num_knots=1735
2025-09-01 15:30:39,067 - Iter 41990: obj=-906.861628, change=1.10e-05, α=0.000, ‖θ[1:]‖₁=93.249, h_range=[1.00e-08, 1.17e+01], num_knots=1735
2025-09-01 15:30:39,170 - Iter 42000: obj=-906.864956, change=1.10e-05, α=0.000, ‖θ[1:]‖₁=93.249, h_range=[1.00e-08, 1.17e+01], num_knots=1735
2025-09-01 15:30:39,294 - Iter 42010: obj=-906.868283, change=1.10e-05, α=0.000, ‖θ[1:]‖₁=93.250, h_range=[1.00e-08, 1.17e+01], num_knots=1735
2025-09-01 15:30:39,454 - Iter 42020: obj=-906.871609, change=1.10e-05, α=0.000, ‖θ[1:]‖₁=93.250, h_range=[1.00e-08, 1.17e+01], num_knots=1734
2025-09-01 15:30:39,567 - Iter 42030: obj=-906.874933, change=1.10e-05, α=0.000, ‖θ[1:]‖₁=93.250, h_range=[1.00e-08, 1.17e+01], num_knots=1734
2025-09-01 15:30:39,666 - Iter 42040: obj=-906.878257, change=1.10e-05, α=0.000, ‖θ[1:]‖₁=93.250, h_range=[1.00e-08, 1.17e+01], num_knots=1734
2025-09-01 15:30:39,787 - Iter 42050: obj=-906.881580, change=1.10e-05, α=0.000, ‖θ[1:]‖₁=93.251, h_range=[1.00e-08, 1.17e+01], num_knots=1734
2025-09-01 15:30:39,896 - Iter 42060: obj=-906.884903, change=1.10e-05, α=0.000, ‖θ[1:]‖₁=93.251, h_range=[1.00e-08, 1.17e+01], num_knots=1734
2025-09-01 15:30:40,003 - Iter 42070: obj=-906.888225, change=1.10e-05, α=0.000, ‖θ[1:]‖₁=93.251, h_range=[1.00e-08, 1.17e+01], num_knots=1734
2025-09-01 15:30:40,112 - Iter 42080: obj=-906.891546, change=1.10e-05, α=0.000, ‖θ[1:]‖₁=93.251, h_range=[1.00e-08, 1.17e+01], num_knots=1734
2025-09-01 15:30:40,208 - Iter 42090: obj=-906.894867, change=1.10e-05, α=0.000, ‖θ[1:]‖₁=93.252, h_range=[1.00e-08, 1.17e+01], num_knots=1734
2025-09-01 15:30:40,316 - Iter 42100: obj=-906.898188, change=1.10e-05, α=0.000, ‖θ[1:]‖₁=93.252, h_range=[1.00e-08, 1.17e+01], num_knots=1734
2025-09-01 15:30:40,446 - Iter 42110: obj=-906.901508, change=1.10e-05, α=0.000, ‖θ[1:]‖₁=93.252, h_range=[1.00e-08, 1.17e+01], num_knots=1734
2025-09-01 15:30:40,563 - Iter 42120: obj=-906.904827, change=1.10e-05, α=0.000, ‖θ[1:]‖₁=93.252, h_range=[1.00e-08, 1.17e+01], num_knots=1734
2025-09-01 15:30:40,656 - Iter 42130: obj=-906.908146, change=1.10e-05, α=0.000, ‖θ[1:]‖₁=93.253, h_range=[1.00e-08, 1.17e+01], num_knots=1734
2025-09-01 15:30:40,770 - Iter 42140: obj=-906.911465, change=1.10e-05, α=0.000, ‖θ[1:]‖₁=93.253, h_range=[1.00e-08, 1.17e+01], num_knots=1734
2025-09-01 15:30:40,933 - Iter 42150: obj=-906.914782, change=1.10e-05, α=0.000, ‖θ[1:]‖₁=93.253, h_range=[1.00e-08, 1.17e+01], num_knots=1734
2025-09-01 15:30:41,051 - Iter 42160: obj=-906.918100, change=1.10e-05, α=0.000, ‖θ[1:]‖₁=93.253, h_range=[1.00e-08, 1.17e+01], num_knots=1734
2025-09-01 15:30:41,160 - Iter 42170: obj=-906.921416, change=1.10e-05, α=0.000, ‖θ[1:]‖₁=93.254, h_range=[1.00e-08, 1.17e+01], num_knots=1733
2025-09-01 15:30:41,271 - Iter 42180: obj=-906.924732, change=1.10e-05, α=0.000, ‖θ[1:]‖₁=93.254, h_range=[1.00e-08, 1.17e+01], num_knots=1733
2025-09-01 15:30:41,380 - Iter 42190: obj=-906.928047, change=1.10e-05, α=0.000, ‖θ[1:]‖₁=93.254, h_range=[1.00e-08, 1.17e+01], num_knots=1733
2025-09-01 15:30:41,543 - Iter 42200: obj=-906.931359, change=1.10e-05, α=0.000, ‖θ[1:]‖₁=93.254, h_range=[1.00e-08, 1.17e+01], num_knots=1732
2025-09-01 15:30:41,659 - Iter 42210: obj=-906.934667, change=1.10e-05, α=0.000, ‖θ[1:]‖₁=93.255, h_range=[1.00e-08, 1.17e+01], num_knots=1732
2025-09-01 15:30:41,783 - Iter 42220: obj=-906.937973, change=1.10e-05, α=0.000, ‖θ[1:]‖₁=93.255, h_range=[1.00e-08, 1.17e+01], num_knots=1732
2025-09-01 15:30:41,896 - Iter 42230: obj=-906.941280, change=1.10e-05, α=0.000, ‖θ[1:]‖₁=93.255, h_range=[1.00e-08, 1.17e+01], num_knots=1732
2025-09-01 15:30:41,994 - Iter 42240: obj=-906.944585, change=1.10e-05, α=0.000, ‖θ[1:]‖₁=93.255, h_range=[1.00e-08, 1.17e+01], num_knots=1732
2025-09-01 15:30:42,091 - Iter 42250: obj=-906.947891, change=1.10e-05, α=0.000, ‖θ[1:]‖₁=93.256, h_range=[1.00e-08, 1.17e+01], num_knots=1732
2025-09-01 15:30:42,194 - Iter 42260: obj=-906.951195, change=1.10e-05, α=0.000, ‖θ[1:]‖₁=93.256, h_range=[1.00e-08, 1.17e+01], num_knots=1732
2025-09-01 15:30:42,318 - Iter 42270: obj=-906.954499, change=1.10e-05, α=0.000, ‖θ[1:]‖₁=93.256, h_range=[1.00e-08, 1.17e+01], num_knots=1732
2025-09-01 15:30:42,423 - Iter 42280: obj=-906.957801, change=1.10e-05, α=0.000, ‖θ[1:]‖₁=93.257, h_range=[1.00e-08, 1.17e+01], num_knots=1731
2025-09-01 15:30:42,539 - Iter 42290: obj=-906.961098, change=1.10e-05, α=0.000, ‖θ[1:]‖₁=93.257, h_range=[1.00e-08, 1.17e+01], num_knots=1731
2025-09-01 15:30:42,639 - Iter 42300: obj=-906.964393, change=1.10e-05, α=0.000, ‖θ[1:]‖₁=93.257, h_range=[1.00e-08, 1.17e+01], num_knots=1731
2025-09-01 15:30:42,760 - Iter 42310: obj=-906.967689, change=1.10e-05, α=0.000, ‖θ[1:]‖₁=93.257, h_range=[1.00e-08, 1.17e+01], num_knots=1731
2025-09-01 15:30:42,873 - Iter 42320: obj=-906.970983, change=1.10e-05, α=0.000, ‖θ[1:]‖₁=93.258, h_range=[1.00e-08, 1.17e+01], num_knots=1731
2025-09-01 15:30:42,987 - Iter 42330: obj=-906.974278, change=1.10e-05, α=0.000, ‖θ[1:]‖₁=93.258, h_range=[1.00e-08, 1.17e+01], num_knots=1731
2025-09-01 15:30:43,086 - Iter 42340: obj=-906.977571, change=1.10e-05, α=0.000, ‖θ[1:]‖₁=93.258, h_range=[1.00e-08, 1.17e+01], num_knots=1731
2025-09-01 15:30:43,205 - Iter 42350: obj=-906.980865, change=1.10e-05, α=0.000, ‖θ[1:]‖₁=93.258, h_range=[1.00e-08, 1.17e+01], num_knots=1731
2025-09-01 15:30:43,316 - Iter 42360: obj=-906.984157, change=1.10e-05, α=0.000, ‖θ[1:]‖₁=93.259, h_range=[1.00e-08, 1.17e+01], num_knots=1731
2025-09-01 15:30:43,426 - Iter 42370: obj=-906.987449, change=1.10e-05, α=0.000, ‖θ[1:]‖₁=93.259, h_range=[1.00e-08, 1.17e+01], num_knots=1731
2025-09-01 15:30:43,526 - Iter 42380: obj=-906.990741, change=1.10e-05, α=0.000, ‖θ[1:]‖₁=93.259, h_range=[1.00e-08, 1.17e+01], num_knots=1730
2025-09-01 15:30:43,631 - Iter 42390: obj=-906.994030, change=1.10e-05, α=0.000, ‖θ[1:]‖₁=93.260, h_range=[1.00e-08, 1.17e+01], num_knots=1730
2025-09-01 15:30:43,728 - Iter 42400: obj=-906.997318, change=1.10e-05, α=0.000, ‖θ[1:]‖₁=93.260, h_range=[1.00e-08, 1.17e+01], num_knots=1730
2025-09-01 15:30:43,826 - Iter 42410: obj=-907.000606, change=1.10e-05, α=0.000, ‖θ[1:]‖₁=93.260, h_range=[1.00e-08, 1.17e+01], num_knots=1730
2025-09-01 15:30:43,918 - Iter 42420: obj=-907.003893, change=1.10e-05, α=0.000, ‖θ[1:]‖₁=93.260, h_range=[1.00e-08, 1.17e+01], num_knots=1730
2025-09-01 15:30:44,039 - Iter 42430: obj=-907.007180, change=1.10e-05, α=0.000, ‖θ[1:]‖₁=93.261, h_range=[1.00e-08, 1.17e+01], num_knots=1730
2025-09-01 15:30:44,142 - Iter 42440: obj=-907.010466, change=1.10e-05, α=0.000, ‖θ[1:]‖₁=93.261, h_range=[1.00e-08, 1.17e+01], num_knots=1730
2025-09-01 15:30:44,247 - Iter 42450: obj=-907.013752, change=1.10e-05, α=0.000, ‖θ[1:]‖₁=93.261, h_range=[1.00e-08, 1.17e+01], num_knots=1730
2025-09-01 15:30:44,355 - Iter 42460: obj=-907.017037, change=1.10e-05, α=0.000, ‖θ[1:]‖₁=93.262, h_range=[1.00e-08, 1.17e+01], num_knots=1730
2025-09-01 15:30:44,463 - Iter 42470: obj=-907.020322, change=1.10e-05, α=0.000, ‖θ[1:]‖₁=93.262, h_range=[1.00e-08, 1.17e+01], num_knots=1730
2025-09-01 15:30:44,573 - Iter 42480: obj=-907.023606, change=1.10e-05, α=0.000, ‖θ[1:]‖₁=93.262, h_range=[1.00e-08, 1.17e+01], num_knots=1730
2025-09-01 15:30:44,691 - Iter 42490: obj=-907.026889, change=1.10e-05, α=0.000, ‖θ[1:]‖₁=93.262, h_range=[1.00e-08, 1.17e+01], num_knots=1730
2025-09-01 15:30:44,798 - Iter 42500: obj=-907.030172, change=1.10e-05, α=0.000, ‖θ[1:]‖₁=93.263, h_range=[1.00e-08, 1.17e+01], num_knots=1730
2025-09-01 15:30:44,925 - Iter 42510: obj=-907.033455, change=1.10e-05, α=0.000, ‖θ[1:]‖₁=93.263, h_range=[1.00e-08, 1.17e+01], num_knots=1730
2025-09-01 15:30:45,023 - Iter 42520: obj=-907.036737, change=1.10e-05, α=0.000, ‖θ[1:]‖₁=93.263, h_range=[1.00e-08, 1.17e+01], num_knots=1730
2025-09-01 15:30:45,127 - Iter 42530: obj=-907.040018, change=1.10e-05, α=0.000, ‖θ[1:]‖₁=93.264, h_range=[1.00e-08, 1.17e+01], num_knots=1730
2025-09-01 15:30:45,232 - Iter 42540: obj=-907.043299, change=1.10e-05, α=0.000, ‖θ[1:]‖₁=93.264, h_range=[1.00e-08, 1.17e+01], num_knots=1730
2025-09-01 15:30:45,350 - Iter 42550: obj=-907.046580, change=1.10e-05, α=0.000, ‖θ[1:]‖₁=93.264, h_range=[1.00e-08, 1.17e+01], num_knots=1730
2025-09-01 15:30:45,481 - Iter 42560: obj=-907.049860, change=1.10e-05, α=0.000, ‖θ[1:]‖₁=93.264, h_range=[1.00e-08, 1.17e+01], num_knots=1730
2025-09-01 15:30:45,595 - Iter 42570: obj=-907.053139, change=1.10e-05, α=0.000, ‖θ[1:]‖₁=93.265, h_range=[1.00e-08, 1.17e+01], num_knots=1730
2025-09-01 15:30:45,728 - Iter 42580: obj=-907.056418, change=1.10e-05, α=0.000, ‖θ[1:]‖₁=93.265, h_range=[1.00e-08, 1.17e+01], num_knots=1730
2025-09-01 15:30:45,859 - Iter 42590: obj=-907.059696, change=1.10e-05, α=0.000, ‖θ[1:]‖₁=93.265, h_range=[1.00e-08, 1.17e+01], num_knots=1730
2025-09-01 15:30:45,984 - Iter 42600: obj=-907.062974, change=1.10e-05, α=0.000, ‖θ[1:]‖₁=93.265, h_range=[1.00e-08, 1.17e+01], num_knots=1730
2025-09-01 15:30:46,101 - Iter 42610: obj=-907.066251, change=1.10e-05, α=0.000, ‖θ[1:]‖₁=93.266, h_range=[1.00e-08, 1.17e+01], num_knots=1730
2025-09-01 15:30:46,208 - Iter 42620: obj=-907.069528, change=1.10e-05, α=0.000, ‖θ[1:]‖₁=93.266, h_range=[1.00e-08, 1.17e+01], num_knots=1730
2025-09-01 15:30:46,334 - Iter 42630: obj=-907.072804, change=1.10e-05, α=0.000, ‖θ[1:]‖₁=93.266, h_range=[1.00e-08, 1.17e+01], num_knots=1730
2025-09-01 15:30:46,462 - Iter 42640: obj=-907.076080, change=1.10e-05, α=0.000, ‖θ[1:]‖₁=93.266, h_range=[1.00e-08, 1.17e+01], num_knots=1730
2025-09-01 15:30:46,570 - Iter 42650: obj=-907.079355, change=1.10e-05, α=0.000, ‖θ[1:]‖₁=93.267, h_range=[1.00e-08, 1.17e+01], num_knots=1730
2025-09-01 15:30:46,658 - Iter 42660: obj=-907.082630, change=1.10e-05, α=0.000, ‖θ[1:]‖₁=93.267, h_range=[1.00e-08, 1.17e+01], num_knots=1730
2025-09-01 15:30:46,757 - Iter 42670: obj=-907.085904, change=1.10e-05, α=0.000, ‖θ[1:]‖₁=93.267, h_range=[1.00e-08, 1.17e+01], num_knots=1730
2025-09-01 15:30:46,871 - Iter 42680: obj=-907.089178, change=1.10e-05, α=0.000, ‖θ[1:]‖₁=93.268, h_range=[1.00e-08, 1.17e+01], num_knots=1730
2025-09-01 15:30:46,956 - Iter 42690: obj=-907.092451, change=1.10e-05, α=0.000, ‖θ[1:]‖₁=93.268, h_range=[1.00e-08, 1.17e+01], num_knots=1730
2025-09-01 15:30:47,064 - Iter 42700: obj=-907.095724, change=1.10e-05, α=0.000, ‖θ[1:]‖₁=93.268, h_range=[1.00e-08, 1.17e+01], num_knots=1730
2025-09-01 15:30:47,171 - Iter 42710: obj=-907.098996, change=1.10e-05, α=0.000, ‖θ[1:]‖₁=93.268, h_range=[1.00e-08, 1.17e+01], num_knots=1730
2025-09-01 15:30:47,299 - Iter 42720: obj=-907.102267, change=1.10e-05, α=0.000, ‖θ[1:]‖₁=93.269, h_range=[1.00e-08, 1.17e+01], num_knots=1730
2025-09-01 15:30:47,416 - Iter 42730: obj=-907.105538, change=1.10e-05, α=0.000, ‖θ[1:]‖₁=93.269, h_range=[1.00e-08, 1.17e+01], num_knots=1730
2025-09-01 15:30:47,522 - Iter 42740: obj=-907.108809, change=1.10e-05, α=0.000, ‖θ[1:]‖₁=93.269, h_range=[1.00e-08, 1.17e+01], num_knots=1730
2025-09-01 15:30:47,614 - Iter 42750: obj=-907.112079, change=1.10e-05, α=0.000, ‖θ[1:]‖₁=93.269, h_range=[1.00e-08, 1.17e+01], num_knots=1730
2025-09-01 15:30:47,699 - Iter 42760: obj=-907.115348, change=1.10e-05, α=0.000, ‖θ[1:]‖₁=93.269, h_range=[1.00e-08, 1.17e+01], num_knots=1730
2025-09-01 15:30:47,786 - Iter 42770: obj=-907.118617, change=1.10e-05, α=0.000, ‖θ[1:]‖₁=93.270, h_range=[1.00e-08, 1.17e+01], num_knots=1730
2025-09-01 15:30:47,907 - Iter 42780: obj=-907.121886, change=1.10e-05, α=0.000, ‖θ[1:]‖₁=93.270, h_range=[1.00e-08, 1.17e+01], num_knots=1730
2025-09-01 15:30:48,020 - Iter 42790: obj=-907.125152, change=1.10e-05, α=0.000, ‖θ[1:]‖₁=93.270, h_range=[1.00e-08, 1.17e+01], num_knots=1729
2025-09-01 15:30:48,139 - Iter 42800: obj=-907.128417, change=1.10e-05, α=0.000, ‖θ[1:]‖₁=93.270, h_range=[1.00e-08, 1.17e+01], num_knots=1729
2025-09-01 15:30:48,251 - Iter 42810: obj=-907.131682, change=1.10e-05, α=0.000, ‖θ[1:]‖₁=93.271, h_range=[1.00e-08, 1.17e+01], num_knots=1729
2025-09-01 15:30:48,346 - Iter 42820: obj=-907.134946, change=1.10e-05, α=0.000, ‖θ[1:]‖₁=93.271, h_range=[1.00e-08, 1.17e+01], num_knots=1729
2025-09-01 15:30:48,472 - Iter 42830: obj=-907.138210, change=1.10e-05, α=0.000, ‖θ[1:]‖₁=93.271, h_range=[1.00e-08, 1.17e+01], num_knots=1729
2025-09-01 15:30:48,579 - Iter 42840: obj=-907.141474, change=1.10e-05, α=0.000, ‖θ[1:]‖₁=93.272, h_range=[1.00e-08, 1.17e+01], num_knots=1729
2025-09-01 15:30:48,691 - Iter 42850: obj=-907.144736, change=1.10e-05, α=0.000, ‖θ[1:]‖₁=93.272, h_range=[1.00e-08, 1.17e+01], num_knots=1729
2025-09-01 15:30:48,805 - Iter 42860: obj=-907.147998, change=1.10e-05, α=0.000, ‖θ[1:]‖₁=93.272, h_range=[1.00e-08, 1.17e+01], num_knots=1728
2025-09-01 15:30:48,914 - Iter 42870: obj=-907.151253, change=1.10e-05, α=0.000, ‖θ[1:]‖₁=93.272, h_range=[1.00e-08, 1.17e+01], num_knots=1728
2025-09-01 15:30:49,030 - Iter 42880: obj=-907.154507, change=1.09e-05, α=0.000, ‖θ[1:]‖₁=93.273, h_range=[1.00e-08, 1.17e+01], num_knots=1728
2025-09-01 15:30:49,142 - Iter 42890: obj=-907.157761, change=1.09e-05, α=0.000, ‖θ[1:]‖₁=93.273, h_range=[1.00e-08, 1.17e+01], num_knots=1728
2025-09-01 15:30:49,268 - Iter 42900: obj=-907.161014, change=1.09e-05, α=0.000, ‖θ[1:]‖₁=93.273, h_range=[1.00e-08, 1.17e+01], num_knots=1728
2025-09-01 15:30:49,386 - Iter 42910: obj=-907.164267, change=1.09e-05, α=0.000, ‖θ[1:]‖₁=93.273, h_range=[1.00e-08, 1.17e+01], num_knots=1728
2025-09-01 15:30:49,493 - Iter 42920: obj=-907.167519, change=1.09e-05, α=0.000, ‖θ[1:]‖₁=93.274, h_range=[1.00e-08, 1.17e+01], num_knots=1727
2025-09-01 15:30:49,598 - Iter 42930: obj=-907.170764, change=1.09e-05, α=0.000, ‖θ[1:]‖₁=93.274, h_range=[1.00e-08, 1.17e+01], num_knots=1727
2025-09-01 15:30:49,724 - Iter 42940: obj=-907.174009, change=1.09e-05, α=0.000, ‖θ[1:]‖₁=93.274, h_range=[1.00e-08, 1.17e+01], num_knots=1727
2025-09-01 15:30:49,851 - Iter 42950: obj=-907.177253, change=1.09e-05, α=0.000, ‖θ[1:]‖₁=93.275, h_range=[1.00e-08, 1.17e+01], num_knots=1727
2025-09-01 15:30:49,969 - Iter 42960: obj=-907.180497, change=1.09e-05, α=0.000, ‖θ[1:]‖₁=93.275, h_range=[1.00e-08, 1.17e+01], num_knots=1727
2025-09-01 15:30:50,085 - Iter 42970: obj=-907.183740, change=1.09e-05, α=0.000, ‖θ[1:]‖₁=93.275, h_range=[1.00e-08, 1.17e+01], num_knots=1727
2025-09-01 15:30:50,188 - Iter 42980: obj=-907.186982, change=1.09e-05, α=0.000, ‖θ[1:]‖₁=93.275, h_range=[1.00e-08, 1.17e+01], num_knots=1727
2025-09-01 15:30:50,299 - Iter 42990: obj=-907.190224, change=1.09e-05, α=0.000, ‖θ[1:]‖₁=93.276, h_range=[1.00e-08, 1.17e+01], num_knots=1727
2025-09-01 15:30:50,449 - Iter 43000: obj=-907.193466, change=1.09e-05, α=0.000, ‖θ[1:]‖₁=93.276, h_range=[1.00e-08, 1.17e+01], num_knots=1727
2025-09-01 15:30:50,552 - Iter 43010: obj=-907.196707, change=1.09e-05, α=0.000, ‖θ[1:]‖₁=93.276, h_range=[1.00e-08, 1.17e+01], num_knots=1727
2025-09-01 15:30:50,653 - Iter 43020: obj=-907.199947, change=1.09e-05, α=0.000, ‖θ[1:]‖₁=93.277, h_range=[1.00e-08, 1.17e+01], num_knots=1727
2025-09-01 15:30:50,766 - Iter 43030: obj=-907.203186, change=1.09e-05, α=0.000, ‖θ[1:]‖₁=93.277, h_range=[1.00e-08, 1.17e+01], num_knots=1726
2025-09-01 15:30:50,881 - Iter 43040: obj=-907.206423, change=1.09e-05, α=0.000, ‖θ[1:]‖₁=93.277, h_range=[1.00e-08, 1.17e+01], num_knots=1726
2025-09-01 15:30:50,988 - Iter 43050: obj=-907.209660, change=1.09e-05, α=0.000, ‖θ[1:]‖₁=93.278, h_range=[1.00e-08, 1.17e+01], num_knots=1726
2025-09-01 15:30:51,086 - Iter 43060: obj=-907.212896, change=1.09e-05, α=0.000, ‖θ[1:]‖₁=93.278, h_range=[1.00e-08, 1.17e+01], num_knots=1726
2025-09-01 15:30:51,210 - Iter 43070: obj=-907.216132, change=1.09e-05, α=0.000, ‖θ[1:]‖₁=93.278, h_range=[1.00e-08, 1.17e+01], num_knots=1726
2025-09-01 15:30:51,339 - Iter 43080: obj=-907.219367, change=1.09e-05, α=0.000, ‖θ[1:]‖₁=93.278, h_range=[1.00e-08, 1.17e+01], num_knots=1726
2025-09-01 15:30:51,484 - Iter 43090: obj=-907.222602, change=1.09e-05, α=0.000, ‖θ[1:]‖₁=93.279, h_range=[1.00e-08, 1.17e+01], num_knots=1726
2025-09-01 15:30:51,623 - Iter 43100: obj=-907.225836, change=1.09e-05, α=0.000, ‖θ[1:]‖₁=93.279, h_range=[1.00e-08, 1.17e+01], num_knots=1726
2025-09-01 15:30:51,767 - Iter 43110: obj=-907.229070, change=1.09e-05, α=0.000, ‖θ[1:]‖₁=93.279, h_range=[1.00e-08, 1.17e+01], num_knots=1726
2025-09-01 15:30:51,887 - Iter 43120: obj=-907.232303, change=1.09e-05, α=0.000, ‖θ[1:]‖₁=93.280, h_range=[1.00e-08, 1.17e+01], num_knots=1726
2025-09-01 15:30:52,048 - Iter 43130: obj=-907.235536, change=1.09e-05, α=0.000, ‖θ[1:]‖₁=93.280, h_range=[1.00e-08, 1.17e+01], num_knots=1726
2025-09-01 15:30:52,156 - Iter 43140: obj=-907.238768, change=1.09e-05, α=0.000, ‖θ[1:]‖₁=93.280, h_range=[1.00e-08, 1.17e+01], num_knots=1726
2025-09-01 15:30:52,286 - Iter 43150: obj=-907.242000, change=1.09e-05, α=0.000, ‖θ[1:]‖₁=93.280, h_range=[1.00e-08, 1.17e+01], num_knots=1726
2025-09-01 15:30:52,387 - Iter 43160: obj=-907.245231, change=1.09e-05, α=0.000, ‖θ[1:]‖₁=93.281, h_range=[1.00e-08, 1.17e+01], num_knots=1726
2025-09-01 15:30:52,488 - Iter 43170: obj=-907.248462, change=1.09e-05, α=0.000, ‖θ[1:]‖₁=93.281, h_range=[1.00e-08, 1.17e+01], num_knots=1726
2025-09-01 15:30:52,605 - Iter 43180: obj=-907.251692, change=1.09e-05, α=0.000, ‖θ[1:]‖₁=93.281, h_range=[1.00e-08, 1.17e+01], num_knots=1726
2025-09-01 15:30:52,731 - Iter 43190: obj=-907.254922, change=1.09e-05, α=0.000, ‖θ[1:]‖₁=93.282, h_range=[1.00e-08, 1.17e+01], num_knots=1726
2025-09-01 15:30:52,840 - Iter 43200: obj=-907.258151, change=1.09e-05, α=0.000, ‖θ[1:]‖₁=93.282, h_range=[1.00e-08, 1.17e+01], num_knots=1726
2025-09-01 15:30:52,943 - Iter 43210: obj=-907.261380, change=1.09e-05, α=0.000, ‖θ[1:]‖₁=93.282, h_range=[1.00e-08, 1.17e+01], num_knots=1726
2025-09-01 15:30:53,074 - Iter 43220: obj=-907.264608, change=1.09e-05, α=0.000, ‖θ[1:]‖₁=93.282, h_range=[1.00e-08, 1.17e+01], num_knots=1726
2025-09-01 15:30:53,187 - Iter 43230: obj=-907.267836, change=1.09e-05, α=0.000, ‖θ[1:]‖₁=93.283, h_range=[1.00e-08, 1.17e+01], num_knots=1726
2025-09-01 15:30:53,305 - Iter 43240: obj=-907.271063, change=1.09e-05, α=0.000, ‖θ[1:]‖₁=93.283, h_range=[1.00e-08, 1.17e+01], num_knots=1726
2025-09-01 15:30:53,434 - Iter 43250: obj=-907.274290, change=1.09e-05, α=0.000, ‖θ[1:]‖₁=93.283, h_range=[1.00e-08, 1.17e+01], num_knots=1726
2025-09-01 15:30:53,564 - Iter 43260: obj=-907.277516, change=1.09e-05, α=0.000, ‖θ[1:]‖₁=93.283, h_range=[1.00e-08, 1.17e+01], num_knots=1726
2025-09-01 15:30:53,662 - Iter 43270: obj=-907.280742, change=1.09e-05, α=0.000, ‖θ[1:]‖₁=93.284, h_range=[1.00e-08, 1.17e+01], num_knots=1726
2025-09-01 15:30:53,764 - Iter 43280: obj=-907.283967, change=1.09e-05, α=0.000, ‖θ[1:]‖₁=93.284, h_range=[1.00e-08, 1.17e+01], num_knots=1726
2025-09-01 15:30:53,873 - Iter 43290: obj=-907.287192, change=1.09e-05, α=0.000, ‖θ[1:]‖₁=93.284, h_range=[1.00e-08, 1.17e+01], num_knots=1726
2025-09-01 15:30:53,975 - Iter 43300: obj=-907.290416, change=1.09e-05, α=0.000, ‖θ[1:]‖₁=93.285, h_range=[1.00e-08, 1.17e+01], num_knots=1726
2025-09-01 15:30:54,087 - Iter 43310: obj=-907.293639, change=1.09e-05, α=0.000, ‖θ[1:]‖₁=93.285, h_range=[1.00e-08, 1.17e+01], num_knots=1726
2025-09-01 15:30:54,181 - Iter 43320: obj=-907.296863, change=1.09e-05, α=0.000, ‖θ[1:]‖₁=93.285, h_range=[1.00e-08, 1.17e+01], num_knots=1726
2025-09-01 15:30:54,293 - Iter 43330: obj=-907.300085, change=1.09e-05, α=0.000, ‖θ[1:]‖₁=93.285, h_range=[1.00e-08, 1.17e+01], num_knots=1726
2025-09-01 15:30:54,397 - Iter 43340: obj=-907.303307, change=1.09e-05, α=0.000, ‖θ[1:]‖₁=93.286, h_range=[1.00e-08, 1.17e+01], num_knots=1726
2025-09-01 15:30:54,514 - Iter 43350: obj=-907.306529, change=1.09e-05, α=0.000, ‖θ[1:]‖₁=93.286, h_range=[1.00e-08, 1.17e+01], num_knots=1726
2025-09-01 15:30:54,621 - Iter 43360: obj=-907.309750, change=1.09e-05, α=0.000, ‖θ[1:]‖₁=93.286, h_range=[1.00e-08, 1.17e+01], num_knots=1726
2025-09-01 15:30:54,745 - Iter 43370: obj=-907.312971, change=1.09e-05, α=0.000, ‖θ[1:]‖₁=93.286, h_range=[1.00e-08, 1.17e+01], num_knots=1726
2025-09-01 15:30:54,880 - Iter 43380: obj=-907.316191, change=1.09e-05, α=0.000, ‖θ[1:]‖₁=93.287, h_range=[1.00e-08, 1.17e+01], num_knots=1726
2025-09-01 15:30:54,988 - Iter 43390: obj=-907.319411, change=1.09e-05, α=0.000, ‖θ[1:]‖₁=93.287, h_range=[1.00e-08, 1.17e+01], num_knots=1726
2025-09-01 15:30:55,123 - Iter 43400: obj=-907.322630, change=1.09e-05, α=0.000, ‖θ[1:]‖₁=93.287, h_range=[1.00e-08, 1.17e+01], num_knots=1726
2025-09-01 15:30:55,228 - Iter 43410: obj=-907.325849, change=1.09e-05, α=0.000, ‖θ[1:]‖₁=93.287, h_range=[1.00e-08, 1.17e+01], num_knots=1726
2025-09-01 15:30:55,341 - Iter 43420: obj=-907.329067, change=1.09e-05, α=0.000, ‖θ[1:]‖₁=93.288, h_range=[1.00e-08, 1.17e+01], num_knots=1725
2025-09-01 15:30:55,450 - Iter 43430: obj=-907.332284, change=1.09e-05, α=0.000, ‖θ[1:]‖₁=93.288, h_range=[1.00e-08, 1.17e+01], num_knots=1725
2025-09-01 15:30:55,556 - Iter 43440: obj=-907.335496, change=1.09e-05, α=0.000, ‖θ[1:]‖₁=93.288, h_range=[1.00e-08, 1.17e+01], num_knots=1724
2025-09-01 15:30:55,645 - Iter 43450: obj=-907.338706, change=1.09e-05, α=0.000, ‖θ[1:]‖₁=93.288, h_range=[1.00e-08, 1.17e+01], num_knots=1724
2025-09-01 15:30:55,764 - Iter 43460: obj=-907.341915, change=1.09e-05, α=0.000, ‖θ[1:]‖₁=93.289, h_range=[1.00e-08, 1.17e+01], num_knots=1724
2025-09-01 15:30:55,861 - Iter 43470: obj=-907.345123, change=1.09e-05, α=0.000, ‖θ[1:]‖₁=93.289, h_range=[1.00e-08, 1.17e+01], num_knots=1724
2025-09-01 15:30:55,983 - Iter 43480: obj=-907.348331, change=1.09e-05, α=0.000, ‖θ[1:]‖₁=93.289, h_range=[1.00e-08, 1.17e+01], num_knots=1724
2025-09-01 15:30:56,099 - Iter 43490: obj=-907.351538, change=1.09e-05, α=0.000, ‖θ[1:]‖₁=93.289, h_range=[1.00e-08, 1.17e+01], num_knots=1724
2025-09-01 15:30:56,220 - Iter 43500: obj=-907.354745, change=1.09e-05, α=0.000, ‖θ[1:]‖₁=93.290, h_range=[1.00e-08, 1.17e+01], num_knots=1724
2025-09-01 15:30:56,345 - Iter 43510: obj=-907.357951, change=1.09e-05, α=0.000, ‖θ[1:]‖₁=93.290, h_range=[1.00e-08, 1.17e+01], num_knots=1724
2025-09-01 15:30:56,463 - Iter 43520: obj=-907.361157, change=1.09e-05, α=0.000, ‖θ[1:]‖₁=93.290, h_range=[1.00e-08, 1.17e+01], num_knots=1724
2025-09-01 15:30:56,567 - Iter 43530: obj=-907.364363, change=1.09e-05, α=0.000, ‖θ[1:]‖₁=93.291, h_range=[1.00e-08, 1.17e+01], num_knots=1724
2025-09-01 15:30:56,670 - Iter 43540: obj=-907.367568, change=1.09e-05, α=0.000, ‖θ[1:]‖₁=93.291, h_range=[1.00e-08, 1.17e+01], num_knots=1724
2025-09-01 15:30:56,763 - Iter 43550: obj=-907.370772, change=1.09e-05, α=0.000, ‖θ[1:]‖₁=93.291, h_range=[1.00e-08, 1.17e+01], num_knots=1724
2025-09-01 15:30:56,873 - Iter 43560: obj=-907.373976, change=1.09e-05, α=0.000, ‖θ[1:]‖₁=93.291, h_range=[1.00e-08, 1.17e+01], num_knots=1724
2025-09-01 15:30:56,975 - Iter 43570: obj=-907.377179, change=1.09e-05, α=0.000, ‖θ[1:]‖₁=93.292, h_range=[1.00e-08, 1.17e+01], num_knots=1724
2025-09-01 15:30:57,078 - Iter 43580: obj=-907.380382, change=1.09e-05, α=0.000, ‖θ[1:]‖₁=93.292, h_range=[1.00e-08, 1.17e+01], num_knots=1724
2025-09-01 15:30:57,192 - Iter 43590: obj=-907.383585, change=1.09e-05, α=0.000, ‖θ[1:]‖₁=93.292, h_range=[1.00e-08, 1.17e+01], num_knots=1724
2025-09-01 15:30:57,316 - Iter 43600: obj=-907.386787, change=1.09e-05, α=0.000, ‖θ[1:]‖₁=93.292, h_range=[1.00e-08, 1.17e+01], num_knots=1724
2025-09-01 15:30:57,437 - Iter 43610: obj=-907.389988, change=1.09e-05, α=0.000, ‖θ[1:]‖₁=93.293, h_range=[1.00e-08, 1.17e+01], num_knots=1724
2025-09-01 15:30:57,518 - Iter 43620: obj=-907.393189, change=1.09e-05, α=0.000, ‖θ[1:]‖₁=93.293, h_range=[1.00e-08, 1.17e+01], num_knots=1724
2025-09-01 15:30:57,616 - Iter 43630: obj=-907.396389, change=1.09e-05, α=0.000, ‖θ[1:]‖₁=93.293, h_range=[1.00e-08, 1.17e+01], num_knots=1724
2025-09-01 15:30:57,737 - Iter 43640: obj=-907.399589, change=1.09e-05, α=0.000, ‖θ[1:]‖₁=93.293, h_range=[1.00e-08, 1.17e+01], num_knots=1724
2025-09-01 15:30:57,833 - Iter 43650: obj=-907.402789, change=1.09e-05, α=0.000, ‖θ[1:]‖₁=93.294, h_range=[1.00e-08, 1.17e+01], num_knots=1724
2025-09-01 15:30:57,931 - Iter 43660: obj=-907.405988, change=1.09e-05, α=0.000, ‖θ[1:]‖₁=93.294, h_range=[1.00e-08, 1.17e+01], num_knots=1724
2025-09-01 15:30:58,028 - Iter 43670: obj=-907.409186, change=1.09e-05, α=0.000, ‖θ[1:]‖₁=93.294, h_range=[1.00e-08, 1.17e+01], num_knots=1724
2025-09-01 15:30:58,127 - Iter 43680: obj=-907.412384, change=1.09e-05, α=0.000, ‖θ[1:]‖₁=93.294, h_range=[1.00e-08, 1.17e+01], num_knots=1724
2025-09-01 15:30:58,236 - Iter 43690: obj=-907.415582, change=1.09e-05, α=0.000, ‖θ[1:]‖₁=93.295, h_range=[1.00e-08, 1.17e+01], num_knots=1724
2025-09-01 15:30:58,344 - Iter 43700: obj=-907.418778, change=1.09e-05, α=0.000, ‖θ[1:]‖₁=93.295, h_range=[1.00e-08, 1.17e+01], num_knots=1723
2025-09-01 15:30:58,469 - Iter 43710: obj=-907.421974, change=1.09e-05, α=0.000, ‖θ[1:]‖₁=93.295, h_range=[1.00e-08, 1.17e+01], num_knots=1723
2025-09-01 15:30:58,551 - Iter 43720: obj=-907.425169, change=1.09e-05, α=0.000, ‖θ[1:]‖₁=93.295, h_range=[1.00e-08, 1.17e+01], num_knots=1723
2025-09-01 15:30:58,675 - Iter 43730: obj=-907.428364, change=1.09e-05, α=0.000, ‖θ[1:]‖₁=93.296, h_range=[1.00e-08, 1.17e+01], num_knots=1723
2025-09-01 15:30:58,773 - Iter 43740: obj=-907.431558, change=1.09e-05, α=0.000, ‖θ[1:]‖₁=93.296, h_range=[1.00e-08, 1.17e+01], num_knots=1723
2025-09-01 15:30:58,880 - Iter 43750: obj=-907.434752, change=1.09e-05, α=0.000, ‖θ[1:]‖₁=93.296, h_range=[1.00e-08, 1.17e+01], num_knots=1723
2025-09-01 15:30:58,992 - Iter 43760: obj=-907.437946, change=1.09e-05, α=0.000, ‖θ[1:]‖₁=93.296, h_range=[1.00e-08, 1.17e+01], num_knots=1723
2025-09-01 15:30:59,091 - Iter 43770: obj=-907.441138, change=1.09e-05, α=0.000, ‖θ[1:]‖₁=93.296, h_range=[1.00e-08, 1.17e+01], num_knots=1723
2025-09-01 15:30:59,179 - Iter 43780: obj=-907.444331, change=1.09e-05, α=0.000, ‖θ[1:]‖₁=93.297, h_range=[1.00e-08, 1.17e+01], num_knots=1723
2025-09-01 15:30:59,280 - Iter 43790: obj=-907.447523, change=1.09e-05, α=0.000, ‖θ[1:]‖₁=93.297, h_range=[1.00e-08, 1.17e+01], num_knots=1723
2025-09-01 15:30:59,371 - Iter 43800: obj=-907.450714, change=1.09e-05, α=0.000, ‖θ[1:]‖₁=93.297, h_range=[1.00e-08, 1.17e+01], num_knots=1723
2025-09-01 15:30:59,487 - Iter 43810: obj=-907.453905, change=1.09e-05, α=0.000, ‖θ[1:]‖₁=93.297, h_range=[1.00e-08, 1.17e+01], num_knots=1723
2025-09-01 15:30:59,614 - Iter 43820: obj=-907.457095, change=1.09e-05, α=0.000, ‖θ[1:]‖₁=93.298, h_range=[1.00e-08, 1.17e+01], num_knots=1723
2025-09-01 15:30:59,735 - Iter 43830: obj=-907.460285, change=1.09e-05, α=0.000, ‖θ[1:]‖₁=93.298, h_range=[1.00e-08, 1.17e+01], num_knots=1723
2025-09-01 15:30:59,857 - Iter 43840: obj=-907.463474, change=1.09e-05, α=0.000, ‖θ[1:]‖₁=93.298, h_range=[1.00e-08, 1.17e+01], num_knots=1723
2025-09-01 15:30:59,972 - Iter 43850: obj=-907.466663, change=1.09e-05, α=0.000, ‖θ[1:]‖₁=93.298, h_range=[1.00e-08, 1.17e+01], num_knots=1723
2025-09-01 15:31:00,089 - Iter 43860: obj=-907.469852, change=1.09e-05, α=0.000, ‖θ[1:]‖₁=93.299, h_range=[1.00e-08, 1.17e+01], num_knots=1723
2025-09-01 15:31:00,203 - Iter 43870: obj=-907.473040, change=1.09e-05, α=0.000, ‖θ[1:]‖₁=93.299, h_range=[1.00e-08, 1.17e+01], num_knots=1723
2025-09-01 15:31:00,303 - Iter 43880: obj=-907.476227, change=1.09e-05, α=0.000, ‖θ[1:]‖₁=93.299, h_range=[1.00e-08, 1.17e+01], num_knots=1723
2025-09-01 15:31:00,424 - Iter 43890: obj=-907.479414, change=1.09e-05, α=0.000, ‖θ[1:]‖₁=93.299, h_range=[1.00e-08, 1.17e+01], num_knots=1723
2025-09-01 15:31:00,525 - Iter 43900: obj=-907.482601, change=1.09e-05, α=0.000, ‖θ[1:]‖₁=93.299, h_range=[1.00e-08, 1.17e+01], num_knots=1723
2025-09-01 15:31:00,630 - Iter 43910: obj=-907.485787, change=1.09e-05, α=0.000, ‖θ[1:]‖₁=93.300, h_range=[1.00e-08, 1.17e+01], num_knots=1723
2025-09-01 15:31:00,728 - Iter 43920: obj=-907.488972, change=1.09e-05, α=0.000, ‖θ[1:]‖₁=93.300, h_range=[1.00e-08, 1.17e+01], num_knots=1723
2025-09-01 15:31:00,846 - Iter 43930: obj=-907.492157, change=1.09e-05, α=0.000, ‖θ[1:]‖₁=93.300, h_range=[1.00e-08, 1.17e+01], num_knots=1722
2025-09-01 15:31:00,959 - Iter 43940: obj=-907.495339, change=1.09e-05, α=0.000, ‖θ[1:]‖₁=93.300, h_range=[1.00e-08, 1.17e+01], num_knots=1721
2025-09-01 15:31:01,058 - Iter 43950: obj=-907.498519, change=1.09e-05, α=0.000, ‖θ[1:]‖₁=93.301, h_range=[1.00e-08, 1.17e+01], num_knots=1721
2025-09-01 15:31:01,181 - Iter 43960: obj=-907.501699, change=1.09e-05, α=0.000, ‖θ[1:]‖₁=93.301, h_range=[1.00e-08, 1.17e+01], num_knots=1721
2025-09-01 15:31:01,285 - Iter 43970: obj=-907.504877, change=1.09e-05, α=0.000, ‖θ[1:]‖₁=93.301, h_range=[1.00e-08, 1.17e+01], num_knots=1721
2025-09-01 15:31:01,379 - Iter 43980: obj=-907.508056, change=1.09e-05, α=0.000, ‖θ[1:]‖₁=93.301, h_range=[1.00e-08, 1.17e+01], num_knots=1721
2025-09-01 15:31:01,480 - Iter 43990: obj=-907.511234, change=1.09e-05, α=0.000, ‖θ[1:]‖₁=93.302, h_range=[1.00e-08, 1.17e+01], num_knots=1721
2025-09-01 15:31:01,590 - Iter 44000: obj=-907.514411, change=1.08e-05, α=0.000, ‖θ[1:]‖₁=93.302, h_range=[1.00e-08, 1.17e+01], num_knots=1721
2025-09-01 15:31:01,731 - Iter 44010: obj=-907.517588, change=1.08e-05, α=0.000, ‖θ[1:]‖₁=93.302, h_range=[1.00e-08, 1.17e+01], num_knots=1721
2025-09-01 15:31:01,862 - Iter 44020: obj=-907.520764, change=1.08e-05, α=0.000, ‖θ[1:]‖₁=93.302, h_range=[1.00e-08, 1.17e+01], num_knots=1721
2025-09-01 15:31:01,952 - Iter 44030: obj=-907.523940, change=1.08e-05, α=0.000, ‖θ[1:]‖₁=93.303, h_range=[1.00e-08, 1.17e+01], num_knots=1721
2025-09-01 15:31:02,067 - Iter 44040: obj=-907.527116, change=1.08e-05, α=0.000, ‖θ[1:]‖₁=93.303, h_range=[1.00e-08, 1.17e+01], num_knots=1721
2025-09-01 15:31:02,171 - Iter 44050: obj=-907.530291, change=1.08e-05, α=0.000, ‖θ[1:]‖₁=93.303, h_range=[1.00e-08, 1.17e+01], num_knots=1721
2025-09-01 15:31:02,276 - Iter 44060: obj=-907.533465, change=1.08e-05, α=0.000, ‖θ[1:]‖₁=93.303, h_range=[1.00e-08, 1.17e+01], num_knots=1721
2025-09-01 15:31:02,396 - Iter 44070: obj=-907.536639, change=1.08e-05, α=0.000, ‖θ[1:]‖₁=93.304, h_range=[1.00e-08, 1.17e+01], num_knots=1721
2025-09-01 15:31:02,508 - Iter 44080: obj=-907.539813, change=1.08e-05, α=0.000, ‖θ[1:]‖₁=93.304, h_range=[1.00e-08, 1.17e+01], num_knots=1721
2025-09-01 15:31:02,618 - Iter 44090: obj=-907.542986, change=1.08e-05, α=0.000, ‖θ[1:]‖₁=93.304, h_range=[1.00e-08, 1.17e+01], num_knots=1721
2025-09-01 15:31:02,730 - Iter 44100: obj=-907.546158, change=1.08e-05, α=0.000, ‖θ[1:]‖₁=93.304, h_range=[1.00e-08, 1.17e+01], num_knots=1721
2025-09-01 15:31:02,860 - Iter 44110: obj=-907.549330, change=1.08e-05, α=0.000, ‖θ[1:]‖₁=93.304, h_range=[1.00e-08, 1.17e+01], num_knots=1721
2025-09-01 15:31:02,990 - Iter 44120: obj=-907.552502, change=1.08e-05, α=0.000, ‖θ[1:]‖₁=93.305, h_range=[1.00e-08, 1.17e+01], num_knots=1721
2025-09-01 15:31:03,107 - Iter 44130: obj=-907.555673, change=1.08e-05, α=0.000, ‖θ[1:]‖₁=93.305, h_range=[1.00e-08, 1.17e+01], num_knots=1721
2025-09-01 15:31:03,217 - Iter 44140: obj=-907.558844, change=1.08e-05, α=0.000, ‖θ[1:]‖₁=93.305, h_range=[1.00e-08, 1.17e+01], num_knots=1721
2025-09-01 15:31:03,328 - Iter 44150: obj=-907.562014, change=1.08e-05, α=0.000, ‖θ[1:]‖₁=93.305, h_range=[1.00e-08, 1.17e+01], num_knots=1721
2025-09-01 15:31:03,436 - Iter 44160: obj=-907.565184, change=1.08e-05, α=0.000, ‖θ[1:]‖₁=93.306, h_range=[1.00e-08, 1.17e+01], num_knots=1721
2025-09-01 15:31:03,539 - Iter 44170: obj=-907.568353, change=1.08e-05, α=0.000, ‖θ[1:]‖₁=93.306, h_range=[1.00e-08, 1.17e+01], num_knots=1720
2025-09-01 15:31:03,643 - Iter 44180: obj=-907.571521, change=1.08e-05, α=0.000, ‖θ[1:]‖₁=93.306, h_range=[1.00e-08, 1.17e+01], num_knots=1720
2025-09-01 15:31:03,755 - Iter 44190: obj=-907.574689, change=1.08e-05, α=0.000, ‖θ[1:]‖₁=93.306, h_range=[1.00e-08, 1.17e+01], num_knots=1720
2025-09-01 15:31:03,897 - Iter 44200: obj=-907.577856, change=1.08e-05, α=0.000, ‖θ[1:]‖₁=93.307, h_range=[1.00e-08, 1.17e+01], num_knots=1720
2025-09-01 15:31:03,990 - Iter 44210: obj=-907.581022, change=1.08e-05, α=0.000, ‖θ[1:]‖₁=93.307, h_range=[1.00e-08, 1.17e+01], num_knots=1720
2025-09-01 15:31:04,100 - Iter 44220: obj=-907.584188, change=1.08e-05, α=0.000, ‖θ[1:]‖₁=93.307, h_range=[1.00e-08, 1.17e+01], num_knots=1720
2025-09-01 15:31:04,200 - Iter 44230: obj=-907.587354, change=1.08e-05, α=0.000, ‖θ[1:]‖₁=93.307, h_range=[1.00e-08, 1.17e+01], num_knots=1720
2025-09-01 15:31:04,305 - Iter 44240: obj=-907.590519, change=1.08e-05, α=0.000, ‖θ[1:]‖₁=93.307, h_range=[1.00e-08, 1.17e+01], num_knots=1720
2025-09-01 15:31:04,407 - Iter 44250: obj=-907.593678, change=1.08e-05, α=0.000, ‖θ[1:]‖₁=93.308, h_range=[1.00e-08, 1.17e+01], num_knots=1719
2025-09-01 15:31:04,526 - Iter 44260: obj=-907.596836, change=1.08e-05, α=0.000, ‖θ[1:]‖₁=93.308, h_range=[1.00e-08, 1.17e+01], num_knots=1719
2025-09-01 15:31:04,608 - Iter 44270: obj=-907.599993, change=1.08e-05, α=0.000, ‖θ[1:]‖₁=93.308, h_range=[1.00e-08, 1.17e+01], num_knots=1719
2025-09-01 15:31:04,721 - Iter 44280: obj=-907.603150, change=1.08e-05, α=0.000, ‖θ[1:]‖₁=93.308, h_range=[1.00e-08, 1.17e+01], num_knots=1719
2025-09-01 15:31:04,837 - Iter 44290: obj=-907.606306, change=1.08e-05, α=0.000, ‖θ[1:]‖₁=93.309, h_range=[1.00e-08, 1.17e+01], num_knots=1719
2025-09-01 15:31:04,966 - Iter 44300: obj=-907.609462, change=1.08e-05, α=0.000, ‖θ[1:]‖₁=93.309, h_range=[1.00e-08, 1.17e+01], num_knots=1719
2025-09-01 15:31:05,084 - Iter 44310: obj=-907.612618, change=1.08e-05, α=0.000, ‖θ[1:]‖₁=93.309, h_range=[1.00e-08, 1.17e+01], num_knots=1719
2025-09-01 15:31:05,188 - Iter 44320: obj=-907.615773, change=1.08e-05, α=0.000, ‖θ[1:]‖₁=93.309, h_range=[1.00e-08, 1.17e+01], num_knots=1719
2025-09-01 15:31:05,303 - Iter 44330: obj=-907.618927, change=1.08e-05, α=0.000, ‖θ[1:]‖₁=93.310, h_range=[1.00e-08, 1.17e+01], num_knots=1719
2025-09-01 15:31:05,451 - Iter 44340: obj=-907.622081, change=1.08e-05, α=0.000, ‖θ[1:]‖₁=93.310, h_range=[1.00e-08, 1.17e+01], num_knots=1719
2025-09-01 15:31:05,569 - Iter 44350: obj=-907.625235, change=1.08e-05, α=0.000, ‖θ[1:]‖₁=93.310, h_range=[1.00e-08, 1.17e+01], num_knots=1719
2025-09-01 15:31:05,678 - Iter 44360: obj=-907.628388, change=1.08e-05, α=0.000, ‖θ[1:]‖₁=93.310, h_range=[1.00e-08, 1.17e+01], num_knots=1719
2025-09-01 15:31:05,799 - Iter 44370: obj=-907.631541, change=1.08e-05, α=0.000, ‖θ[1:]‖₁=93.310, h_range=[1.00e-08, 1.17e+01], num_knots=1719
2025-09-01 15:31:05,927 - Iter 44380: obj=-907.634693, change=1.08e-05, α=0.000, ‖θ[1:]‖₁=93.311, h_range=[1.00e-08, 1.17e+01], num_knots=1719
2025-09-01 15:31:06,035 - Iter 44390: obj=-907.637844, change=1.08e-05, α=0.000, ‖θ[1:]‖₁=93.311, h_range=[1.00e-08, 1.17e+01], num_knots=1719
2025-09-01 15:31:06,181 - Iter 44400: obj=-907.640996, change=1.08e-05, α=0.000, ‖θ[1:]‖₁=93.311, h_range=[1.00e-08, 1.17e+01], num_knots=1719
2025-09-01 15:31:06,316 - Iter 44410: obj=-907.644146, change=1.08e-05, α=0.000, ‖θ[1:]‖₁=93.311, h_range=[1.00e-08, 1.17e+01], num_knots=1719
2025-09-01 15:31:06,451 - Iter 44420: obj=-907.647297, change=1.08e-05, α=0.000, ‖θ[1:]‖₁=93.312, h_range=[1.00e-08, 1.17e+01], num_knots=1719
2025-09-01 15:31:06,585 - Iter 44430: obj=-907.650446, change=1.08e-05, α=0.000, ‖θ[1:]‖₁=93.312, h_range=[1.00e-08, 1.17e+01], num_knots=1719
2025-09-01 15:31:06,718 - Iter 44440: obj=-907.653596, change=1.08e-05, α=0.000, ‖θ[1:]‖₁=93.312, h_range=[1.00e-08, 1.17e+01], num_knots=1719
2025-09-01 15:31:06,835 - Iter 44450: obj=-907.656745, change=1.08e-05, α=0.000, ‖θ[1:]‖₁=93.312, h_range=[1.00e-08, 1.17e+01], num_knots=1719
2025-09-01 15:31:06,960 - Iter 44460: obj=-907.659893, change=1.08e-05, α=0.000, ‖θ[1:]‖₁=93.312, h_range=[1.00e-08, 1.17e+01], num_knots=1719
2025-09-01 15:31:07,104 - Iter 44470: obj=-907.663041, change=1.08e-05, α=0.000, ‖θ[1:]‖₁=93.313, h_range=[1.00e-08, 1.17e+01], num_knots=1719
2025-09-01 15:31:07,217 - Iter 44480: obj=-907.666188, change=1.08e-05, α=0.000, ‖θ[1:]‖₁=93.313, h_range=[1.00e-08, 1.17e+01], num_knots=1719
2025-09-01 15:31:07,344 - Iter 44490: obj=-907.669335, change=1.08e-05, α=0.000, ‖θ[1:]‖₁=93.313, h_range=[1.00e-08, 1.17e+01], num_knots=1719
2025-09-01 15:31:07,455 - Iter 44500: obj=-907.672482, change=1.08e-05, α=0.000, ‖θ[1:]‖₁=93.313, h_range=[1.00e-08, 1.17e+01], num_knots=1719
2025-09-01 15:31:07,539 - Iter 44510: obj=-907.675628, change=1.08e-05, α=0.000, ‖θ[1:]‖₁=93.313, h_range=[1.00e-08, 1.17e+01], num_knots=1719
2025-09-01 15:31:07,641 - Iter 44520: obj=-907.678773, change=1.08e-05, α=0.000, ‖θ[1:]‖₁=93.314, h_range=[1.00e-08, 1.17e+01], num_knots=1719
2025-09-01 15:31:07,756 - Iter 44530: obj=-907.681919, change=1.08e-05, α=0.000, ‖θ[1:]‖₁=93.314, h_range=[1.00e-08, 1.17e+01], num_knots=1719
2025-09-01 15:31:07,883 - Iter 44540: obj=-907.685063, change=1.08e-05, α=0.000, ‖θ[1:]‖₁=93.314, h_range=[1.00e-08, 1.17e+01], num_knots=1719
2025-09-01 15:31:07,999 - Iter 44550: obj=-907.688207, change=1.08e-05, α=0.000, ‖θ[1:]‖₁=93.314, h_range=[1.00e-08, 1.17e+01], num_knots=1719
2025-09-01 15:31:08,108 - Iter 44560: obj=-907.691351, change=1.08e-05, α=0.000, ‖θ[1:]‖₁=93.315, h_range=[1.00e-08, 1.17e+01], num_knots=1719
2025-09-01 15:31:08,201 - Iter 44570: obj=-907.694494, change=1.08e-05, α=0.000, ‖θ[1:]‖₁=93.315, h_range=[1.00e-08, 1.17e+01], num_knots=1719
2025-09-01 15:31:08,297 - Iter 44580: obj=-907.697637, change=1.08e-05, α=0.000, ‖θ[1:]‖₁=93.315, h_range=[1.00e-08, 1.17e+01], num_knots=1719
2025-09-01 15:31:08,395 - Iter 44590: obj=-907.700779, change=1.08e-05, α=0.000, ‖θ[1:]‖₁=93.315, h_range=[1.00e-08, 1.17e+01], num_knots=1719
2025-09-01 15:31:08,494 - Iter 44600: obj=-907.703921, change=1.08e-05, α=0.000, ‖θ[1:]‖₁=93.315, h_range=[1.00e-08, 1.17e+01], num_knots=1719
2025-09-01 15:31:08,606 - Iter 44610: obj=-907.707063, change=1.08e-05, α=0.000, ‖θ[1:]‖₁=93.316, h_range=[1.00e-08, 1.17e+01], num_knots=1718
2025-09-01 15:31:08,721 - Iter 44620: obj=-907.710203, change=1.08e-05, α=0.000, ‖θ[1:]‖₁=93.316, h_range=[1.00e-08, 1.17e+01], num_knots=1717
2025-09-01 15:31:08,841 - Iter 44630: obj=-907.713343, change=1.08e-05, α=0.000, ‖θ[1:]‖₁=93.316, h_range=[1.00e-08, 1.17e+01], num_knots=1717
2025-09-01 15:31:08,948 - Iter 44640: obj=-907.716483, change=1.08e-05, α=0.000, ‖θ[1:]‖₁=93.316, h_range=[1.00e-08, 1.17e+01], num_knots=1717
2025-09-01 15:31:09,051 - Iter 44650: obj=-907.719622, change=1.08e-05, α=0.000, ‖θ[1:]‖₁=93.316, h_range=[1.00e-08, 1.17e+01], num_knots=1717
2025-09-01 15:31:09,170 - Iter 44660: obj=-907.722760, change=1.08e-05, α=0.000, ‖θ[1:]‖₁=93.317, h_range=[1.00e-08, 1.17e+01], num_knots=1717
2025-09-01 15:31:09,308 - Iter 44670: obj=-907.725898, change=1.08e-05, α=0.000, ‖θ[1:]‖₁=93.317, h_range=[1.00e-08, 1.17e+01], num_knots=1717
2025-09-01 15:31:09,470 - Iter 44680: obj=-907.729036, change=1.08e-05, α=0.000, ‖θ[1:]‖₁=93.317, h_range=[1.00e-08, 1.17e+01], num_knots=1717
2025-09-01 15:31:09,595 - Iter 44690: obj=-907.732173, change=1.08e-05, α=0.000, ‖θ[1:]‖₁=93.317, h_range=[1.00e-08, 1.17e+01], num_knots=1716
2025-09-01 15:31:09,700 - Iter 44700: obj=-907.735309, change=1.08e-05, α=0.000, ‖θ[1:]‖₁=93.317, h_range=[1.00e-08, 1.17e+01], num_knots=1716
2025-09-01 15:31:09,812 - Iter 44710: obj=-907.738444, change=1.08e-05, α=0.000, ‖θ[1:]‖₁=93.318, h_range=[1.00e-08, 1.17e+01], num_knots=1716
2025-09-01 15:31:09,932 - Iter 44720: obj=-907.741579, change=1.08e-05, α=0.000, ‖θ[1:]‖₁=93.318, h_range=[1.00e-08, 1.17e+01], num_knots=1716
2025-09-01 15:31:10,063 - Iter 44730: obj=-907.744714, change=1.08e-05, α=0.000, ‖θ[1:]‖₁=93.318, h_range=[1.00e-08, 1.17e+01], num_knots=1716
2025-09-01 15:31:10,182 - Iter 44740: obj=-907.747848, change=1.08e-05, α=0.000, ‖θ[1:]‖₁=93.318, h_range=[1.00e-08, 1.17e+01], num_knots=1716
2025-09-01 15:31:10,290 - Iter 44750: obj=-907.750982, change=1.08e-05, α=0.000, ‖θ[1:]‖₁=93.318, h_range=[1.00e-08, 1.17e+01], num_knots=1716
2025-09-01 15:31:10,417 - Iter 44760: obj=-907.754115, change=1.08e-05, α=0.000, ‖θ[1:]‖₁=93.318, h_range=[1.00e-08, 1.17e+01], num_knots=1716
2025-09-01 15:31:10,532 - Iter 44770: obj=-907.757248, change=1.08e-05, α=0.000, ‖θ[1:]‖₁=93.319, h_range=[1.00e-08, 1.17e+01], num_knots=1716
2025-09-01 15:31:10,641 - Iter 44780: obj=-907.760380, change=1.08e-05, α=0.000, ‖θ[1:]‖₁=93.319, h_range=[1.00e-08, 1.17e+01], num_knots=1715
2025-09-01 15:31:10,764 - Iter 44790: obj=-907.763511, change=1.08e-05, α=0.000, ‖θ[1:]‖₁=93.319, h_range=[1.00e-08, 1.17e+01], num_knots=1715
2025-09-01 15:31:10,877 - Iter 44800: obj=-907.766642, change=1.08e-05, α=0.000, ‖θ[1:]‖₁=93.319, h_range=[1.00e-08, 1.17e+01], num_knots=1715
2025-09-01 15:31:10,993 - Iter 44810: obj=-907.769772, change=1.08e-05, α=0.000, ‖θ[1:]‖₁=93.319, h_range=[1.00e-08, 1.17e+01], num_knots=1715
2025-09-01 15:31:11,104 - Iter 44820: obj=-907.772902, change=1.08e-05, α=0.000, ‖θ[1:]‖₁=93.320, h_range=[1.00e-08, 1.17e+01], num_knots=1715
2025-09-01 15:31:11,218 - Iter 44830: obj=-907.776031, change=1.08e-05, α=0.000, ‖θ[1:]‖₁=93.320, h_range=[1.00e-08, 1.17e+01], num_knots=1715
2025-09-01 15:31:11,312 - Iter 44840: obj=-907.779160, change=1.08e-05, α=0.000, ‖θ[1:]‖₁=93.320, h_range=[1.00e-08, 1.17e+01], num_knots=1715
2025-09-01 15:31:11,407 - Iter 44850: obj=-907.782288, change=1.08e-05, α=0.000, ‖θ[1:]‖₁=93.320, h_range=[1.00e-08, 1.17e+01], num_knots=1715
2025-09-01 15:31:11,520 - Iter 44860: obj=-907.785416, change=1.08e-05, α=0.000, ‖θ[1:]‖₁=93.320, h_range=[1.00e-08, 1.17e+01], num_knots=1715
2025-09-01 15:31:11,620 - Iter 44870: obj=-907.788543, change=1.08e-05, α=0.000, ‖θ[1:]‖₁=93.321, h_range=[1.00e-08, 1.17e+01], num_knots=1715
2025-09-01 15:31:11,705 - Iter 44880: obj=-907.791670, change=1.08e-05, α=0.000, ‖θ[1:]‖₁=93.321, h_range=[1.00e-08, 1.17e+01], num_knots=1715
2025-09-01 15:31:11,813 - Iter 44890: obj=-907.794797, change=1.08e-05, α=0.000, ‖θ[1:]‖₁=93.321, h_range=[1.00e-08, 1.17e+01], num_knots=1715
2025-09-01 15:31:11,942 - Iter 44900: obj=-907.797923, change=1.08e-05, α=0.000, ‖θ[1:]‖₁=93.321, h_range=[1.00e-08, 1.17e+01], num_knots=1715
2025-09-01 15:31:12,052 - Iter 44910: obj=-907.801049, change=1.08e-05, α=0.000, ‖θ[1:]‖₁=93.321, h_range=[1.00e-08, 1.17e+01], num_knots=1715
2025-09-01 15:31:12,150 - Iter 44920: obj=-907.804174, change=1.08e-05, α=0.000, ‖θ[1:]‖₁=93.321, h_range=[1.00e-08, 1.17e+01], num_knots=1715
2025-09-01 15:31:12,324 - Iter 44930: obj=-907.807299, change=1.08e-05, α=0.000, ‖θ[1:]‖₁=93.322, h_range=[1.00e-08, 1.17e+01], num_knots=1715
2025-09-01 15:31:12,628 - Iter 44940: obj=-907.810423, change=1.08e-05, α=0.000, ‖θ[1:]‖₁=93.322, h_range=[1.00e-08, 1.17e+01], num_knots=1715
2025-09-01 15:31:12,765 - Iter 44950: obj=-907.813547, change=1.08e-05, α=0.000, ‖θ[1:]‖₁=93.322, h_range=[1.00e-08, 1.17e+01], num_knots=1715
2025-09-01 15:31:12,897 - Iter 44960: obj=-907.816670, change=1.08e-05, α=0.000, ‖θ[1:]‖₁=93.322, h_range=[1.00e-08, 1.17e+01], num_knots=1715
2025-09-01 15:31:13,034 - Iter 44970: obj=-907.819793, change=1.08e-05, α=0.000, ‖θ[1:]‖₁=93.322, h_range=[1.00e-08, 1.17e+01], num_knots=1715
2025-09-01 15:31:13,123 - Iter 44980: obj=-907.822915, change=1.08e-05, α=0.000, ‖θ[1:]‖₁=93.322, h_range=[1.00e-08, 1.17e+01], num_knots=1715
2025-09-01 15:31:13,219 - Iter 44990: obj=-907.826037, change=1.08e-05, α=0.000, ‖θ[1:]‖₁=93.323, h_range=[1.00e-08, 1.17e+01], num_knots=1715
2025-09-01 15:31:13,342 - Iter 45000: obj=-907.829159, change=1.08e-05, α=0.000, ‖θ[1:]‖₁=93.323, h_range=[1.00e-08, 1.17e+01], num_knots=1715
2025-09-01 15:31:13,447 - Iter 45010: obj=-907.832280, change=1.08e-05, α=0.000, ‖θ[1:]‖₁=93.323, h_range=[1.00e-08, 1.17e+01], num_knots=1715
2025-09-01 15:31:13,566 - Iter 45020: obj=-907.835400, change=1.08e-05, α=0.000, ‖θ[1:]‖₁=93.323, h_range=[1.00e-08, 1.17e+01], num_knots=1715
2025-09-01 15:31:13,666 - Iter 45030: obj=-907.838521, change=1.08e-05, α=0.000, ‖θ[1:]‖₁=93.323, h_range=[1.00e-08, 1.17e+01], num_knots=1715
2025-09-01 15:31:13,792 - Iter 45040: obj=-907.841640, change=1.08e-05, α=0.000, ‖θ[1:]‖₁=93.323, h_range=[1.00e-08, 1.17e+01], num_knots=1715
2025-09-01 15:31:13,925 - Iter 45050: obj=-907.844759, change=1.08e-05, α=0.000, ‖θ[1:]‖₁=93.324, h_range=[1.00e-08, 1.17e+01], num_knots=1715
2025-09-01 15:31:14,037 - Iter 45060: obj=-907.847878, change=1.08e-05, α=0.000, ‖θ[1:]‖₁=93.324, h_range=[1.00e-08, 1.17e+01], num_knots=1715
2025-09-01 15:31:14,137 - Iter 45070: obj=-907.850997, change=1.08e-05, α=0.000, ‖θ[1:]‖₁=93.324, h_range=[1.00e-08, 1.17e+01], num_knots=1715
2025-09-01 15:31:14,244 - Iter 45080: obj=-907.854114, change=1.08e-05, α=0.000, ‖θ[1:]‖₁=93.324, h_range=[1.00e-08, 1.17e+01], num_knots=1715
2025-09-01 15:31:14,344 - Iter 45090: obj=-907.857232, change=1.08e-05, α=0.000, ‖θ[1:]‖₁=93.324, h_range=[1.00e-08, 1.17e+01], num_knots=1715
2025-09-01 15:31:14,446 - Iter 45100: obj=-907.860349, change=1.08e-05, α=0.000, ‖θ[1:]‖₁=93.324, h_range=[1.00e-08, 1.17e+01], num_knots=1715
2025-09-01 15:31:14,564 - Iter 45110: obj=-907.863465, change=1.08e-05, α=0.000, ‖θ[1:]‖₁=93.325, h_range=[1.00e-08, 1.17e+01], num_knots=1715
2025-09-01 15:31:14,663 - Iter 45120: obj=-907.866581, change=1.08e-05, α=0.000, ‖θ[1:]‖₁=93.325, h_range=[1.00e-08, 1.17e+01], num_knots=1715
2025-09-01 15:31:14,790 - Iter 45130: obj=-907.869697, change=1.08e-05, α=0.000, ‖θ[1:]‖₁=93.325, h_range=[1.00e-08, 1.17e+01], num_knots=1715
2025-09-01 15:31:14,905 - Iter 45140: obj=-907.872812, change=1.08e-05, α=0.000, ‖θ[1:]‖₁=93.325, h_range=[1.00e-08, 1.17e+01], num_knots=1715
2025-09-01 15:31:15,022 - Iter 45150: obj=-907.875927, change=1.08e-05, α=0.000, ‖θ[1:]‖₁=93.325, h_range=[1.00e-08, 1.17e+01], num_knots=1715
2025-09-01 15:31:15,145 - Iter 45160: obj=-907.879041, change=1.07e-05, α=0.000, ‖θ[1:]‖₁=93.325, h_range=[1.00e-08, 1.17e+01], num_knots=1715
2025-09-01 15:31:15,253 - Iter 45170: obj=-907.882155, change=1.07e-05, α=0.000, ‖θ[1:]‖₁=93.325, h_range=[1.00e-08, 1.17e+01], num_knots=1715
2025-09-01 15:31:15,378 - Iter 45180: obj=-907.885268, change=1.07e-05, α=0.000, ‖θ[1:]‖₁=93.326, h_range=[1.00e-08, 1.17e+01], num_knots=1715
2025-09-01 15:31:15,517 - Iter 45190: obj=-907.888381, change=1.07e-05, α=0.000, ‖θ[1:]‖₁=93.326, h_range=[1.00e-08, 1.17e+01], num_knots=1715
2025-09-01 15:31:15,699 - Iter 45200: obj=-907.891494, change=1.07e-05, α=0.000, ‖θ[1:]‖₁=93.326, h_range=[1.00e-08, 1.17e+01], num_knots=1715
2025-09-01 15:31:15,836 - Iter 45210: obj=-907.894606, change=1.07e-05, α=0.000, ‖θ[1:]‖₁=93.326, h_range=[1.00e-08, 1.17e+01], num_knots=1715
2025-09-01 15:31:15,954 - Iter 45220: obj=-907.897717, change=1.07e-05, α=0.000, ‖θ[1:]‖₁=93.326, h_range=[1.00e-08, 1.17e+01], num_knots=1715
2025-09-01 15:31:16,059 - Iter 45230: obj=-907.900828, change=1.07e-05, α=0.000, ‖θ[1:]‖₁=93.326, h_range=[1.00e-08, 1.17e+01], num_knots=1715
2025-09-01 15:31:16,185 - Iter 45240: obj=-907.903939, change=1.07e-05, α=0.000, ‖θ[1:]‖₁=93.327, h_range=[1.00e-08, 1.17e+01], num_knots=1715
2025-09-01 15:31:16,297 - Iter 45250: obj=-907.907049, change=1.07e-05, α=0.000, ‖θ[1:]‖₁=93.327, h_range=[1.00e-08, 1.17e+01], num_knots=1715
2025-09-01 15:31:16,425 - Iter 45260: obj=-907.910159, change=1.07e-05, α=0.000, ‖θ[1:]‖₁=93.327, h_range=[1.00e-08, 1.17e+01], num_knots=1715
2025-09-01 15:31:16,532 - Iter 45270: obj=-907.913268, change=1.07e-05, α=0.000, ‖θ[1:]‖₁=93.327, h_range=[1.00e-08, 1.17e+01], num_knots=1715
2025-09-01 15:31:16,657 - Iter 45280: obj=-907.916377, change=1.07e-05, α=0.000, ‖θ[1:]‖₁=93.327, h_range=[1.00e-08, 1.17e+01], num_knots=1715
2025-09-01 15:31:16,807 - Iter 45290: obj=-907.919486, change=1.07e-05, α=0.000, ‖θ[1:]‖₁=93.327, h_range=[1.00e-08, 1.17e+01], num_knots=1715
2025-09-01 15:31:16,948 - Iter 45300: obj=-907.922594, change=1.07e-05, α=0.000, ‖θ[1:]‖₁=93.327, h_range=[1.00e-08, 1.17e+01], num_knots=1715
2025-09-01 15:31:17,077 - Iter 45310: obj=-907.925701, change=1.07e-05, α=0.000, ‖θ[1:]‖₁=93.328, h_range=[1.00e-08, 1.17e+01], num_knots=1715
2025-09-01 15:31:17,203 - Iter 45320: obj=-907.928808, change=1.07e-05, α=0.000, ‖θ[1:]‖₁=93.328, h_range=[1.00e-08, 1.17e+01], num_knots=1715
2025-09-01 15:31:17,318 - Iter 45330: obj=-907.931915, change=1.07e-05, α=0.000, ‖θ[1:]‖₁=93.328, h_range=[1.00e-08, 1.17e+01], num_knots=1715
2025-09-01 15:31:17,419 - Iter 45340: obj=-907.935021, change=1.07e-05, α=0.000, ‖θ[1:]‖₁=93.328, h_range=[1.00e-08, 1.17e+01], num_knots=1715
2025-09-01 15:31:17,532 - Iter 45350: obj=-907.938127, change=1.07e-05, α=0.000, ‖θ[1:]‖₁=93.328, h_range=[1.00e-08, 1.17e+01], num_knots=1715
2025-09-01 15:31:17,638 - Iter 45360: obj=-907.941232, change=1.07e-05, α=0.000, ‖θ[1:]‖₁=93.328, h_range=[1.00e-08, 1.17e+01], num_knots=1715
2025-09-01 15:31:17,752 - Iter 45370: obj=-907.944337, change=1.07e-05, α=0.000, ‖θ[1:]‖₁=93.328, h_range=[1.00e-08, 1.17e+01], num_knots=1715
2025-09-01 15:31:17,887 - Iter 45380: obj=-907.947441, change=1.07e-05, α=0.000, ‖θ[1:]‖₁=93.328, h_range=[1.00e-08, 1.17e+01], num_knots=1715
2025-09-01 15:31:17,988 - Iter 45390: obj=-907.950545, change=1.07e-05, α=0.000, ‖θ[1:]‖₁=93.329, h_range=[1.00e-08, 1.17e+01], num_knots=1715
2025-09-01 15:31:18,101 - Iter 45400: obj=-907.953649, change=1.07e-05, α=0.000, ‖θ[1:]‖₁=93.329, h_range=[1.00e-08, 1.17e+01], num_knots=1715
2025-09-01 15:31:18,239 - Iter 45410: obj=-907.956752, change=1.07e-05, α=0.000, ‖θ[1:]‖₁=93.329, h_range=[1.00e-08, 1.17e+01], num_knots=1715
2025-09-01 15:31:18,366 - Iter 45420: obj=-907.959855, change=1.07e-05, α=0.000, ‖θ[1:]‖₁=93.329, h_range=[1.00e-08, 1.17e+01], num_knots=1715
2025-09-01 15:31:18,490 - Iter 45430: obj=-907.962957, change=1.07e-05, α=0.000, ‖θ[1:]‖₁=93.329, h_range=[1.00e-08, 1.17e+01], num_knots=1715
2025-09-01 15:31:18,617 - Iter 45440: obj=-907.966058, change=1.07e-05, α=0.000, ‖θ[1:]‖₁=93.329, h_range=[1.00e-08, 1.17e+01], num_knots=1715
2025-09-01 15:31:18,733 - Iter 45450: obj=-907.969160, change=1.07e-05, α=0.000, ‖θ[1:]‖₁=93.329, h_range=[1.00e-08, 1.17e+01], num_knots=1715
2025-09-01 15:31:18,837 - Iter 45460: obj=-907.972261, change=1.07e-05, α=0.000, ‖θ[1:]‖₁=93.330, h_range=[1.00e-08, 1.17e+01], num_knots=1715
2025-09-01 15:31:18,951 - Iter 45470: obj=-907.975361, change=1.07e-05, α=0.000, ‖θ[1:]‖₁=93.330, h_range=[1.00e-08, 1.17e+01], num_knots=1715
2025-09-01 15:31:19,051 - Iter 45480: obj=-907.978461, change=1.07e-05, α=0.000, ‖θ[1:]‖₁=93.330, h_range=[1.00e-08, 1.17e+01], num_knots=1715
2025-09-01 15:31:19,169 - Iter 45490: obj=-907.981560, change=1.07e-05, α=0.000, ‖θ[1:]‖₁=93.330, h_range=[1.00e-08, 1.17e+01], num_knots=1715
2025-09-01 15:31:19,273 - Iter 45500: obj=-907.984659, change=1.07e-05, α=0.000, ‖θ[1:]‖₁=93.330, h_range=[1.00e-08, 1.17e+01], num_knots=1715
2025-09-01 15:31:19,372 - Iter 45510: obj=-907.987758, change=1.07e-05, α=0.000, ‖θ[1:]‖₁=93.330, h_range=[1.00e-08, 1.17e+01], num_knots=1715
2025-09-01 15:31:19,471 - Iter 45520: obj=-907.990856, change=1.07e-05, α=0.000, ‖θ[1:]‖₁=93.330, h_range=[1.00e-08, 1.17e+01], num_knots=1715
2025-09-01 15:31:19,625 - Iter 45530: obj=-907.993954, change=1.07e-05, α=0.000, ‖θ[1:]‖₁=93.330, h_range=[1.00e-08, 1.17e+01], num_knots=1715
2025-09-01 15:31:19,724 - Iter 45540: obj=-907.997051, change=1.07e-05, α=0.000, ‖θ[1:]‖₁=93.331, h_range=[1.00e-08, 1.17e+01], num_knots=1715
2025-09-01 15:31:19,876 - Iter 45550: obj=-908.000148, change=1.07e-05, α=0.000, ‖θ[1:]‖₁=93.331, h_range=[1.00e-08, 1.17e+01], num_knots=1715
2025-09-01 15:31:19,964 - Iter 45560: obj=-908.003245, change=1.07e-05, α=0.000, ‖θ[1:]‖₁=93.331, h_range=[1.00e-08, 1.17e+01], num_knots=1715
2025-09-01 15:31:20,075 - Iter 45570: obj=-908.006341, change=1.07e-05, α=0.000, ‖θ[1:]‖₁=93.331, h_range=[1.00e-08, 1.17e+01], num_knots=1715
2025-09-01 15:31:20,217 - Iter 45580: obj=-908.009436, change=1.07e-05, α=0.000, ‖θ[1:]‖₁=93.331, h_range=[1.00e-08, 1.17e+01], num_knots=1715
2025-09-01 15:31:20,333 - Iter 45590: obj=-908.012531, change=1.07e-05, α=0.000, ‖θ[1:]‖₁=93.331, h_range=[1.00e-08, 1.17e+01], num_knots=1715
2025-09-01 15:31:20,465 - Iter 45600: obj=-908.015626, change=1.07e-05, α=0.000, ‖θ[1:]‖₁=93.331, h_range=[1.00e-08, 1.17e+01], num_knots=1715
2025-09-01 15:31:20,562 - Iter 45610: obj=-908.018720, change=1.07e-05, α=0.000, ‖θ[1:]‖₁=93.331, h_range=[1.00e-08, 1.17e+01], num_knots=1715
2025-09-01 15:31:20,694 - Iter 45620: obj=-908.021814, change=1.07e-05, α=0.000, ‖θ[1:]‖₁=93.331, h_range=[1.00e-08, 1.17e+01], num_knots=1715
2025-09-01 15:31:20,804 - Iter 45630: obj=-908.024907, change=1.07e-05, α=0.000, ‖θ[1:]‖₁=93.332, h_range=[1.00e-08, 1.17e+01], num_knots=1715
2025-09-01 15:31:20,908 - Iter 45640: obj=-908.028000, change=1.07e-05, α=0.000, ‖θ[1:]‖₁=93.332, h_range=[1.00e-08, 1.17e+01], num_knots=1715
2025-09-01 15:31:21,040 - Iter 45650: obj=-908.031092, change=1.07e-05, α=0.000, ‖θ[1:]‖₁=93.332, h_range=[1.00e-08, 1.17e+01], num_knots=1715
2025-09-01 15:31:21,140 - Iter 45660: obj=-908.034185, change=1.07e-05, α=0.000, ‖θ[1:]‖₁=93.332, h_range=[1.00e-08, 1.17e+01], num_knots=1715
2025-09-01 15:31:21,271 - Iter 45670: obj=-908.037276, change=1.07e-05, α=0.000, ‖θ[1:]‖₁=93.332, h_range=[1.00e-08, 1.17e+01], num_knots=1715
2025-09-01 15:31:21,385 - Iter 45680: obj=-908.040367, change=1.07e-05, α=0.000, ‖θ[1:]‖₁=93.332, h_range=[1.00e-08, 1.17e+01], num_knots=1715
2025-09-01 15:31:21,542 - Iter 45690: obj=-908.043458, change=1.07e-05, α=0.000, ‖θ[1:]‖₁=93.332, h_range=[1.00e-08, 1.17e+01], num_knots=1715
2025-09-01 15:31:21,654 - Iter 45700: obj=-908.046548, change=1.07e-05, α=0.000, ‖θ[1:]‖₁=93.332, h_range=[1.00e-08, 1.17e+01], num_knots=1715
2025-09-01 15:31:21,777 - Iter 45710: obj=-908.049638, change=1.07e-05, α=0.000, ‖θ[1:]‖₁=93.332, h_range=[1.00e-08, 1.17e+01], num_knots=1715
2025-09-01 15:31:21,877 - Iter 45720: obj=-908.052727, change=1.07e-05, α=0.000, ‖θ[1:]‖₁=93.333, h_range=[1.00e-08, 1.17e+01], num_knots=1715
2025-09-01 15:31:21,974 - Iter 45730: obj=-908.055816, change=1.07e-05, α=0.000, ‖θ[1:]‖₁=93.333, h_range=[1.00e-08, 1.17e+01], num_knots=1715
2025-09-01 15:31:22,084 - Iter 45740: obj=-908.058905, change=1.07e-05, α=0.000, ‖θ[1:]‖₁=93.333, h_range=[1.00e-08, 1.17e+01], num_knots=1715
2025-09-01 15:31:22,212 - Iter 45750: obj=-908.061993, change=1.07e-05, α=0.000, ‖θ[1:]‖₁=93.333, h_range=[1.00e-08, 1.17e+01], num_knots=1715
2025-09-01 15:31:22,307 - Iter 45760: obj=-908.065080, change=1.07e-05, α=0.000, ‖θ[1:]‖₁=93.333, h_range=[1.00e-08, 1.17e+01], num_knots=1715
2025-09-01 15:31:22,422 - Iter 45770: obj=-908.068168, change=1.07e-05, α=0.000, ‖θ[1:]‖₁=93.333, h_range=[1.00e-08, 1.17e+01], num_knots=1715
2025-09-01 15:31:22,524 - Iter 45780: obj=-908.071254, change=1.07e-05, α=0.000, ‖θ[1:]‖₁=93.333, h_range=[1.00e-08, 1.17e+01], num_knots=1715
2025-09-01 15:31:22,610 - Iter 45790: obj=-908.074341, change=1.07e-05, α=0.000, ‖θ[1:]‖₁=93.333, h_range=[1.00e-08, 1.17e+01], num_knots=1715
2025-09-01 15:31:22,718 - Iter 45800: obj=-908.077427, change=1.07e-05, α=0.000, ‖θ[1:]‖₁=93.333, h_range=[1.00e-08, 1.17e+01], num_knots=1715
2025-09-01 15:31:22,828 - Iter 45810: obj=-908.080512, change=1.07e-05, α=0.000, ‖θ[1:]‖₁=93.333, h_range=[1.00e-08, 1.17e+01], num_knots=1715
2025-09-01 15:31:22,940 - Iter 45820: obj=-908.083597, change=1.07e-05, α=0.000, ‖θ[1:]‖₁=93.334, h_range=[1.00e-08, 1.17e+01], num_knots=1715
2025-09-01 15:31:23,031 - Iter 45830: obj=-908.086682, change=1.07e-05, α=0.000, ‖θ[1:]‖₁=93.334, h_range=[1.00e-08, 1.17e+01], num_knots=1715
2025-09-01 15:31:23,131 - Iter 45840: obj=-908.089766, change=1.07e-05, α=0.000, ‖θ[1:]‖₁=93.334, h_range=[1.00e-08, 1.17e+01], num_knots=1715
2025-09-01 15:31:23,229 - Iter 45850: obj=-908.092849, change=1.07e-05, α=0.000, ‖θ[1:]‖₁=93.334, h_range=[1.00e-08, 1.17e+01], num_knots=1715
2025-09-01 15:31:23,336 - Iter 45860: obj=-908.095933, change=1.07e-05, α=0.000, ‖θ[1:]‖₁=93.334, h_range=[1.00e-08, 1.17e+01], num_knots=1715
2025-09-01 15:31:23,443 - Iter 45870: obj=-908.099016, change=1.07e-05, α=0.000, ‖θ[1:]‖₁=93.334, h_range=[1.00e-08, 1.17e+01], num_knots=1715
2025-09-01 15:31:23,559 - Iter 45880: obj=-908.102098, change=1.07e-05, α=0.000, ‖θ[1:]‖₁=93.334, h_range=[1.00e-08, 1.17e+01], num_knots=1715
2025-09-01 15:31:23,670 - Iter 45890: obj=-908.105180, change=1.07e-05, α=0.000, ‖θ[1:]‖₁=93.334, h_range=[1.00e-08, 1.17e+01], num_knots=1715
2025-09-01 15:31:23,797 - Iter 45900: obj=-908.108261, change=1.07e-05, α=0.000, ‖θ[1:]‖₁=93.334, h_range=[1.00e-08, 1.17e+01], num_knots=1715
2025-09-01 15:31:23,906 - Iter 45910: obj=-908.111343, change=1.07e-05, α=0.000, ‖θ[1:]‖₁=93.334, h_range=[1.00e-08, 1.17e+01], num_knots=1715
2025-09-01 15:31:23,997 - Iter 45920: obj=-908.114423, change=1.07e-05, α=0.000, ‖θ[1:]‖₁=93.335, h_range=[1.00e-08, 1.17e+01], num_knots=1715
2025-09-01 15:31:24,122 - Iter 45930: obj=-908.117503, change=1.07e-05, α=0.000, ‖θ[1:]‖₁=93.335, h_range=[1.00e-08, 1.17e+01], num_knots=1714
2025-09-01 15:31:24,234 - Iter 45940: obj=-908.120583, change=1.07e-05, α=0.000, ‖θ[1:]‖₁=93.335, h_range=[1.00e-08, 1.17e+01], num_knots=1714
2025-09-01 15:31:24,359 - Iter 45950: obj=-908.123663, change=1.07e-05, α=0.000, ‖θ[1:]‖₁=93.335, h_range=[1.00e-08, 1.17e+01], num_knots=1714
2025-09-01 15:31:24,471 - Iter 45960: obj=-908.126741, change=1.07e-05, α=0.000, ‖θ[1:]‖₁=93.335, h_range=[1.00e-08, 1.17e+01], num_knots=1714
2025-09-01 15:31:24,582 - Iter 45970: obj=-908.129816, change=1.07e-05, α=0.000, ‖θ[1:]‖₁=93.335, h_range=[1.00e-08, 1.17e+01], num_knots=1713
2025-09-01 15:31:24,695 - Iter 45980: obj=-908.132888, change=1.07e-05, α=0.000, ‖θ[1:]‖₁=93.335, h_range=[1.00e-08, 1.17e+01], num_knots=1713
2025-09-01 15:31:24,825 - Iter 45990: obj=-908.135960, change=1.07e-05, α=0.000, ‖θ[1:]‖₁=93.335, h_range=[1.00e-08, 1.17e+01], num_knots=1713
2025-09-01 15:31:24,962 - Iter 46000: obj=-908.139031, change=1.07e-05, α=0.000, ‖θ[1:]‖₁=93.335, h_range=[1.00e-08, 1.17e+01], num_knots=1713
2025-09-01 15:31:25,084 - Iter 46010: obj=-908.142100, change=1.07e-05, α=0.000, ‖θ[1:]‖₁=93.335, h_range=[1.00e-08, 1.17e+01], num_knots=1712
2025-09-01 15:31:25,192 - Iter 46020: obj=-908.145164, change=1.07e-05, α=0.000, ‖θ[1:]‖₁=93.336, h_range=[1.00e-08, 1.17e+01], num_knots=1712
2025-09-01 15:31:25,282 - Iter 46030: obj=-908.148228, change=1.07e-05, α=0.000, ‖θ[1:]‖₁=93.336, h_range=[1.00e-08, 1.17e+01], num_knots=1712
2025-09-01 15:31:25,396 - Iter 46040: obj=-908.151292, change=1.07e-05, α=0.000, ‖θ[1:]‖₁=93.336, h_range=[1.00e-08, 1.17e+01], num_knots=1712
2025-09-01 15:31:25,518 - Iter 46050: obj=-908.154355, change=1.07e-05, α=0.000, ‖θ[1:]‖₁=93.336, h_range=[1.00e-08, 1.17e+01], num_knots=1712
2025-09-01 15:31:25,636 - Iter 46060: obj=-908.157417, change=1.07e-05, α=0.000, ‖θ[1:]‖₁=93.336, h_range=[1.00e-08, 1.17e+01], num_knots=1712
2025-09-01 15:31:25,738 - Iter 46070: obj=-908.160480, change=1.07e-05, α=0.000, ‖θ[1:]‖₁=93.336, h_range=[1.00e-08, 1.17e+01], num_knots=1712
2025-09-01 15:31:25,843 - Iter 46080: obj=-908.163542, change=1.07e-05, α=0.000, ‖θ[1:]‖₁=93.336, h_range=[1.00e-08, 1.17e+01], num_knots=1712
2025-09-01 15:31:25,952 - Iter 46090: obj=-908.166603, change=1.07e-05, α=0.000, ‖θ[1:]‖₁=93.337, h_range=[1.00e-08, 1.17e+01], num_knots=1712
2025-09-01 15:31:26,057 - Iter 46100: obj=-908.169664, change=1.07e-05, α=0.000, ‖θ[1:]‖₁=93.337, h_range=[1.00e-08, 1.17e+01], num_knots=1712
2025-09-01 15:31:26,154 - Iter 46110: obj=-908.172724, change=1.07e-05, α=0.000, ‖θ[1:]‖₁=93.337, h_range=[1.00e-08, 1.17e+01], num_knots=1712
2025-09-01 15:31:26,249 - Iter 46120: obj=-908.175784, change=1.07e-05, α=0.000, ‖θ[1:]‖₁=93.337, h_range=[1.00e-08, 1.17e+01], num_knots=1712
2025-09-01 15:31:26,361 - Iter 46130: obj=-908.178844, change=1.07e-05, α=0.000, ‖θ[1:]‖₁=93.337, h_range=[1.00e-08, 1.17e+01], num_knots=1712
2025-09-01 15:31:26,457 - Iter 46140: obj=-908.181903, change=1.07e-05, α=0.000, ‖θ[1:]‖₁=93.337, h_range=[1.00e-08, 1.17e+01], num_knots=1712
2025-09-01 15:31:26,554 - Iter 46150: obj=-908.184962, change=1.07e-05, α=0.000, ‖θ[1:]‖₁=93.337, h_range=[1.00e-08, 1.17e+01], num_knots=1712
2025-09-01 15:31:26,654 - Iter 46160: obj=-908.188021, change=1.07e-05, α=0.000, ‖θ[1:]‖₁=93.337, h_range=[1.00e-08, 1.17e+01], num_knots=1712
2025-09-01 15:31:26,760 - Iter 46170: obj=-908.191078, change=1.07e-05, α=0.000, ‖θ[1:]‖₁=93.338, h_range=[1.00e-08, 1.17e+01], num_knots=1712
2025-09-01 15:31:26,865 - Iter 46180: obj=-908.194136, change=1.07e-05, α=0.000, ‖θ[1:]‖₁=93.338, h_range=[1.00e-08, 1.17e+01], num_knots=1712
2025-09-01 15:31:26,995 - Iter 46190: obj=-908.197193, change=1.07e-05, α=0.000, ‖θ[1:]‖₁=93.338, h_range=[1.00e-08, 1.17e+01], num_knots=1712
2025-09-01 15:31:27,114 - Iter 46200: obj=-908.200250, change=1.07e-05, α=0.000, ‖θ[1:]‖₁=93.338, h_range=[1.00e-08, 1.17e+01], num_knots=1712
2025-09-01 15:31:27,223 - Iter 46210: obj=-908.203306, change=1.07e-05, α=0.000, ‖θ[1:]‖₁=93.338, h_range=[1.00e-08, 1.17e+01], num_knots=1712
2025-09-01 15:31:27,330 - Iter 46220: obj=-908.206362, change=1.07e-05, α=0.000, ‖θ[1:]‖₁=93.338, h_range=[1.00e-08, 1.17e+01], num_knots=1712
2025-09-01 15:31:27,446 - Iter 46230: obj=-908.209417, change=1.07e-05, α=0.000, ‖θ[1:]‖₁=93.338, h_range=[1.00e-08, 1.17e+01], num_knots=1712
2025-09-01 15:31:27,568 - Iter 46240: obj=-908.212472, change=1.07e-05, α=0.000, ‖θ[1:]‖₁=93.338, h_range=[1.00e-08, 1.17e+01], num_knots=1712
2025-09-01 15:31:27,676 - Iter 46250: obj=-908.215527, change=1.07e-05, α=0.000, ‖θ[1:]‖₁=93.338, h_range=[1.00e-08, 1.17e+01], num_knots=1712
2025-09-01 15:31:27,799 - Iter 46260: obj=-908.218581, change=1.07e-05, α=0.000, ‖θ[1:]‖₁=93.339, h_range=[1.00e-08, 1.17e+01], num_knots=1712
2025-09-01 15:31:27,920 - Iter 46270: obj=-908.221634, change=1.07e-05, α=0.000, ‖θ[1:]‖₁=93.339, h_range=[1.00e-08, 1.17e+01], num_knots=1712
2025-09-01 15:31:28,040 - Iter 46280: obj=-908.224688, change=1.07e-05, α=0.000, ‖θ[1:]‖₁=93.339, h_range=[1.00e-08, 1.17e+01], num_knots=1712
2025-09-01 15:31:28,159 - Iter 46290: obj=-908.227740, change=1.07e-05, α=0.000, ‖θ[1:]‖₁=93.339, h_range=[1.00e-08, 1.17e+01], num_knots=1712
2025-09-01 15:31:28,293 - Iter 46300: obj=-908.230793, change=1.07e-05, α=0.000, ‖θ[1:]‖₁=93.339, h_range=[1.00e-08, 1.17e+01], num_knots=1712
2025-09-01 15:31:28,433 - Iter 46310: obj=-908.233845, change=1.07e-05, α=0.000, ‖θ[1:]‖₁=93.339, h_range=[1.00e-08, 1.17e+01], num_knots=1712
2025-09-01 15:31:28,534 - Iter 46320: obj=-908.236896, change=1.07e-05, α=0.000, ‖θ[1:]‖₁=93.339, h_range=[1.00e-08, 1.17e+01], num_knots=1712
2025-09-01 15:31:28,649 - Iter 46330: obj=-908.239948, change=1.07e-05, α=0.000, ‖θ[1:]‖₁=93.339, h_range=[1.00e-08, 1.17e+01], num_knots=1711
2025-09-01 15:31:28,798 - Iter 46340: obj=-908.242992, change=1.07e-05, α=0.000, ‖θ[1:]‖₁=93.339, h_range=[1.00e-08, 1.17e+01], num_knots=1710
2025-09-01 15:31:28,948 - Iter 46350: obj=-908.246035, change=1.07e-05, α=0.000, ‖θ[1:]‖₁=93.340, h_range=[1.00e-08, 1.17e+01], num_knots=1710
2025-09-01 15:31:29,073 - Iter 46360: obj=-908.249078, change=1.07e-05, α=0.000, ‖θ[1:]‖₁=93.340, h_range=[1.00e-08, 1.17e+01], num_knots=1710
2025-09-01 15:31:29,174 - Iter 46370: obj=-908.252121, change=1.07e-05, α=0.000, ‖θ[1:]‖₁=93.340, h_range=[1.00e-08, 1.17e+01], num_knots=1710
2025-09-01 15:31:29,286 - Iter 46380: obj=-908.255163, change=1.06e-05, α=0.000, ‖θ[1:]‖₁=93.340, h_range=[1.00e-08, 1.17e+01], num_knots=1710
2025-09-01 15:31:29,378 - Iter 46390: obj=-908.258204, change=1.06e-05, α=0.000, ‖θ[1:]‖₁=93.340, h_range=[1.00e-08, 1.17e+01], num_knots=1710
2025-09-01 15:31:29,486 - Iter 46400: obj=-908.261244, change=1.06e-05, α=0.000, ‖θ[1:]‖₁=93.340, h_range=[1.00e-08, 1.17e+01], num_knots=1709
2025-09-01 15:31:29,603 - Iter 46410: obj=-908.264279, change=1.06e-05, α=0.000, ‖θ[1:]‖₁=93.340, h_range=[1.00e-08, 1.17e+01], num_knots=1709
2025-09-01 15:31:29,736 - Iter 46420: obj=-908.267314, change=1.06e-05, α=0.000, ‖θ[1:]‖₁=93.341, h_range=[1.00e-08, 1.17e+01], num_knots=1709
2025-09-01 15:31:29,829 - Iter 46430: obj=-908.270348, change=1.06e-05, α=0.000, ‖θ[1:]‖₁=93.341, h_range=[1.00e-08, 1.17e+01], num_knots=1709
2025-09-01 15:31:29,941 - Iter 46440: obj=-908.273382, change=1.06e-05, α=0.000, ‖θ[1:]‖₁=93.341, h_range=[1.00e-08, 1.17e+01], num_knots=1709
2025-09-01 15:31:30,077 - Iter 46450: obj=-908.276415, change=1.06e-05, α=0.000, ‖θ[1:]‖₁=93.341, h_range=[1.00e-08, 1.17e+01], num_knots=1709
2025-09-01 15:31:30,185 - Iter 46460: obj=-908.279448, change=1.06e-05, α=0.000, ‖θ[1:]‖₁=93.341, h_range=[1.00e-08, 1.17e+01], num_knots=1709
2025-09-01 15:31:30,283 - Iter 46470: obj=-908.282480, change=1.06e-05, α=0.000, ‖θ[1:]‖₁=93.341, h_range=[1.00e-08, 1.17e+01], num_knots=1709
2025-09-01 15:31:30,403 - Iter 46480: obj=-908.285512, change=1.06e-05, α=0.000, ‖θ[1:]‖₁=93.341, h_range=[1.00e-08, 1.17e+01], num_knots=1709
2025-09-01 15:31:30,506 - Iter 46490: obj=-908.288543, change=1.06e-05, α=0.000, ‖θ[1:]‖₁=93.342, h_range=[1.00e-08, 1.17e+01], num_knots=1709
2025-09-01 15:31:30,644 - Iter 46500: obj=-908.291574, change=1.06e-05, α=0.000, ‖θ[1:]‖₁=93.342, h_range=[1.00e-08, 1.17e+01], num_knots=1709
2025-09-01 15:31:30,742 - Iter 46510: obj=-908.294605, change=1.06e-05, α=0.000, ‖θ[1:]‖₁=93.342, h_range=[1.00e-08, 1.17e+01], num_knots=1709
2025-09-01 15:31:30,855 - Iter 46520: obj=-908.297635, change=1.06e-05, α=0.000, ‖θ[1:]‖₁=93.342, h_range=[1.00e-08, 1.17e+01], num_knots=1709
2025-09-01 15:31:30,957 - Iter 46530: obj=-908.300665, change=1.06e-05, α=0.000, ‖θ[1:]‖₁=93.342, h_range=[1.00e-08, 1.17e+01], num_knots=1709
2025-09-01 15:31:31,061 - Iter 46540: obj=-908.303695, change=1.06e-05, α=0.000, ‖θ[1:]‖₁=93.342, h_range=[1.00e-08, 1.17e+01], num_knots=1709
2025-09-01 15:31:31,165 - Iter 46550: obj=-908.306724, change=1.06e-05, α=0.000, ‖θ[1:]‖₁=93.343, h_range=[1.00e-08, 1.17e+01], num_knots=1709
2025-09-01 15:31:31,283 - Iter 46560: obj=-908.309752, change=1.06e-05, α=0.000, ‖θ[1:]‖₁=93.343, h_range=[1.00e-08, 1.17e+01], num_knots=1709
2025-09-01 15:31:31,403 - Iter 46570: obj=-908.312780, change=1.06e-05, α=0.000, ‖θ[1:]‖₁=93.343, h_range=[1.00e-08, 1.17e+01], num_knots=1709
2025-09-01 15:31:31,511 - Iter 46580: obj=-908.315808, change=1.06e-05, α=0.000, ‖θ[1:]‖₁=93.343, h_range=[1.00e-08, 1.17e+01], num_knots=1709
2025-09-01 15:31:31,656 - Iter 46590: obj=-908.318835, change=1.06e-05, α=0.000, ‖θ[1:]‖₁=93.343, h_range=[1.00e-08, 1.17e+01], num_knots=1709
2025-09-01 15:31:31,784 - Iter 46600: obj=-908.321862, change=1.06e-05, α=0.000, ‖θ[1:]‖₁=93.343, h_range=[1.00e-08, 1.17e+01], num_knots=1709
2025-09-01 15:31:31,892 - Iter 46610: obj=-908.324889, change=1.06e-05, α=0.000, ‖θ[1:]‖₁=93.343, h_range=[1.00e-08, 1.17e+01], num_knots=1709
2025-09-01 15:31:31,994 - Iter 46620: obj=-908.327915, change=1.06e-05, α=0.000, ‖θ[1:]‖₁=93.343, h_range=[1.00e-08, 1.17e+01], num_knots=1709
2025-09-01 15:31:32,104 - Iter 46630: obj=-908.330940, change=1.06e-05, α=0.000, ‖θ[1:]‖₁=93.344, h_range=[1.00e-08, 1.17e+01], num_knots=1709
2025-09-01 15:31:32,204 - Iter 46640: obj=-908.333966, change=1.06e-05, α=0.000, ‖θ[1:]‖₁=93.344, h_range=[1.00e-08, 1.17e+01], num_knots=1709
2025-09-01 15:31:32,332 - Iter 46650: obj=-908.336990, change=1.06e-05, α=0.000, ‖θ[1:]‖₁=93.344, h_range=[1.00e-08, 1.17e+01], num_knots=1709
2025-09-01 15:31:32,431 - Iter 46660: obj=-908.340015, change=1.06e-05, α=0.000, ‖θ[1:]‖₁=93.344, h_range=[1.00e-08, 1.17e+01], num_knots=1709
2025-09-01 15:31:32,545 - Iter 46670: obj=-908.343039, change=1.06e-05, α=0.000, ‖θ[1:]‖₁=93.344, h_range=[1.00e-08, 1.17e+01], num_knots=1709
2025-09-01 15:31:32,650 - Iter 46680: obj=-908.346062, change=1.06e-05, α=0.000, ‖θ[1:]‖₁=93.344, h_range=[1.00e-08, 1.17e+01], num_knots=1709
2025-09-01 15:31:32,753 - Iter 46690: obj=-908.349085, change=1.06e-05, α=0.000, ‖θ[1:]‖₁=93.344, h_range=[1.00e-08, 1.17e+01], num_knots=1709
2025-09-01 15:31:32,853 - Iter 46700: obj=-908.352108, change=1.06e-05, α=0.000, ‖θ[1:]‖₁=93.345, h_range=[1.00e-08, 1.17e+01], num_knots=1709
2025-09-01 15:31:32,967 - Iter 46710: obj=-908.355130, change=1.06e-05, α=0.000, ‖θ[1:]‖₁=93.345, h_range=[1.00e-08, 1.17e+01], num_knots=1709
2025-09-01 15:31:33,085 - Iter 46720: obj=-908.358152, change=1.06e-05, α=0.000, ‖θ[1:]‖₁=93.345, h_range=[1.00e-08, 1.17e+01], num_knots=1709
2025-09-01 15:31:33,193 - Iter 46730: obj=-908.361174, change=1.06e-05, α=0.000, ‖θ[1:]‖₁=93.345, h_range=[1.00e-08, 1.17e+01], num_knots=1709
2025-09-01 15:31:33,302 - Iter 46740: obj=-908.364193, change=1.06e-05, α=0.000, ‖θ[1:]‖₁=93.345, h_range=[1.00e-08, 1.17e+01], num_knots=1708
2025-09-01 15:31:33,407 - Iter 46750: obj=-908.367212, change=1.06e-05, α=0.000, ‖θ[1:]‖₁=93.345, h_range=[1.00e-08, 1.17e+01], num_knots=1708
2025-09-01 15:31:33,514 - Iter 46760: obj=-908.370230, change=1.06e-05, α=0.000, ‖θ[1:]‖₁=93.345, h_range=[1.00e-08, 1.17e+01], num_knots=1707
2025-09-01 15:31:33,626 - Iter 46770: obj=-908.373246, change=1.06e-05, α=0.000, ‖θ[1:]‖₁=93.346, h_range=[1.00e-08, 1.17e+01], num_knots=1707
2025-09-01 15:31:33,728 - Iter 46780: obj=-908.376261, change=1.06e-05, α=0.000, ‖θ[1:]‖₁=93.346, h_range=[1.00e-08, 1.17e+01], num_knots=1707
2025-09-01 15:31:33,827 - Iter 46790: obj=-908.379277, change=1.06e-05, α=0.000, ‖θ[1:]‖₁=93.346, h_range=[1.00e-08, 1.17e+01], num_knots=1707
2025-09-01 15:31:33,917 - Iter 46800: obj=-908.382289, change=1.06e-05, α=0.000, ‖θ[1:]‖₁=93.346, h_range=[1.00e-08, 1.17e+01], num_knots=1706
2025-09-01 15:31:34,027 - Iter 46810: obj=-908.385298, change=1.06e-05, α=0.000, ‖θ[1:]‖₁=93.346, h_range=[1.00e-08, 1.17e+01], num_knots=1706
2025-09-01 15:31:34,132 - Iter 46820: obj=-908.388306, change=1.06e-05, α=0.000, ‖θ[1:]‖₁=93.346, h_range=[1.00e-08, 1.17e+01], num_knots=1706
2025-09-01 15:31:34,241 - Iter 46830: obj=-908.391314, change=1.06e-05, α=0.000, ‖θ[1:]‖₁=93.347, h_range=[1.00e-08, 1.17e+01], num_knots=1706
2025-09-01 15:31:34,335 - Iter 46840: obj=-908.394321, change=1.06e-05, α=0.000, ‖θ[1:]‖₁=93.347, h_range=[1.00e-08, 1.17e+01], num_knots=1706
2025-09-01 15:31:34,448 - Iter 46850: obj=-908.397328, change=1.06e-05, α=0.000, ‖θ[1:]‖₁=93.347, h_range=[1.00e-08, 1.17e+01], num_knots=1706
2025-09-01 15:31:34,562 - Iter 46860: obj=-908.400334, change=1.06e-05, α=0.000, ‖θ[1:]‖₁=93.347, h_range=[1.00e-08, 1.17e+01], num_knots=1706
2025-09-01 15:31:34,667 - Iter 46870: obj=-908.403340, change=1.06e-05, α=0.000, ‖θ[1:]‖₁=93.347, h_range=[1.00e-08, 1.17e+01], num_knots=1706
2025-09-01 15:31:34,776 - Iter 46880: obj=-908.406346, change=1.06e-05, α=0.000, ‖θ[1:]‖₁=93.347, h_range=[1.00e-08, 1.17e+01], num_knots=1705
2025-09-01 15:31:34,879 - Iter 46890: obj=-908.409351, change=1.06e-05, α=0.000, ‖θ[1:]‖₁=93.348, h_range=[1.00e-08, 1.17e+01], num_knots=1705
2025-09-01 15:31:34,985 - Iter 46900: obj=-908.412355, change=1.06e-05, α=0.000, ‖θ[1:]‖₁=93.348, h_range=[1.00e-08, 1.17e+01], num_knots=1705
2025-09-01 15:31:35,084 - Iter 46910: obj=-908.415358, change=1.06e-05, α=0.000, ‖θ[1:]‖₁=93.348, h_range=[1.00e-08, 1.17e+01], num_knots=1705
2025-09-01 15:31:35,182 - Iter 46920: obj=-908.418362, change=1.06e-05, α=0.000, ‖θ[1:]‖₁=93.348, h_range=[1.00e-08, 1.17e+01], num_knots=1705
2025-09-01 15:31:35,315 - Iter 46930: obj=-908.421365, change=1.06e-05, α=0.000, ‖θ[1:]‖₁=93.348, h_range=[1.00e-08, 1.17e+01], num_knots=1705
2025-09-01 15:31:35,449 - Iter 46940: obj=-908.424367, change=1.06e-05, α=0.000, ‖θ[1:]‖₁=93.349, h_range=[1.00e-08, 1.17e+01], num_knots=1705
2025-09-01 15:31:35,568 - Iter 46950: obj=-908.427369, change=1.06e-05, α=0.000, ‖θ[1:]‖₁=93.349, h_range=[1.00e-08, 1.17e+01], num_knots=1705
2025-09-01 15:31:35,680 - Iter 46960: obj=-908.430371, change=1.06e-05, α=0.000, ‖θ[1:]‖₁=93.349, h_range=[1.00e-08, 1.17e+01], num_knots=1705
2025-09-01 15:31:35,796 - Iter 46970: obj=-908.433372, change=1.06e-05, α=0.000, ‖θ[1:]‖₁=93.349, h_range=[1.00e-08, 1.17e+01], num_knots=1705
2025-09-01 15:31:35,917 - Iter 46980: obj=-908.436373, change=1.06e-05, α=0.000, ‖θ[1:]‖₁=93.349, h_range=[1.00e-08, 1.17e+01], num_knots=1705
2025-09-01 15:31:36,082 - Iter 46990: obj=-908.439373, change=1.06e-05, α=0.000, ‖θ[1:]‖₁=93.349, h_range=[1.00e-08, 1.17e+01], num_knots=1705
2025-09-01 15:31:36,190 - Iter 47000: obj=-908.442373, change=1.06e-05, α=0.000, ‖θ[1:]‖₁=93.350, h_range=[1.00e-08, 1.17e+01], num_knots=1705
2025-09-01 15:31:36,303 - Iter 47010: obj=-908.445373, change=1.06e-05, α=0.000, ‖θ[1:]‖₁=93.350, h_range=[1.00e-08, 1.17e+01], num_knots=1705
2025-09-01 15:31:36,419 - Iter 47020: obj=-908.448372, change=1.06e-05, α=0.000, ‖θ[1:]‖₁=93.350, h_range=[1.00e-08, 1.17e+01], num_knots=1705
2025-09-01 15:31:36,521 - Iter 47030: obj=-908.451371, change=1.06e-05, α=0.000, ‖θ[1:]‖₁=93.350, h_range=[1.00e-08, 1.17e+01], num_knots=1705
2025-09-01 15:31:36,641 - Iter 47040: obj=-908.454369, change=1.06e-05, α=0.000, ‖θ[1:]‖₁=93.350, h_range=[1.00e-08, 1.17e+01], num_knots=1705
2025-09-01 15:31:36,760 - Iter 47050: obj=-908.457367, change=1.06e-05, α=0.000, ‖θ[1:]‖₁=93.350, h_range=[1.00e-08, 1.17e+01], num_knots=1705
2025-09-01 15:31:36,879 - Iter 47060: obj=-908.460365, change=1.06e-05, α=0.000, ‖θ[1:]‖₁=93.350, h_range=[1.00e-08, 1.17e+01], num_knots=1705
2025-09-01 15:31:36,978 - Iter 47070: obj=-908.463362, change=1.06e-05, α=0.000, ‖θ[1:]‖₁=93.351, h_range=[1.00e-08, 1.17e+01], num_knots=1705
2025-09-01 15:31:37,095 - Iter 47080: obj=-908.466359, change=1.06e-05, α=0.000, ‖θ[1:]‖₁=93.351, h_range=[1.00e-08, 1.17e+01], num_knots=1705
2025-09-01 15:31:37,226 - Iter 47090: obj=-908.469355, change=1.06e-05, α=0.000, ‖θ[1:]‖₁=93.351, h_range=[1.00e-08, 1.17e+01], num_knots=1705
2025-09-01 15:31:37,352 - Iter 47100: obj=-908.472351, change=1.06e-05, α=0.000, ‖θ[1:]‖₁=93.351, h_range=[1.00e-08, 1.17e+01], num_knots=1705
2025-09-01 15:31:37,469 - Iter 47110: obj=-908.475347, change=1.06e-05, α=0.000, ‖θ[1:]‖₁=93.351, h_range=[1.00e-08, 1.17e+01], num_knots=1705
2025-09-01 15:31:37,598 - Iter 47120: obj=-908.478342, change=1.06e-05, α=0.000, ‖θ[1:]‖₁=93.351, h_range=[1.00e-08, 1.17e+01], num_knots=1705
2025-09-01 15:31:37,719 - Iter 47130: obj=-908.481336, change=1.06e-05, α=0.000, ‖θ[1:]‖₁=93.352, h_range=[1.00e-08, 1.17e+01], num_knots=1705
2025-09-01 15:31:37,848 - Iter 47140: obj=-908.484331, change=1.06e-05, α=0.000, ‖θ[1:]‖₁=93.352, h_range=[1.00e-08, 1.17e+01], num_knots=1705
2025-09-01 15:31:37,992 - Iter 47150: obj=-908.487325, change=1.06e-05, α=0.000, ‖θ[1:]‖₁=93.352, h_range=[1.00e-08, 1.17e+01], num_knots=1705
2025-09-01 15:31:38,121 - Iter 47160: obj=-908.490318, change=1.06e-05, α=0.000, ‖θ[1:]‖₁=93.352, h_range=[1.00e-08, 1.17e+01], num_knots=1705
2025-09-01 15:31:38,232 - Iter 47170: obj=-908.493311, change=1.06e-05, α=0.000, ‖θ[1:]‖₁=93.352, h_range=[1.00e-08, 1.17e+01], num_knots=1705
2025-09-01 15:31:38,348 - Iter 47180: obj=-908.496303, change=1.06e-05, α=0.000, ‖θ[1:]‖₁=93.352, h_range=[1.00e-08, 1.17e+01], num_knots=1704
2025-09-01 15:31:38,465 - Iter 47190: obj=-908.499293, change=1.06e-05, α=0.000, ‖θ[1:]‖₁=93.352, h_range=[1.00e-08, 1.17e+01], num_knots=1704
2025-09-01 15:31:38,566 - Iter 47200: obj=-908.502283, change=1.06e-05, α=0.000, ‖θ[1:]‖₁=93.353, h_range=[1.00e-08, 1.17e+01], num_knots=1704
2025-09-01 15:31:38,680 - Iter 47210: obj=-908.505273, change=1.06e-05, α=0.000, ‖θ[1:]‖₁=93.353, h_range=[1.00e-08, 1.17e+01], num_knots=1704
2025-09-01 15:31:38,803 - Iter 47220: obj=-908.508262, change=1.06e-05, α=0.000, ‖θ[1:]‖₁=93.353, h_range=[1.00e-08, 1.17e+01], num_knots=1704
2025-09-01 15:31:38,915 - Iter 47230: obj=-908.511250, change=1.06e-05, α=0.000, ‖θ[1:]‖₁=93.353, h_range=[1.00e-08, 1.17e+01], num_knots=1704
2025-09-01 15:31:39,035 - Iter 47240: obj=-908.514239, change=1.06e-05, α=0.000, ‖θ[1:]‖₁=93.353, h_range=[1.00e-08, 1.17e+01], num_knots=1704
2025-09-01 15:31:39,157 - Iter 47250: obj=-908.517226, change=1.06e-05, α=0.000, ‖θ[1:]‖₁=93.353, h_range=[1.00e-08, 1.17e+01], num_knots=1704
2025-09-01 15:31:39,270 - Iter 47260: obj=-908.520214, change=1.06e-05, α=0.000, ‖θ[1:]‖₁=93.354, h_range=[1.00e-08, 1.17e+01], num_knots=1704
2025-09-01 15:31:39,435 - Iter 47270: obj=-908.523201, change=1.06e-05, α=0.000, ‖θ[1:]‖₁=93.354, h_range=[1.00e-08, 1.17e+01], num_knots=1704
2025-09-01 15:31:39,555 - Iter 47280: obj=-908.526188, change=1.06e-05, α=0.000, ‖θ[1:]‖₁=93.354, h_range=[1.00e-08, 1.17e+01], num_knots=1704
2025-09-01 15:31:39,660 - Iter 47290: obj=-908.529174, change=1.06e-05, α=0.000, ‖θ[1:]‖₁=93.354, h_range=[1.00e-08, 1.17e+01], num_knots=1704
2025-09-01 15:31:39,762 - Iter 47300: obj=-908.532160, change=1.06e-05, α=0.000, ‖θ[1:]‖₁=93.354, h_range=[1.00e-08, 1.17e+01], num_knots=1704
2025-09-01 15:31:39,887 - Iter 47310: obj=-908.535145, change=1.06e-05, α=0.000, ‖θ[1:]‖₁=93.354, h_range=[1.00e-08, 1.17e+01], num_knots=1704
2025-09-01 15:31:40,007 - Iter 47320: obj=-908.538129, change=1.06e-05, α=0.000, ‖θ[1:]‖₁=93.354, h_range=[1.00e-08, 1.17e+01], num_knots=1703
2025-09-01 15:31:40,114 - Iter 47330: obj=-908.541112, change=1.06e-05, α=0.000, ‖θ[1:]‖₁=93.355, h_range=[1.00e-08, 1.17e+01], num_knots=1703
2025-09-01 15:31:40,252 - Iter 47340: obj=-908.544094, change=1.06e-05, α=0.000, ‖θ[1:]‖₁=93.355, h_range=[1.00e-08, 1.17e+01], num_knots=1703
2025-09-01 15:31:40,362 - Iter 47350: obj=-908.547076, change=1.06e-05, α=0.000, ‖θ[1:]‖₁=93.355, h_range=[1.00e-08, 1.17e+01], num_knots=1703
2025-09-01 15:31:40,498 - Iter 47360: obj=-908.550058, change=1.06e-05, α=0.000, ‖θ[1:]‖₁=93.355, h_range=[1.00e-08, 1.17e+01], num_knots=1703
2025-09-01 15:31:40,628 - Iter 47370: obj=-908.553039, change=1.06e-05, α=0.000, ‖θ[1:]‖₁=93.355, h_range=[1.00e-08, 1.17e+01], num_knots=1703
2025-09-01 15:31:40,769 - Iter 47380: obj=-908.556020, change=1.06e-05, α=0.000, ‖θ[1:]‖₁=93.355, h_range=[1.00e-08, 1.17e+01], num_knots=1703
2025-09-01 15:31:40,905 - Iter 47390: obj=-908.559000, change=1.06e-05, α=0.000, ‖θ[1:]‖₁=93.356, h_range=[1.00e-08, 1.17e+01], num_knots=1703
2025-09-01 15:31:41,031 - Iter 47400: obj=-908.561980, change=1.06e-05, α=0.000, ‖θ[1:]‖₁=93.356, h_range=[1.00e-08, 1.17e+01], num_knots=1703
2025-09-01 15:31:41,158 - Iter 47410: obj=-908.564959, change=1.06e-05, α=0.000, ‖θ[1:]‖₁=93.356, h_range=[1.00e-08, 1.17e+01], num_knots=1703
2025-09-01 15:31:41,266 - Iter 47420: obj=-908.567938, change=1.06e-05, α=0.000, ‖θ[1:]‖₁=93.356, h_range=[1.00e-08, 1.17e+01], num_knots=1702
2025-09-01 15:31:41,392 - Iter 47430: obj=-908.570916, change=1.06e-05, α=0.000, ‖θ[1:]‖₁=93.356, h_range=[1.00e-08, 1.17e+01], num_knots=1702
2025-09-01 15:31:41,509 - Iter 47440: obj=-908.573894, change=1.06e-05, α=0.000, ‖θ[1:]‖₁=93.356, h_range=[1.00e-08, 1.17e+01], num_knots=1702
2025-09-01 15:31:41,619 - Iter 47450: obj=-908.576871, change=1.06e-05, α=0.000, ‖θ[1:]‖₁=93.356, h_range=[1.00e-08, 1.17e+01], num_knots=1702
2025-09-01 15:31:41,731 - Iter 47460: obj=-908.579848, change=1.06e-05, α=0.000, ‖θ[1:]‖₁=93.357, h_range=[1.00e-08, 1.17e+01], num_knots=1702
2025-09-01 15:31:41,850 - Iter 47470: obj=-908.582824, change=1.06e-05, α=0.000, ‖θ[1:]‖₁=93.357, h_range=[1.00e-08, 1.17e+01], num_knots=1702
2025-09-01 15:31:41,963 - Iter 47480: obj=-908.585801, change=1.06e-05, α=0.000, ‖θ[1:]‖₁=93.357, h_range=[1.00e-08, 1.17e+01], num_knots=1702
2025-09-01 15:31:42,077 - Iter 47490: obj=-908.588776, change=1.06e-05, α=0.000, ‖θ[1:]‖₁=93.357, h_range=[1.00e-08, 1.17e+01], num_knots=1702
2025-09-01 15:31:42,197 - Iter 47500: obj=-908.591752, change=1.06e-05, α=0.000, ‖θ[1:]‖₁=93.357, h_range=[1.00e-08, 1.17e+01], num_knots=1702
2025-09-01 15:31:42,338 - Iter 47510: obj=-908.594726, change=1.06e-05, α=0.000, ‖θ[1:]‖₁=93.357, h_range=[1.00e-08, 1.17e+01], num_knots=1702
2025-09-01 15:31:42,481 - Iter 47520: obj=-908.597701, change=1.06e-05, α=0.000, ‖θ[1:]‖₁=93.358, h_range=[1.00e-08, 1.17e+01], num_knots=1702
2025-09-01 15:31:42,643 - Iter 47530: obj=-908.600675, change=1.06e-05, α=0.000, ‖θ[1:]‖₁=93.358, h_range=[1.00e-08, 1.17e+01], num_knots=1702
2025-09-01 15:31:42,761 - Iter 47540: obj=-908.603649, change=1.06e-05, α=0.000, ‖θ[1:]‖₁=93.358, h_range=[1.00e-08, 1.17e+01], num_knots=1702
2025-09-01 15:31:42,879 - Iter 47550: obj=-908.606622, change=1.06e-05, α=0.000, ‖θ[1:]‖₁=93.358, h_range=[1.00e-08, 1.17e+01], num_knots=1702
2025-09-01 15:31:42,984 - Iter 47560: obj=-908.609595, change=1.06e-05, α=0.000, ‖θ[1:]‖₁=93.358, h_range=[1.00e-08, 1.17e+01], num_knots=1702
2025-09-01 15:31:43,126 - Iter 47570: obj=-908.612567, change=1.06e-05, α=0.000, ‖θ[1:]‖₁=93.358, h_range=[1.00e-08, 1.17e+01], num_knots=1702
2025-09-01 15:31:43,258 - Iter 47580: obj=-908.615534, change=1.06e-05, α=0.000, ‖θ[1:]‖₁=93.358, h_range=[1.00e-08, 1.17e+01], num_knots=1701
2025-09-01 15:31:43,393 - Iter 47590: obj=-908.618500, change=1.06e-05, α=0.000, ‖θ[1:]‖₁=93.359, h_range=[1.00e-08, 1.17e+01], num_knots=1701
2025-09-01 15:31:43,503 - Iter 47600: obj=-908.621465, change=1.06e-05, α=0.000, ‖θ[1:]‖₁=93.359, h_range=[1.00e-08, 1.17e+01], num_knots=1701
2025-09-01 15:31:43,615 - Iter 47610: obj=-908.624429, change=1.06e-05, α=0.000, ‖θ[1:]‖₁=93.359, h_range=[1.00e-08, 1.17e+01], num_knots=1701
2025-09-01 15:31:43,718 - Iter 47620: obj=-908.627393, change=1.06e-05, α=0.000, ‖θ[1:]‖₁=93.359, h_range=[1.00e-08, 1.17e+01], num_knots=1701
2025-09-01 15:31:43,881 - Iter 47630: obj=-908.630357, change=1.06e-05, α=0.000, ‖θ[1:]‖₁=93.359, h_range=[1.00e-08, 1.17e+01], num_knots=1701
2025-09-01 15:31:44,007 - Iter 47640: obj=-908.633319, change=1.06e-05, α=0.000, ‖θ[1:]‖₁=93.359, h_range=[1.00e-08, 1.17e+01], num_knots=1700
2025-09-01 15:31:44,131 - Iter 47650: obj=-908.636276, change=1.06e-05, α=0.000, ‖θ[1:]‖₁=93.359, h_range=[1.00e-08, 1.17e+01], num_knots=1700
2025-09-01 15:31:44,256 - Iter 47660: obj=-908.639232, change=1.06e-05, α=0.000, ‖θ[1:]‖₁=93.360, h_range=[1.00e-08, 1.17e+01], num_knots=1700
2025-09-01 15:31:44,350 - Iter 47670: obj=-908.642187, change=1.06e-05, α=0.000, ‖θ[1:]‖₁=93.360, h_range=[1.00e-08, 1.17e+01], num_knots=1699
2025-09-01 15:31:44,457 - Iter 47680: obj=-908.645143, change=1.06e-05, α=0.000, ‖θ[1:]‖₁=93.360, h_range=[1.00e-08, 1.17e+01], num_knots=1699
2025-09-01 15:31:44,566 - Iter 47690: obj=-908.648097, change=1.06e-05, α=0.000, ‖θ[1:]‖₁=93.360, h_range=[1.00e-08, 1.17e+01], num_knots=1699
2025-09-01 15:31:44,688 - Iter 47700: obj=-908.651051, change=1.06e-05, α=0.000, ‖θ[1:]‖₁=93.360, h_range=[1.00e-08, 1.17e+01], num_knots=1699
2025-09-01 15:31:44,825 - Iter 47710: obj=-908.654005, change=1.06e-05, α=0.000, ‖θ[1:]‖₁=93.361, h_range=[1.00e-08, 1.17e+01], num_knots=1699
2025-09-01 15:31:44,932 - Iter 47720: obj=-908.656958, change=1.05e-05, α=0.000, ‖θ[1:]‖₁=93.361, h_range=[1.00e-08, 1.17e+01], num_knots=1699
2025-09-01 15:31:45,047 - Iter 47730: obj=-908.659911, change=1.05e-05, α=0.000, ‖θ[1:]‖₁=93.361, h_range=[1.00e-08, 1.17e+01], num_knots=1699
2025-09-01 15:31:45,170 - Iter 47740: obj=-908.662864, change=1.05e-05, α=0.000, ‖θ[1:]‖₁=93.361, h_range=[1.00e-08, 1.17e+01], num_knots=1699
2025-09-01 15:31:45,277 - Iter 47750: obj=-908.665816, change=1.05e-05, α=0.000, ‖θ[1:]‖₁=93.361, h_range=[1.00e-08, 1.17e+01], num_knots=1699
2025-09-01 15:31:45,392 - Iter 47760: obj=-908.668768, change=1.05e-05, α=0.000, ‖θ[1:]‖₁=93.361, h_range=[1.00e-08, 1.17e+01], num_knots=1699
2025-09-01 15:31:45,535 - Iter 47770: obj=-908.671719, change=1.05e-05, α=0.000, ‖θ[1:]‖₁=93.362, h_range=[1.00e-08, 1.17e+01], num_knots=1699
2025-09-01 15:31:45,660 - Iter 47780: obj=-908.674670, change=1.05e-05, α=0.000, ‖θ[1:]‖₁=93.362, h_range=[1.00e-08, 1.17e+01], num_knots=1699
2025-09-01 15:31:45,785 - Iter 47790: obj=-908.677621, change=1.05e-05, α=0.000, ‖θ[1:]‖₁=93.362, h_range=[1.00e-08, 1.17e+01], num_knots=1699
2025-09-01 15:31:45,962 - Iter 47800: obj=-908.680571, change=1.05e-05, α=0.000, ‖θ[1:]‖₁=93.362, h_range=[1.00e-08, 1.17e+01], num_knots=1699
2025-09-01 15:31:46,125 - Iter 47810: obj=-908.683521, change=1.05e-05, α=0.000, ‖θ[1:]‖₁=93.362, h_range=[1.00e-08, 1.17e+01], num_knots=1699
2025-09-01 15:31:46,231 - Iter 47820: obj=-908.686470, change=1.05e-05, α=0.000, ‖θ[1:]‖₁=93.362, h_range=[1.00e-08, 1.17e+01], num_knots=1699
2025-09-01 15:31:46,354 - Iter 47830: obj=-908.689419, change=1.05e-05, α=0.000, ‖θ[1:]‖₁=93.363, h_range=[1.00e-08, 1.17e+01], num_knots=1699
2025-09-01 15:31:46,473 - Iter 47840: obj=-908.692368, change=1.05e-05, α=0.000, ‖θ[1:]‖₁=93.363, h_range=[1.00e-08, 1.17e+01], num_knots=1699
2025-09-01 15:31:46,639 - Iter 47850: obj=-908.695316, change=1.05e-05, α=0.000, ‖θ[1:]‖₁=93.363, h_range=[1.00e-08, 1.17e+01], num_knots=1699
2025-09-01 15:31:46,847 - Iter 47860: obj=-908.698264, change=1.05e-05, α=0.000, ‖θ[1:]‖₁=93.363, h_range=[1.00e-08, 1.17e+01], num_knots=1699
2025-09-01 15:31:47,058 - Iter 47870: obj=-908.701211, change=1.05e-05, α=0.000, ‖θ[1:]‖₁=93.363, h_range=[1.00e-08, 1.17e+01], num_knots=1699
2025-09-01 15:31:47,265 - Iter 47880: obj=-908.704158, change=1.05e-05, α=0.000, ‖θ[1:]‖₁=93.363, h_range=[1.00e-08, 1.17e+01], num_knots=1699
2025-09-01 15:31:47,390 - Iter 47890: obj=-908.707105, change=1.05e-05, α=0.000, ‖θ[1:]‖₁=93.364, h_range=[1.00e-08, 1.17e+01], num_knots=1699
2025-09-01 15:31:47,505 - Iter 47900: obj=-908.710049, change=1.05e-05, α=0.000, ‖θ[1:]‖₁=93.364, h_range=[1.00e-08, 1.17e+01], num_knots=1698
2025-09-01 15:31:47,617 - Iter 47910: obj=-908.712989, change=1.05e-05, α=0.000, ‖θ[1:]‖₁=93.364, h_range=[1.00e-08, 1.17e+01], num_knots=1698
2025-09-01 15:31:47,733 - Iter 47920: obj=-908.715929, change=1.05e-05, α=0.000, ‖θ[1:]‖₁=93.364, h_range=[1.00e-08, 1.17e+01], num_knots=1698
2025-09-01 15:31:47,832 - Iter 47930: obj=-908.718868, change=1.05e-05, α=0.000, ‖θ[1:]‖₁=93.364, h_range=[1.00e-08, 1.17e+01], num_knots=1698
2025-09-01 15:31:47,954 - Iter 47940: obj=-908.721807, change=1.05e-05, α=0.000, ‖θ[1:]‖₁=93.364, h_range=[1.00e-08, 1.17e+01], num_knots=1698
2025-09-01 15:31:48,089 - Iter 47950: obj=-908.724746, change=1.05e-05, α=0.000, ‖θ[1:]‖₁=93.365, h_range=[1.00e-08, 1.17e+01], num_knots=1698
2025-09-01 15:31:48,218 - Iter 47960: obj=-908.727684, change=1.05e-05, α=0.000, ‖θ[1:]‖₁=93.365, h_range=[1.00e-08, 1.17e+01], num_knots=1698
2025-09-01 15:31:48,333 - Iter 47970: obj=-908.730621, change=1.05e-05, α=0.000, ‖θ[1:]‖₁=93.365, h_range=[1.00e-08, 1.17e+01], num_knots=1698
2025-09-01 15:31:48,446 - Iter 47980: obj=-908.733559, change=1.05e-05, α=0.000, ‖θ[1:]‖₁=93.365, h_range=[1.00e-08, 1.17e+01], num_knots=1698
2025-09-01 15:31:48,551 - Iter 47990: obj=-908.736496, change=1.05e-05, α=0.000, ‖θ[1:]‖₁=93.365, h_range=[1.00e-08, 1.17e+01], num_knots=1698
2025-09-01 15:31:48,674 - Iter 48000: obj=-908.739432, change=1.05e-05, α=0.000, ‖θ[1:]‖₁=93.365, h_range=[1.00e-08, 1.17e+01], num_knots=1698
2025-09-01 15:31:48,795 - Iter 48010: obj=-908.742369, change=1.05e-05, α=0.000, ‖θ[1:]‖₁=93.366, h_range=[1.00e-08, 1.17e+01], num_knots=1698
2025-09-01 15:31:48,904 - Iter 48020: obj=-908.745304, change=1.05e-05, α=0.000, ‖θ[1:]‖₁=93.366, h_range=[1.00e-08, 1.17e+01], num_knots=1697
2025-09-01 15:31:49,066 - Iter 48030: obj=-908.748240, change=1.05e-05, α=0.000, ‖θ[1:]‖₁=93.366, h_range=[1.00e-08, 1.17e+01], num_knots=1696
2025-09-01 15:31:49,263 - Iter 48040: obj=-908.751174, change=1.05e-05, α=0.000, ‖θ[1:]‖₁=93.366, h_range=[1.00e-08, 1.17e+01], num_knots=1696
2025-09-01 15:31:49,362 - Iter 48050: obj=-908.754108, change=1.05e-05, α=0.000, ‖θ[1:]‖₁=93.366, h_range=[1.00e-08, 1.17e+01], num_knots=1696
2025-09-01 15:31:49,466 - Iter 48060: obj=-908.757042, change=1.05e-05, α=0.000, ‖θ[1:]‖₁=93.366, h_range=[1.00e-08, 1.17e+01], num_knots=1696
2025-09-01 15:31:49,592 - Iter 48070: obj=-908.759976, change=1.05e-05, α=0.000, ‖θ[1:]‖₁=93.367, h_range=[1.00e-08, 1.17e+01], num_knots=1696
2025-09-01 15:31:49,714 - Iter 48080: obj=-908.762909, change=1.05e-05, α=0.000, ‖θ[1:]‖₁=93.367, h_range=[1.00e-08, 1.17e+01], num_knots=1696
2025-09-01 15:31:49,825 - Iter 48090: obj=-908.765841, change=1.05e-05, α=0.000, ‖θ[1:]‖₁=93.367, h_range=[1.00e-08, 1.17e+01], num_knots=1696
2025-09-01 15:31:49,927 - Iter 48100: obj=-908.768774, change=1.05e-05, α=0.000, ‖θ[1:]‖₁=93.367, h_range=[1.00e-08, 1.17e+01], num_knots=1696
2025-09-01 15:31:50,030 - Iter 48110: obj=-908.771705, change=1.05e-05, α=0.000, ‖θ[1:]‖₁=93.367, h_range=[1.00e-08, 1.17e+01], num_knots=1696
2025-09-01 15:31:50,138 - Iter 48120: obj=-908.774637, change=1.05e-05, α=0.000, ‖θ[1:]‖₁=93.367, h_range=[1.00e-08, 1.17e+01], num_knots=1696
2025-09-01 15:31:50,223 - Iter 48130: obj=-908.777568, change=1.05e-05, α=0.000, ‖θ[1:]‖₁=93.368, h_range=[1.00e-08, 1.17e+01], num_knots=1696
2025-09-01 15:31:50,327 - Iter 48140: obj=-908.780499, change=1.05e-05, α=0.000, ‖θ[1:]‖₁=93.368, h_range=[1.00e-08, 1.17e+01], num_knots=1696
2025-09-01 15:31:50,463 - Iter 48150: obj=-908.783429, change=1.05e-05, α=0.000, ‖θ[1:]‖₁=93.368, h_range=[1.00e-08, 1.17e+01], num_knots=1696
2025-09-01 15:31:50,556 - Iter 48160: obj=-908.786359, change=1.05e-05, α=0.000, ‖θ[1:]‖₁=93.368, h_range=[1.00e-08, 1.17e+01], num_knots=1696
2025-09-01 15:31:50,656 - Iter 48170: obj=-908.789288, change=1.05e-05, α=0.000, ‖θ[1:]‖₁=93.368, h_range=[1.00e-08, 1.17e+01], num_knots=1696
2025-09-01 15:31:50,773 - Iter 48180: obj=-908.792217, change=1.05e-05, α=0.000, ‖θ[1:]‖₁=93.368, h_range=[1.00e-08, 1.17e+01], num_knots=1696
2025-09-01 15:31:50,880 - Iter 48190: obj=-908.795146, change=1.05e-05, α=0.000, ‖θ[1:]‖₁=93.368, h_range=[1.00e-08, 1.17e+01], num_knots=1696
2025-09-01 15:31:50,978 - Iter 48200: obj=-908.798075, change=1.05e-05, α=0.000, ‖θ[1:]‖₁=93.369, h_range=[1.00e-08, 1.17e+01], num_knots=1696
2025-09-01 15:31:51,096 - Iter 48210: obj=-908.801003, change=1.05e-05, α=0.000, ‖θ[1:]‖₁=93.369, h_range=[1.00e-08, 1.17e+01], num_knots=1696
2025-09-01 15:31:51,195 - Iter 48220: obj=-908.803930, change=1.05e-05, α=0.000, ‖θ[1:]‖₁=93.369, h_range=[1.00e-08, 1.17e+01], num_knots=1696
2025-09-01 15:31:51,288 - Iter 48230: obj=-908.806857, change=1.05e-05, α=0.000, ‖θ[1:]‖₁=93.369, h_range=[1.00e-08, 1.17e+01], num_knots=1696
2025-09-01 15:31:51,401 - Iter 48240: obj=-908.809784, change=1.05e-05, α=0.000, ‖θ[1:]‖₁=93.369, h_range=[1.00e-08, 1.17e+01], num_knots=1696
2025-09-01 15:31:51,519 - Iter 48250: obj=-908.812710, change=1.05e-05, α=0.000, ‖θ[1:]‖₁=93.369, h_range=[1.00e-08, 1.17e+01], num_knots=1695
2025-09-01 15:31:51,618 - Iter 48260: obj=-908.815636, change=1.05e-05, α=0.000, ‖θ[1:]‖₁=93.369, h_range=[1.00e-08, 1.17e+01], num_knots=1695
2025-09-01 15:31:51,734 - Iter 48270: obj=-908.818562, change=1.05e-05, α=0.000, ‖θ[1:]‖₁=93.370, h_range=[1.00e-08, 1.17e+01], num_knots=1695
2025-09-01 15:31:51,849 - Iter 48280: obj=-908.821487, change=1.05e-05, α=0.000, ‖θ[1:]‖₁=93.370, h_range=[1.00e-08, 1.17e+01], num_knots=1695
2025-09-01 15:31:51,959 - Iter 48290: obj=-908.824412, change=1.05e-05, α=0.000, ‖θ[1:]‖₁=93.370, h_range=[1.00e-08, 1.17e+01], num_knots=1695
2025-09-01 15:31:52,053 - Iter 48300: obj=-908.827337, change=1.05e-05, α=0.000, ‖θ[1:]‖₁=93.370, h_range=[1.00e-08, 1.17e+01], num_knots=1695
2025-09-01 15:31:52,157 - Iter 48310: obj=-908.830261, change=1.05e-05, α=0.000, ‖θ[1:]‖₁=93.370, h_range=[1.00e-08, 1.17e+01], num_knots=1695
2025-09-01 15:31:52,271 - Iter 48320: obj=-908.833178, change=1.05e-05, α=0.000, ‖θ[1:]‖₁=93.370, h_range=[1.00e-08, 1.17e+01], num_knots=1694
2025-09-01 15:31:52,382 - Iter 48330: obj=-908.836069, change=1.05e-05, α=0.000, ‖θ[1:]‖₁=93.370, h_range=[1.00e-08, 1.17e+01], num_knots=1694
2025-09-01 15:31:52,473 - Iter 48340: obj=-908.838959, change=1.05e-05, α=0.000, ‖θ[1:]‖₁=93.371, h_range=[1.00e-08, 1.17e+01], num_knots=1694
2025-09-01 15:31:52,585 - Iter 48350: obj=-908.841849, change=1.05e-05, α=0.000, ‖θ[1:]‖₁=93.371, h_range=[1.00e-08, 1.17e+01], num_knots=1694
2025-09-01 15:31:52,688 - Iter 48360: obj=-908.844739, change=1.05e-05, α=0.000, ‖θ[1:]‖₁=93.371, h_range=[1.00e-08, 1.17e+01], num_knots=1694
2025-09-01 15:31:52,809 - Iter 48370: obj=-908.847628, change=1.05e-05, α=0.000, ‖θ[1:]‖₁=93.371, h_range=[1.00e-08, 1.17e+01], num_knots=1694
2025-09-01 15:31:52,911 - Iter 48380: obj=-908.850517, change=1.05e-05, α=0.000, ‖θ[1:]‖₁=93.371, h_range=[1.00e-08, 1.17e+01], num_knots=1694
2025-09-01 15:31:53,036 - Iter 48390: obj=-908.853406, change=1.05e-05, α=0.000, ‖θ[1:]‖₁=93.372, h_range=[1.00e-08, 1.17e+01], num_knots=1694
2025-09-01 15:31:53,135 - Iter 48400: obj=-908.856294, change=1.05e-05, α=0.000, ‖θ[1:]‖₁=93.372, h_range=[1.00e-08, 1.17e+01], num_knots=1694
2025-09-01 15:31:53,236 - Iter 48410: obj=-908.859182, change=1.05e-05, α=0.000, ‖θ[1:]‖₁=93.372, h_range=[1.00e-08, 1.17e+01], num_knots=1694
2025-09-01 15:31:53,357 - Iter 48420: obj=-908.862069, change=1.05e-05, α=0.000, ‖θ[1:]‖₁=93.372, h_range=[1.00e-08, 1.17e+01], num_knots=1694
2025-09-01 15:31:53,460 - Iter 48430: obj=-908.864956, change=1.05e-05, α=0.000, ‖θ[1:]‖₁=93.372, h_range=[1.00e-08, 1.17e+01], num_knots=1694
2025-09-01 15:31:53,581 - Iter 48440: obj=-908.867843, change=1.05e-05, α=0.000, ‖θ[1:]‖₁=93.372, h_range=[1.00e-08, 1.17e+01], num_knots=1694
2025-09-01 15:31:53,698 - Iter 48450: obj=-908.870729, change=1.05e-05, α=0.000, ‖θ[1:]‖₁=93.373, h_range=[1.00e-08, 1.17e+01], num_knots=1694
2025-09-01 15:31:53,815 - Iter 48460: obj=-908.873615, change=1.05e-05, α=0.000, ‖θ[1:]‖₁=93.373, h_range=[1.00e-08, 1.17e+01], num_knots=1694
2025-09-01 15:31:53,930 - Iter 48470: obj=-908.876500, change=1.05e-05, α=0.000, ‖θ[1:]‖₁=93.373, h_range=[1.00e-08, 1.17e+01], num_knots=1694
2025-09-01 15:31:54,037 - Iter 48480: obj=-908.879385, change=1.05e-05, α=0.000, ‖θ[1:]‖₁=93.373, h_range=[1.00e-08, 1.17e+01], num_knots=1694
2025-09-01 15:31:54,191 - Iter 48490: obj=-908.882270, change=1.05e-05, α=0.000, ‖θ[1:]‖₁=93.373, h_range=[1.00e-08, 1.17e+01], num_knots=1694
2025-09-01 15:31:54,292 - Iter 48500: obj=-908.885154, change=1.05e-05, α=0.000, ‖θ[1:]‖₁=93.373, h_range=[1.00e-08, 1.17e+01], num_knots=1694
2025-09-01 15:31:54,396 - Iter 48510: obj=-908.888038, change=1.05e-05, α=0.000, ‖θ[1:]‖₁=93.374, h_range=[1.00e-08, 1.17e+01], num_knots=1694
2025-09-01 15:31:54,512 - Iter 48520: obj=-908.890921, change=1.05e-05, α=0.000, ‖θ[1:]‖₁=93.374, h_range=[1.00e-08, 1.17e+01], num_knots=1694
2025-09-01 15:31:54,632 - Iter 48530: obj=-908.893804, change=1.05e-05, α=0.000, ‖θ[1:]‖₁=93.374, h_range=[1.00e-08, 1.17e+01], num_knots=1694
2025-09-01 15:31:54,748 - Iter 48540: obj=-908.896687, change=1.05e-05, α=0.000, ‖θ[1:]‖₁=93.374, h_range=[1.00e-08, 1.17e+01], num_knots=1694
2025-09-01 15:31:54,864 - Iter 48550: obj=-908.899569, change=1.05e-05, α=0.000, ‖θ[1:]‖₁=93.374, h_range=[1.00e-08, 1.17e+01], num_knots=1694
2025-09-01 15:31:54,994 - Iter 48560: obj=-908.902451, change=1.05e-05, α=0.000, ‖θ[1:]‖₁=93.374, h_range=[1.00e-08, 1.17e+01], num_knots=1694
2025-09-01 15:31:55,109 - Iter 48570: obj=-908.905333, change=1.05e-05, α=0.000, ‖θ[1:]‖₁=93.375, h_range=[1.00e-08, 1.17e+01], num_knots=1694
2025-09-01 15:31:55,210 - Iter 48580: obj=-908.908214, change=1.05e-05, α=0.000, ‖θ[1:]‖₁=93.375, h_range=[1.00e-08, 1.17e+01], num_knots=1694
2025-09-01 15:31:55,313 - Iter 48590: obj=-908.911095, change=1.05e-05, α=0.000, ‖θ[1:]‖₁=93.375, h_range=[1.00e-08, 1.17e+01], num_knots=1694
2025-09-01 15:31:55,429 - Iter 48600: obj=-908.913975, change=1.05e-05, α=0.000, ‖θ[1:]‖₁=93.375, h_range=[1.00e-08, 1.17e+01], num_knots=1694
2025-09-01 15:31:55,539 - Iter 48610: obj=-908.916855, change=1.05e-05, α=0.000, ‖θ[1:]‖₁=93.375, h_range=[1.00e-08, 1.17e+01], num_knots=1693
2025-09-01 15:31:55,646 - Iter 48620: obj=-908.919734, change=1.05e-05, α=0.000, ‖θ[1:]‖₁=93.375, h_range=[1.00e-08, 1.17e+01], num_knots=1693
2025-09-01 15:31:55,751 - Iter 48630: obj=-908.922613, change=1.05e-05, α=0.000, ‖θ[1:]‖₁=93.375, h_range=[1.00e-08, 1.17e+01], num_knots=1693
2025-09-01 15:31:55,866 - Iter 48640: obj=-908.925491, change=1.05e-05, α=0.000, ‖θ[1:]‖₁=93.376, h_range=[1.00e-08, 1.17e+01], num_knots=1692
2025-09-01 15:31:55,975 - Iter 48650: obj=-908.928369, change=1.05e-05, α=0.000, ‖θ[1:]‖₁=93.376, h_range=[1.00e-08, 1.17e+01], num_knots=1692
2025-09-01 15:31:56,081 - Iter 48660: obj=-908.931246, change=1.05e-05, α=0.000, ‖θ[1:]‖₁=93.376, h_range=[1.00e-08, 1.17e+01], num_knots=1692
2025-09-01 15:31:56,191 - Iter 48670: obj=-908.934123, change=1.05e-05, α=0.000, ‖θ[1:]‖₁=93.376, h_range=[1.00e-08, 1.17e+01], num_knots=1692
2025-09-01 15:31:56,296 - Iter 48680: obj=-908.936999, change=1.05e-05, α=0.000, ‖θ[1:]‖₁=93.376, h_range=[1.00e-08, 1.17e+01], num_knots=1692
2025-09-01 15:31:56,408 - Iter 48690: obj=-908.939875, change=1.05e-05, α=0.000, ‖θ[1:]‖₁=93.376, h_range=[1.00e-08, 1.17e+01], num_knots=1692
2025-09-01 15:31:56,511 - Iter 48700: obj=-908.942751, change=1.05e-05, α=0.000, ‖θ[1:]‖₁=93.377, h_range=[1.00e-08, 1.17e+01], num_knots=1692
2025-09-01 15:31:56,635 - Iter 48710: obj=-908.945626, change=1.05e-05, α=0.000, ‖θ[1:]‖₁=93.377, h_range=[1.00e-08, 1.17e+01], num_knots=1691
2025-09-01 15:31:56,753 - Iter 48720: obj=-908.948500, change=1.05e-05, α=0.000, ‖θ[1:]‖₁=93.377, h_range=[1.00e-08, 1.17e+01], num_knots=1691
2025-09-01 15:31:56,875 - Iter 48730: obj=-908.951374, change=1.05e-05, α=0.000, ‖θ[1:]‖₁=93.377, h_range=[1.00e-08, 1.17e+01], num_knots=1691
2025-09-01 15:31:56,986 - Iter 48740: obj=-908.954247, change=1.05e-05, α=0.000, ‖θ[1:]‖₁=93.377, h_range=[1.00e-08, 1.17e+01], num_knots=1691
2025-09-01 15:31:57,098 - Iter 48750: obj=-908.957120, change=1.05e-05, α=0.000, ‖θ[1:]‖₁=93.377, h_range=[1.00e-08, 1.17e+01], num_knots=1691
2025-09-01 15:31:57,210 - Iter 48760: obj=-908.959993, change=1.05e-05, α=0.000, ‖θ[1:]‖₁=93.377, h_range=[1.00e-08, 1.17e+01], num_knots=1691
2025-09-01 15:31:57,310 - Iter 48770: obj=-908.962865, change=1.05e-05, α=0.000, ‖θ[1:]‖₁=93.378, h_range=[1.00e-08, 1.17e+01], num_knots=1691
2025-09-01 15:31:57,426 - Iter 48780: obj=-908.965737, change=1.05e-05, α=0.000, ‖θ[1:]‖₁=93.378, h_range=[1.00e-08, 1.17e+01], num_knots=1691
2025-09-01 15:31:57,543 - Iter 48790: obj=-908.968608, change=1.05e-05, α=0.000, ‖θ[1:]‖₁=93.378, h_range=[1.00e-08, 1.17e+01], num_knots=1691
2025-09-01 15:31:57,647 - Iter 48800: obj=-908.971479, change=1.05e-05, α=0.000, ‖θ[1:]‖₁=93.378, h_range=[1.00e-08, 1.17e+01], num_knots=1691
2025-09-01 15:31:57,769 - Iter 48810: obj=-908.974350, change=1.05e-05, α=0.000, ‖θ[1:]‖₁=93.378, h_range=[1.00e-08, 1.17e+01], num_knots=1691
2025-09-01 15:31:57,853 - Iter 48820: obj=-908.977220, change=1.05e-05, α=0.000, ‖θ[1:]‖₁=93.378, h_range=[1.00e-08, 1.17e+01], num_knots=1691
2025-09-01 15:31:57,967 - Iter 48830: obj=-908.980090, change=1.05e-05, α=0.000, ‖θ[1:]‖₁=93.379, h_range=[1.00e-08, 1.17e+01], num_knots=1690
2025-09-01 15:31:58,075 - Iter 48840: obj=-908.982959, change=1.05e-05, α=0.000, ‖θ[1:]‖₁=93.379, h_range=[1.00e-08, 1.17e+01], num_knots=1690
2025-09-01 15:31:58,185 - Iter 48850: obj=-908.985828, change=1.05e-05, α=0.000, ‖θ[1:]‖₁=93.379, h_range=[1.00e-08, 1.17e+01], num_knots=1690
2025-09-01 15:31:58,290 - Iter 48860: obj=-908.988696, change=1.05e-05, α=0.000, ‖θ[1:]‖₁=93.379, h_range=[1.00e-08, 1.17e+01], num_knots=1690
2025-09-01 15:31:58,387 - Iter 48870: obj=-908.991564, change=1.05e-05, α=0.000, ‖θ[1:]‖₁=93.379, h_range=[1.00e-08, 1.17e+01], num_knots=1690
2025-09-01 15:31:58,495 - Iter 48880: obj=-908.994431, change=1.05e-05, α=0.000, ‖θ[1:]‖₁=93.379, h_range=[1.00e-08, 1.17e+01], num_knots=1690
2025-09-01 15:31:58,612 - Iter 48890: obj=-908.997298, change=1.05e-05, α=0.000, ‖θ[1:]‖₁=93.379, h_range=[1.00e-08, 1.17e+01], num_knots=1690
2025-09-01 15:31:58,719 - Iter 48900: obj=-909.000165, change=1.05e-05, α=0.000, ‖θ[1:]‖₁=93.380, h_range=[1.00e-08, 1.17e+01], num_knots=1690
2025-09-01 15:31:58,836 - Iter 48910: obj=-909.003031, change=1.05e-05, α=0.000, ‖θ[1:]‖₁=93.380, h_range=[1.00e-08, 1.17e+01], num_knots=1690
2025-09-01 15:31:58,954 - Iter 48920: obj=-909.005897, change=1.05e-05, α=0.000, ‖θ[1:]‖₁=93.380, h_range=[1.00e-08, 1.17e+01], num_knots=1690
2025-09-01 15:31:59,076 - Iter 48930: obj=-909.008763, change=1.05e-05, α=0.000, ‖θ[1:]‖₁=93.380, h_range=[1.00e-08, 1.17e+01], num_knots=1690
2025-09-01 15:31:59,192 - Iter 48940: obj=-909.011628, change=1.05e-05, α=0.000, ‖θ[1:]‖₁=93.380, h_range=[1.00e-08, 1.17e+01], num_knots=1690
2025-09-01 15:31:59,337 - Iter 48950: obj=-909.014493, change=1.04e-05, α=0.000, ‖θ[1:]‖₁=93.380, h_range=[1.00e-08, 1.17e+01], num_knots=1690
2025-09-01 15:31:59,447 - Iter 48960: obj=-909.017357, change=1.04e-05, α=0.000, ‖θ[1:]‖₁=93.380, h_range=[1.00e-08, 1.17e+01], num_knots=1690
2025-09-01 15:31:59,582 - Iter 48970: obj=-909.020221, change=1.04e-05, α=0.000, ‖θ[1:]‖₁=93.381, h_range=[1.00e-08, 1.17e+01], num_knots=1690
2025-09-01 15:31:59,691 - Iter 48980: obj=-909.023085, change=1.04e-05, α=0.000, ‖θ[1:]‖₁=93.381, h_range=[1.00e-08, 1.17e+01], num_knots=1690
2025-09-01 15:31:59,824 - Iter 48990: obj=-909.025948, change=1.04e-05, α=0.000, ‖θ[1:]‖₁=93.381, h_range=[1.00e-08, 1.17e+01], num_knots=1690
2025-09-01 15:31:59,943 - Iter 49000: obj=-909.028811, change=1.04e-05, α=0.000, ‖θ[1:]‖₁=93.381, h_range=[1.00e-08, 1.17e+01], num_knots=1690
2025-09-01 15:32:00,047 - Iter 49010: obj=-909.031674, change=1.04e-05, α=0.000, ‖θ[1:]‖₁=93.381, h_range=[1.00e-08, 1.17e+01], num_knots=1690
2025-09-01 15:32:00,165 - Iter 49020: obj=-909.034536, change=1.04e-05, α=0.000, ‖θ[1:]‖₁=93.381, h_range=[1.00e-08, 1.17e+01], num_knots=1690
2025-09-01 15:32:00,286 - Iter 49030: obj=-909.037398, change=1.04e-05, α=0.000, ‖θ[1:]‖₁=93.381, h_range=[1.00e-08, 1.17e+01], num_knots=1690
2025-09-01 15:32:00,407 - Iter 49040: obj=-909.040259, change=1.04e-05, α=0.000, ‖θ[1:]‖₁=93.381, h_range=[1.00e-08, 1.17e+01], num_knots=1690
2025-09-01 15:32:00,525 - Iter 49050: obj=-909.043120, change=1.04e-05, α=0.000, ‖θ[1:]‖₁=93.382, h_range=[1.00e-08, 1.17e+01], num_knots=1690
2025-09-01 15:32:00,631 - Iter 49060: obj=-909.045981, change=1.04e-05, α=0.000, ‖θ[1:]‖₁=93.382, h_range=[1.00e-08, 1.17e+01], num_knots=1690
2025-09-01 15:32:00,758 - Iter 49070: obj=-909.048841, change=1.04e-05, α=0.000, ‖θ[1:]‖₁=93.382, h_range=[1.00e-08, 1.17e+01], num_knots=1690
2025-09-01 15:32:00,880 - Iter 49080: obj=-909.051701, change=1.04e-05, α=0.000, ‖θ[1:]‖₁=93.382, h_range=[1.00e-08, 1.17e+01], num_knots=1690
2025-09-01 15:32:01,012 - Iter 49090: obj=-909.054561, change=1.04e-05, α=0.000, ‖θ[1:]‖₁=93.382, h_range=[1.00e-08, 1.17e+01], num_knots=1689
2025-09-01 15:32:01,134 - Iter 49100: obj=-909.057419, change=1.04e-05, α=0.000, ‖θ[1:]‖₁=93.382, h_range=[1.00e-08, 1.17e+01], num_knots=1689
2025-09-01 15:32:01,280 - Iter 49110: obj=-909.060277, change=1.04e-05, α=0.000, ‖θ[1:]‖₁=93.382, h_range=[1.00e-08, 1.17e+01], num_knots=1689
2025-09-01 15:32:01,380 - Iter 49120: obj=-909.063130, change=1.04e-05, α=0.000, ‖θ[1:]‖₁=93.382, h_range=[1.00e-08, 1.17e+01], num_knots=1688
2025-09-01 15:32:01,510 - Iter 49130: obj=-909.065981, change=1.04e-05, α=0.000, ‖θ[1:]‖₁=93.383, h_range=[1.00e-08, 1.17e+01], num_knots=1688
2025-09-01 15:32:01,608 - Iter 49140: obj=-909.068832, change=1.04e-05, α=0.000, ‖θ[1:]‖₁=93.383, h_range=[1.00e-08, 1.17e+01], num_knots=1688
2025-09-01 15:32:01,690 - Iter 49150: obj=-909.071683, change=1.04e-05, α=0.000, ‖θ[1:]‖₁=93.383, h_range=[1.00e-08, 1.17e+01], num_knots=1688
2025-09-01 15:32:01,772 - Iter 49160: obj=-909.074533, change=1.04e-05, α=0.000, ‖θ[1:]‖₁=93.383, h_range=[1.00e-08, 1.17e+01], num_knots=1688
2025-09-01 15:32:01,862 - Iter 49170: obj=-909.077383, change=1.04e-05, α=0.000, ‖θ[1:]‖₁=93.383, h_range=[1.00e-08, 1.17e+01], num_knots=1688
2025-09-01 15:32:01,961 - Iter 49180: obj=-909.080232, change=1.04e-05, α=0.000, ‖θ[1:]‖₁=93.383, h_range=[1.00e-08, 1.17e+01], num_knots=1688
2025-09-01 15:32:02,081 - Iter 49190: obj=-909.083081, change=1.04e-05, α=0.000, ‖θ[1:]‖₁=93.384, h_range=[1.00e-08, 1.17e+01], num_knots=1688
2025-09-01 15:32:02,181 - Iter 49200: obj=-909.085930, change=1.04e-05, α=0.000, ‖θ[1:]‖₁=93.384, h_range=[1.00e-08, 1.17e+01], num_knots=1688
2025-09-01 15:32:02,288 - Iter 49210: obj=-909.088778, change=1.04e-05, α=0.000, ‖θ[1:]‖₁=93.384, h_range=[1.00e-08, 1.17e+01], num_knots=1688
2025-09-01 15:32:02,395 - Iter 49220: obj=-909.091626, change=1.04e-05, α=0.000, ‖θ[1:]‖₁=93.384, h_range=[1.00e-08, 1.17e+01], num_knots=1688
2025-09-01 15:32:02,500 - Iter 49230: obj=-909.094473, change=1.04e-05, α=0.000, ‖θ[1:]‖₁=93.384, h_range=[1.00e-08, 1.17e+01], num_knots=1688
2025-09-01 15:32:02,587 - Iter 49240: obj=-909.097320, change=1.04e-05, α=0.000, ‖θ[1:]‖₁=93.384, h_range=[1.00e-08, 1.17e+01], num_knots=1688
2025-09-01 15:32:02,680 - Iter 49250: obj=-909.100167, change=1.04e-05, α=0.000, ‖θ[1:]‖₁=93.384, h_range=[1.00e-08, 1.17e+01], num_knots=1688
2025-09-01 15:32:02,810 - Iter 49260: obj=-909.103014, change=1.04e-05, α=0.000, ‖θ[1:]‖₁=93.385, h_range=[1.00e-08, 1.17e+01], num_knots=1688
2025-09-01 15:32:02,944 - Iter 49270: obj=-909.105860, change=1.04e-05, α=0.000, ‖θ[1:]‖₁=93.385, h_range=[1.00e-08, 1.17e+01], num_knots=1688
2025-09-01 15:32:03,083 - Iter 49280: obj=-909.108705, change=1.04e-05, α=0.000, ‖θ[1:]‖₁=93.385, h_range=[1.00e-08, 1.17e+01], num_knots=1688
2025-09-01 15:32:03,205 - Iter 49290: obj=-909.111551, change=1.04e-05, α=0.000, ‖θ[1:]‖₁=93.385, h_range=[1.00e-08, 1.17e+01], num_knots=1688
2025-09-01 15:32:03,335 - Iter 49300: obj=-909.114395, change=1.04e-05, α=0.000, ‖θ[1:]‖₁=93.385, h_range=[1.00e-08, 1.17e+01], num_knots=1687
2025-09-01 15:32:03,460 - Iter 49310: obj=-909.117239, change=1.04e-05, α=0.000, ‖θ[1:]‖₁=93.385, h_range=[1.00e-08, 1.17e+01], num_knots=1687
2025-09-01 15:32:03,572 - Iter 49320: obj=-909.120082, change=1.04e-05, α=0.000, ‖θ[1:]‖₁=93.385, h_range=[1.00e-08, 1.17e+01], num_knots=1687
2025-09-01 15:32:03,704 - Iter 49330: obj=-909.122925, change=1.04e-05, α=0.000, ‖θ[1:]‖₁=93.386, h_range=[1.00e-08, 1.17e+01], num_knots=1686
2025-09-01 15:32:03,842 - Iter 49340: obj=-909.125768, change=1.04e-05, α=0.000, ‖θ[1:]‖₁=93.386, h_range=[1.00e-08, 1.17e+01], num_knots=1686
2025-09-01 15:32:03,971 - Iter 49350: obj=-909.128609, change=1.04e-05, α=0.000, ‖θ[1:]‖₁=93.386, h_range=[1.00e-08, 1.17e+01], num_knots=1686
2025-09-01 15:32:04,099 - Iter 49360: obj=-909.131425, change=1.04e-05, α=0.000, ‖θ[1:]‖₁=93.386, h_range=[1.00e-08, 1.17e+01], num_knots=1685
2025-09-01 15:32:04,224 - Iter 49370: obj=-909.134234, change=1.04e-05, α=0.000, ‖θ[1:]‖₁=93.386, h_range=[1.00e-08, 1.17e+01], num_knots=1683
2025-09-01 15:32:04,378 - Iter 49380: obj=-909.137041, change=1.04e-05, α=0.000, ‖θ[1:]‖₁=93.386, h_range=[1.00e-08, 1.17e+01], num_knots=1683
2025-09-01 15:32:04,489 - Iter 49390: obj=-909.139848, change=1.04e-05, α=0.000, ‖θ[1:]‖₁=93.387, h_range=[1.00e-08, 1.17e+01], num_knots=1683
2025-09-01 15:32:04,600 - Iter 49400: obj=-909.142654, change=1.04e-05, α=0.000, ‖θ[1:]‖₁=93.387, h_range=[1.00e-08, 1.17e+01], num_knots=1683
2025-09-01 15:32:04,715 - Iter 49410: obj=-909.145461, change=1.04e-05, α=0.000, ‖θ[1:]‖₁=93.387, h_range=[1.00e-08, 1.17e+01], num_knots=1683
2025-09-01 15:32:04,810 - Iter 49420: obj=-909.148266, change=1.04e-05, α=0.000, ‖θ[1:]‖₁=93.387, h_range=[1.00e-08, 1.17e+01], num_knots=1683
2025-09-01 15:32:04,918 - Iter 49430: obj=-909.151072, change=1.04e-05, α=0.000, ‖θ[1:]‖₁=93.387, h_range=[1.00e-08, 1.17e+01], num_knots=1683
2025-09-01 15:32:05,033 - Iter 49440: obj=-909.153877, change=1.04e-05, α=0.000, ‖θ[1:]‖₁=93.388, h_range=[1.00e-08, 1.17e+01], num_knots=1683
2025-09-01 15:32:05,141 - Iter 49450: obj=-909.156682, change=1.04e-05, α=0.000, ‖θ[1:]‖₁=93.388, h_range=[1.00e-08, 1.17e+01], num_knots=1683
2025-09-01 15:32:05,255 - Iter 49460: obj=-909.159486, change=1.04e-05, α=0.000, ‖θ[1:]‖₁=93.388, h_range=[1.00e-08, 1.17e+01], num_knots=1682
2025-09-01 15:32:05,365 - Iter 49470: obj=-909.162289, change=1.04e-05, α=0.000, ‖θ[1:]‖₁=93.388, h_range=[1.00e-08, 1.17e+01], num_knots=1682
2025-09-01 15:32:05,488 - Iter 49480: obj=-909.165092, change=1.04e-05, α=0.000, ‖θ[1:]‖₁=93.388, h_range=[1.00e-08, 1.17e+01], num_knots=1682
2025-09-01 15:32:05,602 - Iter 49490: obj=-909.167894, change=1.04e-05, α=0.000, ‖θ[1:]‖₁=93.389, h_range=[1.00e-08, 1.17e+01], num_knots=1682
2025-09-01 15:32:05,695 - Iter 49500: obj=-909.170696, change=1.04e-05, α=0.000, ‖θ[1:]‖₁=93.389, h_range=[1.00e-08, 1.17e+01], num_knots=1682
2025-09-01 15:32:05,821 - Iter 49510: obj=-909.173498, change=1.04e-05, α=0.000, ‖θ[1:]‖₁=93.389, h_range=[1.00e-08, 1.17e+01], num_knots=1682
2025-09-01 15:32:05,939 - Iter 49520: obj=-909.176300, change=1.04e-05, α=0.000, ‖θ[1:]‖₁=93.389, h_range=[1.00e-08, 1.17e+01], num_knots=1682
2025-09-01 15:32:06,059 - Iter 49530: obj=-909.179101, change=1.04e-05, α=0.000, ‖θ[1:]‖₁=93.389, h_range=[1.00e-08, 1.17e+01], num_knots=1682
2025-09-01 15:32:06,183 - Iter 49540: obj=-909.181901, change=1.04e-05, α=0.000, ‖θ[1:]‖₁=93.390, h_range=[1.00e-08, 1.17e+01], num_knots=1682
2025-09-01 15:32:06,307 - Iter 49550: obj=-909.184702, change=1.04e-05, α=0.000, ‖θ[1:]‖₁=93.390, h_range=[1.00e-08, 1.17e+01], num_knots=1682
2025-09-01 15:32:06,421 - Iter 49560: obj=-909.187501, change=1.04e-05, α=0.000, ‖θ[1:]‖₁=93.390, h_range=[1.00e-08, 1.17e+01], num_knots=1681
2025-09-01 15:32:06,522 - Iter 49570: obj=-909.190300, change=1.04e-05, α=0.000, ‖θ[1:]‖₁=93.390, h_range=[1.00e-08, 1.17e+01], num_knots=1681
2025-09-01 15:32:06,622 - Iter 49580: obj=-909.193098, change=1.04e-05, α=0.000, ‖θ[1:]‖₁=93.390, h_range=[1.00e-08, 1.17e+01], num_knots=1680
2025-09-01 15:32:06,729 - Iter 49590: obj=-909.195895, change=1.04e-05, α=0.000, ‖θ[1:]‖₁=93.391, h_range=[1.00e-08, 1.17e+01], num_knots=1678
2025-09-01 15:32:06,826 - Iter 49600: obj=-909.198690, change=1.04e-05, α=0.000, ‖θ[1:]‖₁=93.391, h_range=[1.00e-08, 1.17e+01], num_knots=1678
2025-09-01 15:32:06,957 - Iter 49610: obj=-909.201486, change=1.04e-05, α=0.000, ‖θ[1:]‖₁=93.391, h_range=[1.00e-08, 1.17e+01], num_knots=1678
2025-09-01 15:32:07,092 - Iter 49620: obj=-909.204280, change=1.04e-05, α=0.000, ‖θ[1:]‖₁=93.391, h_range=[1.00e-08, 1.17e+01], num_knots=1677
2025-09-01 15:32:07,201 - Iter 49630: obj=-909.207074, change=1.04e-05, α=0.000, ‖θ[1:]‖₁=93.391, h_range=[1.00e-08, 1.17e+01], num_knots=1676
2025-09-01 15:32:07,299 - Iter 49640: obj=-909.209865, change=1.04e-05, α=0.000, ‖θ[1:]‖₁=93.392, h_range=[1.00e-08, 1.17e+01], num_knots=1675
2025-09-01 15:32:07,409 - Iter 49650: obj=-909.212652, change=1.04e-05, α=0.000, ‖θ[1:]‖₁=93.392, h_range=[1.00e-08, 1.17e+01], num_knots=1675
2025-09-01 15:32:07,513 - Iter 49660: obj=-909.215439, change=1.04e-05, α=0.000, ‖θ[1:]‖₁=93.392, h_range=[1.00e-08, 1.17e+01], num_knots=1675
2025-09-01 15:32:07,626 - Iter 49670: obj=-909.218225, change=1.04e-05, α=0.000, ‖θ[1:]‖₁=93.392, h_range=[1.00e-08, 1.17e+01], num_knots=1675
2025-09-01 15:32:07,741 - Iter 49680: obj=-909.221011, change=1.04e-05, α=0.000, ‖θ[1:]‖₁=93.392, h_range=[1.00e-08, 1.17e+01], num_knots=1675
2025-09-01 15:32:07,844 - Iter 49690: obj=-909.223797, change=1.04e-05, α=0.000, ‖θ[1:]‖₁=93.393, h_range=[1.00e-08, 1.17e+01], num_knots=1675
2025-09-01 15:32:07,960 - Iter 49700: obj=-909.226582, change=1.04e-05, α=0.000, ‖θ[1:]‖₁=93.393, h_range=[1.00e-08, 1.17e+01], num_knots=1675
2025-09-01 15:32:08,077 - Iter 49710: obj=-909.229367, change=1.04e-05, α=0.000, ‖θ[1:]‖₁=93.393, h_range=[1.00e-08, 1.17e+01], num_knots=1674
2025-09-01 15:32:08,185 - Iter 49720: obj=-909.232151, change=1.04e-05, α=0.000, ‖θ[1:]‖₁=93.393, h_range=[1.00e-08, 1.17e+01], num_knots=1674
2025-09-01 15:32:08,291 - Iter 49730: obj=-909.234934, change=1.04e-05, α=0.000, ‖θ[1:]‖₁=93.394, h_range=[1.00e-08, 1.17e+01], num_knots=1674
2025-09-01 15:32:08,408 - Iter 49740: obj=-909.237717, change=1.04e-05, α=0.000, ‖θ[1:]‖₁=93.394, h_range=[1.00e-08, 1.17e+01], num_knots=1674
2025-09-01 15:32:08,514 - Iter 49750: obj=-909.240500, change=1.04e-05, α=0.000, ‖θ[1:]‖₁=93.394, h_range=[1.00e-08, 1.17e+01], num_knots=1674
2025-09-01 15:32:08,628 - Iter 49760: obj=-909.243282, change=1.04e-05, α=0.000, ‖θ[1:]‖₁=93.394, h_range=[1.00e-08, 1.17e+01], num_knots=1674
2025-09-01 15:32:08,748 - Iter 49770: obj=-909.246064, change=1.04e-05, α=0.000, ‖θ[1:]‖₁=93.394, h_range=[1.00e-08, 1.17e+01], num_knots=1674
2025-09-01 15:32:08,850 - Iter 49780: obj=-909.248846, change=1.04e-05, α=0.000, ‖θ[1:]‖₁=93.395, h_range=[1.00e-08, 1.17e+01], num_knots=1674
2025-09-01 15:32:08,968 - Iter 49790: obj=-909.251627, change=1.04e-05, α=0.000, ‖θ[1:]‖₁=93.395, h_range=[1.00e-08, 1.17e+01], num_knots=1674
2025-09-01 15:32:09,071 - Iter 49800: obj=-909.254408, change=1.04e-05, α=0.000, ‖θ[1:]‖₁=93.395, h_range=[1.00e-08, 1.17e+01], num_knots=1674
2025-09-01 15:32:09,169 - Iter 49810: obj=-909.257189, change=1.04e-05, α=0.000, ‖θ[1:]‖₁=93.395, h_range=[1.00e-08, 1.17e+01], num_knots=1674
2025-09-01 15:32:09,282 - Iter 49820: obj=-909.259969, change=1.04e-05, α=0.000, ‖θ[1:]‖₁=93.396, h_range=[1.00e-08, 1.17e+01], num_knots=1674
2025-09-01 15:32:09,445 - Iter 49830: obj=-909.262749, change=1.04e-05, α=0.000, ‖θ[1:]‖₁=93.396, h_range=[1.00e-08, 1.17e+01], num_knots=1674
2025-09-01 15:32:09,550 - Iter 49840: obj=-909.265528, change=1.04e-05, α=0.000, ‖θ[1:]‖₁=93.396, h_range=[1.00e-08, 1.17e+01], num_knots=1674
2025-09-01 15:32:09,663 - Iter 49850: obj=-909.268307, change=1.04e-05, α=0.000, ‖θ[1:]‖₁=93.396, h_range=[1.00e-08, 1.17e+01], num_knots=1674
2025-09-01 15:32:09,766 - Iter 49860: obj=-909.271086, change=1.04e-05, α=0.000, ‖θ[1:]‖₁=93.396, h_range=[1.00e-08, 1.17e+01], num_knots=1674
2025-09-01 15:32:09,856 - Iter 49870: obj=-909.273864, change=1.04e-05, α=0.000, ‖θ[1:]‖₁=93.397, h_range=[1.00e-08, 1.17e+01], num_knots=1674
2025-09-01 15:32:09,966 - Iter 49880: obj=-909.276642, change=1.04e-05, α=0.000, ‖θ[1:]‖₁=93.397, h_range=[1.00e-08, 1.17e+01], num_knots=1674
2025-09-01 15:32:10,095 - Iter 49890: obj=-909.279420, change=1.04e-05, α=0.000, ‖θ[1:]‖₁=93.397, h_range=[1.00e-08, 1.17e+01], num_knots=1674
2025-09-01 15:32:10,201 - Iter 49900: obj=-909.282197, change=1.04e-05, α=0.000, ‖θ[1:]‖₁=93.397, h_range=[1.00e-08, 1.17e+01], num_knots=1674
2025-09-01 15:32:10,306 - Iter 49910: obj=-909.284974, change=1.04e-05, α=0.000, ‖θ[1:]‖₁=93.397, h_range=[1.00e-08, 1.17e+01], num_knots=1674
2025-09-01 15:32:10,411 - Iter 49920: obj=-909.287751, change=1.04e-05, α=0.000, ‖θ[1:]‖₁=93.398, h_range=[1.00e-08, 1.17e+01], num_knots=1674
2025-09-01 15:32:10,540 - Iter 49930: obj=-909.290527, change=1.04e-05, α=0.000, ‖θ[1:]‖₁=93.398, h_range=[1.00e-08, 1.17e+01], num_knots=1674
2025-09-01 15:32:10,653 - Iter 49940: obj=-909.293303, change=1.04e-05, α=0.000, ‖θ[1:]‖₁=93.398, h_range=[1.00e-08, 1.17e+01], num_knots=1674
2025-09-01 15:32:10,770 - Iter 49950: obj=-909.296078, change=1.04e-05, α=0.000, ‖θ[1:]‖₁=93.398, h_range=[1.00e-08, 1.17e+01], num_knots=1674
2025-09-01 15:32:10,877 - Iter 49960: obj=-909.298853, change=1.04e-05, α=0.000, ‖θ[1:]‖₁=93.398, h_range=[1.00e-08, 1.17e+01], num_knots=1674
2025-09-01 15:32:10,991 - Iter 49970: obj=-909.301628, change=1.04e-05, α=0.000, ‖θ[1:]‖₁=93.399, h_range=[1.00e-08, 1.17e+01], num_knots=1674
2025-09-01 15:32:11,125 - Iter 49980: obj=-909.304402, change=1.04e-05, α=0.000, ‖θ[1:]‖₁=93.399, h_range=[1.00e-08, 1.17e+01], num_knots=1674
2025-09-01 15:32:11,236 - Iter 49990: obj=-909.307176, change=1.04e-05, α=0.000, ‖θ[1:]‖₁=93.399, h_range=[1.00e-08, 1.17e+01], num_knots=1672
2025-09-01 15:32:11,339 - Iter 50000: obj=-909.309948, change=1.04e-05, α=0.000, ‖θ[1:]‖₁=93.399, h_range=[1.00e-08, 1.17e+01], num_knots=1672
2025-09-01 15:32:11,339 - Final: selected_knots=1672, iterations=50000
