2025-09-07 00:19:46,005 - ProximalNewtonLBFGS: lam=0.05, memory=5, n_grid=200, basis_order=2, n_samples=3200, K=3203
2025-09-07 00:19:46,448 - Iter   0: obj=0.000000, change=1.90e-01, α=0.000, ‖θ[1:]‖₁=1.854, γ=122966.148, num_knots=3202
2025-09-07 00:19:46,882 - Iter  10: obj=-134.065429, change=2.96e-02, α=1.000, ‖θ[1:]‖₁=21.465, γ=1852.248, num_knots=3193
2025-09-07 00:19:47,473 - Iter  20: obj=-166.891309, change=3.79e-02, α=1.000, ‖θ[1:]‖₁=30.001, γ=590.956, num_knots=3202
2025-09-07 00:19:47,998 - Iter  30: obj=-202.968779, change=1.14e-02, α=1.000, ‖θ[1:]‖₁=39.216, γ=909.165, num_knots=3189
2025-09-07 00:19:48,448 - Iter  40: obj=-282.803063, change=1.96e-02, α=1.000, ‖θ[1:]‖₁=83.706, γ=1061.928, num_knots=3196
2025-09-07 00:19:48,871 - Iter  50: obj=-490.312589, change=3.74e-03, α=1.000, ‖θ[1:]‖₁=267.385, γ=866.014, num_knots=3201
2025-09-07 00:19:49,219 - Iter  60: obj=-510.613309, change=1.89e-03, α=1.000, ‖θ[1:]‖₁=289.117, γ=27.824, num_knots=3201
2025-09-07 00:19:49,575 - Iter  70: obj=-565.317721, change=1.55e-04, α=1.000, ‖θ[1:]‖₁=352.744, γ=127.723, num_knots=3200
2025-09-07 00:19:50,036 - Iter  80: obj=-637.513190, change=1.55e-04, α=1.000, ‖θ[1:]‖₁=443.018, γ=26512.291, num_knots=3198
2025-09-07 00:19:50,355 - Iter  90: obj=-780.109880, change=1.53e-02, α=1.000, ‖θ[1:]‖₁=642.857, γ=89348.812, num_knots=3197
2025-09-07 00:19:50,841 - Iter 100: obj=-960.887708, change=5.21e-03, α=0.001, ‖θ[1:]‖₁=945.075, γ=90855.999, num_knots=3191
2025-09-07 00:19:51,201 - Iter 110: obj=-968.933368, change=1.34e-02, α=1.000, ‖θ[1:]‖₁=959.443, γ=91080.956, num_knots=3192
2025-09-07 00:19:51,830 - Iter 120: obj=-975.190181, change=3.66e-03, α=0.250, ‖θ[1:]‖₁=970.386, γ=90753.374, num_knots=3192
2025-09-07 00:19:52,220 - Iter 130: obj=-978.086995, change=6.14e-03, α=1.000, ‖θ[1:]‖₁=975.798, γ=90956.876, num_knots=3192
2025-09-07 00:19:52,563 - Iter 140: obj=-981.135567, change=4.98e-03, α=1.000, ‖θ[1:]‖₁=981.394, γ=90917.886, num_knots=3192
2025-09-07 00:19:52,953 - Iter 150: obj=-984.164788, change=4.57e-03, α=1.000, ‖θ[1:]‖₁=987.019, γ=90904.271, num_knots=3192
2025-09-07 00:19:53,312 - Iter 160: obj=-987.274633, change=4.50e-03, α=1.000, ‖θ[1:]‖₁=992.842, γ=90901.480, num_knots=3192
2025-09-07 00:19:53,680 - Iter 170: obj=-989.897946, change=1.17e-04, α=1.000, ‖θ[1:]‖₁=997.709, γ=88117.080, num_knots=3192
2025-09-07 00:19:54,002 - Iter 180: obj=-993.870717, change=2.22e-03, α=1.000, ‖θ[1:]‖₁=1005.261, γ=90827.437, num_knots=3184
2025-09-07 00:19:54,404 - Iter 190: obj=-997.134390, change=4.86e-03, α=1.000, ‖θ[1:]‖₁=1011.549, γ=90928.529, num_knots=3191
2025-09-07 00:19:54,738 - Iter 200: obj=-999.998019, change=3.98e-03, α=1.000, ‖θ[1:]‖₁=1017.016, γ=90898.171, num_knots=3192
2025-09-07 00:19:55,075 - Iter 210: obj=-1004.434307, change=1.11e-04, α=1.000, ‖θ[1:]‖₁=1025.516, γ=5161.599, num_knots=3174
2025-09-07 00:19:55,408 - Iter 220: obj=-1005.147617, change=1.13e-04, α=1.000, ‖θ[1:]‖₁=1026.904, γ=128.538, num_knots=3189
2025-09-07 00:19:55,766 - Iter 230: obj=-1008.785969, change=1.12e-02, α=1.000, ‖θ[1:]‖₁=1034.889, γ=10799.759, num_knots=3154
2025-09-07 00:19:56,084 - Iter 240: obj=-1010.545061, change=6.96e-04, α=1.000, ‖θ[1:]‖₁=1037.429, γ=90702.670, num_knots=3187
2025-09-07 00:19:56,426 - Iter 250: obj=-1031.913746, change=3.37e-03, α=1.000, ‖θ[1:]‖₁=1080.192, γ=90698.507, num_knots=3186
2025-09-07 00:19:56,818 - Iter 260: obj=-1032.671670, change=1.08e-04, α=1.000, ‖θ[1:]‖₁=1081.697, γ=27029.336, num_knots=3138
2025-09-07 00:19:57,189 - Iter 270: obj=-1033.072705, change=1.08e-04, α=1.000, ‖θ[1:]‖₁=1082.514, γ=75390.585, num_knots=3146
2025-09-07 00:19:57,525 - Iter 280: obj=-1033.783059, change=1.08e-04, α=1.000, ‖θ[1:]‖₁=1083.961, γ=1070.411, num_knots=3185
2025-09-07 00:19:57,895 - Iter 290: obj=-1034.912638, change=8.23e-04, α=1.000, ‖θ[1:]‖₁=1086.298, γ=90707.256, num_knots=3152
2025-09-07 00:19:58,243 - Iter 300: obj=-1037.273085, change=1.07e-04, α=1.000, ‖θ[1:]‖₁=1091.101, γ=4847.663, num_knots=3184
2025-09-07 00:19:58,571 - Iter 310: obj=-1037.497159, change=3.09e-04, α=1.000, ‖θ[1:]‖₁=1091.577, γ=10.900, num_knots=3130
2025-09-07 00:19:59,000 - Iter 320: obj=-1071.729438, change=7.03e-02, α=1.000, ‖θ[1:]‖₁=1170.119, γ=25362.613, num_knots=3110
2025-09-07 00:19:59,461 - Iter 330: obj=-1075.474366, change=1.51e-02, α=1.000, ‖θ[1:]‖₁=1173.967, γ=90703.906, num_knots=3112
2025-09-07 00:19:59,816 - Iter 340: obj=-1077.311508, change=3.30e-04, α=1.000, ‖θ[1:]‖₁=1176.876, γ=90740.461, num_knots=3179
2025-09-07 00:20:00,156 - Iter 350: obj=-1078.425156, change=9.97e-05, α=1.000, ‖θ[1:]‖₁=1179.341, γ=6077.626, num_knots=3114
2025-09-07 00:20:00,522 - Iter 360: obj=-1084.343061, change=1.00e-03, α=1.000, ‖θ[1:]‖₁=1192.635, γ=1557.197, num_knots=3152
2025-09-07 00:20:00,905 - Iter 370: obj=-1084.817653, change=3.65e-03, α=1.000, ‖θ[1:]‖₁=1193.906, γ=1101.296, num_knots=3114
2025-09-07 00:20:01,261 - Iter 380: obj=-1204.095287, change=7.00e-05, α=1.000, ‖θ[1:]‖₁=1519.875, γ=723.076, num_knots=3163
2025-09-07 00:20:01,612 - Iter 390: obj=-1205.141758, change=7.03e-05, α=1.000, ‖θ[1:]‖₁=1523.019, γ=1834.435, num_knots=3163
2025-09-07 00:20:01,977 - Iter 400: obj=-1205.304446, change=1.70e-03, α=1.000, ‖θ[1:]‖₁=1523.616, γ=66627.345, num_knots=3069
2025-09-07 00:20:02,329 - Iter 410: obj=-1207.567235, change=4.87e-03, α=1.000, ‖θ[1:]‖₁=1530.488, γ=90689.598, num_knots=3161
2025-09-07 00:20:02,692 - Iter 420: obj=-1210.273531, change=1.13e-03, α=1.000, ‖θ[1:]‖₁=1538.782, γ=90782.486, num_knots=3101
2025-09-07 00:20:03,210 - Iter 430: obj=-1210.520456, change=8.12e-05, α=1.000, ‖θ[1:]‖₁=1539.531, γ=90496.412, num_knots=3076
2025-09-07 00:20:03,582 - Iter 440: obj=-1213.606605, change=4.75e-03, α=1.000, ‖θ[1:]‖₁=1549.224, γ=90696.154, num_knots=3160
2025-09-07 00:20:03,956 - Iter 450: obj=-1213.973187, change=6.60e-05, α=1.000, ‖θ[1:]‖₁=1550.304, γ=90704.386, num_knots=3094
2025-09-07 00:20:04,280 - Iter 460: obj=-1215.908197, change=2.41e-04, α=1.000, ‖θ[1:]‖₁=1556.406, γ=90518.437, num_knots=3160
2025-09-07 00:20:04,714 - Iter 470: obj=-1216.255387, change=6.60e-05, α=1.000, ‖θ[1:]‖₁=1557.506, γ=551.034, num_knots=3157
2025-09-07 00:20:05,063 - Iter 480: obj=-1216.491030, change=5.81e-03, α=1.000, ‖θ[1:]‖₁=1558.613, γ=1489.654, num_knots=3074
2025-09-07 00:20:05,374 - Iter 490: obj=-1216.739129, change=1.37e-01, α=1.000, ‖θ[1:]‖₁=1567.685, γ=348.001, num_knots=3055
2025-09-07 00:20:05,728 - Iter 500: obj=-1221.239138, change=2.59e-03, α=0.500, ‖θ[1:]‖₁=1573.478, γ=90741.110, num_knots=3155
2025-09-07 00:20:06,039 - Iter 510: obj=-1221.535047, change=1.80e-04, α=1.000, ‖θ[1:]‖₁=1574.426, γ=90758.173, num_knots=3099
2025-09-07 00:20:06,350 - Iter 520: obj=-1224.011185, change=6.70e-05, α=1.000, ‖θ[1:]‖₁=1582.518, γ=5934.093, num_knots=3153
2025-09-07 00:20:06,654 - Iter 530: obj=-1224.353101, change=6.30e-05, α=1.000, ‖θ[1:]‖₁=1583.604, γ=66894.061, num_knots=3099
2025-09-07 00:20:06,990 - Iter 540: obj=-1227.130906, change=6.21e-05, α=1.000, ‖θ[1:]‖₁=1592.759, γ=7472.620, num_knots=3053
2025-09-07 00:20:07,310 - Iter 550: obj=-1227.432591, change=5.16e-04, α=1.000, ‖θ[1:]‖₁=1593.789, γ=34538.788, num_knots=3054
2025-09-07 00:20:07,656 - Iter 560: obj=-1229.115451, change=5.89e-02, α=1.000, ‖θ[1:]‖₁=1603.012, γ=86639.906, num_knots=3046
2025-09-07 00:20:08,002 - Iter 570: obj=-1230.428809, change=2.99e-03, α=1.000, ‖θ[1:]‖₁=1603.939, γ=20614.385, num_knots=3057
2025-09-07 00:20:08,371 - Iter 580: obj=-1233.597372, change=1.60e-04, α=1.000, ‖θ[1:]‖₁=1614.483, γ=1593.651, num_knots=3124
2025-09-07 00:20:08,682 - Iter 590: obj=-1233.701918, change=7.07e-05, α=1.000, ‖θ[1:]‖₁=1614.833, γ=798.640, num_knots=3070
2025-09-07 00:20:08,964 - Iter 600: obj=-1233.878965, change=1.94e-03, α=1.000, ‖θ[1:]‖₁=1615.553, γ=77792.117, num_knots=3046
2025-09-07 00:20:09,270 - Iter 610: obj=-1233.951701, change=4.52e-02, α=1.000, ‖θ[1:]‖₁=1618.478, γ=421.026, num_knots=3041
2025-09-07 00:20:09,594 - Iter 620: obj=-1237.764193, change=6.21e-02, α=1.000, ‖θ[1:]‖₁=1632.621, γ=85985.883, num_knots=3034
2025-09-07 00:20:09,952 - Iter 630: obj=-1239.099031, change=2.40e-04, α=1.000, ‖θ[1:]‖₁=1633.425, γ=90741.434, num_knots=3083
2025-09-07 00:20:10,255 - Iter 640: obj=-1240.340189, change=3.72e-02, α=1.000, ‖θ[1:]‖₁=1640.041, γ=74845.032, num_knots=3039
2025-09-07 00:20:10,577 - Iter 650: obj=-1241.045399, change=2.72e-04, α=1.000, ‖θ[1:]‖₁=1640.243, γ=87409.587, num_knots=3036
2025-09-07 00:20:10,908 - Iter 660: obj=-1242.588652, change=7.08e-03, α=1.000, ‖θ[1:]‖₁=1646.082, γ=1105.926, num_knots=3108
2025-09-07 00:20:11,226 - Iter 670: obj=-1247.455852, change=6.72e-03, α=1.000, ‖θ[1:]‖₁=1663.540, γ=2346.621, num_knots=3080
2025-09-07 00:20:11,541 - Iter 680: obj=-1247.688890, change=1.70e-04, α=1.000, ‖θ[1:]‖₁=1663.963, γ=90746.319, num_knots=3078
2025-09-07 00:20:11,950 - Iter 690: obj=-1270.658467, change=1.72e-03, α=0.000, ‖θ[1:]‖₁=1754.637, γ=90681.213, num_knots=3061
2025-09-07 00:20:12,247 - Iter 700: obj=-1270.773995, change=3.65e-03, α=1.000, ‖θ[1:]‖₁=1755.289, γ=90493.367, num_knots=3005
2025-09-07 00:20:12,551 - Iter 710: obj=-1271.801614, change=7.05e-04, α=1.000, ‖θ[1:]‖₁=1759.198, γ=90739.598, num_knots=3125
2025-09-07 00:20:12,879 - Iter 720: obj=-1271.850812, change=4.97e-05, α=1.000, ‖θ[1:]‖₁=1759.392, γ=84424.267, num_knots=3011
2025-09-07 00:20:13,179 - Iter 730: obj=-1271.972142, change=1.06e-04, α=1.000, ‖θ[1:]‖₁=1759.881, γ=77277.423, num_knots=3004
2025-09-07 00:20:13,551 - Iter 740: obj=-1274.284164, change=1.40e-03, α=1.000, ‖θ[1:]‖₁=1769.317, γ=55862.740, num_knots=3001
2025-09-07 00:20:13,861 - Iter 750: obj=-1274.541863, change=3.34e-02, α=1.000, ‖θ[1:]‖₁=1772.129, γ=89464.812, num_knots=2999
2025-09-07 00:20:14,173 - Iter 760: obj=-1275.078012, change=4.51e-05, α=1.000, ‖θ[1:]‖₁=1772.469, γ=90724.605, num_knots=3013
2025-09-07 00:20:14,506 - Iter 770: obj=-1276.095452, change=2.97e-03, α=0.125, ‖θ[1:]‖₁=1776.729, γ=90631.071, num_knots=3034
2025-09-07 00:20:14,858 - Iter 780: obj=-1276.145694, change=4.27e-05, α=1.000, ‖θ[1:]‖₁=1776.834, γ=89330.087, num_knots=2993
2025-09-07 00:20:15,239 - Iter 790: obj=-1277.389732, change=4.21e-05, α=1.000, ‖θ[1:]‖₁=1781.956, γ=43811.991, num_knots=3057
2025-09-07 00:20:15,568 - Iter 800: obj=-1277.509184, change=6.93e-05, α=1.000, ‖θ[1:]‖₁=1782.450, γ=59767.986, num_knots=3050
2025-09-07 00:20:15,969 - Iter 810: obj=-1277.571881, change=2.40e-04, α=1.000, ‖θ[1:]‖₁=1782.707, γ=90762.422, num_knots=3050
2025-09-07 00:20:16,301 - Iter 820: obj=-1277.976234, change=4.19e-05, α=1.000, ‖θ[1:]‖₁=1784.377, γ=638.795, num_knots=3121
2025-09-07 00:20:16,625 - Iter 830: obj=-1278.069225, change=6.09e-05, α=1.000, ‖θ[1:]‖₁=1784.760, γ=1531.954, num_knots=2996
2025-09-07 00:20:16,956 - Iter 840: obj=-1278.130069, change=4.32e-05, α=1.000, ‖θ[1:]‖₁=1785.011, γ=90270.347, num_knots=2989
2025-09-07 00:20:17,307 - Iter 850: obj=-1279.744753, change=3.27e-04, α=1.000, ‖θ[1:]‖₁=1791.731, γ=90765.488, num_knots=3069
2025-09-07 00:20:17,642 - Iter 860: obj=-1279.915908, change=2.24e-03, α=1.000, ‖θ[1:]‖₁=1792.563, γ=168.094, num_knots=2987
2025-09-07 00:20:17,983 - Iter 870: obj=-1280.244891, change=8.38e-05, α=1.000, ‖θ[1:]‖₁=1793.816, γ=89069.216, num_knots=2987
2025-09-07 00:20:18,359 - Iter 880: obj=-1282.898452, change=4.04e-05, α=1.000, ‖θ[1:]‖₁=1805.027, γ=88748.221, num_knots=2992
2025-09-07 00:20:18,680 - Iter 890: obj=-1282.941746, change=9.47e-03, α=1.000, ‖θ[1:]‖₁=1805.708, γ=1162.444, num_knots=2981
2025-09-07 00:20:18,981 - Iter 900: obj=-1283.396404, change=2.36e-03, α=1.000, ‖θ[1:]‖₁=1807.168, γ=90833.553, num_knots=3118
2025-09-07 00:20:19,311 - Iter 910: obj=-1283.520193, change=2.97e-02, α=1.000, ‖θ[1:]‖₁=1809.237, γ=167.581, num_knots=2978
2025-09-07 00:20:19,630 - Iter 920: obj=-1284.213844, change=6.41e-05, α=1.000, ‖θ[1:]‖₁=1810.597, γ=27415.743, num_knots=3020
2025-09-07 00:20:19,951 - Iter 930: obj=-1284.232049, change=8.91e-05, α=1.000, ‖θ[1:]‖₁=1810.675, γ=330.086, num_knots=2992
2025-09-07 00:20:20,284 - Iter 940: obj=-1284.394643, change=3.76e-03, α=1.000, ‖θ[1:]‖₁=1811.562, γ=310.955, num_knots=2976
2025-09-07 00:20:20,619 - Iter 950: obj=-1284.742110, change=1.45e-03, α=1.000, ‖θ[1:]‖₁=1812.918, γ=90662.427, num_knots=2985
2025-09-07 00:20:21,006 - Iter 960: obj=-1286.292628, change=3.13e-03, α=1.000, ‖θ[1:]‖₁=1819.572, γ=90651.455, num_knots=3113
2025-09-07 00:20:21,319 - Iter 970: obj=-1286.397502, change=4.17e-05, α=1.000, ‖θ[1:]‖₁=1819.945, γ=40935.553, num_knots=3027
2025-09-07 00:20:21,617 - Iter 980: obj=-1286.442619, change=4.13e-05, α=1.000, ‖θ[1:]‖₁=1820.139, γ=63337.681, num_knots=2974
2025-09-07 00:20:21,951 - Iter 990: obj=-1287.047742, change=3.83e-05, α=1.000, ‖θ[1:]‖₁=1822.744, γ=6327.667, num_knots=2971
2025-09-07 00:20:22,263 - Iter 1000: obj=-1287.231448, change=8.31e-03, α=1.000, ‖θ[1:]‖₁=1823.975, γ=84378.102, num_knots=2970
2025-09-07 00:20:22,581 - Iter 1010: obj=-1287.391833, change=8.58e-03, α=1.000, ‖θ[1:]‖₁=1824.679, γ=88414.705, num_knots=2969
2025-09-07 00:20:22,878 - Iter 1020: obj=-1287.551048, change=4.48e-05, α=1.000, ‖θ[1:]‖₁=1824.915, γ=90577.605, num_knots=2978
2025-09-07 00:20:23,194 - Iter 1030: obj=-1288.075724, change=3.22e-03, α=1.000, ‖θ[1:]‖₁=1827.256, γ=90854.634, num_knots=3110
2025-09-07 00:20:23,520 - Iter 1040: obj=-1288.997910, change=3.69e-05, α=1.000, ‖θ[1:]‖₁=1831.201, γ=54536.907, num_knots=3109
2025-09-07 00:20:23,847 - Iter 1050: obj=-1290.623118, change=3.61e-05, α=1.000, ‖θ[1:]‖₁=1838.327, γ=90573.624, num_knots=3043
2025-09-07 00:20:24,176 - Iter 1060: obj=-1290.914308, change=4.51e-05, α=1.000, ‖θ[1:]‖₁=1839.600, γ=30049.464, num_knots=2963
2025-09-07 00:20:24,571 - Iter 1070: obj=-1291.624249, change=1.23e-03, α=0.250, ‖θ[1:]‖₁=1842.733, γ=90743.304, num_knots=3060
2025-09-07 00:20:24,932 - Iter 1080: obj=-1291.713405, change=1.20e-03, α=1.000, ‖θ[1:]‖₁=1843.126, γ=90798.393, num_knots=3103
2025-09-07 00:20:25,238 - Iter 1090: obj=-1291.784375, change=3.58e-05, α=1.000, ‖θ[1:]‖₁=1843.427, γ=54649.373, num_knots=3026
2025-09-07 00:20:25,560 - Iter 1100: obj=-1291.792333, change=1.31e-03, α=1.000, ‖θ[1:]‖₁=1843.527, γ=5.762, num_knots=2957
2025-09-07 00:20:25,952 - Iter 1110: obj=-1298.258728, change=8.18e-04, α=1.000, ‖θ[1:]‖₁=1873.077, γ=90784.002, num_knots=3093
2025-09-07 00:20:26,288 - Iter 1120: obj=-1298.281975, change=1.79e-04, α=1.000, ‖θ[1:]‖₁=1873.184, γ=49.022, num_knots=2945
2025-09-07 00:20:26,611 - Iter 1130: obj=-1298.967820, change=4.20e-05, α=1.000, ‖θ[1:]‖₁=1876.285, γ=832.742, num_knots=2940
2025-09-07 00:20:26,918 - Iter 1140: obj=-1299.584367, change=7.63e-03, α=1.000, ‖θ[1:]‖₁=1879.461, γ=88270.938, num_knots=2935
2025-09-07 00:20:27,224 - Iter 1150: obj=-1299.681163, change=5.87e-03, α=1.000, ‖θ[1:]‖₁=1879.812, γ=67446.569, num_knots=2935
2025-09-07 00:20:27,615 - Iter 1160: obj=-1301.217869, change=1.15e-03, α=1.000, ‖θ[1:]‖₁=1886.629, γ=88553.170, num_knots=2931
2025-09-07 00:20:27,920 - Iter 1170: obj=-1301.435146, change=1.39e-02, α=1.000, ‖θ[1:]‖₁=1888.236, γ=88461.741, num_knots=2930
2025-09-07 00:20:28,280 - Iter 1180: obj=-1301.623529, change=2.17e-02, α=1.000, ‖θ[1:]‖₁=1889.483, γ=88694.055, num_knots=2930
2025-09-07 00:20:28,587 - Iter 1190: obj=-1301.949274, change=8.39e-04, α=1.000, ‖θ[1:]‖₁=1889.922, γ=90725.802, num_knots=3084
2025-09-07 00:20:28,906 - Iter 1200: obj=-1301.967954, change=3.49e-05, α=1.000, ‖θ[1:]‖₁=1890.002, γ=30592.654, num_knots=2938
2025-09-07 00:20:29,202 - Iter 1210: obj=-1302.019117, change=3.08e-05, α=1.000, ‖θ[1:]‖₁=1890.236, γ=84075.895, num_knots=2929
2025-09-07 00:20:29,577 - Iter 1220: obj=-1317.504080, change=2.31e-04, α=1.000, ‖θ[1:]‖₁=1971.582, γ=90749.023, num_knots=2975
2025-09-07 00:20:29,900 - Iter 1230: obj=-1317.530288, change=2.31e-05, α=1.000, ‖θ[1:]‖₁=1971.696, γ=90693.652, num_knots=2884
2025-09-07 00:20:30,226 - Iter 1240: obj=-1317.548072, change=4.51e-04, α=1.000, ‖θ[1:]‖₁=1971.793, γ=83071.613, num_knots=2859
2025-09-07 00:20:30,528 - Iter 1250: obj=-1317.624548, change=2.51e-05, α=1.000, ‖θ[1:]‖₁=1972.121, γ=68678.857, num_knots=2851
2025-09-07 00:20:30,869 - Iter 1260: obj=-1317.776908, change=2.53e-05, α=1.000, ‖θ[1:]‖₁=1972.809, γ=53933.444, num_knots=2851
2025-09-07 00:20:31,182 - Iter 1270: obj=-1317.956233, change=4.71e-05, α=1.000, ‖θ[1:]‖₁=1973.623, γ=7071.152, num_knots=2849
2025-09-07 00:20:31,502 - Iter 1280: obj=-1317.994956, change=3.31e-05, α=1.000, ‖θ[1:]‖₁=1973.801, γ=79018.615, num_knots=2934
2025-09-07 00:20:31,849 - Iter 1290: obj=-1318.537182, change=1.72e-04, α=1.000, ‖θ[1:]‖₁=1976.292, γ=90764.253, num_knots=2929
2025-09-07 00:20:32,186 - Iter 1300: obj=-1318.584010, change=8.01e-05, α=1.000, ‖θ[1:]‖₁=1976.506, γ=90745.949, num_knots=2846
2025-09-07 00:20:32,476 - Iter 1310: obj=-1318.671804, change=2.68e-05, α=1.000, ‖θ[1:]‖₁=1976.911, γ=912.086, num_knots=2929
2025-09-07 00:20:32,820 - Iter 1320: obj=-1318.693883, change=2.21e-04, α=1.000, ‖θ[1:]‖₁=1977.020, γ=8.607, num_knots=2844
2025-09-07 00:20:33,202 - Iter 1330: obj=-1320.709999, change=3.32e-05, α=1.000, ‖θ[1:]‖₁=1986.530, γ=1955.310, num_knots=2829
2025-09-07 00:20:33,526 - Iter 1340: obj=-1320.920576, change=2.52e-03, α=1.000, ‖θ[1:]‖₁=1987.546, γ=90821.951, num_knots=2826
2025-09-07 00:20:33,842 - Iter 1350: obj=-1321.427192, change=2.17e-05, α=1.000, ‖θ[1:]‖₁=1989.878, γ=4258.546, num_knots=3013
2025-09-07 00:20:34,174 - Iter 1360: obj=-1321.456988, change=2.10e-05, α=1.000, ‖θ[1:]‖₁=1989.998, γ=84039.558, num_knots=2863
2025-09-07 00:20:34,487 - Iter 1370: obj=-1321.468387, change=2.22e-05, α=1.000, ‖θ[1:]‖₁=1990.050, γ=7651.872, num_knots=2821
2025-09-07 00:20:34,877 - Iter 1380: obj=-1322.400499, change=2.35e-05, α=1.000, ‖θ[1:]‖₁=1994.430, γ=771.634, num_knots=2945
2025-09-07 00:20:35,220 - Iter 1390: obj=-1322.445331, change=2.52e-04, α=1.000, ‖θ[1:]‖₁=1994.610, γ=90760.818, num_knots=2901
2025-09-07 00:20:35,547 - Iter 1400: obj=-1322.796790, change=5.24e-05, α=1.000, ‖θ[1:]‖₁=1996.256, γ=90586.861, num_knots=3003
2025-09-07 00:20:35,860 - Iter 1410: obj=-1322.836615, change=1.34e-04, α=1.000, ‖θ[1:]‖₁=1996.432, γ=90750.540, num_knots=2853
2025-09-07 00:20:36,175 - Iter 1420: obj=-1322.927240, change=2.19e-04, α=1.000, ‖θ[1:]‖₁=1996.861, γ=88472.365, num_knots=2890
2025-09-07 00:20:36,468 - Iter 1430: obj=-1322.931348, change=1.43e-04, α=1.000, ‖θ[1:]‖₁=1996.877, γ=43535.685, num_knots=2805
2025-09-07 00:20:36,823 - Iter 1440: obj=-1323.860584, change=1.91e-04, α=1.000, ‖θ[1:]‖₁=2001.239, γ=90746.274, num_knots=2892
2025-09-07 00:20:37,127 - Iter 1450: obj=-1323.893194, change=1.33e-04, α=1.000, ‖θ[1:]‖₁=2001.393, γ=90324.497, num_knots=2800
2025-09-07 00:20:37,446 - Iter 1460: obj=-1324.037674, change=1.72e-03, α=1.000, ‖θ[1:]‖₁=2002.125, γ=90471.336, num_knots=2797
2025-09-07 00:20:37,740 - Iter 1470: obj=-1324.056620, change=2.49e-01, α=1.000, ‖θ[1:]‖₁=2011.718, γ=1235.020, num_knots=2776
2025-09-07 00:20:38,109 - Iter 1480: obj=-1326.081519, change=9.80e-04, α=1.000, ‖θ[1:]‖₁=2011.843, γ=90785.825, num_knots=2981
2025-09-07 00:20:38,398 - Iter 1490: obj=-1326.090509, change=2.01e-05, α=1.000, ‖θ[1:]‖₁=2011.876, γ=7525.443, num_knots=2775
2025-09-07 00:20:38,710 - Iter 1500: obj=-1326.296117, change=1.79e-05, α=1.000, ‖θ[1:]‖₁=2012.837, γ=771.641, num_knots=2978
2025-09-07 00:20:39,017 - Iter 1510: obj=-1326.334514, change=1.91e-05, α=1.000, ‖θ[1:]‖₁=2013.016, γ=54041.782, num_knots=2919
2025-09-07 00:20:39,364 - Iter 1520: obj=-1326.795102, change=9.72e-04, α=0.062, ‖θ[1:]‖₁=2015.185, γ=90713.902, num_knots=2781
2025-09-07 00:20:39,665 - Iter 1530: obj=-1326.845761, change=1.96e-05, α=1.000, ‖θ[1:]‖₁=2015.409, γ=469.577, num_knots=2978
2025-09-07 00:20:40,019 - Iter 1540: obj=-1326.917373, change=1.83e-03, α=1.000, ‖θ[1:]‖₁=2015.768, γ=90813.416, num_knots=2977
2025-09-07 00:20:40,337 - Iter 1550: obj=-1326.973005, change=2.01e-05, α=1.000, ‖θ[1:]‖₁=2015.998, γ=613.283, num_knots=2977
2025-09-07 00:20:40,657 - Iter 1560: obj=-1327.040985, change=1.22e-03, α=1.000, ‖θ[1:]‖₁=2016.325, γ=90704.497, num_knots=2977
2025-09-07 00:20:40,950 - Iter 1570: obj=-1327.093032, change=1.95e-05, α=1.000, ‖θ[1:]‖₁=2016.554, γ=471.588, num_knots=2977
2025-09-07 00:20:41,277 - Iter 1580: obj=-1327.163599, change=1.82e-03, α=1.000, ‖θ[1:]‖₁=2016.908, γ=90812.779, num_knots=2975
2025-09-07 00:20:41,574 - Iter 1590: obj=-1327.218402, change=2.01e-05, α=1.000, ‖θ[1:]‖₁=2017.135, γ=614.870, num_knots=2975
2025-09-07 00:20:41,868 - Iter 1600: obj=-1327.285340, change=1.22e-03, α=1.000, ‖θ[1:]‖₁=2017.458, γ=90704.276, num_knots=2973
2025-09-07 00:20:42,188 - Iter 1610: obj=-1327.336794, change=1.94e-05, α=1.000, ‖θ[1:]‖₁=2017.685, γ=471.957, num_knots=2973
2025-09-07 00:20:42,513 - Iter 1620: obj=-1327.406393, change=1.83e-03, α=1.000, ‖θ[1:]‖₁=2018.035, γ=90813.125, num_knots=2973
2025-09-07 00:20:42,795 - Iter 1630: obj=-1327.460734, change=2.00e-05, α=1.000, ‖θ[1:]‖₁=2018.260, γ=615.769, num_knots=2972
2025-09-07 00:20:43,097 - Iter 1640: obj=-1327.526834, change=1.22e-03, α=1.000, ‖θ[1:]‖₁=2018.579, γ=90704.097, num_knots=2972
2025-09-07 00:20:43,421 - Iter 1650: obj=-1327.577167, change=1.94e-05, α=1.000, ‖θ[1:]‖₁=2018.801, γ=480.882, num_knots=2971
2025-09-07 00:20:43,706 - Iter 1660: obj=-1327.645104, change=1.80e-03, α=1.000, ‖θ[1:]‖₁=2019.144, γ=90811.747, num_knots=2971
2025-09-07 00:20:44,026 - Iter 1670: obj=-1327.698120, change=2.01e-05, α=1.000, ‖θ[1:]‖₁=2019.364, γ=619.481, num_knots=2970
2025-09-07 00:20:44,338 - Iter 1680: obj=-1327.762864, change=1.22e-03, α=1.000, ‖θ[1:]‖₁=2019.676, γ=90703.952, num_knots=2970
2025-09-07 00:20:44,646 - Iter 1690: obj=-1327.812536, change=1.93e-05, α=1.000, ‖θ[1:]‖₁=2019.895, γ=483.799, num_knots=2970
2025-09-07 00:20:45,023 - Iter 1700: obj=-1327.879482, change=1.78e-03, α=1.000, ‖θ[1:]‖₁=2020.232, γ=90811.133, num_knots=2969
2025-09-07 00:20:45,326 - Iter 1710: obj=-1327.931771, change=2.01e-05, α=1.000, ‖θ[1:]‖₁=2020.449, γ=620.896, num_knots=2969
2025-09-07 00:20:45,627 - Iter 1720: obj=-1327.995648, change=1.22e-03, α=1.000, ‖θ[1:]‖₁=2020.757, γ=90703.822, num_knots=2969
2025-09-07 00:20:46,085 - Iter 1730: obj=-1328.044673, change=1.92e-05, α=1.000, ‖θ[1:]‖₁=2020.972, γ=486.748, num_knots=2968
2025-09-07 00:20:46,397 - Iter 1740: obj=-1328.110657, change=1.77e-03, α=1.000, ‖θ[1:]‖₁=2021.304, γ=90810.537, num_knots=2968
2025-09-07 00:20:46,709 - Iter 1750: obj=-1328.162243, change=2.00e-05, α=1.000, ‖θ[1:]‖₁=2021.518, γ=622.303, num_knots=2968
2025-09-07 00:20:47,026 - Iter 1760: obj=-1328.225273, change=1.22e-03, α=1.000, ‖θ[1:]‖₁=2021.821, γ=90703.696, num_knots=2968
2025-09-07 00:20:47,350 - Iter 1770: obj=-1328.273640, change=1.92e-05, α=1.000, ‖θ[1:]‖₁=2022.034, γ=489.610, num_knots=2966
2025-09-07 00:20:47,646 - Iter 1780: obj=-1328.338644, change=1.76e-03, α=1.000, ‖θ[1:]‖₁=2022.361, γ=90809.929, num_knots=2965
2025-09-07 00:20:47,963 - Iter 1790: obj=-1328.389487, change=2.00e-05, α=1.000, ‖θ[1:]‖₁=2022.572, γ=623.752, num_knots=2965
2025-09-07 00:20:48,290 - Iter 1800: obj=-1328.451580, change=1.22e-03, α=1.000, ‖θ[1:]‖₁=2022.872, γ=90703.230, num_knots=2965
2025-09-07 00:20:48,629 - Iter 1810: obj=-1328.499369, change=1.91e-05, α=1.000, ‖θ[1:]‖₁=2023.082, γ=491.620, num_knots=2963
2025-09-07 00:20:48,937 - Iter 1820: obj=-1328.563432, change=1.76e-03, α=1.000, ‖θ[1:]‖₁=2023.406, γ=90809.768, num_knots=2963
2025-09-07 00:20:49,267 - Iter 1830: obj=-1328.613704, change=2.00e-05, α=1.000, ‖θ[1:]‖₁=2023.614, γ=624.749, num_knots=2963
2025-09-07 00:20:49,651 - Iter 1840: obj=-1328.675008, change=1.22e-03, α=1.000, ‖θ[1:]‖₁=2023.911, γ=90703.083, num_knots=2963
2025-09-07 00:20:49,953 - Iter 1850: obj=-1328.722221, change=1.90e-05, α=1.000, ‖θ[1:]‖₁=2024.118, γ=494.410, num_knots=2963
2025-09-07 00:20:50,271 - Iter 1860: obj=-1328.785452, change=1.75e-03, α=1.000, ‖θ[1:]‖₁=2024.436, γ=90809.194, num_knots=2963
2025-09-07 00:20:50,602 - Iter 1870: obj=-1328.835092, change=2.00e-05, α=1.000, ‖θ[1:]‖₁=2024.641, γ=626.067, num_knots=2962
2025-09-07 00:20:50,919 - Iter 1880: obj=-1328.895571, change=1.22e-03, α=1.000, ‖θ[1:]‖₁=2024.933, γ=90702.947, num_knots=2961
2025-09-07 00:20:51,220 - Iter 1890: obj=-1328.942177, change=1.90e-05, α=1.000, ‖θ[1:]‖₁=2025.137, γ=497.220, num_knots=2961
2025-09-07 00:20:51,568 - Iter 1900: obj=-1329.004434, change=1.74e-03, α=1.000, ‖θ[1:]‖₁=2025.452, γ=90808.607, num_knots=2959
2025-09-07 00:20:51,852 - Iter 1910: obj=-1329.053361, change=1.99e-05, α=1.000, ‖θ[1:]‖₁=2025.655, γ=627.457, num_knots=2959
2025-09-07 00:20:52,159 - Iter 1920: obj=-1329.113008, change=1.22e-03, α=1.000, ‖θ[1:]‖₁=2025.944, γ=90702.669, num_knots=2959
2025-09-07 00:20:52,459 - Iter 1930: obj=-1329.158730, change=1.90e-05, α=1.000, ‖θ[1:]‖₁=2026.144, γ=505.436, num_knots=2959
2025-09-07 00:20:52,777 - Iter 1940: obj=-1329.219718, change=1.71e-03, α=1.000, ‖θ[1:]‖₁=2026.451, γ=90807.434, num_knots=2959
2025-09-07 00:20:53,074 - Iter 1950: obj=-1329.267615, change=2.01e-05, α=1.000, ‖θ[1:]‖₁=2026.649, γ=630.699, num_knots=2957
2025-09-07 00:20:53,393 - Iter 1960: obj=-1329.326127, change=1.22e-03, α=1.000, ‖θ[1:]‖₁=2026.933, γ=90702.597, num_knots=2957
2025-09-07 00:20:53,746 - Iter 1970: obj=-1329.371257, change=1.89e-05, α=1.000, ‖θ[1:]‖₁=2027.131, γ=508.113, num_knots=2957
2025-09-07 00:20:54,058 - Iter 1980: obj=-1329.431412, change=1.70e-03, α=1.000, ‖θ[1:]‖₁=2027.433, γ=90806.888, num_knots=2957
2025-09-07 00:20:54,373 - Iter 1990: obj=-1329.478711, change=2.01e-05, α=1.000, ‖θ[1:]‖₁=2027.629, γ=631.957, num_knots=2956
2025-09-07 00:20:54,701 - Iter 2000: obj=-1329.536503, change=1.22e-03, α=1.000, ‖θ[1:]‖₁=2027.909, γ=90702.452, num_knots=2956
2025-09-07 00:20:55,017 - Iter 2010: obj=-1329.581106, change=1.89e-05, α=1.000, ‖θ[1:]‖₁=2028.104, γ=510.751, num_knots=2956
2025-09-07 00:20:55,338 - Iter 2020: obj=-1329.640440, change=1.70e-03, α=1.000, ‖θ[1:]‖₁=2028.403, γ=90806.748, num_knots=2955
2025-09-07 00:20:55,643 - Iter 2030: obj=-1329.687250, change=2.01e-05, α=1.000, ‖θ[1:]‖₁=2028.596, γ=632.818, num_knots=2955
2025-09-07 00:20:55,964 - Iter 2040: obj=-1329.744487, change=1.23e-03, α=1.000, ‖θ[1:]‖₁=2028.874, γ=90702.041, num_knots=2955
2025-09-07 00:20:56,317 - Iter 2050: obj=-1329.788585, change=1.89e-05, α=1.000, ‖θ[1:]‖₁=2029.067, γ=513.196, num_knots=2955
2025-09-07 00:20:56,670 - Iter 2060: obj=-1329.847095, change=1.69e-03, α=1.000, ‖θ[1:]‖₁=2029.362, γ=90806.272, num_knots=2955
2025-09-07 00:20:57,010 - Iter 2070: obj=-1329.893266, change=2.01e-05, α=1.000, ‖θ[1:]‖₁=2029.553, γ=633.742, num_knots=2953
2025-09-07 00:20:57,332 - Iter 2080: obj=-1329.949526, change=1.23e-03, α=1.000, ‖θ[1:]‖₁=2029.827, γ=90701.972, num_knots=2952
2025-09-07 00:20:57,653 - Iter 2090: obj=-1329.993059, change=1.88e-05, α=1.000, ‖θ[1:]‖₁=2030.018, γ=515.999, num_knots=2951
2025-09-07 00:20:57,982 - Iter 2100: obj=-1330.050699, change=1.68e-03, α=1.000, ‖θ[1:]‖₁=2030.310, γ=90805.793, num_knots=2951
2025-09-07 00:20:58,300 - Iter 2110: obj=-1330.096249, change=2.01e-05, α=1.000, ‖θ[1:]‖₁=2030.499, γ=635.012, num_knots=2951
2025-09-07 00:20:58,983 - Iter 2120: obj=-1330.151814, change=1.23e-03, α=1.000, ‖θ[1:]‖₁=2030.770, γ=90701.874, num_knots=2951
2025-09-07 00:20:59,288 - Iter 2130: obj=-1330.194853, change=1.88e-05, α=1.000, ‖θ[1:]‖₁=2030.958, γ=518.473, num_knots=2951
2025-09-07 00:20:59,603 - Iter 2140: obj=-1330.251813, change=1.67e-03, α=1.000, ‖θ[1:]‖₁=2031.245, γ=90805.330, num_knots=2951
2025-09-07 00:20:59,960 - Iter 2150: obj=-1330.296850, change=2.01e-05, α=1.000, ‖θ[1:]‖₁=2031.431, γ=636.159, num_knots=2951
2025-09-07 00:21:00,325 - Iter 2160: obj=-1330.351744, change=1.23e-03, α=1.000, ‖θ[1:]‖₁=2031.698, γ=90701.771, num_knots=2949
2025-09-07 00:21:00,605 - Iter 2170: obj=-1330.394281, change=1.88e-05, α=1.000, ‖θ[1:]‖₁=2031.884, γ=520.218, num_knots=2949
2025-09-07 00:21:00,905 - Iter 2180: obj=-1330.450498, change=1.67e-03, α=1.000, ‖θ[1:]‖₁=2032.168, γ=90805.238, num_knots=2949
2025-09-07 00:21:01,220 - Iter 2190: obj=-1330.495079, change=2.01e-05, α=1.000, ‖θ[1:]‖₁=2032.353, γ=637.023, num_knots=2949
2025-09-07 00:21:01,523 - Iter 2200: obj=-1330.549346, change=1.23e-03, α=1.000, ‖θ[1:]‖₁=2032.617, γ=90701.338, num_knots=2949
2025-09-07 00:21:01,809 - Iter 2210: obj=-1330.591510, change=1.87e-05, α=1.000, ‖θ[1:]‖₁=2032.800, γ=521.914, num_knots=2949
2025-09-07 00:21:02,180 - Iter 2220: obj=-1330.647070, change=1.67e-03, α=1.000, ‖θ[1:]‖₁=2033.080, γ=90805.152, num_knots=2948
2025-09-07 00:21:02,488 - Iter 2230: obj=-1330.691237, change=2.01e-05, α=1.000, ‖θ[1:]‖₁=2033.263, γ=637.553, num_knots=2947
2025-09-07 00:21:02,787 - Iter 2240: obj=-1330.744843, change=1.25e-03, α=1.000, ‖θ[1:]‖₁=2033.525, γ=90700.581, num_knots=2947
2025-09-07 00:21:03,100 - Iter 2250: obj=-1330.786658, change=1.87e-05, α=1.000, ‖θ[1:]‖₁=2033.706, γ=523.610, num_knots=2947
2025-09-07 00:21:03,419 - Iter 2260: obj=-1330.841481, change=1.67e-03, α=1.000, ‖θ[1:]‖₁=2033.984, γ=90805.049, num_knots=2946
2025-09-07 00:21:03,736 - Iter 2270: obj=-1330.885209, change=2.01e-05, α=1.000, ‖θ[1:]‖₁=2034.164, γ=638.652, num_knots=2946
2025-09-07 00:21:04,050 - Iter 2280: obj=-1330.938198, change=1.25e-03, α=1.000, ‖θ[1:]‖₁=2034.423, γ=90700.452, num_knots=2946
2025-09-07 00:21:04,359 - Iter 2290: obj=-1330.979560, change=1.87e-05, α=1.000, ‖θ[1:]‖₁=2034.602, γ=526.026, num_knots=2946
2025-09-07 00:21:04,666 - Iter 2300: obj=-1331.033751, change=1.66e-03, α=1.000, ‖θ[1:]‖₁=2034.875, γ=90804.589, num_knots=2946
2025-09-07 00:21:04,975 - Iter 2310: obj=-1331.077011, change=2.01e-05, α=1.000, ‖θ[1:]‖₁=2035.053, γ=639.721, num_knots=2946
2025-09-07 00:21:05,303 - Iter 2320: obj=-1331.129431, change=1.25e-03, α=1.000, ‖θ[1:]‖₁=2035.307, γ=90700.334, num_knots=2946
2025-09-07 00:21:05,608 - Iter 2330: obj=-1331.170376, change=1.87e-05, α=1.000, ‖θ[1:]‖₁=2035.483, γ=528.409, num_knots=2946
2025-09-07 00:21:05,903 - Iter 2340: obj=-1331.223957, change=1.66e-03, α=1.000, ‖θ[1:]‖₁=2035.753, γ=90804.147, num_knots=2946
2025-09-07 00:21:06,194 - Iter 2350: obj=-1331.266759, change=2.01e-05, α=1.000, ‖θ[1:]‖₁=2035.928, γ=640.776, num_knots=2946
2025-09-07 00:21:06,495 - Iter 2360: obj=-1331.318566, change=1.25e-03, α=1.000, ‖θ[1:]‖₁=2036.179, γ=90700.049, num_knots=2945
2025-09-07 00:21:06,787 - Iter 2370: obj=-1331.358481, change=1.89e-05, α=1.000, ‖θ[1:]‖₁=2036.350, γ=540.618, num_knots=2945
2025-09-07 00:21:07,137 - Iter 2380: obj=-1331.410599, change=1.62e-03, α=1.000, ‖θ[1:]‖₁=2036.612, γ=90802.750, num_knots=2943
2025-09-07 00:21:07,499 - Iter 2390: obj=-1331.452165, change=2.05e-05, α=1.000, ‖θ[1:]‖₁=2036.783, γ=651.169, num_knots=2937
2025-09-07 00:21:07,830 - Iter 2400: obj=-1331.502577, change=1.23e-03, α=1.000, ‖θ[1:]‖₁=2037.028, γ=90700.543, num_knots=2943
2025-09-07 00:21:08,147 - Iter 2410: obj=-1331.541910, change=1.89e-05, α=1.000, ‖θ[1:]‖₁=2037.197, γ=542.966, num_knots=2942
2025-09-07 00:21:08,506 - Iter 2420: obj=-1331.592840, change=1.61e-03, α=1.000, ‖θ[1:]‖₁=2037.454, γ=90802.226, num_knots=2942
2025-09-07 00:21:08,834 - Iter 2430: obj=-1331.633015, change=2.08e-05, α=1.000, ‖θ[1:]‖₁=2037.619, γ=691.044, num_knots=2930
2025-09-07 00:21:09,161 - Iter 2440: obj=-1331.680195, change=1.04e-03, α=1.000, ‖θ[1:]‖₁=2037.845, γ=90707.155, num_knots=2941
2025-09-07 00:21:09,470 - Iter 2450: obj=-1331.722239, change=4.15e-04, α=1.000, ‖θ[1:]‖₁=2038.031, γ=90729.668, num_knots=2940
2025-09-07 00:21:09,848 - Iter 2460: obj=-1332.281947, change=9.02e-04, α=0.250, ‖θ[1:]‖₁=2040.661, γ=90753.430, num_knots=2933
2025-09-07 00:21:10,180 - Iter 2470: obj=-1332.284393, change=1.05e-01, α=1.000, ‖θ[1:]‖₁=2044.282, γ=5769.032, num_knots=2708
2025-09-07 00:21:10,523 - Iter 2480: obj=-1333.050813, change=1.88e-04, α=1.000, ‖θ[1:]‖₁=2044.295, γ=5493.448, num_knots=2708
2025-09-07 00:21:10,819 - Iter 2490: obj=-1333.070202, change=1.49e-05, α=1.000, ‖θ[1:]‖₁=2044.378, γ=80779.264, num_knots=2708
2025-09-07 00:21:11,126 - Iter 2500: obj=-1333.263610, change=6.19e-05, α=1.000, ‖θ[1:]‖₁=2045.273, γ=90739.298, num_knots=2855
2025-09-07 00:21:11,431 - Iter 2510: obj=-1333.303236, change=1.46e-05, α=1.000, ‖θ[1:]‖₁=2045.456, γ=69852.945, num_knots=2926
2025-09-07 00:21:11,751 - Iter 2520: obj=-1333.336257, change=8.63e-04, α=1.000, ‖θ[1:]‖₁=2045.637, γ=90627.980, num_knots=2704
2025-09-07 00:21:12,072 - Iter 2530: obj=-1333.356076, change=2.57e-02, α=1.000, ‖θ[1:]‖₁=2046.563, γ=78008.215, num_knots=2702
2025-09-07 00:21:12,370 - Iter 2540: obj=-1333.600206, change=1.48e-05, α=1.000, ‖θ[1:]‖₁=2046.832, γ=594.843, num_knots=2924
2025-09-07 00:21:12,700 - Iter 2550: obj=-1333.649474, change=1.46e-05, α=1.000, ‖θ[1:]‖₁=2047.057, γ=87326.460, num_knots=2924
2025-09-07 00:21:13,048 - Iter 2560: obj=-1333.669055, change=5.22e-05, α=1.000, ‖θ[1:]‖₁=2047.145, γ=90738.348, num_knots=2701
2025-09-07 00:21:13,359 - Iter 2570: obj=-1333.807345, change=1.58e-05, α=1.000, ‖θ[1:]‖₁=2047.780, γ=86959.403, num_knots=2700
2025-09-07 00:21:13,717 - Iter 2580: obj=-1336.563976, change=7.68e-05, α=1.000, ‖θ[1:]‖₁=2061.292, γ=90739.005, num_knots=2768
2025-09-07 00:21:13,997 - Iter 2590: obj=-1336.566172, change=1.32e-05, α=1.000, ‖θ[1:]‖₁=2061.301, γ=86728.752, num_knots=2687
2025-09-07 00:21:14,312 - Iter 2600: obj=-1336.572484, change=1.38e-05, α=1.000, ‖θ[1:]‖₁=2061.329, γ=90701.484, num_knots=2663
2025-09-07 00:21:14,643 - Iter 2610: obj=-1336.621222, change=1.31e-05, α=1.000, ‖θ[1:]‖₁=2061.548, γ=90267.387, num_knots=2661
2025-09-07 00:21:14,997 - Iter 2620: obj=-1336.660345, change=3.86e-05, α=1.000, ‖θ[1:]‖₁=2061.725, γ=415.814, num_knots=2660
2025-09-07 00:21:15,288 - Iter 2630: obj=-1336.688758, change=1.59e-05, α=1.000, ‖θ[1:]‖₁=2061.853, γ=3894.156, num_knots=2660
2025-09-07 00:21:15,641 - Iter 2640: obj=-1336.924854, change=3.77e-03, α=1.000, ‖θ[1:]‖₁=2063.034, γ=88321.234, num_knots=2659
2025-09-07 00:21:16,064 - Iter 2650: obj=-1336.952583, change=2.73e-03, α=1.000, ‖θ[1:]‖₁=2063.127, γ=852.110, num_knots=2659
2025-09-07 00:21:16,368 - Iter 2660: obj=-1336.982175, change=1.79e-05, α=1.000, ‖θ[1:]‖₁=2063.175, γ=2380.965, num_knots=2658
2025-09-07 00:21:16,677 - Iter 2670: obj=-1337.136747, change=1.19e-03, α=0.500, ‖θ[1:]‖₁=2063.885, γ=90745.510, num_knots=2656
2025-09-07 00:21:16,992 - Iter 2680: obj=-1337.151956, change=3.19e-05, α=1.000, ‖θ[1:]‖₁=2063.937, γ=88835.315, num_knots=2772
2025-09-07 00:21:17,321 - Iter 2690: obj=-1337.159109, change=1.28e-05, α=1.000, ‖θ[1:]‖₁=2063.968, γ=89069.609, num_knots=2682
2025-09-07 00:21:17,630 - Iter 2700: obj=-1337.206197, change=2.96e-05, α=1.000, ‖θ[1:]‖₁=2064.179, γ=88743.932, num_knots=2772
2025-09-07 00:21:17,944 - Iter 2710: obj=-1337.214432, change=1.29e-05, α=1.000, ‖θ[1:]‖₁=2064.215, γ=87762.558, num_knots=2672
2025-09-07 00:21:18,335 - Iter 2720: obj=-1337.492227, change=1.44e-05, α=1.000, ‖θ[1:]‖₁=2065.458, γ=89674.510, num_knots=2730
2025-09-07 00:21:18,630 - Iter 2730: obj=-1337.521869, change=1.26e-05, α=1.000, ‖θ[1:]‖₁=2065.589, γ=90321.188, num_knots=2770
2025-09-07 00:21:18,946 - Iter 2740: obj=-1347.028600, change=2.92e-04, α=1.000, ‖θ[1:]‖₁=2125.174, γ=87465.580, num_knots=2924
2025-09-07 00:21:19,263 - Iter 2750: obj=-1347.151899, change=8.90e-06, α=1.000, ‖θ[1:]‖₁=2125.277, γ=10902.807, num_knots=2718
2025-09-07 00:21:19,563 - Iter 2760: obj=-1347.154981, change=8.82e-06, α=1.000, ‖θ[1:]‖₁=2125.269, γ=66515.499, num_knots=2685
2025-09-07 00:21:19,966 - Iter 2770: obj=-1347.186043, change=2.70e-03, α=1.000, ‖θ[1:]‖₁=2125.192, γ=89862.838, num_knots=2652
2025-09-07 00:21:20,297 - Iter 2780: obj=-1347.223676, change=1.24e-05, α=1.000, ‖θ[1:]‖₁=2125.162, γ=90253.923, num_knots=2796
2025-09-07 00:21:20,612 - Iter 2790: obj=-1347.239154, change=2.68e-05, α=1.000, ‖θ[1:]‖₁=2125.152, γ=86987.580, num_knots=2660
2025-09-07 00:21:20,918 - Iter 2800: obj=-1347.261500, change=4.13e-04, α=1.000, ‖θ[1:]‖₁=2125.142, γ=90688.179, num_knots=2642
2025-09-07 00:21:21,298 - Iter 2810: obj=-1347.347671, change=6.76e-06, α=1.000, ‖θ[1:]‖₁=2125.121, γ=88677.312, num_knots=2571
2025-09-07 00:21:21,611 - Iter 2820: obj=-1347.355098, change=3.97e-05, α=1.000, ‖θ[1:]‖₁=2125.125, γ=90609.663, num_knots=2494
2025-09-07 00:21:21,920 - Iter 2830: obj=-1347.365783, change=7.18e-06, α=1.000, ‖θ[1:]‖₁=2125.130, γ=60361.382, num_knots=2494
2025-09-07 00:21:22,223 - Iter 2840: obj=-1347.382302, change=7.15e-03, α=1.000, ‖θ[1:]‖₁=2125.161, γ=7278.703, num_knots=2493
2025-09-07 00:21:22,555 - Iter 2850: obj=-1347.430436, change=1.11e-03, α=1.000, ‖θ[1:]‖₁=2125.166, γ=37853.431, num_knots=2493
2025-09-07 00:21:22,881 - Iter 2860: obj=-1347.501384, change=6.95e-06, α=1.000, ‖θ[1:]‖₁=2125.209, γ=2815.752, num_knots=2790
2025-09-07 00:21:23,155 - Iter 2870: obj=-1347.503438, change=8.53e-05, α=1.000, ‖θ[1:]‖₁=2125.210, γ=230.497, num_knots=2490
2025-09-07 00:21:23,509 - Iter 2880: obj=-1347.524396, change=6.24e-05, α=1.000, ‖θ[1:]‖₁=2125.226, γ=230.427, num_knots=2489
2025-09-07 00:21:23,837 - Iter 2890: obj=-1347.561557, change=5.77e-04, α=1.000, ‖θ[1:]‖₁=2125.259, γ=1972.920, num_knots=2488
2025-09-07 00:21:24,156 - Iter 2900: obj=-1347.578010, change=1.33e-04, α=1.000, ‖θ[1:]‖₁=2125.270, γ=90714.386, num_knots=2633
2025-09-07 00:21:24,431 - Iter 2910: obj=-1347.589368, change=6.74e-06, α=1.000, ‖θ[1:]‖₁=2125.280, γ=62269.050, num_knots=2488
2025-09-07 00:21:24,760 - Iter 2920: obj=-1347.609421, change=3.54e-03, α=1.000, ‖θ[1:]‖₁=2125.318, γ=1398.103, num_knots=2488
2025-09-07 00:21:25,073 - Iter 2930: obj=-1347.644707, change=2.54e-05, α=1.000, ‖θ[1:]‖₁=2125.328, γ=90696.568, num_knots=2633
2025-09-07 00:21:25,399 - Iter 2940: obj=-1347.645287, change=6.92e-06, α=1.000, ‖θ[1:]‖₁=2125.328, γ=43920.047, num_knots=2488
2025-09-07 00:21:25,693 - Iter 2950: obj=-1347.657711, change=4.67e-04, α=1.000, ‖θ[1:]‖₁=2125.342, γ=712.757, num_knots=2487
2025-09-07 00:21:26,012 - Iter 2960: obj=-1347.677474, change=6.62e-06, α=1.000, ‖θ[1:]‖₁=2125.356, γ=90308.005, num_knots=2487
2025-09-07 00:21:26,339 - Iter 2970: obj=-1347.809960, change=7.18e-06, α=1.000, ‖θ[1:]‖₁=2125.483, γ=15533.192, num_knots=2479
2025-09-07 00:21:26,633 - Iter 2980: obj=-1347.828721, change=7.16e-06, α=1.000, ‖θ[1:]‖₁=2125.502, γ=17052.229, num_knots=2479
2025-09-07 00:21:26,952 - Iter 2990: obj=-1347.853233, change=6.56e-06, α=1.000, ‖θ[1:]‖₁=2125.526, γ=90292.623, num_knots=2479
2025-09-07 00:21:27,268 - Iter 3000: obj=-1347.882771, change=2.49e-05, α=1.000, ‖θ[1:]‖₁=2125.556, γ=90707.531, num_knots=2479
2025-09-07 00:21:27,574 - Iter 3010: obj=-1347.898141, change=6.52e-06, α=1.000, ‖θ[1:]‖₁=2125.570, γ=90685.444, num_knots=2479
2025-09-07 00:21:27,925 - Iter 3020: obj=-1348.185249, change=2.07e-05, α=1.000, ‖θ[1:]‖₁=2125.864, γ=32219.272, num_knots=2573
2025-09-07 00:21:28,270 - Iter 3030: obj=-1348.190167, change=6.84e-06, α=1.000, ‖θ[1:]‖₁=2125.868, γ=35646.100, num_knots=2472
2025-09-07 00:21:28,597 - Iter 3040: obj=-1348.196992, change=1.36e-03, α=1.000, ‖θ[1:]‖₁=2125.883, γ=58436.559, num_knots=2472
2025-09-07 00:21:28,943 - Iter 3050: obj=-1348.232910, change=1.01e-05, α=1.000, ‖θ[1:]‖₁=2125.910, γ=90695.827, num_knots=2471
2025-09-07 00:21:29,247 - Iter 3060: obj=-1348.242924, change=7.82e-06, α=1.000, ‖θ[1:]‖₁=2125.920, γ=8187.791, num_knots=2471
2025-09-07 00:21:29,574 - Iter 3070: obj=-1348.340695, change=5.28e-05, α=1.000, ‖θ[1:]‖₁=2126.017, γ=90716.904, num_knots=2469
2025-09-07 00:21:29,896 - Iter 3080: obj=-1348.353443, change=6.54e-06, α=1.000, ‖θ[1:]‖₁=2126.030, γ=90588.084, num_knots=2468
2025-09-07 00:21:30,173 - Iter 3090: obj=-1348.372876, change=6.49e-06, α=1.000, ‖θ[1:]‖₁=2126.049, γ=90645.242, num_knots=2468
2025-09-07 00:21:30,474 - Iter 3100: obj=-1348.380791, change=9.95e-06, α=1.000, ‖θ[1:]‖₁=2126.057, γ=2980.577, num_knots=2468
2025-09-07 00:21:30,792 - Iter 3110: obj=-1348.628405, change=3.46e-04, α=0.250, ‖θ[1:]‖₁=2126.315, γ=90721.334, num_knots=2633
2025-09-07 00:21:31,078 - Iter 3120: obj=-1348.635719, change=7.20e-05, α=1.000, ‖θ[1:]‖₁=2126.322, γ=90711.126, num_knots=2463
2025-09-07 00:21:31,383 - Iter 3130: obj=-1348.717105, change=6.60e-06, α=1.000, ‖θ[1:]‖₁=2126.403, γ=74415.972, num_knots=2615
2025-09-07 00:21:31,695 - Iter 3140: obj=-1348.736442, change=7.08e-06, α=1.000, ‖θ[1:]‖₁=2126.422, γ=90685.185, num_knots=2461
2025-09-07 00:21:31,992 - Iter 3150: obj=-1348.744869, change=7.42e-04, α=1.000, ‖θ[1:]‖₁=2126.434, γ=1113.616, num_knots=2461
2025-09-07 00:21:32,371 - Iter 3160: obj=-1349.677894, change=3.04e-04, α=1.000, ‖θ[1:]‖₁=2127.523, γ=90699.242, num_knots=2674
2025-09-07 00:21:32,672 - Iter 3170: obj=-1349.686370, change=1.86e-04, α=1.000, ‖θ[1:]‖₁=2127.531, γ=90721.258, num_knots=2597
2025-09-07 00:21:32,998 - Iter 3180: obj=-1349.695986, change=6.14e-06, α=1.000, ‖θ[1:]‖₁=2127.540, γ=90095.745, num_knots=2440
2025-09-07 00:21:33,293 - Iter 3190: obj=-1349.738478, change=6.11e-06, α=1.000, ‖θ[1:]‖₁=2127.578, γ=90178.714, num_knots=2439
2025-09-07 00:21:33,620 - Iter 3200: obj=-1349.783521, change=6.16e-06, α=1.000, ‖θ[1:]‖₁=2127.620, γ=90305.635, num_knots=2438
2025-09-07 00:21:33,952 - Iter 3210: obj=-1349.797601, change=6.10e-06, α=1.000, ‖θ[1:]‖₁=2127.632, γ=86353.082, num_knots=2438
2025-09-07 00:21:34,317 - Iter 3220: obj=-1349.808428, change=8.95e-06, α=1.000, ‖θ[1:]‖₁=2127.642, γ=3615.318, num_knots=2438
2025-09-07 00:21:34,621 - Iter 3230: obj=-1349.831088, change=4.25e-04, α=1.000, ‖θ[1:]‖₁=2127.665, γ=90426.857, num_knots=2437
2025-09-07 00:21:34,962 - Iter 3240: obj=-1349.840847, change=6.00e-06, α=1.000, ‖θ[1:]‖₁=2127.672, γ=90695.462, num_knots=2437
2025-09-07 00:21:35,256 - Iter 3250: obj=-1349.859075, change=6.19e-06, α=1.000, ‖θ[1:]‖₁=2127.688, γ=46028.024, num_knots=2437
2025-09-07 00:21:35,679 - Iter 3260: obj=-1349.868493, change=8.12e-04, α=1.000, ‖θ[1:]‖₁=2127.701, γ=85080.431, num_knots=2437
2025-09-07 00:21:36,066 - Iter 3270: obj=-1349.880705, change=6.06e-06, α=1.000, ‖θ[1:]‖₁=2127.708, γ=89954.782, num_knots=2437
2025-09-07 00:21:36,391 - Iter 3280: obj=-1349.905265, change=7.01e-06, α=1.000, ‖θ[1:]‖₁=2127.730, γ=10546.721, num_knots=2436
2025-09-07 00:21:36,752 - Iter 3290: obj=-1350.667786, change=1.95e-04, α=1.000, ‖θ[1:]‖₁=2128.517, γ=1327.131, num_knots=2425
2025-09-07 00:21:37,046 - Iter 3300: obj=-1350.676989, change=8.52e-06, α=1.000, ‖θ[1:]‖₁=2128.522, γ=90695.742, num_knots=2425
2025-09-07 00:21:37,369 - Iter 3310: obj=-1350.682889, change=5.88e-06, α=1.000, ‖θ[1:]‖₁=2128.526, γ=46244.139, num_knots=2425
2025-09-07 00:21:37,686 - Iter 3320: obj=-1350.691795, change=6.86e-04, α=1.000, ‖θ[1:]‖₁=2128.536, γ=86183.096, num_knots=2425
2025-09-07 00:21:37,972 - Iter 3330: obj=-1350.703467, change=5.75e-06, α=1.000, ‖θ[1:]‖₁=2128.541, γ=85761.240, num_knots=2425
2025-09-07 00:21:38,282 - Iter 3340: obj=-1350.714730, change=7.67e-06, α=1.000, ‖θ[1:]‖₁=2128.549, γ=5386.480, num_knots=2425
2025-09-07 00:21:38,620 - Iter 3350: obj=-1350.748573, change=6.88e-05, α=1.000, ‖θ[1:]‖₁=2128.573, γ=21.632, num_knots=2425
2025-09-07 00:21:38,959 - Iter 3360: obj=-1350.901781, change=2.01e-03, α=1.000, ‖θ[1:]‖₁=2128.692, γ=1369.372, num_knots=2421
2025-09-07 00:21:39,254 - Iter 3370: obj=-1350.917431, change=4.33e-03, α=1.000, ‖θ[1:]‖₁=2128.713, γ=608.413, num_knots=2420
2025-09-07 00:21:39,573 - Iter 3380: obj=-1350.952644, change=8.65e-06, α=1.000, ‖θ[1:]‖₁=2128.718, γ=90315.363, num_knots=2584
2025-09-07 00:21:39,902 - Iter 3390: obj=-1350.961845, change=9.65e-04, α=1.000, ‖θ[1:]‖₁=2128.727, γ=90677.491, num_knots=2750
2025-09-07 00:21:40,208 - Iter 3400: obj=-1350.965924, change=5.66e-06, α=1.000, ‖θ[1:]‖₁=2128.727, γ=84855.179, num_knots=2420
2025-09-07 00:21:40,515 - Iter 3410: obj=-1350.980091, change=5.91e-06, α=1.000, ‖θ[1:]‖₁=2128.736, γ=30334.388, num_knots=2420
2025-09-07 00:21:40,824 - Iter 3420: obj=-1350.988399, change=1.95e-03, α=1.000, ‖θ[1:]‖₁=2128.750, γ=1520.393, num_knots=2420
2025-09-07 00:21:41,136 - Iter 3430: obj=-1351.005399, change=6.29e-04, α=1.000, ‖θ[1:]‖₁=2128.756, γ=86826.199, num_knots=2420
2025-09-07 00:21:41,421 - Iter 3440: obj=-1351.017977, change=5.66e-06, α=1.000, ‖θ[1:]‖₁=2128.761, γ=76222.287, num_knots=2420
2025-09-07 00:21:41,705 - Iter 3450: obj=-1355.274629, change=8.74e-05, α=1.000, ‖θ[1:]‖₁=2135.302, γ=90654.746, num_knots=2626
2025-09-07 00:21:42,027 - Iter 3460: obj=-1355.275318, change=1.22e-05, α=1.000, ‖θ[1:]‖₁=2135.298, γ=36050.396, num_knots=2560
2025-09-07 00:21:42,366 - Iter 3470: obj=-1355.284907, change=4.69e-05, α=1.000, ‖θ[1:]‖₁=2135.271, γ=90673.312, num_knots=2326
2025-09-07 00:21:42,659 - Iter 3480: obj=-1355.290248, change=1.64e-05, α=1.000, ‖θ[1:]‖₁=2135.257, γ=90586.133, num_knots=2326
2025-09-07 00:21:42,973 - Iter 3490: obj=-1355.305024, change=1.13e-05, α=1.000, ‖θ[1:]‖₁=2135.220, γ=60931.324, num_knots=2471
2025-09-07 00:21:43,321 - Iter 3500: obj=-1355.324008, change=4.56e-06, α=1.000, ‖θ[1:]‖₁=2135.175, γ=89331.937, num_knots=2459
2025-09-07 00:21:43,612 - Iter 3510: obj=-1355.333092, change=4.81e-06, α=1.000, ‖θ[1:]‖₁=2135.156, γ=71599.599, num_knots=2519
2025-09-07 00:21:43,931 - Iter 3520: obj=-1355.333832, change=2.52e-04, α=1.000, ‖θ[1:]‖₁=2135.151, γ=1105.601, num_knots=2326
2025-09-07 00:21:44,222 - Iter 3530: obj=-1355.356937, change=3.30e-04, α=1.000, ‖θ[1:]‖₁=2135.108, γ=90674.621, num_knots=2608
2025-09-07 00:21:44,542 - Iter 3540: obj=-1355.361298, change=5.70e-05, α=1.000, ‖θ[1:]‖₁=2135.100, γ=90684.933, num_knots=2325
2025-09-07 00:21:44,919 - Iter 3550: obj=-1355.367263, change=4.47e-06, α=1.000, ‖θ[1:]‖₁=2135.089, γ=64639.947, num_knots=2325
2025-09-07 00:21:45,212 - Iter 3560: obj=-1355.382539, change=5.12e-06, α=1.000, ‖θ[1:]‖₁=2135.062, γ=13244.040, num_knots=2324
2025-09-07 00:21:45,571 - Iter 3570: obj=-1355.450759, change=4.25e-06, α=1.000, ‖θ[1:]‖₁=2134.950, γ=741.183, num_knots=2704
2025-09-07 00:21:45,997 - Iter 3580: obj=-1355.452928, change=1.13e-05, α=1.000, ‖θ[1:]‖₁=2134.946, γ=916.706, num_knots=2322
2025-09-07 00:21:46,408 - Iter 3590: obj=-1355.470910, change=2.56e-04, α=1.000, ‖θ[1:]‖₁=2134.921, γ=90655.998, num_knots=2322
2025-09-07 00:21:46,726 - Iter 3600: obj=-1355.474393, change=3.35e-04, α=1.000, ‖θ[1:]‖₁=2134.915, γ=85447.473, num_knots=2321
2025-09-07 00:21:47,043 - Iter 3610: obj=-1355.482020, change=4.05e-06, α=1.000, ‖θ[1:]‖₁=2134.908, γ=85499.044, num_knots=2321
2025-09-07 00:21:47,321 - Iter 3620: obj=-1355.486769, change=1.66e-05, α=1.000, ‖θ[1:]‖₁=2134.902, γ=296.173, num_knots=2321
2025-09-07 00:21:47,641 - Iter 3630: obj=-1355.496897, change=7.69e-04, α=1.000, ‖θ[1:]‖₁=2134.883, γ=10230.861, num_knots=2320
2025-09-07 00:21:48,034 - Iter 3640: obj=-1356.183195, change=5.12e-05, α=1.000, ‖θ[1:]‖₁=2134.150, γ=90702.827, num_knots=2370
2025-09-07 00:21:48,337 - Iter 3650: obj=-1356.186994, change=3.70e-06, α=1.000, ‖θ[1:]‖₁=2134.148, γ=90361.614, num_knots=2298
2025-09-07 00:21:48,651 - Iter 3660: obj=-1356.194819, change=3.79e-06, α=1.000, ‖θ[1:]‖₁=2134.142, γ=87880.511, num_knots=2298
2025-09-07 00:21:48,945 - Iter 3670: obj=-1356.198827, change=7.28e-04, α=1.000, ‖θ[1:]‖₁=2134.134, γ=1719.445, num_knots=2298
2025-09-07 00:21:49,289 - Iter 3680: obj=-1356.306730, change=1.38e-03, α=0.125, ‖θ[1:]‖₁=2134.033, γ=90740.098, num_knots=2298
2025-09-07 00:21:49,629 - Iter 3690: obj=-1356.313359, change=4.09e-06, α=1.000, ‖θ[1:]‖₁=2134.031, γ=13092.832, num_knots=2298
2025-09-07 00:21:50,000 - Iter 3700: obj=-1356.318495, change=1.52e-01, α=1.000, ‖θ[1:]‖₁=2133.004, γ=84912.492, num_knots=2270
2025-09-07 00:21:50,307 - Iter 3710: obj=-1357.247942, change=3.43e-06, α=1.000, ‖θ[1:]‖₁=2132.992, γ=55050.819, num_knots=2440
2025-09-07 00:21:50,596 - Iter 3720: obj=-1357.251376, change=3.39e-06, α=1.000, ‖θ[1:]‖₁=2132.988, γ=90168.457, num_knots=2270
2025-09-07 00:21:50,916 - Iter 3730: obj=-1357.265935, change=5.13e-05, α=1.000, ‖θ[1:]‖₁=2132.974, γ=90697.639, num_knots=2270
2025-09-07 00:21:51,251 - Iter 3740: obj=-1357.335429, change=9.53e-06, α=1.000, ‖θ[1:]‖₁=2132.900, γ=88178.246, num_knots=2684
2025-09-07 00:21:51,563 - Iter 3750: obj=-1357.337294, change=6.86e-05, α=1.000, ‖θ[1:]‖₁=2132.895, γ=1281.010, num_knots=2269
2025-09-07 00:21:51,872 - Iter 3760: obj=-1357.342322, change=1.59e-05, α=1.000, ‖θ[1:]‖₁=2132.890, γ=90696.426, num_knots=2269
2025-09-07 00:21:52,152 - Iter 3770: obj=-1357.347680, change=3.64e-06, α=1.000, ‖θ[1:]‖₁=2132.882, γ=90479.105, num_knots=2269
2025-09-07 00:21:52,450 - Iter 3780: obj=-1357.350998, change=4.26e-06, α=1.000, ‖θ[1:]‖₁=2132.878, γ=16666.343, num_knots=2269
2025-09-07 00:21:52,751 - Iter 3790: obj=-1357.375596, change=3.65e-06, α=1.000, ‖θ[1:]‖₁=2132.844, γ=90591.358, num_knots=2269
2025-09-07 00:21:53,072 - Iter 3800: obj=-1357.379832, change=1.09e-05, α=1.000, ‖θ[1:]‖₁=2132.838, γ=855.607, num_knots=2269
2025-09-07 00:21:53,359 - Iter 3810: obj=-1357.386213, change=2.09e-04, α=1.000, ‖θ[1:]‖₁=2132.827, γ=89838.702, num_knots=2269
2025-09-07 00:21:53,695 - Iter 3820: obj=-1357.392332, change=6.79e-06, α=1.000, ‖θ[1:]‖₁=2132.820, γ=90692.127, num_knots=2269
2025-09-07 00:21:53,979 - Iter 3830: obj=-1357.395648, change=3.76e-06, α=1.000, ‖θ[1:]‖₁=2132.815, γ=56507.123, num_knots=2269
2025-09-07 00:21:54,293 - Iter 3840: obj=-1357.401792, change=2.03e-04, α=1.000, ‖θ[1:]‖₁=2132.804, γ=1258.408, num_knots=2269
2025-09-07 00:21:54,609 - Iter 3850: obj=-1357.808401, change=1.29e-04, α=1.000, ‖θ[1:]‖₁=2132.259, γ=90706.970, num_knots=2473
2025-09-07 00:21:54,952 - Iter 3860: obj=-1357.810041, change=5.70e-04, α=0.500, ‖θ[1:]‖₁=2132.253, γ=90529.337, num_knots=2473
2025-09-07 00:21:55,306 - Iter 3870: obj=-1357.811366, change=1.27e-05, α=1.000, ‖θ[1:]‖₁=2132.252, γ=1410.984, num_knots=2258
2025-09-07 00:21:55,605 - Iter 3880: obj=-1357.815060, change=1.67e-04, α=1.000, ‖θ[1:]‖₁=2132.243, γ=88708.676, num_knots=2258
2025-09-07 00:21:55,889 - Iter 3890: obj=-1357.825418, change=7.12e-06, α=1.000, ‖θ[1:]‖₁=2132.226, γ=90659.493, num_knots=2257
2025-09-07 00:21:56,182 - Iter 3900: obj=-1357.830498, change=3.74e-06, α=1.000, ‖θ[1:]‖₁=2132.218, γ=90218.750, num_knots=2256
2025-09-07 00:21:56,511 - Iter 3910: obj=-1357.838935, change=3.84e-06, α=1.000, ‖θ[1:]‖₁=2132.203, γ=54158.918, num_knots=2255
2025-09-07 00:21:56,768 - Iter 3920: obj=-1357.843986, change=2.12e-03, α=1.000, ‖θ[1:]‖₁=2132.173, γ=1273.025, num_knots=2255
2025-09-07 00:21:57,085 - Iter 3930: obj=-1357.858996, change=9.41e-05, α=1.000, ‖θ[1:]‖₁=2132.169, γ=631.139, num_knots=2255
2025-09-07 00:21:57,398 - Iter 3940: obj=-1357.866076, change=3.67e-06, α=1.000, ‖θ[1:]‖₁=2132.158, γ=90671.707, num_knots=2255
2025-09-07 00:21:57,712 - Iter 3950: obj=-1357.886079, change=4.42e-06, α=1.000, ‖θ[1:]‖₁=2132.125, γ=90681.553, num_knots=2254
2025-09-07 00:21:58,026 - Iter 3960: obj=-1357.891017, change=3.69e-06, α=1.000, ‖θ[1:]‖₁=2132.117, γ=87856.222, num_knots=2253
2025-09-07 00:21:58,355 - Iter 3970: obj=-1357.895079, change=1.49e-03, α=1.000, ‖θ[1:]‖₁=2132.095, γ=1472.613, num_knots=2253
2025-09-07 00:21:58,658 - Iter 3980: obj=-1357.906499, change=6.67e-04, α=1.000, ‖θ[1:]‖₁=2132.085, γ=54057.048, num_knots=2253
2025-09-07 00:21:58,985 - Iter 3990: obj=-1357.934882, change=3.47e-06, α=1.000, ‖θ[1:]‖₁=2132.045, γ=90613.413, num_knots=2469
2025-09-07 00:21:59,283 - Iter 4000: obj=-1357.935234, change=2.93e-03, α=1.000, ‖θ[1:]‖₁=2132.015, γ=824.912, num_knots=2250
2025-09-07 00:21:59,585 - Iter 4010: obj=-1357.956347, change=3.78e-06, α=1.000, ‖θ[1:]‖₁=2132.011, γ=47707.659, num_knots=2249
2025-09-07 00:21:59,920 - Iter 4020: obj=-1357.975546, change=8.05e-05, α=1.000, ‖θ[1:]‖₁=2131.981, γ=90692.380, num_knots=2249
2025-09-07 00:22:00,313 - Iter 4030: obj=-1358.250705, change=4.43e-05, α=1.000, ‖θ[1:]‖₁=2131.570, γ=90688.761, num_knots=2320
2025-09-07 00:22:00,647 - Iter 4040: obj=-1358.256539, change=8.14e-06, α=1.000, ‖θ[1:]‖₁=2131.561, γ=90694.670, num_knots=2243
2025-09-07 00:22:00,938 - Iter 4050: obj=-1358.273052, change=3.59e-06, α=1.000, ‖θ[1:]‖₁=2131.534, γ=79909.382, num_knots=2242
2025-09-07 00:22:01,235 - Iter 4060: obj=-1358.281483, change=4.08e-06, α=1.000, ‖θ[1:]‖₁=2131.521, γ=19884.981, num_knots=2242
2025-09-07 00:22:01,526 - Iter 4070: obj=-1358.292243, change=5.57e-06, α=1.000, ‖θ[1:]‖₁=2131.503, γ=5389.143, num_knots=2242
2025-09-07 00:22:01,845 - Iter 4080: obj=-1358.299230, change=1.07e-02, α=1.000, ‖θ[1:]‖₁=2131.384, γ=1206.996, num_knots=2241
2025-09-07 00:22:02,141 - Iter 4090: obj=-1358.369448, change=1.52e-05, α=1.000, ‖θ[1:]‖₁=2131.379, γ=90696.859, num_knots=2241
2025-09-07 00:22:02,444 - Iter 4100: obj=-1358.376185, change=3.58e-06, α=1.000, ‖θ[1:]‖₁=2131.368, γ=90654.504, num_knots=2241
2025-09-07 00:22:02,763 - Iter 4110: obj=-1358.560039, change=3.55e-06, α=1.000, ‖θ[1:]‖₁=2131.066, γ=85961.521, num_knots=2239
2025-09-07 00:22:03,080 - Iter 4120: obj=-1358.562755, change=3.62e-05, α=1.000, ‖θ[1:]‖₁=2131.060, γ=70.509, num_knots=2239
2025-09-07 00:22:03,389 - Iter 4130: obj=-1358.592538, change=4.43e-06, α=1.000, ‖θ[1:]‖₁=2131.008, γ=12079.189, num_knots=2239
2025-09-07 00:22:03,707 - Iter 4140: obj=-1358.606629, change=1.36e-05, α=1.000, ‖θ[1:]‖₁=2130.982, γ=751.285, num_knots=2239
2025-09-07 00:22:04,017 - Iter 4150: obj=-1358.611113, change=4.74e-04, α=1.000, ‖θ[1:]‖₁=2130.969, γ=66304.257, num_knots=2239
2025-09-07 00:22:04,306 - Iter 4160: obj=-1358.619345, change=3.54e-06, α=1.000, ‖θ[1:]‖₁=2130.959, γ=90612.136, num_knots=2239
2025-09-07 00:22:04,602 - Iter 4170: obj=-1358.628295, change=3.53e-06, α=1.000, ‖θ[1:]‖₁=2130.943, γ=83691.408, num_knots=2239
2025-09-07 00:22:04,945 - Iter 4180: obj=-1358.631964, change=8.92e-06, α=1.000, ‖θ[1:]‖₁=2130.936, γ=1416.929, num_knots=2239
2025-09-07 00:22:05,229 - Iter 4190: obj=-1358.648925, change=2.62e-04, α=1.000, ‖θ[1:]‖₁=2130.902, γ=90676.033, num_knots=2239
2025-09-07 00:22:05,547 - Iter 4200: obj=-1358.651013, change=3.09e-03, α=1.000, ‖θ[1:]‖₁=2130.866, γ=10944.270, num_knots=2238
2025-09-07 00:22:05,867 - Iter 4210: obj=-1358.676332, change=1.88e-04, α=1.000, ‖θ[1:]‖₁=2130.853, γ=90563.453, num_knots=2238
2025-09-07 00:22:06,168 - Iter 4220: obj=-1359.198623, change=7.84e-04, α=1.000, ‖θ[1:]‖₁=2130.038, γ=90678.919, num_knots=2663
2025-09-07 00:22:06,470 - Iter 4230: obj=-1359.200271, change=7.40e-06, α=1.000, ‖θ[1:]‖₁=2130.035, γ=86845.421, num_knots=2250
2025-09-07 00:22:06,777 - Iter 4240: obj=-1359.203901, change=2.86e-05, α=1.000, ‖θ[1:]‖₁=2130.026, γ=90688.413, num_knots=2217
2025-09-07 00:22:07,098 - Iter 4250: obj=-1359.209307, change=3.48e-06, α=1.000, ‖θ[1:]‖₁=2130.016, γ=90663.402, num_knots=2217
2025-09-07 00:22:07,427 - Iter 4260: obj=-1359.641288, change=3.48e-05, α=1.000, ‖θ[1:]‖₁=2129.236, γ=90336.050, num_knots=2438
2025-09-07 00:22:07,750 - Iter 4270: obj=-1359.642484, change=3.11e-06, α=1.000, ‖θ[1:]‖₁=2129.233, γ=89950.817, num_knots=2205
2025-09-07 00:22:08,062 - Iter 4280: obj=-1359.645215, change=3.28e-06, α=1.000, ‖θ[1:]‖₁=2129.229, γ=56549.079, num_knots=2205
2025-09-07 00:22:08,372 - Iter 4290: obj=-1359.648569, change=6.52e-05, α=1.000, ‖θ[1:]‖₁=2129.223, γ=551.803, num_knots=2205
2025-09-07 00:22:08,678 - Iter 4300: obj=-1359.659215, change=7.16e-05, α=1.000, ‖θ[1:]‖₁=2129.205, γ=90700.591, num_knots=2302
2025-09-07 00:22:08,981 - Iter 4310: obj=-1359.662528, change=5.31e-06, α=1.000, ‖θ[1:]‖₁=2129.199, γ=90685.826, num_knots=2205
2025-09-07 00:22:09,312 - Iter 4320: obj=-1359.665159, change=3.31e-06, α=1.000, ‖θ[1:]‖₁=2129.195, γ=62455.310, num_knots=2205
2025-09-07 00:22:09,612 - Iter 4330: obj=-1359.677185, change=6.09e-06, α=1.000, ‖θ[1:]‖₁=2129.174, γ=3520.961, num_knots=2204
2025-09-07 00:22:09,955 - Iter 4340: obj=-1359.683360, change=3.26e-06, α=1.000, ‖θ[1:]‖₁=2129.162, γ=89715.996, num_knots=2204
2025-09-07 00:22:10,319 - Iter 4350: obj=-1359.733043, change=3.46e-06, α=1.000, ‖θ[1:]‖₁=2129.072, γ=85485.817, num_knots=2324
2025-09-07 00:22:10,627 - Iter 4360: obj=-1359.736826, change=3.33e-06, α=1.000, ‖θ[1:]‖₁=2129.065, γ=90632.704, num_knots=2204
2025-09-07 00:22:10,926 - Iter 4370: obj=-1360.215184, change=3.89e-06, α=1.000, ‖θ[1:]‖₁=2128.163, γ=52392.988, num_knots=2430
2025-09-07 00:22:11,275 - Iter 4380: obj=-1360.216216, change=3.62e-06, α=1.000, ‖θ[1:]‖₁=2128.160, γ=80522.947, num_knots=2193
2025-09-07 00:22:11,553 - Iter 4390: obj=-1360.218656, change=4.27e-06, α=1.000, ‖θ[1:]‖₁=2128.154, γ=15074.758, num_knots=2193
2025-09-07 00:22:11,857 - Iter 4400: obj=-1360.223737, change=1.11e-05, α=1.000, ‖θ[1:]‖₁=2128.141, γ=764.027, num_knots=2193
2025-09-07 00:22:12,172 - Iter 4410: obj=-1360.227739, change=6.04e-04, α=1.000, ‖θ[1:]‖₁=2128.124, γ=46223.923, num_knots=2193
2025-09-07 00:22:12,480 - Iter 4420: obj=-1360.233896, change=3.39e-06, α=1.000, ‖θ[1:]‖₁=2128.118, γ=90650.683, num_knots=2193
2025-09-07 00:22:12,822 - Iter 4430: obj=-1360.246548, change=7.46e-06, α=1.000, ‖θ[1:]‖₁=2128.089, γ=90689.596, num_knots=2193
2025-09-07 00:22:13,180 - Iter 4440: obj=-1360.376163, change=5.10e-06, α=1.000, ‖θ[1:]‖₁=2127.802, γ=769.711, num_knots=2655
2025-09-07 00:22:13,480 - Iter 4450: obj=-1360.377158, change=3.10e-06, α=1.000, ‖θ[1:]‖₁=2127.799, γ=90381.247, num_knots=2189
2025-09-07 00:22:13,867 - Iter 4460: obj=-1360.378994, change=1.80e-05, α=1.000, ‖θ[1:]‖₁=2127.795, γ=476.403, num_knots=2189
2025-09-07 00:22:14,227 - Iter 4470: obj=-1360.384993, change=3.00e-04, α=1.000, ‖θ[1:]‖₁=2127.779, γ=1773.457, num_knots=2189
2025-09-07 00:22:14,538 - Iter 4480: obj=-1360.390470, change=8.61e-06, α=1.000, ‖θ[1:]‖₁=2127.772, γ=90692.249, num_knots=2189
2025-09-07 00:22:14,840 - Iter 4490: obj=-1360.393156, change=3.54e-06, α=1.000, ‖θ[1:]‖₁=2127.766, γ=27057.885, num_knots=2189
2025-09-07 00:22:15,157 - Iter 4500: obj=-1360.396931, change=4.83e-05, α=1.000, ‖θ[1:]‖₁=2127.758, γ=326.403, num_knots=2189
2025-09-07 00:22:15,453 - Iter 4510: obj=-1360.408096, change=2.25e-05, α=1.000, ‖θ[1:]‖₁=2127.735, γ=90679.273, num_knots=2188
2025-09-07 00:22:15,828 - Iter 4520: obj=-1360.410699, change=3.18e-06, α=1.000, ‖θ[1:]‖₁=2127.730, γ=90608.701, num_knots=2188
2025-09-07 00:22:16,147 - Iter 4530: obj=-1360.448435, change=3.21e-06, α=1.000, ‖θ[1:]‖₁=2127.652, γ=90037.701, num_knots=2186
2025-09-07 00:22:16,476 - Iter 4540: obj=-1360.473877, change=3.24e-06, α=1.000, ‖θ[1:]‖₁=2127.599, γ=90669.063, num_knots=2185
2025-09-07 00:22:16,829 - Iter 4550: obj=-1360.477327, change=3.21e-06, α=1.000, ‖θ[1:]‖₁=2127.592, γ=87477.352, num_knots=2185
2025-09-07 00:22:17,178 - Iter 4560: obj=-1360.481138, change=1.24e-05, α=1.000, ‖θ[1:]‖₁=2127.583, γ=439.160, num_knots=2185
2025-09-07 00:22:17,504 - Iter 4570: obj=-1360.486604, change=2.54e-03, α=1.000, ‖θ[1:]‖₁=2127.538, γ=1014.283, num_knots=2185
2025-09-07 00:22:17,838 - Iter 4580: obj=-1360.504307, change=4.63e-06, α=1.000, ‖θ[1:]‖₁=2127.534, γ=8107.912, num_knots=2185
2025-09-07 00:22:18,138 - Iter 4590: obj=-1360.519806, change=7.15e-06, α=1.000, ‖θ[1:]‖₁=2127.501, γ=2280.174, num_knots=2184
2025-09-07 00:22:18,460 - Iter 4600: obj=-1360.553914, change=9.97e-05, α=1.000, ‖θ[1:]‖₁=2127.429, γ=90692.695, num_knots=2183
2025-09-07 00:22:18,755 - Iter 4610: obj=-1360.561107, change=2.14e-05, α=1.000, ‖θ[1:]‖₁=2127.413, γ=90694.514, num_knots=2183
2025-09-07 00:22:19,097 - Iter 4620: obj=-1360.565651, change=3.19e-06, α=1.000, ‖θ[1:]‖₁=2127.404, γ=90632.879, num_knots=2183
2025-09-07 00:22:19,373 - Iter 4630: obj=-1360.637227, change=3.22e-06, α=1.000, ‖θ[1:]‖₁=2127.254, γ=90398.616, num_knots=2178
2025-09-07 00:22:19,685 - Iter 4640: obj=-1360.639018, change=5.03e-06, α=1.000, ‖θ[1:]‖₁=2127.250, γ=6623.547, num_knots=2178
2025-09-07 00:22:20,021 - Iter 4650: obj=-1360.642311, change=1.93e-02, α=1.000, ‖θ[1:]‖₁=2127.000, γ=11065.963, num_knots=2173
2025-09-07 00:22:20,329 - Iter 4660: obj=-1360.761052, change=2.92e-04, α=1.000, ‖θ[1:]‖₁=2126.995, γ=2161.918, num_knots=2173
2025-09-07 00:22:20,694 - Iter 4670: obj=-1360.769509, change=4.11e-04, α=1.000, ‖θ[1:]‖₁=2126.977, γ=90313.087, num_knots=2173
2025-09-07 00:22:21,044 - Iter 4680: obj=-1360.776192, change=1.07e-05, α=1.000, ‖θ[1:]‖₁=2126.968, γ=90688.596, num_knots=2173
2025-09-07 00:22:21,321 - Iter 4690: obj=-1360.779082, change=3.41e-06, α=1.000, ‖θ[1:]‖₁=2126.962, γ=37479.378, num_knots=2173
2025-09-07 00:22:21,643 - Iter 4700: obj=-1360.781585, change=1.88e-03, α=1.000, ‖θ[1:]‖₁=2126.932, γ=1179.005, num_knots=2173
2025-09-07 00:22:22,020 - Iter 4710: obj=-1360.794823, change=1.02e-04, α=1.000, ‖θ[1:]‖₁=2126.927, γ=1038.785, num_knots=2173
2025-09-07 00:22:22,309 - Iter 4720: obj=-1360.799600, change=3.18e-06, α=1.000, ‖θ[1:]‖₁=2126.918, γ=90458.431, num_knots=2173
2025-09-07 00:22:22,591 - Iter 4730: obj=-1360.802273, change=2.42e-05, α=1.000, ‖θ[1:]‖₁=2126.912, γ=1.728, num_knots=2173
2025-09-07 00:22:22,890 - Iter 4740: obj=-1361.803681, change=1.23e-05, α=1.000, ‖θ[1:]‖₁=2125.093, γ=23639.406, num_knots=2397
2025-09-07 00:22:23,190 - Iter 4750: obj=-1361.805329, change=9.73e-06, α=1.000, ‖θ[1:]‖₁=2125.087, γ=90256.578, num_knots=2145
2025-09-07 00:22:23,522 - Iter 4760: obj=-1361.806961, change=3.56e-06, α=1.000, ‖θ[1:]‖₁=2125.083, γ=30751.425, num_knots=2145
2025-09-07 00:22:23,827 - Iter 4770: obj=-1361.808773, change=1.04e-04, α=1.000, ‖θ[1:]‖₁=2125.076, γ=2085.642, num_knots=2145
2025-09-07 00:22:24,198 - Iter 4780: obj=-1361.815642, change=1.35e-05, α=1.000, ‖θ[1:]‖₁=2125.060, γ=90691.064, num_knots=2145
2025-09-07 00:22:24,585 - Iter 4790: obj=-1361.819138, change=3.06e-06, α=1.000, ‖θ[1:]‖₁=2125.052, γ=90581.191, num_knots=2145
2025-09-07 00:22:24,930 - Iter 4800: obj=-1361.860351, change=3.01e-06, α=1.000, ‖θ[1:]‖₁=2124.951, γ=90152.749, num_knots=2143
2025-09-07 00:22:25,266 - Iter 4810: obj=-1361.862929, change=3.20e-06, α=1.000, ‖θ[1:]‖₁=2124.944, γ=43713.293, num_knots=2143
2025-09-07 00:22:25,543 - Iter 4820: obj=-1361.866003, change=2.03e-04, α=1.000, ‖θ[1:]‖₁=2124.934, γ=84619.181, num_knots=2143
2025-09-07 00:22:25,852 - Iter 4830: obj=-1361.937507, change=3.24e-06, α=1.000, ‖θ[1:]‖₁=2124.765, γ=50164.016, num_knots=2457
2025-09-07 00:22:26,177 - Iter 4840: obj=-1361.938167, change=2.96e-06, α=1.000, ‖θ[1:]‖₁=2124.763, γ=90680.679, num_knots=2141
2025-09-07 00:22:26,503 - Iter 4850: obj=-1361.942312, change=3.00e-06, α=1.000, ‖θ[1:]‖₁=2124.753, γ=88565.626, num_knots=2141
2025-09-07 00:22:26,813 - Iter 4860: obj=-1361.964998, change=2.98e-06, α=1.000, ‖θ[1:]‖₁=2124.699, γ=90650.842, num_knots=2141
2025-09-07 00:22:27,183 - Iter 4870: obj=-1361.968807, change=3.00e-06, α=1.000, ‖θ[1:]‖₁=2124.689, γ=89287.837, num_knots=2141
2025-09-07 00:22:27,507 - Iter 4880: obj=-1362.101530, change=5.24e-06, α=1.000, ‖θ[1:]‖₁=2124.374, γ=90638.657, num_knots=2135
2025-09-07 00:22:27,807 - Iter 4890: obj=-1362.103915, change=2.98e-06, α=1.000, ‖θ[1:]‖₁=2124.369, γ=89223.812, num_knots=2135
2025-09-07 00:22:28,176 - Iter 4900: obj=-1362.111440, change=3.00e-06, α=1.000, ‖θ[1:]‖₁=2124.351, γ=86342.172, num_knots=2134
2025-09-07 00:22:28,518 - Iter 4910: obj=-1362.114177, change=9.27e-05, α=1.000, ‖θ[1:]‖₁=2124.343, γ=1106.561, num_knots=2134
2025-09-07 00:22:28,815 - Iter 4920: obj=-1362.118944, change=2.98e-06, α=1.000, ‖θ[1:]‖₁=2124.332, γ=90435.853, num_knots=2134
2025-09-07 00:22:29,159 - Iter 4930: obj=-1362.121841, change=4.17e-06, α=1.000, ‖θ[1:]‖₁=2124.325, γ=10264.178, num_knots=2134
2025-09-07 00:22:29,480 - Iter 4940: obj=-1362.164049, change=3.97e-06, α=1.000, ‖θ[1:]‖₁=2124.224, γ=12298.300, num_knots=2133
2025-09-07 00:22:29,829 - Iter 4950: obj=-1362.831289, change=2.69e-05, α=1.000, ‖θ[1:]‖₁=2122.752, γ=5411.006, num_knots=2380
2025-09-07 00:22:30,182 - Iter 4960: obj=-1362.833677, change=3.09e-04, α=1.000, ‖θ[1:]‖₁=2122.741, γ=90688.352, num_knots=2380
2025-09-07 00:22:30,503 - Iter 4970: obj=-1362.835353, change=8.76e-06, α=1.000, ‖θ[1:]‖₁=2122.736, γ=90238.376, num_knots=2116
2025-09-07 00:22:30,831 - Iter 4980: obj=-1362.839272, change=9.22e-05, α=1.000, ‖θ[1:]‖₁=2122.724, γ=90696.002, num_knots=2358
2025-09-07 00:22:31,142 - Iter 4990: obj=-1362.843482, change=3.47e-05, α=1.000, ‖θ[1:]‖₁=2122.713, γ=90688.622, num_knots=2116
2025-09-07 00:22:31,468 - Iter 5000: obj=-1362.845563, change=2.89e-06, α=1.000, ‖θ[1:]‖₁=2122.707, γ=90431.318, num_knots=2116
2025-09-07 00:22:31,791 - Iter 5010: obj=-1362.848738, change=3.12e-06, α=1.000, ‖θ[1:]‖₁=2122.699, γ=38883.592, num_knots=2116
2025-09-07 00:22:32,110 - Iter 5020: obj=-1362.850822, change=6.30e-03, α=1.000, ‖θ[1:]‖₁=2122.597, γ=2802.180, num_knots=2113
2025-09-07 00:22:32,446 - Iter 5030: obj=-1362.889435, change=7.03e-06, α=1.000, ‖θ[1:]‖₁=2122.595, γ=90681.708, num_knots=2113
2025-09-07 00:22:32,768 - Iter 5040: obj=-1362.920714, change=1.22e-05, α=1.000, ‖θ[1:]‖₁=2122.514, γ=90688.815, num_knots=2112
2025-09-07 00:22:33,086 - Iter 5050: obj=-1362.922686, change=2.89e-06, α=1.000, ‖θ[1:]‖₁=2122.509, γ=85722.477, num_knots=2112
2025-09-07 00:22:33,389 - Iter 5060: obj=-1362.925088, change=1.03e-02, α=1.000, ‖θ[1:]‖₁=2122.346, γ=13802.806, num_knots=2109
2025-09-07 00:22:33,676 - Iter 5070: obj=-1362.986863, change=1.91e-05, α=1.000, ‖θ[1:]‖₁=2122.345, γ=624.613, num_knots=2109
2025-09-07 00:22:33,993 - Iter 5080: obj=-1362.992381, change=3.70e-04, α=1.000, ‖θ[1:]‖₁=2122.326, γ=54429.900, num_knots=2109
2025-09-07 00:22:34,306 - Iter 5090: obj=-1363.131746, change=8.50e-06, α=1.000, ‖θ[1:]‖₁=2121.982, γ=90615.402, num_knots=2118
2025-09-07 00:22:34,630 - Iter 5100: obj=-1363.133172, change=2.90e-06, α=1.000, ‖θ[1:]‖₁=2121.978, γ=89086.562, num_knots=2104
2025-09-07 00:22:34,971 - Iter 5110: obj=-1363.137195, change=2.87e-06, α=1.000, ‖θ[1:]‖₁=2121.968, γ=86037.055, num_knots=2104
2025-09-07 00:22:35,276 - Iter 5120: obj=-1363.139837, change=2.03e-05, α=1.000, ‖θ[1:]‖₁=2121.961, γ=0.299, num_knots=2104
2025-09-07 00:22:35,611 - Iter 5130: obj=-1364.315951, change=4.55e-04, α=1.000, ‖θ[1:]‖₁=2121.039, γ=84346.632, num_knots=2374
2025-09-07 00:22:35,943 - Iter 5140: obj=-1364.319399, change=5.22e-04, α=0.250, ‖θ[1:]‖₁=2121.029, γ=90559.619, num_knots=2374
2025-09-07 00:22:36,233 - Iter 5150: obj=-1364.320238, change=3.70e-06, α=1.000, ‖θ[1:]‖₁=2121.026, γ=87406.259, num_knots=2197
2025-09-07 00:22:36,541 - Iter 5160: obj=-1364.321349, change=1.35e-04, α=1.000, ‖θ[1:]‖₁=2121.016, γ=88869.597, num_knots=2104
2025-09-07 00:22:36,830 - Iter 5170: obj=-1364.323750, change=3.26e-06, α=1.000, ‖θ[1:]‖₁=2121.006, γ=89641.147, num_knots=2104
2025-09-07 00:22:37,137 - Iter 5180: obj=-1364.327720, change=3.23e-06, α=1.000, ‖θ[1:]‖₁=2120.985, γ=90046.482, num_knots=2103
2025-09-07 00:22:37,441 - Iter 5190: obj=-1364.329768, change=3.44e-06, α=1.000, ‖θ[1:]‖₁=2120.974, γ=38425.701, num_knots=2103
2025-09-07 00:22:37,787 - Iter 5200: obj=-1364.331750, change=2.16e-03, α=1.000, ‖θ[1:]‖₁=2120.903, γ=925.556, num_knots=2103
2025-09-07 00:22:38,074 - Iter 5210: obj=-1364.344350, change=3.07e-06, α=1.000, ‖θ[1:]‖₁=2120.897, γ=80728.120, num_knots=2103
2025-09-07 00:22:38,398 - Iter 5220: obj=-1364.346635, change=5.24e-06, α=1.000, ‖θ[1:]‖₁=2120.886, γ=5578.792, num_knots=2103
2025-09-07 00:22:38,680 - Iter 5230: obj=-1364.350084, change=1.90e-03, α=1.000, ‖θ[1:]‖₁=2120.816, γ=4940.729, num_knots=2103
2025-09-07 00:22:39,009 - Iter 5240: obj=-1364.361118, change=3.38e-06, α=1.000, ‖θ[1:]‖₁=2120.813, γ=25079.980, num_knots=2103
2025-09-07 00:22:39,304 - Iter 5250: obj=-1364.364402, change=1.27e-05, α=1.000, ‖θ[1:]‖₁=2120.797, γ=309.539, num_knots=2103
2025-09-07 00:22:39,616 - Iter 5260: obj=-1364.369829, change=3.42e-04, α=1.000, ‖θ[1:]‖₁=2120.762, γ=55161.219, num_knots=2101
2025-09-07 00:22:39,937 - Iter 5270: obj=-1364.422012, change=2.91e-06, α=1.000, ‖θ[1:]‖₁=2120.530, γ=742.426, num_knots=2631
2025-09-07 00:22:40,353 - Iter 5280: obj=-1364.423097, change=3.27e-06, α=1.000, ‖θ[1:]‖₁=2120.523, γ=90331.927, num_knots=2226
2025-09-07 00:22:40,639 - Iter 5290: obj=-1364.470413, change=2.88e-04, α=1.000, ‖θ[1:]‖₁=2120.322, γ=90692.060, num_knots=2099
2025-09-07 00:22:40,953 - Iter 5300: obj=-1364.470742, change=1.05e-05, α=1.000, ‖θ[1:]‖₁=2120.322, γ=990.471, num_knots=2099
2025-09-07 00:22:41,252 - Iter 5310: obj=-1364.473140, change=3.13e-04, α=1.000, ‖θ[1:]‖₁=2120.304, γ=1929.653, num_knots=2099
2025-09-07 00:22:41,543 - Iter 5320: obj=-1364.483305, change=1.68e-04, α=1.000, ‖θ[1:]‖₁=2120.266, γ=90632.862, num_knots=2097
2025-09-07 00:22:41,910 - Iter 5330: obj=-1364.487292, change=1.35e-04, α=1.000, ‖θ[1:]‖₁=2120.250, γ=90397.367, num_knots=2097
2025-09-07 00:22:42,291 - Iter 5340: obj=-1364.490327, change=9.54e-06, α=1.000, ‖θ[1:]‖₁=2120.241, γ=90685.796, num_knots=2097
2025-09-07 00:22:42,616 - Iter 5350: obj=-1364.493529, change=2.61e-06, α=1.000, ‖θ[1:]‖₁=2120.228, γ=90473.439, num_knots=2097
2025-09-07 00:22:42,989 - Iter 5360: obj=-1364.501041, change=2.62e-06, α=1.000, ‖θ[1:]‖₁=2120.197, γ=89873.096, num_knots=2096
2025-09-07 00:22:43,288 - Iter 5370: obj=-1364.503562, change=2.70e-06, α=1.000, ‖θ[1:]‖₁=2120.186, γ=62603.038, num_knots=2096
2025-09-07 00:22:43,556 - Iter 5380: obj=-1364.526521, change=2.63e-06, α=1.000, ‖θ[1:]‖₁=2120.092, γ=90569.570, num_knots=2095
2025-09-07 00:22:43,878 - Iter 5390: obj=-1364.619854, change=2.89e-06, α=1.000, ‖θ[1:]‖₁=2119.719, γ=10287.997, num_knots=2365
2025-09-07 00:22:44,191 - Iter 5400: obj=-1364.620403, change=2.46e-04, α=1.000, ‖θ[1:]‖₁=2119.711, γ=35405.263, num_knots=2090
2025-09-07 00:22:44,492 - Iter 5410: obj=-1364.624792, change=2.73e-06, α=1.000, ‖θ[1:]‖₁=2119.699, γ=90677.602, num_knots=2090
2025-09-07 00:22:44,778 - Iter 5420: obj=-1365.315240, change=1.13e-05, α=1.000, ‖θ[1:]‖₁=2117.168, γ=758.206, num_knots=2617
2025-09-07 00:22:45,142 - Iter 5430: obj=-1365.317655, change=2.57e-06, α=1.000, ‖θ[1:]‖₁=2117.148, γ=84079.877, num_knots=2308
2025-09-07 00:22:45,453 - Iter 5440: obj=-1365.319478, change=1.52e-05, α=1.000, ‖θ[1:]‖₁=2117.141, γ=90672.175, num_knots=2061
2025-09-07 00:22:45,823 - Iter 5450: obj=-1365.327359, change=4.22e-06, α=1.000, ‖θ[1:]‖₁=2117.110, γ=90351.271, num_knots=2216
2025-09-07 00:22:46,168 - Iter 5460: obj=-1365.329779, change=1.88e-05, α=1.000, ‖θ[1:]‖₁=2117.100, γ=90684.307, num_knots=2060
2025-09-07 00:22:46,463 - Iter 5470: obj=-1365.342170, change=4.56e-06, α=1.000, ‖θ[1:]‖₁=2117.051, γ=90442.233, num_knots=2214
2025-09-07 00:22:46,877 - Iter 5480: obj=-1365.343827, change=7.34e-06, α=1.000, ‖θ[1:]‖₁=2117.045, γ=90682.345, num_knots=2059
2025-09-07 00:22:47,230 - Iter 5490: obj=-1365.346054, change=2.71e-06, α=1.000, ‖θ[1:]‖₁=2117.036, γ=90508.438, num_knots=2059
2025-09-07 00:22:47,592 - Iter 5500: obj=-1365.413075, change=2.60e-06, α=1.000, ‖θ[1:]‖₁=2116.778, γ=90603.584, num_knots=2056
2025-09-07 00:22:47,887 - Iter 5510: obj=-1365.415116, change=2.61e-06, α=1.000, ‖θ[1:]‖₁=2116.770, γ=88771.912, num_knots=2056
2025-09-07 00:22:48,269 - Iter 5520: obj=-1365.424508, change=2.92e-06, α=1.000, ‖θ[1:]‖₁=2116.737, γ=32148.734, num_knots=2055
2025-09-07 00:22:48,616 - Iter 5530: obj=-1365.426050, change=7.90e-05, α=1.000, ‖θ[1:]‖₁=2116.730, γ=1445.119, num_knots=2055
2025-09-07 00:22:48,916 - Iter 5540: obj=-1365.450856, change=2.89e-04, α=1.000, ‖θ[1:]‖₁=2116.642, γ=90674.975, num_knots=2349
2025-09-07 00:22:49,222 - Iter 5550: obj=-1365.451380, change=2.60e-06, α=1.000, ‖θ[1:]‖₁=2116.641, γ=90374.031, num_knots=2055
2025-09-07 00:22:49,574 - Iter 5560: obj=-1365.455166, change=2.61e-06, α=1.000, ‖θ[1:]‖₁=2116.627, γ=85670.453, num_knots=2055
2025-09-07 00:22:49,938 - Iter 5570: obj=-1365.457784, change=4.69e-06, α=1.000, ‖θ[1:]‖₁=2116.617, γ=5543.861, num_knots=2055
2025-09-07 00:22:50,246 - Iter 5580: obj=-1365.460705, change=1.08e-03, α=1.000, ‖θ[1:]‖₁=2116.584, γ=9974.729, num_knots=2055
2025-09-07 00:22:50,554 - Iter 5590: obj=-1365.467805, change=4.42e-06, α=1.000, ‖θ[1:]‖₁=2116.581, γ=90580.953, num_knots=2054
2025-09-07 00:22:50,869 - Iter 5600: obj=-1365.489309, change=2.60e-06, α=1.000, ‖θ[1:]‖₁=2116.505, γ=90255.590, num_knots=2051
2025-09-07 00:22:51,158 - Iter 5610: obj=-1365.491617, change=3.09e-06, α=1.000, ‖θ[1:]‖₁=2116.496, γ=24025.816, num_knots=2051
2025-09-07 00:22:51,451 - Iter 5620: obj=-1365.494244, change=7.18e-05, α=1.000, ‖θ[1:]‖₁=2116.486, γ=1163.916, num_knots=2050
2025-09-07 00:22:51,745 - Iter 5630: obj=-1365.498115, change=2.59e-06, α=1.000, ‖θ[1:]‖₁=2116.474, γ=90593.443, num_knots=2050
2025-09-07 00:22:52,096 - Iter 5640: obj=-1365.501429, change=2.60e-06, α=1.000, ‖θ[1:]‖₁=2116.462, γ=90031.419, num_knots=2050
2025-09-07 00:22:52,395 - Iter 5650: obj=-1365.503081, change=3.22e-06, α=1.000, ‖θ[1:]‖₁=2116.456, γ=19903.161, num_knots=2050
2025-09-07 00:22:52,718 - Iter 5660: obj=-1365.509881, change=3.04e-06, α=1.000, ‖θ[1:]‖₁=2116.432, γ=26150.744, num_knots=2050
2025-09-07 00:22:53,070 - Iter 5670: obj=-1365.512501, change=1.03e-05, α=1.000, ‖θ[1:]‖₁=2116.422, γ=473.338, num_knots=2050
2025-09-07 00:22:53,373 - Iter 5680: obj=-1365.516389, change=4.55e-05, α=1.000, ‖θ[1:]‖₁=2116.408, γ=667.045, num_knots=2050
2025-09-07 00:22:53,664 - Iter 5690: obj=-1365.520339, change=3.92e-06, α=1.000, ‖θ[1:]‖₁=2116.395, γ=90683.771, num_knots=2050
2025-09-07 00:22:53,984 - Iter 5700: obj=-1365.535495, change=1.53e-05, α=1.000, ‖θ[1:]‖₁=2116.341, γ=90685.081, num_knots=2050
2025-09-07 00:22:54,272 - Iter 5710: obj=-1365.680285, change=5.29e-05, α=1.000, ‖θ[1:]‖₁=2115.846, γ=90667.833, num_knots=2264
2025-09-07 00:22:54,576 - Iter 5720: obj=-1365.681863, change=1.29e-05, α=1.000, ‖θ[1:]‖₁=2115.841, γ=90685.449, num_knots=2040
2025-09-07 00:22:54,885 - Iter 5730: obj=-1365.683096, change=2.60e-06, α=1.000, ‖θ[1:]‖₁=2115.836, γ=89464.694, num_knots=2040
2025-09-07 00:22:55,263 - Iter 5740: obj=-1365.684298, change=7.91e-06, α=1.000, ‖θ[1:]‖₁=2115.832, γ=1537.792, num_knots=2039
2025-09-07 00:22:55,593 - Iter 5750: obj=-1365.686140, change=5.17e-04, α=1.000, ‖θ[1:]‖₁=2115.816, γ=19998.658, num_knots=2039
2025-09-07 00:22:55,895 - Iter 5760: obj=-1365.691364, change=6.02e-06, α=1.000, ‖θ[1:]‖₁=2115.808, γ=90672.123, num_knots=2038
2025-09-07 00:22:56,221 - Iter 5770: obj=-1365.694092, change=2.57e-06, α=1.000, ‖θ[1:]‖₁=2115.799, γ=90459.340, num_knots=2038
2025-09-07 00:22:56,542 - Iter 5780: obj=-1365.755325, change=6.56e-06, α=1.000, ‖θ[1:]‖₁=2115.595, γ=90673.243, num_knots=2037
2025-09-07 00:22:56,800 - Iter 5790: obj=-1365.759005, change=2.53e-06, α=1.000, ‖θ[1:]‖₁=2115.583, γ=90671.853, num_knots=2037
2025-09-07 00:22:57,137 - Iter 5800: obj=-1365.878014, change=6.26e-06, α=1.000, ‖θ[1:]‖₁=2115.193, γ=90655.254, num_knots=2108
2025-09-07 00:22:57,444 - Iter 5810: obj=-1365.880963, change=1.51e-05, α=1.000, ‖θ[1:]‖₁=2115.182, γ=90687.244, num_knots=2032
2025-09-07 00:22:57,738 - Iter 5820: obj=-1365.882384, change=2.53e-06, α=1.000, ‖θ[1:]‖₁=2115.178, γ=86056.875, num_knots=2032
2025-09-07 00:22:58,040 - Iter 5830: obj=-1365.885455, change=2.71e-06, α=1.000, ‖θ[1:]‖₁=2115.168, γ=45408.303, num_knots=2032
2025-09-07 00:22:58,359 - Iter 5840: obj=-1365.888289, change=1.30e-04, α=1.000, ‖θ[1:]‖₁=2115.156, γ=88215.969, num_knots=2032
2025-09-07 00:22:58,992 - Iter 5850: obj=-1365.892685, change=4.37e-06, α=1.000, ‖θ[1:]‖₁=2115.144, γ=90685.014, num_knots=2032
2025-09-07 00:22:59,293 - Iter 5860: obj=-1365.894809, change=2.53e-06, α=1.000, ‖θ[1:]‖₁=2115.137, γ=88795.427, num_knots=2031
2025-09-07 00:22:59,581 - Iter 5870: obj=-1365.905349, change=2.53e-06, α=1.000, ‖θ[1:]‖₁=2115.102, γ=90523.030, num_knots=2031
2025-09-07 00:22:59,912 - Iter 5880: obj=-1365.924931, change=7.71e-06, α=1.000, ‖θ[1:]‖₁=2115.038, γ=90620.038, num_knots=2130
2025-09-07 00:23:00,244 - Iter 5890: obj=-1365.927990, change=8.25e-06, α=1.000, ‖θ[1:]‖₁=2115.028, γ=90677.146, num_knots=2030
2025-09-07 00:23:00,551 - Iter 5900: obj=-1365.930252, change=2.60e-06, α=1.000, ‖θ[1:]‖₁=2115.021, γ=90676.213, num_knots=2030
2025-09-07 00:23:00,845 - Iter 5910: obj=-1365.938913, change=4.98e-06, α=1.000, ‖θ[1:]‖₁=2114.992, γ=90685.608, num_knots=2030
2025-09-07 00:23:01,139 - Iter 5920: obj=-1365.942779, change=2.50e-06, α=1.000, ‖θ[1:]‖₁=2114.980, γ=90659.264, num_knots=2030
2025-09-07 00:23:01,469 - Iter 5930: obj=-1365.947032, change=2.51e-06, α=1.000, ‖θ[1:]‖₁=2114.966, γ=90454.989, num_knots=2030
2025-09-07 00:23:01,804 - Iter 5940: obj=-1366.048274, change=1.69e-05, α=1.000, ‖θ[1:]‖₁=2114.638, γ=90684.615, num_knots=2026
2025-09-07 00:23:02,150 - Iter 5950: obj=-1366.050248, change=3.63e-06, α=1.000, ‖θ[1:]‖₁=2114.632, γ=90678.616, num_knots=2026
2025-09-07 00:23:02,578 - Iter 5960: obj=-1366.052394, change=2.51e-06, α=1.000, ‖θ[1:]‖₁=2114.625, γ=90559.675, num_knots=2026
2025-09-07 00:23:02,888 - Iter 5970: obj=-1366.056812, change=2.52e-06, α=1.000, ‖θ[1:]‖₁=2114.610, γ=90424.959, num_knots=2025
2025-09-07 00:23:03,201 - Iter 5980: obj=-1366.075037, change=7.84e-06, α=1.000, ‖θ[1:]‖₁=2114.551, γ=90685.174, num_knots=2024
2025-09-07 00:23:03,472 - Iter 5990: obj=-1366.079623, change=7.19e-06, α=1.000, ‖θ[1:]‖₁=2114.536, γ=90685.650, num_knots=2024
2025-09-07 00:23:03,789 - Iter 6000: obj=-1366.093222, change=1.10e-05, α=1.000, ‖θ[1:]‖₁=2114.493, γ=90684.237, num_knots=2023
2025-09-07 00:23:04,123 - Iter 6010: obj=-1366.094844, change=2.52e-06, α=1.000, ‖θ[1:]‖₁=2114.487, γ=90566.925, num_knots=2023
2025-09-07 00:23:04,453 - Iter 6020: obj=-1366.097471, change=2.50e-06, α=1.000, ‖θ[1:]‖₁=2114.479, γ=89868.975, num_knots=2023
2025-09-07 00:23:04,739 - Iter 6030: obj=-1366.099041, change=2.82e-06, α=1.000, ‖θ[1:]‖₁=2114.474, γ=33531.258, num_knots=2023
2025-09-07 00:23:05,101 - Iter 6040: obj=-1366.100685, change=5.95e-05, α=1.000, ‖θ[1:]‖₁=2114.467, γ=1037.287, num_knots=2023
2025-09-07 00:23:05,402 - Iter 6050: obj=-1366.106923, change=2.56e-06, α=1.000, ‖θ[1:]‖₁=2114.448, γ=90675.847, num_knots=2023
2025-09-07 00:23:05,692 - Iter 6060: obj=-1366.115138, change=4.45e-06, α=1.000, ‖θ[1:]‖₁=2114.422, γ=90685.076, num_knots=2023
2025-09-07 00:23:06,018 - Iter 6070: obj=-1366.117689, change=2.49e-06, α=1.000, ‖θ[1:]‖₁=2114.414, γ=90404.409, num_knots=2023
2025-09-07 00:23:06,387 - Iter 6080: obj=-1366.131997, change=2.49e-06, α=1.000, ‖θ[1:]‖₁=2114.368, γ=90625.173, num_knots=2022
2025-09-07 00:23:06,686 - Iter 6090: obj=-1366.133548, change=2.53e-06, α=1.000, ‖θ[1:]‖₁=2114.363, γ=77177.928, num_knots=2022
2025-09-07 00:23:07,007 - Iter 6100: obj=-1366.135836, change=3.05e-06, α=1.000, ‖θ[1:]‖₁=2114.355, γ=22238.334, num_knots=2022
2025-09-07 00:23:07,323 - Iter 6110: obj=-1366.139822, change=3.81e-06, α=1.000, ‖θ[1:]‖₁=2114.342, γ=9789.125, num_knots=2022
2025-09-07 00:23:07,637 - Iter 6120: obj=-1366.153452, change=2.62e-06, α=1.000, ‖θ[1:]‖₁=2114.299, γ=55576.770, num_knots=2021
2025-09-07 00:23:07,949 - Iter 6130: obj=-1366.158853, change=2.81e-06, α=1.000, ‖θ[1:]‖₁=2114.281, γ=34124.843, num_knots=2020
2025-09-07 00:23:08,264 - Iter 6140: obj=-1366.160467, change=7.06e-05, α=1.000, ‖θ[1:]‖₁=2114.275, γ=1226.151, num_knots=2020
2025-09-07 00:23:08,590 - Iter 6150: obj=-1366.169284, change=2.13e-05, α=1.000, ‖θ[1:]‖₁=2114.248, γ=90686.096, num_knots=2020
2025-09-07 00:23:08,880 - Iter 6160: obj=-1366.217538, change=6.85e-05, α=1.000, ‖θ[1:]‖₁=2114.096, γ=90692.751, num_knots=2172
2025-09-07 00:23:09,190 - Iter 6170: obj=-1366.219595, change=1.97e-05, α=1.000, ‖θ[1:]‖₁=2114.090, γ=90688.887, num_knots=2018
2025-09-07 00:23:09,492 - Iter 6180: obj=-1366.221112, change=2.49e-06, α=1.000, ‖θ[1:]‖₁=2114.085, γ=90223.238, num_knots=2018
2025-09-07 00:23:09,790 - Iter 6190: obj=-1366.223364, change=2.60e-06, α=1.000, ‖θ[1:]‖₁=2114.078, γ=57197.475, num_knots=2018
2025-09-07 00:23:10,189 - Iter 6200: obj=-1366.230806, change=2.57e-06, α=1.000, ‖θ[1:]‖₁=2114.054, γ=62347.410, num_knots=2018
2025-09-07 00:23:10,498 - Iter 6210: obj=-1366.273375, change=2.47e-06, α=1.000, ‖θ[1:]‖₁=2113.919, γ=89943.012, num_knots=2016
2025-09-07 00:23:10,819 - Iter 6220: obj=-1366.274917, change=3.14e-06, α=1.000, ‖θ[1:]‖₁=2113.914, γ=19067.486, num_knots=2016
2025-09-07 00:23:11,128 - Iter 6230: obj=-1366.282828, change=2.64e-06, α=1.000, ‖θ[1:]‖₁=2113.889, γ=48626.040, num_knots=2016
2025-09-07 00:23:11,433 - Iter 6240: obj=-1366.285192, change=4.04e-05, α=1.000, ‖θ[1:]‖₁=2113.881, γ=623.282, num_knots=2016
2025-09-07 00:23:11,753 - Iter 6250: obj=-1366.293518, change=2.67e-05, α=1.000, ‖θ[1:]‖₁=2113.855, γ=90678.755, num_knots=2016
2025-09-07 00:23:12,036 - Iter 6260: obj=-1366.295672, change=6.56e-05, α=1.000, ‖θ[1:]‖₁=2113.847, γ=90287.993, num_knots=2015
2025-09-07 00:23:12,316 - Iter 6270: obj=-1366.340068, change=2.22e-05, α=1.000, ‖θ[1:]‖₁=2113.709, γ=90670.239, num_knots=2014
2025-09-07 00:23:12,625 - Iter 6280: obj=-1366.428437, change=1.20e-04, α=1.000, ‖θ[1:]‖₁=2113.432, γ=90692.509, num_knots=2222
2025-09-07 00:23:12,962 - Iter 6290: obj=-1366.428908, change=2.27e-04, α=1.000, ‖θ[1:]‖₁=2113.427, γ=60218.603, num_knots=2011
2025-09-07 00:23:13,224 - Iter 6300: obj=-1366.434491, change=2.49e-06, α=1.000, ‖θ[1:]‖₁=2113.413, γ=90670.288, num_knots=2011
2025-09-07 00:23:13,488 - Iter 6310: obj=-1366.493966, change=2.46e-06, α=1.000, ‖θ[1:]‖₁=2113.228, γ=90619.155, num_knots=2008
2025-09-07 00:23:13,811 - Iter 6320: obj=-1366.495110, change=2.53e-06, α=1.000, ‖θ[1:]‖₁=2113.224, γ=72837.999, num_knots=2008
2025-09-07 00:23:14,114 - Iter 6330: obj=-1366.497384, change=2.67e-06, α=1.000, ‖θ[1:]‖₁=2113.217, γ=44046.496, num_knots=2008
2025-09-07 00:23:14,425 - Iter 6340: obj=-1366.500594, change=3.93e-06, α=1.000, ‖θ[1:]‖₁=2113.207, γ=90679.269, num_knots=2008
2025-09-07 00:23:14,744 - Iter 6350: obj=-1366.939805, change=1.12e-04, α=1.000, ‖θ[1:]‖₁=2111.873, γ=90677.613, num_knots=2264
2025-09-07 00:23:15,111 - Iter 6360: obj=-1366.939982, change=2.45e-06, α=1.000, ‖θ[1:]‖₁=2111.873, γ=89530.429, num_knots=1996
2025-09-07 00:23:15,438 - Iter 6370: obj=-1366.941455, change=2.59e-06, α=1.000, ‖θ[1:]‖₁=2111.868, γ=53361.151, num_knots=1996
2025-09-07 00:23:15,735 - Iter 6380: obj=-1366.944823, change=3.46e-06, α=1.000, ‖θ[1:]‖₁=2111.857, γ=13040.297, num_knots=1996
2025-09-07 00:23:16,120 - Iter 6390: obj=-1367.038705, change=2.57e-06, α=1.000, ‖θ[1:]‖₁=2111.559, γ=83126.652, num_knots=1993
2025-09-07 00:23:16,428 - Iter 6400: obj=-1367.041538, change=2.96e-04, α=1.000, ‖θ[1:]‖₁=2111.545, γ=83781.263, num_knots=1993
2025-09-07 00:23:16,751 - Iter 6410: obj=-1367.044601, change=3.33e-06, α=1.000, ‖θ[1:]‖₁=2111.540, γ=90681.787, num_knots=1993
2025-09-07 00:23:17,060 - Iter 6420: obj=-1367.046472, change=2.41e-06, α=1.000, ‖θ[1:]‖₁=2111.534, γ=90496.069, num_knots=1992
2025-09-07 00:23:17,372 - Iter 6430: obj=-1367.056075, change=2.38e-06, α=1.000, ‖θ[1:]‖₁=2111.504, γ=90673.716, num_knots=1991
2025-09-07 00:23:17,661 - Iter 6440: obj=-1367.058975, change=2.41e-06, α=1.000, ‖θ[1:]‖₁=2111.495, γ=90128.827, num_knots=1990
2025-09-07 00:23:17,997 - Iter 6450: obj=-1367.061167, change=2.56e-06, α=1.000, ‖θ[1:]‖₁=2111.488, γ=51204.678, num_knots=1990
2025-09-07 00:23:18,279 - Iter 6460: obj=-1367.064175, change=5.17e-06, α=1.000, ‖θ[1:]‖₁=2111.479, γ=3828.406, num_knots=1990
2025-09-07 00:23:18,584 - Iter 6470: obj=-1367.177198, change=1.42e-04, α=1.000, ‖θ[1:]‖₁=2111.134, γ=90679.174, num_knots=2251
2025-09-07 00:23:18,917 - Iter 6480: obj=-1367.178344, change=1.99e-05, α=1.000, ‖θ[1:]‖₁=2111.130, γ=90680.924, num_knots=1986
2025-09-07 00:23:19,197 - Iter 6490: obj=-1367.179406, change=2.44e-06, α=1.000, ‖θ[1:]‖₁=2111.127, γ=88534.381, num_knots=1986
2025-09-07 00:23:19,496 - Iter 6500: obj=-1367.181675, change=2.43e-06, α=1.000, ‖θ[1:]‖₁=2111.120, γ=87774.476, num_knots=1986
2025-09-07 00:23:19,788 - Iter 6510: obj=-1367.193288, change=2.42e-06, α=1.000, ‖θ[1:]‖₁=2111.083, γ=89571.051, num_knots=1986
2025-09-07 00:23:20,200 - Iter 6520: obj=-1367.194499, change=2.64e-06, α=1.000, ‖θ[1:]‖₁=2111.079, γ=42805.212, num_knots=1986
2025-09-07 00:23:20,560 - Iter 6530: obj=-1367.205076, change=2.40e-06, α=1.000, ‖θ[1:]‖₁=2111.046, γ=90169.862, num_knots=1985
2025-09-07 00:23:20,891 - Iter 6540: obj=-1367.206743, change=2.45e-06, α=1.000, ‖θ[1:]‖₁=2111.041, γ=73689.753, num_knots=1985
2025-09-07 00:23:21,210 - Iter 6550: obj=-1367.209621, change=2.55e-06, α=1.000, ‖θ[1:]‖₁=2111.032, γ=52182.740, num_knots=1985
2025-09-07 00:23:21,499 - Iter 6560: obj=-1367.213014, change=3.71e-06, α=1.000, ‖θ[1:]‖₁=2111.021, γ=10121.861, num_knots=1985
2025-09-07 00:23:21,813 - Iter 6570: obj=-1367.226933, change=2.44e-06, α=1.000, ‖θ[1:]‖₁=2110.978, γ=75937.634, num_knots=1985
2025-09-07 00:23:22,128 - Iter 6580: obj=-1367.229107, change=2.79e-06, α=1.000, ‖θ[1:]‖₁=2110.971, γ=30287.641, num_knots=1985
2025-09-07 00:23:22,421 - Iter 6590: obj=-1367.230764, change=1.84e-05, α=1.000, ‖θ[1:]‖₁=2110.965, γ=19.751, num_knots=1985
2025-09-07 00:23:22,707 - Iter 6600: obj=-1367.293951, change=2.42e-06, α=1.000, ‖θ[1:]‖₁=2110.767, γ=90678.667, num_knots=1984
2025-09-07 00:23:23,040 - Iter 6610: obj=-1367.295435, change=2.40e-06, α=1.000, ‖θ[1:]‖₁=2110.763, γ=90239.869, num_knots=1984
2025-09-07 00:23:23,335 - Iter 6620: obj=-1367.299390, change=2.40e-06, α=1.000, ‖θ[1:]‖₁=2110.750, γ=88485.044, num_knots=1983
2025-09-07 00:23:23,645 - Iter 6630: obj=-1367.305557, change=2.39e-06, α=1.000, ‖θ[1:]‖₁=2110.731, γ=89989.807, num_knots=1982
2025-09-07 00:23:23,937 - Iter 6640: obj=-1367.307216, change=3.79e-03, α=1.000, ‖θ[1:]‖₁=2110.660, γ=347.440, num_knots=1982
2025-09-07 00:23:24,251 - Iter 6650: obj=-1367.332071, change=5.51e-06, α=1.000, ‖θ[1:]‖₁=2110.648, γ=90685.509, num_knots=1982
2025-09-07 00:23:24,567 - Iter 6660: obj=-1367.341898, change=1.62e-05, α=1.000, ‖θ[1:]‖₁=2110.617, γ=90682.795, num_knots=1982
2025-09-07 00:23:24,862 - Iter 6670: obj=-1367.343321, change=3.06e-06, α=1.000, ‖θ[1:]‖₁=2110.613, γ=90680.863, num_knots=1982
2025-09-07 00:23:25,164 - Iter 6680: obj=-1367.346701, change=2.40e-06, α=1.000, ‖θ[1:]‖₁=2110.602, γ=90660.031, num_knots=1982
2025-09-07 00:23:25,516 - Iter 6690: obj=-1367.402702, change=3.43e-04, α=0.125, ‖θ[1:]‖₁=2110.428, γ=90695.744, num_knots=2592
2025-09-07 00:23:25,872 - Iter 6700: obj=-1367.403350, change=6.85e-06, α=1.000, ‖θ[1:]‖₁=2110.425, γ=1667.521, num_knots=1980
2025-09-07 00:23:26,190 - Iter 6710: obj=-1367.405014, change=1.15e-03, α=1.000, ‖θ[1:]‖₁=2110.400, γ=803.148, num_knots=1979
2025-09-07 00:23:26,500 - Iter 6720: obj=-1367.413027, change=1.30e-05, α=1.000, ‖θ[1:]‖₁=2110.395, γ=78.396, num_knots=1979
2025-09-07 00:23:26,792 - Iter 6730: obj=-1367.430632, change=2.38e-06, α=1.000, ‖θ[1:]‖₁=2110.340, γ=89339.042, num_knots=1979
2025-09-07 00:23:27,135 - Iter 6740: obj=-1367.432464, change=2.43e-06, α=1.000, ‖θ[1:]‖₁=2110.334, γ=70750.764, num_knots=1979
2025-09-07 00:23:27,460 - Iter 6750: obj=-1367.439185, change=2.39e-06, α=1.000, ‖θ[1:]‖₁=2110.313, γ=85191.327, num_knots=1979
2025-09-07 00:23:27,780 - Iter 6760: obj=-1367.442170, change=2.57e-06, α=1.000, ‖θ[1:]‖₁=2110.304, γ=45676.165, num_knots=1979
2025-09-07 00:23:28,135 - Iter 6770: obj=-1367.444077, change=4.17e-03, α=1.000, ‖θ[1:]‖₁=2110.225, γ=566.963, num_knots=1978
2025-09-07 00:23:28,424 - Iter 6780: obj=-1367.469486, change=2.35e-06, α=1.000, ‖θ[1:]‖₁=2110.218, γ=90666.371, num_knots=1978
2025-09-07 00:23:28,746 - Iter 6790: obj=-1367.501618, change=7.18e-06, α=1.000, ‖θ[1:]‖₁=2110.118, γ=90685.960, num_knots=1976
2025-09-07 00:23:29,044 - Iter 6800: obj=-1367.503387, change=2.39e-06, α=1.000, ‖θ[1:]‖₁=2110.112, γ=90668.559, num_knots=1976
2025-09-07 00:23:29,343 - Iter 6810: obj=-1367.513370, change=8.75e-06, α=1.000, ‖θ[1:]‖₁=2110.081, γ=90686.322, num_knots=1976
2025-09-07 00:23:29,658 - Iter 6820: obj=-1367.514768, change=2.38e-06, α=1.000, ‖θ[1:]‖₁=2110.077, γ=90568.162, num_knots=1976
2025-09-07 00:23:30,000 - Iter 6830: obj=-1367.516533, change=2.38e-06, α=1.000, ‖θ[1:]‖₁=2110.071, γ=88336.682, num_knots=1976
2025-09-07 00:23:30,341 - Iter 6840: obj=-1367.527123, change=2.38e-06, α=1.000, ‖θ[1:]‖₁=2110.038, γ=90608.613, num_knots=1976
2025-09-07 00:23:30,725 - Iter 6850: obj=-1367.528532, change=2.42e-06, α=1.000, ‖θ[1:]‖₁=2110.033, γ=71978.623, num_knots=1976
2025-09-07 00:23:31,046 - Iter 6860: obj=-1367.532731, change=2.43e-06, α=1.000, ‖θ[1:]‖₁=2110.020, γ=68654.856, num_knots=1974
2025-09-07 00:23:31,377 - Iter 6870: obj=-1367.546190, change=2.38e-06, α=1.000, ‖θ[1:]‖₁=2109.979, γ=90513.393, num_knots=1974
2025-09-07 00:23:31,662 - Iter 6880: obj=-1367.550453, change=2.36e-06, α=1.000, ‖θ[1:]‖₁=2109.965, γ=90537.596, num_knots=1974
2025-09-07 00:23:32,013 - Iter 6890: obj=-1367.553097, change=2.37e-06, α=1.000, ‖θ[1:]‖₁=2109.957, γ=90085.149, num_knots=1974
2025-09-07 00:23:32,325 - Iter 6900: obj=-1367.555159, change=2.55e-06, α=1.000, ‖θ[1:]‖₁=2109.951, γ=47473.844, num_knots=1974
2025-09-07 00:23:32,633 - Iter 6910: obj=-1367.557251, change=3.54e-05, α=1.000, ‖θ[1:]‖₁=2109.944, γ=564.017, num_knots=1974
2025-09-07 00:23:32,969 - Iter 6920: obj=-1367.562288, change=1.36e-04, α=1.000, ‖θ[1:]‖₁=2109.926, γ=90418.621, num_knots=1974
2025-09-07 00:23:33,289 - Iter 6930: obj=-1367.858547, change=1.40e-03, α=1.000, ‖θ[1:]‖₁=2109.031, γ=90661.610, num_knots=2591
2025-09-07 00:23:33,626 - Iter 6940: obj=-1367.861289, change=8.84e-06, α=1.000, ‖θ[1:]‖₁=2109.026, γ=89388.253, num_knots=2119
2025-09-07 00:23:34,003 - Iter 6950: obj=-1367.862356, change=1.28e-05, α=1.000, ‖θ[1:]‖₁=2109.022, γ=90557.053, num_knots=1967
2025-09-07 00:23:34,390 - Iter 6960: obj=-1367.863519, change=2.47e-06, α=1.000, ‖θ[1:]‖₁=2109.018, γ=84205.113, num_knots=1967
2025-09-07 00:23:34,707 - Iter 6970: obj=-1367.864706, change=3.75e-06, α=1.000, ‖θ[1:]‖₁=2109.013, γ=10756.012, num_knots=1967
2025-09-07 00:23:35,019 - Iter 6980: obj=-1367.866726, change=3.00e-06, α=1.000, ‖θ[1:]‖₁=2109.007, γ=21132.740, num_knots=1967
2025-09-07 00:23:35,327 - Iter 6990: obj=-1367.869168, change=3.84e-06, α=1.000, ‖θ[1:]‖₁=2108.999, γ=8806.568, num_knots=1967
2025-09-07 00:23:35,643 - Iter 7000: obj=-1367.875095, change=3.25e-06, α=1.000, ‖θ[1:]‖₁=2108.979, γ=15056.130, num_knots=1967
2025-09-07 00:23:35,978 - Iter 7010: obj=-1367.907999, change=2.35e-06, α=1.000, ‖θ[1:]‖₁=2108.871, γ=78546.221, num_knots=1967
2025-09-07 00:23:36,309 - Iter 7020: obj=-1367.909102, change=4.59e-06, α=1.000, ‖θ[1:]‖₁=2108.868, γ=5553.896, num_knots=1967
2025-09-07 00:23:36,628 - Iter 7030: obj=-1367.912219, change=1.30e-04, α=1.000, ‖θ[1:]‖₁=2108.855, γ=90344.065, num_knots=1967
2025-09-07 00:23:36,932 - Iter 7040: obj=-1367.975309, change=1.64e-04, α=1.000, ‖θ[1:]‖₁=2108.650, γ=90685.785, num_knots=2044
2025-09-07 00:23:37,236 - Iter 7050: obj=-1367.975574, change=5.70e-04, α=1.000, ‖θ[1:]‖₁=2108.639, γ=1605.773, num_knots=1966
2025-09-07 00:23:37,579 - Iter 7060: obj=-1367.979560, change=1.65e-04, α=1.000, ‖θ[1:]‖₁=2108.633, γ=1868.576, num_knots=1966
2025-09-07 00:23:37,898 - Iter 7070: obj=-1367.988114, change=2.16e-04, α=1.000, ‖θ[1:]‖₁=2108.604, γ=90620.562, num_knots=1966
2025-09-07 00:23:38,203 - Iter 7080: obj=-1367.989479, change=1.53e-03, α=1.000, ‖θ[1:]‖₁=2108.576, γ=853.494, num_knots=1966
2025-09-07 00:23:38,517 - Iter 7090: obj=-1367.999369, change=5.03e-06, α=1.000, ‖θ[1:]‖₁=2108.571, γ=3986.015, num_knots=1966
2025-09-07 00:23:38,835 - Iter 7100: obj=-1368.002470, change=2.34e-06, α=1.000, ‖θ[1:]‖₁=2108.560, γ=90044.157, num_knots=1966
2025-09-07 00:23:39,143 - Iter 7110: obj=-1368.004507, change=2.49e-06, α=1.000, ‖θ[1:]‖₁=2108.554, γ=52017.810, num_knots=1966
2025-09-07 00:23:39,458 - Iter 7120: obj=-1368.007880, change=3.23e-06, α=1.000, ‖θ[1:]‖₁=2108.542, γ=15081.291, num_knots=1966
2025-09-07 00:23:39,753 - Iter 7130: obj=-1368.068876, change=2.46e-06, α=1.000, ‖θ[1:]‖₁=2108.342, γ=65265.653, num_knots=1964
2025-09-07 00:23:40,076 - Iter 7140: obj=-1368.072088, change=2.38e-06, α=1.000, ‖θ[1:]‖₁=2108.331, γ=75771.293, num_knots=1964
2025-09-07 00:23:40,409 - Iter 7150: obj=-1368.074005, change=2.76e-06, α=1.000, ‖θ[1:]‖₁=2108.325, γ=28415.836, num_knots=1964
2025-09-07 00:23:40,763 - Iter 7160: obj=-1368.075736, change=1.04e-05, α=1.000, ‖θ[1:]‖₁=2108.319, γ=298.013, num_knots=1964
2025-09-07 00:23:41,090 - Iter 7170: obj=-1368.080659, change=5.58e-06, α=1.000, ‖θ[1:]‖₁=2108.302, γ=2954.254, num_knots=1964
2025-09-07 00:23:41,431 - Iter 7180: obj=-1368.085043, change=1.42e-04, α=1.000, ‖θ[1:]‖₁=2108.285, γ=90477.486, num_knots=1964
2025-09-07 00:23:41,768 - Iter 7190: obj=-1368.087853, change=1.24e-04, α=1.000, ‖θ[1:]‖₁=2108.276, γ=90237.226, num_knots=1963
2025-09-07 00:23:42,098 - Iter 7200: obj=-1368.092966, change=1.89e-05, α=1.000, ‖θ[1:]‖₁=2108.261, γ=90674.245, num_knots=1963
2025-09-07 00:23:42,410 - Iter 7210: obj=-1368.094601, change=3.41e-06, α=1.000, ‖θ[1:]‖₁=2108.256, γ=90675.419, num_knots=1963
2025-09-07 00:23:42,735 - Iter 7220: obj=-1368.096959, change=2.46e-06, α=1.000, ‖θ[1:]‖₁=2108.248, γ=57037.649, num_knots=1963
2025-09-07 00:23:43,042 - Iter 7230: obj=-1368.105723, change=2.55e-06, α=1.000, ‖θ[1:]‖₁=2108.219, γ=43183.207, num_knots=1962
2025-09-07 00:23:43,359 - Iter 7240: obj=-1368.108669, change=3.45e-06, α=1.000, ‖θ[1:]‖₁=2108.209, γ=90675.874, num_knots=1962
2025-09-07 00:23:43,658 - Iter 7250: obj=-1368.132345, change=3.16e-05, α=1.000, ‖θ[1:]‖₁=2108.131, γ=90681.833, num_knots=1984
2025-09-07 00:23:43,994 - Iter 7260: obj=-1368.210450, change=4.08e-05, α=1.000, ‖θ[1:]‖₁=2107.870, γ=90226.495, num_knots=2585
2025-09-07 00:23:44,391 - Iter 7270: obj=-1368.211250, change=4.21e-06, α=1.000, ‖θ[1:]‖₁=2107.867, γ=87156.149, num_knots=1959
2025-09-07 00:23:44,757 - Iter 7280: obj=-1368.212789, change=7.50e-06, α=1.000, ‖θ[1:]‖₁=2107.863, γ=90496.274, num_knots=1965
2025-09-07 00:23:45,109 - Iter 7290: obj=-1368.214076, change=2.23e-06, α=1.000, ‖θ[1:]‖₁=2107.860, γ=89833.195, num_knots=1959
2025-09-07 00:23:45,426 - Iter 7300: obj=-1368.215099, change=4.95e-05, α=1.000, ‖θ[1:]‖₁=2107.856, γ=1818.402, num_knots=1959
2025-09-07 00:23:45,777 - Iter 7310: obj=-1368.217063, change=2.33e-06, α=1.000, ‖θ[1:]‖₁=2107.850, γ=90614.952, num_knots=1958
2025-09-07 00:23:46,142 - Iter 7320: obj=-1368.218218, change=2.11e-05, α=1.000, ‖θ[1:]‖₁=2107.846, γ=790.808, num_knots=1958
2025-09-07 00:23:46,455 - Iter 7330: obj=-1368.220130, change=4.19e-04, α=1.000, ‖θ[1:]‖₁=2107.832, γ=25985.479, num_knots=1958
2025-09-07 00:23:46,747 - Iter 7340: obj=-1368.223886, change=3.06e-06, α=1.000, ‖θ[1:]‖₁=2107.828, γ=90676.049, num_knots=1958
2025-09-07 00:23:47,105 - Iter 7350: obj=-1368.226669, change=2.33e-06, α=1.000, ‖θ[1:]‖₁=2107.818, γ=90253.376, num_knots=1958
2025-09-07 00:23:47,450 - Iter 7360: obj=-1368.234580, change=2.34e-06, α=1.000, ‖θ[1:]‖₁=2107.792, γ=90595.471, num_knots=1958
2025-09-07 00:23:47,746 - Iter 7370: obj=-1368.235925, change=2.37e-06, α=1.000, ‖θ[1:]‖₁=2107.788, γ=75404.900, num_knots=1958
2025-09-07 00:23:48,040 - Iter 7380: obj=-1368.237938, change=2.67e-06, α=1.000, ‖θ[1:]‖₁=2107.781, γ=33007.457, num_knots=1958
2025-09-07 00:23:48,368 - Iter 7390: obj=-1368.239347, change=3.27e-05, α=1.000, ‖θ[1:]‖₁=2107.776, γ=511.551, num_knots=1958
2025-09-07 00:23:48,676 - Iter 7400: obj=-1368.242326, change=1.47e-04, α=1.000, ‖θ[1:]‖₁=2107.764, γ=80283.356, num_knots=1958
2025-09-07 00:23:48,971 - Iter 7410: obj=-1368.244988, change=2.30e-06, α=1.000, ‖θ[1:]‖₁=2107.758, γ=90672.833, num_knots=1958
2025-09-07 00:23:49,266 - Iter 7420: obj=-1368.246813, change=2.33e-06, α=1.000, ‖θ[1:]‖₁=2107.752, γ=90532.853, num_knots=1958
2025-09-07 00:23:49,588 - Iter 7430: obj=-1368.248962, change=2.33e-06, α=1.000, ‖θ[1:]‖₁=2107.744, γ=89727.304, num_knots=1958
2025-09-07 00:23:49,917 - Iter 7440: obj=-1368.250314, change=2.96e-06, α=1.000, ‖θ[1:]‖₁=2107.740, γ=20630.326, num_knots=1958
2025-09-07 00:23:50,238 - Iter 7450: obj=-1368.254891, change=2.65e-06, α=1.000, ‖θ[1:]‖₁=2107.725, γ=34665.056, num_knots=1958
2025-09-07 00:23:50,533 - Iter 7460: obj=-1368.256261, change=5.70e-05, α=1.000, ‖θ[1:]‖₁=2107.719, γ=1142.658, num_knots=1958
2025-09-07 00:23:50,840 - Iter 7470: obj=-1368.258909, change=2.34e-06, α=1.000, ‖θ[1:]‖₁=2107.711, γ=90608.904, num_knots=1958
2025-09-07 00:23:51,138 - Iter 7480: obj=-1368.260347, change=2.64e-06, α=1.000, ‖θ[1:]‖₁=2107.706, γ=35173.987, num_knots=1958
2025-09-07 00:23:51,449 - Iter 7490: obj=-1368.261712, change=7.01e-05, α=1.000, ‖θ[1:]‖₁=2107.701, γ=1352.985, num_knots=1958
2025-09-07 00:23:51,779 - Iter 7500: obj=-1368.267881, change=2.79e-05, α=1.000, ‖θ[1:]‖₁=2107.681, γ=90683.693, num_knots=1958
2025-09-07 00:23:52,094 - Iter 7510: obj=-1368.269278, change=2.85e-06, α=1.000, ‖θ[1:]‖₁=2107.677, γ=90677.139, num_knots=1958
2025-09-07 00:23:52,424 - Iter 7520: obj=-1368.274344, change=2.33e-06, α=1.000, ‖θ[1:]‖₁=2107.660, γ=89506.731, num_knots=1957
2025-09-07 00:23:52,753 - Iter 7530: obj=-1368.275724, change=2.51e-06, α=1.000, ‖θ[1:]‖₁=2107.655, γ=47986.144, num_knots=1957
2025-09-07 00:23:53,070 - Iter 7540: obj=-1368.277866, change=1.46e-05, α=1.000, ‖θ[1:]‖₁=2107.648, γ=6.704, num_knots=1957
2025-09-07 00:23:53,452 - Iter 7550: obj=-1368.448073, change=9.16e-06, α=1.000, ‖θ[1:]‖₁=2107.109, γ=90623.715, num_knots=1949
2025-09-07 00:23:53,760 - Iter 7560: obj=-1368.450729, change=8.80e-06, α=1.000, ‖θ[1:]‖₁=2107.101, γ=90682.497, num_knots=1947
2025-09-07 00:23:54,059 - Iter 7570: obj=-1368.452734, change=3.04e-06, α=1.000, ‖θ[1:]‖₁=2107.095, γ=90679.935, num_knots=1947
2025-09-07 00:23:54,388 - Iter 7580: obj=-1368.456041, change=2.31e-06, α=1.000, ‖θ[1:]‖₁=2107.084, γ=90672.331, num_knots=1947
2025-09-07 00:23:54,692 - Iter 7590: obj=-1368.457564, change=2.34e-06, α=1.000, ‖θ[1:]‖₁=2107.079, γ=90398.844, num_knots=1947
2025-09-07 00:23:55,008 - Iter 7600: obj=-1368.477767, change=2.35e-06, α=1.000, ‖θ[1:]‖₁=2107.013, γ=90667.993, num_knots=1946
2025-09-07 00:23:55,322 - Iter 7610: obj=-1368.479793, change=2.32e-06, α=1.000, ‖θ[1:]‖₁=2107.006, γ=90594.582, num_knots=1946
2025-09-07 00:23:55,642 - Iter 7620: obj=-1368.481153, change=2.46e-06, α=1.000, ‖θ[1:]‖₁=2107.002, γ=56132.505, num_knots=1946
2025-09-07 00:23:55,925 - Iter 7630: obj=-1368.488863, change=2.35e-06, α=1.000, ‖θ[1:]‖₁=2106.977, γ=82242.598, num_knots=1946
2025-09-07 00:23:56,254 - Iter 7640: obj=-1368.491942, change=2.34e-06, α=1.000, ‖θ[1:]‖₁=2106.967, γ=90664.450, num_knots=1946
2025-09-07 00:23:56,553 - Iter 7650: obj=-1368.496308, change=2.30e-06, α=1.000, ‖θ[1:]‖₁=2106.952, γ=90675.778, num_knots=1946
2025-09-07 00:23:56,871 - Iter 7660: obj=-1368.497621, change=2.33e-06, α=1.000, ‖θ[1:]‖₁=2106.948, γ=88937.252, num_knots=1946
2025-09-07 00:23:57,200 - Iter 7670: obj=-1368.499607, change=2.35e-06, α=1.000, ‖θ[1:]‖₁=2106.942, γ=80285.392, num_knots=1946
2025-09-07 00:23:57,510 - Iter 7680: obj=-1368.500920, change=7.40e-06, α=1.000, ‖θ[1:]‖₁=2106.937, γ=1256.505, num_knots=1946
2025-09-07 00:23:57,823 - Iter 7690: obj=-1368.502605, change=4.63e-04, α=1.000, ‖θ[1:]‖₁=2106.924, γ=1545.983, num_knots=1946
2025-09-07 00:23:58,144 - Iter 7700: obj=-1368.505961, change=5.90e-04, α=1.000, ‖θ[1:]‖₁=2106.911, γ=1406.477, num_knots=1946
2025-09-07 00:23:58,450 - Iter 7710: obj=-1368.510047, change=1.03e-04, α=1.000, ‖θ[1:]‖₁=2106.906, γ=1662.376, num_knots=1946
2025-09-07 00:23:58,735 - Iter 7720: obj=-1368.513874, change=8.41e-06, α=1.000, ‖θ[1:]‖₁=2106.895, γ=90670.683, num_knots=1946
2025-09-07 00:23:59,027 - Iter 7730: obj=-1368.516014, change=2.34e-06, α=1.000, ‖θ[1:]‖₁=2106.888, γ=90659.421, num_knots=1946
2025-09-07 00:23:59,337 - Iter 7740: obj=-1368.532315, change=5.83e-06, α=1.000, ‖θ[1:]‖₁=2106.834, γ=90516.174, num_knots=2112
2025-09-07 00:23:59,631 - Iter 7750: obj=-1368.532607, change=4.70e-04, α=1.000, ‖θ[1:]‖₁=2106.825, γ=22209.104, num_knots=1946
2025-09-07 00:23:59,969 - Iter 7760: obj=-1368.541895, change=3.83e-05, α=1.000, ‖θ[1:]‖₁=2106.802, γ=90675.696, num_knots=1946
2025-09-07 00:24:00,336 - Iter 7770: obj=-1368.542774, change=1.26e-04, α=1.000, ‖θ[1:]‖₁=2106.798, γ=85554.540, num_knots=1946
2025-09-07 00:24:00,643 - Iter 7780: obj=-1368.546217, change=3.25e-06, α=1.000, ‖θ[1:]‖₁=2106.789, γ=90680.326, num_knots=1946
2025-09-07 00:24:00,947 - Iter 7790: obj=-1368.550460, change=2.68e-06, α=1.000, ‖θ[1:]‖₁=2106.775, γ=90677.912, num_knots=1946
2025-09-07 00:24:01,253 - Iter 7800: obj=-1368.552033, change=2.35e-06, α=1.000, ‖θ[1:]‖₁=2106.769, γ=77377.655, num_knots=1946
2025-09-07 00:24:01,567 - Iter 7810: obj=-1368.553511, change=3.31e-06, α=1.000, ‖θ[1:]‖₁=2106.764, γ=13929.781, num_knots=1946
2025-09-07 00:24:01,909 - Iter 7820: obj=-1369.313116, change=1.88e-03, α=1.000, ‖θ[1:]‖₁=2104.593, γ=7538.358, num_knots=2310
2025-09-07 00:24:02,261 - Iter 7830: obj=-1369.318785, change=6.23e-06, α=1.000, ‖θ[1:]‖₁=2104.590, γ=87532.920, num_knots=2184
2025-09-07 00:24:02,563 - Iter 7840: obj=-1369.319829, change=4.35e-06, α=1.000, ‖θ[1:]‖₁=2104.581, γ=11858.030, num_knots=2113
2025-09-07 00:24:02,887 - Iter 7850: obj=-1369.321094, change=1.76e-05, α=1.000, ‖θ[1:]‖₁=2104.572, γ=1565.402, num_knots=2015
2025-09-07 00:24:03,221 - Iter 7860: obj=-1369.322346, change=2.63e-04, α=1.000, ‖θ[1:]‖₁=2104.562, γ=6940.016, num_knots=1919
2025-09-07 00:24:03,498 - Iter 7870: obj=-1369.323950, change=3.93e-05, α=1.000, ‖θ[1:]‖₁=2104.560, γ=1670.517, num_knots=1919
2025-09-07 00:24:03,898 - Iter 7880: obj=-1369.328408, change=5.92e-06, α=1.000, ‖θ[1:]‖₁=2104.547, γ=90683.076, num_knots=1919
2025-09-07 00:24:04,261 - Iter 7890: obj=-1369.399693, change=2.62e-06, α=1.000, ‖θ[1:]‖₁=2104.322, γ=9266.235, num_knots=2582
2025-09-07 00:24:04,625 - Iter 7900: obj=-1369.400533, change=3.60e-06, α=1.000, ‖θ[1:]‖₁=2104.314, γ=1082.107, num_knots=2255
2025-09-07 00:24:05,049 - Iter 7910: obj=-1369.400980, change=2.31e-06, α=1.000, ‖θ[1:]‖₁=2104.311, γ=90317.154, num_knots=1918
2025-09-07 00:24:05,410 - Iter 7920: obj=-1369.402128, change=2.27e-06, α=1.000, ‖θ[1:]‖₁=2104.307, γ=88833.663, num_knots=1918
2025-09-07 00:24:05,866 - Iter 7930: obj=-1369.403320, change=2.33e-06, α=1.000, ‖θ[1:]‖₁=2104.303, γ=68260.908, num_knots=1918
2025-09-07 00:24:06,291 - Iter 7940: obj=-1369.406510, change=2.28e-06, α=1.000, ‖θ[1:]‖₁=2104.291, γ=78349.603, num_knots=1918
2025-09-07 00:24:06,655 - Iter 7950: obj=-1369.407759, change=4.22e-06, α=1.000, ‖θ[1:]‖₁=2104.287, γ=6381.600, num_knots=1918
2025-09-07 00:24:07,158 - Iter 7960: obj=-1369.409982, change=6.84e-05, α=1.000, ‖θ[1:]‖₁=2104.278, γ=1403.166, num_knots=1918
2025-09-07 00:24:07,529 - Iter 7970: obj=-1369.412692, change=4.87e-06, α=1.000, ‖θ[1:]‖₁=2104.270, γ=90683.229, num_knots=1918
2025-09-07 00:24:07,802 - Iter 7980: obj=-1369.414087, change=2.26e-06, α=1.000, ‖θ[1:]‖₁=2104.265, γ=90652.971, num_knots=1918
2025-09-07 00:24:08,218 - Iter 7990: obj=-1369.424919, change=1.13e-05, α=1.000, ‖θ[1:]‖₁=2104.227, γ=90684.928, num_knots=1918
2025-09-07 00:24:08,621 - Iter 8000: obj=-1369.426902, change=7.34e-06, α=1.000, ‖θ[1:]‖₁=2104.221, γ=90683.352, num_knots=1918
2025-09-07 00:24:08,906 - Iter 8010: obj=-1369.428890, change=2.25e-06, α=1.000, ‖θ[1:]‖₁=2104.214, γ=90604.539, num_knots=1917
2025-09-07 00:24:09,195 - Iter 8020: obj=-1369.430965, change=2.25e-06, α=1.000, ‖θ[1:]‖₁=2104.206, γ=88891.316, num_knots=1917
2025-09-07 00:24:09,477 - Iter 8030: obj=-1369.432492, change=2.30e-06, α=1.000, ‖θ[1:]‖₁=2104.201, γ=74000.507, num_knots=1917
2025-09-07 00:24:09,739 - Iter 8040: obj=-1369.434313, change=2.51e-06, α=1.000, ‖θ[1:]‖₁=2104.195, γ=41066.018, num_knots=1917
2025-09-07 00:24:10,026 - Iter 8050: obj=-1369.437641, change=8.88e-06, α=1.000, ‖θ[1:]‖₁=2104.183, γ=90660.135, num_knots=1916
2025-09-07 00:24:10,304 - Iter 8060: obj=-1369.439355, change=2.24e-06, α=1.000, ‖θ[1:]‖₁=2104.177, γ=90598.659, num_knots=1916
2025-09-07 00:24:10,573 - Iter 8070: obj=-1369.441170, change=2.26e-06, α=1.000, ‖θ[1:]‖₁=2104.171, γ=86003.143, num_knots=1916
2025-09-07 00:24:10,978 - Iter 8080: obj=-1369.463773, change=2.27e-06, α=1.000, ‖θ[1:]‖₁=2104.094, γ=89809.282, num_knots=1914
2025-09-07 00:24:11,394 - Iter 8090: obj=-1369.464905, change=2.42e-06, α=1.000, ‖θ[1:]‖₁=2104.090, γ=51905.617, num_knots=1914
2025-09-07 00:24:11,787 - Iter 8100: obj=-1369.466885, change=2.85e-06, α=1.000, ‖θ[1:]‖₁=2104.083, γ=22888.897, num_knots=1914
2025-09-07 00:24:12,064 - Iter 8110: obj=-1369.469533, change=3.00e-06, α=1.000, ‖θ[1:]‖₁=2104.074, γ=18785.146, num_knots=1914
2025-09-07 00:24:12,333 - Iter 8120: obj=-1369.476227, change=2.30e-06, α=1.000, ‖θ[1:]‖₁=2104.051, γ=74074.553, num_knots=1914
2025-09-07 00:24:12,607 - Iter 8130: obj=-1369.477995, change=2.52e-06, α=1.000, ‖θ[1:]‖₁=2104.045, γ=39682.154, num_knots=1914
2025-09-07 00:24:12,879 - Iter 8140: obj=-1369.479487, change=2.62e-04, α=1.000, ‖θ[1:]‖₁=2104.035, γ=44809.534, num_knots=1914
2025-09-07 00:24:13,154 - Iter 8150: obj=-1369.482253, change=2.25e-06, α=1.000, ‖θ[1:]‖₁=2104.031, γ=63354.615, num_knots=1914
2025-09-07 00:24:13,442 - Iter 8160: obj=-1369.564811, change=1.01e-05, α=1.000, ‖θ[1:]‖₁=2103.750, γ=90672.272, num_knots=2070
2025-09-07 00:24:13,737 - Iter 8170: obj=-1369.565984, change=1.20e-05, α=1.000, ‖θ[1:]‖₁=2103.746, γ=90649.609, num_knots=1912
2025-09-07 00:24:14,049 - Iter 8180: obj=-1369.567528, change=4.35e-06, α=1.000, ‖θ[1:]‖₁=2103.740, γ=90683.202, num_knots=1912
2025-09-07 00:24:14,417 - Iter 8190: obj=-1369.569224, change=2.26e-06, α=1.000, ‖θ[1:]‖₁=2103.734, γ=90673.664, num_knots=1912
2025-09-07 00:24:14,766 - Iter 8200: obj=-1369.570591, change=3.34e-06, α=1.000, ‖θ[1:]‖₁=2103.730, γ=15644.713, num_knots=1912
2025-09-07 00:24:15,117 - Iter 8210: obj=-1369.721858, change=2.13e-06, α=1.000, ‖θ[1:]‖₁=2103.237, γ=82591.764, num_knots=2332
2025-09-07 00:24:15,438 - Iter 8220: obj=-1369.722363, change=2.55e-06, α=1.000, ‖θ[1:]‖₁=2103.235, γ=89923.676, num_knots=1902
2025-09-07 00:24:15,869 - Iter 8230: obj=-1369.723667, change=2.29e-06, α=1.000, ‖θ[1:]‖₁=2103.230, γ=89078.833, num_knots=1902
2025-09-07 00:24:16,187 - Iter 8240: obj=-1369.724589, change=2.53e-06, α=1.000, ‖θ[1:]‖₁=2103.227, γ=42755.527, num_knots=1902
2025-09-07 00:24:16,427 - Iter 8250: obj=-1369.725764, change=1.89e-04, α=1.000, ‖θ[1:]‖₁=2103.220, γ=38422.809, num_knots=1902
2025-09-07 00:24:16,782 - Iter 8260: obj=-1369.730287, change=9.05e-06, α=1.000, ‖θ[1:]‖₁=2103.208, γ=90684.751, num_knots=1902
2025-09-07 00:24:17,035 - Iter 8270: obj=-1369.743982, change=1.58e-04, α=1.000, ‖θ[1:]‖₁=2103.162, γ=90675.771, num_knots=2248
2025-09-07 00:24:17,309 - Iter 8280: obj=-1369.744164, change=8.67e-06, α=1.000, ‖θ[1:]‖₁=2103.162, γ=802.169, num_knots=1902
2025-09-07 00:24:17,615 - Iter 8290: obj=-1369.746168, change=1.78e-05, α=1.000, ‖θ[1:]‖₁=2103.155, γ=50.783, num_knots=1902
2025-09-07 00:24:17,879 - Iter 8300: obj=-1369.768077, change=2.23e-06, α=1.000, ‖θ[1:]‖₁=2103.082, γ=90643.398, num_knots=1902
2025-09-07 00:24:18,216 - Iter 8310: obj=-1369.781028, change=1.71e-05, α=1.000, ‖θ[1:]‖₁=2103.039, γ=90682.346, num_knots=1907
2025-09-07 00:24:18,512 - Iter 8320: obj=-1369.797455, change=2.76e-03, α=1.000, ‖θ[1:]‖₁=2102.937, γ=87249.078, num_knots=1902
2025-09-07 00:24:18,872 - Iter 8330: obj=-1369.811806, change=2.74e-06, α=1.000, ‖θ[1:]‖₁=2102.937, γ=34491.268, num_knots=1902
2025-09-07 00:24:19,188 - Iter 8340: obj=-1369.812725, change=5.23e-05, α=1.000, ‖θ[1:]‖₁=2102.932, γ=2047.289, num_knots=1901
2025-09-07 00:24:19,496 - Iter 8350: obj=-1369.816119, change=2.68e-05, α=1.000, ‖θ[1:]‖₁=2102.921, γ=90686.753, num_knots=1901
2025-09-07 00:24:19,789 - Iter 8360: obj=-1369.825472, change=1.60e-03, α=1.000, ‖θ[1:]‖₁=2102.863, γ=86917.433, num_knots=1900
2025-09-07 00:24:20,043 - Iter 8370: obj=-1369.833874, change=2.83e-04, α=1.000, ‖θ[1:]‖₁=2102.858, γ=783.190, num_knots=1900
2025-09-07 00:24:20,305 - Iter 8380: obj=-1369.836721, change=3.74e-05, α=1.000, ‖θ[1:]‖₁=2102.852, γ=840.800, num_knots=1900
2025-09-07 00:24:20,546 - Iter 8390: obj=-1369.839515, change=3.49e-06, α=1.000, ‖θ[1:]‖₁=2102.843, γ=90670.699, num_knots=1900
2025-09-07 00:24:20,860 - Iter 8400: obj=-1369.844697, change=2.21e-06, α=1.000, ‖θ[1:]‖₁=2102.826, γ=90647.530, num_knots=1900
2025-09-07 00:24:21,146 - Iter 8410: obj=-1369.852281, change=5.44e-06, α=1.000, ‖θ[1:]‖₁=2102.801, γ=90683.170, num_knots=1900
2025-09-07 00:24:21,430 - Iter 8420: obj=-1369.853642, change=2.23e-06, α=1.000, ‖θ[1:]‖₁=2102.796, γ=71314.239, num_knots=1900
2025-09-07 00:24:21,699 - Iter 8430: obj=-1369.855998, change=2.31e-06, α=1.000, ‖θ[1:]‖₁=2102.788, γ=66172.957, num_knots=1900
2025-09-07 00:24:21,989 - Iter 8440: obj=-1369.866119, change=2.23e-06, α=1.000, ‖θ[1:]‖₁=2102.754, γ=90332.838, num_knots=1900
2025-09-07 00:24:22,263 - Iter 8450: obj=-1369.874061, change=2.20e-06, α=1.000, ‖θ[1:]‖₁=2102.728, γ=90675.004, num_knots=1900
2025-09-07 00:24:22,539 - Iter 8460: obj=-1369.876126, change=2.22e-06, α=1.000, ‖θ[1:]‖₁=2102.721, γ=90541.890, num_knots=1900
2025-09-07 00:24:22,824 - Iter 8470: obj=-1369.877323, change=2.28e-06, α=1.000, ‖θ[1:]‖₁=2102.717, γ=72847.165, num_knots=1900
2025-09-07 00:24:23,089 - Iter 8480: obj=-1369.879206, change=2.40e-06, α=1.000, ‖θ[1:]‖₁=2102.710, γ=50692.210, num_knots=1900
2025-09-07 00:24:23,354 - Iter 8490: obj=-1369.882340, change=2.56e-06, α=1.000, ‖θ[1:]‖₁=2102.700, γ=35674.803, num_knots=1900
2025-09-07 00:24:23,619 - Iter 8500: obj=-1369.883543, change=6.60e-05, α=1.000, ‖θ[1:]‖₁=2102.695, γ=1391.571, num_knots=1900
2025-09-07 00:24:23,896 - Iter 8510: obj=-1369.886012, change=4.21e-06, α=1.000, ‖θ[1:]‖₁=2102.687, γ=90682.202, num_knots=1900
2025-09-07 00:24:24,146 - Iter 8520: obj=-1369.887881, change=2.20e-06, α=1.000, ‖θ[1:]‖₁=2102.681, γ=90676.066, num_knots=1900
2025-09-07 00:24:24,444 - Iter 8530: obj=-1369.890729, change=2.21e-06, α=1.000, ‖θ[1:]‖₁=2102.672, γ=90659.802, num_knots=1900
2025-09-07 00:24:24,723 - Iter 8540: obj=-1369.892492, change=2.23e-06, α=1.000, ‖θ[1:]‖₁=2102.666, γ=90584.310, num_knots=1900
2025-09-07 00:24:25,029 - Iter 8550: obj=-1369.894217, change=2.24e-06, α=1.000, ‖θ[1:]‖₁=2102.660, γ=85570.473, num_knots=1900
2025-09-07 00:24:25,286 - Iter 8560: obj=-1369.912081, change=2.23e-06, α=1.000, ‖θ[1:]‖₁=2102.599, γ=90601.560, num_knots=1899
2025-09-07 00:24:25,609 - Iter 8570: obj=-1369.914855, change=2.23e-06, α=1.000, ‖θ[1:]‖₁=2102.590, γ=90328.563, num_knots=1898
2025-09-07 00:24:25,855 - Iter 8580: obj=-1369.921982, change=2.24e-06, α=1.000, ‖θ[1:]‖₁=2102.566, γ=90657.636, num_knots=1897
2025-09-07 00:24:26,123 - Iter 8590: obj=-1369.924013, change=2.21e-06, α=1.000, ‖θ[1:]‖₁=2102.560, γ=90623.459, num_knots=1897
2025-09-07 00:24:26,377 - Iter 8600: obj=-1369.941035, change=2.18e-06, α=1.000, ‖θ[1:]‖₁=2102.504, γ=90666.697, num_knots=1895
2025-09-07 00:24:26,677 - Iter 8610: obj=-1369.942021, change=2.22e-06, α=1.000, ‖θ[1:]‖₁=2102.500, γ=88236.488, num_knots=1895
2025-09-07 00:24:27,073 - Iter 8620: obj=-1369.943836, change=2.23e-06, α=1.000, ‖θ[1:]‖₁=2102.494, γ=84487.225, num_knots=1895
2025-09-07 00:24:27,446 - Iter 8630: obj=-1369.948408, change=2.22e-06, α=1.000, ‖θ[1:]‖₁=2102.480, γ=88360.968, num_knots=1895
2025-09-07 00:24:27,819 - Iter 8640: obj=-1369.950283, change=2.24e-06, α=1.000, ‖θ[1:]‖₁=2102.473, γ=84281.832, num_knots=1895
2025-09-07 00:24:28,217 - Iter 8650: obj=-1369.954298, change=2.56e-06, α=1.000, ‖θ[1:]‖₁=2102.460, γ=35727.088, num_knots=1894
2025-09-07 00:24:28,547 - Iter 8660: obj=-1369.955487, change=6.71e-05, α=1.000, ‖θ[1:]‖₁=2102.455, γ=1410.153, num_knots=1894
2025-09-07 00:24:28,850 - Iter 8670: obj=-1369.957758, change=3.20e-06, α=1.000, ‖θ[1:]‖₁=2102.449, γ=90680.293, num_knots=1894
2025-09-07 00:24:29,197 - Iter 8680: obj=-1370.087837, change=7.41e-06, α=1.000, ‖θ[1:]‖₁=2102.040, γ=90296.531, num_knots=1888
2025-09-07 00:24:29,525 - Iter 8690: obj=-1370.088749, change=2.38e-06, α=1.000, ‖θ[1:]‖₁=2102.036, γ=83821.769, num_knots=1888
2025-09-07 00:24:29,913 - Iter 8700: obj=-1370.089985, change=2.32e-06, α=1.000, ‖θ[1:]‖₁=2102.032, γ=75244.955, num_knots=1888
2025-09-07 00:24:30,518 - Iter 8710: obj=-1370.090953, change=3.19e-06, α=1.000, ‖θ[1:]‖₁=2102.029, γ=16391.082, num_knots=1888
2025-09-07 00:24:30,917 - Iter 8720: obj=-1370.093532, change=2.39e-06, α=1.000, ‖θ[1:]‖₁=2102.020, γ=52086.522, num_knots=1888
2025-09-07 00:24:31,221 - Iter 8730: obj=-1370.097015, change=2.34e-06, α=1.000, ‖θ[1:]‖₁=2102.009, γ=58919.611, num_knots=1888
2025-09-07 00:24:31,593 - Iter 8740: obj=-1370.128791, change=2.97e-04, α=0.125, ‖θ[1:]‖₁=2101.907, γ=90690.593, num_knots=2237
2025-09-07 00:24:31,943 - Iter 8750: obj=-1370.129307, change=1.07e-04, α=1.000, ‖θ[1:]‖₁=2101.904, γ=65190.856, num_knots=1887
2025-09-07 00:24:32,259 - Iter 8760: obj=-1370.132700, change=2.19e-06, α=1.000, ‖θ[1:]‖₁=2101.895, γ=90672.535, num_knots=1887
2025-09-07 00:24:32,589 - Iter 8770: obj=-1370.134264, change=2.21e-06, α=1.000, ‖θ[1:]‖₁=2101.890, γ=89574.281, num_knots=1887
2025-09-07 00:24:33,066 - Iter 8780: obj=-1370.135681, change=3.70e-06, α=1.000, ‖θ[1:]‖₁=2101.886, γ=9499.432, num_knots=1887
2025-09-07 00:24:33,402 - Iter 8790: obj=-1370.142020, change=2.33e-03, α=1.000, ‖θ[1:]‖₁=2101.829, γ=580.807, num_knots=1885
2025-09-07 00:24:33,733 - Iter 8800: obj=-1370.155558, change=2.29e-06, α=1.000, ‖θ[1:]‖₁=2101.823, γ=67753.219, num_knots=1885
2025-09-07 00:24:34,033 - Iter 8810: obj=-1370.160318, change=2.22e-06, α=1.000, ‖θ[1:]‖₁=2101.808, γ=87051.484, num_knots=1884
2025-09-07 00:24:34,283 - Iter 8820: obj=-1370.171563, change=2.25e-06, α=1.000, ‖θ[1:]‖₁=2101.773, γ=79370.695, num_knots=1883
2025-09-07 00:24:34,546 - Iter 8830: obj=-1370.172741, change=1.18e-05, α=1.000, ‖θ[1:]‖₁=2101.769, γ=96.225, num_knots=1883
2025-09-07 00:24:34,894 - Iter 8840: obj=-1370.183503, change=2.69e-06, α=1.000, ‖θ[1:]‖₁=2101.735, γ=28390.111, num_knots=1882
2025-09-07 00:24:35,322 - Iter 8850: obj=-1370.184898, change=6.71e-06, α=1.000, ‖θ[1:]‖₁=2101.731, γ=1655.046, num_knots=1882
2025-09-07 00:24:35,684 - Iter 8860: obj=-1370.186222, change=4.25e-04, α=1.000, ‖θ[1:]‖₁=2101.720, γ=1488.359, num_knots=1882
2025-09-07 00:24:36,050 - Iter 8870: obj=-1370.189127, change=6.71e-05, α=1.000, ‖θ[1:]‖₁=2101.717, γ=1421.027, num_knots=1882
2025-09-07 00:24:36,396 - Iter 8880: obj=-1370.191310, change=2.40e-06, α=1.000, ‖θ[1:]‖₁=2101.711, γ=90678.968, num_knots=1882
2025-09-07 00:24:36,734 - Iter 8890: obj=-1370.195804, change=3.18e-06, α=1.000, ‖θ[1:]‖₁=2101.697, γ=90682.032, num_knots=1882
2025-09-07 00:24:37,284 - Iter 8900: obj=-1370.197430, change=2.23e-06, α=1.000, ‖θ[1:]‖₁=2101.692, γ=90672.169, num_knots=1882
2025-09-07 00:24:37,679 - Iter 8910: obj=-1370.199000, change=2.22e-06, α=1.000, ‖θ[1:]‖₁=2101.687, γ=89656.446, num_knots=1882
2025-09-07 00:24:38,020 - Iter 8920: obj=-1370.200660, change=2.34e-06, α=1.000, ‖θ[1:]‖₁=2101.682, γ=58396.762, num_knots=1882
2025-09-07 00:24:38,387 - Iter 8930: obj=-1370.245612, change=4.66e-06, α=1.000, ‖θ[1:]‖₁=2101.546, γ=5695.131, num_knots=1878
2025-09-07 00:24:38,722 - Iter 8940: obj=-1370.247363, change=9.37e-05, α=1.000, ‖θ[1:]‖₁=2101.539, γ=89366.957, num_knots=1878
2025-09-07 00:24:39,057 - Iter 8950: obj=-1370.249053, change=3.79e-06, α=1.000, ‖θ[1:]‖₁=2101.535, γ=90666.166, num_knots=1878
2025-09-07 00:24:39,386 - Iter 8960: obj=-1370.252679, change=2.22e-06, α=1.000, ‖θ[1:]‖₁=2101.524, γ=90632.229, num_knots=1878
2025-09-07 00:24:39,670 - Iter 8970: obj=-1370.277750, change=2.24e-06, α=1.000, ‖θ[1:]‖₁=2101.447, γ=90595.865, num_knots=1877
2025-09-07 00:24:40,167 - Iter 8980: obj=-1370.279462, change=2.22e-06, α=1.000, ‖θ[1:]‖₁=2101.442, γ=90623.337, num_knots=1877
2025-09-07 00:24:40,635 - Iter 8990: obj=-1370.309886, change=1.23e-05, α=1.000, ‖θ[1:]‖₁=2101.350, γ=90632.243, num_knots=1877
2025-09-07 00:24:41,054 - Iter 9000: obj=-1370.312599, change=5.57e-06, α=1.000, ‖θ[1:]‖₁=2101.341, γ=90681.363, num_knots=1877
2025-09-07 00:24:41,402 - Iter 9010: obj=-1370.313615, change=2.20e-06, α=1.000, ‖θ[1:]‖₁=2101.337, γ=90616.283, num_knots=1877
2025-09-07 00:24:41,762 - Iter 9020: obj=-1370.319951, change=4.41e-06, α=1.000, ‖θ[1:]‖₁=2101.318, γ=90683.190, num_knots=1877
2025-09-07 00:24:42,068 - Iter 9030: obj=-1370.321346, change=2.20e-06, α=1.000, ‖θ[1:]‖₁=2101.313, γ=90211.930, num_knots=1877
2025-09-07 00:24:42,494 - Iter 9040: obj=-1370.345520, change=2.18e-06, α=1.000, ‖θ[1:]‖₁=2101.239, γ=90540.047, num_knots=1876
2025-09-07 00:24:42,928 - Iter 9050: obj=-1370.346484, change=2.48e-06, α=1.000, ‖θ[1:]‖₁=2101.236, γ=40800.598, num_knots=1876
2025-09-07 00:24:43,296 - Iter 9060: obj=-1370.348371, change=2.20e-06, α=1.000, ‖θ[1:]‖₁=2101.230, γ=90593.928, num_knots=1876
2025-09-07 00:24:43,715 - Iter 9070: obj=-1370.352084, change=2.19e-06, α=1.000, ‖θ[1:]‖₁=2101.219, γ=90641.658, num_knots=1876
2025-09-07 00:24:44,087 - Iter 9080: obj=-1370.356087, change=2.22e-06, α=1.000, ‖θ[1:]‖₁=2101.206, γ=90647.574, num_knots=1875
2025-09-07 00:24:44,416 - Iter 9090: obj=-1370.358750, change=2.19e-06, α=1.000, ‖θ[1:]‖₁=2101.198, γ=90663.137, num_knots=1875
2025-09-07 00:24:44,825 - Iter 9100: obj=-1370.359888, change=2.21e-06, α=1.000, ‖θ[1:]‖₁=2101.194, γ=89809.693, num_knots=1875
2025-09-07 00:24:45,174 - Iter 9110: obj=-1370.362766, change=2.21e-06, α=1.000, ‖θ[1:]‖₁=2101.185, γ=89216.243, num_knots=1875
2025-09-07 00:24:45,509 - Iter 9120: obj=-1370.363920, change=2.86e-06, α=1.000, ‖θ[1:]‖₁=2101.182, γ=22285.692, num_knots=1875
2025-09-07 00:24:45,886 - Iter 9130: obj=-1370.366540, change=2.62e-06, α=1.000, ‖θ[1:]‖₁=2101.174, γ=31733.371, num_knots=1875
2025-09-07 00:24:46,168 - Iter 9140: obj=-1370.367725, change=6.87e-06, α=1.000, ‖θ[1:]‖₁=2101.170, γ=1539.710, num_knots=1874
2025-09-07 00:24:46,441 - Iter 9150: obj=-1370.369060, change=1.67e-04, α=1.000, ‖θ[1:]‖₁=2101.164, γ=1791.193, num_knots=1874
2025-09-07 00:24:46,719 - Iter 9160: obj=-1370.370767, change=1.83e-04, α=1.000, ‖θ[1:]‖₁=2101.158, γ=62185.009, num_knots=1874
2025-09-07 00:24:47,012 - Iter 9170: obj=-1370.372879, change=2.22e-06, α=1.000, ‖θ[1:]‖₁=2101.154, γ=83472.529, num_knots=1874
2025-09-07 00:24:47,361 - Iter 9180: obj=-1370.376014, change=2.23e-06, α=1.000, ‖θ[1:]‖₁=2101.145, γ=82631.131, num_knots=1874
2025-09-07 00:24:47,652 - Iter 9190: obj=-1370.378143, change=2.37e-06, α=1.000, ‖θ[1:]‖₁=2101.138, γ=53906.757, num_knots=1874
2025-09-07 00:24:47,950 - Iter 9200: obj=-1370.384903, change=2.21e-06, α=1.000, ‖θ[1:]‖₁=2101.117, γ=86955.828, num_knots=1874
2025-09-07 00:24:48,314 - Iter 9210: obj=-1370.394700, change=2.22e-06, α=1.000, ‖θ[1:]‖₁=2101.087, γ=90653.839, num_knots=1874
2025-09-07 00:24:48,773 - Iter 9220: obj=-1370.396344, change=2.20e-06, α=1.000, ‖θ[1:]‖₁=2101.082, γ=90579.955, num_knots=1874
2025-09-07 00:24:49,111 - Iter 9230: obj=-1370.398837, change=2.20e-06, α=1.000, ‖θ[1:]‖₁=2101.075, γ=90365.259, num_knots=1874
2025-09-07 00:24:49,526 - Iter 9240: obj=-1370.400525, change=2.32e-06, α=1.000, ‖θ[1:]‖₁=2101.069, γ=61949.409, num_knots=1873
2025-09-07 00:24:49,878 - Iter 9250: obj=-1370.477345, change=5.82e-06, α=1.000, ‖θ[1:]‖₁=2100.837, γ=90594.218, num_knots=1870
2025-09-07 00:24:50,264 - Iter 9260: obj=-1370.478641, change=2.20e-06, α=1.000, ‖θ[1:]‖₁=2100.833, γ=90592.060, num_knots=1870
2025-09-07 00:24:50,565 - Iter 9270: obj=-1370.479971, change=2.20e-06, α=1.000, ‖θ[1:]‖₁=2100.829, γ=90571.297, num_knots=1870
2025-09-07 00:24:50,869 - Iter 9280: obj=-1370.481212, change=2.20e-06, α=1.000, ‖θ[1:]‖₁=2100.825, γ=89121.054, num_knots=1870
2025-09-07 00:24:51,210 - Iter 9290: obj=-1370.482267, change=2.72e-06, α=1.000, ‖θ[1:]‖₁=2100.822, γ=26878.128, num_knots=1870
2025-09-07 00:24:51,495 - Iter 9300: obj=-1370.483731, change=4.92e-06, α=1.000, ‖θ[1:]‖₁=2100.817, γ=4280.723, num_knots=1870
2025-09-07 00:24:51,809 - Iter 9310: obj=-1370.485386, change=2.23e-06, α=1.000, ‖θ[1:]‖₁=2100.812, γ=79995.778, num_knots=1870
2025-09-07 00:24:52,134 - Iter 9320: obj=-1370.486890, change=1.80e-04, α=1.000, ‖θ[1:]‖₁=2100.805, γ=66993.764, num_knots=1870
2025-09-07 00:24:52,428 - Iter 9330: obj=-1370.489448, change=2.19e-06, α=1.000, ‖θ[1:]‖₁=2100.800, γ=90285.825, num_knots=1870
2025-09-07 00:24:52,833 - Iter 9340: obj=-1370.494487, change=2.21e-06, α=1.000, ‖θ[1:]‖₁=2100.785, γ=90655.648, num_knots=1870
2025-09-07 00:24:53,166 - Iter 9350: obj=-1370.495910, change=2.19e-06, α=1.000, ‖θ[1:]‖₁=2100.780, γ=90510.739, num_knots=1870
2025-09-07 00:24:53,473 - Iter 9360: obj=-1370.497046, change=2.26e-06, α=1.000, ‖θ[1:]‖₁=2100.777, γ=71310.688, num_knots=1870
2025-09-07 00:24:53,738 - Iter 9370: obj=-1370.498974, change=2.31e-06, α=1.000, ‖θ[1:]‖₁=2100.771, γ=61964.849, num_knots=1870
2025-09-07 00:24:54,063 - Iter 9380: obj=-1370.572274, change=2.30e-06, α=1.000, ‖θ[1:]‖₁=2100.549, γ=90129.423, num_knots=1873
2025-09-07 00:24:54,370 - Iter 9390: obj=-1370.573735, change=2.27e-06, α=1.000, ‖θ[1:]‖₁=2100.544, γ=90654.481, num_knots=1868
2025-09-07 00:24:54,666 - Iter 9400: obj=-1370.574791, change=2.21e-06, α=1.000, ‖θ[1:]‖₁=2100.541, γ=90420.108, num_knots=1868
2025-09-07 00:24:55,005 - Iter 9410: obj=-1370.575861, change=2.21e-06, α=1.000, ‖θ[1:]‖₁=2100.537, γ=87503.310, num_knots=1868
2025-09-07 00:24:55,337 - Iter 9420: obj=-1370.578262, change=2.20e-06, α=1.000, ‖θ[1:]‖₁=2100.530, γ=88825.905, num_knots=1868
2025-09-07 00:24:55,737 - Iter 9430: obj=-1370.579398, change=2.34e-06, α=1.000, ‖θ[1:]‖₁=2100.526, γ=56776.008, num_knots=1868
2025-09-07 00:24:56,122 - Iter 9440: obj=-1370.601437, change=2.34e-06, α=1.000, ‖θ[1:]‖₁=2100.458, γ=57422.167, num_knots=1867
2025-09-07 00:24:56,503 - Iter 9450: obj=-1370.607715, change=2.20e-06, α=1.000, ‖θ[1:]‖₁=2100.439, γ=89691.933, num_knots=1867
2025-09-07 00:24:56,996 - Iter 9460: obj=-1370.610052, change=2.20e-06, α=1.000, ‖θ[1:]‖₁=2100.431, γ=87390.456, num_knots=1867
2025-09-07 00:24:57,400 - Iter 9470: obj=-1370.613579, change=2.19e-06, α=1.000, ‖θ[1:]‖₁=2100.420, γ=90006.850, num_knots=1867
2025-09-07 00:24:57,745 - Iter 9480: obj=-1370.640998, change=2.00e-06, α=1.000, ‖θ[1:]‖₁=2100.335, γ=86855.409, num_knots=2166
2025-09-07 00:24:58,199 - Iter 9490: obj=-1370.641122, change=2.44e-06, α=1.000, ‖θ[1:]‖₁=2100.334, γ=44249.395, num_knots=1867
2025-09-07 00:24:59,017 - Iter 9500: obj=-1370.642710, change=1.58e-05, α=1.000, ‖θ[1:]‖₁=2100.329, γ=9.792, num_knots=1867
2025-09-07 00:24:59,386 - Iter 9510: obj=-1370.742268, change=8.95e-05, α=1.000, ‖θ[1:]‖₁=2100.019, γ=80521.633, num_knots=1861
2025-09-07 00:24:59,725 - Iter 9520: obj=-1370.743592, change=2.21e-06, α=1.000, ‖θ[1:]‖₁=2100.016, γ=90488.904, num_knots=1861
2025-09-07 00:25:00,087 - Iter 9530: obj=-1370.744439, change=2.34e-06, α=1.000, ‖θ[1:]‖₁=2100.014, γ=56781.237, num_knots=1861
2025-09-07 00:25:00,505 - Iter 9540: obj=-1370.747351, change=2.19e-06, α=1.000, ‖θ[1:]‖₁=2100.005, γ=84823.605, num_knots=1861
2025-09-07 00:25:00,870 - Iter 9550: obj=-1370.765870, change=6.87e-06, α=1.000, ‖θ[1:]‖₁=2099.948, γ=90684.150, num_knots=1861
2025-09-07 00:25:01,165 - Iter 9560: obj=-1370.767269, change=4.31e-06, α=1.000, ‖θ[1:]‖₁=2099.944, γ=90682.562, num_knots=1861
2025-09-07 00:25:01,498 - Iter 9570: obj=-1370.768503, change=2.18e-06, α=1.000, ‖θ[1:]‖₁=2099.940, γ=5411.125, num_knots=1861
2025-09-07 00:25:01,830 - Iter 9580: obj=-1370.770277, change=8.84e-04, α=1.000, ‖θ[1:]‖₁=2099.921, γ=1022.496, num_knots=1861
2025-09-07 00:25:02,126 - Iter 9590: obj=-1370.775618, change=5.28e-06, α=1.000, ‖θ[1:]‖₁=2099.918, γ=3492.479, num_knots=1861
2025-09-07 00:25:02,410 - Iter 9600: obj=-1370.780601, change=9.32e-06, α=1.000, ‖θ[1:]‖₁=2099.902, γ=90683.414, num_knots=1860
2025-09-07 00:25:02,702 - Iter 9610: obj=-1370.786125, change=1.11e-05, α=1.000, ‖θ[1:]‖₁=2099.885, γ=90683.814, num_knots=1860
2025-09-07 00:25:02,993 - Iter 9620: obj=-1370.786463, change=2.18e-06, α=1.000, ‖θ[1:]‖₁=2099.884, γ=88742.849, num_knots=1859
2025-09-07 00:25:03,326 - Iter 9630: obj=-1370.787566, change=2.34e-06, α=1.000, ‖θ[1:]‖₁=2099.881, γ=54638.966, num_knots=1859
2025-09-07 00:25:03,659 - Iter 9640: obj=-1370.797573, change=2.19e-06, α=1.000, ‖θ[1:]‖₁=2099.850, γ=89204.004, num_knots=1857
2025-09-07 00:25:03,963 - Iter 9650: obj=-1370.816897, change=6.69e-05, α=1.000, ‖θ[1:]‖₁=2099.792, γ=90688.601, num_knots=2031
2025-09-07 00:25:04,257 - Iter 9660: obj=-1370.817058, change=5.93e-04, α=1.000, ‖θ[1:]‖₁=2099.783, γ=1244.642, num_knots=1857
2025-09-07 00:25:04,565 - Iter 9670: obj=-1370.820788, change=1.06e-05, α=1.000, ‖θ[1:]‖₁=2099.780, γ=199.943, num_knots=1857
2025-09-07 00:25:04,833 - Iter 9680: obj=-1370.826704, change=2.40e-06, α=1.000, ‖θ[1:]‖₁=2099.762, γ=47602.077, num_knots=1857
2025-09-07 00:25:05,113 - Iter 9690: obj=-1370.828983, change=2.84e-06, α=1.000, ‖θ[1:]‖₁=2099.755, γ=22753.256, num_knots=1857
2025-09-07 00:25:05,408 - Iter 9700: obj=-1370.831259, change=2.62e-06, α=1.000, ‖θ[1:]‖₁=2099.748, γ=31446.762, num_knots=1857
2025-09-07 00:25:05,711 - Iter 9710: obj=-1370.832401, change=1.12e-05, α=1.000, ‖θ[1:]‖₁=2099.745, γ=125.832, num_knots=1857
2025-09-07 00:25:05,998 - Iter 9720: obj=-1370.840218, change=3.50e-06, α=1.000, ‖θ[1:]‖₁=2099.721, γ=11544.067, num_knots=1856
2025-09-07 00:25:06,292 - Iter 9730: obj=-1370.849394, change=1.75e-05, α=1.000, ‖θ[1:]‖₁=2099.693, γ=500.041, num_knots=1855
2025-09-07 00:25:06,577 - Iter 9740: obj=-1370.852014, change=3.74e-06, α=1.000, ‖θ[1:]‖₁=2099.686, γ=9540.188, num_knots=1855
2025-09-07 00:25:06,871 - Iter 9750: obj=-1370.857834, change=2.28e-06, α=1.000, ‖θ[1:]‖₁=2099.668, γ=64400.265, num_knots=1855
2025-09-07 00:25:07,234 - Iter 9760: obj=-1370.865597, change=2.17e-06, α=1.000, ‖θ[1:]‖₁=2099.645, γ=90268.224, num_knots=1855
2025-09-07 00:25:07,520 - Iter 9770: obj=-1370.868386, change=2.18e-06, α=1.000, ‖θ[1:]‖₁=2099.636, γ=90549.876, num_knots=1855
2025-09-07 00:25:07,953 - Iter 9780: obj=-1370.870508, change=2.17e-06, α=1.000, ‖θ[1:]‖₁=2099.630, γ=90132.113, num_knots=1855
2025-09-07 00:25:08,312 - Iter 9790: obj=-1370.888638, change=6.94e-06, α=1.000, ‖θ[1:]‖₁=2099.575, γ=90543.992, num_knots=2045
2025-09-07 00:25:08,659 - Iter 9800: obj=-1370.888757, change=1.32e-05, α=1.000, ‖θ[1:]‖₁=2099.575, γ=13.501, num_knots=1855
2025-09-07 00:25:08,958 - Iter 9810: obj=-1370.959158, change=2.52e-06, α=1.000, ‖θ[1:]‖₁=2099.369, γ=34505.955, num_knots=1849
2025-09-07 00:25:09,322 - Iter 9820: obj=-1370.959990, change=4.69e-05, α=1.000, ‖θ[1:]‖₁=2099.366, γ=1857.002, num_knots=1849
2025-09-07 00:25:09,619 - Iter 9830: obj=-1370.962734, change=8.26e-06, α=1.000, ‖θ[1:]‖₁=2099.358, γ=90684.652, num_knots=1849
2025-09-07 00:25:10,072 - Iter 9840: obj=-1370.963837, change=2.68e-06, α=1.000, ‖θ[1:]‖₁=2099.355, γ=90678.368, num_knots=1849
2025-09-07 00:25:10,457 - Iter 9850: obj=-1371.015209, change=1.84e-06, α=1.000, ‖θ[1:]‖₁=2099.206, γ=918.967, num_knots=2561
2025-09-07 00:25:10,938 - Iter 9860: obj=-1371.015750, change=5.24e-06, α=1.000, ‖θ[1:]‖₁=2099.203, γ=90617.225, num_knots=1953
2025-09-07 00:25:11,236 - Iter 9870: obj=-1371.016175, change=9.83e-05, α=1.000, ‖θ[1:]‖₁=2099.200, γ=79788.189, num_knots=1849
2025-09-07 00:25:11,533 - Iter 9880: obj=-1371.017787, change=2.15e-06, α=1.000, ‖θ[1:]‖₁=2099.196, γ=90490.775, num_knots=1849
2025-09-07 00:25:11,997 - Iter 9890: obj=-1371.018906, change=3.00e-06, α=1.000, ‖θ[1:]‖₁=2099.193, γ=18500.154, num_knots=1849
2025-09-07 00:25:12,354 - Iter 9900: obj=-1371.024513, change=2.18e-06, α=1.000, ‖θ[1:]‖₁=2099.176, γ=81855.081, num_knots=1849
2025-09-07 00:25:12,643 - Iter 9910: obj=-1371.026528, change=2.29e-06, α=1.000, ‖θ[1:]‖₁=2099.170, γ=59396.961, num_knots=1849
2025-09-07 00:25:12,970 - Iter 9920: obj=-1371.653466, change=2.00e-05, α=1.000, ‖θ[1:]‖₁=2099.030, γ=20078.369, num_knots=2567
2025-09-07 00:25:13,326 - Iter 9930: obj=-1371.679707, change=1.01e-05, α=1.000, ‖θ[1:]‖₁=2098.973, γ=40053.730, num_knots=2476
2025-09-07 00:25:13,706 - Iter 9940: obj=-1371.680481, change=7.29e-06, α=1.000, ‖θ[1:]‖₁=2098.962, γ=23739.178, num_knots=2388
2025-09-07 00:25:14,079 - Iter 9950: obj=-1371.681633, change=3.89e-06, α=1.000, ‖θ[1:]‖₁=2098.948, γ=36722.062, num_knots=2352
2025-09-07 00:25:14,399 - Iter 9960: obj=-1371.682296, change=4.71e-06, α=1.000, ‖θ[1:]‖₁=2098.939, γ=80648.577, num_knots=2244
2025-09-07 00:25:14,719 - Iter 9970: obj=-1371.682859, change=5.17e-06, α=1.000, ‖θ[1:]‖₁=2098.932, γ=42838.851, num_knots=2127
2025-09-07 00:25:15,021 - Iter 9980: obj=-1371.685284, change=2.81e-06, α=1.000, ‖θ[1:]‖₁=2098.907, γ=86283.030, num_knots=2012
2025-09-07 00:25:15,335 - Iter 9990: obj=-1371.687612, change=2.59e-06, α=1.000, ‖θ[1:]‖₁=2098.887, γ=87409.089, num_knots=1919
2025-09-07 00:25:15,599 - Iter 10000: obj=-1371.689751, change=2.98e-06, α=1.000, ‖θ[1:]‖₁=2098.872, γ=28599.703, num_knots=1849
2025-09-07 00:25:15,940 - Iter 10010: obj=-1371.690889, change=7.33e-06, α=1.000, ‖θ[1:]‖₁=2098.866, γ=1782.343, num_knots=1849
2025-09-07 00:25:16,194 - Iter 10020: obj=-1371.692081, change=1.61e-04, α=1.000, ‖θ[1:]‖₁=2098.856, γ=3684.947, num_knots=1848
2025-09-07 00:25:16,442 - Iter 10030: obj=-1371.694085, change=1.22e-04, α=1.000, ‖θ[1:]‖₁=2098.846, γ=89399.357, num_knots=1848
2025-09-07 00:25:16,711 - Iter 10040: obj=-1371.720096, change=9.91e-04, α=0.250, ‖θ[1:]‖₁=2098.700, γ=90637.355, num_knots=1848
2025-09-07 00:25:17,036 - Iter 10050: obj=-1371.722318, change=8.21e-06, α=1.000, ‖θ[1:]‖₁=2098.698, γ=90672.334, num_knots=1869
2025-09-07 00:25:17,322 - Iter 10060: obj=-1371.723384, change=4.43e-06, α=1.000, ‖θ[1:]‖₁=2098.693, γ=90675.931, num_knots=1848
2025-09-07 00:25:17,597 - Iter 10070: obj=-1371.743093, change=4.44e-06, α=1.000, ‖θ[1:]‖₁=2098.600, γ=73998.129, num_knots=2269
2025-09-07 00:25:17,889 - Iter 10080: obj=-1371.743418, change=2.09e-06, α=1.000, ‖θ[1:]‖₁=2098.598, γ=89291.445, num_knots=1848
2025-09-07 00:25:18,176 - Iter 10090: obj=-1371.744432, change=2.64e-06, α=1.000, ‖θ[1:]‖₁=2098.593, γ=26013.031, num_knots=1848
2025-09-07 00:25:18,451 - Iter 10100: obj=-1371.745780, change=4.00e-06, α=1.000, ‖θ[1:]‖₁=2098.587, γ=6986.422, num_knots=1848
2025-09-07 00:25:18,714 - Iter 10110: obj=-1371.747762, change=1.06e-05, α=1.000, ‖θ[1:]‖₁=2098.578, γ=147.721, num_knots=1848
2025-09-07 00:25:19,013 - Iter 10120: obj=-1371.754207, change=1.09e-04, α=1.000, ‖θ[1:]‖₁=2098.546, γ=1737.762, num_knots=1847
2025-09-07 00:25:19,306 - Iter 10130: obj=-1371.755969, change=1.06e-04, α=1.000, ‖θ[1:]‖₁=2098.538, γ=87445.105, num_knots=1847
2025-09-07 00:25:19,583 - Iter 10140: obj=-1371.757544, change=2.90e-06, α=1.000, ‖θ[1:]‖₁=2098.533, γ=90674.091, num_knots=1847
2025-09-07 00:25:19,850 - Iter 10150: obj=-1371.776726, change=5.38e-06, α=1.000, ‖θ[1:]‖₁=2098.445, γ=90035.797, num_knots=2217
2025-09-07 00:25:20,172 - Iter 10160: obj=-1371.776881, change=2.36e-06, α=1.000, ‖θ[1:]‖₁=2098.444, γ=38580.276, num_knots=1847
2025-09-07 00:25:20,437 - Iter 10170: obj=-1371.778289, change=1.41e-04, α=1.000, ‖θ[1:]‖₁=2098.435, γ=72287.752, num_knots=1847
2025-09-07 00:25:20,717 - Iter 10180: obj=-1371.780620, change=2.10e-06, α=1.000, ‖θ[1:]‖₁=2098.428, γ=90672.837, num_knots=1847
2025-09-07 00:25:20,963 - Iter 10190: obj=-1371.900112, change=6.93e-06, α=1.000, ‖θ[1:]‖₁=2097.895, γ=90514.989, num_knots=2216
2025-09-07 00:25:21,252 - Iter 10200: obj=-1371.900456, change=3.53e-06, α=1.000, ‖θ[1:]‖₁=2097.893, γ=9469.842, num_knots=1844
2025-09-07 00:25:21,524 - Iter 10210: obj=-1371.901762, change=3.03e-06, α=1.000, ‖θ[1:]‖₁=2097.887, γ=14768.295, num_knots=1844
2025-09-07 00:25:21,786 - Iter 10220: obj=-1371.906389, change=2.17e-06, α=1.000, ‖θ[1:]‖₁=2097.867, γ=56570.750, num_knots=1844
2025-09-07 00:25:22,104 - Iter 10230: obj=-1371.932576, change=2.27e-04, α=1.000, ‖θ[1:]‖₁=2097.752, γ=90692.113, num_knots=2303
2025-09-07 00:25:22,360 - Iter 10240: obj=-1371.932804, change=2.29e-06, α=1.000, ‖θ[1:]‖₁=2097.751, γ=43384.635, num_knots=1844
2025-09-07 00:25:22,670 - Iter 10250: obj=-1371.934146, change=1.69e-05, α=1.000, ‖θ[1:]‖₁=2097.745, γ=81.009, num_knots=1844
2025-09-07 00:25:23,049 - Iter 10260: obj=-1371.946323, change=2.07e-06, α=1.000, ‖θ[1:]‖₁=2097.692, γ=81660.141, num_knots=1844
2025-09-07 00:25:23,310 - Iter 10270: obj=-1371.948054, change=2.20e-06, α=1.000, ‖θ[1:]‖₁=2097.684, γ=55025.044, num_knots=1844
2025-09-07 00:25:23,594 - Iter 10280: obj=-1371.961419, change=2.11e-06, α=1.000, ‖θ[1:]‖₁=2097.625, γ=73196.545, num_knots=1843
2025-09-07 00:25:23,875 - Iter 10290: obj=-1371.962399, change=2.63e-06, α=1.000, ‖θ[1:]‖₁=2097.621, γ=25066.859, num_knots=1843
2025-09-07 00:25:24,172 - Iter 10300: obj=-1371.963772, change=3.56e-06, α=1.000, ‖θ[1:]‖₁=2097.615, γ=9399.327, num_knots=1843
2025-09-07 00:25:24,442 - Iter 10310: obj=-1371.968153, change=2.22e-06, α=1.000, ‖θ[1:]‖₁=2097.595, γ=52117.138, num_knots=1843
2025-09-07 00:25:24,720 - Iter 10320: obj=-1371.972426, change=2.07e-06, α=1.000, ‖θ[1:]‖₁=2097.576, γ=83136.654, num_knots=1843
2025-09-07 00:25:25,031 - Iter 10330: obj=-1371.975757, change=2.05e-06, α=1.000, ‖θ[1:]‖₁=2097.562, γ=88294.492, num_knots=1843
2025-09-07 00:25:25,339 - Iter 10340: obj=-1371.976897, change=2.10e-06, α=1.000, ‖θ[1:]‖₁=2097.557, γ=72119.568, num_knots=1843
2025-09-07 00:25:25,585 - Iter 10350: obj=-1371.978264, change=2.27e-06, α=1.000, ‖θ[1:]‖₁=2097.551, γ=46487.568, num_knots=1843
2025-09-07 00:25:25,841 - Iter 10360: obj=-1371.980233, change=6.54e-05, α=1.000, ‖θ[1:]‖₁=2097.541, γ=1483.529, num_knots=1842
2025-09-07 00:25:26,103 - Iter 10370: obj=-1371.983047, change=7.57e-06, α=1.000, ‖θ[1:]‖₁=2097.530, γ=90662.264, num_knots=1842
2025-09-07 00:25:26,352 - Iter 10380: obj=-1372.071184, change=5.37e-05, α=1.000, ‖θ[1:]‖₁=2097.146, γ=90684.104, num_knots=2248
2025-09-07 00:25:26,609 - Iter 10390: obj=-1372.071321, change=2.04e-06, α=1.000, ‖θ[1:]‖₁=2097.146, γ=90113.126, num_knots=1840
2025-09-07 00:25:26,856 - Iter 10400: obj=-1372.080738, change=4.19e-06, α=1.000, ‖θ[1:]‖₁=2097.105, γ=90681.776, num_knots=1839
2025-09-07 00:25:27,139 - Iter 10410: obj=-1372.084625, change=9.95e-06, α=1.000, ‖θ[1:]‖₁=2097.088, γ=90682.934, num_knots=1839
2025-09-07 00:25:27,390 - Iter 10420: obj=-1372.086133, change=5.48e-06, α=1.000, ‖θ[1:]‖₁=2097.082, γ=90661.257, num_knots=1839
2025-09-07 00:25:27,670 - Iter 10430: obj=-1372.087340, change=2.03e-06, α=1.000, ‖θ[1:]‖₁=2097.076, γ=90651.706, num_knots=1839
2025-09-07 00:25:27,946 - Iter 10440: obj=-1372.088383, change=2.04e-06, α=1.000, ‖θ[1:]‖₁=2097.072, γ=89849.981, num_knots=1839
2025-09-07 00:25:28,253 - Iter 10450: obj=-1372.105995, change=1.04e-05, α=1.000, ‖θ[1:]‖₁=2096.996, γ=90682.848, num_knots=1839
2025-09-07 00:25:28,518 - Iter 10460: obj=-1372.109860, change=2.49e-05, α=1.000, ‖θ[1:]‖₁=2096.979, γ=90665.262, num_knots=1839
2025-09-07 00:25:28,797 - Iter 10470: obj=-1372.110289, change=1.72e-04, α=1.000, ‖θ[1:]‖₁=2096.974, γ=59618.409, num_knots=1839
2025-09-07 00:25:29,051 - Iter 10480: obj=-1372.111829, change=3.10e-06, α=1.000, ‖θ[1:]‖₁=2096.971, γ=14048.595, num_knots=1839
2025-09-07 00:25:29,334 - Iter 10490: obj=-1372.570884, change=2.27e-05, α=1.000, ‖θ[1:]‖₁=2095.107, γ=82006.704, num_knots=1825
2025-09-07 00:25:29,660 - Iter 10500: obj=-1372.571596, change=1.04e-05, α=1.000, ‖θ[1:]‖₁=2095.103, γ=1549.429, num_knots=1825
2025-09-07 00:25:30,091 - Iter 10510: obj=-1372.572941, change=5.61e-06, α=1.000, ‖θ[1:]‖₁=2095.096, γ=89479.536, num_knots=1826
2025-09-07 00:25:30,496 - Iter 10520: obj=-1372.574111, change=3.95e-06, α=1.000, ‖θ[1:]‖₁=2095.090, γ=90291.663, num_knots=1825
2025-09-07 00:25:30,864 - Iter 10530: obj=-1372.575009, change=2.14e-06, α=1.000, ‖θ[1:]‖₁=2095.086, γ=88706.245, num_knots=1825
2025-09-07 00:25:31,155 - Iter 10540: obj=-1372.575761, change=3.79e-06, α=1.000, ‖θ[1:]‖₁=2095.083, γ=9214.920, num_knots=1825
2025-09-07 00:25:31,437 - Iter 10550: obj=-1372.576956, change=3.13e-06, α=1.000, ‖θ[1:]‖₁=2095.078, γ=14982.551, num_knots=1825
2025-09-07 00:25:31,755 - Iter 10560: obj=-1372.578942, change=2.51e-06, α=1.000, ‖θ[1:]‖₁=2095.069, γ=30241.039, num_knots=1824
2025-09-07 00:25:32,014 - Iter 10570: obj=-1372.579994, change=7.30e-06, α=1.000, ‖θ[1:]‖₁=2095.065, γ=1060.839, num_knots=1824
2025-09-07 00:25:32,327 - Iter 10580: obj=-1372.581444, change=1.25e-05, α=1.000, ‖θ[1:]‖₁=2095.059, γ=26.058, num_knots=1824
2025-09-07 00:25:32,718 - Iter 10590: obj=-1372.615408, change=2.21e-06, α=1.000, ‖θ[1:]‖₁=2094.920, γ=52235.169, num_knots=1823
2025-09-07 00:25:33,075 - Iter 10600: obj=-1372.616837, change=2.03e-06, α=1.000, ‖θ[1:]‖₁=2094.914, γ=79681.873, num_knots=1823
2025-09-07 00:25:33,370 - Iter 10610: obj=-1372.617859, change=4.00e-06, α=1.000, ‖θ[1:]‖₁=2094.910, γ=6602.817, num_knots=1823
2025-09-07 00:25:33,689 - Iter 10620: obj=-1372.619393, change=3.48e-04, α=1.000, ‖θ[1:]‖₁=2094.897, γ=34081.084, num_knots=1821
2025-09-07 00:25:33,976 - Iter 10630: obj=-1372.622863, change=7.33e-06, α=1.000, ‖θ[1:]‖₁=2094.890, γ=90661.439, num_knots=1821
2025-09-07 00:25:34,255 - Iter 10640: obj=-1372.790975, change=2.10e-04, α=1.000, ‖θ[1:]‖₁=2094.267, γ=90695.493, num_knots=2279
2025-09-07 00:25:34,529 - Iter 10650: obj=-1372.791466, change=9.68e-05, α=1.000, ‖θ[1:]‖₁=2094.262, γ=77980.543, num_knots=1812
2025-09-07 00:25:34,797 - Iter 10660: obj=-1372.792684, change=8.31e-06, α=1.000, ‖θ[1:]‖₁=2094.259, γ=90619.989, num_knots=1812
2025-09-07 00:25:35,095 - Iter 10670: obj=-1372.793790, change=4.16e-06, α=1.000, ‖θ[1:]‖₁=2094.255, γ=90615.224, num_knots=1812
2025-09-07 00:25:35,400 - Iter 10680: obj=-1372.794885, change=1.98e-06, α=1.000, ‖θ[1:]‖₁=2094.250, γ=90610.009, num_knots=1812
2025-09-07 00:25:35,681 - Iter 10690: obj=-1372.796262, change=2.00e-06, α=1.000, ‖θ[1:]‖₁=2094.245, γ=90648.162, num_knots=1812
2025-09-07 00:25:35,961 - Iter 10700: obj=-1372.797143, change=2.02e-06, α=1.000, ‖θ[1:]‖₁=2094.242, γ=79246.740, num_knots=1812
2025-09-07 00:25:36,224 - Iter 10710: obj=-1372.798307, change=4.34e-06, α=1.000, ‖θ[1:]‖₁=2094.237, γ=5176.319, num_knots=1812
2025-09-07 00:25:36,473 - Iter 10720: obj=-1372.799826, change=1.29e-04, α=1.000, ‖θ[1:]‖₁=2094.229, γ=74883.758, num_knots=1812
2025-09-07 00:25:36,744 - Iter 10730: obj=-1372.801688, change=1.98e-06, α=1.000, ‖θ[1:]‖₁=2094.225, γ=90375.385, num_knots=1812
2025-09-07 00:25:37,011 - Iter 10740: obj=-1372.802673, change=2.00e-06, α=1.000, ‖θ[1:]‖₁=2094.221, γ=82952.886, num_knots=1812
2025-09-07 00:25:37,281 - Iter 10750: obj=-1372.809198, change=1.97e-06, α=1.000, ‖θ[1:]‖₁=2094.197, γ=90511.137, num_knots=1812
2025-09-07 00:25:37,562 - Iter 10760: obj=-1372.811629, change=1.97e-06, α=1.000, ‖θ[1:]‖₁=2094.188, γ=90540.952, num_knots=1812
2025-09-07 00:25:37,846 - Iter 10770: obj=-1372.818116, change=2.48e-06, α=1.000, ‖θ[1:]‖₁=2094.163, γ=90681.097, num_knots=1811
2025-09-07 00:25:38,099 - Iter 10780: obj=-1372.819667, change=1.96e-06, α=1.000, ‖θ[1:]‖₁=2094.158, γ=90653.584, num_knots=1811
2025-09-07 00:25:38,365 - Iter 10790: obj=-1372.820833, change=2.01e-06, α=1.000, ‖θ[1:]‖₁=2094.153, γ=79746.952, num_knots=1811
2025-09-07 00:25:38,661 - Iter 10800: obj=-1372.822238, change=2.68e-06, α=1.000, ‖θ[1:]‖₁=2094.148, γ=21303.472, num_knots=1811
2025-09-07 00:25:38,964 - Iter 10810: obj=-1372.824254, change=4.34e-04, α=1.000, ‖θ[1:]‖₁=2094.133, γ=14965.694, num_knots=1810
2025-09-07 00:25:39,241 - Iter 10820: obj=-1372.826576, change=5.95e-04, α=1.000, ‖θ[1:]‖₁=2094.122, γ=9388.454, num_knots=1810
2025-09-07 00:25:39,522 - Iter 10830: obj=-1372.829620, change=8.42e-05, α=1.000, ‖θ[1:]‖₁=2094.119, γ=1647.558, num_knots=1810
2025-09-07 00:25:39,785 - Iter 10840: obj=-1372.831617, change=1.07e-04, α=1.000, ‖θ[1:]‖₁=2094.112, γ=89541.166, num_knots=1810
2025-09-07 00:25:40,089 - Iter 10850: obj=-1372.833177, change=1.06e-04, α=1.000, ‖θ[1:]‖₁=2094.106, γ=89468.174, num_knots=1810
2025-09-07 00:25:40,359 - Iter 10860: obj=-1372.835066, change=1.14e-04, α=1.000, ‖θ[1:]‖₁=2094.099, γ=89971.995, num_knots=1810
2025-09-07 00:25:40,611 - Iter 10870: obj=-1372.835903, change=1.65e-04, α=1.000, ‖θ[1:]‖₁=2094.095, γ=59038.614, num_knots=1810
2025-09-07 00:25:40,881 - Iter 10880: obj=-1372.840980, change=1.98e-06, α=1.000, ‖θ[1:]‖₁=2094.079, γ=90005.003, num_knots=1809
2025-09-07 00:25:41,169 - Iter 10890: obj=-1372.848542, change=2.29e-06, α=1.000, ‖θ[1:]‖₁=2094.051, γ=90680.620, num_knots=1809
2025-09-07 00:25:41,419 - Iter 10900: obj=-1372.849761, change=1.97e-06, α=1.000, ‖θ[1:]‖₁=2094.047, γ=90260.220, num_knots=1809
2025-09-07 00:25:41,684 - Iter 10910: obj=-1372.851010, change=1.98e-06, α=1.000, ‖θ[1:]‖₁=2094.042, γ=89536.491, num_knots=1809
2025-09-07 00:25:41,952 - Iter 10920: obj=-1372.855961, change=1.98e-06, α=1.000, ‖θ[1:]‖₁=2094.024, γ=90625.181, num_knots=1809
2025-09-07 00:25:42,214 - Iter 10930: obj=-1372.857332, change=1.97e-06, α=1.000, ‖θ[1:]‖₁=2094.019, γ=90579.166, num_knots=1809
2025-09-07 00:25:42,459 - Iter 10940: obj=-1372.930934, change=2.03e-05, α=1.000, ‖θ[1:]‖₁=2093.753, γ=90679.067, num_knots=1878
2025-09-07 00:25:42,737 - Iter 10950: obj=-1372.932106, change=4.62e-05, α=1.000, ‖θ[1:]‖₁=2093.748, γ=90586.273, num_knots=1803
2025-09-07 00:25:43,002 - Iter 10960: obj=-1372.932507, change=2.53e-04, α=1.000, ‖θ[1:]‖₁=2093.743, γ=8879.471, num_knots=1803
2025-09-07 00:25:43,280 - Iter 10970: obj=-1372.933944, change=4.67e-03, α=1.000, ‖θ[1:]‖₁=2093.664, γ=110.811, num_knots=1803
2025-09-07 00:25:43,581 - Iter 10980: obj=-1372.964061, change=2.07e-06, α=1.000, ‖θ[1:]‖₁=2093.636, γ=88275.977, num_knots=1804
2025-09-07 00:25:43,850 - Iter 10990: obj=-1372.964787, change=2.51e-06, α=1.000, ‖θ[1:]‖₁=2093.634, γ=29386.177, num_knots=1803
2025-09-07 00:25:44,157 - Iter 11000: obj=-1372.965588, change=6.88e-06, α=1.000, ‖θ[1:]‖₁=2093.631, γ=1801.281, num_knots=1803
2025-09-07 00:25:44,422 - Iter 11010: obj=-1372.966525, change=2.35e-05, α=1.000, ‖θ[1:]‖₁=2093.627, γ=1010.188, num_knots=1802
2025-09-07 00:25:44,766 - Iter 11020: obj=-1372.967627, change=4.21e-04, α=1.000, ‖θ[1:]‖₁=2093.616, γ=1120.885, num_knots=1802
2025-09-07 00:25:45,085 - Iter 11030: obj=-1372.970468, change=6.77e-06, α=1.000, ‖θ[1:]‖₁=2093.613, γ=1228.714, num_knots=1802
2025-09-07 00:25:45,403 - Iter 11040: obj=-1372.971749, change=1.48e-05, α=1.000, ‖θ[1:]‖₁=2093.609, γ=26.223, num_knots=1802
2025-09-07 00:25:45,696 - Iter 11050: obj=-1373.006391, change=3.17e-06, α=1.000, ‖θ[1:]‖₁=2093.487, γ=90085.605, num_knots=1963
2025-09-07 00:25:46,057 - Iter 11060: obj=-1373.006493, change=2.24e-06, α=1.000, ‖θ[1:]‖₁=2093.487, γ=41668.223, num_knots=1801
2025-09-07 00:25:46,466 - Iter 11070: obj=-1373.007727, change=2.20e-05, α=1.000, ‖θ[1:]‖₁=2093.482, γ=348.551, num_knots=1801
2025-09-07 00:25:46,911 - Iter 11080: obj=-1373.010403, change=8.75e-06, α=1.000, ‖θ[1:]‖₁=2093.473, γ=376.604, num_knots=1801
2025-09-07 00:25:47,283 - Iter 11090: obj=-1373.013427, change=2.52e-06, α=1.000, ‖θ[1:]‖₁=2093.462, γ=26197.374, num_knots=1801
2025-09-07 00:25:47,610 - Iter 11100: obj=-1373.014711, change=3.19e-06, α=1.000, ‖θ[1:]‖₁=2093.458, γ=12269.373, num_knots=1801
2025-09-07 00:25:48,002 - Iter 11110: obj=-1373.064381, change=1.91e-06, α=1.000, ‖θ[1:]‖₁=2093.286, γ=86265.752, num_knots=1799
2025-09-07 00:25:48,314 - Iter 11120: obj=-1373.065682, change=1.95e-06, α=1.000, ‖θ[1:]‖₁=2093.282, γ=89236.012, num_knots=1799
2025-09-07 00:25:48,634 - Iter 11130: obj=-1373.066717, change=1.96e-06, α=1.000, ‖θ[1:]‖₁=2093.278, γ=87076.389, num_knots=1799
2025-09-07 00:25:48,922 - Iter 11140: obj=-1373.067930, change=1.97e-06, α=1.000, ‖θ[1:]‖₁=2093.274, γ=84744.520, num_knots=1799
2025-09-07 00:25:49,258 - Iter 11150: obj=-1373.084190, change=8.01e-06, α=1.000, ‖θ[1:]‖₁=2093.216, γ=90674.341, num_knots=1800
2025-09-07 00:25:49,639 - Iter 11160: obj=-1373.085036, change=2.00e-06, α=1.000, ‖θ[1:]‖₁=2093.214, γ=90641.942, num_knots=1799
2025-09-07 00:25:50,122 - Iter 11170: obj=-1373.085775, change=1.97e-06, α=1.000, ‖θ[1:]‖₁=2093.211, γ=83011.892, num_knots=1799
2025-09-07 00:25:50,495 - Iter 11180: obj=-1373.087697, change=1.96e-06, α=1.000, ‖θ[1:]‖₁=2093.204, γ=89789.568, num_knots=1799
2025-09-07 00:25:50,827 - Iter 11190: obj=-1373.216622, change=3.12e-06, α=1.000, ‖θ[1:]‖₁=2092.755, γ=90480.345, num_knots=1796
2025-09-07 00:25:51,167 - Iter 11200: obj=-1373.217607, change=1.99e-06, α=1.000, ‖θ[1:]‖₁=2092.751, γ=90401.993, num_knots=1796
2025-09-07 00:25:51,479 - Iter 11210: obj=-1373.218354, change=3.78e-06, α=1.000, ‖θ[1:]‖₁=2092.748, γ=7898.002, num_knots=1796
2025-09-07 00:25:51,838 - Iter 11220: obj=-1373.219435, change=5.56e-06, α=1.000, ‖θ[1:]‖₁=2092.745, γ=2649.721, num_knots=1796
2025-09-07 00:25:52,202 - Iter 11230: obj=-1373.220348, change=1.39e-03, α=1.000, ‖θ[1:]‖₁=2092.718, γ=278.961, num_knots=1796
2025-09-07 00:25:52,487 - Iter 11240: obj=-1373.229988, change=2.17e-06, α=1.000, ‖θ[1:]‖₁=2092.707, γ=48448.845, num_knots=1796
2025-09-07 00:25:52,820 - Iter 11250: obj=-1373.231374, change=2.12e-06, α=1.000, ‖θ[1:]‖₁=2092.702, γ=53070.415, num_knots=1796
2025-09-07 00:25:53,246 - Iter 11260: obj=-1373.238254, change=2.18e-06, α=1.000, ‖θ[1:]‖₁=2092.678, γ=46053.955, num_knots=1795
2025-09-07 00:25:53,624 - Iter 11270: obj=-1373.239608, change=2.54e-06, α=1.000, ‖θ[1:]‖₁=2092.673, γ=25076.547, num_knots=1795
2025-09-07 00:25:54,011 - Iter 11280: obj=-1373.240979, change=2.75e-06, α=1.000, ‖θ[1:]‖₁=2092.668, γ=19032.700, num_knots=1795
2025-09-07 00:25:54,407 - Iter 11290: obj=-1373.245075, change=1.97e-06, α=1.000, ‖θ[1:]‖₁=2092.654, γ=82338.899, num_knots=1795
2025-09-07 00:25:54,692 - Iter 11300: obj=-1373.250308, change=1.94e-06, α=1.000, ‖θ[1:]‖₁=2092.635, γ=90386.026, num_knots=1795
2025-09-07 00:25:55,015 - Iter 11310: obj=-1373.251312, change=2.11e-06, α=1.000, ‖θ[1:]‖₁=2092.631, γ=53905.668, num_knots=1795
2025-09-07 00:25:55,289 - Iter 11320: obj=-1373.268926, change=2.14e-06, α=1.000, ‖θ[1:]‖₁=2092.569, γ=90677.916, num_knots=1795
2025-09-07 00:25:55,556 - Iter 11330: obj=-1373.269887, change=1.94e-06, α=1.000, ‖θ[1:]‖₁=2092.566, γ=90430.176, num_knots=1795
2025-09-07 00:25:55,856 - Iter 11340: obj=-1373.271101, change=1.99e-06, α=1.000, ‖θ[1:]‖₁=2092.561, γ=76818.966, num_knots=1795
2025-09-07 00:25:56,211 - Iter 11350: obj=-1373.272115, change=1.67e-05, α=1.000, ‖θ[1:]‖₁=2092.557, γ=98.393, num_knots=1795
2025-09-07 00:25:56,454 - Iter 11360: obj=-1373.281178, change=1.99e-06, α=1.000, ‖θ[1:]‖₁=2092.525, γ=75760.314, num_knots=1795
2025-09-07 00:25:56,718 - Iter 11370: obj=-1373.282143, change=4.51e-06, α=1.000, ‖θ[1:]‖₁=2092.522, γ=4501.827, num_knots=1795
2025-09-07 00:25:56,990 - Iter 11380: obj=-1373.284189, change=1.94e-06, α=1.000, ‖θ[1:]‖₁=2092.515, γ=90550.386, num_knots=1795
2025-09-07 00:25:57,258 - Iter 11390: obj=-1373.401179, change=1.71e-06, α=1.000, ‖θ[1:]‖₁=2092.102, γ=87698.079, num_knots=2190
2025-09-07 00:25:57,512 - Iter 11400: obj=-1373.401316, change=2.28e-06, α=1.000, ‖θ[1:]‖₁=2092.101, γ=90679.821, num_knots=1793
2025-09-07 00:25:57,789 - Iter 11410: obj=-1373.403176, change=5.66e-06, α=1.000, ‖θ[1:]‖₁=2092.095, γ=90683.588, num_knots=1792
2025-09-07 00:25:58,135 - Iter 11420: obj=-1373.404333, change=3.68e-06, α=1.000, ‖θ[1:]‖₁=2092.090, γ=90662.408, num_knots=1792
2025-09-07 00:25:58,453 - Iter 11430: obj=-1373.406456, change=1.95e-06, α=1.000, ‖θ[1:]‖₁=2092.083, γ=90662.115, num_knots=1792
2025-09-07 00:25:58,745 - Iter 11440: obj=-1373.415704, change=1.52e-05, α=1.000, ‖θ[1:]‖₁=2092.050, γ=90682.593, num_knots=1792
2025-09-07 00:25:59,079 - Iter 11450: obj=-1373.415998, change=1.59e-04, α=1.000, ‖θ[1:]‖₁=2092.046, γ=73506.315, num_knots=1791
2025-09-07 00:25:59,369 - Iter 11460: obj=-1373.423881, change=2.10e-06, α=1.000, ‖θ[1:]‖₁=2092.021, γ=90674.662, num_knots=1789
2025-09-07 00:25:59,677 - Iter 11470: obj=-1373.424882, change=1.93e-06, α=1.000, ‖θ[1:]‖₁=2092.017, γ=90646.654, num_knots=1789
2025-09-07 00:26:00,099 - Iter 11480: obj=-1373.425997, change=1.95e-06, α=1.000, ‖θ[1:]‖₁=2092.013, γ=86904.947, num_knots=1789
2025-09-07 00:26:00,533 - Iter 11490: obj=-1373.427459, change=1.95e-06, α=1.000, ‖θ[1:]‖₁=2092.008, γ=87138.393, num_knots=1789
2025-09-07 00:26:00,913 - Iter 11500: obj=-1373.428349, change=1.84e-03, α=1.000, ‖θ[1:]‖₁=2091.975, γ=1889.474, num_knots=1788
2025-09-07 00:26:01,334 - Iter 11510: obj=-1373.437506, change=2.25e-06, α=1.000, ‖θ[1:]‖₁=2091.973, γ=40136.562, num_knots=1788
2025-09-07 00:26:01,689 - Iter 11520: obj=-1373.438695, change=2.22e-04, α=1.000, ‖θ[1:]‖₁=2091.965, γ=1614.021, num_knots=1788
2025-09-07 00:26:02,063 - Iter 11530: obj=-1373.440334, change=4.92e-05, α=1.000, ‖θ[1:]‖₁=2091.963, γ=1275.255, num_knots=1788
2025-09-07 00:26:02,422 - Iter 11540: obj=-1373.442359, change=2.70e-06, α=1.000, ‖θ[1:]‖₁=2091.956, γ=90681.239, num_knots=1788
2025-09-07 00:26:02,773 - Iter 11550: obj=-1373.451017, change=3.66e-05, α=1.000, ‖θ[1:]‖₁=2091.926, γ=90686.744, num_knots=1788
2025-09-07 00:26:03,072 - Iter 11560: obj=-1373.451130, change=4.84e-05, α=1.000, ‖θ[1:]‖₁=2091.925, γ=1261.858, num_knots=1788
2025-09-07 00:26:03,391 - Iter 11570: obj=-1373.453447, change=4.06e-06, α=1.000, ‖θ[1:]‖₁=2091.918, γ=90682.954, num_knots=1788
2025-09-07 00:26:03,723 - Iter 11580: obj=-1373.454726, change=3.60e-06, α=1.000, ‖θ[1:]‖₁=2091.913, γ=90681.723, num_knots=1788
2025-09-07 00:26:04,025 - Iter 11590: obj=-1373.466713, change=1.17e-04, α=1.000, ‖θ[1:]‖₁=2091.871, γ=90689.046, num_knots=2185
2025-09-07 00:26:04,365 - Iter 11600: obj=-1373.466843, change=2.43e-06, α=1.000, ‖θ[1:]‖₁=2091.871, γ=29281.474, num_knots=1788
2025-09-07 00:26:04,761 - Iter 11610: obj=-1373.467867, change=4.94e-06, α=1.000, ‖θ[1:]‖₁=2091.867, γ=3459.558, num_knots=1788
2025-09-07 00:26:05,136 - Iter 11620: obj=-1373.469157, change=1.14e-04, α=1.000, ‖θ[1:]‖₁=2091.861, γ=80284.282, num_knots=1788
2025-09-07 00:26:05,398 - Iter 11630: obj=-1373.476279, change=4.00e-05, α=1.000, ‖θ[1:]‖₁=2091.838, γ=90687.009, num_knots=1798
2025-09-07 00:26:05,688 - Iter 11640: obj=-1373.476390, change=3.46e-05, α=1.000, ‖θ[1:]‖₁=2091.837, γ=897.288, num_knots=1788
2025-09-07 00:26:05,994 - Iter 11650: obj=-1373.478462, change=2.31e-06, α=1.000, ‖θ[1:]‖₁=2091.830, γ=90678.119, num_knots=1788
2025-09-07 00:26:06,308 - Iter 11660: obj=-1373.479413, change=1.93e-06, α=1.000, ‖θ[1:]‖₁=2091.827, γ=90579.971, num_knots=1788
2025-09-07 00:26:06,621 - Iter 11670: obj=-1373.484767, change=4.27e-06, α=1.000, ‖θ[1:]‖₁=2091.808, γ=90682.343, num_knots=1788
2025-09-07 00:26:06,930 - Iter 11680: obj=-1373.486013, change=3.08e-06, α=1.000, ‖θ[1:]‖₁=2091.804, γ=90681.951, num_knots=1788
2025-09-07 00:26:07,183 - Iter 11690: obj=-1373.536886, change=1.01e-05, α=1.000, ‖θ[1:]‖₁=2091.630, γ=90061.443, num_knots=2393
2025-09-07 00:26:07,463 - Iter 11700: obj=-1373.537039, change=3.19e-06, α=1.000, ‖θ[1:]‖₁=2091.629, γ=90498.747, num_knots=1845
2025-09-07 00:26:07,771 - Iter 11710: obj=-1373.537143, change=2.88e-05, α=1.000, ‖θ[1:]‖₁=2091.628, γ=739.104, num_knots=1785
2025-09-07 00:26:08,191 - Iter 11720: obj=-1373.538671, change=1.60e-04, α=1.000, ‖θ[1:]‖₁=2091.620, γ=58794.531, num_knots=1785
2025-09-07 00:26:08,448 - Iter 11730: obj=-1373.540581, change=2.65e-06, α=1.000, ‖θ[1:]‖₁=2091.616, γ=21539.375, num_knots=1785
2025-09-07 00:26:08,732 - Iter 11740: obj=-1373.542225, change=4.78e-06, α=1.000, ‖θ[1:]‖₁=2091.611, γ=3853.850, num_knots=1784
2025-09-07 00:26:08,986 - Iter 11750: obj=-1373.794010, change=8.10e-04, α=1.000, ‖θ[1:]‖₁=2090.763, γ=90688.542, num_knots=2535
2025-09-07 00:26:09,336 - Iter 11760: obj=-1373.794509, change=2.75e-06, α=1.000, ‖θ[1:]‖₁=2090.761, γ=90667.948, num_knots=1787
2025-09-07 00:26:09,712 - Iter 11770: obj=-1373.795359, change=3.37e-06, α=1.000, ‖θ[1:]‖₁=2090.758, γ=90655.241, num_knots=1779
2025-09-07 00:26:10,136 - Iter 11780: obj=-1373.796352, change=1.92e-06, α=1.000, ‖θ[1:]‖₁=2090.754, γ=88698.840, num_knots=1779
2025-09-07 00:26:10,436 - Iter 11790: obj=-1373.797547, change=2.09e-06, α=1.000, ‖θ[1:]‖₁=2090.750, γ=54077.434, num_knots=1779
2025-09-07 00:26:10,881 - Iter 11800: obj=-1373.825839, change=2.24e-04, α=1.000, ‖θ[1:]‖₁=2090.650, γ=90692.394, num_knots=2256
2025-09-07 00:26:11,228 - Iter 11810: obj=-1373.826055, change=1.99e-06, α=1.000, ‖θ[1:]‖₁=2090.650, γ=70367.549, num_knots=1779
2025-09-07 00:26:11,513 - Iter 11820: obj=-1373.827132, change=2.13e-06, α=1.000, ‖θ[1:]‖₁=2090.646, γ=49276.983, num_knots=1779
2025-09-07 00:26:11,779 - Iter 11830: obj=-1373.830959, change=1.93e-06, α=1.000, ‖θ[1:]‖₁=2090.633, γ=86069.819, num_knots=1779
2025-09-07 00:26:12,065 - Iter 11840: obj=-1373.833213, change=1.92e-06, α=1.000, ‖θ[1:]‖₁=2090.625, γ=89909.368, num_knots=1779
2025-09-07 00:26:12,436 - Iter 11850: obj=-1373.837525, change=1.93e-06, α=1.000, ‖θ[1:]‖₁=2090.609, γ=90667.604, num_knots=1779
2025-09-07 00:26:12,748 - Iter 11860: obj=-1373.843294, change=1.22e-05, α=1.000, ‖θ[1:]‖₁=2090.589, γ=90684.716, num_knots=1779
2025-09-07 00:26:13,091 - Iter 11870: obj=-1373.843603, change=1.43e-04, α=1.000, ‖θ[1:]‖₁=2090.585, γ=65715.479, num_knots=1779
2025-09-07 00:26:13,358 - Iter 11880: obj=-1373.851064, change=1.89e-06, α=1.000, ‖θ[1:]‖₁=2090.561, γ=90675.429, num_knots=1778
2025-09-07 00:26:13,623 - Iter 11890: obj=-1373.851934, change=1.92e-06, α=1.000, ‖θ[1:]‖₁=2090.558, γ=90526.845, num_knots=1778
2025-09-07 00:26:13,980 - Iter 11900: obj=-1373.876701, change=2.17e-06, α=1.000, ‖θ[1:]‖₁=2090.471, γ=74797.371, num_knots=2180
2025-09-07 00:26:14,316 - Iter 11910: obj=-1373.876924, change=2.21e-06, α=1.000, ‖θ[1:]‖₁=2090.470, γ=37064.800, num_knots=1778
2025-09-07 00:26:14,699 - Iter 11920: obj=-1373.878124, change=7.38e-05, α=1.000, ‖θ[1:]‖₁=2090.464, γ=88663.137, num_knots=1778
2025-09-07 00:26:15,124 - Iter 11930: obj=-1373.879686, change=1.45e-04, α=1.000, ‖θ[1:]‖₁=2090.458, γ=90142.722, num_knots=1778
2025-09-07 00:26:15,405 - Iter 11940: obj=-1373.880465, change=1.19e-04, α=1.000, ‖θ[1:]‖₁=2090.455, γ=1766.239, num_knots=1778
2025-09-07 00:26:15,686 - Iter 11950: obj=-1373.881619, change=2.09e-03, α=1.000, ‖θ[1:]‖₁=2090.419, γ=1259.625, num_knots=1778
2025-09-07 00:26:16,039 - Iter 11960: obj=-1373.892035, change=2.03e-06, α=1.000, ‖θ[1:]‖₁=2090.416, γ=63119.324, num_knots=1778
2025-09-07 00:26:16,379 - Iter 11970: obj=-1373.895308, change=1.92e-06, α=1.000, ‖θ[1:]‖₁=2090.404, γ=88988.889, num_knots=1778
2025-09-07 00:26:16,732 - Iter 11980: obj=-1373.897119, change=1.92e-06, α=1.000, ‖θ[1:]‖₁=2090.398, γ=88067.603, num_knots=1778
2025-09-07 00:26:17,021 - Iter 11990: obj=-1373.898047, change=2.16e-06, α=1.000, ‖θ[1:]‖₁=2090.394, γ=46370.864, num_knots=1778
2025-09-07 00:26:17,331 - Iter 12000: obj=-1373.900292, change=2.05e-06, α=1.000, ‖θ[1:]‖₁=2090.386, γ=58951.498, num_knots=1778
2025-09-07 00:26:17,657 - Iter 12010: obj=-1373.926242, change=1.96e-06, α=1.000, ‖θ[1:]‖₁=2090.296, γ=90610.200, num_knots=1774
2025-09-07 00:26:17,959 - Iter 12020: obj=-1373.927007, change=1.92e-06, α=1.000, ‖θ[1:]‖₁=2090.293, γ=90199.303, num_knots=1774
2025-09-07 00:26:18,319 - Iter 12030: obj=-1373.927789, change=1.94e-06, α=1.000, ‖θ[1:]‖₁=2090.290, γ=86632.369, num_knots=1774
2025-09-07 00:26:18,604 - Iter 12040: obj=-1373.928907, change=1.93e-06, α=1.000, ‖θ[1:]‖₁=2090.286, γ=85051.017, num_knots=1774
2025-09-07 00:26:18,899 - Iter 12050: obj=-1373.932645, change=1.91e-06, α=1.000, ‖θ[1:]‖₁=2090.273, γ=89622.116, num_knots=1773
2025-09-07 00:26:19,268 - Iter 12060: obj=-1373.945501, change=1.90e-06, α=1.000, ‖θ[1:]‖₁=2090.229, γ=90412.666, num_knots=1773
2025-09-07 00:26:19,574 - Iter 12070: obj=-1373.946354, change=1.90e-06, α=1.000, ‖θ[1:]‖₁=2090.226, γ=89635.179, num_knots=1773
2025-09-07 00:26:19,939 - Iter 12080: obj=-1373.948961, change=1.91e-06, α=1.000, ‖θ[1:]‖₁=2090.217, γ=90476.399, num_knots=1773
2025-09-07 00:26:20,280 - Iter 12090: obj=-1373.953551, change=1.89e-06, α=1.000, ‖θ[1:]‖₁=2090.201, γ=90676.950, num_knots=1773
2025-09-07 00:26:20,558 - Iter 12100: obj=-1373.954567, change=1.91e-06, α=1.000, ‖θ[1:]‖₁=2090.197, γ=55410.753, num_knots=1773
2025-09-07 00:26:20,854 - Iter 12110: obj=-1374.082140, change=2.14e-06, α=1.000, ‖θ[1:]‖₁=2089.760, γ=61259.262, num_knots=2140
2025-09-07 00:26:21,176 - Iter 12120: obj=-1374.082266, change=1.91e-06, α=1.000, ‖θ[1:]‖₁=2089.759, γ=90538.160, num_knots=1768
2025-09-07 00:26:21,506 - Iter 12130: obj=-1374.084530, change=1.88e-06, α=1.000, ‖θ[1:]‖₁=2089.752, γ=90655.624, num_knots=1767
2025-09-07 00:26:21,794 - Iter 12140: obj=-1374.090252, change=9.06e-06, α=1.000, ‖θ[1:]‖₁=2089.732, γ=90684.294, num_knots=1767
2025-09-07 00:26:22,071 - Iter 12150: obj=-1374.091400, change=1.06e-04, α=1.000, ‖θ[1:]‖₁=2089.727, γ=89826.635, num_knots=1767
2025-09-07 00:26:22,425 - Iter 12160: obj=-1374.092079, change=3.58e-04, α=1.000, ‖θ[1:]‖₁=2089.721, γ=17870.588, num_knots=1767
2025-09-07 00:26:22,758 - Iter 12170: obj=-1374.093973, change=2.61e-04, α=1.000, ‖θ[1:]‖₁=2089.716, γ=29495.947, num_knots=1767
2025-09-07 00:26:23,022 - Iter 12180: obj=-1374.098559, change=2.59e-05, α=1.000, ‖θ[1:]‖₁=2089.704, γ=90661.055, num_knots=1767
2025-09-07 00:26:23,393 - Iter 12190: obj=-1374.098801, change=1.63e-03, α=1.000, ‖θ[1:]‖₁=2089.678, γ=571.856, num_knots=1767
2025-09-07 00:26:23,680 - Iter 12200: obj=-1374.107733, change=1.95e-06, α=1.000, ‖θ[1:]‖₁=2089.674, γ=75792.103, num_knots=1767
2025-09-07 00:26:23,989 - Iter 12210: obj=-1374.108695, change=1.32e-05, α=1.000, ‖θ[1:]‖₁=2089.670, γ=2.208, num_knots=1767
2025-09-07 00:26:24,288 - Iter 12220: obj=-1374.464073, change=2.54e-04, α=1.000, ‖θ[1:]‖₁=2088.522, γ=90681.412, num_knots=2264
2025-09-07 00:26:24,659 - Iter 12230: obj=-1374.464305, change=1.89e-06, α=1.000, ‖θ[1:]‖₁=2088.521, γ=87579.055, num_knots=1757
2025-09-07 00:26:25,118 - Iter 12240: obj=-1374.464996, change=7.49e-06, α=1.000, ‖θ[1:]‖₁=2088.519, γ=1186.831, num_knots=1757
2025-09-07 00:26:25,481 - Iter 12250: obj=-1374.466137, change=6.00e-06, α=1.000, ‖θ[1:]‖₁=2088.515, γ=1941.343, num_knots=1757
2025-09-07 00:26:25,801 - Iter 12260: obj=-1374.467060, change=3.60e-05, α=1.000, ‖θ[1:]‖₁=2088.511, γ=1018.971, num_knots=1757
2025-09-07 00:26:26,066 - Iter 12270: obj=-1374.468999, change=1.89e-06, α=1.000, ‖θ[1:]‖₁=2088.505, γ=87071.227, num_knots=1757
2025-09-07 00:26:26,347 - Iter 12280: obj=-1374.469990, change=1.93e-06, α=1.000, ‖θ[1:]‖₁=2088.501, γ=79689.533, num_knots=1757
2025-09-07 00:26:26,608 - Iter 12290: obj=-1374.471894, change=1.92e-06, α=1.000, ‖θ[1:]‖₁=2088.495, γ=81889.232, num_knots=1757
2025-09-07 00:26:26,868 - Iter 12300: obj=-1374.479499, change=1.89e-06, α=1.000, ‖θ[1:]‖₁=2088.468, γ=90644.815, num_knots=1757
2025-09-07 00:26:27,236 - Iter 12310: obj=-1374.481983, change=1.90e-06, α=1.000, ‖θ[1:]‖₁=2088.459, γ=90673.162, num_knots=1757
2025-09-07 00:26:27,561 - Iter 12320: obj=-1374.482872, change=1.88e-06, α=1.000, ‖θ[1:]‖₁=2088.456, γ=90444.851, num_knots=1757
2025-09-07 00:26:27,856 - Iter 12330: obj=-1374.485828, change=1.87e-06, α=1.000, ‖θ[1:]‖₁=2088.446, γ=90652.649, num_knots=1757
2025-09-07 00:26:28,179 - Iter 12340: obj=-1374.491474, change=7.18e-06, α=1.000, ‖θ[1:]‖₁=2088.426, γ=90683.652, num_knots=1757
2025-09-07 00:26:28,547 - Iter 12350: obj=-1374.494967, change=2.53e-04, α=1.000, ‖θ[1:]‖₁=2088.410, γ=90484.387, num_knots=1756
2025-09-07 00:26:28,919 - Iter 12360: obj=-1374.496203, change=5.05e-06, α=1.000, ‖θ[1:]‖₁=2088.410, γ=3083.184, num_knots=1756
2025-09-07 00:26:29,337 - Iter 12370: obj=-1374.497162, change=1.57e-03, α=1.000, ‖θ[1:]‖₁=2088.382, γ=2058.517, num_knots=1756
2025-09-07 00:26:29,648 - Iter 12380: obj=-1374.504750, change=2.16e-06, α=1.000, ‖θ[1:]‖₁=2088.380, γ=41793.093, num_knots=1756
2025-09-07 00:26:29,886 - Iter 12390: obj=-1374.506061, change=4.58e-06, α=1.000, ‖θ[1:]‖₁=2088.376, γ=4145.167, num_knots=1756
2025-09-07 00:26:30,196 - Iter 12400: obj=-1374.508093, change=2.74e-06, α=1.000, ‖θ[1:]‖₁=2088.369, γ=90681.338, num_knots=1756
2025-09-07 00:26:30,443 - Iter 12410: obj=-1374.512519, change=2.31e-05, α=1.000, ‖θ[1:]‖₁=2088.354, γ=90681.653, num_knots=1756
2025-09-07 00:26:30,712 - Iter 12420: obj=-1374.512629, change=1.13e-04, α=1.000, ‖θ[1:]‖₁=2088.352, γ=1706.915, num_knots=1756
2025-09-07 00:26:30,987 - Iter 12430: obj=-1374.513729, change=6.67e-03, α=1.000, ‖θ[1:]‖₁=2088.246, γ=40014.911, num_knots=1754
2025-09-07 00:26:31,304 - Iter 12440: obj=-1374.544279, change=1.56e-04, α=1.000, ‖θ[1:]‖₁=2088.243, γ=1869.822, num_knots=1754
2025-09-07 00:26:31,609 - Iter 12450: obj=-1374.545490, change=1.18e-05, α=1.000, ‖θ[1:]‖₁=2088.241, γ=478.658, num_knots=1754
2025-09-07 00:26:31,933 - Iter 12460: obj=-1374.548841, change=1.05e-05, α=1.000, ‖θ[1:]‖₁=2088.230, γ=63.600, num_knots=1754
2025-09-07 00:26:32,310 - Iter 12470: obj=-1374.563027, change=1.86e-06, α=1.000, ‖θ[1:]‖₁=2088.182, γ=90558.969, num_knots=1754
2025-09-07 00:26:32,649 - Iter 12480: obj=-1374.566774, change=2.42e-06, α=1.000, ‖θ[1:]‖₁=2088.169, γ=90680.758, num_knots=1754
2025-09-07 00:26:32,995 - Iter 12490: obj=-1374.573638, change=4.26e-05, α=1.000, ‖θ[1:]‖₁=2088.146, γ=90680.210, num_knots=1755
2025-09-07 00:26:33,265 - Iter 12500: obj=-1374.573737, change=1.16e-05, α=1.000, ‖θ[1:]‖₁=2088.146, γ=82695.643, num_knots=1753
2025-09-07 00:26:33,618 - Iter 12510: obj=-1374.577817, change=2.68e-06, α=1.000, ‖θ[1:]‖₁=2088.132, γ=90681.280, num_knots=1752
2025-09-07 00:26:33,875 - Iter 12520: obj=-1374.579882, change=7.56e-06, α=1.000, ‖θ[1:]‖₁=2088.125, γ=90682.675, num_knots=1752
2025-09-07 00:26:34,160 - Iter 12530: obj=-1374.581698, change=1.29e-04, α=1.000, ‖θ[1:]‖₁=2088.117, γ=90278.551, num_knots=1752
2025-09-07 00:26:34,430 - Iter 12540: obj=-1374.582381, change=7.51e-05, α=1.000, ‖θ[1:]‖₁=2088.116, γ=1598.636, num_knots=1752
2025-09-07 00:26:34,776 - Iter 12550: obj=-1374.583611, change=1.07e-04, α=1.000, ‖θ[1:]‖₁=2088.111, γ=81771.070, num_knots=1752
2025-09-07 00:26:35,152 - Iter 12560: obj=-1374.585096, change=2.40e-06, α=1.000, ‖θ[1:]‖₁=2088.108, γ=90679.107, num_knots=1752
2025-09-07 00:26:35,450 - Iter 12570: obj=-1374.588561, change=7.50e-06, α=1.000, ‖θ[1:]‖₁=2088.096, γ=90682.680, num_knots=1752
2025-09-07 00:26:35,704 - Iter 12580: obj=-1374.590237, change=1.24e-04, α=1.000, ‖θ[1:]‖₁=2088.089, γ=90219.652, num_knots=1752
2025-09-07 00:26:35,942 - Iter 12590: obj=-1374.590905, change=1.38e-04, α=1.000, ‖θ[1:]‖₁=2088.086, γ=1696.601, num_knots=1752
2025-09-07 00:26:36,190 - Iter 12600: obj=-1374.592087, change=3.85e-04, α=1.000, ‖θ[1:]‖₁=2088.079, γ=1726.610, num_knots=1751
2025-09-07 00:26:36,476 - Iter 12610: obj=-1374.594358, change=6.65e-06, α=1.000, ‖θ[1:]‖₁=2088.077, γ=1153.415, num_knots=1751
2025-09-07 00:26:36,769 - Iter 12620: obj=-1374.595569, change=7.27e-06, α=1.000, ‖θ[1:]‖₁=2088.073, γ=798.702, num_knots=1751
2025-09-07 00:26:37,021 - Iter 12630: obj=-1374.597107, change=3.89e-06, α=1.000, ‖θ[1:]‖₁=2088.068, γ=6465.954, num_knots=1751
2025-09-07 00:26:37,259 - Iter 12640: obj=-1374.598630, change=5.38e-02, α=1.000, ‖θ[1:]‖₁=2087.344, γ=80376.306, num_knots=1737
2025-09-07 00:26:37,565 - Iter 12650: obj=-1374.840835, change=4.91e-06, α=1.000, ‖θ[1:]‖₁=2087.345, γ=68210.975, num_knots=1949
2025-09-07 00:26:37,852 - Iter 12660: obj=-1374.841659, change=7.03e-05, α=1.000, ‖θ[1:]‖₁=2087.341, γ=90628.099, num_knots=1737
2025-09-07 00:26:38,153 - Iter 12670: obj=-1374.842330, change=1.99e-06, α=1.000, ‖θ[1:]‖₁=2087.339, γ=87465.180, num_knots=1737
2025-09-07 00:26:38,557 - Iter 12680: obj=-1374.842976, change=2.19e-06, α=1.000, ‖θ[1:]‖₁=2087.337, γ=49158.838, num_knots=1737
2025-09-07 00:26:38,823 - Iter 12690: obj=-1374.844092, change=1.91e-06, α=1.000, ‖θ[1:]‖₁=2087.333, γ=83206.309, num_knots=1737
2025-09-07 00:26:39,073 - Iter 12700: obj=-1374.846271, change=1.85e-06, α=1.000, ‖θ[1:]‖₁=2087.326, γ=89402.043, num_knots=1737
2025-09-07 00:26:39,442 - Iter 12710: obj=-1374.863740, change=7.15e-06, α=1.000, ‖θ[1:]‖₁=2087.272, γ=90443.322, num_knots=1942
2025-09-07 00:26:39,781 - Iter 12720: obj=-1374.863856, change=1.08e-04, α=1.000, ‖θ[1:]‖₁=2087.270, γ=2269.525, num_knots=1737
2025-09-07 00:26:40,052 - Iter 12730: obj=-1374.864747, change=9.05e-05, α=1.000, ‖θ[1:]‖₁=2087.267, γ=2322.154, num_knots=1737
2025-09-07 00:26:40,338 - Iter 12740: obj=-1374.865591, change=3.15e-04, α=1.000, ‖θ[1:]‖₁=2087.261, γ=629.500, num_knots=1737
2025-09-07 00:26:40,611 - Iter 12750: obj=-1374.868247, change=5.79e-06, α=1.000, ‖θ[1:]‖₁=2087.257, γ=1928.441, num_knots=1737
2025-09-07 00:26:40,853 - Iter 12760: obj=-1374.869182, change=2.80e-05, α=1.000, ‖θ[1:]‖₁=2087.254, γ=697.966, num_knots=1737
2025-09-07 00:26:41,159 - Iter 12770: obj=-1374.870580, change=2.65e-04, α=1.000, ‖θ[1:]‖₁=2087.246, γ=27080.189, num_knots=1737
2025-09-07 00:26:41,522 - Iter 12780: obj=-1374.901883, change=9.44e-04, α=1.000, ‖θ[1:]‖₁=2087.138, γ=90700.114, num_knots=1737
2025-09-07 00:26:41,808 - Iter 12790: obj=-1374.906194, change=2.23e-06, α=1.000, ‖θ[1:]‖₁=2087.138, γ=90488.577, num_knots=1785
2025-09-07 00:26:42,087 - Iter 12800: obj=-1374.906286, change=1.61e-05, α=1.000, ‖θ[1:]‖₁=2087.138, γ=111.580, num_knots=1737
2025-09-07 00:26:42,362 - Iter 12810: obj=-1374.913474, change=1.88e-06, α=1.000, ‖θ[1:]‖₁=2087.115, γ=78880.379, num_knots=1737
2025-09-07 00:26:42,647 - Iter 12820: obj=-1374.915062, change=1.90e-06, α=1.000, ‖θ[1:]‖₁=2087.110, γ=74476.583, num_knots=1737
2025-09-07 00:26:42,934 - Iter 12830: obj=-1374.915942, change=4.82e-06, α=1.000, ‖θ[1:]‖₁=2087.107, γ=3458.635, num_knots=1737
2025-09-07 00:26:43,174 - Iter 12840: obj=-1374.916986, change=1.63e-04, α=1.000, ‖θ[1:]‖₁=2087.102, γ=53550.455, num_knots=1737
2025-09-07 00:26:43,422 - Iter 12850: obj=-1374.918967, change=1.85e-06, α=1.000, ‖θ[1:]‖₁=2087.098, γ=86132.340, num_knots=1737
2025-09-07 00:26:43,788 - Iter 12860: obj=-1374.920363, change=1.85e-06, α=1.000, ‖θ[1:]‖₁=2087.093, γ=88325.692, num_knots=1737
2025-09-07 00:26:44,054 - Iter 12870: obj=-1374.921436, change=2.23e-06, α=1.000, ‖θ[1:]‖₁=2087.090, γ=35318.397, num_knots=1737
2025-09-07 00:26:44,338 - Iter 12880: obj=-1374.922350, change=1.22e-04, α=1.000, ‖θ[1:]‖₁=2087.085, γ=1695.970, num_knots=1737
2025-09-07 00:26:44,767 - Iter 12890: obj=-1374.923443, change=1.07e-03, α=1.000, ‖θ[1:]‖₁=2087.068, γ=726.007, num_knots=1737
2025-09-07 00:26:45,127 - Iter 12900: obj=-1374.929344, change=2.02e-06, α=1.000, ‖θ[1:]‖₁=2087.065, γ=53764.227, num_knots=1736
2025-09-07 00:26:45,424 - Iter 12910: obj=-1374.978210, change=3.50e-06, α=1.000, ‖θ[1:]‖₁=2086.912, γ=90682.312, num_knots=1733
2025-09-07 00:26:45,708 - Iter 12920: obj=-1374.979153, change=2.79e-06, α=1.000, ‖θ[1:]‖₁=2086.909, γ=90664.998, num_knots=1732
2025-09-07 00:26:46,042 - Iter 12930: obj=-1374.980034, change=1.95e-06, α=1.000, ‖θ[1:]‖₁=2086.906, γ=63440.696, num_knots=1732
2025-09-07 00:26:46,472 - Iter 12940: obj=-1374.982458, change=1.85e-06, α=1.000, ‖θ[1:]‖₁=2086.899, γ=88113.807, num_knots=1732
2025-09-07 00:26:46,742 - Iter 12950: obj=-1374.983480, change=1.85e-06, α=1.000, ‖θ[1:]‖₁=2086.896, γ=85582.690, num_knots=1731
2025-09-07 00:26:47,038 - Iter 12960: obj=-1374.985296, change=1.84e-06, α=1.000, ‖θ[1:]‖₁=2086.890, γ=89745.018, num_knots=1731
2025-09-07 00:26:47,297 - Iter 12970: obj=-1374.988968, change=1.82e-06, α=1.000, ‖θ[1:]‖₁=2086.879, γ=90667.861, num_knots=1730
2025-09-07 00:26:47,573 - Iter 12980: obj=-1374.989981, change=1.85e-06, α=1.000, ‖θ[1:]‖₁=2086.876, γ=90656.099, num_knots=1730
2025-09-07 00:26:47,874 - Iter 12990: obj=-1375.035012, change=1.68e-05, α=1.000, ‖θ[1:]‖₁=2086.743, γ=90675.318, num_knots=1777
2025-09-07 00:26:48,145 - Iter 13000: obj=-1375.036152, change=2.30e-04, α=1.000, ‖θ[1:]‖₁=2086.737, γ=1003.830, num_knots=1726
2025-09-07 00:26:48,425 - Iter 13010: obj=-1375.037964, change=5.58e-06, α=1.000, ‖θ[1:]‖₁=2086.734, γ=2266.421, num_knots=1726
2025-09-07 00:26:48,691 - Iter 13020: obj=-1375.038844, change=4.85e-05, α=1.000, ‖θ[1:]‖₁=2086.731, γ=1301.199, num_knots=1726
2025-09-07 00:26:48,964 - Iter 13030: obj=-1375.040744, change=4.42e-06, α=1.000, ‖θ[1:]‖₁=2086.726, γ=90655.971, num_knots=1726
2025-09-07 00:26:49,240 - Iter 13040: obj=-1375.041877, change=1.85e-06, α=1.000, ‖θ[1:]‖₁=2086.723, γ=89614.120, num_knots=1725
2025-09-07 00:26:49,516 - Iter 13050: obj=-1375.048425, change=2.64e-06, α=1.000, ‖θ[1:]‖₁=2086.704, γ=90680.202, num_knots=1725
2025-09-07 00:26:49,805 - Iter 13060: obj=-1375.050050, change=5.03e-06, α=1.000, ‖θ[1:]‖₁=2086.699, γ=90683.008, num_knots=1725
2025-09-07 00:26:50,094 - Iter 13070: obj=-1375.136199, change=4.83e-04, α=1.000, ‖θ[1:]‖₁=2086.452, γ=90699.359, num_knots=2512
2025-09-07 00:26:50,369 - Iter 13080: obj=-1375.136673, change=3.51e-06, α=1.000, ‖θ[1:]‖₁=2086.451, γ=90526.285, num_knots=1778
2025-09-07 00:26:50,628 - Iter 13090: obj=-1375.136769, change=3.96e-05, α=1.000, ‖θ[1:]‖₁=2086.450, γ=1565.094, num_knots=1722
2025-09-07 00:26:50,912 - Iter 13100: obj=-1375.138886, change=2.38e-06, α=1.000, ‖θ[1:]‖₁=2086.444, γ=90679.189, num_knots=1722
2025-09-07 00:26:51,187 - Iter 13110: obj=-1375.142290, change=1.55e-05, α=1.000, ‖θ[1:]‖₁=2086.434, γ=90684.463, num_knots=1722
2025-09-07 00:26:51,472 - Iter 13120: obj=-1375.142399, change=2.01e-04, α=1.000, ‖θ[1:]‖₁=2086.431, γ=1570.650, num_knots=1722
2025-09-07 00:26:51,789 - Iter 13130: obj=-1375.143809, change=1.86e-05, α=1.000, ‖θ[1:]‖₁=2086.429, γ=224.614, num_knots=1722
2025-09-07 00:26:52,101 - Iter 13140: obj=-1375.147320, change=2.26e-06, α=1.000, ‖θ[1:]‖₁=2086.419, γ=34775.925, num_knots=1722
2025-09-07 00:26:52,391 - Iter 13150: obj=-1375.148206, change=6.53e-05, α=1.000, ‖θ[1:]‖₁=2086.416, γ=1509.022, num_knots=1722
2025-09-07 00:26:52,702 - Iter 13160: obj=-1375.149526, change=1.00e-04, α=1.000, ‖θ[1:]‖₁=2086.411, γ=86846.164, num_knots=1722
2025-09-07 00:26:53,044 - Iter 13170: obj=-1375.163454, change=4.94e-04, α=1.000, ‖θ[1:]‖₁=2086.365, γ=90651.123, num_knots=1722
2025-09-07 00:26:53,355 - Iter 13180: obj=-1375.165693, change=1.85e-06, α=1.000, ‖θ[1:]‖₁=2086.364, γ=89818.007, num_knots=1722
2025-09-07 00:26:53,692 - Iter 13190: obj=-1375.167451, change=1.84e-06, α=1.000, ‖θ[1:]‖₁=2086.359, γ=90536.087, num_knots=1722
2025-09-07 00:26:53,945 - Iter 13200: obj=-1375.169834, change=1.86e-06, α=1.000, ‖θ[1:]‖₁=2086.352, γ=90674.264, num_knots=1722
2025-09-07 00:26:54,226 - Iter 13210: obj=-1375.171167, change=1.85e-06, α=1.000, ‖θ[1:]‖₁=2086.348, γ=90652.132, num_knots=1722
2025-09-07 00:26:54,609 - Iter 13220: obj=-1375.225479, change=1.91e-06, α=1.000, ‖θ[1:]‖₁=2086.191, γ=63580.076, num_knots=1717
2025-09-07 00:26:54,993 - Iter 13230: obj=-1375.226520, change=1.91e-06, α=1.000, ‖θ[1:]‖₁=2086.187, γ=80649.091, num_knots=1717
2025-09-07 00:26:55,398 - Iter 13240: obj=-1375.227746, change=1.85e-06, α=1.000, ‖θ[1:]‖₁=2086.184, γ=90034.414, num_knots=1717
2025-09-07 00:26:55,707 - Iter 13250: obj=-1375.228487, change=1.85e-06, α=1.000, ‖θ[1:]‖₁=2086.182, γ=87647.595, num_knots=1717
2025-09-07 00:26:56,146 - Iter 13260: obj=-1375.229257, change=2.64e-06, α=1.000, ‖θ[1:]‖₁=2086.179, γ=20532.469, num_knots=1717
2025-09-07 00:26:56,411 - Iter 13270: obj=-1375.231204, change=1.92e-06, α=1.000, ‖θ[1:]‖₁=2086.174, γ=70211.608, num_knots=1717
2025-09-07 00:26:56,688 - Iter 13280: obj=-1375.232094, change=2.13e-06, α=1.000, ‖θ[1:]‖₁=2086.171, γ=43461.382, num_knots=1717
2025-09-07 00:26:56,974 - Iter 13290: obj=-1375.233712, change=2.14e-06, α=1.000, ‖θ[1:]‖₁=2086.167, γ=42785.964, num_knots=1717
2025-09-07 00:26:57,249 - Iter 13300: obj=-1375.235198, change=2.33e-06, α=1.000, ‖θ[1:]‖₁=2086.162, γ=30707.435, num_knots=1717
2025-09-07 00:26:57,522 - Iter 13310: obj=-1375.236046, change=5.62e-06, α=1.000, ‖θ[1:]‖₁=2086.160, γ=2191.828, num_knots=1717
2025-09-07 00:26:57,804 - Iter 13320: obj=-1375.236923, change=3.71e-05, α=1.000, ‖θ[1:]‖₁=2086.157, γ=1026.859, num_knots=1717
2025-09-07 00:26:58,064 - Iter 13330: obj=-1375.239784, change=1.82e-06, α=1.000, ‖θ[1:]‖₁=2086.149, γ=90668.917, num_knots=1717
2025-09-07 00:26:58,336 - Iter 13340: obj=-1375.240642, change=1.85e-06, α=1.000, ‖θ[1:]‖₁=2086.147, γ=90665.376, num_knots=1716
2025-09-07 00:26:58,872 - Iter 13350: obj=-1375.241694, change=1.82e-06, α=1.000, ‖θ[1:]‖₁=2086.144, γ=90662.375, num_knots=1716
2025-09-07 00:26:59,270 - Iter 13360: obj=-1375.243240, change=2.04e-06, α=1.000, ‖θ[1:]‖₁=2086.139, γ=90678.147, num_knots=1716
2025-09-07 00:26:59,534 - Iter 13370: obj=-1375.497182, change=4.85e-05, α=1.000, ‖θ[1:]‖₁=2085.481, γ=90588.545, num_knots=2538
2025-09-07 00:26:59,874 - Iter 13380: obj=-1375.498351, change=6.87e-06, α=1.000, ‖θ[1:]‖₁=2085.467, γ=88156.831, num_knots=2136
2025-09-07 00:27:00,246 - Iter 13390: obj=-1375.498577, change=1.95e-06, α=1.000, ‖θ[1:]‖₁=2085.465, γ=80702.781, num_knots=1789
2025-09-07 00:27:00,516 - Iter 13400: obj=-1375.498677, change=2.35e-06, α=1.000, ‖θ[1:]‖₁=2085.464, γ=69531.484, num_knots=1718
2025-09-07 00:27:00,773 - Iter 13410: obj=-1375.499621, change=1.77e-06, α=1.000, ‖θ[1:]‖₁=2085.462, γ=90273.802, num_knots=1706
2025-09-07 00:27:01,067 - Iter 13420: obj=-1375.500392, change=1.81e-06, α=1.000, ‖θ[1:]‖₁=2085.460, γ=90068.512, num_knots=1706
2025-09-07 00:27:01,356 - Iter 13430: obj=-1375.501010, change=1.87e-06, α=1.000, ‖θ[1:]‖₁=2085.458, γ=77731.075, num_knots=1706
2025-09-07 00:27:01,641 - Iter 13440: obj=-1375.501864, change=1.90e-06, α=1.000, ‖θ[1:]‖₁=2085.455, γ=73792.121, num_knots=1706
2025-09-07 00:27:01,927 - Iter 13450: obj=-1375.502603, change=3.67e-05, α=1.000, ‖θ[1:]‖₁=2085.453, γ=1175.695, num_knots=1706
2025-09-07 00:27:02,202 - Iter 13460: obj=-1375.503426, change=1.84e-06, α=1.000, ‖θ[1:]‖₁=2085.451, γ=90654.002, num_knots=1706
2025-09-07 00:27:02,471 - Iter 13470: obj=-1375.503504, change=1.84e-06, α=1.000, ‖θ[1:]‖₁=2085.451, γ=90654.002, num_knots=1706
2025-09-07 00:27:02,727 - Iter 13480: obj=-1375.503582, change=1.84e-06, α=1.000, ‖θ[1:]‖₁=2085.450, γ=90654.002, num_knots=1706
2025-09-07 00:27:02,987 - Iter 13490: obj=-1375.503660, change=1.84e-06, α=1.000, ‖θ[1:]‖₁=2085.450, γ=90654.002, num_knots=1706
2025-09-07 00:27:03,268 - Iter 13500: obj=-1375.503738, change=1.84e-06, α=1.000, ‖θ[1:]‖₁=2085.450, γ=90654.002, num_knots=1706
2025-09-07 00:27:03,543 - Iter 13510: obj=-1375.503816, change=1.84e-06, α=1.000, ‖θ[1:]‖₁=2085.450, γ=90654.002, num_knots=1706
2025-09-07 00:27:03,836 - Iter 13520: obj=-1375.503893, change=1.84e-06, α=1.000, ‖θ[1:]‖₁=2085.450, γ=90654.002, num_knots=1706
2025-09-07 00:27:04,138 - Iter 13530: obj=-1375.503971, change=1.84e-06, α=1.000, ‖θ[1:]‖₁=2085.449, γ=90654.002, num_knots=1706
2025-09-07 00:27:04,416 - Iter 13540: obj=-1375.504049, change=1.84e-06, α=1.000, ‖θ[1:]‖₁=2085.449, γ=90654.002, num_knots=1706
2025-09-07 00:27:04,787 - Iter 13550: obj=-1375.504127, change=1.84e-06, α=1.000, ‖θ[1:]‖₁=2085.449, γ=90654.002, num_knots=1706
2025-09-07 00:27:05,092 - Iter 13560: obj=-1375.504205, change=1.84e-06, α=1.000, ‖θ[1:]‖₁=2085.449, γ=90654.002, num_knots=1706
2025-09-07 00:27:05,398 - Iter 13570: obj=-1375.504283, change=1.84e-06, α=1.000, ‖θ[1:]‖₁=2085.448, γ=90654.002, num_knots=1706
2025-09-07 00:27:05,710 - Iter 13580: obj=-1375.504361, change=1.84e-06, α=1.000, ‖θ[1:]‖₁=2085.448, γ=90654.002, num_knots=1706
2025-09-07 00:27:05,973 - Iter 13590: obj=-1375.504438, change=1.84e-06, α=1.000, ‖θ[1:]‖₁=2085.448, γ=90654.002, num_knots=1706
2025-09-07 00:27:06,238 - Iter 13600: obj=-1375.504554, change=9.01e-04, α=1.000, ‖θ[1:]‖₁=2085.437, γ=792.608, num_knots=1705
2025-09-07 00:27:06,501 - Iter 13610: obj=-1375.509322, change=2.01e-06, α=1.000, ‖θ[1:]‖₁=2085.434, γ=56339.027, num_knots=1705
2025-09-07 00:27:06,802 - Iter 13620: obj=-1375.532871, change=2.08e-04, α=1.000, ‖θ[1:]‖₁=2085.366, γ=90690.827, num_knots=2070
2025-09-07 00:27:07,076 - Iter 13630: obj=-1375.533066, change=3.42e-06, α=1.000, ‖θ[1:]‖₁=2085.366, γ=10327.390, num_knots=1704
2025-09-07 00:27:07,380 - Iter 13640: obj=-1375.534585, change=1.92e-06, α=1.000, ‖θ[1:]‖₁=2085.361, γ=69290.724, num_knots=1704
2025-09-07 00:27:07,654 - Iter 13650: obj=-1375.535453, change=2.08e-06, α=1.000, ‖θ[1:]‖₁=2085.359, γ=47299.509, num_knots=1704
2025-09-07 00:27:07,962 - Iter 13660: obj=-1375.539189, change=1.83e-06, α=1.000, ‖θ[1:]‖₁=2085.348, γ=88955.859, num_knots=1704
2025-09-07 00:27:08,269 - Iter 13670: obj=-1375.556321, change=1.86e-06, α=1.000, ‖θ[1:]‖₁=2085.300, γ=87660.198, num_knots=1703
2025-09-07 00:27:08,626 - Iter 13680: obj=-1375.556966, change=2.72e-06, α=1.000, ‖θ[1:]‖₁=2085.298, γ=19745.425, num_knots=1703
2025-09-07 00:27:08,954 - Iter 13690: obj=-1375.558182, change=1.94e-06, α=1.000, ‖θ[1:]‖₁=2085.294, γ=65003.678, num_knots=1703
2025-09-07 00:27:09,222 - Iter 13700: obj=-1375.559280, change=1.88e-06, α=1.000, ‖θ[1:]‖₁=2085.291, γ=75268.231, num_knots=1703
2025-09-07 00:27:09,527 - Iter 13710: obj=-1375.560253, change=4.83e-06, α=1.000, ‖θ[1:]‖₁=2085.289, γ=3613.236, num_knots=1703
2025-09-07 00:27:09,843 - Iter 13720: obj=-1375.561270, change=1.45e-04, α=1.000, ‖θ[1:]‖₁=2085.284, γ=60347.379, num_knots=1703
2025-09-07 00:27:10,304 - Iter 13730: obj=-1375.571491, change=1.91e-05, α=1.000, ‖θ[1:]‖₁=2085.257, γ=90681.777, num_knots=1703
2025-09-07 00:27:10,597 - Iter 13740: obj=-1375.571580, change=2.24e-05, α=1.000, ‖θ[1:]‖₁=2085.256, γ=439.813, num_knots=1703
2025-09-07 00:27:10,857 - Iter 13750: obj=-1375.573331, change=5.50e-06, α=1.000, ‖θ[1:]‖₁=2085.251, γ=2395.541, num_knots=1702
2025-09-07 00:27:11,129 - Iter 13760: obj=-1375.574173, change=3.84e-05, α=1.000, ‖θ[1:]‖₁=2085.249, γ=1063.593, num_knots=1702
2025-09-07 00:27:11,423 - Iter 13770: obj=-1375.575934, change=1.82e-06, α=1.000, ‖θ[1:]‖₁=2085.244, γ=89464.172, num_knots=1702
2025-09-07 00:27:11,683 - Iter 13780: obj=-1375.580380, change=1.84e-06, α=1.000, ‖θ[1:]‖₁=2085.232, γ=90675.903, num_knots=1702
2025-09-07 00:27:11,950 - Iter 13790: obj=-1375.814131, change=2.91e-04, α=1.000, ‖θ[1:]‖₁=2084.607, γ=90687.142, num_knots=2399
2025-09-07 00:27:12,221 - Iter 13800: obj=-1375.814795, change=2.49e-06, α=1.000, ‖θ[1:]‖₁=2084.604, γ=5519.492, num_knots=2131
2025-09-07 00:27:12,489 - Iter 13810: obj=-1375.814970, change=8.56e-05, α=1.000, ‖θ[1:]‖₁=2084.602, γ=2341.966, num_knots=1694
2025-09-07 00:27:12,776 - Iter 13820: obj=-1375.815694, change=2.37e-04, α=1.000, ‖θ[1:]‖₁=2084.597, γ=804.642, num_knots=1694
2025-09-07 00:27:13,036 - Iter 13830: obj=-1375.817530, change=2.21e-06, α=1.000, ‖θ[1:]‖₁=2084.595, γ=37891.382, num_knots=1694
2025-09-07 00:27:13,354 - Iter 13840: obj=-1375.818207, change=4.98e-05, α=1.000, ‖θ[1:]‖₁=2084.592, γ=1857.096, num_knots=1694
2025-09-07 00:27:13,645 - Iter 13850: obj=-1375.820968, change=2.63e-04, α=1.000, ‖θ[1:]‖₁=2084.582, γ=90020.047, num_knots=1694
2025-09-07 00:27:13,939 - Iter 13860: obj=-1375.822145, change=4.54e-06, α=1.000, ‖θ[1:]‖₁=2084.581, γ=4355.052, num_knots=1694
2025-09-07 00:27:14,238 - Iter 13870: obj=-1375.823440, change=1.82e-06, α=1.000, ‖θ[1:]‖₁=2084.578, γ=86723.068, num_knots=1694
2025-09-07 00:27:14,520 - Iter 13880: obj=-1375.824244, change=1.92e-06, α=1.000, ‖θ[1:]‖₁=2084.576, γ=65013.664, num_knots=1694
2025-09-07 00:27:14,876 - Iter 13890: obj=-1375.825445, change=1.85e-06, α=1.000, ‖θ[1:]‖₁=2084.572, γ=78693.925, num_knots=1694
2025-09-07 00:27:15,238 - Iter 13900: obj=-1375.828442, change=1.81e-06, α=1.000, ‖θ[1:]‖₁=2084.564, γ=90111.697, num_knots=1694
2025-09-07 00:27:15,602 - Iter 13910: obj=-1375.829346, change=1.80e-06, α=1.000, ‖θ[1:]‖₁=2084.561, γ=90658.887, num_knots=1694
2025-09-07 00:27:15,989 - Iter 13920: obj=-1375.829422, change=1.80e-06, α=1.000, ‖θ[1:]‖₁=2084.561, γ=90658.887, num_knots=1694
2025-09-07 00:27:16,256 - Iter 13930: obj=-1375.829497, change=1.80e-06, α=1.000, ‖θ[1:]‖₁=2084.561, γ=90658.887, num_knots=1694
2025-09-07 00:27:16,510 - Iter 13940: obj=-1375.829573, change=1.80e-06, α=1.000, ‖θ[1:]‖₁=2084.560, γ=90658.887, num_knots=1694
2025-09-07 00:27:16,834 - Iter 13950: obj=-1375.829649, change=1.80e-06, α=1.000, ‖θ[1:]‖₁=2084.560, γ=90658.887, num_knots=1694
2025-09-07 00:27:17,132 - Iter 13960: obj=-1375.829725, change=1.80e-06, α=1.000, ‖θ[1:]‖₁=2084.560, γ=90658.887, num_knots=1694
2025-09-07 00:27:17,406 - Iter 13970: obj=-1375.829801, change=1.80e-06, α=1.000, ‖θ[1:]‖₁=2084.560, γ=90658.887, num_knots=1694
2025-09-07 00:27:17,689 - Iter 13980: obj=-1375.829877, change=1.80e-06, α=1.000, ‖θ[1:]‖₁=2084.560, γ=90658.887, num_knots=1694
2025-09-07 00:27:17,960 - Iter 13990: obj=-1375.829952, change=1.80e-06, α=1.000, ‖θ[1:]‖₁=2084.559, γ=90658.887, num_knots=1694
2025-09-07 00:27:18,305 - Iter 14000: obj=-1375.830028, change=1.80e-06, α=1.000, ‖θ[1:]‖₁=2084.559, γ=90658.887, num_knots=1694
2025-09-07 00:27:18,651 - Iter 14010: obj=-1375.830104, change=1.80e-06, α=1.000, ‖θ[1:]‖₁=2084.559, γ=90658.887, num_knots=1694
2025-09-07 00:27:18,922 - Iter 14020: obj=-1375.830180, change=1.80e-06, α=1.000, ‖θ[1:]‖₁=2084.559, γ=90658.887, num_knots=1694
2025-09-07 00:27:19,209 - Iter 14030: obj=-1375.830256, change=1.80e-06, α=1.000, ‖θ[1:]‖₁=2084.558, γ=90658.887, num_knots=1694
2025-09-07 00:27:19,564 - Iter 14040: obj=-1375.830332, change=1.80e-06, α=1.000, ‖θ[1:]‖₁=2084.558, γ=90658.887, num_knots=1694
2025-09-07 00:27:19,835 - Iter 14050: obj=-1375.830407, change=1.80e-06, α=1.000, ‖θ[1:]‖₁=2084.558, γ=90658.887, num_knots=1694
2025-09-07 00:27:20,180 - Iter 14060: obj=-1375.830483, change=1.80e-06, α=1.000, ‖θ[1:]‖₁=2084.558, γ=90658.887, num_knots=1694
2025-09-07 00:27:20,514 - Iter 14070: obj=-1375.830559, change=1.80e-06, α=1.000, ‖θ[1:]‖₁=2084.558, γ=90658.887, num_knots=1694
2025-09-07 00:27:20,925 - Iter 14080: obj=-1375.830635, change=1.80e-06, α=1.000, ‖θ[1:]‖₁=2084.557, γ=90658.887, num_knots=1694
2025-09-07 00:27:21,373 - Iter 14090: obj=-1375.830711, change=1.80e-06, α=1.000, ‖θ[1:]‖₁=2084.557, γ=90658.887, num_knots=1694
2025-09-07 00:27:21,790 - Iter 14100: obj=-1375.830787, change=1.80e-06, α=1.000, ‖θ[1:]‖₁=2084.557, γ=90658.887, num_knots=1694
2025-09-07 00:27:22,160 - Iter 14110: obj=-1375.830862, change=1.80e-06, α=1.000, ‖θ[1:]‖₁=2084.557, γ=90658.887, num_knots=1694
2025-09-07 00:27:22,599 - Iter 14120: obj=-1375.830938, change=1.80e-06, α=1.000, ‖θ[1:]‖₁=2084.557, γ=90658.887, num_knots=1694
2025-09-07 00:27:23,179 - Iter 14130: obj=-1375.831014, change=1.80e-06, α=1.000, ‖θ[1:]‖₁=2084.556, γ=90658.887, num_knots=1694
2025-09-07 00:27:23,504 - Iter 14140: obj=-1375.831090, change=1.80e-06, α=1.000, ‖θ[1:]‖₁=2084.556, γ=90658.887, num_knots=1694
2025-09-07 00:27:23,851 - Iter 14150: obj=-1375.831166, change=1.80e-06, α=1.000, ‖θ[1:]‖₁=2084.556, γ=90658.887, num_knots=1694
2025-09-07 00:27:24,191 - Iter 14160: obj=-1375.831242, change=1.80e-06, α=1.000, ‖θ[1:]‖₁=2084.556, γ=90658.887, num_knots=1694
2025-09-07 00:27:24,652 - Iter 14170: obj=-1375.831317, change=1.80e-06, α=1.000, ‖θ[1:]‖₁=2084.555, γ=90658.887, num_knots=1694
2025-09-07 00:27:24,928 - Iter 14180: obj=-1375.831393, change=1.80e-06, α=1.000, ‖θ[1:]‖₁=2084.555, γ=90658.887, num_knots=1694
2025-09-07 00:27:25,198 - Iter 14190: obj=-1375.831469, change=1.80e-06, α=1.000, ‖θ[1:]‖₁=2084.555, γ=90658.887, num_knots=1694
2025-09-07 00:27:25,499 - Iter 14200: obj=-1375.831545, change=1.80e-06, α=1.000, ‖θ[1:]‖₁=2084.555, γ=90658.887, num_knots=1694
2025-09-07 00:27:25,838 - Iter 14210: obj=-1375.831621, change=1.80e-06, α=1.000, ‖θ[1:]‖₁=2084.555, γ=90658.887, num_knots=1694
2025-09-07 00:27:26,138 - Iter 14220: obj=-1375.831697, change=1.80e-06, α=1.000, ‖θ[1:]‖₁=2084.554, γ=90658.887, num_knots=1694
2025-09-07 00:27:26,448 - Iter 14230: obj=-1375.831772, change=1.80e-06, α=1.000, ‖θ[1:]‖₁=2084.554, γ=90658.887, num_knots=1694
2025-09-07 00:27:26,798 - Iter 14240: obj=-1375.831848, change=1.80e-06, α=1.000, ‖θ[1:]‖₁=2084.554, γ=90658.887, num_knots=1694
2025-09-07 00:27:27,422 - Iter 14250: obj=-1375.831924, change=1.80e-06, α=1.000, ‖θ[1:]‖₁=2084.554, γ=90658.887, num_knots=1694
2025-09-07 00:27:27,830 - Iter 14260: obj=-1375.832000, change=1.80e-06, α=1.000, ‖θ[1:]‖₁=2084.553, γ=90658.887, num_knots=1694
2025-09-07 00:27:28,215 - Iter 14270: obj=-1375.832076, change=1.80e-06, α=1.000, ‖θ[1:]‖₁=2084.553, γ=90658.887, num_knots=1694
2025-09-07 00:27:28,571 - Iter 14280: obj=-1375.832152, change=1.80e-06, α=1.000, ‖θ[1:]‖₁=2084.553, γ=90658.887, num_knots=1694
2025-09-07 00:27:28,903 - Iter 14290: obj=-1375.832227, change=1.80e-06, α=1.000, ‖θ[1:]‖₁=2084.553, γ=90658.887, num_knots=1694
2025-09-07 00:27:29,245 - Iter 14300: obj=-1375.832303, change=1.80e-06, α=1.000, ‖θ[1:]‖₁=2084.553, γ=90658.887, num_knots=1694
2025-09-07 00:27:29,601 - Iter 14310: obj=-1375.832379, change=1.80e-06, α=1.000, ‖θ[1:]‖₁=2084.552, γ=90658.887, num_knots=1694
2025-09-07 00:27:29,949 - Iter 14320: obj=-1375.832455, change=1.80e-06, α=1.000, ‖θ[1:]‖₁=2084.552, γ=90658.887, num_knots=1694
2025-09-07 00:27:30,357 - Iter 14330: obj=-1375.832531, change=1.80e-06, α=1.000, ‖θ[1:]‖₁=2084.552, γ=90658.887, num_knots=1694
2025-09-07 00:27:30,846 - Iter 14340: obj=-1375.832607, change=1.80e-06, α=1.000, ‖θ[1:]‖₁=2084.552, γ=90658.887, num_knots=1694
2025-09-07 00:27:31,438 - Iter 14350: obj=-1375.832682, change=1.80e-06, α=1.000, ‖θ[1:]‖₁=2084.552, γ=90658.887, num_knots=1694
2025-09-07 00:27:31,773 - Iter 14360: obj=-1375.832758, change=1.80e-06, α=1.000, ‖θ[1:]‖₁=2084.551, γ=90658.887, num_knots=1694
2025-09-07 00:27:32,091 - Iter 14370: obj=-1375.832834, change=1.80e-06, α=1.000, ‖θ[1:]‖₁=2084.551, γ=90658.887, num_knots=1694
2025-09-07 00:27:32,402 - Iter 14380: obj=-1375.832910, change=1.80e-06, α=1.000, ‖θ[1:]‖₁=2084.551, γ=90658.887, num_knots=1694
2025-09-07 00:27:32,727 - Iter 14390: obj=-1375.832986, change=1.80e-06, α=1.000, ‖θ[1:]‖₁=2084.551, γ=90658.887, num_knots=1694
2025-09-07 00:27:33,149 - Iter 14400: obj=-1375.833062, change=1.80e-06, α=1.000, ‖θ[1:]‖₁=2084.550, γ=90658.887, num_knots=1694
2025-09-07 00:27:33,447 - Iter 14410: obj=-1375.833137, change=1.80e-06, α=1.000, ‖θ[1:]‖₁=2084.550, γ=90658.887, num_knots=1694
2025-09-07 00:27:33,847 - Iter 14420: obj=-1375.833213, change=1.80e-06, α=1.000, ‖θ[1:]‖₁=2084.550, γ=90658.887, num_knots=1694
2025-09-07 00:27:34,234 - Iter 14430: obj=-1375.833289, change=1.80e-06, α=1.000, ‖θ[1:]‖₁=2084.550, γ=90658.887, num_knots=1694
2025-09-07 00:27:34,635 - Iter 14440: obj=-1375.833365, change=1.80e-06, α=1.000, ‖θ[1:]‖₁=2084.550, γ=90658.887, num_knots=1694
2025-09-07 00:27:35,070 - Iter 14450: obj=-1375.833441, change=1.80e-06, α=1.000, ‖θ[1:]‖₁=2084.549, γ=90658.887, num_knots=1694
2025-09-07 00:27:35,501 - Iter 14460: obj=-1375.833517, change=1.80e-06, α=1.000, ‖θ[1:]‖₁=2084.549, γ=90658.887, num_knots=1694
2025-09-07 00:27:35,834 - Iter 14470: obj=-1375.833592, change=1.80e-06, α=1.000, ‖θ[1:]‖₁=2084.549, γ=90658.887, num_knots=1694
2025-09-07 00:27:36,206 - Iter 14480: obj=-1375.833668, change=1.80e-06, α=1.000, ‖θ[1:]‖₁=2084.549, γ=90658.887, num_knots=1694
2025-09-07 00:27:36,549 - Iter 14490: obj=-1375.833744, change=1.80e-06, α=1.000, ‖θ[1:]‖₁=2084.549, γ=90658.887, num_knots=1694
2025-09-07 00:27:36,976 - Iter 14500: obj=-1375.833820, change=1.80e-06, α=1.000, ‖θ[1:]‖₁=2084.548, γ=90658.887, num_knots=1694
2025-09-07 00:27:37,339 - Iter 14510: obj=-1375.833896, change=1.80e-06, α=1.000, ‖θ[1:]‖₁=2084.548, γ=90658.887, num_knots=1694
2025-09-07 00:27:37,627 - Iter 14520: obj=-1375.833972, change=1.80e-06, α=1.000, ‖θ[1:]‖₁=2084.548, γ=90658.887, num_knots=1694
2025-09-07 00:27:37,957 - Iter 14530: obj=-1375.834047, change=1.80e-06, α=1.000, ‖θ[1:]‖₁=2084.548, γ=90658.887, num_knots=1694
2025-09-07 00:27:38,338 - Iter 14540: obj=-1375.834123, change=1.80e-06, α=1.000, ‖θ[1:]‖₁=2084.547, γ=90658.887, num_knots=1694
2025-09-07 00:27:38,703 - Iter 14550: obj=-1375.834199, change=1.80e-06, α=1.000, ‖θ[1:]‖₁=2084.547, γ=90658.887, num_knots=1694
2025-09-07 00:27:39,015 - Iter 14560: obj=-1375.834275, change=1.80e-06, α=1.000, ‖θ[1:]‖₁=2084.547, γ=90658.887, num_knots=1694
2025-09-07 00:27:39,321 - Iter 14570: obj=-1375.834351, change=1.80e-06, α=1.000, ‖θ[1:]‖₁=2084.547, γ=90658.887, num_knots=1694
2025-09-07 00:27:39,587 - Iter 14580: obj=-1375.834426, change=1.80e-06, α=1.000, ‖θ[1:]‖₁=2084.547, γ=90658.887, num_knots=1694
2025-09-07 00:27:39,950 - Iter 14590: obj=-1375.834502, change=1.80e-06, α=1.000, ‖θ[1:]‖₁=2084.546, γ=90658.887, num_knots=1694
2025-09-07 00:27:40,238 - Iter 14600: obj=-1375.834578, change=1.80e-06, α=1.000, ‖θ[1:]‖₁=2084.546, γ=90658.887, num_knots=1694
2025-09-07 00:27:40,560 - Iter 14610: obj=-1375.834654, change=1.80e-06, α=1.000, ‖θ[1:]‖₁=2084.546, γ=90658.887, num_knots=1694
2025-09-07 00:27:40,860 - Iter 14620: obj=-1375.834730, change=1.80e-06, α=1.000, ‖θ[1:]‖₁=2084.546, γ=90658.887, num_knots=1694
2025-09-07 00:27:41,305 - Iter 14630: obj=-1375.834806, change=1.80e-06, α=1.000, ‖θ[1:]‖₁=2084.546, γ=90658.887, num_knots=1694
2025-09-07 00:27:41,728 - Iter 14640: obj=-1375.834881, change=1.80e-06, α=1.000, ‖θ[1:]‖₁=2084.545, γ=90658.887, num_knots=1694
2025-09-07 00:27:42,109 - Iter 14650: obj=-1375.834957, change=1.80e-06, α=1.000, ‖θ[1:]‖₁=2084.545, γ=90658.887, num_knots=1694
2025-09-07 00:27:42,496 - Iter 14660: obj=-1375.835033, change=1.80e-06, α=1.000, ‖θ[1:]‖₁=2084.545, γ=90658.887, num_knots=1694
2025-09-07 00:27:42,884 - Iter 14670: obj=-1375.835109, change=1.80e-06, α=1.000, ‖θ[1:]‖₁=2084.545, γ=90658.887, num_knots=1694
2025-09-07 00:27:43,193 - Iter 14680: obj=-1375.835185, change=1.80e-06, α=1.000, ‖θ[1:]‖₁=2084.544, γ=90658.887, num_knots=1694
2025-09-07 00:27:43,476 - Iter 14690: obj=-1375.835261, change=1.80e-06, α=1.000, ‖θ[1:]‖₁=2084.544, γ=90658.887, num_knots=1694
2025-09-07 00:27:43,772 - Iter 14700: obj=-1375.835336, change=1.80e-06, α=1.000, ‖θ[1:]‖₁=2084.544, γ=90658.887, num_knots=1694
2025-09-07 00:27:44,076 - Iter 14710: obj=-1375.835412, change=1.80e-06, α=1.000, ‖θ[1:]‖₁=2084.544, γ=90658.887, num_knots=1694
2025-09-07 00:27:44,449 - Iter 14720: obj=-1375.835488, change=1.80e-06, α=1.000, ‖θ[1:]‖₁=2084.544, γ=90658.887, num_knots=1694
2025-09-07 00:27:44,748 - Iter 14730: obj=-1375.835564, change=1.80e-06, α=1.000, ‖θ[1:]‖₁=2084.543, γ=90658.887, num_knots=1694
2025-09-07 00:27:45,045 - Iter 14740: obj=-1375.835640, change=1.80e-06, α=1.000, ‖θ[1:]‖₁=2084.543, γ=90658.887, num_knots=1694
2025-09-07 00:27:45,352 - Iter 14750: obj=-1375.835716, change=1.80e-06, α=1.000, ‖θ[1:]‖₁=2084.543, γ=90658.887, num_knots=1694
2025-09-07 00:27:45,652 - Iter 14760: obj=-1375.835791, change=1.80e-06, α=1.000, ‖θ[1:]‖₁=2084.543, γ=90658.887, num_knots=1694
2025-09-07 00:27:46,007 - Iter 14770: obj=-1375.835867, change=1.80e-06, α=1.000, ‖θ[1:]‖₁=2084.542, γ=90658.887, num_knots=1694
2025-09-07 00:27:46,303 - Iter 14780: obj=-1375.835943, change=1.80e-06, α=1.000, ‖θ[1:]‖₁=2084.542, γ=90658.887, num_knots=1694
2025-09-07 00:27:46,625 - Iter 14790: obj=-1375.836019, change=1.80e-06, α=1.000, ‖θ[1:]‖₁=2084.542, γ=90658.887, num_knots=1694
2025-09-07 00:27:46,914 - Iter 14800: obj=-1375.836095, change=1.80e-06, α=1.000, ‖θ[1:]‖₁=2084.542, γ=90658.887, num_knots=1694
2025-09-07 00:27:47,229 - Iter 14810: obj=-1375.836170, change=1.80e-06, α=1.000, ‖θ[1:]‖₁=2084.542, γ=90658.887, num_knots=1694
2025-09-07 00:27:47,541 - Iter 14820: obj=-1375.836246, change=1.80e-06, α=1.000, ‖θ[1:]‖₁=2084.541, γ=90658.887, num_knots=1694
2025-09-07 00:27:47,957 - Iter 14830: obj=-1375.836322, change=1.80e-06, α=1.000, ‖θ[1:]‖₁=2084.541, γ=90658.887, num_knots=1694
2025-09-07 00:27:48,278 - Iter 14840: obj=-1375.836398, change=1.80e-06, α=1.000, ‖θ[1:]‖₁=2084.541, γ=90658.887, num_knots=1694
2025-09-07 00:27:48,598 - Iter 14850: obj=-1375.836474, change=1.80e-06, α=1.000, ‖θ[1:]‖₁=2084.541, γ=90658.887, num_knots=1694
2025-09-07 00:27:48,895 - Iter 14860: obj=-1375.836550, change=1.80e-06, α=1.000, ‖θ[1:]‖₁=2084.541, γ=90658.887, num_knots=1694
2025-09-07 00:27:49,163 - Iter 14870: obj=-1375.836625, change=1.80e-06, α=1.000, ‖θ[1:]‖₁=2084.540, γ=90658.887, num_knots=1694
2025-09-07 00:27:49,443 - Iter 14880: obj=-1375.836701, change=1.80e-06, α=1.000, ‖θ[1:]‖₁=2084.540, γ=90658.887, num_knots=1694
2025-09-07 00:27:49,709 - Iter 14890: obj=-1375.836777, change=1.80e-06, α=1.000, ‖θ[1:]‖₁=2084.540, γ=90658.887, num_knots=1694
2025-09-07 00:27:50,057 - Iter 14900: obj=-1375.836853, change=1.80e-06, α=1.000, ‖θ[1:]‖₁=2084.540, γ=90658.887, num_knots=1694
2025-09-07 00:27:50,469 - Iter 14910: obj=-1375.836929, change=1.80e-06, α=1.000, ‖θ[1:]‖₁=2084.539, γ=90658.887, num_knots=1694
2025-09-07 00:27:50,860 - Iter 14920: obj=-1375.837005, change=1.80e-06, α=1.000, ‖θ[1:]‖₁=2084.539, γ=90658.887, num_knots=1694
2025-09-07 00:27:51,184 - Iter 14930: obj=-1375.837080, change=1.80e-06, α=1.000, ‖θ[1:]‖₁=2084.539, γ=90658.887, num_knots=1694
2025-09-07 00:27:51,491 - Iter 14940: obj=-1375.837156, change=1.80e-06, α=1.000, ‖θ[1:]‖₁=2084.539, γ=90658.887, num_knots=1694
2025-09-07 00:27:51,766 - Iter 14950: obj=-1375.837232, change=1.80e-06, α=1.000, ‖θ[1:]‖₁=2084.539, γ=90658.887, num_knots=1694
2025-09-07 00:27:52,061 - Iter 14960: obj=-1375.837308, change=1.80e-06, α=1.000, ‖θ[1:]‖₁=2084.538, γ=90658.887, num_knots=1694
2025-09-07 00:27:52,492 - Iter 14970: obj=-1375.837384, change=1.80e-06, α=1.000, ‖θ[1:]‖₁=2084.538, γ=90658.887, num_knots=1694
2025-09-07 00:27:52,918 - Iter 14980: obj=-1375.837459, change=1.80e-06, α=1.000, ‖θ[1:]‖₁=2084.538, γ=90658.887, num_knots=1694
2025-09-07 00:27:53,527 - Iter 14990: obj=-1375.837535, change=1.80e-06, α=1.000, ‖θ[1:]‖₁=2084.538, γ=90658.887, num_knots=1694
2025-09-07 00:27:53,915 - Iter 15000: obj=-1375.837611, change=1.80e-06, α=1.000, ‖θ[1:]‖₁=2084.538, γ=90658.887, num_knots=1694
2025-09-07 00:27:54,362 - Iter 15010: obj=-1375.837687, change=1.80e-06, α=1.000, ‖θ[1:]‖₁=2084.537, γ=90658.887, num_knots=1694
2025-09-07 00:27:54,760 - Iter 15020: obj=-1375.837763, change=1.80e-06, α=1.000, ‖θ[1:]‖₁=2084.537, γ=90658.887, num_knots=1694
2025-09-07 00:27:55,152 - Iter 15030: obj=-1375.837839, change=1.80e-06, α=1.000, ‖θ[1:]‖₁=2084.537, γ=90658.887, num_knots=1694
2025-09-07 00:27:55,586 - Iter 15040: obj=-1375.837914, change=1.80e-06, α=1.000, ‖θ[1:]‖₁=2084.537, γ=90658.887, num_knots=1694
2025-09-07 00:27:56,019 - Iter 15050: obj=-1375.837990, change=1.80e-06, α=1.000, ‖θ[1:]‖₁=2084.536, γ=90658.887, num_knots=1694
2025-09-07 00:27:56,433 - Iter 15060: obj=-1375.838066, change=1.80e-06, α=1.000, ‖θ[1:]‖₁=2084.536, γ=90658.887, num_knots=1694
2025-09-07 00:27:56,917 - Iter 15070: obj=-1375.838142, change=1.80e-06, α=1.000, ‖θ[1:]‖₁=2084.536, γ=90658.887, num_knots=1694
2025-09-07 00:27:57,352 - Iter 15080: obj=-1375.838218, change=1.80e-06, α=1.000, ‖θ[1:]‖₁=2084.536, γ=90658.887, num_knots=1694
2025-09-07 00:27:57,745 - Iter 15090: obj=-1375.838293, change=1.80e-06, α=1.000, ‖θ[1:]‖₁=2084.536, γ=90658.887, num_knots=1694
2025-09-07 00:27:58,125 - Iter 15100: obj=-1375.838369, change=1.80e-06, α=1.000, ‖θ[1:]‖₁=2084.535, γ=90658.887, num_knots=1694
2025-09-07 00:27:58,422 - Iter 15110: obj=-1375.838445, change=1.80e-06, α=1.000, ‖θ[1:]‖₁=2084.535, γ=90658.887, num_knots=1694
2025-09-07 00:27:58,743 - Iter 15120: obj=-1375.838521, change=1.80e-06, α=1.000, ‖θ[1:]‖₁=2084.535, γ=90658.887, num_knots=1694
2025-09-07 00:27:59,035 - Iter 15130: obj=-1375.838597, change=1.80e-06, α=1.000, ‖θ[1:]‖₁=2084.535, γ=90658.887, num_knots=1694
2025-09-07 00:27:59,320 - Iter 15140: obj=-1375.838673, change=1.80e-06, α=1.000, ‖θ[1:]‖₁=2084.534, γ=90658.887, num_knots=1694
2025-09-07 00:27:59,701 - Iter 15150: obj=-1375.838748, change=1.80e-06, α=1.000, ‖θ[1:]‖₁=2084.534, γ=90658.887, num_knots=1694
2025-09-07 00:27:59,960 - Iter 15160: obj=-1375.838824, change=1.80e-06, α=1.000, ‖θ[1:]‖₁=2084.534, γ=90658.887, num_knots=1694
2025-09-07 00:28:00,328 - Iter 15170: obj=-1375.838900, change=1.80e-06, α=1.000, ‖θ[1:]‖₁=2084.534, γ=90658.887, num_knots=1694
2025-09-07 00:28:00,671 - Iter 15180: obj=-1375.838976, change=1.80e-06, α=1.000, ‖θ[1:]‖₁=2084.534, γ=90658.887, num_knots=1694
2025-09-07 00:28:01,094 - Iter 15190: obj=-1375.839052, change=1.80e-06, α=1.000, ‖θ[1:]‖₁=2084.533, γ=90658.887, num_knots=1694
2025-09-07 00:28:01,409 - Iter 15200: obj=-1375.839128, change=1.80e-06, α=1.000, ‖θ[1:]‖₁=2084.533, γ=90658.887, num_knots=1694
2025-09-07 00:28:01,755 - Iter 15210: obj=-1375.839203, change=1.80e-06, α=1.000, ‖θ[1:]‖₁=2084.533, γ=90658.887, num_knots=1694
2025-09-07 00:28:02,236 - Iter 15220: obj=-1375.839279, change=1.80e-06, α=1.000, ‖θ[1:]‖₁=2084.533, γ=90658.887, num_knots=1694
2025-09-07 00:28:02,546 - Iter 15230: obj=-1375.839355, change=1.80e-06, α=1.000, ‖θ[1:]‖₁=2084.533, γ=90658.887, num_knots=1694
2025-09-07 00:28:02,842 - Iter 15240: obj=-1375.839431, change=1.80e-06, α=1.000, ‖θ[1:]‖₁=2084.532, γ=90658.887, num_knots=1694
2025-09-07 00:28:03,186 - Iter 15250: obj=-1375.839507, change=1.80e-06, α=1.000, ‖θ[1:]‖₁=2084.532, γ=90658.887, num_knots=1694
2025-09-07 00:28:03,461 - Iter 15260: obj=-1375.839582, change=1.80e-06, α=1.000, ‖θ[1:]‖₁=2084.532, γ=90658.887, num_knots=1694
2025-09-07 00:28:03,731 - Iter 15270: obj=-1375.839658, change=1.80e-06, α=1.000, ‖θ[1:]‖₁=2084.532, γ=90658.887, num_knots=1694
2025-09-07 00:28:04,025 - Iter 15280: obj=-1375.839734, change=1.80e-06, α=1.000, ‖θ[1:]‖₁=2084.531, γ=90658.887, num_knots=1694
2025-09-07 00:28:04,411 - Iter 15290: obj=-1375.839810, change=1.80e-06, α=1.000, ‖θ[1:]‖₁=2084.531, γ=90658.887, num_knots=1694
2025-09-07 00:28:04,893 - Iter 15300: obj=-1375.839886, change=1.80e-06, α=1.000, ‖θ[1:]‖₁=2084.531, γ=90658.887, num_knots=1694
2025-09-07 00:28:05,256 - Iter 15310: obj=-1375.839962, change=1.80e-06, α=1.000, ‖θ[1:]‖₁=2084.531, γ=90658.887, num_knots=1694
2025-09-07 00:28:05,556 - Iter 15320: obj=-1375.840037, change=1.80e-06, α=1.000, ‖θ[1:]‖₁=2084.531, γ=90658.887, num_knots=1694
2025-09-07 00:28:05,845 - Iter 15330: obj=-1375.840113, change=1.80e-06, α=1.000, ‖θ[1:]‖₁=2084.530, γ=90658.887, num_knots=1694
2025-09-07 00:28:06,131 - Iter 15340: obj=-1375.840189, change=1.80e-06, α=1.000, ‖θ[1:]‖₁=2084.530, γ=90658.887, num_knots=1694
2025-09-07 00:28:06,453 - Iter 15350: obj=-1375.840265, change=1.80e-06, α=1.000, ‖θ[1:]‖₁=2084.530, γ=90658.887, num_knots=1694
2025-09-07 00:28:06,791 - Iter 15360: obj=-1375.840341, change=1.80e-06, α=1.000, ‖θ[1:]‖₁=2084.530, γ=90658.887, num_knots=1694
2025-09-07 00:28:07,209 - Iter 15370: obj=-1375.840416, change=1.80e-06, α=1.000, ‖θ[1:]‖₁=2084.530, γ=90658.887, num_knots=1694
2025-09-07 00:28:07,604 - Iter 15380: obj=-1375.840492, change=1.80e-06, α=1.000, ‖θ[1:]‖₁=2084.529, γ=90658.887, num_knots=1694
2025-09-07 00:28:07,945 - Iter 15390: obj=-1375.840568, change=1.80e-06, α=1.000, ‖θ[1:]‖₁=2084.529, γ=90658.887, num_knots=1694
2025-09-07 00:28:08,355 - Iter 15400: obj=-1375.840644, change=1.80e-06, α=1.000, ‖θ[1:]‖₁=2084.529, γ=90658.887, num_knots=1694
2025-09-07 00:28:08,700 - Iter 15410: obj=-1375.840720, change=1.80e-06, α=1.000, ‖θ[1:]‖₁=2084.529, γ=90658.887, num_knots=1694
2025-09-07 00:28:08,989 - Iter 15420: obj=-1375.840796, change=1.80e-06, α=1.000, ‖θ[1:]‖₁=2084.528, γ=90658.887, num_knots=1694
2025-09-07 00:28:09,305 - Iter 15430: obj=-1375.840871, change=1.80e-06, α=1.000, ‖θ[1:]‖₁=2084.528, γ=90658.887, num_knots=1694
2025-09-07 00:28:09,602 - Iter 15440: obj=-1375.840947, change=1.80e-06, α=1.000, ‖θ[1:]‖₁=2084.528, γ=90658.887, num_knots=1694
2025-09-07 00:28:09,890 - Iter 15450: obj=-1375.841023, change=1.80e-06, α=1.000, ‖θ[1:]‖₁=2084.528, γ=90658.887, num_knots=1694
2025-09-07 00:28:10,201 - Iter 15460: obj=-1375.841099, change=1.80e-06, α=1.000, ‖θ[1:]‖₁=2084.528, γ=90658.887, num_knots=1694
2025-09-07 00:28:10,502 - Iter 15470: obj=-1375.841175, change=1.80e-06, α=1.000, ‖θ[1:]‖₁=2084.527, γ=90658.887, num_knots=1694
2025-09-07 00:28:10,781 - Iter 15480: obj=-1375.841250, change=1.80e-06, α=1.000, ‖θ[1:]‖₁=2084.527, γ=90658.887, num_knots=1694
2025-09-07 00:28:11,066 - Iter 15490: obj=-1375.841326, change=1.80e-06, α=1.000, ‖θ[1:]‖₁=2084.527, γ=90658.887, num_knots=1694
2025-09-07 00:28:11,330 - Iter 15500: obj=-1375.841402, change=1.80e-06, α=1.000, ‖θ[1:]‖₁=2084.527, γ=90658.887, num_knots=1694
2025-09-07 00:28:11,622 - Iter 15510: obj=-1375.841478, change=1.80e-06, α=1.000, ‖θ[1:]‖₁=2084.527, γ=90658.887, num_knots=1694
2025-09-07 00:28:11,928 - Iter 15520: obj=-1375.841554, change=1.80e-06, α=1.000, ‖θ[1:]‖₁=2084.526, γ=90658.887, num_knots=1694
2025-09-07 00:28:12,209 - Iter 15530: obj=-1375.841629, change=1.80e-06, α=1.000, ‖θ[1:]‖₁=2084.526, γ=90658.887, num_knots=1694
2025-09-07 00:28:12,558 - Iter 15540: obj=-1375.841705, change=1.80e-06, α=1.000, ‖θ[1:]‖₁=2084.526, γ=90658.887, num_knots=1694
2025-09-07 00:28:12,824 - Iter 15550: obj=-1375.841781, change=1.80e-06, α=1.000, ‖θ[1:]‖₁=2084.526, γ=90658.887, num_knots=1694
2025-09-07 00:28:13,111 - Iter 15560: obj=-1375.841857, change=1.80e-06, α=1.000, ‖θ[1:]‖₁=2084.525, γ=90658.887, num_knots=1694
2025-09-07 00:28:13,419 - Iter 15570: obj=-1375.841933, change=1.80e-06, α=1.000, ‖θ[1:]‖₁=2084.525, γ=90658.887, num_knots=1694
2025-09-07 00:28:13,752 - Iter 15580: obj=-1375.842009, change=1.80e-06, α=1.000, ‖θ[1:]‖₁=2084.525, γ=90658.887, num_knots=1694
2025-09-07 00:28:14,073 - Iter 15590: obj=-1375.842084, change=1.80e-06, α=1.000, ‖θ[1:]‖₁=2084.525, γ=90658.887, num_knots=1694
2025-09-07 00:28:14,379 - Iter 15600: obj=-1375.842160, change=1.80e-06, α=1.000, ‖θ[1:]‖₁=2084.525, γ=90658.887, num_knots=1694
2025-09-07 00:28:14,673 - Iter 15610: obj=-1375.842236, change=1.80e-06, α=1.000, ‖θ[1:]‖₁=2084.524, γ=90658.887, num_knots=1694
2025-09-07 00:28:14,961 - Iter 15620: obj=-1375.842312, change=1.80e-06, α=1.000, ‖θ[1:]‖₁=2084.524, γ=90658.887, num_knots=1694
2025-09-07 00:28:15,283 - Iter 15630: obj=-1375.842388, change=1.80e-06, α=1.000, ‖θ[1:]‖₁=2084.524, γ=90658.887, num_knots=1694
2025-09-07 00:28:15,563 - Iter 15640: obj=-1375.842463, change=1.80e-06, α=1.000, ‖θ[1:]‖₁=2084.524, γ=90658.887, num_knots=1694
2025-09-07 00:28:15,902 - Iter 15650: obj=-1375.842539, change=1.80e-06, α=1.000, ‖θ[1:]‖₁=2084.523, γ=90658.887, num_knots=1694
2025-09-07 00:28:16,244 - Iter 15660: obj=-1375.842615, change=1.80e-06, α=1.000, ‖θ[1:]‖₁=2084.523, γ=90658.887, num_knots=1694
2025-09-07 00:28:16,538 - Iter 15670: obj=-1375.842691, change=1.80e-06, α=1.000, ‖θ[1:]‖₁=2084.523, γ=90658.887, num_knots=1694
2025-09-07 00:28:16,843 - Iter 15680: obj=-1375.842767, change=1.80e-06, α=1.000, ‖θ[1:]‖₁=2084.523, γ=90658.887, num_knots=1694
2025-09-07 00:28:17,131 - Iter 15690: obj=-1375.842842, change=1.80e-06, α=1.000, ‖θ[1:]‖₁=2084.523, γ=90658.887, num_knots=1694
2025-09-07 00:28:17,383 - Iter 15700: obj=-1375.842918, change=1.80e-06, α=1.000, ‖θ[1:]‖₁=2084.522, γ=90658.887, num_knots=1694
2025-09-07 00:28:17,646 - Iter 15710: obj=-1375.842994, change=1.80e-06, α=1.000, ‖θ[1:]‖₁=2084.522, γ=90658.887, num_knots=1694
2025-09-07 00:28:17,924 - Iter 15720: obj=-1375.843070, change=1.80e-06, α=1.000, ‖θ[1:]‖₁=2084.522, γ=90658.887, num_knots=1694
2025-09-07 00:28:18,194 - Iter 15730: obj=-1375.843146, change=1.80e-06, α=1.000, ‖θ[1:]‖₁=2084.522, γ=90658.887, num_knots=1694
2025-09-07 00:28:18,500 - Iter 15740: obj=-1375.843222, change=1.80e-06, α=1.000, ‖θ[1:]‖₁=2084.522, γ=90658.887, num_knots=1694
2025-09-07 00:28:18,811 - Iter 15750: obj=-1375.843297, change=1.80e-06, α=1.000, ‖θ[1:]‖₁=2084.521, γ=90658.887, num_knots=1694
2025-09-07 00:28:19,264 - Iter 15760: obj=-1375.843373, change=1.80e-06, α=1.000, ‖θ[1:]‖₁=2084.521, γ=90658.887, num_knots=1694
2025-09-07 00:28:19,566 - Iter 15770: obj=-1375.843449, change=1.80e-06, α=1.000, ‖θ[1:]‖₁=2084.521, γ=90658.887, num_knots=1694
2025-09-07 00:28:19,866 - Iter 15780: obj=-1375.843525, change=1.80e-06, α=1.000, ‖θ[1:]‖₁=2084.521, γ=90658.887, num_knots=1694
2025-09-07 00:28:20,134 - Iter 15790: obj=-1375.843601, change=1.80e-06, α=1.000, ‖θ[1:]‖₁=2084.520, γ=90658.887, num_knots=1694
2025-09-07 00:28:20,451 - Iter 15800: obj=-1375.843676, change=1.80e-06, α=1.000, ‖θ[1:]‖₁=2084.520, γ=90658.887, num_knots=1694
2025-09-07 00:28:20,734 - Iter 15810: obj=-1375.843752, change=1.80e-06, α=1.000, ‖θ[1:]‖₁=2084.520, γ=90658.887, num_knots=1694
2025-09-07 00:28:21,036 - Iter 15820: obj=-1375.843828, change=1.80e-06, α=1.000, ‖θ[1:]‖₁=2084.520, γ=90658.887, num_knots=1694
2025-09-07 00:28:21,295 - Iter 15830: obj=-1375.843904, change=1.80e-06, α=1.000, ‖θ[1:]‖₁=2084.520, γ=90658.887, num_knots=1694
2025-09-07 00:28:21,582 - Iter 15840: obj=-1375.843980, change=1.80e-06, α=1.000, ‖θ[1:]‖₁=2084.519, γ=90658.887, num_knots=1694
2025-09-07 00:28:21,892 - Iter 15850: obj=-1375.844055, change=1.80e-06, α=1.000, ‖θ[1:]‖₁=2084.519, γ=90658.887, num_knots=1694
2025-09-07 00:28:22,187 - Iter 15860: obj=-1375.844131, change=1.80e-06, α=1.000, ‖θ[1:]‖₁=2084.519, γ=90658.887, num_knots=1694
2025-09-07 00:28:22,449 - Iter 15870: obj=-1375.844207, change=1.80e-06, α=1.000, ‖θ[1:]‖₁=2084.519, γ=90658.887, num_knots=1694
2025-09-07 00:28:22,715 - Iter 15880: obj=-1375.844283, change=1.80e-06, α=1.000, ‖θ[1:]‖₁=2084.519, γ=90658.887, num_knots=1694
2025-09-07 00:28:22,983 - Iter 15890: obj=-1375.844359, change=1.80e-06, α=1.000, ‖θ[1:]‖₁=2084.518, γ=90658.887, num_knots=1694
2025-09-07 00:28:23,268 - Iter 15900: obj=-1375.844435, change=1.80e-06, α=1.000, ‖θ[1:]‖₁=2084.518, γ=90658.887, num_knots=1694
2025-09-07 00:28:23,514 - Iter 15910: obj=-1375.844510, change=1.80e-06, α=1.000, ‖θ[1:]‖₁=2084.518, γ=90658.887, num_knots=1694
2025-09-07 00:28:23,781 - Iter 15920: obj=-1375.844586, change=1.80e-06, α=1.000, ‖θ[1:]‖₁=2084.518, γ=90658.887, num_knots=1694
2025-09-07 00:28:24,041 - Iter 15930: obj=-1375.844662, change=1.80e-06, α=1.000, ‖θ[1:]‖₁=2084.517, γ=90658.887, num_knots=1694
2025-09-07 00:28:24,341 - Iter 15940: obj=-1375.844738, change=1.80e-06, α=1.000, ‖θ[1:]‖₁=2084.517, γ=90658.887, num_knots=1694
2025-09-07 00:28:24,609 - Iter 15950: obj=-1375.844814, change=1.80e-06, α=1.000, ‖θ[1:]‖₁=2084.517, γ=90658.887, num_knots=1694
2025-09-07 00:28:24,878 - Iter 15960: obj=-1375.844889, change=1.80e-06, α=1.000, ‖θ[1:]‖₁=2084.517, γ=90658.887, num_knots=1694
2025-09-07 00:28:25,129 - Iter 15970: obj=-1375.844965, change=1.80e-06, α=1.000, ‖θ[1:]‖₁=2084.517, γ=90658.887, num_knots=1694
2025-09-07 00:28:25,420 - Iter 15980: obj=-1375.845041, change=1.80e-06, α=1.000, ‖θ[1:]‖₁=2084.516, γ=90658.887, num_knots=1694
2025-09-07 00:28:25,704 - Iter 15990: obj=-1375.845117, change=1.80e-06, α=1.000, ‖θ[1:]‖₁=2084.516, γ=90658.887, num_knots=1694
2025-09-07 00:28:26,031 - Iter 16000: obj=-1375.845193, change=1.80e-06, α=1.000, ‖θ[1:]‖₁=2084.516, γ=90658.887, num_knots=1694
2025-09-07 00:28:26,324 - Iter 16010: obj=-1375.845268, change=1.80e-06, α=1.000, ‖θ[1:]‖₁=2084.516, γ=90658.887, num_knots=1694
2025-09-07 00:28:26,656 - Iter 16020: obj=-1375.845344, change=1.80e-06, α=1.000, ‖θ[1:]‖₁=2084.515, γ=90658.887, num_knots=1694
2025-09-07 00:28:26,960 - Iter 16030: obj=-1375.845420, change=1.80e-06, α=1.000, ‖θ[1:]‖₁=2084.515, γ=90658.887, num_knots=1694
2025-09-07 00:28:27,279 - Iter 16040: obj=-1375.845496, change=1.80e-06, α=1.000, ‖θ[1:]‖₁=2084.515, γ=90658.887, num_knots=1694
2025-09-07 00:28:27,570 - Iter 16050: obj=-1375.845572, change=1.80e-06, α=1.000, ‖θ[1:]‖₁=2084.515, γ=90658.887, num_knots=1694
2025-09-07 00:28:27,863 - Iter 16060: obj=-1375.845647, change=1.80e-06, α=1.000, ‖θ[1:]‖₁=2084.515, γ=90658.887, num_knots=1694
2025-09-07 00:28:28,203 - Iter 16070: obj=-1375.845723, change=1.80e-06, α=1.000, ‖θ[1:]‖₁=2084.514, γ=90658.887, num_knots=1694
2025-09-07 00:28:28,537 - Iter 16080: obj=-1375.845799, change=1.80e-06, α=1.000, ‖θ[1:]‖₁=2084.514, γ=90658.887, num_knots=1694
2025-09-07 00:28:28,845 - Iter 16090: obj=-1375.845875, change=1.80e-06, α=1.000, ‖θ[1:]‖₁=2084.514, γ=90658.887, num_knots=1694
2025-09-07 00:28:29,134 - Iter 16100: obj=-1375.845951, change=1.80e-06, α=1.000, ‖θ[1:]‖₁=2084.514, γ=90658.887, num_knots=1694
2025-09-07 00:28:29,456 - Iter 16110: obj=-1375.846027, change=1.80e-06, α=1.000, ‖θ[1:]‖₁=2084.514, γ=90658.887, num_knots=1694
2025-09-07 00:28:29,776 - Iter 16120: obj=-1375.846102, change=1.80e-06, α=1.000, ‖θ[1:]‖₁=2084.513, γ=90658.887, num_knots=1694
2025-09-07 00:28:30,075 - Iter 16130: obj=-1375.846178, change=1.80e-06, α=1.000, ‖θ[1:]‖₁=2084.513, γ=90658.887, num_knots=1694
2025-09-07 00:28:30,390 - Iter 16140: obj=-1375.846254, change=1.80e-06, α=1.000, ‖θ[1:]‖₁=2084.513, γ=90658.887, num_knots=1694
2025-09-07 00:28:30,658 - Iter 16150: obj=-1375.846330, change=1.80e-06, α=1.000, ‖θ[1:]‖₁=2084.513, γ=90658.887, num_knots=1694
2025-09-07 00:28:30,953 - Iter 16160: obj=-1375.846406, change=1.80e-06, α=1.000, ‖θ[1:]‖₁=2084.512, γ=90658.887, num_knots=1694
2025-09-07 00:28:31,246 - Iter 16170: obj=-1375.846481, change=1.80e-06, α=1.000, ‖θ[1:]‖₁=2084.512, γ=90658.887, num_knots=1694
2025-09-07 00:28:31,558 - Iter 16180: obj=-1375.846557, change=1.80e-06, α=1.000, ‖θ[1:]‖₁=2084.512, γ=90658.887, num_knots=1694
2025-09-07 00:28:31,851 - Iter 16190: obj=-1375.846633, change=1.80e-06, α=1.000, ‖θ[1:]‖₁=2084.512, γ=90658.887, num_knots=1694
2025-09-07 00:28:32,168 - Iter 16200: obj=-1375.846709, change=1.80e-06, α=1.000, ‖θ[1:]‖₁=2084.512, γ=90658.887, num_knots=1694
2025-09-07 00:28:32,472 - Iter 16210: obj=-1375.846785, change=1.80e-06, α=1.000, ‖θ[1:]‖₁=2084.511, γ=90658.887, num_knots=1694
2025-09-07 00:28:32,762 - Iter 16220: obj=-1375.846860, change=1.80e-06, α=1.000, ‖θ[1:]‖₁=2084.511, γ=90658.887, num_knots=1694
2025-09-07 00:28:33,114 - Iter 16230: obj=-1375.846936, change=1.80e-06, α=1.000, ‖θ[1:]‖₁=2084.511, γ=90658.887, num_knots=1694
2025-09-07 00:28:33,397 - Iter 16240: obj=-1375.847012, change=1.80e-06, α=1.000, ‖θ[1:]‖₁=2084.511, γ=90658.887, num_knots=1694
2025-09-07 00:28:33,722 - Iter 16250: obj=-1375.847088, change=1.80e-06, α=1.000, ‖θ[1:]‖₁=2084.510, γ=90658.887, num_knots=1694
2025-09-07 00:28:34,063 - Iter 16260: obj=-1375.847164, change=1.80e-06, α=1.000, ‖θ[1:]‖₁=2084.510, γ=90658.887, num_knots=1694
2025-09-07 00:28:34,416 - Iter 16270: obj=-1375.847239, change=1.80e-06, α=1.000, ‖θ[1:]‖₁=2084.510, γ=90658.887, num_knots=1694
2025-09-07 00:28:34,762 - Iter 16280: obj=-1375.847315, change=1.80e-06, α=1.000, ‖θ[1:]‖₁=2084.510, γ=90658.887, num_knots=1694
2025-09-07 00:28:35,081 - Iter 16290: obj=-1375.847391, change=1.80e-06, α=1.000, ‖θ[1:]‖₁=2084.510, γ=90658.887, num_knots=1694
2025-09-07 00:28:35,410 - Iter 16300: obj=-1375.847467, change=1.80e-06, α=1.000, ‖θ[1:]‖₁=2084.509, γ=90658.887, num_knots=1694
2025-09-07 00:28:35,789 - Iter 16310: obj=-1375.847543, change=1.80e-06, α=1.000, ‖θ[1:]‖₁=2084.509, γ=90658.887, num_knots=1694
2025-09-07 00:28:36,105 - Iter 16320: obj=-1375.847618, change=1.80e-06, α=1.000, ‖θ[1:]‖₁=2084.509, γ=90658.887, num_knots=1694
2025-09-07 00:28:36,445 - Iter 16330: obj=-1375.847694, change=1.80e-06, α=1.000, ‖θ[1:]‖₁=2084.509, γ=90658.887, num_knots=1694
2025-09-07 00:28:36,767 - Iter 16340: obj=-1375.847770, change=1.80e-06, α=1.000, ‖θ[1:]‖₁=2084.509, γ=90658.887, num_knots=1694
2025-09-07 00:28:37,028 - Iter 16350: obj=-1375.847846, change=1.80e-06, α=1.000, ‖θ[1:]‖₁=2084.508, γ=90658.887, num_knots=1694
2025-09-07 00:28:37,329 - Iter 16360: obj=-1375.847922, change=1.80e-06, α=1.000, ‖θ[1:]‖₁=2084.508, γ=90658.887, num_knots=1694
2025-09-07 00:28:37,636 - Iter 16370: obj=-1375.847997, change=1.80e-06, α=1.000, ‖θ[1:]‖₁=2084.508, γ=90658.887, num_knots=1694
2025-09-07 00:28:37,957 - Iter 16380: obj=-1375.848073, change=1.80e-06, α=1.000, ‖θ[1:]‖₁=2084.508, γ=90658.887, num_knots=1694
2025-09-07 00:28:38,265 - Iter 16390: obj=-1375.848149, change=1.80e-06, α=1.000, ‖θ[1:]‖₁=2084.507, γ=90658.887, num_knots=1694
2025-09-07 00:28:38,560 - Iter 16400: obj=-1375.848225, change=1.80e-06, α=1.000, ‖θ[1:]‖₁=2084.507, γ=90658.887, num_knots=1694
2025-09-07 00:28:38,854 - Iter 16410: obj=-1375.848301, change=1.80e-06, α=1.000, ‖θ[1:]‖₁=2084.507, γ=90658.887, num_knots=1694
2025-09-07 00:28:39,157 - Iter 16420: obj=-1375.848376, change=1.80e-06, α=1.000, ‖θ[1:]‖₁=2084.507, γ=90658.887, num_knots=1694
2025-09-07 00:28:39,419 - Iter 16430: obj=-1375.848452, change=1.80e-06, α=1.000, ‖θ[1:]‖₁=2084.507, γ=90658.887, num_knots=1694
2025-09-07 00:28:39,701 - Iter 16440: obj=-1375.848528, change=1.80e-06, α=1.000, ‖θ[1:]‖₁=2084.506, γ=90658.887, num_knots=1694
2025-09-07 00:28:39,998 - Iter 16450: obj=-1375.848604, change=1.80e-06, α=1.000, ‖θ[1:]‖₁=2084.506, γ=90658.887, num_knots=1694
2025-09-07 00:28:40,333 - Iter 16460: obj=-1375.848680, change=1.80e-06, α=1.000, ‖θ[1:]‖₁=2084.506, γ=90658.887, num_knots=1694
2025-09-07 00:28:40,613 - Iter 16470: obj=-1375.848755, change=1.80e-06, α=1.000, ‖θ[1:]‖₁=2084.506, γ=90658.887, num_knots=1694
2025-09-07 00:28:40,917 - Iter 16480: obj=-1375.848831, change=1.80e-06, α=1.000, ‖θ[1:]‖₁=2084.506, γ=90658.887, num_knots=1694
2025-09-07 00:28:41,221 - Iter 16490: obj=-1375.848907, change=1.80e-06, α=1.000, ‖θ[1:]‖₁=2084.505, γ=90658.887, num_knots=1694
2025-09-07 00:28:41,492 - Iter 16500: obj=-1375.848983, change=1.80e-06, α=1.000, ‖θ[1:]‖₁=2084.505, γ=90658.887, num_knots=1694
2025-09-07 00:28:41,774 - Iter 16510: obj=-1375.849059, change=1.80e-06, α=1.000, ‖θ[1:]‖₁=2084.505, γ=90658.887, num_knots=1694
2025-09-07 00:28:42,050 - Iter 16520: obj=-1375.849135, change=1.80e-06, α=1.000, ‖θ[1:]‖₁=2084.505, γ=90658.887, num_knots=1694
2025-09-07 00:28:42,389 - Iter 16530: obj=-1375.849210, change=1.80e-06, α=1.000, ‖θ[1:]‖₁=2084.504, γ=90658.887, num_knots=1694
2025-09-07 00:28:42,696 - Iter 16540: obj=-1375.849286, change=1.80e-06, α=1.000, ‖θ[1:]‖₁=2084.504, γ=90658.887, num_knots=1694
2025-09-07 00:28:42,976 - Iter 16550: obj=-1375.849362, change=1.80e-06, α=1.000, ‖θ[1:]‖₁=2084.504, γ=90658.887, num_knots=1694
2025-09-07 00:28:43,333 - Iter 16560: obj=-1375.849438, change=1.80e-06, α=1.000, ‖θ[1:]‖₁=2084.504, γ=90658.887, num_knots=1694
2025-09-07 00:28:43,616 - Iter 16570: obj=-1375.849514, change=1.80e-06, α=1.000, ‖θ[1:]‖₁=2084.504, γ=90658.887, num_knots=1694
2025-09-07 00:28:43,927 - Iter 16580: obj=-1375.849589, change=1.80e-06, α=1.000, ‖θ[1:]‖₁=2084.503, γ=90658.887, num_knots=1694
2025-09-07 00:28:44,239 - Iter 16590: obj=-1375.849665, change=1.80e-06, α=1.000, ‖θ[1:]‖₁=2084.503, γ=90658.887, num_knots=1694
2025-09-07 00:28:44,545 - Iter 16600: obj=-1375.849741, change=1.80e-06, α=1.000, ‖θ[1:]‖₁=2084.503, γ=90658.887, num_knots=1694
2025-09-07 00:28:44,848 - Iter 16610: obj=-1375.849817, change=1.80e-06, α=1.000, ‖θ[1:]‖₁=2084.503, γ=90658.887, num_knots=1694
2025-09-07 00:28:45,149 - Iter 16620: obj=-1375.849893, change=1.80e-06, α=1.000, ‖θ[1:]‖₁=2084.502, γ=90658.887, num_knots=1694
2025-09-07 00:28:45,437 - Iter 16630: obj=-1375.849968, change=1.80e-06, α=1.000, ‖θ[1:]‖₁=2084.502, γ=90658.887, num_knots=1694
2025-09-07 00:28:45,802 - Iter 16640: obj=-1375.850044, change=1.80e-06, α=1.000, ‖θ[1:]‖₁=2084.502, γ=90658.887, num_knots=1694
2025-09-07 00:28:46,121 - Iter 16650: obj=-1375.850120, change=1.80e-06, α=1.000, ‖θ[1:]‖₁=2084.502, γ=90658.887, num_knots=1694
2025-09-07 00:28:46,429 - Iter 16660: obj=-1375.850196, change=1.80e-06, α=1.000, ‖θ[1:]‖₁=2084.502, γ=90658.887, num_knots=1694
2025-09-07 00:28:46,703 - Iter 16670: obj=-1375.850272, change=1.80e-06, α=1.000, ‖θ[1:]‖₁=2084.501, γ=90658.887, num_knots=1694
2025-09-07 00:28:47,002 - Iter 16680: obj=-1375.850347, change=1.80e-06, α=1.000, ‖θ[1:]‖₁=2084.501, γ=90658.887, num_knots=1694
2025-09-07 00:28:47,293 - Iter 16690: obj=-1375.850423, change=1.80e-06, α=1.000, ‖θ[1:]‖₁=2084.501, γ=90658.887, num_knots=1694
2025-09-07 00:28:47,564 - Iter 16700: obj=-1375.850499, change=1.80e-06, α=1.000, ‖θ[1:]‖₁=2084.501, γ=90658.887, num_knots=1694
2025-09-07 00:28:47,847 - Iter 16710: obj=-1375.850575, change=1.80e-06, α=1.000, ‖θ[1:]‖₁=2084.501, γ=90658.887, num_knots=1694
2025-09-07 00:28:48,127 - Iter 16720: obj=-1375.850651, change=1.80e-06, α=1.000, ‖θ[1:]‖₁=2084.500, γ=90658.887, num_knots=1694
2025-09-07 00:28:48,430 - Iter 16730: obj=-1375.850726, change=1.80e-06, α=1.000, ‖θ[1:]‖₁=2084.500, γ=90658.887, num_knots=1694
2025-09-07 00:28:48,723 - Iter 16740: obj=-1375.850802, change=1.80e-06, α=1.000, ‖θ[1:]‖₁=2084.500, γ=90658.887, num_knots=1694
2025-09-07 00:28:49,059 - Iter 16750: obj=-1375.850878, change=1.80e-06, α=1.000, ‖θ[1:]‖₁=2084.500, γ=90658.887, num_knots=1694
2025-09-07 00:28:49,322 - Iter 16760: obj=-1375.850954, change=1.80e-06, α=1.000, ‖θ[1:]‖₁=2084.499, γ=90658.887, num_knots=1694
2025-09-07 00:28:49,607 - Iter 16770: obj=-1375.851030, change=1.80e-06, α=1.000, ‖θ[1:]‖₁=2084.499, γ=90658.887, num_knots=1694
2025-09-07 00:28:49,896 - Iter 16780: obj=-1375.851105, change=1.80e-06, α=1.000, ‖θ[1:]‖₁=2084.499, γ=90658.887, num_knots=1694
2025-09-07 00:28:50,216 - Iter 16790: obj=-1375.851181, change=1.80e-06, α=1.000, ‖θ[1:]‖₁=2084.499, γ=90658.887, num_knots=1694
2025-09-07 00:28:50,561 - Iter 16800: obj=-1375.851257, change=1.80e-06, α=1.000, ‖θ[1:]‖₁=2084.499, γ=90658.887, num_knots=1694
2025-09-07 00:28:50,927 - Iter 16810: obj=-1375.851333, change=1.80e-06, α=1.000, ‖θ[1:]‖₁=2084.498, γ=90658.887, num_knots=1694
2025-09-07 00:28:51,261 - Iter 16820: obj=-1375.851409, change=1.80e-06, α=1.000, ‖θ[1:]‖₁=2084.498, γ=90658.887, num_knots=1694
2025-09-07 00:28:51,550 - Iter 16830: obj=-1375.851484, change=1.80e-06, α=1.000, ‖θ[1:]‖₁=2084.498, γ=90658.887, num_knots=1694
2025-09-07 00:28:51,841 - Iter 16840: obj=-1375.851560, change=1.80e-06, α=1.000, ‖θ[1:]‖₁=2084.498, γ=90658.887, num_knots=1694
2025-09-07 00:28:52,169 - Iter 16850: obj=-1375.851636, change=1.80e-06, α=1.000, ‖θ[1:]‖₁=2084.497, γ=90658.887, num_knots=1694
2025-09-07 00:28:52,454 - Iter 16860: obj=-1375.851712, change=1.80e-06, α=1.000, ‖θ[1:]‖₁=2084.497, γ=90658.887, num_knots=1694
2025-09-07 00:28:52,780 - Iter 16870: obj=-1375.851788, change=1.80e-06, α=1.000, ‖θ[1:]‖₁=2084.497, γ=90658.887, num_knots=1694
2025-09-07 00:28:53,100 - Iter 16880: obj=-1375.851863, change=1.80e-06, α=1.000, ‖θ[1:]‖₁=2084.497, γ=90658.887, num_knots=1694
2025-09-07 00:28:53,404 - Iter 16890: obj=-1375.851939, change=1.80e-06, α=1.000, ‖θ[1:]‖₁=2084.497, γ=90658.887, num_knots=1694
2025-09-07 00:28:53,706 - Iter 16900: obj=-1375.852015, change=1.80e-06, α=1.000, ‖θ[1:]‖₁=2084.496, γ=90658.887, num_knots=1694
2025-09-07 00:28:53,980 - Iter 16910: obj=-1375.852091, change=1.80e-06, α=1.000, ‖θ[1:]‖₁=2084.496, γ=90658.887, num_knots=1694
2025-09-07 00:28:54,301 - Iter 16920: obj=-1375.852166, change=1.80e-06, α=1.000, ‖θ[1:]‖₁=2084.496, γ=90658.887, num_knots=1694
2025-09-07 00:28:54,593 - Iter 16930: obj=-1375.852242, change=1.80e-06, α=1.000, ‖θ[1:]‖₁=2084.496, γ=90658.887, num_knots=1694
2025-09-07 00:28:55,002 - Iter 16940: obj=-1375.852318, change=1.80e-06, α=1.000, ‖θ[1:]‖₁=2084.496, γ=90658.887, num_knots=1694
2025-09-07 00:28:55,379 - Iter 16950: obj=-1375.852394, change=1.80e-06, α=1.000, ‖θ[1:]‖₁=2084.495, γ=90658.887, num_knots=1694
2025-09-07 00:28:55,742 - Iter 16960: obj=-1375.852470, change=1.80e-06, α=1.000, ‖θ[1:]‖₁=2084.495, γ=90658.887, num_knots=1694
2025-09-07 00:28:56,061 - Iter 16970: obj=-1375.852545, change=1.80e-06, α=1.000, ‖θ[1:]‖₁=2084.495, γ=90658.887, num_knots=1694
2025-09-07 00:28:56,389 - Iter 16980: obj=-1375.852621, change=1.80e-06, α=1.000, ‖θ[1:]‖₁=2084.495, γ=90658.887, num_knots=1694
2025-09-07 00:28:56,748 - Iter 16990: obj=-1375.852697, change=1.80e-06, α=1.000, ‖θ[1:]‖₁=2084.494, γ=90658.887, num_knots=1694
2025-09-07 00:28:57,081 - Iter 17000: obj=-1375.852773, change=1.80e-06, α=1.000, ‖θ[1:]‖₁=2084.494, γ=90658.887, num_knots=1694
2025-09-07 00:28:57,399 - Iter 17010: obj=-1375.852849, change=1.80e-06, α=1.000, ‖θ[1:]‖₁=2084.494, γ=90658.887, num_knots=1694
2025-09-07 00:28:57,691 - Iter 17020: obj=-1375.852924, change=1.80e-06, α=1.000, ‖θ[1:]‖₁=2084.494, γ=90658.887, num_knots=1694
2025-09-07 00:28:58,028 - Iter 17030: obj=-1375.853000, change=1.80e-06, α=1.000, ‖θ[1:]‖₁=2084.494, γ=90658.887, num_knots=1694
2025-09-07 00:28:58,331 - Iter 17040: obj=-1375.853076, change=1.80e-06, α=1.000, ‖θ[1:]‖₁=2084.493, γ=90658.887, num_knots=1694
2025-09-07 00:28:58,970 - Iter 17050: obj=-1375.853152, change=1.80e-06, α=1.000, ‖θ[1:]‖₁=2084.493, γ=90658.887, num_knots=1694
2025-09-07 00:28:59,274 - Iter 17060: obj=-1375.853228, change=1.80e-06, α=1.000, ‖θ[1:]‖₁=2084.493, γ=90658.887, num_knots=1694
2025-09-07 00:28:59,540 - Iter 17070: obj=-1375.853303, change=1.80e-06, α=1.000, ‖θ[1:]‖₁=2084.493, γ=90658.887, num_knots=1694
2025-09-07 00:28:59,818 - Iter 17080: obj=-1375.853379, change=1.80e-06, α=1.000, ‖θ[1:]‖₁=2084.493, γ=90658.887, num_knots=1694
2025-09-07 00:29:00,166 - Iter 17090: obj=-1375.853455, change=1.80e-06, α=1.000, ‖θ[1:]‖₁=2084.492, γ=90658.887, num_knots=1694
2025-09-07 00:29:00,482 - Iter 17100: obj=-1375.853531, change=1.80e-06, α=1.000, ‖θ[1:]‖₁=2084.492, γ=90658.887, num_knots=1694
2025-09-07 00:29:00,877 - Iter 17110: obj=-1375.853607, change=1.80e-06, α=1.000, ‖θ[1:]‖₁=2084.492, γ=90658.887, num_knots=1694
2025-09-07 00:29:01,177 - Iter 17120: obj=-1375.853682, change=1.80e-06, α=1.000, ‖θ[1:]‖₁=2084.492, γ=90658.887, num_knots=1694
2025-09-07 00:29:01,524 - Iter 17130: obj=-1375.853758, change=1.80e-06, α=1.000, ‖θ[1:]‖₁=2084.491, γ=90658.887, num_knots=1694
2025-09-07 00:29:01,840 - Iter 17140: obj=-1375.853834, change=1.80e-06, α=1.000, ‖θ[1:]‖₁=2084.491, γ=90658.887, num_knots=1694
2025-09-07 00:29:02,166 - Iter 17150: obj=-1375.853910, change=1.80e-06, α=1.000, ‖θ[1:]‖₁=2084.491, γ=90658.887, num_knots=1694
2025-09-07 00:29:02,492 - Iter 17160: obj=-1375.853986, change=1.80e-06, α=1.000, ‖θ[1:]‖₁=2084.491, γ=90658.887, num_knots=1694
2025-09-07 00:29:02,828 - Iter 17170: obj=-1375.854061, change=1.80e-06, α=1.000, ‖θ[1:]‖₁=2084.491, γ=90658.887, num_knots=1694
2025-09-07 00:29:03,105 - Iter 17180: obj=-1375.854137, change=1.80e-06, α=1.000, ‖θ[1:]‖₁=2084.490, γ=90658.887, num_knots=1694
2025-09-07 00:29:03,426 - Iter 17190: obj=-1375.854213, change=1.80e-06, α=1.000, ‖θ[1:]‖₁=2084.490, γ=90658.887, num_knots=1694
2025-09-07 00:29:03,734 - Iter 17200: obj=-1375.854289, change=1.80e-06, α=1.000, ‖θ[1:]‖₁=2084.490, γ=90658.887, num_knots=1694
2025-09-07 00:29:04,017 - Iter 17210: obj=-1375.854365, change=1.80e-06, α=1.000, ‖θ[1:]‖₁=2084.490, γ=90658.887, num_knots=1694
2025-09-07 00:29:04,299 - Iter 17220: obj=-1375.854440, change=1.80e-06, α=1.000, ‖θ[1:]‖₁=2084.489, γ=90658.887, num_knots=1694
2025-09-07 00:29:04,616 - Iter 17230: obj=-1375.854516, change=1.80e-06, α=1.000, ‖θ[1:]‖₁=2084.489, γ=90658.887, num_knots=1694
2025-09-07 00:29:04,951 - Iter 17240: obj=-1375.854592, change=1.80e-06, α=1.000, ‖θ[1:]‖₁=2084.489, γ=90658.887, num_knots=1694
2025-09-07 00:29:05,350 - Iter 17250: obj=-1375.854668, change=1.80e-06, α=1.000, ‖θ[1:]‖₁=2084.489, γ=90658.887, num_knots=1694
2025-09-07 00:29:05,679 - Iter 17260: obj=-1375.854744, change=1.80e-06, α=1.000, ‖θ[1:]‖₁=2084.489, γ=90658.887, num_knots=1694
2025-09-07 00:29:05,950 - Iter 17270: obj=-1375.854819, change=1.80e-06, α=1.000, ‖θ[1:]‖₁=2084.488, γ=90658.887, num_knots=1694
2025-09-07 00:29:06,280 - Iter 17280: obj=-1375.854895, change=1.80e-06, α=1.000, ‖θ[1:]‖₁=2084.488, γ=90658.887, num_knots=1694
2025-09-07 00:29:06,542 - Iter 17290: obj=-1375.854971, change=1.80e-06, α=1.000, ‖θ[1:]‖₁=2084.488, γ=90658.887, num_knots=1694
2025-09-07 00:29:06,852 - Iter 17300: obj=-1375.855047, change=1.80e-06, α=1.000, ‖θ[1:]‖₁=2084.488, γ=90658.887, num_knots=1694
2025-09-07 00:29:07,176 - Iter 17310: obj=-1375.855122, change=1.80e-06, α=1.000, ‖θ[1:]‖₁=2084.488, γ=90658.887, num_knots=1694
2025-09-07 00:29:07,483 - Iter 17320: obj=-1375.855198, change=1.80e-06, α=1.000, ‖θ[1:]‖₁=2084.487, γ=90658.887, num_knots=1694
2025-09-07 00:29:07,772 - Iter 17330: obj=-1375.855274, change=1.80e-06, α=1.000, ‖θ[1:]‖₁=2084.487, γ=90658.887, num_knots=1694
2025-09-07 00:29:08,085 - Iter 17340: obj=-1375.855350, change=1.80e-06, α=1.000, ‖θ[1:]‖₁=2084.487, γ=90658.887, num_knots=1694
2025-09-07 00:29:08,398 - Iter 17350: obj=-1375.855426, change=1.80e-06, α=1.000, ‖θ[1:]‖₁=2084.487, γ=90658.887, num_knots=1694
2025-09-07 00:29:08,705 - Iter 17360: obj=-1375.855501, change=1.80e-06, α=1.000, ‖θ[1:]‖₁=2084.486, γ=90658.887, num_knots=1694
2025-09-07 00:29:08,994 - Iter 17370: obj=-1375.855577, change=1.80e-06, α=1.000, ‖θ[1:]‖₁=2084.486, γ=90658.887, num_knots=1694
2025-09-07 00:29:09,291 - Iter 17380: obj=-1375.855653, change=1.80e-06, α=1.000, ‖θ[1:]‖₁=2084.486, γ=90658.887, num_knots=1694
2025-09-07 00:29:09,632 - Iter 17390: obj=-1375.855729, change=1.80e-06, α=1.000, ‖θ[1:]‖₁=2084.486, γ=90658.887, num_knots=1694
2025-09-07 00:29:09,907 - Iter 17400: obj=-1375.855805, change=1.80e-06, α=1.000, ‖θ[1:]‖₁=2084.486, γ=90658.887, num_knots=1694
2025-09-07 00:29:10,237 - Iter 17410: obj=-1375.855880, change=1.80e-06, α=1.000, ‖θ[1:]‖₁=2084.485, γ=90658.887, num_knots=1694
2025-09-07 00:29:10,565 - Iter 17420: obj=-1375.855956, change=1.80e-06, α=1.000, ‖θ[1:]‖₁=2084.485, γ=90658.887, num_knots=1694
2025-09-07 00:29:10,856 - Iter 17430: obj=-1375.856032, change=1.80e-06, α=1.000, ‖θ[1:]‖₁=2084.485, γ=90658.887, num_knots=1694
2025-09-07 00:29:11,186 - Iter 17440: obj=-1375.856108, change=1.80e-06, α=1.000, ‖θ[1:]‖₁=2084.485, γ=90658.887, num_knots=1694
2025-09-07 00:29:11,517 - Iter 17450: obj=-1375.856184, change=1.80e-06, α=1.000, ‖θ[1:]‖₁=2084.484, γ=90658.887, num_knots=1694
2025-09-07 00:29:11,825 - Iter 17460: obj=-1375.856259, change=1.80e-06, α=1.000, ‖θ[1:]‖₁=2084.484, γ=90658.887, num_knots=1694
2025-09-07 00:29:12,129 - Iter 17470: obj=-1375.856335, change=1.80e-06, α=1.000, ‖θ[1:]‖₁=2084.484, γ=90658.887, num_knots=1694
2025-09-07 00:29:12,526 - Iter 17480: obj=-1375.856411, change=1.80e-06, α=1.000, ‖θ[1:]‖₁=2084.484, γ=90658.887, num_knots=1694
2025-09-07 00:29:12,863 - Iter 17490: obj=-1375.856487, change=1.80e-06, α=1.000, ‖θ[1:]‖₁=2084.484, γ=90658.887, num_knots=1694
2025-09-07 00:29:13,142 - Iter 17500: obj=-1375.856562, change=1.80e-06, α=1.000, ‖θ[1:]‖₁=2084.483, γ=90658.887, num_knots=1694
2025-09-07 00:29:13,429 - Iter 17510: obj=-1375.856638, change=1.80e-06, α=1.000, ‖θ[1:]‖₁=2084.483, γ=90658.887, num_knots=1694
2025-09-07 00:29:13,708 - Iter 17520: obj=-1375.856714, change=1.80e-06, α=1.000, ‖θ[1:]‖₁=2084.483, γ=90658.887, num_knots=1694
2025-09-07 00:29:13,997 - Iter 17530: obj=-1375.856790, change=1.80e-06, α=1.000, ‖θ[1:]‖₁=2084.483, γ=90658.887, num_knots=1694
2025-09-07 00:29:14,297 - Iter 17540: obj=-1375.856866, change=1.80e-06, α=1.000, ‖θ[1:]‖₁=2084.483, γ=90658.887, num_knots=1694
2025-09-07 00:29:14,594 - Iter 17550: obj=-1375.856941, change=1.80e-06, α=1.000, ‖θ[1:]‖₁=2084.482, γ=90658.887, num_knots=1694
2025-09-07 00:29:14,911 - Iter 17560: obj=-1375.857017, change=1.80e-06, α=1.000, ‖θ[1:]‖₁=2084.482, γ=90658.887, num_knots=1694
2025-09-07 00:29:15,203 - Iter 17570: obj=-1375.857093, change=1.80e-06, α=1.000, ‖θ[1:]‖₁=2084.482, γ=90658.887, num_knots=1694
2025-09-07 00:29:15,535 - Iter 17580: obj=-1375.857169, change=1.80e-06, α=1.000, ‖θ[1:]‖₁=2084.482, γ=90658.887, num_knots=1694
2025-09-07 00:29:15,898 - Iter 17590: obj=-1375.857245, change=1.80e-06, α=1.000, ‖θ[1:]‖₁=2084.481, γ=90658.887, num_knots=1694
2025-09-07 00:29:16,186 - Iter 17600: obj=-1375.857320, change=1.80e-06, α=1.000, ‖θ[1:]‖₁=2084.481, γ=90658.887, num_knots=1694
2025-09-07 00:29:16,461 - Iter 17610: obj=-1375.857396, change=1.80e-06, α=1.000, ‖θ[1:]‖₁=2084.481, γ=90658.887, num_knots=1694
2025-09-07 00:29:16,888 - Iter 17620: obj=-1375.857472, change=1.80e-06, α=1.000, ‖θ[1:]‖₁=2084.481, γ=90658.887, num_knots=1694
2025-09-07 00:29:17,234 - Iter 17630: obj=-1375.857548, change=1.80e-06, α=1.000, ‖θ[1:]‖₁=2084.481, γ=90658.887, num_knots=1694
2025-09-07 00:29:17,546 - Iter 17640: obj=-1375.857624, change=1.80e-06, α=1.000, ‖θ[1:]‖₁=2084.480, γ=90658.887, num_knots=1694
2025-09-07 00:29:17,896 - Iter 17650: obj=-1375.857699, change=1.80e-06, α=1.000, ‖θ[1:]‖₁=2084.480, γ=90658.887, num_knots=1694
2025-09-07 00:29:18,210 - Iter 17660: obj=-1375.857775, change=1.80e-06, α=1.000, ‖θ[1:]‖₁=2084.480, γ=90658.887, num_knots=1694
2025-09-07 00:29:18,512 - Iter 17670: obj=-1375.857851, change=1.80e-06, α=1.000, ‖θ[1:]‖₁=2084.480, γ=90658.887, num_knots=1694
2025-09-07 00:29:18,805 - Iter 17680: obj=-1375.857927, change=1.80e-06, α=1.000, ‖θ[1:]‖₁=2084.479, γ=90658.887, num_knots=1694
2025-09-07 00:29:19,088 - Iter 17690: obj=-1375.858002, change=1.80e-06, α=1.000, ‖θ[1:]‖₁=2084.479, γ=90658.887, num_knots=1694
2025-09-07 00:29:19,373 - Iter 17700: obj=-1375.858078, change=1.80e-06, α=1.000, ‖θ[1:]‖₁=2084.479, γ=90658.887, num_knots=1694
2025-09-07 00:29:19,675 - Iter 17710: obj=-1375.858154, change=1.80e-06, α=1.000, ‖θ[1:]‖₁=2084.479, γ=90658.887, num_knots=1694
2025-09-07 00:29:19,966 - Iter 17720: obj=-1375.858230, change=1.80e-06, α=1.000, ‖θ[1:]‖₁=2084.479, γ=90658.887, num_knots=1694
2025-09-07 00:29:20,284 - Iter 17730: obj=-1375.858306, change=1.80e-06, α=1.000, ‖θ[1:]‖₁=2084.478, γ=90658.887, num_knots=1694
2025-09-07 00:29:20,582 - Iter 17740: obj=-1375.858381, change=1.80e-06, α=1.000, ‖θ[1:]‖₁=2084.478, γ=90658.887, num_knots=1694
2025-09-07 00:29:20,860 - Iter 17750: obj=-1375.858457, change=1.80e-06, α=1.000, ‖θ[1:]‖₁=2084.478, γ=90658.887, num_knots=1694
2025-09-07 00:29:21,181 - Iter 17760: obj=-1375.858533, change=1.80e-06, α=1.000, ‖θ[1:]‖₁=2084.478, γ=90658.887, num_knots=1694
2025-09-07 00:29:21,491 - Iter 17770: obj=-1375.858609, change=1.80e-06, α=1.000, ‖θ[1:]‖₁=2084.478, γ=90658.887, num_knots=1694
2025-09-07 00:29:21,799 - Iter 17780: obj=-1375.858685, change=1.80e-06, α=1.000, ‖θ[1:]‖₁=2084.477, γ=90658.887, num_knots=1694
2025-09-07 00:29:22,095 - Iter 17790: obj=-1375.858760, change=1.80e-06, α=1.000, ‖θ[1:]‖₁=2084.477, γ=90658.887, num_knots=1694
2025-09-07 00:29:22,393 - Iter 17800: obj=-1375.858836, change=1.80e-06, α=1.000, ‖θ[1:]‖₁=2084.477, γ=90658.887, num_knots=1694
2025-09-07 00:29:22,733 - Iter 17810: obj=-1375.858912, change=1.80e-06, α=1.000, ‖θ[1:]‖₁=2084.477, γ=90658.887, num_knots=1694
2025-09-07 00:29:23,048 - Iter 17820: obj=-1375.858988, change=1.80e-06, α=1.000, ‖θ[1:]‖₁=2084.476, γ=90658.887, num_knots=1694
2025-09-07 00:29:23,374 - Iter 17830: obj=-1375.859063, change=1.80e-06, α=1.000, ‖θ[1:]‖₁=2084.476, γ=90658.887, num_knots=1694
2025-09-07 00:29:23,664 - Iter 17840: obj=-1375.859139, change=1.80e-06, α=1.000, ‖θ[1:]‖₁=2084.476, γ=90658.887, num_knots=1694
2025-09-07 00:29:23,982 - Iter 17850: obj=-1375.859215, change=1.80e-06, α=1.000, ‖θ[1:]‖₁=2084.476, γ=90658.887, num_knots=1694
2025-09-07 00:29:24,293 - Iter 17860: obj=-1375.859291, change=1.80e-06, α=1.000, ‖θ[1:]‖₁=2084.476, γ=90658.887, num_knots=1694
2025-09-07 00:29:24,614 - Iter 17870: obj=-1375.859367, change=1.80e-06, α=1.000, ‖θ[1:]‖₁=2084.475, γ=90658.887, num_knots=1694
2025-09-07 00:29:24,913 - Iter 17880: obj=-1375.859442, change=1.80e-06, α=1.000, ‖θ[1:]‖₁=2084.475, γ=90658.887, num_knots=1694
2025-09-07 00:29:25,384 - Iter 17890: obj=-1375.859518, change=1.80e-06, α=1.000, ‖θ[1:]‖₁=2084.475, γ=90658.887, num_knots=1694
2025-09-07 00:29:25,685 - Iter 17900: obj=-1375.859594, change=1.80e-06, α=1.000, ‖θ[1:]‖₁=2084.475, γ=90658.887, num_knots=1694
2025-09-07 00:29:25,994 - Iter 17910: obj=-1375.859670, change=1.80e-06, α=1.000, ‖θ[1:]‖₁=2084.474, γ=90658.887, num_knots=1694
2025-09-07 00:29:26,316 - Iter 17920: obj=-1375.859746, change=1.80e-06, α=1.000, ‖θ[1:]‖₁=2084.474, γ=90658.887, num_knots=1694
2025-09-07 00:29:26,630 - Iter 17930: obj=-1375.859821, change=1.80e-06, α=1.000, ‖θ[1:]‖₁=2084.474, γ=90658.887, num_knots=1694
2025-09-07 00:29:26,969 - Iter 17940: obj=-1375.859897, change=1.80e-06, α=1.000, ‖θ[1:]‖₁=2084.474, γ=90658.887, num_knots=1694
2025-09-07 00:29:27,374 - Iter 17950: obj=-1375.859973, change=1.80e-06, α=1.000, ‖θ[1:]‖₁=2084.474, γ=90658.887, num_knots=1694
2025-09-07 00:29:27,743 - Iter 17960: obj=-1375.860049, change=1.80e-06, α=1.000, ‖θ[1:]‖₁=2084.473, γ=90658.887, num_knots=1694
2025-09-07 00:29:28,145 - Iter 17970: obj=-1375.860124, change=1.80e-06, α=1.000, ‖θ[1:]‖₁=2084.473, γ=90658.887, num_knots=1694
2025-09-07 00:29:28,466 - Iter 17980: obj=-1375.860200, change=1.80e-06, α=1.000, ‖θ[1:]‖₁=2084.473, γ=90658.887, num_knots=1694
2025-09-07 00:29:28,788 - Iter 17990: obj=-1375.860276, change=1.80e-06, α=1.000, ‖θ[1:]‖₁=2084.473, γ=90658.887, num_knots=1694
2025-09-07 00:29:29,137 - Iter 18000: obj=-1375.860352, change=1.80e-06, α=1.000, ‖θ[1:]‖₁=2084.473, γ=90658.887, num_knots=1694
2025-09-07 00:29:29,419 - Iter 18010: obj=-1375.860428, change=1.80e-06, α=1.000, ‖θ[1:]‖₁=2084.472, γ=90658.887, num_knots=1694
2025-09-07 00:29:29,690 - Iter 18020: obj=-1375.860503, change=1.80e-06, α=1.000, ‖θ[1:]‖₁=2084.472, γ=90658.887, num_knots=1694
2025-09-07 00:29:30,023 - Iter 18030: obj=-1375.860579, change=1.80e-06, α=1.000, ‖θ[1:]‖₁=2084.472, γ=90658.887, num_knots=1694
2025-09-07 00:29:30,374 - Iter 18040: obj=-1375.860655, change=1.80e-06, α=1.000, ‖θ[1:]‖₁=2084.472, γ=90658.887, num_knots=1694
2025-09-07 00:29:30,754 - Iter 18050: obj=-1375.860731, change=1.80e-06, α=1.000, ‖θ[1:]‖₁=2084.471, γ=90658.887, num_knots=1694
2025-09-07 00:29:31,115 - Iter 18060: obj=-1375.860807, change=1.80e-06, α=1.000, ‖θ[1:]‖₁=2084.471, γ=90658.887, num_knots=1694
2025-09-07 00:29:31,394 - Iter 18070: obj=-1375.860882, change=1.80e-06, α=1.000, ‖θ[1:]‖₁=2084.471, γ=90658.887, num_knots=1694
2025-09-07 00:29:31,702 - Iter 18080: obj=-1375.860958, change=1.80e-06, α=1.000, ‖θ[1:]‖₁=2084.471, γ=90658.887, num_knots=1694
2025-09-07 00:29:32,000 - Iter 18090: obj=-1375.861034, change=1.80e-06, α=1.000, ‖θ[1:]‖₁=2084.471, γ=90658.887, num_knots=1694
2025-09-07 00:29:32,313 - Iter 18100: obj=-1375.861110, change=1.80e-06, α=1.000, ‖θ[1:]‖₁=2084.470, γ=90658.887, num_knots=1694
2025-09-07 00:29:32,609 - Iter 18110: obj=-1375.861185, change=1.80e-06, α=1.000, ‖θ[1:]‖₁=2084.470, γ=90658.887, num_knots=1694
2025-09-07 00:29:32,906 - Iter 18120: obj=-1375.861261, change=1.80e-06, α=1.000, ‖θ[1:]‖₁=2084.470, γ=90658.887, num_knots=1694
2025-09-07 00:29:33,191 - Iter 18130: obj=-1375.861337, change=1.80e-06, α=1.000, ‖θ[1:]‖₁=2084.470, γ=90658.887, num_knots=1694
2025-09-07 00:29:33,508 - Iter 18140: obj=-1375.861413, change=1.80e-06, α=1.000, ‖θ[1:]‖₁=2084.469, γ=90658.887, num_knots=1694
2025-09-07 00:29:33,864 - Iter 18150: obj=-1375.861489, change=1.80e-06, α=1.000, ‖θ[1:]‖₁=2084.469, γ=90658.887, num_knots=1694
2025-09-07 00:29:34,162 - Iter 18160: obj=-1375.861564, change=1.80e-06, α=1.000, ‖θ[1:]‖₁=2084.469, γ=90658.887, num_knots=1694
2025-09-07 00:29:34,484 - Iter 18170: obj=-1375.861640, change=1.80e-06, α=1.000, ‖θ[1:]‖₁=2084.469, γ=90658.887, num_knots=1694
2025-09-07 00:29:34,811 - Iter 18180: obj=-1375.861716, change=1.80e-06, α=1.000, ‖θ[1:]‖₁=2084.469, γ=90658.887, num_knots=1694
2025-09-07 00:29:35,091 - Iter 18190: obj=-1375.861792, change=1.80e-06, α=1.000, ‖θ[1:]‖₁=2084.468, γ=90658.887, num_knots=1694
2025-09-07 00:29:35,389 - Iter 18200: obj=-1375.861867, change=1.80e-06, α=1.000, ‖θ[1:]‖₁=2084.468, γ=90658.887, num_knots=1694
2025-09-07 00:29:35,679 - Iter 18210: obj=-1375.861943, change=1.80e-06, α=1.000, ‖θ[1:]‖₁=2084.468, γ=90658.887, num_knots=1694
2025-09-07 00:29:36,035 - Iter 18220: obj=-1375.862019, change=1.80e-06, α=1.000, ‖θ[1:]‖₁=2084.468, γ=90658.887, num_knots=1694
2025-09-07 00:29:36,325 - Iter 18230: obj=-1375.862095, change=1.80e-06, α=1.000, ‖θ[1:]‖₁=2084.468, γ=90658.887, num_knots=1694
2025-09-07 00:29:36,598 - Iter 18240: obj=-1375.862171, change=1.80e-06, α=1.000, ‖θ[1:]‖₁=2084.467, γ=90658.887, num_knots=1694
2025-09-07 00:29:37,111 - Iter 18250: obj=-1375.862246, change=1.80e-06, α=1.000, ‖θ[1:]‖₁=2084.467, γ=90658.887, num_knots=1694
2025-09-07 00:29:37,691 - Iter 18260: obj=-1375.862322, change=1.80e-06, α=1.000, ‖θ[1:]‖₁=2084.467, γ=90658.887, num_knots=1694
2025-09-07 00:29:38,380 - Iter 18270: obj=-1375.862398, change=1.80e-06, α=1.000, ‖θ[1:]‖₁=2084.467, γ=90658.887, num_knots=1694
2025-09-07 00:29:38,929 - Iter 18280: obj=-1375.862474, change=1.80e-06, α=1.000, ‖θ[1:]‖₁=2084.466, γ=90658.887, num_knots=1694
2025-09-07 00:29:39,456 - Iter 18290: obj=-1375.862549, change=1.80e-06, α=1.000, ‖θ[1:]‖₁=2084.466, γ=90658.887, num_knots=1694
2025-09-07 00:29:39,855 - Iter 18300: obj=-1375.862625, change=1.80e-06, α=1.000, ‖θ[1:]‖₁=2084.466, γ=90658.887, num_knots=1694
2025-09-07 00:29:40,215 - Iter 18310: obj=-1375.862701, change=1.80e-06, α=1.000, ‖θ[1:]‖₁=2084.466, γ=90658.887, num_knots=1694
2025-09-07 00:29:40,598 - Iter 18320: obj=-1375.862777, change=1.80e-06, α=1.000, ‖θ[1:]‖₁=2084.466, γ=90658.887, num_knots=1694
2025-09-07 00:29:41,058 - Iter 18330: obj=-1375.862853, change=1.80e-06, α=1.000, ‖θ[1:]‖₁=2084.465, γ=90658.887, num_knots=1694
2025-09-07 00:29:41,496 - Iter 18340: obj=-1375.862928, change=1.80e-06, α=1.000, ‖θ[1:]‖₁=2084.465, γ=90658.887, num_knots=1694
2025-09-07 00:29:41,882 - Iter 18350: obj=-1375.863004, change=1.80e-06, α=1.000, ‖θ[1:]‖₁=2084.465, γ=90658.887, num_knots=1694
2025-09-07 00:29:42,263 - Iter 18360: obj=-1375.863080, change=1.80e-06, α=1.000, ‖θ[1:]‖₁=2084.465, γ=90658.887, num_knots=1694
2025-09-07 00:29:42,645 - Iter 18370: obj=-1375.863156, change=1.80e-06, α=1.000, ‖θ[1:]‖₁=2084.464, γ=90658.887, num_knots=1694
2025-09-07 00:29:43,000 - Iter 18380: obj=-1375.863231, change=1.80e-06, α=1.000, ‖θ[1:]‖₁=2084.464, γ=90658.887, num_knots=1694
2025-09-07 00:29:43,369 - Iter 18390: obj=-1375.863307, change=1.80e-06, α=1.000, ‖θ[1:]‖₁=2084.464, γ=90658.887, num_knots=1694
2025-09-07 00:29:43,760 - Iter 18400: obj=-1375.863383, change=1.80e-06, α=1.000, ‖θ[1:]‖₁=2084.464, γ=90658.887, num_knots=1694
2025-09-07 00:29:44,133 - Iter 18410: obj=-1375.863459, change=1.80e-06, α=1.000, ‖θ[1:]‖₁=2084.464, γ=90658.887, num_knots=1694
2025-09-07 00:29:44,495 - Iter 18420: obj=-1375.863535, change=1.80e-06, α=1.000, ‖θ[1:]‖₁=2084.463, γ=90658.887, num_knots=1694
2025-09-07 00:29:44,826 - Iter 18430: obj=-1375.863610, change=1.80e-06, α=1.000, ‖θ[1:]‖₁=2084.463, γ=90658.887, num_knots=1694
2025-09-07 00:29:45,143 - Iter 18440: obj=-1375.863686, change=1.80e-06, α=1.000, ‖θ[1:]‖₁=2084.463, γ=90658.887, num_knots=1694
2025-09-07 00:29:45,526 - Iter 18450: obj=-1375.863762, change=1.80e-06, α=1.000, ‖θ[1:]‖₁=2084.463, γ=90658.887, num_knots=1694
2025-09-07 00:29:45,942 - Iter 18460: obj=-1375.863838, change=1.80e-06, α=1.000, ‖θ[1:]‖₁=2084.463, γ=90658.887, num_knots=1694
2025-09-07 00:29:46,303 - Iter 18470: obj=-1375.863913, change=1.80e-06, α=1.000, ‖θ[1:]‖₁=2084.462, γ=90658.887, num_knots=1694
2025-09-07 00:29:46,666 - Iter 18480: obj=-1375.863994, change=1.94e-06, α=1.000, ‖θ[1:]‖₁=2084.462, γ=84007.542, num_knots=1693
2025-09-07 00:29:47,011 - Iter 18490: obj=-1375.864076, change=1.94e-06, α=1.000, ‖θ[1:]‖₁=2084.462, γ=84007.542, num_knots=1693
2025-09-07 00:29:47,437 - Iter 18500: obj=-1375.864157, change=1.94e-06, α=1.000, ‖θ[1:]‖₁=2084.462, γ=84007.542, num_knots=1693
2025-09-07 00:29:47,826 - Iter 18510: obj=-1375.864239, change=1.94e-06, α=1.000, ‖θ[1:]‖₁=2084.461, γ=84007.542, num_knots=1693
2025-09-07 00:29:48,181 - Iter 18520: obj=-1375.864321, change=1.94e-06, α=1.000, ‖θ[1:]‖₁=2084.461, γ=84007.542, num_knots=1693
2025-09-07 00:29:48,542 - Iter 18530: obj=-1375.864402, change=1.94e-06, α=1.000, ‖θ[1:]‖₁=2084.461, γ=84007.542, num_knots=1693
2025-09-07 00:29:48,876 - Iter 18540: obj=-1375.864484, change=1.94e-06, α=1.000, ‖θ[1:]‖₁=2084.461, γ=84007.542, num_knots=1693
2025-09-07 00:29:49,233 - Iter 18550: obj=-1375.864566, change=1.94e-06, α=1.000, ‖θ[1:]‖₁=2084.460, γ=84007.542, num_knots=1693
2025-09-07 00:29:49,684 - Iter 18560: obj=-1375.864647, change=1.94e-06, α=1.000, ‖θ[1:]‖₁=2084.460, γ=84007.542, num_knots=1693
2025-09-07 00:29:50,065 - Iter 18570: obj=-1375.864729, change=1.94e-06, α=1.000, ‖θ[1:]‖₁=2084.460, γ=84007.542, num_knots=1693
2025-09-07 00:29:50,484 - Iter 18580: obj=-1375.864810, change=1.94e-06, α=1.000, ‖θ[1:]‖₁=2084.460, γ=84007.542, num_knots=1693
2025-09-07 00:29:50,806 - Iter 18590: obj=-1375.864892, change=1.94e-06, α=1.000, ‖θ[1:]‖₁=2084.460, γ=84007.542, num_knots=1693
2025-09-07 00:29:51,146 - Iter 18600: obj=-1375.864974, change=1.94e-06, α=1.000, ‖θ[1:]‖₁=2084.459, γ=84007.542, num_knots=1693
2025-09-07 00:29:51,551 - Iter 18610: obj=-1375.865055, change=1.94e-06, α=1.000, ‖θ[1:]‖₁=2084.459, γ=84007.542, num_knots=1693
2025-09-07 00:29:51,910 - Iter 18620: obj=-1375.865137, change=1.94e-06, α=1.000, ‖θ[1:]‖₁=2084.459, γ=84007.542, num_knots=1693
2025-09-07 00:29:52,304 - Iter 18630: obj=-1375.865219, change=1.94e-06, α=1.000, ‖θ[1:]‖₁=2084.459, γ=84007.542, num_knots=1693
2025-09-07 00:29:52,733 - Iter 18640: obj=-1375.865300, change=1.94e-06, α=1.000, ‖θ[1:]‖₁=2084.458, γ=84007.542, num_knots=1693
2025-09-07 00:29:53,062 - Iter 18650: obj=-1375.865382, change=1.94e-06, α=1.000, ‖θ[1:]‖₁=2084.458, γ=84007.542, num_knots=1693
2025-09-07 00:29:53,433 - Iter 18660: obj=-1375.865464, change=1.94e-06, α=1.000, ‖θ[1:]‖₁=2084.458, γ=84007.542, num_knots=1693
2025-09-07 00:29:53,799 - Iter 18670: obj=-1375.865545, change=1.94e-06, α=1.000, ‖θ[1:]‖₁=2084.458, γ=84007.542, num_knots=1693
2025-09-07 00:29:54,129 - Iter 18680: obj=-1375.865627, change=1.94e-06, α=1.000, ‖θ[1:]‖₁=2084.457, γ=84007.542, num_knots=1693
2025-09-07 00:29:54,509 - Iter 18690: obj=-1375.865709, change=1.94e-06, α=1.000, ‖θ[1:]‖₁=2084.457, γ=84007.542, num_knots=1693
2025-09-07 00:29:54,901 - Iter 18700: obj=-1375.865790, change=1.94e-06, α=1.000, ‖θ[1:]‖₁=2084.457, γ=84007.542, num_knots=1693
2025-09-07 00:29:55,232 - Iter 18710: obj=-1375.865872, change=1.94e-06, α=1.000, ‖θ[1:]‖₁=2084.457, γ=84007.542, num_knots=1693
2025-09-07 00:29:55,597 - Iter 18720: obj=-1375.865953, change=1.94e-06, α=1.000, ‖θ[1:]‖₁=2084.457, γ=84007.542, num_knots=1693
2025-09-07 00:29:55,956 - Iter 18730: obj=-1375.866035, change=1.94e-06, α=1.000, ‖θ[1:]‖₁=2084.456, γ=84007.542, num_knots=1693
2025-09-07 00:29:56,278 - Iter 18740: obj=-1375.866117, change=1.94e-06, α=1.000, ‖θ[1:]‖₁=2084.456, γ=84007.542, num_knots=1693
2025-09-07 00:29:56,647 - Iter 18750: obj=-1375.866198, change=1.94e-06, α=1.000, ‖θ[1:]‖₁=2084.456, γ=84007.542, num_knots=1693
2025-09-07 00:29:56,954 - Iter 18760: obj=-1375.866280, change=1.94e-06, α=1.000, ‖θ[1:]‖₁=2084.456, γ=84007.542, num_knots=1693
2025-09-07 00:29:57,307 - Iter 18770: obj=-1375.866362, change=1.94e-06, α=1.000, ‖θ[1:]‖₁=2084.455, γ=84007.542, num_knots=1693
2025-09-07 00:29:57,652 - Iter 18780: obj=-1375.866443, change=1.94e-06, α=1.000, ‖θ[1:]‖₁=2084.455, γ=84007.542, num_knots=1693
2025-09-07 00:29:57,975 - Iter 18790: obj=-1375.866525, change=1.94e-06, α=1.000, ‖θ[1:]‖₁=2084.455, γ=84007.542, num_knots=1693
2025-09-07 00:29:58,344 - Iter 18800: obj=-1375.866607, change=1.94e-06, α=1.000, ‖θ[1:]‖₁=2084.455, γ=84007.542, num_knots=1693
2025-09-07 00:29:58,685 - Iter 18810: obj=-1375.866688, change=1.94e-06, α=1.000, ‖θ[1:]‖₁=2084.454, γ=84007.542, num_knots=1693
2025-09-07 00:29:59,029 - Iter 18820: obj=-1375.866770, change=1.94e-06, α=1.000, ‖θ[1:]‖₁=2084.454, γ=84007.542, num_knots=1693
2025-09-07 00:29:59,420 - Iter 18830: obj=-1375.866852, change=1.94e-06, α=1.000, ‖θ[1:]‖₁=2084.454, γ=84007.542, num_knots=1693
2025-09-07 00:29:59,731 - Iter 18840: obj=-1375.866933, change=1.94e-06, α=1.000, ‖θ[1:]‖₁=2084.454, γ=84007.542, num_knots=1693
2025-09-07 00:30:00,065 - Iter 18850: obj=-1375.867015, change=1.94e-06, α=1.000, ‖θ[1:]‖₁=2084.453, γ=84007.542, num_knots=1693
2025-09-07 00:30:00,419 - Iter 18860: obj=-1375.867096, change=1.94e-06, α=1.000, ‖θ[1:]‖₁=2084.453, γ=84007.542, num_knots=1693
2025-09-07 00:30:00,718 - Iter 18870: obj=-1375.867178, change=1.94e-06, α=1.000, ‖θ[1:]‖₁=2084.453, γ=84007.542, num_knots=1693
2025-09-07 00:30:01,036 - Iter 18880: obj=-1375.867260, change=1.94e-06, α=1.000, ‖θ[1:]‖₁=2084.453, γ=84007.542, num_knots=1693
2025-09-07 00:30:01,364 - Iter 18890: obj=-1375.867341, change=1.94e-06, α=1.000, ‖θ[1:]‖₁=2084.453, γ=84007.542, num_knots=1693
2025-09-07 00:30:01,684 - Iter 18900: obj=-1375.867423, change=1.94e-06, α=1.000, ‖θ[1:]‖₁=2084.452, γ=84007.542, num_knots=1693
2025-09-07 00:30:02,061 - Iter 18910: obj=-1375.867505, change=1.94e-06, α=1.000, ‖θ[1:]‖₁=2084.452, γ=84007.542, num_knots=1693
2025-09-07 00:30:02,402 - Iter 18920: obj=-1375.867586, change=1.94e-06, α=1.000, ‖θ[1:]‖₁=2084.452, γ=84007.542, num_knots=1693
2025-09-07 00:30:02,694 - Iter 18930: obj=-1375.867668, change=1.94e-06, α=1.000, ‖θ[1:]‖₁=2084.452, γ=84007.542, num_knots=1693
2025-09-07 00:30:03,072 - Iter 18940: obj=-1375.867750, change=1.94e-06, α=1.000, ‖θ[1:]‖₁=2084.451, γ=84007.542, num_knots=1693
2025-09-07 00:30:03,380 - Iter 18950: obj=-1375.867831, change=1.94e-06, α=1.000, ‖θ[1:]‖₁=2084.451, γ=84007.542, num_knots=1693
2025-09-07 00:30:03,731 - Iter 18960: obj=-1375.867913, change=1.94e-06, α=1.000, ‖θ[1:]‖₁=2084.451, γ=84007.542, num_knots=1693
2025-09-07 00:30:04,091 - Iter 18970: obj=-1375.867995, change=1.94e-06, α=1.000, ‖θ[1:]‖₁=2084.451, γ=84007.542, num_knots=1693
2025-09-07 00:30:04,426 - Iter 18980: obj=-1375.868076, change=1.94e-06, α=1.000, ‖θ[1:]‖₁=2084.450, γ=84007.542, num_knots=1693
2025-09-07 00:30:04,758 - Iter 18990: obj=-1375.868158, change=1.94e-06, α=1.000, ‖θ[1:]‖₁=2084.450, γ=84007.542, num_knots=1693
2025-09-07 00:30:05,100 - Iter 19000: obj=-1375.868239, change=1.94e-06, α=1.000, ‖θ[1:]‖₁=2084.450, γ=84007.542, num_knots=1693
2025-09-07 00:30:05,487 - Iter 19010: obj=-1375.868321, change=1.94e-06, α=1.000, ‖θ[1:]‖₁=2084.450, γ=84007.542, num_knots=1693
2025-09-07 00:30:05,829 - Iter 19020: obj=-1375.868403, change=1.94e-06, α=1.000, ‖θ[1:]‖₁=2084.450, γ=84007.542, num_knots=1693
2025-09-07 00:30:06,159 - Iter 19030: obj=-1375.868484, change=1.94e-06, α=1.000, ‖θ[1:]‖₁=2084.449, γ=84007.542, num_knots=1693
2025-09-07 00:30:06,495 - Iter 19040: obj=-1375.868566, change=1.94e-06, α=1.000, ‖θ[1:]‖₁=2084.449, γ=84007.542, num_knots=1693
2025-09-07 00:30:06,826 - Iter 19050: obj=-1375.868648, change=1.94e-06, α=1.000, ‖θ[1:]‖₁=2084.449, γ=84007.542, num_knots=1693
2025-09-07 00:30:07,176 - Iter 19060: obj=-1375.868729, change=1.94e-06, α=1.000, ‖θ[1:]‖₁=2084.449, γ=84007.542, num_knots=1693
2025-09-07 00:30:07,535 - Iter 19070: obj=-1375.868811, change=1.94e-06, α=1.000, ‖θ[1:]‖₁=2084.448, γ=84007.542, num_knots=1693
2025-09-07 00:30:07,869 - Iter 19080: obj=-1375.868893, change=1.94e-06, α=1.000, ‖θ[1:]‖₁=2084.448, γ=84007.542, num_knots=1693
2025-09-07 00:30:08,202 - Iter 19090: obj=-1375.868974, change=1.94e-06, α=1.000, ‖θ[1:]‖₁=2084.448, γ=84007.542, num_knots=1693
2025-09-07 00:30:08,581 - Iter 19100: obj=-1375.869056, change=1.94e-06, α=1.000, ‖θ[1:]‖₁=2084.448, γ=84007.542, num_knots=1693
2025-09-07 00:30:08,892 - Iter 19110: obj=-1375.869137, change=1.94e-06, α=1.000, ‖θ[1:]‖₁=2084.447, γ=84007.542, num_knots=1693
2025-09-07 00:30:09,227 - Iter 19120: obj=-1375.869219, change=1.94e-06, α=1.000, ‖θ[1:]‖₁=2084.447, γ=84007.542, num_knots=1693
2025-09-07 00:30:09,629 - Iter 19130: obj=-1375.869301, change=1.94e-06, α=1.000, ‖θ[1:]‖₁=2084.447, γ=84007.542, num_knots=1693
2025-09-07 00:30:09,977 - Iter 19140: obj=-1375.869382, change=1.94e-06, α=1.000, ‖θ[1:]‖₁=2084.447, γ=84007.542, num_knots=1693
2025-09-07 00:30:10,351 - Iter 19150: obj=-1375.869464, change=1.94e-06, α=1.000, ‖θ[1:]‖₁=2084.447, γ=84007.542, num_knots=1693
2025-09-07 00:30:10,711 - Iter 19160: obj=-1375.869546, change=1.94e-06, α=1.000, ‖θ[1:]‖₁=2084.446, γ=84007.542, num_knots=1693
2025-09-07 00:30:11,150 - Iter 19170: obj=-1375.869627, change=1.94e-06, α=1.000, ‖θ[1:]‖₁=2084.446, γ=84007.542, num_knots=1693
2025-09-07 00:30:11,493 - Iter 19180: obj=-1375.869709, change=1.94e-06, α=1.000, ‖θ[1:]‖₁=2084.446, γ=84007.542, num_knots=1693
2025-09-07 00:30:11,815 - Iter 19190: obj=-1375.869791, change=1.94e-06, α=1.000, ‖θ[1:]‖₁=2084.446, γ=84007.542, num_knots=1693
2025-09-07 00:30:12,143 - Iter 19200: obj=-1375.869872, change=1.94e-06, α=1.000, ‖θ[1:]‖₁=2084.445, γ=84007.542, num_knots=1693
2025-09-07 00:30:12,462 - Iter 19210: obj=-1375.869954, change=1.94e-06, α=1.000, ‖θ[1:]‖₁=2084.445, γ=84007.542, num_knots=1693
2025-09-07 00:30:12,796 - Iter 19220: obj=-1375.870036, change=1.94e-06, α=1.000, ‖θ[1:]‖₁=2084.445, γ=84007.542, num_knots=1693
2025-09-07 00:30:13,159 - Iter 19230: obj=-1375.870117, change=1.94e-06, α=1.000, ‖θ[1:]‖₁=2084.445, γ=84007.542, num_knots=1693
2025-09-07 00:30:13,510 - Iter 19240: obj=-1375.870199, change=1.94e-06, α=1.000, ‖θ[1:]‖₁=2084.444, γ=84007.542, num_knots=1693
2025-09-07 00:30:13,841 - Iter 19250: obj=-1375.870280, change=1.94e-06, α=1.000, ‖θ[1:]‖₁=2084.444, γ=84007.542, num_knots=1693
2025-09-07 00:30:14,172 - Iter 19260: obj=-1375.870362, change=1.94e-06, α=1.000, ‖θ[1:]‖₁=2084.444, γ=84007.542, num_knots=1693
2025-09-07 00:30:14,494 - Iter 19270: obj=-1375.870444, change=1.94e-06, α=1.000, ‖θ[1:]‖₁=2084.444, γ=84007.542, num_knots=1693
2025-09-07 00:30:14,842 - Iter 19280: obj=-1375.870525, change=1.94e-06, α=1.000, ‖θ[1:]‖₁=2084.444, γ=84007.542, num_knots=1693
2025-09-07 00:30:15,176 - Iter 19290: obj=-1375.870607, change=1.94e-06, α=1.000, ‖θ[1:]‖₁=2084.443, γ=84007.542, num_knots=1693
2025-09-07 00:30:15,534 - Iter 19300: obj=-1375.870689, change=1.94e-06, α=1.000, ‖θ[1:]‖₁=2084.443, γ=84007.542, num_knots=1693
2025-09-07 00:30:15,996 - Iter 19310: obj=-1375.870770, change=1.94e-06, α=1.000, ‖θ[1:]‖₁=2084.443, γ=84007.542, num_knots=1693
2025-09-07 00:30:16,354 - Iter 19320: obj=-1375.870852, change=1.94e-06, α=1.000, ‖θ[1:]‖₁=2084.443, γ=84007.542, num_knots=1693
2025-09-07 00:30:16,728 - Iter 19330: obj=-1375.870933, change=1.94e-06, α=1.000, ‖θ[1:]‖₁=2084.442, γ=84007.542, num_knots=1693
2025-09-07 00:30:17,098 - Iter 19340: obj=-1375.871015, change=1.94e-06, α=1.000, ‖θ[1:]‖₁=2084.442, γ=84007.542, num_knots=1693
2025-09-07 00:30:17,413 - Iter 19350: obj=-1375.871097, change=1.94e-06, α=1.000, ‖θ[1:]‖₁=2084.442, γ=84007.542, num_knots=1693
2025-09-07 00:30:17,764 - Iter 19360: obj=-1375.871178, change=1.94e-06, α=1.000, ‖θ[1:]‖₁=2084.442, γ=84007.542, num_knots=1693
2025-09-07 00:30:18,131 - Iter 19370: obj=-1375.871260, change=1.94e-06, α=1.000, ‖θ[1:]‖₁=2084.441, γ=84007.542, num_knots=1693
2025-09-07 00:30:18,443 - Iter 19380: obj=-1375.871342, change=1.94e-06, α=1.000, ‖θ[1:]‖₁=2084.441, γ=84007.542, num_knots=1693
2025-09-07 00:30:18,771 - Iter 19390: obj=-1375.871423, change=1.94e-06, α=1.000, ‖θ[1:]‖₁=2084.441, γ=84007.542, num_knots=1693
2025-09-07 00:30:19,091 - Iter 19400: obj=-1375.871505, change=1.94e-06, α=1.000, ‖θ[1:]‖₁=2084.441, γ=84007.542, num_knots=1693
2025-09-07 00:30:19,434 - Iter 19410: obj=-1375.871587, change=1.94e-06, α=1.000, ‖θ[1:]‖₁=2084.440, γ=84007.542, num_knots=1693
2025-09-07 00:30:19,760 - Iter 19420: obj=-1375.871668, change=1.94e-06, α=1.000, ‖θ[1:]‖₁=2084.440, γ=84007.542, num_knots=1693
2025-09-07 00:30:20,076 - Iter 19430: obj=-1375.871750, change=1.94e-06, α=1.000, ‖θ[1:]‖₁=2084.440, γ=84007.542, num_knots=1693
2025-09-07 00:30:20,439 - Iter 19440: obj=-1375.871831, change=1.94e-06, α=1.000, ‖θ[1:]‖₁=2084.440, γ=84007.542, num_knots=1693
2025-09-07 00:30:20,758 - Iter 19450: obj=-1375.871913, change=1.94e-06, α=1.000, ‖θ[1:]‖₁=2084.440, γ=84007.542, num_knots=1693
2025-09-07 00:30:21,097 - Iter 19460: obj=-1375.871995, change=1.94e-06, α=1.000, ‖θ[1:]‖₁=2084.439, γ=84007.542, num_knots=1693
2025-09-07 00:30:21,409 - Iter 19470: obj=-1375.872076, change=1.94e-06, α=1.000, ‖θ[1:]‖₁=2084.439, γ=84007.542, num_knots=1693
2025-09-07 00:30:21,777 - Iter 19480: obj=-1375.872158, change=1.94e-06, α=1.000, ‖θ[1:]‖₁=2084.439, γ=84007.542, num_knots=1693
2025-09-07 00:30:22,100 - Iter 19490: obj=-1375.872240, change=1.94e-06, α=1.000, ‖θ[1:]‖₁=2084.439, γ=84007.542, num_knots=1693
2025-09-07 00:30:22,432 - Iter 19500: obj=-1375.872321, change=1.94e-06, α=1.000, ‖θ[1:]‖₁=2084.438, γ=84007.542, num_knots=1693
2025-09-07 00:30:22,833 - Iter 19510: obj=-1375.872403, change=1.94e-06, α=1.000, ‖θ[1:]‖₁=2084.438, γ=84007.542, num_knots=1693
2025-09-07 00:30:23,271 - Iter 19520: obj=-1375.872485, change=1.94e-06, α=1.000, ‖θ[1:]‖₁=2084.438, γ=84007.542, num_knots=1693
2025-09-07 00:30:23,609 - Iter 19530: obj=-1375.872566, change=1.94e-06, α=1.000, ‖θ[1:]‖₁=2084.438, γ=84007.542, num_knots=1693
2025-09-07 00:30:23,940 - Iter 19540: obj=-1375.872648, change=1.94e-06, α=1.000, ‖θ[1:]‖₁=2084.437, γ=84007.542, num_knots=1693
2025-09-07 00:30:24,298 - Iter 19550: obj=-1375.872729, change=1.94e-06, α=1.000, ‖θ[1:]‖₁=2084.437, γ=84007.542, num_knots=1693
2025-09-07 00:30:24,621 - Iter 19560: obj=-1375.872811, change=1.94e-06, α=1.000, ‖θ[1:]‖₁=2084.437, γ=84007.542, num_knots=1693
2025-09-07 00:30:25,064 - Iter 19570: obj=-1375.872893, change=1.94e-06, α=1.000, ‖θ[1:]‖₁=2084.437, γ=84007.542, num_knots=1693
2025-09-07 00:30:25,423 - Iter 19580: obj=-1375.872974, change=1.94e-06, α=1.000, ‖θ[1:]‖₁=2084.437, γ=84007.542, num_knots=1693
2025-09-07 00:30:25,762 - Iter 19590: obj=-1375.873056, change=1.94e-06, α=1.000, ‖θ[1:]‖₁=2084.436, γ=84007.542, num_knots=1693
2025-09-07 00:30:26,092 - Iter 19600: obj=-1375.873138, change=1.94e-06, α=1.000, ‖θ[1:]‖₁=2084.436, γ=84007.542, num_knots=1693
2025-09-07 00:30:26,449 - Iter 19610: obj=-1375.873219, change=1.94e-06, α=1.000, ‖θ[1:]‖₁=2084.436, γ=84007.542, num_knots=1693
2025-09-07 00:30:26,776 - Iter 19620: obj=-1375.873301, change=1.94e-06, α=1.000, ‖θ[1:]‖₁=2084.436, γ=84007.542, num_knots=1693
2025-09-07 00:30:27,142 - Iter 19630: obj=-1375.873382, change=1.94e-06, α=1.000, ‖θ[1:]‖₁=2084.435, γ=84007.542, num_knots=1693
2025-09-07 00:30:27,484 - Iter 19640: obj=-1375.873464, change=1.94e-06, α=1.000, ‖θ[1:]‖₁=2084.435, γ=84007.542, num_knots=1693
2025-09-07 00:30:27,809 - Iter 19650: obj=-1375.873546, change=1.94e-06, α=1.000, ‖θ[1:]‖₁=2084.435, γ=84007.542, num_knots=1693
2025-09-07 00:30:28,154 - Iter 19660: obj=-1375.873627, change=1.94e-06, α=1.000, ‖θ[1:]‖₁=2084.435, γ=84007.542, num_knots=1693
2025-09-07 00:30:28,542 - Iter 19670: obj=-1375.873709, change=1.94e-06, α=1.000, ‖θ[1:]‖₁=2084.434, γ=84007.542, num_knots=1693
2025-09-07 00:30:28,877 - Iter 19680: obj=-1375.873791, change=1.94e-06, α=1.000, ‖θ[1:]‖₁=2084.434, γ=84007.542, num_knots=1693
2025-09-07 00:30:29,214 - Iter 19690: obj=-1375.873872, change=1.94e-06, α=1.000, ‖θ[1:]‖₁=2084.434, γ=84007.542, num_knots=1693
2025-09-07 00:30:29,590 - Iter 19700: obj=-1375.873954, change=1.94e-06, α=1.000, ‖θ[1:]‖₁=2084.434, γ=84007.542, num_knots=1693
2025-09-07 00:30:29,908 - Iter 19710: obj=-1375.874036, change=1.94e-06, α=1.000, ‖θ[1:]‖₁=2084.434, γ=84007.542, num_knots=1693
2025-09-07 00:30:30,206 - Iter 19720: obj=-1375.874117, change=1.94e-06, α=1.000, ‖θ[1:]‖₁=2084.433, γ=84007.542, num_knots=1693
2025-09-07 00:30:30,560 - Iter 19730: obj=-1375.874199, change=1.94e-06, α=1.000, ‖θ[1:]‖₁=2084.433, γ=84007.542, num_knots=1693
2025-09-07 00:30:30,898 - Iter 19740: obj=-1375.874280, change=1.94e-06, α=1.000, ‖θ[1:]‖₁=2084.433, γ=84007.542, num_knots=1693
2025-09-07 00:30:31,221 - Iter 19750: obj=-1375.874362, change=1.94e-06, α=1.000, ‖θ[1:]‖₁=2084.433, γ=84007.542, num_knots=1693
2025-09-07 00:30:31,561 - Iter 19760: obj=-1375.874444, change=1.94e-06, α=1.000, ‖θ[1:]‖₁=2084.432, γ=84007.542, num_knots=1693
2025-09-07 00:30:31,878 - Iter 19770: obj=-1375.874525, change=1.94e-06, α=1.000, ‖θ[1:]‖₁=2084.432, γ=84007.542, num_knots=1693
2025-09-07 00:30:32,262 - Iter 19780: obj=-1375.874607, change=1.94e-06, α=1.000, ‖θ[1:]‖₁=2084.432, γ=84007.542, num_knots=1693
2025-09-07 00:30:32,569 - Iter 19790: obj=-1375.874689, change=1.94e-06, α=1.000, ‖θ[1:]‖₁=2084.432, γ=84007.542, num_knots=1693
2025-09-07 00:30:32,906 - Iter 19800: obj=-1375.874770, change=1.94e-06, α=1.000, ‖θ[1:]‖₁=2084.431, γ=84007.542, num_knots=1693
2025-09-07 00:30:33,233 - Iter 19810: obj=-1375.874852, change=1.94e-06, α=1.000, ‖θ[1:]‖₁=2084.431, γ=84007.542, num_knots=1693
2025-09-07 00:30:33,547 - Iter 19820: obj=-1375.874933, change=1.94e-06, α=1.000, ‖θ[1:]‖₁=2084.431, γ=84007.542, num_knots=1693
2025-09-07 00:30:33,899 - Iter 19830: obj=-1375.875015, change=1.94e-06, α=1.000, ‖θ[1:]‖₁=2084.431, γ=84007.542, num_knots=1693
2025-09-07 00:30:34,314 - Iter 19840: obj=-1375.875097, change=1.94e-06, α=1.000, ‖θ[1:]‖₁=2084.430, γ=84007.542, num_knots=1693
2025-09-07 00:30:34,684 - Iter 19850: obj=-1375.875178, change=1.94e-06, α=1.000, ‖θ[1:]‖₁=2084.430, γ=84007.542, num_knots=1693
2025-09-07 00:30:35,082 - Iter 19860: obj=-1375.875269, change=1.35e-05, α=1.000, ‖θ[1:]‖₁=2084.430, γ=1954.946, num_knots=1692
2025-09-07 00:30:35,613 - Iter 19870: obj=-1375.876138, change=1.00e-04, α=1.000, ‖θ[1:]‖₁=2084.426, γ=84279.948, num_knots=1692
2025-09-07 00:30:35,976 - Iter 19880: obj=-1376.032665, change=8.88e-04, α=1.000, ‖θ[1:]‖₁=2084.005, γ=90712.393, num_knots=2526
2025-09-07 00:30:36,296 - Iter 19890: obj=-1376.033945, change=1.75e-06, α=1.000, ‖θ[1:]‖₁=2084.003, γ=86377.868, num_knots=1970
2025-09-07 00:30:36,652 - Iter 19900: obj=-1376.034045, change=1.80e-06, α=1.000, ‖θ[1:]‖₁=2084.003, γ=89786.954, num_knots=1707
2025-09-07 00:30:37,005 - Iter 19910: obj=-1376.035986, change=7.75e-06, α=1.000, ‖θ[1:]‖₁=2083.997, γ=90683.663, num_knots=1686
2025-09-07 00:30:37,363 - Iter 19920: obj=-1376.036198, change=1.55e-04, α=1.000, ‖θ[1:]‖₁=2083.995, γ=43415.740, num_knots=1686
2025-09-07 00:30:37,694 - Iter 19930: obj=-1376.037647, change=1.78e-06, α=1.000, ‖θ[1:]‖₁=2083.992, γ=90239.728, num_knots=1686
2025-09-07 00:30:38,043 - Iter 19940: obj=-1376.039458, change=1.78e-06, α=1.000, ‖θ[1:]‖₁=2083.987, γ=90558.048, num_knots=1686
2025-09-07 00:30:38,457 - Iter 19950: obj=-1376.040251, change=1.78e-06, α=1.000, ‖θ[1:]‖₁=2083.985, γ=89837.882, num_knots=1686
2025-09-07 00:30:38,837 - Iter 19960: obj=-1376.041126, change=1.78e-06, α=1.000, ‖θ[1:]‖₁=2083.983, γ=89211.016, num_knots=1686
2025-09-07 00:30:39,196 - Iter 19970: obj=-1376.052058, change=8.83e-06, α=1.000, ‖θ[1:]‖₁=2083.953, γ=90679.596, num_knots=1685
2025-09-07 00:30:39,550 - Iter 19980: obj=-1376.052150, change=5.59e-05, α=1.000, ‖θ[1:]‖₁=2083.952, γ=1446.745, num_knots=1685
2025-09-07 00:30:39,879 - Iter 19990: obj=-1376.053453, change=9.80e-05, α=1.000, ‖θ[1:]‖₁=2083.948, γ=87758.002, num_knots=1685
2025-09-07 00:30:40,477 - Iter 20000: obj=-1376.054140, change=1.25e-04, α=1.000, ‖θ[1:]‖₁=2083.945, γ=69071.284, num_knots=1685
2025-09-07 00:30:40,888 - Iter 20010: obj=-1376.074536, change=2.29e-04, α=1.000, ‖θ[1:]‖₁=2083.891, γ=90669.840, num_knots=2125
2025-09-07 00:30:41,343 - Iter 20020: obj=-1376.074812, change=2.05e-06, α=1.000, ‖θ[1:]‖₁=2083.890, γ=90680.413, num_knots=1685
2025-09-07 00:30:41,777 - Iter 20030: obj=-1376.075612, change=2.35e-06, α=1.000, ‖θ[1:]‖₁=2083.888, γ=90665.712, num_knots=1685
2025-09-07 00:30:42,131 - Iter 20040: obj=-1376.089212, change=1.04e-05, α=1.000, ‖θ[1:]‖₁=2083.851, γ=90595.676, num_knots=1808
2025-09-07 00:30:42,496 - Iter 20050: obj=-1376.089296, change=2.71e-06, α=1.000, ‖θ[1:]‖₁=2083.851, γ=17902.327, num_knots=1685
2025-09-07 00:30:42,835 - Iter 20060: obj=-1376.093162, change=1.77e-06, α=1.000, ‖θ[1:]‖₁=2083.840, γ=88823.490, num_knots=1685
2025-09-07 00:30:43,196 - Iter 20070: obj=-1376.124446, change=1.79e-06, α=1.000, ‖θ[1:]‖₁=2083.754, γ=90637.495, num_knots=1684
2025-09-07 00:30:43,541 - Iter 20080: obj=-1376.126344, change=3.12e-06, α=1.000, ‖θ[1:]‖₁=2083.749, γ=90682.320, num_knots=1684
2025-09-07 00:30:43,859 - Iter 20090: obj=-1376.184746, change=2.02e-04, α=1.000, ‖θ[1:]‖₁=2083.590, γ=90683.192, num_knots=1681
2025-09-07 00:30:44,227 - Iter 20100: obj=-1376.184882, change=2.11e-06, α=1.000, ‖θ[1:]‖₁=2083.590, γ=35413.701, num_knots=1681
2025-09-07 00:30:44,628 - Iter 20110: obj=-1376.186064, change=4.76e-06, α=1.000, ‖θ[1:]‖₁=2083.587, γ=90636.988, num_knots=1681
2025-09-07 00:30:44,962 - Iter 20120: obj=-1376.186671, change=1.74e-06, α=1.000, ‖θ[1:]‖₁=2083.586, γ=90250.444, num_knots=1681
2025-09-07 00:30:45,284 - Iter 20130: obj=-1376.187680, change=1.75e-06, α=1.000, ‖θ[1:]‖₁=2083.583, γ=90578.627, num_knots=1681
2025-09-07 00:30:45,694 - Iter 20140: obj=-1376.188463, change=1.76e-06, α=1.000, ‖θ[1:]‖₁=2083.581, γ=90652.767, num_knots=1681
2025-09-07 00:30:46,117 - Iter 20150: obj=-1376.188537, change=1.76e-06, α=1.000, ‖θ[1:]‖₁=2083.581, γ=90652.767, num_knots=1681
2025-09-07 00:30:46,490 - Iter 20160: obj=-1376.188610, change=1.76e-06, α=1.000, ‖θ[1:]‖₁=2083.580, γ=90652.767, num_knots=1681
2025-09-07 00:30:46,813 - Iter 20170: obj=-1376.188684, change=1.76e-06, α=1.000, ‖θ[1:]‖₁=2083.580, γ=90652.767, num_knots=1681
2025-09-07 00:30:47,190 - Iter 20180: obj=-1376.188758, change=1.76e-06, α=1.000, ‖θ[1:]‖₁=2083.580, γ=90652.767, num_knots=1681
2025-09-07 00:30:47,548 - Iter 20190: obj=-1376.188832, change=1.76e-06, α=1.000, ‖θ[1:]‖₁=2083.580, γ=90652.767, num_knots=1681
2025-09-07 00:30:47,877 - Iter 20200: obj=-1376.188906, change=1.76e-06, α=1.000, ‖θ[1:]‖₁=2083.580, γ=90652.767, num_knots=1681
2025-09-07 00:30:48,231 - Iter 20210: obj=-1376.188980, change=1.76e-06, α=1.000, ‖θ[1:]‖₁=2083.579, γ=90652.767, num_knots=1681
2025-09-07 00:30:48,592 - Iter 20220: obj=-1376.189053, change=1.76e-06, α=1.000, ‖θ[1:]‖₁=2083.579, γ=90652.767, num_knots=1681
2025-09-07 00:30:48,963 - Iter 20230: obj=-1376.189127, change=1.76e-06, α=1.000, ‖θ[1:]‖₁=2083.579, γ=90652.767, num_knots=1681
2025-09-07 00:30:49,277 - Iter 20240: obj=-1376.189201, change=1.76e-06, α=1.000, ‖θ[1:]‖₁=2083.579, γ=90652.767, num_knots=1681
2025-09-07 00:30:49,640 - Iter 20250: obj=-1376.189275, change=1.76e-06, α=1.000, ‖θ[1:]‖₁=2083.579, γ=90652.767, num_knots=1681
2025-09-07 00:30:49,994 - Iter 20260: obj=-1376.189349, change=1.76e-06, α=1.000, ‖θ[1:]‖₁=2083.578, γ=90652.767, num_knots=1681
2025-09-07 00:30:50,370 - Iter 20270: obj=-1376.189423, change=1.76e-06, α=1.000, ‖θ[1:]‖₁=2083.578, γ=90652.767, num_knots=1681
2025-09-07 00:30:50,744 - Iter 20280: obj=-1376.189496, change=1.76e-06, α=1.000, ‖θ[1:]‖₁=2083.578, γ=90652.767, num_knots=1681
2025-09-07 00:30:51,070 - Iter 20290: obj=-1376.189570, change=1.76e-06, α=1.000, ‖θ[1:]‖₁=2083.578, γ=90652.767, num_knots=1681
2025-09-07 00:30:51,386 - Iter 20300: obj=-1376.189644, change=1.76e-06, α=1.000, ‖θ[1:]‖₁=2083.578, γ=90652.767, num_knots=1681
2025-09-07 00:30:51,750 - Iter 20310: obj=-1376.189718, change=1.76e-06, α=1.000, ‖θ[1:]‖₁=2083.577, γ=90652.767, num_knots=1681
2025-09-07 00:30:52,101 - Iter 20320: obj=-1376.189792, change=1.76e-06, α=1.000, ‖θ[1:]‖₁=2083.577, γ=90652.767, num_knots=1681
2025-09-07 00:30:52,465 - Iter 20330: obj=-1376.189866, change=1.76e-06, α=1.000, ‖θ[1:]‖₁=2083.577, γ=90652.767, num_knots=1681
2025-09-07 00:30:52,827 - Iter 20340: obj=-1376.189939, change=1.76e-06, α=1.000, ‖θ[1:]‖₁=2083.577, γ=90652.767, num_knots=1681
2025-09-07 00:30:53,179 - Iter 20350: obj=-1376.190013, change=1.76e-06, α=1.000, ‖θ[1:]‖₁=2083.577, γ=90652.767, num_knots=1681
2025-09-07 00:30:53,517 - Iter 20360: obj=-1376.190087, change=1.76e-06, α=1.000, ‖θ[1:]‖₁=2083.576, γ=90652.767, num_knots=1681
2025-09-07 00:30:53,884 - Iter 20370: obj=-1376.190161, change=1.76e-06, α=1.000, ‖θ[1:]‖₁=2083.576, γ=90652.767, num_knots=1681
2025-09-07 00:30:54,196 - Iter 20380: obj=-1376.190235, change=1.76e-06, α=1.000, ‖θ[1:]‖₁=2083.576, γ=90652.767, num_knots=1681
2025-09-07 00:30:54,516 - Iter 20390: obj=-1376.190309, change=1.76e-06, α=1.000, ‖θ[1:]‖₁=2083.576, γ=90652.767, num_knots=1681
2025-09-07 00:30:54,853 - Iter 20400: obj=-1376.190382, change=1.76e-06, α=1.000, ‖θ[1:]‖₁=2083.576, γ=90652.767, num_knots=1681
2025-09-07 00:30:55,200 - Iter 20410: obj=-1376.190456, change=1.76e-06, α=1.000, ‖θ[1:]‖₁=2083.575, γ=90652.767, num_knots=1681
2025-09-07 00:30:55,560 - Iter 20420: obj=-1376.190530, change=1.76e-06, α=1.000, ‖θ[1:]‖₁=2083.575, γ=90652.767, num_knots=1681
2025-09-07 00:30:55,943 - Iter 20430: obj=-1376.190604, change=1.76e-06, α=1.000, ‖θ[1:]‖₁=2083.575, γ=90652.767, num_knots=1681
2025-09-07 00:30:56,346 - Iter 20440: obj=-1376.190678, change=1.76e-06, α=1.000, ‖θ[1:]‖₁=2083.575, γ=90652.767, num_knots=1681
2025-09-07 00:30:56,728 - Iter 20450: obj=-1376.190752, change=1.76e-06, α=1.000, ‖θ[1:]‖₁=2083.575, γ=90652.767, num_knots=1681
2025-09-07 00:30:57,071 - Iter 20460: obj=-1376.190825, change=1.76e-06, α=1.000, ‖θ[1:]‖₁=2083.574, γ=90652.767, num_knots=1681
2025-09-07 00:30:57,502 - Iter 20470: obj=-1376.190899, change=1.76e-06, α=1.000, ‖θ[1:]‖₁=2083.574, γ=90652.767, num_knots=1681
2025-09-07 00:30:57,834 - Iter 20480: obj=-1376.190973, change=1.76e-06, α=1.000, ‖θ[1:]‖₁=2083.574, γ=90652.767, num_knots=1681
2025-09-07 00:30:58,160 - Iter 20490: obj=-1376.191047, change=1.76e-06, α=1.000, ‖θ[1:]‖₁=2083.574, γ=90652.767, num_knots=1681
2025-09-07 00:30:58,611 - Iter 20500: obj=-1376.191121, change=1.76e-06, α=1.000, ‖θ[1:]‖₁=2083.573, γ=90652.767, num_knots=1681
2025-09-07 00:30:59,177 - Iter 20510: obj=-1376.191195, change=1.76e-06, α=1.000, ‖θ[1:]‖₁=2083.573, γ=90652.767, num_knots=1681
2025-09-07 00:30:59,520 - Iter 20520: obj=-1376.191268, change=1.76e-06, α=1.000, ‖θ[1:]‖₁=2083.573, γ=90652.767, num_knots=1681
2025-09-07 00:30:59,842 - Iter 20530: obj=-1376.191342, change=1.76e-06, α=1.000, ‖θ[1:]‖₁=2083.573, γ=90652.767, num_knots=1681
2025-09-07 00:31:00,185 - Iter 20540: obj=-1376.191416, change=1.76e-06, α=1.000, ‖θ[1:]‖₁=2083.573, γ=90652.767, num_knots=1681
2025-09-07 00:31:00,563 - Iter 20550: obj=-1376.191490, change=1.76e-06, α=1.000, ‖θ[1:]‖₁=2083.572, γ=90652.767, num_knots=1681
2025-09-07 00:31:00,913 - Iter 20560: obj=-1376.191564, change=1.76e-06, α=1.000, ‖θ[1:]‖₁=2083.572, γ=90652.767, num_knots=1681
2025-09-07 00:31:01,235 - Iter 20570: obj=-1376.191637, change=1.76e-06, α=1.000, ‖θ[1:]‖₁=2083.572, γ=90652.767, num_knots=1681
2025-09-07 00:31:01,559 - Iter 20580: obj=-1376.191711, change=1.76e-06, α=1.000, ‖θ[1:]‖₁=2083.572, γ=90652.767, num_knots=1681
2025-09-07 00:31:01,910 - Iter 20590: obj=-1376.191785, change=1.76e-06, α=1.000, ‖θ[1:]‖₁=2083.572, γ=90652.767, num_knots=1681
2025-09-07 00:31:02,300 - Iter 20600: obj=-1376.191859, change=1.76e-06, α=1.000, ‖θ[1:]‖₁=2083.571, γ=90652.767, num_knots=1681
2025-09-07 00:31:02,632 - Iter 20610: obj=-1376.191933, change=1.76e-06, α=1.000, ‖θ[1:]‖₁=2083.571, γ=90652.767, num_knots=1681
2025-09-07 00:31:03,039 - Iter 20620: obj=-1376.192007, change=1.76e-06, α=1.000, ‖θ[1:]‖₁=2083.571, γ=90652.767, num_knots=1681
2025-09-07 00:31:03,461 - Iter 20630: obj=-1376.192080, change=1.76e-06, α=1.000, ‖θ[1:]‖₁=2083.571, γ=90652.767, num_knots=1681
2025-09-07 00:31:03,779 - Iter 20640: obj=-1376.192154, change=1.76e-06, α=1.000, ‖θ[1:]‖₁=2083.571, γ=90652.767, num_knots=1681
2025-09-07 00:31:04,141 - Iter 20650: obj=-1376.192228, change=1.76e-06, α=1.000, ‖θ[1:]‖₁=2083.570, γ=90652.767, num_knots=1681
2025-09-07 00:31:04,558 - Iter 20660: obj=-1376.192302, change=1.76e-06, α=1.000, ‖θ[1:]‖₁=2083.570, γ=90652.767, num_knots=1681
2025-09-07 00:31:04,934 - Iter 20670: obj=-1376.192376, change=1.76e-06, α=1.000, ‖θ[1:]‖₁=2083.570, γ=90652.767, num_knots=1681
2025-09-07 00:31:05,246 - Iter 20680: obj=-1376.192450, change=1.76e-06, α=1.000, ‖θ[1:]‖₁=2083.570, γ=90652.767, num_knots=1681
2025-09-07 00:31:05,575 - Iter 20690: obj=-1376.192523, change=1.76e-06, α=1.000, ‖θ[1:]‖₁=2083.570, γ=90652.767, num_knots=1681
2025-09-07 00:31:05,907 - Iter 20700: obj=-1376.192597, change=1.76e-06, α=1.000, ‖θ[1:]‖₁=2083.569, γ=90652.767, num_knots=1681
2025-09-07 00:31:06,254 - Iter 20710: obj=-1376.192671, change=1.76e-06, α=1.000, ‖θ[1:]‖₁=2083.569, γ=90652.767, num_knots=1681
2025-09-07 00:31:06,610 - Iter 20720: obj=-1376.192745, change=1.76e-06, α=1.000, ‖θ[1:]‖₁=2083.569, γ=90652.767, num_knots=1681
2025-09-07 00:31:06,999 - Iter 20730: obj=-1376.192819, change=1.76e-06, α=1.000, ‖θ[1:]‖₁=2083.569, γ=90652.767, num_knots=1681
2025-09-07 00:31:07,428 - Iter 20740: obj=-1376.192893, change=1.76e-06, α=1.000, ‖θ[1:]‖₁=2083.569, γ=90652.767, num_knots=1681
2025-09-07 00:31:07,761 - Iter 20750: obj=-1376.192966, change=1.76e-06, α=1.000, ‖θ[1:]‖₁=2083.568, γ=90652.767, num_knots=1681
2025-09-07 00:31:08,085 - Iter 20760: obj=-1376.193040, change=1.76e-06, α=1.000, ‖θ[1:]‖₁=2083.568, γ=90652.767, num_knots=1681
2025-09-07 00:31:08,415 - Iter 20770: obj=-1376.193114, change=1.76e-06, α=1.000, ‖θ[1:]‖₁=2083.568, γ=90652.767, num_knots=1681
2025-09-07 00:31:08,792 - Iter 20780: obj=-1376.193188, change=1.76e-06, α=1.000, ‖θ[1:]‖₁=2083.568, γ=90652.767, num_knots=1681
2025-09-07 00:31:09,154 - Iter 20790: obj=-1376.193262, change=1.76e-06, α=1.000, ‖θ[1:]‖₁=2083.568, γ=90652.767, num_knots=1681
2025-09-07 00:31:09,515 - Iter 20800: obj=-1376.193335, change=1.76e-06, α=1.000, ‖θ[1:]‖₁=2083.567, γ=90652.767, num_knots=1681
2025-09-07 00:31:09,876 - Iter 20810: obj=-1376.193409, change=1.76e-06, α=1.000, ‖θ[1:]‖₁=2083.567, γ=90652.767, num_knots=1681
2025-09-07 00:31:10,218 - Iter 20820: obj=-1376.193483, change=1.76e-06, α=1.000, ‖θ[1:]‖₁=2083.567, γ=90652.767, num_knots=1681
2025-09-07 00:31:10,595 - Iter 20830: obj=-1376.193557, change=1.76e-06, α=1.000, ‖θ[1:]‖₁=2083.567, γ=90652.767, num_knots=1681
2025-09-07 00:31:10,973 - Iter 20840: obj=-1376.193631, change=1.76e-06, α=1.000, ‖θ[1:]‖₁=2083.567, γ=90652.767, num_knots=1681
2025-09-07 00:31:11,308 - Iter 20850: obj=-1376.193705, change=1.76e-06, α=1.000, ‖θ[1:]‖₁=2083.566, γ=90652.767, num_knots=1681
2025-09-07 00:31:11,643 - Iter 20860: obj=-1376.193778, change=1.76e-06, α=1.000, ‖θ[1:]‖₁=2083.566, γ=90652.767, num_knots=1681
2025-09-07 00:31:11,964 - Iter 20870: obj=-1376.193852, change=1.76e-06, α=1.000, ‖θ[1:]‖₁=2083.566, γ=90652.767, num_knots=1681
2025-09-07 00:31:12,298 - Iter 20880: obj=-1376.193926, change=1.76e-06, α=1.000, ‖θ[1:]‖₁=2083.566, γ=90652.767, num_knots=1681
2025-09-07 00:31:12,616 - Iter 20890: obj=-1376.194000, change=1.76e-06, α=1.000, ‖θ[1:]‖₁=2083.566, γ=90652.767, num_knots=1681
2025-09-07 00:31:12,950 - Iter 20900: obj=-1376.194074, change=1.76e-06, α=1.000, ‖θ[1:]‖₁=2083.565, γ=90652.767, num_knots=1681
2025-09-07 00:31:13,304 - Iter 20910: obj=-1376.194147, change=1.76e-06, α=1.000, ‖θ[1:]‖₁=2083.565, γ=90652.767, num_knots=1681
2025-09-07 00:31:13,609 - Iter 20920: obj=-1376.194221, change=1.76e-06, α=1.000, ‖θ[1:]‖₁=2083.565, γ=90652.767, num_knots=1681
2025-09-07 00:31:13,934 - Iter 20930: obj=-1376.194295, change=1.76e-06, α=1.000, ‖θ[1:]‖₁=2083.565, γ=90652.767, num_knots=1681
2025-09-07 00:31:14,281 - Iter 20940: obj=-1376.194369, change=1.76e-06, α=1.000, ‖θ[1:]‖₁=2083.565, γ=90652.767, num_knots=1681
2025-09-07 00:31:14,610 - Iter 20950: obj=-1376.194443, change=1.76e-06, α=1.000, ‖θ[1:]‖₁=2083.564, γ=90652.767, num_knots=1681
2025-09-07 00:31:14,999 - Iter 20960: obj=-1376.194517, change=1.76e-06, α=1.000, ‖θ[1:]‖₁=2083.564, γ=90652.767, num_knots=1681
2025-09-07 00:31:15,315 - Iter 20970: obj=-1376.194590, change=1.76e-06, α=1.000, ‖θ[1:]‖₁=2083.564, γ=90652.767, num_knots=1681
2025-09-07 00:31:15,674 - Iter 20980: obj=-1376.194664, change=1.76e-06, α=1.000, ‖θ[1:]‖₁=2083.564, γ=90652.767, num_knots=1681
2025-09-07 00:31:16,064 - Iter 20990: obj=-1376.194738, change=1.76e-06, α=1.000, ‖θ[1:]‖₁=2083.564, γ=90652.767, num_knots=1681
2025-09-07 00:31:16,380 - Iter 21000: obj=-1376.194812, change=1.76e-06, α=1.000, ‖θ[1:]‖₁=2083.563, γ=90652.767, num_knots=1681
2025-09-07 00:31:16,694 - Iter 21010: obj=-1376.194886, change=1.76e-06, α=1.000, ‖θ[1:]‖₁=2083.563, γ=90652.767, num_knots=1681
2025-09-07 00:31:17,038 - Iter 21020: obj=-1376.194960, change=1.76e-06, α=1.000, ‖θ[1:]‖₁=2083.563, γ=90652.767, num_knots=1681
2025-09-07 00:31:17,419 - Iter 21030: obj=-1376.195033, change=1.76e-06, α=1.000, ‖θ[1:]‖₁=2083.563, γ=90652.767, num_knots=1681
2025-09-07 00:31:17,867 - Iter 21040: obj=-1376.195107, change=1.76e-06, α=1.000, ‖θ[1:]‖₁=2083.563, γ=90652.767, num_knots=1681
2025-09-07 00:31:18,236 - Iter 21050: obj=-1376.195181, change=1.76e-06, α=1.000, ‖θ[1:]‖₁=2083.562, γ=90652.767, num_knots=1681
2025-09-07 00:31:18,577 - Iter 21060: obj=-1376.195255, change=1.76e-06, α=1.000, ‖θ[1:]‖₁=2083.562, γ=90652.767, num_knots=1681
2025-09-07 00:31:18,914 - Iter 21070: obj=-1376.195329, change=1.76e-06, α=1.000, ‖θ[1:]‖₁=2083.562, γ=90652.767, num_knots=1681
2025-09-07 00:31:19,264 - Iter 21080: obj=-1376.195402, change=1.76e-06, α=1.000, ‖θ[1:]‖₁=2083.562, γ=90652.767, num_knots=1681
2025-09-07 00:31:19,643 - Iter 21090: obj=-1376.195476, change=1.76e-06, α=1.000, ‖θ[1:]‖₁=2083.562, γ=90652.767, num_knots=1681
2025-09-07 00:31:19,973 - Iter 21100: obj=-1376.195550, change=1.76e-06, α=1.000, ‖θ[1:]‖₁=2083.561, γ=90652.767, num_knots=1681
2025-09-07 00:31:20,343 - Iter 21110: obj=-1376.195624, change=1.76e-06, α=1.000, ‖θ[1:]‖₁=2083.561, γ=90652.767, num_knots=1681
2025-09-07 00:31:20,687 - Iter 21120: obj=-1376.195698, change=1.76e-06, α=1.000, ‖θ[1:]‖₁=2083.561, γ=90652.767, num_knots=1681
2025-09-07 00:31:21,001 - Iter 21130: obj=-1376.195772, change=1.76e-06, α=1.000, ‖θ[1:]‖₁=2083.561, γ=90652.767, num_knots=1681
2025-09-07 00:31:21,330 - Iter 21140: obj=-1376.195845, change=1.76e-06, α=1.000, ‖θ[1:]‖₁=2083.561, γ=90652.767, num_knots=1681
2025-09-07 00:31:21,671 - Iter 21150: obj=-1376.195919, change=1.76e-06, α=1.000, ‖θ[1:]‖₁=2083.560, γ=90652.767, num_knots=1681
2025-09-07 00:31:22,099 - Iter 21160: obj=-1376.195993, change=1.76e-06, α=1.000, ‖θ[1:]‖₁=2083.560, γ=90652.767, num_knots=1681
2025-09-07 00:31:22,426 - Iter 21170: obj=-1376.196067, change=1.76e-06, α=1.000, ‖θ[1:]‖₁=2083.560, γ=90652.767, num_knots=1681
2025-09-07 00:31:22,773 - Iter 21180: obj=-1376.196141, change=1.76e-06, α=1.000, ‖θ[1:]‖₁=2083.560, γ=90652.767, num_knots=1681
2025-09-07 00:31:23,094 - Iter 21190: obj=-1376.196214, change=1.76e-06, α=1.000, ‖θ[1:]‖₁=2083.560, γ=90652.767, num_knots=1681
2025-09-07 00:31:23,411 - Iter 21200: obj=-1376.196288, change=1.76e-06, α=1.000, ‖θ[1:]‖₁=2083.559, γ=90652.767, num_knots=1681
2025-09-07 00:31:23,781 - Iter 21210: obj=-1376.196362, change=1.76e-06, α=1.000, ‖θ[1:]‖₁=2083.559, γ=90652.767, num_knots=1681
2025-09-07 00:31:24,148 - Iter 21220: obj=-1376.196436, change=1.76e-06, α=1.000, ‖θ[1:]‖₁=2083.559, γ=90652.767, num_knots=1681
2025-09-07 00:31:24,469 - Iter 21230: obj=-1376.196510, change=1.76e-06, α=1.000, ‖θ[1:]‖₁=2083.559, γ=90652.767, num_knots=1681
2025-09-07 00:31:24,812 - Iter 21240: obj=-1376.196584, change=1.76e-06, α=1.000, ‖θ[1:]‖₁=2083.559, γ=90652.767, num_knots=1681
2025-09-07 00:31:25,145 - Iter 21250: obj=-1376.196657, change=1.76e-06, α=1.000, ‖θ[1:]‖₁=2083.558, γ=90652.767, num_knots=1681
2025-09-07 00:31:25,556 - Iter 21260: obj=-1376.196731, change=1.76e-06, α=1.000, ‖θ[1:]‖₁=2083.558, γ=90652.767, num_knots=1681
2025-09-07 00:31:25,893 - Iter 21270: obj=-1376.196805, change=1.76e-06, α=1.000, ‖θ[1:]‖₁=2083.558, γ=90652.767, num_knots=1681
2025-09-07 00:31:26,264 - Iter 21280: obj=-1376.196879, change=1.76e-06, α=1.000, ‖θ[1:]‖₁=2083.558, γ=90652.767, num_knots=1681
2025-09-07 00:31:26,611 - Iter 21290: obj=-1376.196953, change=1.76e-06, α=1.000, ‖θ[1:]‖₁=2083.558, γ=90652.767, num_knots=1681
2025-09-07 00:31:26,948 - Iter 21300: obj=-1376.197026, change=1.76e-06, α=1.000, ‖θ[1:]‖₁=2083.557, γ=90652.767, num_knots=1681
2025-09-07 00:31:27,341 - Iter 21310: obj=-1376.197100, change=1.76e-06, α=1.000, ‖θ[1:]‖₁=2083.557, γ=90652.767, num_knots=1681
2025-09-07 00:31:27,683 - Iter 21320: obj=-1376.197174, change=1.76e-06, α=1.000, ‖θ[1:]‖₁=2083.557, γ=90652.767, num_knots=1681
2025-09-07 00:31:28,071 - Iter 21330: obj=-1376.197248, change=1.76e-06, α=1.000, ‖θ[1:]‖₁=2083.557, γ=90652.767, num_knots=1681
2025-09-07 00:31:28,446 - Iter 21340: obj=-1376.197322, change=1.76e-06, α=1.000, ‖θ[1:]‖₁=2083.557, γ=90652.767, num_knots=1681
2025-09-07 00:31:28,819 - Iter 21350: obj=-1376.197396, change=1.76e-06, α=1.000, ‖θ[1:]‖₁=2083.556, γ=90652.767, num_knots=1681
2025-09-07 00:31:29,175 - Iter 21360: obj=-1376.197469, change=1.76e-06, α=1.000, ‖θ[1:]‖₁=2083.556, γ=90652.767, num_knots=1681
2025-09-07 00:31:29,523 - Iter 21370: obj=-1376.197543, change=1.76e-06, α=1.000, ‖θ[1:]‖₁=2083.556, γ=90652.767, num_knots=1681
2025-09-07 00:31:29,844 - Iter 21380: obj=-1376.197617, change=1.76e-06, α=1.000, ‖θ[1:]‖₁=2083.556, γ=90652.767, num_knots=1681
2025-09-07 00:31:30,175 - Iter 21390: obj=-1376.197691, change=1.76e-06, α=1.000, ‖θ[1:]‖₁=2083.556, γ=90652.767, num_knots=1681
2025-09-07 00:31:30,509 - Iter 21400: obj=-1376.197765, change=1.76e-06, α=1.000, ‖θ[1:]‖₁=2083.555, γ=90652.767, num_knots=1681
2025-09-07 00:31:30,845 - Iter 21410: obj=-1376.197838, change=1.76e-06, α=1.000, ‖θ[1:]‖₁=2083.555, γ=90652.767, num_knots=1681
2025-09-07 00:31:31,191 - Iter 21420: obj=-1376.197912, change=1.76e-06, α=1.000, ‖θ[1:]‖₁=2083.555, γ=90652.767, num_knots=1681
2025-09-07 00:31:31,538 - Iter 21430: obj=-1376.197986, change=1.76e-06, α=1.000, ‖θ[1:]‖₁=2083.555, γ=90652.767, num_knots=1681
2025-09-07 00:31:31,917 - Iter 21440: obj=-1376.198060, change=1.76e-06, α=1.000, ‖θ[1:]‖₁=2083.555, γ=90652.767, num_knots=1681
2025-09-07 00:31:32,234 - Iter 21450: obj=-1376.198134, change=1.76e-06, α=1.000, ‖θ[1:]‖₁=2083.554, γ=90652.767, num_knots=1681
2025-09-07 00:31:32,587 - Iter 21460: obj=-1376.198208, change=1.76e-06, α=1.000, ‖θ[1:]‖₁=2083.554, γ=90652.767, num_knots=1681
2025-09-07 00:31:32,912 - Iter 21470: obj=-1376.198281, change=1.76e-06, α=1.000, ‖θ[1:]‖₁=2083.554, γ=90652.767, num_knots=1681
2025-09-07 00:31:33,257 - Iter 21480: obj=-1376.198355, change=1.76e-06, α=1.000, ‖θ[1:]‖₁=2083.554, γ=90652.767, num_knots=1681
2025-09-07 00:31:33,614 - Iter 21490: obj=-1376.198429, change=1.76e-06, α=1.000, ‖θ[1:]‖₁=2083.554, γ=90652.767, num_knots=1681
2025-09-07 00:31:33,971 - Iter 21500: obj=-1376.198503, change=1.76e-06, α=1.000, ‖θ[1:]‖₁=2083.553, γ=90652.767, num_knots=1681
2025-09-07 00:31:34,355 - Iter 21510: obj=-1376.198577, change=1.76e-06, α=1.000, ‖θ[1:]‖₁=2083.553, γ=90652.767, num_knots=1681
2025-09-07 00:31:34,695 - Iter 21520: obj=-1376.198650, change=1.76e-06, α=1.000, ‖θ[1:]‖₁=2083.553, γ=90652.767, num_knots=1681
2025-09-07 00:31:35,063 - Iter 21530: obj=-1376.198724, change=1.76e-06, α=1.000, ‖θ[1:]‖₁=2083.553, γ=90652.767, num_knots=1681
2025-09-07 00:31:35,409 - Iter 21540: obj=-1376.198798, change=1.76e-06, α=1.000, ‖θ[1:]‖₁=2083.553, γ=90652.767, num_knots=1681
2025-09-07 00:31:35,762 - Iter 21550: obj=-1376.198872, change=1.76e-06, α=1.000, ‖θ[1:]‖₁=2083.552, γ=90652.767, num_knots=1681
2025-09-07 00:31:36,109 - Iter 21560: obj=-1376.198946, change=1.76e-06, α=1.000, ‖θ[1:]‖₁=2083.552, γ=90652.767, num_knots=1681
2025-09-07 00:31:36,469 - Iter 21570: obj=-1376.199019, change=1.76e-06, α=1.000, ‖θ[1:]‖₁=2083.552, γ=90652.767, num_knots=1681
2025-09-07 00:31:36,810 - Iter 21580: obj=-1376.199093, change=1.76e-06, α=1.000, ‖θ[1:]‖₁=2083.552, γ=90652.767, num_knots=1681
2025-09-07 00:31:37,153 - Iter 21590: obj=-1376.199167, change=1.76e-06, α=1.000, ‖θ[1:]‖₁=2083.552, γ=90652.767, num_knots=1681
2025-09-07 00:31:37,453 - Iter 21600: obj=-1376.199241, change=1.76e-06, α=1.000, ‖θ[1:]‖₁=2083.551, γ=90652.767, num_knots=1681
2025-09-07 00:31:37,799 - Iter 21610: obj=-1376.199315, change=1.76e-06, α=1.000, ‖θ[1:]‖₁=2083.551, γ=90652.767, num_knots=1681
2025-09-07 00:31:38,214 - Iter 21620: obj=-1376.199389, change=1.76e-06, α=1.000, ‖θ[1:]‖₁=2083.551, γ=90652.767, num_knots=1681
2025-09-07 00:31:38,591 - Iter 21630: obj=-1376.199462, change=1.76e-06, α=1.000, ‖θ[1:]‖₁=2083.551, γ=90652.767, num_knots=1681
2025-09-07 00:31:39,008 - Iter 21640: obj=-1376.199536, change=1.76e-06, α=1.000, ‖θ[1:]‖₁=2083.550, γ=90652.767, num_knots=1681
2025-09-07 00:31:39,432 - Iter 21650: obj=-1376.199610, change=1.76e-06, α=1.000, ‖θ[1:]‖₁=2083.550, γ=90652.767, num_knots=1681
2025-09-07 00:31:39,823 - Iter 21660: obj=-1376.199684, change=1.76e-06, α=1.000, ‖θ[1:]‖₁=2083.550, γ=90652.767, num_knots=1681
2025-09-07 00:31:40,191 - Iter 21670: obj=-1376.199758, change=1.76e-06, α=1.000, ‖θ[1:]‖₁=2083.550, γ=90652.767, num_knots=1681
2025-09-07 00:31:40,646 - Iter 21680: obj=-1376.199831, change=1.76e-06, α=1.000, ‖θ[1:]‖₁=2083.550, γ=90652.767, num_knots=1681
2025-09-07 00:31:41,015 - Iter 21690: obj=-1376.199905, change=1.76e-06, α=1.000, ‖θ[1:]‖₁=2083.549, γ=90652.767, num_knots=1681
2025-09-07 00:31:41,442 - Iter 21700: obj=-1376.199979, change=1.76e-06, α=1.000, ‖θ[1:]‖₁=2083.549, γ=90652.767, num_knots=1681
2025-09-07 00:31:41,830 - Iter 21710: obj=-1376.200053, change=1.76e-06, α=1.000, ‖θ[1:]‖₁=2083.549, γ=90652.767, num_knots=1681
2025-09-07 00:31:42,326 - Iter 21720: obj=-1376.200127, change=1.76e-06, α=1.000, ‖θ[1:]‖₁=2083.549, γ=90652.767, num_knots=1681
2025-09-07 00:31:42,748 - Iter 21730: obj=-1376.200201, change=1.76e-06, α=1.000, ‖θ[1:]‖₁=2083.549, γ=90652.767, num_knots=1681
2025-09-07 00:31:43,163 - Iter 21740: obj=-1376.200274, change=1.76e-06, α=1.000, ‖θ[1:]‖₁=2083.548, γ=90652.767, num_knots=1681
2025-09-07 00:31:43,494 - Iter 21750: obj=-1376.200348, change=1.76e-06, α=1.000, ‖θ[1:]‖₁=2083.548, γ=90652.767, num_knots=1681
2025-09-07 00:31:43,842 - Iter 21760: obj=-1376.200422, change=1.76e-06, α=1.000, ‖θ[1:]‖₁=2083.548, γ=90652.767, num_knots=1681
2025-09-07 00:31:44,200 - Iter 21770: obj=-1376.200496, change=1.76e-06, α=1.000, ‖θ[1:]‖₁=2083.548, γ=90652.767, num_knots=1681
2025-09-07 00:31:44,542 - Iter 21780: obj=-1376.200570, change=1.76e-06, α=1.000, ‖θ[1:]‖₁=2083.548, γ=90652.767, num_knots=1681
2025-09-07 00:31:44,910 - Iter 21790: obj=-1376.200643, change=1.76e-06, α=1.000, ‖θ[1:]‖₁=2083.547, γ=90652.767, num_knots=1681
2025-09-07 00:31:45,247 - Iter 21800: obj=-1376.200717, change=1.76e-06, α=1.000, ‖θ[1:]‖₁=2083.547, γ=90652.767, num_knots=1681
2025-09-07 00:31:45,610 - Iter 21810: obj=-1376.200791, change=1.76e-06, α=1.000, ‖θ[1:]‖₁=2083.547, γ=90652.767, num_knots=1681
2025-09-07 00:31:46,045 - Iter 21820: obj=-1376.200865, change=1.76e-06, α=1.000, ‖θ[1:]‖₁=2083.547, γ=90652.767, num_knots=1681
2025-09-07 00:31:46,439 - Iter 21830: obj=-1376.200939, change=1.76e-06, α=1.000, ‖θ[1:]‖₁=2083.547, γ=90652.767, num_knots=1681
2025-09-07 00:31:46,728 - Iter 21840: obj=-1376.201012, change=1.76e-06, α=1.000, ‖θ[1:]‖₁=2083.546, γ=90652.767, num_knots=1681
2025-09-07 00:31:47,103 - Iter 21850: obj=-1376.201086, change=1.76e-06, α=1.000, ‖θ[1:]‖₁=2083.546, γ=90652.767, num_knots=1681
2025-09-07 00:31:47,441 - Iter 21860: obj=-1376.201160, change=1.76e-06, α=1.000, ‖θ[1:]‖₁=2083.546, γ=90652.767, num_knots=1681
2025-09-07 00:31:47,796 - Iter 21870: obj=-1376.201234, change=1.76e-06, α=1.000, ‖θ[1:]‖₁=2083.546, γ=90652.767, num_knots=1681
2025-09-07 00:31:48,150 - Iter 21880: obj=-1376.201308, change=1.76e-06, α=1.000, ‖θ[1:]‖₁=2083.546, γ=90652.767, num_knots=1681
2025-09-07 00:31:48,543 - Iter 21890: obj=-1376.201381, change=1.76e-06, α=1.000, ‖θ[1:]‖₁=2083.545, γ=90652.767, num_knots=1681
2025-09-07 00:31:48,886 - Iter 21900: obj=-1376.201455, change=1.76e-06, α=1.000, ‖θ[1:]‖₁=2083.545, γ=90652.767, num_knots=1681
2025-09-07 00:31:49,248 - Iter 21910: obj=-1376.201529, change=1.76e-06, α=1.000, ‖θ[1:]‖₁=2083.545, γ=90652.767, num_knots=1681
2025-09-07 00:31:49,579 - Iter 21920: obj=-1376.201603, change=1.75e-06, α=1.000, ‖θ[1:]‖₁=2083.545, γ=90652.767, num_knots=1681
2025-09-07 00:31:49,930 - Iter 21930: obj=-1376.201677, change=1.75e-06, α=1.000, ‖θ[1:]‖₁=2083.545, γ=90652.767, num_knots=1681
2025-09-07 00:31:50,278 - Iter 21940: obj=-1376.201751, change=1.75e-06, α=1.000, ‖θ[1:]‖₁=2083.544, γ=90652.767, num_knots=1681
2025-09-07 00:31:50,659 - Iter 21950: obj=-1376.201824, change=1.75e-06, α=1.000, ‖θ[1:]‖₁=2083.544, γ=90652.767, num_knots=1681
2025-09-07 00:31:50,999 - Iter 21960: obj=-1376.201898, change=1.75e-06, α=1.000, ‖θ[1:]‖₁=2083.544, γ=90652.767, num_knots=1681
2025-09-07 00:31:51,347 - Iter 21970: obj=-1376.201972, change=1.75e-06, α=1.000, ‖θ[1:]‖₁=2083.544, γ=90652.767, num_knots=1681
2025-09-07 00:31:51,751 - Iter 21980: obj=-1376.202046, change=1.75e-06, α=1.000, ‖θ[1:]‖₁=2083.544, γ=90652.767, num_knots=1681
2025-09-07 00:31:52,094 - Iter 21990: obj=-1376.202120, change=1.75e-06, α=1.000, ‖θ[1:]‖₁=2083.543, γ=90652.767, num_knots=1681
2025-09-07 00:31:52,505 - Iter 22000: obj=-1376.202193, change=1.75e-06, α=1.000, ‖θ[1:]‖₁=2083.543, γ=90652.767, num_knots=1681
2025-09-07 00:31:52,869 - Iter 22010: obj=-1376.202267, change=1.75e-06, α=1.000, ‖θ[1:]‖₁=2083.543, γ=90652.767, num_knots=1681
2025-09-07 00:31:53,237 - Iter 22020: obj=-1376.202341, change=1.75e-06, α=1.000, ‖θ[1:]‖₁=2083.543, γ=90652.767, num_knots=1681
2025-09-07 00:31:53,672 - Iter 22030: obj=-1376.202415, change=1.75e-06, α=1.000, ‖θ[1:]‖₁=2083.543, γ=90652.767, num_knots=1681
2025-09-07 00:31:54,020 - Iter 22040: obj=-1376.202489, change=1.75e-06, α=1.000, ‖θ[1:]‖₁=2083.542, γ=90652.767, num_knots=1681
2025-09-07 00:31:54,328 - Iter 22050: obj=-1376.202562, change=1.75e-06, α=1.000, ‖θ[1:]‖₁=2083.542, γ=90652.767, num_knots=1681
2025-09-07 00:31:54,728 - Iter 22060: obj=-1376.202636, change=1.75e-06, α=1.000, ‖θ[1:]‖₁=2083.542, γ=90652.767, num_knots=1681
2025-09-07 00:31:55,066 - Iter 22070: obj=-1376.202710, change=1.75e-06, α=1.000, ‖θ[1:]‖₁=2083.542, γ=90652.767, num_knots=1681
2025-09-07 00:31:55,414 - Iter 22080: obj=-1376.202784, change=1.75e-06, α=1.000, ‖θ[1:]‖₁=2083.542, γ=90652.767, num_knots=1681
2025-09-07 00:31:55,765 - Iter 22090: obj=-1376.202858, change=1.75e-06, α=1.000, ‖θ[1:]‖₁=2083.541, γ=90652.767, num_knots=1681
2025-09-07 00:31:56,097 - Iter 22100: obj=-1376.202931, change=1.75e-06, α=1.000, ‖θ[1:]‖₁=2083.541, γ=90652.767, num_knots=1681
2025-09-07 00:31:56,417 - Iter 22110: obj=-1376.203005, change=1.75e-06, α=1.000, ‖θ[1:]‖₁=2083.541, γ=90652.767, num_knots=1681
2025-09-07 00:31:56,765 - Iter 22120: obj=-1376.203079, change=1.75e-06, α=1.000, ‖θ[1:]‖₁=2083.541, γ=90652.767, num_knots=1681
2025-09-07 00:31:57,097 - Iter 22130: obj=-1376.203153, change=1.75e-06, α=1.000, ‖θ[1:]‖₁=2083.541, γ=90652.767, num_knots=1681
2025-09-07 00:31:57,506 - Iter 22140: obj=-1376.203227, change=1.75e-06, α=1.000, ‖θ[1:]‖₁=2083.540, γ=90652.767, num_knots=1681
2025-09-07 00:31:57,976 - Iter 22150: obj=-1376.203301, change=1.75e-06, α=1.000, ‖θ[1:]‖₁=2083.540, γ=90652.767, num_knots=1681
2025-09-07 00:31:58,330 - Iter 22160: obj=-1376.203374, change=1.75e-06, α=1.000, ‖θ[1:]‖₁=2083.540, γ=90652.767, num_knots=1681
2025-09-07 00:31:58,672 - Iter 22170: obj=-1376.203448, change=1.75e-06, α=1.000, ‖θ[1:]‖₁=2083.540, γ=90652.767, num_knots=1681
2025-09-07 00:31:59,018 - Iter 22180: obj=-1376.203522, change=1.75e-06, α=1.000, ‖θ[1:]‖₁=2083.540, γ=90652.767, num_knots=1681
2025-09-07 00:31:59,365 - Iter 22190: obj=-1376.203596, change=1.75e-06, α=1.000, ‖θ[1:]‖₁=2083.539, γ=90652.767, num_knots=1681
2025-09-07 00:31:59,706 - Iter 22200: obj=-1376.203670, change=1.75e-06, α=1.000, ‖θ[1:]‖₁=2083.539, γ=90652.767, num_knots=1681
2025-09-07 00:32:00,117 - Iter 22210: obj=-1376.203743, change=1.75e-06, α=1.000, ‖θ[1:]‖₁=2083.539, γ=90652.767, num_knots=1681
2025-09-07 00:32:00,472 - Iter 22220: obj=-1376.203817, change=1.75e-06, α=1.000, ‖θ[1:]‖₁=2083.539, γ=90652.767, num_knots=1681
2025-09-07 00:32:00,834 - Iter 22230: obj=-1376.203891, change=1.75e-06, α=1.000, ‖θ[1:]‖₁=2083.539, γ=90652.767, num_knots=1681
2025-09-07 00:32:01,202 - Iter 22240: obj=-1376.203965, change=1.75e-06, α=1.000, ‖θ[1:]‖₁=2083.538, γ=90652.767, num_knots=1681
2025-09-07 00:32:01,543 - Iter 22250: obj=-1376.204039, change=1.75e-06, α=1.000, ‖θ[1:]‖₁=2083.538, γ=90652.767, num_knots=1681
2025-09-07 00:32:01,902 - Iter 22260: obj=-1376.204112, change=1.75e-06, α=1.000, ‖θ[1:]‖₁=2083.538, γ=90652.767, num_knots=1681
2025-09-07 00:32:02,249 - Iter 22270: obj=-1376.204186, change=1.75e-06, α=1.000, ‖θ[1:]‖₁=2083.538, γ=90652.767, num_knots=1681
2025-09-07 00:32:02,579 - Iter 22280: obj=-1376.204260, change=1.75e-06, α=1.000, ‖θ[1:]‖₁=2083.538, γ=90652.767, num_knots=1681
2025-09-07 00:32:02,899 - Iter 22290: obj=-1376.204334, change=1.75e-06, α=1.000, ‖θ[1:]‖₁=2083.537, γ=90652.767, num_knots=1681
2025-09-07 00:32:03,263 - Iter 22300: obj=-1376.204408, change=1.75e-06, α=1.000, ‖θ[1:]‖₁=2083.537, γ=90652.767, num_knots=1681
2025-09-07 00:32:03,598 - Iter 22310: obj=-1376.204481, change=1.75e-06, α=1.000, ‖θ[1:]‖₁=2083.537, γ=90652.767, num_knots=1681
2025-09-07 00:32:03,943 - Iter 22320: obj=-1376.204555, change=1.75e-06, α=1.000, ‖θ[1:]‖₁=2083.537, γ=90652.767, num_knots=1681
2025-09-07 00:32:04,292 - Iter 22330: obj=-1376.204629, change=1.75e-06, α=1.000, ‖θ[1:]‖₁=2083.537, γ=90652.767, num_knots=1681
2025-09-07 00:32:04,633 - Iter 22340: obj=-1376.204703, change=1.75e-06, α=1.000, ‖θ[1:]‖₁=2083.536, γ=90652.767, num_knots=1681
2025-09-07 00:32:04,991 - Iter 22350: obj=-1376.204777, change=1.75e-06, α=1.000, ‖θ[1:]‖₁=2083.536, γ=90652.767, num_knots=1681
2025-09-07 00:32:05,335 - Iter 22360: obj=-1376.204850, change=1.75e-06, α=1.000, ‖θ[1:]‖₁=2083.536, γ=90652.767, num_knots=1681
2025-09-07 00:32:05,682 - Iter 22370: obj=-1376.204924, change=1.75e-06, α=1.000, ‖θ[1:]‖₁=2083.536, γ=90652.767, num_knots=1681
2025-09-07 00:32:06,010 - Iter 22380: obj=-1376.204998, change=1.75e-06, α=1.000, ‖θ[1:]‖₁=2083.536, γ=90652.767, num_knots=1681
2025-09-07 00:32:06,344 - Iter 22390: obj=-1376.205072, change=1.75e-06, α=1.000, ‖θ[1:]‖₁=2083.535, γ=90652.767, num_knots=1681
2025-09-07 00:32:06,697 - Iter 22400: obj=-1376.205146, change=1.75e-06, α=1.000, ‖θ[1:]‖₁=2083.535, γ=90652.767, num_knots=1681
2025-09-07 00:32:07,007 - Iter 22410: obj=-1376.205219, change=1.75e-06, α=1.000, ‖θ[1:]‖₁=2083.535, γ=90652.767, num_knots=1681
2025-09-07 00:32:07,381 - Iter 22420: obj=-1376.205293, change=1.75e-06, α=1.000, ‖θ[1:]‖₁=2083.535, γ=90652.767, num_knots=1681
2025-09-07 00:32:07,812 - Iter 22430: obj=-1376.205367, change=1.75e-06, α=1.000, ‖θ[1:]‖₁=2083.535, γ=90652.767, num_knots=1681
2025-09-07 00:32:08,262 - Iter 22440: obj=-1376.205441, change=1.75e-06, α=1.000, ‖θ[1:]‖₁=2083.534, γ=90652.767, num_knots=1681
2025-09-07 00:32:08,628 - Iter 22450: obj=-1376.205515, change=1.75e-06, α=1.000, ‖θ[1:]‖₁=2083.534, γ=90652.767, num_knots=1681
2025-09-07 00:32:08,980 - Iter 22460: obj=-1376.205588, change=1.75e-06, α=1.000, ‖θ[1:]‖₁=2083.534, γ=90652.767, num_knots=1681
2025-09-07 00:32:09,313 - Iter 22470: obj=-1376.205662, change=1.75e-06, α=1.000, ‖θ[1:]‖₁=2083.534, γ=90652.767, num_knots=1681
2025-09-07 00:32:09,637 - Iter 22480: obj=-1376.205736, change=1.75e-06, α=1.000, ‖θ[1:]‖₁=2083.534, γ=90652.767, num_knots=1681
2025-09-07 00:32:09,971 - Iter 22490: obj=-1376.205810, change=1.75e-06, α=1.000, ‖θ[1:]‖₁=2083.533, γ=90652.767, num_knots=1681
2025-09-07 00:32:10,312 - Iter 22500: obj=-1376.205884, change=1.75e-06, α=1.000, ‖θ[1:]‖₁=2083.533, γ=90652.767, num_knots=1681
2025-09-07 00:32:10,634 - Iter 22510: obj=-1376.205957, change=1.75e-06, α=1.000, ‖θ[1:]‖₁=2083.533, γ=90652.767, num_knots=1681
2025-09-07 00:32:10,974 - Iter 22520: obj=-1376.206031, change=1.75e-06, α=1.000, ‖θ[1:]‖₁=2083.533, γ=90652.767, num_knots=1681
2025-09-07 00:32:11,312 - Iter 22530: obj=-1376.206105, change=1.75e-06, α=1.000, ‖θ[1:]‖₁=2083.532, γ=90652.767, num_knots=1681
2025-09-07 00:32:11,613 - Iter 22540: obj=-1376.206179, change=1.75e-06, α=1.000, ‖θ[1:]‖₁=2083.532, γ=90652.767, num_knots=1681
2025-09-07 00:32:11,947 - Iter 22550: obj=-1376.206253, change=1.75e-06, α=1.000, ‖θ[1:]‖₁=2083.532, γ=90652.767, num_knots=1681
2025-09-07 00:32:12,300 - Iter 22560: obj=-1376.206326, change=1.75e-06, α=1.000, ‖θ[1:]‖₁=2083.532, γ=90652.767, num_knots=1681
2025-09-07 00:32:12,638 - Iter 22570: obj=-1376.206400, change=1.75e-06, α=1.000, ‖θ[1:]‖₁=2083.532, γ=90652.767, num_knots=1681
2025-09-07 00:32:13,014 - Iter 22580: obj=-1376.206474, change=1.75e-06, α=1.000, ‖θ[1:]‖₁=2083.531, γ=90652.767, num_knots=1681
2025-09-07 00:32:13,333 - Iter 22590: obj=-1376.206548, change=1.75e-06, α=1.000, ‖θ[1:]‖₁=2083.531, γ=90652.767, num_knots=1681
2025-09-07 00:32:13,684 - Iter 22600: obj=-1376.206622, change=1.75e-06, α=1.000, ‖θ[1:]‖₁=2083.531, γ=90652.767, num_knots=1681
2025-09-07 00:32:14,033 - Iter 22610: obj=-1376.206695, change=1.75e-06, α=1.000, ‖θ[1:]‖₁=2083.531, γ=90652.767, num_knots=1681
2025-09-07 00:32:14,434 - Iter 22620: obj=-1376.206769, change=1.75e-06, α=1.000, ‖θ[1:]‖₁=2083.531, γ=90652.767, num_knots=1681
2025-09-07 00:32:14,773 - Iter 22630: obj=-1376.206843, change=1.75e-06, α=1.000, ‖θ[1:]‖₁=2083.530, γ=90652.767, num_knots=1681
2025-09-07 00:32:15,093 - Iter 22640: obj=-1376.206917, change=1.75e-06, α=1.000, ‖θ[1:]‖₁=2083.530, γ=90652.767, num_knots=1681
2025-09-07 00:32:15,450 - Iter 22650: obj=-1376.206991, change=1.75e-06, α=1.000, ‖θ[1:]‖₁=2083.530, γ=90652.767, num_knots=1681
2025-09-07 00:32:15,892 - Iter 22660: obj=-1376.207064, change=1.75e-06, α=1.000, ‖θ[1:]‖₁=2083.530, γ=90652.767, num_knots=1681
2025-09-07 00:32:16,228 - Iter 22670: obj=-1376.207138, change=1.75e-06, α=1.000, ‖θ[1:]‖₁=2083.530, γ=90652.767, num_knots=1681
2025-09-07 00:32:16,576 - Iter 22680: obj=-1376.207212, change=1.75e-06, α=1.000, ‖θ[1:]‖₁=2083.529, γ=90652.767, num_knots=1681
2025-09-07 00:32:16,961 - Iter 22690: obj=-1376.207286, change=1.75e-06, α=1.000, ‖θ[1:]‖₁=2083.529, γ=90652.767, num_knots=1681
2025-09-07 00:32:17,318 - Iter 22700: obj=-1376.207360, change=1.75e-06, α=1.000, ‖θ[1:]‖₁=2083.529, γ=90652.767, num_knots=1681
2025-09-07 00:32:17,675 - Iter 22710: obj=-1376.207433, change=1.75e-06, α=1.000, ‖θ[1:]‖₁=2083.529, γ=90652.767, num_knots=1681
2025-09-07 00:32:18,040 - Iter 22720: obj=-1376.207507, change=1.75e-06, α=1.000, ‖θ[1:]‖₁=2083.529, γ=90652.767, num_knots=1681
2025-09-07 00:32:18,370 - Iter 22730: obj=-1376.207581, change=1.75e-06, α=1.000, ‖θ[1:]‖₁=2083.528, γ=90652.767, num_knots=1681
2025-09-07 00:32:18,707 - Iter 22740: obj=-1376.207655, change=1.75e-06, α=1.000, ‖θ[1:]‖₁=2083.528, γ=90652.767, num_knots=1681
2025-09-07 00:32:19,078 - Iter 22750: obj=-1376.207729, change=1.75e-06, α=1.000, ‖θ[1:]‖₁=2083.528, γ=90652.767, num_knots=1681
2025-09-07 00:32:19,414 - Iter 22760: obj=-1376.207802, change=1.75e-06, α=1.000, ‖θ[1:]‖₁=2083.528, γ=90652.767, num_knots=1681
2025-09-07 00:32:19,745 - Iter 22770: obj=-1376.207876, change=1.75e-06, α=1.000, ‖θ[1:]‖₁=2083.528, γ=90652.767, num_knots=1681
2025-09-07 00:32:20,076 - Iter 22780: obj=-1376.207950, change=1.75e-06, α=1.000, ‖θ[1:]‖₁=2083.527, γ=90652.767, num_knots=1681
2025-09-07 00:32:20,400 - Iter 22790: obj=-1376.208024, change=1.75e-06, α=1.000, ‖θ[1:]‖₁=2083.527, γ=90652.767, num_knots=1681
2025-09-07 00:32:20,750 - Iter 22800: obj=-1376.208098, change=1.75e-06, α=1.000, ‖θ[1:]‖₁=2083.527, γ=90652.767, num_knots=1681
2025-09-07 00:32:21,094 - Iter 22810: obj=-1376.208171, change=1.75e-06, α=1.000, ‖θ[1:]‖₁=2083.527, γ=90652.767, num_knots=1681
2025-09-07 00:32:21,431 - Iter 22820: obj=-1376.208245, change=1.75e-06, α=1.000, ‖θ[1:]‖₁=2083.527, γ=90652.767, num_knots=1681
2025-09-07 00:32:21,830 - Iter 22830: obj=-1376.208319, change=1.75e-06, α=1.000, ‖θ[1:]‖₁=2083.526, γ=90652.767, num_knots=1681
2025-09-07 00:32:22,185 - Iter 22840: obj=-1376.208393, change=1.75e-06, α=1.000, ‖θ[1:]‖₁=2083.526, γ=90652.767, num_knots=1681
2025-09-07 00:32:22,565 - Iter 22850: obj=-1376.208467, change=1.75e-06, α=1.000, ‖θ[1:]‖₁=2083.526, γ=90652.767, num_knots=1681
2025-09-07 00:32:22,913 - Iter 22860: obj=-1376.208540, change=1.75e-06, α=1.000, ‖θ[1:]‖₁=2083.526, γ=90652.767, num_knots=1681
2025-09-07 00:32:23,266 - Iter 22870: obj=-1376.208614, change=1.75e-06, α=1.000, ‖θ[1:]‖₁=2083.526, γ=90652.767, num_knots=1681
2025-09-07 00:32:23,662 - Iter 22880: obj=-1376.208688, change=1.75e-06, α=1.000, ‖θ[1:]‖₁=2083.525, γ=90652.767, num_knots=1681
2025-09-07 00:32:24,009 - Iter 22890: obj=-1376.208762, change=1.75e-06, α=1.000, ‖θ[1:]‖₁=2083.525, γ=90652.767, num_knots=1681
2025-09-07 00:32:24,376 - Iter 22900: obj=-1376.208836, change=1.75e-06, α=1.000, ‖θ[1:]‖₁=2083.525, γ=90652.767, num_knots=1681
2025-09-07 00:32:24,714 - Iter 22910: obj=-1376.208909, change=1.75e-06, α=1.000, ‖θ[1:]‖₁=2083.525, γ=90652.767, num_knots=1681
2025-09-07 00:32:25,034 - Iter 22920: obj=-1376.208983, change=1.75e-06, α=1.000, ‖θ[1:]‖₁=2083.525, γ=90652.767, num_knots=1681
2025-09-07 00:32:25,363 - Iter 22930: obj=-1376.209057, change=1.75e-06, α=1.000, ‖θ[1:]‖₁=2083.524, γ=90652.767, num_knots=1681
2025-09-07 00:32:25,700 - Iter 22940: obj=-1376.209131, change=1.75e-06, α=1.000, ‖θ[1:]‖₁=2083.524, γ=90652.767, num_knots=1681
2025-09-07 00:32:26,012 - Iter 22950: obj=-1376.209205, change=1.75e-06, α=1.000, ‖θ[1:]‖₁=2083.524, γ=90652.767, num_knots=1681
2025-09-07 00:32:26,340 - Iter 22960: obj=-1376.209278, change=1.75e-06, α=1.000, ‖θ[1:]‖₁=2083.524, γ=90652.767, num_knots=1681
2025-09-07 00:32:26,636 - Iter 22970: obj=-1376.209352, change=1.75e-06, α=1.000, ‖θ[1:]‖₁=2083.524, γ=90652.767, num_knots=1681
2025-09-07 00:32:26,962 - Iter 22980: obj=-1376.209426, change=1.75e-06, α=1.000, ‖θ[1:]‖₁=2083.523, γ=90652.767, num_knots=1681
2025-09-07 00:32:27,286 - Iter 22990: obj=-1376.209500, change=1.75e-06, α=1.000, ‖θ[1:]‖₁=2083.523, γ=90652.767, num_knots=1681
2025-09-07 00:32:27,629 - Iter 23000: obj=-1376.209574, change=1.75e-06, α=1.000, ‖θ[1:]‖₁=2083.523, γ=90652.767, num_knots=1681
2025-09-07 00:32:27,994 - Iter 23010: obj=-1376.209647, change=1.75e-06, α=1.000, ‖θ[1:]‖₁=2083.523, γ=90652.767, num_knots=1681
2025-09-07 00:32:28,351 - Iter 23020: obj=-1376.209721, change=1.75e-06, α=1.000, ‖θ[1:]‖₁=2083.523, γ=90652.767, num_knots=1681
2025-09-07 00:32:28,661 - Iter 23030: obj=-1376.209795, change=1.75e-06, α=1.000, ‖θ[1:]‖₁=2083.522, γ=90652.767, num_knots=1681
2025-09-07 00:32:28,993 - Iter 23040: obj=-1376.209869, change=1.75e-06, α=1.000, ‖θ[1:]‖₁=2083.522, γ=90652.767, num_knots=1681
2025-09-07 00:32:29,302 - Iter 23050: obj=-1376.209943, change=1.75e-06, α=1.000, ‖θ[1:]‖₁=2083.522, γ=90652.767, num_knots=1681
2025-09-07 00:32:29,681 - Iter 23060: obj=-1376.210016, change=1.75e-06, α=1.000, ‖θ[1:]‖₁=2083.522, γ=90652.767, num_knots=1681
2025-09-07 00:32:29,996 - Iter 23070: obj=-1376.210090, change=1.75e-06, α=1.000, ‖θ[1:]‖₁=2083.522, γ=90652.767, num_knots=1681
2025-09-07 00:32:30,344 - Iter 23080: obj=-1376.210164, change=1.75e-06, α=1.000, ‖θ[1:]‖₁=2083.521, γ=90652.767, num_knots=1681
2025-09-07 00:32:30,685 - Iter 23090: obj=-1376.210238, change=1.75e-06, α=1.000, ‖θ[1:]‖₁=2083.521, γ=90652.767, num_knots=1681
2025-09-07 00:32:31,030 - Iter 23100: obj=-1376.210312, change=1.75e-06, α=1.000, ‖θ[1:]‖₁=2083.521, γ=90652.767, num_knots=1681
2025-09-07 00:32:31,340 - Iter 23110: obj=-1376.210385, change=1.75e-06, α=1.000, ‖θ[1:]‖₁=2083.521, γ=90652.767, num_knots=1681
2025-09-07 00:32:31,684 - Iter 23120: obj=-1376.210459, change=1.75e-06, α=1.000, ‖θ[1:]‖₁=2083.521, γ=90652.767, num_knots=1681
2025-09-07 00:32:32,022 - Iter 23130: obj=-1376.210533, change=1.75e-06, α=1.000, ‖θ[1:]‖₁=2083.520, γ=90652.767, num_knots=1681
2025-09-07 00:32:32,372 - Iter 23140: obj=-1376.210607, change=1.75e-06, α=1.000, ‖θ[1:]‖₁=2083.520, γ=90652.767, num_knots=1681
2025-09-07 00:32:32,729 - Iter 23150: obj=-1376.210681, change=1.75e-06, α=1.000, ‖θ[1:]‖₁=2083.520, γ=90652.767, num_knots=1681
2025-09-07 00:32:33,059 - Iter 23160: obj=-1376.210754, change=1.75e-06, α=1.000, ‖θ[1:]‖₁=2083.520, γ=90652.767, num_knots=1681
2025-09-07 00:32:33,364 - Iter 23170: obj=-1376.210828, change=1.75e-06, α=1.000, ‖θ[1:]‖₁=2083.520, γ=90652.767, num_knots=1681
2025-09-07 00:32:33,708 - Iter 23180: obj=-1376.210902, change=1.75e-06, α=1.000, ‖θ[1:]‖₁=2083.519, γ=90652.767, num_knots=1681
2025-09-07 00:32:34,029 - Iter 23190: obj=-1376.210976, change=1.75e-06, α=1.000, ‖θ[1:]‖₁=2083.519, γ=90652.767, num_knots=1681
2025-09-07 00:32:34,390 - Iter 23200: obj=-1376.211050, change=1.75e-06, α=1.000, ‖θ[1:]‖₁=2083.519, γ=90652.767, num_knots=1681
2025-09-07 00:32:34,767 - Iter 23210: obj=-1376.211123, change=1.75e-06, α=1.000, ‖θ[1:]‖₁=2083.519, γ=90652.767, num_knots=1681
2025-09-07 00:32:35,114 - Iter 23220: obj=-1376.211197, change=1.75e-06, α=1.000, ‖θ[1:]‖₁=2083.519, γ=90652.767, num_knots=1681
2025-09-07 00:32:35,447 - Iter 23230: obj=-1376.211271, change=1.75e-06, α=1.000, ‖θ[1:]‖₁=2083.518, γ=90652.767, num_knots=1681
2025-09-07 00:32:35,794 - Iter 23240: obj=-1376.211345, change=1.75e-06, α=1.000, ‖θ[1:]‖₁=2083.518, γ=90652.767, num_knots=1681
2025-09-07 00:32:36,244 - Iter 23250: obj=-1376.211419, change=1.75e-06, α=1.000, ‖θ[1:]‖₁=2083.518, γ=90652.767, num_knots=1681
2025-09-07 00:32:36,577 - Iter 23260: obj=-1376.211492, change=1.75e-06, α=1.000, ‖θ[1:]‖₁=2083.518, γ=90652.767, num_knots=1681
2025-09-07 00:32:36,906 - Iter 23270: obj=-1376.211566, change=1.75e-06, α=1.000, ‖θ[1:]‖₁=2083.517, γ=90652.767, num_knots=1681
2025-09-07 00:32:37,244 - Iter 23280: obj=-1376.211640, change=1.75e-06, α=1.000, ‖θ[1:]‖₁=2083.517, γ=90652.767, num_knots=1681
2025-09-07 00:32:37,586 - Iter 23290: obj=-1376.211714, change=1.75e-06, α=1.000, ‖θ[1:]‖₁=2083.517, γ=90652.767, num_knots=1681
2025-09-07 00:32:37,935 - Iter 23300: obj=-1376.211787, change=1.75e-06, α=1.000, ‖θ[1:]‖₁=2083.517, γ=90652.767, num_knots=1681
2025-09-07 00:32:38,271 - Iter 23310: obj=-1376.211861, change=1.75e-06, α=1.000, ‖θ[1:]‖₁=2083.517, γ=90652.767, num_knots=1681
2025-09-07 00:32:38,634 - Iter 23320: obj=-1376.211935, change=1.75e-06, α=1.000, ‖θ[1:]‖₁=2083.516, γ=90652.767, num_knots=1681
2025-09-07 00:32:38,967 - Iter 23330: obj=-1376.212009, change=1.75e-06, α=1.000, ‖θ[1:]‖₁=2083.516, γ=90652.767, num_knots=1681
2025-09-07 00:32:39,339 - Iter 23340: obj=-1376.212083, change=1.75e-06, α=1.000, ‖θ[1:]‖₁=2083.516, γ=90652.767, num_knots=1681
2025-09-07 00:32:39,638 - Iter 23350: obj=-1376.212156, change=1.75e-06, α=1.000, ‖θ[1:]‖₁=2083.516, γ=90652.767, num_knots=1681
2025-09-07 00:32:39,965 - Iter 23360: obj=-1376.212230, change=1.75e-06, α=1.000, ‖θ[1:]‖₁=2083.516, γ=90652.767, num_knots=1681
2025-09-07 00:32:40,304 - Iter 23370: obj=-1376.212304, change=1.75e-06, α=1.000, ‖θ[1:]‖₁=2083.515, γ=90652.767, num_knots=1681
2025-09-07 00:32:40,650 - Iter 23380: obj=-1376.212378, change=1.75e-06, α=1.000, ‖θ[1:]‖₁=2083.515, γ=90652.767, num_knots=1681
2025-09-07 00:32:41,025 - Iter 23390: obj=-1376.212452, change=1.75e-06, α=1.000, ‖θ[1:]‖₁=2083.515, γ=90652.767, num_knots=1681
2025-09-07 00:32:41,340 - Iter 23400: obj=-1376.212525, change=1.75e-06, α=1.000, ‖θ[1:]‖₁=2083.515, γ=90652.767, num_knots=1681
2025-09-07 00:32:41,674 - Iter 23410: obj=-1376.212599, change=1.75e-06, α=1.000, ‖θ[1:]‖₁=2083.515, γ=90652.767, num_knots=1681
2025-09-07 00:32:41,994 - Iter 23420: obj=-1376.212673, change=1.75e-06, α=1.000, ‖θ[1:]‖₁=2083.514, γ=90652.767, num_knots=1681
2025-09-07 00:32:42,332 - Iter 23430: obj=-1376.212747, change=1.75e-06, α=1.000, ‖θ[1:]‖₁=2083.514, γ=90652.767, num_knots=1681
2025-09-07 00:32:42,624 - Iter 23440: obj=-1376.212821, change=1.75e-06, α=1.000, ‖θ[1:]‖₁=2083.514, γ=90652.767, num_knots=1681
2025-09-07 00:32:42,930 - Iter 23450: obj=-1376.212894, change=1.75e-06, α=1.000, ‖θ[1:]‖₁=2083.514, γ=90652.767, num_knots=1681
2025-09-07 00:32:43,264 - Iter 23460: obj=-1376.212968, change=1.75e-06, α=1.000, ‖θ[1:]‖₁=2083.514, γ=90652.767, num_knots=1681
2025-09-07 00:32:43,602 - Iter 23470: obj=-1376.213042, change=1.75e-06, α=1.000, ‖θ[1:]‖₁=2083.513, γ=90652.767, num_knots=1681
2025-09-07 00:32:43,945 - Iter 23480: obj=-1376.213116, change=1.75e-06, α=1.000, ‖θ[1:]‖₁=2083.513, γ=90652.767, num_knots=1681
2025-09-07 00:32:44,275 - Iter 23490: obj=-1376.213190, change=1.75e-06, α=1.000, ‖θ[1:]‖₁=2083.513, γ=90652.767, num_knots=1681
2025-09-07 00:32:44,607 - Iter 23500: obj=-1376.213263, change=1.75e-06, α=1.000, ‖θ[1:]‖₁=2083.513, γ=90652.767, num_knots=1681
2025-09-07 00:32:44,929 - Iter 23510: obj=-1376.213337, change=1.75e-06, α=1.000, ‖θ[1:]‖₁=2083.513, γ=90652.767, num_knots=1681
2025-09-07 00:32:45,279 - Iter 23520: obj=-1376.213411, change=1.75e-06, α=1.000, ‖θ[1:]‖₁=2083.512, γ=90652.767, num_knots=1681
2025-09-07 00:32:45,661 - Iter 23530: obj=-1376.213485, change=1.75e-06, α=1.000, ‖θ[1:]‖₁=2083.512, γ=90652.767, num_knots=1681
2025-09-07 00:32:46,048 - Iter 23540: obj=-1376.213558, change=1.75e-06, α=1.000, ‖θ[1:]‖₁=2083.512, γ=90652.767, num_knots=1681
2025-09-07 00:32:46,391 - Iter 23550: obj=-1376.213632, change=1.75e-06, α=1.000, ‖θ[1:]‖₁=2083.512, γ=90652.767, num_knots=1681
2025-09-07 00:32:46,742 - Iter 23560: obj=-1376.213706, change=1.75e-06, α=1.000, ‖θ[1:]‖₁=2083.512, γ=90652.767, num_knots=1681
2025-09-07 00:32:47,071 - Iter 23570: obj=-1376.213780, change=1.75e-06, α=1.000, ‖θ[1:]‖₁=2083.511, γ=90652.767, num_knots=1681
2025-09-07 00:32:47,411 - Iter 23580: obj=-1376.213854, change=1.75e-06, α=1.000, ‖θ[1:]‖₁=2083.511, γ=90652.767, num_knots=1681
2025-09-07 00:32:47,843 - Iter 23590: obj=-1376.213927, change=1.75e-06, α=1.000, ‖θ[1:]‖₁=2083.511, γ=90652.767, num_knots=1681
2025-09-07 00:32:48,209 - Iter 23600: obj=-1376.214001, change=1.75e-06, α=1.000, ‖θ[1:]‖₁=2083.511, γ=90652.767, num_knots=1681
2025-09-07 00:32:48,530 - Iter 23610: obj=-1376.214075, change=1.75e-06, α=1.000, ‖θ[1:]‖₁=2083.511, γ=90652.767, num_knots=1681
2025-09-07 00:32:48,867 - Iter 23620: obj=-1376.214149, change=1.75e-06, α=1.000, ‖θ[1:]‖₁=2083.510, γ=90652.767, num_knots=1681
2025-09-07 00:32:49,179 - Iter 23630: obj=-1376.214223, change=1.75e-06, α=1.000, ‖θ[1:]‖₁=2083.510, γ=90652.767, num_knots=1681
2025-09-07 00:32:49,543 - Iter 23640: obj=-1376.214296, change=1.75e-06, α=1.000, ‖θ[1:]‖₁=2083.510, γ=90652.767, num_knots=1681
2025-09-07 00:32:49,862 - Iter 23650: obj=-1376.214370, change=1.75e-06, α=1.000, ‖θ[1:]‖₁=2083.510, γ=90652.767, num_knots=1681
2025-09-07 00:32:50,180 - Iter 23660: obj=-1376.214444, change=1.75e-06, α=1.000, ‖θ[1:]‖₁=2083.510, γ=90652.767, num_knots=1681
2025-09-07 00:32:50,502 - Iter 23670: obj=-1376.214518, change=1.75e-06, α=1.000, ‖θ[1:]‖₁=2083.509, γ=90652.767, num_knots=1681
2025-09-07 00:32:50,916 - Iter 23680: obj=-1376.214592, change=1.75e-06, α=1.000, ‖θ[1:]‖₁=2083.509, γ=90652.767, num_knots=1681
2025-09-07 00:32:51,304 - Iter 23690: obj=-1376.214665, change=1.75e-06, α=1.000, ‖θ[1:]‖₁=2083.509, γ=90652.767, num_knots=1681
2025-09-07 00:32:51,647 - Iter 23700: obj=-1376.214739, change=1.75e-06, α=1.000, ‖θ[1:]‖₁=2083.509, γ=90652.767, num_knots=1681
2025-09-07 00:32:52,010 - Iter 23710: obj=-1376.214813, change=1.75e-06, α=1.000, ‖θ[1:]‖₁=2083.509, γ=90652.767, num_knots=1681
2025-09-07 00:32:52,357 - Iter 23720: obj=-1376.214887, change=1.75e-06, α=1.000, ‖θ[1:]‖₁=2083.508, γ=90652.767, num_knots=1681
2025-09-07 00:32:52,704 - Iter 23730: obj=-1376.214960, change=1.75e-06, α=1.000, ‖θ[1:]‖₁=2083.508, γ=90652.767, num_knots=1681
2025-09-07 00:32:53,036 - Iter 23740: obj=-1376.215034, change=1.75e-06, α=1.000, ‖θ[1:]‖₁=2083.508, γ=90652.767, num_knots=1681
2025-09-07 00:32:53,355 - Iter 23750: obj=-1376.215108, change=1.75e-06, α=1.000, ‖θ[1:]‖₁=2083.508, γ=90652.767, num_knots=1681
2025-09-07 00:32:53,702 - Iter 23760: obj=-1376.215182, change=1.75e-06, α=1.000, ‖θ[1:]‖₁=2083.508, γ=90652.767, num_knots=1681
2025-09-07 00:32:54,047 - Iter 23770: obj=-1376.215256, change=1.75e-06, α=1.000, ‖θ[1:]‖₁=2083.507, γ=90652.767, num_knots=1681
2025-09-07 00:32:54,401 - Iter 23780: obj=-1376.215329, change=1.75e-06, α=1.000, ‖θ[1:]‖₁=2083.507, γ=90652.767, num_knots=1681
2025-09-07 00:32:54,718 - Iter 23790: obj=-1376.215403, change=1.75e-06, α=1.000, ‖θ[1:]‖₁=2083.507, γ=90652.767, num_knots=1681
2025-09-07 00:32:55,063 - Iter 23800: obj=-1376.215477, change=1.75e-06, α=1.000, ‖θ[1:]‖₁=2083.507, γ=90652.767, num_knots=1681
2025-09-07 00:32:55,406 - Iter 23810: obj=-1376.215551, change=1.75e-06, α=1.000, ‖θ[1:]‖₁=2083.507, γ=90652.767, num_knots=1681
2025-09-07 00:32:55,775 - Iter 23820: obj=-1376.215625, change=1.75e-06, α=1.000, ‖θ[1:]‖₁=2083.506, γ=90652.767, num_knots=1681
2025-09-07 00:32:56,182 - Iter 23830: obj=-1376.215698, change=1.75e-06, α=1.000, ‖θ[1:]‖₁=2083.506, γ=90652.767, num_knots=1681
2025-09-07 00:32:56,518 - Iter 23840: obj=-1376.215772, change=1.75e-06, α=1.000, ‖θ[1:]‖₁=2083.506, γ=90652.767, num_knots=1681
2025-09-07 00:32:56,899 - Iter 23850: obj=-1376.215846, change=1.75e-06, α=1.000, ‖θ[1:]‖₁=2083.506, γ=90652.767, num_knots=1681
2025-09-07 00:32:57,276 - Iter 23860: obj=-1376.215920, change=1.75e-06, α=1.000, ‖θ[1:]‖₁=2083.506, γ=90652.767, num_knots=1681
2025-09-07 00:32:57,645 - Iter 23870: obj=-1376.215993, change=1.75e-06, α=1.000, ‖θ[1:]‖₁=2083.505, γ=90652.767, num_knots=1681
2025-09-07 00:32:58,097 - Iter 23880: obj=-1376.216067, change=1.75e-06, α=1.000, ‖θ[1:]‖₁=2083.505, γ=90652.767, num_knots=1681
2025-09-07 00:32:58,543 - Iter 23890: obj=-1376.216141, change=1.75e-06, α=1.000, ‖θ[1:]‖₁=2083.505, γ=90652.767, num_knots=1681
2025-09-07 00:32:59,131 - Iter 23900: obj=-1376.216215, change=1.75e-06, α=1.000, ‖θ[1:]‖₁=2083.505, γ=90652.767, num_knots=1681
2025-09-07 00:32:59,429 - Iter 23910: obj=-1376.216289, change=1.75e-06, α=1.000, ‖θ[1:]‖₁=2083.504, γ=90652.767, num_knots=1681
2025-09-07 00:32:59,747 - Iter 23920: obj=-1376.216362, change=1.75e-06, α=1.000, ‖θ[1:]‖₁=2083.504, γ=90652.767, num_knots=1681
2025-09-07 00:33:00,102 - Iter 23930: obj=-1376.216436, change=1.75e-06, α=1.000, ‖θ[1:]‖₁=2083.504, γ=90652.767, num_knots=1681
2025-09-07 00:33:00,499 - Iter 23940: obj=-1376.216510, change=1.75e-06, α=1.000, ‖θ[1:]‖₁=2083.504, γ=90652.767, num_knots=1681
2025-09-07 00:33:00,868 - Iter 23950: obj=-1376.216584, change=1.75e-06, α=1.000, ‖θ[1:]‖₁=2083.504, γ=90652.767, num_knots=1681
2025-09-07 00:33:01,231 - Iter 23960: obj=-1376.216658, change=1.75e-06, α=1.000, ‖θ[1:]‖₁=2083.503, γ=90652.767, num_knots=1681
2025-09-07 00:33:01,657 - Iter 23970: obj=-1376.216731, change=1.75e-06, α=1.000, ‖θ[1:]‖₁=2083.503, γ=90652.767, num_knots=1681
2025-09-07 00:33:01,979 - Iter 23980: obj=-1376.216805, change=1.75e-06, α=1.000, ‖θ[1:]‖₁=2083.503, γ=90652.767, num_knots=1681
2025-09-07 00:33:02,315 - Iter 23990: obj=-1376.216879, change=1.75e-06, α=1.000, ‖θ[1:]‖₁=2083.503, γ=90652.767, num_knots=1681
2025-09-07 00:33:02,655 - Iter 24000: obj=-1376.216953, change=1.75e-06, α=1.000, ‖θ[1:]‖₁=2083.503, γ=90652.767, num_knots=1681
2025-09-07 00:33:02,981 - Iter 24010: obj=-1376.217026, change=1.75e-06, α=1.000, ‖θ[1:]‖₁=2083.502, γ=90652.767, num_knots=1681
2025-09-07 00:33:03,408 - Iter 24020: obj=-1376.217100, change=1.75e-06, α=1.000, ‖θ[1:]‖₁=2083.502, γ=90652.767, num_knots=1681
2025-09-07 00:33:03,802 - Iter 24030: obj=-1376.217174, change=1.75e-06, α=1.000, ‖θ[1:]‖₁=2083.502, γ=90652.767, num_knots=1681
2025-09-07 00:33:04,177 - Iter 24040: obj=-1376.217248, change=1.75e-06, α=1.000, ‖θ[1:]‖₁=2083.502, γ=90652.767, num_knots=1681
2025-09-07 00:33:04,497 - Iter 24050: obj=-1376.217322, change=1.75e-06, α=1.000, ‖θ[1:]‖₁=2083.502, γ=90652.767, num_knots=1681
2025-09-07 00:33:04,818 - Iter 24060: obj=-1376.217395, change=1.75e-06, α=1.000, ‖θ[1:]‖₁=2083.501, γ=90652.767, num_knots=1681
2025-09-07 00:33:05,161 - Iter 24070: obj=-1376.217469, change=1.75e-06, α=1.000, ‖θ[1:]‖₁=2083.501, γ=90652.767, num_knots=1681
2025-09-07 00:33:05,502 - Iter 24080: obj=-1376.217543, change=1.75e-06, α=1.000, ‖θ[1:]‖₁=2083.501, γ=90652.767, num_knots=1681
2025-09-07 00:33:05,884 - Iter 24090: obj=-1376.217617, change=1.75e-06, α=1.000, ‖θ[1:]‖₁=2083.501, γ=90652.767, num_knots=1681
2025-09-07 00:33:06,227 - Iter 24100: obj=-1376.217691, change=1.75e-06, α=1.000, ‖θ[1:]‖₁=2083.501, γ=90652.767, num_knots=1681
2025-09-07 00:33:06,571 - Iter 24110: obj=-1376.217764, change=1.75e-06, α=1.000, ‖θ[1:]‖₁=2083.500, γ=90652.767, num_knots=1681
2025-09-07 00:33:06,962 - Iter 24120: obj=-1376.217838, change=1.75e-06, α=1.000, ‖θ[1:]‖₁=2083.500, γ=90652.767, num_knots=1681
2025-09-07 00:33:07,263 - Iter 24130: obj=-1376.217912, change=1.75e-06, α=1.000, ‖θ[1:]‖₁=2083.500, γ=90652.767, num_knots=1681
2025-09-07 00:33:07,577 - Iter 24140: obj=-1376.217986, change=1.75e-06, α=1.000, ‖θ[1:]‖₁=2083.500, γ=90652.767, num_knots=1681
2025-09-07 00:33:08,020 - Iter 24150: obj=-1376.218059, change=1.75e-06, α=1.000, ‖θ[1:]‖₁=2083.500, γ=90652.767, num_knots=1681
2025-09-07 00:33:08,348 - Iter 24160: obj=-1376.218133, change=1.75e-06, α=1.000, ‖θ[1:]‖₁=2083.499, γ=90652.767, num_knots=1681
2025-09-07 00:33:08,662 - Iter 24170: obj=-1376.218207, change=1.75e-06, α=1.000, ‖θ[1:]‖₁=2083.499, γ=90652.767, num_knots=1681
2025-09-07 00:33:09,009 - Iter 24180: obj=-1376.218281, change=1.75e-06, α=1.000, ‖θ[1:]‖₁=2083.499, γ=90652.767, num_knots=1681
2025-09-07 00:33:09,364 - Iter 24190: obj=-1376.218355, change=1.75e-06, α=1.000, ‖θ[1:]‖₁=2083.499, γ=90652.767, num_knots=1681
2025-09-07 00:33:09,695 - Iter 24200: obj=-1376.218428, change=1.75e-06, α=1.000, ‖θ[1:]‖₁=2083.499, γ=90652.767, num_knots=1681
2025-09-07 00:33:10,070 - Iter 24210: obj=-1376.218502, change=1.75e-06, α=1.000, ‖θ[1:]‖₁=2083.498, γ=90652.767, num_knots=1681
2025-09-07 00:33:10,419 - Iter 24220: obj=-1376.218576, change=1.75e-06, α=1.000, ‖θ[1:]‖₁=2083.498, γ=90652.767, num_knots=1681
2025-09-07 00:33:10,794 - Iter 24230: obj=-1376.218650, change=1.75e-06, α=1.000, ‖θ[1:]‖₁=2083.498, γ=90652.767, num_knots=1681
2025-09-07 00:33:11,151 - Iter 24240: obj=-1376.218723, change=1.75e-06, α=1.000, ‖θ[1:]‖₁=2083.498, γ=90652.767, num_knots=1681
2025-09-07 00:33:11,579 - Iter 24250: obj=-1376.218797, change=1.75e-06, α=1.000, ‖θ[1:]‖₁=2083.498, γ=90652.767, num_knots=1681
2025-09-07 00:33:11,911 - Iter 24260: obj=-1376.218871, change=1.75e-06, α=1.000, ‖θ[1:]‖₁=2083.497, γ=90652.767, num_knots=1681
2025-09-07 00:33:12,270 - Iter 24270: obj=-1376.218945, change=1.75e-06, α=1.000, ‖θ[1:]‖₁=2083.497, γ=90652.767, num_knots=1681
2025-09-07 00:33:12,640 - Iter 24280: obj=-1376.219019, change=1.75e-06, α=1.000, ‖θ[1:]‖₁=2083.497, γ=90652.767, num_knots=1681
2025-09-07 00:33:12,966 - Iter 24290: obj=-1376.219092, change=1.75e-06, α=1.000, ‖θ[1:]‖₁=2083.497, γ=90652.767, num_knots=1681
2025-09-07 00:33:13,281 - Iter 24300: obj=-1376.219166, change=1.75e-06, α=1.000, ‖θ[1:]‖₁=2083.497, γ=90652.767, num_knots=1681
2025-09-07 00:33:13,627 - Iter 24310: obj=-1376.219240, change=1.75e-06, α=1.000, ‖θ[1:]‖₁=2083.496, γ=90652.767, num_knots=1681
2025-09-07 00:33:13,931 - Iter 24320: obj=-1376.219314, change=1.75e-06, α=1.000, ‖θ[1:]‖₁=2083.496, γ=90652.767, num_knots=1681
2025-09-07 00:33:14,285 - Iter 24330: obj=-1376.219387, change=1.75e-06, α=1.000, ‖θ[1:]‖₁=2083.496, γ=90652.767, num_knots=1681
2025-09-07 00:33:14,617 - Iter 24340: obj=-1376.219461, change=1.75e-06, α=1.000, ‖θ[1:]‖₁=2083.496, γ=90652.767, num_knots=1681
2025-09-07 00:33:14,964 - Iter 24350: obj=-1376.219535, change=1.75e-06, α=1.000, ‖θ[1:]‖₁=2083.496, γ=90652.767, num_knots=1681
2025-09-07 00:33:15,279 - Iter 24360: obj=-1376.219609, change=1.75e-06, α=1.000, ‖θ[1:]‖₁=2083.495, γ=90652.767, num_knots=1681
2025-09-07 00:33:15,616 - Iter 24370: obj=-1376.219683, change=1.75e-06, α=1.000, ‖θ[1:]‖₁=2083.495, γ=90652.767, num_knots=1681
2025-09-07 00:33:16,011 - Iter 24380: obj=-1376.219756, change=1.75e-06, α=1.000, ‖θ[1:]‖₁=2083.495, γ=90652.767, num_knots=1681
2025-09-07 00:33:16,365 - Iter 24390: obj=-1376.219830, change=1.75e-06, α=1.000, ‖θ[1:]‖₁=2083.495, γ=90652.767, num_knots=1681
2025-09-07 00:33:16,700 - Iter 24400: obj=-1376.219904, change=1.75e-06, α=1.000, ‖θ[1:]‖₁=2083.495, γ=90652.767, num_knots=1681
2025-09-07 00:33:17,047 - Iter 24410: obj=-1376.219978, change=1.75e-06, α=1.000, ‖θ[1:]‖₁=2083.494, γ=90652.767, num_knots=1681
2025-09-07 00:33:17,384 - Iter 24420: obj=-1376.220052, change=1.75e-06, α=1.000, ‖θ[1:]‖₁=2083.494, γ=90652.767, num_knots=1681
2025-09-07 00:33:17,741 - Iter 24430: obj=-1376.220125, change=1.75e-06, α=1.000, ‖θ[1:]‖₁=2083.494, γ=90652.767, num_knots=1681
2025-09-07 00:33:18,077 - Iter 24440: obj=-1376.220199, change=1.75e-06, α=1.000, ‖θ[1:]‖₁=2083.494, γ=90652.767, num_knots=1681
2025-09-07 00:33:18,367 - Iter 24450: obj=-1376.220273, change=1.75e-06, α=1.000, ‖θ[1:]‖₁=2083.494, γ=90652.767, num_knots=1681
2025-09-07 00:33:18,665 - Iter 24460: obj=-1376.220347, change=1.75e-06, α=1.000, ‖θ[1:]‖₁=2083.493, γ=90652.767, num_knots=1681
2025-09-07 00:33:19,027 - Iter 24470: obj=-1376.220420, change=1.75e-06, α=1.000, ‖θ[1:]‖₁=2083.493, γ=90652.767, num_knots=1681
2025-09-07 00:33:19,343 - Iter 24480: obj=-1376.220494, change=1.75e-06, α=1.000, ‖θ[1:]‖₁=2083.493, γ=90652.767, num_knots=1681
2025-09-07 00:33:19,679 - Iter 24490: obj=-1376.220568, change=1.75e-06, α=1.000, ‖θ[1:]‖₁=2083.493, γ=90652.767, num_knots=1681
2025-09-07 00:33:20,012 - Iter 24500: obj=-1376.220642, change=1.75e-06, α=1.000, ‖θ[1:]‖₁=2083.492, γ=90652.767, num_knots=1681
2025-09-07 00:33:20,341 - Iter 24510: obj=-1376.220716, change=1.75e-06, α=1.000, ‖θ[1:]‖₁=2083.492, γ=90652.767, num_knots=1681
2025-09-07 00:33:20,678 - Iter 24520: obj=-1376.220789, change=1.75e-06, α=1.000, ‖θ[1:]‖₁=2083.492, γ=90652.767, num_knots=1681
2025-09-07 00:33:20,994 - Iter 24530: obj=-1376.220863, change=1.75e-06, α=1.000, ‖θ[1:]‖₁=2083.492, γ=90652.767, num_knots=1681
2025-09-07 00:33:21,347 - Iter 24540: obj=-1376.220937, change=1.75e-06, α=1.000, ‖θ[1:]‖₁=2083.492, γ=90652.767, num_knots=1681
2025-09-07 00:33:21,762 - Iter 24550: obj=-1376.221011, change=1.75e-06, α=1.000, ‖θ[1:]‖₁=2083.491, γ=90652.767, num_knots=1681
2025-09-07 00:33:22,116 - Iter 24560: obj=-1376.221084, change=1.75e-06, α=1.000, ‖θ[1:]‖₁=2083.491, γ=90652.767, num_knots=1681
2025-09-07 00:33:22,449 - Iter 24570: obj=-1376.221158, change=1.75e-06, α=1.000, ‖θ[1:]‖₁=2083.491, γ=90652.767, num_knots=1681
2025-09-07 00:33:22,797 - Iter 24580: obj=-1376.221232, change=1.75e-06, α=1.000, ‖θ[1:]‖₁=2083.491, γ=90652.767, num_knots=1681
2025-09-07 00:33:23,152 - Iter 24590: obj=-1376.221306, change=1.75e-06, α=1.000, ‖θ[1:]‖₁=2083.491, γ=90652.767, num_knots=1681
2025-09-07 00:33:23,492 - Iter 24600: obj=-1376.221380, change=1.75e-06, α=1.000, ‖θ[1:]‖₁=2083.490, γ=90652.767, num_knots=1681
2025-09-07 00:33:23,807 - Iter 24610: obj=-1376.221453, change=1.75e-06, α=1.000, ‖θ[1:]‖₁=2083.490, γ=90652.767, num_knots=1681
2025-09-07 00:33:24,129 - Iter 24620: obj=-1376.221527, change=1.75e-06, α=1.000, ‖θ[1:]‖₁=2083.490, γ=90652.767, num_knots=1681
2025-09-07 00:33:24,427 - Iter 24630: obj=-1376.221601, change=1.75e-06, α=1.000, ‖θ[1:]‖₁=2083.490, γ=90652.767, num_knots=1681
2025-09-07 00:33:24,797 - Iter 24640: obj=-1376.221675, change=1.75e-06, α=1.000, ‖θ[1:]‖₁=2083.490, γ=90652.767, num_knots=1681
2025-09-07 00:33:25,146 - Iter 24650: obj=-1376.221748, change=1.75e-06, α=1.000, ‖θ[1:]‖₁=2083.489, γ=90652.767, num_knots=1681
2025-09-07 00:33:25,466 - Iter 24660: obj=-1376.221822, change=1.75e-06, α=1.000, ‖θ[1:]‖₁=2083.489, γ=90652.767, num_knots=1681
2025-09-07 00:33:25,833 - Iter 24670: obj=-1376.221896, change=1.75e-06, α=1.000, ‖θ[1:]‖₁=2083.489, γ=90652.767, num_knots=1681
2025-09-07 00:33:26,134 - Iter 24680: obj=-1376.221970, change=1.75e-06, α=1.000, ‖θ[1:]‖₁=2083.489, γ=90652.767, num_knots=1681
2025-09-07 00:33:26,482 - Iter 24690: obj=-1376.222043, change=1.75e-06, α=1.000, ‖θ[1:]‖₁=2083.489, γ=90652.767, num_knots=1681
2025-09-07 00:33:26,809 - Iter 24700: obj=-1376.222117, change=1.75e-06, α=1.000, ‖θ[1:]‖₁=2083.488, γ=90652.767, num_knots=1681
2025-09-07 00:33:27,138 - Iter 24710: obj=-1376.222191, change=1.75e-06, α=1.000, ‖θ[1:]‖₁=2083.488, γ=90652.767, num_knots=1681
2025-09-07 00:33:27,477 - Iter 24720: obj=-1376.222265, change=1.75e-06, α=1.000, ‖θ[1:]‖₁=2083.488, γ=90652.767, num_knots=1681
2025-09-07 00:33:27,795 - Iter 24730: obj=-1376.222339, change=1.75e-06, α=1.000, ‖θ[1:]‖₁=2083.488, γ=90652.767, num_knots=1681
2025-09-07 00:33:28,166 - Iter 24740: obj=-1376.222412, change=1.75e-06, α=1.000, ‖θ[1:]‖₁=2083.488, γ=90652.767, num_knots=1681
2025-09-07 00:33:28,531 - Iter 24750: obj=-1376.222486, change=1.75e-06, α=1.000, ‖θ[1:]‖₁=2083.487, γ=90652.767, num_knots=1681
2025-09-07 00:33:28,833 - Iter 24760: obj=-1376.222560, change=1.75e-06, α=1.000, ‖θ[1:]‖₁=2083.487, γ=90652.767, num_knots=1681
2025-09-07 00:33:29,205 - Iter 24770: obj=-1376.222634, change=1.75e-06, α=1.000, ‖θ[1:]‖₁=2083.487, γ=90652.767, num_knots=1681
2025-09-07 00:33:29,544 - Iter 24780: obj=-1376.222707, change=1.75e-06, α=1.000, ‖θ[1:]‖₁=2083.487, γ=90652.767, num_knots=1681
2025-09-07 00:33:29,848 - Iter 24790: obj=-1376.222781, change=1.75e-06, α=1.000, ‖θ[1:]‖₁=2083.487, γ=90652.767, num_knots=1681
2025-09-07 00:33:30,179 - Iter 24800: obj=-1376.222855, change=1.75e-06, α=1.000, ‖θ[1:]‖₁=2083.486, γ=90652.767, num_knots=1681
2025-09-07 00:33:30,496 - Iter 24810: obj=-1376.222929, change=1.75e-06, α=1.000, ‖θ[1:]‖₁=2083.486, γ=90652.767, num_knots=1681
2025-09-07 00:33:30,860 - Iter 24820: obj=-1376.223003, change=1.75e-06, α=1.000, ‖θ[1:]‖₁=2083.486, γ=90652.767, num_knots=1681
2025-09-07 00:33:31,206 - Iter 24830: obj=-1376.223076, change=1.75e-06, α=1.000, ‖θ[1:]‖₁=2083.486, γ=90652.767, num_knots=1681
2025-09-07 00:33:31,526 - Iter 24840: obj=-1376.223150, change=1.75e-06, α=1.000, ‖θ[1:]‖₁=2083.486, γ=90652.767, num_knots=1681
2025-09-07 00:33:31,851 - Iter 24850: obj=-1376.223224, change=1.75e-06, α=1.000, ‖θ[1:]‖₁=2083.485, γ=90652.767, num_knots=1681
2025-09-07 00:33:32,183 - Iter 24860: obj=-1376.223298, change=1.75e-06, α=1.000, ‖θ[1:]‖₁=2083.485, γ=90652.767, num_knots=1681
2025-09-07 00:33:32,528 - Iter 24870: obj=-1376.223371, change=1.75e-06, α=1.000, ‖θ[1:]‖₁=2083.485, γ=90652.767, num_knots=1681
2025-09-07 00:33:32,893 - Iter 24880: obj=-1376.223445, change=1.75e-06, α=1.000, ‖θ[1:]‖₁=2083.485, γ=90652.767, num_knots=1681
2025-09-07 00:33:33,225 - Iter 24890: obj=-1376.223519, change=1.75e-06, α=1.000, ‖θ[1:]‖₁=2083.485, γ=90652.767, num_knots=1681
2025-09-07 00:33:33,571 - Iter 24900: obj=-1376.223593, change=1.75e-06, α=1.000, ‖θ[1:]‖₁=2083.484, γ=90652.767, num_knots=1681
2025-09-07 00:33:33,899 - Iter 24910: obj=-1376.223667, change=1.75e-06, α=1.000, ‖θ[1:]‖₁=2083.484, γ=90652.767, num_knots=1681
2025-09-07 00:33:34,270 - Iter 24920: obj=-1376.223740, change=1.75e-06, α=1.000, ‖θ[1:]‖₁=2083.484, γ=90652.767, num_knots=1681
2025-09-07 00:33:34,620 - Iter 24930: obj=-1376.223814, change=1.75e-06, α=1.000, ‖θ[1:]‖₁=2083.484, γ=90652.767, num_knots=1681
2025-09-07 00:33:34,950 - Iter 24940: obj=-1376.223888, change=1.75e-06, α=1.000, ‖θ[1:]‖₁=2083.484, γ=90652.767, num_knots=1681
2025-09-07 00:33:35,266 - Iter 24950: obj=-1376.223962, change=1.75e-06, α=1.000, ‖θ[1:]‖₁=2083.483, γ=90652.767, num_knots=1681
2025-09-07 00:33:35,638 - Iter 24960: obj=-1376.224035, change=1.75e-06, α=1.000, ‖θ[1:]‖₁=2083.483, γ=90652.767, num_knots=1681
2025-09-07 00:33:35,966 - Iter 24970: obj=-1376.224109, change=1.75e-06, α=1.000, ‖θ[1:]‖₁=2083.483, γ=90652.767, num_knots=1681
2025-09-07 00:33:36,281 - Iter 24980: obj=-1376.224183, change=1.75e-06, α=1.000, ‖θ[1:]‖₁=2083.483, γ=90652.767, num_knots=1681
2025-09-07 00:33:36,663 - Iter 24990: obj=-1376.224257, change=1.75e-06, α=1.000, ‖θ[1:]‖₁=2083.483, γ=90652.767, num_knots=1681
2025-09-07 00:33:37,015 - Iter 25000: obj=-1376.224330, change=1.75e-06, α=1.000, ‖θ[1:]‖₁=2083.482, γ=90652.767, num_knots=1681
2025-09-07 00:33:37,335 - Iter 25010: obj=-1376.224404, change=1.75e-06, α=1.000, ‖θ[1:]‖₁=2083.482, γ=90652.767, num_knots=1681
2025-09-07 00:33:37,663 - Iter 25020: obj=-1376.224478, change=1.75e-06, α=1.000, ‖θ[1:]‖₁=2083.482, γ=90652.767, num_knots=1681
2025-09-07 00:33:38,130 - Iter 25030: obj=-1376.224552, change=1.75e-06, α=1.000, ‖θ[1:]‖₁=2083.482, γ=90652.767, num_knots=1681
2025-09-07 00:33:38,468 - Iter 25040: obj=-1376.224626, change=1.75e-06, α=1.000, ‖θ[1:]‖₁=2083.481, γ=90652.767, num_knots=1681
2025-09-07 00:33:38,820 - Iter 25050: obj=-1376.224699, change=1.75e-06, α=1.000, ‖θ[1:]‖₁=2083.481, γ=90652.767, num_knots=1681
2025-09-07 00:33:39,176 - Iter 25060: obj=-1376.224773, change=1.75e-06, α=1.000, ‖θ[1:]‖₁=2083.481, γ=90652.767, num_knots=1681
2025-09-07 00:33:39,495 - Iter 25070: obj=-1376.224847, change=1.75e-06, α=1.000, ‖θ[1:]‖₁=2083.481, γ=90652.767, num_knots=1681
2025-09-07 00:33:39,813 - Iter 25080: obj=-1376.224921, change=1.75e-06, α=1.000, ‖θ[1:]‖₁=2083.481, γ=90652.767, num_knots=1681
2025-09-07 00:33:40,173 - Iter 25090: obj=-1376.224994, change=1.75e-06, α=1.000, ‖θ[1:]‖₁=2083.480, γ=90652.767, num_knots=1681
2025-09-07 00:33:40,491 - Iter 25100: obj=-1376.225068, change=1.75e-06, α=1.000, ‖θ[1:]‖₁=2083.480, γ=90652.767, num_knots=1681
2025-09-07 00:33:40,876 - Iter 25110: obj=-1376.225142, change=1.75e-06, α=1.000, ‖θ[1:]‖₁=2083.480, γ=90652.767, num_knots=1681
2025-09-07 00:33:41,218 - Iter 25120: obj=-1376.225216, change=1.75e-06, α=1.000, ‖θ[1:]‖₁=2083.480, γ=90652.767, num_knots=1681
2025-09-07 00:33:41,557 - Iter 25130: obj=-1376.225290, change=1.75e-06, α=1.000, ‖θ[1:]‖₁=2083.480, γ=90652.767, num_knots=1681
2025-09-07 00:33:41,888 - Iter 25140: obj=-1376.225363, change=1.75e-06, α=1.000, ‖θ[1:]‖₁=2083.479, γ=90652.767, num_knots=1681
2025-09-07 00:33:42,210 - Iter 25150: obj=-1376.225437, change=1.75e-06, α=1.000, ‖θ[1:]‖₁=2083.479, γ=90652.767, num_knots=1681
2025-09-07 00:33:42,536 - Iter 25160: obj=-1376.225511, change=1.75e-06, α=1.000, ‖θ[1:]‖₁=2083.479, γ=90652.767, num_knots=1681
2025-09-07 00:33:42,908 - Iter 25170: obj=-1376.225585, change=1.75e-06, α=1.000, ‖θ[1:]‖₁=2083.479, γ=90652.767, num_knots=1681
2025-09-07 00:33:43,240 - Iter 25180: obj=-1376.225658, change=1.75e-06, α=1.000, ‖θ[1:]‖₁=2083.479, γ=90652.767, num_knots=1681
2025-09-07 00:33:43,539 - Iter 25190: obj=-1376.225732, change=1.75e-06, α=1.000, ‖θ[1:]‖₁=2083.478, γ=90652.767, num_knots=1681
2025-09-07 00:33:43,828 - Iter 25200: obj=-1376.225806, change=1.75e-06, α=1.000, ‖θ[1:]‖₁=2083.478, γ=90652.767, num_knots=1681
2025-09-07 00:33:44,150 - Iter 25210: obj=-1376.225880, change=1.75e-06, α=1.000, ‖θ[1:]‖₁=2083.478, γ=90652.767, num_knots=1681
2025-09-07 00:33:44,503 - Iter 25220: obj=-1376.225953, change=1.75e-06, α=1.000, ‖θ[1:]‖₁=2083.478, γ=90652.767, num_knots=1681
2025-09-07 00:33:44,834 - Iter 25230: obj=-1376.226027, change=1.75e-06, α=1.000, ‖θ[1:]‖₁=2083.478, γ=90652.767, num_knots=1681
2025-09-07 00:33:45,137 - Iter 25240: obj=-1376.226101, change=1.75e-06, α=1.000, ‖θ[1:]‖₁=2083.477, γ=90652.767, num_knots=1681
2025-09-07 00:33:45,433 - Iter 25250: obj=-1376.226175, change=1.75e-06, α=1.000, ‖θ[1:]‖₁=2083.477, γ=90652.767, num_knots=1681
2025-09-07 00:33:45,837 - Iter 25260: obj=-1376.226249, change=1.75e-06, α=1.000, ‖θ[1:]‖₁=2083.477, γ=90652.767, num_knots=1681
2025-09-07 00:33:46,193 - Iter 25270: obj=-1376.226322, change=1.75e-06, α=1.000, ‖θ[1:]‖₁=2083.477, γ=90652.767, num_knots=1681
2025-09-07 00:33:46,515 - Iter 25280: obj=-1376.226396, change=1.75e-06, α=1.000, ‖θ[1:]‖₁=2083.477, γ=90652.767, num_knots=1681
2025-09-07 00:33:46,825 - Iter 25290: obj=-1376.226470, change=1.75e-06, α=1.000, ‖θ[1:]‖₁=2083.476, γ=90652.767, num_knots=1681
2025-09-07 00:33:47,173 - Iter 25300: obj=-1376.226544, change=1.75e-06, α=1.000, ‖θ[1:]‖₁=2083.476, γ=90652.767, num_knots=1681
2025-09-07 00:33:47,496 - Iter 25310: obj=-1376.226617, change=1.75e-06, α=1.000, ‖θ[1:]‖₁=2083.476, γ=90652.767, num_knots=1681
2025-09-07 00:33:47,809 - Iter 25320: obj=-1376.226691, change=1.75e-06, α=1.000, ‖θ[1:]‖₁=2083.476, γ=90652.767, num_knots=1681
2025-09-07 00:33:48,149 - Iter 25330: obj=-1376.226765, change=1.75e-06, α=1.000, ‖θ[1:]‖₁=2083.476, γ=90652.767, num_knots=1681
2025-09-07 00:33:48,512 - Iter 25340: obj=-1376.226839, change=1.75e-06, α=1.000, ‖θ[1:]‖₁=2083.475, γ=90652.767, num_knots=1681
2025-09-07 00:33:48,929 - Iter 25350: obj=-1376.226912, change=1.75e-06, α=1.000, ‖θ[1:]‖₁=2083.475, γ=90652.767, num_knots=1681
2025-09-07 00:33:49,312 - Iter 25360: obj=-1376.226986, change=1.75e-06, α=1.000, ‖θ[1:]‖₁=2083.475, γ=90652.767, num_knots=1681
2025-09-07 00:33:49,716 - Iter 25370: obj=-1376.227060, change=1.75e-06, α=1.000, ‖θ[1:]‖₁=2083.475, γ=90652.767, num_knots=1681
2025-09-07 00:33:50,097 - Iter 25380: obj=-1376.227134, change=1.75e-06, α=1.000, ‖θ[1:]‖₁=2083.475, γ=90652.767, num_knots=1681
2025-09-07 00:33:50,433 - Iter 25390: obj=-1376.227207, change=1.75e-06, α=1.000, ‖θ[1:]‖₁=2083.474, γ=90652.767, num_knots=1681
2025-09-07 00:33:50,785 - Iter 25400: obj=-1376.227281, change=1.75e-06, α=1.000, ‖θ[1:]‖₁=2083.474, γ=90652.767, num_knots=1681
2025-09-07 00:33:51,133 - Iter 25410: obj=-1376.227355, change=1.75e-06, α=1.000, ‖θ[1:]‖₁=2083.474, γ=90652.767, num_knots=1681
2025-09-07 00:33:51,462 - Iter 25420: obj=-1376.227429, change=1.75e-06, α=1.000, ‖θ[1:]‖₁=2083.474, γ=90652.767, num_knots=1681
2025-09-07 00:33:51,786 - Iter 25430: obj=-1376.227503, change=1.75e-06, α=1.000, ‖θ[1:]‖₁=2083.474, γ=90652.767, num_knots=1681
2025-09-07 00:33:52,143 - Iter 25440: obj=-1376.227576, change=1.75e-06, α=1.000, ‖θ[1:]‖₁=2083.473, γ=90652.767, num_knots=1681
2025-09-07 00:33:52,508 - Iter 25450: obj=-1376.227650, change=1.75e-06, α=1.000, ‖θ[1:]‖₁=2083.473, γ=90652.767, num_knots=1681
2025-09-07 00:33:52,843 - Iter 25460: obj=-1376.227724, change=1.75e-06, α=1.000, ‖θ[1:]‖₁=2083.473, γ=90652.767, num_knots=1681
2025-09-07 00:33:53,164 - Iter 25470: obj=-1376.227798, change=1.75e-06, α=1.000, ‖θ[1:]‖₁=2083.473, γ=90652.767, num_knots=1681
2025-09-07 00:33:53,633 - Iter 25480: obj=-1376.227871, change=1.75e-06, α=1.000, ‖θ[1:]‖₁=2083.473, γ=90652.767, num_knots=1681
2025-09-07 00:33:53,978 - Iter 25490: obj=-1376.227945, change=1.75e-06, α=1.000, ‖θ[1:]‖₁=2083.472, γ=90652.767, num_knots=1681
2025-09-07 00:33:54,299 - Iter 25500: obj=-1376.228019, change=1.75e-06, α=1.000, ‖θ[1:]‖₁=2083.472, γ=90652.767, num_knots=1681
2025-09-07 00:33:54,631 - Iter 25510: obj=-1376.228093, change=1.75e-06, α=1.000, ‖θ[1:]‖₁=2083.472, γ=90652.767, num_knots=1681
2025-09-07 00:33:54,975 - Iter 25520: obj=-1376.228166, change=1.75e-06, α=1.000, ‖θ[1:]‖₁=2083.472, γ=90652.767, num_knots=1681
2025-09-07 00:33:55,272 - Iter 25530: obj=-1376.228240, change=1.75e-06, α=1.000, ‖θ[1:]‖₁=2083.471, γ=90652.767, num_knots=1681
2025-09-07 00:33:55,646 - Iter 25540: obj=-1376.228314, change=1.75e-06, α=1.000, ‖θ[1:]‖₁=2083.471, γ=90652.767, num_knots=1681
2025-09-07 00:33:55,976 - Iter 25550: obj=-1376.228388, change=1.75e-06, α=1.000, ‖θ[1:]‖₁=2083.471, γ=90652.767, num_knots=1681
2025-09-07 00:33:56,326 - Iter 25560: obj=-1376.228462, change=1.75e-06, α=1.000, ‖θ[1:]‖₁=2083.471, γ=90652.767, num_knots=1681
2025-09-07 00:33:56,693 - Iter 25570: obj=-1376.228535, change=1.75e-06, α=1.000, ‖θ[1:]‖₁=2083.471, γ=90652.767, num_knots=1681
2025-09-07 00:33:57,029 - Iter 25580: obj=-1376.228609, change=1.75e-06, α=1.000, ‖θ[1:]‖₁=2083.470, γ=90652.767, num_knots=1681
2025-09-07 00:33:57,412 - Iter 25590: obj=-1376.228683, change=1.75e-06, α=1.000, ‖θ[1:]‖₁=2083.470, γ=90652.767, num_knots=1681
2025-09-07 00:33:57,809 - Iter 25600: obj=-1376.228757, change=1.75e-06, α=1.000, ‖θ[1:]‖₁=2083.470, γ=90652.767, num_knots=1681
2025-09-07 00:33:58,195 - Iter 25610: obj=-1376.228830, change=1.75e-06, α=1.000, ‖θ[1:]‖₁=2083.470, γ=90652.767, num_knots=1681
2025-09-07 00:33:58,596 - Iter 25620: obj=-1376.228904, change=1.75e-06, α=1.000, ‖θ[1:]‖₁=2083.470, γ=90652.767, num_knots=1681
2025-09-07 00:33:58,946 - Iter 25630: obj=-1376.228978, change=1.75e-06, α=1.000, ‖θ[1:]‖₁=2083.469, γ=90652.767, num_knots=1681
2025-09-07 00:33:59,334 - Iter 25640: obj=-1376.229052, change=1.75e-06, α=1.000, ‖θ[1:]‖₁=2083.469, γ=90652.767, num_knots=1681
2025-09-07 00:33:59,731 - Iter 25650: obj=-1376.229125, change=1.75e-06, α=1.000, ‖θ[1:]‖₁=2083.469, γ=90652.767, num_knots=1681
2025-09-07 00:34:00,118 - Iter 25660: obj=-1376.229199, change=1.75e-06, α=1.000, ‖θ[1:]‖₁=2083.469, γ=90652.767, num_knots=1681
2025-09-07 00:34:00,510 - Iter 25670: obj=-1376.229273, change=1.75e-06, α=1.000, ‖θ[1:]‖₁=2083.469, γ=90652.767, num_knots=1681
2025-09-07 00:34:00,918 - Iter 25680: obj=-1376.229347, change=1.75e-06, α=1.000, ‖θ[1:]‖₁=2083.468, γ=90652.767, num_knots=1681
2025-09-07 00:34:01,312 - Iter 25690: obj=-1376.229420, change=1.75e-06, α=1.000, ‖θ[1:]‖₁=2083.468, γ=90652.767, num_knots=1681
2025-09-07 00:34:01,688 - Iter 25700: obj=-1376.229494, change=1.75e-06, α=1.000, ‖θ[1:]‖₁=2083.468, γ=90652.767, num_knots=1681
2025-09-07 00:34:02,091 - Iter 25710: obj=-1376.229568, change=1.75e-06, α=1.000, ‖θ[1:]‖₁=2083.468, γ=90652.767, num_knots=1681
2025-09-07 00:34:02,482 - Iter 25720: obj=-1376.229642, change=1.75e-06, α=1.000, ‖θ[1:]‖₁=2083.468, γ=90652.767, num_knots=1681
2025-09-07 00:34:02,871 - Iter 25730: obj=-1376.229716, change=1.75e-06, α=1.000, ‖θ[1:]‖₁=2083.467, γ=90652.767, num_knots=1681
2025-09-07 00:34:03,275 - Iter 25740: obj=-1376.229789, change=1.75e-06, α=1.000, ‖θ[1:]‖₁=2083.467, γ=90652.767, num_knots=1681
2025-09-07 00:34:03,695 - Iter 25750: obj=-1376.229863, change=1.75e-06, α=1.000, ‖θ[1:]‖₁=2083.467, γ=90652.767, num_knots=1681
2025-09-07 00:34:04,067 - Iter 25760: obj=-1376.229937, change=1.75e-06, α=1.000, ‖θ[1:]‖₁=2083.467, γ=90652.767, num_knots=1681
2025-09-07 00:34:04,547 - Iter 25770: obj=-1376.230011, change=1.75e-06, α=1.000, ‖θ[1:]‖₁=2083.467, γ=90652.767, num_knots=1681
2025-09-07 00:34:04,876 - Iter 25780: obj=-1376.230084, change=1.75e-06, α=1.000, ‖θ[1:]‖₁=2083.466, γ=90652.767, num_knots=1681
2025-09-07 00:34:05,193 - Iter 25790: obj=-1376.230158, change=1.75e-06, α=1.000, ‖θ[1:]‖₁=2083.466, γ=90652.767, num_knots=1681
2025-09-07 00:34:05,565 - Iter 25800: obj=-1376.230232, change=1.75e-06, α=1.000, ‖θ[1:]‖₁=2083.466, γ=90652.767, num_knots=1681
2025-09-07 00:34:05,939 - Iter 25810: obj=-1376.230306, change=1.75e-06, α=1.000, ‖θ[1:]‖₁=2083.466, γ=90652.767, num_knots=1681
2025-09-07 00:34:06,257 - Iter 25820: obj=-1376.230379, change=1.75e-06, α=1.000, ‖θ[1:]‖₁=2083.466, γ=90652.767, num_knots=1681
2025-09-07 00:34:06,581 - Iter 25830: obj=-1376.230453, change=1.75e-06, α=1.000, ‖θ[1:]‖₁=2083.465, γ=90652.767, num_knots=1681
2025-09-07 00:34:06,911 - Iter 25840: obj=-1376.230527, change=1.75e-06, α=1.000, ‖θ[1:]‖₁=2083.465, γ=90652.767, num_knots=1681
2025-09-07 00:34:07,231 - Iter 25850: obj=-1376.230601, change=1.75e-06, α=1.000, ‖θ[1:]‖₁=2083.465, γ=90652.767, num_knots=1681
2025-09-07 00:34:07,564 - Iter 25860: obj=-1376.230674, change=1.75e-06, α=1.000, ‖θ[1:]‖₁=2083.465, γ=90652.767, num_knots=1681
2025-09-07 00:34:07,912 - Iter 25870: obj=-1376.230748, change=1.75e-06, α=1.000, ‖θ[1:]‖₁=2083.465, γ=90652.767, num_knots=1681
2025-09-07 00:34:08,279 - Iter 25880: obj=-1376.230822, change=1.75e-06, α=1.000, ‖θ[1:]‖₁=2083.464, γ=90652.767, num_knots=1681
2025-09-07 00:34:08,652 - Iter 25890: obj=-1376.230896, change=1.75e-06, α=1.000, ‖θ[1:]‖₁=2083.464, γ=90652.767, num_knots=1681
2025-09-07 00:34:09,012 - Iter 25900: obj=-1376.230969, change=1.75e-06, α=1.000, ‖θ[1:]‖₁=2083.464, γ=90652.767, num_knots=1681
2025-09-07 00:34:09,400 - Iter 25910: obj=-1376.231043, change=1.75e-06, α=1.000, ‖θ[1:]‖₁=2083.464, γ=90652.767, num_knots=1681
2025-09-07 00:34:09,825 - Iter 25920: obj=-1376.231117, change=1.75e-06, α=1.000, ‖θ[1:]‖₁=2083.464, γ=90652.767, num_knots=1681
2025-09-07 00:34:10,178 - Iter 25930: obj=-1376.231191, change=1.75e-06, α=1.000, ‖θ[1:]‖₁=2083.463, γ=90652.767, num_knots=1681
2025-09-07 00:34:10,531 - Iter 25940: obj=-1376.231265, change=1.75e-06, α=1.000, ‖θ[1:]‖₁=2083.463, γ=90652.767, num_knots=1681
2025-09-07 00:34:10,863 - Iter 25950: obj=-1376.231338, change=1.75e-06, α=1.000, ‖θ[1:]‖₁=2083.463, γ=90652.767, num_knots=1681
2025-09-07 00:34:11,275 - Iter 25960: obj=-1376.231412, change=1.75e-06, α=1.000, ‖θ[1:]‖₁=2083.463, γ=90652.767, num_knots=1681
2025-09-07 00:34:11,671 - Iter 25970: obj=-1376.231486, change=1.75e-06, α=1.000, ‖θ[1:]‖₁=2083.462, γ=90652.767, num_knots=1681
2025-09-07 00:34:12,041 - Iter 25980: obj=-1376.231560, change=1.75e-06, α=1.000, ‖θ[1:]‖₁=2083.462, γ=90652.767, num_knots=1681
2025-09-07 00:34:12,367 - Iter 25990: obj=-1376.231633, change=1.75e-06, α=1.000, ‖θ[1:]‖₁=2083.462, γ=90652.767, num_knots=1681
2025-09-07 00:34:12,727 - Iter 26000: obj=-1376.231707, change=1.75e-06, α=1.000, ‖θ[1:]‖₁=2083.462, γ=90652.767, num_knots=1681
2025-09-07 00:34:13,063 - Iter 26010: obj=-1376.231781, change=1.75e-06, α=1.000, ‖θ[1:]‖₁=2083.462, γ=90652.767, num_knots=1681
2025-09-07 00:34:13,433 - Iter 26020: obj=-1376.231855, change=1.75e-06, α=1.000, ‖θ[1:]‖₁=2083.461, γ=90652.767, num_knots=1681
2025-09-07 00:34:13,765 - Iter 26030: obj=-1376.231928, change=1.75e-06, α=1.000, ‖θ[1:]‖₁=2083.461, γ=90652.767, num_knots=1681
2025-09-07 00:34:14,103 - Iter 26040: obj=-1376.232002, change=1.75e-06, α=1.000, ‖θ[1:]‖₁=2083.461, γ=90652.767, num_knots=1681
2025-09-07 00:34:14,431 - Iter 26050: obj=-1376.232076, change=1.75e-06, α=1.000, ‖θ[1:]‖₁=2083.461, γ=90652.767, num_knots=1681
2025-09-07 00:34:14,749 - Iter 26060: obj=-1376.232150, change=1.75e-06, α=1.000, ‖θ[1:]‖₁=2083.461, γ=90652.767, num_knots=1681
2025-09-07 00:34:15,090 - Iter 26070: obj=-1376.232223, change=1.75e-06, α=1.000, ‖θ[1:]‖₁=2083.460, γ=90652.767, num_knots=1681
2025-09-07 00:34:15,430 - Iter 26080: obj=-1376.232297, change=1.75e-06, α=1.000, ‖θ[1:]‖₁=2083.460, γ=90652.767, num_knots=1681
2025-09-07 00:34:15,802 - Iter 26090: obj=-1376.232371, change=1.75e-06, α=1.000, ‖θ[1:]‖₁=2083.460, γ=90652.767, num_knots=1681
2025-09-07 00:34:16,160 - Iter 26100: obj=-1376.232445, change=1.75e-06, α=1.000, ‖θ[1:]‖₁=2083.460, γ=90652.767, num_knots=1681
2025-09-07 00:34:16,511 - Iter 26110: obj=-1376.232518, change=1.75e-06, α=1.000, ‖θ[1:]‖₁=2083.460, γ=90652.767, num_knots=1681
2025-09-07 00:34:16,832 - Iter 26120: obj=-1376.232592, change=1.75e-06, α=1.000, ‖θ[1:]‖₁=2083.459, γ=90652.767, num_knots=1681
2025-09-07 00:34:17,201 - Iter 26130: obj=-1376.232666, change=1.75e-06, α=1.000, ‖θ[1:]‖₁=2083.459, γ=90652.767, num_knots=1681
2025-09-07 00:34:17,564 - Iter 26140: obj=-1376.232740, change=1.75e-06, α=1.000, ‖θ[1:]‖₁=2083.459, γ=90652.767, num_knots=1681
2025-09-07 00:34:17,886 - Iter 26150: obj=-1376.232813, change=1.75e-06, α=1.000, ‖θ[1:]‖₁=2083.459, γ=90652.767, num_knots=1681
2025-09-07 00:34:18,196 - Iter 26160: obj=-1376.232887, change=1.75e-06, α=1.000, ‖θ[1:]‖₁=2083.459, γ=90652.767, num_knots=1681
2025-09-07 00:34:18,630 - Iter 26170: obj=-1376.232961, change=1.75e-06, α=1.000, ‖θ[1:]‖₁=2083.458, γ=90652.767, num_knots=1681
2025-09-07 00:34:18,972 - Iter 26180: obj=-1376.233035, change=1.75e-06, α=1.000, ‖θ[1:]‖₁=2083.458, γ=90652.767, num_knots=1681
2025-09-07 00:34:19,294 - Iter 26190: obj=-1376.233108, change=1.75e-06, α=1.000, ‖θ[1:]‖₁=2083.458, γ=90652.767, num_knots=1681
2025-09-07 00:34:19,616 - Iter 26200: obj=-1376.233182, change=1.75e-06, α=1.000, ‖θ[1:]‖₁=2083.458, γ=90652.767, num_knots=1681
2025-09-07 00:34:19,966 - Iter 26210: obj=-1376.233256, change=1.75e-06, α=1.000, ‖θ[1:]‖₁=2083.458, γ=90652.767, num_knots=1681
2025-09-07 00:34:20,294 - Iter 26220: obj=-1376.233330, change=1.75e-06, α=1.000, ‖θ[1:]‖₁=2083.457, γ=90652.767, num_knots=1681
2025-09-07 00:34:20,637 - Iter 26230: obj=-1376.233404, change=1.75e-06, α=1.000, ‖θ[1:]‖₁=2083.457, γ=90652.767, num_knots=1681
2025-09-07 00:34:20,963 - Iter 26240: obj=-1376.233477, change=1.75e-06, α=1.000, ‖θ[1:]‖₁=2083.457, γ=90652.767, num_knots=1681
2025-09-07 00:34:21,303 - Iter 26250: obj=-1376.233551, change=1.75e-06, α=1.000, ‖θ[1:]‖₁=2083.457, γ=90652.767, num_knots=1681
2025-09-07 00:34:21,732 - Iter 26260: obj=-1376.233625, change=1.75e-06, α=1.000, ‖θ[1:]‖₁=2083.457, γ=90652.767, num_knots=1681
2025-09-07 00:34:22,079 - Iter 26270: obj=-1376.233699, change=1.75e-06, α=1.000, ‖θ[1:]‖₁=2083.456, γ=90652.767, num_knots=1681
2025-09-07 00:34:22,447 - Iter 26280: obj=-1376.233772, change=1.75e-06, α=1.000, ‖θ[1:]‖₁=2083.456, γ=90652.767, num_knots=1681
2025-09-07 00:34:22,763 - Iter 26290: obj=-1376.233846, change=1.75e-06, α=1.000, ‖θ[1:]‖₁=2083.456, γ=90652.767, num_knots=1681
2025-09-07 00:34:23,110 - Iter 26300: obj=-1376.233920, change=1.75e-06, α=1.000, ‖θ[1:]‖₁=2083.456, γ=90652.767, num_knots=1681
2025-09-07 00:34:23,472 - Iter 26310: obj=-1376.233994, change=1.75e-06, α=1.000, ‖θ[1:]‖₁=2083.456, γ=90652.767, num_knots=1681
2025-09-07 00:34:23,886 - Iter 26320: obj=-1376.234067, change=1.75e-06, α=1.000, ‖θ[1:]‖₁=2083.455, γ=90652.767, num_knots=1681
2025-09-07 00:34:24,230 - Iter 26330: obj=-1376.234141, change=1.75e-06, α=1.000, ‖θ[1:]‖₁=2083.455, γ=90652.767, num_knots=1681
2025-09-07 00:34:24,559 - Iter 26340: obj=-1376.234215, change=1.75e-06, α=1.000, ‖θ[1:]‖₁=2083.455, γ=90652.767, num_knots=1681
2025-09-07 00:34:24,899 - Iter 26350: obj=-1376.234289, change=1.75e-06, α=1.000, ‖θ[1:]‖₁=2083.455, γ=90652.767, num_knots=1681
2025-09-07 00:34:25,245 - Iter 26360: obj=-1376.234362, change=1.75e-06, α=1.000, ‖θ[1:]‖₁=2083.455, γ=90652.767, num_knots=1681
2025-09-07 00:34:25,583 - Iter 26370: obj=-1376.234436, change=1.75e-06, α=1.000, ‖θ[1:]‖₁=2083.454, γ=90652.767, num_knots=1681
2025-09-07 00:34:25,936 - Iter 26380: obj=-1376.234510, change=1.75e-06, α=1.000, ‖θ[1:]‖₁=2083.454, γ=90652.767, num_knots=1681
2025-09-07 00:34:26,268 - Iter 26390: obj=-1376.234584, change=1.75e-06, α=1.000, ‖θ[1:]‖₁=2083.454, γ=90652.767, num_knots=1681
2025-09-07 00:34:26,560 - Iter 26400: obj=-1376.234657, change=1.75e-06, α=1.000, ‖θ[1:]‖₁=2083.454, γ=90652.767, num_knots=1681
2025-09-07 00:34:26,934 - Iter 26410: obj=-1376.234731, change=1.75e-06, α=1.000, ‖θ[1:]‖₁=2083.453, γ=90652.767, num_knots=1681
2025-09-07 00:34:27,335 - Iter 26420: obj=-1376.234805, change=1.75e-06, α=1.000, ‖θ[1:]‖₁=2083.453, γ=90652.767, num_knots=1681
2025-09-07 00:34:27,661 - Iter 26430: obj=-1376.234879, change=1.75e-06, α=1.000, ‖θ[1:]‖₁=2083.453, γ=90652.767, num_knots=1681
2025-09-07 00:34:28,015 - Iter 26440: obj=-1376.234952, change=1.75e-06, α=1.000, ‖θ[1:]‖₁=2083.453, γ=90652.767, num_knots=1681
2025-09-07 00:34:28,396 - Iter 26450: obj=-1376.235026, change=1.75e-06, α=1.000, ‖θ[1:]‖₁=2083.453, γ=90652.767, num_knots=1681
2025-09-07 00:34:28,761 - Iter 26460: obj=-1376.235100, change=1.75e-06, α=1.000, ‖θ[1:]‖₁=2083.452, γ=90652.767, num_knots=1681
2025-09-07 00:34:29,067 - Iter 26470: obj=-1376.235174, change=1.75e-06, α=1.000, ‖θ[1:]‖₁=2083.452, γ=90652.767, num_knots=1681
2025-09-07 00:34:29,409 - Iter 26480: obj=-1376.235247, change=1.75e-06, α=1.000, ‖θ[1:]‖₁=2083.452, γ=90652.767, num_knots=1681
2025-09-07 00:34:29,748 - Iter 26490: obj=-1376.235321, change=1.75e-06, α=1.000, ‖θ[1:]‖₁=2083.452, γ=90652.767, num_knots=1681
2025-09-07 00:34:30,112 - Iter 26500: obj=-1376.235395, change=1.75e-06, α=1.000, ‖θ[1:]‖₁=2083.452, γ=90652.767, num_knots=1681
2025-09-07 00:34:30,463 - Iter 26510: obj=-1376.235469, change=1.75e-06, α=1.000, ‖θ[1:]‖₁=2083.451, γ=90652.767, num_knots=1681
2025-09-07 00:34:30,805 - Iter 26520: obj=-1376.235542, change=1.75e-06, α=1.000, ‖θ[1:]‖₁=2083.451, γ=90652.767, num_knots=1681
2025-09-07 00:34:31,156 - Iter 26530: obj=-1376.235616, change=1.75e-06, α=1.000, ‖θ[1:]‖₁=2083.451, γ=90652.767, num_knots=1681
2025-09-07 00:34:31,480 - Iter 26540: obj=-1376.235690, change=1.75e-06, α=1.000, ‖θ[1:]‖₁=2083.451, γ=90652.767, num_knots=1681
2025-09-07 00:34:31,794 - Iter 26550: obj=-1376.235764, change=1.75e-06, α=1.000, ‖θ[1:]‖₁=2083.451, γ=90652.767, num_knots=1681
2025-09-07 00:34:32,114 - Iter 26560: obj=-1376.235837, change=1.75e-06, α=1.000, ‖θ[1:]‖₁=2083.450, γ=90652.767, num_knots=1681
2025-09-07 00:34:32,499 - Iter 26570: obj=-1376.235911, change=1.75e-06, α=1.000, ‖θ[1:]‖₁=2083.450, γ=90652.767, num_knots=1681
2025-09-07 00:34:32,834 - Iter 26580: obj=-1376.235985, change=1.75e-06, α=1.000, ‖θ[1:]‖₁=2083.450, γ=90652.767, num_knots=1681
2025-09-07 00:34:33,165 - Iter 26590: obj=-1376.236059, change=1.75e-06, α=1.000, ‖θ[1:]‖₁=2083.450, γ=90652.767, num_knots=1681
2025-09-07 00:34:33,502 - Iter 26600: obj=-1376.236132, change=1.75e-06, α=1.000, ‖θ[1:]‖₁=2083.450, γ=90652.767, num_knots=1681
2025-09-07 00:34:33,909 - Iter 26610: obj=-1376.236206, change=1.75e-06, α=1.000, ‖θ[1:]‖₁=2083.449, γ=90652.767, num_knots=1681
2025-09-07 00:34:34,282 - Iter 26620: obj=-1376.236280, change=1.75e-06, α=1.000, ‖θ[1:]‖₁=2083.449, γ=90652.767, num_knots=1681
2025-09-07 00:34:34,625 - Iter 26630: obj=-1376.236354, change=1.75e-06, α=1.000, ‖θ[1:]‖₁=2083.449, γ=90652.767, num_knots=1681
2025-09-07 00:34:34,976 - Iter 26640: obj=-1376.236427, change=1.75e-06, α=1.000, ‖θ[1:]‖₁=2083.449, γ=90652.767, num_knots=1681
2025-09-07 00:34:35,309 - Iter 26650: obj=-1376.236501, change=1.75e-06, α=1.000, ‖θ[1:]‖₁=2083.449, γ=90652.767, num_knots=1681
2025-09-07 00:34:35,641 - Iter 26660: obj=-1376.236575, change=1.75e-06, α=1.000, ‖θ[1:]‖₁=2083.448, γ=90652.767, num_knots=1681
2025-09-07 00:34:36,004 - Iter 26670: obj=-1376.236649, change=1.75e-06, α=1.000, ‖θ[1:]‖₁=2083.448, γ=90652.767, num_knots=1681
2025-09-07 00:34:36,383 - Iter 26680: obj=-1376.236722, change=1.75e-06, α=1.000, ‖θ[1:]‖₁=2083.448, γ=90652.767, num_knots=1681
2025-09-07 00:34:36,712 - Iter 26690: obj=-1376.236796, change=1.75e-06, α=1.000, ‖θ[1:]‖₁=2083.448, γ=90652.767, num_knots=1681
2025-09-07 00:34:37,045 - Iter 26700: obj=-1376.236870, change=1.75e-06, α=1.000, ‖θ[1:]‖₁=2083.448, γ=90652.767, num_knots=1681
2025-09-07 00:34:37,430 - Iter 26710: obj=-1376.236944, change=1.75e-06, α=1.000, ‖θ[1:]‖₁=2083.447, γ=90652.767, num_knots=1681
2025-09-07 00:34:37,899 - Iter 26720: obj=-1376.237017, change=1.75e-06, α=1.000, ‖θ[1:]‖₁=2083.447, γ=90652.767, num_knots=1681
2025-09-07 00:34:38,321 - Iter 26730: obj=-1376.237091, change=1.75e-06, α=1.000, ‖θ[1:]‖₁=2083.447, γ=90652.767, num_knots=1681
2025-09-07 00:34:38,678 - Iter 26740: obj=-1376.237165, change=1.75e-06, α=1.000, ‖θ[1:]‖₁=2083.447, γ=90652.767, num_knots=1681
2025-09-07 00:34:39,017 - Iter 26750: obj=-1376.237239, change=1.75e-06, α=1.000, ‖θ[1:]‖₁=2083.447, γ=90652.767, num_knots=1681
2025-09-07 00:34:39,340 - Iter 26760: obj=-1376.237312, change=1.75e-06, α=1.000, ‖θ[1:]‖₁=2083.446, γ=90652.767, num_knots=1681
2025-09-07 00:34:39,672 - Iter 26770: obj=-1376.237386, change=1.75e-06, α=1.000, ‖θ[1:]‖₁=2083.446, γ=90652.767, num_knots=1681
2025-09-07 00:34:40,005 - Iter 26780: obj=-1376.237460, change=1.75e-06, α=1.000, ‖θ[1:]‖₁=2083.446, γ=90652.767, num_knots=1681
2025-09-07 00:34:40,359 - Iter 26790: obj=-1376.237534, change=1.75e-06, α=1.000, ‖θ[1:]‖₁=2083.446, γ=90652.767, num_knots=1681
2025-09-07 00:34:40,731 - Iter 26800: obj=-1376.237607, change=1.75e-06, α=1.000, ‖θ[1:]‖₁=2083.446, γ=90652.767, num_knots=1681
2025-09-07 00:34:41,064 - Iter 26810: obj=-1376.237681, change=1.75e-06, α=1.000, ‖θ[1:]‖₁=2083.445, γ=90652.767, num_knots=1681
2025-09-07 00:34:41,403 - Iter 26820: obj=-1376.237755, change=1.75e-06, α=1.000, ‖θ[1:]‖₁=2083.445, γ=90652.767, num_knots=1681
2025-09-07 00:34:41,767 - Iter 26830: obj=-1376.237829, change=1.75e-06, α=1.000, ‖θ[1:]‖₁=2083.445, γ=90652.767, num_knots=1681
2025-09-07 00:34:42,108 - Iter 26840: obj=-1376.237902, change=1.75e-06, α=1.000, ‖θ[1:]‖₁=2083.445, γ=90652.767, num_knots=1681
2025-09-07 00:34:42,431 - Iter 26850: obj=-1376.237976, change=1.75e-06, α=1.000, ‖θ[1:]‖₁=2083.444, γ=90652.767, num_knots=1681
2025-09-07 00:34:42,730 - Iter 26860: obj=-1376.238050, change=1.75e-06, α=1.000, ‖θ[1:]‖₁=2083.444, γ=90652.767, num_knots=1681
2025-09-07 00:34:43,108 - Iter 26870: obj=-1376.238124, change=1.75e-06, α=1.000, ‖θ[1:]‖₁=2083.444, γ=90652.767, num_knots=1681
2025-09-07 00:34:43,463 - Iter 26880: obj=-1376.238197, change=1.75e-06, α=1.000, ‖θ[1:]‖₁=2083.444, γ=90652.767, num_knots=1681
2025-09-07 00:34:43,828 - Iter 26890: obj=-1376.238271, change=1.75e-06, α=1.000, ‖θ[1:]‖₁=2083.444, γ=90652.767, num_knots=1681
2025-09-07 00:34:44,162 - Iter 26900: obj=-1376.238345, change=1.75e-06, α=1.000, ‖θ[1:]‖₁=2083.443, γ=90652.767, num_knots=1681
2025-09-07 00:34:44,492 - Iter 26910: obj=-1376.238419, change=1.75e-06, α=1.000, ‖θ[1:]‖₁=2083.443, γ=90652.767, num_knots=1681
2025-09-07 00:34:44,832 - Iter 26920: obj=-1376.238492, change=1.75e-06, α=1.000, ‖θ[1:]‖₁=2083.443, γ=90652.767, num_knots=1681
2025-09-07 00:34:45,175 - Iter 26930: obj=-1376.238566, change=1.75e-06, α=1.000, ‖θ[1:]‖₁=2083.443, γ=90652.767, num_knots=1681
2025-09-07 00:34:45,523 - Iter 26940: obj=-1376.238640, change=1.75e-06, α=1.000, ‖θ[1:]‖₁=2083.443, γ=90652.767, num_knots=1681
2025-09-07 00:34:45,939 - Iter 26950: obj=-1376.238714, change=1.75e-06, α=1.000, ‖θ[1:]‖₁=2083.442, γ=90652.767, num_knots=1681
2025-09-07 00:34:46,288 - Iter 26960: obj=-1376.238787, change=1.75e-06, α=1.000, ‖θ[1:]‖₁=2083.442, γ=90652.767, num_knots=1681
2025-09-07 00:34:46,649 - Iter 26970: obj=-1376.238861, change=1.75e-06, α=1.000, ‖θ[1:]‖₁=2083.442, γ=90652.767, num_knots=1681
2025-09-07 00:34:46,954 - Iter 26980: obj=-1376.238935, change=1.75e-06, α=1.000, ‖θ[1:]‖₁=2083.442, γ=90652.767, num_knots=1681
2025-09-07 00:34:47,371 - Iter 26990: obj=-1376.239009, change=1.75e-06, α=1.000, ‖θ[1:]‖₁=2083.442, γ=90652.767, num_knots=1681
2025-09-07 00:34:47,735 - Iter 27000: obj=-1376.240400, change=4.46e-05, α=1.000, ‖θ[1:]‖₁=2083.437, γ=90480.860, num_knots=1679
2025-09-07 00:34:48,113 - Iter 27010: obj=-1376.240683, change=3.26e-04, α=1.000, ‖θ[1:]‖₁=2083.433, γ=1280.329, num_knots=1679
2025-09-07 00:34:48,548 - Iter 27020: obj=-1376.242631, change=3.36e-06, α=1.000, ‖θ[1:]‖₁=2083.432, γ=9471.494, num_knots=1679
2025-09-07 00:34:48,904 - Iter 27030: obj=-1376.246937, change=1.76e-06, α=1.000, ‖θ[1:]‖₁=2083.420, γ=86568.245, num_knots=1679
2025-09-07 00:34:49,407 - Iter 27040: obj=-1376.247720, change=1.85e-06, α=1.000, ‖θ[1:]‖₁=2083.418, γ=66780.395, num_knots=1679
2025-09-07 00:34:49,797 - Iter 27050: obj=-1376.248653, change=1.86e-06, α=1.000, ‖θ[1:]‖₁=2083.416, γ=66198.693, num_knots=1679
2025-09-07 00:34:50,165 - Iter 27060: obj=-1376.249637, change=1.83e-06, α=1.000, ‖θ[1:]‖₁=2083.413, γ=70486.552, num_knots=1679
2025-09-07 00:34:50,507 - Iter 27070: obj=-1376.250420, change=2.32e-06, α=1.000, ‖θ[1:]‖₁=2083.411, γ=28181.256, num_knots=1679
2025-09-07 00:34:50,906 - Iter 27080: obj=-1376.251252, change=3.10e-06, α=1.000, ‖θ[1:]‖₁=2083.408, γ=11919.749, num_knots=1679
2025-09-07 00:34:51,241 - Iter 27090: obj=-1376.286793, change=1.72e-06, α=1.000, ‖θ[1:]‖₁=2083.314, γ=87430.557, num_knots=1676
2025-09-07 00:34:51,568 - Iter 27100: obj=-1376.287421, change=1.91e-06, α=1.000, ‖θ[1:]‖₁=2083.312, γ=54980.104, num_knots=1676
2025-09-07 00:34:51,918 - Iter 27110: obj=-1376.289299, change=1.74e-06, α=1.000, ‖θ[1:]‖₁=2083.307, γ=88935.117, num_knots=1676
2025-09-07 00:34:52,274 - Iter 27120: obj=-1376.307076, change=1.79e-06, α=1.000, ‖θ[1:]‖₁=2083.262, γ=89860.573, num_knots=1675
2025-09-07 00:34:52,607 - Iter 27130: obj=-1376.307669, change=1.78e-06, α=1.000, ‖θ[1:]‖₁=2083.260, γ=85749.406, num_knots=1675
2025-09-07 00:34:52,948 - Iter 27140: obj=-1376.308304, change=1.81e-06, α=1.000, ‖θ[1:]‖₁=2083.258, γ=77415.162, num_knots=1675
2025-09-07 00:34:53,346 - Iter 27150: obj=-1376.309214, change=1.77e-06, α=1.000, ‖θ[1:]‖₁=2083.256, γ=84846.669, num_knots=1675
2025-09-07 00:34:53,800 - Iter 27160: obj=-1376.310209, change=1.75e-06, α=1.000, ‖θ[1:]‖₁=2083.253, γ=87697.656, num_knots=1675
2025-09-07 00:34:54,127 - Iter 27170: obj=-1376.311314, change=1.78e-06, α=1.000, ‖θ[1:]‖₁=2083.250, γ=81729.611, num_knots=1675
2025-09-07 00:34:54,462 - Iter 27180: obj=-1376.357479, change=4.56e-06, α=1.000, ‖θ[1:]‖₁=2083.133, γ=90679.261, num_knots=1671
2025-09-07 00:34:54,765 - Iter 27190: obj=-1376.358084, change=2.06e-06, α=1.000, ‖θ[1:]‖₁=2083.131, γ=90666.069, num_knots=1671
2025-09-07 00:34:55,097 - Iter 27200: obj=-1376.358827, change=1.73e-06, α=1.000, ‖θ[1:]‖₁=2083.129, γ=90638.818, num_knots=1671
2025-09-07 00:34:55,404 - Iter 27210: obj=-1376.361231, change=4.34e-06, α=1.000, ‖θ[1:]‖₁=2083.123, γ=90682.306, num_knots=1671
2025-09-07 00:34:55,770 - Iter 27220: obj=-1376.361851, change=9.79e-05, α=1.000, ‖θ[1:]‖₁=2083.121, γ=87929.817, num_knots=1671
2025-09-07 00:34:56,138 - Iter 27230: obj=-1376.362459, change=1.80e-04, α=1.000, ‖θ[1:]‖₁=2083.118, γ=42208.244, num_knots=1671
2025-09-07 00:34:56,494 - Iter 27240: obj=-1376.365208, change=2.56e-06, α=1.000, ‖θ[1:]‖₁=2083.113, γ=90681.463, num_knots=1671
2025-09-07 00:34:56,843 - Iter 27250: obj=-1376.368793, change=3.92e-05, α=1.000, ‖θ[1:]‖₁=2083.104, γ=90659.101, num_knots=1671
2025-09-07 00:34:57,242 - Iter 27260: obj=-1376.369024, change=6.93e-06, α=1.000, ‖θ[1:]‖₁=2083.104, γ=882.191, num_knots=1671
2025-09-07 00:34:57,600 - Iter 27270: obj=-1376.370275, change=2.80e-06, α=1.000, ‖θ[1:]‖₁=2083.101, γ=15801.687, num_knots=1671
2025-09-07 00:34:57,966 - Iter 27280: obj=-1376.379180, change=1.81e-06, α=1.000, ‖θ[1:]‖₁=2083.078, γ=73803.448, num_knots=1670
2025-09-07 00:34:58,361 - Iter 27290: obj=-1376.380033, change=1.05e-05, α=1.000, ‖θ[1:]‖₁=2083.076, γ=56.319, num_knots=1670
2025-09-07 00:34:59,131 - Iter 27300: obj=-1376.394405, change=2.43e-06, α=1.000, ‖θ[1:]‖₁=2083.040, γ=90677.104, num_knots=1670
2025-09-07 00:34:59,489 - Iter 27310: obj=-1376.395422, change=3.60e-06, α=1.000, ‖θ[1:]‖₁=2083.037, γ=90681.578, num_knots=1670
2025-09-07 00:34:59,875 - Iter 27320: obj=-1376.400166, change=2.11e-05, α=1.000, ‖θ[1:]‖₁=2083.025, γ=90666.065, num_knots=1669
2025-09-07 00:35:00,264 - Iter 27330: obj=-1376.400327, change=1.56e-05, α=1.000, ‖θ[1:]‖₁=2083.025, γ=534.917, num_knots=1669
2025-09-07 00:35:00,636 - Iter 27340: obj=-1376.401888, change=2.12e-06, α=1.000, ‖θ[1:]‖₁=2083.021, γ=37828.936, num_knots=1669
2025-09-07 00:35:01,040 - Iter 27350: obj=-1376.402877, change=1.09e-05, α=1.000, ‖θ[1:]‖₁=2083.018, γ=21.043, num_knots=1669
2025-09-07 00:35:01,400 - Iter 27360: obj=-1376.438799, change=4.53e-06, α=1.000, ‖θ[1:]‖₁=2082.929, γ=90499.679, num_knots=1755
2025-09-07 00:35:01,734 - Iter 27370: obj=-1376.438876, change=3.25e-06, α=1.000, ‖θ[1:]‖₁=2082.928, γ=10475.789, num_knots=1669
2025-09-07 00:35:02,068 - Iter 27380: obj=-1376.442230, change=1.75e-06, α=1.000, ‖θ[1:]‖₁=2082.920, γ=87326.176, num_knots=1669
2025-09-07 00:35:02,425 - Iter 27390: obj=-1376.443117, change=2.07e-06, α=1.000, ‖θ[1:]‖₁=2082.918, γ=41496.511, num_knots=1669
2025-09-07 00:35:02,783 - Iter 27400: obj=-1376.444503, change=1.99e-06, α=1.000, ‖θ[1:]‖₁=2082.914, γ=47756.786, num_knots=1669
2025-09-07 00:35:03,218 - Iter 27410: obj=-1376.450282, change=1.74e-06, α=1.000, ‖θ[1:]‖₁=2082.899, γ=90460.033, num_knots=1669
2025-09-07 00:35:03,603 - Iter 27420: obj=-1376.452189, change=1.76e-06, α=1.000, ‖θ[1:]‖₁=2082.894, γ=90671.529, num_knots=1669
2025-09-07 00:35:03,950 - Iter 27430: obj=-1376.460132, change=7.58e-06, α=1.000, ‖θ[1:]‖₁=2082.874, γ=90683.777, num_knots=1668
2025-09-07 00:35:04,323 - Iter 27440: obj=-1376.460241, change=1.16e-03, α=1.000, ‖θ[1:]‖₁=2082.861, γ=626.029, num_knots=1668
2025-09-07 00:35:04,701 - Iter 27450: obj=-1376.466118, change=1.79e-06, α=1.000, ‖θ[1:]‖₁=2082.858, γ=78459.199, num_knots=1668
2025-09-07 00:35:05,036 - Iter 27460: obj=-1376.469903, change=1.74e-06, α=1.000, ‖θ[1:]‖₁=2082.849, γ=90510.133, num_knots=1668
2025-09-07 00:35:05,364 - Iter 27470: obj=-1376.470805, change=1.74e-06, α=1.000, ‖θ[1:]‖₁=2082.846, γ=90510.456, num_knots=1668
2025-09-07 00:35:05,715 - Iter 27480: obj=-1376.471701, change=1.74e-06, α=1.000, ‖θ[1:]‖₁=2082.844, γ=90504.212, num_knots=1668
2025-09-07 00:35:06,064 - Iter 27490: obj=-1376.472654, change=1.73e-06, α=1.000, ‖θ[1:]‖₁=2082.842, γ=90550.584, num_knots=1668
2025-09-07 00:35:06,395 - Iter 27500: obj=-1376.473430, change=1.75e-06, α=1.000, ‖θ[1:]‖₁=2082.840, γ=89039.836, num_knots=1668
2025-09-07 00:35:06,748 - Iter 27510: obj=-1376.488859, change=7.27e-06, α=1.000, ‖θ[1:]‖₁=2082.800, γ=90530.562, num_knots=1884
2025-09-07 00:35:07,104 - Iter 27520: obj=-1376.488939, change=1.88e-06, α=1.000, ‖θ[1:]‖₁=2082.800, γ=61437.576, num_knots=1668
2025-09-07 00:35:07,440 - Iter 27530: obj=-1376.490727, change=1.75e-06, α=1.000, ‖θ[1:]‖₁=2082.795, γ=88121.344, num_knots=1668
2025-09-07 00:35:07,818 - Iter 27540: obj=-1376.493157, change=1.74e-06, α=1.000, ‖θ[1:]‖₁=2082.789, γ=90514.322, num_knots=1668
2025-09-07 00:35:08,243 - Iter 27550: obj=-1376.494028, change=1.73e-06, α=1.000, ‖θ[1:]‖₁=2082.786, γ=90475.405, num_knots=1668
2025-09-07 00:35:08,662 - Iter 27560: obj=-1376.495386, change=1.75e-06, α=1.000, ‖θ[1:]‖₁=2082.783, γ=90648.615, num_knots=1668
2025-09-07 00:35:09,013 - Iter 27570: obj=-1376.496563, change=1.72e-06, α=1.000, ‖θ[1:]‖₁=2082.780, γ=90673.344, num_knots=1668
2025-09-07 00:35:09,341 - Iter 27580: obj=-1376.823783, change=2.82e-04, α=1.000, ‖θ[1:]‖₁=2081.999, γ=90684.743, num_knots=2521
2025-09-07 00:35:09,821 - Iter 27590: obj=-1376.824245, change=3.11e-05, α=1.000, ‖θ[1:]‖₁=2081.995, γ=90489.399, num_knots=1857
2025-09-07 00:35:10,211 - Iter 27600: obj=-1376.824368, change=2.91e-06, α=1.000, ‖θ[1:]‖₁=2081.994, γ=18248.751, num_knots=1654
2025-09-07 00:35:10,582 - Iter 27610: obj=-1376.825087, change=2.23e-06, α=1.000, ‖θ[1:]‖₁=2081.992, γ=43837.679, num_knots=1653
2025-09-07 00:35:10,941 - Iter 27620: obj=-1376.825896, change=1.87e-06, α=1.000, ‖θ[1:]‖₁=2081.989, γ=75535.462, num_knots=1653
2025-09-07 00:35:11,276 - Iter 27630: obj=-1376.826593, change=1.84e-06, α=1.000, ‖θ[1:]‖₁=2081.987, γ=75875.055, num_knots=1653
2025-09-07 00:35:11,617 - Iter 27640: obj=-1376.827338, change=1.80e-06, α=1.000, ‖θ[1:]‖₁=2081.985, γ=80470.477, num_knots=1653
2025-09-07 00:35:11,941 - Iter 27650: obj=-1376.829867, change=1.95e-06, α=1.000, ‖θ[1:]‖₁=2081.978, γ=53753.951, num_knots=1653
2025-09-07 00:35:12,306 - Iter 27660: obj=-1376.855115, change=1.54e-04, α=0.125, ‖θ[1:]‖₁=2081.912, γ=90684.338, num_knots=2106
2025-09-07 00:35:12,628 - Iter 27670: obj=-1376.855278, change=1.72e-06, α=1.000, ‖θ[1:]‖₁=2081.911, γ=90535.763, num_knots=1653
2025-09-07 00:35:12,999 - Iter 27680: obj=-1376.856350, change=1.72e-06, α=1.000, ‖θ[1:]‖₁=2081.908, γ=90297.273, num_knots=1653
2025-09-07 00:35:13,330 - Iter 27690: obj=-1377.035733, change=1.71e-06, α=1.000, ‖θ[1:]‖₁=2081.451, γ=87479.838, num_knots=2211
2025-09-07 00:35:13,731 - Iter 27700: obj=-1377.035872, change=2.38e-06, α=1.000, ‖θ[1:]‖₁=2081.450, γ=88800.624, num_knots=1724
2025-09-07 00:35:14,075 - Iter 27710: obj=-1377.036160, change=7.20e-05, α=1.000, ‖θ[1:]‖₁=2081.449, γ=77688.729, num_knots=1649
2025-09-07 00:35:14,409 - Iter 27720: obj=-1377.036986, change=6.54e-06, α=1.000, ‖θ[1:]‖₁=2081.447, γ=90650.549, num_knots=1649
2025-09-07 00:35:14,765 - Iter 27730: obj=-1377.037801, change=1.77e-06, α=1.000, ‖θ[1:]‖₁=2081.445, γ=90617.664, num_knots=1649
2025-09-07 00:35:15,156 - Iter 27740: obj=-1377.039753, change=2.11e-06, α=1.000, ‖θ[1:]‖₁=2081.440, γ=90678.819, num_knots=1649
2025-09-07 00:35:15,498 - Iter 27750: obj=-1377.040557, change=2.94e-06, α=1.000, ‖θ[1:]‖₁=2081.438, γ=90658.032, num_knots=1649
2025-09-07 00:35:15,919 - Iter 27760: obj=-1377.040631, change=1.66e-06, α=1.000, ‖θ[1:]‖₁=2081.438, γ=90658.032, num_knots=1649
2025-09-07 00:35:16,271 - Iter 27770: obj=-1377.040700, change=1.66e-06, α=1.000, ‖θ[1:]‖₁=2081.438, γ=90658.032, num_knots=1649
2025-09-07 00:35:16,596 - Iter 27780: obj=-1377.040769, change=1.66e-06, α=1.000, ‖θ[1:]‖₁=2081.437, γ=90658.032, num_knots=1649
2025-09-07 00:35:16,999 - Iter 27790: obj=-1377.040838, change=1.66e-06, α=1.000, ‖θ[1:]‖₁=2081.437, γ=90658.032, num_knots=1649
2025-09-07 00:35:17,354 - Iter 27800: obj=-1377.040907, change=1.66e-06, α=1.000, ‖θ[1:]‖₁=2081.437, γ=90658.032, num_knots=1649
2025-09-07 00:35:17,661 - Iter 27810: obj=-1377.040976, change=1.66e-06, α=1.000, ‖θ[1:]‖₁=2081.437, γ=90658.032, num_knots=1649
2025-09-07 00:35:18,010 - Iter 27820: obj=-1377.041045, change=1.66e-06, α=1.000, ‖θ[1:]‖₁=2081.437, γ=90658.032, num_knots=1649
2025-09-07 00:35:18,349 - Iter 27830: obj=-1377.041114, change=1.66e-06, α=1.000, ‖θ[1:]‖₁=2081.437, γ=90658.032, num_knots=1649
2025-09-07 00:35:18,688 - Iter 27840: obj=-1377.041183, change=1.66e-06, α=1.000, ‖θ[1:]‖₁=2081.436, γ=90658.032, num_knots=1649
2025-09-07 00:35:19,049 - Iter 27850: obj=-1377.041252, change=1.66e-06, α=1.000, ‖θ[1:]‖₁=2081.436, γ=90658.032, num_knots=1649
2025-09-07 00:35:19,361 - Iter 27860: obj=-1377.041321, change=1.66e-06, α=1.000, ‖θ[1:]‖₁=2081.436, γ=90658.032, num_knots=1649
2025-09-07 00:35:19,733 - Iter 27870: obj=-1377.041391, change=1.66e-06, α=1.000, ‖θ[1:]‖₁=2081.436, γ=90658.032, num_knots=1649
2025-09-07 00:35:20,071 - Iter 27880: obj=-1377.041460, change=1.66e-06, α=1.000, ‖θ[1:]‖₁=2081.436, γ=90658.032, num_knots=1649
2025-09-07 00:35:20,443 - Iter 27890: obj=-1377.041529, change=1.66e-06, α=1.000, ‖θ[1:]‖₁=2081.436, γ=90658.032, num_knots=1649
2025-09-07 00:35:20,797 - Iter 27900: obj=-1377.041598, change=1.66e-06, α=1.000, ‖θ[1:]‖₁=2081.435, γ=90658.032, num_knots=1649
2025-09-07 00:35:21,195 - Iter 27910: obj=-1377.041667, change=1.66e-06, α=1.000, ‖θ[1:]‖₁=2081.435, γ=90658.032, num_knots=1649
2025-09-07 00:35:21,524 - Iter 27920: obj=-1377.041736, change=1.66e-06, α=1.000, ‖θ[1:]‖₁=2081.435, γ=90658.032, num_knots=1649
2025-09-07 00:35:21,848 - Iter 27930: obj=-1377.041805, change=1.66e-06, α=1.000, ‖θ[1:]‖₁=2081.435, γ=90658.032, num_knots=1649
2025-09-07 00:35:22,222 - Iter 27940: obj=-1377.041874, change=1.66e-06, α=1.000, ‖θ[1:]‖₁=2081.435, γ=90658.032, num_knots=1649
2025-09-07 00:35:22,577 - Iter 27950: obj=-1377.041943, change=1.66e-06, α=1.000, ‖θ[1:]‖₁=2081.435, γ=90658.032, num_knots=1649
2025-09-07 00:35:22,898 - Iter 27960: obj=-1377.042012, change=1.66e-06, α=1.000, ‖θ[1:]‖₁=2081.434, γ=90658.032, num_knots=1649
2025-09-07 00:35:23,241 - Iter 27970: obj=-1377.042081, change=1.66e-06, α=1.000, ‖θ[1:]‖₁=2081.434, γ=90658.032, num_knots=1649
2025-09-07 00:35:23,606 - Iter 27980: obj=-1377.042150, change=1.66e-06, α=1.000, ‖θ[1:]‖₁=2081.434, γ=90658.032, num_knots=1649
2025-09-07 00:35:23,957 - Iter 27990: obj=-1377.042219, change=1.66e-06, α=1.000, ‖θ[1:]‖₁=2081.434, γ=90658.032, num_knots=1649
2025-09-07 00:35:24,368 - Iter 28000: obj=-1377.042288, change=1.66e-06, α=1.000, ‖θ[1:]‖₁=2081.434, γ=90658.032, num_knots=1649
2025-09-07 00:35:24,714 - Iter 28010: obj=-1377.042357, change=1.66e-06, α=1.000, ‖θ[1:]‖₁=2081.433, γ=90658.032, num_knots=1649
2025-09-07 00:35:25,080 - Iter 28020: obj=-1377.042426, change=1.66e-06, α=1.000, ‖θ[1:]‖₁=2081.433, γ=90658.032, num_knots=1649
2025-09-07 00:35:25,466 - Iter 28030: obj=-1377.042495, change=1.66e-06, α=1.000, ‖θ[1:]‖₁=2081.433, γ=90658.032, num_knots=1649
2025-09-07 00:35:25,900 - Iter 28040: obj=-1377.042564, change=1.66e-06, α=1.000, ‖θ[1:]‖₁=2081.433, γ=90658.032, num_knots=1649
2025-09-07 00:35:26,347 - Iter 28050: obj=-1377.042633, change=1.66e-06, α=1.000, ‖θ[1:]‖₁=2081.433, γ=90658.032, num_knots=1649
2025-09-07 00:35:26,687 - Iter 28060: obj=-1377.042702, change=1.66e-06, α=1.000, ‖θ[1:]‖₁=2081.433, γ=90658.032, num_knots=1649
2025-09-07 00:35:27,047 - Iter 28070: obj=-1377.042771, change=1.66e-06, α=1.000, ‖θ[1:]‖₁=2081.432, γ=90658.032, num_knots=1649
2025-09-07 00:35:27,373 - Iter 28080: obj=-1377.042840, change=1.66e-06, α=1.000, ‖θ[1:]‖₁=2081.432, γ=90658.032, num_knots=1649
2025-09-07 00:35:27,705 - Iter 28090: obj=-1377.042909, change=1.66e-06, α=1.000, ‖θ[1:]‖₁=2081.432, γ=90658.032, num_knots=1649
2025-09-07 00:35:28,074 - Iter 28100: obj=-1377.042978, change=1.66e-06, α=1.000, ‖θ[1:]‖₁=2081.432, γ=90658.032, num_knots=1649
2025-09-07 00:35:28,400 - Iter 28110: obj=-1377.043047, change=1.66e-06, α=1.000, ‖θ[1:]‖₁=2081.432, γ=90658.032, num_knots=1649
2025-09-07 00:35:28,831 - Iter 28120: obj=-1377.043116, change=1.66e-06, α=1.000, ‖θ[1:]‖₁=2081.432, γ=90658.032, num_knots=1649
2025-09-07 00:35:29,133 - Iter 28130: obj=-1377.043185, change=1.66e-06, α=1.000, ‖θ[1:]‖₁=2081.431, γ=90658.032, num_knots=1649
2025-09-07 00:35:29,483 - Iter 28140: obj=-1377.043254, change=1.66e-06, α=1.000, ‖θ[1:]‖₁=2081.431, γ=90658.032, num_knots=1649
2025-09-07 00:35:29,830 - Iter 28150: obj=-1377.043323, change=1.66e-06, α=1.000, ‖θ[1:]‖₁=2081.431, γ=90658.032, num_knots=1649
2025-09-07 00:35:30,140 - Iter 28160: obj=-1377.043393, change=1.66e-06, α=1.000, ‖θ[1:]‖₁=2081.431, γ=90658.032, num_knots=1649
2025-09-07 00:35:30,474 - Iter 28170: obj=-1377.043462, change=1.66e-06, α=1.000, ‖θ[1:]‖₁=2081.431, γ=90658.032, num_knots=1649
2025-09-07 00:35:30,813 - Iter 28180: obj=-1377.043531, change=1.66e-06, α=1.000, ‖θ[1:]‖₁=2081.431, γ=90658.032, num_knots=1649
2025-09-07 00:35:31,163 - Iter 28190: obj=-1377.043600, change=1.66e-06, α=1.000, ‖θ[1:]‖₁=2081.430, γ=90658.032, num_knots=1649
2025-09-07 00:35:31,467 - Iter 28200: obj=-1377.043669, change=1.66e-06, α=1.000, ‖θ[1:]‖₁=2081.430, γ=90658.032, num_knots=1649
2025-09-07 00:35:31,797 - Iter 28210: obj=-1377.043738, change=1.66e-06, α=1.000, ‖θ[1:]‖₁=2081.430, γ=90658.032, num_knots=1649
2025-09-07 00:35:32,133 - Iter 28220: obj=-1377.043807, change=1.66e-06, α=1.000, ‖θ[1:]‖₁=2081.430, γ=90658.032, num_knots=1649
2025-09-07 00:35:32,514 - Iter 28230: obj=-1377.043876, change=1.66e-06, α=1.000, ‖θ[1:]‖₁=2081.430, γ=90658.032, num_knots=1649
2025-09-07 00:35:32,860 - Iter 28240: obj=-1377.043945, change=1.66e-06, α=1.000, ‖θ[1:]‖₁=2081.430, γ=90658.032, num_knots=1649
2025-09-07 00:35:33,208 - Iter 28250: obj=-1377.044014, change=1.66e-06, α=1.000, ‖θ[1:]‖₁=2081.429, γ=90658.032, num_knots=1649
2025-09-07 00:35:33,662 - Iter 28260: obj=-1377.044083, change=1.66e-06, α=1.000, ‖θ[1:]‖₁=2081.429, γ=90658.032, num_knots=1649
2025-09-07 00:35:34,044 - Iter 28270: obj=-1377.044152, change=1.66e-06, α=1.000, ‖θ[1:]‖₁=2081.429, γ=90658.032, num_knots=1649
2025-09-07 00:35:34,402 - Iter 28280: obj=-1377.044221, change=1.66e-06, α=1.000, ‖θ[1:]‖₁=2081.429, γ=90658.032, num_knots=1649
2025-09-07 00:35:34,748 - Iter 28290: obj=-1377.044290, change=1.66e-06, α=1.000, ‖θ[1:]‖₁=2081.429, γ=90658.032, num_knots=1649
2025-09-07 00:35:35,114 - Iter 28300: obj=-1377.044359, change=1.66e-06, α=1.000, ‖θ[1:]‖₁=2081.428, γ=90658.032, num_knots=1649
2025-09-07 00:35:35,483 - Iter 28310: obj=-1377.044428, change=1.66e-06, α=1.000, ‖θ[1:]‖₁=2081.428, γ=90658.032, num_knots=1649
2025-09-07 00:35:35,835 - Iter 28320: obj=-1377.044497, change=1.66e-06, α=1.000, ‖θ[1:]‖₁=2081.428, γ=90658.032, num_knots=1649
2025-09-07 00:35:36,208 - Iter 28330: obj=-1377.044566, change=1.66e-06, α=1.000, ‖θ[1:]‖₁=2081.428, γ=90658.032, num_knots=1649
2025-09-07 00:35:36,585 - Iter 28340: obj=-1377.044635, change=1.66e-06, α=1.000, ‖θ[1:]‖₁=2081.428, γ=90658.032, num_knots=1649
2025-09-07 00:35:36,942 - Iter 28350: obj=-1377.044704, change=1.66e-06, α=1.000, ‖θ[1:]‖₁=2081.428, γ=90658.032, num_knots=1649
2025-09-07 00:35:37,265 - Iter 28360: obj=-1377.044773, change=1.66e-06, α=1.000, ‖θ[1:]‖₁=2081.427, γ=90658.032, num_knots=1649
2025-09-07 00:35:37,619 - Iter 28370: obj=-1377.044842, change=1.66e-06, α=1.000, ‖θ[1:]‖₁=2081.427, γ=90658.032, num_knots=1649
2025-09-07 00:35:37,950 - Iter 28380: obj=-1377.044911, change=1.66e-06, α=1.000, ‖θ[1:]‖₁=2081.427, γ=90658.032, num_knots=1649
2025-09-07 00:35:38,261 - Iter 28390: obj=-1377.044980, change=1.66e-06, α=1.000, ‖θ[1:]‖₁=2081.427, γ=90658.032, num_knots=1649
2025-09-07 00:35:38,602 - Iter 28400: obj=-1377.045049, change=1.66e-06, α=1.000, ‖θ[1:]‖₁=2081.427, γ=90658.032, num_knots=1649
2025-09-07 00:35:38,937 - Iter 28410: obj=-1377.045118, change=1.66e-06, α=1.000, ‖θ[1:]‖₁=2081.427, γ=90658.032, num_knots=1649
2025-09-07 00:35:39,279 - Iter 28420: obj=-1377.045187, change=1.66e-06, α=1.000, ‖θ[1:]‖₁=2081.426, γ=90658.032, num_knots=1649
2025-09-07 00:35:39,622 - Iter 28430: obj=-1377.045256, change=1.66e-06, α=1.000, ‖θ[1:]‖₁=2081.426, γ=90658.032, num_knots=1649
2025-09-07 00:35:39,951 - Iter 28440: obj=-1377.045325, change=1.66e-06, α=1.000, ‖θ[1:]‖₁=2081.426, γ=90658.032, num_knots=1649
2025-09-07 00:35:40,312 - Iter 28450: obj=-1377.045394, change=1.66e-06, α=1.000, ‖θ[1:]‖₁=2081.426, γ=90658.032, num_knots=1649
2025-09-07 00:35:40,662 - Iter 28460: obj=-1377.045463, change=1.66e-06, α=1.000, ‖θ[1:]‖₁=2081.426, γ=90658.032, num_knots=1649
2025-09-07 00:35:41,007 - Iter 28470: obj=-1377.045532, change=1.66e-06, α=1.000, ‖θ[1:]‖₁=2081.426, γ=90658.032, num_knots=1649
2025-09-07 00:35:41,371 - Iter 28480: obj=-1377.045601, change=1.66e-06, α=1.000, ‖θ[1:]‖₁=2081.425, γ=90658.032, num_knots=1649
2025-09-07 00:35:41,713 - Iter 28490: obj=-1377.045670, change=1.66e-06, α=1.000, ‖θ[1:]‖₁=2081.425, γ=90658.032, num_knots=1649
2025-09-07 00:35:42,068 - Iter 28500: obj=-1377.045739, change=1.66e-06, α=1.000, ‖θ[1:]‖₁=2081.425, γ=90658.032, num_knots=1649
2025-09-07 00:35:42,410 - Iter 28510: obj=-1377.045809, change=1.66e-06, α=1.000, ‖θ[1:]‖₁=2081.425, γ=90658.032, num_knots=1649
2025-09-07 00:35:42,750 - Iter 28520: obj=-1377.045878, change=1.66e-06, α=1.000, ‖θ[1:]‖₁=2081.425, γ=90658.032, num_knots=1649
2025-09-07 00:35:43,063 - Iter 28530: obj=-1377.045947, change=1.66e-06, α=1.000, ‖θ[1:]‖₁=2081.424, γ=90658.032, num_knots=1649
2025-09-07 00:35:43,419 - Iter 28540: obj=-1377.046016, change=1.66e-06, α=1.000, ‖θ[1:]‖₁=2081.424, γ=90658.032, num_knots=1649
2025-09-07 00:35:43,802 - Iter 28550: obj=-1377.046085, change=1.66e-06, α=1.000, ‖θ[1:]‖₁=2081.424, γ=90658.032, num_knots=1649
2025-09-07 00:35:44,188 - Iter 28560: obj=-1377.046154, change=1.66e-06, α=1.000, ‖θ[1:]‖₁=2081.424, γ=90658.032, num_knots=1649
2025-09-07 00:35:44,566 - Iter 28570: obj=-1377.046223, change=1.66e-06, α=1.000, ‖θ[1:]‖₁=2081.424, γ=90658.032, num_knots=1649
2025-09-07 00:35:44,968 - Iter 28580: obj=-1377.046292, change=1.66e-06, α=1.000, ‖θ[1:]‖₁=2081.424, γ=90658.032, num_knots=1649
2025-09-07 00:35:45,374 - Iter 28590: obj=-1377.046361, change=1.66e-06, α=1.000, ‖θ[1:]‖₁=2081.423, γ=90658.032, num_knots=1649
2025-09-07 00:35:45,732 - Iter 28600: obj=-1377.046430, change=1.66e-06, α=1.000, ‖θ[1:]‖₁=2081.423, γ=90658.032, num_knots=1649
2025-09-07 00:35:46,202 - Iter 28610: obj=-1377.046499, change=1.66e-06, α=1.000, ‖θ[1:]‖₁=2081.423, γ=90658.032, num_knots=1649
2025-09-07 00:35:46,697 - Iter 28620: obj=-1377.046568, change=1.66e-06, α=1.000, ‖θ[1:]‖₁=2081.423, γ=90658.032, num_knots=1649
2025-09-07 00:35:47,111 - Iter 28630: obj=-1377.046637, change=1.66e-06, α=1.000, ‖θ[1:]‖₁=2081.423, γ=90658.032, num_knots=1649
2025-09-07 00:35:47,526 - Iter 28640: obj=-1377.046706, change=1.66e-06, α=1.000, ‖θ[1:]‖₁=2081.423, γ=90658.032, num_knots=1649
2025-09-07 00:35:47,911 - Iter 28650: obj=-1377.046775, change=1.66e-06, α=1.000, ‖θ[1:]‖₁=2081.422, γ=90658.032, num_knots=1649
2025-09-07 00:35:48,311 - Iter 28660: obj=-1377.046844, change=1.66e-06, α=1.000, ‖θ[1:]‖₁=2081.422, γ=90658.032, num_knots=1649
2025-09-07 00:35:48,700 - Iter 28670: obj=-1377.046913, change=1.66e-06, α=1.000, ‖θ[1:]‖₁=2081.422, γ=90658.032, num_knots=1649
2025-09-07 00:35:49,118 - Iter 28680: obj=-1377.046982, change=1.66e-06, α=1.000, ‖θ[1:]‖₁=2081.422, γ=90658.032, num_knots=1649
2025-09-07 00:35:49,508 - Iter 28690: obj=-1377.047051, change=1.66e-06, α=1.000, ‖θ[1:]‖₁=2081.422, γ=90658.032, num_knots=1649
2025-09-07 00:35:49,862 - Iter 28700: obj=-1377.047120, change=1.66e-06, α=1.000, ‖θ[1:]‖₁=2081.422, γ=90658.032, num_knots=1649
2025-09-07 00:35:50,232 - Iter 28710: obj=-1377.047189, change=1.66e-06, α=1.000, ‖θ[1:]‖₁=2081.421, γ=90658.032, num_knots=1649
2025-09-07 00:35:50,598 - Iter 28720: obj=-1377.047258, change=1.66e-06, α=1.000, ‖θ[1:]‖₁=2081.421, γ=90658.032, num_knots=1649
2025-09-07 00:35:51,008 - Iter 28730: obj=-1377.047327, change=1.66e-06, α=1.000, ‖θ[1:]‖₁=2081.421, γ=90658.032, num_knots=1649
2025-09-07 00:35:51,416 - Iter 28740: obj=-1377.047396, change=1.66e-06, α=1.000, ‖θ[1:]‖₁=2081.421, γ=90658.032, num_knots=1649
2025-09-07 00:35:51,806 - Iter 28750: obj=-1377.047465, change=1.66e-06, α=1.000, ‖θ[1:]‖₁=2081.421, γ=90658.032, num_knots=1649
2025-09-07 00:35:52,231 - Iter 28760: obj=-1377.047534, change=1.66e-06, α=1.000, ‖θ[1:]‖₁=2081.420, γ=90658.032, num_knots=1649
2025-09-07 00:35:52,621 - Iter 28770: obj=-1377.047603, change=1.66e-06, α=1.000, ‖θ[1:]‖₁=2081.420, γ=90658.032, num_knots=1649
2025-09-07 00:35:53,047 - Iter 28780: obj=-1377.047672, change=1.66e-06, α=1.000, ‖θ[1:]‖₁=2081.420, γ=90658.032, num_knots=1649
2025-09-07 00:35:53,412 - Iter 28790: obj=-1377.047741, change=1.66e-06, α=1.000, ‖θ[1:]‖₁=2081.420, γ=90658.032, num_knots=1649
2025-09-07 00:35:53,794 - Iter 28800: obj=-1377.047810, change=1.66e-06, α=1.000, ‖θ[1:]‖₁=2081.420, γ=90658.032, num_knots=1649
2025-09-07 00:35:54,195 - Iter 28810: obj=-1377.047879, change=1.66e-06, α=1.000, ‖θ[1:]‖₁=2081.420, γ=90658.032, num_knots=1649
2025-09-07 00:35:54,583 - Iter 28820: obj=-1377.047948, change=1.66e-06, α=1.000, ‖θ[1:]‖₁=2081.419, γ=90658.032, num_knots=1649
2025-09-07 00:35:54,925 - Iter 28830: obj=-1377.048017, change=1.66e-06, α=1.000, ‖θ[1:]‖₁=2081.419, γ=90658.032, num_knots=1649
2025-09-07 00:35:55,287 - Iter 28840: obj=-1377.048086, change=1.66e-06, α=1.000, ‖θ[1:]‖₁=2081.419, γ=90658.032, num_knots=1649
2025-09-07 00:35:55,634 - Iter 28850: obj=-1377.048155, change=1.66e-06, α=1.000, ‖θ[1:]‖₁=2081.419, γ=90658.032, num_knots=1649
2025-09-07 00:35:55,992 - Iter 28860: obj=-1377.048224, change=1.66e-06, α=1.000, ‖θ[1:]‖₁=2081.419, γ=90658.032, num_knots=1649
2025-09-07 00:35:56,353 - Iter 28870: obj=-1377.048293, change=1.66e-06, α=1.000, ‖θ[1:]‖₁=2081.419, γ=90658.032, num_knots=1649
2025-09-07 00:35:56,694 - Iter 28880: obj=-1377.048362, change=1.66e-06, α=1.000, ‖θ[1:]‖₁=2081.418, γ=90658.032, num_knots=1649
2025-09-07 00:35:57,086 - Iter 28890: obj=-1377.048431, change=1.66e-06, α=1.000, ‖θ[1:]‖₁=2081.418, γ=90658.032, num_knots=1649
2025-09-07 00:35:57,448 - Iter 28900: obj=-1377.048500, change=1.66e-06, α=1.000, ‖θ[1:]‖₁=2081.418, γ=90658.032, num_knots=1649
2025-09-07 00:35:57,799 - Iter 28910: obj=-1377.048569, change=1.66e-06, α=1.000, ‖θ[1:]‖₁=2081.418, γ=90658.032, num_knots=1649
2025-09-07 00:35:58,179 - Iter 28920: obj=-1377.048638, change=1.66e-06, α=1.000, ‖θ[1:]‖₁=2081.418, γ=90658.032, num_knots=1649
2025-09-07 00:35:58,561 - Iter 28930: obj=-1377.048707, change=1.66e-06, α=1.000, ‖θ[1:]‖₁=2081.418, γ=90658.032, num_knots=1649
2025-09-07 00:35:58,963 - Iter 28940: obj=-1377.048776, change=1.66e-06, α=1.000, ‖θ[1:]‖₁=2081.417, γ=90658.032, num_knots=1649
2025-09-07 00:35:59,333 - Iter 28950: obj=-1377.048846, change=1.66e-06, α=1.000, ‖θ[1:]‖₁=2081.417, γ=90658.032, num_knots=1649
2025-09-07 00:35:59,734 - Iter 28960: obj=-1377.048915, change=1.66e-06, α=1.000, ‖θ[1:]‖₁=2081.417, γ=90658.032, num_knots=1649
2025-09-07 00:36:00,111 - Iter 28970: obj=-1377.048984, change=1.66e-06, α=1.000, ‖θ[1:]‖₁=2081.417, γ=90658.032, num_knots=1649
2025-09-07 00:36:00,497 - Iter 28980: obj=-1377.049053, change=1.66e-06, α=1.000, ‖θ[1:]‖₁=2081.417, γ=90658.032, num_knots=1649
2025-09-07 00:36:01,002 - Iter 28990: obj=-1377.049122, change=1.66e-06, α=1.000, ‖θ[1:]‖₁=2081.416, γ=90658.032, num_knots=1649
2025-09-07 00:36:01,484 - Iter 29000: obj=-1377.049191, change=1.66e-06, α=1.000, ‖θ[1:]‖₁=2081.416, γ=90658.032, num_knots=1649
2025-09-07 00:36:01,912 - Iter 29010: obj=-1377.049260, change=1.66e-06, α=1.000, ‖θ[1:]‖₁=2081.416, γ=90658.032, num_knots=1649
2025-09-07 00:36:02,319 - Iter 29020: obj=-1377.049329, change=1.66e-06, α=1.000, ‖θ[1:]‖₁=2081.416, γ=90658.032, num_knots=1649
2025-09-07 00:36:02,683 - Iter 29030: obj=-1377.049398, change=1.66e-06, α=1.000, ‖θ[1:]‖₁=2081.416, γ=90658.032, num_knots=1649
2025-09-07 00:36:03,033 - Iter 29040: obj=-1377.049467, change=1.66e-06, α=1.000, ‖θ[1:]‖₁=2081.416, γ=90658.032, num_knots=1649
2025-09-07 00:36:03,464 - Iter 29050: obj=-1377.049536, change=1.66e-06, α=1.000, ‖θ[1:]‖₁=2081.415, γ=90658.032, num_knots=1649
2025-09-07 00:36:03,797 - Iter 29060: obj=-1377.049605, change=1.66e-06, α=1.000, ‖θ[1:]‖₁=2081.415, γ=90658.032, num_knots=1649
2025-09-07 00:36:04,165 - Iter 29070: obj=-1377.049674, change=1.66e-06, α=1.000, ‖θ[1:]‖₁=2081.415, γ=90658.032, num_knots=1649
2025-09-07 00:36:04,529 - Iter 29080: obj=-1377.049743, change=1.66e-06, α=1.000, ‖θ[1:]‖₁=2081.415, γ=90658.032, num_knots=1649
2025-09-07 00:36:04,864 - Iter 29090: obj=-1377.049812, change=1.66e-06, α=1.000, ‖θ[1:]‖₁=2081.415, γ=90658.032, num_knots=1649
2025-09-07 00:36:05,199 - Iter 29100: obj=-1377.049881, change=1.66e-06, α=1.000, ‖θ[1:]‖₁=2081.415, γ=90658.032, num_knots=1649
2025-09-07 00:36:05,581 - Iter 29110: obj=-1377.049950, change=1.66e-06, α=1.000, ‖θ[1:]‖₁=2081.414, γ=90658.032, num_knots=1649
2025-09-07 00:36:05,914 - Iter 29120: obj=-1377.050019, change=1.66e-06, α=1.000, ‖θ[1:]‖₁=2081.414, γ=90658.032, num_knots=1649
2025-09-07 00:36:06,252 - Iter 29130: obj=-1377.050088, change=1.66e-06, α=1.000, ‖θ[1:]‖₁=2081.414, γ=90658.032, num_knots=1649
2025-09-07 00:36:06,604 - Iter 29140: obj=-1377.050157, change=1.66e-06, α=1.000, ‖θ[1:]‖₁=2081.414, γ=90658.032, num_knots=1649
2025-09-07 00:36:06,924 - Iter 29150: obj=-1377.050226, change=1.66e-06, α=1.000, ‖θ[1:]‖₁=2081.414, γ=90658.032, num_knots=1649
2025-09-07 00:36:07,269 - Iter 29160: obj=-1377.050295, change=1.66e-06, α=1.000, ‖θ[1:]‖₁=2081.413, γ=90658.032, num_knots=1649
2025-09-07 00:36:07,596 - Iter 29170: obj=-1377.050364, change=1.66e-06, α=1.000, ‖θ[1:]‖₁=2081.413, γ=90658.032, num_knots=1649
2025-09-07 00:36:07,942 - Iter 29180: obj=-1377.050433, change=1.66e-06, α=1.000, ‖θ[1:]‖₁=2081.413, γ=90658.032, num_knots=1649
2025-09-07 00:36:08,270 - Iter 29190: obj=-1377.050502, change=1.66e-06, α=1.000, ‖θ[1:]‖₁=2081.413, γ=90658.032, num_knots=1649
2025-09-07 00:36:08,663 - Iter 29200: obj=-1377.050571, change=1.66e-06, α=1.000, ‖θ[1:]‖₁=2081.413, γ=90658.032, num_knots=1649
2025-09-07 00:36:09,012 - Iter 29210: obj=-1377.050640, change=1.66e-06, α=1.000, ‖θ[1:]‖₁=2081.413, γ=90658.032, num_knots=1649
2025-09-07 00:36:09,343 - Iter 29220: obj=-1377.050709, change=1.66e-06, α=1.000, ‖θ[1:]‖₁=2081.412, γ=90658.032, num_knots=1649
2025-09-07 00:36:09,748 - Iter 29230: obj=-1377.050778, change=1.66e-06, α=1.000, ‖θ[1:]‖₁=2081.412, γ=90658.032, num_knots=1649
2025-09-07 00:36:10,105 - Iter 29240: obj=-1377.050847, change=1.66e-06, α=1.000, ‖θ[1:]‖₁=2081.412, γ=90658.032, num_knots=1649
2025-09-07 00:36:10,473 - Iter 29250: obj=-1377.050916, change=1.66e-06, α=1.000, ‖θ[1:]‖₁=2081.412, γ=90658.032, num_knots=1649
2025-09-07 00:36:10,808 - Iter 29260: obj=-1377.050985, change=1.66e-06, α=1.000, ‖θ[1:]‖₁=2081.412, γ=90658.032, num_knots=1649
2025-09-07 00:36:11,166 - Iter 29270: obj=-1377.051054, change=1.66e-06, α=1.000, ‖θ[1:]‖₁=2081.412, γ=90658.032, num_knots=1649
2025-09-07 00:36:11,494 - Iter 29280: obj=-1377.051123, change=1.66e-06, α=1.000, ‖θ[1:]‖₁=2081.411, γ=90658.032, num_knots=1649
2025-09-07 00:36:11,887 - Iter 29290: obj=-1377.051192, change=1.66e-06, α=1.000, ‖θ[1:]‖₁=2081.411, γ=90658.032, num_knots=1649
2025-09-07 00:36:12,333 - Iter 29300: obj=-1377.051261, change=1.66e-06, α=1.000, ‖θ[1:]‖₁=2081.411, γ=90658.032, num_knots=1649
2025-09-07 00:36:12,676 - Iter 29310: obj=-1377.051330, change=1.66e-06, α=1.000, ‖θ[1:]‖₁=2081.411, γ=90658.032, num_knots=1649
2025-09-07 00:36:12,989 - Iter 29320: obj=-1377.051399, change=1.66e-06, α=1.000, ‖θ[1:]‖₁=2081.411, γ=90658.032, num_knots=1649
2025-09-07 00:36:13,310 - Iter 29330: obj=-1377.051468, change=1.66e-06, α=1.000, ‖θ[1:]‖₁=2081.411, γ=90658.032, num_knots=1649
2025-09-07 00:36:13,660 - Iter 29340: obj=-1377.051537, change=1.66e-06, α=1.000, ‖θ[1:]‖₁=2081.410, γ=90658.032, num_knots=1649
2025-09-07 00:36:14,006 - Iter 29350: obj=-1377.051606, change=1.66e-06, α=1.000, ‖θ[1:]‖₁=2081.410, γ=90658.032, num_knots=1649
2025-09-07 00:36:14,333 - Iter 29360: obj=-1377.051675, change=1.67e-06, α=1.000, ‖θ[1:]‖₁=2081.410, γ=90658.032, num_knots=1649
2025-09-07 00:36:14,662 - Iter 29370: obj=-1377.051744, change=1.67e-06, α=1.000, ‖θ[1:]‖₁=2081.410, γ=90658.032, num_knots=1649
2025-09-07 00:36:15,012 - Iter 29380: obj=-1377.051813, change=1.67e-06, α=1.000, ‖θ[1:]‖₁=2081.410, γ=90658.032, num_knots=1649
2025-09-07 00:36:15,378 - Iter 29390: obj=-1377.051882, change=1.67e-06, α=1.000, ‖θ[1:]‖₁=2081.409, γ=90658.032, num_knots=1649
2025-09-07 00:36:15,818 - Iter 29400: obj=-1377.051951, change=1.67e-06, α=1.000, ‖θ[1:]‖₁=2081.409, γ=90658.032, num_knots=1649
2025-09-07 00:36:16,274 - Iter 29410: obj=-1377.052020, change=1.67e-06, α=1.000, ‖θ[1:]‖₁=2081.409, γ=90658.032, num_knots=1649
2025-09-07 00:36:16,577 - Iter 29420: obj=-1377.052089, change=1.67e-06, α=1.000, ‖θ[1:]‖₁=2081.409, γ=90658.032, num_knots=1649
2025-09-07 00:36:16,901 - Iter 29430: obj=-1377.052158, change=1.67e-06, α=1.000, ‖θ[1:]‖₁=2081.409, γ=90658.032, num_knots=1649
2025-09-07 00:36:17,237 - Iter 29440: obj=-1377.052227, change=1.67e-06, α=1.000, ‖θ[1:]‖₁=2081.409, γ=90658.032, num_knots=1649
2025-09-07 00:36:17,576 - Iter 29450: obj=-1377.052296, change=1.67e-06, α=1.000, ‖θ[1:]‖₁=2081.408, γ=90658.032, num_knots=1649
2025-09-07 00:36:17,945 - Iter 29460: obj=-1377.052365, change=1.67e-06, α=1.000, ‖θ[1:]‖₁=2081.408, γ=90658.032, num_knots=1649
2025-09-07 00:36:18,287 - Iter 29470: obj=-1377.052434, change=1.67e-06, α=1.000, ‖θ[1:]‖₁=2081.408, γ=90658.032, num_knots=1649
2025-09-07 00:36:18,617 - Iter 29480: obj=-1377.052503, change=1.67e-06, α=1.000, ‖θ[1:]‖₁=2081.408, γ=90658.032, num_knots=1649
2025-09-07 00:36:18,935 - Iter 29490: obj=-1377.052572, change=1.67e-06, α=1.000, ‖θ[1:]‖₁=2081.408, γ=90658.032, num_knots=1649
2025-09-07 00:36:19,271 - Iter 29500: obj=-1377.052641, change=1.67e-06, α=1.000, ‖θ[1:]‖₁=2081.408, γ=90658.032, num_knots=1649
2025-09-07 00:36:19,595 - Iter 29510: obj=-1377.052710, change=1.67e-06, α=1.000, ‖θ[1:]‖₁=2081.407, γ=90658.032, num_knots=1649
2025-09-07 00:36:19,944 - Iter 29520: obj=-1377.052779, change=1.67e-06, α=1.000, ‖θ[1:]‖₁=2081.407, γ=90658.032, num_knots=1649
2025-09-07 00:36:20,276 - Iter 29530: obj=-1377.052848, change=1.67e-06, α=1.000, ‖θ[1:]‖₁=2081.407, γ=90658.032, num_knots=1649
2025-09-07 00:36:20,597 - Iter 29540: obj=-1377.052917, change=1.67e-06, α=1.000, ‖θ[1:]‖₁=2081.407, γ=90658.032, num_knots=1649
2025-09-07 00:36:20,930 - Iter 29550: obj=-1377.052986, change=1.67e-06, α=1.000, ‖θ[1:]‖₁=2081.407, γ=90658.032, num_knots=1649
2025-09-07 00:36:21,248 - Iter 29560: obj=-1377.053055, change=1.67e-06, α=1.000, ‖θ[1:]‖₁=2081.406, γ=90658.032, num_knots=1649
2025-09-07 00:36:21,578 - Iter 29570: obj=-1377.053124, change=1.67e-06, α=1.000, ‖θ[1:]‖₁=2081.406, γ=90658.032, num_knots=1649
2025-09-07 00:36:21,900 - Iter 29580: obj=-1377.053193, change=1.67e-06, α=1.000, ‖θ[1:]‖₁=2081.406, γ=90658.032, num_knots=1649
2025-09-07 00:36:22,245 - Iter 29590: obj=-1377.053262, change=1.67e-06, α=1.000, ‖θ[1:]‖₁=2081.406, γ=90658.032, num_knots=1649
2025-09-07 00:36:22,555 - Iter 29600: obj=-1377.053331, change=1.67e-06, α=1.000, ‖θ[1:]‖₁=2081.406, γ=90658.032, num_knots=1649
2025-09-07 00:36:22,898 - Iter 29610: obj=-1377.053401, change=1.67e-06, α=1.000, ‖θ[1:]‖₁=2081.406, γ=90658.032, num_knots=1649
2025-09-07 00:36:23,235 - Iter 29620: obj=-1377.053470, change=1.67e-06, α=1.000, ‖θ[1:]‖₁=2081.405, γ=90658.032, num_knots=1649
2025-09-07 00:36:23,559 - Iter 29630: obj=-1377.053539, change=1.67e-06, α=1.000, ‖θ[1:]‖₁=2081.405, γ=90658.032, num_knots=1649
2025-09-07 00:36:23,901 - Iter 29640: obj=-1377.053608, change=1.67e-06, α=1.000, ‖θ[1:]‖₁=2081.405, γ=90658.032, num_knots=1649
2025-09-07 00:36:24,236 - Iter 29650: obj=-1377.053677, change=1.67e-06, α=1.000, ‖θ[1:]‖₁=2081.405, γ=90658.032, num_knots=1649
2025-09-07 00:36:24,575 - Iter 29660: obj=-1377.053746, change=1.67e-06, α=1.000, ‖θ[1:]‖₁=2081.405, γ=90658.032, num_knots=1649
2025-09-07 00:36:24,920 - Iter 29670: obj=-1377.053815, change=1.67e-06, α=1.000, ‖θ[1:]‖₁=2081.405, γ=90658.032, num_knots=1649
2025-09-07 00:36:25,264 - Iter 29680: obj=-1377.053884, change=1.67e-06, α=1.000, ‖θ[1:]‖₁=2081.404, γ=90658.032, num_knots=1649
2025-09-07 00:36:25,640 - Iter 29690: obj=-1377.053953, change=1.67e-06, α=1.000, ‖θ[1:]‖₁=2081.404, γ=90658.032, num_knots=1649
2025-09-07 00:36:26,032 - Iter 29700: obj=-1377.054022, change=1.67e-06, α=1.000, ‖θ[1:]‖₁=2081.404, γ=90658.032, num_knots=1649
2025-09-07 00:36:26,354 - Iter 29710: obj=-1377.054091, change=1.67e-06, α=1.000, ‖θ[1:]‖₁=2081.404, γ=90658.032, num_knots=1649
2025-09-07 00:36:26,678 - Iter 29720: obj=-1377.054160, change=1.67e-06, α=1.000, ‖θ[1:]‖₁=2081.404, γ=90658.032, num_knots=1649
2025-09-07 00:36:27,003 - Iter 29730: obj=-1377.054229, change=1.67e-06, α=1.000, ‖θ[1:]‖₁=2081.403, γ=90658.032, num_knots=1649
2025-09-07 00:36:27,324 - Iter 29740: obj=-1377.054298, change=1.67e-06, α=1.000, ‖θ[1:]‖₁=2081.403, γ=90658.032, num_knots=1649
2025-09-07 00:36:27,650 - Iter 29750: obj=-1377.054367, change=1.67e-06, α=1.000, ‖θ[1:]‖₁=2081.403, γ=90658.032, num_knots=1649
2025-09-07 00:36:27,974 - Iter 29760: obj=-1377.054436, change=1.67e-06, α=1.000, ‖θ[1:]‖₁=2081.403, γ=90658.032, num_knots=1649
2025-09-07 00:36:28,315 - Iter 29770: obj=-1377.054505, change=1.67e-06, α=1.000, ‖θ[1:]‖₁=2081.403, γ=90658.032, num_knots=1649
2025-09-07 00:36:28,640 - Iter 29780: obj=-1377.054574, change=1.67e-06, α=1.000, ‖θ[1:]‖₁=2081.403, γ=90658.032, num_knots=1649
2025-09-07 00:36:28,978 - Iter 29790: obj=-1377.054643, change=1.67e-06, α=1.000, ‖θ[1:]‖₁=2081.402, γ=90658.032, num_knots=1649
2025-09-07 00:36:29,324 - Iter 29800: obj=-1377.054712, change=1.67e-06, α=1.000, ‖θ[1:]‖₁=2081.402, γ=90658.032, num_knots=1649
2025-09-07 00:36:29,651 - Iter 29810: obj=-1377.054781, change=1.67e-06, α=1.000, ‖θ[1:]‖₁=2081.402, γ=90658.032, num_knots=1649
2025-09-07 00:36:29,985 - Iter 29820: obj=-1377.054850, change=1.67e-06, α=1.000, ‖θ[1:]‖₁=2081.402, γ=90658.032, num_knots=1649
2025-09-07 00:36:30,329 - Iter 29830: obj=-1377.054919, change=1.67e-06, α=1.000, ‖θ[1:]‖₁=2081.402, γ=90658.032, num_knots=1649
2025-09-07 00:36:30,652 - Iter 29840: obj=-1377.054988, change=1.67e-06, α=1.000, ‖θ[1:]‖₁=2081.402, γ=90658.032, num_knots=1649
2025-09-07 00:36:31,075 - Iter 29850: obj=-1377.055057, change=1.67e-06, α=1.000, ‖θ[1:]‖₁=2081.401, γ=90658.032, num_knots=1649
2025-09-07 00:36:31,423 - Iter 29860: obj=-1377.055126, change=1.67e-06, α=1.000, ‖θ[1:]‖₁=2081.401, γ=90658.032, num_knots=1649
2025-09-07 00:36:31,736 - Iter 29870: obj=-1377.055195, change=1.67e-06, α=1.000, ‖θ[1:]‖₁=2081.401, γ=90658.032, num_knots=1649
2025-09-07 00:36:32,089 - Iter 29880: obj=-1377.055264, change=1.67e-06, α=1.000, ‖θ[1:]‖₁=2081.401, γ=90658.032, num_knots=1649
2025-09-07 00:36:32,500 - Iter 29890: obj=-1377.055333, change=1.67e-06, α=1.000, ‖θ[1:]‖₁=2081.401, γ=90658.032, num_knots=1649
2025-09-07 00:36:32,898 - Iter 29900: obj=-1377.055402, change=1.67e-06, α=1.000, ‖θ[1:]‖₁=2081.400, γ=90658.032, num_knots=1649
2025-09-07 00:36:33,242 - Iter 29910: obj=-1377.055471, change=1.67e-06, α=1.000, ‖θ[1:]‖₁=2081.400, γ=90658.032, num_knots=1649
2025-09-07 00:36:33,580 - Iter 29920: obj=-1377.055540, change=1.67e-06, α=1.000, ‖θ[1:]‖₁=2081.400, γ=90658.032, num_knots=1649
2025-09-07 00:36:33,899 - Iter 29930: obj=-1377.055609, change=1.67e-06, α=1.000, ‖θ[1:]‖₁=2081.400, γ=90658.032, num_knots=1649
2025-09-07 00:36:34,267 - Iter 29940: obj=-1377.055678, change=1.67e-06, α=1.000, ‖θ[1:]‖₁=2081.400, γ=90658.032, num_knots=1649
2025-09-07 00:36:34,614 - Iter 29950: obj=-1377.055747, change=1.67e-06, α=1.000, ‖θ[1:]‖₁=2081.400, γ=90658.032, num_knots=1649
2025-09-07 00:36:34,956 - Iter 29960: obj=-1377.055816, change=1.67e-06, α=1.000, ‖θ[1:]‖₁=2081.399, γ=90658.032, num_knots=1649
2025-09-07 00:36:35,311 - Iter 29970: obj=-1377.055885, change=1.67e-06, α=1.000, ‖θ[1:]‖₁=2081.399, γ=90658.032, num_knots=1649
2025-09-07 00:36:35,663 - Iter 29980: obj=-1377.055954, change=1.67e-06, α=1.000, ‖θ[1:]‖₁=2081.399, γ=90658.032, num_knots=1649
2025-09-07 00:36:36,018 - Iter 29990: obj=-1377.056023, change=1.67e-06, α=1.000, ‖θ[1:]‖₁=2081.399, γ=90658.032, num_knots=1649
2025-09-07 00:36:36,395 - Iter 30000: obj=-1377.056092, change=1.67e-06, α=1.000, ‖θ[1:]‖₁=2081.399, γ=90658.032, num_knots=1649
2025-09-07 00:36:36,730 - Iter 30010: obj=-1377.056161, change=1.67e-06, α=1.000, ‖θ[1:]‖₁=2081.399, γ=90658.032, num_knots=1649
2025-09-07 00:36:37,067 - Iter 30020: obj=-1377.056230, change=1.67e-06, α=1.000, ‖θ[1:]‖₁=2081.398, γ=90658.032, num_knots=1649
2025-09-07 00:36:37,398 - Iter 30030: obj=-1377.056299, change=1.67e-06, α=1.000, ‖θ[1:]‖₁=2081.398, γ=90658.032, num_knots=1649
2025-09-07 00:36:37,709 - Iter 30040: obj=-1377.056368, change=1.67e-06, α=1.000, ‖θ[1:]‖₁=2081.398, γ=90658.032, num_knots=1649
2025-09-07 00:36:38,033 - Iter 30050: obj=-1377.056437, change=1.67e-06, α=1.000, ‖θ[1:]‖₁=2081.398, γ=90658.032, num_knots=1649
2025-09-07 00:36:38,462 - Iter 30060: obj=-1377.056506, change=1.67e-06, α=1.000, ‖θ[1:]‖₁=2081.398, γ=90658.032, num_knots=1649
2025-09-07 00:36:38,757 - Iter 30070: obj=-1377.056575, change=1.67e-06, α=1.000, ‖θ[1:]‖₁=2081.397, γ=90658.032, num_knots=1649
2025-09-07 00:36:39,074 - Iter 30080: obj=-1377.056644, change=1.67e-06, α=1.000, ‖θ[1:]‖₁=2081.397, γ=90658.032, num_knots=1649
2025-09-07 00:36:39,401 - Iter 30090: obj=-1377.056713, change=1.67e-06, α=1.000, ‖θ[1:]‖₁=2081.397, γ=90658.032, num_knots=1649
2025-09-07 00:36:39,773 - Iter 30100: obj=-1377.056782, change=1.67e-06, α=1.000, ‖θ[1:]‖₁=2081.397, γ=90658.032, num_knots=1649
2025-09-07 00:36:40,095 - Iter 30110: obj=-1377.056851, change=1.67e-06, α=1.000, ‖θ[1:]‖₁=2081.397, γ=90658.032, num_knots=1649
2025-09-07 00:36:40,436 - Iter 30120: obj=-1377.056920, change=1.67e-06, α=1.000, ‖θ[1:]‖₁=2081.397, γ=90658.032, num_knots=1649
2025-09-07 00:36:40,750 - Iter 30130: obj=-1377.056989, change=1.67e-06, α=1.000, ‖θ[1:]‖₁=2081.396, γ=90658.032, num_knots=1649
2025-09-07 00:36:41,117 - Iter 30140: obj=-1377.057058, change=1.67e-06, α=1.000, ‖θ[1:]‖₁=2081.396, γ=90658.032, num_knots=1649
2025-09-07 00:36:41,480 - Iter 30150: obj=-1377.057127, change=1.67e-06, α=1.000, ‖θ[1:]‖₁=2081.396, γ=90658.032, num_knots=1649
2025-09-07 00:36:41,835 - Iter 30160: obj=-1377.057196, change=1.67e-06, α=1.000, ‖θ[1:]‖₁=2081.396, γ=90658.032, num_knots=1649
2025-09-07 00:36:42,137 - Iter 30170: obj=-1377.057265, change=1.67e-06, α=1.000, ‖θ[1:]‖₁=2081.396, γ=90658.032, num_knots=1649
2025-09-07 00:36:42,475 - Iter 30180: obj=-1377.057334, change=1.67e-06, α=1.000, ‖θ[1:]‖₁=2081.396, γ=90658.032, num_knots=1649
2025-09-07 00:36:42,826 - Iter 30190: obj=-1377.057403, change=1.67e-06, α=1.000, ‖θ[1:]‖₁=2081.395, γ=90658.032, num_knots=1649
2025-09-07 00:36:43,140 - Iter 30200: obj=-1377.057472, change=1.67e-06, α=1.000, ‖θ[1:]‖₁=2081.395, γ=90658.032, num_knots=1649
2025-09-07 00:36:43,486 - Iter 30210: obj=-1377.057541, change=1.67e-06, α=1.000, ‖θ[1:]‖₁=2081.395, γ=90658.032, num_knots=1649
2025-09-07 00:36:43,847 - Iter 30220: obj=-1377.057610, change=1.67e-06, α=1.000, ‖θ[1:]‖₁=2081.395, γ=90658.032, num_knots=1649
2025-09-07 00:36:44,194 - Iter 30230: obj=-1377.057679, change=1.67e-06, α=1.000, ‖θ[1:]‖₁=2081.395, γ=90658.032, num_knots=1649
2025-09-07 00:36:44,534 - Iter 30240: obj=-1377.057748, change=1.67e-06, α=1.000, ‖θ[1:]‖₁=2081.394, γ=90658.032, num_knots=1649
2025-09-07 00:36:44,843 - Iter 30250: obj=-1377.057817, change=1.67e-06, α=1.000, ‖θ[1:]‖₁=2081.394, γ=90658.032, num_knots=1649
2025-09-07 00:36:45,174 - Iter 30260: obj=-1377.057886, change=1.67e-06, α=1.000, ‖θ[1:]‖₁=2081.394, γ=90658.032, num_knots=1649
2025-09-07 00:36:45,513 - Iter 30270: obj=-1377.057955, change=1.67e-06, α=1.000, ‖θ[1:]‖₁=2081.394, γ=90658.032, num_knots=1649
2025-09-07 00:36:45,832 - Iter 30280: obj=-1377.058024, change=1.67e-06, α=1.000, ‖θ[1:]‖₁=2081.394, γ=90658.032, num_knots=1649
2025-09-07 00:36:46,249 - Iter 30290: obj=-1377.058093, change=1.67e-06, α=1.000, ‖θ[1:]‖₁=2081.394, γ=90658.032, num_knots=1649
2025-09-07 00:36:46,613 - Iter 30300: obj=-1377.058162, change=1.67e-06, α=1.000, ‖θ[1:]‖₁=2081.393, γ=90658.032, num_knots=1649
2025-09-07 00:36:46,942 - Iter 30310: obj=-1377.058231, change=1.67e-06, α=1.000, ‖θ[1:]‖₁=2081.393, γ=90658.032, num_knots=1649
2025-09-07 00:36:47,312 - Iter 30320: obj=-1377.058300, change=1.67e-06, α=1.000, ‖θ[1:]‖₁=2081.393, γ=90658.032, num_knots=1649
2025-09-07 00:36:47,664 - Iter 30330: obj=-1377.058369, change=1.67e-06, α=1.000, ‖θ[1:]‖₁=2081.393, γ=90658.032, num_knots=1649
2025-09-07 00:36:48,009 - Iter 30340: obj=-1377.058438, change=1.67e-06, α=1.000, ‖θ[1:]‖₁=2081.393, γ=90658.032, num_knots=1649
2025-09-07 00:36:48,364 - Iter 30350: obj=-1377.058507, change=1.67e-06, α=1.000, ‖θ[1:]‖₁=2081.393, γ=90658.032, num_knots=1649
2025-09-07 00:36:48,709 - Iter 30360: obj=-1377.058576, change=1.67e-06, α=1.000, ‖θ[1:]‖₁=2081.392, γ=90658.032, num_knots=1649
2025-09-07 00:36:49,064 - Iter 30370: obj=-1377.058645, change=1.67e-06, α=1.000, ‖θ[1:]‖₁=2081.392, γ=90658.032, num_knots=1649
2025-09-07 00:36:49,363 - Iter 30380: obj=-1377.058714, change=1.67e-06, α=1.000, ‖θ[1:]‖₁=2081.392, γ=90658.032, num_knots=1649
2025-09-07 00:36:49,746 - Iter 30390: obj=-1377.058783, change=1.67e-06, α=1.000, ‖θ[1:]‖₁=2081.392, γ=90658.032, num_knots=1649
2025-09-07 00:36:50,178 - Iter 30400: obj=-1377.058852, change=1.67e-06, α=1.000, ‖θ[1:]‖₁=2081.392, γ=90658.032, num_knots=1649
2025-09-07 00:36:50,525 - Iter 30410: obj=-1377.058921, change=1.67e-06, α=1.000, ‖θ[1:]‖₁=2081.391, γ=90658.032, num_knots=1649
2025-09-07 00:36:50,846 - Iter 30420: obj=-1377.058990, change=1.67e-06, α=1.000, ‖θ[1:]‖₁=2081.391, γ=90658.032, num_knots=1649
2025-09-07 00:36:51,236 - Iter 30430: obj=-1377.059059, change=1.67e-06, α=1.000, ‖θ[1:]‖₁=2081.391, γ=90658.032, num_knots=1649
2025-09-07 00:36:51,578 - Iter 30440: obj=-1377.059128, change=1.67e-06, α=1.000, ‖θ[1:]‖₁=2081.391, γ=90658.032, num_knots=1649
2025-09-07 00:36:51,885 - Iter 30450: obj=-1377.059197, change=1.67e-06, α=1.000, ‖θ[1:]‖₁=2081.391, γ=90658.032, num_knots=1649
2025-09-07 00:36:52,243 - Iter 30460: obj=-1377.059266, change=1.67e-06, α=1.000, ‖θ[1:]‖₁=2081.391, γ=90658.032, num_knots=1649
2025-09-07 00:36:52,582 - Iter 30470: obj=-1377.059335, change=1.67e-06, α=1.000, ‖θ[1:]‖₁=2081.390, γ=90658.032, num_knots=1649
2025-09-07 00:36:52,943 - Iter 30480: obj=-1377.059404, change=1.67e-06, α=1.000, ‖θ[1:]‖₁=2081.390, γ=90658.032, num_knots=1649
2025-09-07 00:36:53,311 - Iter 30490: obj=-1377.059473, change=1.67e-06, α=1.000, ‖θ[1:]‖₁=2081.390, γ=90658.032, num_knots=1649
2025-09-07 00:36:53,674 - Iter 30500: obj=-1377.059542, change=1.67e-06, α=1.000, ‖θ[1:]‖₁=2081.390, γ=90658.032, num_knots=1649
2025-09-07 00:36:54,016 - Iter 30510: obj=-1377.059611, change=1.67e-06, α=1.000, ‖θ[1:]‖₁=2081.390, γ=90658.032, num_knots=1649
2025-09-07 00:36:54,383 - Iter 30520: obj=-1377.059680, change=1.67e-06, α=1.000, ‖θ[1:]‖₁=2081.390, γ=90658.032, num_knots=1649
2025-09-07 00:36:54,740 - Iter 30530: obj=-1377.059749, change=1.67e-06, α=1.000, ‖θ[1:]‖₁=2081.389, γ=90658.032, num_knots=1649
2025-09-07 00:36:55,065 - Iter 30540: obj=-1377.059818, change=1.67e-06, α=1.000, ‖θ[1:]‖₁=2081.389, γ=90658.032, num_knots=1649
2025-09-07 00:36:55,394 - Iter 30550: obj=-1377.059887, change=1.67e-06, α=1.000, ‖θ[1:]‖₁=2081.389, γ=90658.032, num_knots=1649
2025-09-07 00:36:55,731 - Iter 30560: obj=-1377.059956, change=1.67e-06, α=1.000, ‖θ[1:]‖₁=2081.389, γ=90658.032, num_knots=1649
2025-09-07 00:36:56,099 - Iter 30570: obj=-1377.060025, change=1.67e-06, α=1.000, ‖θ[1:]‖₁=2081.389, γ=90658.032, num_knots=1649
2025-09-07 00:36:56,462 - Iter 30580: obj=-1377.060094, change=1.67e-06, α=1.000, ‖θ[1:]‖₁=2081.388, γ=90658.032, num_knots=1649
2025-09-07 00:36:56,791 - Iter 30590: obj=-1377.060163, change=1.67e-06, α=1.000, ‖θ[1:]‖₁=2081.388, γ=90658.032, num_knots=1649
2025-09-07 00:36:57,140 - Iter 30600: obj=-1377.060232, change=1.67e-06, α=1.000, ‖θ[1:]‖₁=2081.388, γ=90658.032, num_knots=1649
2025-09-07 00:36:57,512 - Iter 30610: obj=-1377.060301, change=1.67e-06, α=1.000, ‖θ[1:]‖₁=2081.388, γ=90658.032, num_knots=1649
2025-09-07 00:36:57,846 - Iter 30620: obj=-1377.060370, change=1.67e-06, α=1.000, ‖θ[1:]‖₁=2081.388, γ=90658.032, num_knots=1649
2025-09-07 00:36:58,178 - Iter 30630: obj=-1377.060439, change=1.67e-06, α=1.000, ‖θ[1:]‖₁=2081.388, γ=90658.032, num_knots=1648
2025-09-07 00:36:58,605 - Iter 30640: obj=-1377.060508, change=1.67e-06, α=1.000, ‖θ[1:]‖₁=2081.387, γ=90658.032, num_knots=1648
2025-09-07 00:36:59,204 - Iter 30650: obj=-1377.060577, change=1.67e-06, α=1.000, ‖θ[1:]‖₁=2081.387, γ=90658.032, num_knots=1648
2025-09-07 00:36:59,541 - Iter 30660: obj=-1377.060646, change=1.67e-06, α=1.000, ‖θ[1:]‖₁=2081.387, γ=90658.032, num_knots=1648
2025-09-07 00:36:59,891 - Iter 30670: obj=-1377.060715, change=1.67e-06, α=1.000, ‖θ[1:]‖₁=2081.387, γ=90658.032, num_knots=1648
2025-09-07 00:37:00,308 - Iter 30680: obj=-1377.060784, change=1.67e-06, α=1.000, ‖θ[1:]‖₁=2081.387, γ=90658.032, num_knots=1648
2025-09-07 00:37:00,614 - Iter 30690: obj=-1377.060853, change=1.67e-06, α=1.000, ‖θ[1:]‖₁=2081.386, γ=90658.032, num_knots=1648
2025-09-07 00:37:00,957 - Iter 30700: obj=-1377.060921, change=1.67e-06, α=1.000, ‖θ[1:]‖₁=2081.386, γ=90658.032, num_knots=1648
2025-09-07 00:37:01,300 - Iter 30710: obj=-1377.060990, change=1.67e-06, α=1.000, ‖θ[1:]‖₁=2081.386, γ=90658.032, num_knots=1648
2025-09-07 00:37:01,643 - Iter 30720: obj=-1377.061059, change=1.67e-06, α=1.000, ‖θ[1:]‖₁=2081.386, γ=90658.032, num_knots=1648
2025-09-07 00:37:02,000 - Iter 30730: obj=-1377.061128, change=1.67e-06, α=1.000, ‖θ[1:]‖₁=2081.386, γ=90658.032, num_knots=1648
2025-09-07 00:37:02,322 - Iter 30740: obj=-1377.061197, change=1.67e-06, α=1.000, ‖θ[1:]‖₁=2081.386, γ=90658.032, num_knots=1648
2025-09-07 00:37:02,680 - Iter 30750: obj=-1377.061266, change=1.67e-06, α=1.000, ‖θ[1:]‖₁=2081.385, γ=90658.032, num_knots=1648
2025-09-07 00:37:03,035 - Iter 30760: obj=-1377.061335, change=1.67e-06, α=1.000, ‖θ[1:]‖₁=2081.385, γ=90658.032, num_knots=1648
2025-09-07 00:37:03,367 - Iter 30770: obj=-1377.061404, change=1.67e-06, α=1.000, ‖θ[1:]‖₁=2081.385, γ=90658.032, num_knots=1648
2025-09-07 00:37:03,708 - Iter 30780: obj=-1377.061473, change=1.67e-06, α=1.000, ‖θ[1:]‖₁=2081.385, γ=90658.032, num_knots=1648
2025-09-07 00:37:04,034 - Iter 30790: obj=-1377.061542, change=1.67e-06, α=1.000, ‖θ[1:]‖₁=2081.385, γ=90658.032, num_knots=1648
2025-09-07 00:37:04,396 - Iter 30800: obj=-1377.061611, change=1.67e-06, α=1.000, ‖θ[1:]‖₁=2081.385, γ=90658.032, num_knots=1648
2025-09-07 00:37:04,774 - Iter 30810: obj=-1377.061680, change=1.67e-06, α=1.000, ‖θ[1:]‖₁=2081.384, γ=90658.032, num_knots=1648
2025-09-07 00:37:05,151 - Iter 30820: obj=-1377.061749, change=1.67e-06, α=1.000, ‖θ[1:]‖₁=2081.384, γ=90658.032, num_knots=1648
2025-09-07 00:37:05,591 - Iter 30830: obj=-1377.061818, change=1.67e-06, α=1.000, ‖θ[1:]‖₁=2081.384, γ=90658.032, num_knots=1648
2025-09-07 00:37:05,914 - Iter 30840: obj=-1377.061887, change=1.67e-06, α=1.000, ‖θ[1:]‖₁=2081.384, γ=90658.032, num_knots=1648
2025-09-07 00:37:06,256 - Iter 30850: obj=-1377.061955, change=1.67e-06, α=1.000, ‖θ[1:]‖₁=2081.384, γ=90658.032, num_knots=1648
2025-09-07 00:37:06,603 - Iter 30860: obj=-1377.062024, change=1.67e-06, α=1.000, ‖θ[1:]‖₁=2081.384, γ=90658.032, num_knots=1648
2025-09-07 00:37:06,922 - Iter 30870: obj=-1377.062093, change=1.67e-06, α=1.000, ‖θ[1:]‖₁=2081.383, γ=90658.032, num_knots=1648
2025-09-07 00:37:07,266 - Iter 30880: obj=-1377.062162, change=1.67e-06, α=1.000, ‖θ[1:]‖₁=2081.383, γ=90658.032, num_knots=1648
2025-09-07 00:37:07,610 - Iter 30890: obj=-1377.062231, change=1.67e-06, α=1.000, ‖θ[1:]‖₁=2081.383, γ=90658.032, num_knots=1648
2025-09-07 00:37:07,960 - Iter 30900: obj=-1377.062300, change=1.67e-06, α=1.000, ‖θ[1:]‖₁=2081.383, γ=90658.032, num_knots=1648
2025-09-07 00:37:08,313 - Iter 30910: obj=-1377.062369, change=1.67e-06, α=1.000, ‖θ[1:]‖₁=2081.383, γ=90658.032, num_knots=1648
2025-09-07 00:37:08,605 - Iter 30920: obj=-1377.062438, change=1.67e-06, α=1.000, ‖θ[1:]‖₁=2081.382, γ=90658.032, num_knots=1648
2025-09-07 00:37:08,927 - Iter 30930: obj=-1377.062507, change=1.67e-06, α=1.000, ‖θ[1:]‖₁=2081.382, γ=90658.032, num_knots=1648
2025-09-07 00:37:09,274 - Iter 30940: obj=-1377.062576, change=1.67e-06, α=1.000, ‖θ[1:]‖₁=2081.382, γ=90658.032, num_knots=1648
2025-09-07 00:37:09,595 - Iter 30950: obj=-1377.062645, change=1.67e-06, α=1.000, ‖θ[1:]‖₁=2081.382, γ=90658.032, num_knots=1648
2025-09-07 00:37:09,924 - Iter 30960: obj=-1377.062714, change=1.67e-06, α=1.000, ‖θ[1:]‖₁=2081.382, γ=90658.032, num_knots=1648
2025-09-07 00:37:10,277 - Iter 30970: obj=-1377.062783, change=1.67e-06, α=1.000, ‖θ[1:]‖₁=2081.382, γ=90658.032, num_knots=1648
2025-09-07 00:37:10,680 - Iter 30980: obj=-1377.062852, change=1.67e-06, α=1.000, ‖θ[1:]‖₁=2081.381, γ=90658.032, num_knots=1648
2025-09-07 00:37:11,061 - Iter 30990: obj=-1377.062920, change=1.67e-06, α=1.000, ‖θ[1:]‖₁=2081.381, γ=90658.032, num_knots=1648
2025-09-07 00:37:11,393 - Iter 31000: obj=-1377.062989, change=1.67e-06, α=1.000, ‖θ[1:]‖₁=2081.381, γ=90658.032, num_knots=1648
2025-09-07 00:37:11,695 - Iter 31010: obj=-1377.063058, change=1.67e-06, α=1.000, ‖θ[1:]‖₁=2081.381, γ=90658.032, num_knots=1648
2025-09-07 00:37:12,024 - Iter 31020: obj=-1377.063127, change=1.67e-06, α=1.000, ‖θ[1:]‖₁=2081.381, γ=90658.032, num_knots=1648
2025-09-07 00:37:12,379 - Iter 31030: obj=-1377.063196, change=1.67e-06, α=1.000, ‖θ[1:]‖₁=2081.381, γ=90658.032, num_knots=1648
2025-09-07 00:37:12,812 - Iter 31040: obj=-1377.063265, change=1.67e-06, α=1.000, ‖θ[1:]‖₁=2081.380, γ=90658.032, num_knots=1648
2025-09-07 00:37:13,174 - Iter 31050: obj=-1377.063334, change=1.67e-06, α=1.000, ‖θ[1:]‖₁=2081.380, γ=90658.032, num_knots=1648
2025-09-07 00:37:13,547 - Iter 31060: obj=-1377.063403, change=1.67e-06, α=1.000, ‖θ[1:]‖₁=2081.380, γ=90658.032, num_knots=1648
2025-09-07 00:37:13,941 - Iter 31070: obj=-1377.063472, change=1.67e-06, α=1.000, ‖θ[1:]‖₁=2081.380, γ=90658.032, num_knots=1648
2025-09-07 00:37:14,443 - Iter 31080: obj=-1377.063541, change=1.67e-06, α=1.000, ‖θ[1:]‖₁=2081.380, γ=90658.032, num_knots=1648
2025-09-07 00:37:14,780 - Iter 31090: obj=-1377.063610, change=1.67e-06, α=1.000, ‖θ[1:]‖₁=2081.379, γ=90658.032, num_knots=1648
2025-09-07 00:37:15,144 - Iter 31100: obj=-1377.063679, change=1.67e-06, α=1.000, ‖θ[1:]‖₁=2081.379, γ=90658.032, num_knots=1648
2025-09-07 00:37:15,513 - Iter 31110: obj=-1377.063748, change=1.67e-06, α=1.000, ‖θ[1:]‖₁=2081.379, γ=90658.032, num_knots=1648
2025-09-07 00:37:15,814 - Iter 31120: obj=-1377.063817, change=1.67e-06, α=1.000, ‖θ[1:]‖₁=2081.379, γ=90658.032, num_knots=1648
2025-09-07 00:37:16,251 - Iter 31130: obj=-1377.063885, change=1.67e-06, α=1.000, ‖θ[1:]‖₁=2081.379, γ=90658.032, num_knots=1648
2025-09-07 00:37:16,633 - Iter 31140: obj=-1377.063954, change=1.67e-06, α=1.000, ‖θ[1:]‖₁=2081.379, γ=90658.032, num_knots=1648
2025-09-07 00:37:17,014 - Iter 31150: obj=-1377.064023, change=1.67e-06, α=1.000, ‖θ[1:]‖₁=2081.378, γ=90658.032, num_knots=1648
2025-09-07 00:37:17,396 - Iter 31160: obj=-1377.064092, change=1.67e-06, α=1.000, ‖θ[1:]‖₁=2081.378, γ=90658.032, num_knots=1648
2025-09-07 00:37:17,746 - Iter 31170: obj=-1377.064161, change=1.67e-06, α=1.000, ‖θ[1:]‖₁=2081.378, γ=90658.032, num_knots=1648
2025-09-07 00:37:18,075 - Iter 31180: obj=-1377.064230, change=1.67e-06, α=1.000, ‖θ[1:]‖₁=2081.378, γ=90658.032, num_knots=1648
2025-09-07 00:37:18,390 - Iter 31190: obj=-1377.064299, change=1.67e-06, α=1.000, ‖θ[1:]‖₁=2081.378, γ=90658.032, num_knots=1648
2025-09-07 00:37:18,747 - Iter 31200: obj=-1377.064368, change=1.67e-06, α=1.000, ‖θ[1:]‖₁=2081.378, γ=90658.032, num_knots=1648
2025-09-07 00:37:19,072 - Iter 31210: obj=-1377.064437, change=1.67e-06, α=1.000, ‖θ[1:]‖₁=2081.377, γ=90658.032, num_knots=1648
2025-09-07 00:37:19,404 - Iter 31220: obj=-1377.064506, change=1.67e-06, α=1.000, ‖θ[1:]‖₁=2081.377, γ=90658.032, num_knots=1648
2025-09-07 00:37:19,763 - Iter 31230: obj=-1377.064575, change=1.67e-06, α=1.000, ‖θ[1:]‖₁=2081.377, γ=90658.032, num_knots=1648
2025-09-07 00:37:20,109 - Iter 31240: obj=-1377.064644, change=1.67e-06, α=1.000, ‖θ[1:]‖₁=2081.377, γ=90658.032, num_knots=1648
2025-09-07 00:37:20,462 - Iter 31250: obj=-1377.064713, change=1.67e-06, α=1.000, ‖θ[1:]‖₁=2081.377, γ=90658.032, num_knots=1648
2025-09-07 00:37:20,779 - Iter 31260: obj=-1377.064782, change=1.67e-06, α=1.000, ‖θ[1:]‖₁=2081.376, γ=90658.032, num_knots=1648
2025-09-07 00:37:21,097 - Iter 31270: obj=-1377.064850, change=1.67e-06, α=1.000, ‖θ[1:]‖₁=2081.376, γ=90658.032, num_knots=1648
2025-09-07 00:37:21,440 - Iter 31280: obj=-1377.064919, change=1.67e-06, α=1.000, ‖θ[1:]‖₁=2081.376, γ=90658.032, num_knots=1648
2025-09-07 00:37:21,774 - Iter 31290: obj=-1377.064988, change=1.67e-06, α=1.000, ‖θ[1:]‖₁=2081.376, γ=90658.032, num_knots=1648
2025-09-07 00:37:22,117 - Iter 31300: obj=-1377.065057, change=1.67e-06, α=1.000, ‖θ[1:]‖₁=2081.376, γ=90658.032, num_knots=1648
2025-09-07 00:37:22,463 - Iter 31310: obj=-1377.065126, change=1.67e-06, α=1.000, ‖θ[1:]‖₁=2081.376, γ=90658.032, num_knots=1648
2025-09-07 00:37:22,811 - Iter 31320: obj=-1377.065195, change=1.67e-06, α=1.000, ‖θ[1:]‖₁=2081.375, γ=90658.032, num_knots=1648
2025-09-07 00:37:23,143 - Iter 31330: obj=-1377.065264, change=1.67e-06, α=1.000, ‖θ[1:]‖₁=2081.375, γ=90658.032, num_knots=1648
2025-09-07 00:37:23,492 - Iter 31340: obj=-1377.065333, change=1.67e-06, α=1.000, ‖θ[1:]‖₁=2081.375, γ=90658.032, num_knots=1648
2025-09-07 00:37:23,830 - Iter 31350: obj=-1377.065402, change=1.67e-06, α=1.000, ‖θ[1:]‖₁=2081.375, γ=90658.032, num_knots=1648
2025-09-07 00:37:24,237 - Iter 31360: obj=-1377.065471, change=1.67e-06, α=1.000, ‖θ[1:]‖₁=2081.375, γ=90658.032, num_knots=1648
2025-09-07 00:37:24,603 - Iter 31370: obj=-1377.065540, change=1.67e-06, α=1.000, ‖θ[1:]‖₁=2081.375, γ=90658.032, num_knots=1648
2025-09-07 00:37:24,960 - Iter 31380: obj=-1377.065609, change=1.67e-06, α=1.000, ‖θ[1:]‖₁=2081.374, γ=90658.032, num_knots=1648
2025-09-07 00:37:25,282 - Iter 31390: obj=-1377.065678, change=1.67e-06, α=1.000, ‖θ[1:]‖₁=2081.374, γ=90658.032, num_knots=1648
2025-09-07 00:37:25,627 - Iter 31400: obj=-1377.065746, change=1.67e-06, α=1.000, ‖θ[1:]‖₁=2081.374, γ=90658.032, num_knots=1648
2025-09-07 00:37:25,983 - Iter 31410: obj=-1377.065815, change=1.67e-06, α=1.000, ‖θ[1:]‖₁=2081.374, γ=90658.032, num_knots=1648
2025-09-07 00:37:26,329 - Iter 31420: obj=-1377.065884, change=1.67e-06, α=1.000, ‖θ[1:]‖₁=2081.374, γ=90658.032, num_knots=1648
2025-09-07 00:37:26,695 - Iter 31430: obj=-1377.065953, change=1.67e-06, α=1.000, ‖θ[1:]‖₁=2081.374, γ=90658.032, num_knots=1648
2025-09-07 00:37:27,046 - Iter 31440: obj=-1377.066022, change=1.67e-06, α=1.000, ‖θ[1:]‖₁=2081.373, γ=90658.032, num_knots=1648
2025-09-07 00:37:27,408 - Iter 31450: obj=-1377.066091, change=1.67e-06, α=1.000, ‖θ[1:]‖₁=2081.373, γ=90658.032, num_knots=1648
2025-09-07 00:37:27,803 - Iter 31460: obj=-1377.066160, change=1.67e-06, α=1.000, ‖θ[1:]‖₁=2081.373, γ=90658.032, num_knots=1648
2025-09-07 00:37:28,148 - Iter 31470: obj=-1377.066229, change=1.67e-06, α=1.000, ‖θ[1:]‖₁=2081.373, γ=90658.032, num_knots=1648
2025-09-07 00:37:28,445 - Iter 31480: obj=-1377.066298, change=1.67e-06, α=1.000, ‖θ[1:]‖₁=2081.373, γ=90658.032, num_knots=1648
2025-09-07 00:37:28,804 - Iter 31490: obj=-1377.066367, change=1.67e-06, α=1.000, ‖θ[1:]‖₁=2081.372, γ=90658.032, num_knots=1648
2025-09-07 00:37:29,169 - Iter 31500: obj=-1377.066436, change=1.67e-06, α=1.000, ‖θ[1:]‖₁=2081.372, γ=90658.032, num_knots=1648
2025-09-07 00:37:29,495 - Iter 31510: obj=-1377.066505, change=1.67e-06, α=1.000, ‖θ[1:]‖₁=2081.372, γ=90658.032, num_knots=1648
2025-09-07 00:37:29,820 - Iter 31520: obj=-1377.066574, change=1.67e-06, α=1.000, ‖θ[1:]‖₁=2081.372, γ=90658.032, num_knots=1648
2025-09-07 00:37:30,127 - Iter 31530: obj=-1377.066642, change=1.67e-06, α=1.000, ‖θ[1:]‖₁=2081.372, γ=90658.032, num_knots=1648
2025-09-07 00:37:30,434 - Iter 31540: obj=-1377.066711, change=1.67e-06, α=1.000, ‖θ[1:]‖₁=2081.372, γ=90658.032, num_knots=1648
2025-09-07 00:37:30,753 - Iter 31550: obj=-1377.066780, change=1.67e-06, α=1.000, ‖θ[1:]‖₁=2081.371, γ=90658.032, num_knots=1648
2025-09-07 00:37:31,113 - Iter 31560: obj=-1377.066849, change=1.67e-06, α=1.000, ‖θ[1:]‖₁=2081.371, γ=90658.032, num_knots=1648
2025-09-07 00:37:31,431 - Iter 31570: obj=-1377.066918, change=1.67e-06, α=1.000, ‖θ[1:]‖₁=2081.371, γ=90658.032, num_knots=1648
2025-09-07 00:37:31,762 - Iter 31580: obj=-1377.066987, change=1.67e-06, α=1.000, ‖θ[1:]‖₁=2081.371, γ=90658.032, num_knots=1648
2025-09-07 00:37:32,141 - Iter 31590: obj=-1377.067056, change=1.67e-06, α=1.000, ‖θ[1:]‖₁=2081.371, γ=90658.032, num_knots=1648
2025-09-07 00:37:32,502 - Iter 31600: obj=-1377.067125, change=1.67e-06, α=1.000, ‖θ[1:]‖₁=2081.371, γ=90658.032, num_knots=1648
2025-09-07 00:37:32,884 - Iter 31610: obj=-1377.067194, change=1.67e-06, α=1.000, ‖θ[1:]‖₁=2081.370, γ=90658.032, num_knots=1648
2025-09-07 00:37:33,246 - Iter 31620: obj=-1377.067263, change=1.67e-06, α=1.000, ‖θ[1:]‖₁=2081.370, γ=90658.032, num_knots=1648
2025-09-07 00:37:33,612 - Iter 31630: obj=-1377.067332, change=1.67e-06, α=1.000, ‖θ[1:]‖₁=2081.370, γ=90658.032, num_knots=1648
2025-09-07 00:37:33,967 - Iter 31640: obj=-1377.067401, change=1.67e-06, α=1.000, ‖θ[1:]‖₁=2081.370, γ=90658.032, num_knots=1648
2025-09-07 00:37:34,330 - Iter 31650: obj=-1377.067470, change=1.67e-06, α=1.000, ‖θ[1:]‖₁=2081.370, γ=90658.032, num_knots=1648
2025-09-07 00:37:34,803 - Iter 31660: obj=-1377.067538, change=1.67e-06, α=1.000, ‖θ[1:]‖₁=2081.369, γ=90658.032, num_knots=1648
2025-09-07 00:37:35,193 - Iter 31670: obj=-1377.067607, change=1.67e-06, α=1.000, ‖θ[1:]‖₁=2081.369, γ=90658.032, num_knots=1648
2025-09-07 00:37:35,540 - Iter 31680: obj=-1377.067676, change=1.67e-06, α=1.000, ‖θ[1:]‖₁=2081.369, γ=90658.032, num_knots=1648
2025-09-07 00:37:35,861 - Iter 31690: obj=-1377.067745, change=1.67e-06, α=1.000, ‖θ[1:]‖₁=2081.369, γ=90658.032, num_knots=1648
2025-09-07 00:37:36,229 - Iter 31700: obj=-1377.067814, change=1.67e-06, α=1.000, ‖θ[1:]‖₁=2081.369, γ=90658.032, num_knots=1648
2025-09-07 00:37:36,552 - Iter 31710: obj=-1377.067883, change=1.67e-06, α=1.000, ‖θ[1:]‖₁=2081.369, γ=90658.032, num_knots=1648
2025-09-07 00:37:36,884 - Iter 31720: obj=-1377.067952, change=1.67e-06, α=1.000, ‖θ[1:]‖₁=2081.368, γ=90658.032, num_knots=1648
2025-09-07 00:37:37,207 - Iter 31730: obj=-1377.068021, change=1.67e-06, α=1.000, ‖θ[1:]‖₁=2081.368, γ=90658.032, num_knots=1648
2025-09-07 00:37:37,579 - Iter 31740: obj=-1377.068090, change=1.67e-06, α=1.000, ‖θ[1:]‖₁=2081.368, γ=90658.032, num_knots=1648
2025-09-07 00:37:37,948 - Iter 31750: obj=-1377.068159, change=1.67e-06, α=1.000, ‖θ[1:]‖₁=2081.368, γ=90658.032, num_knots=1648
2025-09-07 00:37:38,327 - Iter 31760: obj=-1377.068228, change=1.67e-06, α=1.000, ‖θ[1:]‖₁=2081.368, γ=90658.032, num_knots=1648
2025-09-07 00:37:38,644 - Iter 31770: obj=-1377.068297, change=1.67e-06, α=1.000, ‖θ[1:]‖₁=2081.368, γ=90658.032, num_knots=1648
2025-09-07 00:37:38,973 - Iter 31780: obj=-1377.068365, change=1.67e-06, α=1.000, ‖θ[1:]‖₁=2081.367, γ=90658.032, num_knots=1648
2025-09-07 00:37:39,317 - Iter 31790: obj=-1377.068434, change=1.67e-06, α=1.000, ‖θ[1:]‖₁=2081.367, γ=90658.032, num_knots=1648
2025-09-07 00:37:39,626 - Iter 31800: obj=-1377.068503, change=1.67e-06, α=1.000, ‖θ[1:]‖₁=2081.367, γ=90658.032, num_knots=1648
2025-09-07 00:37:39,998 - Iter 31810: obj=-1377.068572, change=1.67e-06, α=1.000, ‖θ[1:]‖₁=2081.367, γ=90658.032, num_knots=1648
2025-09-07 00:37:40,346 - Iter 31820: obj=-1377.068641, change=1.67e-06, α=1.000, ‖θ[1:]‖₁=2081.367, γ=90658.032, num_knots=1648
2025-09-07 00:37:40,680 - Iter 31830: obj=-1377.068710, change=1.67e-06, α=1.000, ‖θ[1:]‖₁=2081.366, γ=90658.032, num_knots=1648
2025-09-07 00:37:41,025 - Iter 31840: obj=-1377.068779, change=1.67e-06, α=1.000, ‖θ[1:]‖₁=2081.366, γ=90658.032, num_knots=1648
2025-09-07 00:37:41,357 - Iter 31850: obj=-1377.068848, change=1.67e-06, α=1.000, ‖θ[1:]‖₁=2081.366, γ=90658.032, num_knots=1648
2025-09-07 00:37:41,761 - Iter 31860: obj=-1377.068917, change=1.67e-06, α=1.000, ‖θ[1:]‖₁=2081.366, γ=90658.032, num_knots=1648
2025-09-07 00:37:42,194 - Iter 31870: obj=-1377.068986, change=1.67e-06, α=1.000, ‖θ[1:]‖₁=2081.366, γ=90658.032, num_knots=1648
2025-09-07 00:37:42,513 - Iter 31880: obj=-1377.069055, change=1.67e-06, α=1.000, ‖θ[1:]‖₁=2081.366, γ=90658.032, num_knots=1648
2025-09-07 00:37:42,859 - Iter 31890: obj=-1377.069124, change=1.67e-06, α=1.000, ‖θ[1:]‖₁=2081.365, γ=90658.032, num_knots=1648
2025-09-07 00:37:43,207 - Iter 31900: obj=-1377.069193, change=1.67e-06, α=1.000, ‖θ[1:]‖₁=2081.365, γ=90658.032, num_knots=1648
2025-09-07 00:37:43,529 - Iter 31910: obj=-1377.069261, change=1.67e-06, α=1.000, ‖θ[1:]‖₁=2081.365, γ=90658.032, num_knots=1648
2025-09-07 00:37:43,897 - Iter 31920: obj=-1377.069330, change=1.67e-06, α=1.000, ‖θ[1:]‖₁=2081.365, γ=90658.032, num_knots=1648
2025-09-07 00:37:44,198 - Iter 31930: obj=-1377.069399, change=1.67e-06, α=1.000, ‖θ[1:]‖₁=2081.365, γ=90658.032, num_knots=1648
2025-09-07 00:37:44,551 - Iter 31940: obj=-1377.069468, change=1.67e-06, α=1.000, ‖θ[1:]‖₁=2081.365, γ=90658.032, num_knots=1648
2025-09-07 00:37:44,904 - Iter 31950: obj=-1377.069537, change=1.67e-06, α=1.000, ‖θ[1:]‖₁=2081.364, γ=90658.032, num_knots=1648
2025-09-07 00:37:45,277 - Iter 31960: obj=-1377.069606, change=1.67e-06, α=1.000, ‖θ[1:]‖₁=2081.364, γ=90658.032, num_knots=1648
2025-09-07 00:37:45,612 - Iter 31970: obj=-1377.069675, change=1.67e-06, α=1.000, ‖θ[1:]‖₁=2081.364, γ=90658.032, num_knots=1648
2025-09-07 00:37:46,035 - Iter 31980: obj=-1377.069744, change=1.67e-06, α=1.000, ‖θ[1:]‖₁=2081.364, γ=90658.032, num_knots=1648
2025-09-07 00:37:46,366 - Iter 31990: obj=-1377.069813, change=1.67e-06, α=1.000, ‖θ[1:]‖₁=2081.364, γ=90658.032, num_knots=1648
2025-09-07 00:37:46,740 - Iter 32000: obj=-1377.069882, change=1.67e-06, α=1.000, ‖θ[1:]‖₁=2081.363, γ=90658.032, num_knots=1648
2025-09-07 00:37:47,104 - Iter 32010: obj=-1377.069951, change=1.67e-06, α=1.000, ‖θ[1:]‖₁=2081.363, γ=90658.032, num_knots=1648
2025-09-07 00:37:47,434 - Iter 32020: obj=-1377.070020, change=1.67e-06, α=1.000, ‖θ[1:]‖₁=2081.363, γ=90658.032, num_knots=1648
2025-09-07 00:37:47,780 - Iter 32030: obj=-1377.070088, change=1.67e-06, α=1.000, ‖θ[1:]‖₁=2081.363, γ=90658.032, num_knots=1648
2025-09-07 00:37:48,132 - Iter 32040: obj=-1377.070157, change=1.67e-06, α=1.000, ‖θ[1:]‖₁=2081.363, γ=90658.032, num_knots=1648
2025-09-07 00:37:48,472 - Iter 32050: obj=-1377.070226, change=1.67e-06, α=1.000, ‖θ[1:]‖₁=2081.363, γ=90658.032, num_knots=1648
2025-09-07 00:37:48,852 - Iter 32060: obj=-1377.070295, change=1.67e-06, α=1.000, ‖θ[1:]‖₁=2081.362, γ=90658.032, num_knots=1648
2025-09-07 00:37:49,174 - Iter 32070: obj=-1377.070364, change=1.67e-06, α=1.000, ‖θ[1:]‖₁=2081.362, γ=90658.032, num_knots=1648
2025-09-07 00:37:49,530 - Iter 32080: obj=-1377.070433, change=1.67e-06, α=1.000, ‖θ[1:]‖₁=2081.362, γ=90658.032, num_knots=1648
2025-09-07 00:37:49,830 - Iter 32090: obj=-1377.070502, change=1.67e-06, α=1.000, ‖θ[1:]‖₁=2081.362, γ=90658.032, num_knots=1648
2025-09-07 00:37:50,164 - Iter 32100: obj=-1377.070571, change=1.67e-06, α=1.000, ‖θ[1:]‖₁=2081.362, γ=90658.032, num_knots=1648
2025-09-07 00:37:50,540 - Iter 32110: obj=-1377.070640, change=1.67e-06, α=1.000, ‖θ[1:]‖₁=2081.361, γ=90658.032, num_knots=1648
2025-09-07 00:37:50,866 - Iter 32120: obj=-1377.070709, change=1.67e-06, α=1.000, ‖θ[1:]‖₁=2081.361, γ=90658.032, num_knots=1648
2025-09-07 00:37:51,211 - Iter 32130: obj=-1377.070778, change=1.67e-06, α=1.000, ‖θ[1:]‖₁=2081.361, γ=90658.032, num_knots=1648
2025-09-07 00:37:51,539 - Iter 32140: obj=-1377.070847, change=1.67e-06, α=1.000, ‖θ[1:]‖₁=2081.361, γ=90658.032, num_knots=1648
2025-09-07 00:37:51,874 - Iter 32150: obj=-1377.070915, change=1.67e-06, α=1.000, ‖θ[1:]‖₁=2081.361, γ=90658.032, num_knots=1648
2025-09-07 00:37:52,228 - Iter 32160: obj=-1377.070984, change=1.67e-06, α=1.000, ‖θ[1:]‖₁=2081.361, γ=90658.032, num_knots=1648
2025-09-07 00:37:52,636 - Iter 32170: obj=-1377.071053, change=1.67e-06, α=1.000, ‖θ[1:]‖₁=2081.360, γ=90658.032, num_knots=1648
2025-09-07 00:37:53,055 - Iter 32180: obj=-1377.071122, change=1.67e-06, α=1.000, ‖θ[1:]‖₁=2081.360, γ=90658.032, num_knots=1648
2025-09-07 00:37:53,392 - Iter 32190: obj=-1377.071191, change=1.67e-06, α=1.000, ‖θ[1:]‖₁=2081.360, γ=90658.032, num_knots=1648
2025-09-07 00:37:53,765 - Iter 32200: obj=-1377.071260, change=1.67e-06, α=1.000, ‖θ[1:]‖₁=2081.360, γ=90658.032, num_knots=1648
2025-09-07 00:37:54,089 - Iter 32210: obj=-1377.071329, change=1.67e-06, α=1.000, ‖θ[1:]‖₁=2081.360, γ=90658.032, num_knots=1648
2025-09-07 00:37:54,503 - Iter 32220: obj=-1377.071398, change=1.67e-06, α=1.000, ‖θ[1:]‖₁=2081.360, γ=90658.032, num_knots=1648
2025-09-07 00:37:54,834 - Iter 32230: obj=-1377.071467, change=1.67e-06, α=1.000, ‖θ[1:]‖₁=2081.359, γ=90658.032, num_knots=1648
2025-09-07 00:37:55,180 - Iter 32240: obj=-1377.071536, change=1.67e-06, α=1.000, ‖θ[1:]‖₁=2081.359, γ=90658.032, num_knots=1648
2025-09-07 00:37:55,532 - Iter 32250: obj=-1377.071605, change=1.67e-06, α=1.000, ‖θ[1:]‖₁=2081.359, γ=90658.032, num_knots=1648
2025-09-07 00:37:55,876 - Iter 32260: obj=-1377.071674, change=1.67e-06, α=1.000, ‖θ[1:]‖₁=2081.359, γ=90658.032, num_knots=1648
2025-09-07 00:37:56,237 - Iter 32270: obj=-1377.071742, change=1.67e-06, α=1.000, ‖θ[1:]‖₁=2081.359, γ=90658.032, num_knots=1648
2025-09-07 00:37:56,598 - Iter 32280: obj=-1377.071811, change=1.67e-06, α=1.000, ‖θ[1:]‖₁=2081.358, γ=90658.032, num_knots=1648
2025-09-07 00:37:56,911 - Iter 32290: obj=-1377.071880, change=1.67e-06, α=1.000, ‖θ[1:]‖₁=2081.358, γ=90658.032, num_knots=1648
2025-09-07 00:37:57,264 - Iter 32300: obj=-1377.071949, change=1.67e-06, α=1.000, ‖θ[1:]‖₁=2081.358, γ=90658.032, num_knots=1648
2025-09-07 00:37:57,613 - Iter 32310: obj=-1377.072018, change=1.67e-06, α=1.000, ‖θ[1:]‖₁=2081.358, γ=90658.032, num_knots=1648
2025-09-07 00:37:57,973 - Iter 32320: obj=-1377.072087, change=1.67e-06, α=1.000, ‖θ[1:]‖₁=2081.358, γ=90658.032, num_knots=1648
2025-09-07 00:37:58,318 - Iter 32330: obj=-1377.072156, change=1.67e-06, α=1.000, ‖θ[1:]‖₁=2081.358, γ=90658.032, num_knots=1648
2025-09-07 00:37:58,676 - Iter 32340: obj=-1377.072225, change=1.67e-06, α=1.000, ‖θ[1:]‖₁=2081.357, γ=90658.032, num_knots=1648
2025-09-07 00:37:59,018 - Iter 32350: obj=-1377.072294, change=1.67e-06, α=1.000, ‖θ[1:]‖₁=2081.357, γ=90658.032, num_knots=1648
2025-09-07 00:37:59,366 - Iter 32360: obj=-1377.072363, change=1.67e-06, α=1.000, ‖θ[1:]‖₁=2081.357, γ=90658.032, num_knots=1648
2025-09-07 00:37:59,688 - Iter 32370: obj=-1377.072432, change=1.67e-06, α=1.000, ‖θ[1:]‖₁=2081.357, γ=90658.032, num_knots=1648
2025-09-07 00:38:00,016 - Iter 32380: obj=-1377.072500, change=1.67e-06, α=1.000, ‖θ[1:]‖₁=2081.357, γ=90658.032, num_knots=1648
2025-09-07 00:38:00,391 - Iter 32390: obj=-1377.072569, change=1.67e-06, α=1.000, ‖θ[1:]‖₁=2081.357, γ=90658.032, num_knots=1648
2025-09-07 00:38:00,739 - Iter 32400: obj=-1377.072638, change=1.67e-06, α=1.000, ‖θ[1:]‖₁=2081.356, γ=90658.032, num_knots=1648
2025-09-07 00:38:01,093 - Iter 32410: obj=-1377.072707, change=1.67e-06, α=1.000, ‖θ[1:]‖₁=2081.356, γ=90658.032, num_knots=1648
2025-09-07 00:38:01,465 - Iter 32420: obj=-1377.072776, change=1.67e-06, α=1.000, ‖θ[1:]‖₁=2081.356, γ=90658.032, num_knots=1648
2025-09-07 00:38:01,796 - Iter 32430: obj=-1377.072845, change=1.67e-06, α=1.000, ‖θ[1:]‖₁=2081.356, γ=90658.032, num_knots=1648
2025-09-07 00:38:02,131 - Iter 32440: obj=-1377.072914, change=1.67e-06, α=1.000, ‖θ[1:]‖₁=2081.356, γ=90658.032, num_knots=1648
2025-09-07 00:38:02,477 - Iter 32450: obj=-1377.072983, change=1.67e-06, α=1.000, ‖θ[1:]‖₁=2081.355, γ=90658.032, num_knots=1648
2025-09-07 00:38:02,812 - Iter 32460: obj=-1377.073052, change=1.67e-06, α=1.000, ‖θ[1:]‖₁=2081.355, γ=90658.032, num_knots=1648
2025-09-07 00:38:03,139 - Iter 32470: obj=-1377.073121, change=1.67e-06, α=1.000, ‖θ[1:]‖₁=2081.355, γ=90658.032, num_knots=1648
2025-09-07 00:38:03,466 - Iter 32480: obj=-1377.073190, change=1.67e-06, α=1.000, ‖θ[1:]‖₁=2081.355, γ=90658.032, num_knots=1648
2025-09-07 00:38:03,828 - Iter 32490: obj=-1377.073259, change=1.67e-06, α=1.000, ‖θ[1:]‖₁=2081.355, γ=90658.032, num_knots=1648
2025-09-07 00:38:04,205 - Iter 32500: obj=-1377.073327, change=1.67e-06, α=1.000, ‖θ[1:]‖₁=2081.355, γ=90658.032, num_knots=1648
2025-09-07 00:38:04,629 - Iter 32510: obj=-1377.073396, change=1.67e-06, α=1.000, ‖θ[1:]‖₁=2081.354, γ=90658.032, num_knots=1648
2025-09-07 00:38:04,976 - Iter 32520: obj=-1377.073465, change=1.67e-06, α=1.000, ‖θ[1:]‖₁=2081.354, γ=90658.032, num_knots=1648
2025-09-07 00:38:05,286 - Iter 32530: obj=-1377.073534, change=1.67e-06, α=1.000, ‖θ[1:]‖₁=2081.354, γ=90658.032, num_knots=1648
2025-09-07 00:38:05,621 - Iter 32540: obj=-1377.073603, change=1.67e-06, α=1.000, ‖θ[1:]‖₁=2081.354, γ=90658.032, num_knots=1648
2025-09-07 00:38:05,967 - Iter 32550: obj=-1377.073672, change=1.67e-06, α=1.000, ‖θ[1:]‖₁=2081.354, γ=90658.032, num_knots=1648
2025-09-07 00:38:06,339 - Iter 32560: obj=-1377.073741, change=1.67e-06, α=1.000, ‖θ[1:]‖₁=2081.354, γ=90658.032, num_knots=1648
2025-09-07 00:38:06,702 - Iter 32570: obj=-1377.073810, change=1.67e-06, α=1.000, ‖θ[1:]‖₁=2081.353, γ=90658.032, num_knots=1648
2025-09-07 00:38:06,983 - Iter 32580: obj=-1377.073879, change=1.67e-06, α=1.000, ‖θ[1:]‖₁=2081.353, γ=90658.032, num_knots=1648
2025-09-07 00:38:07,360 - Iter 32590: obj=-1377.073948, change=1.67e-06, α=1.000, ‖θ[1:]‖₁=2081.353, γ=90658.032, num_knots=1648
2025-09-07 00:38:07,748 - Iter 32600: obj=-1377.074017, change=1.67e-06, α=1.000, ‖θ[1:]‖₁=2081.353, γ=90658.032, num_knots=1648
2025-09-07 00:38:08,082 - Iter 32610: obj=-1377.074085, change=1.67e-06, α=1.000, ‖θ[1:]‖₁=2081.353, γ=90658.032, num_knots=1648
2025-09-07 00:38:08,440 - Iter 32620: obj=-1377.074154, change=1.67e-06, α=1.000, ‖θ[1:]‖₁=2081.352, γ=90658.032, num_knots=1648
2025-09-07 00:38:08,782 - Iter 32630: obj=-1377.074223, change=1.67e-06, α=1.000, ‖θ[1:]‖₁=2081.352, γ=90658.032, num_knots=1648
2025-09-07 00:38:09,097 - Iter 32640: obj=-1377.074292, change=1.67e-06, α=1.000, ‖θ[1:]‖₁=2081.352, γ=90658.032, num_knots=1648
2025-09-07 00:38:09,431 - Iter 32650: obj=-1377.074361, change=1.67e-06, α=1.000, ‖θ[1:]‖₁=2081.352, γ=90658.032, num_knots=1648
2025-09-07 00:38:09,743 - Iter 32660: obj=-1377.074430, change=1.67e-06, α=1.000, ‖θ[1:]‖₁=2081.352, γ=90658.032, num_knots=1648
2025-09-07 00:38:10,082 - Iter 32670: obj=-1377.074499, change=1.67e-06, α=1.000, ‖θ[1:]‖₁=2081.352, γ=90658.032, num_knots=1648
2025-09-07 00:38:10,431 - Iter 32680: obj=-1377.074568, change=1.67e-06, α=1.000, ‖θ[1:]‖₁=2081.351, γ=90658.032, num_knots=1648
2025-09-07 00:38:10,734 - Iter 32690: obj=-1377.074637, change=1.67e-06, α=1.000, ‖θ[1:]‖₁=2081.351, γ=90658.032, num_knots=1648
2025-09-07 00:38:11,095 - Iter 32700: obj=-1377.074706, change=1.67e-06, α=1.000, ‖θ[1:]‖₁=2081.351, γ=90658.032, num_knots=1648
2025-09-07 00:38:11,409 - Iter 32710: obj=-1377.074775, change=1.67e-06, α=1.000, ‖θ[1:]‖₁=2081.351, γ=90658.032, num_knots=1648
2025-09-07 00:38:11,764 - Iter 32720: obj=-1377.074843, change=1.67e-06, α=1.000, ‖θ[1:]‖₁=2081.351, γ=90658.032, num_knots=1648
2025-09-07 00:38:12,120 - Iter 32730: obj=-1377.074912, change=1.67e-06, α=1.000, ‖θ[1:]‖₁=2081.350, γ=90658.032, num_knots=1648
2025-09-07 00:38:12,459 - Iter 32740: obj=-1377.074981, change=1.67e-06, α=1.000, ‖θ[1:]‖₁=2081.350, γ=90658.032, num_knots=1648
2025-09-07 00:38:12,809 - Iter 32750: obj=-1377.075050, change=1.67e-06, α=1.000, ‖θ[1:]‖₁=2081.350, γ=90658.032, num_knots=1648
2025-09-07 00:38:13,102 - Iter 32760: obj=-1377.075119, change=1.67e-06, α=1.000, ‖θ[1:]‖₁=2081.350, γ=90658.032, num_knots=1648
2025-09-07 00:38:13,440 - Iter 32770: obj=-1377.075188, change=1.67e-06, α=1.000, ‖θ[1:]‖₁=2081.350, γ=90658.032, num_knots=1648
2025-09-07 00:38:13,729 - Iter 32780: obj=-1377.075257, change=1.67e-06, α=1.000, ‖θ[1:]‖₁=2081.350, γ=90658.032, num_knots=1648
2025-09-07 00:38:14,062 - Iter 32790: obj=-1377.075326, change=1.67e-06, α=1.000, ‖θ[1:]‖₁=2081.349, γ=90658.032, num_knots=1648
2025-09-07 00:38:14,396 - Iter 32800: obj=-1377.075395, change=1.67e-06, α=1.000, ‖θ[1:]‖₁=2081.349, γ=90658.032, num_knots=1648
2025-09-07 00:38:14,730 - Iter 32810: obj=-1377.075464, change=1.67e-06, α=1.000, ‖θ[1:]‖₁=2081.349, γ=90658.032, num_knots=1648
2025-09-07 00:38:15,081 - Iter 32820: obj=-1377.075533, change=1.67e-06, α=1.000, ‖θ[1:]‖₁=2081.349, γ=90658.032, num_knots=1648
2025-09-07 00:38:15,391 - Iter 32830: obj=-1377.075601, change=1.67e-06, α=1.000, ‖θ[1:]‖₁=2081.349, γ=90658.032, num_knots=1648
2025-09-07 00:38:15,709 - Iter 32840: obj=-1377.075670, change=1.67e-06, α=1.000, ‖θ[1:]‖₁=2081.349, γ=90658.032, num_knots=1648
2025-09-07 00:38:16,152 - Iter 32850: obj=-1377.075739, change=1.67e-06, α=1.000, ‖θ[1:]‖₁=2081.348, γ=90658.032, num_knots=1648
2025-09-07 00:38:16,462 - Iter 32860: obj=-1377.075808, change=1.67e-06, α=1.000, ‖θ[1:]‖₁=2081.348, γ=90658.032, num_knots=1648
2025-09-07 00:38:16,795 - Iter 32870: obj=-1377.075877, change=1.67e-06, α=1.000, ‖θ[1:]‖₁=2081.348, γ=90658.032, num_knots=1648
2025-09-07 00:38:17,128 - Iter 32880: obj=-1377.075946, change=1.67e-06, α=1.000, ‖θ[1:]‖₁=2081.348, γ=90658.032, num_knots=1648
2025-09-07 00:38:17,500 - Iter 32890: obj=-1377.076015, change=1.67e-06, α=1.000, ‖θ[1:]‖₁=2081.348, γ=90658.032, num_knots=1648
2025-09-07 00:38:17,833 - Iter 32900: obj=-1377.076084, change=1.67e-06, α=1.000, ‖θ[1:]‖₁=2081.347, γ=90658.032, num_knots=1648
2025-09-07 00:38:18,174 - Iter 32910: obj=-1377.076153, change=1.67e-06, α=1.000, ‖θ[1:]‖₁=2081.347, γ=90658.032, num_knots=1648
2025-09-07 00:38:18,535 - Iter 32920: obj=-1377.076222, change=1.67e-06, α=1.000, ‖θ[1:]‖₁=2081.347, γ=90658.032, num_knots=1648
2025-09-07 00:38:18,875 - Iter 32930: obj=-1377.076291, change=1.67e-06, α=1.000, ‖θ[1:]‖₁=2081.347, γ=90658.032, num_knots=1648
2025-09-07 00:38:19,180 - Iter 32940: obj=-1377.076359, change=1.67e-06, α=1.000, ‖θ[1:]‖₁=2081.347, γ=90658.032, num_knots=1648
2025-09-07 00:38:19,535 - Iter 32950: obj=-1377.076428, change=1.67e-06, α=1.000, ‖θ[1:]‖₁=2081.347, γ=90658.032, num_knots=1648
2025-09-07 00:38:19,847 - Iter 32960: obj=-1377.076497, change=1.67e-06, α=1.000, ‖θ[1:]‖₁=2081.346, γ=90658.032, num_knots=1648
2025-09-07 00:38:20,179 - Iter 32970: obj=-1377.076566, change=1.67e-06, α=1.000, ‖θ[1:]‖₁=2081.346, γ=90658.032, num_knots=1648
2025-09-07 00:38:20,474 - Iter 32980: obj=-1377.076635, change=1.67e-06, α=1.000, ‖θ[1:]‖₁=2081.346, γ=90658.032, num_knots=1648
2025-09-07 00:38:20,816 - Iter 32990: obj=-1377.076704, change=1.67e-06, α=1.000, ‖θ[1:]‖₁=2081.346, γ=90658.032, num_knots=1648
2025-09-07 00:38:21,177 - Iter 33000: obj=-1377.076773, change=1.67e-06, α=1.000, ‖θ[1:]‖₁=2081.346, γ=90658.032, num_knots=1648
2025-09-07 00:38:21,497 - Iter 33010: obj=-1377.076842, change=1.67e-06, α=1.000, ‖θ[1:]‖₁=2081.346, γ=90658.032, num_knots=1648
2025-09-07 00:38:21,796 - Iter 33020: obj=-1377.076911, change=1.67e-06, α=1.000, ‖θ[1:]‖₁=2081.345, γ=90658.032, num_knots=1648
2025-09-07 00:38:22,142 - Iter 33030: obj=-1377.076980, change=1.67e-06, α=1.000, ‖θ[1:]‖₁=2081.345, γ=90658.032, num_knots=1648
2025-09-07 00:38:22,480 - Iter 33040: obj=-1377.077048, change=1.67e-06, α=1.000, ‖θ[1:]‖₁=2081.345, γ=90658.032, num_knots=1648
2025-09-07 00:38:22,862 - Iter 33050: obj=-1377.077117, change=1.67e-06, α=1.000, ‖θ[1:]‖₁=2081.345, γ=90658.032, num_knots=1648
2025-09-07 00:38:23,216 - Iter 33060: obj=-1377.077186, change=1.67e-06, α=1.000, ‖θ[1:]‖₁=2081.345, γ=90658.032, num_knots=1648
2025-09-07 00:38:23,561 - Iter 33070: obj=-1377.077255, change=1.67e-06, α=1.000, ‖θ[1:]‖₁=2081.344, γ=90658.032, num_knots=1648
2025-09-07 00:38:23,898 - Iter 33080: obj=-1377.077324, change=1.67e-06, α=1.000, ‖θ[1:]‖₁=2081.344, γ=90658.032, num_knots=1648
2025-09-07 00:38:24,251 - Iter 33090: obj=-1377.077393, change=1.67e-06, α=1.000, ‖θ[1:]‖₁=2081.344, γ=90658.032, num_knots=1648
2025-09-07 00:38:24,600 - Iter 33100: obj=-1377.077462, change=1.67e-06, α=1.000, ‖θ[1:]‖₁=2081.344, γ=90658.032, num_knots=1648
2025-09-07 00:38:24,945 - Iter 33110: obj=-1377.077531, change=1.67e-06, α=1.000, ‖θ[1:]‖₁=2081.344, γ=90658.032, num_knots=1648
2025-09-07 00:38:25,284 - Iter 33120: obj=-1377.077600, change=1.67e-06, α=1.000, ‖θ[1:]‖₁=2081.344, γ=90658.032, num_knots=1648
2025-09-07 00:38:25,633 - Iter 33130: obj=-1377.077669, change=1.67e-06, α=1.000, ‖θ[1:]‖₁=2081.343, γ=90658.032, num_knots=1648
2025-09-07 00:38:25,928 - Iter 33140: obj=-1377.077738, change=1.67e-06, α=1.000, ‖θ[1:]‖₁=2081.343, γ=90658.032, num_knots=1648
2025-09-07 00:38:26,278 - Iter 33150: obj=-1377.077806, change=1.67e-06, α=1.000, ‖θ[1:]‖₁=2081.343, γ=90658.032, num_knots=1648
2025-09-07 00:38:26,619 - Iter 33160: obj=-1377.077875, change=1.67e-06, α=1.000, ‖θ[1:]‖₁=2081.343, γ=90658.032, num_knots=1648
2025-09-07 00:38:26,948 - Iter 33170: obj=-1377.077944, change=1.67e-06, α=1.000, ‖θ[1:]‖₁=2081.343, γ=90658.032, num_knots=1648
2025-09-07 00:38:27,296 - Iter 33180: obj=-1377.078013, change=1.67e-06, α=1.000, ‖θ[1:]‖₁=2081.342, γ=90658.032, num_knots=1648
2025-09-07 00:38:27,633 - Iter 33190: obj=-1377.078082, change=1.67e-06, α=1.000, ‖θ[1:]‖₁=2081.342, γ=90658.032, num_knots=1648
2025-09-07 00:38:28,008 - Iter 33200: obj=-1377.078151, change=1.67e-06, α=1.000, ‖θ[1:]‖₁=2081.342, γ=90658.032, num_knots=1648
2025-09-07 00:38:28,341 - Iter 33210: obj=-1377.078220, change=1.67e-06, α=1.000, ‖θ[1:]‖₁=2081.342, γ=90658.032, num_knots=1648
2025-09-07 00:38:28,671 - Iter 33220: obj=-1377.078289, change=1.67e-06, α=1.000, ‖θ[1:]‖₁=2081.342, γ=90658.032, num_knots=1648
2025-09-07 00:38:29,006 - Iter 33230: obj=-1377.078358, change=1.67e-06, α=1.000, ‖θ[1:]‖₁=2081.342, γ=90658.032, num_knots=1648
2025-09-07 00:38:29,330 - Iter 33240: obj=-1377.078427, change=1.67e-06, α=1.000, ‖θ[1:]‖₁=2081.341, γ=90658.032, num_knots=1648
2025-09-07 00:38:29,675 - Iter 33250: obj=-1377.078495, change=1.67e-06, α=1.000, ‖θ[1:]‖₁=2081.341, γ=90658.032, num_knots=1648
2025-09-07 00:38:30,006 - Iter 33260: obj=-1377.078564, change=1.67e-06, α=1.000, ‖θ[1:]‖₁=2081.341, γ=90658.032, num_knots=1648
2025-09-07 00:38:30,311 - Iter 33270: obj=-1377.078633, change=1.67e-06, α=1.000, ‖θ[1:]‖₁=2081.341, γ=90658.032, num_knots=1648
2025-09-07 00:38:30,672 - Iter 33280: obj=-1377.078702, change=1.67e-06, α=1.000, ‖θ[1:]‖₁=2081.341, γ=90658.032, num_knots=1648
2025-09-07 00:38:31,029 - Iter 33290: obj=-1377.078771, change=1.67e-06, α=1.000, ‖θ[1:]‖₁=2081.341, γ=90658.032, num_knots=1648
2025-09-07 00:38:31,344 - Iter 33300: obj=-1377.078840, change=1.67e-06, α=1.000, ‖θ[1:]‖₁=2081.340, γ=90658.032, num_knots=1648
2025-09-07 00:38:31,675 - Iter 33310: obj=-1377.078909, change=1.67e-06, α=1.000, ‖θ[1:]‖₁=2081.340, γ=90658.032, num_knots=1648
2025-09-07 00:38:31,998 - Iter 33320: obj=-1377.078978, change=1.67e-06, α=1.000, ‖θ[1:]‖₁=2081.340, γ=90658.032, num_knots=1648
2025-09-07 00:38:32,341 - Iter 33330: obj=-1377.079047, change=1.67e-06, α=1.000, ‖θ[1:]‖₁=2081.340, γ=90658.032, num_knots=1648
2025-09-07 00:38:32,774 - Iter 33340: obj=-1377.079116, change=1.67e-06, α=1.000, ‖θ[1:]‖₁=2081.340, γ=90658.032, num_knots=1648
2025-09-07 00:38:33,209 - Iter 33350: obj=-1377.079184, change=1.67e-06, α=1.000, ‖θ[1:]‖₁=2081.339, γ=90658.032, num_knots=1648
2025-09-07 00:38:33,540 - Iter 33360: obj=-1377.079253, change=1.67e-06, α=1.000, ‖θ[1:]‖₁=2081.339, γ=90658.032, num_knots=1648
2025-09-07 00:38:33,842 - Iter 33370: obj=-1377.079322, change=1.67e-06, α=1.000, ‖θ[1:]‖₁=2081.339, γ=90658.032, num_knots=1648
2025-09-07 00:38:34,186 - Iter 33380: obj=-1377.079391, change=1.67e-06, α=1.000, ‖θ[1:]‖₁=2081.339, γ=90658.032, num_knots=1648
2025-09-07 00:38:34,594 - Iter 33390: obj=-1377.079460, change=1.67e-06, α=1.000, ‖θ[1:]‖₁=2081.339, γ=90658.032, num_knots=1648
2025-09-07 00:38:34,891 - Iter 33400: obj=-1377.079529, change=1.67e-06, α=1.000, ‖θ[1:]‖₁=2081.339, γ=90658.032, num_knots=1648
2025-09-07 00:38:35,239 - Iter 33410: obj=-1377.079598, change=1.67e-06, α=1.000, ‖θ[1:]‖₁=2081.338, γ=90658.032, num_knots=1648
2025-09-07 00:38:35,591 - Iter 33420: obj=-1377.079667, change=1.67e-06, α=1.000, ‖θ[1:]‖₁=2081.338, γ=90658.032, num_knots=1648
2025-09-07 00:38:35,909 - Iter 33430: obj=-1377.079736, change=1.67e-06, α=1.000, ‖θ[1:]‖₁=2081.338, γ=90658.032, num_knots=1648
2025-09-07 00:38:36,235 - Iter 33440: obj=-1377.079805, change=1.67e-06, α=1.000, ‖θ[1:]‖₁=2081.338, γ=90658.032, num_knots=1648
2025-09-07 00:38:36,570 - Iter 33450: obj=-1377.079874, change=1.67e-06, α=1.000, ‖θ[1:]‖₁=2081.338, γ=90658.032, num_knots=1648
2025-09-07 00:38:36,911 - Iter 33460: obj=-1377.079942, change=1.67e-06, α=1.000, ‖θ[1:]‖₁=2081.337, γ=90658.032, num_knots=1648
2025-09-07 00:38:37,231 - Iter 33470: obj=-1377.080011, change=1.67e-06, α=1.000, ‖θ[1:]‖₁=2081.337, γ=90658.032, num_knots=1648
2025-09-07 00:38:37,579 - Iter 33480: obj=-1377.080080, change=1.67e-06, α=1.000, ‖θ[1:]‖₁=2081.337, γ=90658.032, num_knots=1648
2025-09-07 00:38:37,911 - Iter 33490: obj=-1377.080149, change=1.67e-06, α=1.000, ‖θ[1:]‖₁=2081.337, γ=90658.032, num_knots=1648
2025-09-07 00:38:38,213 - Iter 33500: obj=-1377.080218, change=1.67e-06, α=1.000, ‖θ[1:]‖₁=2081.337, γ=90658.032, num_knots=1648
2025-09-07 00:38:38,533 - Iter 33510: obj=-1377.080287, change=1.67e-06, α=1.000, ‖θ[1:]‖₁=2081.337, γ=90658.032, num_knots=1648
2025-09-07 00:38:38,880 - Iter 33520: obj=-1377.080356, change=1.67e-06, α=1.000, ‖θ[1:]‖₁=2081.336, γ=90658.032, num_knots=1648
2025-09-07 00:38:39,282 - Iter 33530: obj=-1377.080425, change=1.67e-06, α=1.000, ‖θ[1:]‖₁=2081.336, γ=90658.032, num_knots=1648
2025-09-07 00:38:39,616 - Iter 33540: obj=-1377.080494, change=1.67e-06, α=1.000, ‖θ[1:]‖₁=2081.336, γ=90658.032, num_knots=1648
2025-09-07 00:38:40,033 - Iter 33550: obj=-1377.080563, change=1.67e-06, α=1.000, ‖θ[1:]‖₁=2081.336, γ=90658.032, num_knots=1648
2025-09-07 00:38:40,380 - Iter 33560: obj=-1377.080631, change=1.67e-06, α=1.000, ‖θ[1:]‖₁=2081.336, γ=90658.032, num_knots=1648
2025-09-07 00:38:40,683 - Iter 33570: obj=-1377.080700, change=1.67e-06, α=1.000, ‖θ[1:]‖₁=2081.336, γ=90658.032, num_knots=1648
2025-09-07 00:38:41,005 - Iter 33580: obj=-1377.080769, change=1.67e-06, α=1.000, ‖θ[1:]‖₁=2081.335, γ=90658.032, num_knots=1648
2025-09-07 00:38:41,361 - Iter 33590: obj=-1377.080838, change=1.67e-06, α=1.000, ‖θ[1:]‖₁=2081.335, γ=90658.032, num_knots=1648
2025-09-07 00:38:41,671 - Iter 33600: obj=-1377.080907, change=1.67e-06, α=1.000, ‖θ[1:]‖₁=2081.335, γ=90658.032, num_knots=1648
2025-09-07 00:38:42,016 - Iter 33610: obj=-1377.080976, change=1.67e-06, α=1.000, ‖θ[1:]‖₁=2081.335, γ=90658.032, num_knots=1648
2025-09-07 00:38:42,373 - Iter 33620: obj=-1377.081045, change=1.67e-06, α=1.000, ‖θ[1:]‖₁=2081.335, γ=90658.032, num_knots=1648
2025-09-07 00:38:42,724 - Iter 33630: obj=-1377.081114, change=1.67e-06, α=1.000, ‖θ[1:]‖₁=2081.334, γ=90658.032, num_knots=1648
2025-09-07 00:38:43,109 - Iter 33640: obj=-1377.081183, change=1.67e-06, α=1.000, ‖θ[1:]‖₁=2081.334, γ=90658.032, num_knots=1648
2025-09-07 00:38:43,438 - Iter 33650: obj=-1377.081251, change=1.67e-06, α=1.000, ‖θ[1:]‖₁=2081.334, γ=90658.032, num_knots=1648
2025-09-07 00:38:43,764 - Iter 33660: obj=-1377.081320, change=1.67e-06, α=1.000, ‖θ[1:]‖₁=2081.334, γ=90658.032, num_knots=1648
2025-09-07 00:38:44,093 - Iter 33670: obj=-1377.081389, change=1.67e-06, α=1.000, ‖θ[1:]‖₁=2081.334, γ=90658.032, num_knots=1648
2025-09-07 00:38:44,392 - Iter 33680: obj=-1377.081458, change=1.67e-06, α=1.000, ‖θ[1:]‖₁=2081.334, γ=90658.032, num_knots=1648
2025-09-07 00:38:44,755 - Iter 33690: obj=-1377.081527, change=1.67e-06, α=1.000, ‖θ[1:]‖₁=2081.333, γ=90658.032, num_knots=1648
2025-09-07 00:38:45,118 - Iter 33700: obj=-1377.081596, change=1.67e-06, α=1.000, ‖θ[1:]‖₁=2081.333, γ=90658.032, num_knots=1648
2025-09-07 00:38:45,430 - Iter 33710: obj=-1377.081665, change=1.67e-06, α=1.000, ‖θ[1:]‖₁=2081.333, γ=90658.032, num_knots=1648
2025-09-07 00:38:45,751 - Iter 33720: obj=-1377.081734, change=1.67e-06, α=1.000, ‖θ[1:]‖₁=2081.333, γ=90658.032, num_knots=1648
2025-09-07 00:38:46,171 - Iter 33730: obj=-1377.081803, change=1.67e-06, α=1.000, ‖θ[1:]‖₁=2081.333, γ=90658.032, num_knots=1648
2025-09-07 00:38:46,514 - Iter 33740: obj=-1377.081872, change=1.67e-06, α=1.000, ‖θ[1:]‖₁=2081.332, γ=90658.032, num_knots=1648
2025-09-07 00:38:46,835 - Iter 33750: obj=-1377.081940, change=1.67e-06, α=1.000, ‖θ[1:]‖₁=2081.332, γ=90658.032, num_knots=1648
2025-09-07 00:38:47,176 - Iter 33760: obj=-1377.082009, change=1.67e-06, α=1.000, ‖θ[1:]‖₁=2081.332, γ=90658.032, num_knots=1648
2025-09-07 00:38:47,512 - Iter 33770: obj=-1377.082078, change=1.67e-06, α=1.000, ‖θ[1:]‖₁=2081.332, γ=90658.032, num_knots=1648
2025-09-07 00:38:47,865 - Iter 33780: obj=-1377.082147, change=1.67e-06, α=1.000, ‖θ[1:]‖₁=2081.332, γ=90658.032, num_knots=1648
2025-09-07 00:38:48,191 - Iter 33790: obj=-1377.082216, change=1.67e-06, α=1.000, ‖θ[1:]‖₁=2081.332, γ=90658.032, num_knots=1648
2025-09-07 00:38:48,547 - Iter 33800: obj=-1377.082285, change=1.67e-06, α=1.000, ‖θ[1:]‖₁=2081.331, γ=90658.032, num_knots=1648
2025-09-07 00:38:48,863 - Iter 33810: obj=-1377.082354, change=1.67e-06, α=1.000, ‖θ[1:]‖₁=2081.331, γ=90658.032, num_knots=1648
2025-09-07 00:38:49,230 - Iter 33820: obj=-1377.082423, change=1.67e-06, α=1.000, ‖θ[1:]‖₁=2081.331, γ=90658.032, num_knots=1648
2025-09-07 00:38:49,573 - Iter 33830: obj=-1377.082492, change=1.67e-06, α=1.000, ‖θ[1:]‖₁=2081.331, γ=90658.032, num_knots=1648
2025-09-07 00:38:49,930 - Iter 33840: obj=-1377.082561, change=1.67e-06, α=1.000, ‖θ[1:]‖₁=2081.331, γ=90658.032, num_knots=1648
2025-09-07 00:38:50,344 - Iter 33850: obj=-1377.082629, change=1.67e-06, α=1.000, ‖θ[1:]‖₁=2081.331, γ=90658.032, num_knots=1648
2025-09-07 00:38:50,662 - Iter 33860: obj=-1377.082698, change=1.67e-06, α=1.000, ‖θ[1:]‖₁=2081.330, γ=90658.032, num_knots=1648
2025-09-07 00:38:51,011 - Iter 33870: obj=-1377.082767, change=1.67e-06, α=1.000, ‖θ[1:]‖₁=2081.330, γ=90658.032, num_knots=1648
2025-09-07 00:38:51,372 - Iter 33880: obj=-1377.082836, change=1.67e-06, α=1.000, ‖θ[1:]‖₁=2081.330, γ=90658.032, num_knots=1648
2025-09-07 00:38:51,696 - Iter 33890: obj=-1377.082905, change=1.67e-06, α=1.000, ‖θ[1:]‖₁=2081.330, γ=90658.032, num_knots=1648
2025-09-07 00:38:52,031 - Iter 33900: obj=-1377.082974, change=1.67e-06, α=1.000, ‖θ[1:]‖₁=2081.330, γ=90658.032, num_knots=1648
2025-09-07 00:38:52,368 - Iter 33910: obj=-1377.083043, change=1.67e-06, α=1.000, ‖θ[1:]‖₁=2081.329, γ=90658.032, num_knots=1648
2025-09-07 00:38:52,697 - Iter 33920: obj=-1377.083112, change=1.67e-06, α=1.000, ‖θ[1:]‖₁=2081.329, γ=90658.032, num_knots=1648
2025-09-07 00:38:53,014 - Iter 33930: obj=-1377.083181, change=1.67e-06, α=1.000, ‖θ[1:]‖₁=2081.329, γ=90658.032, num_knots=1648
2025-09-07 00:38:53,329 - Iter 33940: obj=-1377.083250, change=1.67e-06, α=1.000, ‖θ[1:]‖₁=2081.329, γ=90658.032, num_knots=1648
2025-09-07 00:38:53,641 - Iter 33950: obj=-1377.083318, change=1.67e-06, α=1.000, ‖θ[1:]‖₁=2081.329, γ=90658.032, num_knots=1648
2025-09-07 00:38:53,976 - Iter 33960: obj=-1377.083387, change=1.67e-06, α=1.000, ‖θ[1:]‖₁=2081.329, γ=90658.032, num_knots=1648
2025-09-07 00:38:54,390 - Iter 33970: obj=-1377.083456, change=1.67e-06, α=1.000, ‖θ[1:]‖₁=2081.328, γ=90658.032, num_knots=1648
2025-09-07 00:38:54,768 - Iter 33980: obj=-1377.083525, change=1.67e-06, α=1.000, ‖θ[1:]‖₁=2081.328, γ=90658.032, num_knots=1648
2025-09-07 00:38:55,109 - Iter 33990: obj=-1377.083594, change=1.67e-06, α=1.000, ‖θ[1:]‖₁=2081.328, γ=90658.032, num_knots=1648
2025-09-07 00:38:55,463 - Iter 34000: obj=-1377.083663, change=1.67e-06, α=1.000, ‖θ[1:]‖₁=2081.328, γ=90658.032, num_knots=1648
2025-09-07 00:38:55,807 - Iter 34010: obj=-1377.083732, change=1.67e-06, α=1.000, ‖θ[1:]‖₁=2081.328, γ=90658.032, num_knots=1648
2025-09-07 00:38:56,140 - Iter 34020: obj=-1377.083801, change=1.67e-06, α=1.000, ‖θ[1:]‖₁=2081.327, γ=90658.032, num_knots=1648
2025-09-07 00:38:56,463 - Iter 34030: obj=-1377.083870, change=1.67e-06, α=1.000, ‖θ[1:]‖₁=2081.327, γ=90658.032, num_knots=1648
2025-09-07 00:38:56,789 - Iter 34040: obj=-1377.083938, change=1.67e-06, α=1.000, ‖θ[1:]‖₁=2081.327, γ=90658.032, num_knots=1648
2025-09-07 00:38:57,161 - Iter 34050: obj=-1377.084007, change=1.67e-06, α=1.000, ‖θ[1:]‖₁=2081.327, γ=90658.032, num_knots=1648
2025-09-07 00:38:57,525 - Iter 34060: obj=-1377.084076, change=1.67e-06, α=1.000, ‖θ[1:]‖₁=2081.327, γ=90658.032, num_knots=1648
2025-09-07 00:38:57,875 - Iter 34070: obj=-1377.084145, change=1.67e-06, α=1.000, ‖θ[1:]‖₁=2081.327, γ=90658.032, num_knots=1648
2025-09-07 00:38:58,225 - Iter 34080: obj=-1377.084214, change=1.67e-06, α=1.000, ‖θ[1:]‖₁=2081.326, γ=90658.032, num_knots=1648
2025-09-07 00:38:58,693 - Iter 34090: obj=-1377.084283, change=1.67e-06, α=1.000, ‖θ[1:]‖₁=2081.326, γ=90658.032, num_knots=1648
2025-09-07 00:38:59,268 - Iter 34100: obj=-1377.084352, change=1.67e-06, α=1.000, ‖θ[1:]‖₁=2081.326, γ=90658.032, num_knots=1648
2025-09-07 00:38:59,612 - Iter 34110: obj=-1377.084421, change=1.67e-06, α=1.000, ‖θ[1:]‖₁=2081.326, γ=90658.032, num_knots=1648
2025-09-07 00:38:59,968 - Iter 34120: obj=-1377.084490, change=1.67e-06, α=1.000, ‖θ[1:]‖₁=2081.326, γ=90658.032, num_knots=1648
2025-09-07 00:39:00,344 - Iter 34130: obj=-1377.084558, change=1.67e-06, α=1.000, ‖θ[1:]‖₁=2081.325, γ=90658.032, num_knots=1648
2025-09-07 00:39:00,708 - Iter 34140: obj=-1377.084627, change=1.67e-06, α=1.000, ‖θ[1:]‖₁=2081.325, γ=90658.032, num_knots=1648
2025-09-07 00:39:01,040 - Iter 34150: obj=-1377.084696, change=1.67e-06, α=1.000, ‖θ[1:]‖₁=2081.325, γ=90658.032, num_knots=1648
2025-09-07 00:39:01,413 - Iter 34160: obj=-1377.084765, change=1.67e-06, α=1.000, ‖θ[1:]‖₁=2081.325, γ=90658.032, num_knots=1648
2025-09-07 00:39:01,728 - Iter 34170: obj=-1377.084834, change=1.67e-06, α=1.000, ‖θ[1:]‖₁=2081.325, γ=90658.032, num_knots=1648
2025-09-07 00:39:02,066 - Iter 34180: obj=-1377.084903, change=1.67e-06, α=1.000, ‖θ[1:]‖₁=2081.325, γ=90658.032, num_knots=1648
2025-09-07 00:39:02,430 - Iter 34190: obj=-1377.084972, change=1.67e-06, α=1.000, ‖θ[1:]‖₁=2081.324, γ=90658.032, num_knots=1648
2025-09-07 00:39:02,811 - Iter 34200: obj=-1377.085041, change=1.67e-06, α=1.000, ‖θ[1:]‖₁=2081.324, γ=90658.032, num_knots=1648
2025-09-07 00:39:03,144 - Iter 34210: obj=-1377.085110, change=1.67e-06, α=1.000, ‖θ[1:]‖₁=2081.324, γ=90658.032, num_knots=1648
2025-09-07 00:39:03,473 - Iter 34220: obj=-1377.085179, change=1.67e-06, α=1.000, ‖θ[1:]‖₁=2081.324, γ=90658.032, num_knots=1648
2025-09-07 00:39:03,795 - Iter 34230: obj=-1377.085247, change=1.67e-06, α=1.000, ‖θ[1:]‖₁=2081.324, γ=90658.032, num_knots=1648
2025-09-07 00:39:04,137 - Iter 34240: obj=-1377.085316, change=1.67e-06, α=1.000, ‖θ[1:]‖₁=2081.324, γ=90658.032, num_knots=1648
2025-09-07 00:39:04,513 - Iter 34250: obj=-1377.085385, change=1.67e-06, α=1.000, ‖θ[1:]‖₁=2081.323, γ=90658.032, num_knots=1648
2025-09-07 00:39:04,829 - Iter 34260: obj=-1377.085454, change=1.67e-06, α=1.000, ‖θ[1:]‖₁=2081.323, γ=90658.032, num_knots=1648
2025-09-07 00:39:05,160 - Iter 34270: obj=-1377.085523, change=1.67e-06, α=1.000, ‖θ[1:]‖₁=2081.323, γ=90658.032, num_knots=1648
2025-09-07 00:39:05,511 - Iter 34280: obj=-1377.085592, change=1.67e-06, α=1.000, ‖θ[1:]‖₁=2081.323, γ=90658.032, num_knots=1648
2025-09-07 00:39:05,823 - Iter 34290: obj=-1377.085661, change=1.67e-06, α=1.000, ‖θ[1:]‖₁=2081.323, γ=90658.032, num_knots=1648
2025-09-07 00:39:06,185 - Iter 34300: obj=-1377.085730, change=1.67e-06, α=1.000, ‖θ[1:]‖₁=2081.322, γ=90658.032, num_knots=1648
2025-09-07 00:39:06,513 - Iter 34310: obj=-1377.085799, change=1.67e-06, α=1.000, ‖θ[1:]‖₁=2081.322, γ=90658.032, num_knots=1648
2025-09-07 00:39:06,827 - Iter 34320: obj=-1377.085867, change=1.67e-06, α=1.000, ‖θ[1:]‖₁=2081.322, γ=90658.032, num_knots=1648
2025-09-07 00:39:07,161 - Iter 34330: obj=-1377.085936, change=1.67e-06, α=1.000, ‖θ[1:]‖₁=2081.322, γ=90658.032, num_knots=1648
2025-09-07 00:39:07,517 - Iter 34340: obj=-1377.086005, change=1.67e-06, α=1.000, ‖θ[1:]‖₁=2081.322, γ=90658.032, num_knots=1648
2025-09-07 00:39:07,911 - Iter 34350: obj=-1377.086074, change=1.67e-06, α=1.000, ‖θ[1:]‖₁=2081.322, γ=90658.032, num_knots=1648
2025-09-07 00:39:08,338 - Iter 34360: obj=-1377.086143, change=1.67e-06, α=1.000, ‖θ[1:]‖₁=2081.321, γ=90658.032, num_knots=1648
2025-09-07 00:39:08,717 - Iter 34370: obj=-1377.086212, change=1.67e-06, α=1.000, ‖θ[1:]‖₁=2081.321, γ=90658.032, num_knots=1648
2025-09-07 00:39:09,029 - Iter 34380: obj=-1377.086281, change=1.67e-06, α=1.000, ‖θ[1:]‖₁=2081.321, γ=90658.032, num_knots=1648
2025-09-07 00:39:09,398 - Iter 34390: obj=-1377.086350, change=1.67e-06, α=1.000, ‖θ[1:]‖₁=2081.321, γ=90658.032, num_knots=1648
2025-09-07 00:39:09,714 - Iter 34400: obj=-1377.086419, change=1.67e-06, α=1.000, ‖θ[1:]‖₁=2081.321, γ=90658.032, num_knots=1648
2025-09-07 00:39:10,022 - Iter 34410: obj=-1377.086487, change=1.67e-06, α=1.000, ‖θ[1:]‖₁=2081.320, γ=90658.032, num_knots=1648
2025-09-07 00:39:10,370 - Iter 34420: obj=-1377.086556, change=1.67e-06, α=1.000, ‖θ[1:]‖₁=2081.320, γ=90658.032, num_knots=1648
2025-09-07 00:39:10,741 - Iter 34430: obj=-1377.086625, change=1.67e-06, α=1.000, ‖θ[1:]‖₁=2081.320, γ=90658.032, num_knots=1648
2025-09-07 00:39:11,039 - Iter 34440: obj=-1377.086694, change=1.67e-06, α=1.000, ‖θ[1:]‖₁=2081.320, γ=90658.032, num_knots=1648
2025-09-07 00:39:11,403 - Iter 34450: obj=-1377.086763, change=1.67e-06, α=1.000, ‖θ[1:]‖₁=2081.320, γ=90658.032, num_knots=1648
2025-09-07 00:39:11,741 - Iter 34460: obj=-1377.086832, change=1.67e-06, α=1.000, ‖θ[1:]‖₁=2081.320, γ=90658.032, num_knots=1648
2025-09-07 00:39:12,065 - Iter 34470: obj=-1377.086901, change=1.67e-06, α=1.000, ‖θ[1:]‖₁=2081.319, γ=90658.032, num_knots=1648
2025-09-07 00:39:12,434 - Iter 34480: obj=-1377.086970, change=1.67e-06, α=1.000, ‖θ[1:]‖₁=2081.319, γ=90658.032, num_knots=1648
2025-09-07 00:39:12,829 - Iter 34490: obj=-1377.087039, change=1.67e-06, α=1.000, ‖θ[1:]‖₁=2081.319, γ=90658.032, num_knots=1648
2025-09-07 00:39:13,168 - Iter 34500: obj=-1377.087107, change=1.67e-06, α=1.000, ‖θ[1:]‖₁=2081.319, γ=90658.032, num_knots=1648
2025-09-07 00:39:13,478 - Iter 34510: obj=-1377.087176, change=1.67e-06, α=1.000, ‖θ[1:]‖₁=2081.319, γ=90658.032, num_knots=1648
2025-09-07 00:39:13,800 - Iter 34520: obj=-1377.087245, change=1.67e-06, α=1.000, ‖θ[1:]‖₁=2081.318, γ=90658.032, num_knots=1648
2025-09-07 00:39:14,128 - Iter 34530: obj=-1377.087314, change=1.67e-06, α=1.000, ‖θ[1:]‖₁=2081.318, γ=90658.032, num_knots=1648
2025-09-07 00:39:14,459 - Iter 34540: obj=-1377.087383, change=1.67e-06, α=1.000, ‖θ[1:]‖₁=2081.318, γ=90658.032, num_knots=1648
2025-09-07 00:39:14,801 - Iter 34550: obj=-1377.087452, change=1.67e-06, α=1.000, ‖θ[1:]‖₁=2081.318, γ=90658.032, num_knots=1648
2025-09-07 00:39:15,152 - Iter 34560: obj=-1377.087521, change=1.67e-06, α=1.000, ‖θ[1:]‖₁=2081.318, γ=90658.032, num_knots=1648
2025-09-07 00:39:15,515 - Iter 34570: obj=-1377.087590, change=1.67e-06, α=1.000, ‖θ[1:]‖₁=2081.318, γ=90658.032, num_knots=1648
2025-09-07 00:39:15,883 - Iter 34580: obj=-1377.087659, change=1.67e-06, α=1.000, ‖θ[1:]‖₁=2081.317, γ=90658.032, num_knots=1648
2025-09-07 00:39:16,227 - Iter 34590: obj=-1377.087727, change=1.67e-06, α=1.000, ‖θ[1:]‖₁=2081.317, γ=90658.032, num_knots=1648
2025-09-07 00:39:16,557 - Iter 34600: obj=-1377.087796, change=1.67e-06, α=1.000, ‖θ[1:]‖₁=2081.317, γ=90658.032, num_knots=1648
2025-09-07 00:39:16,859 - Iter 34610: obj=-1377.087865, change=1.67e-06, α=1.000, ‖θ[1:]‖₁=2081.317, γ=90658.032, num_knots=1648
2025-09-07 00:39:17,194 - Iter 34620: obj=-1377.087934, change=1.67e-06, α=1.000, ‖θ[1:]‖₁=2081.317, γ=90658.032, num_knots=1648
2025-09-07 00:39:17,544 - Iter 34630: obj=-1377.088003, change=1.67e-06, α=1.000, ‖θ[1:]‖₁=2081.317, γ=90658.032, num_knots=1648
2025-09-07 00:39:17,880 - Iter 34640: obj=-1377.088072, change=1.67e-06, α=1.000, ‖θ[1:]‖₁=2081.316, γ=90658.032, num_knots=1648
2025-09-07 00:39:18,193 - Iter 34650: obj=-1377.088141, change=1.67e-06, α=1.000, ‖θ[1:]‖₁=2081.316, γ=90658.032, num_knots=1648
2025-09-07 00:39:18,555 - Iter 34660: obj=-1377.088210, change=1.67e-06, α=1.000, ‖θ[1:]‖₁=2081.316, γ=90658.032, num_knots=1648
2025-09-07 00:39:18,896 - Iter 34670: obj=-1377.088279, change=1.67e-06, α=1.000, ‖θ[1:]‖₁=2081.316, γ=90658.032, num_knots=1648
2025-09-07 00:39:19,246 - Iter 34680: obj=-1377.088347, change=1.67e-06, α=1.000, ‖θ[1:]‖₁=2081.316, γ=90658.032, num_knots=1648
2025-09-07 00:39:19,601 - Iter 34690: obj=-1377.088416, change=1.67e-06, α=1.000, ‖θ[1:]‖₁=2081.315, γ=90658.032, num_knots=1648
2025-09-07 00:39:19,945 - Iter 34700: obj=-1377.088485, change=1.67e-06, α=1.000, ‖θ[1:]‖₁=2081.315, γ=90658.032, num_knots=1648
2025-09-07 00:39:20,278 - Iter 34710: obj=-1377.088554, change=1.67e-06, α=1.000, ‖θ[1:]‖₁=2081.315, γ=90658.032, num_knots=1648
2025-09-07 00:39:20,594 - Iter 34720: obj=-1377.088623, change=1.67e-06, α=1.000, ‖θ[1:]‖₁=2081.315, γ=90658.032, num_knots=1648
2025-09-07 00:39:21,032 - Iter 34730: obj=-1377.088692, change=1.67e-06, α=1.000, ‖θ[1:]‖₁=2081.315, γ=90658.032, num_knots=1648
2025-09-07 00:39:21,416 - Iter 34740: obj=-1377.088761, change=1.67e-06, α=1.000, ‖θ[1:]‖₁=2081.315, γ=90658.032, num_knots=1648
2025-09-07 00:39:21,724 - Iter 34750: obj=-1377.088830, change=1.67e-06, α=1.000, ‖θ[1:]‖₁=2081.314, γ=90658.032, num_knots=1648
2025-09-07 00:39:22,036 - Iter 34760: obj=-1377.088899, change=1.67e-06, α=1.000, ‖θ[1:]‖₁=2081.314, γ=90658.032, num_knots=1648
2025-09-07 00:39:22,367 - Iter 34770: obj=-1377.088967, change=1.67e-06, α=1.000, ‖θ[1:]‖₁=2081.314, γ=90658.032, num_knots=1648
2025-09-07 00:39:22,716 - Iter 34780: obj=-1377.089036, change=1.67e-06, α=1.000, ‖θ[1:]‖₁=2081.314, γ=90658.032, num_knots=1648
2025-09-07 00:39:23,033 - Iter 34790: obj=-1377.089105, change=1.67e-06, α=1.000, ‖θ[1:]‖₁=2081.314, γ=90658.032, num_knots=1648
2025-09-07 00:39:23,382 - Iter 34800: obj=-1377.089174, change=1.67e-06, α=1.000, ‖θ[1:]‖₁=2081.313, γ=90658.032, num_knots=1648
2025-09-07 00:39:23,744 - Iter 34810: obj=-1377.089243, change=1.67e-06, α=1.000, ‖θ[1:]‖₁=2081.313, γ=90658.032, num_knots=1648
2025-09-07 00:39:24,095 - Iter 34820: obj=-1377.089312, change=1.68e-06, α=1.000, ‖θ[1:]‖₁=2081.313, γ=90658.032, num_knots=1648
2025-09-07 00:39:24,411 - Iter 34830: obj=-1377.089381, change=1.68e-06, α=1.000, ‖θ[1:]‖₁=2081.313, γ=90658.032, num_knots=1648
2025-09-07 00:39:24,765 - Iter 34840: obj=-1377.089450, change=1.68e-06, α=1.000, ‖θ[1:]‖₁=2081.313, γ=90658.032, num_knots=1648
2025-09-07 00:39:25,161 - Iter 34850: obj=-1377.089519, change=1.68e-06, α=1.000, ‖θ[1:]‖₁=2081.313, γ=90658.032, num_knots=1648
2025-09-07 00:39:25,509 - Iter 34860: obj=-1377.089587, change=1.68e-06, α=1.000, ‖θ[1:]‖₁=2081.312, γ=90658.032, num_knots=1648
2025-09-07 00:39:25,844 - Iter 34870: obj=-1377.089656, change=1.68e-06, α=1.000, ‖θ[1:]‖₁=2081.312, γ=90658.032, num_knots=1648
2025-09-07 00:39:26,227 - Iter 34880: obj=-1377.089725, change=1.68e-06, α=1.000, ‖θ[1:]‖₁=2081.312, γ=90658.032, num_knots=1648
2025-09-07 00:39:26,576 - Iter 34890: obj=-1377.089794, change=1.68e-06, α=1.000, ‖θ[1:]‖₁=2081.312, γ=90658.032, num_knots=1648
2025-09-07 00:39:26,948 - Iter 34900: obj=-1377.089863, change=1.68e-06, α=1.000, ‖θ[1:]‖₁=2081.312, γ=90658.032, num_knots=1648
2025-09-07 00:39:27,265 - Iter 34910: obj=-1377.089932, change=1.68e-06, α=1.000, ‖θ[1:]‖₁=2081.311, γ=90658.032, num_knots=1648
2025-09-07 00:39:27,613 - Iter 34920: obj=-1377.090001, change=1.68e-06, α=1.000, ‖θ[1:]‖₁=2081.311, γ=90658.032, num_knots=1648
2025-09-07 00:39:27,930 - Iter 34930: obj=-1377.090070, change=1.68e-06, α=1.000, ‖θ[1:]‖₁=2081.311, γ=90658.032, num_knots=1648
2025-09-07 00:39:28,280 - Iter 34940: obj=-1377.090138, change=1.68e-06, α=1.000, ‖θ[1:]‖₁=2081.311, γ=90658.032, num_knots=1648
2025-09-07 00:39:28,645 - Iter 34950: obj=-1377.090207, change=1.68e-06, α=1.000, ‖θ[1:]‖₁=2081.311, γ=90658.032, num_knots=1648
2025-09-07 00:39:28,980 - Iter 34960: obj=-1377.090276, change=1.68e-06, α=1.000, ‖θ[1:]‖₁=2081.311, γ=90658.032, num_knots=1648
2025-09-07 00:39:29,315 - Iter 34970: obj=-1377.090345, change=1.68e-06, α=1.000, ‖θ[1:]‖₁=2081.310, γ=90658.032, num_knots=1648
2025-09-07 00:39:29,657 - Iter 34980: obj=-1377.090414, change=1.68e-06, α=1.000, ‖θ[1:]‖₁=2081.310, γ=90658.032, num_knots=1648
2025-09-07 00:39:30,004 - Iter 34990: obj=-1377.090483, change=1.68e-06, α=1.000, ‖θ[1:]‖₁=2081.310, γ=90658.032, num_knots=1648
2025-09-07 00:39:30,314 - Iter 35000: obj=-1377.090552, change=1.68e-06, α=1.000, ‖θ[1:]‖₁=2081.310, γ=90658.032, num_knots=1648
2025-09-07 00:39:30,647 - Iter 35010: obj=-1377.090621, change=1.68e-06, α=1.000, ‖θ[1:]‖₁=2081.310, γ=90658.032, num_knots=1648
2025-09-07 00:39:30,991 - Iter 35020: obj=-1377.090690, change=1.68e-06, α=1.000, ‖θ[1:]‖₁=2081.309, γ=90658.032, num_knots=1648
2025-09-07 00:39:31,342 - Iter 35030: obj=-1377.090758, change=1.68e-06, α=1.000, ‖θ[1:]‖₁=2081.309, γ=90658.032, num_knots=1648
2025-09-07 00:39:31,696 - Iter 35040: obj=-1377.090827, change=1.68e-06, α=1.000, ‖θ[1:]‖₁=2081.309, γ=90658.032, num_knots=1648
2025-09-07 00:39:32,058 - Iter 35050: obj=-1377.090896, change=1.68e-06, α=1.000, ‖θ[1:]‖₁=2081.309, γ=90658.032, num_knots=1648
2025-09-07 00:39:32,365 - Iter 35060: obj=-1377.090965, change=1.68e-06, α=1.000, ‖θ[1:]‖₁=2081.309, γ=90658.032, num_knots=1648
2025-09-07 00:39:32,715 - Iter 35070: obj=-1377.091034, change=1.68e-06, α=1.000, ‖θ[1:]‖₁=2081.309, γ=90658.032, num_knots=1648
2025-09-07 00:39:33,068 - Iter 35080: obj=-1377.091103, change=1.68e-06, α=1.000, ‖θ[1:]‖₁=2081.308, γ=90658.032, num_knots=1648
2025-09-07 00:39:33,382 - Iter 35090: obj=-1377.091172, change=1.68e-06, α=1.000, ‖θ[1:]‖₁=2081.308, γ=90658.032, num_knots=1648
2025-09-07 00:39:33,735 - Iter 35100: obj=-1377.091241, change=1.68e-06, α=1.000, ‖θ[1:]‖₁=2081.308, γ=90658.032, num_knots=1648
2025-09-07 00:39:34,080 - Iter 35110: obj=-1377.091309, change=1.68e-06, α=1.000, ‖θ[1:]‖₁=2081.308, γ=90658.032, num_knots=1648
2025-09-07 00:39:34,420 - Iter 35120: obj=-1377.091378, change=1.68e-06, α=1.000, ‖θ[1:]‖₁=2081.308, γ=90658.032, num_knots=1648
2025-09-07 00:39:34,744 - Iter 35130: obj=-1377.091447, change=1.68e-06, α=1.000, ‖θ[1:]‖₁=2081.308, γ=90658.032, num_knots=1648
2025-09-07 00:39:35,098 - Iter 35140: obj=-1377.091516, change=1.68e-06, α=1.000, ‖θ[1:]‖₁=2081.307, γ=90658.032, num_knots=1648
2025-09-07 00:39:35,418 - Iter 35150: obj=-1377.091585, change=1.68e-06, α=1.000, ‖θ[1:]‖₁=2081.307, γ=90658.032, num_knots=1648
2025-09-07 00:39:35,761 - Iter 35160: obj=-1377.091654, change=1.68e-06, α=1.000, ‖θ[1:]‖₁=2081.307, γ=90658.032, num_knots=1648
2025-09-07 00:39:36,131 - Iter 35170: obj=-1377.091723, change=1.68e-06, α=1.000, ‖θ[1:]‖₁=2081.307, γ=90658.032, num_knots=1648
2025-09-07 00:39:36,543 - Iter 35180: obj=-1377.091792, change=1.68e-06, α=1.000, ‖θ[1:]‖₁=2081.307, γ=90658.032, num_knots=1648
2025-09-07 00:39:36,898 - Iter 35190: obj=-1377.091861, change=1.68e-06, α=1.000, ‖θ[1:]‖₁=2081.306, γ=90658.032, num_knots=1648
2025-09-07 00:39:37,264 - Iter 35200: obj=-1377.091929, change=1.68e-06, α=1.000, ‖θ[1:]‖₁=2081.306, γ=90658.032, num_knots=1648
2025-09-07 00:39:37,563 - Iter 35210: obj=-1377.091998, change=1.68e-06, α=1.000, ‖θ[1:]‖₁=2081.306, γ=90658.032, num_knots=1648
2025-09-07 00:39:37,913 - Iter 35220: obj=-1377.092067, change=1.68e-06, α=1.000, ‖θ[1:]‖₁=2081.306, γ=90658.032, num_knots=1648
2025-09-07 00:39:38,279 - Iter 35230: obj=-1377.092136, change=1.68e-06, α=1.000, ‖θ[1:]‖₁=2081.306, γ=90658.032, num_knots=1648
2025-09-07 00:39:38,614 - Iter 35240: obj=-1377.092205, change=1.68e-06, α=1.000, ‖θ[1:]‖₁=2081.306, γ=90658.032, num_knots=1648
2025-09-07 00:39:38,932 - Iter 35250: obj=-1377.092274, change=1.68e-06, α=1.000, ‖θ[1:]‖₁=2081.305, γ=90658.032, num_knots=1648
2025-09-07 00:39:39,279 - Iter 35260: obj=-1377.092343, change=1.68e-06, α=1.000, ‖θ[1:]‖₁=2081.305, γ=90658.032, num_knots=1648
2025-09-07 00:39:39,574 - Iter 35270: obj=-1377.092412, change=1.68e-06, α=1.000, ‖θ[1:]‖₁=2081.305, γ=90658.032, num_knots=1648
2025-09-07 00:39:39,995 - Iter 35280: obj=-1377.092480, change=1.68e-06, α=1.000, ‖θ[1:]‖₁=2081.305, γ=90658.032, num_knots=1648
2025-09-07 00:39:40,383 - Iter 35290: obj=-1377.092549, change=1.68e-06, α=1.000, ‖θ[1:]‖₁=2081.305, γ=90658.032, num_knots=1648
2025-09-07 00:39:40,701 - Iter 35300: obj=-1377.092618, change=1.68e-06, α=1.000, ‖θ[1:]‖₁=2081.304, γ=90658.032, num_knots=1648
2025-09-07 00:39:41,052 - Iter 35310: obj=-1377.092687, change=1.68e-06, α=1.000, ‖θ[1:]‖₁=2081.304, γ=90658.032, num_knots=1648
2025-09-07 00:39:41,413 - Iter 35320: obj=-1377.092756, change=1.68e-06, α=1.000, ‖θ[1:]‖₁=2081.304, γ=90658.032, num_knots=1648
2025-09-07 00:39:41,745 - Iter 35330: obj=-1377.092825, change=1.68e-06, α=1.000, ‖θ[1:]‖₁=2081.304, γ=90658.032, num_knots=1648
2025-09-07 00:39:42,046 - Iter 35340: obj=-1377.092894, change=1.68e-06, α=1.000, ‖θ[1:]‖₁=2081.304, γ=90658.032, num_knots=1648
2025-09-07 00:39:42,414 - Iter 35350: obj=-1377.092963, change=1.68e-06, α=1.000, ‖θ[1:]‖₁=2081.304, γ=90658.032, num_knots=1648
2025-09-07 00:39:42,736 - Iter 35360: obj=-1377.093032, change=1.68e-06, α=1.000, ‖θ[1:]‖₁=2081.303, γ=90658.032, num_knots=1648
2025-09-07 00:39:43,071 - Iter 35370: obj=-1377.093100, change=1.68e-06, α=1.000, ‖θ[1:]‖₁=2081.303, γ=90658.032, num_knots=1648
2025-09-07 00:39:43,430 - Iter 35380: obj=-1377.093169, change=1.68e-06, α=1.000, ‖θ[1:]‖₁=2081.303, γ=90658.032, num_knots=1648
2025-09-07 00:39:43,765 - Iter 35390: obj=-1377.093238, change=1.68e-06, α=1.000, ‖θ[1:]‖₁=2081.303, γ=90658.032, num_knots=1648
2025-09-07 00:39:44,100 - Iter 35400: obj=-1377.093307, change=1.68e-06, α=1.000, ‖θ[1:]‖₁=2081.303, γ=90658.032, num_knots=1648
2025-09-07 00:39:44,450 - Iter 35410: obj=-1377.093376, change=1.68e-06, α=1.000, ‖θ[1:]‖₁=2081.302, γ=90658.032, num_knots=1648
2025-09-07 00:39:44,783 - Iter 35420: obj=-1377.093445, change=1.68e-06, α=1.000, ‖θ[1:]‖₁=2081.302, γ=90658.032, num_knots=1648
2025-09-07 00:39:45,105 - Iter 35430: obj=-1377.093514, change=1.68e-06, α=1.000, ‖θ[1:]‖₁=2081.302, γ=90658.032, num_knots=1648
2025-09-07 00:39:45,442 - Iter 35440: obj=-1377.093583, change=1.68e-06, α=1.000, ‖θ[1:]‖₁=2081.302, γ=90658.032, num_knots=1648
2025-09-07 00:39:45,797 - Iter 35450: obj=-1377.093651, change=1.68e-06, α=1.000, ‖θ[1:]‖₁=2081.302, γ=90658.032, num_knots=1648
2025-09-07 00:39:46,242 - Iter 35460: obj=-1377.093720, change=1.68e-06, α=1.000, ‖θ[1:]‖₁=2081.302, γ=90658.032, num_knots=1648
2025-09-07 00:39:46,596 - Iter 35470: obj=-1377.093789, change=1.68e-06, α=1.000, ‖θ[1:]‖₁=2081.301, γ=90658.032, num_knots=1648
2025-09-07 00:39:46,948 - Iter 35480: obj=-1377.093858, change=1.68e-06, α=1.000, ‖θ[1:]‖₁=2081.301, γ=90658.032, num_knots=1648
2025-09-07 00:39:47,292 - Iter 35490: obj=-1377.093927, change=1.68e-06, α=1.000, ‖θ[1:]‖₁=2081.301, γ=90658.032, num_knots=1648
2025-09-07 00:39:47,705 - Iter 35500: obj=-1377.093996, change=1.68e-06, α=1.000, ‖θ[1:]‖₁=2081.301, γ=90658.032, num_knots=1648
2025-09-07 00:39:48,082 - Iter 35510: obj=-1377.094065, change=1.68e-06, α=1.000, ‖θ[1:]‖₁=2081.301, γ=90658.032, num_knots=1648
2025-09-07 00:39:48,445 - Iter 35520: obj=-1377.094134, change=1.68e-06, α=1.000, ‖θ[1:]‖₁=2081.300, γ=90658.032, num_knots=1648
2025-09-07 00:39:48,811 - Iter 35530: obj=-1377.094202, change=1.68e-06, α=1.000, ‖θ[1:]‖₁=2081.300, γ=90658.032, num_knots=1648
2025-09-07 00:39:49,144 - Iter 35540: obj=-1377.094271, change=1.68e-06, α=1.000, ‖θ[1:]‖₁=2081.300, γ=90658.032, num_knots=1648
2025-09-07 00:39:49,563 - Iter 35550: obj=-1377.094340, change=1.68e-06, α=1.000, ‖θ[1:]‖₁=2081.300, γ=90658.032, num_knots=1648
2025-09-07 00:39:49,929 - Iter 35560: obj=-1377.094409, change=1.68e-06, α=1.000, ‖θ[1:]‖₁=2081.300, γ=90658.032, num_knots=1648
2025-09-07 00:39:50,370 - Iter 35570: obj=-1377.094478, change=1.68e-06, α=1.000, ‖θ[1:]‖₁=2081.300, γ=90658.032, num_knots=1648
2025-09-07 00:39:50,756 - Iter 35580: obj=-1377.094547, change=1.68e-06, α=1.000, ‖θ[1:]‖₁=2081.299, γ=90658.032, num_knots=1648
2025-09-07 00:39:51,098 - Iter 35590: obj=-1377.094616, change=1.68e-06, α=1.000, ‖θ[1:]‖₁=2081.299, γ=90658.032, num_knots=1648
2025-09-07 00:39:51,525 - Iter 35600: obj=-1377.094685, change=1.68e-06, α=1.000, ‖θ[1:]‖₁=2081.299, γ=90658.032, num_knots=1648
2025-09-07 00:39:51,857 - Iter 35610: obj=-1377.094753, change=1.68e-06, α=1.000, ‖θ[1:]‖₁=2081.299, γ=90658.032, num_knots=1648
2025-09-07 00:39:52,199 - Iter 35620: obj=-1377.094822, change=1.68e-06, α=1.000, ‖θ[1:]‖₁=2081.299, γ=90658.032, num_knots=1648
2025-09-07 00:39:52,565 - Iter 35630: obj=-1377.094891, change=1.68e-06, α=1.000, ‖θ[1:]‖₁=2081.298, γ=90658.032, num_knots=1648
2025-09-07 00:39:52,906 - Iter 35640: obj=-1377.094960, change=1.68e-06, α=1.000, ‖θ[1:]‖₁=2081.298, γ=90658.032, num_knots=1648
2025-09-07 00:39:53,246 - Iter 35650: obj=-1377.095029, change=1.68e-06, α=1.000, ‖θ[1:]‖₁=2081.298, γ=90658.032, num_knots=1648
2025-09-07 00:39:53,581 - Iter 35660: obj=-1377.095098, change=1.68e-06, α=1.000, ‖θ[1:]‖₁=2081.298, γ=90658.032, num_knots=1648
2025-09-07 00:39:53,913 - Iter 35670: obj=-1377.095167, change=1.68e-06, α=1.000, ‖θ[1:]‖₁=2081.298, γ=90658.032, num_knots=1648
2025-09-07 00:39:54,220 - Iter 35680: obj=-1377.095236, change=1.68e-06, α=1.000, ‖θ[1:]‖₁=2081.298, γ=90658.032, num_knots=1648
2025-09-07 00:39:54,543 - Iter 35690: obj=-1377.095304, change=1.68e-06, α=1.000, ‖θ[1:]‖₁=2081.297, γ=90658.032, num_knots=1648
2025-09-07 00:39:54,880 - Iter 35700: obj=-1377.095373, change=1.68e-06, α=1.000, ‖θ[1:]‖₁=2081.297, γ=90658.032, num_knots=1648
2025-09-07 00:39:55,229 - Iter 35710: obj=-1377.095442, change=1.68e-06, α=1.000, ‖θ[1:]‖₁=2081.297, γ=90658.032, num_knots=1648
2025-09-07 00:39:55,571 - Iter 35720: obj=-1377.095511, change=1.68e-06, α=1.000, ‖θ[1:]‖₁=2081.297, γ=90658.032, num_knots=1648
2025-09-07 00:39:55,932 - Iter 35730: obj=-1377.095580, change=1.68e-06, α=1.000, ‖θ[1:]‖₁=2081.297, γ=90658.032, num_knots=1648
2025-09-07 00:39:56,379 - Iter 35740: obj=-1377.095649, change=1.68e-06, α=1.000, ‖θ[1:]‖₁=2081.296, γ=90658.032, num_knots=1648
2025-09-07 00:39:56,691 - Iter 35750: obj=-1377.095718, change=1.68e-06, α=1.000, ‖θ[1:]‖₁=2081.296, γ=90658.032, num_knots=1648
2025-09-07 00:39:57,046 - Iter 35760: obj=-1377.095787, change=1.68e-06, α=1.000, ‖θ[1:]‖₁=2081.296, γ=90658.032, num_knots=1648
2025-09-07 00:39:57,372 - Iter 35770: obj=-1377.095855, change=1.68e-06, α=1.000, ‖θ[1:]‖₁=2081.296, γ=90658.032, num_knots=1648
2025-09-07 00:39:57,682 - Iter 35780: obj=-1377.095924, change=1.68e-06, α=1.000, ‖θ[1:]‖₁=2081.296, γ=90658.032, num_knots=1648
2025-09-07 00:39:58,031 - Iter 35790: obj=-1377.095993, change=1.68e-06, α=1.000, ‖θ[1:]‖₁=2081.296, γ=90658.032, num_knots=1648
2025-09-07 00:39:58,400 - Iter 35800: obj=-1377.096062, change=1.68e-06, α=1.000, ‖θ[1:]‖₁=2081.295, γ=90658.032, num_knots=1648
2025-09-07 00:39:58,728 - Iter 35810: obj=-1377.096131, change=1.68e-06, α=1.000, ‖θ[1:]‖₁=2081.295, γ=90658.032, num_knots=1648
2025-09-07 00:39:59,078 - Iter 35820: obj=-1377.096200, change=1.68e-06, α=1.000, ‖θ[1:]‖₁=2081.295, γ=90658.032, num_knots=1648
2025-09-07 00:39:59,432 - Iter 35830: obj=-1377.096269, change=1.68e-06, α=1.000, ‖θ[1:]‖₁=2081.295, γ=90658.032, num_knots=1648
2025-09-07 00:39:59,762 - Iter 35840: obj=-1377.096338, change=1.68e-06, α=1.000, ‖θ[1:]‖₁=2081.295, γ=90658.032, num_knots=1648
2025-09-07 00:40:00,102 - Iter 35850: obj=-1377.096406, change=1.68e-06, α=1.000, ‖θ[1:]‖₁=2081.295, γ=90658.032, num_knots=1648
2025-09-07 00:40:00,418 - Iter 35860: obj=-1377.096475, change=1.68e-06, α=1.000, ‖θ[1:]‖₁=2081.294, γ=90658.032, num_knots=1648
2025-09-07 00:40:00,742 - Iter 35870: obj=-1377.096544, change=1.68e-06, α=1.000, ‖θ[1:]‖₁=2081.294, γ=90658.032, num_knots=1648
2025-09-07 00:40:01,072 - Iter 35880: obj=-1377.096613, change=1.68e-06, α=1.000, ‖θ[1:]‖₁=2081.294, γ=90658.032, num_knots=1648
2025-09-07 00:40:01,427 - Iter 35890: obj=-1377.096682, change=1.68e-06, α=1.000, ‖θ[1:]‖₁=2081.294, γ=90658.032, num_knots=1648
2025-09-07 00:40:01,763 - Iter 35900: obj=-1377.096751, change=1.68e-06, α=1.000, ‖θ[1:]‖₁=2081.294, γ=90658.032, num_knots=1648
2025-09-07 00:40:02,070 - Iter 35910: obj=-1377.096820, change=1.68e-06, α=1.000, ‖θ[1:]‖₁=2081.293, γ=90658.032, num_knots=1648
2025-09-07 00:40:02,422 - Iter 35920: obj=-1377.096889, change=1.68e-06, α=1.000, ‖θ[1:]‖₁=2081.293, γ=90658.032, num_knots=1648
2025-09-07 00:40:02,751 - Iter 35930: obj=-1377.096957, change=1.68e-06, α=1.000, ‖θ[1:]‖₁=2081.293, γ=90658.032, num_knots=1648
2025-09-07 00:40:03,099 - Iter 35940: obj=-1377.097026, change=1.68e-06, α=1.000, ‖θ[1:]‖₁=2081.293, γ=90658.032, num_knots=1648
2025-09-07 00:40:03,475 - Iter 35950: obj=-1377.097095, change=1.68e-06, α=1.000, ‖θ[1:]‖₁=2081.293, γ=90658.032, num_knots=1648
2025-09-07 00:40:03,825 - Iter 35960: obj=-1377.097164, change=1.68e-06, α=1.000, ‖θ[1:]‖₁=2081.293, γ=90658.032, num_knots=1648
2025-09-07 00:40:04,161 - Iter 35970: obj=-1377.097233, change=1.68e-06, α=1.000, ‖θ[1:]‖₁=2081.292, γ=90658.032, num_knots=1648
2025-09-07 00:40:04,500 - Iter 35980: obj=-1377.097302, change=1.68e-06, α=1.000, ‖θ[1:]‖₁=2081.292, γ=90658.032, num_knots=1648
2025-09-07 00:40:04,827 - Iter 35990: obj=-1377.097371, change=1.68e-06, α=1.000, ‖θ[1:]‖₁=2081.292, γ=90658.032, num_knots=1648
2025-09-07 00:40:05,139 - Iter 36000: obj=-1377.097440, change=1.68e-06, α=1.000, ‖θ[1:]‖₁=2081.292, γ=90658.032, num_knots=1648
2025-09-07 00:40:05,518 - Iter 36010: obj=-1377.097508, change=1.68e-06, α=1.000, ‖θ[1:]‖₁=2081.292, γ=90658.032, num_knots=1648
2025-09-07 00:40:05,872 - Iter 36020: obj=-1377.097577, change=1.68e-06, α=1.000, ‖θ[1:]‖₁=2081.291, γ=90658.032, num_knots=1648
2025-09-07 00:40:06,216 - Iter 36030: obj=-1377.097646, change=1.68e-06, α=1.000, ‖θ[1:]‖₁=2081.291, γ=90658.032, num_knots=1648
2025-09-07 00:40:06,658 - Iter 36040: obj=-1377.097715, change=1.68e-06, α=1.000, ‖θ[1:]‖₁=2081.291, γ=90658.032, num_knots=1648
2025-09-07 00:40:07,004 - Iter 36050: obj=-1377.097784, change=1.68e-06, α=1.000, ‖θ[1:]‖₁=2081.291, γ=90658.032, num_knots=1648
2025-09-07 00:40:07,333 - Iter 36060: obj=-1377.097853, change=1.68e-06, α=1.000, ‖θ[1:]‖₁=2081.291, γ=90658.032, num_knots=1648
2025-09-07 00:40:07,649 - Iter 36070: obj=-1377.097922, change=1.68e-06, α=1.000, ‖θ[1:]‖₁=2081.291, γ=90658.032, num_knots=1648
2025-09-07 00:40:08,050 - Iter 36080: obj=-1377.097991, change=1.68e-06, α=1.000, ‖θ[1:]‖₁=2081.290, γ=90658.032, num_knots=1648
2025-09-07 00:40:08,374 - Iter 36090: obj=-1377.098059, change=1.68e-06, α=1.000, ‖θ[1:]‖₁=2081.290, γ=90658.032, num_knots=1648
2025-09-07 00:40:08,713 - Iter 36100: obj=-1377.098128, change=1.68e-06, α=1.000, ‖θ[1:]‖₁=2081.290, γ=90658.032, num_knots=1648
2025-09-07 00:40:09,064 - Iter 36110: obj=-1377.098197, change=1.68e-06, α=1.000, ‖θ[1:]‖₁=2081.290, γ=90658.032, num_knots=1648
2025-09-07 00:40:09,394 - Iter 36120: obj=-1377.098266, change=1.68e-06, α=1.000, ‖θ[1:]‖₁=2081.290, γ=90658.032, num_knots=1648
2025-09-07 00:40:09,689 - Iter 36130: obj=-1377.098335, change=1.68e-06, α=1.000, ‖θ[1:]‖₁=2081.289, γ=90658.032, num_knots=1648
2025-09-07 00:40:09,994 - Iter 36140: obj=-1377.098404, change=1.68e-06, α=1.000, ‖θ[1:]‖₁=2081.289, γ=90658.032, num_knots=1648
2025-09-07 00:40:10,332 - Iter 36150: obj=-1377.098473, change=1.68e-06, α=1.000, ‖θ[1:]‖₁=2081.289, γ=90658.032, num_knots=1648
2025-09-07 00:40:10,657 - Iter 36160: obj=-1377.098542, change=1.68e-06, α=1.000, ‖θ[1:]‖₁=2081.289, γ=90658.032, num_knots=1648
2025-09-07 00:40:10,961 - Iter 36170: obj=-1377.098610, change=1.68e-06, α=1.000, ‖θ[1:]‖₁=2081.289, γ=90658.032, num_knots=1648
2025-09-07 00:40:11,301 - Iter 36180: obj=-1377.098679, change=1.68e-06, α=1.000, ‖θ[1:]‖₁=2081.289, γ=90658.032, num_knots=1648
2025-09-07 00:40:11,630 - Iter 36190: obj=-1377.098748, change=1.68e-06, α=1.000, ‖θ[1:]‖₁=2081.288, γ=90658.032, num_knots=1648
2025-09-07 00:40:11,972 - Iter 36200: obj=-1377.098817, change=1.68e-06, α=1.000, ‖θ[1:]‖₁=2081.288, γ=90658.032, num_knots=1648
2025-09-07 00:40:12,373 - Iter 36210: obj=-1377.098886, change=1.68e-06, α=1.000, ‖θ[1:]‖₁=2081.288, γ=90658.032, num_knots=1648
2025-09-07 00:40:12,763 - Iter 36220: obj=-1377.098955, change=1.68e-06, α=1.000, ‖θ[1:]‖₁=2081.288, γ=90658.032, num_knots=1648
2025-09-07 00:40:13,088 - Iter 36230: obj=-1377.099024, change=1.68e-06, α=1.000, ‖θ[1:]‖₁=2081.288, γ=90658.032, num_knots=1648
2025-09-07 00:40:13,398 - Iter 36240: obj=-1377.099092, change=1.68e-06, α=1.000, ‖θ[1:]‖₁=2081.287, γ=90658.032, num_knots=1648
2025-09-07 00:40:13,790 - Iter 36250: obj=-1377.099161, change=1.68e-06, α=1.000, ‖θ[1:]‖₁=2081.287, γ=90658.032, num_knots=1648
2025-09-07 00:40:14,132 - Iter 36260: obj=-1377.099230, change=1.68e-06, α=1.000, ‖θ[1:]‖₁=2081.287, γ=90658.032, num_knots=1648
2025-09-07 00:40:14,518 - Iter 36270: obj=-1377.099299, change=1.68e-06, α=1.000, ‖θ[1:]‖₁=2081.287, γ=90658.032, num_knots=1648
2025-09-07 00:40:14,855 - Iter 36280: obj=-1377.099368, change=1.68e-06, α=1.000, ‖θ[1:]‖₁=2081.287, γ=90658.032, num_knots=1648
2025-09-07 00:40:15,213 - Iter 36290: obj=-1377.099437, change=1.68e-06, α=1.000, ‖θ[1:]‖₁=2081.287, γ=90658.032, num_knots=1648
2025-09-07 00:40:15,621 - Iter 36300: obj=-1377.099506, change=1.68e-06, α=1.000, ‖θ[1:]‖₁=2081.286, γ=90658.032, num_knots=1648
2025-09-07 00:40:16,043 - Iter 36310: obj=-1377.099575, change=1.68e-06, α=1.000, ‖θ[1:]‖₁=2081.286, γ=90658.032, num_knots=1648
2025-09-07 00:40:16,398 - Iter 36320: obj=-1377.099643, change=1.68e-06, α=1.000, ‖θ[1:]‖₁=2081.286, γ=90658.032, num_knots=1648
2025-09-07 00:40:16,731 - Iter 36330: obj=-1377.099712, change=1.68e-06, α=1.000, ‖θ[1:]‖₁=2081.286, γ=90658.032, num_knots=1648
2025-09-07 00:40:17,068 - Iter 36340: obj=-1377.099781, change=1.68e-06, α=1.000, ‖θ[1:]‖₁=2081.286, γ=90658.032, num_knots=1648
2025-09-07 00:40:17,397 - Iter 36350: obj=-1377.099850, change=1.68e-06, α=1.000, ‖θ[1:]‖₁=2081.285, γ=90658.032, num_knots=1648
2025-09-07 00:40:17,728 - Iter 36360: obj=-1377.099919, change=1.68e-06, α=1.000, ‖θ[1:]‖₁=2081.285, γ=90658.032, num_knots=1648
2025-09-07 00:40:18,072 - Iter 36370: obj=-1377.099988, change=1.68e-06, α=1.000, ‖θ[1:]‖₁=2081.285, γ=90658.032, num_knots=1648
2025-09-07 00:40:18,420 - Iter 36380: obj=-1377.100057, change=1.68e-06, α=1.000, ‖θ[1:]‖₁=2081.285, γ=90658.032, num_knots=1648
2025-09-07 00:40:18,762 - Iter 36390: obj=-1377.100126, change=1.68e-06, α=1.000, ‖θ[1:]‖₁=2081.285, γ=90658.032, num_knots=1648
2025-09-07 00:40:19,131 - Iter 36400: obj=-1377.100194, change=1.68e-06, α=1.000, ‖θ[1:]‖₁=2081.285, γ=90658.032, num_knots=1648
2025-09-07 00:40:19,532 - Iter 36410: obj=-1377.100263, change=1.68e-06, α=1.000, ‖θ[1:]‖₁=2081.284, γ=90658.032, num_knots=1648
2025-09-07 00:40:19,868 - Iter 36420: obj=-1377.100332, change=1.68e-06, α=1.000, ‖θ[1:]‖₁=2081.284, γ=90658.032, num_knots=1648
2025-09-07 00:40:20,192 - Iter 36430: obj=-1377.100401, change=1.68e-06, α=1.000, ‖θ[1:]‖₁=2081.284, γ=90658.032, num_knots=1648
2025-09-07 00:40:20,512 - Iter 36440: obj=-1377.100470, change=1.68e-06, α=1.000, ‖θ[1:]‖₁=2081.284, γ=90658.032, num_knots=1648
2025-09-07 00:40:20,863 - Iter 36450: obj=-1377.100539, change=1.68e-06, α=1.000, ‖θ[1:]‖₁=2081.284, γ=90658.032, num_knots=1648
2025-09-07 00:40:21,183 - Iter 36460: obj=-1377.100608, change=1.68e-06, α=1.000, ‖θ[1:]‖₁=2081.283, γ=90658.032, num_knots=1648
2025-09-07 00:40:21,512 - Iter 36470: obj=-1377.100676, change=1.68e-06, α=1.000, ‖θ[1:]‖₁=2081.283, γ=90658.032, num_knots=1648
2025-09-07 00:40:21,884 - Iter 36480: obj=-1377.100745, change=1.68e-06, α=1.000, ‖θ[1:]‖₁=2081.283, γ=90658.032, num_knots=1648
2025-09-07 00:40:22,206 - Iter 36490: obj=-1377.100814, change=1.68e-06, α=1.000, ‖θ[1:]‖₁=2081.283, γ=90658.032, num_knots=1648
2025-09-07 00:40:22,614 - Iter 36500: obj=-1377.100883, change=1.68e-06, α=1.000, ‖θ[1:]‖₁=2081.283, γ=90658.032, num_knots=1648
2025-09-07 00:40:23,044 - Iter 36510: obj=-1377.100952, change=1.68e-06, α=1.000, ‖θ[1:]‖₁=2081.283, γ=90658.032, num_knots=1648
2025-09-07 00:40:23,372 - Iter 36520: obj=-1377.101021, change=1.68e-06, α=1.000, ‖θ[1:]‖₁=2081.282, γ=90658.032, num_knots=1648
2025-09-07 00:40:23,681 - Iter 36530: obj=-1377.101090, change=1.68e-06, α=1.000, ‖θ[1:]‖₁=2081.282, γ=90658.032, num_knots=1648
2025-09-07 00:40:24,093 - Iter 36540: obj=-1377.101159, change=1.68e-06, α=1.000, ‖θ[1:]‖₁=2081.282, γ=90658.032, num_knots=1648
2025-09-07 00:40:24,510 - Iter 36550: obj=-1377.101227, change=1.68e-06, α=1.000, ‖θ[1:]‖₁=2081.282, γ=90658.032, num_knots=1648
2025-09-07 00:40:24,857 - Iter 36560: obj=-1377.101296, change=1.68e-06, α=1.000, ‖θ[1:]‖₁=2081.282, γ=90658.032, num_knots=1648
2025-09-07 00:40:25,232 - Iter 36570: obj=-1377.101365, change=1.68e-06, α=1.000, ‖θ[1:]‖₁=2081.281, γ=90658.032, num_knots=1648
2025-09-07 00:40:25,579 - Iter 36580: obj=-1377.101434, change=1.68e-06, α=1.000, ‖θ[1:]‖₁=2081.281, γ=90658.032, num_knots=1648
2025-09-07 00:40:25,916 - Iter 36590: obj=-1377.101503, change=1.68e-06, α=1.000, ‖θ[1:]‖₁=2081.281, γ=90658.032, num_knots=1648
2025-09-07 00:40:26,297 - Iter 36600: obj=-1377.101572, change=1.68e-06, α=1.000, ‖θ[1:]‖₁=2081.281, γ=90658.032, num_knots=1648
2025-09-07 00:40:26,675 - Iter 36610: obj=-1377.101641, change=1.68e-06, α=1.000, ‖θ[1:]‖₁=2081.281, γ=90658.032, num_knots=1648
2025-09-07 00:40:27,033 - Iter 36620: obj=-1377.101709, change=1.68e-06, α=1.000, ‖θ[1:]‖₁=2081.281, γ=90658.032, num_knots=1648
2025-09-07 00:40:27,381 - Iter 36630: obj=-1377.101778, change=1.68e-06, α=1.000, ‖θ[1:]‖₁=2081.280, γ=90658.032, num_knots=1648
2025-09-07 00:40:27,705 - Iter 36640: obj=-1377.101847, change=1.68e-06, α=1.000, ‖θ[1:]‖₁=2081.280, γ=90658.032, num_knots=1648
2025-09-07 00:40:28,018 - Iter 36650: obj=-1377.101916, change=1.68e-06, α=1.000, ‖θ[1:]‖₁=2081.280, γ=90658.032, num_knots=1648
2025-09-07 00:40:28,373 - Iter 36660: obj=-1377.101985, change=1.68e-06, α=1.000, ‖θ[1:]‖₁=2081.280, γ=90658.032, num_knots=1648
2025-09-07 00:40:28,691 - Iter 36670: obj=-1377.102054, change=1.68e-06, α=1.000, ‖θ[1:]‖₁=2081.280, γ=90658.032, num_knots=1648
2025-09-07 00:40:29,007 - Iter 36680: obj=-1377.102123, change=1.68e-06, α=1.000, ‖θ[1:]‖₁=2081.279, γ=90658.032, num_knots=1648
2025-09-07 00:40:29,353 - Iter 36690: obj=-1377.102192, change=1.68e-06, α=1.000, ‖θ[1:]‖₁=2081.279, γ=90658.032, num_knots=1648
2025-09-07 00:40:29,659 - Iter 36700: obj=-1377.102260, change=1.68e-06, α=1.000, ‖θ[1:]‖₁=2081.279, γ=90658.032, num_knots=1648
2025-09-07 00:40:29,997 - Iter 36710: obj=-1377.102329, change=1.68e-06, α=1.000, ‖θ[1:]‖₁=2081.279, γ=90658.032, num_knots=1648
2025-09-07 00:40:30,329 - Iter 36720: obj=-1377.102398, change=1.68e-06, α=1.000, ‖θ[1:]‖₁=2081.279, γ=90658.032, num_knots=1648
2025-09-07 00:40:30,672 - Iter 36730: obj=-1377.102467, change=1.68e-06, α=1.000, ‖θ[1:]‖₁=2081.279, γ=90658.032, num_knots=1648
2025-09-07 00:40:31,009 - Iter 36740: obj=-1377.102536, change=1.68e-06, α=1.000, ‖θ[1:]‖₁=2081.278, γ=90658.032, num_knots=1648
2025-09-07 00:40:31,326 - Iter 36750: obj=-1377.102605, change=1.68e-06, α=1.000, ‖θ[1:]‖₁=2081.278, γ=90658.032, num_knots=1648
2025-09-07 00:40:31,649 - Iter 36760: obj=-1377.102674, change=1.68e-06, α=1.000, ‖θ[1:]‖₁=2081.278, γ=90658.032, num_knots=1648
2025-09-07 00:40:32,029 - Iter 36770: obj=-1377.102742, change=1.68e-06, α=1.000, ‖θ[1:]‖₁=2081.278, γ=90658.032, num_knots=1648
2025-09-07 00:40:32,369 - Iter 36780: obj=-1377.102811, change=1.68e-06, α=1.000, ‖θ[1:]‖₁=2081.278, γ=90658.032, num_knots=1648
2025-09-07 00:40:32,673 - Iter 36790: obj=-1377.102880, change=1.68e-06, α=1.000, ‖θ[1:]‖₁=2081.277, γ=90658.032, num_knots=1648
2025-09-07 00:40:33,025 - Iter 36800: obj=-1377.102949, change=1.68e-06, α=1.000, ‖θ[1:]‖₁=2081.277, γ=90658.032, num_knots=1648
2025-09-07 00:40:33,357 - Iter 36810: obj=-1377.103018, change=1.68e-06, α=1.000, ‖θ[1:]‖₁=2081.277, γ=90658.032, num_knots=1648
2025-09-07 00:40:33,695 - Iter 36820: obj=-1377.103087, change=1.68e-06, α=1.000, ‖θ[1:]‖₁=2081.277, γ=90658.032, num_knots=1648
2025-09-07 00:40:34,032 - Iter 36830: obj=-1377.103156, change=1.68e-06, α=1.000, ‖θ[1:]‖₁=2081.277, γ=90658.032, num_knots=1648
2025-09-07 00:40:34,364 - Iter 36840: obj=-1377.103224, change=1.68e-06, α=1.000, ‖θ[1:]‖₁=2081.277, γ=90658.032, num_knots=1648
2025-09-07 00:40:34,689 - Iter 36850: obj=-1377.103293, change=1.68e-06, α=1.000, ‖θ[1:]‖₁=2081.276, γ=90658.032, num_knots=1648
2025-09-07 00:40:35,008 - Iter 36860: obj=-1377.103362, change=1.68e-06, α=1.000, ‖θ[1:]‖₁=2081.276, γ=90658.032, num_knots=1648
2025-09-07 00:40:35,351 - Iter 36870: obj=-1377.103431, change=1.68e-06, α=1.000, ‖θ[1:]‖₁=2081.276, γ=90658.032, num_knots=1648
2025-09-07 00:40:35,805 - Iter 36880: obj=-1377.103500, change=1.68e-06, α=1.000, ‖θ[1:]‖₁=2081.276, γ=90658.032, num_knots=1648
2025-09-07 00:40:36,238 - Iter 36890: obj=-1377.103569, change=1.68e-06, α=1.000, ‖θ[1:]‖₁=2081.276, γ=90658.032, num_knots=1648
2025-09-07 00:40:36,579 - Iter 36900: obj=-1377.103638, change=1.68e-06, α=1.000, ‖θ[1:]‖₁=2081.275, γ=90658.032, num_knots=1648
2025-09-07 00:40:36,892 - Iter 36910: obj=-1377.103707, change=1.68e-06, α=1.000, ‖θ[1:]‖₁=2081.275, γ=90658.032, num_knots=1648
2025-09-07 00:40:37,259 - Iter 36920: obj=-1377.103775, change=1.68e-06, α=1.000, ‖θ[1:]‖₁=2081.275, γ=90658.032, num_knots=1648
2025-09-07 00:40:37,611 - Iter 36930: obj=-1377.103844, change=1.68e-06, α=1.000, ‖θ[1:]‖₁=2081.275, γ=90658.032, num_knots=1648
2025-09-07 00:40:37,936 - Iter 36940: obj=-1377.103913, change=1.68e-06, α=1.000, ‖θ[1:]‖₁=2081.275, γ=90658.032, num_knots=1648
2025-09-07 00:40:38,232 - Iter 36950: obj=-1377.103982, change=1.68e-06, α=1.000, ‖θ[1:]‖₁=2081.275, γ=90658.032, num_knots=1648
2025-09-07 00:40:38,551 - Iter 36960: obj=-1377.104051, change=1.68e-06, α=1.000, ‖θ[1:]‖₁=2081.274, γ=90658.032, num_knots=1648
2025-09-07 00:40:38,904 - Iter 36970: obj=-1377.104120, change=1.68e-06, α=1.000, ‖θ[1:]‖₁=2081.274, γ=90658.032, num_knots=1648
2025-09-07 00:40:39,244 - Iter 36980: obj=-1377.104189, change=1.68e-06, α=1.000, ‖θ[1:]‖₁=2081.274, γ=90658.032, num_knots=1648
2025-09-07 00:40:39,538 - Iter 36990: obj=-1377.104257, change=1.68e-06, α=1.000, ‖θ[1:]‖₁=2081.274, γ=90658.032, num_knots=1648
2025-09-07 00:40:39,860 - Iter 37000: obj=-1377.104326, change=1.68e-06, α=1.000, ‖θ[1:]‖₁=2081.274, γ=90658.032, num_knots=1648
2025-09-07 00:40:40,201 - Iter 37010: obj=-1377.104395, change=1.68e-06, α=1.000, ‖θ[1:]‖₁=2081.273, γ=90658.032, num_knots=1648
2025-09-07 00:40:40,594 - Iter 37020: obj=-1377.104464, change=1.68e-06, α=1.000, ‖θ[1:]‖₁=2081.273, γ=90658.032, num_knots=1648
2025-09-07 00:40:40,918 - Iter 37030: obj=-1377.104533, change=1.68e-06, α=1.000, ‖θ[1:]‖₁=2081.273, γ=90658.032, num_knots=1648
2025-09-07 00:40:41,297 - Iter 37040: obj=-1377.104602, change=1.68e-06, α=1.000, ‖θ[1:]‖₁=2081.273, γ=90658.032, num_knots=1648
2025-09-07 00:40:41,639 - Iter 37050: obj=-1377.104671, change=1.68e-06, α=1.000, ‖θ[1:]‖₁=2081.273, γ=90658.032, num_knots=1648
2025-09-07 00:40:41,959 - Iter 37060: obj=-1377.104739, change=1.68e-06, α=1.000, ‖θ[1:]‖₁=2081.273, γ=90658.032, num_knots=1648
2025-09-07 00:40:42,318 - Iter 37070: obj=-1377.104808, change=1.68e-06, α=1.000, ‖θ[1:]‖₁=2081.272, γ=90658.032, num_knots=1648
2025-09-07 00:40:42,678 - Iter 37080: obj=-1377.104877, change=1.68e-06, α=1.000, ‖θ[1:]‖₁=2081.272, γ=90658.032, num_knots=1648
2025-09-07 00:40:43,008 - Iter 37090: obj=-1377.104946, change=1.68e-06, α=1.000, ‖θ[1:]‖₁=2081.272, γ=90658.032, num_knots=1648
2025-09-07 00:40:43,348 - Iter 37100: obj=-1377.105015, change=1.68e-06, α=1.000, ‖θ[1:]‖₁=2081.272, γ=90658.032, num_knots=1648
2025-09-07 00:40:43,701 - Iter 37110: obj=-1377.105084, change=1.68e-06, α=1.000, ‖θ[1:]‖₁=2081.272, γ=90658.032, num_knots=1648
2025-09-07 00:40:44,072 - Iter 37120: obj=-1377.105153, change=1.68e-06, α=1.000, ‖θ[1:]‖₁=2081.271, γ=90658.032, num_knots=1648
2025-09-07 00:40:44,402 - Iter 37130: obj=-1377.105221, change=1.68e-06, α=1.000, ‖θ[1:]‖₁=2081.271, γ=90658.032, num_knots=1648
2025-09-07 00:40:44,735 - Iter 37140: obj=-1377.105290, change=1.68e-06, α=1.000, ‖θ[1:]‖₁=2081.271, γ=90658.032, num_knots=1648
2025-09-07 00:40:45,080 - Iter 37150: obj=-1377.105359, change=1.68e-06, α=1.000, ‖θ[1:]‖₁=2081.271, γ=90658.032, num_knots=1648
2025-09-07 00:40:45,411 - Iter 37160: obj=-1377.105428, change=1.68e-06, α=1.000, ‖θ[1:]‖₁=2081.271, γ=90658.032, num_knots=1648
2025-09-07 00:40:45,762 - Iter 37170: obj=-1377.105497, change=1.68e-06, α=1.000, ‖θ[1:]‖₁=2081.271, γ=90658.032, num_knots=1648
2025-09-07 00:40:46,150 - Iter 37180: obj=-1377.105566, change=1.68e-06, α=1.000, ‖θ[1:]‖₁=2081.270, γ=90658.032, num_knots=1648
2025-09-07 00:40:46,531 - Iter 37190: obj=-1377.105635, change=1.68e-06, α=1.000, ‖θ[1:]‖₁=2081.270, γ=90658.032, num_knots=1648
2025-09-07 00:40:46,862 - Iter 37200: obj=-1377.105703, change=1.68e-06, α=1.000, ‖θ[1:]‖₁=2081.270, γ=90658.032, num_knots=1648
2025-09-07 00:40:47,211 - Iter 37210: obj=-1377.105772, change=1.68e-06, α=1.000, ‖θ[1:]‖₁=2081.270, γ=90658.032, num_knots=1648
2025-09-07 00:40:47,541 - Iter 37220: obj=-1377.105841, change=1.68e-06, α=1.000, ‖θ[1:]‖₁=2081.270, γ=90658.032, num_knots=1648
2025-09-07 00:40:47,865 - Iter 37230: obj=-1377.105910, change=1.68e-06, α=1.000, ‖θ[1:]‖₁=2081.269, γ=90658.032, num_knots=1648
2025-09-07 00:40:48,166 - Iter 37240: obj=-1377.105979, change=1.68e-06, α=1.000, ‖θ[1:]‖₁=2081.269, γ=90658.032, num_knots=1648
2025-09-07 00:40:48,513 - Iter 37250: obj=-1377.106048, change=1.68e-06, α=1.000, ‖θ[1:]‖₁=2081.269, γ=90658.032, num_knots=1648
2025-09-07 00:40:48,839 - Iter 37260: obj=-1377.106117, change=1.68e-06, α=1.000, ‖θ[1:]‖₁=2081.269, γ=90658.032, num_knots=1648
2025-09-07 00:40:49,140 - Iter 37270: obj=-1377.106185, change=1.68e-06, α=1.000, ‖θ[1:]‖₁=2081.269, γ=90658.032, num_knots=1648
2025-09-07 00:40:49,487 - Iter 37280: obj=-1377.106254, change=1.68e-06, α=1.000, ‖θ[1:]‖₁=2081.269, γ=90658.032, num_knots=1648
2025-09-07 00:40:49,834 - Iter 37290: obj=-1377.106323, change=1.68e-06, α=1.000, ‖θ[1:]‖₁=2081.268, γ=90658.032, num_knots=1648
2025-09-07 00:40:50,211 - Iter 37300: obj=-1377.106392, change=1.68e-06, α=1.000, ‖θ[1:]‖₁=2081.268, γ=90658.032, num_knots=1648
2025-09-07 00:40:50,541 - Iter 37310: obj=-1377.106461, change=1.68e-06, α=1.000, ‖θ[1:]‖₁=2081.268, γ=90658.032, num_knots=1648
2025-09-07 00:40:50,899 - Iter 37320: obj=-1377.106530, change=1.68e-06, α=1.000, ‖θ[1:]‖₁=2081.268, γ=90658.032, num_knots=1648
2025-09-07 00:40:51,247 - Iter 37330: obj=-1377.106599, change=1.68e-06, α=1.000, ‖θ[1:]‖₁=2081.268, γ=90658.032, num_knots=1648
2025-09-07 00:40:51,612 - Iter 37340: obj=-1377.106668, change=1.68e-06, α=1.000, ‖θ[1:]‖₁=2081.267, γ=90658.032, num_knots=1648
2025-09-07 00:40:51,946 - Iter 37350: obj=-1377.106736, change=1.68e-06, α=1.000, ‖θ[1:]‖₁=2081.267, γ=90658.032, num_knots=1648
2025-09-07 00:40:52,286 - Iter 37360: obj=-1377.106805, change=1.68e-06, α=1.000, ‖θ[1:]‖₁=2081.267, γ=90658.032, num_knots=1648
2025-09-07 00:40:52,642 - Iter 37370: obj=-1377.106874, change=1.68e-06, α=1.000, ‖θ[1:]‖₁=2081.267, γ=90658.032, num_knots=1648
2025-09-07 00:40:52,960 - Iter 37380: obj=-1377.106943, change=1.68e-06, α=1.000, ‖θ[1:]‖₁=2081.267, γ=90658.032, num_knots=1648
2025-09-07 00:40:53,298 - Iter 37390: obj=-1377.107012, change=1.68e-06, α=1.000, ‖θ[1:]‖₁=2081.267, γ=90658.032, num_knots=1648
2025-09-07 00:40:53,605 - Iter 37400: obj=-1377.107081, change=1.68e-06, α=1.000, ‖θ[1:]‖₁=2081.266, γ=90658.032, num_knots=1648
2025-09-07 00:40:53,946 - Iter 37410: obj=-1377.107150, change=1.68e-06, α=1.000, ‖θ[1:]‖₁=2081.266, γ=90658.032, num_knots=1648
2025-09-07 00:40:54,276 - Iter 37420: obj=-1377.107218, change=1.68e-06, α=1.000, ‖θ[1:]‖₁=2081.266, γ=90658.032, num_knots=1648
2025-09-07 00:40:54,644 - Iter 37430: obj=-1377.107287, change=1.68e-06, α=1.000, ‖θ[1:]‖₁=2081.266, γ=90658.032, num_knots=1648
2025-09-07 00:40:55,053 - Iter 37440: obj=-1377.107356, change=1.68e-06, α=1.000, ‖θ[1:]‖₁=2081.266, γ=90658.032, num_knots=1648
2025-09-07 00:40:55,446 - Iter 37450: obj=-1377.107425, change=1.68e-06, α=1.000, ‖θ[1:]‖₁=2081.265, γ=90658.032, num_knots=1648
2025-09-07 00:40:55,759 - Iter 37460: obj=-1377.107494, change=1.68e-06, α=1.000, ‖θ[1:]‖₁=2081.265, γ=90658.032, num_knots=1648
2025-09-07 00:40:56,082 - Iter 37470: obj=-1377.107563, change=1.68e-06, α=1.000, ‖θ[1:]‖₁=2081.265, γ=90658.032, num_knots=1648
2025-09-07 00:40:56,400 - Iter 37480: obj=-1377.107632, change=1.68e-06, α=1.000, ‖θ[1:]‖₁=2081.265, γ=90658.032, num_knots=1648
2025-09-07 00:40:56,723 - Iter 37490: obj=-1377.107700, change=1.68e-06, α=1.000, ‖θ[1:]‖₁=2081.265, γ=90658.032, num_knots=1648
2025-09-07 00:40:57,082 - Iter 37500: obj=-1377.107769, change=1.68e-06, α=1.000, ‖θ[1:]‖₁=2081.265, γ=90658.032, num_knots=1648
2025-09-07 00:40:57,448 - Iter 37510: obj=-1377.107838, change=1.68e-06, α=1.000, ‖θ[1:]‖₁=2081.264, γ=90658.032, num_knots=1648
2025-09-07 00:40:57,808 - Iter 37520: obj=-1377.107907, change=1.68e-06, α=1.000, ‖θ[1:]‖₁=2081.264, γ=90658.032, num_knots=1648
2025-09-07 00:40:58,172 - Iter 37530: obj=-1377.107976, change=1.68e-06, α=1.000, ‖θ[1:]‖₁=2081.264, γ=90658.032, num_knots=1648
2025-09-07 00:40:58,506 - Iter 37540: obj=-1377.108045, change=1.68e-06, α=1.000, ‖θ[1:]‖₁=2081.264, γ=90658.032, num_knots=1648
2025-09-07 00:40:59,170 - Iter 37550: obj=-1377.108113, change=1.68e-06, α=1.000, ‖θ[1:]‖₁=2081.264, γ=90658.032, num_knots=1648
2025-09-07 00:40:59,507 - Iter 37560: obj=-1377.108182, change=1.68e-06, α=1.000, ‖θ[1:]‖₁=2081.263, γ=90658.032, num_knots=1648
2025-09-07 00:40:59,824 - Iter 37570: obj=-1377.108251, change=1.68e-06, α=1.000, ‖θ[1:]‖₁=2081.263, γ=90658.032, num_knots=1648
2025-09-07 00:41:00,175 - Iter 37580: obj=-1377.108320, change=1.68e-06, α=1.000, ‖θ[1:]‖₁=2081.263, γ=90658.032, num_knots=1648
2025-09-07 00:41:00,551 - Iter 37590: obj=-1377.108389, change=1.68e-06, α=1.000, ‖θ[1:]‖₁=2081.263, γ=90658.032, num_knots=1648
2025-09-07 00:41:00,896 - Iter 37600: obj=-1377.108458, change=1.68e-06, α=1.000, ‖θ[1:]‖₁=2081.263, γ=90658.032, num_knots=1648
2025-09-07 00:41:01,230 - Iter 37610: obj=-1377.108527, change=1.68e-06, α=1.000, ‖θ[1:]‖₁=2081.263, γ=90658.032, num_knots=1648
2025-09-07 00:41:01,570 - Iter 37620: obj=-1377.108595, change=1.68e-06, α=1.000, ‖θ[1:]‖₁=2081.262, γ=90658.032, num_knots=1648
2025-09-07 00:41:01,906 - Iter 37630: obj=-1377.108664, change=1.68e-06, α=1.000, ‖θ[1:]‖₁=2081.262, γ=90658.032, num_knots=1648
2025-09-07 00:41:02,264 - Iter 37640: obj=-1377.108733, change=1.68e-06, α=1.000, ‖θ[1:]‖₁=2081.262, γ=90658.032, num_knots=1648
2025-09-07 00:41:02,590 - Iter 37650: obj=-1377.108802, change=1.68e-06, α=1.000, ‖θ[1:]‖₁=2081.262, γ=90658.032, num_knots=1648
2025-09-07 00:41:02,968 - Iter 37660: obj=-1377.108871, change=1.68e-06, α=1.000, ‖θ[1:]‖₁=2081.262, γ=90658.032, num_knots=1648
2025-09-07 00:41:03,313 - Iter 37670: obj=-1377.108940, change=1.68e-06, α=1.000, ‖θ[1:]‖₁=2081.261, γ=90658.032, num_knots=1648
2025-09-07 00:41:03,663 - Iter 37680: obj=-1377.109009, change=1.68e-06, α=1.000, ‖θ[1:]‖₁=2081.261, γ=90658.032, num_knots=1648
2025-09-07 00:41:04,016 - Iter 37690: obj=-1377.109077, change=1.68e-06, α=1.000, ‖θ[1:]‖₁=2081.261, γ=90658.032, num_knots=1648
2025-09-07 00:41:04,361 - Iter 37700: obj=-1377.109146, change=1.68e-06, α=1.000, ‖θ[1:]‖₁=2081.261, γ=90658.032, num_knots=1648
2025-09-07 00:41:04,723 - Iter 37710: obj=-1377.109215, change=1.68e-06, α=1.000, ‖θ[1:]‖₁=2081.261, γ=90658.032, num_knots=1648
2025-09-07 00:41:05,048 - Iter 37720: obj=-1377.109284, change=1.68e-06, α=1.000, ‖θ[1:]‖₁=2081.261, γ=90658.032, num_knots=1648
2025-09-07 00:41:05,376 - Iter 37730: obj=-1377.109353, change=1.68e-06, α=1.000, ‖θ[1:]‖₁=2081.260, γ=90658.032, num_knots=1648
2025-09-07 00:41:05,747 - Iter 37740: obj=-1377.109422, change=1.68e-06, α=1.000, ‖θ[1:]‖₁=2081.260, γ=90658.032, num_knots=1648
2025-09-07 00:41:06,062 - Iter 37750: obj=-1377.109491, change=1.68e-06, α=1.000, ‖θ[1:]‖₁=2081.260, γ=90658.032, num_knots=1648
2025-09-07 00:41:06,412 - Iter 37760: obj=-1377.109559, change=1.68e-06, α=1.000, ‖θ[1:]‖₁=2081.260, γ=90658.032, num_knots=1648
2025-09-07 00:41:06,751 - Iter 37770: obj=-1377.109628, change=1.68e-06, α=1.000, ‖θ[1:]‖₁=2081.260, γ=90658.032, num_knots=1648
2025-09-07 00:41:07,115 - Iter 37780: obj=-1377.109697, change=1.68e-06, α=1.000, ‖θ[1:]‖₁=2081.259, γ=90658.032, num_knots=1648
2025-09-07 00:41:07,472 - Iter 37790: obj=-1377.109766, change=1.68e-06, α=1.000, ‖θ[1:]‖₁=2081.259, γ=90658.032, num_knots=1648
2025-09-07 00:41:07,846 - Iter 37800: obj=-1377.109835, change=1.68e-06, α=1.000, ‖θ[1:]‖₁=2081.259, γ=90658.032, num_knots=1648
2025-09-07 00:41:08,273 - Iter 37810: obj=-1377.109904, change=1.68e-06, α=1.000, ‖θ[1:]‖₁=2081.259, γ=90658.032, num_knots=1648
2025-09-07 00:41:08,628 - Iter 37820: obj=-1377.109973, change=1.68e-06, α=1.000, ‖θ[1:]‖₁=2081.259, γ=90658.032, num_knots=1648
2025-09-07 00:41:08,978 - Iter 37830: obj=-1377.110041, change=1.68e-06, α=1.000, ‖θ[1:]‖₁=2081.259, γ=90658.032, num_knots=1648
2025-09-07 00:41:09,293 - Iter 37840: obj=-1377.110110, change=1.68e-06, α=1.000, ‖θ[1:]‖₁=2081.258, γ=90658.032, num_knots=1648
2025-09-07 00:41:09,617 - Iter 37850: obj=-1377.110179, change=1.68e-06, α=1.000, ‖θ[1:]‖₁=2081.258, γ=90658.032, num_knots=1648
2025-09-07 00:41:09,963 - Iter 37860: obj=-1377.110248, change=1.68e-06, α=1.000, ‖θ[1:]‖₁=2081.258, γ=90658.032, num_knots=1648
2025-09-07 00:41:10,327 - Iter 37870: obj=-1377.110317, change=1.68e-06, α=1.000, ‖θ[1:]‖₁=2081.258, γ=90658.032, num_knots=1648
2025-09-07 00:41:10,666 - Iter 37880: obj=-1377.110386, change=1.68e-06, α=1.000, ‖θ[1:]‖₁=2081.258, γ=90658.032, num_knots=1648
2025-09-07 00:41:11,029 - Iter 37890: obj=-1377.110455, change=1.68e-06, α=1.000, ‖θ[1:]‖₁=2081.257, γ=90658.032, num_knots=1648
2025-09-07 00:41:11,405 - Iter 37900: obj=-1377.110523, change=1.68e-06, α=1.000, ‖θ[1:]‖₁=2081.257, γ=90658.032, num_knots=1648
2025-09-07 00:41:11,760 - Iter 37910: obj=-1377.110592, change=1.68e-06, α=1.000, ‖θ[1:]‖₁=2081.257, γ=90658.032, num_knots=1648
2025-09-07 00:41:12,065 - Iter 37920: obj=-1377.110661, change=1.68e-06, α=1.000, ‖θ[1:]‖₁=2081.257, γ=90658.032, num_knots=1648
2025-09-07 00:41:12,369 - Iter 37930: obj=-1377.110730, change=1.68e-06, α=1.000, ‖θ[1:]‖₁=2081.257, γ=90658.032, num_knots=1648
2025-09-07 00:41:12,715 - Iter 37940: obj=-1377.110799, change=1.68e-06, α=1.000, ‖θ[1:]‖₁=2081.257, γ=90658.032, num_knots=1648
2025-09-07 00:41:13,077 - Iter 37950: obj=-1377.110868, change=1.68e-06, α=1.000, ‖θ[1:]‖₁=2081.256, γ=90658.032, num_knots=1648
2025-09-07 00:41:13,426 - Iter 37960: obj=-1377.110936, change=1.68e-06, α=1.000, ‖θ[1:]‖₁=2081.256, γ=90658.032, num_knots=1648
2025-09-07 00:41:13,753 - Iter 37970: obj=-1377.111005, change=1.68e-06, α=1.000, ‖θ[1:]‖₁=2081.256, γ=90658.032, num_knots=1648
2025-09-07 00:41:14,097 - Iter 37980: obj=-1377.111074, change=1.68e-06, α=1.000, ‖θ[1:]‖₁=2081.256, γ=90658.032, num_knots=1648
2025-09-07 00:41:14,421 - Iter 37990: obj=-1377.111143, change=1.68e-06, α=1.000, ‖θ[1:]‖₁=2081.256, γ=90658.032, num_knots=1648
2025-09-07 00:41:14,759 - Iter 38000: obj=-1377.111212, change=1.68e-06, α=1.000, ‖θ[1:]‖₁=2081.255, γ=90658.032, num_knots=1648
2025-09-07 00:41:15,129 - Iter 38010: obj=-1377.111281, change=1.68e-06, α=1.000, ‖θ[1:]‖₁=2081.255, γ=90658.032, num_knots=1648
2025-09-07 00:41:15,480 - Iter 38020: obj=-1377.111350, change=1.68e-06, α=1.000, ‖θ[1:]‖₁=2081.255, γ=90658.032, num_knots=1648
2025-09-07 00:41:15,836 - Iter 38030: obj=-1377.111418, change=1.68e-06, α=1.000, ‖θ[1:]‖₁=2081.255, γ=90658.032, num_knots=1648
2025-09-07 00:41:16,235 - Iter 38040: obj=-1377.111487, change=1.68e-06, α=1.000, ‖θ[1:]‖₁=2081.255, γ=90658.032, num_knots=1648
2025-09-07 00:41:16,601 - Iter 38050: obj=-1377.111556, change=1.68e-06, α=1.000, ‖θ[1:]‖₁=2081.255, γ=90658.032, num_knots=1648
2025-09-07 00:41:16,926 - Iter 38060: obj=-1377.111625, change=1.68e-06, α=1.000, ‖θ[1:]‖₁=2081.254, γ=90658.032, num_knots=1648
2025-09-07 00:41:17,234 - Iter 38070: obj=-1377.111694, change=1.68e-06, α=1.000, ‖θ[1:]‖₁=2081.254, γ=90658.032, num_knots=1648
2025-09-07 00:41:17,557 - Iter 38080: obj=-1377.111763, change=1.68e-06, α=1.000, ‖θ[1:]‖₁=2081.254, γ=90658.032, num_knots=1648
2025-09-07 00:41:17,939 - Iter 38090: obj=-1377.111832, change=1.68e-06, α=1.000, ‖θ[1:]‖₁=2081.254, γ=90658.032, num_knots=1648
2025-09-07 00:41:18,299 - Iter 38100: obj=-1377.111900, change=1.68e-06, α=1.000, ‖θ[1:]‖₁=2081.254, γ=90658.032, num_knots=1648
2025-09-07 00:41:18,757 - Iter 38110: obj=-1377.111969, change=1.68e-06, α=1.000, ‖θ[1:]‖₁=2081.253, γ=90658.032, num_knots=1648
2025-09-07 00:41:19,116 - Iter 38120: obj=-1377.112038, change=1.68e-06, α=1.000, ‖θ[1:]‖₁=2081.253, γ=90658.032, num_knots=1648
2025-09-07 00:41:19,466 - Iter 38130: obj=-1377.112107, change=1.68e-06, α=1.000, ‖θ[1:]‖₁=2081.253, γ=90658.032, num_knots=1648
2025-09-07 00:41:19,777 - Iter 38140: obj=-1377.112176, change=1.68e-06, α=1.000, ‖θ[1:]‖₁=2081.253, γ=90658.032, num_knots=1648
2025-09-07 00:41:20,113 - Iter 38150: obj=-1377.112245, change=1.68e-06, α=1.000, ‖θ[1:]‖₁=2081.253, γ=90658.032, num_knots=1648
2025-09-07 00:41:20,447 - Iter 38160: obj=-1377.112313, change=1.68e-06, α=1.000, ‖θ[1:]‖₁=2081.253, γ=90658.032, num_knots=1648
2025-09-07 00:41:20,805 - Iter 38170: obj=-1377.112382, change=1.68e-06, α=1.000, ‖θ[1:]‖₁=2081.252, γ=90658.032, num_knots=1648
2025-09-07 00:41:21,113 - Iter 38180: obj=-1377.112451, change=1.68e-06, α=1.000, ‖θ[1:]‖₁=2081.252, γ=90658.032, num_knots=1648
2025-09-07 00:41:21,461 - Iter 38190: obj=-1377.112520, change=1.68e-06, α=1.000, ‖θ[1:]‖₁=2081.252, γ=90658.032, num_knots=1648
2025-09-07 00:41:21,761 - Iter 38200: obj=-1377.112589, change=1.68e-06, α=1.000, ‖θ[1:]‖₁=2081.252, γ=90658.032, num_knots=1648
2025-09-07 00:41:22,095 - Iter 38210: obj=-1377.112658, change=1.68e-06, α=1.000, ‖θ[1:]‖₁=2081.252, γ=90658.032, num_knots=1648
2025-09-07 00:41:22,506 - Iter 38220: obj=-1377.112727, change=1.68e-06, α=1.000, ‖θ[1:]‖₁=2081.251, γ=90658.032, num_knots=1648
2025-09-07 00:41:22,829 - Iter 38230: obj=-1377.112795, change=1.68e-06, α=1.000, ‖θ[1:]‖₁=2081.251, γ=90658.032, num_knots=1648
2025-09-07 00:41:23,165 - Iter 38240: obj=-1377.112864, change=1.68e-06, α=1.000, ‖θ[1:]‖₁=2081.251, γ=90658.032, num_knots=1648
2025-09-07 00:41:23,503 - Iter 38250: obj=-1377.112933, change=1.68e-06, α=1.000, ‖θ[1:]‖₁=2081.251, γ=90658.032, num_knots=1648
2025-09-07 00:41:23,877 - Iter 38260: obj=-1377.113002, change=1.68e-06, α=1.000, ‖θ[1:]‖₁=2081.251, γ=90658.032, num_knots=1648
2025-09-07 00:41:24,192 - Iter 38270: obj=-1377.113071, change=1.68e-06, α=1.000, ‖θ[1:]‖₁=2081.250, γ=90658.032, num_knots=1648
2025-09-07 00:41:24,551 - Iter 38280: obj=-1377.113140, change=1.68e-06, α=1.000, ‖θ[1:]‖₁=2081.250, γ=90658.032, num_knots=1648
2025-09-07 00:41:24,868 - Iter 38290: obj=-1377.113209, change=1.68e-06, α=1.000, ‖θ[1:]‖₁=2081.250, γ=90658.032, num_knots=1648
2025-09-07 00:41:25,215 - Iter 38300: obj=-1377.113277, change=1.68e-06, α=1.000, ‖θ[1:]‖₁=2081.250, γ=90658.032, num_knots=1648
2025-09-07 00:41:25,524 - Iter 38310: obj=-1377.113346, change=1.68e-06, α=1.000, ‖θ[1:]‖₁=2081.250, γ=90658.032, num_knots=1648
2025-09-07 00:41:25,899 - Iter 38320: obj=-1377.113415, change=1.68e-06, α=1.000, ‖θ[1:]‖₁=2081.250, γ=90658.032, num_knots=1648
2025-09-07 00:41:26,211 - Iter 38330: obj=-1377.113484, change=1.68e-06, α=1.000, ‖θ[1:]‖₁=2081.249, γ=90658.032, num_knots=1648
2025-09-07 00:41:26,557 - Iter 38340: obj=-1377.113553, change=1.68e-06, α=1.000, ‖θ[1:]‖₁=2081.249, γ=90658.032, num_knots=1648
2025-09-07 00:41:26,897 - Iter 38350: obj=-1377.113622, change=1.68e-06, α=1.000, ‖θ[1:]‖₁=2081.249, γ=90658.032, num_knots=1648
2025-09-07 00:41:27,333 - Iter 38360: obj=-1377.113690, change=1.68e-06, α=1.000, ‖θ[1:]‖₁=2081.249, γ=90658.032, num_knots=1648
2025-09-07 00:41:27,660 - Iter 38370: obj=-1377.113759, change=1.68e-06, α=1.000, ‖θ[1:]‖₁=2081.249, γ=90658.032, num_knots=1648
2025-09-07 00:41:28,075 - Iter 38380: obj=-1377.113828, change=1.68e-06, α=1.000, ‖θ[1:]‖₁=2081.248, γ=90658.032, num_knots=1648
2025-09-07 00:41:28,498 - Iter 38390: obj=-1377.113897, change=1.68e-06, α=1.000, ‖θ[1:]‖₁=2081.248, γ=90658.032, num_knots=1648
2025-09-07 00:41:28,861 - Iter 38400: obj=-1377.113966, change=1.68e-06, α=1.000, ‖θ[1:]‖₁=2081.248, γ=90658.032, num_knots=1648
2025-09-07 00:41:29,246 - Iter 38410: obj=-1377.114035, change=1.68e-06, α=1.000, ‖θ[1:]‖₁=2081.248, γ=90658.032, num_knots=1648
2025-09-07 00:41:29,579 - Iter 38420: obj=-1377.114104, change=1.68e-06, α=1.000, ‖θ[1:]‖₁=2081.248, γ=90658.032, num_knots=1648
2025-09-07 00:41:29,890 - Iter 38430: obj=-1377.114172, change=1.68e-06, α=1.000, ‖θ[1:]‖₁=2081.248, γ=90658.032, num_knots=1648
2025-09-07 00:41:30,261 - Iter 38440: obj=-1377.114241, change=1.68e-06, α=1.000, ‖θ[1:]‖₁=2081.247, γ=90658.032, num_knots=1648
2025-09-07 00:41:30,629 - Iter 38450: obj=-1377.114310, change=1.68e-06, α=1.000, ‖θ[1:]‖₁=2081.247, γ=90658.032, num_knots=1648
2025-09-07 00:41:30,963 - Iter 38460: obj=-1377.114379, change=1.68e-06, α=1.000, ‖θ[1:]‖₁=2081.247, γ=90658.032, num_knots=1648
2025-09-07 00:41:31,325 - Iter 38470: obj=-1377.114448, change=1.68e-06, α=1.000, ‖θ[1:]‖₁=2081.247, γ=90658.032, num_knots=1648
2025-09-07 00:41:31,692 - Iter 38480: obj=-1377.114517, change=1.68e-06, α=1.000, ‖θ[1:]‖₁=2081.247, γ=90658.032, num_knots=1648
2025-09-07 00:41:32,060 - Iter 38490: obj=-1377.114585, change=1.68e-06, α=1.000, ‖θ[1:]‖₁=2081.246, γ=90658.032, num_knots=1648
2025-09-07 00:41:32,410 - Iter 38500: obj=-1377.114654, change=1.68e-06, α=1.000, ‖θ[1:]‖₁=2081.246, γ=90658.032, num_knots=1648
2025-09-07 00:41:32,746 - Iter 38510: obj=-1377.114723, change=1.68e-06, α=1.000, ‖θ[1:]‖₁=2081.246, γ=90658.032, num_knots=1648
2025-09-07 00:41:33,096 - Iter 38520: obj=-1377.114792, change=1.68e-06, α=1.000, ‖θ[1:]‖₁=2081.246, γ=90658.032, num_knots=1648
2025-09-07 00:41:33,415 - Iter 38530: obj=-1377.114861, change=1.68e-06, α=1.000, ‖θ[1:]‖₁=2081.246, γ=90658.032, num_knots=1648
2025-09-07 00:41:33,750 - Iter 38540: obj=-1377.114930, change=1.68e-06, α=1.000, ‖θ[1:]‖₁=2081.246, γ=90658.032, num_knots=1648
2025-09-07 00:41:34,126 - Iter 38550: obj=-1377.114999, change=1.68e-06, α=1.000, ‖θ[1:]‖₁=2081.245, γ=90658.032, num_knots=1648
2025-09-07 00:41:34,498 - Iter 38560: obj=-1377.115067, change=1.68e-06, α=1.000, ‖θ[1:]‖₁=2081.245, γ=90658.032, num_knots=1648
2025-09-07 00:41:34,863 - Iter 38570: obj=-1377.115136, change=1.68e-06, α=1.000, ‖θ[1:]‖₁=2081.245, γ=90658.032, num_knots=1648
2025-09-07 00:41:35,198 - Iter 38580: obj=-1377.115205, change=1.68e-06, α=1.000, ‖θ[1:]‖₁=2081.245, γ=90658.032, num_knots=1648
2025-09-07 00:41:35,510 - Iter 38590: obj=-1377.115274, change=1.68e-06, α=1.000, ‖θ[1:]‖₁=2081.245, γ=90658.032, num_knots=1648
2025-09-07 00:41:35,846 - Iter 38600: obj=-1377.115343, change=1.68e-06, α=1.000, ‖θ[1:]‖₁=2081.244, γ=90658.032, num_knots=1648
2025-09-07 00:41:36,188 - Iter 38610: obj=-1377.115412, change=1.68e-06, α=1.000, ‖θ[1:]‖₁=2081.244, γ=90658.032, num_knots=1648
2025-09-07 00:41:36,526 - Iter 38620: obj=-1377.115480, change=1.68e-06, α=1.000, ‖θ[1:]‖₁=2081.244, γ=90658.032, num_knots=1648
2025-09-07 00:41:36,883 - Iter 38630: obj=-1377.115549, change=1.68e-06, α=1.000, ‖θ[1:]‖₁=2081.244, γ=90658.032, num_knots=1648
2025-09-07 00:41:37,217 - Iter 38640: obj=-1377.115618, change=1.68e-06, α=1.000, ‖θ[1:]‖₁=2081.244, γ=90658.032, num_knots=1648
2025-09-07 00:41:37,574 - Iter 38650: obj=-1377.115687, change=1.68e-06, α=1.000, ‖θ[1:]‖₁=2081.244, γ=90658.032, num_knots=1648
2025-09-07 00:41:37,947 - Iter 38660: obj=-1377.115756, change=1.68e-06, α=1.000, ‖θ[1:]‖₁=2081.243, γ=90658.032, num_knots=1648
2025-09-07 00:41:38,297 - Iter 38670: obj=-1377.115825, change=1.68e-06, α=1.000, ‖θ[1:]‖₁=2081.243, γ=90658.032, num_knots=1648
2025-09-07 00:41:38,596 - Iter 38680: obj=-1377.115893, change=1.68e-06, α=1.000, ‖θ[1:]‖₁=2081.243, γ=90658.032, num_knots=1648
2025-09-07 00:41:38,925 - Iter 38690: obj=-1377.115962, change=1.68e-06, α=1.000, ‖θ[1:]‖₁=2081.243, γ=90658.032, num_knots=1648
2025-09-07 00:41:39,249 - Iter 38700: obj=-1377.116031, change=1.68e-06, α=1.000, ‖θ[1:]‖₁=2081.243, γ=90658.032, num_knots=1648
2025-09-07 00:41:39,608 - Iter 38710: obj=-1377.116100, change=1.68e-06, α=1.000, ‖θ[1:]‖₁=2081.242, γ=90658.032, num_knots=1648
2025-09-07 00:41:39,942 - Iter 38720: obj=-1377.116169, change=1.68e-06, α=1.000, ‖θ[1:]‖₁=2081.242, γ=90658.032, num_knots=1648
2025-09-07 00:41:40,279 - Iter 38730: obj=-1377.116238, change=1.68e-06, α=1.000, ‖θ[1:]‖₁=2081.242, γ=90658.032, num_knots=1648
2025-09-07 00:41:40,607 - Iter 38740: obj=-1377.116307, change=1.68e-06, α=1.000, ‖θ[1:]‖₁=2081.242, γ=90658.032, num_knots=1648
2025-09-07 00:41:40,974 - Iter 38750: obj=-1377.116375, change=1.68e-06, α=1.000, ‖θ[1:]‖₁=2081.242, γ=90658.032, num_knots=1648
2025-09-07 00:41:41,351 - Iter 38760: obj=-1377.116444, change=1.68e-06, α=1.000, ‖θ[1:]‖₁=2081.242, γ=90658.032, num_knots=1648
2025-09-07 00:41:41,691 - Iter 38770: obj=-1377.116513, change=1.68e-06, α=1.000, ‖θ[1:]‖₁=2081.241, γ=90658.032, num_knots=1648
2025-09-07 00:41:42,039 - Iter 38780: obj=-1377.116582, change=1.68e-06, α=1.000, ‖θ[1:]‖₁=2081.241, γ=90658.032, num_knots=1648
2025-09-07 00:41:42,361 - Iter 38790: obj=-1377.116651, change=1.68e-06, α=1.000, ‖θ[1:]‖₁=2081.241, γ=90658.032, num_knots=1648
2025-09-07 00:41:42,696 - Iter 38800: obj=-1377.116720, change=1.68e-06, α=1.000, ‖θ[1:]‖₁=2081.241, γ=90658.032, num_knots=1648
2025-09-07 00:41:43,027 - Iter 38810: obj=-1377.116788, change=1.68e-06, α=1.000, ‖θ[1:]‖₁=2081.241, γ=90658.032, num_knots=1648
2025-09-07 00:41:43,371 - Iter 38820: obj=-1377.116857, change=1.68e-06, α=1.000, ‖θ[1:]‖₁=2081.240, γ=90658.032, num_knots=1648
2025-09-07 00:41:43,687 - Iter 38830: obj=-1377.116926, change=1.68e-06, α=1.000, ‖θ[1:]‖₁=2081.240, γ=90658.032, num_knots=1648
2025-09-07 00:41:43,996 - Iter 38840: obj=-1377.116995, change=1.68e-06, α=1.000, ‖θ[1:]‖₁=2081.240, γ=90658.032, num_knots=1648
2025-09-07 00:41:44,353 - Iter 38850: obj=-1377.117064, change=1.68e-06, α=1.000, ‖θ[1:]‖₁=2081.240, γ=90658.032, num_knots=1648
2025-09-07 00:41:44,691 - Iter 38860: obj=-1377.117133, change=1.68e-06, α=1.000, ‖θ[1:]‖₁=2081.240, γ=90658.032, num_knots=1648
2025-09-07 00:41:45,071 - Iter 38870: obj=-1377.117201, change=1.68e-06, α=1.000, ‖θ[1:]‖₁=2081.240, γ=90658.032, num_knots=1648
2025-09-07 00:41:45,426 - Iter 38880: obj=-1377.117270, change=1.68e-06, α=1.000, ‖θ[1:]‖₁=2081.239, γ=90658.032, num_knots=1648
2025-09-07 00:41:45,761 - Iter 38890: obj=-1377.117339, change=1.68e-06, α=1.000, ‖θ[1:]‖₁=2081.239, γ=90658.032, num_knots=1648
2025-09-07 00:41:46,211 - Iter 38900: obj=-1377.117408, change=1.68e-06, α=1.000, ‖θ[1:]‖₁=2081.239, γ=90658.032, num_knots=1648
2025-09-07 00:41:46,608 - Iter 38910: obj=-1377.117477, change=1.68e-06, α=1.000, ‖θ[1:]‖₁=2081.239, γ=90658.032, num_knots=1648
2025-09-07 00:41:47,025 - Iter 38920: obj=-1377.117546, change=1.68e-06, α=1.000, ‖θ[1:]‖₁=2081.239, γ=90658.032, num_knots=1648
2025-09-07 00:41:47,410 - Iter 38930: obj=-1377.117615, change=1.68e-06, α=1.000, ‖θ[1:]‖₁=2081.238, γ=90658.032, num_knots=1648
2025-09-07 00:41:47,744 - Iter 38940: obj=-1377.117683, change=1.68e-06, α=1.000, ‖θ[1:]‖₁=2081.238, γ=90658.032, num_knots=1648
2025-09-07 00:41:48,078 - Iter 38950: obj=-1377.117752, change=1.68e-06, α=1.000, ‖θ[1:]‖₁=2081.238, γ=90658.032, num_knots=1648
2025-09-07 00:41:48,429 - Iter 38960: obj=-1377.117821, change=1.68e-06, α=1.000, ‖θ[1:]‖₁=2081.238, γ=90658.032, num_knots=1648
2025-09-07 00:41:48,847 - Iter 38970: obj=-1377.117890, change=1.68e-06, α=1.000, ‖θ[1:]‖₁=2081.238, γ=90658.032, num_knots=1648
2025-09-07 00:41:49,209 - Iter 38980: obj=-1377.117959, change=1.68e-06, α=1.000, ‖θ[1:]‖₁=2081.237, γ=90658.032, num_knots=1648
2025-09-07 00:41:49,564 - Iter 38990: obj=-1377.118028, change=1.68e-06, α=1.000, ‖θ[1:]‖₁=2081.237, γ=90658.032, num_knots=1648
2025-09-07 00:41:49,907 - Iter 39000: obj=-1377.118096, change=1.68e-06, α=1.000, ‖θ[1:]‖₁=2081.237, γ=90658.032, num_knots=1648
2025-09-07 00:41:50,228 - Iter 39010: obj=-1377.118165, change=1.68e-06, α=1.000, ‖θ[1:]‖₁=2081.237, γ=90658.032, num_knots=1648
2025-09-07 00:41:50,612 - Iter 39020: obj=-1377.118234, change=1.68e-06, α=1.000, ‖θ[1:]‖₁=2081.237, γ=90658.032, num_knots=1648
2025-09-07 00:41:50,919 - Iter 39030: obj=-1377.118303, change=1.68e-06, α=1.000, ‖θ[1:]‖₁=2081.237, γ=90658.032, num_knots=1648
2025-09-07 00:41:51,272 - Iter 39040: obj=-1377.118372, change=1.68e-06, α=1.000, ‖θ[1:]‖₁=2081.236, γ=90658.032, num_knots=1648
2025-09-07 00:41:51,646 - Iter 39050: obj=-1377.118441, change=1.68e-06, α=1.000, ‖θ[1:]‖₁=2081.236, γ=90658.032, num_knots=1648
2025-09-07 00:41:52,007 - Iter 39060: obj=-1377.118509, change=1.68e-06, α=1.000, ‖θ[1:]‖₁=2081.236, γ=90658.032, num_knots=1648
2025-09-07 00:41:52,331 - Iter 39070: obj=-1377.118578, change=1.68e-06, α=1.000, ‖θ[1:]‖₁=2081.236, γ=90658.032, num_knots=1648
2025-09-07 00:41:52,646 - Iter 39080: obj=-1377.118647, change=1.68e-06, α=1.000, ‖θ[1:]‖₁=2081.236, γ=90658.032, num_knots=1648
2025-09-07 00:41:52,981 - Iter 39090: obj=-1377.118716, change=1.68e-06, α=1.000, ‖θ[1:]‖₁=2081.235, γ=90658.032, num_knots=1648
2025-09-07 00:41:53,322 - Iter 39100: obj=-1377.118785, change=1.68e-06, α=1.000, ‖θ[1:]‖₁=2081.235, γ=90658.032, num_knots=1648
2025-09-07 00:41:53,715 - Iter 39110: obj=-1377.118854, change=1.68e-06, α=1.000, ‖θ[1:]‖₁=2081.235, γ=90658.032, num_knots=1648
2025-09-07 00:41:54,059 - Iter 39120: obj=-1377.118922, change=1.68e-06, α=1.000, ‖θ[1:]‖₁=2081.235, γ=90658.032, num_knots=1648
2025-09-07 00:41:54,412 - Iter 39130: obj=-1377.118991, change=1.68e-06, α=1.000, ‖θ[1:]‖₁=2081.235, γ=90658.032, num_knots=1648
2025-09-07 00:41:54,716 - Iter 39140: obj=-1377.119060, change=1.68e-06, α=1.000, ‖θ[1:]‖₁=2081.235, γ=90658.032, num_knots=1648
2025-09-07 00:41:55,072 - Iter 39150: obj=-1377.119129, change=1.68e-06, α=1.000, ‖θ[1:]‖₁=2081.234, γ=90658.032, num_knots=1648
2025-09-07 00:41:55,402 - Iter 39160: obj=-1377.119198, change=1.68e-06, α=1.000, ‖θ[1:]‖₁=2081.234, γ=90658.032, num_knots=1648
2025-09-07 00:41:55,752 - Iter 39170: obj=-1377.119267, change=1.68e-06, α=1.000, ‖θ[1:]‖₁=2081.234, γ=90658.032, num_knots=1648
2025-09-07 00:41:56,135 - Iter 39180: obj=-1377.119336, change=1.68e-06, α=1.000, ‖θ[1:]‖₁=2081.234, γ=90658.032, num_knots=1648
2025-09-07 00:41:56,469 - Iter 39190: obj=-1377.119404, change=1.68e-06, α=1.000, ‖θ[1:]‖₁=2081.234, γ=90658.032, num_knots=1648
2025-09-07 00:41:56,801 - Iter 39200: obj=-1377.119473, change=1.68e-06, α=1.000, ‖θ[1:]‖₁=2081.233, γ=90658.032, num_knots=1648
2025-09-07 00:41:57,163 - Iter 39210: obj=-1377.119542, change=1.68e-06, α=1.000, ‖θ[1:]‖₁=2081.233, γ=90658.032, num_knots=1648
2025-09-07 00:41:57,499 - Iter 39220: obj=-1377.119611, change=1.68e-06, α=1.000, ‖θ[1:]‖₁=2081.233, γ=90658.032, num_knots=1648
2025-09-07 00:41:57,839 - Iter 39230: obj=-1377.119680, change=1.68e-06, α=1.000, ‖θ[1:]‖₁=2081.233, γ=90658.032, num_knots=1648
2025-09-07 00:41:58,163 - Iter 39240: obj=-1377.119749, change=1.68e-06, α=1.000, ‖θ[1:]‖₁=2081.233, γ=90658.032, num_knots=1648
2025-09-07 00:41:58,529 - Iter 39250: obj=-1377.119817, change=1.68e-06, α=1.000, ‖θ[1:]‖₁=2081.233, γ=90658.032, num_knots=1648
2025-09-07 00:41:58,859 - Iter 39260: obj=-1377.119886, change=1.68e-06, α=1.000, ‖θ[1:]‖₁=2081.232, γ=90658.032, num_knots=1648
2025-09-07 00:41:59,197 - Iter 39270: obj=-1377.119955, change=1.68e-06, α=1.000, ‖θ[1:]‖₁=2081.232, γ=90658.032, num_knots=1648
2025-09-07 00:41:59,516 - Iter 39280: obj=-1377.120024, change=1.68e-06, α=1.000, ‖θ[1:]‖₁=2081.232, γ=90658.032, num_knots=1648
2025-09-07 00:41:59,881 - Iter 39290: obj=-1377.120093, change=1.68e-06, α=1.000, ‖θ[1:]‖₁=2081.232, γ=90658.032, num_knots=1648
2025-09-07 00:42:00,251 - Iter 39300: obj=-1377.120162, change=1.68e-06, α=1.000, ‖θ[1:]‖₁=2081.232, γ=90658.032, num_knots=1648
2025-09-07 00:42:00,566 - Iter 39310: obj=-1377.120230, change=1.68e-06, α=1.000, ‖θ[1:]‖₁=2081.231, γ=90658.032, num_knots=1648
2025-09-07 00:42:00,950 - Iter 39320: obj=-1377.120299, change=1.68e-06, α=1.000, ‖θ[1:]‖₁=2081.231, γ=90658.032, num_knots=1648
2025-09-07 00:42:01,311 - Iter 39330: obj=-1377.120368, change=1.68e-06, α=1.000, ‖θ[1:]‖₁=2081.231, γ=90658.032, num_knots=1648
2025-09-07 00:42:01,677 - Iter 39340: obj=-1377.120437, change=1.68e-06, α=1.000, ‖θ[1:]‖₁=2081.231, γ=90658.032, num_knots=1648
2025-09-07 00:42:02,031 - Iter 39350: obj=-1377.120506, change=1.68e-06, α=1.000, ‖θ[1:]‖₁=2081.231, γ=90658.032, num_knots=1648
2025-09-07 00:42:02,336 - Iter 39360: obj=-1377.120575, change=1.68e-06, α=1.000, ‖θ[1:]‖₁=2081.231, γ=90658.032, num_knots=1648
2025-09-07 00:42:02,675 - Iter 39370: obj=-1377.120643, change=1.68e-06, α=1.000, ‖θ[1:]‖₁=2081.230, γ=90658.032, num_knots=1648
2025-09-07 00:42:03,007 - Iter 39380: obj=-1377.120712, change=1.68e-06, α=1.000, ‖θ[1:]‖₁=2081.230, γ=90658.032, num_knots=1648
2025-09-07 00:42:03,356 - Iter 39390: obj=-1377.120781, change=1.68e-06, α=1.000, ‖θ[1:]‖₁=2081.230, γ=90658.032, num_knots=1648
2025-09-07 00:42:03,705 - Iter 39400: obj=-1377.120850, change=1.68e-06, α=1.000, ‖θ[1:]‖₁=2081.230, γ=90658.032, num_knots=1648
2025-09-07 00:42:04,008 - Iter 39410: obj=-1377.120919, change=1.68e-06, α=1.000, ‖θ[1:]‖₁=2081.230, γ=90658.032, num_knots=1648
2025-09-07 00:42:04,358 - Iter 39420: obj=-1377.120988, change=1.68e-06, α=1.000, ‖θ[1:]‖₁=2081.229, γ=90658.032, num_knots=1648
2025-09-07 00:42:04,640 - Iter 39430: obj=-1377.121056, change=1.68e-06, α=1.000, ‖θ[1:]‖₁=2081.229, γ=90658.032, num_knots=1648
2025-09-07 00:42:04,995 - Iter 39440: obj=-1377.121125, change=1.68e-06, α=1.000, ‖θ[1:]‖₁=2081.229, γ=90658.032, num_knots=1648
2025-09-07 00:42:05,424 - Iter 39450: obj=-1377.121194, change=1.68e-06, α=1.000, ‖θ[1:]‖₁=2081.229, γ=90658.032, num_knots=1648
2025-09-07 00:42:05,780 - Iter 39460: obj=-1377.121263, change=1.68e-06, α=1.000, ‖θ[1:]‖₁=2081.229, γ=90658.032, num_knots=1648
2025-09-07 00:42:06,158 - Iter 39470: obj=-1377.121332, change=1.68e-06, α=1.000, ‖θ[1:]‖₁=2081.229, γ=90658.032, num_knots=1648
2025-09-07 00:42:06,590 - Iter 39480: obj=-1377.121401, change=1.68e-06, α=1.000, ‖θ[1:]‖₁=2081.228, γ=90658.032, num_knots=1648
2025-09-07 00:42:06,960 - Iter 39490: obj=-1377.121469, change=1.68e-06, α=1.000, ‖θ[1:]‖₁=2081.228, γ=90658.032, num_knots=1648
2025-09-07 00:42:07,261 - Iter 39500: obj=-1377.121538, change=1.68e-06, α=1.000, ‖θ[1:]‖₁=2081.228, γ=90658.032, num_knots=1648
2025-09-07 00:42:07,604 - Iter 39510: obj=-1377.121607, change=1.68e-06, α=1.000, ‖θ[1:]‖₁=2081.228, γ=90658.032, num_knots=1648
2025-09-07 00:42:07,959 - Iter 39520: obj=-1377.121676, change=1.68e-06, α=1.000, ‖θ[1:]‖₁=2081.228, γ=90658.032, num_knots=1648
2025-09-07 00:42:08,270 - Iter 39530: obj=-1377.121745, change=1.68e-06, α=1.000, ‖θ[1:]‖₁=2081.227, γ=90658.032, num_knots=1648
2025-09-07 00:42:08,581 - Iter 39540: obj=-1377.121814, change=1.68e-06, α=1.000, ‖θ[1:]‖₁=2081.227, γ=90658.032, num_knots=1648
2025-09-07 00:42:08,873 - Iter 39550: obj=-1377.121882, change=1.68e-06, α=1.000, ‖θ[1:]‖₁=2081.227, γ=90658.032, num_knots=1648
2025-09-07 00:42:09,237 - Iter 39560: obj=-1377.121951, change=1.68e-06, α=1.000, ‖θ[1:]‖₁=2081.227, γ=90658.032, num_knots=1648
2025-09-07 00:42:09,604 - Iter 39570: obj=-1377.122020, change=1.68e-06, α=1.000, ‖θ[1:]‖₁=2081.227, γ=90658.032, num_knots=1648
2025-09-07 00:42:09,928 - Iter 39580: obj=-1377.122089, change=1.68e-06, α=1.000, ‖θ[1:]‖₁=2081.226, γ=90658.032, num_knots=1648
2025-09-07 00:42:10,287 - Iter 39590: obj=-1377.122158, change=1.68e-06, α=1.000, ‖θ[1:]‖₁=2081.226, γ=90658.032, num_knots=1648
2025-09-07 00:42:10,626 - Iter 39600: obj=-1377.122227, change=1.68e-06, α=1.000, ‖θ[1:]‖₁=2081.226, γ=90658.032, num_knots=1648
2025-09-07 00:42:10,974 - Iter 39610: obj=-1377.122295, change=1.68e-06, α=1.000, ‖θ[1:]‖₁=2081.226, γ=90658.032, num_knots=1648
2025-09-07 00:42:11,358 - Iter 39620: obj=-1377.122364, change=1.68e-06, α=1.000, ‖θ[1:]‖₁=2081.226, γ=90658.032, num_knots=1648
2025-09-07 00:42:11,745 - Iter 39630: obj=-1377.122433, change=1.68e-06, α=1.000, ‖θ[1:]‖₁=2081.226, γ=90658.032, num_knots=1648
2025-09-07 00:42:12,064 - Iter 39640: obj=-1377.122502, change=1.68e-06, α=1.000, ‖θ[1:]‖₁=2081.225, γ=90658.032, num_knots=1648
2025-09-07 00:42:12,372 - Iter 39650: obj=-1377.122571, change=1.68e-06, α=1.000, ‖θ[1:]‖₁=2081.225, γ=90658.032, num_knots=1648
2025-09-07 00:42:12,696 - Iter 39660: obj=-1377.122640, change=1.68e-06, α=1.000, ‖θ[1:]‖₁=2081.225, γ=90658.032, num_knots=1648
2025-09-07 00:42:13,012 - Iter 39670: obj=-1377.122708, change=1.68e-06, α=1.000, ‖θ[1:]‖₁=2081.225, γ=90658.032, num_knots=1648
2025-09-07 00:42:13,328 - Iter 39680: obj=-1377.122777, change=1.68e-06, α=1.000, ‖θ[1:]‖₁=2081.225, γ=90658.032, num_knots=1648
2025-09-07 00:42:13,663 - Iter 39690: obj=-1377.122846, change=1.68e-06, α=1.000, ‖θ[1:]‖₁=2081.224, γ=90658.032, num_knots=1648
2025-09-07 00:42:14,017 - Iter 39700: obj=-1377.122915, change=1.68e-06, α=1.000, ‖θ[1:]‖₁=2081.224, γ=90658.032, num_knots=1648
2025-09-07 00:42:14,361 - Iter 39710: obj=-1377.122984, change=1.68e-06, α=1.000, ‖θ[1:]‖₁=2081.224, γ=90658.032, num_knots=1648
2025-09-07 00:42:14,683 - Iter 39720: obj=-1377.123053, change=1.68e-06, α=1.000, ‖θ[1:]‖₁=2081.224, γ=90658.032, num_knots=1648
2025-09-07 00:42:15,015 - Iter 39730: obj=-1377.123121, change=1.68e-06, α=1.000, ‖θ[1:]‖₁=2081.224, γ=90658.032, num_knots=1648
2025-09-07 00:42:15,366 - Iter 39740: obj=-1377.123190, change=1.68e-06, α=1.000, ‖θ[1:]‖₁=2081.224, γ=90658.032, num_knots=1648
2025-09-07 00:42:15,693 - Iter 39750: obj=-1377.123259, change=1.68e-06, α=1.000, ‖θ[1:]‖₁=2081.223, γ=90658.032, num_knots=1648
2025-09-07 00:42:16,094 - Iter 39760: obj=-1377.123328, change=1.68e-06, α=1.000, ‖θ[1:]‖₁=2081.223, γ=90658.032, num_knots=1648
2025-09-07 00:42:16,434 - Iter 39770: obj=-1377.123397, change=1.68e-06, α=1.000, ‖θ[1:]‖₁=2081.223, γ=90658.032, num_knots=1648
2025-09-07 00:42:16,798 - Iter 39780: obj=-1377.123466, change=1.68e-06, α=1.000, ‖θ[1:]‖₁=2081.223, γ=90658.032, num_knots=1648
2025-09-07 00:42:17,159 - Iter 39790: obj=-1377.123534, change=1.68e-06, α=1.000, ‖θ[1:]‖₁=2081.223, γ=90658.032, num_knots=1648
2025-09-07 00:42:17,479 - Iter 39800: obj=-1377.123603, change=1.68e-06, α=1.000, ‖θ[1:]‖₁=2081.222, γ=90658.032, num_knots=1648
2025-09-07 00:42:17,810 - Iter 39810: obj=-1377.123672, change=1.68e-06, α=1.000, ‖θ[1:]‖₁=2081.222, γ=90658.032, num_knots=1648
2025-09-07 00:42:18,137 - Iter 39820: obj=-1377.123741, change=1.68e-06, α=1.000, ‖θ[1:]‖₁=2081.222, γ=90658.032, num_knots=1648
2025-09-07 00:42:18,458 - Iter 39830: obj=-1377.123810, change=1.68e-06, α=1.000, ‖θ[1:]‖₁=2081.222, γ=90658.032, num_knots=1648
2025-09-07 00:42:18,799 - Iter 39840: obj=-1377.123879, change=1.68e-06, α=1.000, ‖θ[1:]‖₁=2081.222, γ=90658.032, num_knots=1648
2025-09-07 00:42:19,147 - Iter 39850: obj=-1377.123947, change=1.68e-06, α=1.000, ‖θ[1:]‖₁=2081.222, γ=90658.032, num_knots=1648
2025-09-07 00:42:19,468 - Iter 39860: obj=-1377.124016, change=1.68e-06, α=1.000, ‖θ[1:]‖₁=2081.221, γ=90658.032, num_knots=1648
2025-09-07 00:42:19,798 - Iter 39870: obj=-1377.124085, change=1.68e-06, α=1.000, ‖θ[1:]‖₁=2081.221, γ=90658.032, num_knots=1648
2025-09-07 00:42:20,151 - Iter 39880: obj=-1377.124154, change=1.68e-06, α=1.000, ‖θ[1:]‖₁=2081.221, γ=90658.032, num_knots=1648
2025-09-07 00:42:20,506 - Iter 39890: obj=-1377.124223, change=1.68e-06, α=1.000, ‖θ[1:]‖₁=2081.221, γ=90658.032, num_knots=1648
2025-09-07 00:42:20,839 - Iter 39900: obj=-1377.124292, change=1.68e-06, α=1.000, ‖θ[1:]‖₁=2081.221, γ=90658.032, num_knots=1648
2025-09-07 00:42:21,167 - Iter 39910: obj=-1377.124360, change=1.68e-06, α=1.000, ‖θ[1:]‖₁=2081.220, γ=90658.032, num_knots=1648
2025-09-07 00:42:21,528 - Iter 39920: obj=-1377.124429, change=1.68e-06, α=1.000, ‖θ[1:]‖₁=2081.220, γ=90658.032, num_knots=1648
2025-09-07 00:42:21,857 - Iter 39930: obj=-1377.124498, change=1.68e-06, α=1.000, ‖θ[1:]‖₁=2081.220, γ=90658.032, num_knots=1647
2025-09-07 00:42:22,239 - Iter 39940: obj=-1377.124567, change=1.68e-06, α=1.000, ‖θ[1:]‖₁=2081.220, γ=90658.032, num_knots=1647
2025-09-07 00:42:22,618 - Iter 39950: obj=-1377.124636, change=1.68e-06, α=1.000, ‖θ[1:]‖₁=2081.220, γ=90658.032, num_knots=1647
2025-09-07 00:42:23,014 - Iter 39960: obj=-1377.124704, change=1.68e-06, α=1.000, ‖θ[1:]‖₁=2081.220, γ=90658.032, num_knots=1647
2025-09-07 00:42:23,403 - Iter 39970: obj=-1377.124773, change=1.68e-06, α=1.000, ‖θ[1:]‖₁=2081.219, γ=90658.032, num_knots=1647
2025-09-07 00:42:23,761 - Iter 39980: obj=-1377.124842, change=1.68e-06, α=1.000, ‖θ[1:]‖₁=2081.219, γ=90658.032, num_knots=1647
2025-09-07 00:42:24,085 - Iter 39990: obj=-1377.124911, change=1.68e-06, α=1.000, ‖θ[1:]‖₁=2081.219, γ=90658.032, num_knots=1647
2025-09-07 00:42:24,396 - Iter 40000: obj=-1377.124979, change=1.68e-06, α=1.000, ‖θ[1:]‖₁=2081.219, γ=90658.032, num_knots=1647
2025-09-07 00:42:24,737 - Iter 40010: obj=-1377.125048, change=1.68e-06, α=1.000, ‖θ[1:]‖₁=2081.219, γ=90658.032, num_knots=1647
2025-09-07 00:42:25,075 - Iter 40020: obj=-1377.125117, change=1.68e-06, α=1.000, ‖θ[1:]‖₁=2081.218, γ=90658.032, num_knots=1647
2025-09-07 00:42:25,408 - Iter 40030: obj=-1377.125186, change=1.67e-06, α=1.000, ‖θ[1:]‖₁=2081.218, γ=90658.032, num_knots=1647
2025-09-07 00:42:25,818 - Iter 40040: obj=-1377.125254, change=1.67e-06, α=1.000, ‖θ[1:]‖₁=2081.218, γ=90658.032, num_knots=1647
2025-09-07 00:42:26,124 - Iter 40050: obj=-1377.125323, change=1.67e-06, α=1.000, ‖θ[1:]‖₁=2081.218, γ=90658.032, num_knots=1647
2025-09-07 00:42:26,469 - Iter 40060: obj=-1377.125392, change=1.67e-06, α=1.000, ‖θ[1:]‖₁=2081.218, γ=90658.032, num_knots=1647
2025-09-07 00:42:26,798 - Iter 40070: obj=-1377.125461, change=1.67e-06, α=1.000, ‖θ[1:]‖₁=2081.218, γ=90658.032, num_knots=1647
2025-09-07 00:42:27,191 - Iter 40080: obj=-1377.125529, change=1.67e-06, α=1.000, ‖θ[1:]‖₁=2081.217, γ=90658.032, num_knots=1647
2025-09-07 00:42:27,538 - Iter 40090: obj=-1377.125598, change=1.67e-06, α=1.000, ‖θ[1:]‖₁=2081.217, γ=90658.032, num_knots=1647
2025-09-07 00:42:27,845 - Iter 40100: obj=-1377.125667, change=1.67e-06, α=1.000, ‖θ[1:]‖₁=2081.217, γ=90658.032, num_knots=1647
2025-09-07 00:42:28,214 - Iter 40110: obj=-1377.125736, change=1.67e-06, α=1.000, ‖θ[1:]‖₁=2081.217, γ=90658.032, num_knots=1647
2025-09-07 00:42:28,576 - Iter 40120: obj=-1377.125804, change=1.67e-06, α=1.000, ‖θ[1:]‖₁=2081.217, γ=90658.032, num_knots=1647
2025-09-07 00:42:28,948 - Iter 40130: obj=-1377.125873, change=1.67e-06, α=1.000, ‖θ[1:]‖₁=2081.216, γ=90658.032, num_knots=1647
2025-09-07 00:42:29,288 - Iter 40140: obj=-1377.125942, change=1.67e-06, α=1.000, ‖θ[1:]‖₁=2081.216, γ=90658.032, num_knots=1647
2025-09-07 00:42:29,610 - Iter 40150: obj=-1377.126011, change=1.67e-06, α=1.000, ‖θ[1:]‖₁=2081.216, γ=90658.032, num_knots=1647
2025-09-07 00:42:29,950 - Iter 40160: obj=-1377.126080, change=1.67e-06, α=1.000, ‖θ[1:]‖₁=2081.216, γ=90658.032, num_knots=1647
2025-09-07 00:42:30,366 - Iter 40170: obj=-1377.126148, change=1.67e-06, α=1.000, ‖θ[1:]‖₁=2081.216, γ=90658.032, num_knots=1647
2025-09-07 00:42:30,762 - Iter 40180: obj=-1377.126217, change=1.67e-06, α=1.000, ‖θ[1:]‖₁=2081.216, γ=90658.032, num_knots=1647
2025-09-07 00:42:31,110 - Iter 40190: obj=-1377.126286, change=1.67e-06, α=1.000, ‖θ[1:]‖₁=2081.215, γ=90658.032, num_knots=1647
2025-09-07 00:42:31,464 - Iter 40200: obj=-1377.126355, change=1.67e-06, α=1.000, ‖θ[1:]‖₁=2081.215, γ=90658.032, num_knots=1647
2025-09-07 00:42:31,808 - Iter 40210: obj=-1377.126423, change=1.67e-06, α=1.000, ‖θ[1:]‖₁=2081.215, γ=90658.032, num_knots=1647
2025-09-07 00:42:32,179 - Iter 40220: obj=-1377.126492, change=1.67e-06, α=1.000, ‖θ[1:]‖₁=2081.215, γ=90658.032, num_knots=1647
2025-09-07 00:42:32,530 - Iter 40230: obj=-1377.126561, change=1.67e-06, α=1.000, ‖θ[1:]‖₁=2081.215, γ=90658.032, num_knots=1647
2025-09-07 00:42:32,892 - Iter 40240: obj=-1377.126630, change=1.67e-06, α=1.000, ‖θ[1:]‖₁=2081.214, γ=90658.032, num_knots=1647
2025-09-07 00:42:33,235 - Iter 40250: obj=-1377.126698, change=1.67e-06, α=1.000, ‖θ[1:]‖₁=2081.214, γ=90658.032, num_knots=1647
2025-09-07 00:42:33,565 - Iter 40260: obj=-1377.126767, change=1.67e-06, α=1.000, ‖θ[1:]‖₁=2081.214, γ=90658.032, num_knots=1647
2025-09-07 00:42:33,915 - Iter 40270: obj=-1377.126836, change=1.67e-06, α=1.000, ‖θ[1:]‖₁=2081.214, γ=90658.032, num_knots=1647
2025-09-07 00:42:34,266 - Iter 40280: obj=-1377.126905, change=1.67e-06, α=1.000, ‖θ[1:]‖₁=2081.214, γ=90658.032, num_knots=1647
2025-09-07 00:42:34,596 - Iter 40290: obj=-1377.126973, change=1.67e-06, α=1.000, ‖θ[1:]‖₁=2081.214, γ=90658.032, num_knots=1647
2025-09-07 00:42:34,910 - Iter 40300: obj=-1377.127042, change=1.67e-06, α=1.000, ‖θ[1:]‖₁=2081.213, γ=90658.032, num_knots=1647
2025-09-07 00:42:35,246 - Iter 40310: obj=-1377.127111, change=1.67e-06, α=1.000, ‖θ[1:]‖₁=2081.213, γ=90658.032, num_knots=1647
2025-09-07 00:42:35,577 - Iter 40320: obj=-1377.127180, change=1.67e-06, α=1.000, ‖θ[1:]‖₁=2081.213, γ=90658.032, num_knots=1647
2025-09-07 00:42:35,933 - Iter 40330: obj=-1377.127248, change=1.67e-06, α=1.000, ‖θ[1:]‖₁=2081.213, γ=90658.032, num_knots=1647
2025-09-07 00:42:36,279 - Iter 40340: obj=-1377.127317, change=1.67e-06, α=1.000, ‖θ[1:]‖₁=2081.213, γ=90658.032, num_knots=1647
2025-09-07 00:42:36,627 - Iter 40350: obj=-1377.127386, change=1.67e-06, α=1.000, ‖θ[1:]‖₁=2081.212, γ=90658.032, num_knots=1647
2025-09-07 00:42:36,973 - Iter 40360: obj=-1377.127455, change=1.67e-06, α=1.000, ‖θ[1:]‖₁=2081.212, γ=90658.032, num_knots=1647
2025-09-07 00:42:37,345 - Iter 40370: obj=-1377.127524, change=1.67e-06, α=1.000, ‖θ[1:]‖₁=2081.212, γ=90658.032, num_knots=1647
2025-09-07 00:42:37,654 - Iter 40380: obj=-1377.127592, change=1.67e-06, α=1.000, ‖θ[1:]‖₁=2081.212, γ=90658.032, num_knots=1647
2025-09-07 00:42:38,003 - Iter 40390: obj=-1377.127661, change=1.67e-06, α=1.000, ‖θ[1:]‖₁=2081.212, γ=90658.032, num_knots=1647
2025-09-07 00:42:38,364 - Iter 40400: obj=-1377.127730, change=1.67e-06, α=1.000, ‖θ[1:]‖₁=2081.212, γ=90658.032, num_knots=1647
2025-09-07 00:42:38,702 - Iter 40410: obj=-1377.127799, change=1.67e-06, α=1.000, ‖θ[1:]‖₁=2081.211, γ=90658.032, num_knots=1647
2025-09-07 00:42:39,020 - Iter 40420: obj=-1377.127867, change=1.67e-06, α=1.000, ‖θ[1:]‖₁=2081.211, γ=90658.032, num_knots=1647
2025-09-07 00:42:39,372 - Iter 40430: obj=-1377.127936, change=1.67e-06, α=1.000, ‖θ[1:]‖₁=2081.211, γ=90658.032, num_knots=1647
2025-09-07 00:42:39,692 - Iter 40440: obj=-1377.128005, change=1.67e-06, α=1.000, ‖θ[1:]‖₁=2081.211, γ=90658.032, num_knots=1647
2025-09-07 00:42:40,043 - Iter 40450: obj=-1377.128074, change=1.67e-06, α=1.000, ‖θ[1:]‖₁=2081.211, γ=90658.032, num_knots=1647
2025-09-07 00:42:40,357 - Iter 40460: obj=-1377.128142, change=1.67e-06, α=1.000, ‖θ[1:]‖₁=2081.210, γ=90658.032, num_knots=1647
2025-09-07 00:42:40,733 - Iter 40470: obj=-1377.128211, change=1.67e-06, α=1.000, ‖θ[1:]‖₁=2081.210, γ=90658.032, num_knots=1647
2025-09-07 00:42:41,141 - Iter 40480: obj=-1377.128280, change=1.67e-06, α=1.000, ‖θ[1:]‖₁=2081.210, γ=90658.032, num_knots=1647
2025-09-07 00:42:41,529 - Iter 40490: obj=-1377.128349, change=1.67e-06, α=1.000, ‖θ[1:]‖₁=2081.210, γ=90658.032, num_knots=1647
2025-09-07 00:42:41,865 - Iter 40500: obj=-1377.128417, change=1.67e-06, α=1.000, ‖θ[1:]‖₁=2081.210, γ=90658.032, num_knots=1647
2025-09-07 00:42:42,202 - Iter 40510: obj=-1377.128486, change=1.67e-06, α=1.000, ‖θ[1:]‖₁=2081.210, γ=90658.032, num_knots=1647
2025-09-07 00:42:42,522 - Iter 40520: obj=-1377.128555, change=1.67e-06, α=1.000, ‖θ[1:]‖₁=2081.209, γ=90658.032, num_knots=1647
2025-09-07 00:42:42,864 - Iter 40530: obj=-1377.128624, change=1.67e-06, α=1.000, ‖θ[1:]‖₁=2081.209, γ=90658.032, num_knots=1647
2025-09-07 00:42:43,185 - Iter 40540: obj=-1377.128692, change=1.67e-06, α=1.000, ‖θ[1:]‖₁=2081.209, γ=90658.032, num_knots=1647
2025-09-07 00:42:43,540 - Iter 40550: obj=-1377.128761, change=1.67e-06, α=1.000, ‖θ[1:]‖₁=2081.209, γ=90658.032, num_knots=1647
2025-09-07 00:42:43,859 - Iter 40560: obj=-1377.128830, change=1.67e-06, α=1.000, ‖θ[1:]‖₁=2081.209, γ=90658.032, num_knots=1647
2025-09-07 00:42:44,229 - Iter 40570: obj=-1377.128899, change=1.67e-06, α=1.000, ‖θ[1:]‖₁=2081.208, γ=90658.032, num_knots=1647
2025-09-07 00:42:44,571 - Iter 40580: obj=-1377.128967, change=1.67e-06, α=1.000, ‖θ[1:]‖₁=2081.208, γ=90658.032, num_knots=1647
2025-09-07 00:42:44,923 - Iter 40590: obj=-1377.129036, change=1.67e-06, α=1.000, ‖θ[1:]‖₁=2081.208, γ=90658.032, num_knots=1647
2025-09-07 00:42:45,264 - Iter 40600: obj=-1377.129105, change=1.67e-06, α=1.000, ‖θ[1:]‖₁=2081.208, γ=90658.032, num_knots=1647
2025-09-07 00:42:45,603 - Iter 40610: obj=-1377.129174, change=1.67e-06, α=1.000, ‖θ[1:]‖₁=2081.208, γ=90658.032, num_knots=1647
2025-09-07 00:42:45,994 - Iter 40620: obj=-1377.129243, change=1.67e-06, α=1.000, ‖θ[1:]‖₁=2081.208, γ=90658.032, num_knots=1647
2025-09-07 00:42:46,324 - Iter 40630: obj=-1377.129311, change=1.67e-06, α=1.000, ‖θ[1:]‖₁=2081.207, γ=90658.032, num_knots=1647
2025-09-07 00:42:46,680 - Iter 40640: obj=-1377.129380, change=1.67e-06, α=1.000, ‖θ[1:]‖₁=2081.207, γ=90658.032, num_knots=1647
2025-09-07 00:42:46,979 - Iter 40650: obj=-1377.129449, change=1.67e-06, α=1.000, ‖θ[1:]‖₁=2081.207, γ=90658.032, num_knots=1647
2025-09-07 00:42:47,315 - Iter 40660: obj=-1377.129518, change=1.67e-06, α=1.000, ‖θ[1:]‖₁=2081.207, γ=90658.032, num_knots=1647
2025-09-07 00:42:47,617 - Iter 40670: obj=-1377.129586, change=1.67e-06, α=1.000, ‖θ[1:]‖₁=2081.207, γ=90658.032, num_knots=1647
2025-09-07 00:42:47,997 - Iter 40680: obj=-1377.129655, change=1.67e-06, α=1.000, ‖θ[1:]‖₁=2081.206, γ=90658.032, num_knots=1647
2025-09-07 00:42:48,312 - Iter 40690: obj=-1377.129724, change=1.67e-06, α=1.000, ‖θ[1:]‖₁=2081.206, γ=90658.032, num_knots=1647
2025-09-07 00:42:48,677 - Iter 40700: obj=-1377.129793, change=1.67e-06, α=1.000, ‖θ[1:]‖₁=2081.206, γ=90658.032, num_knots=1647
2025-09-07 00:42:49,015 - Iter 40710: obj=-1377.129861, change=1.67e-06, α=1.000, ‖θ[1:]‖₁=2081.206, γ=90658.032, num_knots=1647
2025-09-07 00:42:49,365 - Iter 40720: obj=-1377.129930, change=1.67e-06, α=1.000, ‖θ[1:]‖₁=2081.206, γ=90658.032, num_knots=1647
2025-09-07 00:42:49,732 - Iter 40730: obj=-1377.129999, change=1.67e-06, α=1.000, ‖θ[1:]‖₁=2081.206, γ=90658.032, num_knots=1647
2025-09-07 00:42:50,087 - Iter 40740: obj=-1377.130068, change=1.67e-06, α=1.000, ‖θ[1:]‖₁=2081.205, γ=90658.032, num_knots=1647
2025-09-07 00:42:50,428 - Iter 40750: obj=-1377.130136, change=1.67e-06, α=1.000, ‖θ[1:]‖₁=2081.205, γ=90658.032, num_knots=1647
2025-09-07 00:42:50,773 - Iter 40760: obj=-1377.130205, change=1.67e-06, α=1.000, ‖θ[1:]‖₁=2081.205, γ=90658.032, num_knots=1647
2025-09-07 00:42:51,130 - Iter 40770: obj=-1377.130274, change=1.67e-06, α=1.000, ‖θ[1:]‖₁=2081.205, γ=90658.032, num_knots=1647
2025-09-07 00:42:51,474 - Iter 40780: obj=-1377.130343, change=1.67e-06, α=1.000, ‖θ[1:]‖₁=2081.205, γ=90658.032, num_knots=1647
2025-09-07 00:42:51,828 - Iter 40790: obj=-1377.130411, change=1.67e-06, α=1.000, ‖θ[1:]‖₁=2081.204, γ=90658.032, num_knots=1647
2025-09-07 00:42:52,160 - Iter 40800: obj=-1377.130480, change=1.67e-06, α=1.000, ‖θ[1:]‖₁=2081.204, γ=90658.032, num_knots=1647
2025-09-07 00:42:52,507 - Iter 40810: obj=-1377.130549, change=1.67e-06, α=1.000, ‖θ[1:]‖₁=2081.204, γ=90658.032, num_knots=1647
2025-09-07 00:42:52,849 - Iter 40820: obj=-1377.130618, change=1.67e-06, α=1.000, ‖θ[1:]‖₁=2081.204, γ=90658.032, num_knots=1647
2025-09-07 00:42:53,192 - Iter 40830: obj=-1377.130686, change=1.67e-06, α=1.000, ‖θ[1:]‖₁=2081.204, γ=90658.032, num_knots=1647
2025-09-07 00:42:53,525 - Iter 40840: obj=-1377.130755, change=1.67e-06, α=1.000, ‖θ[1:]‖₁=2081.204, γ=90658.032, num_knots=1647
2025-09-07 00:42:53,842 - Iter 40850: obj=-1377.130824, change=1.67e-06, α=1.000, ‖θ[1:]‖₁=2081.203, γ=90658.032, num_knots=1647
2025-09-07 00:42:54,218 - Iter 40860: obj=-1377.130893, change=1.67e-06, α=1.000, ‖θ[1:]‖₁=2081.203, γ=90658.032, num_knots=1647
2025-09-07 00:42:54,577 - Iter 40870: obj=-1377.130961, change=1.67e-06, α=1.000, ‖θ[1:]‖₁=2081.203, γ=90658.032, num_knots=1647
2025-09-07 00:42:54,924 - Iter 40880: obj=-1377.131030, change=1.67e-06, α=1.000, ‖θ[1:]‖₁=2081.203, γ=90658.032, num_knots=1647
2025-09-07 00:42:55,259 - Iter 40890: obj=-1377.131099, change=1.67e-06, α=1.000, ‖θ[1:]‖₁=2081.203, γ=90658.032, num_knots=1647
2025-09-07 00:42:55,596 - Iter 40900: obj=-1377.131168, change=1.67e-06, α=1.000, ‖θ[1:]‖₁=2081.202, γ=90658.032, num_knots=1647
2025-09-07 00:42:55,917 - Iter 40910: obj=-1377.131236, change=1.67e-06, α=1.000, ‖θ[1:]‖₁=2081.202, γ=90658.032, num_knots=1647
2025-09-07 00:42:56,263 - Iter 40920: obj=-1377.131305, change=1.67e-06, α=1.000, ‖θ[1:]‖₁=2081.202, γ=90658.032, num_knots=1647
2025-09-07 00:42:56,634 - Iter 40930: obj=-1377.131374, change=1.67e-06, α=1.000, ‖θ[1:]‖₁=2081.202, γ=90658.032, num_knots=1647
2025-09-07 00:42:57,046 - Iter 40940: obj=-1377.131443, change=1.67e-06, α=1.000, ‖θ[1:]‖₁=2081.202, γ=90658.032, num_knots=1647
2025-09-07 00:42:57,394 - Iter 40950: obj=-1377.131511, change=1.67e-06, α=1.000, ‖θ[1:]‖₁=2081.202, γ=90658.032, num_knots=1647
2025-09-07 00:42:57,735 - Iter 40960: obj=-1377.131580, change=1.67e-06, α=1.000, ‖θ[1:]‖₁=2081.201, γ=90658.032, num_knots=1647
2025-09-07 00:42:58,070 - Iter 40970: obj=-1377.131649, change=1.67e-06, α=1.000, ‖θ[1:]‖₁=2081.201, γ=90658.032, num_knots=1647
2025-09-07 00:42:58,380 - Iter 40980: obj=-1377.131718, change=1.67e-06, α=1.000, ‖θ[1:]‖₁=2081.201, γ=90658.032, num_knots=1647
2025-09-07 00:42:58,910 - Iter 40990: obj=-1377.131786, change=1.67e-06, α=1.000, ‖θ[1:]‖₁=2081.201, γ=90658.032, num_knots=1647
2025-09-07 00:42:59,459 - Iter 41000: obj=-1377.131855, change=1.67e-06, α=1.000, ‖θ[1:]‖₁=2081.201, γ=90658.032, num_knots=1647
2025-09-07 00:42:59,796 - Iter 41010: obj=-1377.131924, change=1.67e-06, α=1.000, ‖θ[1:]‖₁=2081.200, γ=90658.032, num_knots=1647
2025-09-07 00:43:00,165 - Iter 41020: obj=-1377.131993, change=1.67e-06, α=1.000, ‖θ[1:]‖₁=2081.200, γ=90658.032, num_knots=1647
2025-09-07 00:43:00,533 - Iter 41030: obj=-1377.132061, change=1.67e-06, α=1.000, ‖θ[1:]‖₁=2081.200, γ=90658.032, num_knots=1647
2025-09-07 00:43:00,861 - Iter 41040: obj=-1377.132130, change=1.67e-06, α=1.000, ‖θ[1:]‖₁=2081.200, γ=90658.032, num_knots=1647
2025-09-07 00:43:01,195 - Iter 41050: obj=-1377.132199, change=1.67e-06, α=1.000, ‖θ[1:]‖₁=2081.200, γ=90658.032, num_knots=1647
2025-09-07 00:43:01,530 - Iter 41060: obj=-1377.132268, change=1.67e-06, α=1.000, ‖θ[1:]‖₁=2081.200, γ=90658.032, num_knots=1647
2025-09-07 00:43:01,881 - Iter 41070: obj=-1377.132336, change=1.67e-06, α=1.000, ‖θ[1:]‖₁=2081.199, γ=90658.032, num_knots=1647
2025-09-07 00:43:02,214 - Iter 41080: obj=-1377.132405, change=1.67e-06, α=1.000, ‖θ[1:]‖₁=2081.199, γ=90658.032, num_knots=1647
2025-09-07 00:43:02,512 - Iter 41090: obj=-1377.132474, change=1.67e-06, α=1.000, ‖θ[1:]‖₁=2081.199, γ=90658.032, num_knots=1647
2025-09-07 00:43:02,856 - Iter 41100: obj=-1377.132543, change=1.67e-06, α=1.000, ‖θ[1:]‖₁=2081.199, γ=90658.032, num_knots=1647
2025-09-07 00:43:03,212 - Iter 41110: obj=-1377.132612, change=1.67e-06, α=1.000, ‖θ[1:]‖₁=2081.199, γ=90658.032, num_knots=1647
2025-09-07 00:43:03,543 - Iter 41120: obj=-1377.132680, change=1.67e-06, α=1.000, ‖θ[1:]‖₁=2081.198, γ=90658.032, num_knots=1647
2025-09-07 00:43:03,892 - Iter 41130: obj=-1377.132749, change=1.67e-06, α=1.000, ‖θ[1:]‖₁=2081.198, γ=90658.032, num_knots=1647
2025-09-07 00:43:04,238 - Iter 41140: obj=-1377.132818, change=1.67e-06, α=1.000, ‖θ[1:]‖₁=2081.198, γ=90658.032, num_knots=1647
2025-09-07 00:43:04,595 - Iter 41150: obj=-1377.132887, change=1.67e-06, α=1.000, ‖θ[1:]‖₁=2081.198, γ=90658.032, num_knots=1647
2025-09-07 00:43:04,956 - Iter 41160: obj=-1377.132955, change=1.67e-06, α=1.000, ‖θ[1:]‖₁=2081.198, γ=90658.032, num_knots=1647
2025-09-07 00:43:05,308 - Iter 41170: obj=-1377.133024, change=1.67e-06, α=1.000, ‖θ[1:]‖₁=2081.198, γ=90658.032, num_knots=1647
2025-09-07 00:43:05,660 - Iter 41180: obj=-1377.133093, change=1.67e-06, α=1.000, ‖θ[1:]‖₁=2081.197, γ=90658.032, num_knots=1647
2025-09-07 00:43:06,011 - Iter 41190: obj=-1377.133162, change=1.67e-06, α=1.000, ‖θ[1:]‖₁=2081.197, γ=90658.032, num_knots=1647
2025-09-07 00:43:06,382 - Iter 41200: obj=-1377.133230, change=1.67e-06, α=1.000, ‖θ[1:]‖₁=2081.197, γ=90658.032, num_knots=1647
2025-09-07 00:43:06,783 - Iter 41210: obj=-1377.133299, change=1.67e-06, α=1.000, ‖θ[1:]‖₁=2081.197, γ=90658.032, num_knots=1647
2025-09-07 00:43:07,227 - Iter 41220: obj=-1377.133368, change=1.67e-06, α=1.000, ‖θ[1:]‖₁=2081.197, γ=90658.032, num_knots=1647
2025-09-07 00:43:07,661 - Iter 41230: obj=-1377.133437, change=1.67e-06, α=1.000, ‖θ[1:]‖₁=2081.196, γ=90658.032, num_knots=1647
2025-09-07 00:43:08,115 - Iter 41240: obj=-1377.133505, change=1.67e-06, α=1.000, ‖θ[1:]‖₁=2081.196, γ=90658.032, num_knots=1647
2025-09-07 00:43:08,440 - Iter 41250: obj=-1377.133574, change=1.67e-06, α=1.000, ‖θ[1:]‖₁=2081.196, γ=90658.032, num_knots=1647
2025-09-07 00:43:08,809 - Iter 41260: obj=-1377.133643, change=1.67e-06, α=1.000, ‖θ[1:]‖₁=2081.196, γ=90658.032, num_knots=1647
2025-09-07 00:43:09,213 - Iter 41270: obj=-1377.133712, change=1.67e-06, α=1.000, ‖θ[1:]‖₁=2081.196, γ=90658.032, num_knots=1647
2025-09-07 00:43:09,528 - Iter 41280: obj=-1377.133780, change=1.67e-06, α=1.000, ‖θ[1:]‖₁=2081.196, γ=90658.032, num_knots=1647
2025-09-07 00:43:09,863 - Iter 41290: obj=-1377.133849, change=1.67e-06, α=1.000, ‖θ[1:]‖₁=2081.195, γ=90658.032, num_knots=1647
2025-09-07 00:43:10,219 - Iter 41300: obj=-1377.133918, change=1.67e-06, α=1.000, ‖θ[1:]‖₁=2081.195, γ=90658.032, num_knots=1647
2025-09-07 00:43:10,555 - Iter 41310: obj=-1377.133987, change=1.67e-06, α=1.000, ‖θ[1:]‖₁=2081.195, γ=90658.032, num_knots=1647
2025-09-07 00:43:10,895 - Iter 41320: obj=-1377.134055, change=1.67e-06, α=1.000, ‖θ[1:]‖₁=2081.195, γ=90658.032, num_knots=1647
2025-09-07 00:43:11,359 - Iter 41330: obj=-1377.134124, change=1.67e-06, α=1.000, ‖θ[1:]‖₁=2081.195, γ=90658.032, num_knots=1647
2025-09-07 00:43:11,681 - Iter 41340: obj=-1377.134193, change=1.67e-06, α=1.000, ‖θ[1:]‖₁=2081.194, γ=90658.032, num_knots=1647
2025-09-07 00:43:12,030 - Iter 41350: obj=-1377.134262, change=1.67e-06, α=1.000, ‖θ[1:]‖₁=2081.194, γ=90658.032, num_knots=1647
2025-09-07 00:43:12,339 - Iter 41360: obj=-1377.134330, change=1.67e-06, α=1.000, ‖θ[1:]‖₁=2081.194, γ=90658.032, num_knots=1647
2025-09-07 00:43:12,661 - Iter 41370: obj=-1377.134399, change=1.67e-06, α=1.000, ‖θ[1:]‖₁=2081.194, γ=90658.032, num_knots=1647
2025-09-07 00:43:12,997 - Iter 41380: obj=-1377.134468, change=1.67e-06, α=1.000, ‖θ[1:]‖₁=2081.194, γ=90658.032, num_knots=1647
2025-09-07 00:43:13,313 - Iter 41390: obj=-1377.134537, change=1.67e-06, α=1.000, ‖θ[1:]‖₁=2081.194, γ=90658.032, num_knots=1647
2025-09-07 00:43:13,643 - Iter 41400: obj=-1377.134605, change=1.67e-06, α=1.000, ‖θ[1:]‖₁=2081.193, γ=90658.032, num_knots=1647
2025-09-07 00:43:13,981 - Iter 41410: obj=-1377.134674, change=1.67e-06, α=1.000, ‖θ[1:]‖₁=2081.193, γ=90658.032, num_knots=1647
2025-09-07 00:43:14,254 - Iter 41420: obj=-1377.134743, change=1.67e-06, α=1.000, ‖θ[1:]‖₁=2081.193, γ=90658.032, num_knots=1647
2025-09-07 00:43:14,644 - Iter 41430: obj=-1377.134812, change=1.67e-06, α=1.000, ‖θ[1:]‖₁=2081.193, γ=90658.032, num_knots=1647
2025-09-07 00:43:15,015 - Iter 41440: obj=-1377.134880, change=1.67e-06, α=1.000, ‖θ[1:]‖₁=2081.193, γ=90658.032, num_knots=1647
2025-09-07 00:43:15,356 - Iter 41450: obj=-1377.134949, change=1.67e-06, α=1.000, ‖θ[1:]‖₁=2081.192, γ=90658.032, num_knots=1647
2025-09-07 00:43:15,625 - Iter 41460: obj=-1377.135018, change=1.67e-06, α=1.000, ‖θ[1:]‖₁=2081.192, γ=90658.032, num_knots=1647
2025-09-07 00:43:15,963 - Iter 41470: obj=-1377.135087, change=1.67e-06, α=1.000, ‖θ[1:]‖₁=2081.192, γ=90658.032, num_knots=1647
2025-09-07 00:43:16,241 - Iter 41480: obj=-1377.135155, change=1.67e-06, α=1.000, ‖θ[1:]‖₁=2081.192, γ=90658.032, num_knots=1647
2025-09-07 00:43:16,592 - Iter 41490: obj=-1377.135224, change=1.67e-06, α=1.000, ‖θ[1:]‖₁=2081.192, γ=90658.032, num_knots=1647
2025-09-07 00:43:17,039 - Iter 41500: obj=-1377.135293, change=1.67e-06, α=1.000, ‖θ[1:]‖₁=2081.192, γ=90658.032, num_knots=1647
2025-09-07 00:43:17,436 - Iter 41510: obj=-1377.135362, change=1.67e-06, α=1.000, ‖θ[1:]‖₁=2081.191, γ=90658.032, num_knots=1647
2025-09-07 00:43:17,789 - Iter 41520: obj=-1377.135430, change=1.67e-06, α=1.000, ‖θ[1:]‖₁=2081.191, γ=90658.032, num_knots=1647
2025-09-07 00:43:18,091 - Iter 41530: obj=-1377.135499, change=1.67e-06, α=1.000, ‖θ[1:]‖₁=2081.191, γ=90658.032, num_knots=1647
2025-09-07 00:43:18,382 - Iter 41540: obj=-1377.135568, change=1.67e-06, α=1.000, ‖θ[1:]‖₁=2081.191, γ=90658.032, num_knots=1647
2025-09-07 00:43:18,673 - Iter 41550: obj=-1377.135636, change=1.67e-06, α=1.000, ‖θ[1:]‖₁=2081.191, γ=90658.032, num_knots=1647
2025-09-07 00:43:18,952 - Iter 41560: obj=-1377.135705, change=1.67e-06, α=1.000, ‖θ[1:]‖₁=2081.190, γ=90658.032, num_knots=1647
2025-09-07 00:43:19,224 - Iter 41570: obj=-1377.135774, change=1.67e-06, α=1.000, ‖θ[1:]‖₁=2081.190, γ=90658.032, num_knots=1647
2025-09-07 00:43:19,473 - Iter 41580: obj=-1377.135843, change=1.67e-06, α=1.000, ‖θ[1:]‖₁=2081.190, γ=90658.032, num_knots=1647
2025-09-07 00:43:19,772 - Iter 41590: obj=-1377.135911, change=1.67e-06, α=1.000, ‖θ[1:]‖₁=2081.190, γ=90658.032, num_knots=1647
2025-09-07 00:43:20,048 - Iter 41600: obj=-1377.135980, change=1.67e-06, α=1.000, ‖θ[1:]‖₁=2081.190, γ=90658.032, num_knots=1647
2025-09-07 00:43:20,353 - Iter 41610: obj=-1377.136049, change=1.67e-06, α=1.000, ‖θ[1:]‖₁=2081.190, γ=90658.032, num_knots=1647
2025-09-07 00:43:20,672 - Iter 41620: obj=-1377.136118, change=1.67e-06, α=1.000, ‖θ[1:]‖₁=2081.189, γ=90658.032, num_knots=1647
2025-09-07 00:43:21,093 - Iter 41630: obj=-1377.136186, change=1.67e-06, α=1.000, ‖θ[1:]‖₁=2081.189, γ=90658.032, num_knots=1647
2025-09-07 00:43:21,363 - Iter 41640: obj=-1377.136255, change=1.67e-06, α=1.000, ‖θ[1:]‖₁=2081.189, γ=90658.032, num_knots=1647
2025-09-07 00:43:21,659 - Iter 41650: obj=-1377.136324, change=1.67e-06, α=1.000, ‖θ[1:]‖₁=2081.189, γ=90658.032, num_knots=1647
2025-09-07 00:43:21,950 - Iter 41660: obj=-1377.136393, change=1.67e-06, α=1.000, ‖θ[1:]‖₁=2081.189, γ=90658.032, num_knots=1647
2025-09-07 00:43:22,283 - Iter 41670: obj=-1377.136461, change=1.67e-06, α=1.000, ‖θ[1:]‖₁=2081.188, γ=90658.032, num_knots=1646
2025-09-07 00:43:22,587 - Iter 41680: obj=-1377.136530, change=1.67e-06, α=1.000, ‖θ[1:]‖₁=2081.188, γ=90658.032, num_knots=1646
2025-09-07 00:43:22,905 - Iter 41690: obj=-1377.136599, change=1.67e-06, α=1.000, ‖θ[1:]‖₁=2081.188, γ=90658.032, num_knots=1646
2025-09-07 00:43:23,326 - Iter 41700: obj=-1377.136667, change=1.67e-06, α=1.000, ‖θ[1:]‖₁=2081.188, γ=90658.032, num_knots=1646
2025-09-07 00:43:23,684 - Iter 41710: obj=-1377.136736, change=1.67e-06, α=1.000, ‖θ[1:]‖₁=2081.188, γ=90658.032, num_knots=1646
2025-09-07 00:43:24,033 - Iter 41720: obj=-1377.136805, change=1.67e-06, α=1.000, ‖θ[1:]‖₁=2081.188, γ=90658.032, num_knots=1646
2025-09-07 00:43:24,393 - Iter 41730: obj=-1377.136873, change=1.67e-06, α=1.000, ‖θ[1:]‖₁=2081.187, γ=90658.032, num_knots=1646
2025-09-07 00:43:24,693 - Iter 41740: obj=-1377.136942, change=1.67e-06, α=1.000, ‖θ[1:]‖₁=2081.187, γ=90658.032, num_knots=1646
2025-09-07 00:43:24,951 - Iter 41750: obj=-1377.137011, change=1.67e-06, α=1.000, ‖θ[1:]‖₁=2081.187, γ=90658.032, num_knots=1646
2025-09-07 00:43:25,226 - Iter 41760: obj=-1377.137079, change=1.67e-06, α=1.000, ‖θ[1:]‖₁=2081.187, γ=90658.032, num_knots=1646
2025-09-07 00:43:25,492 - Iter 41770: obj=-1377.137148, change=1.67e-06, α=1.000, ‖θ[1:]‖₁=2081.187, γ=90658.032, num_knots=1646
2025-09-07 00:43:25,773 - Iter 41780: obj=-1377.137217, change=1.67e-06, α=1.000, ‖θ[1:]‖₁=2081.186, γ=90658.032, num_knots=1646
2025-09-07 00:43:26,103 - Iter 41790: obj=-1377.137285, change=1.67e-06, α=1.000, ‖θ[1:]‖₁=2081.186, γ=90658.032, num_knots=1646
2025-09-07 00:43:26,382 - Iter 41800: obj=-1377.137354, change=1.67e-06, α=1.000, ‖θ[1:]‖₁=2081.186, γ=90658.032, num_knots=1646
2025-09-07 00:43:26,672 - Iter 41810: obj=-1377.137423, change=1.67e-06, α=1.000, ‖θ[1:]‖₁=2081.186, γ=90658.032, num_knots=1646
2025-09-07 00:43:26,947 - Iter 41820: obj=-1377.137491, change=1.67e-06, α=1.000, ‖θ[1:]‖₁=2081.186, γ=90658.032, num_knots=1646
2025-09-07 00:43:27,214 - Iter 41830: obj=-1377.137560, change=1.67e-06, α=1.000, ‖θ[1:]‖₁=2081.186, γ=90658.032, num_knots=1646
2025-09-07 00:43:27,537 - Iter 41840: obj=-1377.137629, change=1.67e-06, α=1.000, ‖θ[1:]‖₁=2081.185, γ=90658.032, num_knots=1646
2025-09-07 00:43:27,809 - Iter 41850: obj=-1377.137697, change=1.67e-06, α=1.000, ‖θ[1:]‖₁=2081.185, γ=90658.032, num_knots=1646
2025-09-07 00:43:28,090 - Iter 41860: obj=-1377.137766, change=1.67e-06, α=1.000, ‖θ[1:]‖₁=2081.185, γ=90658.032, num_knots=1646
2025-09-07 00:43:28,380 - Iter 41870: obj=-1377.137835, change=1.67e-06, α=1.000, ‖θ[1:]‖₁=2081.185, γ=90658.032, num_knots=1646
2025-09-07 00:43:28,637 - Iter 41880: obj=-1377.137903, change=1.67e-06, α=1.000, ‖θ[1:]‖₁=2081.185, γ=90658.032, num_knots=1646
2025-09-07 00:43:28,928 - Iter 41890: obj=-1377.137972, change=1.67e-06, α=1.000, ‖θ[1:]‖₁=2081.185, γ=90658.032, num_knots=1646
2025-09-07 00:43:29,193 - Iter 41900: obj=-1377.138041, change=1.67e-06, α=1.000, ‖θ[1:]‖₁=2081.184, γ=90658.032, num_knots=1646
2025-09-07 00:43:29,461 - Iter 41910: obj=-1377.138109, change=1.67e-06, α=1.000, ‖θ[1:]‖₁=2081.184, γ=90658.032, num_knots=1646
2025-09-07 00:43:29,755 - Iter 41920: obj=-1377.138178, change=1.67e-06, α=1.000, ‖θ[1:]‖₁=2081.184, γ=90658.032, num_knots=1646
2025-09-07 00:43:30,051 - Iter 41930: obj=-1377.138247, change=1.67e-06, α=1.000, ‖θ[1:]‖₁=2081.184, γ=90658.032, num_knots=1646
2025-09-07 00:43:30,353 - Iter 41940: obj=-1377.138315, change=1.67e-06, α=1.000, ‖θ[1:]‖₁=2081.184, γ=90658.032, num_knots=1646
2025-09-07 00:43:30,636 - Iter 41950: obj=-1377.138384, change=1.67e-06, α=1.000, ‖θ[1:]‖₁=2081.183, γ=90658.032, num_knots=1646
2025-09-07 00:43:30,888 - Iter 41960: obj=-1377.138453, change=1.67e-06, α=1.000, ‖θ[1:]‖₁=2081.183, γ=90658.032, num_knots=1646
2025-09-07 00:43:31,175 - Iter 41970: obj=-1377.138521, change=1.67e-06, α=1.000, ‖θ[1:]‖₁=2081.183, γ=90658.032, num_knots=1646
2025-09-07 00:43:31,459 - Iter 41980: obj=-1377.138590, change=1.67e-06, α=1.000, ‖θ[1:]‖₁=2081.183, γ=90658.032, num_knots=1646
2025-09-07 00:43:31,923 - Iter 41990: obj=-1377.138659, change=1.67e-06, α=1.000, ‖θ[1:]‖₁=2081.183, γ=90658.032, num_knots=1646
2025-09-07 00:43:32,247 - Iter 42000: obj=-1377.138727, change=1.67e-06, α=1.000, ‖θ[1:]‖₁=2081.183, γ=90658.032, num_knots=1646
2025-09-07 00:43:32,507 - Iter 42010: obj=-1377.138796, change=1.67e-06, α=1.000, ‖θ[1:]‖₁=2081.182, γ=90658.032, num_knots=1646
2025-09-07 00:43:32,855 - Iter 42020: obj=-1377.138865, change=1.67e-06, α=1.000, ‖θ[1:]‖₁=2081.182, γ=90658.032, num_knots=1646
2025-09-07 00:43:33,136 - Iter 42030: obj=-1377.138933, change=1.67e-06, α=1.000, ‖θ[1:]‖₁=2081.182, γ=90658.032, num_knots=1646
2025-09-07 00:43:33,496 - Iter 42040: obj=-1377.139002, change=1.67e-06, α=1.000, ‖θ[1:]‖₁=2081.182, γ=90658.032, num_knots=1646
2025-09-07 00:43:33,864 - Iter 42050: obj=-1377.139070, change=1.67e-06, α=1.000, ‖θ[1:]‖₁=2081.182, γ=90658.032, num_knots=1646
2025-09-07 00:43:34,223 - Iter 42060: obj=-1377.139139, change=1.67e-06, α=1.000, ‖θ[1:]‖₁=2081.181, γ=90658.032, num_knots=1646
2025-09-07 00:43:34,571 - Iter 42070: obj=-1377.139208, change=1.67e-06, α=1.000, ‖θ[1:]‖₁=2081.181, γ=90658.032, num_knots=1646
2025-09-07 00:43:34,913 - Iter 42080: obj=-1377.139276, change=1.67e-06, α=1.000, ‖θ[1:]‖₁=2081.181, γ=90658.032, num_knots=1646
2025-09-07 00:43:35,230 - Iter 42090: obj=-1377.139345, change=1.67e-06, α=1.000, ‖θ[1:]‖₁=2081.181, γ=90658.032, num_knots=1646
2025-09-07 00:43:35,556 - Iter 42100: obj=-1377.139414, change=1.67e-06, α=1.000, ‖θ[1:]‖₁=2081.181, γ=90658.032, num_knots=1646
2025-09-07 00:43:36,125 - Iter 42110: obj=-1377.139482, change=1.67e-06, α=1.000, ‖θ[1:]‖₁=2081.181, γ=90658.032, num_knots=1646
2025-09-07 00:43:36,460 - Iter 42120: obj=-1377.139551, change=1.67e-06, α=1.000, ‖θ[1:]‖₁=2081.180, γ=90658.032, num_knots=1646
2025-09-07 00:43:36,777 - Iter 42130: obj=-1377.139620, change=3.83e-06, α=1.000, ‖θ[1:]‖₁=2081.180, γ=11274.952, num_knots=1645
2025-09-07 00:43:37,052 - Iter 42140: obj=-1377.140264, change=6.55e-06, α=1.000, ‖θ[1:]‖₁=2081.178, γ=1022.824, num_knots=1645
2025-09-07 00:43:37,372 - Iter 42150: obj=-1377.141345, change=2.81e-06, α=1.000, ‖θ[1:]‖₁=2081.176, γ=14590.326, num_knots=1645
2025-09-07 00:43:37,654 - Iter 42160: obj=-1377.166370, change=3.38e-06, α=1.000, ‖θ[1:]‖₁=2081.111, γ=89693.718, num_knots=1949
2025-09-07 00:43:37,930 - Iter 42170: obj=-1377.166457, change=1.67e-06, α=1.000, ‖θ[1:]‖₁=2081.111, γ=90614.976, num_knots=1645
2025-09-07 00:43:38,200 - Iter 42180: obj=-1377.169276, change=2.17e-06, α=1.000, ‖θ[1:]‖₁=2081.104, γ=90679.689, num_knots=1644
2025-09-07 00:43:38,526 - Iter 42190: obj=-1377.170765, change=3.20e-06, α=1.000, ‖θ[1:]‖₁=2081.100, γ=90677.037, num_knots=1643
2025-09-07 00:43:38,829 - Iter 42200: obj=-1377.172630, change=1.69e-06, α=1.000, ‖θ[1:]‖₁=2081.095, γ=90670.825, num_knots=1643
2025-09-07 00:43:39,134 - Iter 42210: obj=-1377.307350, change=1.57e-04, α=1.000, ‖θ[1:]‖₁=2080.771, γ=90689.061, num_knots=2277
2025-09-07 00:43:39,465 - Iter 42220: obj=-1377.307521, change=2.00e-06, α=1.000, ‖θ[1:]‖₁=2080.770, γ=82282.235, num_knots=1638
2025-09-07 00:43:39,764 - Iter 42230: obj=-1377.308835, change=8.75e-06, α=1.000, ‖θ[1:]‖₁=2080.766, γ=90656.732, num_knots=1639
2025-09-07 00:43:40,072 - Iter 42240: obj=-1377.309593, change=8.94e-06, α=1.000, ‖θ[1:]‖₁=2080.764, γ=90679.376, num_knots=1638
2025-09-07 00:43:40,364 - Iter 42250: obj=-1377.310133, change=2.87e-06, α=1.000, ‖θ[1:]‖₁=2080.763, γ=90644.832, num_knots=1638
2025-09-07 00:43:40,643 - Iter 42260: obj=-1377.310890, change=1.65e-06, α=1.000, ‖θ[1:]‖₁=2080.761, γ=90088.556, num_knots=1638
2025-09-07 00:43:40,939 - Iter 42270: obj=-1377.311712, change=1.64e-06, α=1.000, ‖θ[1:]‖₁=2080.759, γ=90177.820, num_knots=1638
2025-09-07 00:43:41,379 - Iter 42280: obj=-1377.313423, change=1.64e-06, α=1.000, ‖θ[1:]‖₁=2080.755, γ=90425.969, num_knots=1637
2025-09-07 00:43:41,703 - Iter 42290: obj=-1377.315001, change=1.62e-06, α=1.000, ‖θ[1:]‖₁=2080.751, γ=90667.405, num_knots=1637
2025-09-07 00:43:42,019 - Iter 42300: obj=-1377.319696, change=6.90e-06, α=1.000, ‖θ[1:]‖₁=2080.741, γ=90684.436, num_knots=1636
2025-09-07 00:43:42,322 - Iter 42310: obj=-1377.319795, change=5.15e-04, α=1.000, ‖θ[1:]‖₁=2080.735, γ=981.577, num_knots=1636
2025-09-07 00:43:42,610 - Iter 42320: obj=-1377.322582, change=1.90e-06, α=1.000, ‖θ[1:]‖₁=2080.734, γ=47221.946, num_knots=1636
2025-09-07 00:43:42,907 - Iter 42330: obj=-1377.328570, change=1.65e-06, α=1.000, ‖θ[1:]‖₁=2080.720, γ=90558.050, num_knots=1636
2025-09-07 00:43:43,281 - Iter 42340: obj=-1377.329472, change=1.65e-06, α=1.000, ‖θ[1:]‖₁=2080.718, γ=88330.925, num_knots=1636
2025-09-07 00:43:43,568 - Iter 42350: obj=-1377.340593, change=6.26e-06, α=1.000, ‖θ[1:]‖₁=2080.692, γ=90683.253, num_knots=1636
2025-09-07 00:43:43,841 - Iter 42360: obj=-1377.340699, change=3.01e-03, α=1.000, ‖θ[1:]‖₁=2080.662, γ=270.671, num_knots=1636
2025-09-07 00:43:44,145 - Iter 42370: obj=-1377.355282, change=1.62e-06, α=1.000, ‖θ[1:]‖₁=2080.657, γ=90677.004, num_knots=1636
2025-09-07 00:43:44,414 - Iter 42380: obj=-1377.356045, change=1.78e-06, α=1.000, ‖θ[1:]‖₁=2080.655, γ=90677.374, num_knots=1636
2025-09-07 00:43:44,682 - Iter 42390: obj=-1377.357268, change=3.32e-06, α=1.000, ‖θ[1:]‖₁=2080.652, γ=90682.987, num_knots=1636
2025-09-07 00:43:45,057 - Iter 42400: obj=-1377.357758, change=9.31e-05, α=1.000, ‖θ[1:]‖₁=2080.650, γ=86480.625, num_knots=1636
2025-09-07 00:43:45,373 - Iter 42410: obj=-1377.358380, change=1.22e-04, α=1.000, ‖θ[1:]‖₁=2080.648, γ=65856.607, num_knots=1636
2025-09-07 00:43:45,679 - Iter 42420: obj=-1377.368588, change=5.57e-05, α=1.000, ‖θ[1:]‖₁=2080.624, γ=90687.929, num_knots=1862
2025-09-07 00:43:46,018 - Iter 42430: obj=-1377.368670, change=1.96e-06, α=1.000, ‖θ[1:]‖₁=2080.624, γ=42032.393, num_knots=1636
2025-09-07 00:43:46,327 - Iter 42440: obj=-1377.370255, change=1.72e-06, α=1.000, ‖θ[1:]‖₁=2080.620, γ=71837.409, num_knots=1636
2025-09-07 00:43:46,635 - Iter 42450: obj=-1377.371047, change=2.89e-05, α=1.000, ‖θ[1:]‖₁=2080.618, γ=832.646, num_knots=1636
2025-09-07 00:43:46,920 - Iter 42460: obj=-1377.374402, change=1.67e-04, α=1.000, ‖θ[1:]‖₁=2080.609, γ=90470.984, num_knots=1636
2025-09-07 00:43:47,209 - Iter 42470: obj=-1377.375143, change=2.67e-06, α=1.000, ‖θ[1:]‖₁=2080.608, γ=16035.310, num_knots=1636
2025-09-07 00:43:47,563 - Iter 42480: obj=-1377.382659, change=1.65e-06, α=1.000, ‖θ[1:]‖₁=2080.590, γ=90545.755, num_knots=1636
2025-09-07 00:43:47,860 - Iter 42490: obj=-1377.383460, change=2.35e-06, α=1.000, ‖θ[1:]‖₁=2080.588, γ=27205.372, num_knots=1636
2025-09-07 00:43:48,154 - Iter 42500: obj=-1377.384573, change=2.06e-06, α=1.000, ‖θ[1:]‖₁=2080.585, γ=35732.216, num_knots=1635
2025-09-07 00:43:48,450 - Iter 42510: obj=-1377.385905, change=9.30e-05, α=1.000, ‖θ[1:]‖₁=2080.581, γ=87968.441, num_knots=1635
2025-09-07 00:43:48,715 - Iter 42520: obj=-1377.386413, change=6.86e-04, α=1.000, ‖θ[1:]‖₁=2080.574, γ=4812.057, num_knots=1635
2025-09-07 00:43:48,992 - Iter 42530: obj=-1377.389381, change=2.48e-06, α=1.000, ‖θ[1:]‖₁=2080.574, γ=19873.696, num_knots=1635
2025-09-07 00:43:49,381 - Iter 42540: obj=-1377.391207, change=1.68e-06, α=1.000, ‖θ[1:]‖₁=2080.569, γ=82113.098, num_knots=1635
2025-09-07 00:43:49,659 - Iter 42550: obj=-1377.396370, change=1.63e-06, α=1.000, ‖θ[1:]‖₁=2080.557, γ=90669.653, num_knots=1635
2025-09-07 00:43:50,039 - Iter 42560: obj=-1377.413105, change=3.49e-06, α=1.000, ‖θ[1:]‖₁=2080.516, γ=90683.275, num_knots=1634
2025-09-07 00:43:50,333 - Iter 42570: obj=-1377.413441, change=9.60e-05, α=1.000, ‖θ[1:]‖₁=2080.514, γ=80314.624, num_knots=1634
2025-09-07 00:43:50,620 - Iter 42580: obj=-1377.419274, change=9.12e-05, α=1.000, ‖θ[1:]‖₁=2080.500, γ=90652.977, num_knots=1634
2025-09-07 00:43:50,928 - Iter 42590: obj=-1377.419708, change=2.03e-06, α=1.000, ‖θ[1:]‖₁=2080.500, γ=37190.783, num_knots=1634
2025-09-07 00:43:51,257 - Iter 42600: obj=-1377.420577, change=9.21e-06, α=1.000, ‖θ[1:]‖₁=2080.498, γ=120.844, num_knots=1634
2025-09-07 00:43:51,570 - Iter 42610: obj=-1377.426796, change=1.65e-06, α=1.000, ‖θ[1:]‖₁=2080.483, γ=89450.764, num_knots=1634
2025-09-07 00:43:51,878 - Iter 42620: obj=-1377.427816, change=1.65e-06, α=1.000, ‖θ[1:]‖₁=2080.480, γ=90289.219, num_knots=1634
2025-09-07 00:43:52,234 - Iter 42630: obj=-1377.774865, change=8.88e-04, α=0.500, ‖θ[1:]‖₁=2079.920, γ=81783.460, num_knots=2526
2025-09-07 00:43:52,575 - Iter 42640: obj=-1377.777682, change=6.92e-04, α=0.500, ‖θ[1:]‖₁=2079.887, γ=88815.352, num_knots=2089
2025-09-07 00:43:52,933 - Iter 42650: obj=-1377.778865, change=2.58e-06, α=1.000, ‖θ[1:]‖₁=2079.881, γ=86998.267, num_knots=2088
2025-09-07 00:43:53,223 - Iter 42660: obj=-1377.779101, change=3.46e-06, α=1.000, ‖θ[1:]‖₁=2079.879, γ=62004.945, num_knots=1695
2025-09-07 00:43:53,510 - Iter 42670: obj=-1377.779449, change=1.74e-04, α=1.000, ‖θ[1:]‖₁=2079.874, γ=1760.393, num_knots=1634
2025-09-07 00:43:53,814 - Iter 42680: obj=-1377.780423, change=2.33e-06, α=1.000, ‖θ[1:]‖₁=2079.872, γ=35490.499, num_knots=1634
2025-09-07 00:43:54,090 - Iter 42690: obj=-1377.781903, change=4.15e-05, α=1.000, ‖θ[1:]‖₁=2079.866, γ=90652.089, num_knots=1633
2025-09-07 00:43:54,396 - Iter 42700: obj=-1377.782055, change=1.93e-05, α=1.000, ‖θ[1:]‖₁=2079.866, γ=556.239, num_knots=1633
2025-09-07 00:43:54,699 - Iter 42710: obj=-1377.783320, change=3.23e-06, α=1.000, ‖θ[1:]‖₁=2079.861, γ=10797.213, num_knots=1632
2025-09-07 00:43:55,024 - Iter 42720: obj=-1377.790808, change=1.67e-06, α=1.000, ‖θ[1:]‖₁=2079.835, γ=90478.439, num_knots=1631
2025-09-07 00:43:55,371 - Iter 42730: obj=-1377.791570, change=1.69e-06, α=1.000, ‖θ[1:]‖₁=2079.833, γ=90435.757, num_knots=1631
2025-09-07 00:43:55,733 - Iter 42740: obj=-1377.792526, change=1.67e-06, α=1.000, ‖θ[1:]‖₁=2079.829, γ=90603.757, num_knots=1631
2025-09-07 00:43:56,022 - Iter 42750: obj=-1377.803308, change=4.50e-06, α=1.000, ‖θ[1:]‖₁=2079.794, γ=90540.176, num_knots=2123
2025-09-07 00:43:56,333 - Iter 42760: obj=-1377.803402, change=1.64e-06, α=1.000, ‖θ[1:]‖₁=2079.793, γ=90450.018, num_knots=1631
2025-09-07 00:43:56,653 - Iter 42770: obj=-1377.804421, change=1.66e-06, α=1.000, ‖θ[1:]‖₁=2079.790, γ=90611.329, num_knots=1631
2025-09-07 00:43:56,963 - Iter 42780: obj=-1377.813794, change=1.64e-06, α=1.000, ‖θ[1:]‖₁=2079.760, γ=90587.495, num_knots=1630
2025-09-07 00:43:57,276 - Iter 42790: obj=-1377.819385, change=1.16e-05, α=1.000, ‖θ[1:]‖₁=2079.743, γ=90682.064, num_knots=1630
2025-09-07 00:43:57,593 - Iter 42800: obj=-1377.819460, change=1.90e-05, α=1.000, ‖θ[1:]‖₁=2079.743, γ=401.701, num_knots=1630
2025-09-07 00:43:57,883 - Iter 42810: obj=-1377.821126, change=2.80e-06, α=1.000, ‖θ[1:]‖₁=2079.738, γ=13701.492, num_knots=1630
2025-09-07 00:43:58,206 - Iter 42820: obj=-1377.883318, change=2.02e-06, α=1.000, ‖θ[1:]‖₁=2079.550, γ=74728.377, num_knots=1927
2025-09-07 00:43:58,463 - Iter 42830: obj=-1377.883769, change=8.28e-06, α=1.000, ‖θ[1:]‖₁=2079.548, γ=90595.061, num_knots=1809
2025-09-07 00:43:58,737 - Iter 42840: obj=-1377.883855, change=2.11e-05, α=1.000, ‖θ[1:]‖₁=2079.547, γ=1299.258, num_knots=1630
2025-09-07 00:43:59,009 - Iter 42850: obj=-1377.884489, change=4.89e-05, α=1.000, ‖θ[1:]‖₁=2079.545, γ=2135.894, num_knots=1630
2025-09-07 00:43:59,299 - Iter 42860: obj=-1377.885140, change=9.44e-05, α=1.000, ‖θ[1:]‖₁=2079.542, γ=44701.894, num_knots=1630
2025-09-07 00:43:59,546 - Iter 42870: obj=-1377.888015, change=2.72e-06, α=1.000, ‖θ[1:]‖₁=2079.535, γ=90682.050, num_knots=1630
2025-09-07 00:43:59,806 - Iter 42880: obj=-1377.890324, change=1.59e-04, α=1.000, ‖θ[1:]‖₁=2079.526, γ=90446.949, num_knots=1630
2025-09-07 00:44:00,126 - Iter 42890: obj=-1377.891037, change=2.60e-06, α=1.000, ‖θ[1:]‖₁=2079.526, γ=15929.566, num_knots=1630
2025-09-07 00:44:00,463 - Iter 42900: obj=-1377.898533, change=1.60e-06, α=1.000, ‖θ[1:]‖₁=2079.503, γ=90565.834, num_knots=1630
2025-09-07 00:44:00,752 - Iter 42910: obj=-1377.899848, change=1.60e-06, α=1.000, ‖θ[1:]‖₁=2079.499, γ=90620.240, num_knots=1630
2025-09-07 00:44:01,028 - Iter 42920: obj=-1377.906659, change=1.67e-05, α=1.000, ‖θ[1:]‖₁=2079.478, γ=90684.620, num_knots=1630
2025-09-07 00:44:01,294 - Iter 42930: obj=-1377.906729, change=4.11e-06, α=1.000, ‖θ[1:]‖₁=2079.478, γ=4425.126, num_knots=1630
2025-09-07 00:44:01,622 - Iter 42940: obj=-1377.944982, change=8.57e-06, α=1.000, ‖θ[1:]‖₁=2079.364, γ=90540.608, num_knots=1840
2025-09-07 00:44:01,902 - Iter 42950: obj=-1377.945057, change=4.57e-06, α=1.000, ‖θ[1:]‖₁=2079.364, γ=3993.159, num_knots=1628
2025-09-07 00:44:02,187 - Iter 42960: obj=-1377.945668, change=1.19e-04, α=1.000, ‖θ[1:]‖₁=2079.360, γ=22131.544, num_knots=1628
2025-09-07 00:44:02,463 - Iter 42970: obj=-1377.946515, change=7.23e-05, α=1.000, ‖θ[1:]‖₁=2079.358, γ=83873.786, num_knots=1628
2025-09-07 00:44:02,745 - Iter 42980: obj=-1377.948251, change=1.49e-04, α=1.000, ‖θ[1:]‖₁=2079.352, γ=90134.314, num_knots=1628
2025-09-07 00:44:03,004 - Iter 42990: obj=-1377.948920, change=4.49e-06, α=1.000, ‖θ[1:]‖₁=2079.352, γ=3412.764, num_knots=1628
2025-09-07 00:44:03,297 - Iter 43000: obj=-1377.949677, change=1.08e-02, α=1.000, ‖θ[1:]‖₁=2079.219, γ=70110.571, num_knots=1625
2025-09-07 00:44:03,610 - Iter 43010: obj=-1377.993771, change=1.75e-06, α=1.000, ‖θ[1:]‖₁=2079.219, γ=62751.759, num_knots=1625
2025-09-07 00:44:03,910 - Iter 43020: obj=-1377.994465, change=1.67e-06, α=1.000, ‖θ[1:]‖₁=2079.216, γ=74481.806, num_knots=1625
2025-09-07 00:44:04,201 - Iter 43030: obj=-1377.995187, change=1.68e-06, α=1.000, ‖θ[1:]‖₁=2079.214, γ=70966.515, num_knots=1625
2025-09-07 00:44:04,455 - Iter 43040: obj=-1377.995852, change=2.32e-05, α=1.000, ‖θ[1:]‖₁=2079.212, γ=694.092, num_knots=1625
2025-09-07 00:44:04,770 - Iter 43050: obj=-1377.996878, change=4.43e-05, α=1.000, ‖θ[1:]‖₁=2079.209, γ=1276.551, num_knots=1625
2025-09-07 00:44:05,060 - Iter 43060: obj=-1377.998852, change=1.19e-04, α=1.000, ‖θ[1:]‖₁=2079.202, γ=90118.261, num_knots=1625
2025-09-07 00:44:05,348 - Iter 43070: obj=-1377.999400, change=6.44e-06, α=1.000, ‖θ[1:]‖₁=2079.202, γ=922.120, num_knots=1625
2025-09-07 00:44:05,638 - Iter 43080: obj=-1378.000502, change=2.30e-06, α=1.000, ‖θ[1:]‖₁=2079.199, γ=23197.786, num_knots=1625
2025-09-07 00:44:05,904 - Iter 43090: obj=-1378.001514, change=1.77e-06, α=1.000, ‖θ[1:]‖₁=2079.196, γ=55951.363, num_knots=1625
2025-09-07 00:44:06,193 - Iter 43100: obj=-1378.006698, change=1.59e-06, α=1.000, ‖θ[1:]‖₁=2079.181, γ=90620.726, num_knots=1625
2025-09-07 00:44:06,449 - Iter 43110: obj=-1378.009910, change=6.37e-06, α=1.000, ‖θ[1:]‖₁=2079.171, γ=90683.114, num_knots=1625
2025-09-07 00:44:06,724 - Iter 43120: obj=-1378.009997, change=1.37e-04, α=1.000, ‖θ[1:]‖₁=2079.169, γ=1539.708, num_knots=1625
2025-09-07 00:44:06,981 - Iter 43130: obj=-1378.010994, change=8.69e-06, α=1.000, ‖θ[1:]‖₁=2079.168, γ=151.799, num_knots=1625
2025-09-07 00:44:07,252 - Iter 43140: obj=-1378.015853, change=1.60e-06, α=1.000, ‖θ[1:]‖₁=2079.154, γ=88590.125, num_knots=1625
2025-09-07 00:44:07,561 - Iter 43150: obj=-1378.055863, change=1.56e-04, α=1.000, ‖θ[1:]‖₁=2079.036, γ=90679.898, num_knots=2339
2025-09-07 00:44:07,843 - Iter 43160: obj=-1378.056052, change=2.04e-06, α=1.000, ‖θ[1:]‖₁=2079.035, γ=88553.721, num_knots=1866
2025-09-07 00:44:08,113 - Iter 43170: obj=-1378.056135, change=1.56e-06, α=1.000, ‖θ[1:]‖₁=2079.034, γ=90641.401, num_knots=1634
2025-09-07 00:44:08,374 - Iter 43180: obj=-1378.056291, change=2.63e-04, α=1.000, ‖θ[1:]‖₁=2079.031, γ=18718.552, num_knots=1625
2025-09-07 00:44:08,641 - Iter 43190: obj=-1378.057483, change=1.48e-03, α=1.000, ‖θ[1:]‖₁=2079.012, γ=478.006, num_knots=1625
2025-09-07 00:44:08,967 - Iter 43200: obj=-1378.064801, change=1.60e-06, α=1.000, ‖θ[1:]‖₁=2079.008, γ=87527.636, num_knots=1625
2025-09-07 00:44:09,222 - Iter 43210: obj=-1378.066647, change=1.59e-06, α=1.000, ‖θ[1:]‖₁=2079.003, γ=90374.551, num_knots=1625
2025-09-07 00:44:09,484 - Iter 43220: obj=-1378.068657, change=1.57e-06, α=1.000, ‖θ[1:]‖₁=2078.997, γ=90677.127, num_knots=1625
2025-09-07 00:44:09,751 - Iter 43230: obj=-1378.069364, change=1.89e-06, α=1.000, ‖θ[1:]‖₁=2078.995, γ=90670.763, num_knots=1625
2025-09-07 00:44:10,021 - Iter 43240: obj=-1378.071236, change=2.68e-06, α=1.000, ‖θ[1:]‖₁=2078.989, γ=90681.752, num_knots=1625
2025-09-07 00:44:10,303 - Iter 43250: obj=-1378.072322, change=1.09e-04, α=1.000, ‖θ[1:]‖₁=2078.984, γ=89870.031, num_knots=1625
2025-09-07 00:44:10,572 - Iter 43260: obj=-1378.072831, change=1.22e-05, α=1.000, ‖θ[1:]‖₁=2078.984, γ=14.477, num_knots=1625
2025-09-07 00:44:10,829 - Iter 43270: obj=-1378.113671, change=1.77e-06, α=1.000, ‖θ[1:]‖₁=2078.861, γ=90677.521, num_knots=1624
2025-09-07 00:44:11,117 - Iter 43280: obj=-1378.114271, change=2.18e-06, α=1.000, ‖θ[1:]‖₁=2078.860, γ=90657.032, num_knots=1624
2025-09-07 00:44:11,370 - Iter 43290: obj=-1378.117486, change=5.96e-06, α=1.000, ‖θ[1:]‖₁=2078.850, γ=90683.073, num_knots=1624
2025-09-07 00:44:11,652 - Iter 43300: obj=-1378.117581, change=3.69e-04, α=1.000, ‖θ[1:]‖₁=2078.845, γ=1067.966, num_knots=1624
2025-09-07 00:44:11,920 - Iter 43310: obj=-1378.119688, change=2.00e-06, α=1.000, ‖θ[1:]‖₁=2078.843, γ=35262.946, num_knots=1624
2025-09-07 00:44:12,202 - Iter 43320: obj=-1378.122269, change=1.35e-04, α=1.000, ‖θ[1:]‖₁=2078.834, γ=90356.057, num_knots=1624
2025-09-07 00:44:12,462 - Iter 43330: obj=-1378.122879, change=3.39e-06, α=1.000, ‖θ[1:]‖₁=2078.834, γ=7672.979, num_knots=1624
2025-09-07 00:44:12,704 - Iter 43340: obj=-1378.124679, change=1.75e-06, α=1.000, ‖θ[1:]‖₁=2078.828, γ=56757.521, num_knots=1624
2025-09-07 00:44:12,996 - Iter 43350: obj=-1378.128464, change=1.58e-06, α=1.000, ‖θ[1:]‖₁=2078.817, γ=90527.393, num_knots=1624
2025-09-07 00:44:13,267 - Iter 43360: obj=-1378.129258, change=2.44e-06, α=1.000, ‖θ[1:]‖₁=2078.814, γ=23388.887, num_knots=1624
2025-09-07 00:44:13,553 - Iter 43370: obj=-1378.131290, change=1.59e-06, α=1.000, ‖θ[1:]‖₁=2078.808, γ=88513.718, num_knots=1623
2025-09-07 00:44:13,832 - Iter 43380: obj=-1378.181131, change=4.05e-06, α=1.000, ‖θ[1:]‖₁=2078.661, γ=90585.626, num_knots=1677
2025-09-07 00:44:14,159 - Iter 43390: obj=-1378.181890, change=1.11e-04, α=1.000, ‖θ[1:]‖₁=2078.657, γ=89912.550, num_knots=1621
2025-09-07 00:44:14,456 - Iter 43400: obj=-1378.182392, change=4.12e-06, α=1.000, ‖θ[1:]‖₁=2078.657, γ=5007.817, num_knots=1621
2025-09-07 00:44:14,730 - Iter 43410: obj=-1378.183547, change=1.72e-06, α=1.000, ‖θ[1:]‖₁=2078.653, γ=90675.932, num_knots=1621
2025-09-07 00:44:15,003 - Iter 43420: obj=-1378.184361, change=1.68e-06, α=1.000, ‖θ[1:]‖₁=2078.651, γ=90679.845, num_knots=1621
2025-09-07 00:44:15,256 - Iter 43430: obj=-1378.185693, change=1.01e-05, α=1.000, ‖θ[1:]‖₁=2078.647, γ=90640.257, num_knots=1621
2025-09-07 00:44:15,520 - Iter 43440: obj=-1378.185951, change=1.27e-04, α=1.000, ‖θ[1:]‖₁=2078.645, γ=59636.320, num_knots=1621
2025-09-07 00:44:15,795 - Iter 43450: obj=-1378.187183, change=1.58e-06, α=1.000, ‖θ[1:]‖₁=2078.642, γ=90605.696, num_knots=1621
2025-09-07 00:44:16,089 - Iter 43460: obj=-1378.204645, change=7.69e-06, α=1.000, ‖θ[1:]‖₁=2078.591, γ=90274.336, num_knots=2084
2025-09-07 00:44:16,359 - Iter 43470: obj=-1378.204770, change=1.61e-06, α=1.000, ‖θ[1:]‖₁=2078.590, γ=83774.973, num_knots=1620
2025-09-07 00:44:16,656 - Iter 43480: obj=-1378.205769, change=1.59e-06, α=1.000, ‖θ[1:]‖₁=2078.587, γ=88889.081, num_knots=1620
2025-09-07 00:44:16,939 - Iter 43490: obj=-1378.208676, change=1.57e-06, α=1.000, ‖θ[1:]‖₁=2078.579, γ=90672.587, num_knots=1620
2025-09-07 00:44:17,227 - Iter 43500: obj=-1378.210337, change=5.52e-06, α=1.000, ‖θ[1:]‖₁=2078.574, γ=90683.031, num_knots=1620
2025-09-07 00:44:17,517 - Iter 43510: obj=-1378.210429, change=3.48e-04, α=1.000, ‖θ[1:]‖₁=2078.570, γ=1141.439, num_knots=1620
2025-09-07 00:44:17,783 - Iter 43520: obj=-1378.212400, change=2.06e-06, α=1.000, ‖θ[1:]‖₁=2078.568, γ=32100.512, num_knots=1620
2025-09-07 00:44:18,039 - Iter 43530: obj=-1378.213118, change=1.02e-05, α=1.000, ‖θ[1:]‖₁=2078.566, γ=14.221, num_knots=1620
2025-09-07 00:44:18,328 - Iter 43540: obj=-1378.254062, change=1.62e-06, α=1.000, ‖θ[1:]‖₁=2078.445, γ=79652.936, num_knots=1619
2025-09-07 00:44:18,563 - Iter 43550: obj=-1378.273175, change=5.97e-06, α=1.000, ‖θ[1:]‖₁=2078.391, γ=90606.486, num_knots=1701
2025-09-07 00:44:18,826 - Iter 43560: obj=-1378.273245, change=5.17e-06, α=1.000, ‖θ[1:]‖₁=2078.391, γ=2603.804, num_knots=1617
2025-09-07 00:44:19,101 - Iter 43570: obj=-1378.273816, change=1.16e-05, α=1.000, ‖θ[1:]‖₁=2078.389, γ=472.826, num_knots=1617
2025-09-07 00:44:19,351 - Iter 43580: obj=-1378.276176, change=1.70e-06, α=1.000, ‖θ[1:]‖₁=2078.383, γ=64795.552, num_knots=1617
2025-09-07 00:44:19,668 - Iter 43590: obj=-1378.276966, change=1.67e-06, α=1.000, ‖θ[1:]‖₁=2078.380, γ=70083.356, num_knots=1617
2025-09-07 00:44:19,918 - Iter 43600: obj=-1378.277694, change=4.25e-06, α=1.000, ‖θ[1:]‖₁=2078.378, γ=4033.785, num_knots=1617
2025-09-07 00:44:20,178 - Iter 43610: obj=-1378.282989, change=6.45e-05, α=1.000, ‖θ[1:]‖₁=2078.362, γ=90661.957, num_knots=1617
2025-09-07 00:44:20,456 - Iter 43620: obj=-1378.283306, change=2.02e-06, α=1.000, ‖θ[1:]‖₁=2078.362, γ=33992.956, num_knots=1617
2025-09-07 00:44:20,744 - Iter 43630: obj=-1378.284502, change=9.03e-05, α=1.000, ‖θ[1:]‖₁=2078.358, γ=87002.752, num_knots=1617
2025-09-07 00:44:20,996 - Iter 43640: obj=-1378.284990, change=7.05e-04, α=1.000, ‖θ[1:]‖₁=2078.349, γ=4261.179, num_knots=1617
2025-09-07 00:44:21,269 - Iter 43650: obj=-1378.288022, change=2.01e-06, α=1.000, ‖θ[1:]‖₁=2078.349, γ=34375.413, num_knots=1617
2025-09-07 00:44:21,553 - Iter 43660: obj=-1378.288794, change=1.58e-06, α=1.000, ‖θ[1:]‖₁=2078.346, γ=90655.591, num_knots=1617
2025-09-07 00:44:21,842 - Iter 43670: obj=-1378.288857, change=1.58e-06, α=1.000, ‖θ[1:]‖₁=2078.346, γ=90655.591, num_knots=1617
2025-09-07 00:44:22,096 - Iter 43680: obj=-1378.288921, change=1.58e-06, α=1.000, ‖θ[1:]‖₁=2078.346, γ=90655.591, num_knots=1617
2025-09-07 00:44:22,345 - Iter 43690: obj=-1378.288985, change=1.58e-06, α=1.000, ‖θ[1:]‖₁=2078.346, γ=90655.591, num_knots=1617
2025-09-07 00:44:22,617 - Iter 43700: obj=-1378.289048, change=1.58e-06, α=1.000, ‖θ[1:]‖₁=2078.346, γ=90655.591, num_knots=1617
2025-09-07 00:44:22,893 - Iter 43710: obj=-1378.289112, change=1.58e-06, α=1.000, ‖θ[1:]‖₁=2078.345, γ=90655.591, num_knots=1617
2025-09-07 00:44:23,230 - Iter 43720: obj=-1378.289176, change=1.58e-06, α=1.000, ‖θ[1:]‖₁=2078.345, γ=90655.591, num_knots=1617
2025-09-07 00:44:23,549 - Iter 43730: obj=-1378.289239, change=1.58e-06, α=1.000, ‖θ[1:]‖₁=2078.345, γ=90655.591, num_knots=1617
2025-09-07 00:44:23,822 - Iter 43740: obj=-1378.289303, change=1.58e-06, α=1.000, ‖θ[1:]‖₁=2078.345, γ=90655.591, num_knots=1617
2025-09-07 00:44:24,105 - Iter 43750: obj=-1378.289367, change=1.58e-06, α=1.000, ‖θ[1:]‖₁=2078.345, γ=90655.591, num_knots=1617
2025-09-07 00:44:24,354 - Iter 43760: obj=-1378.289430, change=1.58e-06, α=1.000, ‖θ[1:]‖₁=2078.345, γ=90655.591, num_knots=1617
2025-09-07 00:44:24,611 - Iter 43770: obj=-1378.289494, change=1.58e-06, α=1.000, ‖θ[1:]‖₁=2078.344, γ=90655.591, num_knots=1617
2025-09-07 00:44:25,004 - Iter 43780: obj=-1378.289558, change=1.58e-06, α=1.000, ‖θ[1:]‖₁=2078.344, γ=90655.591, num_knots=1617
2025-09-07 00:44:25,285 - Iter 43790: obj=-1378.289621, change=1.58e-06, α=1.000, ‖θ[1:]‖₁=2078.344, γ=90655.591, num_knots=1617
2025-09-07 00:44:25,554 - Iter 43800: obj=-1378.289685, change=1.58e-06, α=1.000, ‖θ[1:]‖₁=2078.344, γ=90655.591, num_knots=1617
2025-09-07 00:44:25,790 - Iter 43810: obj=-1378.289749, change=1.58e-06, α=1.000, ‖θ[1:]‖₁=2078.344, γ=90655.591, num_knots=1617
2025-09-07 00:44:26,041 - Iter 43820: obj=-1378.289813, change=1.58e-06, α=1.000, ‖θ[1:]‖₁=2078.343, γ=90655.591, num_knots=1617
2025-09-07 00:44:26,310 - Iter 43830: obj=-1378.289876, change=1.58e-06, α=1.000, ‖θ[1:]‖₁=2078.343, γ=90655.591, num_knots=1617
2025-09-07 00:44:26,593 - Iter 43840: obj=-1378.289940, change=1.58e-06, α=1.000, ‖θ[1:]‖₁=2078.343, γ=90655.591, num_knots=1617
2025-09-07 00:44:26,881 - Iter 43850: obj=-1378.290004, change=1.58e-06, α=1.000, ‖θ[1:]‖₁=2078.343, γ=90655.591, num_knots=1617
2025-09-07 00:44:27,144 - Iter 43860: obj=-1378.290067, change=1.58e-06, α=1.000, ‖θ[1:]‖₁=2078.343, γ=90655.591, num_knots=1617
2025-09-07 00:44:27,409 - Iter 43870: obj=-1378.290131, change=1.58e-06, α=1.000, ‖θ[1:]‖₁=2078.343, γ=90655.591, num_knots=1617
2025-09-07 00:44:27,702 - Iter 43880: obj=-1378.290195, change=1.58e-06, α=1.000, ‖θ[1:]‖₁=2078.342, γ=90655.591, num_knots=1617
2025-09-07 00:44:28,012 - Iter 43890: obj=-1378.290258, change=1.58e-06, α=1.000, ‖θ[1:]‖₁=2078.342, γ=90655.591, num_knots=1617
2025-09-07 00:44:28,313 - Iter 43900: obj=-1378.290322, change=1.58e-06, α=1.000, ‖θ[1:]‖₁=2078.342, γ=90655.591, num_knots=1617
2025-09-07 00:44:28,606 - Iter 43910: obj=-1378.290386, change=1.58e-06, α=1.000, ‖θ[1:]‖₁=2078.342, γ=90655.591, num_knots=1617
2025-09-07 00:44:28,868 - Iter 43920: obj=-1378.290449, change=1.58e-06, α=1.000, ‖θ[1:]‖₁=2078.342, γ=90655.591, num_knots=1617
2025-09-07 00:44:29,137 - Iter 43930: obj=-1378.290513, change=1.58e-06, α=1.000, ‖θ[1:]‖₁=2078.341, γ=90655.591, num_knots=1617
2025-09-07 00:44:29,390 - Iter 43940: obj=-1378.290577, change=1.58e-06, α=1.000, ‖θ[1:]‖₁=2078.341, γ=90655.591, num_knots=1617
2025-09-07 00:44:29,668 - Iter 43950: obj=-1378.290640, change=1.58e-06, α=1.000, ‖θ[1:]‖₁=2078.341, γ=90655.591, num_knots=1617
2025-09-07 00:44:29,940 - Iter 43960: obj=-1378.290704, change=1.58e-06, α=1.000, ‖θ[1:]‖₁=2078.341, γ=90655.591, num_knots=1617
2025-09-07 00:44:30,220 - Iter 43970: obj=-1378.290768, change=1.58e-06, α=1.000, ‖θ[1:]‖₁=2078.341, γ=90655.591, num_knots=1617
2025-09-07 00:44:30,479 - Iter 43980: obj=-1378.290831, change=1.58e-06, α=1.000, ‖θ[1:]‖₁=2078.340, γ=90655.591, num_knots=1617
2025-09-07 00:44:30,752 - Iter 43990: obj=-1378.290895, change=1.58e-06, α=1.000, ‖θ[1:]‖₁=2078.340, γ=90655.591, num_knots=1617
2025-09-07 00:44:31,011 - Iter 44000: obj=-1378.290959, change=1.58e-06, α=1.000, ‖θ[1:]‖₁=2078.340, γ=90655.591, num_knots=1617
2025-09-07 00:44:31,293 - Iter 44010: obj=-1378.291022, change=1.58e-06, α=1.000, ‖θ[1:]‖₁=2078.340, γ=90655.591, num_knots=1617
2025-09-07 00:44:31,594 - Iter 44020: obj=-1378.291086, change=1.58e-06, α=1.000, ‖θ[1:]‖₁=2078.340, γ=90655.591, num_knots=1617
2025-09-07 00:44:31,872 - Iter 44030: obj=-1378.291150, change=1.58e-06, α=1.000, ‖θ[1:]‖₁=2078.340, γ=90655.591, num_knots=1617
2025-09-07 00:44:32,149 - Iter 44040: obj=-1378.291213, change=1.58e-06, α=1.000, ‖θ[1:]‖₁=2078.339, γ=90655.591, num_knots=1617
2025-09-07 00:44:32,417 - Iter 44050: obj=-1378.291277, change=1.58e-06, α=1.000, ‖θ[1:]‖₁=2078.339, γ=90655.591, num_knots=1617
2025-09-07 00:44:32,678 - Iter 44060: obj=-1378.291341, change=1.58e-06, α=1.000, ‖θ[1:]‖₁=2078.339, γ=90655.591, num_knots=1617
2025-09-07 00:44:32,954 - Iter 44070: obj=-1378.291405, change=1.58e-06, α=1.000, ‖θ[1:]‖₁=2078.339, γ=90655.591, num_knots=1617
2025-09-07 00:44:33,196 - Iter 44080: obj=-1378.291468, change=1.58e-06, α=1.000, ‖θ[1:]‖₁=2078.339, γ=90655.591, num_knots=1617
2025-09-07 00:44:33,440 - Iter 44090: obj=-1378.291532, change=1.58e-06, α=1.000, ‖θ[1:]‖₁=2078.338, γ=90655.591, num_knots=1617
2025-09-07 00:44:33,706 - Iter 44100: obj=-1378.291596, change=1.58e-06, α=1.000, ‖θ[1:]‖₁=2078.338, γ=90655.591, num_knots=1617
2025-09-07 00:44:33,967 - Iter 44110: obj=-1378.291659, change=1.58e-06, α=1.000, ‖θ[1:]‖₁=2078.338, γ=90655.591, num_knots=1617
2025-09-07 00:44:34,242 - Iter 44120: obj=-1378.291723, change=1.58e-06, α=1.000, ‖θ[1:]‖₁=2078.338, γ=90655.591, num_knots=1617
2025-09-07 00:44:34,530 - Iter 44130: obj=-1378.291787, change=1.58e-06, α=1.000, ‖θ[1:]‖₁=2078.338, γ=90655.591, num_knots=1617
2025-09-07 00:44:34,815 - Iter 44140: obj=-1378.291850, change=1.58e-06, α=1.000, ‖θ[1:]‖₁=2078.338, γ=90655.591, num_knots=1617
2025-09-07 00:44:35,099 - Iter 44150: obj=-1378.291914, change=1.58e-06, α=1.000, ‖θ[1:]‖₁=2078.337, γ=90655.591, num_knots=1617
2025-09-07 00:44:35,490 - Iter 44160: obj=-1378.291978, change=1.58e-06, α=1.000, ‖θ[1:]‖₁=2078.337, γ=90655.591, num_knots=1617
2025-09-07 00:44:35,801 - Iter 44170: obj=-1378.292041, change=1.58e-06, α=1.000, ‖θ[1:]‖₁=2078.337, γ=90655.591, num_knots=1617
2025-09-07 00:44:36,068 - Iter 44180: obj=-1378.292105, change=1.58e-06, α=1.000, ‖θ[1:]‖₁=2078.337, γ=90655.591, num_knots=1617
2025-09-07 00:44:36,344 - Iter 44190: obj=-1378.292169, change=1.58e-06, α=1.000, ‖θ[1:]‖₁=2078.337, γ=90655.591, num_knots=1617
2025-09-07 00:44:36,659 - Iter 44200: obj=-1378.292232, change=1.58e-06, α=1.000, ‖θ[1:]‖₁=2078.336, γ=90655.591, num_knots=1617
2025-09-07 00:44:36,921 - Iter 44210: obj=-1378.292296, change=1.58e-06, α=1.000, ‖θ[1:]‖₁=2078.336, γ=90655.591, num_knots=1617
2025-09-07 00:44:37,193 - Iter 44220: obj=-1378.292360, change=1.58e-06, α=1.000, ‖θ[1:]‖₁=2078.336, γ=90655.591, num_knots=1617
2025-09-07 00:44:37,455 - Iter 44230: obj=-1378.292423, change=1.58e-06, α=1.000, ‖θ[1:]‖₁=2078.336, γ=90655.591, num_knots=1617
2025-09-07 00:44:37,729 - Iter 44240: obj=-1378.292487, change=1.58e-06, α=1.000, ‖θ[1:]‖₁=2078.336, γ=90655.591, num_knots=1617
2025-09-07 00:44:38,032 - Iter 44250: obj=-1378.292551, change=1.58e-06, α=1.000, ‖θ[1:]‖₁=2078.336, γ=90655.591, num_knots=1617
2025-09-07 00:44:38,294 - Iter 44260: obj=-1378.292614, change=1.58e-06, α=1.000, ‖θ[1:]‖₁=2078.335, γ=90655.591, num_knots=1617
2025-09-07 00:44:38,596 - Iter 44270: obj=-1378.292678, change=1.58e-06, α=1.000, ‖θ[1:]‖₁=2078.335, γ=90655.591, num_knots=1617
2025-09-07 00:44:38,840 - Iter 44280: obj=-1378.292742, change=1.58e-06, α=1.000, ‖θ[1:]‖₁=2078.335, γ=90655.591, num_knots=1617
2025-09-07 00:44:39,122 - Iter 44290: obj=-1378.292805, change=1.58e-06, α=1.000, ‖θ[1:]‖₁=2078.335, γ=90655.591, num_knots=1617
2025-09-07 00:44:39,377 - Iter 44300: obj=-1378.292869, change=1.58e-06, α=1.000, ‖θ[1:]‖₁=2078.335, γ=90655.591, num_knots=1617
2025-09-07 00:44:39,635 - Iter 44310: obj=-1378.292933, change=1.58e-06, α=1.000, ‖θ[1:]‖₁=2078.334, γ=90655.591, num_knots=1617
2025-09-07 00:44:39,879 - Iter 44320: obj=-1378.292996, change=1.58e-06, α=1.000, ‖θ[1:]‖₁=2078.334, γ=90655.591, num_knots=1617
2025-09-07 00:44:40,127 - Iter 44330: obj=-1378.293060, change=1.58e-06, α=1.000, ‖θ[1:]‖₁=2078.334, γ=90655.591, num_knots=1617
2025-09-07 00:44:40,396 - Iter 44340: obj=-1378.293124, change=1.58e-06, α=1.000, ‖θ[1:]‖₁=2078.334, γ=90655.591, num_knots=1617
2025-09-07 00:44:40,663 - Iter 44350: obj=-1378.293188, change=1.58e-06, α=1.000, ‖θ[1:]‖₁=2078.334, γ=90655.591, num_knots=1617
2025-09-07 00:44:41,088 - Iter 44360: obj=-1378.293251, change=1.58e-06, α=1.000, ‖θ[1:]‖₁=2078.334, γ=90655.591, num_knots=1617
2025-09-07 00:44:41,373 - Iter 44370: obj=-1378.293315, change=1.58e-06, α=1.000, ‖θ[1:]‖₁=2078.333, γ=90655.591, num_knots=1617
2025-09-07 00:44:41,705 - Iter 44380: obj=-1378.293379, change=1.58e-06, α=1.000, ‖θ[1:]‖₁=2078.333, γ=90655.591, num_knots=1617
2025-09-07 00:44:41,991 - Iter 44390: obj=-1378.293442, change=1.58e-06, α=1.000, ‖θ[1:]‖₁=2078.333, γ=90655.591, num_knots=1617
2025-09-07 00:44:42,250 - Iter 44400: obj=-1378.293506, change=1.58e-06, α=1.000, ‖θ[1:]‖₁=2078.333, γ=90655.591, num_knots=1617
2025-09-07 00:44:42,508 - Iter 44410: obj=-1378.293570, change=1.58e-06, α=1.000, ‖θ[1:]‖₁=2078.333, γ=90655.591, num_knots=1617
2025-09-07 00:44:42,777 - Iter 44420: obj=-1378.293633, change=1.58e-06, α=1.000, ‖θ[1:]‖₁=2078.332, γ=90655.591, num_knots=1617
2025-09-07 00:44:43,043 - Iter 44430: obj=-1378.293697, change=1.58e-06, α=1.000, ‖θ[1:]‖₁=2078.332, γ=90655.591, num_knots=1617
2025-09-07 00:44:43,350 - Iter 44440: obj=-1378.293761, change=1.58e-06, α=1.000, ‖θ[1:]‖₁=2078.332, γ=90655.591, num_knots=1617
2025-09-07 00:44:43,635 - Iter 44450: obj=-1378.293824, change=1.58e-06, α=1.000, ‖θ[1:]‖₁=2078.332, γ=90655.591, num_knots=1617
2025-09-07 00:44:43,934 - Iter 44460: obj=-1378.293888, change=1.58e-06, α=1.000, ‖θ[1:]‖₁=2078.332, γ=90655.591, num_knots=1617
2025-09-07 00:44:44,237 - Iter 44470: obj=-1378.293952, change=1.58e-06, α=1.000, ‖θ[1:]‖₁=2078.331, γ=90655.591, num_knots=1617
2025-09-07 00:44:44,505 - Iter 44480: obj=-1378.294015, change=1.58e-06, α=1.000, ‖θ[1:]‖₁=2078.331, γ=90655.591, num_knots=1617
2025-09-07 00:44:44,762 - Iter 44490: obj=-1378.294079, change=1.58e-06, α=1.000, ‖θ[1:]‖₁=2078.331, γ=90655.591, num_knots=1617
2025-09-07 00:44:45,036 - Iter 44500: obj=-1378.294143, change=1.58e-06, α=1.000, ‖θ[1:]‖₁=2078.331, γ=90655.591, num_knots=1617
2025-09-07 00:44:45,315 - Iter 44510: obj=-1378.294206, change=1.58e-06, α=1.000, ‖θ[1:]‖₁=2078.331, γ=90655.591, num_knots=1617
2025-09-07 00:44:45,582 - Iter 44520: obj=-1378.294270, change=1.58e-06, α=1.000, ‖θ[1:]‖₁=2078.331, γ=90655.591, num_knots=1617
2025-09-07 00:44:45,914 - Iter 44530: obj=-1378.294334, change=1.58e-06, α=1.000, ‖θ[1:]‖₁=2078.330, γ=90655.591, num_knots=1617
2025-09-07 00:44:46,210 - Iter 44540: obj=-1378.294397, change=1.58e-06, α=1.000, ‖θ[1:]‖₁=2078.330, γ=90655.591, num_knots=1617
2025-09-07 00:44:46,501 - Iter 44550: obj=-1378.294461, change=1.58e-06, α=1.000, ‖θ[1:]‖₁=2078.330, γ=90655.591, num_knots=1617
2025-09-07 00:44:46,805 - Iter 44560: obj=-1378.294525, change=1.58e-06, α=1.000, ‖θ[1:]‖₁=2078.330, γ=90655.591, num_knots=1617
2025-09-07 00:44:47,094 - Iter 44570: obj=-1378.294588, change=1.58e-06, α=1.000, ‖θ[1:]‖₁=2078.330, γ=90655.591, num_knots=1617
2025-09-07 00:44:47,435 - Iter 44580: obj=-1378.294652, change=1.58e-06, α=1.000, ‖θ[1:]‖₁=2078.329, γ=90655.591, num_knots=1617
2025-09-07 00:44:47,701 - Iter 44590: obj=-1378.294716, change=1.58e-06, α=1.000, ‖θ[1:]‖₁=2078.329, γ=90655.591, num_knots=1617
2025-09-07 00:44:47,967 - Iter 44600: obj=-1378.294779, change=1.58e-06, α=1.000, ‖θ[1:]‖₁=2078.329, γ=90655.591, num_knots=1617
2025-09-07 00:44:48,215 - Iter 44610: obj=-1378.294843, change=1.58e-06, α=1.000, ‖θ[1:]‖₁=2078.329, γ=90655.591, num_knots=1617
2025-09-07 00:44:48,467 - Iter 44620: obj=-1378.294907, change=1.58e-06, α=1.000, ‖θ[1:]‖₁=2078.329, γ=90655.591, num_knots=1617
2025-09-07 00:44:48,747 - Iter 44630: obj=-1378.294970, change=1.58e-06, α=1.000, ‖θ[1:]‖₁=2078.329, γ=90655.591, num_knots=1617
2025-09-07 00:44:49,021 - Iter 44640: obj=-1378.295034, change=1.58e-06, α=1.000, ‖θ[1:]‖₁=2078.328, γ=90655.591, num_knots=1617
2025-09-07 00:44:49,284 - Iter 44650: obj=-1378.295098, change=1.58e-06, α=1.000, ‖θ[1:]‖₁=2078.328, γ=90655.591, num_knots=1617
2025-09-07 00:44:49,633 - Iter 44660: obj=-1378.295161, change=1.58e-06, α=1.000, ‖θ[1:]‖₁=2078.328, γ=90655.591, num_knots=1617
2025-09-07 00:44:49,974 - Iter 44670: obj=-1378.295225, change=1.58e-06, α=1.000, ‖θ[1:]‖₁=2078.328, γ=90655.591, num_knots=1617
2025-09-07 00:44:50,246 - Iter 44680: obj=-1378.295289, change=1.58e-06, α=1.000, ‖θ[1:]‖₁=2078.328, γ=90655.591, num_knots=1617
2025-09-07 00:44:50,518 - Iter 44690: obj=-1378.295352, change=1.58e-06, α=1.000, ‖θ[1:]‖₁=2078.327, γ=90655.591, num_knots=1617
2025-09-07 00:44:50,824 - Iter 44700: obj=-1378.295416, change=1.58e-06, α=1.000, ‖θ[1:]‖₁=2078.327, γ=90655.591, num_knots=1617
2025-09-07 00:44:51,146 - Iter 44710: obj=-1378.295480, change=1.58e-06, α=1.000, ‖θ[1:]‖₁=2078.327, γ=90655.591, num_knots=1617
2025-09-07 00:44:51,533 - Iter 44720: obj=-1378.295543, change=1.58e-06, α=1.000, ‖θ[1:]‖₁=2078.327, γ=90655.591, num_knots=1617
2025-09-07 00:44:51,832 - Iter 44730: obj=-1378.295607, change=1.58e-06, α=1.000, ‖θ[1:]‖₁=2078.327, γ=90655.591, num_knots=1617
2025-09-07 00:44:52,092 - Iter 44740: obj=-1378.295671, change=1.58e-06, α=1.000, ‖θ[1:]‖₁=2078.327, γ=90655.591, num_knots=1617
2025-09-07 00:44:52,337 - Iter 44750: obj=-1378.295735, change=1.58e-06, α=1.000, ‖θ[1:]‖₁=2078.326, γ=90655.591, num_knots=1617
2025-09-07 00:44:52,620 - Iter 44760: obj=-1378.295798, change=1.58e-06, α=1.000, ‖θ[1:]‖₁=2078.326, γ=90655.591, num_knots=1617
2025-09-07 00:44:52,911 - Iter 44770: obj=-1378.295862, change=1.58e-06, α=1.000, ‖θ[1:]‖₁=2078.326, γ=90655.591, num_knots=1617
2025-09-07 00:44:53,291 - Iter 44780: obj=-1378.295926, change=1.58e-06, α=1.000, ‖θ[1:]‖₁=2078.326, γ=90655.591, num_knots=1617
2025-09-07 00:44:53,589 - Iter 44790: obj=-1378.295989, change=1.58e-06, α=1.000, ‖θ[1:]‖₁=2078.326, γ=90655.591, num_knots=1617
2025-09-07 00:44:53,866 - Iter 44800: obj=-1378.296053, change=1.58e-06, α=1.000, ‖θ[1:]‖₁=2078.325, γ=90655.591, num_knots=1617
2025-09-07 00:44:54,155 - Iter 44810: obj=-1378.296117, change=1.58e-06, α=1.000, ‖θ[1:]‖₁=2078.325, γ=90655.591, num_knots=1617
2025-09-07 00:44:54,424 - Iter 44820: obj=-1378.296180, change=1.58e-06, α=1.000, ‖θ[1:]‖₁=2078.325, γ=90655.591, num_knots=1617
2025-09-07 00:44:54,727 - Iter 44830: obj=-1378.296244, change=1.58e-06, α=1.000, ‖θ[1:]‖₁=2078.325, γ=90655.591, num_knots=1617
2025-09-07 00:44:55,021 - Iter 44840: obj=-1378.296308, change=1.58e-06, α=1.000, ‖θ[1:]‖₁=2078.325, γ=90655.591, num_knots=1617
2025-09-07 00:44:55,289 - Iter 44850: obj=-1378.296371, change=1.58e-06, α=1.000, ‖θ[1:]‖₁=2078.325, γ=90655.591, num_knots=1617
2025-09-07 00:44:55,543 - Iter 44860: obj=-1378.296435, change=1.58e-06, α=1.000, ‖θ[1:]‖₁=2078.324, γ=90655.591, num_knots=1617
2025-09-07 00:44:55,837 - Iter 44870: obj=-1378.296499, change=1.58e-06, α=1.000, ‖θ[1:]‖₁=2078.324, γ=90655.591, num_knots=1617
2025-09-07 00:44:56,113 - Iter 44880: obj=-1378.296562, change=1.58e-06, α=1.000, ‖θ[1:]‖₁=2078.324, γ=90655.591, num_knots=1617
2025-09-07 00:44:56,412 - Iter 44890: obj=-1378.296626, change=1.58e-06, α=1.000, ‖θ[1:]‖₁=2078.324, γ=90655.591, num_knots=1617
2025-09-07 00:44:56,715 - Iter 44900: obj=-1378.296690, change=1.58e-06, α=1.000, ‖θ[1:]‖₁=2078.324, γ=90655.591, num_knots=1617
2025-09-07 00:44:56,999 - Iter 44910: obj=-1378.296753, change=1.58e-06, α=1.000, ‖θ[1:]‖₁=2078.323, γ=90655.591, num_knots=1617
2025-09-07 00:44:57,294 - Iter 44920: obj=-1378.296817, change=1.58e-06, α=1.000, ‖θ[1:]‖₁=2078.323, γ=90655.591, num_knots=1617
2025-09-07 00:44:57,539 - Iter 44930: obj=-1378.296881, change=1.58e-06, α=1.000, ‖θ[1:]‖₁=2078.323, γ=90655.591, num_knots=1617
2025-09-07 00:44:57,799 - Iter 44940: obj=-1378.296944, change=1.58e-06, α=1.000, ‖θ[1:]‖₁=2078.323, γ=90655.591, num_knots=1617
2025-09-07 00:44:58,084 - Iter 44950: obj=-1378.297008, change=1.58e-06, α=1.000, ‖θ[1:]‖₁=2078.323, γ=90655.591, num_knots=1617
2025-09-07 00:44:58,343 - Iter 44960: obj=-1378.297072, change=1.58e-06, α=1.000, ‖θ[1:]‖₁=2078.322, γ=90655.591, num_knots=1617
2025-09-07 00:44:58,697 - Iter 44970: obj=-1378.297135, change=1.58e-06, α=1.000, ‖θ[1:]‖₁=2078.322, γ=90655.591, num_knots=1617
2025-09-07 00:44:59,178 - Iter 44980: obj=-1378.297199, change=1.58e-06, α=1.000, ‖θ[1:]‖₁=2078.322, γ=90655.591, num_knots=1617
2025-09-07 00:44:59,447 - Iter 44990: obj=-1378.297263, change=1.58e-06, α=1.000, ‖θ[1:]‖₁=2078.322, γ=90655.591, num_knots=1617
2025-09-07 00:44:59,720 - Iter 45000: obj=-1378.297326, change=1.58e-06, α=1.000, ‖θ[1:]‖₁=2078.322, γ=90655.591, num_knots=1617
2025-09-07 00:44:59,965 - Iter 45010: obj=-1378.297390, change=1.58e-06, α=1.000, ‖θ[1:]‖₁=2078.322, γ=90655.591, num_knots=1617
2025-09-07 00:45:00,245 - Iter 45020: obj=-1378.297454, change=1.58e-06, α=1.000, ‖θ[1:]‖₁=2078.321, γ=90655.591, num_knots=1617
2025-09-07 00:45:00,494 - Iter 45030: obj=-1378.297517, change=1.58e-06, α=1.000, ‖θ[1:]‖₁=2078.321, γ=90655.591, num_knots=1617
2025-09-07 00:45:00,757 - Iter 45040: obj=-1378.297581, change=1.58e-06, α=1.000, ‖θ[1:]‖₁=2078.321, γ=90655.591, num_knots=1617
2025-09-07 00:45:01,057 - Iter 45050: obj=-1378.297645, change=1.58e-06, α=1.000, ‖θ[1:]‖₁=2078.321, γ=90655.591, num_knots=1617
2025-09-07 00:45:01,343 - Iter 45060: obj=-1378.297708, change=1.58e-06, α=1.000, ‖θ[1:]‖₁=2078.321, γ=90655.591, num_knots=1617
2025-09-07 00:45:01,628 - Iter 45070: obj=-1378.297772, change=1.58e-06, α=1.000, ‖θ[1:]‖₁=2078.320, γ=90655.591, num_knots=1617
2025-09-07 00:45:01,922 - Iter 45080: obj=-1378.297836, change=1.58e-06, α=1.000, ‖θ[1:]‖₁=2078.320, γ=90655.591, num_knots=1617
2025-09-07 00:45:02,259 - Iter 45090: obj=-1378.297899, change=1.58e-06, α=1.000, ‖θ[1:]‖₁=2078.320, γ=90655.591, num_knots=1617
2025-09-07 00:45:02,543 - Iter 45100: obj=-1378.297963, change=1.58e-06, α=1.000, ‖θ[1:]‖₁=2078.320, γ=90655.591, num_knots=1617
2025-09-07 00:45:02,832 - Iter 45110: obj=-1378.298027, change=1.58e-06, α=1.000, ‖θ[1:]‖₁=2078.320, γ=90655.591, num_knots=1617
2025-09-07 00:45:03,160 - Iter 45120: obj=-1378.298090, change=1.58e-06, α=1.000, ‖θ[1:]‖₁=2078.320, γ=90655.591, num_knots=1617
2025-09-07 00:45:03,483 - Iter 45130: obj=-1378.298154, change=1.58e-06, α=1.000, ‖θ[1:]‖₁=2078.319, γ=90655.591, num_knots=1617
2025-09-07 00:45:03,799 - Iter 45140: obj=-1378.298218, change=1.58e-06, α=1.000, ‖θ[1:]‖₁=2078.319, γ=90655.591, num_knots=1617
2025-09-07 00:45:04,067 - Iter 45150: obj=-1378.298281, change=1.58e-06, α=1.000, ‖θ[1:]‖₁=2078.319, γ=90655.591, num_knots=1617
2025-09-07 00:45:04,323 - Iter 45160: obj=-1378.298345, change=1.58e-06, α=1.000, ‖θ[1:]‖₁=2078.319, γ=90655.591, num_knots=1617
2025-09-07 00:45:04,615 - Iter 45170: obj=-1378.298409, change=1.58e-06, α=1.000, ‖θ[1:]‖₁=2078.319, γ=90655.591, num_knots=1617
2025-09-07 00:45:04,871 - Iter 45180: obj=-1378.298472, change=1.58e-06, α=1.000, ‖θ[1:]‖₁=2078.318, γ=90655.591, num_knots=1617
2025-09-07 00:45:05,119 - Iter 45190: obj=-1378.298536, change=1.58e-06, α=1.000, ‖θ[1:]‖₁=2078.318, γ=90655.591, num_knots=1617
2025-09-07 00:45:05,395 - Iter 45200: obj=-1378.298600, change=1.58e-06, α=1.000, ‖θ[1:]‖₁=2078.318, γ=90655.591, num_knots=1617
2025-09-07 00:45:05,657 - Iter 45210: obj=-1378.298663, change=1.58e-06, α=1.000, ‖θ[1:]‖₁=2078.318, γ=90655.591, num_knots=1617
2025-09-07 00:45:05,928 - Iter 45220: obj=-1378.298727, change=1.58e-06, α=1.000, ‖θ[1:]‖₁=2078.318, γ=90655.591, num_knots=1617
2025-09-07 00:45:06,195 - Iter 45230: obj=-1378.298791, change=1.58e-06, α=1.000, ‖θ[1:]‖₁=2078.318, γ=90655.591, num_knots=1617
2025-09-07 00:45:06,439 - Iter 45240: obj=-1378.298854, change=1.58e-06, α=1.000, ‖θ[1:]‖₁=2078.317, γ=90655.591, num_knots=1617
2025-09-07 00:45:06,736 - Iter 45250: obj=-1378.298918, change=1.58e-06, α=1.000, ‖θ[1:]‖₁=2078.317, γ=90655.591, num_knots=1617
2025-09-07 00:45:06,987 - Iter 45260: obj=-1378.298982, change=1.58e-06, α=1.000, ‖θ[1:]‖₁=2078.317, γ=90655.591, num_knots=1617
2025-09-07 00:45:07,240 - Iter 45270: obj=-1378.299045, change=1.58e-06, α=1.000, ‖θ[1:]‖₁=2078.317, γ=90655.591, num_knots=1617
2025-09-07 00:45:07,538 - Iter 45280: obj=-1378.299109, change=1.58e-06, α=1.000, ‖θ[1:]‖₁=2078.317, γ=90655.591, num_knots=1617
2025-09-07 00:45:07,826 - Iter 45290: obj=-1378.299173, change=1.58e-06, α=1.000, ‖θ[1:]‖₁=2078.316, γ=90655.591, num_knots=1617
2025-09-07 00:45:08,085 - Iter 45300: obj=-1378.299236, change=1.58e-06, α=1.000, ‖θ[1:]‖₁=2078.316, γ=90655.591, num_knots=1617
2025-09-07 00:45:08,344 - Iter 45310: obj=-1378.299300, change=1.58e-06, α=1.000, ‖θ[1:]‖₁=2078.316, γ=90655.591, num_knots=1617
2025-09-07 00:45:08,616 - Iter 45320: obj=-1378.299364, change=1.58e-06, α=1.000, ‖θ[1:]‖₁=2078.316, γ=90655.591, num_knots=1617
2025-09-07 00:45:08,899 - Iter 45330: obj=-1378.299427, change=1.58e-06, α=1.000, ‖θ[1:]‖₁=2078.316, γ=90655.591, num_knots=1617
2025-09-07 00:45:09,187 - Iter 45340: obj=-1378.299491, change=1.58e-06, α=1.000, ‖θ[1:]‖₁=2078.315, γ=90655.591, num_knots=1617
2025-09-07 00:45:09,472 - Iter 45350: obj=-1378.299555, change=1.58e-06, α=1.000, ‖θ[1:]‖₁=2078.315, γ=90655.591, num_knots=1617
2025-09-07 00:45:09,799 - Iter 45360: obj=-1378.299618, change=1.58e-06, α=1.000, ‖θ[1:]‖₁=2078.315, γ=90655.591, num_knots=1617
2025-09-07 00:45:10,077 - Iter 45370: obj=-1378.299682, change=1.58e-06, α=1.000, ‖θ[1:]‖₁=2078.315, γ=90655.591, num_knots=1617
2025-09-07 00:45:10,330 - Iter 45380: obj=-1378.299746, change=1.58e-06, α=1.000, ‖θ[1:]‖₁=2078.315, γ=90655.591, num_knots=1617
2025-09-07 00:45:10,568 - Iter 45390: obj=-1378.299809, change=1.58e-06, α=1.000, ‖θ[1:]‖₁=2078.315, γ=90655.591, num_knots=1617
2025-09-07 00:45:10,820 - Iter 45400: obj=-1378.299873, change=1.58e-06, α=1.000, ‖θ[1:]‖₁=2078.314, γ=90655.591, num_knots=1617
2025-09-07 00:45:11,080 - Iter 45410: obj=-1378.299937, change=1.58e-06, α=1.000, ‖θ[1:]‖₁=2078.314, γ=90655.591, num_knots=1617
2025-09-07 00:45:11,348 - Iter 45420: obj=-1378.300000, change=1.58e-06, α=1.000, ‖θ[1:]‖₁=2078.314, γ=90655.591, num_knots=1617
2025-09-07 00:45:11,618 - Iter 45430: obj=-1378.300064, change=1.58e-06, α=1.000, ‖θ[1:]‖₁=2078.314, γ=90655.591, num_knots=1617
2025-09-07 00:45:11,895 - Iter 45440: obj=-1378.300128, change=1.58e-06, α=1.000, ‖θ[1:]‖₁=2078.314, γ=90655.591, num_knots=1617
2025-09-07 00:45:12,181 - Iter 45450: obj=-1378.300191, change=1.58e-06, α=1.000, ‖θ[1:]‖₁=2078.313, γ=90655.591, num_knots=1617
2025-09-07 00:45:12,452 - Iter 45460: obj=-1378.300255, change=1.58e-06, α=1.000, ‖θ[1:]‖₁=2078.313, γ=90655.591, num_knots=1617
2025-09-07 00:45:12,836 - Iter 45470: obj=-1378.300319, change=1.58e-06, α=1.000, ‖θ[1:]‖₁=2078.313, γ=90655.591, num_knots=1617
2025-09-07 00:45:13,151 - Iter 45480: obj=-1378.300382, change=1.58e-06, α=1.000, ‖θ[1:]‖₁=2078.313, γ=90655.591, num_knots=1617
2025-09-07 00:45:13,427 - Iter 45490: obj=-1378.300446, change=1.58e-06, α=1.000, ‖θ[1:]‖₁=2078.313, γ=90655.591, num_knots=1617
2025-09-07 00:45:13,685 - Iter 45500: obj=-1378.300510, change=1.58e-06, α=1.000, ‖θ[1:]‖₁=2078.313, γ=90655.591, num_knots=1617
2025-09-07 00:45:13,947 - Iter 45510: obj=-1378.300573, change=1.58e-06, α=1.000, ‖θ[1:]‖₁=2078.312, γ=90655.591, num_knots=1617
2025-09-07 00:45:14,214 - Iter 45520: obj=-1378.300637, change=1.58e-06, α=1.000, ‖θ[1:]‖₁=2078.312, γ=90655.591, num_knots=1617
2025-09-07 00:45:14,484 - Iter 45530: obj=-1378.300701, change=1.58e-06, α=1.000, ‖θ[1:]‖₁=2078.312, γ=90655.591, num_knots=1617
2025-09-07 00:45:14,755 - Iter 45540: obj=-1378.300764, change=1.58e-06, α=1.000, ‖θ[1:]‖₁=2078.312, γ=90655.591, num_knots=1617
2025-09-07 00:45:15,025 - Iter 45550: obj=-1378.300828, change=1.58e-06, α=1.000, ‖θ[1:]‖₁=2078.312, γ=90655.591, num_knots=1617
2025-09-07 00:45:15,310 - Iter 45560: obj=-1378.300892, change=1.58e-06, α=1.000, ‖θ[1:]‖₁=2078.311, γ=90655.591, num_knots=1617
2025-09-07 00:45:15,587 - Iter 45570: obj=-1378.300955, change=1.58e-06, α=1.000, ‖θ[1:]‖₁=2078.311, γ=90655.591, num_knots=1617
2025-09-07 00:45:15,931 - Iter 45580: obj=-1378.301019, change=1.58e-06, α=1.000, ‖θ[1:]‖₁=2078.311, γ=90655.591, num_knots=1617
2025-09-07 00:45:16,200 - Iter 45590: obj=-1378.301083, change=1.58e-06, α=1.000, ‖θ[1:]‖₁=2078.311, γ=90655.591, num_knots=1617
2025-09-07 00:45:16,490 - Iter 45600: obj=-1378.301146, change=1.58e-06, α=1.000, ‖θ[1:]‖₁=2078.311, γ=90655.591, num_knots=1617
2025-09-07 00:45:16,769 - Iter 45610: obj=-1378.301210, change=1.58e-06, α=1.000, ‖θ[1:]‖₁=2078.311, γ=90655.591, num_knots=1617
2025-09-07 00:45:17,059 - Iter 45620: obj=-1378.301274, change=1.58e-06, α=1.000, ‖θ[1:]‖₁=2078.310, γ=90655.591, num_knots=1617
2025-09-07 00:45:17,321 - Iter 45630: obj=-1378.301337, change=1.58e-06, α=1.000, ‖θ[1:]‖₁=2078.310, γ=90655.591, num_knots=1617
2025-09-07 00:45:17,614 - Iter 45640: obj=-1378.301401, change=1.58e-06, α=1.000, ‖θ[1:]‖₁=2078.310, γ=90655.591, num_knots=1617
2025-09-07 00:45:17,885 - Iter 45650: obj=-1378.301465, change=1.58e-06, α=1.000, ‖θ[1:]‖₁=2078.310, γ=90655.591, num_knots=1617
2025-09-07 00:45:18,173 - Iter 45660: obj=-1378.301528, change=1.58e-06, α=1.000, ‖θ[1:]‖₁=2078.310, γ=90655.591, num_knots=1617
2025-09-07 00:45:18,453 - Iter 45670: obj=-1378.301592, change=1.58e-06, α=1.000, ‖θ[1:]‖₁=2078.309, γ=90655.591, num_knots=1617
2025-09-07 00:45:18,712 - Iter 45680: obj=-1378.301656, change=1.58e-06, α=1.000, ‖θ[1:]‖₁=2078.309, γ=90655.591, num_knots=1617
2025-09-07 00:45:18,980 - Iter 45690: obj=-1378.301719, change=1.58e-06, α=1.000, ‖θ[1:]‖₁=2078.309, γ=90655.591, num_knots=1617
2025-09-07 00:45:19,253 - Iter 45700: obj=-1378.301783, change=1.58e-06, α=1.000, ‖θ[1:]‖₁=2078.309, γ=90655.591, num_knots=1617
2025-09-07 00:45:19,529 - Iter 45710: obj=-1378.301847, change=1.58e-06, α=1.000, ‖θ[1:]‖₁=2078.309, γ=90655.591, num_knots=1617
2025-09-07 00:45:19,795 - Iter 45720: obj=-1378.301910, change=1.58e-06, α=1.000, ‖θ[1:]‖₁=2078.308, γ=90655.591, num_knots=1617
2025-09-07 00:45:20,057 - Iter 45730: obj=-1378.301974, change=1.58e-06, α=1.000, ‖θ[1:]‖₁=2078.308, γ=90655.591, num_knots=1617
2025-09-07 00:45:20,324 - Iter 45740: obj=-1378.302038, change=1.58e-06, α=1.000, ‖θ[1:]‖₁=2078.308, γ=90655.591, num_knots=1617
2025-09-07 00:45:20,589 - Iter 45750: obj=-1378.302101, change=1.58e-06, α=1.000, ‖θ[1:]‖₁=2078.308, γ=90655.591, num_knots=1617
2025-09-07 00:45:20,877 - Iter 45760: obj=-1378.302165, change=1.58e-06, α=1.000, ‖θ[1:]‖₁=2078.308, γ=90655.591, num_knots=1617
2025-09-07 00:45:21,144 - Iter 45770: obj=-1378.302229, change=1.58e-06, α=1.000, ‖θ[1:]‖₁=2078.308, γ=90655.591, num_knots=1617
2025-09-07 00:45:21,442 - Iter 45780: obj=-1378.302292, change=1.58e-06, α=1.000, ‖θ[1:]‖₁=2078.307, γ=90655.591, num_knots=1617
2025-09-07 00:45:21,720 - Iter 45790: obj=-1378.302356, change=1.58e-06, α=1.000, ‖θ[1:]‖₁=2078.307, γ=90655.591, num_knots=1617
2025-09-07 00:45:21,980 - Iter 45800: obj=-1378.302420, change=1.58e-06, α=1.000, ‖θ[1:]‖₁=2078.307, γ=90655.591, num_knots=1617
2025-09-07 00:45:22,234 - Iter 45810: obj=-1378.302483, change=1.58e-06, α=1.000, ‖θ[1:]‖₁=2078.307, γ=90655.591, num_knots=1617
2025-09-07 00:45:22,522 - Iter 45820: obj=-1378.302547, change=1.58e-06, α=1.000, ‖θ[1:]‖₁=2078.307, γ=90655.591, num_knots=1617
2025-09-07 00:45:22,814 - Iter 45830: obj=-1378.302611, change=1.58e-06, α=1.000, ‖θ[1:]‖₁=2078.306, γ=90655.591, num_knots=1617
2025-09-07 00:45:23,103 - Iter 45840: obj=-1378.302674, change=1.58e-06, α=1.000, ‖θ[1:]‖₁=2078.306, γ=90655.591, num_knots=1617
2025-09-07 00:45:23,395 - Iter 45850: obj=-1378.302738, change=1.58e-06, α=1.000, ‖θ[1:]‖₁=2078.306, γ=90655.591, num_knots=1617
2025-09-07 00:45:23,701 - Iter 45860: obj=-1378.302802, change=1.58e-06, α=1.000, ‖θ[1:]‖₁=2078.306, γ=90655.591, num_knots=1617
2025-09-07 00:45:23,977 - Iter 45870: obj=-1378.302865, change=1.58e-06, α=1.000, ‖θ[1:]‖₁=2078.306, γ=90655.591, num_knots=1617
2025-09-07 00:45:24,250 - Iter 45880: obj=-1378.302929, change=1.58e-06, α=1.000, ‖θ[1:]‖₁=2078.306, γ=90655.591, num_knots=1617
2025-09-07 00:45:24,503 - Iter 45890: obj=-1378.302993, change=1.58e-06, α=1.000, ‖θ[1:]‖₁=2078.305, γ=90655.591, num_knots=1617
2025-09-07 00:45:24,745 - Iter 45900: obj=-1378.303056, change=1.58e-06, α=1.000, ‖θ[1:]‖₁=2078.305, γ=90655.591, num_knots=1617
2025-09-07 00:45:25,029 - Iter 45910: obj=-1378.303120, change=1.58e-06, α=1.000, ‖θ[1:]‖₁=2078.305, γ=90655.591, num_knots=1617
2025-09-07 00:45:25,313 - Iter 45920: obj=-1378.303184, change=1.58e-06, α=1.000, ‖θ[1:]‖₁=2078.305, γ=90655.591, num_knots=1617
2025-09-07 00:45:25,572 - Iter 45930: obj=-1378.303247, change=1.58e-06, α=1.000, ‖θ[1:]‖₁=2078.305, γ=90655.591, num_knots=1617
2025-09-07 00:45:25,837 - Iter 45940: obj=-1378.303311, change=1.58e-06, α=1.000, ‖θ[1:]‖₁=2078.304, γ=90655.591, num_knots=1617
2025-09-07 00:45:26,132 - Iter 45950: obj=-1378.303375, change=1.58e-06, α=1.000, ‖θ[1:]‖₁=2078.304, γ=90655.591, num_knots=1617
2025-09-07 00:45:26,423 - Iter 45960: obj=-1378.303438, change=1.58e-06, α=1.000, ‖θ[1:]‖₁=2078.304, γ=90655.591, num_knots=1617
2025-09-07 00:45:26,704 - Iter 45970: obj=-1378.303502, change=1.58e-06, α=1.000, ‖θ[1:]‖₁=2078.304, γ=90655.591, num_knots=1617
2025-09-07 00:45:26,976 - Iter 45980: obj=-1378.303566, change=1.58e-06, α=1.000, ‖θ[1:]‖₁=2078.304, γ=90655.591, num_knots=1617
2025-09-07 00:45:27,242 - Iter 45990: obj=-1378.303629, change=1.58e-06, α=1.000, ‖θ[1:]‖₁=2078.304, γ=90655.591, num_knots=1617
2025-09-07 00:45:27,504 - Iter 46000: obj=-1378.303693, change=1.58e-06, α=1.000, ‖θ[1:]‖₁=2078.303, γ=90655.591, num_knots=1617
2025-09-07 00:45:27,759 - Iter 46010: obj=-1378.303757, change=1.58e-06, α=1.000, ‖θ[1:]‖₁=2078.303, γ=90655.591, num_knots=1617
2025-09-07 00:45:28,064 - Iter 46020: obj=-1378.303820, change=1.58e-06, α=1.000, ‖θ[1:]‖₁=2078.303, γ=90655.591, num_knots=1617
2025-09-07 00:45:28,338 - Iter 46030: obj=-1378.303884, change=1.58e-06, α=1.000, ‖θ[1:]‖₁=2078.303, γ=90655.591, num_knots=1617
2025-09-07 00:45:28,646 - Iter 46040: obj=-1378.303948, change=1.58e-06, α=1.000, ‖θ[1:]‖₁=2078.303, γ=90655.591, num_knots=1617
2025-09-07 00:45:28,947 - Iter 46050: obj=-1378.304011, change=1.58e-06, α=1.000, ‖θ[1:]‖₁=2078.302, γ=90655.591, num_knots=1617
2025-09-07 00:45:29,202 - Iter 46060: obj=-1378.304075, change=1.58e-06, α=1.000, ‖θ[1:]‖₁=2078.302, γ=90655.591, num_knots=1617
2025-09-07 00:45:29,455 - Iter 46070: obj=-1378.304139, change=1.58e-06, α=1.000, ‖θ[1:]‖₁=2078.302, γ=90655.591, num_knots=1617
2025-09-07 00:45:29,734 - Iter 46080: obj=-1378.304202, change=1.58e-06, α=1.000, ‖θ[1:]‖₁=2078.302, γ=90655.591, num_knots=1617
2025-09-07 00:45:30,030 - Iter 46090: obj=-1378.304266, change=1.58e-06, α=1.000, ‖θ[1:]‖₁=2078.302, γ=90655.591, num_knots=1617
2025-09-07 00:45:30,304 - Iter 46100: obj=-1378.304330, change=1.58e-06, α=1.000, ‖θ[1:]‖₁=2078.301, γ=90655.591, num_knots=1617
2025-09-07 00:45:30,553 - Iter 46110: obj=-1378.304393, change=1.58e-06, α=1.000, ‖θ[1:]‖₁=2078.301, γ=90655.591, num_knots=1617
2025-09-07 00:45:30,808 - Iter 46120: obj=-1378.304457, change=1.58e-06, α=1.000, ‖θ[1:]‖₁=2078.301, γ=90655.591, num_knots=1617
2025-09-07 00:45:31,090 - Iter 46130: obj=-1378.304520, change=1.58e-06, α=1.000, ‖θ[1:]‖₁=2078.301, γ=90655.591, num_knots=1617
2025-09-07 00:45:31,389 - Iter 46140: obj=-1378.304584, change=1.58e-06, α=1.000, ‖θ[1:]‖₁=2078.301, γ=90655.591, num_knots=1617
2025-09-07 00:45:31,654 - Iter 46150: obj=-1378.304648, change=1.58e-06, α=1.000, ‖θ[1:]‖₁=2078.301, γ=90655.591, num_knots=1617
2025-09-07 00:45:31,952 - Iter 46160: obj=-1378.304711, change=1.58e-06, α=1.000, ‖θ[1:]‖₁=2078.300, γ=90655.591, num_knots=1617
2025-09-07 00:45:32,229 - Iter 46170: obj=-1378.304775, change=1.58e-06, α=1.000, ‖θ[1:]‖₁=2078.300, γ=90655.591, num_knots=1617
2025-09-07 00:45:32,486 - Iter 46180: obj=-1378.304839, change=1.58e-06, α=1.000, ‖θ[1:]‖₁=2078.300, γ=90655.591, num_knots=1617
2025-09-07 00:45:32,788 - Iter 46190: obj=-1378.304902, change=1.58e-06, α=1.000, ‖θ[1:]‖₁=2078.300, γ=90655.591, num_knots=1617
2025-09-07 00:45:33,079 - Iter 46200: obj=-1378.304966, change=1.58e-06, α=1.000, ‖θ[1:]‖₁=2078.300, γ=90655.591, num_knots=1617
2025-09-07 00:45:33,423 - Iter 46210: obj=-1378.305030, change=1.58e-06, α=1.000, ‖θ[1:]‖₁=2078.299, γ=90655.591, num_knots=1617
2025-09-07 00:45:33,724 - Iter 46220: obj=-1378.305093, change=1.58e-06, α=1.000, ‖θ[1:]‖₁=2078.299, γ=90655.591, num_knots=1617
2025-09-07 00:45:33,985 - Iter 46230: obj=-1378.305157, change=1.58e-06, α=1.000, ‖θ[1:]‖₁=2078.299, γ=90655.591, num_knots=1617
2025-09-07 00:45:34,264 - Iter 46240: obj=-1378.305221, change=1.58e-06, α=1.000, ‖θ[1:]‖₁=2078.299, γ=90655.591, num_knots=1617
2025-09-07 00:45:34,524 - Iter 46250: obj=-1378.305284, change=1.58e-06, α=1.000, ‖θ[1:]‖₁=2078.299, γ=90655.591, num_knots=1617
2025-09-07 00:45:34,803 - Iter 46260: obj=-1378.305348, change=1.58e-06, α=1.000, ‖θ[1:]‖₁=2078.299, γ=90655.591, num_knots=1617
2025-09-07 00:45:35,054 - Iter 46270: obj=-1378.305412, change=1.58e-06, α=1.000, ‖θ[1:]‖₁=2078.298, γ=90655.591, num_knots=1617
2025-09-07 00:45:35,339 - Iter 46280: obj=-1378.305475, change=1.58e-06, α=1.000, ‖θ[1:]‖₁=2078.298, γ=90655.591, num_knots=1617
2025-09-07 00:45:35,593 - Iter 46290: obj=-1378.305539, change=1.58e-06, α=1.000, ‖θ[1:]‖₁=2078.298, γ=90655.591, num_knots=1617
2025-09-07 00:45:35,864 - Iter 46300: obj=-1378.305603, change=1.58e-06, α=1.000, ‖θ[1:]‖₁=2078.298, γ=90655.591, num_knots=1617
2025-09-07 00:45:36,157 - Iter 46310: obj=-1378.305666, change=1.58e-06, α=1.000, ‖θ[1:]‖₁=2078.298, γ=90655.591, num_knots=1617
2025-09-07 00:45:36,439 - Iter 46320: obj=-1378.305730, change=1.58e-06, α=1.000, ‖θ[1:]‖₁=2078.297, γ=90655.591, num_knots=1617
2025-09-07 00:45:36,718 - Iter 46330: obj=-1378.305794, change=1.58e-06, α=1.000, ‖θ[1:]‖₁=2078.297, γ=90655.591, num_knots=1617
2025-09-07 00:45:36,976 - Iter 46340: obj=-1378.305857, change=1.58e-06, α=1.000, ‖θ[1:]‖₁=2078.297, γ=90655.591, num_knots=1617
2025-09-07 00:45:37,222 - Iter 46350: obj=-1378.305921, change=1.58e-06, α=1.000, ‖θ[1:]‖₁=2078.297, γ=90655.591, num_knots=1617
2025-09-07 00:45:37,490 - Iter 46360: obj=-1378.305985, change=1.58e-06, α=1.000, ‖θ[1:]‖₁=2078.297, γ=90655.591, num_knots=1617
2025-09-07 00:45:37,754 - Iter 46370: obj=-1378.306048, change=1.58e-06, α=1.000, ‖θ[1:]‖₁=2078.296, γ=90655.591, num_knots=1617
2025-09-07 00:45:38,012 - Iter 46380: obj=-1378.306112, change=1.58e-06, α=1.000, ‖θ[1:]‖₁=2078.296, γ=90655.591, num_knots=1617
2025-09-07 00:45:38,289 - Iter 46390: obj=-1378.306176, change=1.58e-06, α=1.000, ‖θ[1:]‖₁=2078.296, γ=90655.591, num_knots=1617
2025-09-07 00:45:38,524 - Iter 46400: obj=-1378.306239, change=1.58e-06, α=1.000, ‖θ[1:]‖₁=2078.296, γ=90655.591, num_knots=1617
2025-09-07 00:45:38,781 - Iter 46410: obj=-1378.306303, change=1.58e-06, α=1.000, ‖θ[1:]‖₁=2078.296, γ=90655.591, num_knots=1617
2025-09-07 00:45:39,049 - Iter 46420: obj=-1378.306367, change=1.58e-06, α=1.000, ‖θ[1:]‖₁=2078.296, γ=90655.591, num_knots=1617
2025-09-07 00:45:39,349 - Iter 46430: obj=-1378.306430, change=1.58e-06, α=1.000, ‖θ[1:]‖₁=2078.295, γ=90655.591, num_knots=1617
2025-09-07 00:45:39,630 - Iter 46440: obj=-1378.306494, change=1.58e-06, α=1.000, ‖θ[1:]‖₁=2078.295, γ=90655.591, num_knots=1617
2025-09-07 00:45:39,907 - Iter 46450: obj=-1378.306558, change=1.58e-06, α=1.000, ‖θ[1:]‖₁=2078.295, γ=90655.591, num_knots=1617
2025-09-07 00:45:40,194 - Iter 46460: obj=-1378.306621, change=1.58e-06, α=1.000, ‖θ[1:]‖₁=2078.295, γ=90655.591, num_knots=1617
2025-09-07 00:45:40,487 - Iter 46470: obj=-1378.306685, change=1.58e-06, α=1.000, ‖θ[1:]‖₁=2078.295, γ=90655.591, num_knots=1617
2025-09-07 00:45:40,738 - Iter 46480: obj=-1378.306749, change=1.58e-06, α=1.000, ‖θ[1:]‖₁=2078.294, γ=90655.591, num_knots=1617
2025-09-07 00:45:40,996 - Iter 46490: obj=-1378.306812, change=1.58e-06, α=1.000, ‖θ[1:]‖₁=2078.294, γ=90655.591, num_knots=1617
2025-09-07 00:45:41,249 - Iter 46500: obj=-1378.306876, change=1.58e-06, α=1.000, ‖θ[1:]‖₁=2078.294, γ=90655.591, num_knots=1617
2025-09-07 00:45:41,512 - Iter 46510: obj=-1378.306940, change=1.58e-06, α=1.000, ‖θ[1:]‖₁=2078.294, γ=90655.591, num_knots=1617
2025-09-07 00:45:41,781 - Iter 46520: obj=-1378.307003, change=1.58e-06, α=1.000, ‖θ[1:]‖₁=2078.294, γ=90655.591, num_knots=1617
2025-09-07 00:45:42,051 - Iter 46530: obj=-1378.307067, change=1.58e-06, α=1.000, ‖θ[1:]‖₁=2078.294, γ=90655.591, num_knots=1617
2025-09-07 00:45:42,309 - Iter 46540: obj=-1378.307130, change=1.58e-06, α=1.000, ‖θ[1:]‖₁=2078.293, γ=90655.591, num_knots=1617
2025-09-07 00:45:42,592 - Iter 46550: obj=-1378.307194, change=1.58e-06, α=1.000, ‖θ[1:]‖₁=2078.293, γ=90655.591, num_knots=1617
2025-09-07 00:45:42,965 - Iter 46560: obj=-1378.307258, change=1.58e-06, α=1.000, ‖θ[1:]‖₁=2078.293, γ=90655.591, num_knots=1617
2025-09-07 00:45:43,317 - Iter 46570: obj=-1378.307321, change=1.58e-06, α=1.000, ‖θ[1:]‖₁=2078.293, γ=90655.591, num_knots=1617
2025-09-07 00:45:43,605 - Iter 46580: obj=-1378.307385, change=1.58e-06, α=1.000, ‖θ[1:]‖₁=2078.293, γ=90655.591, num_knots=1617
2025-09-07 00:45:43,863 - Iter 46590: obj=-1378.307449, change=1.58e-06, α=1.000, ‖θ[1:]‖₁=2078.292, γ=90655.591, num_knots=1617
2025-09-07 00:45:44,141 - Iter 46600: obj=-1378.307512, change=1.58e-06, α=1.000, ‖θ[1:]‖₁=2078.292, γ=90655.591, num_knots=1617
2025-09-07 00:45:44,400 - Iter 46610: obj=-1378.307576, change=1.58e-06, α=1.000, ‖θ[1:]‖₁=2078.292, γ=90655.591, num_knots=1617
2025-09-07 00:45:44,680 - Iter 46620: obj=-1378.307640, change=1.58e-06, α=1.000, ‖θ[1:]‖₁=2078.292, γ=90655.591, num_knots=1617
2025-09-07 00:45:44,970 - Iter 46630: obj=-1378.307703, change=1.58e-06, α=1.000, ‖θ[1:]‖₁=2078.292, γ=90655.591, num_knots=1617
2025-09-07 00:45:45,239 - Iter 46640: obj=-1378.307767, change=1.58e-06, α=1.000, ‖θ[1:]‖₁=2078.292, γ=90655.591, num_knots=1617
2025-09-07 00:45:45,499 - Iter 46650: obj=-1378.307831, change=1.58e-06, α=1.000, ‖θ[1:]‖₁=2078.291, γ=90655.591, num_knots=1617
2025-09-07 00:45:45,845 - Iter 46660: obj=-1378.307894, change=1.58e-06, α=1.000, ‖θ[1:]‖₁=2078.291, γ=90655.591, num_knots=1617
2025-09-07 00:45:46,146 - Iter 46670: obj=-1378.307958, change=1.58e-06, α=1.000, ‖θ[1:]‖₁=2078.291, γ=90655.591, num_knots=1617
2025-09-07 00:45:46,401 - Iter 46680: obj=-1378.308022, change=1.58e-06, α=1.000, ‖θ[1:]‖₁=2078.291, γ=90655.591, num_knots=1617
2025-09-07 00:45:46,676 - Iter 46690: obj=-1378.308085, change=1.58e-06, α=1.000, ‖θ[1:]‖₁=2078.291, γ=90655.591, num_knots=1617
2025-09-07 00:45:46,971 - Iter 46700: obj=-1378.308149, change=1.58e-06, α=1.000, ‖θ[1:]‖₁=2078.290, γ=90655.591, num_knots=1617
2025-09-07 00:45:47,232 - Iter 46710: obj=-1378.308213, change=1.58e-06, α=1.000, ‖θ[1:]‖₁=2078.290, γ=90655.591, num_knots=1617
2025-09-07 00:45:47,526 - Iter 46720: obj=-1378.308276, change=1.58e-06, α=1.000, ‖θ[1:]‖₁=2078.290, γ=90655.591, num_knots=1617
2025-09-07 00:45:47,797 - Iter 46730: obj=-1378.308340, change=1.58e-06, α=1.000, ‖θ[1:]‖₁=2078.290, γ=90655.591, num_knots=1617
2025-09-07 00:45:48,066 - Iter 46740: obj=-1378.308404, change=1.58e-06, α=1.000, ‖θ[1:]‖₁=2078.290, γ=90655.591, num_knots=1617
2025-09-07 00:45:48,320 - Iter 46750: obj=-1378.308467, change=1.58e-06, α=1.000, ‖θ[1:]‖₁=2078.289, γ=90655.591, num_knots=1617
2025-09-07 00:45:48,579 - Iter 46760: obj=-1378.308531, change=1.58e-06, α=1.000, ‖θ[1:]‖₁=2078.289, γ=90655.591, num_knots=1617
2025-09-07 00:45:48,851 - Iter 46770: obj=-1378.308595, change=1.58e-06, α=1.000, ‖θ[1:]‖₁=2078.289, γ=90655.591, num_knots=1617
2025-09-07 00:45:49,124 - Iter 46780: obj=-1378.308658, change=1.58e-06, α=1.000, ‖θ[1:]‖₁=2078.289, γ=90655.591, num_knots=1617
2025-09-07 00:45:49,415 - Iter 46790: obj=-1378.308722, change=1.58e-06, α=1.000, ‖θ[1:]‖₁=2078.289, γ=90655.591, num_knots=1617
2025-09-07 00:45:49,709 - Iter 46800: obj=-1378.308786, change=1.58e-06, α=1.000, ‖θ[1:]‖₁=2078.289, γ=90655.591, num_knots=1617
2025-09-07 00:45:49,963 - Iter 46810: obj=-1378.308849, change=1.58e-06, α=1.000, ‖θ[1:]‖₁=2078.288, γ=90655.591, num_knots=1617
2025-09-07 00:45:50,244 - Iter 46820: obj=-1378.308913, change=1.58e-06, α=1.000, ‖θ[1:]‖₁=2078.288, γ=90655.591, num_knots=1617
2025-09-07 00:45:50,513 - Iter 46830: obj=-1378.308976, change=1.58e-06, α=1.000, ‖θ[1:]‖₁=2078.288, γ=90655.591, num_knots=1617
2025-09-07 00:45:50,755 - Iter 46840: obj=-1378.309040, change=1.58e-06, α=1.000, ‖θ[1:]‖₁=2078.288, γ=90655.591, num_knots=1617
2025-09-07 00:45:51,075 - Iter 46850: obj=-1378.309104, change=1.58e-06, α=1.000, ‖θ[1:]‖₁=2078.288, γ=90655.591, num_knots=1617
2025-09-07 00:45:51,347 - Iter 46860: obj=-1378.309167, change=1.58e-06, α=1.000, ‖θ[1:]‖₁=2078.287, γ=90655.591, num_knots=1617
2025-09-07 00:45:51,735 - Iter 46870: obj=-1378.309231, change=1.58e-06, α=1.000, ‖θ[1:]‖₁=2078.287, γ=90655.591, num_knots=1617
2025-09-07 00:45:52,000 - Iter 46880: obj=-1378.309295, change=1.58e-06, α=1.000, ‖θ[1:]‖₁=2078.287, γ=90655.591, num_knots=1617
2025-09-07 00:45:52,263 - Iter 46890: obj=-1378.309358, change=1.58e-06, α=1.000, ‖θ[1:]‖₁=2078.287, γ=90655.591, num_knots=1617
2025-09-07 00:45:52,507 - Iter 46900: obj=-1378.309422, change=1.58e-06, α=1.000, ‖θ[1:]‖₁=2078.287, γ=90655.591, num_knots=1617
2025-09-07 00:45:52,784 - Iter 46910: obj=-1378.309486, change=1.58e-06, α=1.000, ‖θ[1:]‖₁=2078.287, γ=90655.591, num_knots=1617
2025-09-07 00:45:53,049 - Iter 46920: obj=-1378.309549, change=1.58e-06, α=1.000, ‖θ[1:]‖₁=2078.286, γ=90655.591, num_knots=1617
2025-09-07 00:45:53,384 - Iter 46930: obj=-1378.309613, change=1.58e-06, α=1.000, ‖θ[1:]‖₁=2078.286, γ=90655.591, num_knots=1617
2025-09-07 00:45:53,674 - Iter 46940: obj=-1378.309677, change=1.58e-06, α=1.000, ‖θ[1:]‖₁=2078.286, γ=90655.591, num_knots=1617
2025-09-07 00:45:53,966 - Iter 46950: obj=-1378.309740, change=1.58e-06, α=1.000, ‖θ[1:]‖₁=2078.286, γ=90655.591, num_knots=1617
2025-09-07 00:45:54,210 - Iter 46960: obj=-1378.309804, change=1.58e-06, α=1.000, ‖θ[1:]‖₁=2078.286, γ=90655.591, num_knots=1617
2025-09-07 00:45:54,446 - Iter 46970: obj=-1378.309868, change=1.58e-06, α=1.000, ‖θ[1:]‖₁=2078.285, γ=90655.591, num_knots=1617
2025-09-07 00:45:54,725 - Iter 46980: obj=-1378.309931, change=1.58e-06, α=1.000, ‖θ[1:]‖₁=2078.285, γ=90655.591, num_knots=1617
2025-09-07 00:45:55,093 - Iter 46990: obj=-1378.309995, change=1.58e-06, α=1.000, ‖θ[1:]‖₁=2078.285, γ=90655.591, num_knots=1617
2025-09-07 00:45:55,393 - Iter 47000: obj=-1378.310059, change=1.58e-06, α=1.000, ‖θ[1:]‖₁=2078.285, γ=90655.591, num_knots=1617
2025-09-07 00:45:55,682 - Iter 47010: obj=-1378.310122, change=1.58e-06, α=1.000, ‖θ[1:]‖₁=2078.285, γ=90655.591, num_knots=1617
2025-09-07 00:45:55,965 - Iter 47020: obj=-1378.310186, change=1.58e-06, α=1.000, ‖θ[1:]‖₁=2078.284, γ=90655.591, num_knots=1617
2025-09-07 00:45:56,232 - Iter 47030: obj=-1378.310250, change=1.58e-06, α=1.000, ‖θ[1:]‖₁=2078.284, γ=90655.591, num_knots=1617
2025-09-07 00:45:56,498 - Iter 47040: obj=-1378.310313, change=1.58e-06, α=1.000, ‖θ[1:]‖₁=2078.284, γ=90655.591, num_knots=1617
2025-09-07 00:45:56,806 - Iter 47050: obj=-1378.310377, change=1.58e-06, α=1.000, ‖θ[1:]‖₁=2078.284, γ=90655.591, num_knots=1617
2025-09-07 00:45:57,108 - Iter 47060: obj=-1378.310440, change=1.58e-06, α=1.000, ‖θ[1:]‖₁=2078.284, γ=90655.591, num_knots=1617
2025-09-07 00:45:57,354 - Iter 47070: obj=-1378.310504, change=1.58e-06, α=1.000, ‖θ[1:]‖₁=2078.284, γ=90655.591, num_knots=1617
2025-09-07 00:45:57,601 - Iter 47080: obj=-1378.310568, change=1.58e-06, α=1.000, ‖θ[1:]‖₁=2078.283, γ=90655.591, num_knots=1617
2025-09-07 00:45:57,880 - Iter 47090: obj=-1378.310631, change=1.58e-06, α=1.000, ‖θ[1:]‖₁=2078.283, γ=90655.591, num_knots=1617
2025-09-07 00:45:58,166 - Iter 47100: obj=-1378.310695, change=1.58e-06, α=1.000, ‖θ[1:]‖₁=2078.283, γ=90655.591, num_knots=1617
2025-09-07 00:45:58,445 - Iter 47110: obj=-1378.310759, change=1.58e-06, α=1.000, ‖θ[1:]‖₁=2078.283, γ=90655.591, num_knots=1617
2025-09-07 00:45:58,719 - Iter 47120: obj=-1378.310822, change=1.58e-06, α=1.000, ‖θ[1:]‖₁=2078.283, γ=90655.591, num_knots=1617
2025-09-07 00:45:58,964 - Iter 47130: obj=-1378.310886, change=1.58e-06, α=1.000, ‖θ[1:]‖₁=2078.282, γ=90655.591, num_knots=1617
2025-09-07 00:45:59,223 - Iter 47140: obj=-1378.310950, change=1.58e-06, α=1.000, ‖θ[1:]‖₁=2078.282, γ=90655.591, num_knots=1617
2025-09-07 00:45:59,517 - Iter 47150: obj=-1378.311013, change=1.58e-06, α=1.000, ‖θ[1:]‖₁=2078.282, γ=90655.591, num_knots=1617
2025-09-07 00:45:59,802 - Iter 47160: obj=-1378.311077, change=1.58e-06, α=1.000, ‖θ[1:]‖₁=2078.282, γ=90655.591, num_knots=1617
2025-09-07 00:46:00,095 - Iter 47170: obj=-1378.311141, change=1.58e-06, α=1.000, ‖θ[1:]‖₁=2078.282, γ=90655.591, num_knots=1617
2025-09-07 00:46:00,378 - Iter 47180: obj=-1378.311204, change=1.58e-06, α=1.000, ‖θ[1:]‖₁=2078.282, γ=90655.591, num_knots=1617
2025-09-07 00:46:00,628 - Iter 47190: obj=-1378.311268, change=1.58e-06, α=1.000, ‖θ[1:]‖₁=2078.281, γ=90655.591, num_knots=1617
2025-09-07 00:46:00,932 - Iter 47200: obj=-1378.311332, change=1.58e-06, α=1.000, ‖θ[1:]‖₁=2078.281, γ=90655.591, num_knots=1617
2025-09-07 00:46:01,202 - Iter 47210: obj=-1378.311395, change=1.58e-06, α=1.000, ‖θ[1:]‖₁=2078.281, γ=90655.591, num_knots=1617
2025-09-07 00:46:01,464 - Iter 47220: obj=-1378.311459, change=1.58e-06, α=1.000, ‖θ[1:]‖₁=2078.281, γ=90655.591, num_knots=1617
2025-09-07 00:46:01,730 - Iter 47230: obj=-1378.311523, change=1.58e-06, α=1.000, ‖θ[1:]‖₁=2078.281, γ=90655.591, num_knots=1617
2025-09-07 00:46:02,039 - Iter 47240: obj=-1378.311586, change=1.58e-06, α=1.000, ‖θ[1:]‖₁=2078.280, γ=90655.591, num_knots=1617
2025-09-07 00:46:02,324 - Iter 47250: obj=-1378.311650, change=1.58e-06, α=1.000, ‖θ[1:]‖₁=2078.280, γ=90655.591, num_knots=1617
2025-09-07 00:46:02,581 - Iter 47260: obj=-1378.311713, change=1.58e-06, α=1.000, ‖θ[1:]‖₁=2078.280, γ=90655.591, num_knots=1617
2025-09-07 00:46:02,835 - Iter 47270: obj=-1378.311777, change=1.58e-06, α=1.000, ‖θ[1:]‖₁=2078.280, γ=90655.591, num_knots=1617
2025-09-07 00:46:03,110 - Iter 47280: obj=-1378.311841, change=1.58e-06, α=1.000, ‖θ[1:]‖₁=2078.280, γ=90655.591, num_knots=1617
2025-09-07 00:46:03,379 - Iter 47290: obj=-1378.311904, change=1.58e-06, α=1.000, ‖θ[1:]‖₁=2078.279, γ=90655.591, num_knots=1617
2025-09-07 00:46:03,611 - Iter 47300: obj=-1378.311968, change=1.58e-06, α=1.000, ‖θ[1:]‖₁=2078.279, γ=90655.591, num_knots=1617
2025-09-07 00:46:03,900 - Iter 47310: obj=-1378.312032, change=1.58e-06, α=1.000, ‖θ[1:]‖₁=2078.279, γ=90655.591, num_knots=1617
2025-09-07 00:46:04,190 - Iter 47320: obj=-1378.312095, change=1.58e-06, α=1.000, ‖θ[1:]‖₁=2078.279, γ=90655.591, num_knots=1617
2025-09-07 00:46:04,456 - Iter 47330: obj=-1378.312159, change=1.58e-06, α=1.000, ‖θ[1:]‖₁=2078.279, γ=90655.591, num_knots=1617
2025-09-07 00:46:04,754 - Iter 47340: obj=-1378.312223, change=1.58e-06, α=1.000, ‖θ[1:]‖₁=2078.279, γ=90655.591, num_knots=1617
2025-09-07 00:46:05,022 - Iter 47350: obj=-1378.312286, change=1.58e-06, α=1.000, ‖θ[1:]‖₁=2078.278, γ=90655.591, num_knots=1617
2025-09-07 00:46:05,363 - Iter 47360: obj=-1378.312350, change=1.58e-06, α=1.000, ‖θ[1:]‖₁=2078.278, γ=90655.591, num_knots=1617
2025-09-07 00:46:05,688 - Iter 47370: obj=-1378.312414, change=1.58e-06, α=1.000, ‖θ[1:]‖₁=2078.278, γ=90655.591, num_knots=1617
2025-09-07 00:46:05,916 - Iter 47380: obj=-1378.312477, change=1.58e-06, α=1.000, ‖θ[1:]‖₁=2078.278, γ=90655.591, num_knots=1617
2025-09-07 00:46:06,190 - Iter 47390: obj=-1378.312541, change=1.58e-06, α=1.000, ‖θ[1:]‖₁=2078.278, γ=90655.591, num_knots=1617
2025-09-07 00:46:06,449 - Iter 47400: obj=-1378.312605, change=1.58e-06, α=1.000, ‖θ[1:]‖₁=2078.277, γ=90655.591, num_knots=1617
2025-09-07 00:46:06,745 - Iter 47410: obj=-1378.312668, change=1.58e-06, α=1.000, ‖θ[1:]‖₁=2078.277, γ=90655.591, num_knots=1617
2025-09-07 00:46:06,993 - Iter 47420: obj=-1378.312732, change=1.58e-06, α=1.000, ‖θ[1:]‖₁=2078.277, γ=90655.591, num_knots=1617
2025-09-07 00:46:07,251 - Iter 47430: obj=-1378.312796, change=1.58e-06, α=1.000, ‖θ[1:]‖₁=2078.277, γ=90655.591, num_knots=1617
2025-09-07 00:46:07,524 - Iter 47440: obj=-1378.312859, change=1.58e-06, α=1.000, ‖θ[1:]‖₁=2078.277, γ=90655.591, num_knots=1617
2025-09-07 00:46:07,797 - Iter 47450: obj=-1378.312923, change=1.58e-06, α=1.000, ‖θ[1:]‖₁=2078.277, γ=90655.591, num_knots=1617
2025-09-07 00:46:08,075 - Iter 47460: obj=-1378.312986, change=1.58e-06, α=1.000, ‖θ[1:]‖₁=2078.276, γ=90655.591, num_knots=1617
2025-09-07 00:46:08,334 - Iter 47470: obj=-1378.313050, change=1.58e-06, α=1.000, ‖θ[1:]‖₁=2078.276, γ=90655.591, num_knots=1617
2025-09-07 00:46:08,605 - Iter 47480: obj=-1378.313114, change=1.58e-06, α=1.000, ‖θ[1:]‖₁=2078.276, γ=90655.591, num_knots=1617
2025-09-07 00:46:08,843 - Iter 47490: obj=-1378.313177, change=1.58e-06, α=1.000, ‖θ[1:]‖₁=2078.276, γ=90655.591, num_knots=1617
2025-09-07 00:46:09,096 - Iter 47500: obj=-1378.313241, change=1.58e-06, α=1.000, ‖θ[1:]‖₁=2078.276, γ=90655.591, num_knots=1617
2025-09-07 00:46:09,350 - Iter 47510: obj=-1378.313305, change=1.58e-06, α=1.000, ‖θ[1:]‖₁=2078.275, γ=90655.591, num_knots=1617
2025-09-07 00:46:09,640 - Iter 47520: obj=-1378.313368, change=1.58e-06, α=1.000, ‖θ[1:]‖₁=2078.275, γ=90655.591, num_knots=1617
2025-09-07 00:46:09,927 - Iter 47530: obj=-1378.313432, change=1.58e-06, α=1.000, ‖θ[1:]‖₁=2078.275, γ=90655.591, num_knots=1617
2025-09-07 00:46:10,204 - Iter 47540: obj=-1378.313496, change=1.58e-06, α=1.000, ‖θ[1:]‖₁=2078.275, γ=90655.591, num_knots=1617
2025-09-07 00:46:10,481 - Iter 47550: obj=-1378.313559, change=1.58e-06, α=1.000, ‖θ[1:]‖₁=2078.275, γ=90655.591, num_knots=1617
2025-09-07 00:46:10,745 - Iter 47560: obj=-1378.313623, change=1.58e-06, α=1.000, ‖θ[1:]‖₁=2078.275, γ=90655.591, num_knots=1617
2025-09-07 00:46:11,027 - Iter 47570: obj=-1378.313687, change=1.58e-06, α=1.000, ‖θ[1:]‖₁=2078.274, γ=90655.591, num_knots=1617
2025-09-07 00:46:11,309 - Iter 47580: obj=-1378.313750, change=1.58e-06, α=1.000, ‖θ[1:]‖₁=2078.274, γ=90655.591, num_knots=1617
2025-09-07 00:46:11,618 - Iter 47590: obj=-1378.313814, change=1.58e-06, α=1.000, ‖θ[1:]‖₁=2078.274, γ=90655.591, num_knots=1617
2025-09-07 00:46:11,902 - Iter 47600: obj=-1378.313878, change=1.58e-06, α=1.000, ‖θ[1:]‖₁=2078.274, γ=90655.591, num_knots=1617
2025-09-07 00:46:12,178 - Iter 47610: obj=-1378.313941, change=1.58e-06, α=1.000, ‖θ[1:]‖₁=2078.274, γ=90655.591, num_knots=1617
2025-09-07 00:46:12,432 - Iter 47620: obj=-1378.314005, change=1.58e-06, α=1.000, ‖θ[1:]‖₁=2078.273, γ=90655.591, num_knots=1617
2025-09-07 00:46:12,715 - Iter 47630: obj=-1378.314068, change=1.58e-06, α=1.000, ‖θ[1:]‖₁=2078.273, γ=90655.591, num_knots=1617
2025-09-07 00:46:12,975 - Iter 47640: obj=-1378.314132, change=1.58e-06, α=1.000, ‖θ[1:]‖₁=2078.273, γ=90655.591, num_knots=1617
2025-09-07 00:46:13,210 - Iter 47650: obj=-1378.314196, change=1.58e-06, α=1.000, ‖θ[1:]‖₁=2078.273, γ=90655.591, num_knots=1617
2025-09-07 00:46:13,488 - Iter 47660: obj=-1378.314259, change=1.58e-06, α=1.000, ‖θ[1:]‖₁=2078.273, γ=90655.591, num_knots=1617
2025-09-07 00:46:13,750 - Iter 47670: obj=-1378.314323, change=1.58e-06, α=1.000, ‖θ[1:]‖₁=2078.272, γ=90655.591, num_knots=1617
2025-09-07 00:46:14,056 - Iter 47680: obj=-1378.314387, change=1.58e-06, α=1.000, ‖θ[1:]‖₁=2078.272, γ=90655.591, num_knots=1617
2025-09-07 00:46:14,336 - Iter 47690: obj=-1378.314450, change=1.58e-06, α=1.000, ‖θ[1:]‖₁=2078.272, γ=90655.591, num_knots=1617
2025-09-07 00:46:14,610 - Iter 47700: obj=-1378.314514, change=1.58e-06, α=1.000, ‖θ[1:]‖₁=2078.272, γ=90655.591, num_knots=1617
2025-09-07 00:46:14,846 - Iter 47710: obj=-1378.314578, change=1.58e-06, α=1.000, ‖θ[1:]‖₁=2078.272, γ=90655.591, num_knots=1617
2025-09-07 00:46:15,130 - Iter 47720: obj=-1378.314641, change=1.58e-06, α=1.000, ‖θ[1:]‖₁=2078.272, γ=90655.591, num_knots=1617
2025-09-07 00:46:15,416 - Iter 47730: obj=-1378.314705, change=1.58e-06, α=1.000, ‖θ[1:]‖₁=2078.271, γ=90655.591, num_knots=1617
2025-09-07 00:46:15,669 - Iter 47740: obj=-1378.314769, change=1.58e-06, α=1.000, ‖θ[1:]‖₁=2078.271, γ=90655.591, num_knots=1617
2025-09-07 00:46:16,033 - Iter 47750: obj=-1378.314832, change=1.58e-06, α=1.000, ‖θ[1:]‖₁=2078.271, γ=90655.591, num_knots=1617
2025-09-07 00:46:16,305 - Iter 47760: obj=-1378.314896, change=1.58e-06, α=1.000, ‖θ[1:]‖₁=2078.271, γ=90655.591, num_knots=1617
2025-09-07 00:46:16,582 - Iter 47770: obj=-1378.314959, change=1.58e-06, α=1.000, ‖θ[1:]‖₁=2078.271, γ=90655.591, num_knots=1617
2025-09-07 00:46:16,868 - Iter 47780: obj=-1378.315023, change=1.58e-06, α=1.000, ‖θ[1:]‖₁=2078.270, γ=90655.591, num_knots=1617
2025-09-07 00:46:17,138 - Iter 47790: obj=-1378.315087, change=1.58e-06, α=1.000, ‖θ[1:]‖₁=2078.270, γ=90655.591, num_knots=1617
2025-09-07 00:46:17,413 - Iter 47800: obj=-1378.315150, change=1.58e-06, α=1.000, ‖θ[1:]‖₁=2078.270, γ=90655.591, num_knots=1617
2025-09-07 00:46:17,696 - Iter 47810: obj=-1378.315214, change=1.58e-06, α=1.000, ‖θ[1:]‖₁=2078.270, γ=90655.591, num_knots=1617
2025-09-07 00:46:18,010 - Iter 47820: obj=-1378.315278, change=1.58e-06, α=1.000, ‖θ[1:]‖₁=2078.270, γ=90655.591, num_knots=1617
2025-09-07 00:46:18,251 - Iter 47830: obj=-1378.315341, change=1.58e-06, α=1.000, ‖θ[1:]‖₁=2078.270, γ=90655.591, num_knots=1617
2025-09-07 00:46:18,526 - Iter 47840: obj=-1378.315405, change=1.58e-06, α=1.000, ‖θ[1:]‖₁=2078.269, γ=90655.591, num_knots=1617
2025-09-07 00:46:18,785 - Iter 47850: obj=-1378.315469, change=1.58e-06, α=1.000, ‖θ[1:]‖₁=2078.269, γ=90655.591, num_knots=1617
2025-09-07 00:46:19,078 - Iter 47860: obj=-1378.315532, change=1.58e-06, α=1.000, ‖θ[1:]‖₁=2078.269, γ=90655.591, num_knots=1617
2025-09-07 00:46:19,343 - Iter 47870: obj=-1378.315596, change=1.58e-06, α=1.000, ‖θ[1:]‖₁=2078.269, γ=90655.591, num_knots=1617
2025-09-07 00:46:19,600 - Iter 47880: obj=-1378.315660, change=1.58e-06, α=1.000, ‖θ[1:]‖₁=2078.269, γ=90655.591, num_knots=1617
2025-09-07 00:46:19,865 - Iter 47890: obj=-1378.315723, change=1.58e-06, α=1.000, ‖θ[1:]‖₁=2078.268, γ=90655.591, num_knots=1617
2025-09-07 00:46:20,160 - Iter 47900: obj=-1378.315787, change=1.58e-06, α=1.000, ‖θ[1:]‖₁=2078.268, γ=90655.591, num_knots=1617
2025-09-07 00:46:20,407 - Iter 47910: obj=-1378.315851, change=1.58e-06, α=1.000, ‖θ[1:]‖₁=2078.268, γ=90655.591, num_knots=1617
2025-09-07 00:46:20,675 - Iter 47920: obj=-1378.315914, change=1.58e-06, α=1.000, ‖θ[1:]‖₁=2078.268, γ=90655.591, num_knots=1617
2025-09-07 00:46:20,932 - Iter 47930: obj=-1378.315978, change=1.58e-06, α=1.000, ‖θ[1:]‖₁=2078.268, γ=90655.591, num_knots=1617
2025-09-07 00:46:21,209 - Iter 47940: obj=-1378.316041, change=1.58e-06, α=1.000, ‖θ[1:]‖₁=2078.267, γ=90655.591, num_knots=1617
2025-09-07 00:46:21,487 - Iter 47950: obj=-1378.316105, change=1.58e-06, α=1.000, ‖θ[1:]‖₁=2078.267, γ=90655.591, num_knots=1617
2025-09-07 00:46:21,800 - Iter 47960: obj=-1378.316169, change=1.58e-06, α=1.000, ‖θ[1:]‖₁=2078.267, γ=90655.591, num_knots=1617
2025-09-07 00:46:22,096 - Iter 47970: obj=-1378.316232, change=1.58e-06, α=1.000, ‖θ[1:]‖₁=2078.267, γ=90655.591, num_knots=1617
2025-09-07 00:46:22,384 - Iter 47980: obj=-1378.316296, change=1.58e-06, α=1.000, ‖θ[1:]‖₁=2078.267, γ=90655.591, num_knots=1617
2025-09-07 00:46:22,649 - Iter 47990: obj=-1378.316360, change=1.58e-06, α=1.000, ‖θ[1:]‖₁=2078.267, γ=90655.591, num_knots=1617
2025-09-07 00:46:22,914 - Iter 48000: obj=-1378.316423, change=1.58e-06, α=1.000, ‖θ[1:]‖₁=2078.266, γ=90655.591, num_knots=1617
2025-09-07 00:46:23,175 - Iter 48010: obj=-1378.316487, change=1.58e-06, α=1.000, ‖θ[1:]‖₁=2078.266, γ=90655.591, num_knots=1617
2025-09-07 00:46:23,453 - Iter 48020: obj=-1378.316551, change=1.58e-06, α=1.000, ‖θ[1:]‖₁=2078.266, γ=90655.591, num_knots=1617
2025-09-07 00:46:23,740 - Iter 48030: obj=-1378.316614, change=1.58e-06, α=1.000, ‖θ[1:]‖₁=2078.266, γ=90655.591, num_knots=1617
2025-09-07 00:46:24,005 - Iter 48040: obj=-1378.316678, change=1.58e-06, α=1.000, ‖θ[1:]‖₁=2078.266, γ=90655.591, num_knots=1617
2025-09-07 00:46:24,273 - Iter 48050: obj=-1378.316742, change=1.58e-06, α=1.000, ‖θ[1:]‖₁=2078.265, γ=90655.591, num_knots=1617
2025-09-07 00:46:24,527 - Iter 48060: obj=-1378.316805, change=1.58e-06, α=1.000, ‖θ[1:]‖₁=2078.265, γ=90655.591, num_knots=1617
2025-09-07 00:46:24,795 - Iter 48070: obj=-1378.316869, change=1.58e-06, α=1.000, ‖θ[1:]‖₁=2078.265, γ=90655.591, num_knots=1617
2025-09-07 00:46:25,067 - Iter 48080: obj=-1378.316932, change=1.58e-06, α=1.000, ‖θ[1:]‖₁=2078.265, γ=90655.591, num_knots=1617
2025-09-07 00:46:25,350 - Iter 48090: obj=-1378.316996, change=1.58e-06, α=1.000, ‖θ[1:]‖₁=2078.265, γ=90655.591, num_knots=1617
2025-09-07 00:46:25,625 - Iter 48100: obj=-1378.317060, change=1.58e-06, α=1.000, ‖θ[1:]‖₁=2078.264, γ=90655.591, num_knots=1617
2025-09-07 00:46:25,887 - Iter 48110: obj=-1378.317123, change=1.58e-06, α=1.000, ‖θ[1:]‖₁=2078.264, γ=90655.591, num_knots=1617
2025-09-07 00:46:26,184 - Iter 48120: obj=-1378.317187, change=1.58e-06, α=1.000, ‖θ[1:]‖₁=2078.264, γ=90655.591, num_knots=1617
2025-09-07 00:46:26,458 - Iter 48130: obj=-1378.317251, change=1.58e-06, α=1.000, ‖θ[1:]‖₁=2078.264, γ=90655.591, num_knots=1617
2025-09-07 00:46:26,743 - Iter 48140: obj=-1378.317314, change=1.58e-06, α=1.000, ‖θ[1:]‖₁=2078.264, γ=90655.591, num_knots=1617
2025-09-07 00:46:26,990 - Iter 48150: obj=-1378.317378, change=1.58e-06, α=1.000, ‖θ[1:]‖₁=2078.264, γ=90655.591, num_knots=1617
2025-09-07 00:46:27,231 - Iter 48160: obj=-1378.317442, change=1.58e-06, α=1.000, ‖θ[1:]‖₁=2078.263, γ=90655.591, num_knots=1617
2025-09-07 00:46:27,538 - Iter 48170: obj=-1378.317505, change=1.58e-06, α=1.000, ‖θ[1:]‖₁=2078.263, γ=90655.591, num_knots=1617
2025-09-07 00:46:27,827 - Iter 48180: obj=-1378.317569, change=1.58e-06, α=1.000, ‖θ[1:]‖₁=2078.263, γ=90655.591, num_knots=1617
2025-09-07 00:46:28,182 - Iter 48190: obj=-1378.317632, change=1.58e-06, α=1.000, ‖θ[1:]‖₁=2078.263, γ=90655.591, num_knots=1617
2025-09-07 00:46:28,468 - Iter 48200: obj=-1378.317696, change=1.58e-06, α=1.000, ‖θ[1:]‖₁=2078.263, γ=90655.591, num_knots=1617
2025-09-07 00:46:28,739 - Iter 48210: obj=-1378.317760, change=1.58e-06, α=1.000, ‖θ[1:]‖₁=2078.262, γ=90655.591, num_knots=1617
2025-09-07 00:46:29,020 - Iter 48220: obj=-1378.317823, change=1.58e-06, α=1.000, ‖θ[1:]‖₁=2078.262, γ=90655.591, num_knots=1617
2025-09-07 00:46:29,292 - Iter 48230: obj=-1378.317887, change=1.58e-06, α=1.000, ‖θ[1:]‖₁=2078.262, γ=90655.591, num_knots=1617
2025-09-07 00:46:29,578 - Iter 48240: obj=-1378.317951, change=1.58e-06, α=1.000, ‖θ[1:]‖₁=2078.262, γ=90655.591, num_knots=1617
2025-09-07 00:46:29,842 - Iter 48250: obj=-1378.318014, change=1.58e-06, α=1.000, ‖θ[1:]‖₁=2078.262, γ=90655.591, num_knots=1617
2025-09-07 00:46:30,121 - Iter 48260: obj=-1378.318078, change=1.58e-06, α=1.000, ‖θ[1:]‖₁=2078.262, γ=90655.591, num_knots=1617
2025-09-07 00:46:30,392 - Iter 48270: obj=-1378.318142, change=1.58e-06, α=1.000, ‖θ[1:]‖₁=2078.261, γ=90655.591, num_knots=1617
2025-09-07 00:46:30,688 - Iter 48280: obj=-1378.318205, change=1.58e-06, α=1.000, ‖θ[1:]‖₁=2078.261, γ=90655.591, num_knots=1617
2025-09-07 00:46:30,963 - Iter 48290: obj=-1378.318269, change=1.58e-06, α=1.000, ‖θ[1:]‖₁=2078.261, γ=90655.591, num_knots=1617
2025-09-07 00:46:31,232 - Iter 48300: obj=-1378.318333, change=1.58e-06, α=1.000, ‖θ[1:]‖₁=2078.261, γ=90655.591, num_knots=1617
2025-09-07 00:46:31,498 - Iter 48310: obj=-1378.318396, change=1.58e-06, α=1.000, ‖θ[1:]‖₁=2078.261, γ=90655.591, num_knots=1617
2025-09-07 00:46:31,810 - Iter 48320: obj=-1378.318460, change=1.58e-06, α=1.000, ‖θ[1:]‖₁=2078.260, γ=90655.591, num_knots=1617
2025-09-07 00:46:32,046 - Iter 48330: obj=-1378.318523, change=1.58e-06, α=1.000, ‖θ[1:]‖₁=2078.260, γ=90655.591, num_knots=1617
2025-09-07 00:46:32,274 - Iter 48340: obj=-1378.318587, change=1.58e-06, α=1.000, ‖θ[1:]‖₁=2078.260, γ=90655.591, num_knots=1617
2025-09-07 00:46:32,535 - Iter 48350: obj=-1378.318651, change=1.58e-06, α=1.000, ‖θ[1:]‖₁=2078.260, γ=90655.591, num_knots=1617
2025-09-07 00:46:32,838 - Iter 48360: obj=-1378.318714, change=1.58e-06, α=1.000, ‖θ[1:]‖₁=2078.260, γ=90655.591, num_knots=1617
2025-09-07 00:46:33,198 - Iter 48370: obj=-1378.318778, change=1.58e-06, α=1.000, ‖θ[1:]‖₁=2078.259, γ=90655.591, num_knots=1617
2025-09-07 00:46:33,494 - Iter 48380: obj=-1378.318842, change=1.58e-06, α=1.000, ‖θ[1:]‖₁=2078.259, γ=90655.591, num_knots=1617
2025-09-07 00:46:33,756 - Iter 48390: obj=-1378.318905, change=1.58e-06, α=1.000, ‖θ[1:]‖₁=2078.259, γ=90655.591, num_knots=1617
2025-09-07 00:46:34,018 - Iter 48400: obj=-1378.318969, change=1.58e-06, α=1.000, ‖θ[1:]‖₁=2078.259, γ=90655.591, num_knots=1617
2025-09-07 00:46:34,283 - Iter 48410: obj=-1378.319033, change=1.58e-06, α=1.000, ‖θ[1:]‖₁=2078.259, γ=90655.591, num_knots=1617
2025-09-07 00:46:34,559 - Iter 48420: obj=-1378.319096, change=1.58e-06, α=1.000, ‖θ[1:]‖₁=2078.259, γ=90655.591, num_knots=1617
2025-09-07 00:46:34,839 - Iter 48430: obj=-1378.319160, change=1.58e-06, α=1.000, ‖θ[1:]‖₁=2078.258, γ=90655.591, num_knots=1617
2025-09-07 00:46:35,087 - Iter 48440: obj=-1378.319223, change=1.58e-06, α=1.000, ‖θ[1:]‖₁=2078.258, γ=90655.591, num_knots=1617
2025-09-07 00:46:35,341 - Iter 48450: obj=-1378.319287, change=1.58e-06, α=1.000, ‖θ[1:]‖₁=2078.258, γ=90655.591, num_knots=1617
2025-09-07 00:46:35,616 - Iter 48460: obj=-1378.319351, change=1.58e-06, α=1.000, ‖θ[1:]‖₁=2078.258, γ=90655.591, num_knots=1617
2025-09-07 00:46:35,883 - Iter 48470: obj=-1378.319414, change=1.58e-06, α=1.000, ‖θ[1:]‖₁=2078.258, γ=90655.591, num_knots=1617
2025-09-07 00:46:36,147 - Iter 48480: obj=-1378.319478, change=1.58e-06, α=1.000, ‖θ[1:]‖₁=2078.257, γ=90655.591, num_knots=1617
2025-09-07 00:46:36,425 - Iter 48490: obj=-1378.319542, change=1.58e-06, α=1.000, ‖θ[1:]‖₁=2078.257, γ=90655.591, num_knots=1617
2025-09-07 00:46:36,764 - Iter 48500: obj=-1378.319605, change=1.58e-06, α=1.000, ‖θ[1:]‖₁=2078.257, γ=90655.591, num_knots=1617
2025-09-07 00:46:37,035 - Iter 48510: obj=-1378.319669, change=1.58e-06, α=1.000, ‖θ[1:]‖₁=2078.257, γ=90655.591, num_knots=1617
2025-09-07 00:46:37,330 - Iter 48520: obj=-1378.319733, change=1.58e-06, α=1.000, ‖θ[1:]‖₁=2078.257, γ=90655.591, num_knots=1617
2025-09-07 00:46:37,587 - Iter 48530: obj=-1378.319796, change=1.58e-06, α=1.000, ‖θ[1:]‖₁=2078.257, γ=90655.591, num_knots=1617
2025-09-07 00:46:37,863 - Iter 48540: obj=-1378.319860, change=1.58e-06, α=1.000, ‖θ[1:]‖₁=2078.256, γ=90655.591, num_knots=1617
2025-09-07 00:46:38,150 - Iter 48550: obj=-1378.319924, change=1.58e-06, α=1.000, ‖θ[1:]‖₁=2078.256, γ=90655.591, num_knots=1617
2025-09-07 00:46:38,430 - Iter 48560: obj=-1378.319987, change=1.58e-06, α=1.000, ‖θ[1:]‖₁=2078.256, γ=90655.591, num_knots=1617
2025-09-07 00:46:38,701 - Iter 48570: obj=-1378.320051, change=1.58e-06, α=1.000, ‖θ[1:]‖₁=2078.256, γ=90655.591, num_knots=1617
2025-09-07 00:46:38,969 - Iter 48580: obj=-1378.320114, change=1.58e-06, α=1.000, ‖θ[1:]‖₁=2078.256, γ=90655.591, num_knots=1617
2025-09-07 00:46:39,242 - Iter 48590: obj=-1378.320178, change=1.58e-06, α=1.000, ‖θ[1:]‖₁=2078.255, γ=90655.591, num_knots=1617
2025-09-07 00:46:39,509 - Iter 48600: obj=-1378.320242, change=1.58e-06, α=1.000, ‖θ[1:]‖₁=2078.255, γ=90655.591, num_knots=1617
2025-09-07 00:46:39,757 - Iter 48610: obj=-1378.320305, change=1.58e-06, α=1.000, ‖θ[1:]‖₁=2078.255, γ=90655.591, num_knots=1617
2025-09-07 00:46:40,028 - Iter 48620: obj=-1378.320369, change=1.58e-06, α=1.000, ‖θ[1:]‖₁=2078.255, γ=90655.591, num_knots=1617
2025-09-07 00:46:40,310 - Iter 48630: obj=-1378.320433, change=1.58e-06, α=1.000, ‖θ[1:]‖₁=2078.255, γ=90655.591, num_knots=1617
2025-09-07 00:46:40,598 - Iter 48640: obj=-1378.320496, change=1.58e-06, α=1.000, ‖θ[1:]‖₁=2078.254, γ=90655.591, num_knots=1617
2025-09-07 00:46:40,854 - Iter 48650: obj=-1378.320560, change=1.58e-06, α=1.000, ‖θ[1:]‖₁=2078.254, γ=90655.591, num_knots=1617
2025-09-07 00:46:41,106 - Iter 48660: obj=-1378.320624, change=1.58e-06, α=1.000, ‖θ[1:]‖₁=2078.254, γ=90655.591, num_knots=1617
2025-09-07 00:46:41,388 - Iter 48670: obj=-1378.320687, change=1.58e-06, α=1.000, ‖θ[1:]‖₁=2078.254, γ=90655.591, num_knots=1617
2025-09-07 00:46:41,666 - Iter 48680: obj=-1378.320751, change=1.58e-06, α=1.000, ‖θ[1:]‖₁=2078.254, γ=90655.591, num_knots=1617
2025-09-07 00:46:41,971 - Iter 48690: obj=-1378.320814, change=1.58e-06, α=1.000, ‖θ[1:]‖₁=2078.254, γ=90655.591, num_knots=1617
2025-09-07 00:46:42,240 - Iter 48700: obj=-1378.320878, change=1.58e-06, α=1.000, ‖θ[1:]‖₁=2078.253, γ=90655.591, num_knots=1617
2025-09-07 00:46:42,497 - Iter 48710: obj=-1378.320942, change=1.58e-06, α=1.000, ‖θ[1:]‖₁=2078.253, γ=90655.591, num_knots=1617
2025-09-07 00:46:42,754 - Iter 48720: obj=-1378.321005, change=1.58e-06, α=1.000, ‖θ[1:]‖₁=2078.253, γ=90655.591, num_knots=1617
2025-09-07 00:46:43,043 - Iter 48730: obj=-1378.321069, change=1.58e-06, α=1.000, ‖θ[1:]‖₁=2078.253, γ=90655.591, num_knots=1617
2025-09-07 00:46:43,365 - Iter 48740: obj=-1378.321133, change=1.58e-06, α=1.000, ‖θ[1:]‖₁=2078.253, γ=90655.591, num_knots=1617
2025-09-07 00:46:43,740 - Iter 48750: obj=-1378.321196, change=1.58e-06, α=1.000, ‖θ[1:]‖₁=2078.252, γ=90655.591, num_knots=1617
2025-09-07 00:46:44,029 - Iter 48760: obj=-1378.321260, change=1.58e-06, α=1.000, ‖θ[1:]‖₁=2078.252, γ=90655.591, num_knots=1617
2025-09-07 00:46:44,293 - Iter 48770: obj=-1378.321324, change=1.58e-06, α=1.000, ‖θ[1:]‖₁=2078.252, γ=90655.591, num_knots=1617
2025-09-07 00:46:44,572 - Iter 48780: obj=-1378.321387, change=1.58e-06, α=1.000, ‖θ[1:]‖₁=2078.252, γ=90655.591, num_knots=1617
2025-09-07 00:46:44,832 - Iter 48790: obj=-1378.321451, change=1.58e-06, α=1.000, ‖θ[1:]‖₁=2078.252, γ=90655.591, num_knots=1617
2025-09-07 00:46:45,112 - Iter 48800: obj=-1378.321514, change=1.58e-06, α=1.000, ‖θ[1:]‖₁=2078.252, γ=90655.591, num_knots=1617
2025-09-07 00:46:45,394 - Iter 48810: obj=-1378.321578, change=1.58e-06, α=1.000, ‖θ[1:]‖₁=2078.251, γ=90655.591, num_knots=1617
2025-09-07 00:46:45,693 - Iter 48820: obj=-1378.321642, change=1.58e-06, α=1.000, ‖θ[1:]‖₁=2078.251, γ=90655.591, num_knots=1617
2025-09-07 00:46:46,036 - Iter 48830: obj=-1378.321705, change=1.58e-06, α=1.000, ‖θ[1:]‖₁=2078.251, γ=90655.591, num_knots=1617
2025-09-07 00:46:46,299 - Iter 48840: obj=-1378.321769, change=1.58e-06, α=1.000, ‖θ[1:]‖₁=2078.251, γ=90655.591, num_knots=1617
2025-09-07 00:46:46,553 - Iter 48850: obj=-1378.321833, change=1.58e-06, α=1.000, ‖θ[1:]‖₁=2078.251, γ=90655.591, num_knots=1617
2025-09-07 00:46:46,837 - Iter 48860: obj=-1378.321896, change=1.58e-06, α=1.000, ‖θ[1:]‖₁=2078.250, γ=90655.591, num_knots=1617
2025-09-07 00:46:47,094 - Iter 48870: obj=-1378.321960, change=1.58e-06, α=1.000, ‖θ[1:]‖₁=2078.250, γ=90655.591, num_knots=1617
2025-09-07 00:46:47,363 - Iter 48880: obj=-1378.322023, change=1.58e-06, α=1.000, ‖θ[1:]‖₁=2078.250, γ=90655.591, num_knots=1617
2025-09-07 00:46:47,628 - Iter 48890: obj=-1378.322087, change=1.58e-06, α=1.000, ‖θ[1:]‖₁=2078.250, γ=90655.591, num_knots=1617
2025-09-07 00:46:47,904 - Iter 48900: obj=-1378.322151, change=1.58e-06, α=1.000, ‖θ[1:]‖₁=2078.250, γ=90655.591, num_knots=1617
2025-09-07 00:46:48,160 - Iter 48910: obj=-1378.322214, change=1.58e-06, α=1.000, ‖θ[1:]‖₁=2078.249, γ=90655.591, num_knots=1617
2025-09-07 00:46:48,436 - Iter 48920: obj=-1378.322278, change=1.58e-06, α=1.000, ‖θ[1:]‖₁=2078.249, γ=90655.591, num_knots=1617
2025-09-07 00:46:48,712 - Iter 48930: obj=-1378.322342, change=1.58e-06, α=1.000, ‖θ[1:]‖₁=2078.249, γ=90655.591, num_knots=1617
2025-09-07 00:46:49,017 - Iter 48940: obj=-1378.322405, change=1.58e-06, α=1.000, ‖θ[1:]‖₁=2078.249, γ=90655.591, num_knots=1617
2025-09-07 00:46:49,274 - Iter 48950: obj=-1378.322469, change=1.58e-06, α=1.000, ‖θ[1:]‖₁=2078.249, γ=90655.591, num_knots=1617
2025-09-07 00:46:49,560 - Iter 48960: obj=-1378.322533, change=1.58e-06, α=1.000, ‖θ[1:]‖₁=2078.249, γ=90655.591, num_knots=1617
2025-09-07 00:46:49,857 - Iter 48970: obj=-1378.322596, change=1.58e-06, α=1.000, ‖θ[1:]‖₁=2078.248, γ=90655.591, num_knots=1617
2025-09-07 00:46:50,108 - Iter 48980: obj=-1378.322660, change=1.58e-06, α=1.000, ‖θ[1:]‖₁=2078.248, γ=90655.591, num_knots=1617
2025-09-07 00:46:50,399 - Iter 48990: obj=-1378.322723, change=1.58e-06, α=1.000, ‖θ[1:]‖₁=2078.248, γ=90655.591, num_knots=1617
2025-09-07 00:46:50,662 - Iter 49000: obj=-1378.322787, change=1.58e-06, α=1.000, ‖θ[1:]‖₁=2078.248, γ=90655.591, num_knots=1617
2025-09-07 00:46:50,923 - Iter 49010: obj=-1378.322851, change=1.58e-06, α=1.000, ‖θ[1:]‖₁=2078.248, γ=90655.591, num_knots=1617
2025-09-07 00:46:51,198 - Iter 49020: obj=-1378.322914, change=1.58e-06, α=1.000, ‖θ[1:]‖₁=2078.247, γ=90655.591, num_knots=1617
2025-09-07 00:46:51,489 - Iter 49030: obj=-1378.322978, change=1.58e-06, α=1.000, ‖θ[1:]‖₁=2078.247, γ=90655.591, num_knots=1617
2025-09-07 00:46:51,745 - Iter 49040: obj=-1378.323042, change=1.58e-06, α=1.000, ‖θ[1:]‖₁=2078.247, γ=90655.591, num_knots=1617
2025-09-07 00:46:52,035 - Iter 49050: obj=-1378.323105, change=1.58e-06, α=1.000, ‖θ[1:]‖₁=2078.247, γ=90655.591, num_knots=1617
2025-09-07 00:46:52,290 - Iter 49060: obj=-1378.323169, change=1.58e-06, α=1.000, ‖θ[1:]‖₁=2078.247, γ=90655.591, num_knots=1617
2025-09-07 00:46:52,568 - Iter 49070: obj=-1378.323233, change=1.58e-06, α=1.000, ‖θ[1:]‖₁=2078.247, γ=90655.591, num_knots=1617
2025-09-07 00:46:52,834 - Iter 49080: obj=-1378.323296, change=1.58e-06, α=1.000, ‖θ[1:]‖₁=2078.246, γ=90655.591, num_knots=1617
2025-09-07 00:46:53,121 - Iter 49090: obj=-1378.323360, change=1.58e-06, α=1.000, ‖θ[1:]‖₁=2078.246, γ=90655.591, num_knots=1617
2025-09-07 00:46:53,388 - Iter 49100: obj=-1378.323423, change=1.58e-06, α=1.000, ‖θ[1:]‖₁=2078.246, γ=90655.591, num_knots=1617
2025-09-07 00:46:53,655 - Iter 49110: obj=-1378.323487, change=1.58e-06, α=1.000, ‖θ[1:]‖₁=2078.246, γ=90655.591, num_knots=1617
2025-09-07 00:46:53,904 - Iter 49120: obj=-1378.323551, change=1.58e-06, α=1.000, ‖θ[1:]‖₁=2078.246, γ=90655.591, num_knots=1617
2025-09-07 00:46:54,190 - Iter 49130: obj=-1378.323614, change=1.58e-06, α=1.000, ‖θ[1:]‖₁=2078.245, γ=90655.591, num_knots=1617
2025-09-07 00:46:54,460 - Iter 49140: obj=-1378.323678, change=1.58e-06, α=1.000, ‖θ[1:]‖₁=2078.245, γ=90655.591, num_knots=1617
2025-09-07 00:46:54,721 - Iter 49150: obj=-1378.323742, change=1.58e-06, α=1.000, ‖θ[1:]‖₁=2078.245, γ=90655.591, num_knots=1617
2025-09-07 00:46:55,008 - Iter 49160: obj=-1378.323805, change=1.58e-06, α=1.000, ‖θ[1:]‖₁=2078.245, γ=90655.591, num_knots=1617
2025-09-07 00:46:55,278 - Iter 49170: obj=-1378.323869, change=1.58e-06, α=1.000, ‖θ[1:]‖₁=2078.245, γ=90655.591, num_knots=1617
2025-09-07 00:46:55,556 - Iter 49180: obj=-1378.323932, change=1.58e-06, α=1.000, ‖θ[1:]‖₁=2078.244, γ=90655.591, num_knots=1617
2025-09-07 00:46:55,803 - Iter 49190: obj=-1378.323996, change=1.58e-06, α=1.000, ‖θ[1:]‖₁=2078.244, γ=90655.591, num_knots=1617
2025-09-07 00:46:56,101 - Iter 49200: obj=-1378.324060, change=1.58e-06, α=1.000, ‖θ[1:]‖₁=2078.244, γ=90655.591, num_knots=1617
2025-09-07 00:46:56,395 - Iter 49210: obj=-1378.324123, change=1.58e-06, α=1.000, ‖θ[1:]‖₁=2078.244, γ=90655.591, num_knots=1617
2025-09-07 00:46:56,646 - Iter 49220: obj=-1378.324187, change=1.58e-06, α=1.000, ‖θ[1:]‖₁=2078.244, γ=90655.591, num_knots=1617
2025-09-07 00:46:56,947 - Iter 49230: obj=-1378.324251, change=1.58e-06, α=1.000, ‖θ[1:]‖₁=2078.244, γ=90655.591, num_knots=1617
2025-09-07 00:46:57,210 - Iter 49240: obj=-1378.324314, change=1.58e-06, α=1.000, ‖θ[1:]‖₁=2078.243, γ=90655.591, num_knots=1617
2025-09-07 00:46:57,536 - Iter 49250: obj=-1378.324378, change=1.58e-06, α=1.000, ‖θ[1:]‖₁=2078.243, γ=90655.591, num_knots=1617
2025-09-07 00:46:57,863 - Iter 49260: obj=-1378.324442, change=1.58e-06, α=1.000, ‖θ[1:]‖₁=2078.243, γ=90655.591, num_knots=1617
2025-09-07 00:46:58,152 - Iter 49270: obj=-1378.324505, change=1.58e-06, α=1.000, ‖θ[1:]‖₁=2078.243, γ=90655.591, num_knots=1617
2025-09-07 00:46:58,410 - Iter 49280: obj=-1378.324569, change=1.58e-06, α=1.000, ‖θ[1:]‖₁=2078.243, γ=90655.591, num_knots=1617
2025-09-07 00:46:58,938 - Iter 49290: obj=-1378.324632, change=1.58e-06, α=1.000, ‖θ[1:]‖₁=2078.242, γ=90655.591, num_knots=1617
2025-09-07 00:46:59,287 - Iter 49300: obj=-1378.324696, change=1.58e-06, α=1.000, ‖θ[1:]‖₁=2078.242, γ=90655.591, num_knots=1617
2025-09-07 00:46:59,592 - Iter 49310: obj=-1378.324760, change=1.58e-06, α=1.000, ‖θ[1:]‖₁=2078.242, γ=90655.591, num_knots=1617
2025-09-07 00:46:59,857 - Iter 49320: obj=-1378.324823, change=1.58e-06, α=1.000, ‖θ[1:]‖₁=2078.242, γ=90655.591, num_knots=1617
2025-09-07 00:47:00,136 - Iter 49330: obj=-1378.324887, change=1.58e-06, α=1.000, ‖θ[1:]‖₁=2078.242, γ=90655.591, num_knots=1617
2025-09-07 00:47:00,493 - Iter 49340: obj=-1378.324951, change=1.58e-06, α=1.000, ‖θ[1:]‖₁=2078.241, γ=90655.591, num_knots=1617
2025-09-07 00:47:00,796 - Iter 49350: obj=-1378.325014, change=1.58e-06, α=1.000, ‖θ[1:]‖₁=2078.241, γ=90655.591, num_knots=1617
2025-09-07 00:47:01,071 - Iter 49360: obj=-1378.325078, change=1.58e-06, α=1.000, ‖θ[1:]‖₁=2078.241, γ=90655.591, num_knots=1617
2025-09-07 00:47:01,363 - Iter 49370: obj=-1378.325141, change=1.58e-06, α=1.000, ‖θ[1:]‖₁=2078.241, γ=90655.591, num_knots=1617
2025-09-07 00:47:01,659 - Iter 49380: obj=-1378.325205, change=1.58e-06, α=1.000, ‖θ[1:]‖₁=2078.241, γ=90655.591, num_knots=1617
2025-09-07 00:47:01,972 - Iter 49390: obj=-1378.325269, change=1.58e-06, α=1.000, ‖θ[1:]‖₁=2078.241, γ=90655.591, num_knots=1617
2025-09-07 00:47:02,239 - Iter 49400: obj=-1378.325332, change=1.58e-06, α=1.000, ‖θ[1:]‖₁=2078.240, γ=90655.591, num_knots=1617
2025-09-07 00:47:02,504 - Iter 49410: obj=-1378.325396, change=1.58e-06, α=1.000, ‖θ[1:]‖₁=2078.240, γ=90655.591, num_knots=1617
2025-09-07 00:47:02,764 - Iter 49420: obj=-1378.325460, change=1.58e-06, α=1.000, ‖θ[1:]‖₁=2078.240, γ=90655.591, num_knots=1617
2025-09-07 00:47:03,042 - Iter 49430: obj=-1378.325523, change=1.58e-06, α=1.000, ‖θ[1:]‖₁=2078.240, γ=90655.591, num_knots=1617
2025-09-07 00:47:03,313 - Iter 49440: obj=-1378.325587, change=1.58e-06, α=1.000, ‖θ[1:]‖₁=2078.240, γ=90655.591, num_knots=1617
2025-09-07 00:47:03,572 - Iter 49450: obj=-1378.325651, change=1.58e-06, α=1.000, ‖θ[1:]‖₁=2078.239, γ=90655.591, num_knots=1617
2025-09-07 00:47:03,835 - Iter 49460: obj=-1378.325714, change=1.58e-06, α=1.000, ‖θ[1:]‖₁=2078.239, γ=90655.591, num_knots=1617
2025-09-07 00:47:04,095 - Iter 49470: obj=-1378.325778, change=1.58e-06, α=1.000, ‖θ[1:]‖₁=2078.239, γ=90655.591, num_knots=1617
2025-09-07 00:47:04,336 - Iter 49480: obj=-1378.325841, change=1.58e-06, α=1.000, ‖θ[1:]‖₁=2078.239, γ=90655.591, num_knots=1617
2025-09-07 00:47:04,604 - Iter 49490: obj=-1378.325905, change=1.58e-06, α=1.000, ‖θ[1:]‖₁=2078.239, γ=90655.591, num_knots=1617
2025-09-07 00:47:04,891 - Iter 49500: obj=-1378.325969, change=1.58e-06, α=1.000, ‖θ[1:]‖₁=2078.239, γ=90655.591, num_knots=1617
2025-09-07 00:47:05,181 - Iter 49510: obj=-1378.326032, change=1.58e-06, α=1.000, ‖θ[1:]‖₁=2078.238, γ=90655.591, num_knots=1617
2025-09-07 00:47:05,424 - Iter 49520: obj=-1378.326096, change=1.58e-06, α=1.000, ‖θ[1:]‖₁=2078.238, γ=90655.591, num_knots=1617
2025-09-07 00:47:05,701 - Iter 49530: obj=-1378.326160, change=1.58e-06, α=1.000, ‖θ[1:]‖₁=2078.238, γ=90655.591, num_knots=1617
2025-09-07 00:47:05,971 - Iter 49540: obj=-1378.326223, change=1.58e-06, α=1.000, ‖θ[1:]‖₁=2078.238, γ=90655.591, num_knots=1617
2025-09-07 00:47:06,228 - Iter 49550: obj=-1378.326287, change=1.58e-06, α=1.000, ‖θ[1:]‖₁=2078.238, γ=90655.591, num_knots=1617
2025-09-07 00:47:06,510 - Iter 49560: obj=-1378.326350, change=1.58e-06, α=1.000, ‖θ[1:]‖₁=2078.237, γ=90655.591, num_knots=1617
2025-09-07 00:47:06,804 - Iter 49570: obj=-1378.326414, change=1.58e-06, α=1.000, ‖θ[1:]‖₁=2078.237, γ=90655.591, num_knots=1617
2025-09-07 00:47:07,075 - Iter 49580: obj=-1378.326478, change=1.58e-06, α=1.000, ‖θ[1:]‖₁=2078.237, γ=90655.591, num_knots=1617
2025-09-07 00:47:07,356 - Iter 49590: obj=-1378.326541, change=1.58e-06, α=1.000, ‖θ[1:]‖₁=2078.237, γ=90655.591, num_knots=1617
2025-09-07 00:47:07,613 - Iter 49600: obj=-1378.326605, change=1.58e-06, α=1.000, ‖θ[1:]‖₁=2078.237, γ=90655.591, num_knots=1617
2025-09-07 00:47:07,878 - Iter 49610: obj=-1378.326669, change=1.58e-06, α=1.000, ‖θ[1:]‖₁=2078.236, γ=90655.591, num_knots=1617
2025-09-07 00:47:08,156 - Iter 49620: obj=-1378.326732, change=1.58e-06, α=1.000, ‖θ[1:]‖₁=2078.236, γ=90655.591, num_knots=1617
2025-09-07 00:47:08,431 - Iter 49630: obj=-1378.326796, change=1.58e-06, α=1.000, ‖θ[1:]‖₁=2078.236, γ=90655.591, num_knots=1617
2025-09-07 00:47:08,705 - Iter 49640: obj=-1378.326859, change=1.58e-06, α=1.000, ‖θ[1:]‖₁=2078.236, γ=90655.591, num_knots=1617
2025-09-07 00:47:08,978 - Iter 49650: obj=-1378.326923, change=1.58e-06, α=1.000, ‖θ[1:]‖₁=2078.236, γ=90655.591, num_knots=1617
2025-09-07 00:47:09,242 - Iter 49660: obj=-1378.326987, change=1.58e-06, α=1.000, ‖θ[1:]‖₁=2078.236, γ=90655.591, num_knots=1617
2025-09-07 00:47:09,536 - Iter 49670: obj=-1378.327050, change=1.58e-06, α=1.000, ‖θ[1:]‖₁=2078.235, γ=90655.591, num_knots=1617
2025-09-07 00:47:09,809 - Iter 49680: obj=-1378.327114, change=1.58e-06, α=1.000, ‖θ[1:]‖₁=2078.235, γ=90655.591, num_knots=1617
2025-09-07 00:47:10,086 - Iter 49690: obj=-1378.327178, change=1.58e-06, α=1.000, ‖θ[1:]‖₁=2078.235, γ=90655.591, num_knots=1617
2025-09-07 00:47:10,366 - Iter 49700: obj=-1378.327241, change=1.58e-06, α=1.000, ‖θ[1:]‖₁=2078.235, γ=90655.591, num_knots=1617
2025-09-07 00:47:10,610 - Iter 49710: obj=-1378.327305, change=1.58e-06, α=1.000, ‖θ[1:]‖₁=2078.235, γ=90655.591, num_knots=1617
2025-09-07 00:47:10,856 - Iter 49720: obj=-1378.327368, change=1.58e-06, α=1.000, ‖θ[1:]‖₁=2078.234, γ=90655.591, num_knots=1617
2025-09-07 00:47:11,139 - Iter 49730: obj=-1378.327432, change=1.58e-06, α=1.000, ‖θ[1:]‖₁=2078.234, γ=90655.591, num_knots=1617
2025-09-07 00:47:11,457 - Iter 49740: obj=-1378.327496, change=1.58e-06, α=1.000, ‖θ[1:]‖₁=2078.234, γ=90655.591, num_knots=1617
2025-09-07 00:47:11,810 - Iter 49750: obj=-1378.327559, change=1.58e-06, α=1.000, ‖θ[1:]‖₁=2078.234, γ=90655.591, num_knots=1617
2025-09-07 00:47:12,059 - Iter 49760: obj=-1378.327623, change=1.58e-06, α=1.000, ‖θ[1:]‖₁=2078.234, γ=90655.591, num_knots=1617
2025-09-07 00:47:12,294 - Iter 49770: obj=-1378.327687, change=1.58e-06, α=1.000, ‖θ[1:]‖₁=2078.233, γ=90655.591, num_knots=1617
2025-09-07 00:47:12,561 - Iter 49780: obj=-1378.327750, change=1.58e-06, α=1.000, ‖θ[1:]‖₁=2078.233, γ=90655.591, num_knots=1617
2025-09-07 00:47:12,864 - Iter 49790: obj=-1378.327814, change=1.58e-06, α=1.000, ‖θ[1:]‖₁=2078.233, γ=90655.591, num_knots=1617
2025-09-07 00:47:13,156 - Iter 49800: obj=-1378.327877, change=1.58e-06, α=1.000, ‖θ[1:]‖₁=2078.233, γ=90655.591, num_knots=1617
2025-09-07 00:47:13,404 - Iter 49810: obj=-1378.327941, change=1.58e-06, α=1.000, ‖θ[1:]‖₁=2078.233, γ=90655.591, num_knots=1617
2025-09-07 00:47:13,666 - Iter 49820: obj=-1378.328005, change=1.58e-06, α=1.000, ‖θ[1:]‖₁=2078.233, γ=90655.591, num_knots=1617
2025-09-07 00:47:13,963 - Iter 49830: obj=-1378.328068, change=1.58e-06, α=1.000, ‖θ[1:]‖₁=2078.232, γ=90655.591, num_knots=1617
2025-09-07 00:47:14,227 - Iter 49840: obj=-1378.328132, change=1.58e-06, α=1.000, ‖θ[1:]‖₁=2078.232, γ=90655.591, num_knots=1617
2025-09-07 00:47:14,504 - Iter 49850: obj=-1378.328196, change=1.58e-06, α=1.000, ‖θ[1:]‖₁=2078.232, γ=90655.591, num_knots=1617
2025-09-07 00:47:14,788 - Iter 49860: obj=-1378.328259, change=1.58e-06, α=1.000, ‖θ[1:]‖₁=2078.232, γ=90655.591, num_knots=1617
2025-09-07 00:47:15,083 - Iter 49870: obj=-1378.328323, change=1.58e-06, α=1.000, ‖θ[1:]‖₁=2078.232, γ=90655.591, num_knots=1617
2025-09-07 00:47:15,340 - Iter 49880: obj=-1378.328386, change=1.58e-06, α=1.000, ‖θ[1:]‖₁=2078.231, γ=90655.591, num_knots=1617
2025-09-07 00:47:15,641 - Iter 49890: obj=-1378.328450, change=1.58e-06, α=1.000, ‖θ[1:]‖₁=2078.231, γ=90655.591, num_knots=1617
2025-09-07 00:47:15,972 - Iter 49900: obj=-1378.328514, change=1.58e-06, α=1.000, ‖θ[1:]‖₁=2078.231, γ=90655.591, num_knots=1617
2025-09-07 00:47:16,227 - Iter 49910: obj=-1378.328577, change=1.58e-06, α=1.000, ‖θ[1:]‖₁=2078.231, γ=90655.591, num_knots=1617
2025-09-07 00:47:16,502 - Iter 49920: obj=-1378.328641, change=1.58e-06, α=1.000, ‖θ[1:]‖₁=2078.231, γ=90655.591, num_knots=1617
2025-09-07 00:47:16,771 - Iter 49930: obj=-1378.328705, change=1.58e-06, α=1.000, ‖θ[1:]‖₁=2078.231, γ=90655.591, num_knots=1617
2025-09-07 00:47:17,014 - Iter 49940: obj=-1378.328768, change=1.58e-06, α=1.000, ‖θ[1:]‖₁=2078.230, γ=90655.591, num_knots=1617
2025-09-07 00:47:17,291 - Iter 49950: obj=-1378.328832, change=1.58e-06, α=1.000, ‖θ[1:]‖₁=2078.230, γ=90655.591, num_knots=1617
2025-09-07 00:47:17,543 - Iter 49960: obj=-1378.328895, change=1.58e-06, α=1.000, ‖θ[1:]‖₁=2078.230, γ=90655.591, num_knots=1617
2025-09-07 00:47:17,874 - Iter 49970: obj=-1378.328959, change=1.58e-06, α=1.000, ‖θ[1:]‖₁=2078.230, γ=90655.591, num_knots=1617
2025-09-07 00:47:18,165 - Iter 49980: obj=-1378.329023, change=1.58e-06, α=1.000, ‖θ[1:]‖₁=2078.230, γ=90655.591, num_knots=1617
2025-09-07 00:47:18,428 - Iter 49990: obj=-1378.329086, change=1.58e-06, α=1.000, ‖θ[1:]‖₁=2078.229, γ=90655.591, num_knots=1617
2025-09-07 00:47:18,693 - Iter 50000: obj=-1378.329150, change=1.58e-06, α=1.000, ‖θ[1:]‖₁=2078.229, γ=90655.591, num_knots=1617
2025-09-07 00:47:18,693 - Final: selected_knots=1617, iterations=50000
