2025-09-06 12:57:02,749 - ProximalAdaGrad: lam=30, alpha=1e-05, eps=1e-08, rho=1.0, n_grid=200, basis_order=0, n_samples=3200, K=3201
2025-09-06 12:57:02,781 - Iter   0: obj=0.000000, change=4.21e-02, α=0.000, ‖θ[1:]‖₁=0.179, h_range=[1.29e+01, 2.83e+01], num_knots=2860
2025-09-06 12:57:02,998 - Iter  10: obj=-257.454008, change=2.01e-02, α=0.000, ‖θ[1:]‖₁=1.677, h_range=[1.11e+01, 2.83e+01], num_knots=3022
2025-09-06 12:57:03,101 - Iter  20: obj=-417.917630, change=1.25e-02, α=0.000, ‖θ[1:]‖₁=2.922, h_range=[1.03e+01, 2.83e+01], num_knots=3001
2025-09-06 12:57:03,182 - Iter  30: obj=-538.195756, change=9.99e-03, α=0.000, ‖θ[1:]‖₁=3.997, h_range=[9.75e+00, 2.83e+01], num_knots=2959
2025-09-06 12:57:03,280 - Iter  40: obj=-629.513946, change=8.78e-03, α=0.000, ‖θ[1:]‖₁=4.926, h_range=[9.31e+00, 2.83e+01], num_knots=2901
2025-09-06 12:57:03,363 - Iter  50: obj=-698.943051, change=7.85e-03, α=0.000, ‖θ[1:]‖₁=5.725, h_range=[8.94e+00, 2.83e+01], num_knots=2854
2025-09-06 12:57:03,466 - Iter  60: obj=-752.002794, change=7.04e-03, α=0.000, ‖θ[1:]‖₁=6.410, h_range=[8.62e+00, 2.83e+01], num_knots=2810
2025-09-06 12:57:03,564 - Iter  70: obj=-792.889452, change=6.30e-03, α=0.000, ‖θ[1:]‖₁=6.998, h_range=[8.34e+00, 2.83e+01], num_knots=2770
2025-09-06 12:57:03,659 - Iter  80: obj=-824.773352, change=5.62e-03, α=0.000, ‖θ[1:]‖₁=7.502, h_range=[8.10e+00, 2.83e+01], num_knots=2735
2025-09-06 12:57:03,756 - Iter  90: obj=-849.982112, change=5.03e-03, α=0.000, ‖θ[1:]‖₁=7.935, h_range=[7.89e+00, 2.83e+01], num_knots=2702
2025-09-06 12:57:03,930 - Iter 100: obj=-870.209600, change=4.49e-03, α=0.000, ‖θ[1:]‖₁=8.308, h_range=[7.70e+00, 2.83e+01], num_knots=2670
2025-09-06 12:57:04,073 - Iter 110: obj=-886.708243, change=4.02e-03, α=0.000, ‖θ[1:]‖₁=8.630, h_range=[7.54e+00, 2.83e+01], num_knots=2645
2025-09-06 12:57:04,206 - Iter 120: obj=-900.391494, change=3.61e-03, α=0.000, ‖θ[1:]‖₁=8.909, h_range=[7.39e+00, 2.83e+01], num_knots=2616
2025-09-06 12:57:04,311 - Iter 130: obj=-911.926125, change=3.25e-03, α=0.000, ‖θ[1:]‖₁=9.151, h_range=[7.27e+00, 2.83e+01], num_knots=2590
2025-09-06 12:57:04,457 - Iter 140: obj=-921.786621, change=2.95e-03, α=0.000, ‖θ[1:]‖₁=9.363, h_range=[7.15e+00, 2.83e+01], num_knots=2562
2025-09-06 12:57:04,581 - Iter 150: obj=-930.322888, change=2.71e-03, α=0.000, ‖θ[1:]‖₁=9.550, h_range=[7.05e+00, 2.83e+01], num_knots=2537
2025-09-06 12:57:04,679 - Iter 160: obj=-937.803213, change=2.49e-03, α=0.000, ‖θ[1:]‖₁=9.715, h_range=[6.96e+00, 2.83e+01], num_knots=2513
2025-09-06 12:57:04,772 - Iter 170: obj=-944.439516, change=2.29e-03, α=0.000, ‖θ[1:]‖₁=9.862, h_range=[6.88e+00, 2.83e+01], num_knots=2491
2025-09-06 12:57:04,867 - Iter 180: obj=-950.391124, change=2.13e-03, α=0.000, ‖θ[1:]‖₁=9.992, h_range=[6.81e+00, 2.83e+01], num_knots=2468
2025-09-06 12:57:04,978 - Iter 190: obj=-955.766871, change=1.96e-03, α=0.000, ‖θ[1:]‖₁=10.110, h_range=[6.74e+00, 2.83e+01], num_knots=2445
2025-09-06 12:57:05,102 - Iter 200: obj=-960.654823, change=1.82e-03, α=0.000, ‖θ[1:]‖₁=10.216, h_range=[6.68e+00, 2.83e+01], num_knots=2422
2025-09-06 12:57:05,205 - Iter 210: obj=-965.130470, change=1.71e-03, α=0.000, ‖θ[1:]‖₁=10.312, h_range=[6.62e+00, 2.83e+01], num_knots=2398
2025-09-06 12:57:05,307 - Iter 220: obj=-969.251980, change=1.60e-03, α=0.000, ‖θ[1:]‖₁=10.400, h_range=[6.57e+00, 2.83e+01], num_knots=2380
2025-09-06 12:57:05,395 - Iter 230: obj=-973.067708, change=1.51e-03, α=0.000, ‖θ[1:]‖₁=10.480, h_range=[6.52e+00, 2.83e+01], num_knots=2360
2025-09-06 12:57:05,491 - Iter 240: obj=-976.614972, change=1.42e-03, α=0.000, ‖θ[1:]‖₁=10.555, h_range=[6.47e+00, 2.83e+01], num_knots=2340
2025-09-06 12:57:05,590 - Iter 250: obj=-979.926453, change=1.36e-03, α=0.000, ‖θ[1:]‖₁=10.623, h_range=[6.43e+00, 2.83e+01], num_knots=2323
2025-09-06 12:57:05,669 - Iter 260: obj=-983.027489, change=1.27e-03, α=0.000, ‖θ[1:]‖₁=10.687, h_range=[6.39e+00, 2.83e+01], num_knots=2307
2025-09-06 12:57:05,751 - Iter 270: obj=-985.939070, change=1.24e-03, α=0.000, ‖θ[1:]‖₁=10.746, h_range=[6.36e+00, 2.83e+01], num_knots=2285
2025-09-06 12:57:05,831 - Iter 280: obj=-988.671864, change=1.19e-03, α=0.000, ‖θ[1:]‖₁=10.802, h_range=[6.32e+00, 2.83e+01], num_knots=2266
2025-09-06 12:57:05,932 - Iter 290: obj=-991.240483, change=1.14e-03, α=0.000, ‖θ[1:]‖₁=10.855, h_range=[6.29e+00, 2.83e+01], num_knots=2249
2025-09-06 12:57:06,068 - Iter 300: obj=-993.666194, change=1.09e-03, α=0.000, ‖θ[1:]‖₁=10.905, h_range=[6.26e+00, 2.83e+01], num_knots=2228
2025-09-06 12:57:06,148 - Iter 310: obj=-995.961885, change=1.05e-03, α=0.000, ‖θ[1:]‖₁=10.953, h_range=[6.23e+00, 2.83e+01], num_knots=2219
2025-09-06 12:57:06,247 - Iter 320: obj=-998.137939, change=9.90e-04, α=0.000, ‖θ[1:]‖₁=10.998, h_range=[6.20e+00, 2.83e+01], num_knots=2199
2025-09-06 12:57:06,332 - Iter 330: obj=-1000.206841, change=9.60e-04, α=0.000, ‖θ[1:]‖₁=11.041, h_range=[6.17e+00, 2.83e+01], num_knots=2182
2025-09-06 12:57:06,452 - Iter 340: obj=-1002.175123, change=9.15e-04, α=0.000, ‖θ[1:]‖₁=11.081, h_range=[6.15e+00, 2.83e+01], num_knots=2170
2025-09-06 12:57:06,528 - Iter 350: obj=-1004.048940, change=8.79e-04, α=0.000, ‖θ[1:]‖₁=11.121, h_range=[6.12e+00, 2.83e+01], num_knots=2155
2025-09-06 12:57:06,606 - Iter 360: obj=-1005.836721, change=8.70e-04, α=0.000, ‖θ[1:]‖₁=11.158, h_range=[6.10e+00, 2.83e+01], num_knots=2141
2025-09-06 12:57:06,688 - Iter 370: obj=-1007.540156, change=8.38e-04, α=0.000, ‖θ[1:]‖₁=11.194, h_range=[6.08e+00, 2.83e+01], num_knots=2123
2025-09-06 12:57:06,838 - Iter 380: obj=-1009.167609, change=7.94e-04, α=0.000, ‖θ[1:]‖₁=11.229, h_range=[6.05e+00, 2.83e+01], num_knots=2113
2025-09-06 12:57:07,031 - Iter 390: obj=-1010.726861, change=7.76e-04, α=0.000, ‖θ[1:]‖₁=11.263, h_range=[6.03e+00, 2.83e+01], num_knots=2099
2025-09-06 12:57:07,156 - Iter 400: obj=-1012.217873, change=7.50e-04, α=0.000, ‖θ[1:]‖₁=11.295, h_range=[6.01e+00, 2.83e+01], num_knots=2085
2025-09-06 12:57:07,288 - Iter 410: obj=-1013.652668, change=7.09e-04, α=0.000, ‖θ[1:]‖₁=11.326, h_range=[6.00e+00, 2.83e+01], num_knots=2073
2025-09-06 12:57:07,368 - Iter 420: obj=-1015.030186, change=6.97e-04, α=0.000, ‖θ[1:]‖₁=11.356, h_range=[5.98e+00, 2.83e+01], num_knots=2061
2025-09-06 12:57:07,463 - Iter 430: obj=-1016.357699, change=6.64e-04, α=0.000, ‖θ[1:]‖₁=11.386, h_range=[5.96e+00, 2.83e+01], num_knots=2047
2025-09-06 12:57:07,556 - Iter 440: obj=-1017.633585, change=6.55e-04, α=0.000, ‖θ[1:]‖₁=11.414, h_range=[5.94e+00, 2.83e+01], num_knots=2039
2025-09-06 12:57:07,648 - Iter 450: obj=-1018.868133, change=6.26e-04, α=0.000, ‖θ[1:]‖₁=11.441, h_range=[5.93e+00, 2.83e+01], num_knots=2030
2025-09-06 12:57:07,734 - Iter 460: obj=-1020.058261, change=5.97e-04, α=0.000, ‖θ[1:]‖₁=11.468, h_range=[5.91e+00, 2.83e+01], num_knots=2016
2025-09-06 12:57:07,823 - Iter 470: obj=-1021.208294, change=5.86e-04, α=0.000, ‖θ[1:]‖₁=11.494, h_range=[5.90e+00, 2.83e+01], num_knots=2011
2025-09-06 12:57:07,905 - Iter 480: obj=-1022.325543, change=5.70e-04, α=0.000, ‖θ[1:]‖₁=11.519, h_range=[5.88e+00, 2.83e+01], num_knots=2000
2025-09-06 12:57:07,996 - Iter 490: obj=-1023.403607, change=5.53e-04, α=0.000, ‖θ[1:]‖₁=11.543, h_range=[5.87e+00, 2.83e+01], num_knots=1989
2025-09-06 12:57:08,084 - Iter 500: obj=-1024.451648, change=5.30e-04, α=0.000, ‖θ[1:]‖₁=11.567, h_range=[5.85e+00, 2.83e+01], num_knots=1982
2025-09-06 12:57:08,169 - Iter 510: obj=-1025.469806, change=5.33e-04, α=0.000, ‖θ[1:]‖₁=11.590, h_range=[5.84e+00, 2.83e+01], num_knots=1973
2025-09-06 12:57:08,272 - Iter 520: obj=-1026.455128, change=5.16e-04, α=0.000, ‖θ[1:]‖₁=11.612, h_range=[5.83e+00, 2.83e+01], num_knots=1966
2025-09-06 12:57:08,347 - Iter 530: obj=-1027.414598, change=4.96e-04, α=0.000, ‖θ[1:]‖₁=11.634, h_range=[5.82e+00, 2.83e+01], num_knots=1952
2025-09-06 12:57:08,425 - Iter 540: obj=-1028.347263, change=4.82e-04, α=0.000, ‖θ[1:]‖₁=11.656, h_range=[5.80e+00, 2.83e+01], num_knots=1944
2025-09-06 12:57:08,535 - Iter 550: obj=-1029.250699, change=4.85e-04, α=0.000, ‖θ[1:]‖₁=11.677, h_range=[5.79e+00, 2.83e+01], num_knots=1934
2025-09-06 12:57:08,620 - Iter 560: obj=-1030.130258, change=4.56e-04, α=0.000, ‖θ[1:]‖₁=11.698, h_range=[5.78e+00, 2.83e+01], num_knots=1928
2025-09-06 12:57:08,703 - Iter 570: obj=-1030.986989, change=4.58e-04, α=0.000, ‖θ[1:]‖₁=11.718, h_range=[5.77e+00, 2.83e+01], num_knots=1917
2025-09-06 12:57:08,803 - Iter 580: obj=-1031.816628, change=4.49e-04, α=0.000, ‖θ[1:]‖₁=11.738, h_range=[5.76e+00, 2.83e+01], num_knots=1908
2025-09-06 12:57:08,889 - Iter 590: obj=-1032.625121, change=4.36e-04, α=0.000, ‖θ[1:]‖₁=11.757, h_range=[5.75e+00, 2.83e+01], num_knots=1897
2025-09-06 12:57:08,971 - Iter 600: obj=-1033.412274, change=4.33e-04, α=0.000, ‖θ[1:]‖₁=11.776, h_range=[5.74e+00, 2.83e+01], num_knots=1888
2025-09-06 12:57:09,056 - Iter 610: obj=-1034.178085, change=4.26e-04, α=0.000, ‖θ[1:]‖₁=11.795, h_range=[5.73e+00, 2.83e+01], num_knots=1882
2025-09-06 12:57:09,150 - Iter 620: obj=-1034.923399, change=4.05e-04, α=0.000, ‖θ[1:]‖₁=11.814, h_range=[5.72e+00, 2.83e+01], num_knots=1874
2025-09-06 12:57:09,244 - Iter 630: obj=-1035.652324, change=3.93e-04, α=0.000, ‖θ[1:]‖₁=11.832, h_range=[5.71e+00, 2.83e+01], num_knots=1870
2025-09-06 12:57:09,343 - Iter 640: obj=-1036.363142, change=3.85e-04, α=0.000, ‖θ[1:]‖₁=11.849, h_range=[5.70e+00, 2.83e+01], num_knots=1860
2025-09-06 12:57:09,429 - Iter 650: obj=-1037.058483, change=3.81e-04, α=0.000, ‖θ[1:]‖₁=11.867, h_range=[5.69e+00, 2.83e+01], num_knots=1854
2025-09-06 12:57:09,518 - Iter 660: obj=-1037.737899, change=3.70e-04, α=0.000, ‖θ[1:]‖₁=11.883, h_range=[5.68e+00, 2.83e+01], num_knots=1849
2025-09-06 12:57:09,603 - Iter 670: obj=-1038.401988, change=3.65e-04, α=0.000, ‖θ[1:]‖₁=11.900, h_range=[5.67e+00, 2.83e+01], num_knots=1839
2025-09-06 12:57:09,683 - Iter 680: obj=-1039.049482, change=3.50e-04, α=0.000, ‖θ[1:]‖₁=11.916, h_range=[5.66e+00, 2.83e+01], num_knots=1832
2025-09-06 12:57:09,766 - Iter 690: obj=-1039.684512, change=3.33e-04, α=0.000, ‖θ[1:]‖₁=11.932, h_range=[5.65e+00, 2.83e+01], num_knots=1827
2025-09-06 12:57:09,852 - Iter 700: obj=-1040.307324, change=3.43e-04, α=0.000, ‖θ[1:]‖₁=11.948, h_range=[5.65e+00, 2.83e+01], num_knots=1818
2025-09-06 12:57:09,928 - Iter 710: obj=-1040.917696, change=3.38e-04, α=0.000, ‖θ[1:]‖₁=11.964, h_range=[5.64e+00, 2.83e+01], num_knots=1813
2025-09-06 12:57:10,017 - Iter 720: obj=-1041.515073, change=3.24e-04, α=0.000, ‖θ[1:]‖₁=11.979, h_range=[5.63e+00, 2.83e+01], num_knots=1805
2025-09-06 12:57:10,108 - Iter 730: obj=-1042.101413, change=3.18e-04, α=0.000, ‖θ[1:]‖₁=11.993, h_range=[5.62e+00, 2.83e+01], num_knots=1802
2025-09-06 12:57:10,187 - Iter 740: obj=-1042.678133, change=3.01e-04, α=0.000, ‖θ[1:]‖₁=12.008, h_range=[5.62e+00, 2.83e+01], num_knots=1796
2025-09-06 12:57:10,279 - Iter 750: obj=-1043.245023, change=2.92e-04, α=0.000, ‖θ[1:]‖₁=12.022, h_range=[5.61e+00, 2.83e+01], num_knots=1791
2025-09-06 12:57:10,393 - Iter 760: obj=-1043.801704, change=3.03e-04, α=0.000, ‖θ[1:]‖₁=12.036, h_range=[5.60e+00, 2.83e+01], num_knots=1781
2025-09-06 12:57:10,489 - Iter 770: obj=-1044.346707, change=2.92e-04, α=0.000, ‖θ[1:]‖₁=12.050, h_range=[5.59e+00, 2.83e+01], num_knots=1774
2025-09-06 12:57:10,588 - Iter 780: obj=-1044.881308, change=2.79e-04, α=0.000, ‖θ[1:]‖₁=12.063, h_range=[5.59e+00, 2.83e+01], num_knots=1770
2025-09-06 12:57:10,670 - Iter 790: obj=-1045.408860, change=2.70e-04, α=0.000, ‖θ[1:]‖₁=12.076, h_range=[5.58e+00, 2.83e+01], num_knots=1770
2025-09-06 12:57:10,747 - Iter 800: obj=-1045.929275, change=2.61e-04, α=0.000, ‖θ[1:]‖₁=12.089, h_range=[5.57e+00, 2.83e+01], num_knots=1760
2025-09-06 12:57:10,832 - Iter 810: obj=-1046.441217, change=2.51e-04, α=0.000, ‖θ[1:]‖₁=12.102, h_range=[5.57e+00, 2.83e+01], num_knots=1758
2025-09-06 12:57:10,929 - Iter 820: obj=-1046.946793, change=2.63e-04, α=0.000, ‖θ[1:]‖₁=12.114, h_range=[5.56e+00, 2.83e+01], num_knots=1755
2025-09-06 12:57:11,022 - Iter 830: obj=-1047.441901, change=2.60e-04, α=0.000, ‖θ[1:]‖₁=12.127, h_range=[5.56e+00, 2.83e+01], num_knots=1746
2025-09-06 12:57:11,106 - Iter 840: obj=-1047.928386, change=2.46e-04, α=0.000, ‖θ[1:]‖₁=12.139, h_range=[5.55e+00, 2.83e+01], num_knots=1743
2025-09-06 12:57:11,198 - Iter 850: obj=-1048.408834, change=2.38e-04, α=0.000, ‖θ[1:]‖₁=12.151, h_range=[5.54e+00, 2.83e+01], num_knots=1736
2025-09-06 12:57:11,289 - Iter 860: obj=-1048.881988, change=2.33e-04, α=0.000, ‖θ[1:]‖₁=12.162, h_range=[5.54e+00, 2.83e+01], num_knots=1733
2025-09-06 12:57:11,373 - Iter 870: obj=-1049.349771, change=2.27e-04, α=0.000, ‖θ[1:]‖₁=12.174, h_range=[5.53e+00, 2.83e+01], num_knots=1729
2025-09-06 12:57:11,461 - Iter 880: obj=-1049.811592, change=2.31e-04, α=0.000, ‖θ[1:]‖₁=12.185, h_range=[5.53e+00, 2.83e+01], num_knots=1727
2025-09-06 12:57:11,549 - Iter 890: obj=-1050.266772, change=2.24e-04, α=0.000, ‖θ[1:]‖₁=12.196, h_range=[5.52e+00, 2.83e+01], num_knots=1719
2025-09-06 12:57:11,627 - Iter 900: obj=-1050.716189, change=2.15e-04, α=0.000, ‖θ[1:]‖₁=12.207, h_range=[5.52e+00, 2.83e+01], num_knots=1716
2025-09-06 12:57:11,707 - Iter 910: obj=-1051.158836, change=2.10e-04, α=0.000, ‖θ[1:]‖₁=12.218, h_range=[5.51e+00, 2.83e+01], num_knots=1709
2025-09-06 12:57:11,798 - Iter 920: obj=-1051.595006, change=2.06e-04, α=0.000, ‖θ[1:]‖₁=12.229, h_range=[5.50e+00, 2.83e+01], num_knots=1707
2025-09-06 12:57:11,882 - Iter 930: obj=-1052.026946, change=2.01e-04, α=0.000, ‖θ[1:]‖₁=12.239, h_range=[5.50e+00, 2.83e+01], num_knots=1706
2025-09-06 12:57:11,962 - Iter 940: obj=-1052.451423, change=2.05e-04, α=0.000, ‖θ[1:]‖₁=12.249, h_range=[5.49e+00, 2.83e+01], num_knots=1700
2025-09-06 12:57:12,034 - Iter 950: obj=-1052.869680, change=1.97e-04, α=0.000, ‖θ[1:]‖₁=12.260, h_range=[5.49e+00, 2.83e+01], num_knots=1695
2025-09-06 12:57:12,130 - Iter 960: obj=-1053.282987, change=2.08e-04, α=0.000, ‖θ[1:]‖₁=12.270, h_range=[5.48e+00, 2.83e+01], num_knots=1689
2025-09-06 12:57:12,221 - Iter 970: obj=-1053.691884, change=1.95e-04, α=0.000, ‖θ[1:]‖₁=12.280, h_range=[5.48e+00, 2.83e+01], num_knots=1687
2025-09-06 12:57:12,302 - Iter 980: obj=-1054.095613, change=1.90e-04, α=0.000, ‖θ[1:]‖₁=12.289, h_range=[5.47e+00, 2.83e+01], num_knots=1681
2025-09-06 12:57:12,381 - Iter 990: obj=-1054.494535, change=1.81e-04, α=0.000, ‖θ[1:]‖₁=12.299, h_range=[5.47e+00, 2.83e+01], num_knots=1674
2025-09-06 12:57:12,462 - Iter 1000: obj=-1054.888018, change=1.78e-04, α=0.000, ‖θ[1:]‖₁=12.309, h_range=[5.47e+00, 2.83e+01], num_knots=1668
2025-09-06 12:57:12,556 - Iter 1010: obj=-1055.275236, change=1.91e-04, α=0.000, ‖θ[1:]‖₁=12.318, h_range=[5.46e+00, 2.83e+01], num_knots=1661
2025-09-06 12:57:12,641 - Iter 1020: obj=-1055.657259, change=1.85e-04, α=0.000, ‖θ[1:]‖₁=12.328, h_range=[5.46e+00, 2.83e+01], num_knots=1656
2025-09-06 12:57:12,726 - Iter 1030: obj=-1056.035376, change=1.78e-04, α=0.000, ‖θ[1:]‖₁=12.337, h_range=[5.45e+00, 2.83e+01], num_knots=1653
2025-09-06 12:57:12,815 - Iter 1040: obj=-1056.408881, change=1.74e-04, α=0.000, ‖θ[1:]‖₁=12.346, h_range=[5.45e+00, 2.83e+01], num_knots=1652
2025-09-06 12:57:12,919 - Iter 1050: obj=-1056.778384, change=1.76e-04, α=0.000, ‖θ[1:]‖₁=12.355, h_range=[5.44e+00, 2.83e+01], num_knots=1648
2025-09-06 12:57:13,013 - Iter 1060: obj=-1057.142471, change=1.67e-04, α=0.000, ‖θ[1:]‖₁=12.364, h_range=[5.44e+00, 2.83e+01], num_knots=1643
2025-09-06 12:57:13,105 - Iter 1070: obj=-1057.502723, change=1.58e-04, α=0.000, ‖θ[1:]‖₁=12.373, h_range=[5.43e+00, 2.83e+01], num_knots=1635
2025-09-06 12:57:13,183 - Iter 1080: obj=-1057.856784, change=1.59e-04, α=0.000, ‖θ[1:]‖₁=12.382, h_range=[5.43e+00, 2.83e+01], num_knots=1632
2025-09-06 12:57:13,279 - Iter 1090: obj=-1058.207309, change=1.56e-04, α=0.000, ‖θ[1:]‖₁=12.391, h_range=[5.43e+00, 2.83e+01], num_knots=1629
2025-09-06 12:57:13,355 - Iter 1100: obj=-1058.552716, change=1.61e-04, α=0.000, ‖θ[1:]‖₁=12.399, h_range=[5.42e+00, 2.83e+01], num_knots=1621
2025-09-06 12:57:13,440 - Iter 1110: obj=-1058.893861, change=1.57e-04, α=0.000, ‖θ[1:]‖₁=12.408, h_range=[5.42e+00, 2.83e+01], num_knots=1619
2025-09-06 12:57:13,507 - Iter 1120: obj=-1059.232067, change=1.53e-04, α=0.000, ‖θ[1:]‖₁=12.417, h_range=[5.41e+00, 2.83e+01], num_knots=1616
2025-09-06 12:57:13,603 - Iter 1130: obj=-1059.566326, change=1.47e-04, α=0.000, ‖θ[1:]‖₁=12.425, h_range=[5.41e+00, 2.83e+01], num_knots=1611
2025-09-06 12:57:13,701 - Iter 1140: obj=-1059.896050, change=1.53e-04, α=0.000, ‖θ[1:]‖₁=12.433, h_range=[5.41e+00, 2.83e+01], num_knots=1606
2025-09-06 12:57:13,785 - Iter 1150: obj=-1060.222139, change=1.46e-04, α=0.000, ‖θ[1:]‖₁=12.441, h_range=[5.40e+00, 2.83e+01], num_knots=1605
2025-09-06 12:57:13,860 - Iter 1160: obj=-1060.545011, change=1.38e-04, α=0.000, ‖θ[1:]‖₁=12.450, h_range=[5.40e+00, 2.83e+01], num_knots=1600
2025-09-06 12:57:13,941 - Iter 1170: obj=-1060.863963, change=1.44e-04, α=0.000, ‖θ[1:]‖₁=12.458, h_range=[5.40e+00, 2.83e+01], num_knots=1597
2025-09-06 12:57:14,016 - Iter 1180: obj=-1061.179292, change=1.37e-04, α=0.000, ‖θ[1:]‖₁=12.465, h_range=[5.39e+00, 2.83e+01], num_knots=1591
2025-09-06 12:57:14,109 - Iter 1190: obj=-1061.489174, change=1.34e-04, α=0.000, ‖θ[1:]‖₁=12.473, h_range=[5.39e+00, 2.83e+01], num_knots=1589
2025-09-06 12:57:14,213 - Iter 1200: obj=-1061.795122, change=1.49e-04, α=0.000, ‖θ[1:]‖₁=12.481, h_range=[5.38e+00, 2.83e+01], num_knots=1585
2025-09-06 12:57:14,287 - Iter 1210: obj=-1062.096220, change=1.39e-04, α=0.000, ‖θ[1:]‖₁=12.489, h_range=[5.38e+00, 2.83e+01], num_knots=1580
2025-09-06 12:57:14,370 - Iter 1220: obj=-1062.394742, change=1.35e-04, α=0.000, ‖θ[1:]‖₁=12.497, h_range=[5.38e+00, 2.83e+01], num_knots=1579
2025-09-06 12:57:14,447 - Iter 1230: obj=-1062.691612, change=1.31e-04, α=0.000, ‖θ[1:]‖₁=12.504, h_range=[5.37e+00, 2.83e+01], num_knots=1578
2025-09-06 12:57:14,549 - Iter 1240: obj=-1062.985087, change=1.29e-04, α=0.000, ‖θ[1:]‖₁=12.512, h_range=[5.37e+00, 2.83e+01], num_knots=1569
2025-09-06 12:57:14,634 - Iter 1250: obj=-1063.274638, change=1.22e-04, α=0.000, ‖θ[1:]‖₁=12.519, h_range=[5.37e+00, 2.83e+01], num_knots=1566
2025-09-06 12:57:14,722 - Iter 1260: obj=-1063.561113, change=1.23e-04, α=0.000, ‖θ[1:]‖₁=12.526, h_range=[5.36e+00, 2.83e+01], num_knots=1562
2025-09-06 12:57:14,858 - Iter 1270: obj=-1063.844543, change=1.20e-04, α=0.000, ‖θ[1:]‖₁=12.534, h_range=[5.36e+00, 2.83e+01], num_knots=1561
2025-09-06 12:57:14,939 - Iter 1280: obj=-1064.124586, change=1.17e-04, α=0.000, ‖θ[1:]‖₁=12.541, h_range=[5.36e+00, 2.83e+01], num_knots=1555
2025-09-06 12:57:15,025 - Iter 1290: obj=-1064.401474, change=1.20e-04, α=0.000, ‖θ[1:]‖₁=12.548, h_range=[5.35e+00, 2.83e+01], num_knots=1552
2025-09-06 12:57:15,117 - Iter 1300: obj=-1064.675627, change=1.19e-04, α=0.000, ‖θ[1:]‖₁=12.555, h_range=[5.35e+00, 2.83e+01], num_knots=1548
2025-09-06 12:57:15,205 - Iter 1310: obj=-1064.945244, change=1.28e-04, α=0.000, ‖θ[1:]‖₁=12.562, h_range=[5.35e+00, 2.83e+01], num_knots=1542
2025-09-06 12:57:15,295 - Iter 1320: obj=-1065.211140, change=1.33e-04, α=0.000, ‖θ[1:]‖₁=12.569, h_range=[5.34e+00, 2.83e+01], num_knots=1536
2025-09-06 12:57:15,387 - Iter 1330: obj=-1065.473051, change=1.23e-04, α=0.000, ‖θ[1:]‖₁=12.576, h_range=[5.34e+00, 2.83e+01], num_knots=1531
2025-09-06 12:57:15,487 - Iter 1340: obj=-1065.732546, change=1.21e-04, α=0.000, ‖θ[1:]‖₁=12.583, h_range=[5.34e+00, 2.83e+01], num_knots=1531
2025-09-06 12:57:15,624 - Iter 1350: obj=-1065.990162, change=1.15e-04, α=0.000, ‖θ[1:]‖₁=12.590, h_range=[5.33e+00, 2.83e+01], num_knots=1526
2025-09-06 12:57:15,726 - Iter 1360: obj=-1066.244703, change=1.13e-04, α=0.000, ‖θ[1:]‖₁=12.597, h_range=[5.33e+00, 2.83e+01], num_knots=1525
2025-09-06 12:57:15,833 - Iter 1370: obj=-1066.496927, change=1.10e-04, α=0.000, ‖θ[1:]‖₁=12.603, h_range=[5.33e+00, 2.83e+01], num_knots=1520
2025-09-06 12:57:15,927 - Iter 1380: obj=-1066.746706, change=1.09e-04, α=0.000, ‖θ[1:]‖₁=12.610, h_range=[5.32e+00, 2.83e+01], num_knots=1518
2025-09-06 12:57:16,012 - Iter 1390: obj=-1066.994737, change=1.05e-04, α=0.000, ‖θ[1:]‖₁=12.616, h_range=[5.32e+00, 2.83e+01], num_knots=1516
2025-09-06 12:57:16,100 - Iter 1400: obj=-1067.240653, change=1.03e-04, α=0.000, ‖θ[1:]‖₁=12.623, h_range=[5.32e+00, 2.83e+01], num_knots=1510
2025-09-06 12:57:16,186 - Iter 1410: obj=-1067.482794, change=1.02e-04, α=0.000, ‖θ[1:]‖₁=12.629, h_range=[5.31e+00, 2.83e+01], num_knots=1502
2025-09-06 12:57:16,262 - Iter 1420: obj=-1067.721162, change=9.84e-05, α=0.000, ‖θ[1:]‖₁=12.635, h_range=[5.31e+00, 2.83e+01], num_knots=1497
2025-09-06 12:57:16,349 - Iter 1430: obj=-1067.955065, change=1.02e-04, α=0.000, ‖θ[1:]‖₁=12.642, h_range=[5.31e+00, 2.83e+01], num_knots=1494
2025-09-06 12:57:16,414 - Iter 1440: obj=-1068.186707, change=9.82e-05, α=0.000, ‖θ[1:]‖₁=12.648, h_range=[5.30e+00, 2.83e+01], num_knots=1493
2025-09-06 12:57:16,495 - Iter 1450: obj=-1068.416850, change=9.83e-05, α=0.000, ‖θ[1:]‖₁=12.655, h_range=[5.30e+00, 2.83e+01], num_knots=1488
2025-09-06 12:57:16,583 - Iter 1460: obj=-1068.645622, change=9.41e-05, α=0.000, ‖θ[1:]‖₁=12.661, h_range=[5.30e+00, 2.83e+01], num_knots=1487
2025-09-06 12:57:16,659 - Iter 1470: obj=-1068.872106, change=9.40e-05, α=0.000, ‖θ[1:]‖₁=12.667, h_range=[5.29e+00, 2.83e+01], num_knots=1484
2025-09-06 12:57:16,763 - Iter 1480: obj=-1069.096532, change=9.81e-05, α=0.000, ‖θ[1:]‖₁=12.673, h_range=[5.29e+00, 2.83e+01], num_knots=1480
2025-09-06 12:57:16,856 - Iter 1490: obj=-1069.318564, change=9.44e-05, α=0.000, ‖θ[1:]‖₁=12.678, h_range=[5.29e+00, 2.83e+01], num_knots=1478
2025-09-06 12:57:16,944 - Iter 1500: obj=-1069.538192, change=9.64e-05, α=0.000, ‖θ[1:]‖₁=12.684, h_range=[5.29e+00, 2.83e+01], num_knots=1474
2025-09-06 12:57:17,023 - Iter 1510: obj=-1069.755820, change=9.21e-05, α=0.000, ‖θ[1:]‖₁=12.690, h_range=[5.28e+00, 2.83e+01], num_knots=1472
2025-09-06 12:57:17,099 - Iter 1520: obj=-1069.971881, change=8.66e-05, α=0.000, ‖θ[1:]‖₁=12.696, h_range=[5.28e+00, 2.83e+01], num_knots=1469
2025-09-06 12:57:17,186 - Iter 1530: obj=-1070.185303, change=9.12e-05, α=0.000, ‖θ[1:]‖₁=12.701, h_range=[5.28e+00, 2.83e+01], num_knots=1463
2025-09-06 12:57:17,272 - Iter 1540: obj=-1070.395124, change=8.72e-05, α=0.000, ‖θ[1:]‖₁=12.707, h_range=[5.27e+00, 2.83e+01], num_knots=1461
2025-09-06 12:57:17,375 - Iter 1550: obj=-1070.602383, change=8.87e-05, α=0.000, ‖θ[1:]‖₁=12.713, h_range=[5.27e+00, 2.83e+01], num_knots=1458
2025-09-06 12:57:17,489 - Iter 1560: obj=-1070.808361, change=8.55e-05, α=0.000, ‖θ[1:]‖₁=12.718, h_range=[5.27e+00, 2.83e+01], num_knots=1458
2025-09-06 12:57:17,569 - Iter 1570: obj=-1071.013581, change=8.28e-05, α=0.000, ‖θ[1:]‖₁=12.724, h_range=[5.26e+00, 2.83e+01], num_knots=1457
2025-09-06 12:57:17,665 - Iter 1580: obj=-1071.217301, change=8.69e-05, α=0.000, ‖θ[1:]‖₁=12.729, h_range=[5.26e+00, 2.83e+01], num_knots=1454
2025-09-06 12:57:17,744 - Iter 1590: obj=-1071.419061, change=8.94e-05, α=0.000, ‖θ[1:]‖₁=12.734, h_range=[5.26e+00, 2.83e+01], num_knots=1451
2025-09-06 12:57:17,819 - Iter 1600: obj=-1071.618945, change=8.58e-05, α=0.000, ‖θ[1:]‖₁=12.740, h_range=[5.26e+00, 2.83e+01], num_knots=1449
2025-09-06 12:57:17,906 - Iter 1610: obj=-1071.817746, change=8.29e-05, α=0.000, ‖θ[1:]‖₁=12.745, h_range=[5.25e+00, 2.83e+01], num_knots=1446
2025-09-06 12:57:17,984 - Iter 1620: obj=-1072.014930, change=8.09e-05, α=0.000, ‖θ[1:]‖₁=12.750, h_range=[5.25e+00, 2.83e+01], num_knots=1443
2025-09-06 12:57:18,090 - Iter 1630: obj=-1072.210488, change=7.75e-05, α=0.000, ‖θ[1:]‖₁=12.755, h_range=[5.25e+00, 2.83e+01], num_knots=1440
2025-09-06 12:57:18,199 - Iter 1640: obj=-1072.404474, change=7.49e-05, α=0.000, ‖θ[1:]‖₁=12.759, h_range=[5.25e+00, 2.83e+01], num_knots=1435
2025-09-06 12:57:18,286 - Iter 1650: obj=-1072.596960, change=7.22e-05, α=0.000, ‖θ[1:]‖₁=12.764, h_range=[5.24e+00, 2.83e+01], num_knots=1433
2025-09-06 12:57:18,388 - Iter 1660: obj=-1072.787934, change=6.96e-05, α=0.000, ‖θ[1:]‖₁=12.769, h_range=[5.24e+00, 2.83e+01], num_knots=1428
2025-09-06 12:57:18,465 - Iter 1670: obj=-1072.976307, change=7.58e-05, α=0.000, ‖θ[1:]‖₁=12.774, h_range=[5.24e+00, 2.83e+01], num_knots=1421
2025-09-06 12:57:18,572 - Iter 1680: obj=-1073.162268, change=7.45e-05, α=0.000, ‖θ[1:]‖₁=12.779, h_range=[5.24e+00, 2.83e+01], num_knots=1420
2025-09-06 12:57:18,653 - Iter 1690: obj=-1073.345360, change=7.21e-05, α=0.000, ‖θ[1:]‖₁=12.784, h_range=[5.23e+00, 2.83e+01], num_knots=1416
2025-09-06 12:57:18,745 - Iter 1700: obj=-1073.527138, change=7.30e-05, α=0.000, ‖θ[1:]‖₁=12.789, h_range=[5.23e+00, 2.83e+01], num_knots=1412
2025-09-06 12:57:18,827 - Iter 1710: obj=-1073.705958, change=7.18e-05, α=0.000, ‖θ[1:]‖₁=12.794, h_range=[5.23e+00, 2.83e+01], num_knots=1408
2025-09-06 12:57:18,917 - Iter 1720: obj=-1073.883667, change=7.14e-05, α=0.000, ‖θ[1:]‖₁=12.799, h_range=[5.23e+00, 2.83e+01], num_knots=1407
2025-09-06 12:57:19,007 - Iter 1730: obj=-1074.060681, change=6.99e-05, α=0.000, ‖θ[1:]‖₁=12.804, h_range=[5.22e+00, 2.83e+01], num_knots=1405
2025-09-06 12:57:19,086 - Iter 1740: obj=-1074.236629, change=7.19e-05, α=0.000, ‖θ[1:]‖₁=12.808, h_range=[5.22e+00, 2.83e+01], num_knots=1404
2025-09-06 12:57:19,212 - Iter 1750: obj=-1074.411854, change=6.87e-05, α=0.000, ‖θ[1:]‖₁=12.813, h_range=[5.22e+00, 2.83e+01], num_knots=1401
2025-09-06 12:57:19,299 - Iter 1760: obj=-1074.585552, change=6.77e-05, α=0.000, ‖θ[1:]‖₁=12.817, h_range=[5.22e+00, 2.83e+01], num_knots=1400
2025-09-06 12:57:19,383 - Iter 1770: obj=-1074.758345, change=7.33e-05, α=0.000, ‖θ[1:]‖₁=12.822, h_range=[5.21e+00, 2.83e+01], num_knots=1397
2025-09-06 12:57:19,466 - Iter 1780: obj=-1074.929758, change=7.19e-05, α=0.000, ‖θ[1:]‖₁=12.826, h_range=[5.21e+00, 2.83e+01], num_knots=1395
2025-09-06 12:57:19,549 - Iter 1790: obj=-1075.100102, change=6.85e-05, α=0.000, ‖θ[1:]‖₁=12.830, h_range=[5.21e+00, 2.83e+01], num_knots=1392
2025-09-06 12:57:19,657 - Iter 1800: obj=-1075.268978, change=6.54e-05, α=0.000, ‖θ[1:]‖₁=12.835, h_range=[5.21e+00, 2.83e+01], num_knots=1388
2025-09-06 12:57:19,738 - Iter 1810: obj=-1075.436667, change=6.46e-05, α=0.000, ‖θ[1:]‖₁=12.839, h_range=[5.20e+00, 2.83e+01], num_knots=1386
2025-09-06 12:57:19,833 - Iter 1820: obj=-1075.603257, change=7.22e-05, α=0.000, ‖θ[1:]‖₁=12.843, h_range=[5.20e+00, 2.83e+01], num_knots=1381
2025-09-06 12:57:19,923 - Iter 1830: obj=-1075.767529, change=6.45e-05, α=0.000, ‖θ[1:]‖₁=12.847, h_range=[5.20e+00, 2.83e+01], num_knots=1378
2025-09-06 12:57:20,003 - Iter 1840: obj=-1075.930581, change=6.25e-05, α=0.000, ‖θ[1:]‖₁=12.852, h_range=[5.20e+00, 2.83e+01], num_knots=1377
2025-09-06 12:57:20,102 - Iter 1850: obj=-1076.091898, change=6.28e-05, α=0.000, ‖θ[1:]‖₁=12.856, h_range=[5.20e+00, 2.83e+01], num_knots=1375
2025-09-06 12:57:20,189 - Iter 1860: obj=-1076.251898, change=6.49e-05, α=0.000, ‖θ[1:]‖₁=12.860, h_range=[5.19e+00, 2.83e+01], num_knots=1372
2025-09-06 12:57:20,275 - Iter 1870: obj=-1076.409998, change=6.08e-05, α=0.000, ‖θ[1:]‖₁=12.864, h_range=[5.19e+00, 2.83e+01], num_knots=1369
2025-09-06 12:57:20,354 - Iter 1880: obj=-1076.566763, change=5.92e-05, α=0.000, ‖θ[1:]‖₁=12.868, h_range=[5.19e+00, 2.83e+01], num_knots=1368
2025-09-06 12:57:20,448 - Iter 1890: obj=-1076.722779, change=6.00e-05, α=0.000, ‖θ[1:]‖₁=12.872, h_range=[5.19e+00, 2.83e+01], num_knots=1366
2025-09-06 12:57:20,549 - Iter 1900: obj=-1076.878109, change=6.08e-05, α=0.000, ‖θ[1:]‖₁=12.876, h_range=[5.19e+00, 2.83e+01], num_knots=1364
2025-09-06 12:57:20,646 - Iter 1910: obj=-1077.032527, change=5.71e-05, α=0.000, ‖θ[1:]‖₁=12.880, h_range=[5.18e+00, 2.83e+01], num_knots=1363
2025-09-06 12:57:20,746 - Iter 1920: obj=-1077.186057, change=5.87e-05, α=0.000, ‖θ[1:]‖₁=12.884, h_range=[5.18e+00, 2.83e+01], num_knots=1361
2025-09-06 12:57:20,834 - Iter 1930: obj=-1077.338696, change=5.89e-05, α=0.000, ‖θ[1:]‖₁=12.888, h_range=[5.18e+00, 2.83e+01], num_knots=1359
2025-09-06 12:57:20,929 - Iter 1940: obj=-1077.490036, change=5.67e-05, α=0.000, ‖θ[1:]‖₁=12.891, h_range=[5.18e+00, 2.83e+01], num_knots=1357
2025-09-06 12:57:21,029 - Iter 1950: obj=-1077.640630, change=5.53e-05, α=0.000, ‖θ[1:]‖₁=12.895, h_range=[5.17e+00, 2.83e+01], num_knots=1355
2025-09-06 12:57:21,141 - Iter 1960: obj=-1077.790065, change=5.27e-05, α=0.000, ‖θ[1:]‖₁=12.899, h_range=[5.17e+00, 2.83e+01], num_knots=1353
2025-09-06 12:57:21,226 - Iter 1970: obj=-1077.937763, change=5.47e-05, α=0.000, ‖θ[1:]‖₁=12.903, h_range=[5.17e+00, 2.83e+01], num_knots=1349
2025-09-06 12:57:21,301 - Iter 1980: obj=-1078.084350, change=5.31e-05, α=0.000, ‖θ[1:]‖₁=12.906, h_range=[5.17e+00, 2.83e+01], num_knots=1349
2025-09-06 12:57:21,387 - Iter 1990: obj=-1078.230503, change=5.24e-05, α=0.000, ‖θ[1:]‖₁=12.910, h_range=[5.17e+00, 2.83e+01], num_knots=1347
2025-09-06 12:57:21,472 - Iter 2000: obj=-1078.375960, change=5.16e-05, α=0.000, ‖θ[1:]‖₁=12.913, h_range=[5.16e+00, 2.83e+01], num_knots=1346
2025-09-06 12:57:21,561 - Iter 2010: obj=-1078.520216, change=5.58e-05, α=0.000, ‖θ[1:]‖₁=12.917, h_range=[5.16e+00, 2.83e+01], num_knots=1342
2025-09-06 12:57:21,648 - Iter 2020: obj=-1078.662436, change=5.51e-05, α=0.000, ‖θ[1:]‖₁=12.920, h_range=[5.16e+00, 2.83e+01], num_knots=1337
2025-09-06 12:57:21,724 - Iter 2030: obj=-1078.803760, change=5.35e-05, α=0.000, ‖θ[1:]‖₁=12.924, h_range=[5.16e+00, 2.83e+01], num_knots=1335
2025-09-06 12:57:21,814 - Iter 2040: obj=-1078.944081, change=5.23e-05, α=0.000, ‖θ[1:]‖₁=12.927, h_range=[5.16e+00, 2.83e+01], num_knots=1331
2025-09-06 12:57:21,896 - Iter 2050: obj=-1079.082771, change=5.16e-05, α=0.000, ‖θ[1:]‖₁=12.931, h_range=[5.16e+00, 2.83e+01], num_knots=1329
2025-09-06 12:57:21,990 - Iter 2060: obj=-1079.220803, change=5.38e-05, α=0.000, ‖θ[1:]‖₁=12.934, h_range=[5.15e+00, 2.83e+01], num_knots=1327
2025-09-06 12:57:22,082 - Iter 2070: obj=-1079.358227, change=5.48e-05, α=0.000, ‖θ[1:]‖₁=12.938, h_range=[5.15e+00, 2.83e+01], num_knots=1321
2025-09-06 12:57:22,175 - Iter 2080: obj=-1079.494178, change=5.05e-05, α=0.000, ‖θ[1:]‖₁=12.941, h_range=[5.15e+00, 2.83e+01], num_knots=1319
2025-09-06 12:57:22,273 - Iter 2090: obj=-1079.629615, change=4.96e-05, α=0.000, ‖θ[1:]‖₁=12.945, h_range=[5.15e+00, 2.83e+01], num_knots=1318
2025-09-06 12:57:22,353 - Iter 2100: obj=-1079.764452, change=5.02e-05, α=0.000, ‖θ[1:]‖₁=12.948, h_range=[5.15e+00, 2.83e+01], num_knots=1317
2025-09-06 12:57:22,450 - Iter 2110: obj=-1079.898443, change=4.80e-05, α=0.000, ‖θ[1:]‖₁=12.951, h_range=[5.15e+00, 2.83e+01], num_knots=1314
2025-09-06 12:57:22,543 - Iter 2120: obj=-1080.031585, change=4.59e-05, α=0.000, ‖θ[1:]‖₁=12.955, h_range=[5.14e+00, 2.83e+01], num_knots=1313
2025-09-06 12:57:22,621 - Iter 2130: obj=-1080.163606, change=4.78e-05, α=0.000, ‖θ[1:]‖₁=12.958, h_range=[5.14e+00, 2.83e+01], num_knots=1311
2025-09-06 12:57:22,702 - Iter 2140: obj=-1080.294687, change=4.90e-05, α=0.000, ‖θ[1:]‖₁=12.961, h_range=[5.14e+00, 2.83e+01], num_knots=1308
2025-09-06 12:57:22,790 - Iter 2150: obj=-1080.424738, change=5.19e-05, α=0.000, ‖θ[1:]‖₁=12.965, h_range=[5.14e+00, 2.83e+01], num_knots=1304
2025-09-06 12:57:22,878 - Iter 2160: obj=-1080.553416, change=5.33e-05, α=0.000, ‖θ[1:]‖₁=12.968, h_range=[5.14e+00, 2.83e+01], num_knots=1301
2025-09-06 12:57:22,985 - Iter 2170: obj=-1080.680861, change=6.39e-05, α=0.000, ‖θ[1:]‖₁=12.971, h_range=[5.14e+00, 2.83e+01], num_knots=1298
2025-09-06 12:57:23,093 - Iter 2180: obj=-1080.806938, change=5.96e-05, α=0.000, ‖θ[1:]‖₁=12.974, h_range=[5.13e+00, 2.83e+01], num_knots=1298
2025-09-06 12:57:23,161 - Iter 2190: obj=-1080.932683, change=5.82e-05, α=0.000, ‖θ[1:]‖₁=12.978, h_range=[5.13e+00, 2.83e+01], num_knots=1296
2025-09-06 12:57:23,306 - Iter 2200: obj=-1081.057988, change=5.40e-05, α=0.000, ‖θ[1:]‖₁=12.981, h_range=[5.13e+00, 2.83e+01], num_knots=1295
2025-09-06 12:57:23,397 - Iter 2210: obj=-1081.182649, change=5.39e-05, α=0.000, ‖θ[1:]‖₁=12.984, h_range=[5.13e+00, 2.83e+01], num_knots=1295
2025-09-06 12:57:23,473 - Iter 2220: obj=-1081.306874, change=5.25e-05, α=0.000, ‖θ[1:]‖₁=12.987, h_range=[5.13e+00, 2.83e+01], num_knots=1293
2025-09-06 12:57:23,561 - Iter 2230: obj=-1081.430132, change=5.07e-05, α=0.000, ‖θ[1:]‖₁=12.990, h_range=[5.13e+00, 2.83e+01], num_knots=1291
2025-09-06 12:57:23,641 - Iter 2240: obj=-1081.552728, change=5.22e-05, α=0.000, ‖θ[1:]‖₁=12.993, h_range=[5.13e+00, 2.83e+01], num_knots=1289
2025-09-06 12:57:23,729 - Iter 2250: obj=-1081.674477, change=5.16e-05, α=0.000, ‖θ[1:]‖₁=12.996, h_range=[5.12e+00, 2.83e+01], num_knots=1285
2025-09-06 12:57:23,816 - Iter 2260: obj=-1081.795722, change=5.36e-05, α=0.000, ‖θ[1:]‖₁=12.999, h_range=[5.12e+00, 2.83e+01], num_knots=1283
2025-09-06 12:57:23,917 - Iter 2270: obj=-1081.916438, change=5.13e-05, α=0.000, ‖θ[1:]‖₁=13.001, h_range=[5.12e+00, 2.83e+01], num_knots=1282
2025-09-06 12:57:23,994 - Iter 2280: obj=-1082.035393, change=5.05e-05, α=0.000, ‖θ[1:]‖₁=13.004, h_range=[5.12e+00, 2.83e+01], num_knots=1275
2025-09-06 12:57:24,091 - Iter 2290: obj=-1082.152904, change=4.87e-05, α=0.000, ‖θ[1:]‖₁=13.008, h_range=[5.12e+00, 2.83e+01], num_knots=1274
2025-09-06 12:57:24,193 - Iter 2300: obj=-1082.269890, change=4.63e-05, α=0.000, ‖θ[1:]‖₁=13.011, h_range=[5.12e+00, 2.83e+01], num_knots=1272
2025-09-06 12:57:24,277 - Iter 2310: obj=-1082.386101, change=4.64e-05, α=0.000, ‖θ[1:]‖₁=13.014, h_range=[5.11e+00, 2.83e+01], num_knots=1271
2025-09-06 12:57:24,363 - Iter 2320: obj=-1082.502010, change=4.23e-05, α=0.000, ‖θ[1:]‖₁=13.016, h_range=[5.11e+00, 2.83e+01], num_knots=1269
2025-09-06 12:57:24,456 - Iter 2330: obj=-1082.617092, change=4.97e-05, α=0.000, ‖θ[1:]‖₁=13.019, h_range=[5.11e+00, 2.83e+01], num_knots=1267
2025-09-06 12:57:24,543 - Iter 2340: obj=-1082.731384, change=4.80e-05, α=0.000, ‖θ[1:]‖₁=13.022, h_range=[5.11e+00, 2.83e+01], num_knots=1266
2025-09-06 12:57:24,617 - Iter 2350: obj=-1082.845330, change=4.71e-05, α=0.000, ‖θ[1:]‖₁=13.025, h_range=[5.11e+00, 2.83e+01], num_knots=1265
2025-09-06 12:57:24,712 - Iter 2360: obj=-1082.959024, change=4.81e-05, α=0.000, ‖θ[1:]‖₁=13.028, h_range=[5.11e+00, 2.83e+01], num_knots=1264
2025-09-06 12:57:24,791 - Iter 2370: obj=-1083.071785, change=4.73e-05, α=0.000, ‖θ[1:]‖₁=13.030, h_range=[5.11e+00, 2.83e+01], num_knots=1261
2025-09-06 12:57:24,871 - Iter 2380: obj=-1083.183599, change=4.51e-05, α=0.000, ‖θ[1:]‖₁=13.033, h_range=[5.11e+00, 2.83e+01], num_knots=1256
2025-09-06 12:57:24,956 - Iter 2390: obj=-1083.294621, change=4.45e-05, α=0.000, ‖θ[1:]‖₁=13.036, h_range=[5.10e+00, 2.83e+01], num_knots=1256
2025-09-06 12:57:25,035 - Iter 2400: obj=-1083.405328, change=4.55e-05, α=0.000, ‖θ[1:]‖₁=13.038, h_range=[5.10e+00, 2.83e+01], num_knots=1254
2025-09-06 12:57:25,116 - Iter 2410: obj=-1083.515530, change=4.39e-05, α=0.000, ‖θ[1:]‖₁=13.041, h_range=[5.10e+00, 2.83e+01], num_knots=1253
2025-09-06 12:57:25,197 - Iter 2420: obj=-1083.625069, change=4.70e-05, α=0.000, ‖θ[1:]‖₁=13.044, h_range=[5.10e+00, 2.83e+01], num_knots=1249
2025-09-06 12:57:25,299 - Iter 2430: obj=-1083.733019, change=4.88e-05, α=0.000, ‖θ[1:]‖₁=13.046, h_range=[5.10e+00, 2.83e+01], num_knots=1247
2025-09-06 12:57:25,380 - Iter 2440: obj=-1083.840496, change=4.86e-05, α=0.000, ‖θ[1:]‖₁=13.049, h_range=[5.10e+00, 2.83e+01], num_knots=1247
2025-09-06 12:57:25,468 - Iter 2450: obj=-1083.947734, change=4.72e-05, α=0.000, ‖θ[1:]‖₁=13.052, h_range=[5.10e+00, 2.83e+01], num_knots=1246
2025-09-06 12:57:25,552 - Iter 2460: obj=-1084.054633, change=4.73e-05, α=0.000, ‖θ[1:]‖₁=13.054, h_range=[5.10e+00, 2.83e+01], num_knots=1244
2025-09-06 12:57:25,628 - Iter 2470: obj=-1084.160960, change=5.07e-05, α=0.000, ‖θ[1:]‖₁=13.057, h_range=[5.09e+00, 2.83e+01], num_knots=1243
2025-09-06 12:57:25,720 - Iter 2480: obj=-1084.266901, change=4.99e-05, α=0.000, ‖θ[1:]‖₁=13.059, h_range=[5.09e+00, 2.83e+01], num_knots=1242
2025-09-06 12:57:25,801 - Iter 2490: obj=-1084.372322, change=5.08e-05, α=0.000, ‖θ[1:]‖₁=13.061, h_range=[5.09e+00, 2.83e+01], num_knots=1239
2025-09-06 12:57:25,896 - Iter 2500: obj=-1084.477107, change=4.90e-05, α=0.000, ‖θ[1:]‖₁=13.064, h_range=[5.09e+00, 2.83e+01], num_knots=1238
2025-09-06 12:57:25,980 - Iter 2510: obj=-1084.581289, change=4.68e-05, α=0.000, ‖θ[1:]‖₁=13.066, h_range=[5.09e+00, 2.83e+01], num_knots=1235
2025-09-06 12:57:26,072 - Iter 2520: obj=-1084.684602, change=4.55e-05, α=0.000, ‖θ[1:]‖₁=13.069, h_range=[5.09e+00, 2.83e+01], num_knots=1232
2025-09-06 12:57:26,181 - Iter 2530: obj=-1084.787432, change=4.36e-05, α=0.000, ‖θ[1:]‖₁=13.071, h_range=[5.09e+00, 2.83e+01], num_knots=1232
2025-09-06 12:57:26,274 - Iter 2540: obj=-1084.890087, change=4.23e-05, α=0.000, ‖θ[1:]‖₁=13.073, h_range=[5.09e+00, 2.83e+01], num_knots=1232
2025-09-06 12:57:26,395 - Iter 2550: obj=-1084.992310, change=4.06e-05, α=0.000, ‖θ[1:]‖₁=13.076, h_range=[5.09e+00, 2.83e+01], num_knots=1230
2025-09-06 12:57:26,516 - Iter 2560: obj=-1085.093749, change=4.05e-05, α=0.000, ‖θ[1:]‖₁=13.078, h_range=[5.08e+00, 2.83e+01], num_knots=1228
2025-09-06 12:57:26,634 - Iter 2570: obj=-1085.194408, change=3.95e-05, α=0.000, ‖θ[1:]‖₁=13.080, h_range=[5.08e+00, 2.83e+01], num_knots=1227
2025-09-06 12:57:26,741 - Iter 2580: obj=-1085.294525, change=4.36e-05, α=0.000, ‖θ[1:]‖₁=13.083, h_range=[5.08e+00, 2.83e+01], num_knots=1224
2025-09-06 12:57:26,819 - Iter 2590: obj=-1085.393727, change=4.47e-05, α=0.000, ‖θ[1:]‖₁=13.085, h_range=[5.08e+00, 2.83e+01], num_knots=1223
2025-09-06 12:57:26,904 - Iter 2600: obj=-1085.492407, change=4.33e-05, α=0.000, ‖θ[1:]‖₁=13.087, h_range=[5.08e+00, 2.83e+01], num_knots=1221
2025-09-06 12:57:26,996 - Iter 2610: obj=-1085.590416, change=4.28e-05, α=0.000, ‖θ[1:]‖₁=13.090, h_range=[5.08e+00, 2.83e+01], num_knots=1217
2025-09-06 12:57:27,084 - Iter 2620: obj=-1085.687893, change=4.31e-05, α=0.000, ‖θ[1:]‖₁=13.092, h_range=[5.08e+00, 2.83e+01], num_knots=1216
2025-09-06 12:57:27,162 - Iter 2630: obj=-1085.785155, change=4.26e-05, α=0.000, ‖θ[1:]‖₁=13.094, h_range=[5.08e+00, 2.83e+01], num_knots=1215
2025-09-06 12:57:27,239 - Iter 2640: obj=-1085.881890, change=4.07e-05, α=0.000, ‖θ[1:]‖₁=13.096, h_range=[5.08e+00, 2.83e+01], num_knots=1214
2025-09-06 12:57:27,320 - Iter 2650: obj=-1085.978432, change=3.88e-05, α=0.000, ‖θ[1:]‖₁=13.099, h_range=[5.08e+00, 2.83e+01], num_knots=1213
2025-09-06 12:57:27,430 - Iter 2660: obj=-1086.074566, change=3.65e-05, α=0.000, ‖θ[1:]‖₁=13.101, h_range=[5.07e+00, 2.83e+01], num_knots=1209
2025-09-06 12:57:27,558 - Iter 2670: obj=-1086.170218, change=3.70e-05, α=0.000, ‖θ[1:]‖₁=13.103, h_range=[5.07e+00, 2.83e+01], num_knots=1209
2025-09-06 12:57:27,655 - Iter 2680: obj=-1086.265741, change=3.68e-05, α=0.000, ‖θ[1:]‖₁=13.105, h_range=[5.07e+00, 2.83e+01], num_knots=1209
2025-09-06 12:57:27,779 - Iter 2690: obj=-1086.361079, change=3.64e-05, α=0.000, ‖θ[1:]‖₁=13.107, h_range=[5.07e+00, 2.83e+01], num_knots=1208
2025-09-06 12:57:27,873 - Iter 2700: obj=-1086.456139, change=3.56e-05, α=0.000, ‖θ[1:]‖₁=13.109, h_range=[5.07e+00, 2.83e+01], num_knots=1207
2025-09-06 12:57:27,959 - Iter 2710: obj=-1086.550892, change=3.57e-05, α=0.000, ‖θ[1:]‖₁=13.111, h_range=[5.07e+00, 2.83e+01], num_knots=1207
2025-09-06 12:57:28,043 - Iter 2720: obj=-1086.645240, change=3.89e-05, α=0.000, ‖θ[1:]‖₁=13.113, h_range=[5.07e+00, 2.83e+01], num_knots=1203
2025-09-06 12:57:28,121 - Iter 2730: obj=-1086.738984, change=3.77e-05, α=0.000, ‖θ[1:]‖₁=13.115, h_range=[5.07e+00, 2.83e+01], num_knots=1199
2025-09-06 12:57:28,215 - Iter 2740: obj=-1086.832156, change=3.69e-05, α=0.000, ‖θ[1:]‖₁=13.117, h_range=[5.07e+00, 2.83e+01], num_knots=1199
2025-09-06 12:57:28,318 - Iter 2750: obj=-1086.924260, change=4.58e-05, α=0.000, ‖θ[1:]‖₁=13.119, h_range=[5.07e+00, 2.83e+01], num_knots=1196
2025-09-06 12:57:28,396 - Iter 2760: obj=-1087.015452, change=4.68e-05, α=0.000, ‖θ[1:]‖₁=13.121, h_range=[5.07e+00, 2.83e+01], num_knots=1194
2025-09-06 12:57:28,489 - Iter 2770: obj=-1087.106229, change=4.45e-05, α=0.000, ‖θ[1:]‖₁=13.123, h_range=[5.07e+00, 2.83e+01], num_knots=1191
2025-09-06 12:57:28,570 - Iter 2780: obj=-1087.196486, change=4.71e-05, α=0.000, ‖θ[1:]‖₁=13.125, h_range=[5.06e+00, 2.83e+01], num_knots=1189
2025-09-06 12:57:28,650 - Iter 2790: obj=-1087.286467, change=4.45e-05, α=0.000, ‖θ[1:]‖₁=13.127, h_range=[5.06e+00, 2.83e+01], num_knots=1189
2025-09-06 12:57:28,741 - Iter 2800: obj=-1087.376176, change=4.82e-05, α=0.000, ‖θ[1:]‖₁=13.129, h_range=[5.06e+00, 2.83e+01], num_knots=1185
2025-09-06 12:57:28,835 - Iter 2810: obj=-1087.464838, change=4.93e-05, α=0.000, ‖θ[1:]‖₁=13.132, h_range=[5.06e+00, 2.83e+01], num_knots=1183
2025-09-06 12:57:28,912 - Iter 2820: obj=-1087.552832, change=4.46e-05, α=0.000, ‖θ[1:]‖₁=13.134, h_range=[5.06e+00, 2.83e+01], num_knots=1182
2025-09-06 12:57:28,996 - Iter 2830: obj=-1087.640413, change=4.36e-05, α=0.000, ‖θ[1:]‖₁=13.136, h_range=[5.06e+00, 2.83e+01], num_knots=1179
2025-09-06 12:57:29,101 - Iter 2840: obj=-1087.727474, change=4.12e-05, α=0.000, ‖θ[1:]‖₁=13.138, h_range=[5.06e+00, 2.83e+01], num_knots=1177
2025-09-06 12:57:29,202 - Iter 2850: obj=-1087.814130, change=4.20e-05, α=0.000, ‖θ[1:]‖₁=13.140, h_range=[5.06e+00, 2.83e+01], num_knots=1175
2025-09-06 12:57:29,317 - Iter 2860: obj=-1087.900315, change=3.94e-05, α=0.000, ‖θ[1:]‖₁=13.142, h_range=[5.06e+00, 2.83e+01], num_knots=1175
2025-09-06 12:57:29,405 - Iter 2870: obj=-1087.986394, change=3.81e-05, α=0.000, ‖θ[1:]‖₁=13.144, h_range=[5.06e+00, 2.83e+01], num_knots=1173
2025-09-06 12:57:29,514 - Iter 2880: obj=-1088.072238, change=3.72e-05, α=0.000, ‖θ[1:]‖₁=13.146, h_range=[5.06e+00, 2.83e+01], num_knots=1173
2025-09-06 12:57:29,646 - Iter 2890: obj=-1088.157970, change=3.64e-05, α=0.000, ‖θ[1:]‖₁=13.148, h_range=[5.05e+00, 2.83e+01], num_knots=1173
2025-09-06 12:57:29,730 - Iter 2900: obj=-1088.243113, change=3.97e-05, α=0.000, ‖θ[1:]‖₁=13.149, h_range=[5.05e+00, 2.83e+01], num_knots=1169
2025-09-06 12:57:29,822 - Iter 2910: obj=-1088.327494, change=3.92e-05, α=0.000, ‖θ[1:]‖₁=13.151, h_range=[5.05e+00, 2.83e+01], num_knots=1168
2025-09-06 12:57:29,903 - Iter 2920: obj=-1088.411236, change=3.80e-05, α=0.000, ‖θ[1:]‖₁=13.153, h_range=[5.05e+00, 2.83e+01], num_knots=1167
2025-09-06 12:57:30,014 - Iter 2930: obj=-1088.494632, change=3.75e-05, α=0.000, ‖θ[1:]‖₁=13.155, h_range=[5.05e+00, 2.83e+01], num_knots=1165
2025-09-06 12:57:30,087 - Iter 2940: obj=-1088.577782, change=3.66e-05, α=0.000, ‖θ[1:]‖₁=13.157, h_range=[5.05e+00, 2.83e+01], num_knots=1163
2025-09-06 12:57:30,166 - Iter 2950: obj=-1088.660546, change=3.51e-05, α=0.000, ‖θ[1:]‖₁=13.159, h_range=[5.05e+00, 2.83e+01], num_knots=1163
2025-09-06 12:57:30,242 - Iter 2960: obj=-1088.743206, change=3.42e-05, α=0.000, ‖θ[1:]‖₁=13.161, h_range=[5.05e+00, 2.83e+01], num_knots=1163
2025-09-06 12:57:30,324 - Iter 2970: obj=-1088.825622, change=3.36e-05, α=0.000, ‖θ[1:]‖₁=13.163, h_range=[5.05e+00, 2.83e+01], num_knots=1160
2025-09-06 12:57:30,416 - Iter 2980: obj=-1088.907611, change=3.23e-05, α=0.000, ‖θ[1:]‖₁=13.164, h_range=[5.05e+00, 2.83e+01], num_knots=1159
2025-09-06 12:57:30,514 - Iter 2990: obj=-1088.988912, change=3.77e-05, α=0.000, ‖θ[1:]‖₁=13.166, h_range=[5.04e+00, 2.83e+01], num_knots=1157
2025-09-06 12:57:30,600 - Iter 3000: obj=-1089.069925, change=3.63e-05, α=0.000, ‖θ[1:]‖₁=13.168, h_range=[5.04e+00, 2.83e+01], num_knots=1157
2025-09-06 12:57:30,683 - Iter 3010: obj=-1089.150407, change=3.73e-05, α=0.000, ‖θ[1:]‖₁=13.170, h_range=[5.04e+00, 2.83e+01], num_knots=1153
2025-09-06 12:57:30,787 - Iter 3020: obj=-1089.230400, change=3.35e-05, α=0.000, ‖θ[1:]‖₁=13.172, h_range=[5.04e+00, 2.83e+01], num_knots=1151
2025-09-06 12:57:30,886 - Iter 3030: obj=-1089.309657, change=3.49e-05, α=0.000, ‖θ[1:]‖₁=13.174, h_range=[5.04e+00, 2.83e+01], num_knots=1150
2025-09-06 12:57:30,975 - Iter 3040: obj=-1089.388693, change=3.44e-05, α=0.000, ‖θ[1:]‖₁=13.175, h_range=[5.04e+00, 2.83e+01], num_knots=1150
2025-09-06 12:57:31,067 - Iter 3050: obj=-1089.467646, change=3.35e-05, α=0.000, ‖θ[1:]‖₁=13.177, h_range=[5.04e+00, 2.83e+01], num_knots=1150
2025-09-06 12:57:31,149 - Iter 3060: obj=-1089.546517, change=3.29e-05, α=0.000, ‖θ[1:]‖₁=13.179, h_range=[5.04e+00, 2.83e+01], num_knots=1149
2025-09-06 12:57:31,229 - Iter 3070: obj=-1089.625121, change=3.20e-05, α=0.000, ‖θ[1:]‖₁=13.180, h_range=[5.04e+00, 2.83e+01], num_knots=1148
2025-09-06 12:57:31,316 - Iter 3080: obj=-1089.703458, change=3.37e-05, α=0.000, ‖θ[1:]‖₁=13.182, h_range=[5.04e+00, 2.83e+01], num_knots=1147
2025-09-06 12:57:31,396 - Iter 3090: obj=-1089.781635, change=3.25e-05, α=0.000, ‖θ[1:]‖₁=13.184, h_range=[5.04e+00, 2.83e+01], num_knots=1147
2025-09-06 12:57:31,476 - Iter 3100: obj=-1089.859693, change=3.22e-05, α=0.000, ‖θ[1:]‖₁=13.185, h_range=[5.04e+00, 2.83e+01], num_knots=1145
2025-09-06 12:57:31,550 - Iter 3110: obj=-1089.937307, change=3.08e-05, α=0.000, ‖θ[1:]‖₁=13.187, h_range=[5.04e+00, 2.83e+01], num_knots=1143
2025-09-06 12:57:31,644 - Iter 3120: obj=-1090.014738, change=2.99e-05, α=0.000, ‖θ[1:]‖₁=13.188, h_range=[5.03e+00, 2.83e+01], num_knots=1143
2025-09-06 12:57:31,734 - Iter 3130: obj=-1090.091770, change=2.85e-05, α=0.000, ‖θ[1:]‖₁=13.190, h_range=[5.03e+00, 2.83e+01], num_knots=1140
2025-09-06 12:57:31,842 - Iter 3140: obj=-1090.168337, change=2.71e-05, α=0.000, ‖θ[1:]‖₁=13.192, h_range=[5.03e+00, 2.83e+01], num_knots=1139
2025-09-06 12:57:31,937 - Iter 3150: obj=-1090.244737, change=2.88e-05, α=0.000, ‖θ[1:]‖₁=13.193, h_range=[5.03e+00, 2.83e+01], num_knots=1137
2025-09-06 12:57:32,033 - Iter 3160: obj=-1090.320412, change=3.45e-05, α=0.000, ‖θ[1:]‖₁=13.195, h_range=[5.03e+00, 2.83e+01], num_knots=1135
2025-09-06 12:57:32,159 - Iter 3170: obj=-1090.395427, change=3.58e-05, α=0.000, ‖θ[1:]‖₁=13.197, h_range=[5.03e+00, 2.83e+01], num_knots=1132
2025-09-06 12:57:32,242 - Iter 3180: obj=-1090.470027, change=3.38e-05, α=0.000, ‖θ[1:]‖₁=13.198, h_range=[5.03e+00, 2.83e+01], num_knots=1131
2025-09-06 12:57:32,342 - Iter 3190: obj=-1090.544489, change=3.19e-05, α=0.000, ‖θ[1:]‖₁=13.200, h_range=[5.03e+00, 2.83e+01], num_knots=1131
2025-09-06 12:57:32,442 - Iter 3200: obj=-1090.618854, change=3.06e-05, α=0.000, ‖θ[1:]‖₁=13.201, h_range=[5.03e+00, 2.83e+01], num_knots=1130
2025-09-06 12:57:32,529 - Iter 3210: obj=-1090.693122, change=3.00e-05, α=0.000, ‖θ[1:]‖₁=13.203, h_range=[5.03e+00, 2.83e+01], num_knots=1130
2025-09-06 12:57:32,616 - Iter 3220: obj=-1090.767324, change=2.92e-05, α=0.000, ‖θ[1:]‖₁=13.204, h_range=[5.03e+00, 2.83e+01], num_knots=1130
2025-09-06 12:57:32,702 - Iter 3230: obj=-1090.841440, change=2.89e-05, α=0.000, ‖θ[1:]‖₁=13.206, h_range=[5.03e+00, 2.83e+01], num_knots=1129
2025-09-06 12:57:32,791 - Iter 3240: obj=-1090.915416, change=2.71e-05, α=0.000, ‖θ[1:]‖₁=13.207, h_range=[5.03e+00, 2.83e+01], num_knots=1128
2025-09-06 12:57:32,876 - Iter 3250: obj=-1090.989179, change=2.74e-05, α=0.000, ‖θ[1:]‖₁=13.209, h_range=[5.03e+00, 2.83e+01], num_knots=1127
2025-09-06 12:57:32,957 - Iter 3260: obj=-1091.062817, change=2.65e-05, α=0.000, ‖θ[1:]‖₁=13.210, h_range=[5.03e+00, 2.83e+01], num_knots=1127
2025-09-06 12:57:33,061 - Iter 3270: obj=-1091.136393, change=2.64e-05, α=0.000, ‖θ[1:]‖₁=13.211, h_range=[5.02e+00, 2.83e+01], num_knots=1126
2025-09-06 12:57:33,139 - Iter 3280: obj=-1091.209737, change=2.56e-05, α=0.000, ‖θ[1:]‖₁=13.213, h_range=[5.02e+00, 2.83e+01], num_knots=1126
2025-09-06 12:57:33,226 - Iter 3290: obj=-1091.282911, change=2.52e-05, α=0.000, ‖θ[1:]‖₁=13.214, h_range=[5.02e+00, 2.83e+01], num_knots=1125
2025-09-06 12:57:33,310 - Iter 3300: obj=-1091.355943, change=2.47e-05, α=0.000, ‖θ[1:]‖₁=13.215, h_range=[5.02e+00, 2.83e+01], num_knots=1125
2025-09-06 12:57:33,403 - Iter 3310: obj=-1091.428754, change=2.61e-05, α=0.000, ‖θ[1:]‖₁=13.217, h_range=[5.02e+00, 2.83e+01], num_knots=1123
2025-09-06 12:57:33,488 - Iter 3320: obj=-1091.501197, change=2.83e-05, α=0.000, ‖θ[1:]‖₁=13.218, h_range=[5.02e+00, 2.83e+01], num_knots=1120
2025-09-06 12:57:33,567 - Iter 3330: obj=-1091.572852, change=3.78e-05, α=0.000, ‖θ[1:]‖₁=13.219, h_range=[5.02e+00, 2.83e+01], num_knots=1116
2025-09-06 12:57:33,653 - Iter 3340: obj=-1091.643749, change=3.45e-05, α=0.000, ‖θ[1:]‖₁=13.221, h_range=[5.02e+00, 2.83e+01], num_knots=1114
2025-09-06 12:57:33,735 - Iter 3350: obj=-1091.714231, change=3.22e-05, α=0.000, ‖θ[1:]‖₁=13.222, h_range=[5.02e+00, 2.83e+01], num_knots=1113
2025-09-06 12:57:33,837 - Iter 3360: obj=-1091.784433, change=3.17e-05, α=0.000, ‖θ[1:]‖₁=13.224, h_range=[5.02e+00, 2.83e+01], num_knots=1113
2025-09-06 12:57:33,923 - Iter 3370: obj=-1091.854576, change=3.05e-05, α=0.000, ‖θ[1:]‖₁=13.225, h_range=[5.02e+00, 2.83e+01], num_knots=1112
2025-09-06 12:57:34,000 - Iter 3380: obj=-1091.924262, change=2.91e-05, α=0.000, ‖θ[1:]‖₁=13.227, h_range=[5.02e+00, 2.83e+01], num_knots=1110
2025-09-06 12:57:34,083 - Iter 3390: obj=-1091.993585, change=2.86e-05, α=0.000, ‖θ[1:]‖₁=13.228, h_range=[5.02e+00, 2.83e+01], num_knots=1110
2025-09-06 12:57:34,203 - Iter 3400: obj=-1092.062769, change=2.80e-05, α=0.000, ‖θ[1:]‖₁=13.229, h_range=[5.02e+00, 2.83e+01], num_knots=1109
2025-09-06 12:57:34,297 - Iter 3410: obj=-1092.131829, change=2.71e-05, α=0.000, ‖θ[1:]‖₁=13.231, h_range=[5.02e+00, 2.83e+01], num_knots=1108
2025-09-06 12:57:34,393 - Iter 3420: obj=-1092.200590, change=2.56e-05, α=0.000, ‖θ[1:]‖₁=13.232, h_range=[5.02e+00, 2.83e+01], num_knots=1106
2025-09-06 12:57:34,479 - Iter 3430: obj=-1092.269139, change=2.73e-05, α=0.000, ‖θ[1:]‖₁=13.234, h_range=[5.01e+00, 2.83e+01], num_knots=1105
2025-09-06 12:57:34,594 - Iter 3440: obj=-1092.337503, change=2.38e-05, α=0.000, ‖θ[1:]‖₁=13.235, h_range=[5.01e+00, 2.83e+01], num_knots=1101
2025-09-06 12:57:34,678 - Iter 3450: obj=-1092.405325, change=2.47e-05, α=0.000, ‖θ[1:]‖₁=13.236, h_range=[5.01e+00, 2.83e+01], num_knots=1101
2025-09-06 12:57:34,779 - Iter 3460: obj=-1092.472925, change=2.42e-05, α=0.000, ‖θ[1:]‖₁=13.238, h_range=[5.01e+00, 2.83e+01], num_knots=1097
2025-09-06 12:57:34,868 - Iter 3470: obj=-1092.540069, change=2.41e-05, α=0.000, ‖θ[1:]‖₁=13.239, h_range=[5.01e+00, 2.83e+01], num_knots=1097
2025-09-06 12:57:34,957 - Iter 3480: obj=-1092.607142, change=2.84e-05, α=0.000, ‖θ[1:]‖₁=13.241, h_range=[5.01e+00, 2.83e+01], num_knots=1096
2025-09-06 12:57:35,039 - Iter 3490: obj=-1092.673887, change=2.54e-05, α=0.000, ‖θ[1:]‖₁=13.242, h_range=[5.01e+00, 2.83e+01], num_knots=1094
2025-09-06 12:57:35,122 - Iter 3500: obj=-1092.740108, change=2.61e-05, α=0.000, ‖θ[1:]‖₁=13.243, h_range=[5.01e+00, 2.83e+01], num_knots=1091
2025-09-06 12:57:35,224 - Iter 3510: obj=-1092.805639, change=2.56e-05, α=0.000, ‖θ[1:]‖₁=13.245, h_range=[5.01e+00, 2.83e+01], num_knots=1090
2025-09-06 12:57:35,337 - Iter 3520: obj=-1092.871071, change=2.48e-05, α=0.000, ‖θ[1:]‖₁=13.246, h_range=[5.01e+00, 2.83e+01], num_knots=1090
2025-09-06 12:57:35,430 - Iter 3530: obj=-1092.936371, change=2.27e-05, α=0.000, ‖θ[1:]‖₁=13.248, h_range=[5.01e+00, 2.83e+01], num_knots=1089
2025-09-06 12:57:35,513 - Iter 3540: obj=-1093.001254, change=2.88e-05, α=0.000, ‖θ[1:]‖₁=13.249, h_range=[5.01e+00, 2.83e+01], num_knots=1087
2025-09-06 12:57:35,612 - Iter 3550: obj=-1093.065833, change=2.88e-05, α=0.000, ‖θ[1:]‖₁=13.251, h_range=[5.01e+00, 2.83e+01], num_knots=1085
2025-09-06 12:57:35,691 - Iter 3560: obj=-1093.130154, change=2.72e-05, α=0.000, ‖θ[1:]‖₁=13.252, h_range=[5.01e+00, 2.83e+01], num_knots=1085
2025-09-06 12:57:35,779 - Iter 3570: obj=-1093.194407, change=2.89e-05, α=0.000, ‖θ[1:]‖₁=13.253, h_range=[5.00e+00, 2.83e+01], num_knots=1084
2025-09-06 12:57:35,876 - Iter 3580: obj=-1093.258358, change=2.74e-05, α=0.000, ‖θ[1:]‖₁=13.255, h_range=[5.00e+00, 2.83e+01], num_knots=1082
2025-09-06 12:57:35,986 - Iter 3590: obj=-1093.322108, change=2.67e-05, α=0.000, ‖θ[1:]‖₁=13.256, h_range=[5.00e+00, 2.83e+01], num_knots=1081
2025-09-06 12:57:36,074 - Iter 3600: obj=-1093.385500, change=2.60e-05, α=0.000, ‖θ[1:]‖₁=13.257, h_range=[5.00e+00, 2.83e+01], num_knots=1079
2025-09-06 12:57:36,157 - Iter 3610: obj=-1093.448799, change=2.49e-05, α=0.000, ‖θ[1:]‖₁=13.259, h_range=[5.00e+00, 2.83e+01], num_knots=1079
2025-09-06 12:57:36,241 - Iter 3620: obj=-1093.511759, change=2.50e-05, α=0.000, ‖θ[1:]‖₁=13.260, h_range=[5.00e+00, 2.83e+01], num_knots=1076
2025-09-06 12:57:36,327 - Iter 3630: obj=-1093.574529, change=2.32e-05, α=0.000, ‖θ[1:]‖₁=13.261, h_range=[5.00e+00, 2.83e+01], num_knots=1075
2025-09-06 12:57:36,429 - Iter 3640: obj=-1093.637165, change=2.10e-05, α=0.000, ‖θ[1:]‖₁=13.262, h_range=[5.00e+00, 2.83e+01], num_knots=1073
2025-09-06 12:57:36,510 - Iter 3650: obj=-1093.699483, change=2.19e-05, α=0.000, ‖θ[1:]‖₁=13.264, h_range=[5.00e+00, 2.83e+01], num_knots=1073
2025-09-06 12:57:36,621 - Iter 3660: obj=-1093.761719, change=2.29e-05, α=0.000, ‖θ[1:]‖₁=13.265, h_range=[5.00e+00, 2.83e+01], num_knots=1071
2025-09-06 12:57:36,710 - Iter 3670: obj=-1093.823554, change=2.36e-05, α=0.000, ‖θ[1:]‖₁=13.266, h_range=[5.00e+00, 2.83e+01], num_knots=1070
2025-09-06 12:57:36,790 - Iter 3680: obj=-1093.885238, change=2.20e-05, α=0.000, ‖θ[1:]‖₁=13.267, h_range=[5.00e+00, 2.83e+01], num_knots=1070
2025-09-06 12:57:36,884 - Iter 3690: obj=-1093.946880, change=2.11e-05, α=0.000, ‖θ[1:]‖₁=13.269, h_range=[5.00e+00, 2.83e+01], num_knots=1070
2025-09-06 12:57:36,968 - Iter 3700: obj=-1094.008432, change=3.02e-05, α=0.000, ‖θ[1:]‖₁=13.270, h_range=[5.00e+00, 2.83e+01], num_knots=1067
2025-09-06 12:57:37,080 - Iter 3710: obj=-1094.069428, change=2.76e-05, α=0.000, ‖θ[1:]‖₁=13.271, h_range=[5.00e+00, 2.83e+01], num_knots=1067
2025-09-06 12:57:37,168 - Iter 3720: obj=-1094.130347, change=2.56e-05, α=0.000, ‖θ[1:]‖₁=13.272, h_range=[5.00e+00, 2.83e+01], num_knots=1066
2025-09-06 12:57:37,253 - Iter 3730: obj=-1094.191100, change=2.49e-05, α=0.000, ‖θ[1:]‖₁=13.273, h_range=[5.00e+00, 2.83e+01], num_knots=1065
2025-09-06 12:57:37,327 - Iter 3740: obj=-1094.251710, change=2.41e-05, α=0.000, ‖θ[1:]‖₁=13.275, h_range=[4.99e+00, 2.83e+01], num_knots=1063
2025-09-06 12:57:37,422 - Iter 3750: obj=-1094.311962, change=2.37e-05, α=0.000, ‖θ[1:]‖₁=13.276, h_range=[4.99e+00, 2.83e+01], num_knots=1063
2025-09-06 12:57:37,533 - Iter 3760: obj=-1094.372156, change=2.34e-05, α=0.000, ‖θ[1:]‖₁=13.277, h_range=[4.99e+00, 2.83e+01], num_knots=1061
2025-09-06 12:57:37,612 - Iter 3770: obj=-1094.431843, change=2.25e-05, α=0.000, ‖θ[1:]‖₁=13.278, h_range=[4.99e+00, 2.83e+01], num_knots=1060
2025-09-06 12:57:37,689 - Iter 3780: obj=-1094.491457, change=2.21e-05, α=0.000, ‖θ[1:]‖₁=13.279, h_range=[4.99e+00, 2.83e+01], num_knots=1058
2025-09-06 12:57:37,786 - Iter 3790: obj=-1094.550683, change=2.11e-05, α=0.000, ‖θ[1:]‖₁=13.280, h_range=[4.99e+00, 2.83e+01], num_knots=1057
2025-09-06 12:57:37,870 - Iter 3800: obj=-1094.609719, change=2.07e-05, α=0.000, ‖θ[1:]‖₁=13.282, h_range=[4.99e+00, 2.83e+01], num_knots=1056
2025-09-06 12:57:37,956 - Iter 3810: obj=-1094.668593, change=1.97e-05, α=0.000, ‖θ[1:]‖₁=13.283, h_range=[4.99e+00, 2.83e+01], num_knots=1056
2025-09-06 12:57:38,045 - Iter 3820: obj=-1094.727430, change=1.93e-05, α=0.000, ‖θ[1:]‖₁=13.284, h_range=[4.99e+00, 2.83e+01], num_knots=1056
2025-09-06 12:57:38,138 - Iter 3830: obj=-1094.786138, change=1.89e-05, α=0.000, ‖θ[1:]‖₁=13.285, h_range=[4.99e+00, 2.83e+01], num_knots=1055
2025-09-06 12:57:38,236 - Iter 3840: obj=-1094.844678, change=1.85e-05, α=0.000, ‖θ[1:]‖₁=13.286, h_range=[4.99e+00, 2.83e+01], num_knots=1054
2025-09-06 12:57:38,311 - Iter 3850: obj=-1094.903076, change=1.79e-05, α=0.000, ‖θ[1:]‖₁=13.287, h_range=[4.99e+00, 2.83e+01], num_knots=1053
2025-09-06 12:57:38,388 - Iter 3860: obj=-1094.961424, change=1.78e-05, α=0.000, ‖θ[1:]‖₁=13.288, h_range=[4.99e+00, 2.83e+01], num_knots=1053
2025-09-06 12:57:38,490 - Iter 3870: obj=-1095.019737, change=1.81e-05, α=0.000, ‖θ[1:]‖₁=13.289, h_range=[4.99e+00, 2.83e+01], num_knots=1052
2025-09-06 12:57:38,586 - Iter 3880: obj=-1095.077808, change=2.00e-05, α=0.000, ‖θ[1:]‖₁=13.290, h_range=[4.99e+00, 2.83e+01], num_knots=1051
2025-09-06 12:57:38,677 - Iter 3890: obj=-1095.135776, change=1.95e-05, α=0.000, ‖θ[1:]‖₁=13.291, h_range=[4.99e+00, 2.83e+01], num_knots=1051
2025-09-06 12:57:38,781 - Iter 3900: obj=-1095.193626, change=2.09e-05, α=0.000, ‖θ[1:]‖₁=13.292, h_range=[4.99e+00, 2.83e+01], num_knots=1050
2025-09-06 12:57:38,866 - Iter 3910: obj=-1095.251304, change=1.99e-05, α=0.000, ‖θ[1:]‖₁=13.293, h_range=[4.99e+00, 2.83e+01], num_knots=1049
2025-09-06 12:57:38,961 - Iter 3920: obj=-1095.308697, change=1.86e-05, α=0.000, ‖θ[1:]‖₁=13.294, h_range=[4.99e+00, 2.83e+01], num_knots=1048
2025-09-06 12:57:39,039 - Iter 3930: obj=-1095.365930, change=1.87e-05, α=0.000, ‖θ[1:]‖₁=13.295, h_range=[4.99e+00, 2.83e+01], num_knots=1047
2025-09-06 12:57:39,129 - Iter 3940: obj=-1095.423114, change=1.83e-05, α=0.000, ‖θ[1:]‖₁=13.296, h_range=[4.99e+00, 2.83e+01], num_knots=1046
2025-09-06 12:57:39,225 - Iter 3950: obj=-1095.480259, change=1.80e-05, α=0.000, ‖θ[1:]‖₁=13.297, h_range=[4.99e+00, 2.83e+01], num_knots=1046
2025-09-06 12:57:39,315 - Iter 3960: obj=-1095.537329, change=1.67e-05, α=0.000, ‖θ[1:]‖₁=13.298, h_range=[4.99e+00, 2.83e+01], num_knots=1044
2025-09-06 12:57:39,383 - Iter 3970: obj=-1095.594191, change=1.68e-05, α=0.000, ‖θ[1:]‖₁=13.299, h_range=[4.99e+00, 2.83e+01], num_knots=1044
2025-09-06 12:57:39,462 - Iter 3980: obj=-1095.651023, change=1.66e-05, α=0.000, ‖θ[1:]‖₁=13.300, h_range=[4.99e+00, 2.83e+01], num_knots=1044
2025-09-06 12:57:39,543 - Iter 3990: obj=-1095.707789, change=1.65e-05, α=0.000, ‖θ[1:]‖₁=13.301, h_range=[4.99e+00, 2.83e+01], num_knots=1043
2025-09-06 12:57:39,639 - Iter 4000: obj=-1095.764292, change=1.59e-05, α=0.000, ‖θ[1:]‖₁=13.302, h_range=[4.99e+00, 2.83e+01], num_knots=1042
2025-09-06 12:57:39,728 - Iter 4010: obj=-1095.820544, change=1.51e-05, α=0.000, ‖θ[1:]‖₁=13.303, h_range=[4.98e+00, 2.83e+01], num_knots=1040
2025-09-06 12:57:39,809 - Iter 4020: obj=-1095.876532, change=1.40e-05, α=0.000, ‖θ[1:]‖₁=13.304, h_range=[4.98e+00, 2.83e+01], num_knots=1038
2025-09-06 12:57:39,893 - Iter 4030: obj=-1095.931601, change=1.51e-05, α=0.000, ‖θ[1:]‖₁=13.305, h_range=[4.98e+00, 2.83e+01], num_knots=1036
2025-09-06 12:57:39,991 - Iter 4040: obj=-1095.986415, change=1.47e-05, α=0.000, ‖θ[1:]‖₁=13.306, h_range=[4.98e+00, 2.83e+01], num_knots=1035
2025-09-06 12:57:40,086 - Iter 4050: obj=-1096.041106, change=1.43e-05, α=0.000, ‖θ[1:]‖₁=13.307, h_range=[4.98e+00, 2.83e+01], num_knots=1035
2025-09-06 12:57:40,175 - Iter 4060: obj=-1096.095693, change=1.86e-05, α=0.000, ‖θ[1:]‖₁=13.308, h_range=[4.98e+00, 2.83e+01], num_knots=1034
2025-09-06 12:57:40,282 - Iter 4070: obj=-1096.150108, change=1.81e-05, α=0.000, ‖θ[1:]‖₁=13.309, h_range=[4.98e+00, 2.83e+01], num_knots=1034
2025-09-06 12:57:40,386 - Iter 4080: obj=-1096.204494, change=1.77e-05, α=0.000, ‖θ[1:]‖₁=13.310, h_range=[4.98e+00, 2.83e+01], num_knots=1034
2025-09-06 12:57:40,468 - Iter 4090: obj=-1096.258850, change=1.73e-05, α=0.000, ‖θ[1:]‖₁=13.311, h_range=[4.98e+00, 2.83e+01], num_knots=1034
2025-09-06 12:57:40,539 - Iter 4100: obj=-1096.312945, change=1.74e-05, α=0.000, ‖θ[1:]‖₁=13.312, h_range=[4.98e+00, 2.83e+01], num_knots=1033
2025-09-06 12:57:40,678 - Iter 4110: obj=-1096.366864, change=2.01e-05, α=0.000, ‖θ[1:]‖₁=13.313, h_range=[4.98e+00, 2.83e+01], num_knots=1032
2025-09-06 12:57:40,768 - Iter 4120: obj=-1096.420657, change=1.90e-05, α=0.000, ‖θ[1:]‖₁=13.314, h_range=[4.98e+00, 2.83e+01], num_knots=1031
2025-09-06 12:57:40,849 - Iter 4130: obj=-1096.474221, change=1.78e-05, α=0.000, ‖θ[1:]‖₁=13.315, h_range=[4.98e+00, 2.83e+01], num_knots=1030
2025-09-06 12:57:40,950 - Iter 4140: obj=-1096.527533, change=1.56e-05, α=0.000, ‖θ[1:]‖₁=13.316, h_range=[4.98e+00, 2.83e+01], num_knots=1027
2025-09-06 12:57:41,038 - Iter 4150: obj=-1096.580681, change=1.65e-05, α=0.000, ‖θ[1:]‖₁=13.317, h_range=[4.98e+00, 2.83e+01], num_knots=1027
2025-09-06 12:57:41,125 - Iter 4160: obj=-1096.633710, change=1.72e-05, α=0.000, ‖θ[1:]‖₁=13.318, h_range=[4.98e+00, 2.83e+01], num_knots=1024
2025-09-06 12:57:41,206 - Iter 4170: obj=-1096.686519, change=1.62e-05, α=0.000, ‖θ[1:]‖₁=13.319, h_range=[4.98e+00, 2.83e+01], num_knots=1023
2025-09-06 12:57:41,282 - Iter 4180: obj=-1096.739188, change=1.90e-05, α=0.000, ‖θ[1:]‖₁=13.319, h_range=[4.98e+00, 2.83e+01], num_knots=1022
2025-09-06 12:57:41,375 - Iter 4190: obj=-1096.791732, change=1.93e-05, α=0.000, ‖θ[1:]‖₁=13.320, h_range=[4.98e+00, 2.83e+01], num_knots=1021
2025-09-06 12:57:41,458 - Iter 4200: obj=-1096.843975, change=1.74e-05, α=0.000, ‖θ[1:]‖₁=13.321, h_range=[4.98e+00, 2.83e+01], num_knots=1019
2025-09-06 12:57:41,544 - Iter 4210: obj=-1096.895845, change=1.65e-05, α=0.000, ‖θ[1:]‖₁=13.322, h_range=[4.97e+00, 2.83e+01], num_knots=1017
2025-09-06 12:57:41,624 - Iter 4220: obj=-1096.947550, change=1.65e-05, α=0.000, ‖θ[1:]‖₁=13.323, h_range=[4.97e+00, 2.83e+01], num_knots=1016
2025-09-06 12:57:41,712 - Iter 4230: obj=-1096.999214, change=1.59e-05, α=0.000, ‖θ[1:]‖₁=13.324, h_range=[4.97e+00, 2.83e+01], num_knots=1016
2025-09-06 12:57:41,795 - Iter 4240: obj=-1097.050851, change=1.56e-05, α=0.000, ‖θ[1:]‖₁=13.325, h_range=[4.97e+00, 2.83e+01], num_knots=1016
2025-09-06 12:57:41,873 - Iter 4250: obj=-1097.102404, change=1.49e-05, α=0.000, ‖θ[1:]‖₁=13.326, h_range=[4.97e+00, 2.83e+01], num_knots=1014
2025-09-06 12:57:41,964 - Iter 4260: obj=-1097.153864, change=1.46e-05, α=0.000, ‖θ[1:]‖₁=13.327, h_range=[4.97e+00, 2.83e+01], num_knots=1014
2025-09-06 12:57:42,044 - Iter 4270: obj=-1097.205230, change=1.36e-05, α=0.000, ‖θ[1:]‖₁=13.328, h_range=[4.97e+00, 2.83e+01], num_knots=1012
2025-09-06 12:57:42,134 - Iter 4280: obj=-1097.256393, change=1.43e-05, α=0.000, ‖θ[1:]‖₁=13.329, h_range=[4.97e+00, 2.83e+01], num_knots=1012
2025-09-06 12:57:42,214 - Iter 4290: obj=-1097.307385, change=1.48e-05, α=0.000, ‖θ[1:]‖₁=13.330, h_range=[4.97e+00, 2.83e+01], num_knots=1009
2025-09-06 12:57:42,304 - Iter 4300: obj=-1097.358024, change=1.76e-05, α=0.000, ‖θ[1:]‖₁=13.331, h_range=[4.97e+00, 2.83e+01], num_knots=1008
2025-09-06 12:57:42,424 - Iter 4310: obj=-1097.408457, change=1.80e-05, α=0.000, ‖θ[1:]‖₁=13.332, h_range=[4.97e+00, 2.83e+01], num_knots=1008
2025-09-06 12:57:42,537 - Iter 4320: obj=-1097.458851, change=1.77e-05, α=0.000, ‖θ[1:]‖₁=13.333, h_range=[4.97e+00, 2.83e+01], num_knots=1007
2025-09-06 12:57:42,612 - Iter 4330: obj=-1097.509058, change=2.12e-05, α=0.000, ‖θ[1:]‖₁=13.333, h_range=[4.97e+00, 2.83e+01], num_knots=1006
2025-09-06 12:57:42,701 - Iter 4340: obj=-1097.559105, change=2.10e-05, α=0.000, ‖θ[1:]‖₁=13.334, h_range=[4.97e+00, 2.83e+01], num_knots=1005
2025-09-06 12:57:42,780 - Iter 4350: obj=-1097.609069, change=2.01e-05, α=0.000, ‖θ[1:]‖₁=13.335, h_range=[4.97e+00, 2.83e+01], num_knots=1004
2025-09-06 12:57:42,871 - Iter 4360: obj=-1097.658935, change=1.88e-05, α=0.000, ‖θ[1:]‖₁=13.336, h_range=[4.97e+00, 2.83e+01], num_knots=1002
2025-09-06 12:57:42,955 - Iter 4370: obj=-1097.708596, change=1.82e-05, α=0.000, ‖θ[1:]‖₁=13.337, h_range=[4.97e+00, 2.83e+01], num_knots=1001
2025-09-06 12:57:43,050 - Iter 4380: obj=-1097.758178, change=1.76e-05, α=0.000, ‖θ[1:]‖₁=13.338, h_range=[4.97e+00, 2.83e+01], num_knots=1001
2025-09-06 12:57:43,142 - Iter 4390: obj=-1097.807673, change=1.75e-05, α=0.000, ‖θ[1:]‖₁=13.339, h_range=[4.97e+00, 2.83e+01], num_knots=999
2025-09-06 12:57:43,224 - Iter 4400: obj=-1097.857004, change=1.66e-05, α=0.000, ‖θ[1:]‖₁=13.340, h_range=[4.97e+00, 2.83e+01], num_knots=998
2025-09-06 12:57:43,318 - Iter 4410: obj=-1097.906206, change=1.56e-05, α=0.000, ‖θ[1:]‖₁=13.341, h_range=[4.97e+00, 2.83e+01], num_knots=998
2025-09-06 12:57:43,400 - Iter 4420: obj=-1097.955387, change=1.51e-05, α=0.000, ‖θ[1:]‖₁=13.342, h_range=[4.97e+00, 2.83e+01], num_knots=998
2025-09-06 12:57:43,488 - Iter 4430: obj=-1098.004547, change=1.47e-05, α=0.000, ‖θ[1:]‖₁=13.342, h_range=[4.97e+00, 2.83e+01], num_knots=998
2025-09-06 12:57:43,570 - Iter 4440: obj=-1098.053606, change=1.23e-05, α=0.000, ‖θ[1:]‖₁=13.343, h_range=[4.97e+00, 2.83e+01], num_knots=996
2025-09-06 12:57:43,668 - Iter 4450: obj=-1098.102351, change=1.41e-05, α=0.000, ‖θ[1:]‖₁=13.344, h_range=[4.97e+00, 2.83e+01], num_knots=995
2025-09-06 12:57:43,761 - Iter 4460: obj=-1098.150948, change=1.42e-05, α=0.000, ‖θ[1:]‖₁=13.345, h_range=[4.97e+00, 2.83e+01], num_knots=993
2025-09-06 12:57:43,849 - Iter 4470: obj=-1098.199222, change=1.91e-05, α=0.000, ‖θ[1:]‖₁=13.346, h_range=[4.97e+00, 2.83e+01], num_knots=991
2025-09-06 12:57:43,927 - Iter 4480: obj=-1098.247405, change=1.81e-05, α=0.000, ‖θ[1:]‖₁=13.347, h_range=[4.97e+00, 2.83e+01], num_knots=991
2025-09-06 12:57:44,030 - Iter 4490: obj=-1098.295482, change=1.78e-05, α=0.000, ‖θ[1:]‖₁=13.347, h_range=[4.97e+00, 2.83e+01], num_knots=988
2025-09-06 12:57:44,123 - Iter 4500: obj=-1098.343249, change=1.75e-05, α=0.000, ‖θ[1:]‖₁=13.348, h_range=[4.96e+00, 2.83e+01], num_knots=987
2025-09-06 12:57:44,240 - Iter 4510: obj=-1098.390920, change=1.59e-05, α=0.000, ‖θ[1:]‖₁=13.349, h_range=[4.96e+00, 2.83e+01], num_knots=986
2025-09-06 12:57:44,320 - Iter 4520: obj=-1098.438320, change=1.58e-05, α=0.000, ‖θ[1:]‖₁=13.350, h_range=[4.96e+00, 2.83e+01], num_knots=985
2025-09-06 12:57:44,408 - Iter 4530: obj=-1098.485670, change=1.51e-05, α=0.000, ‖θ[1:]‖₁=13.351, h_range=[4.96e+00, 2.83e+01], num_knots=984
2025-09-06 12:57:44,501 - Iter 4540: obj=-1098.532920, change=1.42e-05, α=0.000, ‖θ[1:]‖₁=13.352, h_range=[4.96e+00, 2.83e+01], num_knots=983
2025-09-06 12:57:44,583 - Iter 4550: obj=-1098.580062, change=1.39e-05, α=0.000, ‖θ[1:]‖₁=13.353, h_range=[4.96e+00, 2.83e+01], num_knots=980
2025-09-06 12:57:44,673 - Iter 4560: obj=-1098.626963, change=1.37e-05, α=0.000, ‖θ[1:]‖₁=13.354, h_range=[4.96e+00, 2.83e+01], num_knots=979
2025-09-06 12:57:44,766 - Iter 4570: obj=-1098.673736, change=1.33e-05, α=0.000, ‖θ[1:]‖₁=13.354, h_range=[4.96e+00, 2.83e+01], num_knots=978
2025-09-06 12:57:44,866 - Iter 4580: obj=-1098.720441, change=1.29e-05, α=0.000, ‖θ[1:]‖₁=13.355, h_range=[4.96e+00, 2.83e+01], num_knots=978
2025-09-06 12:57:44,938 - Iter 4590: obj=-1098.767126, change=1.27e-05, α=0.000, ‖θ[1:]‖₁=13.356, h_range=[4.96e+00, 2.83e+01], num_knots=978
2025-09-06 12:57:45,035 - Iter 4600: obj=-1098.813788, change=1.24e-05, α=0.000, ‖θ[1:]‖₁=13.357, h_range=[4.96e+00, 2.83e+01], num_knots=977
2025-09-06 12:57:45,109 - Iter 4610: obj=-1098.860370, change=1.24e-05, α=0.000, ‖θ[1:]‖₁=13.358, h_range=[4.96e+00, 2.83e+01], num_knots=977
2025-09-06 12:57:45,195 - Iter 4620: obj=-1098.906824, change=1.52e-05, α=0.000, ‖θ[1:]‖₁=13.358, h_range=[4.96e+00, 2.83e+01], num_knots=974
2025-09-06 12:57:45,288 - Iter 4630: obj=-1098.952917, change=1.43e-05, α=0.000, ‖θ[1:]‖₁=13.359, h_range=[4.96e+00, 2.83e+01], num_knots=973
2025-09-06 12:57:45,364 - Iter 4640: obj=-1098.998883, change=1.24e-05, α=0.000, ‖θ[1:]‖₁=13.360, h_range=[4.96e+00, 2.83e+01], num_knots=972
2025-09-06 12:57:45,442 - Iter 4650: obj=-1099.044811, change=1.21e-05, α=0.000, ‖θ[1:]‖₁=13.361, h_range=[4.96e+00, 2.83e+01], num_knots=972
2025-09-06 12:57:45,586 - Iter 4660: obj=-1099.090573, change=1.12e-05, α=0.000, ‖θ[1:]‖₁=13.362, h_range=[4.96e+00, 2.83e+01], num_knots=971
2025-09-06 12:57:45,688 - Iter 4670: obj=-1099.136298, change=1.15e-05, α=0.000, ‖θ[1:]‖₁=13.362, h_range=[4.96e+00, 2.83e+01], num_knots=970
2025-09-06 12:57:45,773 - Iter 4680: obj=-1099.181922, change=1.34e-05, α=0.000, ‖θ[1:]‖₁=13.363, h_range=[4.96e+00, 2.83e+01], num_knots=970
2025-09-06 12:57:45,849 - Iter 4690: obj=-1099.227519, change=1.30e-05, α=0.000, ‖θ[1:]‖₁=13.364, h_range=[4.96e+00, 2.83e+01], num_knots=970
2025-09-06 12:57:45,930 - Iter 4700: obj=-1099.272988, change=1.26e-05, α=0.000, ‖θ[1:]‖₁=13.365, h_range=[4.96e+00, 2.83e+01], num_knots=969
2025-09-06 12:57:46,010 - Iter 4710: obj=-1099.318123, change=1.27e-05, α=0.000, ‖θ[1:]‖₁=13.365, h_range=[4.96e+00, 2.83e+01], num_knots=968
2025-09-06 12:57:46,099 - Iter 4720: obj=-1099.363097, change=1.20e-05, α=0.000, ‖θ[1:]‖₁=13.366, h_range=[4.96e+00, 2.83e+01], num_knots=968
2025-09-06 12:57:46,193 - Iter 4730: obj=-1099.408048, change=1.16e-05, α=0.000, ‖θ[1:]‖₁=13.367, h_range=[4.96e+00, 2.83e+01], num_knots=968
2025-09-06 12:57:46,290 - Iter 4740: obj=-1099.452982, change=1.14e-05, α=0.000, ‖θ[1:]‖₁=13.368, h_range=[4.96e+00, 2.83e+01], num_knots=968
2025-09-06 12:57:46,369 - Iter 4750: obj=-1099.497900, change=1.12e-05, α=0.000, ‖θ[1:]‖₁=13.368, h_range=[4.96e+00, 2.83e+01], num_knots=968
2025-09-06 12:57:46,456 - Iter 4760: obj=-1099.542793, change=9.52e-06, α=0.000, ‖θ[1:]‖₁=13.369, h_range=[4.96e+00, 2.83e+01], num_knots=967
2025-09-06 12:57:46,527 - Iter 4770: obj=-1099.587163, change=1.01e-05, α=0.000, ‖θ[1:]‖₁=13.370, h_range=[4.96e+00, 2.83e+01], num_knots=963
2025-09-06 12:57:46,621 - Iter 4780: obj=-1099.631273, change=1.06e-05, α=0.000, ‖θ[1:]‖₁=13.371, h_range=[4.96e+00, 2.83e+01], num_knots=963
2025-09-06 12:57:46,721 - Iter 4790: obj=-1099.675340, change=1.15e-05, α=0.000, ‖θ[1:]‖₁=13.371, h_range=[4.96e+00, 2.83e+01], num_knots=962
2025-09-06 12:57:46,806 - Iter 4800: obj=-1099.719380, change=1.11e-05, α=0.000, ‖θ[1:]‖₁=13.372, h_range=[4.96e+00, 2.83e+01], num_knots=962
2025-09-06 12:57:46,902 - Iter 4810: obj=-1099.763403, change=1.08e-05, α=0.000, ‖θ[1:]‖₁=13.373, h_range=[4.96e+00, 2.83e+01], num_knots=962
2025-09-06 12:57:47,001 - Iter 4820: obj=-1099.807409, change=1.05e-05, α=0.000, ‖θ[1:]‖₁=13.374, h_range=[4.96e+00, 2.83e+01], num_knots=962
2025-09-06 12:57:47,093 - Iter 4830: obj=-1099.851400, change=1.02e-05, α=0.000, ‖θ[1:]‖₁=13.374, h_range=[4.96e+00, 2.83e+01], num_knots=962
2025-09-06 12:57:47,179 - Iter 4840: obj=-1099.895375, change=9.99e-06, α=0.000, ‖θ[1:]‖₁=13.375, h_range=[4.96e+00, 2.83e+01], num_knots=962
2025-09-06 12:57:47,288 - Iter 4850: obj=-1099.939334, change=9.77e-06, α=0.000, ‖θ[1:]‖₁=13.375, h_range=[4.96e+00, 2.83e+01], num_knots=962
2025-09-06 12:57:47,384 - Iter 4860: obj=-1099.983263, change=8.19e-06, α=0.000, ‖θ[1:]‖₁=13.376, h_range=[4.95e+00, 2.83e+01], num_knots=960
2025-09-06 12:57:47,475 - Iter 4870: obj=-1100.026792, change=9.15e-06, α=0.000, ‖θ[1:]‖₁=13.377, h_range=[4.95e+00, 2.83e+01], num_knots=959
2025-09-06 12:57:47,654 - Iter 4880: obj=-1100.070261, change=9.08e-06, α=0.000, ‖θ[1:]‖₁=13.377, h_range=[4.95e+00, 2.83e+01], num_knots=959
2025-09-06 12:57:47,765 - Iter 4890: obj=-1100.113714, change=9.02e-06, α=0.000, ‖θ[1:]‖₁=13.378, h_range=[4.95e+00, 2.83e+01], num_knots=959
2025-09-06 12:57:47,866 - Iter 4900: obj=-1100.157152, change=8.95e-06, α=0.000, ‖θ[1:]‖₁=13.379, h_range=[4.95e+00, 2.83e+01], num_knots=959
2025-09-06 12:57:47,970 - Iter 4910: obj=-1100.200425, change=8.70e-06, α=0.000, ‖θ[1:]‖₁=13.379, h_range=[4.95e+00, 2.83e+01], num_knots=957
2025-09-06 12:57:48,056 - Iter 4920: obj=-1100.243591, change=8.92e-06, α=0.000, ‖θ[1:]‖₁=13.380, h_range=[4.95e+00, 2.83e+01], num_knots=957
2025-09-06 12:57:48,143 - Iter 4930: obj=-1100.286742, change=8.82e-06, α=0.000, ‖θ[1:]‖₁=13.381, h_range=[4.95e+00, 2.83e+01], num_knots=957
2025-09-06 12:57:48,217 - Iter 4940: obj=-1100.329758, change=9.30e-06, α=0.000, ‖θ[1:]‖₁=13.381, h_range=[4.95e+00, 2.83e+01], num_knots=955
2025-09-06 12:57:48,317 - Iter 4950: obj=-1100.372415, change=7.90e-06, α=0.000, ‖θ[1:]‖₁=13.382, h_range=[4.95e+00, 2.83e+01], num_knots=953
2025-09-06 12:57:48,402 - Iter 4960: obj=-1100.414834, change=8.03e-06, α=0.000, ‖θ[1:]‖₁=13.382, h_range=[4.95e+00, 2.83e+01], num_knots=953
2025-09-06 12:57:48,511 - Iter 4970: obj=-1100.457237, change=8.06e-06, α=0.000, ‖θ[1:]‖₁=13.383, h_range=[4.95e+00, 2.83e+01], num_knots=953
2025-09-06 12:57:48,646 - Iter 4980: obj=-1100.499625, change=8.04e-06, α=0.000, ‖θ[1:]‖₁=13.384, h_range=[4.95e+00, 2.83e+01], num_knots=953
2025-09-06 12:57:48,746 - Iter 4990: obj=-1100.541933, change=1.05e-05, α=0.000, ‖θ[1:]‖₁=13.384, h_range=[4.95e+00, 2.83e+01], num_knots=952
2025-09-06 12:57:48,868 - Iter 5000: obj=-1100.584108, change=1.20e-05, α=0.000, ‖θ[1:]‖₁=13.385, h_range=[4.95e+00, 2.83e+01], num_knots=950
2025-09-06 12:57:48,974 - Iter 5010: obj=-1100.626168, change=1.11e-05, α=0.000, ‖θ[1:]‖₁=13.386, h_range=[4.95e+00, 2.83e+01], num_knots=950
2025-09-06 12:57:49,056 - Iter 5020: obj=-1100.668127, change=1.05e-05, α=0.000, ‖θ[1:]‖₁=13.386, h_range=[4.95e+00, 2.83e+01], num_knots=949
2025-09-06 12:57:49,138 - Iter 5030: obj=-1100.710034, change=1.03e-05, α=0.000, ‖θ[1:]‖₁=13.387, h_range=[4.95e+00, 2.83e+01], num_knots=949
2025-09-06 12:57:49,256 - Iter 5040: obj=-1100.751928, change=1.00e-05, α=0.000, ‖θ[1:]‖₁=13.387, h_range=[4.95e+00, 2.83e+01], num_knots=949
2025-09-06 12:57:49,340 - Iter 5050: obj=-1100.793808, change=9.68e-06, α=0.000, ‖θ[1:]‖₁=13.388, h_range=[4.95e+00, 2.83e+01], num_knots=949
2025-09-06 12:57:49,423 - Iter 5060: obj=-1100.835674, change=9.37e-06, α=0.000, ‖θ[1:]‖₁=13.389, h_range=[4.95e+00, 2.83e+01], num_knots=949
2025-09-06 12:57:49,516 - Iter 5070: obj=-1100.877528, change=9.09e-06, α=0.000, ‖θ[1:]‖₁=13.389, h_range=[4.95e+00, 2.83e+01], num_knots=949
2025-09-06 12:57:49,615 - Iter 5080: obj=-1100.919370, change=8.83e-06, α=0.000, ‖θ[1:]‖₁=13.390, h_range=[4.95e+00, 2.83e+01], num_knots=949
2025-09-06 12:57:49,702 - Iter 5090: obj=-1100.961075, change=9.58e-06, α=0.000, ‖θ[1:]‖₁=13.390, h_range=[4.95e+00, 2.83e+01], num_knots=948
2025-09-06 12:57:49,790 - Iter 5100: obj=-1101.002618, change=6.94e-06, α=0.000, ‖θ[1:]‖₁=13.391, h_range=[4.95e+00, 2.83e+01], num_knots=947
2025-09-06 12:57:49,880 - Iter 5110: obj=-1101.043990, change=7.58e-06, α=0.000, ‖θ[1:]‖₁=13.391, h_range=[4.95e+00, 2.83e+01], num_knots=947
2025-09-06 12:57:49,970 - Iter 5120: obj=-1101.085351, change=7.69e-06, α=0.000, ‖θ[1:]‖₁=13.392, h_range=[4.95e+00, 2.83e+01], num_knots=947
2025-09-06 12:57:50,047 - Iter 5130: obj=-1101.126645, change=8.59e-06, α=0.000, ‖θ[1:]‖₁=13.392, h_range=[4.95e+00, 2.83e+01], num_knots=945
2025-09-06 12:57:50,133 - Iter 5140: obj=-1101.167874, change=8.45e-06, α=0.000, ‖θ[1:]‖₁=13.393, h_range=[4.95e+00, 2.83e+01], num_knots=945
2025-09-06 12:57:50,216 - Iter 5150: obj=-1101.209090, change=8.29e-06, α=0.000, ‖θ[1:]‖₁=13.393, h_range=[4.95e+00, 2.83e+01], num_knots=945
2025-09-06 12:57:50,298 - Iter 5160: obj=-1101.250295, change=8.13e-06, α=0.000, ‖θ[1:]‖₁=13.394, h_range=[4.95e+00, 2.83e+01], num_knots=945
2025-09-06 12:57:50,374 - Iter 5170: obj=-1101.291393, change=1.15e-05, α=0.000, ‖θ[1:]‖₁=13.394, h_range=[4.95e+00, 2.83e+01], num_knots=943
2025-09-06 12:57:50,457 - Iter 5180: obj=-1101.332284, change=1.15e-05, α=0.000, ‖θ[1:]‖₁=13.395, h_range=[4.95e+00, 2.83e+01], num_knots=941
2025-09-06 12:57:50,546 - Iter 5190: obj=-1101.373010, change=1.19e-05, α=0.000, ‖θ[1:]‖₁=13.396, h_range=[4.95e+00, 2.83e+01], num_knots=939
2025-09-06 12:57:50,641 - Iter 5200: obj=-1101.413625, change=1.14e-05, α=0.000, ‖θ[1:]‖₁=13.396, h_range=[4.95e+00, 2.83e+01], num_knots=939
2025-09-06 12:57:50,725 - Iter 5210: obj=-1101.454102, change=1.41e-05, α=0.000, ‖θ[1:]‖₁=13.397, h_range=[4.95e+00, 2.83e+01], num_knots=938
2025-09-06 12:57:50,813 - Iter 5220: obj=-1101.494548, change=1.34e-05, α=0.000, ‖θ[1:]‖₁=13.397, h_range=[4.95e+00, 2.83e+01], num_knots=938
2025-09-06 12:57:50,909 - Iter 5230: obj=-1101.534982, change=1.28e-05, α=0.000, ‖θ[1:]‖₁=13.398, h_range=[4.95e+00, 2.83e+01], num_knots=938
2025-09-06 12:57:50,994 - Iter 5240: obj=-1101.575394, change=1.11e-05, α=0.000, ‖θ[1:]‖₁=13.398, h_range=[4.95e+00, 2.83e+01], num_knots=936
2025-09-06 12:57:51,069 - Iter 5250: obj=-1101.615642, change=1.13e-05, α=0.000, ‖θ[1:]‖₁=13.399, h_range=[4.95e+00, 2.83e+01], num_knots=936
2025-09-06 12:57:51,163 - Iter 5260: obj=-1101.655877, change=1.11e-05, α=0.000, ‖θ[1:]‖₁=13.400, h_range=[4.95e+00, 2.83e+01], num_knots=936
2025-09-06 12:57:51,244 - Iter 5270: obj=-1101.696077, change=1.02e-05, α=0.000, ‖θ[1:]‖₁=13.400, h_range=[4.95e+00, 2.83e+01], num_knots=935
2025-09-06 12:57:51,333 - Iter 5280: obj=-1101.736096, change=1.15e-05, α=0.000, ‖θ[1:]‖₁=13.401, h_range=[4.95e+00, 2.83e+01], num_knots=934
2025-09-06 12:57:51,419 - Iter 5290: obj=-1101.775977, change=1.05e-05, α=0.000, ‖θ[1:]‖₁=13.401, h_range=[4.95e+00, 2.83e+01], num_knots=933
2025-09-06 12:57:51,522 - Iter 5300: obj=-1101.815812, change=9.91e-06, α=0.000, ‖θ[1:]‖₁=13.402, h_range=[4.95e+00, 2.83e+01], num_knots=933
2025-09-06 12:57:51,618 - Iter 5310: obj=-1101.855592, change=9.13e-06, α=0.000, ‖θ[1:]‖₁=13.402, h_range=[4.95e+00, 2.83e+01], num_knots=932
2025-09-06 12:57:51,704 - Iter 5320: obj=-1101.895226, change=9.10e-06, α=0.000, ‖θ[1:]‖₁=13.403, h_range=[4.95e+00, 2.83e+01], num_knots=929
2025-09-06 12:57:51,788 - Iter 5330: obj=-1101.934744, change=8.75e-06, α=0.000, ‖θ[1:]‖₁=13.403, h_range=[4.95e+00, 2.83e+01], num_knots=929
2025-09-06 12:57:51,866 - Iter 5340: obj=-1101.974250, change=8.39e-06, α=0.000, ‖θ[1:]‖₁=13.404, h_range=[4.95e+00, 2.83e+01], num_knots=929
2025-09-06 12:57:51,951 - Iter 5350: obj=-1102.013746, change=8.08e-06, α=0.000, ‖θ[1:]‖₁=13.404, h_range=[4.95e+00, 2.83e+01], num_knots=929
2025-09-06 12:57:52,040 - Iter 5360: obj=-1102.053206, change=8.18e-06, α=0.000, ‖θ[1:]‖₁=13.405, h_range=[4.95e+00, 2.83e+01], num_knots=928
2025-09-06 12:57:52,115 - Iter 5370: obj=-1102.092480, change=9.97e-06, α=0.000, ‖θ[1:]‖₁=13.405, h_range=[4.95e+00, 2.83e+01], num_knots=925
2025-09-06 12:57:52,197 - Iter 5380: obj=-1102.131520, change=9.72e-06, α=0.000, ‖θ[1:]‖₁=13.406, h_range=[4.95e+00, 2.83e+01], num_knots=925
2025-09-06 12:57:52,279 - Iter 5390: obj=-1102.170549, change=9.41e-06, α=0.000, ‖θ[1:]‖₁=13.407, h_range=[4.95e+00, 2.83e+01], num_knots=925
2025-09-06 12:57:52,368 - Iter 5400: obj=-1102.209549, change=8.19e-06, α=0.000, ‖θ[1:]‖₁=13.407, h_range=[4.95e+00, 2.83e+01], num_knots=924
2025-09-06 12:57:52,451 - Iter 5410: obj=-1102.248484, change=9.50e-06, α=0.000, ‖θ[1:]‖₁=13.408, h_range=[4.95e+00, 2.83e+01], num_knots=923
2025-09-06 12:57:52,535 - Iter 5420: obj=-1102.287294, change=8.48e-06, α=0.000, ‖θ[1:]‖₁=13.408, h_range=[4.95e+00, 2.83e+01], num_knots=923
2025-09-06 12:57:52,628 - Iter 5430: obj=-1102.326064, change=8.23e-06, α=0.000, ‖θ[1:]‖₁=13.409, h_range=[4.95e+00, 2.83e+01], num_knots=922
2025-09-06 12:57:52,722 - Iter 5440: obj=-1102.364745, change=7.03e-06, α=0.000, ‖θ[1:]‖₁=13.409, h_range=[4.95e+00, 2.83e+01], num_knots=922
2025-09-06 12:57:52,795 - Iter 5450: obj=-1102.403242, change=7.03e-06, α=0.000, ‖θ[1:]‖₁=13.410, h_range=[4.95e+00, 2.83e+01], num_knots=921
2025-09-06 12:57:52,877 - Iter 5460: obj=-1102.441641, change=7.81e-06, α=0.000, ‖θ[1:]‖₁=13.410, h_range=[4.95e+00, 2.83e+01], num_knots=920
2025-09-06 12:57:52,955 - Iter 5470: obj=-1102.479952, change=8.00e-06, α=0.000, ‖θ[1:]‖₁=13.411, h_range=[4.94e+00, 2.83e+01], num_knots=918
2025-09-06 12:57:53,053 - Iter 5480: obj=-1102.518125, change=6.36e-06, α=0.000, ‖θ[1:]‖₁=13.411, h_range=[4.94e+00, 2.83e+01], num_knots=917
2025-09-06 12:57:53,172 - Iter 5490: obj=-1102.556212, change=6.36e-06, α=0.000, ‖θ[1:]‖₁=13.412, h_range=[4.94e+00, 2.83e+01], num_knots=916
2025-09-06 12:57:53,245 - Iter 5500: obj=-1102.594244, change=1.00e-05, α=0.000, ‖θ[1:]‖₁=13.412, h_range=[4.94e+00, 2.83e+01], num_knots=914
2025-09-06 12:57:53,344 - Iter 5510: obj=-1102.631972, change=1.58e-05, α=0.000, ‖θ[1:]‖₁=13.413, h_range=[4.94e+00, 2.83e+01], num_knots=912
2025-09-06 12:57:53,450 - Iter 5520: obj=-1102.669508, change=1.47e-05, α=0.000, ‖θ[1:]‖₁=13.414, h_range=[4.94e+00, 2.83e+01], num_knots=911
2025-09-06 12:57:53,543 - Iter 5530: obj=-1102.706987, change=1.35e-05, α=0.000, ‖θ[1:]‖₁=13.414, h_range=[4.94e+00, 2.83e+01], num_knots=911
2025-09-06 12:57:53,633 - Iter 5540: obj=-1102.744455, change=1.29e-05, α=0.000, ‖θ[1:]‖₁=13.415, h_range=[4.94e+00, 2.83e+01], num_knots=911
2025-09-06 12:57:53,721 - Iter 5550: obj=-1102.781885, change=1.26e-05, α=0.000, ‖θ[1:]‖₁=13.415, h_range=[4.94e+00, 2.83e+01], num_knots=910
2025-09-06 12:57:53,805 - Iter 5560: obj=-1102.819164, change=1.55e-05, α=0.000, ‖θ[1:]‖₁=13.416, h_range=[4.94e+00, 2.83e+01], num_knots=909
2025-09-06 12:57:53,886 - Iter 5570: obj=-1102.856370, change=1.47e-05, α=0.000, ‖θ[1:]‖₁=13.417, h_range=[4.94e+00, 2.83e+01], num_knots=909
2025-09-06 12:57:53,974 - Iter 5580: obj=-1102.893564, change=1.41e-05, α=0.000, ‖θ[1:]‖₁=13.417, h_range=[4.94e+00, 2.83e+01], num_knots=909
2025-09-06 12:57:54,053 - Iter 5590: obj=-1102.930748, change=1.36e-05, α=0.000, ‖θ[1:]‖₁=13.418, h_range=[4.94e+00, 2.83e+01], num_knots=909
2025-09-06 12:57:54,134 - Iter 5600: obj=-1102.967802, change=1.32e-05, α=0.000, ‖θ[1:]‖₁=13.418, h_range=[4.94e+00, 2.83e+01], num_knots=907
2025-09-06 12:57:54,239 - Iter 5610: obj=-1103.004574, change=1.70e-05, α=0.000, ‖θ[1:]‖₁=13.419, h_range=[4.94e+00, 2.83e+01], num_knots=905
2025-09-06 12:57:54,313 - Iter 5620: obj=-1103.040969, change=1.63e-05, α=0.000, ‖θ[1:]‖₁=13.420, h_range=[4.94e+00, 2.83e+01], num_knots=905
2025-09-06 12:57:54,418 - Iter 5630: obj=-1103.077338, change=1.64e-05, α=0.000, ‖θ[1:]‖₁=13.420, h_range=[4.94e+00, 2.83e+01], num_knots=904
2025-09-06 12:57:54,504 - Iter 5640: obj=-1103.113604, change=1.53e-05, α=0.000, ‖θ[1:]‖₁=13.421, h_range=[4.94e+00, 2.83e+01], num_knots=903
2025-09-06 12:57:54,599 - Iter 5650: obj=-1103.149854, change=1.44e-05, α=0.000, ‖θ[1:]‖₁=13.421, h_range=[4.94e+00, 2.83e+01], num_knots=903
2025-09-06 12:57:54,684 - Iter 5660: obj=-1103.186092, change=1.37e-05, α=0.000, ‖θ[1:]‖₁=13.422, h_range=[4.94e+00, 2.83e+01], num_knots=903
2025-09-06 12:57:54,768 - Iter 5670: obj=-1103.222304, change=1.34e-05, α=0.000, ‖θ[1:]‖₁=13.423, h_range=[4.94e+00, 2.83e+01], num_knots=902
2025-09-06 12:57:54,849 - Iter 5680: obj=-1103.258414, change=1.10e-05, α=0.000, ‖θ[1:]‖₁=13.423, h_range=[4.94e+00, 2.83e+01], num_knots=901
2025-09-06 12:57:54,924 - Iter 5690: obj=-1103.294354, change=1.15e-05, α=0.000, ‖θ[1:]‖₁=13.424, h_range=[4.94e+00, 2.83e+01], num_knots=900
2025-09-06 12:57:55,014 - Iter 5700: obj=-1103.330164, change=1.20e-05, α=0.000, ‖θ[1:]‖₁=13.424, h_range=[4.94e+00, 2.83e+01], num_knots=899
2025-09-06 12:57:55,094 - Iter 5710: obj=-1103.365869, change=1.15e-05, α=0.000, ‖θ[1:]‖₁=13.425, h_range=[4.94e+00, 2.83e+01], num_knots=898
2025-09-06 12:57:55,175 - Iter 5720: obj=-1103.401510, change=1.12e-05, α=0.000, ‖θ[1:]‖₁=13.425, h_range=[4.94e+00, 2.83e+01], num_knots=897
2025-09-06 12:57:55,254 - Iter 5730: obj=-1103.437044, change=1.08e-05, α=0.000, ‖θ[1:]‖₁=13.426, h_range=[4.94e+00, 2.83e+01], num_knots=897
2025-09-06 12:57:55,346 - Iter 5740: obj=-1103.472563, change=1.06e-05, α=0.000, ‖θ[1:]‖₁=13.427, h_range=[4.94e+00, 2.83e+01], num_knots=897
2025-09-06 12:57:55,424 - Iter 5750: obj=-1103.508072, change=1.03e-05, α=0.000, ‖θ[1:]‖₁=13.427, h_range=[4.94e+00, 2.83e+01], num_knots=897
2025-09-06 12:57:55,515 - Iter 5760: obj=-1103.543572, change=1.00e-05, α=0.000, ‖θ[1:]‖₁=13.428, h_range=[4.94e+00, 2.83e+01], num_knots=897
2025-09-06 12:57:55,611 - Iter 5770: obj=-1103.579062, change=1.04e-05, α=0.000, ‖θ[1:]‖₁=13.428, h_range=[4.94e+00, 2.83e+01], num_knots=896
2025-09-06 12:57:55,685 - Iter 5780: obj=-1103.614191, change=1.03e-05, α=0.000, ‖θ[1:]‖₁=13.429, h_range=[4.94e+00, 2.83e+01], num_knots=894
2025-09-06 12:57:55,773 - Iter 5790: obj=-1103.649166, change=1.00e-05, α=0.000, ‖θ[1:]‖₁=13.429, h_range=[4.94e+00, 2.83e+01], num_knots=893
2025-09-06 12:57:55,857 - Iter 5800: obj=-1103.684028, change=8.46e-06, α=0.000, ‖θ[1:]‖₁=13.430, h_range=[4.94e+00, 2.83e+01], num_knots=892
2025-09-06 12:57:55,929 - Iter 5810: obj=-1103.718857, change=8.43e-06, α=0.000, ‖θ[1:]‖₁=13.430, h_range=[4.94e+00, 2.83e+01], num_knots=892
2025-09-06 12:57:56,007 - Iter 5820: obj=-1103.753676, change=8.32e-06, α=0.000, ‖θ[1:]‖₁=13.431, h_range=[4.94e+00, 2.83e+01], num_knots=892
2025-09-06 12:57:56,089 - Iter 5830: obj=-1103.788481, change=7.36e-06, α=0.000, ‖θ[1:]‖₁=13.431, h_range=[4.94e+00, 2.83e+01], num_knots=891
2025-09-06 12:57:56,195 - Iter 5840: obj=-1103.823250, change=7.60e-06, α=0.000, ‖θ[1:]‖₁=13.432, h_range=[4.94e+00, 2.83e+01], num_knots=891
2025-09-06 12:57:56,293 - Iter 5850: obj=-1103.858010, change=7.63e-06, α=0.000, ‖θ[1:]‖₁=13.432, h_range=[4.94e+00, 2.83e+01], num_knots=891
2025-09-06 12:57:56,366 - Iter 5860: obj=-1103.892737, change=7.10e-06, α=0.000, ‖θ[1:]‖₁=13.433, h_range=[4.94e+00, 2.83e+01], num_knots=890
2025-09-06 12:57:56,453 - Iter 5870: obj=-1103.927376, change=7.54e-06, α=0.000, ‖θ[1:]‖₁=13.433, h_range=[4.94e+00, 2.83e+01], num_knots=890
2025-09-06 12:57:56,540 - Iter 5880: obj=-1103.962006, change=7.55e-06, α=0.000, ‖θ[1:]‖₁=13.434, h_range=[4.94e+00, 2.83e+01], num_knots=890
2025-09-06 12:57:56,626 - Iter 5890: obj=-1103.996573, change=7.29e-06, α=0.000, ‖θ[1:]‖₁=13.434, h_range=[4.94e+00, 2.83e+01], num_knots=889
2025-09-06 12:57:56,720 - Iter 5900: obj=-1104.031095, change=7.42e-06, α=0.000, ‖θ[1:]‖₁=13.435, h_range=[4.94e+00, 2.83e+01], num_knots=889
2025-09-06 12:57:56,823 - Iter 5910: obj=-1104.065608, change=7.32e-06, α=0.000, ‖θ[1:]‖₁=13.435, h_range=[4.94e+00, 2.83e+01], num_knots=889
2025-09-06 12:57:56,922 - Iter 5920: obj=-1104.100091, change=7.13e-06, α=0.000, ‖θ[1:]‖₁=13.436, h_range=[4.94e+00, 2.83e+01], num_knots=888
2025-09-06 12:57:56,994 - Iter 5930: obj=-1104.134400, change=6.81e-06, α=0.000, ‖θ[1:]‖₁=13.436, h_range=[4.94e+00, 2.83e+01], num_knots=887
2025-09-06 12:57:57,079 - Iter 5940: obj=-1104.168561, change=6.95e-06, α=0.000, ‖θ[1:]‖₁=13.436, h_range=[4.94e+00, 2.83e+01], num_knots=885
2025-09-06 12:57:57,164 - Iter 5950: obj=-1104.202619, change=6.32e-06, α=0.000, ‖θ[1:]‖₁=13.437, h_range=[4.94e+00, 2.83e+01], num_knots=884
2025-09-06 12:57:57,251 - Iter 5960: obj=-1104.236528, change=6.25e-06, α=0.000, ‖θ[1:]‖₁=13.437, h_range=[4.94e+00, 2.83e+01], num_knots=884
2025-09-06 12:57:57,348 - Iter 5970: obj=-1104.270406, change=6.10e-06, α=0.000, ‖θ[1:]‖₁=13.438, h_range=[4.94e+00, 2.83e+01], num_knots=883
2025-09-06 12:57:57,489 - Iter 5980: obj=-1104.304236, change=7.20e-06, α=0.000, ‖θ[1:]‖₁=13.438, h_range=[4.94e+00, 2.83e+01], num_knots=882
2025-09-06 12:57:57,579 - Iter 5990: obj=-1104.337970, change=6.52e-06, α=0.000, ‖θ[1:]‖₁=13.439, h_range=[4.94e+00, 2.83e+01], num_knots=882
2025-09-06 12:57:57,666 - Iter 6000: obj=-1104.371697, change=6.40e-06, α=0.000, ‖θ[1:]‖₁=13.439, h_range=[4.94e+00, 2.83e+01], num_knots=881
2025-09-06 12:57:57,742 - Iter 6010: obj=-1104.405332, change=6.09e-06, α=0.000, ‖θ[1:]‖₁=13.440, h_range=[4.94e+00, 2.83e+01], num_knots=879
2025-09-06 12:57:57,817 - Iter 6020: obj=-1104.438844, change=6.08e-06, α=0.000, ‖θ[1:]‖₁=13.440, h_range=[4.94e+00, 2.83e+01], num_knots=878
2025-09-06 12:57:57,897 - Iter 6030: obj=-1104.472310, change=6.08e-06, α=0.000, ‖θ[1:]‖₁=13.441, h_range=[4.94e+00, 2.83e+01], num_knots=878
2025-09-06 12:57:57,984 - Iter 6040: obj=-1104.505705, change=6.08e-06, α=0.000, ‖θ[1:]‖₁=13.441, h_range=[4.94e+00, 2.83e+01], num_knots=877
2025-09-06 12:57:58,093 - Iter 6050: obj=-1104.539060, change=6.12e-06, α=0.000, ‖θ[1:]‖₁=13.442, h_range=[4.94e+00, 2.83e+01], num_knots=877
2025-09-06 12:57:58,239 - Iter 6060: obj=-1104.572407, change=6.13e-06, α=0.000, ‖θ[1:]‖₁=13.442, h_range=[4.94e+00, 2.83e+01], num_knots=877
2025-09-06 12:57:58,333 - Iter 6070: obj=-1104.605726, change=7.21e-06, α=0.000, ‖θ[1:]‖₁=13.442, h_range=[4.94e+00, 2.83e+01], num_knots=876
2025-09-06 12:57:58,429 - Iter 6080: obj=-1104.639004, change=6.80e-06, α=0.000, ‖θ[1:]‖₁=13.443, h_range=[4.94e+00, 2.83e+01], num_knots=875
2025-09-06 12:57:58,546 - Iter 6090: obj=-1104.672147, change=6.11e-06, α=0.000, ‖θ[1:]‖₁=13.443, h_range=[4.94e+00, 2.83e+01], num_knots=873
2025-09-06 12:57:58,649 - Iter 6100: obj=-1104.704890, change=6.06e-06, α=0.000, ‖θ[1:]‖₁=13.444, h_range=[4.94e+00, 2.83e+01], num_knots=871
2025-09-06 12:57:58,752 - Iter 6110: obj=-1104.737537, change=6.06e-06, α=0.000, ‖θ[1:]‖₁=13.444, h_range=[4.94e+00, 2.83e+01], num_knots=871
2025-09-06 12:57:58,861 - Iter 6120: obj=-1104.770147, change=7.04e-06, α=0.000, ‖θ[1:]‖₁=13.445, h_range=[4.94e+00, 2.83e+01], num_knots=870
2025-09-06 12:57:58,968 - Iter 6130: obj=-1104.802626, change=6.12e-06, α=0.000, ‖θ[1:]‖₁=13.445, h_range=[4.94e+00, 2.83e+01], num_knots=870
2025-09-06 12:57:59,077 - Iter 6140: obj=-1104.835096, change=6.05e-06, α=0.000, ‖θ[1:]‖₁=13.446, h_range=[4.94e+00, 2.83e+01], num_knots=870
2025-09-06 12:57:59,182 - Iter 6150: obj=-1104.867423, change=6.04e-06, α=0.000, ‖θ[1:]‖₁=13.446, h_range=[4.94e+00, 2.83e+01], num_knots=869
2025-09-06 12:57:59,288 - Iter 6160: obj=-1104.899708, change=6.04e-06, α=0.000, ‖θ[1:]‖₁=13.447, h_range=[4.94e+00, 2.83e+01], num_knots=869
2025-09-06 12:57:59,382 - Iter 6170: obj=-1104.931985, change=6.03e-06, α=0.000, ‖θ[1:]‖₁=13.447, h_range=[4.94e+00, 2.83e+01], num_knots=869
2025-09-06 12:57:59,451 - Iter 6180: obj=-1104.964254, change=6.03e-06, α=0.000, ‖θ[1:]‖₁=13.448, h_range=[4.94e+00, 2.83e+01], num_knots=869
2025-09-06 12:57:59,546 - Iter 6190: obj=-1104.996516, change=6.02e-06, α=0.000, ‖θ[1:]‖₁=13.448, h_range=[4.94e+00, 2.83e+01], num_knots=869
2025-09-06 12:57:59,622 - Iter 6200: obj=-1105.028739, change=6.02e-06, α=0.000, ‖θ[1:]‖₁=13.449, h_range=[4.94e+00, 2.83e+01], num_knots=866
2025-09-06 12:57:59,705 - Iter 6210: obj=-1105.060747, change=6.01e-06, α=0.000, ‖θ[1:]‖₁=13.449, h_range=[4.94e+00, 2.83e+01], num_knots=866
2025-09-06 12:57:59,776 - Iter 6220: obj=-1105.092743, change=6.01e-06, α=0.000, ‖θ[1:]‖₁=13.450, h_range=[4.94e+00, 2.83e+01], num_knots=866
2025-09-06 12:57:59,864 - Iter 6230: obj=-1105.124731, change=6.00e-06, α=0.000, ‖θ[1:]‖₁=13.450, h_range=[4.94e+00, 2.83e+01], num_knots=866
2025-09-06 12:57:59,948 - Iter 6240: obj=-1105.156711, change=6.00e-06, α=0.000, ‖θ[1:]‖₁=13.450, h_range=[4.94e+00, 2.83e+01], num_knots=866
2025-09-06 12:58:00,041 - Iter 6250: obj=-1105.188634, change=5.99e-06, α=0.000, ‖θ[1:]‖₁=13.451, h_range=[4.93e+00, 2.83e+01], num_knots=865
2025-09-06 12:58:00,113 - Iter 6260: obj=-1105.220484, change=5.99e-06, α=0.000, ‖θ[1:]‖₁=13.451, h_range=[4.93e+00, 2.83e+01], num_knots=865
2025-09-06 12:58:00,186 - Iter 6270: obj=-1105.252328, change=5.98e-06, α=0.000, ‖θ[1:]‖₁=13.452, h_range=[4.93e+00, 2.83e+01], num_knots=865
2025-09-06 12:58:00,276 - Iter 6280: obj=-1105.284097, change=5.98e-06, α=0.000, ‖θ[1:]‖₁=13.452, h_range=[4.93e+00, 2.83e+01], num_knots=864
2025-09-06 12:58:00,362 - Iter 6290: obj=-1105.315757, change=5.98e-06, α=0.000, ‖θ[1:]‖₁=13.452, h_range=[4.93e+00, 2.83e+01], num_knots=864
2025-09-06 12:58:00,449 - Iter 6300: obj=-1105.347409, change=5.97e-06, α=0.000, ‖θ[1:]‖₁=13.453, h_range=[4.93e+00, 2.83e+01], num_knots=864
2025-09-06 12:58:00,552 - Iter 6310: obj=-1105.379055, change=5.97e-06, α=0.000, ‖θ[1:]‖₁=13.453, h_range=[4.93e+00, 2.83e+01], num_knots=864
2025-09-06 12:58:00,635 - Iter 6320: obj=-1105.410693, change=5.97e-06, α=0.000, ‖θ[1:]‖₁=13.454, h_range=[4.93e+00, 2.83e+01], num_knots=864
2025-09-06 12:58:00,724 - Iter 6330: obj=-1105.442277, change=6.62e-06, α=0.000, ‖θ[1:]‖₁=13.454, h_range=[4.93e+00, 2.83e+01], num_knots=863
2025-09-06 12:58:00,818 - Iter 6340: obj=-1105.473821, change=6.01e-06, α=0.000, ‖θ[1:]‖₁=13.454, h_range=[4.93e+00, 2.83e+01], num_knots=862
2025-09-06 12:58:00,894 - Iter 6350: obj=-1105.505324, change=6.06e-06, α=0.000, ‖θ[1:]‖₁=13.455, h_range=[4.93e+00, 2.83e+01], num_knots=862
2025-09-06 12:58:00,974 - Iter 6360: obj=-1105.536821, change=5.96e-06, α=0.000, ‖θ[1:]‖₁=13.455, h_range=[4.93e+00, 2.83e+01], num_knots=862
2025-09-06 12:58:01,066 - Iter 6370: obj=-1105.568311, change=5.95e-06, α=0.000, ‖θ[1:]‖₁=13.455, h_range=[4.93e+00, 2.83e+01], num_knots=862
2025-09-06 12:58:01,165 - Iter 6380: obj=-1105.599786, change=5.95e-06, α=0.000, ‖θ[1:]‖₁=13.456, h_range=[4.93e+00, 2.83e+01], num_knots=861
2025-09-06 12:58:01,243 - Iter 6390: obj=-1105.631147, change=5.95e-06, α=0.000, ‖θ[1:]‖₁=13.456, h_range=[4.93e+00, 2.83e+01], num_knots=860
2025-09-06 12:58:01,329 - Iter 6400: obj=-1105.662478, change=5.94e-06, α=0.000, ‖θ[1:]‖₁=13.456, h_range=[4.93e+00, 2.83e+01], num_knots=860
2025-09-06 12:58:01,393 - Iter 6410: obj=-1105.693803, change=5.94e-06, α=0.000, ‖θ[1:]‖₁=13.457, h_range=[4.93e+00, 2.83e+01], num_knots=860
2025-09-06 12:58:01,470 - Iter 6420: obj=-1105.725122, change=5.94e-06, α=0.000, ‖θ[1:]‖₁=13.457, h_range=[4.93e+00, 2.83e+01], num_knots=860
2025-09-06 12:58:01,556 - Iter 6430: obj=-1105.756434, change=5.93e-06, α=0.000, ‖θ[1:]‖₁=13.457, h_range=[4.93e+00, 2.83e+01], num_knots=860
2025-09-06 12:58:01,649 - Iter 6440: obj=-1105.787684, change=5.93e-06, α=0.000, ‖θ[1:]‖₁=13.458, h_range=[4.93e+00, 2.83e+01], num_knots=859
2025-09-06 12:58:01,733 - Iter 6450: obj=-1105.818865, change=5.93e-06, α=0.000, ‖θ[1:]‖₁=13.458, h_range=[4.93e+00, 2.83e+01], num_knots=858
2025-09-06 12:58:01,821 - Iter 6460: obj=-1105.849939, change=5.93e-06, α=0.000, ‖θ[1:]‖₁=13.458, h_range=[4.93e+00, 2.83e+01], num_knots=858
2025-09-06 12:58:01,914 - Iter 6470: obj=-1105.881007, change=5.93e-06, α=0.000, ‖θ[1:]‖₁=13.459, h_range=[4.93e+00, 2.83e+01], num_knots=858
2025-09-06 12:58:02,001 - Iter 6480: obj=-1105.912068, change=5.93e-06, α=0.000, ‖θ[1:]‖₁=13.459, h_range=[4.93e+00, 2.83e+01], num_knots=858
2025-09-06 12:58:02,085 - Iter 6490: obj=-1105.943089, change=5.92e-06, α=0.000, ‖θ[1:]‖₁=13.459, h_range=[4.93e+00, 2.83e+01], num_knots=857
2025-09-06 12:58:02,168 - Iter 6500: obj=-1105.974096, change=5.92e-06, α=0.000, ‖θ[1:]‖₁=13.460, h_range=[4.93e+00, 2.83e+01], num_knots=857
2025-09-06 12:58:02,259 - Iter 6510: obj=-1106.005097, change=5.92e-06, α=0.000, ‖θ[1:]‖₁=13.460, h_range=[4.93e+00, 2.83e+01], num_knots=857
2025-09-06 12:58:02,337 - Iter 6520: obj=-1106.036091, change=5.92e-06, α=0.000, ‖θ[1:]‖₁=13.460, h_range=[4.93e+00, 2.83e+01], num_knots=857
2025-09-06 12:58:02,418 - Iter 6530: obj=-1106.067081, change=5.92e-06, α=0.000, ‖θ[1:]‖₁=13.461, h_range=[4.93e+00, 2.83e+01], num_knots=857
2025-09-06 12:58:02,514 - Iter 6540: obj=-1106.098064, change=5.92e-06, α=0.000, ‖θ[1:]‖₁=13.461, h_range=[4.93e+00, 2.83e+01], num_knots=857
2025-09-06 12:58:02,606 - Iter 6550: obj=-1106.129042, change=5.92e-06, α=0.000, ‖θ[1:]‖₁=13.461, h_range=[4.93e+00, 2.83e+01], num_knots=857
2025-09-06 12:58:02,690 - Iter 6560: obj=-1106.160015, change=5.91e-06, α=0.000, ‖θ[1:]‖₁=13.461, h_range=[4.93e+00, 2.83e+01], num_knots=857
2025-09-06 12:58:02,796 - Iter 6570: obj=-1106.190960, change=5.91e-06, α=0.000, ‖θ[1:]‖₁=13.462, h_range=[4.93e+00, 2.83e+01], num_knots=856
2025-09-06 12:58:02,895 - Iter 6580: obj=-1106.221817, change=5.91e-06, α=0.000, ‖θ[1:]‖₁=13.462, h_range=[4.93e+00, 2.83e+01], num_knots=856
2025-09-06 12:58:03,002 - Iter 6590: obj=-1106.252626, change=6.51e-06, α=0.000, ‖θ[1:]‖₁=13.462, h_range=[4.93e+00, 2.83e+01], num_knots=854
2025-09-06 12:58:03,095 - Iter 6600: obj=-1106.283323, change=5.94e-06, α=0.000, ‖θ[1:]‖₁=13.462, h_range=[4.93e+00, 2.83e+01], num_knots=854
2025-09-06 12:58:03,199 - Iter 6610: obj=-1106.314014, change=5.91e-06, α=0.000, ‖θ[1:]‖₁=13.463, h_range=[4.93e+00, 2.83e+01], num_knots=854
2025-09-06 12:58:03,281 - Iter 6620: obj=-1106.344535, change=5.91e-06, α=0.000, ‖θ[1:]‖₁=13.463, h_range=[4.93e+00, 2.83e+01], num_knots=852
2025-09-06 12:58:03,358 - Iter 6630: obj=-1106.374937, change=5.91e-06, α=0.000, ‖θ[1:]‖₁=13.463, h_range=[4.93e+00, 2.83e+01], num_knots=851
2025-09-06 12:58:03,446 - Iter 6640: obj=-1106.405279, change=6.12e-06, α=0.000, ‖θ[1:]‖₁=13.464, h_range=[4.93e+00, 2.83e+01], num_knots=850
2025-09-06 12:58:03,521 - Iter 6650: obj=-1106.435490, change=5.91e-06, α=0.000, ‖θ[1:]‖₁=13.464, h_range=[4.93e+00, 2.83e+01], num_knots=850
2025-09-06 12:58:03,612 - Iter 6660: obj=-1106.465695, change=5.91e-06, α=0.000, ‖θ[1:]‖₁=13.464, h_range=[4.93e+00, 2.83e+01], num_knots=850
2025-09-06 12:58:03,716 - Iter 6670: obj=-1106.495895, change=5.91e-06, α=0.000, ‖θ[1:]‖₁=13.464, h_range=[4.93e+00, 2.83e+01], num_knots=850
2025-09-06 12:58:03,811 - Iter 6680: obj=-1106.526088, change=5.91e-06, α=0.000, ‖θ[1:]‖₁=13.465, h_range=[4.93e+00, 2.83e+01], num_knots=850
2025-09-06 12:58:03,913 - Iter 6690: obj=-1106.556276, change=5.91e-06, α=0.000, ‖θ[1:]‖₁=13.465, h_range=[4.93e+00, 2.83e+01], num_knots=850
2025-09-06 12:58:04,018 - Iter 6700: obj=-1106.586458, change=5.91e-06, α=0.000, ‖θ[1:]‖₁=13.465, h_range=[4.93e+00, 2.83e+01], num_knots=850
2025-09-06 12:58:04,094 - Iter 6710: obj=-1106.616633, change=5.91e-06, α=0.000, ‖θ[1:]‖₁=13.466, h_range=[4.93e+00, 2.83e+01], num_knots=849
2025-09-06 12:58:04,190 - Iter 6720: obj=-1106.646750, change=5.91e-06, α=0.000, ‖θ[1:]‖₁=13.466, h_range=[4.93e+00, 2.83e+01], num_knots=848
2025-09-06 12:58:04,313 - Iter 6730: obj=-1106.676787, change=5.91e-06, α=0.000, ‖θ[1:]‖₁=13.466, h_range=[4.93e+00, 2.83e+01], num_knots=848
2025-09-06 12:58:04,395 - Iter 6740: obj=-1106.706745, change=5.91e-06, α=0.000, ‖θ[1:]‖₁=13.466, h_range=[4.93e+00, 2.83e+01], num_knots=846
2025-09-06 12:58:04,473 - Iter 6750: obj=-1106.736628, change=5.91e-06, α=0.000, ‖θ[1:]‖₁=13.467, h_range=[4.93e+00, 2.83e+01], num_knots=845
2025-09-06 12:58:04,560 - Iter 6760: obj=-1106.766459, change=5.91e-06, α=0.000, ‖θ[1:]‖₁=13.467, h_range=[4.93e+00, 2.83e+01], num_knots=845
2025-09-06 12:58:04,646 - Iter 6770: obj=-1106.796283, change=7.30e-06, α=0.000, ‖θ[1:]‖₁=13.467, h_range=[4.93e+00, 2.83e+01], num_knots=844
2025-09-06 12:58:04,730 - Iter 6780: obj=-1106.825982, change=7.79e-06, α=0.000, ‖θ[1:]‖₁=13.468, h_range=[4.93e+00, 2.83e+01], num_knots=843
2025-09-06 12:58:04,815 - Iter 6790: obj=-1106.855611, change=6.70e-06, α=0.000, ‖θ[1:]‖₁=13.468, h_range=[4.93e+00, 2.83e+01], num_knots=843
2025-09-06 12:58:04,900 - Iter 6800: obj=-1106.885234, change=6.14e-06, α=0.000, ‖θ[1:]‖₁=13.468, h_range=[4.93e+00, 2.83e+01], num_knots=843
2025-09-06 12:58:04,988 - Iter 6810: obj=-1106.914852, change=5.91e-06, α=0.000, ‖θ[1:]‖₁=13.469, h_range=[4.93e+00, 2.83e+01], num_knots=843
2025-09-06 12:58:05,082 - Iter 6820: obj=-1106.944463, change=5.91e-06, α=0.000, ‖θ[1:]‖₁=13.469, h_range=[4.93e+00, 2.83e+01], num_knots=843
2025-09-06 12:58:05,174 - Iter 6830: obj=-1106.974044, change=5.91e-06, α=0.000, ‖θ[1:]‖₁=13.469, h_range=[4.93e+00, 2.83e+01], num_knots=842
2025-09-06 12:58:05,251 - Iter 6840: obj=-1107.003599, change=5.91e-06, α=0.000, ‖θ[1:]‖₁=13.469, h_range=[4.93e+00, 2.83e+01], num_knots=842
2025-09-06 12:58:05,334 - Iter 6850: obj=-1107.033149, change=5.91e-06, α=0.000, ‖θ[1:]‖₁=13.470, h_range=[4.93e+00, 2.83e+01], num_knots=842
2025-09-06 12:58:05,410 - Iter 6860: obj=-1107.062560, change=5.91e-06, α=0.000, ‖θ[1:]‖₁=13.470, h_range=[4.93e+00, 2.83e+01], num_knots=840
2025-09-06 12:58:05,493 - Iter 6870: obj=-1107.091892, change=5.91e-06, α=0.000, ‖θ[1:]‖₁=13.470, h_range=[4.93e+00, 2.83e+01], num_knots=838
2025-09-06 12:58:05,581 - Iter 6880: obj=-1107.121033, change=5.91e-06, α=0.000, ‖θ[1:]‖₁=13.471, h_range=[4.93e+00, 2.83e+01], num_knots=838
2025-09-06 12:58:05,670 - Iter 6890: obj=-1107.150030, change=5.91e-06, α=0.000, ‖θ[1:]‖₁=13.471, h_range=[4.93e+00, 2.83e+01], num_knots=836
2025-09-06 12:58:05,748 - Iter 6900: obj=-1107.178806, change=5.90e-06, α=0.000, ‖θ[1:]‖₁=13.471, h_range=[4.93e+00, 2.83e+01], num_knots=835
2025-09-06 12:58:05,935 - Iter 6910: obj=-1107.207541, change=5.90e-06, α=0.000, ‖θ[1:]‖₁=13.472, h_range=[4.93e+00, 2.83e+01], num_knots=834
2025-09-06 12:58:06,031 - Iter 6920: obj=-1107.236177, change=5.90e-06, α=0.000, ‖θ[1:]‖₁=13.472, h_range=[4.93e+00, 2.83e+01], num_knots=834
2025-09-06 12:58:06,121 - Iter 6930: obj=-1107.264798, change=5.90e-06, α=0.000, ‖θ[1:]‖₁=13.472, h_range=[4.93e+00, 2.83e+01], num_knots=834
2025-09-06 12:58:06,211 - Iter 6940: obj=-1107.293382, change=7.14e-06, α=0.000, ‖θ[1:]‖₁=13.473, h_range=[4.93e+00, 2.83e+01], num_knots=832
2025-09-06 12:58:06,306 - Iter 6950: obj=-1107.321786, change=6.99e-06, α=0.000, ‖θ[1:]‖₁=13.473, h_range=[4.93e+00, 2.83e+01], num_knots=830
2025-09-06 12:58:06,395 - Iter 6960: obj=-1107.350120, change=5.99e-06, α=0.000, ‖θ[1:]‖₁=13.474, h_range=[4.93e+00, 2.83e+01], num_knots=830
2025-09-06 12:58:06,481 - Iter 6970: obj=-1107.378427, change=5.89e-06, α=0.000, ‖θ[1:]‖₁=13.474, h_range=[4.93e+00, 2.83e+01], num_knots=829
2025-09-06 12:58:06,584 - Iter 6980: obj=-1107.406681, change=5.88e-06, α=0.000, ‖θ[1:]‖₁=13.474, h_range=[4.93e+00, 2.83e+01], num_knots=829
2025-09-06 12:58:06,686 - Iter 6990: obj=-1107.434929, change=5.88e-06, α=0.000, ‖θ[1:]‖₁=13.475, h_range=[4.93e+00, 2.83e+01], num_knots=829
2025-09-06 12:58:06,821 - Iter 7000: obj=-1107.463148, change=5.88e-06, α=0.000, ‖θ[1:]‖₁=13.475, h_range=[4.93e+00, 2.83e+01], num_knots=828
2025-09-06 12:58:06,901 - Iter 7010: obj=-1107.491323, change=6.23e-06, α=0.000, ‖θ[1:]‖₁=13.476, h_range=[4.93e+00, 2.83e+01], num_knots=827
2025-09-06 12:58:07,002 - Iter 7020: obj=-1107.519332, change=5.88e-06, α=0.000, ‖θ[1:]‖₁=13.476, h_range=[4.93e+00, 2.83e+01], num_knots=827
2025-09-06 12:58:07,097 - Iter 7030: obj=-1107.547323, change=5.87e-06, α=0.000, ‖θ[1:]‖₁=13.476, h_range=[4.93e+00, 2.83e+01], num_knots=826
2025-09-06 12:58:07,195 - Iter 7040: obj=-1107.575298, change=5.87e-06, α=0.000, ‖θ[1:]‖₁=13.477, h_range=[4.93e+00, 2.83e+01], num_knots=826
2025-09-06 12:58:07,288 - Iter 7050: obj=-1107.603267, change=5.87e-06, α=0.000, ‖θ[1:]‖₁=13.477, h_range=[4.93e+00, 2.83e+01], num_knots=826
2025-09-06 12:58:07,370 - Iter 7060: obj=-1107.631101, change=8.19e-06, α=0.000, ‖θ[1:]‖₁=13.477, h_range=[4.93e+00, 2.83e+01], num_knots=825
2025-09-06 12:58:07,456 - Iter 7070: obj=-1107.658849, change=5.86e-06, α=0.000, ‖θ[1:]‖₁=13.478, h_range=[4.93e+00, 2.83e+01], num_knots=823
2025-09-06 12:58:07,550 - Iter 7080: obj=-1107.686370, change=6.52e-06, α=0.000, ‖θ[1:]‖₁=13.478, h_range=[4.93e+00, 2.83e+01], num_knots=823
2025-09-06 12:58:07,641 - Iter 7090: obj=-1107.713885, change=6.89e-06, α=0.000, ‖θ[1:]‖₁=13.479, h_range=[4.93e+00, 2.83e+01], num_knots=823
2025-09-06 12:58:07,720 - Iter 7100: obj=-1107.741333, change=9.46e-06, α=0.000, ‖θ[1:]‖₁=13.479, h_range=[4.93e+00, 2.83e+01], num_knots=822
2025-09-06 12:58:07,810 - Iter 7110: obj=-1107.768677, change=8.90e-06, α=0.000, ‖θ[1:]‖₁=13.479, h_range=[4.93e+00, 2.83e+01], num_knots=821
2025-09-06 12:58:07,889 - Iter 7120: obj=-1107.795987, change=8.80e-06, α=0.000, ‖θ[1:]‖₁=13.480, h_range=[4.93e+00, 2.83e+01], num_knots=821
2025-09-06 12:58:07,969 - Iter 7130: obj=-1107.823272, change=9.12e-06, α=0.000, ‖θ[1:]‖₁=13.480, h_range=[4.93e+00, 2.83e+01], num_knots=820
2025-09-06 12:58:08,055 - Iter 7140: obj=-1107.850512, change=8.32e-06, α=0.000, ‖θ[1:]‖₁=13.481, h_range=[4.93e+00, 2.83e+01], num_knots=820
2025-09-06 12:58:08,136 - Iter 7150: obj=-1107.877746, change=7.84e-06, α=0.000, ‖θ[1:]‖₁=13.481, h_range=[4.93e+00, 2.83e+01], num_knots=820
2025-09-06 12:58:08,227 - Iter 7160: obj=-1107.904974, change=7.47e-06, α=0.000, ‖θ[1:]‖₁=13.481, h_range=[4.93e+00, 2.83e+01], num_knots=820
2025-09-06 12:58:08,303 - Iter 7170: obj=-1107.932185, change=6.16e-06, α=0.000, ‖θ[1:]‖₁=13.482, h_range=[4.93e+00, 2.83e+01], num_knots=818
2025-09-06 12:58:08,391 - Iter 7180: obj=-1107.959346, change=6.48e-06, α=0.000, ‖θ[1:]‖₁=13.482, h_range=[4.93e+00, 2.83e+01], num_knots=818
2025-09-06 12:58:08,483 - Iter 7190: obj=-1107.986502, change=6.45e-06, α=0.000, ‖θ[1:]‖₁=13.482, h_range=[4.93e+00, 2.83e+01], num_knots=818
2025-09-06 12:58:08,579 - Iter 7200: obj=-1108.013570, change=8.03e-06, α=0.000, ‖θ[1:]‖₁=13.483, h_range=[4.93e+00, 2.83e+01], num_knots=816
2025-09-06 12:58:08,667 - Iter 7210: obj=-1108.040572, change=9.36e-06, α=0.000, ‖θ[1:]‖₁=13.483, h_range=[4.93e+00, 2.83e+01], num_knots=814
2025-09-06 12:58:08,761 - Iter 7220: obj=-1108.067429, change=8.70e-06, α=0.000, ‖θ[1:]‖₁=13.484, h_range=[4.93e+00, 2.83e+01], num_knots=814
2025-09-06 12:58:08,864 - Iter 7230: obj=-1108.094272, change=7.89e-06, α=0.000, ‖θ[1:]‖₁=13.484, h_range=[4.93e+00, 2.83e+01], num_knots=814
2025-09-06 12:58:08,964 - Iter 7240: obj=-1108.121068, change=5.83e-06, α=0.000, ‖θ[1:]‖₁=13.484, h_range=[4.93e+00, 2.83e+01], num_knots=812
2025-09-06 12:58:09,050 - Iter 7250: obj=-1108.147784, change=6.17e-06, α=0.000, ‖θ[1:]‖₁=13.485, h_range=[4.93e+00, 2.83e+01], num_knots=812
2025-09-06 12:58:09,149 - Iter 7260: obj=-1108.174445, change=5.87e-06, α=0.000, ‖θ[1:]‖₁=13.485, h_range=[4.93e+00, 2.83e+01], num_knots=811
2025-09-06 12:58:09,271 - Iter 7270: obj=-1108.201032, change=6.14e-06, α=0.000, ‖θ[1:]‖₁=13.485, h_range=[4.93e+00, 2.83e+01], num_knots=811
2025-09-06 12:58:09,357 - Iter 7280: obj=-1108.227605, change=6.49e-06, α=0.000, ‖θ[1:]‖₁=13.486, h_range=[4.93e+00, 2.83e+01], num_knots=810
2025-09-06 12:58:09,433 - Iter 7290: obj=-1108.254144, change=5.93e-06, α=0.000, ‖θ[1:]‖₁=13.486, h_range=[4.93e+00, 2.83e+01], num_knots=810
2025-09-06 12:58:09,503 - Iter 7300: obj=-1108.280615, change=5.87e-06, α=0.000, ‖θ[1:]‖₁=13.487, h_range=[4.93e+00, 2.83e+01], num_knots=808
2025-09-06 12:58:09,599 - Iter 7310: obj=-1108.306918, change=9.46e-06, α=0.000, ‖θ[1:]‖₁=13.487, h_range=[4.93e+00, 2.83e+01], num_knots=805
2025-09-06 12:58:09,689 - Iter 7320: obj=-1108.333057, change=8.81e-06, α=0.000, ‖θ[1:]‖₁=13.487, h_range=[4.93e+00, 2.83e+01], num_knots=804
2025-09-06 12:58:09,767 - Iter 7330: obj=-1108.359100, change=8.23e-06, α=0.000, ‖θ[1:]‖₁=13.488, h_range=[4.93e+00, 2.83e+01], num_knots=802
2025-09-06 12:58:09,840 - Iter 7340: obj=-1108.385048, change=7.73e-06, α=0.000, ‖θ[1:]‖₁=13.488, h_range=[4.93e+00, 2.83e+01], num_knots=802
2025-09-06 12:58:09,923 - Iter 7350: obj=-1108.410984, change=7.36e-06, α=0.000, ‖θ[1:]‖₁=13.489, h_range=[4.93e+00, 2.83e+01], num_knots=802
2025-09-06 12:58:10,004 - Iter 7360: obj=-1108.436914, change=6.95e-06, α=0.000, ‖θ[1:]‖₁=13.489, h_range=[4.93e+00, 2.83e+01], num_knots=802
2025-09-06 12:58:10,095 - Iter 7370: obj=-1108.462837, change=6.56e-06, α=0.000, ‖θ[1:]‖₁=13.489, h_range=[4.93e+00, 2.83e+01], num_knots=802
2025-09-06 12:58:10,175 - Iter 7380: obj=-1108.488755, change=6.21e-06, α=0.000, ‖θ[1:]‖₁=13.490, h_range=[4.93e+00, 2.83e+01], num_knots=802
2025-09-06 12:58:10,253 - Iter 7390: obj=-1108.514667, change=5.89e-06, α=0.000, ‖θ[1:]‖₁=13.490, h_range=[4.93e+00, 2.83e+01], num_knots=802
2025-09-06 12:58:10,338 - Iter 7400: obj=-1108.540573, change=5.95e-06, α=0.000, ‖θ[1:]‖₁=13.491, h_range=[4.93e+00, 2.83e+01], num_knots=801
2025-09-06 12:58:10,420 - Iter 7410: obj=-1108.566442, change=5.80e-06, α=0.000, ‖θ[1:]‖₁=13.491, h_range=[4.93e+00, 2.83e+01], num_knots=800
2025-09-06 12:58:10,506 - Iter 7420: obj=-1108.592239, change=5.80e-06, α=0.000, ‖θ[1:]‖₁=13.491, h_range=[4.93e+00, 2.83e+01], num_knots=800
2025-09-06 12:58:10,595 - Iter 7430: obj=-1108.617987, change=5.80e-06, α=0.000, ‖θ[1:]‖₁=13.492, h_range=[4.93e+00, 2.83e+01], num_knots=799
2025-09-06 12:58:10,670 - Iter 7440: obj=-1108.643719, change=5.80e-06, α=0.000, ‖θ[1:]‖₁=13.492, h_range=[4.93e+00, 2.83e+01], num_knots=798
2025-09-06 12:58:10,746 - Iter 7450: obj=-1108.669382, change=5.79e-06, α=0.000, ‖θ[1:]‖₁=13.492, h_range=[4.93e+00, 2.83e+01], num_knots=798
2025-09-06 12:58:10,834 - Iter 7460: obj=-1108.695040, change=5.79e-06, α=0.000, ‖θ[1:]‖₁=13.493, h_range=[4.93e+00, 2.83e+01], num_knots=798
2025-09-06 12:58:10,917 - Iter 7470: obj=-1108.720641, change=5.79e-06, α=0.000, ‖θ[1:]‖₁=13.493, h_range=[4.93e+00, 2.83e+01], num_knots=797
2025-09-06 12:58:11,012 - Iter 7480: obj=-1108.746199, change=5.78e-06, α=0.000, ‖θ[1:]‖₁=13.493, h_range=[4.93e+00, 2.83e+01], num_knots=796
2025-09-06 12:58:11,119 - Iter 7490: obj=-1108.771642, change=7.31e-06, α=0.000, ‖θ[1:]‖₁=13.494, h_range=[4.93e+00, 2.83e+01], num_knots=794
2025-09-06 12:58:11,217 - Iter 7500: obj=-1108.797030, change=6.78e-06, α=0.000, ‖θ[1:]‖₁=13.494, h_range=[4.93e+00, 2.83e+01], num_knots=794
2025-09-06 12:58:11,303 - Iter 7510: obj=-1108.822414, change=6.43e-06, α=0.000, ‖θ[1:]‖₁=13.494, h_range=[4.93e+00, 2.83e+01], num_knots=794
2025-09-06 12:58:11,381 - Iter 7520: obj=-1108.847711, change=6.00e-06, α=0.000, ‖θ[1:]‖₁=13.495, h_range=[4.93e+00, 2.83e+01], num_knots=793
2025-09-06 12:58:11,465 - Iter 7530: obj=-1108.872922, change=5.96e-06, α=0.000, ‖θ[1:]‖₁=13.495, h_range=[4.93e+00, 2.83e+01], num_knots=792
2025-09-06 12:58:11,548 - Iter 7540: obj=-1108.898113, change=5.81e-06, α=0.000, ‖θ[1:]‖₁=13.496, h_range=[4.93e+00, 2.83e+01], num_knots=792
2025-09-06 12:58:11,621 - Iter 7550: obj=-1108.923299, change=5.76e-06, α=0.000, ‖θ[1:]‖₁=13.496, h_range=[4.93e+00, 2.83e+01], num_knots=792
2025-09-06 12:58:11,711 - Iter 7560: obj=-1108.948454, change=6.52e-06, α=0.000, ‖θ[1:]‖₁=13.496, h_range=[4.93e+00, 2.83e+01], num_knots=791
2025-09-06 12:58:11,802 - Iter 7570: obj=-1108.973372, change=1.09e-05, α=0.000, ‖θ[1:]‖₁=13.497, h_range=[4.93e+00, 2.83e+01], num_knots=789
2025-09-06 12:58:11,889 - Iter 7580: obj=-1108.998204, change=1.01e-05, α=0.000, ‖θ[1:]‖₁=13.497, h_range=[4.93e+00, 2.83e+01], num_knots=789
2025-09-06 12:58:11,987 - Iter 7590: obj=-1109.023030, change=9.51e-06, α=0.000, ‖θ[1:]‖₁=13.497, h_range=[4.93e+00, 2.83e+01], num_knots=789
2025-09-06 12:58:12,068 - Iter 7600: obj=-1109.047848, change=9.47e-06, α=0.000, ‖θ[1:]‖₁=13.498, h_range=[4.93e+00, 2.83e+01], num_knots=788
2025-09-06 12:58:12,158 - Iter 7610: obj=-1109.072600, change=8.73e-06, α=0.000, ‖θ[1:]‖₁=13.498, h_range=[4.93e+00, 2.83e+01], num_knots=788
2025-09-06 12:58:12,243 - Iter 7620: obj=-1109.097347, change=8.30e-06, α=0.000, ‖θ[1:]‖₁=13.499, h_range=[4.93e+00, 2.83e+01], num_knots=788
2025-09-06 12:58:12,332 - Iter 7630: obj=-1109.122022, change=8.05e-06, α=0.000, ‖θ[1:]‖₁=13.499, h_range=[4.93e+00, 2.83e+01], num_knots=787
2025-09-06 12:58:12,428 - Iter 7640: obj=-1109.146678, change=7.62e-06, α=0.000, ‖θ[1:]‖₁=13.499, h_range=[4.93e+00, 2.83e+01], num_knots=787
2025-09-06 12:58:12,516 - Iter 7650: obj=-1109.171224, change=1.03e-05, α=0.000, ‖θ[1:]‖₁=13.500, h_range=[4.93e+00, 2.83e+01], num_knots=785
2025-09-06 12:58:12,596 - Iter 7660: obj=-1109.195716, change=9.70e-06, α=0.000, ‖θ[1:]‖₁=13.500, h_range=[4.93e+00, 2.83e+01], num_knots=785
2025-09-06 12:58:12,669 - Iter 7670: obj=-1109.220203, change=9.29e-06, α=0.000, ‖θ[1:]‖₁=13.500, h_range=[4.93e+00, 2.83e+01], num_knots=785
2025-09-06 12:58:12,763 - Iter 7680: obj=-1109.244648, change=8.90e-06, α=0.000, ‖θ[1:]‖₁=13.501, h_range=[4.93e+00, 2.83e+01], num_knots=784
2025-09-06 12:58:12,857 - Iter 7690: obj=-1109.269050, change=8.65e-06, α=0.000, ‖θ[1:]‖₁=13.501, h_range=[4.93e+00, 2.83e+01], num_knots=784
2025-09-06 12:58:12,949 - Iter 7700: obj=-1109.293403, change=7.92e-06, α=0.000, ‖θ[1:]‖₁=13.502, h_range=[4.93e+00, 2.83e+01], num_knots=783
2025-09-06 12:58:13,035 - Iter 7710: obj=-1109.317743, change=7.89e-06, α=0.000, ‖θ[1:]‖₁=13.502, h_range=[4.93e+00, 2.83e+01], num_knots=783
2025-09-06 12:58:13,123 - Iter 7720: obj=-1109.342078, change=7.71e-06, α=0.000, ‖θ[1:]‖₁=13.502, h_range=[4.93e+00, 2.83e+01], num_knots=783
2025-09-06 12:58:13,220 - Iter 7730: obj=-1109.366405, change=8.83e-06, α=0.000, ‖θ[1:]‖₁=13.503, h_range=[4.93e+00, 2.83e+01], num_knots=781
2025-09-06 12:58:13,308 - Iter 7740: obj=-1109.390560, change=7.87e-06, α=0.000, ‖θ[1:]‖₁=13.503, h_range=[4.93e+00, 2.83e+01], num_knots=781
2025-09-06 12:58:13,387 - Iter 7750: obj=-1109.414704, change=7.09e-06, α=0.000, ‖θ[1:]‖₁=13.503, h_range=[4.93e+00, 2.83e+01], num_knots=781
2025-09-06 12:58:13,482 - Iter 7760: obj=-1109.438843, change=6.65e-06, α=0.000, ‖θ[1:]‖₁=13.504, h_range=[4.93e+00, 2.83e+01], num_knots=781
2025-09-06 12:58:13,555 - Iter 7770: obj=-1109.462979, change=6.35e-06, α=0.000, ‖θ[1:]‖₁=13.504, h_range=[4.93e+00, 2.83e+01], num_knots=781
2025-09-06 12:58:13,646 - Iter 7780: obj=-1109.487110, change=6.10e-06, α=0.000, ‖θ[1:]‖₁=13.504, h_range=[4.93e+00, 2.83e+01], num_knots=781
2025-09-06 12:58:13,728 - Iter 7790: obj=-1109.511237, change=5.89e-06, α=0.000, ‖θ[1:]‖₁=13.504, h_range=[4.93e+00, 2.83e+01], num_knots=781
2025-09-06 12:58:13,815 - Iter 7800: obj=-1109.535360, change=5.71e-06, α=0.000, ‖θ[1:]‖₁=13.505, h_range=[4.93e+00, 2.83e+01], num_knots=781
2025-09-06 12:58:13,906 - Iter 7810: obj=-1109.559479, change=5.70e-06, α=0.000, ‖θ[1:]‖₁=13.505, h_range=[4.93e+00, 2.83e+01], num_knots=781
2025-09-06 12:58:13,981 - Iter 7820: obj=-1109.583595, change=5.70e-06, α=0.000, ‖θ[1:]‖₁=13.505, h_range=[4.93e+00, 2.83e+01], num_knots=781
2025-09-06 12:58:14,074 - Iter 7830: obj=-1109.607707, change=5.70e-06, α=0.000, ‖θ[1:]‖₁=13.506, h_range=[4.93e+00, 2.83e+01], num_knots=781
2025-09-06 12:58:14,159 - Iter 7840: obj=-1109.631716, change=5.70e-06, α=0.000, ‖θ[1:]‖₁=13.506, h_range=[4.93e+00, 2.83e+01], num_knots=779
2025-09-06 12:58:14,262 - Iter 7850: obj=-1109.655598, change=5.70e-06, α=0.000, ‖θ[1:]‖₁=13.506, h_range=[4.93e+00, 2.83e+01], num_knots=779
2025-09-06 12:58:14,357 - Iter 7860: obj=-1109.679476, change=5.70e-06, α=0.000, ‖θ[1:]‖₁=13.506, h_range=[4.93e+00, 2.83e+01], num_knots=779
2025-09-06 12:58:14,451 - Iter 7870: obj=-1109.703276, change=5.70e-06, α=0.000, ‖θ[1:]‖₁=13.507, h_range=[4.93e+00, 2.83e+01], num_knots=777
2025-09-06 12:58:14,540 - Iter 7880: obj=-1109.727042, change=5.70e-06, α=0.000, ‖θ[1:]‖₁=13.507, h_range=[4.93e+00, 2.83e+01], num_knots=777
2025-09-06 12:58:14,647 - Iter 7890: obj=-1109.750805, change=5.70e-06, α=0.000, ‖θ[1:]‖₁=13.507, h_range=[4.93e+00, 2.83e+01], num_knots=777
2025-09-06 12:58:14,749 - Iter 7900: obj=-1109.774564, change=5.69e-06, α=0.000, ‖θ[1:]‖₁=13.507, h_range=[4.93e+00, 2.83e+01], num_knots=777
2025-09-06 12:58:14,823 - Iter 7910: obj=-1109.798319, change=5.69e-06, α=0.000, ‖θ[1:]‖₁=13.508, h_range=[4.93e+00, 2.83e+01], num_knots=777
2025-09-06 12:58:14,908 - Iter 7920: obj=-1109.822049, change=5.69e-06, α=0.000, ‖θ[1:]‖₁=13.508, h_range=[4.93e+00, 2.83e+01], num_knots=776
2025-09-06 12:58:14,997 - Iter 7930: obj=-1109.845764, change=5.69e-06, α=0.000, ‖θ[1:]‖₁=13.508, h_range=[4.93e+00, 2.83e+01], num_knots=776
2025-09-06 12:58:15,077 - Iter 7940: obj=-1109.869476, change=5.69e-06, α=0.000, ‖θ[1:]‖₁=13.509, h_range=[4.93e+00, 2.83e+01], num_knots=776
2025-09-06 12:58:15,148 - Iter 7950: obj=-1109.893184, change=5.69e-06, α=0.000, ‖θ[1:]‖₁=13.509, h_range=[4.93e+00, 2.83e+01], num_knots=776
2025-09-06 12:58:15,228 - Iter 7960: obj=-1109.916888, change=5.69e-06, α=0.000, ‖θ[1:]‖₁=13.509, h_range=[4.93e+00, 2.83e+01], num_knots=776
2025-09-06 12:58:15,319 - Iter 7970: obj=-1109.940590, change=5.69e-06, α=0.000, ‖θ[1:]‖₁=13.509, h_range=[4.93e+00, 2.83e+01], num_knots=776
2025-09-06 12:58:15,400 - Iter 7980: obj=-1109.964288, change=5.69e-06, α=0.000, ‖θ[1:]‖₁=13.509, h_range=[4.93e+00, 2.83e+01], num_knots=776
2025-09-06 12:58:15,486 - Iter 7990: obj=-1109.987982, change=5.69e-06, α=0.000, ‖θ[1:]‖₁=13.510, h_range=[4.93e+00, 2.83e+01], num_knots=776
2025-09-06 12:58:15,640 - Iter 8000: obj=-1110.011674, change=5.69e-06, α=0.000, ‖θ[1:]‖₁=13.510, h_range=[4.93e+00, 2.83e+01], num_knots=776
2025-09-06 12:58:15,723 - Iter 8010: obj=-1110.035362, change=5.68e-06, α=0.000, ‖θ[1:]‖₁=13.510, h_range=[4.93e+00, 2.83e+01], num_knots=776
2025-09-06 12:58:15,823 - Iter 8020: obj=-1110.059047, change=5.68e-06, α=0.000, ‖θ[1:]‖₁=13.510, h_range=[4.93e+00, 2.83e+01], num_knots=776
2025-09-06 12:58:15,911 - Iter 8030: obj=-1110.082729, change=5.68e-06, α=0.000, ‖θ[1:]‖₁=13.510, h_range=[4.93e+00, 2.83e+01], num_knots=776
2025-09-06 12:58:16,051 - Iter 8040: obj=-1110.106408, change=5.68e-06, α=0.000, ‖θ[1:]‖₁=13.511, h_range=[4.93e+00, 2.83e+01], num_knots=776
2025-09-06 12:58:16,159 - Iter 8050: obj=-1110.130066, change=5.68e-06, α=0.000, ‖θ[1:]‖₁=13.511, h_range=[4.93e+00, 2.83e+01], num_knots=775
2025-09-06 12:58:16,273 - Iter 8060: obj=-1110.153647, change=5.68e-06, α=0.000, ‖θ[1:]‖₁=13.511, h_range=[4.93e+00, 2.83e+01], num_knots=774
2025-09-06 12:58:16,386 - Iter 8070: obj=-1110.177061, change=5.68e-06, α=0.000, ‖θ[1:]‖₁=13.511, h_range=[4.93e+00, 2.83e+01], num_knots=773
2025-09-06 12:58:16,493 - Iter 8080: obj=-1110.200453, change=5.68e-06, α=0.000, ‖θ[1:]‖₁=13.511, h_range=[4.93e+00, 2.83e+01], num_knots=773
2025-09-06 12:58:16,615 - Iter 8090: obj=-1110.223842, change=5.67e-06, α=0.000, ‖θ[1:]‖₁=13.512, h_range=[4.93e+00, 2.83e+01], num_knots=773
2025-09-06 12:58:16,726 - Iter 8100: obj=-1110.247059, change=8.23e-06, α=0.000, ‖θ[1:]‖₁=13.512, h_range=[4.93e+00, 2.83e+01], num_knots=772
2025-09-06 12:58:16,834 - Iter 8110: obj=-1110.270234, change=7.93e-06, α=0.000, ‖θ[1:]‖₁=13.512, h_range=[4.93e+00, 2.83e+01], num_knots=772
2025-09-06 12:58:16,933 - Iter 8120: obj=-1110.293406, change=7.67e-06, α=0.000, ‖θ[1:]‖₁=13.512, h_range=[4.93e+00, 2.83e+01], num_knots=772
2025-09-06 12:58:17,040 - Iter 8130: obj=-1110.316546, change=7.34e-06, α=0.000, ‖θ[1:]‖₁=13.513, h_range=[4.93e+00, 2.83e+01], num_knots=771
2025-09-06 12:58:17,122 - Iter 8140: obj=-1110.339658, change=6.63e-06, α=0.000, ‖θ[1:]‖₁=13.513, h_range=[4.93e+00, 2.83e+01], num_knots=770
2025-09-06 12:58:17,206 - Iter 8150: obj=-1110.362737, change=7.28e-06, α=0.000, ‖θ[1:]‖₁=13.513, h_range=[4.93e+00, 2.83e+01], num_knots=769
2025-09-06 12:58:17,299 - Iter 8160: obj=-1110.385811, change=7.10e-06, α=0.000, ‖θ[1:]‖₁=13.513, h_range=[4.93e+00, 2.83e+01], num_knots=769
2025-09-06 12:58:17,405 - Iter 8170: obj=-1110.408878, change=6.65e-06, α=0.000, ‖θ[1:]‖₁=13.514, h_range=[4.93e+00, 2.83e+01], num_knots=768
2025-09-06 12:58:17,504 - Iter 8180: obj=-1110.431894, change=7.79e-06, α=0.000, ‖θ[1:]‖₁=13.514, h_range=[4.93e+00, 2.83e+01], num_knots=766
2025-09-06 12:58:17,590 - Iter 8190: obj=-1110.454691, change=6.96e-06, α=0.000, ‖θ[1:]‖₁=13.514, h_range=[4.93e+00, 2.83e+01], num_knots=766
2025-09-06 12:58:17,688 - Iter 8200: obj=-1110.477485, change=6.51e-06, α=0.000, ‖θ[1:]‖₁=13.514, h_range=[4.93e+00, 2.83e+01], num_knots=766
2025-09-06 12:58:17,789 - Iter 8210: obj=-1110.500269, change=7.18e-06, α=0.000, ‖θ[1:]‖₁=13.515, h_range=[4.93e+00, 2.83e+01], num_knots=765
2025-09-06 12:58:17,872 - Iter 8220: obj=-1110.522946, change=6.53e-06, α=0.000, ‖θ[1:]‖₁=13.515, h_range=[4.93e+00, 2.83e+01], num_knots=764
2025-09-06 12:58:17,969 - Iter 8230: obj=-1110.545566, change=5.84e-06, α=0.000, ‖θ[1:]‖₁=13.515, h_range=[4.93e+00, 2.83e+01], num_knots=764
2025-09-06 12:58:18,068 - Iter 8240: obj=-1110.568183, change=5.65e-06, α=0.000, ‖θ[1:]‖₁=13.516, h_range=[4.93e+00, 2.83e+01], num_knots=764
2025-09-06 12:58:18,148 - Iter 8250: obj=-1110.590796, change=5.65e-06, α=0.000, ‖θ[1:]‖₁=13.516, h_range=[4.93e+00, 2.83e+01], num_knots=764
2025-09-06 12:58:18,233 - Iter 8260: obj=-1110.613349, change=5.65e-06, α=0.000, ‖θ[1:]‖₁=13.516, h_range=[4.93e+00, 2.83e+01], num_knots=763
2025-09-06 12:58:18,322 - Iter 8270: obj=-1110.635891, change=5.64e-06, α=0.000, ‖θ[1:]‖₁=13.516, h_range=[4.93e+00, 2.83e+01], num_knots=763
2025-09-06 12:58:18,403 - Iter 8280: obj=-1110.658410, change=5.64e-06, α=0.000, ‖θ[1:]‖₁=13.517, h_range=[4.93e+00, 2.83e+01], num_knots=761
2025-09-06 12:58:18,493 - Iter 8290: obj=-1110.680833, change=5.64e-06, α=0.000, ‖θ[1:]‖₁=13.517, h_range=[4.93e+00, 2.83e+01], num_knots=761
2025-09-06 12:58:18,584 - Iter 8300: obj=-1110.703183, change=5.63e-06, α=0.000, ‖θ[1:]‖₁=13.517, h_range=[4.93e+00, 2.83e+01], num_knots=760
2025-09-06 12:58:18,678 - Iter 8310: obj=-1110.725436, change=5.63e-06, α=0.000, ‖θ[1:]‖₁=13.518, h_range=[4.93e+00, 2.83e+01], num_knots=758
2025-09-06 12:58:18,762 - Iter 8320: obj=-1110.747655, change=5.63e-06, α=0.000, ‖θ[1:]‖₁=13.518, h_range=[4.93e+00, 2.83e+01], num_knots=758
2025-09-06 12:58:18,861 - Iter 8330: obj=-1110.769824, change=5.63e-06, α=0.000, ‖θ[1:]‖₁=13.518, h_range=[4.93e+00, 2.83e+01], num_knots=757
2025-09-06 12:58:18,940 - Iter 8340: obj=-1110.791890, change=5.62e-06, α=0.000, ‖θ[1:]‖₁=13.518, h_range=[4.93e+00, 2.83e+01], num_knots=755
2025-09-06 12:58:19,041 - Iter 8350: obj=-1110.813886, change=5.62e-06, α=0.000, ‖θ[1:]‖₁=13.519, h_range=[4.93e+00, 2.83e+01], num_knots=755
2025-09-06 12:58:19,122 - Iter 8360: obj=-1110.835877, change=5.62e-06, α=0.000, ‖θ[1:]‖₁=13.519, h_range=[4.93e+00, 2.83e+01], num_knots=755
2025-09-06 12:58:19,220 - Iter 8370: obj=-1110.857864, change=5.61e-06, α=0.000, ‖θ[1:]‖₁=13.519, h_range=[4.93e+00, 2.83e+01], num_knots=755
2025-09-06 12:58:19,302 - Iter 8380: obj=-1110.879848, change=5.61e-06, α=0.000, ‖θ[1:]‖₁=13.520, h_range=[4.93e+00, 2.83e+01], num_knots=755
2025-09-06 12:58:19,379 - Iter 8390: obj=-1110.901827, change=5.61e-06, α=0.000, ‖θ[1:]‖₁=13.520, h_range=[4.93e+00, 2.83e+01], num_knots=755
2025-09-06 12:58:19,470 - Iter 8400: obj=-1110.923803, change=5.60e-06, α=0.000, ‖θ[1:]‖₁=13.520, h_range=[4.93e+00, 2.83e+01], num_knots=755
2025-09-06 12:58:19,551 - Iter 8410: obj=-1110.945775, change=5.60e-06, α=0.000, ‖θ[1:]‖₁=13.521, h_range=[4.93e+00, 2.83e+01], num_knots=755
2025-09-06 12:58:19,635 - Iter 8420: obj=-1110.967744, change=5.60e-06, α=0.000, ‖θ[1:]‖₁=13.521, h_range=[4.93e+00, 2.83e+01], num_knots=755
2025-09-06 12:58:19,721 - Iter 8430: obj=-1110.989692, change=5.60e-06, α=0.000, ‖θ[1:]‖₁=13.521, h_range=[4.93e+00, 2.83e+01], num_knots=754
2025-09-06 12:58:19,835 - Iter 8440: obj=-1111.011573, change=5.59e-06, α=0.000, ‖θ[1:]‖₁=13.521, h_range=[4.93e+00, 2.83e+01], num_knots=754
2025-09-06 12:58:19,928 - Iter 8450: obj=-1111.033451, change=5.59e-06, α=0.000, ‖θ[1:]‖₁=13.522, h_range=[4.93e+00, 2.83e+01], num_knots=754
2025-09-06 12:58:20,011 - Iter 8460: obj=-1111.055325, change=5.59e-06, α=0.000, ‖θ[1:]‖₁=13.522, h_range=[4.93e+00, 2.83e+01], num_knots=754
2025-09-06 12:58:20,121 - Iter 8470: obj=-1111.077197, change=5.59e-06, α=0.000, ‖θ[1:]‖₁=13.522, h_range=[4.93e+00, 2.83e+01], num_knots=754
2025-09-06 12:58:20,208 - Iter 8480: obj=-1111.099065, change=5.59e-06, α=0.000, ‖θ[1:]‖₁=13.522, h_range=[4.93e+00, 2.83e+01], num_knots=754
2025-09-06 12:58:20,283 - Iter 8490: obj=-1111.120929, change=5.58e-06, α=0.000, ‖θ[1:]‖₁=13.523, h_range=[4.93e+00, 2.83e+01], num_knots=754
2025-09-06 12:58:20,377 - Iter 8500: obj=-1111.142791, change=5.58e-06, α=0.000, ‖θ[1:]‖₁=13.523, h_range=[4.93e+00, 2.83e+01], num_knots=754
2025-09-06 12:58:20,459 - Iter 8510: obj=-1111.164631, change=5.58e-06, α=0.000, ‖θ[1:]‖₁=13.523, h_range=[4.93e+00, 2.83e+01], num_knots=753
2025-09-06 12:58:20,548 - Iter 8520: obj=-1111.186401, change=5.58e-06, α=0.000, ‖θ[1:]‖₁=13.523, h_range=[4.93e+00, 2.83e+01], num_knots=753
2025-09-06 12:58:20,650 - Iter 8530: obj=-1111.208154, change=5.58e-06, α=0.000, ‖θ[1:]‖₁=13.523, h_range=[4.93e+00, 2.83e+01], num_knots=752
2025-09-06 12:58:20,753 - Iter 8540: obj=-1111.229858, change=5.58e-06, α=0.000, ‖θ[1:]‖₁=13.524, h_range=[4.93e+00, 2.83e+01], num_knots=752
2025-09-06 12:58:20,851 - Iter 8550: obj=-1111.251558, change=5.57e-06, α=0.000, ‖θ[1:]‖₁=13.524, h_range=[4.93e+00, 2.83e+01], num_knots=752
2025-09-06 12:58:20,933 - Iter 8560: obj=-1111.273256, change=5.57e-06, α=0.000, ‖θ[1:]‖₁=13.524, h_range=[4.93e+00, 2.83e+01], num_knots=752
2025-09-06 12:58:21,029 - Iter 8570: obj=-1111.294950, change=5.57e-06, α=0.000, ‖θ[1:]‖₁=13.524, h_range=[4.93e+00, 2.83e+01], num_knots=752
2025-09-06 12:58:21,123 - Iter 8580: obj=-1111.316457, change=5.57e-06, α=0.000, ‖θ[1:]‖₁=13.525, h_range=[4.93e+00, 2.83e+01], num_knots=750
2025-09-06 12:58:21,206 - Iter 8590: obj=-1111.337916, change=5.56e-06, α=0.000, ‖θ[1:]‖₁=13.525, h_range=[4.93e+00, 2.83e+01], num_knots=750
2025-09-06 12:58:21,296 - Iter 8600: obj=-1111.359371, change=5.56e-06, α=0.000, ‖θ[1:]‖₁=13.525, h_range=[4.93e+00, 2.83e+01], num_knots=750
2025-09-06 12:58:21,364 - Iter 8610: obj=-1111.380815, change=5.56e-06, α=0.000, ‖θ[1:]‖₁=13.525, h_range=[4.93e+00, 2.83e+01], num_knots=749
2025-09-06 12:58:21,454 - Iter 8620: obj=-1111.402194, change=5.56e-06, α=0.000, ‖θ[1:]‖₁=13.526, h_range=[4.93e+00, 2.83e+01], num_knots=749
2025-09-06 12:58:21,556 - Iter 8630: obj=-1111.423570, change=5.55e-06, α=0.000, ‖θ[1:]‖₁=13.526, h_range=[4.93e+00, 2.83e+01], num_knots=748
2025-09-06 12:58:21,644 - Iter 8640: obj=-1111.444901, change=5.55e-06, α=0.000, ‖θ[1:]‖₁=13.526, h_range=[4.93e+00, 2.83e+01], num_knots=747
2025-09-06 12:58:21,718 - Iter 8650: obj=-1111.466074, change=5.55e-06, α=0.000, ‖θ[1:]‖₁=13.526, h_range=[4.93e+00, 2.83e+01], num_knots=745
2025-09-06 12:58:21,801 - Iter 8660: obj=-1111.487180, change=5.54e-06, α=0.000, ‖θ[1:]‖₁=13.527, h_range=[4.93e+00, 2.83e+01], num_knots=744
2025-09-06 12:58:21,897 - Iter 8670: obj=-1111.508269, change=5.54e-06, α=0.000, ‖θ[1:]‖₁=13.527, h_range=[4.93e+00, 2.83e+01], num_knots=744
2025-09-06 12:58:21,976 - Iter 8680: obj=-1111.529353, change=5.54e-06, α=0.000, ‖θ[1:]‖₁=13.527, h_range=[4.93e+00, 2.83e+01], num_knots=744
2025-09-06 12:58:22,051 - Iter 8690: obj=-1111.550434, change=5.53e-06, α=0.000, ‖θ[1:]‖₁=13.527, h_range=[4.93e+00, 2.83e+01], num_knots=744
2025-09-06 12:58:22,127 - Iter 8700: obj=-1111.571511, change=5.53e-06, α=0.000, ‖θ[1:]‖₁=13.528, h_range=[4.93e+00, 2.83e+01], num_knots=743
2025-09-06 12:58:22,216 - Iter 8710: obj=-1111.592541, change=5.53e-06, α=0.000, ‖θ[1:]‖₁=13.528, h_range=[4.93e+00, 2.83e+01], num_knots=743
2025-09-06 12:58:22,311 - Iter 8720: obj=-1111.613566, change=5.52e-06, α=0.000, ‖θ[1:]‖₁=13.528, h_range=[4.93e+00, 2.83e+01], num_knots=743
2025-09-06 12:58:22,397 - Iter 8730: obj=-1111.634588, change=5.52e-06, α=0.000, ‖θ[1:]‖₁=13.528, h_range=[4.93e+00, 2.83e+01], num_knots=743
2025-09-06 12:58:22,503 - Iter 8740: obj=-1111.655548, change=5.52e-06, α=0.000, ‖θ[1:]‖₁=13.529, h_range=[4.93e+00, 2.83e+01], num_knots=742
2025-09-06 12:58:22,583 - Iter 8750: obj=-1111.676466, change=5.52e-06, α=0.000, ‖θ[1:]‖₁=13.529, h_range=[4.93e+00, 2.83e+01], num_knots=742
2025-09-06 12:58:22,660 - Iter 8760: obj=-1111.697376, change=5.52e-06, α=0.000, ‖θ[1:]‖₁=13.529, h_range=[4.93e+00, 2.83e+01], num_knots=741
2025-09-06 12:58:22,759 - Iter 8770: obj=-1111.718210, change=5.51e-06, α=0.000, ‖θ[1:]‖₁=13.529, h_range=[4.93e+00, 2.83e+01], num_knots=741
2025-09-06 12:58:22,836 - Iter 8780: obj=-1111.739041, change=5.51e-06, α=0.000, ‖θ[1:]‖₁=13.530, h_range=[4.93e+00, 2.83e+01], num_knots=741
2025-09-06 12:58:22,924 - Iter 8790: obj=-1111.759850, change=5.51e-06, α=0.000, ‖θ[1:]‖₁=13.530, h_range=[4.93e+00, 2.83e+01], num_knots=740
2025-09-06 12:58:23,023 - Iter 8800: obj=-1111.780595, change=5.51e-06, α=0.000, ‖θ[1:]‖₁=13.530, h_range=[4.93e+00, 2.83e+01], num_knots=739
2025-09-06 12:58:23,123 - Iter 8810: obj=-1111.801202, change=5.50e-06, α=0.000, ‖θ[1:]‖₁=13.530, h_range=[4.93e+00, 2.83e+01], num_knots=739
2025-09-06 12:58:23,209 - Iter 8820: obj=-1111.821806, change=5.50e-06, α=0.000, ‖θ[1:]‖₁=13.531, h_range=[4.93e+00, 2.83e+01], num_knots=739
2025-09-06 12:58:23,295 - Iter 8830: obj=-1111.842406, change=5.49e-06, α=0.000, ‖θ[1:]‖₁=13.531, h_range=[4.93e+00, 2.83e+01], num_knots=738
2025-09-06 12:58:23,399 - Iter 8840: obj=-1111.862937, change=5.49e-06, α=0.000, ‖θ[1:]‖₁=13.531, h_range=[4.93e+00, 2.83e+01], num_knots=737
2025-09-06 12:58:23,481 - Iter 8850: obj=-1111.883455, change=5.48e-06, α=0.000, ‖θ[1:]‖₁=13.532, h_range=[4.93e+00, 2.83e+01], num_knots=737
2025-09-06 12:58:23,563 - Iter 8860: obj=-1111.903970, change=5.48e-06, α=0.000, ‖θ[1:]‖₁=13.532, h_range=[4.93e+00, 2.83e+01], num_knots=737
2025-09-06 12:58:23,664 - Iter 8870: obj=-1111.924481, change=5.48e-06, α=0.000, ‖θ[1:]‖₁=13.532, h_range=[4.93e+00, 2.83e+01], num_knots=737
2025-09-06 12:58:23,740 - Iter 8880: obj=-1111.944989, change=5.47e-06, α=0.000, ‖θ[1:]‖₁=13.532, h_range=[4.93e+00, 2.83e+01], num_knots=737
2025-09-06 12:58:23,820 - Iter 8890: obj=-1111.965493, change=5.47e-06, α=0.000, ‖θ[1:]‖₁=13.533, h_range=[4.93e+00, 2.83e+01], num_knots=737
2025-09-06 12:58:23,910 - Iter 8900: obj=-1111.985995, change=5.47e-06, α=0.000, ‖θ[1:]‖₁=13.533, h_range=[4.93e+00, 2.83e+01], num_knots=737
2025-09-06 12:58:23,988 - Iter 8910: obj=-1112.006493, change=5.46e-06, α=0.000, ‖θ[1:]‖₁=13.533, h_range=[4.93e+00, 2.83e+01], num_knots=737
2025-09-06 12:58:24,071 - Iter 8920: obj=-1112.026988, change=5.46e-06, α=0.000, ‖θ[1:]‖₁=13.533, h_range=[4.93e+00, 2.83e+01], num_knots=737
2025-09-06 12:58:24,169 - Iter 8930: obj=-1112.047476, change=5.46e-06, α=0.000, ‖θ[1:]‖₁=13.533, h_range=[4.93e+00, 2.83e+01], num_knots=735
2025-09-06 12:58:24,253 - Iter 8940: obj=-1112.067869, change=5.46e-06, α=0.000, ‖θ[1:]‖₁=13.534, h_range=[4.93e+00, 2.83e+01], num_knots=735
2025-09-06 12:58:24,323 - Iter 8950: obj=-1112.088260, change=5.45e-06, α=0.000, ‖θ[1:]‖₁=13.534, h_range=[4.93e+00, 2.83e+01], num_knots=735
2025-09-06 12:58:24,400 - Iter 8960: obj=-1112.108647, change=5.45e-06, α=0.000, ‖θ[1:]‖₁=13.534, h_range=[4.93e+00, 2.83e+01], num_knots=735
2025-09-06 12:58:24,495 - Iter 8970: obj=-1112.128987, change=5.45e-06, α=0.000, ‖θ[1:]‖₁=13.534, h_range=[4.93e+00, 2.83e+01], num_knots=733
2025-09-06 12:58:24,584 - Iter 8980: obj=-1112.149299, change=5.45e-06, α=0.000, ‖θ[1:]‖₁=13.535, h_range=[4.93e+00, 2.83e+01], num_knots=733
2025-09-06 12:58:24,674 - Iter 8990: obj=-1112.169572, change=5.45e-06, α=0.000, ‖θ[1:]‖₁=13.535, h_range=[4.93e+00, 2.83e+01], num_knots=732
2025-09-06 12:58:24,764 - Iter 9000: obj=-1112.189787, change=5.59e-06, α=0.000, ‖θ[1:]‖₁=13.535, h_range=[4.93e+00, 2.83e+01], num_knots=731
2025-09-06 12:58:24,857 - Iter 9010: obj=-1112.209975, change=5.44e-06, α=0.000, ‖θ[1:]‖₁=13.535, h_range=[4.93e+00, 2.83e+01], num_knots=731
2025-09-06 12:58:24,944 - Iter 9020: obj=-1112.230160, change=5.44e-06, α=0.000, ‖θ[1:]‖₁=13.535, h_range=[4.93e+00, 2.83e+01], num_knots=731
2025-09-06 12:58:25,026 - Iter 9030: obj=-1112.250341, change=5.44e-06, α=0.000, ‖θ[1:]‖₁=13.536, h_range=[4.93e+00, 2.83e+01], num_knots=731
2025-09-06 12:58:25,112 - Iter 9040: obj=-1112.270520, change=5.43e-06, α=0.000, ‖θ[1:]‖₁=13.536, h_range=[4.93e+00, 2.83e+01], num_knots=731
2025-09-06 12:58:25,228 - Iter 9050: obj=-1112.290696, change=5.43e-06, α=0.000, ‖θ[1:]‖₁=13.536, h_range=[4.93e+00, 2.83e+01], num_knots=731
2025-09-06 12:58:25,366 - Iter 9060: obj=-1112.310805, change=6.78e-06, α=0.000, ‖θ[1:]‖₁=13.536, h_range=[4.93e+00, 2.83e+01], num_knots=730
2025-09-06 12:58:25,459 - Iter 9070: obj=-1112.330881, change=6.36e-06, α=0.000, ‖θ[1:]‖₁=13.537, h_range=[4.93e+00, 2.83e+01], num_knots=730
2025-09-06 12:58:25,537 - Iter 9080: obj=-1112.350954, change=6.30e-06, α=0.000, ‖θ[1:]‖₁=13.537, h_range=[4.93e+00, 2.83e+01], num_knots=729
2025-09-06 12:58:25,615 - Iter 9090: obj=-1112.370980, change=5.75e-06, α=0.000, ‖θ[1:]‖₁=13.537, h_range=[4.93e+00, 2.83e+01], num_knots=729
2025-09-06 12:58:25,706 - Iter 9100: obj=-1112.391002, change=5.42e-06, α=0.000, ‖θ[1:]‖₁=13.537, h_range=[4.93e+00, 2.83e+01], num_knots=729
2025-09-06 12:58:25,777 - Iter 9110: obj=-1112.410991, change=5.42e-06, α=0.000, ‖θ[1:]‖₁=13.537, h_range=[4.93e+00, 2.83e+01], num_knots=728
2025-09-06 12:58:25,867 - Iter 9120: obj=-1112.430891, change=5.42e-06, α=0.000, ‖θ[1:]‖₁=13.538, h_range=[4.93e+00, 2.83e+01], num_knots=727
2025-09-06 12:58:25,953 - Iter 9130: obj=-1112.450747, change=5.53e-06, α=0.000, ‖θ[1:]‖₁=13.538, h_range=[4.93e+00, 2.83e+01], num_knots=726
2025-09-06 12:58:26,024 - Iter 9140: obj=-1112.470583, change=5.42e-06, α=0.000, ‖θ[1:]‖₁=13.538, h_range=[4.93e+00, 2.83e+01], num_knots=726
2025-09-06 12:58:26,116 - Iter 9150: obj=-1112.490312, change=5.42e-06, α=0.000, ‖θ[1:]‖₁=13.538, h_range=[4.93e+00, 2.83e+01], num_knots=725
2025-09-06 12:58:26,186 - Iter 9160: obj=-1112.510022, change=5.42e-06, α=0.000, ‖θ[1:]‖₁=13.539, h_range=[4.93e+00, 2.83e+01], num_knots=725
2025-09-06 12:58:26,257 - Iter 9170: obj=-1112.529728, change=5.42e-06, α=0.000, ‖θ[1:]‖₁=13.539, h_range=[4.93e+00, 2.83e+01], num_knots=725
2025-09-06 12:58:26,347 - Iter 9180: obj=-1112.549389, change=5.41e-06, α=0.000, ‖θ[1:]‖₁=13.539, h_range=[4.93e+00, 2.83e+01], num_knots=724
2025-09-06 12:58:26,422 - Iter 9190: obj=-1112.569006, change=5.41e-06, α=0.000, ‖θ[1:]‖₁=13.539, h_range=[4.93e+00, 2.83e+01], num_knots=724
2025-09-06 12:58:26,499 - Iter 9200: obj=-1112.588620, change=5.41e-06, α=0.000, ‖θ[1:]‖₁=13.540, h_range=[4.93e+00, 2.83e+01], num_knots=724
2025-09-06 12:58:26,590 - Iter 9210: obj=-1112.608231, change=5.41e-06, α=0.000, ‖θ[1:]‖₁=13.540, h_range=[4.93e+00, 2.83e+01], num_knots=724
2025-09-06 12:58:26,684 - Iter 9220: obj=-1112.627838, change=5.41e-06, α=0.000, ‖θ[1:]‖₁=13.540, h_range=[4.93e+00, 2.83e+01], num_knots=724
2025-09-06 12:58:26,793 - Iter 9230: obj=-1112.647443, change=5.41e-06, α=0.000, ‖θ[1:]‖₁=13.540, h_range=[4.93e+00, 2.83e+01], num_knots=724
2025-09-06 12:58:26,880 - Iter 9240: obj=-1112.667044, change=5.41e-06, α=0.000, ‖θ[1:]‖₁=13.540, h_range=[4.93e+00, 2.83e+01], num_knots=724
2025-09-06 12:58:26,977 - Iter 9250: obj=-1112.686622, change=5.41e-06, α=0.000, ‖θ[1:]‖₁=13.541, h_range=[4.93e+00, 2.83e+01], num_knots=723
2025-09-06 12:58:27,061 - Iter 9260: obj=-1112.706159, change=5.41e-06, α=0.000, ‖θ[1:]‖₁=13.541, h_range=[4.93e+00, 2.83e+01], num_knots=723
2025-09-06 12:58:27,142 - Iter 9270: obj=-1112.725653, change=5.41e-06, α=0.000, ‖θ[1:]‖₁=13.541, h_range=[4.93e+00, 2.83e+01], num_knots=722
2025-09-06 12:58:27,219 - Iter 9280: obj=-1112.745138, change=5.41e-06, α=0.000, ‖θ[1:]‖₁=13.541, h_range=[4.93e+00, 2.83e+01], num_knots=722
2025-09-06 12:58:27,303 - Iter 9290: obj=-1112.764601, change=5.41e-06, α=0.000, ‖θ[1:]‖₁=13.541, h_range=[4.93e+00, 2.83e+01], num_knots=721
2025-09-06 12:58:27,411 - Iter 9300: obj=-1112.784024, change=5.41e-06, α=0.000, ‖θ[1:]‖₁=13.542, h_range=[4.93e+00, 2.83e+01], num_knots=721
2025-09-06 12:58:27,514 - Iter 9310: obj=-1112.803440, change=5.41e-06, α=0.000, ‖θ[1:]‖₁=13.542, h_range=[4.93e+00, 2.83e+01], num_knots=720
2025-09-06 12:58:27,599 - Iter 9320: obj=-1112.822800, change=5.41e-06, α=0.000, ‖θ[1:]‖₁=13.542, h_range=[4.93e+00, 2.83e+01], num_knots=719
2025-09-06 12:58:27,695 - Iter 9330: obj=-1112.842126, change=5.41e-06, α=0.000, ‖θ[1:]‖₁=13.542, h_range=[4.93e+00, 2.83e+01], num_knots=719
2025-09-06 12:58:27,801 - Iter 9340: obj=-1112.861449, change=5.41e-06, α=0.000, ‖θ[1:]‖₁=13.542, h_range=[4.93e+00, 2.83e+01], num_knots=719
2025-09-06 12:58:27,893 - Iter 9350: obj=-1112.880769, change=5.42e-06, α=0.000, ‖θ[1:]‖₁=13.543, h_range=[4.93e+00, 2.83e+01], num_knots=719
2025-09-06 12:58:27,981 - Iter 9360: obj=-1112.900087, change=5.42e-06, α=0.000, ‖θ[1:]‖₁=13.543, h_range=[4.93e+00, 2.83e+01], num_knots=719
2025-09-06 12:58:28,070 - Iter 9370: obj=-1112.919402, change=5.42e-06, α=0.000, ‖θ[1:]‖₁=13.543, h_range=[4.93e+00, 2.83e+01], num_knots=719
2025-09-06 12:58:28,151 - Iter 9380: obj=-1112.938714, change=5.42e-06, α=0.000, ‖θ[1:]‖₁=13.543, h_range=[4.93e+00, 2.83e+01], num_knots=719
2025-09-06 12:58:28,250 - Iter 9390: obj=-1112.958023, change=5.42e-06, α=0.000, ‖θ[1:]‖₁=13.543, h_range=[4.93e+00, 2.83e+01], num_knots=719
2025-09-06 12:58:28,363 - Iter 9400: obj=-1112.977330, change=5.42e-06, α=0.000, ‖θ[1:]‖₁=13.544, h_range=[4.93e+00, 2.83e+01], num_knots=719
2025-09-06 12:58:28,477 - Iter 9410: obj=-1112.996632, change=5.42e-06, α=0.000, ‖θ[1:]‖₁=13.544, h_range=[4.93e+00, 2.83e+01], num_knots=718
2025-09-06 12:58:28,587 - Iter 9420: obj=-1113.015883, change=5.41e-06, α=0.000, ‖θ[1:]‖₁=13.544, h_range=[4.93e+00, 2.83e+01], num_knots=718
2025-09-06 12:58:28,690 - Iter 9430: obj=-1113.035132, change=5.41e-06, α=0.000, ‖θ[1:]‖₁=13.544, h_range=[4.93e+00, 2.83e+01], num_knots=718
2025-09-06 12:58:28,766 - Iter 9440: obj=-1113.054376, change=5.41e-06, α=0.000, ‖θ[1:]‖₁=13.544, h_range=[4.93e+00, 2.83e+01], num_knots=717
2025-09-06 12:58:28,880 - Iter 9450: obj=-1113.073549, change=5.41e-06, α=0.000, ‖θ[1:]‖₁=13.544, h_range=[4.94e+00, 2.83e+01], num_knots=715
2025-09-06 12:58:28,959 - Iter 9460: obj=-1113.092673, change=5.41e-06, α=0.000, ‖θ[1:]‖₁=13.545, h_range=[4.94e+00, 2.83e+01], num_knots=715
2025-09-06 12:58:29,037 - Iter 9470: obj=-1113.111792, change=5.41e-06, α=0.000, ‖θ[1:]‖₁=13.545, h_range=[4.94e+00, 2.83e+01], num_knots=715
2025-09-06 12:58:29,113 - Iter 9480: obj=-1113.130883, change=5.42e-06, α=0.000, ‖θ[1:]‖₁=13.545, h_range=[4.94e+00, 2.83e+01], num_knots=713
2025-09-06 12:58:29,202 - Iter 9490: obj=-1113.149869, change=5.42e-06, α=0.000, ‖θ[1:]‖₁=13.545, h_range=[4.94e+00, 2.83e+01], num_knots=713
2025-09-06 12:58:29,317 - Iter 9500: obj=-1113.168852, change=5.42e-06, α=0.000, ‖θ[1:]‖₁=13.545, h_range=[4.94e+00, 2.83e+01], num_knots=713
2025-09-06 12:58:29,418 - Iter 9510: obj=-1113.187832, change=5.42e-06, α=0.000, ‖θ[1:]‖₁=13.546, h_range=[4.94e+00, 2.83e+01], num_knots=713
2025-09-06 12:58:29,496 - Iter 9520: obj=-1113.206770, change=5.42e-06, α=0.000, ‖θ[1:]‖₁=13.546, h_range=[4.94e+00, 2.83e+01], num_knots=712
2025-09-06 12:58:29,586 - Iter 9530: obj=-1113.225689, change=5.42e-06, α=0.000, ‖θ[1:]‖₁=13.546, h_range=[4.94e+00, 2.83e+01], num_knots=712
2025-09-06 12:58:29,667 - Iter 9540: obj=-1113.244606, change=5.42e-06, α=0.000, ‖θ[1:]‖₁=13.546, h_range=[4.94e+00, 2.83e+01], num_knots=712
2025-09-06 12:58:29,761 - Iter 9550: obj=-1113.263521, change=5.42e-06, α=0.000, ‖θ[1:]‖₁=13.546, h_range=[4.94e+00, 2.83e+01], num_knots=712
2025-09-06 12:58:29,848 - Iter 9560: obj=-1113.282433, change=5.42e-06, α=0.000, ‖θ[1:]‖₁=13.546, h_range=[4.94e+00, 2.83e+01], num_knots=712
2025-09-06 12:58:29,941 - Iter 9570: obj=-1113.301342, change=5.42e-06, α=0.000, ‖θ[1:]‖₁=13.547, h_range=[4.94e+00, 2.83e+01], num_knots=712
2025-09-06 12:58:30,036 - Iter 9580: obj=-1113.320183, change=5.42e-06, α=0.000, ‖θ[1:]‖₁=13.547, h_range=[4.94e+00, 2.83e+01], num_knots=711
2025-09-06 12:58:30,127 - Iter 9590: obj=-1113.338971, change=5.42e-06, α=0.000, ‖θ[1:]‖₁=13.547, h_range=[4.94e+00, 2.83e+01], num_knots=711
2025-09-06 12:58:30,208 - Iter 9600: obj=-1113.357757, change=5.42e-06, α=0.000, ‖θ[1:]‖₁=13.547, h_range=[4.94e+00, 2.83e+01], num_knots=711
2025-09-06 12:58:30,285 - Iter 9610: obj=-1113.376540, change=5.42e-06, α=0.000, ‖θ[1:]‖₁=13.547, h_range=[4.94e+00, 2.83e+01], num_knots=711
2025-09-06 12:58:30,390 - Iter 9620: obj=-1113.395305, change=5.42e-06, α=0.000, ‖θ[1:]‖₁=13.548, h_range=[4.94e+00, 2.83e+01], num_knots=710
2025-09-06 12:58:30,499 - Iter 9630: obj=-1113.414014, change=5.36e-06, α=0.000, ‖θ[1:]‖₁=13.548, h_range=[4.94e+00, 2.83e+01], num_knots=707
2025-09-06 12:58:30,596 - Iter 9640: obj=-1113.432465, change=5.36e-06, α=0.000, ‖θ[1:]‖₁=13.548, h_range=[4.94e+00, 2.83e+01], num_knots=707
2025-09-06 12:58:30,693 - Iter 9650: obj=-1113.450910, change=5.36e-06, α=0.000, ‖θ[1:]‖₁=13.548, h_range=[4.94e+00, 2.83e+01], num_knots=707
2025-09-06 12:58:30,776 - Iter 9660: obj=-1113.469307, change=5.35e-06, α=0.000, ‖θ[1:]‖₁=13.549, h_range=[4.94e+00, 2.83e+01], num_knots=706
2025-09-06 12:58:30,867 - Iter 9670: obj=-1113.487649, change=5.35e-06, α=0.000, ‖θ[1:]‖₁=13.549, h_range=[4.94e+00, 2.83e+01], num_knots=706
2025-09-06 12:58:30,944 - Iter 9680: obj=-1113.505981, change=7.02e-06, α=0.000, ‖θ[1:]‖₁=13.549, h_range=[4.94e+00, 2.83e+01], num_knots=705
2025-09-06 12:58:31,036 - Iter 9690: obj=-1113.524242, change=6.52e-06, α=0.000, ‖θ[1:]‖₁=13.549, h_range=[4.94e+00, 2.83e+01], num_knots=705
2025-09-06 12:58:31,120 - Iter 9700: obj=-1113.542462, change=6.34e-06, α=0.000, ‖θ[1:]‖₁=13.550, h_range=[4.94e+00, 2.83e+01], num_knots=704
2025-09-06 12:58:31,206 - Iter 9710: obj=-1113.560632, change=5.78e-06, α=0.000, ‖θ[1:]‖₁=13.550, h_range=[4.94e+00, 2.83e+01], num_knots=704
2025-09-06 12:58:31,293 - Iter 9720: obj=-1113.578779, change=6.55e-06, α=0.000, ‖θ[1:]‖₁=13.550, h_range=[4.94e+00, 2.83e+01], num_knots=703
2025-09-06 12:58:31,374 - Iter 9730: obj=-1113.596832, change=5.56e-06, α=0.000, ‖θ[1:]‖₁=13.550, h_range=[4.94e+00, 2.83e+01], num_knots=703
2025-09-06 12:58:31,458 - Iter 9740: obj=-1113.614882, change=5.33e-06, α=0.000, ‖θ[1:]‖₁=13.551, h_range=[4.94e+00, 2.83e+01], num_knots=703
2025-09-06 12:58:31,565 - Iter 9750: obj=-1113.632929, change=5.33e-06, α=0.000, ‖θ[1:]‖₁=13.551, h_range=[4.94e+00, 2.83e+01], num_knots=703
2025-09-06 12:58:31,692 - Iter 9760: obj=-1113.650973, change=5.33e-06, α=0.000, ‖θ[1:]‖₁=13.551, h_range=[4.94e+00, 2.83e+01], num_knots=703
2025-09-06 12:58:31,802 - Iter 9770: obj=-1113.669000, change=5.32e-06, α=0.000, ‖θ[1:]‖₁=13.551, h_range=[4.94e+00, 2.83e+01], num_knots=702
2025-09-06 12:58:31,914 - Iter 9780: obj=-1113.687017, change=5.32e-06, α=0.000, ‖θ[1:]‖₁=13.552, h_range=[4.94e+00, 2.83e+01], num_knots=702
2025-09-06 12:58:32,013 - Iter 9790: obj=-1113.705031, change=5.32e-06, α=0.000, ‖θ[1:]‖₁=13.552, h_range=[4.94e+00, 2.83e+01], num_knots=702
2025-09-06 12:58:32,098 - Iter 9800: obj=-1113.723043, change=5.32e-06, α=0.000, ‖θ[1:]‖₁=13.552, h_range=[4.94e+00, 2.83e+01], num_knots=702
2025-09-06 12:58:32,183 - Iter 9810: obj=-1113.741038, change=5.31e-06, α=0.000, ‖θ[1:]‖₁=13.552, h_range=[4.94e+00, 2.83e+01], num_knots=701
2025-09-06 12:58:32,283 - Iter 9820: obj=-1113.759009, change=5.31e-06, α=0.000, ‖θ[1:]‖₁=13.553, h_range=[4.94e+00, 2.83e+01], num_knots=701
2025-09-06 12:58:32,364 - Iter 9830: obj=-1113.776977, change=5.31e-06, α=0.000, ‖θ[1:]‖₁=13.553, h_range=[4.94e+00, 2.83e+01], num_knots=701
2025-09-06 12:58:32,468 - Iter 9840: obj=-1113.794899, change=5.31e-06, α=0.000, ‖θ[1:]‖₁=13.553, h_range=[4.94e+00, 2.83e+01], num_knots=700
2025-09-06 12:58:32,546 - Iter 9850: obj=-1113.812797, change=5.31e-06, α=0.000, ‖θ[1:]‖₁=13.553, h_range=[4.94e+00, 2.83e+01], num_knots=700
2025-09-06 12:58:32,638 - Iter 9860: obj=-1113.830693, change=5.30e-06, α=0.000, ‖θ[1:]‖₁=13.553, h_range=[4.94e+00, 2.83e+01], num_knots=700
2025-09-06 12:58:32,754 - Iter 9870: obj=-1113.848587, change=5.30e-06, α=0.000, ‖θ[1:]‖₁=13.554, h_range=[4.94e+00, 2.83e+01], num_knots=700
2025-09-06 12:58:32,826 - Iter 9880: obj=-1113.866478, change=5.30e-06, α=0.000, ‖θ[1:]‖₁=13.554, h_range=[4.94e+00, 2.83e+01], num_knots=700
2025-09-06 12:58:32,904 - Iter 9890: obj=-1113.884367, change=5.30e-06, α=0.000, ‖θ[1:]‖₁=13.554, h_range=[4.94e+00, 2.83e+01], num_knots=700
2025-09-06 12:58:32,988 - Iter 9900: obj=-1113.902253, change=5.30e-06, α=0.000, ‖θ[1:]‖₁=13.554, h_range=[4.94e+00, 2.83e+01], num_knots=700
2025-09-06 12:58:33,092 - Iter 9910: obj=-1113.920137, change=5.29e-06, α=0.000, ‖θ[1:]‖₁=13.554, h_range=[4.94e+00, 2.83e+01], num_knots=700
2025-09-06 12:58:33,177 - Iter 9920: obj=-1113.938001, change=5.29e-06, α=0.000, ‖θ[1:]‖₁=13.555, h_range=[4.94e+00, 2.83e+01], num_knots=698
2025-09-06 12:58:33,270 - Iter 9930: obj=-1113.955721, change=5.29e-06, α=0.000, ‖θ[1:]‖₁=13.555, h_range=[4.94e+00, 2.83e+01], num_knots=696
2025-09-06 12:58:33,365 - Iter 9940: obj=-1113.973392, change=5.29e-06, α=0.000, ‖θ[1:]‖₁=13.555, h_range=[4.94e+00, 2.83e+01], num_knots=696
2025-09-06 12:58:33,449 - Iter 9950: obj=-1113.991060, change=5.29e-06, α=0.000, ‖θ[1:]‖₁=13.555, h_range=[4.94e+00, 2.83e+01], num_knots=696
2025-09-06 12:58:33,529 - Iter 9960: obj=-1114.008726, change=5.29e-06, α=0.000, ‖θ[1:]‖₁=13.556, h_range=[4.94e+00, 2.83e+01], num_knots=696
2025-09-06 12:58:33,626 - Iter 9970: obj=-1114.026389, change=5.29e-06, α=0.000, ‖θ[1:]‖₁=13.556, h_range=[4.94e+00, 2.83e+01], num_knots=696
2025-09-06 12:58:33,708 - Iter 9980: obj=-1114.044050, change=5.28e-06, α=0.000, ‖θ[1:]‖₁=13.556, h_range=[4.94e+00, 2.83e+01], num_knots=696
2025-09-06 12:58:33,791 - Iter 9990: obj=-1114.061709, change=5.28e-06, α=0.000, ‖θ[1:]‖₁=13.556, h_range=[4.94e+00, 2.83e+01], num_knots=695
2025-09-06 12:58:33,875 - Iter 10000: obj=-1114.079270, change=5.28e-06, α=0.000, ‖θ[1:]‖₁=13.556, h_range=[4.94e+00, 2.83e+01], num_knots=695
2025-09-06 12:58:33,950 - Iter 10010: obj=-1114.096821, change=5.28e-06, α=0.000, ‖θ[1:]‖₁=13.557, h_range=[4.94e+00, 2.83e+01], num_knots=695
2025-09-06 12:58:34,041 - Iter 10020: obj=-1114.114370, change=5.28e-06, α=0.000, ‖θ[1:]‖₁=13.557, h_range=[4.94e+00, 2.83e+01], num_knots=695
2025-09-06 12:58:34,121 - Iter 10030: obj=-1114.131916, change=5.28e-06, α=0.000, ‖θ[1:]‖₁=13.557, h_range=[4.94e+00, 2.83e+01], num_knots=695
2025-09-06 12:58:34,231 - Iter 10040: obj=-1114.149460, change=5.28e-06, α=0.000, ‖θ[1:]‖₁=13.557, h_range=[4.94e+00, 2.83e+01], num_knots=695
2025-09-06 12:58:34,320 - Iter 10050: obj=-1114.167002, change=5.27e-06, α=0.000, ‖θ[1:]‖₁=13.557, h_range=[4.94e+00, 2.83e+01], num_knots=695
2025-09-06 12:58:34,462 - Iter 10060: obj=-1114.184522, change=5.27e-06, α=0.000, ‖θ[1:]‖₁=13.558, h_range=[4.94e+00, 2.83e+01], num_knots=694
2025-09-06 12:58:34,538 - Iter 10070: obj=-1114.201990, change=5.27e-06, α=0.000, ‖θ[1:]‖₁=13.558, h_range=[4.94e+00, 2.83e+01], num_knots=693
2025-09-06 12:58:34,631 - Iter 10080: obj=-1114.219448, change=5.27e-06, α=0.000, ‖θ[1:]‖₁=13.558, h_range=[4.94e+00, 2.83e+01], num_knots=693
2025-09-06 12:58:34,730 - Iter 10090: obj=-1114.236838, change=5.27e-06, α=0.000, ‖θ[1:]‖₁=13.558, h_range=[4.94e+00, 2.83e+01], num_knots=692
2025-09-06 12:58:34,819 - Iter 10100: obj=-1114.254209, change=5.27e-06, α=0.000, ‖θ[1:]‖₁=13.558, h_range=[4.94e+00, 2.83e+01], num_knots=692
2025-09-06 12:58:34,911 - Iter 10110: obj=-1114.271567, change=5.27e-06, α=0.000, ‖θ[1:]‖₁=13.559, h_range=[4.94e+00, 2.83e+01], num_knots=691
2025-09-06 12:58:34,986 - Iter 10120: obj=-1114.288899, change=5.27e-06, α=0.000, ‖θ[1:]‖₁=13.559, h_range=[4.94e+00, 2.83e+01], num_knots=691
2025-09-06 12:58:35,075 - Iter 10130: obj=-1114.306229, change=5.26e-06, α=0.000, ‖θ[1:]‖₁=13.559, h_range=[4.94e+00, 2.83e+01], num_knots=691
2025-09-06 12:58:35,178 - Iter 10140: obj=-1114.323497, change=5.26e-06, α=0.000, ‖θ[1:]‖₁=13.559, h_range=[4.94e+00, 2.83e+01], num_knots=690
2025-09-06 12:58:35,278 - Iter 10150: obj=-1114.340755, change=5.26e-06, α=0.000, ‖θ[1:]‖₁=13.559, h_range=[4.94e+00, 2.83e+01], num_knots=690
2025-09-06 12:58:35,362 - Iter 10160: obj=-1114.357905, change=5.26e-06, α=0.000, ‖θ[1:]‖₁=13.560, h_range=[4.94e+00, 2.83e+01], num_knots=689
2025-09-06 12:58:35,449 - Iter 10170: obj=-1114.375038, change=5.26e-06, α=0.000, ‖θ[1:]‖₁=13.560, h_range=[4.94e+00, 2.83e+01], num_knots=689
2025-09-06 12:58:35,557 - Iter 10180: obj=-1114.392169, change=5.26e-06, α=0.000, ‖θ[1:]‖₁=13.560, h_range=[4.94e+00, 2.83e+01], num_knots=689
2025-09-06 12:58:35,636 - Iter 10190: obj=-1114.409297, change=5.26e-06, α=0.000, ‖θ[1:]‖₁=13.560, h_range=[4.94e+00, 2.83e+01], num_knots=689
2025-09-06 12:58:35,732 - Iter 10200: obj=-1114.426423, change=5.25e-06, α=0.000, ‖θ[1:]‖₁=13.560, h_range=[4.94e+00, 2.83e+01], num_knots=689
2025-09-06 12:58:35,833 - Iter 10210: obj=-1114.443531, change=5.25e-06, α=0.000, ‖θ[1:]‖₁=13.561, h_range=[4.94e+00, 2.83e+01], num_knots=688
2025-09-06 12:58:35,952 - Iter 10220: obj=-1114.460571, change=5.25e-06, α=0.000, ‖θ[1:]‖₁=13.561, h_range=[4.94e+00, 2.83e+01], num_knots=688
2025-09-06 12:58:36,053 - Iter 10230: obj=-1114.477608, change=5.25e-06, α=0.000, ‖θ[1:]‖₁=13.561, h_range=[4.94e+00, 2.83e+01], num_knots=688
2025-09-06 12:58:36,141 - Iter 10240: obj=-1114.494643, change=5.25e-06, α=0.000, ‖θ[1:]‖₁=13.561, h_range=[4.94e+00, 2.83e+01], num_knots=688
2025-09-06 12:58:36,239 - Iter 10250: obj=-1114.511613, change=6.15e-06, α=0.000, ‖θ[1:]‖₁=13.561, h_range=[4.94e+00, 2.83e+01], num_knots=687
2025-09-06 12:58:36,313 - Iter 10260: obj=-1114.528504, change=6.17e-06, α=0.000, ‖θ[1:]‖₁=13.562, h_range=[4.94e+00, 2.83e+01], num_knots=686
2025-09-06 12:58:36,386 - Iter 10270: obj=-1114.545291, change=5.60e-06, α=0.000, ‖θ[1:]‖₁=13.562, h_range=[4.94e+00, 2.83e+01], num_knots=685
2025-09-06 12:58:36,468 - Iter 10280: obj=-1114.562067, change=5.35e-06, α=0.000, ‖θ[1:]‖₁=13.562, h_range=[4.94e+00, 2.83e+01], num_knots=685
2025-09-06 12:58:36,550 - Iter 10290: obj=-1114.578841, change=5.25e-06, α=0.000, ‖θ[1:]‖₁=13.562, h_range=[4.94e+00, 2.83e+01], num_knots=685
2025-09-06 12:58:36,632 - Iter 10300: obj=-1114.595613, change=5.24e-06, α=0.000, ‖θ[1:]‖₁=13.562, h_range=[4.94e+00, 2.83e+01], num_knots=685
2025-09-06 12:58:36,719 - Iter 10310: obj=-1114.612382, change=5.24e-06, α=0.000, ‖θ[1:]‖₁=13.563, h_range=[4.94e+00, 2.83e+01], num_knots=685
2025-09-06 12:58:36,796 - Iter 10320: obj=-1114.629149, change=5.24e-06, α=0.000, ‖θ[1:]‖₁=13.563, h_range=[4.94e+00, 2.83e+01], num_knots=685
2025-09-06 12:58:36,888 - Iter 10330: obj=-1114.645913, change=5.24e-06, α=0.000, ‖θ[1:]‖₁=13.563, h_range=[4.94e+00, 2.83e+01], num_knots=685
2025-09-06 12:58:36,976 - Iter 10340: obj=-1114.662675, change=5.24e-06, α=0.000, ‖θ[1:]‖₁=13.563, h_range=[4.94e+00, 2.83e+01], num_knots=685
2025-09-06 12:58:37,055 - Iter 10350: obj=-1114.679435, change=5.24e-06, α=0.000, ‖θ[1:]‖₁=13.564, h_range=[4.94e+00, 2.83e+01], num_knots=685
2025-09-06 12:58:37,129 - Iter 10360: obj=-1114.696193, change=5.23e-06, α=0.000, ‖θ[1:]‖₁=13.564, h_range=[4.94e+00, 2.83e+01], num_knots=685
2025-09-06 12:58:37,208 - Iter 10370: obj=-1114.712948, change=5.23e-06, α=0.000, ‖θ[1:]‖₁=13.564, h_range=[4.94e+00, 2.83e+01], num_knots=685
2025-09-06 12:58:37,303 - Iter 10380: obj=-1114.729702, change=5.23e-06, α=0.000, ‖θ[1:]‖₁=13.564, h_range=[4.94e+00, 2.83e+01], num_knots=685
2025-09-06 12:58:37,396 - Iter 10390: obj=-1114.746453, change=5.23e-06, α=0.000, ‖θ[1:]‖₁=13.564, h_range=[4.94e+00, 2.83e+01], num_knots=685
2025-09-06 12:58:37,495 - Iter 10400: obj=-1114.763174, change=5.23e-06, α=0.000, ‖θ[1:]‖₁=13.564, h_range=[4.94e+00, 2.83e+01], num_knots=684
2025-09-06 12:58:37,569 - Iter 10410: obj=-1114.779809, change=5.23e-06, α=0.000, ‖θ[1:]‖₁=13.565, h_range=[4.94e+00, 2.83e+01], num_knots=683
2025-09-06 12:58:37,654 - Iter 10420: obj=-1114.796420, change=5.23e-06, α=0.000, ‖θ[1:]‖₁=13.565, h_range=[4.94e+00, 2.83e+01], num_knots=683
2025-09-06 12:58:37,750 - Iter 10430: obj=-1114.813029, change=5.23e-06, α=0.000, ‖θ[1:]‖₁=13.565, h_range=[4.94e+00, 2.83e+01], num_knots=683
2025-09-06 12:58:37,838 - Iter 10440: obj=-1114.829623, change=5.22e-06, α=0.000, ‖θ[1:]‖₁=13.565, h_range=[4.94e+00, 2.83e+01], num_knots=682
2025-09-06 12:58:37,929 - Iter 10450: obj=-1114.846203, change=5.22e-06, α=0.000, ‖θ[1:]‖₁=13.565, h_range=[4.94e+00, 2.83e+01], num_knots=682
2025-09-06 12:58:38,004 - Iter 10460: obj=-1114.862781, change=5.22e-06, α=0.000, ‖θ[1:]‖₁=13.565, h_range=[4.94e+00, 2.83e+01], num_knots=682
2025-09-06 12:58:38,114 - Iter 10470: obj=-1114.879356, change=5.22e-06, α=0.000, ‖θ[1:]‖₁=13.566, h_range=[4.94e+00, 2.83e+01], num_knots=682
2025-09-06 12:58:38,197 - Iter 10480: obj=-1114.895930, change=5.22e-06, α=0.000, ‖θ[1:]‖₁=13.566, h_range=[4.94e+00, 2.83e+01], num_knots=682
2025-09-06 12:58:38,283 - Iter 10490: obj=-1114.912501, change=5.22e-06, α=0.000, ‖θ[1:]‖₁=13.566, h_range=[4.94e+00, 2.83e+01], num_knots=682
2025-09-06 12:58:38,366 - Iter 10500: obj=-1114.929070, change=5.22e-06, α=0.000, ‖θ[1:]‖₁=13.566, h_range=[4.94e+00, 2.83e+01], num_knots=681
2025-09-06 12:58:38,449 - Iter 10510: obj=-1114.945582, change=5.22e-06, α=0.000, ‖θ[1:]‖₁=13.566, h_range=[4.94e+00, 2.83e+01], num_knots=681
2025-09-06 12:58:38,553 - Iter 10520: obj=-1114.962091, change=5.22e-06, α=0.000, ‖θ[1:]‖₁=13.566, h_range=[4.94e+00, 2.83e+01], num_knots=680
2025-09-06 12:58:38,621 - Iter 10530: obj=-1114.978557, change=5.22e-06, α=0.000, ‖θ[1:]‖₁=13.567, h_range=[4.94e+00, 2.83e+01], num_knots=680
2025-09-06 12:58:38,707 - Iter 10540: obj=-1114.995022, change=5.21e-06, α=0.000, ‖θ[1:]‖₁=13.567, h_range=[4.94e+00, 2.83e+01], num_knots=680
2025-09-06 12:58:38,800 - Iter 10550: obj=-1115.011484, change=5.21e-06, α=0.000, ‖θ[1:]‖₁=13.567, h_range=[4.94e+00, 2.83e+01], num_knots=680
2025-09-06 12:58:38,898 - Iter 10560: obj=-1115.027944, change=5.21e-06, α=0.000, ‖θ[1:]‖₁=13.567, h_range=[4.94e+00, 2.83e+01], num_knots=679
2025-09-06 12:58:38,980 - Iter 10570: obj=-1115.044378, change=5.21e-06, α=0.000, ‖θ[1:]‖₁=13.567, h_range=[4.94e+00, 2.83e+01], num_knots=679
2025-09-06 12:58:39,071 - Iter 10580: obj=-1115.060809, change=5.21e-06, α=0.000, ‖θ[1:]‖₁=13.567, h_range=[4.94e+00, 2.83e+01], num_knots=679
2025-09-06 12:58:39,160 - Iter 10590: obj=-1115.077174, change=5.21e-06, α=0.000, ‖θ[1:]‖₁=13.568, h_range=[4.94e+00, 2.83e+01], num_knots=677
2025-09-06 12:58:39,257 - Iter 10600: obj=-1115.093458, change=5.21e-06, α=0.000, ‖θ[1:]‖₁=13.568, h_range=[4.94e+00, 2.83e+01], num_knots=676
2025-09-06 12:58:39,335 - Iter 10610: obj=-1115.109696, change=5.21e-06, α=0.000, ‖θ[1:]‖₁=13.568, h_range=[4.94e+00, 2.83e+01], num_knots=676
2025-09-06 12:58:39,433 - Iter 10620: obj=-1115.125922, change=5.21e-06, α=0.000, ‖θ[1:]‖₁=13.568, h_range=[4.94e+00, 2.83e+01], num_knots=675
2025-09-06 12:58:39,522 - Iter 10630: obj=-1115.142135, change=5.21e-06, α=0.000, ‖θ[1:]‖₁=13.568, h_range=[4.94e+00, 2.83e+01], num_knots=675
2025-09-06 12:58:39,605 - Iter 10640: obj=-1115.158346, change=5.21e-06, α=0.000, ‖θ[1:]‖₁=13.568, h_range=[4.94e+00, 2.83e+01], num_knots=675
2025-09-06 12:58:39,686 - Iter 10650: obj=-1115.174555, change=5.21e-06, α=0.000, ‖θ[1:]‖₁=13.569, h_range=[4.94e+00, 2.83e+01], num_knots=674
2025-09-06 12:58:39,763 - Iter 10660: obj=-1115.190693, change=5.21e-06, α=0.000, ‖θ[1:]‖₁=13.569, h_range=[4.94e+00, 2.83e+01], num_knots=674
2025-09-06 12:58:39,853 - Iter 10670: obj=-1115.206784, change=5.21e-06, α=0.000, ‖θ[1:]‖₁=13.569, h_range=[4.94e+00, 2.83e+01], num_knots=672
2025-09-06 12:58:39,936 - Iter 10680: obj=-1115.222720, change=5.20e-06, α=0.000, ‖θ[1:]‖₁=13.569, h_range=[4.94e+00, 2.83e+01], num_knots=671
2025-09-06 12:58:40,014 - Iter 10690: obj=-1115.238622, change=5.20e-06, α=0.000, ‖θ[1:]‖₁=13.569, h_range=[4.94e+00, 2.83e+01], num_knots=671
2025-09-06 12:58:40,082 - Iter 10700: obj=-1115.254521, change=5.20e-06, α=0.000, ‖θ[1:]‖₁=13.570, h_range=[4.94e+00, 2.83e+01], num_knots=671
2025-09-06 12:58:40,159 - Iter 10710: obj=-1115.270418, change=5.20e-06, α=0.000, ‖θ[1:]‖₁=13.570, h_range=[4.94e+00, 2.83e+01], num_knots=671
2025-09-06 12:58:40,253 - Iter 10720: obj=-1115.286312, change=5.20e-06, α=0.000, ‖θ[1:]‖₁=13.570, h_range=[4.94e+00, 2.83e+01], num_knots=671
2025-09-06 12:58:40,348 - Iter 10730: obj=-1115.302205, change=5.20e-06, α=0.000, ‖θ[1:]‖₁=13.570, h_range=[4.94e+00, 2.83e+01], num_knots=671
2025-09-06 12:58:40,427 - Iter 10740: obj=-1115.318058, change=5.19e-06, α=0.000, ‖θ[1:]‖₁=13.571, h_range=[4.94e+00, 2.83e+01], num_knots=670
2025-09-06 12:58:40,512 - Iter 10750: obj=-1115.333869, change=5.19e-06, α=0.000, ‖θ[1:]‖₁=13.571, h_range=[4.94e+00, 2.83e+01], num_knots=670
2025-09-06 12:58:40,617 - Iter 10760: obj=-1115.349678, change=5.19e-06, α=0.000, ‖θ[1:]‖₁=13.571, h_range=[4.94e+00, 2.83e+01], num_knots=670
2025-09-06 12:58:40,711 - Iter 10770: obj=-1115.365485, change=5.19e-06, α=0.000, ‖θ[1:]‖₁=13.571, h_range=[4.94e+00, 2.83e+01], num_knots=670
2025-09-06 12:58:40,792 - Iter 10780: obj=-1115.381290, change=5.19e-06, α=0.000, ‖θ[1:]‖₁=13.571, h_range=[4.94e+00, 2.83e+01], num_knots=670
2025-09-06 12:58:40,875 - Iter 10790: obj=-1115.397056, change=5.19e-06, α=0.000, ‖θ[1:]‖₁=13.572, h_range=[4.94e+00, 2.83e+01], num_knots=669
2025-09-06 12:58:40,959 - Iter 10800: obj=-1115.412758, change=5.18e-06, α=0.000, ‖θ[1:]‖₁=13.572, h_range=[4.94e+00, 2.83e+01], num_knots=668
2025-09-06 12:58:41,053 - Iter 10810: obj=-1115.428430, change=5.18e-06, α=0.000, ‖θ[1:]‖₁=13.572, h_range=[4.94e+00, 2.83e+01], num_knots=668
2025-09-06 12:58:41,179 - Iter 10820: obj=-1115.444018, change=7.68e-06, α=0.000, ‖θ[1:]‖₁=13.572, h_range=[4.94e+00, 2.83e+01], num_knots=667
2025-09-06 12:58:41,269 - Iter 10830: obj=-1115.459553, change=7.33e-06, α=0.000, ‖θ[1:]‖₁=13.573, h_range=[4.94e+00, 2.83e+01], num_knots=667
2025-09-06 12:58:41,354 - Iter 10840: obj=-1115.475086, change=7.03e-06, α=0.000, ‖θ[1:]‖₁=13.573, h_range=[4.94e+00, 2.83e+01], num_knots=667
2025-09-06 12:58:41,435 - Iter 10850: obj=-1115.490616, change=6.76e-06, α=0.000, ‖θ[1:]‖₁=13.573, h_range=[4.94e+00, 2.83e+01], num_knots=667
2025-09-06 12:58:41,516 - Iter 10860: obj=-1115.506145, change=6.51e-06, α=0.000, ‖θ[1:]‖₁=13.573, h_range=[4.94e+00, 2.83e+01], num_knots=667
2025-09-06 12:58:41,604 - Iter 10870: obj=-1115.521671, change=6.27e-06, α=0.000, ‖θ[1:]‖₁=13.574, h_range=[4.94e+00, 2.83e+01], num_knots=667
2025-09-06 12:58:41,698 - Iter 10880: obj=-1115.537195, change=6.05e-06, α=0.000, ‖θ[1:]‖₁=13.574, h_range=[4.94e+00, 2.83e+01], num_knots=667
2025-09-06 12:58:41,785 - Iter 10890: obj=-1115.552717, change=5.85e-06, α=0.000, ‖θ[1:]‖₁=13.574, h_range=[4.94e+00, 2.83e+01], num_knots=667
2025-09-06 12:58:41,871 - Iter 10900: obj=-1115.568233, change=5.98e-06, α=0.000, ‖θ[1:]‖₁=13.574, h_range=[4.94e+00, 2.83e+01], num_knots=666
2025-09-06 12:58:41,953 - Iter 10910: obj=-1115.583733, change=5.55e-06, α=0.000, ‖θ[1:]‖₁=13.574, h_range=[4.94e+00, 2.83e+01], num_knots=666
2025-09-06 12:58:42,034 - Iter 10920: obj=-1115.599230, change=5.28e-06, α=0.000, ‖θ[1:]‖₁=13.575, h_range=[4.94e+00, 2.83e+01], num_knots=666
2025-09-06 12:58:42,115 - Iter 10930: obj=-1115.614726, change=5.16e-06, α=0.000, ‖θ[1:]‖₁=13.575, h_range=[4.94e+00, 2.83e+01], num_knots=666
2025-09-06 12:58:42,190 - Iter 10940: obj=-1115.630220, change=5.16e-06, α=0.000, ‖θ[1:]‖₁=13.575, h_range=[4.94e+00, 2.83e+01], num_knots=666
2025-09-06 12:58:42,266 - Iter 10950: obj=-1115.645712, change=5.16e-06, α=0.000, ‖θ[1:]‖₁=13.575, h_range=[4.94e+00, 2.83e+01], num_knots=666
2025-09-06 12:58:42,360 - Iter 10960: obj=-1115.661202, change=5.15e-06, α=0.000, ‖θ[1:]‖₁=13.575, h_range=[4.94e+00, 2.83e+01], num_knots=666
2025-09-06 12:58:42,440 - Iter 10970: obj=-1115.676691, change=5.15e-06, α=0.000, ‖θ[1:]‖₁=13.576, h_range=[4.94e+00, 2.83e+01], num_knots=666
2025-09-06 12:58:42,530 - Iter 10980: obj=-1115.692178, change=5.15e-06, α=0.000, ‖θ[1:]‖₁=13.576, h_range=[4.94e+00, 2.83e+01], num_knots=666
2025-09-06 12:58:42,614 - Iter 10990: obj=-1115.707663, change=5.15e-06, α=0.000, ‖θ[1:]‖₁=13.576, h_range=[4.94e+00, 2.83e+01], num_knots=666
2025-09-06 12:58:42,704 - Iter 11000: obj=-1115.723146, change=5.15e-06, α=0.000, ‖θ[1:]‖₁=13.576, h_range=[4.94e+00, 2.83e+01], num_knots=666
2025-09-06 12:58:42,790 - Iter 11010: obj=-1115.738549, change=5.40e-06, α=0.000, ‖θ[1:]‖₁=13.576, h_range=[4.94e+00, 2.83e+01], num_knots=664
2025-09-06 12:58:42,873 - Iter 11020: obj=-1115.753875, change=5.15e-06, α=0.000, ‖θ[1:]‖₁=13.577, h_range=[4.94e+00, 2.83e+01], num_knots=663
2025-09-06 12:58:42,976 - Iter 11030: obj=-1115.769176, change=5.14e-06, α=0.000, ‖θ[1:]‖₁=13.577, h_range=[4.94e+00, 2.83e+01], num_knots=663
2025-09-06 12:58:43,077 - Iter 11040: obj=-1115.784475, change=5.14e-06, α=0.000, ‖θ[1:]‖₁=13.577, h_range=[4.94e+00, 2.83e+01], num_knots=663
2025-09-06 12:58:43,226 - Iter 11050: obj=-1115.799772, change=5.14e-06, α=0.000, ‖θ[1:]‖₁=13.577, h_range=[4.94e+00, 2.83e+01], num_knots=663
2025-09-06 12:58:43,329 - Iter 11060: obj=-1115.815067, change=5.14e-06, α=0.000, ‖θ[1:]‖₁=13.577, h_range=[4.94e+00, 2.83e+01], num_knots=663
2025-09-06 12:58:43,428 - Iter 11070: obj=-1115.830360, change=5.14e-06, α=0.000, ‖θ[1:]‖₁=13.577, h_range=[4.94e+00, 2.83e+01], num_knots=663
2025-09-06 12:58:43,504 - Iter 11080: obj=-1115.845652, change=5.14e-06, α=0.000, ‖θ[1:]‖₁=13.578, h_range=[4.94e+00, 2.83e+01], num_knots=663
2025-09-06 12:58:43,583 - Iter 11090: obj=-1115.860942, change=5.14e-06, α=0.000, ‖θ[1:]‖₁=13.578, h_range=[4.94e+00, 2.83e+01], num_knots=663
2025-09-06 12:58:43,683 - Iter 11100: obj=-1115.876231, change=5.14e-06, α=0.000, ‖θ[1:]‖₁=13.578, h_range=[4.94e+00, 2.83e+01], num_knots=663
2025-09-06 12:58:43,782 - Iter 11110: obj=-1115.891518, change=5.14e-06, α=0.000, ‖θ[1:]‖₁=13.578, h_range=[4.94e+00, 2.83e+01], num_knots=663
2025-09-06 12:58:43,861 - Iter 11120: obj=-1115.906803, change=5.14e-06, α=0.000, ‖θ[1:]‖₁=13.578, h_range=[4.94e+00, 2.83e+01], num_knots=663
2025-09-06 12:58:43,949 - Iter 11130: obj=-1115.922077, change=5.14e-06, α=0.000, ‖θ[1:]‖₁=13.578, h_range=[4.94e+00, 2.83e+01], num_knots=662
2025-09-06 12:58:44,049 - Iter 11140: obj=-1115.937336, change=5.13e-06, α=0.000, ‖θ[1:]‖₁=13.579, h_range=[4.94e+00, 2.83e+01], num_knots=662
2025-09-06 12:58:44,136 - Iter 11150: obj=-1115.952593, change=5.13e-06, α=0.000, ‖θ[1:]‖₁=13.579, h_range=[4.94e+00, 2.83e+01], num_knots=662
2025-09-06 12:58:44,219 - Iter 11160: obj=-1115.967848, change=5.13e-06, α=0.000, ‖θ[1:]‖₁=13.579, h_range=[4.94e+00, 2.83e+01], num_knots=662
2025-09-06 12:58:44,317 - Iter 11170: obj=-1115.983102, change=5.13e-06, α=0.000, ‖θ[1:]‖₁=13.579, h_range=[4.94e+00, 2.83e+01], num_knots=662
2025-09-06 12:58:44,406 - Iter 11180: obj=-1115.998355, change=5.13e-06, α=0.000, ‖θ[1:]‖₁=13.579, h_range=[4.94e+00, 2.83e+01], num_knots=662
2025-09-06 12:58:44,493 - Iter 11190: obj=-1116.013548, change=5.13e-06, α=0.000, ‖θ[1:]‖₁=13.579, h_range=[4.94e+00, 2.83e+01], num_knots=661
2025-09-06 12:58:44,589 - Iter 11200: obj=-1116.028715, change=5.13e-06, α=0.000, ‖θ[1:]‖₁=13.579, h_range=[4.94e+00, 2.83e+01], num_knots=661
2025-09-06 12:58:44,676 - Iter 11210: obj=-1116.043880, change=5.13e-06, α=0.000, ‖θ[1:]‖₁=13.580, h_range=[4.94e+00, 2.83e+01], num_knots=661
2025-09-06 12:58:44,784 - Iter 11220: obj=-1116.059043, change=5.13e-06, α=0.000, ‖θ[1:]‖₁=13.580, h_range=[4.94e+00, 2.83e+01], num_knots=661
2025-09-06 12:58:44,890 - Iter 11230: obj=-1116.074205, change=5.13e-06, α=0.000, ‖θ[1:]‖₁=13.580, h_range=[4.94e+00, 2.83e+01], num_knots=661
2025-09-06 12:58:44,966 - Iter 11240: obj=-1116.089365, change=5.13e-06, α=0.000, ‖θ[1:]‖₁=13.580, h_range=[4.94e+00, 2.83e+01], num_knots=661
2025-09-06 12:58:45,049 - Iter 11250: obj=-1116.104524, change=5.13e-06, α=0.000, ‖θ[1:]‖₁=13.580, h_range=[4.94e+00, 2.83e+01], num_knots=660
2025-09-06 12:58:45,144 - Iter 11260: obj=-1116.119665, change=5.13e-06, α=0.000, ‖θ[1:]‖₁=13.580, h_range=[4.94e+00, 2.83e+01], num_knots=660
2025-09-06 12:58:45,227 - Iter 11270: obj=-1116.134804, change=5.13e-06, α=0.000, ‖θ[1:]‖₁=13.580, h_range=[4.94e+00, 2.83e+01], num_knots=659
2025-09-06 12:58:45,294 - Iter 11280: obj=-1116.149916, change=5.13e-06, α=0.000, ‖θ[1:]‖₁=13.581, h_range=[4.94e+00, 2.83e+01], num_knots=659
2025-09-06 12:58:45,386 - Iter 11290: obj=-1116.165026, change=5.13e-06, α=0.000, ‖θ[1:]‖₁=13.581, h_range=[4.94e+00, 2.83e+01], num_knots=659
2025-09-06 12:58:45,483 - Iter 11300: obj=-1116.180135, change=5.13e-06, α=0.000, ‖θ[1:]‖₁=13.581, h_range=[4.94e+00, 2.83e+01], num_knots=659
2025-09-06 12:58:45,628 - Iter 11310: obj=-1116.195242, change=5.13e-06, α=0.000, ‖θ[1:]‖₁=13.581, h_range=[4.94e+00, 2.83e+01], num_knots=659
2025-09-06 12:58:45,725 - Iter 11320: obj=-1116.210347, change=5.13e-06, α=0.000, ‖θ[1:]‖₁=13.581, h_range=[4.94e+00, 2.83e+01], num_knots=659
2025-09-06 12:58:45,813 - Iter 11330: obj=-1116.225451, change=5.12e-06, α=0.000, ‖θ[1:]‖₁=13.581, h_range=[4.94e+00, 2.83e+01], num_knots=659
2025-09-06 12:58:45,890 - Iter 11340: obj=-1116.240554, change=5.12e-06, α=0.000, ‖θ[1:]‖₁=13.581, h_range=[4.94e+00, 2.83e+01], num_knots=659
2025-09-06 12:58:45,990 - Iter 11350: obj=-1116.255656, change=5.12e-06, α=0.000, ‖θ[1:]‖₁=13.582, h_range=[4.94e+00, 2.83e+01], num_knots=659
2025-09-06 12:58:46,080 - Iter 11360: obj=-1116.270756, change=5.12e-06, α=0.000, ‖θ[1:]‖₁=13.582, h_range=[4.94e+00, 2.83e+01], num_knots=659
2025-09-06 12:58:46,157 - Iter 11370: obj=-1116.285830, change=5.12e-06, α=0.000, ‖θ[1:]‖₁=13.582, h_range=[4.94e+00, 2.83e+01], num_knots=658
2025-09-06 12:58:46,232 - Iter 11380: obj=-1116.300884, change=5.12e-06, α=0.000, ‖θ[1:]‖₁=13.582, h_range=[4.94e+00, 2.83e+01], num_knots=658
2025-09-06 12:58:46,313 - Iter 11390: obj=-1116.315928, change=5.12e-06, α=0.000, ‖θ[1:]‖₁=13.582, h_range=[4.94e+00, 2.83e+01], num_knots=657
2025-09-06 12:58:46,402 - Iter 11400: obj=-1116.330957, change=5.12e-06, α=0.000, ‖θ[1:]‖₁=13.582, h_range=[4.94e+00, 2.83e+01], num_knots=657
2025-09-06 12:58:46,502 - Iter 11410: obj=-1116.345983, change=5.12e-06, α=0.000, ‖θ[1:]‖₁=13.582, h_range=[4.94e+00, 2.83e+01], num_knots=657
2025-09-06 12:58:46,613 - Iter 11420: obj=-1116.360985, change=5.12e-06, α=0.000, ‖θ[1:]‖₁=13.582, h_range=[4.94e+00, 2.83e+01], num_knots=656
2025-09-06 12:58:46,710 - Iter 11430: obj=-1116.375940, change=5.12e-06, α=0.000, ‖θ[1:]‖₁=13.583, h_range=[4.94e+00, 2.83e+01], num_knots=656
2025-09-06 12:58:46,805 - Iter 11440: obj=-1116.390894, change=5.12e-06, α=0.000, ‖θ[1:]‖₁=13.583, h_range=[4.94e+00, 2.83e+01], num_knots=656
2025-09-06 12:58:46,923 - Iter 11450: obj=-1116.405847, change=5.12e-06, α=0.000, ‖θ[1:]‖₁=13.583, h_range=[4.94e+00, 2.83e+01], num_knots=656
2025-09-06 12:58:47,004 - Iter 11460: obj=-1116.420779, change=5.12e-06, α=0.000, ‖θ[1:]‖₁=13.583, h_range=[4.94e+00, 2.83e+01], num_knots=654
2025-09-06 12:58:47,102 - Iter 11470: obj=-1116.435636, change=5.12e-06, α=0.000, ‖θ[1:]‖₁=13.583, h_range=[4.94e+00, 2.83e+01], num_knots=654
2025-09-06 12:58:47,192 - Iter 11480: obj=-1116.450488, change=5.11e-06, α=0.000, ‖θ[1:]‖₁=13.583, h_range=[4.94e+00, 2.83e+01], num_knots=654
2025-09-06 12:58:47,272 - Iter 11490: obj=-1116.465338, change=5.11e-06, α=0.000, ‖θ[1:]‖₁=13.583, h_range=[4.94e+00, 2.83e+01], num_knots=654
2025-09-06 12:58:47,354 - Iter 11500: obj=-1116.480187, change=5.11e-06, α=0.000, ‖θ[1:]‖₁=13.584, h_range=[4.94e+00, 2.83e+01], num_knots=654
2025-09-06 12:58:47,457 - Iter 11510: obj=-1116.495025, change=5.11e-06, α=0.000, ‖θ[1:]‖₁=13.584, h_range=[4.94e+00, 2.83e+01], num_knots=653
2025-09-06 12:58:47,544 - Iter 11520: obj=-1116.509847, change=5.11e-06, α=0.000, ‖θ[1:]‖₁=13.584, h_range=[4.94e+00, 2.83e+01], num_knots=653
2025-09-06 12:58:47,630 - Iter 11530: obj=-1116.524668, change=5.11e-06, α=0.000, ‖θ[1:]‖₁=13.584, h_range=[4.94e+00, 2.83e+01], num_knots=653
2025-09-06 12:58:47,717 - Iter 11540: obj=-1116.539442, change=5.11e-06, α=0.000, ‖θ[1:]‖₁=13.584, h_range=[4.94e+00, 2.83e+01], num_knots=652
2025-09-06 12:58:47,800 - Iter 11550: obj=-1116.554162, change=5.11e-06, α=0.000, ‖θ[1:]‖₁=13.584, h_range=[4.94e+00, 2.83e+01], num_knots=652
2025-09-06 12:58:47,874 - Iter 11560: obj=-1116.568880, change=5.11e-06, α=0.000, ‖θ[1:]‖₁=13.584, h_range=[4.94e+00, 2.83e+01], num_knots=652
2025-09-06 12:58:47,951 - Iter 11570: obj=-1116.583597, change=5.11e-06, α=0.000, ‖θ[1:]‖₁=13.585, h_range=[4.94e+00, 2.83e+01], num_knots=652
2025-09-06 12:58:48,020 - Iter 11580: obj=-1116.598311, change=5.10e-06, α=0.000, ‖θ[1:]‖₁=13.585, h_range=[4.94e+00, 2.83e+01], num_knots=652
2025-09-06 12:58:48,087 - Iter 11590: obj=-1116.613025, change=5.10e-06, α=0.000, ‖θ[1:]‖₁=13.585, h_range=[4.94e+00, 2.83e+01], num_knots=652
2025-09-06 12:58:48,171 - Iter 11600: obj=-1116.627736, change=5.10e-06, α=0.000, ‖θ[1:]‖₁=13.585, h_range=[4.94e+00, 2.83e+01], num_knots=652
2025-09-06 12:58:48,271 - Iter 11610: obj=-1116.642446, change=5.10e-06, α=0.000, ‖θ[1:]‖₁=13.585, h_range=[4.94e+00, 2.83e+01], num_knots=652
2025-09-06 12:58:48,370 - Iter 11620: obj=-1116.657155, change=5.10e-06, α=0.000, ‖θ[1:]‖₁=13.585, h_range=[4.94e+00, 2.83e+01], num_knots=652
2025-09-06 12:58:48,448 - Iter 11630: obj=-1116.671862, change=5.10e-06, α=0.000, ‖θ[1:]‖₁=13.585, h_range=[4.94e+00, 2.83e+01], num_knots=652
2025-09-06 12:58:48,527 - Iter 11640: obj=-1116.686510, change=5.10e-06, α=0.000, ‖θ[1:]‖₁=13.586, h_range=[4.94e+00, 2.83e+01], num_knots=651
2025-09-06 12:58:48,622 - Iter 11650: obj=-1116.701143, change=5.10e-06, α=0.000, ‖θ[1:]‖₁=13.586, h_range=[4.94e+00, 2.83e+01], num_knots=651
2025-09-06 12:58:48,710 - Iter 11660: obj=-1116.715774, change=5.10e-06, α=0.000, ‖θ[1:]‖₁=13.586, h_range=[4.94e+00, 2.83e+01], num_knots=651
2025-09-06 12:58:48,825 - Iter 11670: obj=-1116.730404, change=5.09e-06, α=0.000, ‖θ[1:]‖₁=13.586, h_range=[4.94e+00, 2.83e+01], num_knots=651
2025-09-06 12:58:48,944 - Iter 11680: obj=-1116.745021, change=5.09e-06, α=0.000, ‖θ[1:]‖₁=13.586, h_range=[4.94e+00, 2.83e+01], num_knots=650
2025-09-06 12:58:49,033 - Iter 11690: obj=-1116.759623, change=5.09e-06, α=0.000, ‖θ[1:]‖₁=13.586, h_range=[4.94e+00, 2.83e+01], num_knots=650
2025-09-06 12:58:49,121 - Iter 11700: obj=-1116.774224, change=5.09e-06, α=0.000, ‖θ[1:]‖₁=13.586, h_range=[4.94e+00, 2.83e+01], num_knots=650
2025-09-06 12:58:49,209 - Iter 11710: obj=-1116.788822, change=5.09e-06, α=0.000, ‖θ[1:]‖₁=13.587, h_range=[4.94e+00, 2.83e+01], num_knots=650
2025-09-06 12:58:49,333 - Iter 11720: obj=-1116.803420, change=5.09e-06, α=0.000, ‖θ[1:]‖₁=13.587, h_range=[4.94e+00, 2.83e+01], num_knots=650
2025-09-06 12:58:49,426 - Iter 11730: obj=-1116.818016, change=5.08e-06, α=0.000, ‖θ[1:]‖₁=13.587, h_range=[4.94e+00, 2.83e+01], num_knots=650
2025-09-06 12:58:49,494 - Iter 11740: obj=-1116.832605, change=5.08e-06, α=0.000, ‖θ[1:]‖₁=13.587, h_range=[4.94e+00, 2.83e+01], num_knots=649
2025-09-06 12:58:49,580 - Iter 11750: obj=-1116.847121, change=5.08e-06, α=0.000, ‖θ[1:]‖₁=13.587, h_range=[4.94e+00, 2.83e+01], num_knots=648
2025-09-06 12:58:49,661 - Iter 11760: obj=-1116.861587, change=5.08e-06, α=0.000, ‖θ[1:]‖₁=13.587, h_range=[4.94e+00, 2.83e+01], num_knots=648
2025-09-06 12:58:49,738 - Iter 11770: obj=-1116.876053, change=5.07e-06, α=0.000, ‖θ[1:]‖₁=13.587, h_range=[4.94e+00, 2.83e+01], num_knots=648
2025-09-06 12:58:49,822 - Iter 11780: obj=-1116.890516, change=5.07e-06, α=0.000, ‖θ[1:]‖₁=13.587, h_range=[4.94e+00, 2.83e+01], num_knots=647
2025-09-06 12:58:49,911 - Iter 11790: obj=-1116.904939, change=5.07e-06, α=0.000, ‖θ[1:]‖₁=13.588, h_range=[4.94e+00, 2.83e+01], num_knots=646
2025-09-06 12:58:49,997 - Iter 11800: obj=-1116.919242, change=5.06e-06, α=0.000, ‖θ[1:]‖₁=13.588, h_range=[4.94e+00, 2.83e+01], num_knots=646
2025-09-06 12:58:50,086 - Iter 11810: obj=-1116.933542, change=5.06e-06, α=0.000, ‖θ[1:]‖₁=13.588, h_range=[4.94e+00, 2.83e+01], num_knots=646
2025-09-06 12:58:50,179 - Iter 11820: obj=-1116.947820, change=5.06e-06, α=0.000, ‖θ[1:]‖₁=13.588, h_range=[4.94e+00, 2.83e+01], num_knots=645
2025-09-06 12:58:50,270 - Iter 11830: obj=-1116.962023, change=5.05e-06, α=0.000, ‖θ[1:]‖₁=13.588, h_range=[4.94e+00, 2.83e+01], num_knots=644
2025-09-06 12:58:50,357 - Iter 11840: obj=-1116.976208, change=5.05e-06, α=0.000, ‖θ[1:]‖₁=13.589, h_range=[4.94e+00, 2.83e+01], num_knots=644
2025-09-06 12:58:50,444 - Iter 11850: obj=-1116.990391, change=5.04e-06, α=0.000, ‖θ[1:]‖₁=13.589, h_range=[4.94e+00, 2.83e+01], num_knots=644
2025-09-06 12:58:50,521 - Iter 11860: obj=-1117.004573, change=5.04e-06, α=0.000, ‖θ[1:]‖₁=13.589, h_range=[4.94e+00, 2.83e+01], num_knots=644
2025-09-06 12:58:50,604 - Iter 11870: obj=-1117.018753, change=5.04e-06, α=0.000, ‖θ[1:]‖₁=13.589, h_range=[4.94e+00, 2.83e+01], num_knots=644
2025-09-06 12:58:50,689 - Iter 11880: obj=-1117.032931, change=5.03e-06, α=0.000, ‖θ[1:]‖₁=13.589, h_range=[4.94e+00, 2.83e+01], num_knots=644
2025-09-06 12:58:50,787 - Iter 11890: obj=-1117.047107, change=5.03e-06, α=0.000, ‖θ[1:]‖₁=13.589, h_range=[4.94e+00, 2.83e+01], num_knots=644
2025-09-06 12:58:50,872 - Iter 11900: obj=-1117.061282, change=5.03e-06, α=0.000, ‖θ[1:]‖₁=13.590, h_range=[4.94e+00, 2.83e+01], num_knots=644
2025-09-06 12:58:50,948 - Iter 11910: obj=-1117.075455, change=5.02e-06, α=0.000, ‖θ[1:]‖₁=13.590, h_range=[4.94e+00, 2.83e+01], num_knots=644
2025-09-06 12:58:51,035 - Iter 11920: obj=-1117.089627, change=5.02e-06, α=0.000, ‖θ[1:]‖₁=13.590, h_range=[4.94e+00, 2.83e+01], num_knots=644
2025-09-06 12:58:51,122 - Iter 11930: obj=-1117.103797, change=5.02e-06, α=0.000, ‖θ[1:]‖₁=13.590, h_range=[4.94e+00, 2.83e+01], num_knots=644
2025-09-06 12:58:51,226 - Iter 11940: obj=-1117.117965, change=5.01e-06, α=0.000, ‖θ[1:]‖₁=13.590, h_range=[4.94e+00, 2.83e+01], num_knots=644
2025-09-06 12:58:51,301 - Iter 11950: obj=-1117.132132, change=5.01e-06, α=0.000, ‖θ[1:]‖₁=13.590, h_range=[4.94e+00, 2.83e+01], num_knots=644
2025-09-06 12:58:51,393 - Iter 11960: obj=-1117.146264, change=5.01e-06, α=0.000, ‖θ[1:]‖₁=13.590, h_range=[4.94e+00, 2.83e+01], num_knots=643
2025-09-06 12:58:51,476 - Iter 11970: obj=-1117.160387, change=5.01e-06, α=0.000, ‖θ[1:]‖₁=13.590, h_range=[4.94e+00, 2.83e+01], num_knots=643
2025-09-06 12:58:51,556 - Iter 11980: obj=-1117.174510, change=5.00e-06, α=0.000, ‖θ[1:]‖₁=13.591, h_range=[4.94e+00, 2.83e+01], num_knots=643
2025-09-06 12:58:51,661 - Iter 11990: obj=-1117.188630, change=5.00e-06, α=0.000, ‖θ[1:]‖₁=13.591, h_range=[4.94e+00, 2.83e+01], num_knots=643
2025-09-06 12:58:51,740 - Iter 12000: obj=-1117.202744, change=5.00e-06, α=0.000, ‖θ[1:]‖₁=13.591, h_range=[4.94e+00, 2.83e+01], num_knots=642
2025-09-06 12:58:51,855 - Iter 12010: obj=-1117.216844, change=5.00e-06, α=0.000, ‖θ[1:]‖₁=13.591, h_range=[4.94e+00, 2.83e+01], num_knots=642
2025-09-06 12:58:51,947 - Iter 12020: obj=-1117.230934, change=4.99e-06, α=0.000, ‖θ[1:]‖₁=13.591, h_range=[4.94e+00, 2.83e+01], num_knots=641
2025-09-06 12:58:52,037 - Iter 12030: obj=-1117.244979, change=4.99e-06, α=0.000, ‖θ[1:]‖₁=13.591, h_range=[4.94e+00, 2.83e+01], num_knots=640
2025-09-06 12:58:52,123 - Iter 12040: obj=-1117.259012, change=4.99e-06, α=0.000, ‖θ[1:]‖₁=13.591, h_range=[4.94e+00, 2.83e+01], num_knots=640
2025-09-06 12:58:52,204 - Iter 12050: obj=-1117.273043, change=4.99e-06, α=0.000, ‖θ[1:]‖₁=13.592, h_range=[4.94e+00, 2.83e+01], num_knots=640
2025-09-06 12:58:52,286 - Iter 12060: obj=-1117.287072, change=4.99e-06, α=0.000, ‖θ[1:]‖₁=13.592, h_range=[4.94e+00, 2.83e+01], num_knots=640
2025-09-06 12:58:52,438 - Iter 12070: obj=-1117.301093, change=4.98e-06, α=0.000, ‖θ[1:]‖₁=13.592, h_range=[4.94e+00, 2.83e+01], num_knots=639
2025-09-06 12:58:52,522 - Iter 12080: obj=-1117.315073, change=4.98e-06, α=0.000, ‖θ[1:]‖₁=13.592, h_range=[4.94e+00, 2.83e+01], num_knots=639
2025-09-06 12:58:52,594 - Iter 12090: obj=-1117.329051, change=4.98e-06, α=0.000, ‖θ[1:]‖₁=13.592, h_range=[4.94e+00, 2.83e+01], num_knots=639
2025-09-06 12:58:52,689 - Iter 12100: obj=-1117.343027, change=4.97e-06, α=0.000, ‖θ[1:]‖₁=13.592, h_range=[4.94e+00, 2.83e+01], num_knots=639
2025-09-06 12:58:52,767 - Iter 12110: obj=-1117.357003, change=4.97e-06, α=0.000, ‖θ[1:]‖₁=13.592, h_range=[4.94e+00, 2.83e+01], num_knots=638
2025-09-06 12:58:52,868 - Iter 12120: obj=-1117.370934, change=4.97e-06, α=0.000, ‖θ[1:]‖₁=13.593, h_range=[4.94e+00, 2.83e+01], num_knots=638
2025-09-06 12:58:52,944 - Iter 12130: obj=-1117.384864, change=4.97e-06, α=0.000, ‖θ[1:]‖₁=13.593, h_range=[4.94e+00, 2.83e+01], num_knots=638
2025-09-06 12:58:53,030 - Iter 12140: obj=-1117.398792, change=4.96e-06, α=0.000, ‖θ[1:]‖₁=13.593, h_range=[4.94e+00, 2.83e+01], num_knots=638
2025-09-06 12:58:53,124 - Iter 12150: obj=-1117.412719, change=4.96e-06, α=0.000, ‖θ[1:]‖₁=13.593, h_range=[4.94e+00, 2.83e+01], num_knots=638
2025-09-06 12:58:53,204 - Iter 12160: obj=-1117.426582, change=4.96e-06, α=0.000, ‖θ[1:]‖₁=13.593, h_range=[4.94e+00, 2.83e+01], num_knots=637
2025-09-06 12:58:53,297 - Iter 12170: obj=-1117.440399, change=4.95e-06, α=0.000, ‖θ[1:]‖₁=13.593, h_range=[4.94e+00, 2.83e+01], num_knots=637
2025-09-06 12:58:53,416 - Iter 12180: obj=-1117.454211, change=4.95e-06, α=0.000, ‖θ[1:]‖₁=13.593, h_range=[4.94e+00, 2.83e+01], num_knots=636
2025-09-06 12:58:53,518 - Iter 12190: obj=-1117.468004, change=4.95e-06, α=0.000, ‖θ[1:]‖₁=13.594, h_range=[4.94e+00, 2.83e+01], num_knots=636
2025-09-06 12:58:53,807 - Iter 12200: obj=-1117.481795, change=4.95e-06, α=0.000, ‖θ[1:]‖₁=13.594, h_range=[4.94e+00, 2.83e+01], num_knots=636
2025-09-06 12:58:54,076 - Iter 12210: obj=-1117.495585, change=4.95e-06, α=0.000, ‖θ[1:]‖₁=13.594, h_range=[4.94e+00, 2.83e+01], num_knots=636
2025-09-06 12:58:54,173 - Iter 12220: obj=-1117.509362, change=4.94e-06, α=0.000, ‖θ[1:]‖₁=13.594, h_range=[4.94e+00, 2.83e+01], num_knots=635
2025-09-06 12:58:54,281 - Iter 12230: obj=-1117.523119, change=4.94e-06, α=0.000, ‖θ[1:]‖₁=13.594, h_range=[4.94e+00, 2.83e+01], num_knots=634
2025-09-06 12:58:54,369 - Iter 12240: obj=-1117.536767, change=4.94e-06, α=0.000, ‖θ[1:]‖₁=13.594, h_range=[4.94e+00, 2.83e+01], num_knots=630
2025-09-06 12:58:54,457 - Iter 12250: obj=-1117.550267, change=4.94e-06, α=0.000, ‖θ[1:]‖₁=13.594, h_range=[4.94e+00, 2.83e+01], num_knots=630
2025-09-06 12:58:54,543 - Iter 12260: obj=-1117.563759, change=4.93e-06, α=0.000, ‖θ[1:]‖₁=13.595, h_range=[4.94e+00, 2.83e+01], num_knots=630
2025-09-06 12:58:54,663 - Iter 12270: obj=-1117.577250, change=4.93e-06, α=0.000, ‖θ[1:]‖₁=13.595, h_range=[4.94e+00, 2.83e+01], num_knots=630
2025-09-06 12:58:54,752 - Iter 12280: obj=-1117.590738, change=4.93e-06, α=0.000, ‖θ[1:]‖₁=13.595, h_range=[4.94e+00, 2.83e+01], num_knots=630
2025-09-06 12:58:54,850 - Iter 12290: obj=-1117.604163, change=4.93e-06, α=0.000, ‖θ[1:]‖₁=13.595, h_range=[4.94e+00, 2.83e+01], num_knots=629
2025-09-06 12:58:54,955 - Iter 12300: obj=-1117.617569, change=4.93e-06, α=0.000, ‖θ[1:]‖₁=13.595, h_range=[4.94e+00, 2.83e+01], num_knots=629
2025-09-06 12:58:55,029 - Iter 12310: obj=-1117.630972, change=4.92e-06, α=0.000, ‖θ[1:]‖₁=13.596, h_range=[4.94e+00, 2.83e+01], num_knots=629
2025-09-06 12:58:55,111 - Iter 12320: obj=-1117.644374, change=4.92e-06, α=0.000, ‖θ[1:]‖₁=13.596, h_range=[4.94e+00, 2.83e+01], num_knots=629
2025-09-06 12:58:55,196 - Iter 12330: obj=-1117.657775, change=4.92e-06, α=0.000, ‖θ[1:]‖₁=13.596, h_range=[4.94e+00, 2.83e+01], num_knots=629
2025-09-06 12:58:55,293 - Iter 12340: obj=-1117.671173, change=4.92e-06, α=0.000, ‖θ[1:]‖₁=13.596, h_range=[4.94e+00, 2.83e+01], num_knots=629
2025-09-06 12:58:55,374 - Iter 12350: obj=-1117.684570, change=4.92e-06, α=0.000, ‖θ[1:]‖₁=13.596, h_range=[4.94e+00, 2.83e+01], num_knots=629
2025-09-06 12:58:55,447 - Iter 12360: obj=-1117.697965, change=4.92e-06, α=0.000, ‖θ[1:]‖₁=13.596, h_range=[4.94e+00, 2.83e+01], num_knots=629
2025-09-06 12:58:55,542 - Iter 12370: obj=-1117.711359, change=4.91e-06, α=0.000, ‖θ[1:]‖₁=13.597, h_range=[4.94e+00, 2.83e+01], num_knots=629
2025-09-06 12:58:55,626 - Iter 12380: obj=-1117.724751, change=4.91e-06, α=0.000, ‖θ[1:]‖₁=13.597, h_range=[4.94e+00, 2.83e+01], num_knots=629
2025-09-06 12:58:55,721 - Iter 12390: obj=-1117.738141, change=4.91e-06, α=0.000, ‖θ[1:]‖₁=13.597, h_range=[4.94e+00, 2.83e+01], num_knots=629
2025-09-06 12:58:55,804 - Iter 12400: obj=-1117.751530, change=4.91e-06, α=0.000, ‖θ[1:]‖₁=13.597, h_range=[4.94e+00, 2.83e+01], num_knots=629
2025-09-06 12:58:55,882 - Iter 12410: obj=-1117.764917, change=4.91e-06, α=0.000, ‖θ[1:]‖₁=13.597, h_range=[4.94e+00, 2.83e+01], num_knots=629
2025-09-06 12:58:55,974 - Iter 12420: obj=-1117.778303, change=4.91e-06, α=0.000, ‖θ[1:]‖₁=13.597, h_range=[4.94e+00, 2.83e+01], num_knots=629
2025-09-06 12:58:56,057 - Iter 12430: obj=-1117.791671, change=4.90e-06, α=0.000, ‖θ[1:]‖₁=13.597, h_range=[4.94e+00, 2.83e+01], num_knots=628
2025-09-06 12:58:56,144 - Iter 12440: obj=-1117.805013, change=4.90e-06, α=0.000, ‖θ[1:]‖₁=13.598, h_range=[4.94e+00, 2.83e+01], num_knots=628
2025-09-06 12:58:56,229 - Iter 12450: obj=-1117.818354, change=4.90e-06, α=0.000, ‖θ[1:]‖₁=13.598, h_range=[4.94e+00, 2.83e+01], num_knots=628
2025-09-06 12:58:56,336 - Iter 12460: obj=-1117.831674, change=4.90e-06, α=0.000, ‖θ[1:]‖₁=13.598, h_range=[4.94e+00, 2.83e+01], num_knots=627
2025-09-06 12:58:56,441 - Iter 12470: obj=-1117.844989, change=4.90e-06, α=0.000, ‖θ[1:]‖₁=13.598, h_range=[4.94e+00, 2.83e+01], num_knots=626
2025-09-06 12:58:56,543 - Iter 12480: obj=-1117.858271, change=4.90e-06, α=0.000, ‖θ[1:]‖₁=13.598, h_range=[4.94e+00, 2.83e+01], num_knots=626
2025-09-06 12:58:56,651 - Iter 12490: obj=-1117.871518, change=4.90e-06, α=0.000, ‖θ[1:]‖₁=13.598, h_range=[4.94e+00, 2.83e+01], num_knots=625
2025-09-06 12:58:56,782 - Iter 12500: obj=-1117.884754, change=4.89e-06, α=0.000, ‖θ[1:]‖₁=13.598, h_range=[4.94e+00, 2.83e+01], num_knots=625
2025-09-06 12:58:56,881 - Iter 12510: obj=-1117.897989, change=4.89e-06, α=0.000, ‖θ[1:]‖₁=13.599, h_range=[4.94e+00, 2.83e+01], num_knots=625
2025-09-06 12:58:57,007 - Iter 12520: obj=-1117.911222, change=4.89e-06, α=0.000, ‖θ[1:]‖₁=13.599, h_range=[4.94e+00, 2.83e+01], num_knots=625
2025-09-06 12:58:57,125 - Iter 12530: obj=-1117.924415, change=4.89e-06, α=0.000, ‖θ[1:]‖₁=13.599, h_range=[4.94e+00, 2.83e+01], num_knots=624
2025-09-06 12:58:57,224 - Iter 12540: obj=-1117.937570, change=4.89e-06, α=0.000, ‖θ[1:]‖₁=13.599, h_range=[4.94e+00, 2.83e+01], num_knots=624
2025-09-06 12:58:57,327 - Iter 12550: obj=-1117.950723, change=4.89e-06, α=0.000, ‖θ[1:]‖₁=13.599, h_range=[4.94e+00, 2.83e+01], num_knots=624
2025-09-06 12:58:57,413 - Iter 12560: obj=-1117.963874, change=4.89e-06, α=0.000, ‖θ[1:]‖₁=13.599, h_range=[4.94e+00, 2.83e+01], num_knots=624
2025-09-06 12:58:57,529 - Iter 12570: obj=-1117.977012, change=4.89e-06, α=0.000, ‖θ[1:]‖₁=13.599, h_range=[4.94e+00, 2.83e+01], num_knots=623
2025-09-06 12:58:57,624 - Iter 12580: obj=-1117.990132, change=4.89e-06, α=0.000, ‖θ[1:]‖₁=13.600, h_range=[4.94e+00, 2.83e+01], num_knots=622
2025-09-06 12:58:57,730 - Iter 12590: obj=-1118.003206, change=4.89e-06, α=0.000, ‖θ[1:]‖₁=13.600, h_range=[4.94e+00, 2.83e+01], num_knots=622
2025-09-06 12:58:57,838 - Iter 12600: obj=-1118.016265, change=4.89e-06, α=0.000, ‖θ[1:]‖₁=13.600, h_range=[4.94e+00, 2.83e+01], num_knots=620
2025-09-06 12:58:57,923 - Iter 12610: obj=-1118.029281, change=4.88e-06, α=0.000, ‖θ[1:]‖₁=13.600, h_range=[4.94e+00, 2.83e+01], num_knots=620
2025-09-06 12:58:58,000 - Iter 12620: obj=-1118.042297, change=4.88e-06, α=0.000, ‖θ[1:]‖₁=13.600, h_range=[4.94e+00, 2.83e+01], num_knots=620
2025-09-06 12:58:58,087 - Iter 12630: obj=-1118.055310, change=4.88e-06, α=0.000, ‖θ[1:]‖₁=13.600, h_range=[4.94e+00, 2.83e+01], num_knots=620
2025-09-06 12:58:58,160 - Iter 12640: obj=-1118.068322, change=4.88e-06, α=0.000, ‖θ[1:]‖₁=13.601, h_range=[4.94e+00, 2.83e+01], num_knots=620
2025-09-06 12:58:58,242 - Iter 12650: obj=-1118.081333, change=4.88e-06, α=0.000, ‖θ[1:]‖₁=13.601, h_range=[4.94e+00, 2.83e+01], num_knots=620
2025-09-06 12:58:58,328 - Iter 12660: obj=-1118.094343, change=4.88e-06, α=0.000, ‖θ[1:]‖₁=13.601, h_range=[4.94e+00, 2.83e+01], num_knots=620
2025-09-06 12:58:58,414 - Iter 12670: obj=-1118.107351, change=4.88e-06, α=0.000, ‖θ[1:]‖₁=13.601, h_range=[4.94e+00, 2.83e+01], num_knots=620
2025-09-06 12:58:58,493 - Iter 12680: obj=-1118.120342, change=4.88e-06, α=0.000, ‖θ[1:]‖₁=13.601, h_range=[4.94e+00, 2.83e+01], num_knots=619
2025-09-06 12:58:58,582 - Iter 12690: obj=-1118.133317, change=4.88e-06, α=0.000, ‖θ[1:]‖₁=13.601, h_range=[4.94e+00, 2.83e+01], num_knots=619
2025-09-06 12:58:58,684 - Iter 12700: obj=-1118.146291, change=4.87e-06, α=0.000, ‖θ[1:]‖₁=13.601, h_range=[4.94e+00, 2.83e+01], num_knots=619
2025-09-06 12:58:58,790 - Iter 12710: obj=-1118.159246, change=4.87e-06, α=0.000, ‖θ[1:]‖₁=13.602, h_range=[4.94e+00, 2.83e+01], num_knots=618
2025-09-06 12:58:58,868 - Iter 12720: obj=-1118.172169, change=4.87e-06, α=0.000, ‖θ[1:]‖₁=13.602, h_range=[4.94e+00, 2.83e+01], num_knots=618
2025-09-06 12:58:58,944 - Iter 12730: obj=-1118.185090, change=4.87e-06, α=0.000, ‖θ[1:]‖₁=13.602, h_range=[4.94e+00, 2.83e+01], num_knots=618
2025-09-06 12:58:59,022 - Iter 12740: obj=-1118.198010, change=4.87e-06, α=0.000, ‖θ[1:]‖₁=13.602, h_range=[4.94e+00, 2.83e+01], num_knots=618
2025-09-06 12:58:59,104 - Iter 12750: obj=-1118.210929, change=4.87e-06, α=0.000, ‖θ[1:]‖₁=13.602, h_range=[4.94e+00, 2.83e+01], num_knots=618
2025-09-06 12:58:59,222 - Iter 12760: obj=-1118.223846, change=4.87e-06, α=0.000, ‖θ[1:]‖₁=13.602, h_range=[4.94e+00, 2.83e+01], num_knots=618
2025-09-06 12:58:59,330 - Iter 12770: obj=-1118.236762, change=4.87e-06, α=0.000, ‖θ[1:]‖₁=13.602, h_range=[4.94e+00, 2.83e+01], num_knots=618
2025-09-06 12:58:59,410 - Iter 12780: obj=-1118.249677, change=4.87e-06, α=0.000, ‖θ[1:]‖₁=13.602, h_range=[4.94e+00, 2.83e+01], num_knots=618
2025-09-06 12:58:59,493 - Iter 12790: obj=-1118.262591, change=4.87e-06, α=0.000, ‖θ[1:]‖₁=13.603, h_range=[4.94e+00, 2.83e+01], num_knots=618
2025-09-06 12:58:59,588 - Iter 12800: obj=-1118.275503, change=4.87e-06, α=0.000, ‖θ[1:]‖₁=13.603, h_range=[4.94e+00, 2.83e+01], num_knots=618
2025-09-06 12:58:59,688 - Iter 12810: obj=-1118.288414, change=4.87e-06, α=0.000, ‖θ[1:]‖₁=13.603, h_range=[4.94e+00, 2.83e+01], num_knots=618
2025-09-06 12:58:59,777 - Iter 12820: obj=-1118.301324, change=4.86e-06, α=0.000, ‖θ[1:]‖₁=13.603, h_range=[4.94e+00, 2.83e+01], num_knots=618
2025-09-06 12:58:59,867 - Iter 12830: obj=-1118.314134, change=4.86e-06, α=0.000, ‖θ[1:]‖₁=13.603, h_range=[4.94e+00, 2.83e+01], num_knots=617
2025-09-06 12:58:59,981 - Iter 12840: obj=-1118.326859, change=4.86e-06, α=0.000, ‖θ[1:]‖₁=13.603, h_range=[4.94e+00, 2.83e+01], num_knots=616
2025-09-06 12:59:00,101 - Iter 12850: obj=-1118.339555, change=4.86e-06, α=0.000, ‖θ[1:]‖₁=13.603, h_range=[4.94e+00, 2.83e+01], num_knots=616
2025-09-06 12:59:00,177 - Iter 12860: obj=-1118.352249, change=4.85e-06, α=0.000, ‖θ[1:]‖₁=13.604, h_range=[4.94e+00, 2.83e+01], num_knots=615
2025-09-06 12:59:00,263 - Iter 12870: obj=-1118.364932, change=4.85e-06, α=0.000, ‖θ[1:]‖₁=13.604, h_range=[4.94e+00, 2.83e+01], num_knots=615
2025-09-06 12:59:00,357 - Iter 12880: obj=-1118.377599, change=4.85e-06, α=0.000, ‖θ[1:]‖₁=13.604, h_range=[4.94e+00, 2.83e+01], num_knots=614
2025-09-06 12:59:00,444 - Iter 12890: obj=-1118.390242, change=4.85e-06, α=0.000, ‖θ[1:]‖₁=13.604, h_range=[4.94e+00, 2.83e+01], num_knots=614
2025-09-06 12:59:00,516 - Iter 12900: obj=-1118.402861, change=4.84e-06, α=0.000, ‖θ[1:]‖₁=13.604, h_range=[4.94e+00, 2.83e+01], num_knots=612
2025-09-06 12:59:00,597 - Iter 12910: obj=-1118.415437, change=4.84e-06, α=0.000, ‖θ[1:]‖₁=13.604, h_range=[4.94e+00, 2.83e+01], num_knots=612
2025-09-06 12:59:00,694 - Iter 12920: obj=-1118.428011, change=4.84e-06, α=0.000, ‖θ[1:]‖₁=13.605, h_range=[4.94e+00, 2.83e+01], num_knots=612
2025-09-06 12:59:00,783 - Iter 12930: obj=-1118.440584, change=4.84e-06, α=0.000, ‖θ[1:]‖₁=13.605, h_range=[4.94e+00, 2.83e+01], num_knots=612
2025-09-06 12:59:00,875 - Iter 12940: obj=-1118.453156, change=4.83e-06, α=0.000, ‖θ[1:]‖₁=13.605, h_range=[4.94e+00, 2.83e+01], num_knots=612
2025-09-06 12:59:00,960 - Iter 12950: obj=-1118.465714, change=4.83e-06, α=0.000, ‖θ[1:]‖₁=13.605, h_range=[4.94e+00, 2.83e+01], num_knots=611
2025-09-06 12:59:01,054 - Iter 12960: obj=-1118.478253, change=4.83e-06, α=0.000, ‖θ[1:]‖₁=13.605, h_range=[4.94e+00, 2.83e+01], num_knots=611
2025-09-06 12:59:01,153 - Iter 12970: obj=-1118.490784, change=4.83e-06, α=0.000, ‖θ[1:]‖₁=13.605, h_range=[4.94e+00, 2.83e+01], num_knots=610
2025-09-06 12:59:01,240 - Iter 12980: obj=-1118.503217, change=4.83e-06, α=0.000, ‖θ[1:]‖₁=13.606, h_range=[4.94e+00, 2.83e+01], num_knots=609
2025-09-06 12:59:01,349 - Iter 12990: obj=-1118.515643, change=4.82e-06, α=0.000, ‖θ[1:]‖₁=13.606, h_range=[4.94e+00, 2.83e+01], num_knots=609
2025-09-06 12:59:01,436 - Iter 13000: obj=-1118.528066, change=4.82e-06, α=0.000, ‖θ[1:]‖₁=13.606, h_range=[4.94e+00, 2.83e+01], num_knots=609
2025-09-06 12:59:01,530 - Iter 13010: obj=-1118.540488, change=4.82e-06, α=0.000, ‖θ[1:]‖₁=13.606, h_range=[4.94e+00, 2.83e+01], num_knots=609
2025-09-06 12:59:01,615 - Iter 13020: obj=-1118.552909, change=4.81e-06, α=0.000, ‖θ[1:]‖₁=13.606, h_range=[4.94e+00, 2.83e+01], num_knots=608
2025-09-06 12:59:01,715 - Iter 13030: obj=-1118.565237, change=4.81e-06, α=0.000, ‖θ[1:]‖₁=13.606, h_range=[4.94e+00, 2.83e+01], num_knots=607
2025-09-06 12:59:01,793 - Iter 13040: obj=-1118.577549, change=4.81e-06, α=0.000, ‖θ[1:]‖₁=13.607, h_range=[4.94e+00, 2.83e+01], num_knots=607
2025-09-06 12:59:01,876 - Iter 13050: obj=-1118.589860, change=4.80e-06, α=0.000, ‖θ[1:]‖₁=13.607, h_range=[4.94e+00, 2.83e+01], num_knots=607
2025-09-06 12:59:01,964 - Iter 13060: obj=-1118.602168, change=4.80e-06, α=0.000, ‖θ[1:]‖₁=13.607, h_range=[4.94e+00, 2.83e+01], num_knots=607
2025-09-06 12:59:02,054 - Iter 13070: obj=-1118.614475, change=4.80e-06, α=0.000, ‖θ[1:]‖₁=13.607, h_range=[4.94e+00, 2.83e+01], num_knots=607
2025-09-06 12:59:02,153 - Iter 13080: obj=-1118.626781, change=4.79e-06, α=0.000, ‖θ[1:]‖₁=13.607, h_range=[4.94e+00, 2.83e+01], num_knots=607
2025-09-06 12:59:02,236 - Iter 13090: obj=-1118.639084, change=4.79e-06, α=0.000, ‖θ[1:]‖₁=13.608, h_range=[4.94e+00, 2.83e+01], num_knots=607
2025-09-06 12:59:02,358 - Iter 13100: obj=-1118.651353, change=4.79e-06, α=0.000, ‖θ[1:]‖₁=13.608, h_range=[4.94e+00, 2.83e+01], num_knots=606
2025-09-06 12:59:02,455 - Iter 13110: obj=-1118.663600, change=4.78e-06, α=0.000, ‖θ[1:]‖₁=13.608, h_range=[4.94e+00, 2.83e+01], num_knots=606
2025-09-06 12:59:02,566 - Iter 13120: obj=-1118.675847, change=4.78e-06, α=0.000, ‖θ[1:]‖₁=13.608, h_range=[4.94e+00, 2.83e+01], num_knots=606
2025-09-06 12:59:02,661 - Iter 13130: obj=-1118.688091, change=4.78e-06, α=0.000, ‖θ[1:]‖₁=13.608, h_range=[4.94e+00, 2.83e+01], num_knots=606
2025-09-06 12:59:02,760 - Iter 13140: obj=-1118.700335, change=4.78e-06, α=0.000, ‖θ[1:]‖₁=13.608, h_range=[4.94e+00, 2.83e+01], num_knots=606
2025-09-06 12:59:02,871 - Iter 13150: obj=-1118.712576, change=4.77e-06, α=0.000, ‖θ[1:]‖₁=13.609, h_range=[4.94e+00, 2.83e+01], num_knots=606
2025-09-06 12:59:02,981 - Iter 13160: obj=-1118.724817, change=4.77e-06, α=0.000, ‖θ[1:]‖₁=13.609, h_range=[4.94e+00, 2.83e+01], num_knots=606
2025-09-06 12:59:03,074 - Iter 13170: obj=-1118.737056, change=4.77e-06, α=0.000, ‖θ[1:]‖₁=13.609, h_range=[4.94e+00, 2.83e+01], num_knots=606
2025-09-06 12:59:03,158 - Iter 13180: obj=-1118.749294, change=4.76e-06, α=0.000, ‖θ[1:]‖₁=13.609, h_range=[4.94e+00, 2.83e+01], num_knots=606
2025-09-06 12:59:03,242 - Iter 13190: obj=-1118.761530, change=4.76e-06, α=0.000, ‖θ[1:]‖₁=13.609, h_range=[4.94e+00, 2.83e+01], num_knots=606
2025-09-06 12:59:03,321 - Iter 13200: obj=-1118.773765, change=4.76e-06, α=0.000, ‖θ[1:]‖₁=13.609, h_range=[4.93e+00, 2.83e+01], num_knots=606
2025-09-06 12:59:03,405 - Iter 13210: obj=-1118.785999, change=4.76e-06, α=0.000, ‖θ[1:]‖₁=13.609, h_range=[4.93e+00, 2.83e+01], num_knots=606
2025-09-06 12:59:03,487 - Iter 13220: obj=-1118.798232, change=4.75e-06, α=0.000, ‖θ[1:]‖₁=13.609, h_range=[4.93e+00, 2.83e+01], num_knots=606
2025-09-06 12:59:03,568 - Iter 13230: obj=-1118.810463, change=4.75e-06, α=0.000, ‖θ[1:]‖₁=13.610, h_range=[4.93e+00, 2.83e+01], num_knots=606
2025-09-06 12:59:03,645 - Iter 13240: obj=-1118.822693, change=4.75e-06, α=0.000, ‖θ[1:]‖₁=13.610, h_range=[4.93e+00, 2.83e+01], num_knots=606
2025-09-06 12:59:03,737 - Iter 13250: obj=-1118.834922, change=4.75e-06, α=0.000, ‖θ[1:]‖₁=13.610, h_range=[4.93e+00, 2.83e+01], num_knots=606
2025-09-06 12:59:03,813 - Iter 13260: obj=-1118.847150, change=4.75e-06, α=0.000, ‖θ[1:]‖₁=13.610, h_range=[4.93e+00, 2.83e+01], num_knots=606
2025-09-06 12:59:03,894 - Iter 13270: obj=-1118.859377, change=4.74e-06, α=0.000, ‖θ[1:]‖₁=13.610, h_range=[4.93e+00, 2.83e+01], num_knots=606
2025-09-06 12:59:03,993 - Iter 13280: obj=-1118.871603, change=4.74e-06, α=0.000, ‖θ[1:]‖₁=13.610, h_range=[4.93e+00, 2.83e+01], num_knots=606
2025-09-06 12:59:04,087 - Iter 13290: obj=-1118.883827, change=4.74e-06, α=0.000, ‖θ[1:]‖₁=13.610, h_range=[4.93e+00, 2.83e+01], num_knots=606
2025-09-06 12:59:04,161 - Iter 13300: obj=-1118.896051, change=4.74e-06, α=0.000, ‖θ[1:]‖₁=13.610, h_range=[4.93e+00, 2.83e+01], num_knots=606
2025-09-06 12:59:04,242 - Iter 13310: obj=-1118.908273, change=4.74e-06, α=0.000, ‖θ[1:]‖₁=13.610, h_range=[4.93e+00, 2.83e+01], num_knots=605
2025-09-06 12:59:04,354 - Iter 13320: obj=-1118.920436, change=4.74e-06, α=0.000, ‖θ[1:]‖₁=13.611, h_range=[4.93e+00, 2.83e+01], num_knots=605
2025-09-06 12:59:04,435 - Iter 13330: obj=-1118.932594, change=4.73e-06, α=0.000, ‖θ[1:]‖₁=13.611, h_range=[4.93e+00, 2.83e+01], num_knots=605
2025-09-06 12:59:04,521 - Iter 13340: obj=-1118.944752, change=4.73e-06, α=0.000, ‖θ[1:]‖₁=13.611, h_range=[4.93e+00, 2.83e+01], num_knots=605
2025-09-06 12:59:04,605 - Iter 13350: obj=-1118.956908, change=4.73e-06, α=0.000, ‖θ[1:]‖₁=13.611, h_range=[4.93e+00, 2.83e+01], num_knots=605
2025-09-06 12:59:04,692 - Iter 13360: obj=-1118.969063, change=4.73e-06, α=0.000, ‖θ[1:]‖₁=13.611, h_range=[4.93e+00, 2.83e+01], num_knots=605
2025-09-06 12:59:04,790 - Iter 13370: obj=-1118.981217, change=4.73e-06, α=0.000, ‖θ[1:]‖₁=13.611, h_range=[4.93e+00, 2.83e+01], num_knots=605
2025-09-06 12:59:04,877 - Iter 13380: obj=-1118.993369, change=4.73e-06, α=0.000, ‖θ[1:]‖₁=13.611, h_range=[4.93e+00, 2.83e+01], num_knots=605
2025-09-06 12:59:04,973 - Iter 13390: obj=-1119.005521, change=4.72e-06, α=0.000, ‖θ[1:]‖₁=13.611, h_range=[4.93e+00, 2.83e+01], num_knots=605
2025-09-06 12:59:05,042 - Iter 13400: obj=-1119.017672, change=4.72e-06, α=0.000, ‖θ[1:]‖₁=13.611, h_range=[4.93e+00, 2.83e+01], num_knots=605
2025-09-06 12:59:05,124 - Iter 13410: obj=-1119.029822, change=4.72e-06, α=0.000, ‖θ[1:]‖₁=13.611, h_range=[4.93e+00, 2.83e+01], num_knots=605
2025-09-06 12:59:05,206 - Iter 13420: obj=-1119.041952, change=4.72e-06, α=0.000, ‖θ[1:]‖₁=13.611, h_range=[4.93e+00, 2.83e+01], num_knots=604
2025-09-06 12:59:05,294 - Iter 13430: obj=-1119.054062, change=4.72e-06, α=0.000, ‖θ[1:]‖₁=13.612, h_range=[4.93e+00, 2.83e+01], num_knots=604
2025-09-06 12:59:05,403 - Iter 13440: obj=-1119.066170, change=4.72e-06, α=0.000, ‖θ[1:]‖₁=13.612, h_range=[4.93e+00, 2.83e+01], num_knots=603
2025-09-06 12:59:05,483 - Iter 13450: obj=-1119.078240, change=4.72e-06, α=0.000, ‖θ[1:]‖₁=13.612, h_range=[4.93e+00, 2.83e+01], num_knots=603
2025-09-06 12:59:05,565 - Iter 13460: obj=-1119.090290, change=4.72e-06, α=0.000, ‖θ[1:]‖₁=13.612, h_range=[4.93e+00, 2.83e+01], num_knots=602
2025-09-06 12:59:05,656 - Iter 13470: obj=-1119.102337, change=4.72e-06, α=0.000, ‖θ[1:]‖₁=13.612, h_range=[4.93e+00, 2.83e+01], num_knots=602
2025-09-06 12:59:05,735 - Iter 13480: obj=-1119.114381, change=4.71e-06, α=0.000, ‖θ[1:]‖₁=13.612, h_range=[4.93e+00, 2.83e+01], num_knots=601
2025-09-06 12:59:05,824 - Iter 13490: obj=-1119.126370, change=4.71e-06, α=0.000, ‖θ[1:]‖₁=13.612, h_range=[4.93e+00, 2.83e+01], num_knots=601
2025-09-06 12:59:05,918 - Iter 13500: obj=-1119.138357, change=4.71e-06, α=0.000, ‖θ[1:]‖₁=13.612, h_range=[4.93e+00, 2.83e+01], num_knots=601
2025-09-06 12:59:06,013 - Iter 13510: obj=-1119.150343, change=4.71e-06, α=0.000, ‖θ[1:]‖₁=13.612, h_range=[4.93e+00, 2.83e+01], num_knots=601
2025-09-06 12:59:06,094 - Iter 13520: obj=-1119.162329, change=4.71e-06, α=0.000, ‖θ[1:]‖₁=13.613, h_range=[4.93e+00, 2.83e+01], num_knots=601
2025-09-06 12:59:06,184 - Iter 13530: obj=-1119.174313, change=4.70e-06, α=0.000, ‖θ[1:]‖₁=13.613, h_range=[4.93e+00, 2.83e+01], num_knots=601
2025-09-06 12:59:06,272 - Iter 13540: obj=-1119.186249, change=4.70e-06, α=0.000, ‖θ[1:]‖₁=13.613, h_range=[4.93e+00, 2.83e+01], num_knots=599
2025-09-06 12:59:06,357 - Iter 13550: obj=-1119.198096, change=4.70e-06, α=0.000, ‖θ[1:]‖₁=13.613, h_range=[4.93e+00, 2.83e+01], num_knots=599
2025-09-06 12:59:06,450 - Iter 13560: obj=-1119.209941, change=4.70e-06, α=0.000, ‖θ[1:]‖₁=13.613, h_range=[4.93e+00, 2.83e+01], num_knots=599
2025-09-06 12:59:06,524 - Iter 13570: obj=-1119.221785, change=4.69e-06, α=0.000, ‖θ[1:]‖₁=13.613, h_range=[4.93e+00, 2.83e+01], num_knots=599
2025-09-06 12:59:06,622 - Iter 13580: obj=-1119.233628, change=4.69e-06, α=0.000, ‖θ[1:]‖₁=13.613, h_range=[4.93e+00, 2.83e+01], num_knots=599
2025-09-06 12:59:06,707 - Iter 13590: obj=-1119.245470, change=4.69e-06, α=0.000, ‖θ[1:]‖₁=13.613, h_range=[4.93e+00, 2.83e+01], num_knots=599
2025-09-06 12:59:06,790 - Iter 13600: obj=-1119.257310, change=4.69e-06, α=0.000, ‖θ[1:]‖₁=13.614, h_range=[4.93e+00, 2.83e+01], num_knots=599
2025-09-06 12:59:06,869 - Iter 13610: obj=-1119.269150, change=4.69e-06, α=0.000, ‖θ[1:]‖₁=13.614, h_range=[4.93e+00, 2.83e+01], num_knots=599
2025-09-06 12:59:06,953 - Iter 13620: obj=-1119.280988, change=4.69e-06, α=0.000, ‖θ[1:]‖₁=13.614, h_range=[4.93e+00, 2.83e+01], num_knots=598
2025-09-06 12:59:07,029 - Iter 13630: obj=-1119.292770, change=4.68e-06, α=0.000, ‖θ[1:]‖₁=13.614, h_range=[4.93e+00, 2.83e+01], num_knots=598
2025-09-06 12:59:07,128 - Iter 13640: obj=-1119.304537, change=4.68e-06, α=0.000, ‖θ[1:]‖₁=13.614, h_range=[4.93e+00, 2.83e+01], num_knots=597
2025-09-06 12:59:07,213 - Iter 13650: obj=-1119.316280, change=4.68e-06, α=0.000, ‖θ[1:]‖₁=13.614, h_range=[4.93e+00, 2.83e+01], num_knots=597
2025-09-06 12:59:07,320 - Iter 13660: obj=-1119.328023, change=4.68e-06, α=0.000, ‖θ[1:]‖₁=13.614, h_range=[4.93e+00, 2.83e+01], num_knots=597
2025-09-06 12:59:07,415 - Iter 13670: obj=-1119.339764, change=4.68e-06, α=0.000, ‖θ[1:]‖₁=13.614, h_range=[4.93e+00, 2.83e+01], num_knots=597
2025-09-06 12:59:07,525 - Iter 13680: obj=-1119.351452, change=4.68e-06, α=0.000, ‖θ[1:]‖₁=13.615, h_range=[4.93e+00, 2.83e+01], num_knots=596
2025-09-06 12:59:07,616 - Iter 13690: obj=-1119.363128, change=4.68e-06, α=0.000, ‖θ[1:]‖₁=13.615, h_range=[4.93e+00, 2.83e+01], num_knots=596
2025-09-06 12:59:07,710 - Iter 13700: obj=-1119.374802, change=4.68e-06, α=0.000, ‖θ[1:]‖₁=13.615, h_range=[4.93e+00, 2.83e+01], num_knots=596
2025-09-06 12:59:07,837 - Iter 13710: obj=-1119.386475, change=4.67e-06, α=0.000, ‖θ[1:]‖₁=13.615, h_range=[4.93e+00, 2.83e+01], num_knots=596
2025-09-06 12:59:07,942 - Iter 13720: obj=-1119.398147, change=4.67e-06, α=0.000, ‖θ[1:]‖₁=13.615, h_range=[4.93e+00, 2.83e+01], num_knots=595
2025-09-06 12:59:08,052 - Iter 13730: obj=-1119.409796, change=4.67e-06, α=0.000, ‖θ[1:]‖₁=13.615, h_range=[4.93e+00, 2.83e+01], num_knots=595
2025-09-06 12:59:08,140 - Iter 13740: obj=-1119.421441, change=4.67e-06, α=0.000, ‖θ[1:]‖₁=13.615, h_range=[4.93e+00, 2.83e+01], num_knots=595
2025-09-06 12:59:08,226 - Iter 13750: obj=-1119.433086, change=4.67e-06, α=0.000, ‖θ[1:]‖₁=13.616, h_range=[4.93e+00, 2.83e+01], num_knots=595
2025-09-06 12:59:08,305 - Iter 13760: obj=-1119.444729, change=4.67e-06, α=0.000, ‖θ[1:]‖₁=13.616, h_range=[4.93e+00, 2.83e+01], num_knots=595
2025-09-06 12:59:08,402 - Iter 13770: obj=-1119.456345, change=4.67e-06, α=0.000, ‖θ[1:]‖₁=13.616, h_range=[4.93e+00, 2.83e+01], num_knots=594
2025-09-06 12:59:08,560 - Iter 13780: obj=-1119.467865, change=4.66e-06, α=0.000, ‖θ[1:]‖₁=13.616, h_range=[4.93e+00, 2.83e+01], num_knots=593
2025-09-06 12:59:08,647 - Iter 13790: obj=-1119.479325, change=4.66e-06, α=0.000, ‖θ[1:]‖₁=13.616, h_range=[4.93e+00, 2.83e+01], num_knots=592
2025-09-06 12:59:08,752 - Iter 13800: obj=-1119.490767, change=4.66e-06, α=0.000, ‖θ[1:]‖₁=13.616, h_range=[4.93e+00, 2.83e+01], num_knots=591
2025-09-06 12:59:08,844 - Iter 13810: obj=-1119.502187, change=4.65e-06, α=0.000, ‖θ[1:]‖₁=13.616, h_range=[4.93e+00, 2.83e+01], num_knots=591
2025-09-06 12:59:08,946 - Iter 13820: obj=-1119.513605, change=4.65e-06, α=0.000, ‖θ[1:]‖₁=13.617, h_range=[4.93e+00, 2.83e+01], num_knots=591
2025-09-06 12:59:09,029 - Iter 13830: obj=-1119.525022, change=4.65e-06, α=0.000, ‖θ[1:]‖₁=13.617, h_range=[4.93e+00, 2.83e+01], num_knots=590
2025-09-06 12:59:09,122 - Iter 13840: obj=-1119.536399, change=4.64e-06, α=0.000, ‖θ[1:]‖₁=13.617, h_range=[4.93e+00, 2.83e+01], num_knots=590
2025-09-06 12:59:09,209 - Iter 13850: obj=-1119.547772, change=4.64e-06, α=0.000, ‖θ[1:]‖₁=13.617, h_range=[4.93e+00, 2.83e+01], num_knots=590
2025-09-06 12:59:09,327 - Iter 13860: obj=-1119.559143, change=4.64e-06, α=0.000, ‖θ[1:]‖₁=13.617, h_range=[4.93e+00, 2.83e+01], num_knots=589
2025-09-06 12:59:09,409 - Iter 13870: obj=-1119.570463, change=4.63e-06, α=0.000, ‖θ[1:]‖₁=13.618, h_range=[4.93e+00, 2.83e+01], num_knots=589
2025-09-06 12:59:09,494 - Iter 13880: obj=-1119.581770, change=4.63e-06, α=0.000, ‖θ[1:]‖₁=13.618, h_range=[4.93e+00, 2.83e+01], num_knots=588
2025-09-06 12:59:09,602 - Iter 13890: obj=-1119.593068, change=4.63e-06, α=0.000, ‖θ[1:]‖₁=13.618, h_range=[4.93e+00, 2.83e+01], num_knots=588
2025-09-06 12:59:09,684 - Iter 13900: obj=-1119.604364, change=4.63e-06, α=0.000, ‖θ[1:]‖₁=13.618, h_range=[4.93e+00, 2.83e+01], num_knots=588
2025-09-06 12:59:09,783 - Iter 13910: obj=-1119.615659, change=4.62e-06, α=0.000, ‖θ[1:]‖₁=13.618, h_range=[4.93e+00, 2.83e+01], num_knots=588
2025-09-06 12:59:09,866 - Iter 13920: obj=-1119.626952, change=4.62e-06, α=0.000, ‖θ[1:]‖₁=13.618, h_range=[4.93e+00, 2.83e+01], num_knots=588
2025-09-06 12:59:09,980 - Iter 13930: obj=-1119.638244, change=4.62e-06, α=0.000, ‖θ[1:]‖₁=13.619, h_range=[4.93e+00, 2.83e+01], num_knots=588
2025-09-06 12:59:10,057 - Iter 13940: obj=-1119.649522, change=4.62e-06, α=0.000, ‖θ[1:]‖₁=13.619, h_range=[4.93e+00, 2.83e+01], num_knots=587
2025-09-06 12:59:10,139 - Iter 13950: obj=-1119.660788, change=4.61e-06, α=0.000, ‖θ[1:]‖₁=13.619, h_range=[4.93e+00, 2.83e+01], num_knots=587
2025-09-06 12:59:10,230 - Iter 13960: obj=-1119.672053, change=4.61e-06, α=0.000, ‖θ[1:]‖₁=13.619, h_range=[4.93e+00, 2.83e+01], num_knots=587
2025-09-06 12:59:10,327 - Iter 13970: obj=-1119.683317, change=4.61e-06, α=0.000, ‖θ[1:]‖₁=13.619, h_range=[4.93e+00, 2.83e+01], num_knots=587
2025-09-06 12:59:10,410 - Iter 13980: obj=-1119.694580, change=4.61e-06, α=0.000, ‖θ[1:]‖₁=13.619, h_range=[4.93e+00, 2.83e+01], num_knots=587
2025-09-06 12:59:10,509 - Iter 13990: obj=-1119.705841, change=4.61e-06, α=0.000, ‖θ[1:]‖₁=13.620, h_range=[4.93e+00, 2.83e+01], num_knots=587
2025-09-06 12:59:10,591 - Iter 14000: obj=-1119.717102, change=4.60e-06, α=0.000, ‖θ[1:]‖₁=13.620, h_range=[4.93e+00, 2.83e+01], num_knots=587
2025-09-06 12:59:10,665 - Iter 14010: obj=-1119.728361, change=4.60e-06, α=0.000, ‖θ[1:]‖₁=13.620, h_range=[4.93e+00, 2.83e+01], num_knots=587
2025-09-06 12:59:10,751 - Iter 14020: obj=-1119.739619, change=4.60e-06, α=0.000, ‖θ[1:]‖₁=13.620, h_range=[4.93e+00, 2.83e+01], num_knots=587
2025-09-06 12:59:10,840 - Iter 14030: obj=-1119.750876, change=4.60e-06, α=0.000, ‖θ[1:]‖₁=13.620, h_range=[4.93e+00, 2.83e+01], num_knots=587
2025-09-06 12:59:10,919 - Iter 14040: obj=-1119.762131, change=4.60e-06, α=0.000, ‖θ[1:]‖₁=13.620, h_range=[4.93e+00, 2.83e+01], num_knots=586
2025-09-06 12:59:10,989 - Iter 14050: obj=-1119.773359, change=4.59e-06, α=0.000, ‖θ[1:]‖₁=13.620, h_range=[4.93e+00, 2.83e+01], num_knots=586
2025-09-06 12:59:11,082 - Iter 14060: obj=-1119.784585, change=4.59e-06, α=0.000, ‖θ[1:]‖₁=13.620, h_range=[4.93e+00, 2.83e+01], num_knots=586
2025-09-06 12:59:11,201 - Iter 14070: obj=-1119.795809, change=4.59e-06, α=0.000, ‖θ[1:]‖₁=13.621, h_range=[4.93e+00, 2.83e+01], num_knots=586
2025-09-06 12:59:11,300 - Iter 14080: obj=-1119.806984, change=4.59e-06, α=0.000, ‖θ[1:]‖₁=13.621, h_range=[4.93e+00, 2.83e+01], num_knots=585
2025-09-06 12:59:11,381 - Iter 14090: obj=-1119.818140, change=4.59e-06, α=0.000, ‖θ[1:]‖₁=13.621, h_range=[4.93e+00, 2.83e+01], num_knots=585
2025-09-06 12:59:11,472 - Iter 14100: obj=-1119.829294, change=4.59e-06, α=0.000, ‖θ[1:]‖₁=13.621, h_range=[4.93e+00, 2.83e+01], num_knots=585
2025-09-06 12:59:11,546 - Iter 14110: obj=-1119.840448, change=4.58e-06, α=0.000, ‖θ[1:]‖₁=13.621, h_range=[4.93e+00, 2.83e+01], num_knots=585
2025-09-06 12:59:11,642 - Iter 14120: obj=-1119.851581, change=4.58e-06, α=0.000, ‖θ[1:]‖₁=13.621, h_range=[4.93e+00, 2.83e+01], num_knots=584
2025-09-06 12:59:11,727 - Iter 14130: obj=-1119.862651, change=4.58e-06, α=0.000, ‖θ[1:]‖₁=13.621, h_range=[4.93e+00, 2.83e+01], num_knots=584
2025-09-06 12:59:11,816 - Iter 14140: obj=-1119.873720, change=4.58e-06, α=0.000, ‖θ[1:]‖₁=13.622, h_range=[4.93e+00, 2.83e+01], num_knots=584
2025-09-06 12:59:11,916 - Iter 14150: obj=-1119.884787, change=4.58e-06, α=0.000, ‖θ[1:]‖₁=13.622, h_range=[4.93e+00, 2.83e+01], num_knots=584
2025-09-06 12:59:12,001 - Iter 14160: obj=-1119.895854, change=4.57e-06, α=0.000, ‖θ[1:]‖₁=13.622, h_range=[4.93e+00, 2.83e+01], num_knots=584
2025-09-06 12:59:12,096 - Iter 14170: obj=-1119.906919, change=4.57e-06, α=0.000, ‖θ[1:]‖₁=13.622, h_range=[4.93e+00, 2.83e+01], num_knots=584
2025-09-06 12:59:12,185 - Iter 14180: obj=-1119.917983, change=4.57e-06, α=0.000, ‖θ[1:]‖₁=13.622, h_range=[4.93e+00, 2.83e+01], num_knots=584
2025-09-06 12:59:12,298 - Iter 14190: obj=-1119.929046, change=4.57e-06, α=0.000, ‖θ[1:]‖₁=13.622, h_range=[4.93e+00, 2.83e+01], num_knots=584
2025-09-06 12:59:12,387 - Iter 14200: obj=-1119.940108, change=4.57e-06, α=0.000, ‖θ[1:]‖₁=13.622, h_range=[4.93e+00, 2.83e+01], num_knots=584
2025-09-06 12:59:12,469 - Iter 14210: obj=-1119.951166, change=4.57e-06, α=0.000, ‖θ[1:]‖₁=13.622, h_range=[4.93e+00, 2.83e+01], num_knots=583
2025-09-06 12:59:12,553 - Iter 14220: obj=-1119.962144, change=4.57e-06, α=0.000, ‖θ[1:]‖₁=13.623, h_range=[4.93e+00, 2.83e+01], num_knots=582
2025-09-06 12:59:12,652 - Iter 14230: obj=-1119.973115, change=4.56e-06, α=0.000, ‖θ[1:]‖₁=13.623, h_range=[4.93e+00, 2.83e+01], num_knots=582
2025-09-06 12:59:12,743 - Iter 14240: obj=-1119.984085, change=4.56e-06, α=0.000, ‖θ[1:]‖₁=13.623, h_range=[4.93e+00, 2.83e+01], num_knots=582
2025-09-06 12:59:12,835 - Iter 14250: obj=-1119.995054, change=4.56e-06, α=0.000, ‖θ[1:]‖₁=13.623, h_range=[4.93e+00, 2.83e+01], num_knots=582
2025-09-06 12:59:12,933 - Iter 14260: obj=-1120.006022, change=4.56e-06, α=0.000, ‖θ[1:]‖₁=13.623, h_range=[4.93e+00, 2.83e+01], num_knots=582
2025-09-06 12:59:13,020 - Iter 14270: obj=-1120.016988, change=4.56e-06, α=0.000, ‖θ[1:]‖₁=13.623, h_range=[4.93e+00, 2.83e+01], num_knots=582
2025-09-06 12:59:13,132 - Iter 14280: obj=-1120.027954, change=4.56e-06, α=0.000, ‖θ[1:]‖₁=13.623, h_range=[4.93e+00, 2.83e+01], num_knots=582
2025-09-06 12:59:13,228 - Iter 14290: obj=-1120.038918, change=4.56e-06, α=0.000, ‖θ[1:]‖₁=13.623, h_range=[4.93e+00, 2.83e+01], num_knots=582
2025-09-06 12:59:13,315 - Iter 14300: obj=-1120.049882, change=4.55e-06, α=0.000, ‖θ[1:]‖₁=13.624, h_range=[4.93e+00, 2.83e+01], num_knots=582
2025-09-06 12:59:13,402 - Iter 14310: obj=-1120.060844, change=4.55e-06, α=0.000, ‖θ[1:]‖₁=13.624, h_range=[4.93e+00, 2.83e+01], num_knots=582
2025-09-06 12:59:13,500 - Iter 14320: obj=-1120.071805, change=4.55e-06, α=0.000, ‖θ[1:]‖₁=13.624, h_range=[4.93e+00, 2.83e+01], num_knots=582
2025-09-06 12:59:13,587 - Iter 14330: obj=-1120.082766, change=4.55e-06, α=0.000, ‖θ[1:]‖₁=13.624, h_range=[4.93e+00, 2.83e+01], num_knots=582
2025-09-06 12:59:13,680 - Iter 14340: obj=-1120.093725, change=4.55e-06, α=0.000, ‖θ[1:]‖₁=13.624, h_range=[4.93e+00, 2.83e+01], num_knots=582
2025-09-06 12:59:13,760 - Iter 14350: obj=-1120.104684, change=4.55e-06, α=0.000, ‖θ[1:]‖₁=13.624, h_range=[4.93e+00, 2.83e+01], num_knots=582
2025-09-06 12:59:13,838 - Iter 14360: obj=-1120.115641, change=4.55e-06, α=0.000, ‖θ[1:]‖₁=13.624, h_range=[4.93e+00, 2.83e+01], num_knots=582
2025-09-06 12:59:13,920 - Iter 14370: obj=-1120.126598, change=4.55e-06, α=0.000, ‖θ[1:]‖₁=13.624, h_range=[4.93e+00, 2.83e+01], num_knots=582
2025-09-06 12:59:14,010 - Iter 14380: obj=-1120.137554, change=4.55e-06, α=0.000, ‖θ[1:]‖₁=13.624, h_range=[4.93e+00, 2.83e+01], num_knots=582
2025-09-06 12:59:14,098 - Iter 14390: obj=-1120.148509, change=4.54e-06, α=0.000, ‖θ[1:]‖₁=13.624, h_range=[4.93e+00, 2.83e+01], num_knots=582
2025-09-06 12:59:14,174 - Iter 14400: obj=-1120.159463, change=4.54e-06, α=0.000, ‖θ[1:]‖₁=13.624, h_range=[4.93e+00, 2.83e+01], num_knots=582
2025-09-06 12:59:14,284 - Iter 14410: obj=-1120.170416, change=4.54e-06, α=0.000, ‖θ[1:]‖₁=13.625, h_range=[4.93e+00, 2.83e+01], num_knots=582
2025-09-06 12:59:14,381 - Iter 14420: obj=-1120.181368, change=4.54e-06, α=0.000, ‖θ[1:]‖₁=13.625, h_range=[4.93e+00, 2.83e+01], num_knots=582
2025-09-06 12:59:14,473 - Iter 14430: obj=-1120.192320, change=4.54e-06, α=0.000, ‖θ[1:]‖₁=13.625, h_range=[4.93e+00, 2.83e+01], num_knots=582
2025-09-06 12:59:14,564 - Iter 14440: obj=-1120.203271, change=4.54e-06, α=0.000, ‖θ[1:]‖₁=13.625, h_range=[4.93e+00, 2.83e+01], num_knots=582
2025-09-06 12:59:14,655 - Iter 14450: obj=-1120.214221, change=4.54e-06, α=0.000, ‖θ[1:]‖₁=13.625, h_range=[4.93e+00, 2.83e+01], num_knots=582
2025-09-06 12:59:14,751 - Iter 14460: obj=-1120.225153, change=4.54e-06, α=0.000, ‖θ[1:]‖₁=13.625, h_range=[4.93e+00, 2.83e+01], num_knots=581
2025-09-06 12:59:14,848 - Iter 14470: obj=-1120.236055, change=4.54e-06, α=0.000, ‖θ[1:]‖₁=13.625, h_range=[4.93e+00, 2.83e+01], num_knots=580
2025-09-06 12:59:14,934 - Iter 14480: obj=-1120.246916, change=4.54e-06, α=0.000, ‖θ[1:]‖₁=13.625, h_range=[4.93e+00, 2.83e+01], num_knots=580
2025-09-06 12:59:15,020 - Iter 14490: obj=-1120.257776, change=4.53e-06, α=0.000, ‖θ[1:]‖₁=13.625, h_range=[4.93e+00, 2.83e+01], num_knots=580
2025-09-06 12:59:15,110 - Iter 14500: obj=-1120.268635, change=4.53e-06, α=0.000, ‖θ[1:]‖₁=13.625, h_range=[4.93e+00, 2.83e+01], num_knots=580
2025-09-06 12:59:15,206 - Iter 14510: obj=-1120.279493, change=4.53e-06, α=0.000, ‖θ[1:]‖₁=13.625, h_range=[4.93e+00, 2.83e+01], num_knots=579
2025-09-06 12:59:15,289 - Iter 14520: obj=-1120.290293, change=4.53e-06, α=0.000, ‖θ[1:]‖₁=13.625, h_range=[4.93e+00, 2.83e+01], num_knots=579
2025-09-06 12:59:15,374 - Iter 14530: obj=-1120.301091, change=4.53e-06, α=0.000, ‖θ[1:]‖₁=13.626, h_range=[4.93e+00, 2.83e+01], num_knots=579
2025-09-06 12:59:15,470 - Iter 14540: obj=-1120.311888, change=4.53e-06, α=0.000, ‖θ[1:]‖₁=13.626, h_range=[4.93e+00, 2.83e+01], num_knots=578
2025-09-06 12:59:15,602 - Iter 14550: obj=-1120.322663, change=4.53e-06, α=0.000, ‖θ[1:]‖₁=13.626, h_range=[4.93e+00, 2.83e+01], num_knots=578
2025-09-06 12:59:15,718 - Iter 14560: obj=-1120.333438, change=4.53e-06, α=0.000, ‖θ[1:]‖₁=13.626, h_range=[4.93e+00, 2.83e+01], num_knots=578
2025-09-06 12:59:15,802 - Iter 14570: obj=-1120.344212, change=4.53e-06, α=0.000, ‖θ[1:]‖₁=13.626, h_range=[4.93e+00, 2.83e+01], num_knots=578
2025-09-06 12:59:15,882 - Iter 14580: obj=-1120.354985, change=4.53e-06, α=0.000, ‖θ[1:]‖₁=13.626, h_range=[4.93e+00, 2.83e+01], num_knots=578
2025-09-06 12:59:15,955 - Iter 14590: obj=-1120.365757, change=4.52e-06, α=0.000, ‖θ[1:]‖₁=13.626, h_range=[4.93e+00, 2.83e+01], num_knots=578
2025-09-06 12:59:16,044 - Iter 14600: obj=-1120.376481, change=4.52e-06, α=0.000, ‖θ[1:]‖₁=13.626, h_range=[4.93e+00, 2.83e+01], num_knots=577
2025-09-06 12:59:16,128 - Iter 14610: obj=-1120.387191, change=4.52e-06, α=0.000, ‖θ[1:]‖₁=13.626, h_range=[4.93e+00, 2.83e+01], num_knots=577
2025-09-06 12:59:16,211 - Iter 14620: obj=-1120.397899, change=4.52e-06, α=0.000, ‖θ[1:]‖₁=13.626, h_range=[4.93e+00, 2.83e+01], num_knots=576
2025-09-06 12:59:16,282 - Iter 14630: obj=-1120.408593, change=4.52e-06, α=0.000, ‖θ[1:]‖₁=13.627, h_range=[4.93e+00, 2.83e+01], num_knots=576
2025-09-06 12:59:16,369 - Iter 14640: obj=-1120.419285, change=4.52e-06, α=0.000, ‖θ[1:]‖₁=13.627, h_range=[4.93e+00, 2.83e+01], num_knots=576
2025-09-06 12:59:16,453 - Iter 14650: obj=-1120.429976, change=4.52e-06, α=0.000, ‖θ[1:]‖₁=13.627, h_range=[4.93e+00, 2.83e+01], num_knots=576
2025-09-06 12:59:16,536 - Iter 14660: obj=-1120.440667, change=4.52e-06, α=0.000, ‖θ[1:]‖₁=13.627, h_range=[4.93e+00, 2.83e+01], num_knots=576
2025-09-06 12:59:16,609 - Iter 14670: obj=-1120.451356, change=4.52e-06, α=0.000, ‖θ[1:]‖₁=13.627, h_range=[4.93e+00, 2.83e+01], num_knots=576
2025-09-06 12:59:16,691 - Iter 14680: obj=-1120.462045, change=4.52e-06, α=0.000, ‖θ[1:]‖₁=13.627, h_range=[4.93e+00, 2.83e+01], num_knots=576
2025-09-06 12:59:16,783 - Iter 14690: obj=-1120.472733, change=4.52e-06, α=0.000, ‖θ[1:]‖₁=13.627, h_range=[4.93e+00, 2.83e+01], num_knots=576
2025-09-06 12:59:16,855 - Iter 14700: obj=-1120.483420, change=4.52e-06, α=0.000, ‖θ[1:]‖₁=13.627, h_range=[4.93e+00, 2.83e+01], num_knots=576
2025-09-06 12:59:16,950 - Iter 14710: obj=-1120.494079, change=4.52e-06, α=0.000, ‖θ[1:]‖₁=13.627, h_range=[4.93e+00, 2.83e+01], num_knots=575
2025-09-06 12:59:17,027 - Iter 14720: obj=-1120.504668, change=4.51e-06, α=0.000, ‖θ[1:]‖₁=13.627, h_range=[4.93e+00, 2.83e+01], num_knots=575
2025-09-06 12:59:17,112 - Iter 14730: obj=-1120.515256, change=4.51e-06, α=0.000, ‖θ[1:]‖₁=13.628, h_range=[4.93e+00, 2.83e+01], num_knots=575
2025-09-06 12:59:17,191 - Iter 14740: obj=-1120.525843, change=4.51e-06, α=0.000, ‖θ[1:]‖₁=13.628, h_range=[4.93e+00, 2.83e+01], num_knots=575
2025-09-06 12:59:17,271 - Iter 14750: obj=-1120.536430, change=4.51e-06, α=0.000, ‖θ[1:]‖₁=13.628, h_range=[4.93e+00, 2.83e+01], num_knots=575
2025-09-06 12:59:17,351 - Iter 14760: obj=-1120.547015, change=4.51e-06, α=0.000, ‖θ[1:]‖₁=13.628, h_range=[4.93e+00, 2.83e+01], num_knots=575
2025-09-06 12:59:17,433 - Iter 14770: obj=-1120.557599, change=4.51e-06, α=0.000, ‖θ[1:]‖₁=13.628, h_range=[4.93e+00, 2.83e+01], num_knots=575
2025-09-06 12:59:17,528 - Iter 14780: obj=-1120.568182, change=4.51e-06, α=0.000, ‖θ[1:]‖₁=13.628, h_range=[4.93e+00, 2.83e+01], num_knots=575
2025-09-06 12:59:17,633 - Iter 14790: obj=-1120.578747, change=4.51e-06, α=0.000, ‖θ[1:]‖₁=13.628, h_range=[4.93e+00, 2.83e+01], num_knots=574
2025-09-06 12:59:17,713 - Iter 14800: obj=-1120.589271, change=4.51e-06, α=0.000, ‖θ[1:]‖₁=13.628, h_range=[4.93e+00, 2.83e+01], num_knots=573
2025-09-06 12:59:17,793 - Iter 14810: obj=-1120.599791, change=4.51e-06, α=0.000, ‖θ[1:]‖₁=13.628, h_range=[4.93e+00, 2.83e+01], num_knots=573
2025-09-06 12:59:17,883 - Iter 14820: obj=-1120.610309, change=4.50e-06, α=0.000, ‖θ[1:]‖₁=13.628, h_range=[4.93e+00, 2.83e+01], num_knots=573
2025-09-06 12:59:17,965 - Iter 14830: obj=-1120.620827, change=4.50e-06, α=0.000, ‖θ[1:]‖₁=13.629, h_range=[4.93e+00, 2.83e+01], num_knots=573
2025-09-06 12:59:18,053 - Iter 14840: obj=-1120.631290, change=4.50e-06, α=0.000, ‖θ[1:]‖₁=13.629, h_range=[4.93e+00, 2.83e+01], num_knots=572
2025-09-06 12:59:18,173 - Iter 14850: obj=-1120.641745, change=4.50e-06, α=0.000, ‖θ[1:]‖₁=13.629, h_range=[4.93e+00, 2.83e+01], num_knots=572
2025-09-06 12:59:18,265 - Iter 14860: obj=-1120.652198, change=4.50e-06, α=0.000, ‖θ[1:]‖₁=13.629, h_range=[4.93e+00, 2.83e+01], num_knots=572
2025-09-06 12:59:18,354 - Iter 14870: obj=-1120.662650, change=4.50e-06, α=0.000, ‖θ[1:]‖₁=13.629, h_range=[4.93e+00, 2.83e+01], num_knots=572
2025-09-06 12:59:18,461 - Iter 14880: obj=-1120.673102, change=4.50e-06, α=0.000, ‖θ[1:]‖₁=13.629, h_range=[4.93e+00, 2.83e+01], num_knots=572
2025-09-06 12:59:18,596 - Iter 14890: obj=-1120.683552, change=4.50e-06, α=0.000, ‖θ[1:]‖₁=13.629, h_range=[4.93e+00, 2.83e+01], num_knots=572
2025-09-06 12:59:18,740 - Iter 14900: obj=-1120.694002, change=4.49e-06, α=0.000, ‖θ[1:]‖₁=13.629, h_range=[4.93e+00, 2.83e+01], num_knots=571
2025-09-06 12:59:18,855 - Iter 14910: obj=-1120.704428, change=4.49e-06, α=0.000, ‖θ[1:]‖₁=13.629, h_range=[4.93e+00, 2.83e+01], num_knots=571
2025-09-06 12:59:18,950 - Iter 14920: obj=-1120.714852, change=4.49e-06, α=0.000, ‖θ[1:]‖₁=13.629, h_range=[4.93e+00, 2.83e+01], num_knots=571
2025-09-06 12:59:19,040 - Iter 14930: obj=-1120.725274, change=4.49e-06, α=0.000, ‖θ[1:]‖₁=13.630, h_range=[4.93e+00, 2.83e+01], num_knots=571
2025-09-06 12:59:19,134 - Iter 14940: obj=-1120.735696, change=4.49e-06, α=0.000, ‖θ[1:]‖₁=13.630, h_range=[4.93e+00, 2.83e+01], num_knots=571
2025-09-06 12:59:19,229 - Iter 14950: obj=-1120.746117, change=4.49e-06, α=0.000, ‖θ[1:]‖₁=13.630, h_range=[4.93e+00, 2.83e+01], num_knots=571
2025-09-06 12:59:19,336 - Iter 14960: obj=-1120.756537, change=4.49e-06, α=0.000, ‖θ[1:]‖₁=13.630, h_range=[4.93e+00, 2.83e+01], num_knots=571
2025-09-06 12:59:19,417 - Iter 14970: obj=-1120.766957, change=4.49e-06, α=0.000, ‖θ[1:]‖₁=13.630, h_range=[4.93e+00, 2.83e+01], num_knots=571
2025-09-06 12:59:19,496 - Iter 14980: obj=-1120.777375, change=4.49e-06, α=0.000, ‖θ[1:]‖₁=13.630, h_range=[4.93e+00, 2.83e+01], num_knots=571
2025-09-06 12:59:19,590 - Iter 14990: obj=-1120.787756, change=4.49e-06, α=0.000, ‖θ[1:]‖₁=13.630, h_range=[4.93e+00, 2.83e+01], num_knots=570
2025-09-06 12:59:19,664 - Iter 15000: obj=-1120.798116, change=4.49e-06, α=0.000, ‖θ[1:]‖₁=13.630, h_range=[4.93e+00, 2.83e+01], num_knots=570
2025-09-06 12:59:19,742 - Iter 15010: obj=-1120.808475, change=4.49e-06, α=0.000, ‖θ[1:]‖₁=13.630, h_range=[4.93e+00, 2.83e+01], num_knots=570
2025-09-06 12:59:19,818 - Iter 15020: obj=-1120.818833, change=4.48e-06, α=0.000, ‖θ[1:]‖₁=13.630, h_range=[4.93e+00, 2.83e+01], num_knots=570
2025-09-06 12:59:19,905 - Iter 15030: obj=-1120.829190, change=4.48e-06, α=0.000, ‖θ[1:]‖₁=13.630, h_range=[4.93e+00, 2.83e+01], num_knots=570
2025-09-06 12:59:19,988 - Iter 15040: obj=-1120.839547, change=4.48e-06, α=0.000, ‖θ[1:]‖₁=13.630, h_range=[4.93e+00, 2.83e+01], num_knots=570
2025-09-06 12:59:20,119 - Iter 15050: obj=-1120.849902, change=4.48e-06, α=0.000, ‖θ[1:]‖₁=13.631, h_range=[4.93e+00, 2.83e+01], num_knots=570
2025-09-06 12:59:20,244 - Iter 15060: obj=-1120.860257, change=4.48e-06, α=0.000, ‖θ[1:]‖₁=13.631, h_range=[4.93e+00, 2.83e+01], num_knots=570
2025-09-06 12:59:20,321 - Iter 15070: obj=-1120.870611, change=4.48e-06, α=0.000, ‖θ[1:]‖₁=13.631, h_range=[4.93e+00, 2.83e+01], num_knots=570
2025-09-06 12:59:20,411 - Iter 15080: obj=-1120.880964, change=4.48e-06, α=0.000, ‖θ[1:]‖₁=13.631, h_range=[4.93e+00, 2.83e+01], num_knots=570
2025-09-06 12:59:20,496 - Iter 15090: obj=-1120.891317, change=4.48e-06, α=0.000, ‖θ[1:]‖₁=13.631, h_range=[4.93e+00, 2.83e+01], num_knots=570
2025-09-06 12:59:20,578 - Iter 15100: obj=-1120.901668, change=4.48e-06, α=0.000, ‖θ[1:]‖₁=13.631, h_range=[4.93e+00, 2.83e+01], num_knots=570
2025-09-06 12:59:20,661 - Iter 15110: obj=-1120.912019, change=4.48e-06, α=0.000, ‖θ[1:]‖₁=13.631, h_range=[4.93e+00, 2.83e+01], num_knots=570
2025-09-06 12:59:20,764 - Iter 15120: obj=-1120.922351, change=4.48e-06, α=0.000, ‖θ[1:]‖₁=13.631, h_range=[4.93e+00, 2.83e+01], num_knots=569
2025-09-06 12:59:20,848 - Iter 15130: obj=-1120.932679, change=4.48e-06, α=0.000, ‖θ[1:]‖₁=13.631, h_range=[4.93e+00, 2.83e+01], num_knots=569
2025-09-06 12:59:20,928 - Iter 15140: obj=-1120.943006, change=4.48e-06, α=0.000, ‖θ[1:]‖₁=13.631, h_range=[4.93e+00, 2.83e+01], num_knots=569
2025-09-06 12:59:21,010 - Iter 15150: obj=-1120.953332, change=4.48e-06, α=0.000, ‖θ[1:]‖₁=13.631, h_range=[4.93e+00, 2.83e+01], num_knots=569
2025-09-06 12:59:21,093 - Iter 15160: obj=-1120.963657, change=4.48e-06, α=0.000, ‖θ[1:]‖₁=13.631, h_range=[4.93e+00, 2.83e+01], num_knots=569
2025-09-06 12:59:21,169 - Iter 15170: obj=-1120.973982, change=4.48e-06, α=0.000, ‖θ[1:]‖₁=13.631, h_range=[4.93e+00, 2.83e+01], num_knots=569
2025-09-06 12:59:21,250 - Iter 15180: obj=-1120.984306, change=4.48e-06, α=0.000, ‖θ[1:]‖₁=13.631, h_range=[4.93e+00, 2.83e+01], num_knots=569
2025-09-06 12:59:21,330 - Iter 15190: obj=-1120.994629, change=4.48e-06, α=0.000, ‖θ[1:]‖₁=13.632, h_range=[4.93e+00, 2.83e+01], num_knots=569
2025-09-06 12:59:21,408 - Iter 15200: obj=-1121.004951, change=4.48e-06, α=0.000, ‖θ[1:]‖₁=13.632, h_range=[4.93e+00, 2.83e+01], num_knots=569
2025-09-06 12:59:21,493 - Iter 15210: obj=-1121.015273, change=4.48e-06, α=0.000, ‖θ[1:]‖₁=13.632, h_range=[4.93e+00, 2.83e+01], num_knots=569
2025-09-06 12:59:21,573 - Iter 15220: obj=-1121.025594, change=4.47e-06, α=0.000, ‖θ[1:]‖₁=13.632, h_range=[4.93e+00, 2.83e+01], num_knots=569
2025-09-06 12:59:21,652 - Iter 15230: obj=-1121.035914, change=4.47e-06, α=0.000, ‖θ[1:]‖₁=13.632, h_range=[4.93e+00, 2.83e+01], num_knots=569
2025-09-06 12:59:21,728 - Iter 15240: obj=-1121.046233, change=4.47e-06, α=0.000, ‖θ[1:]‖₁=13.632, h_range=[4.93e+00, 2.83e+01], num_knots=568
2025-09-06 12:59:21,827 - Iter 15250: obj=-1121.056494, change=4.47e-06, α=0.000, ‖θ[1:]‖₁=13.632, h_range=[4.93e+00, 2.83e+01], num_knots=568
2025-09-06 12:59:21,910 - Iter 15260: obj=-1121.066752, change=4.47e-06, α=0.000, ‖θ[1:]‖₁=13.632, h_range=[4.93e+00, 2.83e+01], num_knots=568
2025-09-06 12:59:22,000 - Iter 15270: obj=-1121.077009, change=4.47e-06, α=0.000, ‖θ[1:]‖₁=13.632, h_range=[4.93e+00, 2.83e+01], num_knots=568
2025-09-06 12:59:22,078 - Iter 15280: obj=-1121.087266, change=4.47e-06, α=0.000, ‖θ[1:]‖₁=13.632, h_range=[4.93e+00, 2.83e+01], num_knots=568
2025-09-06 12:59:22,163 - Iter 15290: obj=-1121.097521, change=4.47e-06, α=0.000, ‖θ[1:]‖₁=13.632, h_range=[4.93e+00, 2.83e+01], num_knots=568
2025-09-06 12:59:22,242 - Iter 15300: obj=-1121.107776, change=4.47e-06, α=0.000, ‖θ[1:]‖₁=13.632, h_range=[4.93e+00, 2.83e+01], num_knots=568
2025-09-06 12:59:22,335 - Iter 15310: obj=-1121.118030, change=4.47e-06, α=0.000, ‖θ[1:]‖₁=13.632, h_range=[4.93e+00, 2.83e+01], num_knots=568
2025-09-06 12:59:22,421 - Iter 15320: obj=-1121.128284, change=4.47e-06, α=0.000, ‖θ[1:]‖₁=13.632, h_range=[4.93e+00, 2.83e+01], num_knots=568
2025-09-06 12:59:22,529 - Iter 15330: obj=-1121.138537, change=4.47e-06, α=0.000, ‖θ[1:]‖₁=13.632, h_range=[4.93e+00, 2.83e+01], num_knots=568
2025-09-06 12:59:22,613 - Iter 15340: obj=-1121.148787, change=4.47e-06, α=0.000, ‖θ[1:]‖₁=13.633, h_range=[4.93e+00, 2.83e+01], num_knots=567
2025-09-06 12:59:22,713 - Iter 15350: obj=-1121.159006, change=4.47e-06, α=0.000, ‖θ[1:]‖₁=13.633, h_range=[4.93e+00, 2.83e+01], num_knots=566
2025-09-06 12:59:22,798 - Iter 15360: obj=-1121.169189, change=4.47e-06, α=0.000, ‖θ[1:]‖₁=13.633, h_range=[4.93e+00, 2.83e+01], num_knots=566
2025-09-06 12:59:22,898 - Iter 15370: obj=-1121.179370, change=4.47e-06, α=0.000, ‖θ[1:]‖₁=13.633, h_range=[4.93e+00, 2.83e+01], num_knots=566
2025-09-06 12:59:22,973 - Iter 15380: obj=-1121.189494, change=4.47e-06, α=0.000, ‖θ[1:]‖₁=13.633, h_range=[4.93e+00, 2.83e+01], num_knots=565
2025-09-06 12:59:23,070 - Iter 15390: obj=-1121.199609, change=4.47e-06, α=0.000, ‖θ[1:]‖₁=13.633, h_range=[4.93e+00, 2.83e+01], num_knots=565
2025-09-06 12:59:23,157 - Iter 15400: obj=-1121.209722, change=4.47e-06, α=0.000, ‖θ[1:]‖₁=13.633, h_range=[4.93e+00, 2.83e+01], num_knots=565
2025-09-06 12:59:23,243 - Iter 15410: obj=-1121.219834, change=4.47e-06, α=0.000, ‖θ[1:]‖₁=13.633, h_range=[4.93e+00, 2.83e+01], num_knots=565
2025-09-06 12:59:23,321 - Iter 15420: obj=-1121.229946, change=4.47e-06, α=0.000, ‖θ[1:]‖₁=13.633, h_range=[4.93e+00, 2.83e+01], num_knots=565
2025-09-06 12:59:23,406 - Iter 15430: obj=-1121.240056, change=4.47e-06, α=0.000, ‖θ[1:]‖₁=13.633, h_range=[4.93e+00, 2.83e+01], num_knots=565
2025-09-06 12:59:23,513 - Iter 15440: obj=-1121.250166, change=4.47e-06, α=0.000, ‖θ[1:]‖₁=13.633, h_range=[4.93e+00, 2.83e+01], num_knots=565
2025-09-06 12:59:23,602 - Iter 15450: obj=-1121.260274, change=4.47e-06, α=0.000, ‖θ[1:]‖₁=13.633, h_range=[4.93e+00, 2.83e+01], num_knots=565
2025-09-06 12:59:23,683 - Iter 15460: obj=-1121.270382, change=4.47e-06, α=0.000, ‖θ[1:]‖₁=13.634, h_range=[4.93e+00, 2.83e+01], num_knots=565
2025-09-06 12:59:23,799 - Iter 15470: obj=-1121.280489, change=4.47e-06, α=0.000, ‖θ[1:]‖₁=13.634, h_range=[4.93e+00, 2.83e+01], num_knots=565
2025-09-06 12:59:23,909 - Iter 15480: obj=-1121.290596, change=4.47e-06, α=0.000, ‖θ[1:]‖₁=13.634, h_range=[4.93e+00, 2.83e+01], num_knots=565
2025-09-06 12:59:23,998 - Iter 15490: obj=-1121.300686, change=4.47e-06, α=0.000, ‖θ[1:]‖₁=13.634, h_range=[4.93e+00, 2.83e+01], num_knots=564
2025-09-06 12:59:24,126 - Iter 15500: obj=-1121.310773, change=4.46e-06, α=0.000, ‖θ[1:]‖₁=13.634, h_range=[4.93e+00, 2.83e+01], num_knots=564
2025-09-06 12:59:24,229 - Iter 15510: obj=-1121.320857, change=4.46e-06, α=0.000, ‖θ[1:]‖₁=13.634, h_range=[4.93e+00, 2.83e+01], num_knots=563
2025-09-06 12:59:24,375 - Iter 15520: obj=-1121.330885, change=4.46e-06, α=0.000, ‖θ[1:]‖₁=13.634, h_range=[4.93e+00, 2.83e+01], num_knots=562
2025-09-06 12:59:24,481 - Iter 15530: obj=-1121.340895, change=4.46e-06, α=0.000, ‖θ[1:]‖₁=13.634, h_range=[4.93e+00, 2.83e+01], num_knots=562
2025-09-06 12:59:24,561 - Iter 15540: obj=-1121.350903, change=4.46e-06, α=0.000, ‖θ[1:]‖₁=13.634, h_range=[4.93e+00, 2.83e+01], num_knots=562
2025-09-06 12:59:24,650 - Iter 15550: obj=-1121.360910, change=4.46e-06, α=0.000, ‖θ[1:]‖₁=13.634, h_range=[4.93e+00, 2.83e+01], num_knots=562
2025-09-06 12:59:24,735 - Iter 15560: obj=-1121.370917, change=4.46e-06, α=0.000, ‖θ[1:]‖₁=13.634, h_range=[4.93e+00, 2.83e+01], num_knots=562
2025-09-06 12:59:24,827 - Iter 15570: obj=-1121.380901, change=4.46e-06, α=0.000, ‖θ[1:]‖₁=13.635, h_range=[4.93e+00, 2.83e+01], num_knots=561
2025-09-06 12:59:24,905 - Iter 15580: obj=-1121.390867, change=4.46e-06, α=0.000, ‖θ[1:]‖₁=13.635, h_range=[4.93e+00, 2.83e+01], num_knots=560
2025-09-06 12:59:24,994 - Iter 15590: obj=-1121.400827, change=4.46e-06, α=0.000, ‖θ[1:]‖₁=13.635, h_range=[4.93e+00, 2.83e+01], num_knots=560
2025-09-06 12:59:25,079 - Iter 15600: obj=-1121.410786, change=4.46e-06, α=0.000, ‖θ[1:]‖₁=13.635, h_range=[4.93e+00, 2.83e+01], num_knots=560
2025-09-06 12:59:25,153 - Iter 15610: obj=-1121.420743, change=4.46e-06, α=0.000, ‖θ[1:]‖₁=13.635, h_range=[4.93e+00, 2.83e+01], num_knots=560
2025-09-06 12:59:25,234 - Iter 15620: obj=-1121.430700, change=4.46e-06, α=0.000, ‖θ[1:]‖₁=13.635, h_range=[4.93e+00, 2.83e+01], num_knots=560
2025-09-06 12:59:25,323 - Iter 15630: obj=-1121.440656, change=4.46e-06, α=0.000, ‖θ[1:]‖₁=13.635, h_range=[4.93e+00, 2.83e+01], num_knots=560
2025-09-06 12:59:25,420 - Iter 15640: obj=-1121.450612, change=4.46e-06, α=0.000, ‖θ[1:]‖₁=13.635, h_range=[4.93e+00, 2.83e+01], num_knots=560
2025-09-06 12:59:25,533 - Iter 15650: obj=-1121.460566, change=4.46e-06, α=0.000, ‖θ[1:]‖₁=13.635, h_range=[4.93e+00, 2.83e+01], num_knots=560
2025-09-06 12:59:25,626 - Iter 15660: obj=-1121.470520, change=4.46e-06, α=0.000, ‖θ[1:]‖₁=13.635, h_range=[4.93e+00, 2.83e+01], num_knots=560
2025-09-06 12:59:25,742 - Iter 15670: obj=-1121.480473, change=4.46e-06, α=0.000, ‖θ[1:]‖₁=13.635, h_range=[4.93e+00, 2.83e+01], num_knots=560
2025-09-06 12:59:25,828 - Iter 15680: obj=-1121.490426, change=4.46e-06, α=0.000, ‖θ[1:]‖₁=13.635, h_range=[4.93e+00, 2.83e+01], num_knots=560
2025-09-06 12:59:25,933 - Iter 15690: obj=-1121.500377, change=4.45e-06, α=0.000, ‖θ[1:]‖₁=13.636, h_range=[4.93e+00, 2.83e+01], num_knots=560
2025-09-06 12:59:26,023 - Iter 15700: obj=-1121.510328, change=4.45e-06, α=0.000, ‖θ[1:]‖₁=13.636, h_range=[4.93e+00, 2.83e+01], num_knots=560
2025-09-06 12:59:26,130 - Iter 15710: obj=-1121.520221, change=4.45e-06, α=0.000, ‖θ[1:]‖₁=13.636, h_range=[4.93e+00, 2.83e+01], num_knots=559
2025-09-06 12:59:26,205 - Iter 15720: obj=-1121.530095, change=4.45e-06, α=0.000, ‖θ[1:]‖₁=13.636, h_range=[4.93e+00, 2.83e+01], num_knots=559
2025-09-06 12:59:26,290 - Iter 15730: obj=-1121.539968, change=4.45e-06, α=0.000, ‖θ[1:]‖₁=13.636, h_range=[4.93e+00, 2.83e+01], num_knots=559
2025-09-06 12:59:26,372 - Iter 15740: obj=-1121.549841, change=4.45e-06, α=0.000, ‖θ[1:]‖₁=13.636, h_range=[4.93e+00, 2.83e+01], num_knots=559
2025-09-06 12:59:26,463 - Iter 15750: obj=-1121.559712, change=4.45e-06, α=0.000, ‖θ[1:]‖₁=13.636, h_range=[4.93e+00, 2.83e+01], num_knots=559
2025-09-06 12:59:26,550 - Iter 15760: obj=-1121.569583, change=4.45e-06, α=0.000, ‖θ[1:]‖₁=13.636, h_range=[4.93e+00, 2.83e+01], num_knots=559
2025-09-06 12:59:26,621 - Iter 15770: obj=-1121.579453, change=4.45e-06, α=0.000, ‖θ[1:]‖₁=13.636, h_range=[4.93e+00, 2.83e+01], num_knots=559
2025-09-06 12:59:26,725 - Iter 15780: obj=-1121.589311, change=4.45e-06, α=0.000, ‖θ[1:]‖₁=13.636, h_range=[4.93e+00, 2.83e+01], num_knots=558
2025-09-06 12:59:26,809 - Iter 15790: obj=-1121.599161, change=4.45e-06, α=0.000, ‖θ[1:]‖₁=13.637, h_range=[4.93e+00, 2.83e+01], num_knots=558
2025-09-06 12:59:26,894 - Iter 15800: obj=-1121.609010, change=4.45e-06, α=0.000, ‖θ[1:]‖₁=13.637, h_range=[4.93e+00, 2.83e+01], num_knots=558
2025-09-06 12:59:26,988 - Iter 15810: obj=-1121.618843, change=4.45e-06, α=0.000, ‖θ[1:]‖₁=13.637, h_range=[4.93e+00, 2.83e+01], num_knots=557
2025-09-06 12:59:27,076 - Iter 15820: obj=-1121.628637, change=4.45e-06, α=0.000, ‖θ[1:]‖₁=13.637, h_range=[4.93e+00, 2.83e+01], num_knots=557
2025-09-06 12:59:27,165 - Iter 15830: obj=-1121.638429, change=4.45e-06, α=0.000, ‖θ[1:]‖₁=13.637, h_range=[4.93e+00, 2.83e+01], num_knots=557
2025-09-06 12:59:27,246 - Iter 15840: obj=-1121.648221, change=4.45e-06, α=0.000, ‖θ[1:]‖₁=13.637, h_range=[4.93e+00, 2.83e+01], num_knots=557
2025-09-06 12:59:27,330 - Iter 15850: obj=-1121.658012, change=4.45e-06, α=0.000, ‖θ[1:]‖₁=13.637, h_range=[4.93e+00, 2.83e+01], num_knots=557
2025-09-06 12:59:27,418 - Iter 15860: obj=-1121.667802, change=4.45e-06, α=0.000, ‖θ[1:]‖₁=13.637, h_range=[4.93e+00, 2.83e+01], num_knots=557
2025-09-06 12:59:27,501 - Iter 15870: obj=-1121.677591, change=4.45e-06, α=0.000, ‖θ[1:]‖₁=13.637, h_range=[4.93e+00, 2.83e+01], num_knots=557
2025-09-06 12:59:27,595 - Iter 15880: obj=-1121.687380, change=4.45e-06, α=0.000, ‖θ[1:]‖₁=13.637, h_range=[4.93e+00, 2.83e+01], num_knots=557
2025-09-06 12:59:27,673 - Iter 15890: obj=-1121.697168, change=4.45e-06, α=0.000, ‖θ[1:]‖₁=13.637, h_range=[4.93e+00, 2.83e+01], num_knots=557
2025-09-06 12:59:27,771 - Iter 15900: obj=-1121.706955, change=4.45e-06, α=0.000, ‖θ[1:]‖₁=13.638, h_range=[4.93e+00, 2.83e+01], num_knots=557
2025-09-06 12:59:27,858 - Iter 15910: obj=-1121.716742, change=4.45e-06, α=0.000, ‖θ[1:]‖₁=13.638, h_range=[4.93e+00, 2.83e+01], num_knots=557
2025-09-06 12:59:27,937 - Iter 15920: obj=-1121.726527, change=4.45e-06, α=0.000, ‖θ[1:]‖₁=13.638, h_range=[4.93e+00, 2.83e+01], num_knots=557
2025-09-06 12:59:28,016 - Iter 15930: obj=-1121.736312, change=4.45e-06, α=0.000, ‖θ[1:]‖₁=13.638, h_range=[4.93e+00, 2.83e+01], num_knots=557
2025-09-06 12:59:28,105 - Iter 15940: obj=-1121.746096, change=4.45e-06, α=0.000, ‖θ[1:]‖₁=13.638, h_range=[4.93e+00, 2.83e+01], num_knots=557
2025-09-06 12:59:28,188 - Iter 15950: obj=-1121.755880, change=4.45e-06, α=0.000, ‖θ[1:]‖₁=13.638, h_range=[4.93e+00, 2.83e+01], num_knots=557
2025-09-06 12:59:28,275 - Iter 15960: obj=-1121.765663, change=4.45e-06, α=0.000, ‖θ[1:]‖₁=13.638, h_range=[4.93e+00, 2.83e+01], num_knots=557
2025-09-06 12:59:28,356 - Iter 15970: obj=-1121.775445, change=4.45e-06, α=0.000, ‖θ[1:]‖₁=13.638, h_range=[4.93e+00, 2.83e+01], num_knots=557
2025-09-06 12:59:28,433 - Iter 15980: obj=-1121.785227, change=4.45e-06, α=0.000, ‖θ[1:]‖₁=13.638, h_range=[4.93e+00, 2.83e+01], num_knots=557
2025-09-06 12:59:28,537 - Iter 15990: obj=-1121.795007, change=4.45e-06, α=0.000, ‖θ[1:]‖₁=13.638, h_range=[4.93e+00, 2.83e+01], num_knots=557
2025-09-06 12:59:28,621 - Iter 16000: obj=-1121.804787, change=4.45e-06, α=0.000, ‖θ[1:]‖₁=13.638, h_range=[4.93e+00, 2.83e+01], num_knots=557
2025-09-06 12:59:28,698 - Iter 16010: obj=-1121.814567, change=4.45e-06, α=0.000, ‖θ[1:]‖₁=13.638, h_range=[4.93e+00, 2.83e+01], num_knots=557
2025-09-06 12:59:28,777 - Iter 16020: obj=-1121.824346, change=4.45e-06, α=0.000, ‖θ[1:]‖₁=13.638, h_range=[4.93e+00, 2.83e+01], num_knots=557
2025-09-06 12:59:28,870 - Iter 16030: obj=-1121.834114, change=4.45e-06, α=0.000, ‖θ[1:]‖₁=13.638, h_range=[4.93e+00, 2.83e+01], num_knots=556
2025-09-06 12:59:28,953 - Iter 16040: obj=-1121.843859, change=4.45e-06, α=0.000, ‖θ[1:]‖₁=13.639, h_range=[4.93e+00, 2.83e+01], num_knots=556
2025-09-06 12:59:29,043 - Iter 16050: obj=-1121.853602, change=4.45e-06, α=0.000, ‖θ[1:]‖₁=13.639, h_range=[4.93e+00, 2.83e+01], num_knots=556
2025-09-06 12:59:29,215 - Iter 16060: obj=-1121.863345, change=4.45e-06, α=0.000, ‖θ[1:]‖₁=13.639, h_range=[4.93e+00, 2.83e+01], num_knots=556
2025-09-06 12:59:29,337 - Iter 16070: obj=-1121.873087, change=4.45e-06, α=0.000, ‖θ[1:]‖₁=13.639, h_range=[4.93e+00, 2.83e+01], num_knots=556
2025-09-06 12:59:29,451 - Iter 16080: obj=-1121.882829, change=4.45e-06, α=0.000, ‖θ[1:]‖₁=13.639, h_range=[4.93e+00, 2.83e+01], num_knots=556
2025-09-06 12:59:29,518 - Iter 16090: obj=-1121.892570, change=4.45e-06, α=0.000, ‖θ[1:]‖₁=13.639, h_range=[4.93e+00, 2.83e+01], num_knots=556
2025-09-06 12:59:29,603 - Iter 16100: obj=-1121.902310, change=4.45e-06, α=0.000, ‖θ[1:]‖₁=13.639, h_range=[4.93e+00, 2.83e+01], num_knots=556
2025-09-06 12:59:29,691 - Iter 16110: obj=-1121.912050, change=4.45e-06, α=0.000, ‖θ[1:]‖₁=13.639, h_range=[4.93e+00, 2.83e+01], num_knots=556
2025-09-06 12:59:29,789 - Iter 16120: obj=-1121.921789, change=4.45e-06, α=0.000, ‖θ[1:]‖₁=13.639, h_range=[4.93e+00, 2.83e+01], num_knots=556
2025-09-06 12:59:29,881 - Iter 16130: obj=-1121.931527, change=4.45e-06, α=0.000, ‖θ[1:]‖₁=13.639, h_range=[4.93e+00, 2.83e+01], num_knots=556
2025-09-06 12:59:29,957 - Iter 16140: obj=-1121.941264, change=4.45e-06, α=0.000, ‖θ[1:]‖₁=13.639, h_range=[4.93e+00, 2.83e+01], num_knots=556
2025-09-06 12:59:30,039 - Iter 16150: obj=-1121.951001, change=4.45e-06, α=0.000, ‖θ[1:]‖₁=13.639, h_range=[4.93e+00, 2.83e+01], num_knots=556
2025-09-06 12:59:30,127 - Iter 16160: obj=-1121.960738, change=4.45e-06, α=0.000, ‖θ[1:]‖₁=13.639, h_range=[4.93e+00, 2.83e+01], num_knots=556
2025-09-06 12:59:30,207 - Iter 16170: obj=-1121.970474, change=4.45e-06, α=0.000, ‖θ[1:]‖₁=13.639, h_range=[4.93e+00, 2.83e+01], num_knots=556
2025-09-06 12:59:30,290 - Iter 16180: obj=-1121.980209, change=4.45e-06, α=0.000, ‖θ[1:]‖₁=13.639, h_range=[4.93e+00, 2.83e+01], num_knots=556
2025-09-06 12:59:30,363 - Iter 16190: obj=-1121.989943, change=4.45e-06, α=0.000, ‖θ[1:]‖₁=13.639, h_range=[4.93e+00, 2.83e+01], num_knots=556
2025-09-06 12:59:30,444 - Iter 16200: obj=-1121.999677, change=4.45e-06, α=0.000, ‖θ[1:]‖₁=13.640, h_range=[4.93e+00, 2.83e+01], num_knots=556
2025-09-06 12:59:30,533 - Iter 16210: obj=-1122.009396, change=4.45e-06, α=0.000, ‖θ[1:]‖₁=13.640, h_range=[4.93e+00, 2.83e+01], num_knots=555
2025-09-06 12:59:30,613 - Iter 16220: obj=-1122.019077, change=4.45e-06, α=0.000, ‖θ[1:]‖₁=13.640, h_range=[4.93e+00, 2.83e+01], num_knots=555
2025-09-06 12:59:30,687 - Iter 16230: obj=-1122.028757, change=4.45e-06, α=0.000, ‖θ[1:]‖₁=13.640, h_range=[4.93e+00, 2.83e+01], num_knots=555
2025-09-06 12:59:30,764 - Iter 16240: obj=-1122.038436, change=4.45e-06, α=0.000, ‖θ[1:]‖₁=13.640, h_range=[4.93e+00, 2.83e+01], num_knots=554
2025-09-06 12:59:30,851 - Iter 16250: obj=-1122.048079, change=4.45e-06, α=0.000, ‖θ[1:]‖₁=13.640, h_range=[4.93e+00, 2.83e+01], num_knots=554
2025-09-06 12:59:30,942 - Iter 16260: obj=-1122.057721, change=4.45e-06, α=0.000, ‖θ[1:]‖₁=13.640, h_range=[4.93e+00, 2.83e+01], num_knots=554
2025-09-06 12:59:31,030 - Iter 16270: obj=-1122.067312, change=4.45e-06, α=0.000, ‖θ[1:]‖₁=13.640, h_range=[4.93e+00, 2.83e+01], num_knots=553
2025-09-06 12:59:31,125 - Iter 16280: obj=-1122.076893, change=4.44e-06, α=0.000, ‖θ[1:]‖₁=13.640, h_range=[4.93e+00, 2.83e+01], num_knots=553
2025-09-06 12:59:31,223 - Iter 16290: obj=-1122.086474, change=4.44e-06, α=0.000, ‖θ[1:]‖₁=13.640, h_range=[4.93e+00, 2.83e+01], num_knots=553
2025-09-06 12:59:31,324 - Iter 16300: obj=-1122.096053, change=4.44e-06, α=0.000, ‖θ[1:]‖₁=13.640, h_range=[4.93e+00, 2.83e+01], num_knots=553
2025-09-06 12:59:31,405 - Iter 16310: obj=-1122.105633, change=4.44e-06, α=0.000, ‖θ[1:]‖₁=13.640, h_range=[4.93e+00, 2.83e+01], num_knots=553
2025-09-06 12:59:31,508 - Iter 16320: obj=-1122.115211, change=4.44e-06, α=0.000, ‖θ[1:]‖₁=13.640, h_range=[4.93e+00, 2.83e+01], num_knots=553
2025-09-06 12:59:31,590 - Iter 16330: obj=-1122.124789, change=4.44e-06, α=0.000, ‖θ[1:]‖₁=13.640, h_range=[4.93e+00, 2.83e+01], num_knots=553
2025-09-06 12:59:31,674 - Iter 16340: obj=-1122.134366, change=4.44e-06, α=0.000, ‖θ[1:]‖₁=13.641, h_range=[4.93e+00, 2.83e+01], num_knots=553
2025-09-06 12:59:31,764 - Iter 16350: obj=-1122.143942, change=4.44e-06, α=0.000, ‖θ[1:]‖₁=13.641, h_range=[4.93e+00, 2.83e+01], num_knots=553
2025-09-06 12:59:31,863 - Iter 16360: obj=-1122.153480, change=4.44e-06, α=0.000, ‖θ[1:]‖₁=13.641, h_range=[4.93e+00, 2.83e+01], num_knots=552
2025-09-06 12:59:31,957 - Iter 16370: obj=-1122.162999, change=4.44e-06, α=0.000, ‖θ[1:]‖₁=13.641, h_range=[4.93e+00, 2.83e+01], num_knots=552
2025-09-06 12:59:32,042 - Iter 16380: obj=-1122.172518, change=4.44e-06, α=0.000, ‖θ[1:]‖₁=13.641, h_range=[4.93e+00, 2.83e+01], num_knots=552
2025-09-06 12:59:32,127 - Iter 16390: obj=-1122.182035, change=4.44e-06, α=0.000, ‖θ[1:]‖₁=13.641, h_range=[4.93e+00, 2.83e+01], num_knots=552
2025-09-06 12:59:32,216 - Iter 16400: obj=-1122.191552, change=4.43e-06, α=0.000, ‖θ[1:]‖₁=13.641, h_range=[4.93e+00, 2.83e+01], num_knots=552
2025-09-06 12:59:32,290 - Iter 16410: obj=-1122.201069, change=4.43e-06, α=0.000, ‖θ[1:]‖₁=13.641, h_range=[4.93e+00, 2.83e+01], num_knots=552
2025-09-06 12:59:32,390 - Iter 16420: obj=-1122.210584, change=4.43e-06, α=0.000, ‖θ[1:]‖₁=13.641, h_range=[4.93e+00, 2.83e+01], num_knots=552
2025-09-06 12:59:32,482 - Iter 16430: obj=-1122.220099, change=4.43e-06, α=0.000, ‖θ[1:]‖₁=13.641, h_range=[4.93e+00, 2.83e+01], num_knots=552
2025-09-06 12:59:32,571 - Iter 16440: obj=-1122.229613, change=4.43e-06, α=0.000, ‖θ[1:]‖₁=13.641, h_range=[4.93e+00, 2.83e+01], num_knots=552
2025-09-06 12:59:32,657 - Iter 16450: obj=-1122.239127, change=4.43e-06, α=0.000, ‖θ[1:]‖₁=13.641, h_range=[4.93e+00, 2.83e+01], num_knots=552
2025-09-06 12:59:32,750 - Iter 16460: obj=-1122.248640, change=4.43e-06, α=0.000, ‖θ[1:]‖₁=13.641, h_range=[4.93e+00, 2.83e+01], num_knots=552
2025-09-06 12:59:32,835 - Iter 16470: obj=-1122.258152, change=4.43e-06, α=0.000, ‖θ[1:]‖₁=13.642, h_range=[4.93e+00, 2.83e+01], num_knots=552
2025-09-06 12:59:32,947 - Iter 16480: obj=-1122.267663, change=4.43e-06, α=0.000, ‖θ[1:]‖₁=13.642, h_range=[4.93e+00, 2.83e+01], num_knots=552
2025-09-06 12:59:33,021 - Iter 16490: obj=-1122.277174, change=4.43e-06, α=0.000, ‖θ[1:]‖₁=13.642, h_range=[4.93e+00, 2.83e+01], num_knots=552
2025-09-06 12:59:33,110 - Iter 16500: obj=-1122.286684, change=4.43e-06, α=0.000, ‖θ[1:]‖₁=13.642, h_range=[4.93e+00, 2.83e+01], num_knots=552
2025-09-06 12:59:33,180 - Iter 16510: obj=-1122.296194, change=4.43e-06, α=0.000, ‖θ[1:]‖₁=13.642, h_range=[4.93e+00, 2.83e+01], num_knots=552
2025-09-06 12:59:33,280 - Iter 16520: obj=-1122.305703, change=4.43e-06, α=0.000, ‖θ[1:]‖₁=13.642, h_range=[4.93e+00, 2.83e+01], num_knots=552
2025-09-06 12:59:33,369 - Iter 16530: obj=-1122.315211, change=4.43e-06, α=0.000, ‖θ[1:]‖₁=13.642, h_range=[4.93e+00, 2.83e+01], num_knots=552
2025-09-06 12:59:33,455 - Iter 16540: obj=-1122.324719, change=4.43e-06, α=0.000, ‖θ[1:]‖₁=13.642, h_range=[4.93e+00, 2.83e+01], num_knots=551
2025-09-06 12:59:33,546 - Iter 16550: obj=-1122.334221, change=4.43e-06, α=0.000, ‖θ[1:]‖₁=13.642, h_range=[4.93e+00, 2.83e+01], num_knots=551
2025-09-06 12:59:33,623 - Iter 16560: obj=-1122.343709, change=4.43e-06, α=0.000, ‖θ[1:]‖₁=13.642, h_range=[4.93e+00, 2.83e+01], num_knots=550
2025-09-06 12:59:33,708 - Iter 16570: obj=-1122.353177, change=4.43e-06, α=0.000, ‖θ[1:]‖₁=13.642, h_range=[4.93e+00, 2.83e+01], num_knots=550
2025-09-06 12:59:33,793 - Iter 16580: obj=-1122.362645, change=4.43e-06, α=0.000, ‖θ[1:]‖₁=13.642, h_range=[4.93e+00, 2.83e+01], num_knots=550
2025-09-06 12:59:33,876 - Iter 16590: obj=-1122.372111, change=4.43e-06, α=0.000, ‖θ[1:]‖₁=13.642, h_range=[4.93e+00, 2.83e+01], num_knots=550
2025-09-06 12:59:33,963 - Iter 16600: obj=-1122.381578, change=4.43e-06, α=0.000, ‖θ[1:]‖₁=13.642, h_range=[4.93e+00, 2.83e+01], num_knots=550
2025-09-06 12:59:34,056 - Iter 16610: obj=-1122.391043, change=4.43e-06, α=0.000, ‖θ[1:]‖₁=13.642, h_range=[4.93e+00, 2.83e+01], num_knots=550
2025-09-06 12:59:34,141 - Iter 16620: obj=-1122.400508, change=4.43e-06, α=0.000, ‖θ[1:]‖₁=13.642, h_range=[4.93e+00, 2.83e+01], num_knots=550
2025-09-06 12:59:34,241 - Iter 16630: obj=-1122.409972, change=4.43e-06, α=0.000, ‖θ[1:]‖₁=13.643, h_range=[4.93e+00, 2.83e+01], num_knots=550
2025-09-06 12:59:34,342 - Iter 16640: obj=-1122.419436, change=4.43e-06, α=0.000, ‖θ[1:]‖₁=13.643, h_range=[4.93e+00, 2.83e+01], num_knots=550
2025-09-06 12:59:34,427 - Iter 16650: obj=-1122.428899, change=4.43e-06, α=0.000, ‖θ[1:]‖₁=13.643, h_range=[4.93e+00, 2.83e+01], num_knots=550
2025-09-06 12:59:34,537 - Iter 16660: obj=-1122.438361, change=4.43e-06, α=0.000, ‖θ[1:]‖₁=13.643, h_range=[4.93e+00, 2.83e+01], num_knots=550
2025-09-06 12:59:34,659 - Iter 16670: obj=-1122.447754, change=4.42e-06, α=0.000, ‖θ[1:]‖₁=13.643, h_range=[4.93e+00, 2.83e+01], num_knots=549
2025-09-06 12:59:34,784 - Iter 16680: obj=-1122.457124, change=4.42e-06, α=0.000, ‖θ[1:]‖₁=13.643, h_range=[4.93e+00, 2.83e+01], num_knots=548
2025-09-06 12:59:34,903 - Iter 16690: obj=-1122.466474, change=4.42e-06, α=0.000, ‖θ[1:]‖₁=13.643, h_range=[4.93e+00, 2.83e+01], num_knots=548
2025-09-06 12:59:35,011 - Iter 16700: obj=-1122.475824, change=4.41e-06, α=0.000, ‖θ[1:]‖₁=13.643, h_range=[4.93e+00, 2.83e+01], num_knots=548
2025-09-06 12:59:35,109 - Iter 16710: obj=-1122.485172, change=4.41e-06, α=0.000, ‖θ[1:]‖₁=13.643, h_range=[4.93e+00, 2.83e+01], num_knots=548
2025-09-06 12:59:35,199 - Iter 16720: obj=-1122.494519, change=4.41e-06, α=0.000, ‖θ[1:]‖₁=13.643, h_range=[4.93e+00, 2.83e+01], num_knots=547
2025-09-06 12:59:35,272 - Iter 16730: obj=-1122.503840, change=4.41e-06, α=0.000, ‖θ[1:]‖₁=13.643, h_range=[4.93e+00, 2.83e+01], num_knots=547
2025-09-06 12:59:35,348 - Iter 16740: obj=-1122.513160, change=4.41e-06, α=0.000, ‖θ[1:]‖₁=13.643, h_range=[4.93e+00, 2.83e+01], num_knots=547
2025-09-06 12:59:35,444 - Iter 16750: obj=-1122.522479, change=4.40e-06, α=0.000, ‖θ[1:]‖₁=13.644, h_range=[4.93e+00, 2.83e+01], num_knots=547
2025-09-06 12:59:35,514 - Iter 16760: obj=-1122.531797, change=4.40e-06, α=0.000, ‖θ[1:]‖₁=13.644, h_range=[4.93e+00, 2.83e+01], num_knots=547
2025-09-06 12:59:35,605 - Iter 16770: obj=-1122.541115, change=4.40e-06, α=0.000, ‖θ[1:]‖₁=13.644, h_range=[4.93e+00, 2.83e+01], num_knots=547
2025-09-06 12:59:35,687 - Iter 16780: obj=-1122.550432, change=4.40e-06, α=0.000, ‖θ[1:]‖₁=13.644, h_range=[4.93e+00, 2.83e+01], num_knots=547
2025-09-06 12:59:35,776 - Iter 16790: obj=-1122.559749, change=4.40e-06, α=0.000, ‖θ[1:]‖₁=13.644, h_range=[4.93e+00, 2.83e+01], num_knots=547
2025-09-06 12:59:35,870 - Iter 16800: obj=-1122.569065, change=4.39e-06, α=0.000, ‖θ[1:]‖₁=13.644, h_range=[4.93e+00, 2.83e+01], num_knots=547
2025-09-06 12:59:35,957 - Iter 16810: obj=-1122.578380, change=4.39e-06, α=0.000, ‖θ[1:]‖₁=13.644, h_range=[4.93e+00, 2.83e+01], num_knots=547
2025-09-06 12:59:36,037 - Iter 16820: obj=-1122.587694, change=4.39e-06, α=0.000, ‖θ[1:]‖₁=13.644, h_range=[4.93e+00, 2.83e+01], num_knots=547
2025-09-06 12:59:36,124 - Iter 16830: obj=-1122.597008, change=4.39e-06, α=0.000, ‖θ[1:]‖₁=13.644, h_range=[4.93e+00, 2.83e+01], num_knots=547
2025-09-06 12:59:36,208 - Iter 16840: obj=-1122.606322, change=4.39e-06, α=0.000, ‖θ[1:]‖₁=13.644, h_range=[4.93e+00, 2.83e+01], num_knots=546
2025-09-06 12:59:36,303 - Iter 16850: obj=-1122.615603, change=4.39e-06, α=0.000, ‖θ[1:]‖₁=13.644, h_range=[4.93e+00, 2.83e+01], num_knots=545
2025-09-06 12:59:36,395 - Iter 16860: obj=-1122.624859, change=4.39e-06, α=0.000, ‖θ[1:]‖₁=13.644, h_range=[4.93e+00, 2.83e+01], num_knots=545
2025-09-06 12:59:36,466 - Iter 16870: obj=-1122.634115, change=4.38e-06, α=0.000, ‖θ[1:]‖₁=13.645, h_range=[4.93e+00, 2.83e+01], num_knots=545
2025-09-06 12:59:36,570 - Iter 16880: obj=-1122.643370, change=4.38e-06, α=0.000, ‖θ[1:]‖₁=13.645, h_range=[4.93e+00, 2.83e+01], num_knots=545
2025-09-06 12:59:36,652 - Iter 16890: obj=-1122.652610, change=4.38e-06, α=0.000, ‖θ[1:]‖₁=13.645, h_range=[4.93e+00, 2.83e+01], num_knots=544
2025-09-06 12:59:36,741 - Iter 16900: obj=-1122.661813, change=4.38e-06, α=0.000, ‖θ[1:]‖₁=13.645, h_range=[4.93e+00, 2.83e+01], num_knots=544
2025-09-06 12:59:36,828 - Iter 16910: obj=-1122.671016, change=4.38e-06, α=0.000, ‖θ[1:]‖₁=13.645, h_range=[4.93e+00, 2.83e+01], num_knots=544
2025-09-06 12:59:36,923 - Iter 16920: obj=-1122.680217, change=4.38e-06, α=0.000, ‖θ[1:]‖₁=13.645, h_range=[4.93e+00, 2.83e+01], num_knots=544
2025-09-06 12:59:36,997 - Iter 16930: obj=-1122.689418, change=4.38e-06, α=0.000, ‖θ[1:]‖₁=13.645, h_range=[4.93e+00, 2.83e+01], num_knots=544
2025-09-06 12:59:37,076 - Iter 16940: obj=-1122.698618, change=4.38e-06, α=0.000, ‖θ[1:]‖₁=13.645, h_range=[4.93e+00, 2.83e+01], num_knots=544
2025-09-06 12:59:37,164 - Iter 16950: obj=-1122.707817, change=4.37e-06, α=0.000, ‖θ[1:]‖₁=13.645, h_range=[4.93e+00, 2.83e+01], num_knots=544
2025-09-06 12:59:37,244 - Iter 16960: obj=-1122.717016, change=4.37e-06, α=0.000, ‖θ[1:]‖₁=13.645, h_range=[4.93e+00, 2.83e+01], num_knots=544
2025-09-06 12:59:37,321 - Iter 16970: obj=-1122.726214, change=4.37e-06, α=0.000, ‖θ[1:]‖₁=13.645, h_range=[4.93e+00, 2.83e+01], num_knots=544
2025-09-06 12:59:37,427 - Iter 16980: obj=-1122.735411, change=4.37e-06, α=0.000, ‖θ[1:]‖₁=13.645, h_range=[4.93e+00, 2.83e+01], num_knots=544
2025-09-06 12:59:37,585 - Iter 16990: obj=-1122.744608, change=4.37e-06, α=0.000, ‖θ[1:]‖₁=13.646, h_range=[4.93e+00, 2.83e+01], num_knots=544
2025-09-06 12:59:37,670 - Iter 17000: obj=-1122.753804, change=4.37e-06, α=0.000, ‖θ[1:]‖₁=13.646, h_range=[4.93e+00, 2.83e+01], num_knots=544
2025-09-06 12:59:37,762 - Iter 17010: obj=-1122.762999, change=4.37e-06, α=0.000, ‖θ[1:]‖₁=13.646, h_range=[4.93e+00, 2.83e+01], num_knots=544
2025-09-06 12:59:37,847 - Iter 17020: obj=-1122.772194, change=4.37e-06, α=0.000, ‖θ[1:]‖₁=13.646, h_range=[4.93e+00, 2.83e+01], num_knots=544
2025-09-06 12:59:37,924 - Iter 17030: obj=-1122.781388, change=4.37e-06, α=0.000, ‖θ[1:]‖₁=13.646, h_range=[4.93e+00, 2.83e+01], num_knots=544
2025-09-06 12:59:38,015 - Iter 17040: obj=-1122.790581, change=4.36e-06, α=0.000, ‖θ[1:]‖₁=13.646, h_range=[4.93e+00, 2.83e+01], num_knots=544
2025-09-06 12:59:38,100 - Iter 17050: obj=-1122.799774, change=4.36e-06, α=0.000, ‖θ[1:]‖₁=13.646, h_range=[4.93e+00, 2.83e+01], num_knots=544
2025-09-06 12:59:38,229 - Iter 17060: obj=-1122.808966, change=4.36e-06, α=0.000, ‖θ[1:]‖₁=13.646, h_range=[4.93e+00, 2.83e+01], num_knots=544
2025-09-06 12:59:38,315 - Iter 17070: obj=-1122.818135, change=4.36e-06, α=0.000, ‖θ[1:]‖₁=13.646, h_range=[4.93e+00, 2.83e+01], num_knots=543
2025-09-06 12:59:38,400 - Iter 17080: obj=-1122.827280, change=4.36e-06, α=0.000, ‖θ[1:]‖₁=13.646, h_range=[4.93e+00, 2.83e+01], num_knots=543
2025-09-06 12:59:38,509 - Iter 17090: obj=-1122.836423, change=4.36e-06, α=0.000, ‖θ[1:]‖₁=13.646, h_range=[4.93e+00, 2.83e+01], num_knots=543
2025-09-06 12:59:38,590 - Iter 17100: obj=-1122.845534, change=4.36e-06, α=0.000, ‖θ[1:]‖₁=13.646, h_range=[4.93e+00, 2.83e+01], num_knots=542
2025-09-06 12:59:38,662 - Iter 17110: obj=-1122.854617, change=4.36e-06, α=0.000, ‖θ[1:]‖₁=13.646, h_range=[4.93e+00, 2.83e+01], num_knots=542
2025-09-06 12:59:38,760 - Iter 17120: obj=-1122.863698, change=4.36e-06, α=0.000, ‖θ[1:]‖₁=13.647, h_range=[4.93e+00, 2.83e+01], num_knots=542
2025-09-06 12:59:38,848 - Iter 17130: obj=-1122.872755, change=4.36e-06, α=0.000, ‖θ[1:]‖₁=13.647, h_range=[4.93e+00, 2.83e+01], num_knots=541
2025-09-06 12:59:38,947 - Iter 17140: obj=-1122.881775, change=4.36e-06, α=0.000, ‖θ[1:]‖₁=13.647, h_range=[4.93e+00, 2.83e+01], num_knots=540
2025-09-06 12:59:39,031 - Iter 17150: obj=-1122.890774, change=4.35e-06, α=0.000, ‖θ[1:]‖₁=13.647, h_range=[4.93e+00, 2.83e+01], num_knots=539
2025-09-06 12:59:39,124 - Iter 17160: obj=-1122.899738, change=4.35e-06, α=0.000, ‖θ[1:]‖₁=13.647, h_range=[4.93e+00, 2.83e+01], num_knots=539
2025-09-06 12:59:39,207 - Iter 17170: obj=-1122.908702, change=4.35e-06, α=0.000, ‖θ[1:]‖₁=13.647, h_range=[4.93e+00, 2.83e+01], num_knots=539
2025-09-06 12:59:39,317 - Iter 17180: obj=-1122.917665, change=4.35e-06, α=0.000, ‖θ[1:]‖₁=13.647, h_range=[4.93e+00, 2.83e+01], num_knots=539
2025-09-06 12:59:39,400 - Iter 17190: obj=-1122.926627, change=4.35e-06, α=0.000, ‖θ[1:]‖₁=13.647, h_range=[4.93e+00, 2.83e+01], num_knots=539
2025-09-06 12:59:39,486 - Iter 17200: obj=-1122.935589, change=4.35e-06, α=0.000, ‖θ[1:]‖₁=13.647, h_range=[4.93e+00, 2.83e+01], num_knots=539
2025-09-06 12:59:39,578 - Iter 17210: obj=-1122.944549, change=4.35e-06, α=0.000, ‖θ[1:]‖₁=13.648, h_range=[4.93e+00, 2.83e+01], num_knots=539
2025-09-06 12:59:39,670 - Iter 17220: obj=-1122.953509, change=4.35e-06, α=0.000, ‖θ[1:]‖₁=13.648, h_range=[4.93e+00, 2.83e+01], num_knots=539
2025-09-06 12:59:39,764 - Iter 17230: obj=-1122.962468, change=4.35e-06, α=0.000, ‖θ[1:]‖₁=13.648, h_range=[4.93e+00, 2.83e+01], num_knots=539
2025-09-06 12:59:39,877 - Iter 17240: obj=-1122.971426, change=4.35e-06, α=0.000, ‖θ[1:]‖₁=13.648, h_range=[4.93e+00, 2.83e+01], num_knots=539
2025-09-06 12:59:39,976 - Iter 17250: obj=-1122.980384, change=4.35e-06, α=0.000, ‖θ[1:]‖₁=13.648, h_range=[4.93e+00, 2.83e+01], num_knots=539
2025-09-06 12:59:40,077 - Iter 17260: obj=-1122.989341, change=4.34e-06, α=0.000, ‖θ[1:]‖₁=13.648, h_range=[4.93e+00, 2.83e+01], num_knots=539
2025-09-06 12:59:40,161 - Iter 17270: obj=-1122.998287, change=4.34e-06, α=0.000, ‖θ[1:]‖₁=13.648, h_range=[4.93e+00, 2.83e+01], num_knots=538
2025-09-06 12:59:40,251 - Iter 17280: obj=-1123.007195, change=4.34e-06, α=0.000, ‖θ[1:]‖₁=13.648, h_range=[4.93e+00, 2.83e+01], num_knots=538
2025-09-06 12:59:40,339 - Iter 17290: obj=-1123.016102, change=4.34e-06, α=0.000, ‖θ[1:]‖₁=13.648, h_range=[4.93e+00, 2.83e+01], num_knots=538
2025-09-06 12:59:40,427 - Iter 17300: obj=-1123.025008, change=4.34e-06, α=0.000, ‖θ[1:]‖₁=13.649, h_range=[4.93e+00, 2.83e+01], num_knots=538
2025-09-06 12:59:40,508 - Iter 17310: obj=-1123.033913, change=4.34e-06, α=0.000, ‖θ[1:]‖₁=13.649, h_range=[4.93e+00, 2.83e+01], num_knots=538
2025-09-06 12:59:40,575 - Iter 17320: obj=-1123.042802, change=4.34e-06, α=0.000, ‖θ[1:]‖₁=13.649, h_range=[4.93e+00, 2.83e+01], num_knots=535
2025-09-06 12:59:40,657 - Iter 17330: obj=-1123.051644, change=4.34e-06, α=0.000, ‖θ[1:]‖₁=13.649, h_range=[4.93e+00, 2.83e+01], num_knots=535
2025-09-06 12:59:40,742 - Iter 17340: obj=-1123.060485, change=4.34e-06, α=0.000, ‖θ[1:]‖₁=13.649, h_range=[4.93e+00, 2.83e+01], num_knots=535
2025-09-06 12:59:40,836 - Iter 17350: obj=-1123.069317, change=4.34e-06, α=0.000, ‖θ[1:]‖₁=13.649, h_range=[4.93e+00, 2.83e+01], num_knots=534
2025-09-06 12:59:40,917 - Iter 17360: obj=-1123.078128, change=4.34e-06, α=0.000, ‖θ[1:]‖₁=13.649, h_range=[4.93e+00, 2.83e+01], num_knots=534
2025-09-06 12:59:41,007 - Iter 17370: obj=-1123.086938, change=4.33e-06, α=0.000, ‖θ[1:]‖₁=13.649, h_range=[4.93e+00, 2.83e+01], num_knots=534
2025-09-06 12:59:41,085 - Iter 17380: obj=-1123.095748, change=4.33e-06, α=0.000, ‖θ[1:]‖₁=13.649, h_range=[4.93e+00, 2.83e+01], num_knots=534
2025-09-06 12:59:41,201 - Iter 17390: obj=-1123.104556, change=4.33e-06, α=0.000, ‖θ[1:]‖₁=13.650, h_range=[4.93e+00, 2.83e+01], num_knots=534
2025-09-06 12:59:41,290 - Iter 17400: obj=-1123.113364, change=4.33e-06, α=0.000, ‖θ[1:]‖₁=13.650, h_range=[4.93e+00, 2.83e+01], num_knots=534
2025-09-06 12:59:41,376 - Iter 17410: obj=-1123.122171, change=4.33e-06, α=0.000, ‖θ[1:]‖₁=13.650, h_range=[4.93e+00, 2.83e+01], num_knots=534
2025-09-06 12:59:41,476 - Iter 17420: obj=-1123.130939, change=4.33e-06, α=0.000, ‖θ[1:]‖₁=13.650, h_range=[4.93e+00, 2.83e+01], num_knots=532
2025-09-06 12:59:41,556 - Iter 17430: obj=-1123.139677, change=4.33e-06, α=0.000, ‖θ[1:]‖₁=13.650, h_range=[4.93e+00, 2.83e+01], num_knots=532
2025-09-06 12:59:41,649 - Iter 17440: obj=-1123.148414, change=4.33e-06, α=0.000, ‖θ[1:]‖₁=13.650, h_range=[4.93e+00, 2.83e+01], num_knots=532
2025-09-06 12:59:41,757 - Iter 17450: obj=-1123.157150, change=4.33e-06, α=0.000, ‖θ[1:]‖₁=13.650, h_range=[4.93e+00, 2.83e+01], num_knots=532
2025-09-06 12:59:41,862 - Iter 17460: obj=-1123.165885, change=4.33e-06, α=0.000, ‖θ[1:]‖₁=13.650, h_range=[4.93e+00, 2.83e+01], num_knots=532
2025-09-06 12:59:41,966 - Iter 17470: obj=-1123.174620, change=4.33e-06, α=0.000, ‖θ[1:]‖₁=13.651, h_range=[4.93e+00, 2.83e+01], num_knots=532
2025-09-06 12:59:42,074 - Iter 17480: obj=-1123.183353, change=4.33e-06, α=0.000, ‖θ[1:]‖₁=13.651, h_range=[4.93e+00, 2.83e+01], num_knots=531
2025-09-06 12:59:42,180 - Iter 17490: obj=-1123.192069, change=4.32e-06, α=0.000, ‖θ[1:]‖₁=13.651, h_range=[4.93e+00, 2.83e+01], num_knots=531
2025-09-06 12:59:42,252 - Iter 17500: obj=-1123.200763, change=4.32e-06, α=0.000, ‖θ[1:]‖₁=13.651, h_range=[4.93e+00, 2.83e+01], num_knots=530
2025-09-06 12:59:42,335 - Iter 17510: obj=-1123.209437, change=4.32e-06, α=0.000, ‖θ[1:]‖₁=13.651, h_range=[4.93e+00, 2.83e+01], num_knots=530
2025-09-06 12:59:42,417 - Iter 17520: obj=-1123.218110, change=4.32e-06, α=0.000, ‖θ[1:]‖₁=13.651, h_range=[4.93e+00, 2.83e+01], num_knots=530
2025-09-06 12:59:42,515 - Iter 17530: obj=-1123.226768, change=4.32e-06, α=0.000, ‖θ[1:]‖₁=13.651, h_range=[4.93e+00, 2.83e+01], num_knots=529
2025-09-06 12:59:42,587 - Iter 17540: obj=-1123.235412, change=4.32e-06, α=0.000, ‖θ[1:]‖₁=13.651, h_range=[4.93e+00, 2.83e+01], num_knots=529
2025-09-06 12:59:42,664 - Iter 17550: obj=-1123.244055, change=4.32e-06, α=0.000, ‖θ[1:]‖₁=13.652, h_range=[4.93e+00, 2.83e+01], num_knots=529
2025-09-06 12:59:42,747 - Iter 17560: obj=-1123.252698, change=4.32e-06, α=0.000, ‖θ[1:]‖₁=13.652, h_range=[4.93e+00, 2.83e+01], num_knots=529
2025-09-06 12:59:42,832 - Iter 17570: obj=-1123.261339, change=4.32e-06, α=0.000, ‖θ[1:]‖₁=13.652, h_range=[4.93e+00, 2.83e+01], num_knots=529
2025-09-06 12:59:42,929 - Iter 17580: obj=-1123.269979, change=4.32e-06, α=0.000, ‖θ[1:]‖₁=13.652, h_range=[4.93e+00, 2.83e+01], num_knots=529
2025-09-06 12:59:43,017 - Iter 17590: obj=-1123.278619, change=4.32e-06, α=0.000, ‖θ[1:]‖₁=13.652, h_range=[4.93e+00, 2.83e+01], num_knots=529
2025-09-06 12:59:43,094 - Iter 17600: obj=-1123.287240, change=4.32e-06, α=0.000, ‖θ[1:]‖₁=13.652, h_range=[4.93e+00, 2.83e+01], num_knots=527
2025-09-06 12:59:43,189 - Iter 17610: obj=-1123.295788, change=4.31e-06, α=0.000, ‖θ[1:]‖₁=13.652, h_range=[4.93e+00, 2.83e+01], num_knots=525
2025-09-06 12:59:43,287 - Iter 17620: obj=-1123.304285, change=4.31e-06, α=0.000, ‖θ[1:]‖₁=13.652, h_range=[4.93e+00, 2.83e+01], num_knots=524
2025-09-06 12:59:43,375 - Iter 17630: obj=-1123.312731, change=4.31e-06, α=0.000, ‖θ[1:]‖₁=13.653, h_range=[4.93e+00, 2.83e+01], num_knots=523
2025-09-06 12:59:43,463 - Iter 17640: obj=-1123.321169, change=4.31e-06, α=0.000, ‖θ[1:]‖₁=13.653, h_range=[4.93e+00, 2.83e+01], num_knots=523
2025-09-06 12:59:43,552 - Iter 17650: obj=-1123.329567, change=4.31e-06, α=0.000, ‖θ[1:]‖₁=13.653, h_range=[4.93e+00, 2.83e+01], num_knots=522
2025-09-06 12:59:43,654 - Iter 17660: obj=-1123.337960, change=4.31e-06, α=0.000, ‖θ[1:]‖₁=13.653, h_range=[4.93e+00, 2.83e+01], num_knots=522
2025-09-06 12:59:43,737 - Iter 17670: obj=-1123.346350, change=4.30e-06, α=0.000, ‖θ[1:]‖₁=13.653, h_range=[4.93e+00, 2.83e+01], num_knots=522
2025-09-06 12:59:43,829 - Iter 17680: obj=-1123.354740, change=4.30e-06, α=0.000, ‖θ[1:]‖₁=13.653, h_range=[4.93e+00, 2.83e+01], num_knots=522
2025-09-06 12:59:43,919 - Iter 17690: obj=-1123.363129, change=4.30e-06, α=0.000, ‖θ[1:]‖₁=13.654, h_range=[4.93e+00, 2.83e+01], num_knots=522
2025-09-06 12:59:43,999 - Iter 17700: obj=-1123.371516, change=4.30e-06, α=0.000, ‖θ[1:]‖₁=13.654, h_range=[4.93e+00, 2.83e+01], num_knots=522
2025-09-06 12:59:44,080 - Iter 17710: obj=-1123.379902, change=4.30e-06, α=0.000, ‖θ[1:]‖₁=13.654, h_range=[4.93e+00, 2.83e+01], num_knots=521
2025-09-06 12:59:44,163 - Iter 17720: obj=-1123.388283, change=4.30e-06, α=0.000, ‖θ[1:]‖₁=13.654, h_range=[4.93e+00, 2.83e+01], num_knots=521
2025-09-06 12:59:44,244 - Iter 17730: obj=-1123.396663, change=4.30e-06, α=0.000, ‖θ[1:]‖₁=13.654, h_range=[4.93e+00, 2.83e+01], num_knots=521
2025-09-06 12:59:44,338 - Iter 17740: obj=-1123.405042, change=4.30e-06, α=0.000, ‖θ[1:]‖₁=13.654, h_range=[4.93e+00, 2.83e+01], num_knots=521
2025-09-06 12:59:44,418 - Iter 17750: obj=-1123.413408, change=4.30e-06, α=0.000, ‖θ[1:]‖₁=13.655, h_range=[4.93e+00, 2.83e+01], num_knots=520
2025-09-06 12:59:44,500 - Iter 17760: obj=-1123.421759, change=4.29e-06, α=0.000, ‖θ[1:]‖₁=13.655, h_range=[4.93e+00, 2.83e+01], num_knots=520
2025-09-06 12:59:44,595 - Iter 17770: obj=-1123.430091, change=4.29e-06, α=0.000, ‖θ[1:]‖₁=13.655, h_range=[4.93e+00, 2.83e+01], num_knots=519
2025-09-06 12:59:44,689 - Iter 17780: obj=-1123.438407, change=4.29e-06, α=0.000, ‖θ[1:]‖₁=13.655, h_range=[4.93e+00, 2.83e+01], num_knots=519
2025-09-06 12:59:44,776 - Iter 17790: obj=-1123.446722, change=4.29e-06, α=0.000, ‖θ[1:]‖₁=13.655, h_range=[4.93e+00, 2.83e+01], num_knots=519
2025-09-06 12:59:44,863 - Iter 17800: obj=-1123.455035, change=4.29e-06, α=0.000, ‖θ[1:]‖₁=13.655, h_range=[4.93e+00, 2.83e+01], num_knots=519
2025-09-06 12:59:44,953 - Iter 17810: obj=-1123.463348, change=4.29e-06, α=0.000, ‖θ[1:]‖₁=13.656, h_range=[4.93e+00, 2.83e+01], num_knots=519
2025-09-06 12:59:45,030 - Iter 17820: obj=-1123.471660, change=4.28e-06, α=0.000, ‖θ[1:]‖₁=13.656, h_range=[4.93e+00, 2.83e+01], num_knots=519
2025-09-06 12:59:45,128 - Iter 17830: obj=-1123.479971, change=4.28e-06, α=0.000, ‖θ[1:]‖₁=13.656, h_range=[4.93e+00, 2.83e+01], num_knots=519
2025-09-06 12:59:45,229 - Iter 17840: obj=-1123.488281, change=4.28e-06, α=0.000, ‖θ[1:]‖₁=13.656, h_range=[4.93e+00, 2.83e+01], num_knots=519
2025-09-06 12:59:45,326 - Iter 17850: obj=-1123.496590, change=4.28e-06, α=0.000, ‖θ[1:]‖₁=13.656, h_range=[4.93e+00, 2.83e+01], num_knots=519
2025-09-06 12:59:45,414 - Iter 17860: obj=-1123.504897, change=4.28e-06, α=0.000, ‖θ[1:]‖₁=13.656, h_range=[4.93e+00, 2.83e+01], num_knots=518
2025-09-06 12:59:45,507 - Iter 17870: obj=-1123.513155, change=4.28e-06, α=0.000, ‖θ[1:]‖₁=13.656, h_range=[4.93e+00, 2.83e+01], num_knots=518
2025-09-06 12:59:45,658 - Iter 17880: obj=-1123.521413, change=4.27e-06, α=0.000, ‖θ[1:]‖₁=13.657, h_range=[4.93e+00, 2.83e+01], num_knots=518
2025-09-06 12:59:45,755 - Iter 17890: obj=-1123.529606, change=4.27e-06, α=0.000, ‖θ[1:]‖₁=13.657, h_range=[4.93e+00, 2.83e+01], num_knots=517
2025-09-06 12:59:45,828 - Iter 17900: obj=-1123.537784, change=4.27e-06, α=0.000, ‖θ[1:]‖₁=13.657, h_range=[4.93e+00, 2.83e+01], num_knots=517
2025-09-06 12:59:45,914 - Iter 17910: obj=-1123.545962, change=4.27e-06, α=0.000, ‖θ[1:]‖₁=13.657, h_range=[4.93e+00, 2.83e+01], num_knots=517
2025-09-06 12:59:46,000 - Iter 17920: obj=-1123.554138, change=4.26e-06, α=0.000, ‖θ[1:]‖₁=13.657, h_range=[4.93e+00, 2.83e+01], num_knots=517
2025-09-06 12:59:46,095 - Iter 17930: obj=-1123.562306, change=4.26e-06, α=0.000, ‖θ[1:]‖₁=13.658, h_range=[4.93e+00, 2.83e+01], num_knots=516
2025-09-06 12:59:46,191 - Iter 17940: obj=-1123.570432, change=4.26e-06, α=0.000, ‖θ[1:]‖₁=13.658, h_range=[4.93e+00, 2.83e+01], num_knots=516
2025-09-06 12:59:46,283 - Iter 17950: obj=-1123.578556, change=4.26e-06, α=0.000, ‖θ[1:]‖₁=13.658, h_range=[4.93e+00, 2.83e+01], num_knots=516
2025-09-06 12:59:46,364 - Iter 17960: obj=-1123.586680, change=4.26e-06, α=0.000, ‖θ[1:]‖₁=13.658, h_range=[4.93e+00, 2.83e+01], num_knots=516
2025-09-06 12:59:46,460 - Iter 17970: obj=-1123.594803, change=4.26e-06, α=0.000, ‖θ[1:]‖₁=13.658, h_range=[4.93e+00, 2.83e+01], num_knots=516
2025-09-06 12:59:46,569 - Iter 17980: obj=-1123.602924, change=4.25e-06, α=0.000, ‖θ[1:]‖₁=13.658, h_range=[4.93e+00, 2.83e+01], num_knots=516
2025-09-06 12:59:46,658 - Iter 17990: obj=-1123.611045, change=4.25e-06, α=0.000, ‖θ[1:]‖₁=13.659, h_range=[4.93e+00, 2.83e+01], num_knots=516
2025-09-06 12:59:46,733 - Iter 18000: obj=-1123.619164, change=4.25e-06, α=0.000, ‖θ[1:]‖₁=13.659, h_range=[4.93e+00, 2.83e+01], num_knots=516
2025-09-06 12:59:46,814 - Iter 18010: obj=-1123.627283, change=4.25e-06, α=0.000, ‖θ[1:]‖₁=13.659, h_range=[4.93e+00, 2.83e+01], num_knots=516
2025-09-06 12:59:46,894 - Iter 18020: obj=-1123.635401, change=4.25e-06, α=0.000, ‖θ[1:]‖₁=13.659, h_range=[4.93e+00, 2.83e+01], num_knots=516
2025-09-06 12:59:46,982 - Iter 18030: obj=-1123.643490, change=4.25e-06, α=0.000, ‖θ[1:]‖₁=13.659, h_range=[4.93e+00, 2.83e+01], num_knots=515
2025-09-06 12:59:47,062 - Iter 18040: obj=-1123.651522, change=4.24e-06, α=0.000, ‖θ[1:]‖₁=13.659, h_range=[4.93e+00, 2.83e+01], num_knots=515
2025-09-06 12:59:47,136 - Iter 18050: obj=-1123.659554, change=4.24e-06, α=0.000, ‖θ[1:]‖₁=13.660, h_range=[4.93e+00, 2.83e+01], num_knots=514
2025-09-06 12:59:47,238 - Iter 18060: obj=-1123.667544, change=4.24e-06, α=0.000, ‖θ[1:]‖₁=13.660, h_range=[4.93e+00, 2.83e+01], num_knots=514
2025-09-06 12:59:47,463 - Iter 18070: obj=-1123.675533, change=4.24e-06, α=0.000, ‖θ[1:]‖₁=13.660, h_range=[4.93e+00, 2.83e+01], num_knots=514
2025-09-06 12:59:47,554 - Iter 18080: obj=-1123.683520, change=4.24e-06, α=0.000, ‖θ[1:]‖₁=13.660, h_range=[4.93e+00, 2.83e+01], num_knots=514
2025-09-06 12:59:47,640 - Iter 18090: obj=-1123.691506, change=4.24e-06, α=0.000, ‖θ[1:]‖₁=13.660, h_range=[4.93e+00, 2.83e+01], num_knots=514
2025-09-06 12:59:47,729 - Iter 18100: obj=-1123.699492, change=4.24e-06, α=0.000, ‖θ[1:]‖₁=13.660, h_range=[4.93e+00, 2.83e+01], num_knots=514
2025-09-06 12:59:47,809 - Iter 18110: obj=-1123.707476, change=4.23e-06, α=0.000, ‖θ[1:]‖₁=13.660, h_range=[4.93e+00, 2.83e+01], num_knots=514
2025-09-06 12:59:47,896 - Iter 18120: obj=-1123.715419, change=4.23e-06, α=0.000, ‖θ[1:]‖₁=13.661, h_range=[4.93e+00, 2.83e+01], num_knots=513
2025-09-06 12:59:47,978 - Iter 18130: obj=-1123.723349, change=4.23e-06, α=0.000, ‖θ[1:]‖₁=13.661, h_range=[4.93e+00, 2.83e+01], num_knots=513
2025-09-06 12:59:48,067 - Iter 18140: obj=-1123.731278, change=4.23e-06, α=0.000, ‖θ[1:]‖₁=13.661, h_range=[4.93e+00, 2.83e+01], num_knots=513
2025-09-06 12:59:48,155 - Iter 18150: obj=-1123.739206, change=4.23e-06, α=0.000, ‖θ[1:]‖₁=13.661, h_range=[4.93e+00, 2.83e+01], num_knots=513
2025-09-06 12:59:48,243 - Iter 18160: obj=-1123.747115, change=4.23e-06, α=0.000, ‖θ[1:]‖₁=13.661, h_range=[4.93e+00, 2.83e+01], num_knots=512
2025-09-06 12:59:48,323 - Iter 18170: obj=-1123.755021, change=4.23e-06, α=0.000, ‖θ[1:]‖₁=13.661, h_range=[4.93e+00, 2.83e+01], num_knots=512
2025-09-06 12:59:48,404 - Iter 18180: obj=-1123.762926, change=4.23e-06, α=0.000, ‖θ[1:]‖₁=13.662, h_range=[4.93e+00, 2.83e+01], num_knots=512
2025-09-06 12:59:48,483 - Iter 18190: obj=-1123.770806, change=4.23e-06, α=0.000, ‖θ[1:]‖₁=13.662, h_range=[4.93e+00, 2.83e+01], num_knots=510
2025-09-06 12:59:48,575 - Iter 18200: obj=-1123.778637, change=4.22e-06, α=0.000, ‖θ[1:]‖₁=13.662, h_range=[4.93e+00, 2.83e+01], num_knots=510
2025-09-06 12:59:48,667 - Iter 18210: obj=-1123.786466, change=4.22e-06, α=0.000, ‖θ[1:]‖₁=13.662, h_range=[4.93e+00, 2.83e+01], num_knots=510
2025-09-06 12:59:48,754 - Iter 18220: obj=-1123.794280, change=4.22e-06, α=0.000, ‖θ[1:]‖₁=13.662, h_range=[4.93e+00, 2.83e+01], num_knots=509
2025-09-06 12:59:48,840 - Iter 18230: obj=-1123.802089, change=4.22e-06, α=0.000, ‖θ[1:]‖₁=13.662, h_range=[4.93e+00, 2.83e+01], num_knots=509
2025-09-06 12:59:48,918 - Iter 18240: obj=-1123.809898, change=4.22e-06, α=0.000, ‖θ[1:]‖₁=13.663, h_range=[4.93e+00, 2.83e+01], num_knots=509
2025-09-06 12:59:49,021 - Iter 18250: obj=-1123.817705, change=4.22e-06, α=0.000, ‖θ[1:]‖₁=13.663, h_range=[4.93e+00, 2.83e+01], num_knots=509
2025-09-06 12:59:49,117 - Iter 18260: obj=-1123.825512, change=4.22e-06, α=0.000, ‖θ[1:]‖₁=13.663, h_range=[4.93e+00, 2.83e+01], num_knots=509
2025-09-06 12:59:49,191 - Iter 18270: obj=-1123.833304, change=4.22e-06, α=0.000, ‖θ[1:]‖₁=13.663, h_range=[4.93e+00, 2.83e+01], num_knots=508
2025-09-06 12:59:49,280 - Iter 18280: obj=-1123.841057, change=4.22e-06, α=0.000, ‖θ[1:]‖₁=13.663, h_range=[4.93e+00, 2.83e+01], num_knots=508
2025-09-06 12:59:49,404 - Iter 18290: obj=-1123.848809, change=4.22e-06, α=0.000, ‖θ[1:]‖₁=13.663, h_range=[4.93e+00, 2.83e+01], num_knots=508
2025-09-06 12:59:49,522 - Iter 18300: obj=-1123.856560, change=4.22e-06, α=0.000, ‖θ[1:]‖₁=13.664, h_range=[4.93e+00, 2.83e+01], num_knots=508
2025-09-06 12:59:49,630 - Iter 18310: obj=-1123.864311, change=4.22e-06, α=0.000, ‖θ[1:]‖₁=13.664, h_range=[4.93e+00, 2.83e+01], num_knots=508
2025-09-06 12:59:49,727 - Iter 18320: obj=-1123.872060, change=4.22e-06, α=0.000, ‖θ[1:]‖₁=13.664, h_range=[4.93e+00, 2.83e+01], num_knots=508
2025-09-06 12:59:49,817 - Iter 18330: obj=-1123.879808, change=4.22e-06, α=0.000, ‖θ[1:]‖₁=13.664, h_range=[4.93e+00, 2.83e+01], num_knots=508
2025-09-06 12:59:49,894 - Iter 18340: obj=-1123.887525, change=4.21e-06, α=0.000, ‖θ[1:]‖₁=13.664, h_range=[4.93e+00, 2.83e+01], num_knots=507
2025-09-06 12:59:49,991 - Iter 18350: obj=-1123.895188, change=4.21e-06, α=0.000, ‖θ[1:]‖₁=13.664, h_range=[4.93e+00, 2.83e+01], num_knots=507
2025-09-06 12:59:50,084 - Iter 18360: obj=-1123.902850, change=4.21e-06, α=0.000, ‖θ[1:]‖₁=13.665, h_range=[4.93e+00, 2.83e+01], num_knots=507
2025-09-06 12:59:50,168 - Iter 18370: obj=-1123.910511, change=4.21e-06, α=0.000, ‖θ[1:]‖₁=13.665, h_range=[4.93e+00, 2.83e+01], num_knots=507
2025-09-06 12:59:50,249 - Iter 18380: obj=-1123.918171, change=4.20e-06, α=0.000, ‖θ[1:]‖₁=13.665, h_range=[4.93e+00, 2.83e+01], num_knots=507
2025-09-06 12:59:50,337 - Iter 18390: obj=-1123.925830, change=4.20e-06, α=0.000, ‖θ[1:]‖₁=13.665, h_range=[4.93e+00, 2.83e+01], num_knots=507
2025-09-06 12:59:50,417 - Iter 18400: obj=-1123.933488, change=4.20e-06, α=0.000, ‖θ[1:]‖₁=13.665, h_range=[4.93e+00, 2.83e+01], num_knots=507
2025-09-06 12:59:50,517 - Iter 18410: obj=-1123.941145, change=4.20e-06, α=0.000, ‖θ[1:]‖₁=13.665, h_range=[4.93e+00, 2.83e+01], num_knots=507
2025-09-06 12:59:50,610 - Iter 18420: obj=-1123.948801, change=4.19e-06, α=0.000, ‖θ[1:]‖₁=13.666, h_range=[4.93e+00, 2.83e+01], num_knots=507
2025-09-06 12:59:50,731 - Iter 18430: obj=-1123.956457, change=4.19e-06, α=0.000, ‖θ[1:]‖₁=13.666, h_range=[4.93e+00, 2.83e+01], num_knots=507
2025-09-06 12:59:50,817 - Iter 18440: obj=-1123.964111, change=4.19e-06, α=0.000, ‖θ[1:]‖₁=13.666, h_range=[4.93e+00, 2.83e+01], num_knots=507
2025-09-06 12:59:50,914 - Iter 18450: obj=-1123.971765, change=4.19e-06, α=0.000, ‖θ[1:]‖₁=13.666, h_range=[4.93e+00, 2.83e+01], num_knots=507
2025-09-06 12:59:51,007 - Iter 18460: obj=-1123.979418, change=4.18e-06, α=0.000, ‖θ[1:]‖₁=13.666, h_range=[4.93e+00, 2.83e+01], num_knots=507
2025-09-06 12:59:51,097 - Iter 18470: obj=-1123.987070, change=4.18e-06, α=0.000, ‖θ[1:]‖₁=13.666, h_range=[4.93e+00, 2.83e+01], num_knots=507
2025-09-06 12:59:51,191 - Iter 18480: obj=-1123.994722, change=4.18e-06, α=0.000, ‖θ[1:]‖₁=13.666, h_range=[4.93e+00, 2.83e+01], num_knots=507
2025-09-06 12:59:51,288 - Iter 18490: obj=-1124.002372, change=4.18e-06, α=0.000, ‖θ[1:]‖₁=13.666, h_range=[4.93e+00, 2.83e+01], num_knots=507
2025-09-06 12:59:51,399 - Iter 18500: obj=-1124.010022, change=4.18e-06, α=0.000, ‖θ[1:]‖₁=13.667, h_range=[4.93e+00, 2.83e+01], num_knots=507
2025-09-06 12:59:51,474 - Iter 18510: obj=-1124.017671, change=4.17e-06, α=0.000, ‖θ[1:]‖₁=13.667, h_range=[4.93e+00, 2.83e+01], num_knots=507
2025-09-06 12:59:51,549 - Iter 18520: obj=-1124.025319, change=4.17e-06, α=0.000, ‖θ[1:]‖₁=13.667, h_range=[4.93e+00, 2.83e+01], num_knots=507
2025-09-06 12:59:51,638 - Iter 18530: obj=-1124.032967, change=4.17e-06, α=0.000, ‖θ[1:]‖₁=13.667, h_range=[4.93e+00, 2.83e+01], num_knots=507
2025-09-06 12:59:51,721 - Iter 18540: obj=-1124.040614, change=4.17e-06, α=0.000, ‖θ[1:]‖₁=13.667, h_range=[4.93e+00, 2.83e+01], num_knots=507
2025-09-06 12:59:51,816 - Iter 18550: obj=-1124.048260, change=4.17e-06, α=0.000, ‖θ[1:]‖₁=13.667, h_range=[4.93e+00, 2.83e+01], num_knots=507
2025-09-06 12:59:51,894 - Iter 18560: obj=-1124.055906, change=4.16e-06, α=0.000, ‖θ[1:]‖₁=13.667, h_range=[4.93e+00, 2.83e+01], num_knots=507
2025-09-06 12:59:51,996 - Iter 18570: obj=-1124.063550, change=4.16e-06, α=0.000, ‖θ[1:]‖₁=13.667, h_range=[4.93e+00, 2.83e+01], num_knots=507
2025-09-06 12:59:52,078 - Iter 18580: obj=-1124.071194, change=4.16e-06, α=0.000, ‖θ[1:]‖₁=13.668, h_range=[4.93e+00, 2.83e+01], num_knots=507
2025-09-06 12:59:52,170 - Iter 18590: obj=-1124.078838, change=4.16e-06, α=0.000, ‖θ[1:]‖₁=13.668, h_range=[4.93e+00, 2.83e+01], num_knots=507
2025-09-06 12:59:52,266 - Iter 18600: obj=-1124.086481, change=4.16e-06, α=0.000, ‖θ[1:]‖₁=13.668, h_range=[4.93e+00, 2.83e+01], num_knots=507
2025-09-06 12:59:52,360 - Iter 18610: obj=-1124.094123, change=4.16e-06, α=0.000, ‖θ[1:]‖₁=13.668, h_range=[4.93e+00, 2.83e+01], num_knots=507
2025-09-06 12:59:52,447 - Iter 18620: obj=-1124.101764, change=4.15e-06, α=0.000, ‖θ[1:]‖₁=13.668, h_range=[4.93e+00, 2.83e+01], num_knots=507
2025-09-06 12:59:52,532 - Iter 18630: obj=-1124.109405, change=4.15e-06, α=0.000, ‖θ[1:]‖₁=13.668, h_range=[4.93e+00, 2.83e+01], num_knots=507
2025-09-06 12:59:52,618 - Iter 18640: obj=-1124.117045, change=4.15e-06, α=0.000, ‖θ[1:]‖₁=13.668, h_range=[4.93e+00, 2.83e+01], num_knots=507
2025-09-06 12:59:52,701 - Iter 18650: obj=-1124.124664, change=4.15e-06, α=0.000, ‖θ[1:]‖₁=13.668, h_range=[4.93e+00, 2.83e+01], num_knots=506
2025-09-06 12:59:52,788 - Iter 18660: obj=-1124.132280, change=4.15e-06, α=0.000, ‖θ[1:]‖₁=13.668, h_range=[4.93e+00, 2.83e+01], num_knots=506
2025-09-06 12:59:52,887 - Iter 18670: obj=-1124.139894, change=4.15e-06, α=0.000, ‖θ[1:]‖₁=13.668, h_range=[4.93e+00, 2.83e+01], num_knots=506
2025-09-06 12:59:52,989 - Iter 18680: obj=-1124.147508, change=4.15e-06, α=0.000, ‖θ[1:]‖₁=13.669, h_range=[4.93e+00, 2.83e+01], num_knots=506
2025-09-06 12:59:53,067 - Iter 18690: obj=-1124.155121, change=4.14e-06, α=0.000, ‖θ[1:]‖₁=13.669, h_range=[4.93e+00, 2.83e+01], num_knots=506
2025-09-06 12:59:53,158 - Iter 18700: obj=-1124.162734, change=4.14e-06, α=0.000, ‖θ[1:]‖₁=13.669, h_range=[4.93e+00, 2.83e+01], num_knots=506
2025-09-06 12:59:53,249 - Iter 18710: obj=-1124.170345, change=4.14e-06, α=0.000, ‖θ[1:]‖₁=13.669, h_range=[4.93e+00, 2.83e+01], num_knots=506
2025-09-06 12:59:53,327 - Iter 18720: obj=-1124.177957, change=4.14e-06, α=0.000, ‖θ[1:]‖₁=13.669, h_range=[4.93e+00, 2.83e+01], num_knots=506
2025-09-06 12:59:53,411 - Iter 18730: obj=-1124.185567, change=4.14e-06, α=0.000, ‖θ[1:]‖₁=13.669, h_range=[4.93e+00, 2.83e+01], num_knots=506
2025-09-06 12:59:53,500 - Iter 18740: obj=-1124.193178, change=4.14e-06, α=0.000, ‖θ[1:]‖₁=13.669, h_range=[4.93e+00, 2.83e+01], num_knots=506
2025-09-06 12:59:53,582 - Iter 18750: obj=-1124.200787, change=4.14e-06, α=0.000, ‖θ[1:]‖₁=13.669, h_range=[4.93e+00, 2.83e+01], num_knots=506
2025-09-06 12:59:53,664 - Iter 18760: obj=-1124.208368, change=4.14e-06, α=0.000, ‖θ[1:]‖₁=13.669, h_range=[4.93e+00, 2.83e+01], num_knots=505
2025-09-06 12:59:53,737 - Iter 18770: obj=-1124.215943, change=4.13e-06, α=0.000, ‖θ[1:]‖₁=13.669, h_range=[4.93e+00, 2.83e+01], num_knots=505
2025-09-06 12:59:53,824 - Iter 18780: obj=-1124.223508, change=4.13e-06, α=0.000, ‖θ[1:]‖₁=13.669, h_range=[4.93e+00, 2.83e+01], num_knots=504
2025-09-06 12:59:53,918 - Iter 18790: obj=-1124.231056, change=4.13e-06, α=0.000, ‖θ[1:]‖₁=13.669, h_range=[4.93e+00, 2.83e+01], num_knots=503
2025-09-06 12:59:54,010 - Iter 18800: obj=-1124.238583, change=4.13e-06, α=0.000, ‖θ[1:]‖₁=13.670, h_range=[4.93e+00, 2.83e+01], num_knots=503
2025-09-06 12:59:54,114 - Iter 18810: obj=-1124.246110, change=4.13e-06, α=0.000, ‖θ[1:]‖₁=13.670, h_range=[4.93e+00, 2.83e+01], num_knots=503
2025-09-06 12:59:54,200 - Iter 18820: obj=-1124.253636, change=4.13e-06, α=0.000, ‖θ[1:]‖₁=13.670, h_range=[4.93e+00, 2.83e+01], num_knots=503
2025-09-06 12:59:54,295 - Iter 18830: obj=-1124.261161, change=4.13e-06, α=0.000, ‖θ[1:]‖₁=13.670, h_range=[4.93e+00, 2.83e+01], num_knots=503
2025-09-06 12:59:54,409 - Iter 18840: obj=-1124.268685, change=4.13e-06, α=0.000, ‖θ[1:]‖₁=13.670, h_range=[4.93e+00, 2.83e+01], num_knots=503
2025-09-06 12:59:54,493 - Iter 18850: obj=-1124.276209, change=4.13e-06, α=0.000, ‖θ[1:]‖₁=13.670, h_range=[4.93e+00, 2.83e+01], num_knots=503
2025-09-06 12:59:54,570 - Iter 18860: obj=-1124.283732, change=4.13e-06, α=0.000, ‖θ[1:]‖₁=13.670, h_range=[4.93e+00, 2.83e+01], num_knots=503
2025-09-06 12:59:54,667 - Iter 18870: obj=-1124.291234, change=4.12e-06, α=0.000, ‖θ[1:]‖₁=13.670, h_range=[4.93e+00, 2.83e+01], num_knots=502
2025-09-06 12:59:54,754 - Iter 18880: obj=-1124.298726, change=4.12e-06, α=0.000, ‖θ[1:]‖₁=13.670, h_range=[4.93e+00, 2.83e+01], num_knots=502
2025-09-06 12:59:54,839 - Iter 18890: obj=-1124.306218, change=4.12e-06, α=0.000, ‖θ[1:]‖₁=13.670, h_range=[4.93e+00, 2.83e+01], num_knots=501
2025-09-06 12:59:54,934 - Iter 18900: obj=-1124.313663, change=4.12e-06, α=0.000, ‖θ[1:]‖₁=13.671, h_range=[4.93e+00, 2.83e+01], num_knots=500
2025-09-06 12:59:55,025 - Iter 18910: obj=-1124.321065, change=4.12e-06, α=0.000, ‖θ[1:]‖₁=13.671, h_range=[4.93e+00, 2.83e+01], num_knots=500
2025-09-06 12:59:55,103 - Iter 18920: obj=-1124.328467, change=4.12e-06, α=0.000, ‖θ[1:]‖₁=13.671, h_range=[4.93e+00, 2.83e+01], num_knots=500
2025-09-06 12:59:55,183 - Iter 18930: obj=-1124.335867, change=4.11e-06, α=0.000, ‖θ[1:]‖₁=13.671, h_range=[4.93e+00, 2.83e+01], num_knots=500
2025-09-06 12:59:55,272 - Iter 18940: obj=-1124.343267, change=4.11e-06, α=0.000, ‖θ[1:]‖₁=13.671, h_range=[4.93e+00, 2.83e+01], num_knots=500
2025-09-06 12:59:55,371 - Iter 18950: obj=-1124.350666, change=4.11e-06, α=0.000, ‖θ[1:]‖₁=13.671, h_range=[4.93e+00, 2.83e+01], num_knots=500
2025-09-06 12:59:55,451 - Iter 18960: obj=-1124.358064, change=4.11e-06, α=0.000, ‖θ[1:]‖₁=13.671, h_range=[4.93e+00, 2.83e+01], num_knots=500
2025-09-06 12:59:55,540 - Iter 18970: obj=-1124.365462, change=4.11e-06, α=0.000, ‖θ[1:]‖₁=13.671, h_range=[4.93e+00, 2.83e+01], num_knots=500
2025-09-06 12:59:55,621 - Iter 18980: obj=-1124.372858, change=4.11e-06, α=0.000, ‖θ[1:]‖₁=13.671, h_range=[4.93e+00, 2.83e+01], num_knots=500
2025-09-06 12:59:55,704 - Iter 18990: obj=-1124.380254, change=4.11e-06, α=0.000, ‖θ[1:]‖₁=13.672, h_range=[4.93e+00, 2.83e+01], num_knots=500
2025-09-06 12:59:55,790 - Iter 19000: obj=-1124.387650, change=4.11e-06, α=0.000, ‖θ[1:]‖₁=13.672, h_range=[4.93e+00, 2.83e+01], num_knots=500
2025-09-06 12:59:55,914 - Iter 19010: obj=-1124.395026, change=4.10e-06, α=0.000, ‖θ[1:]‖₁=13.672, h_range=[4.93e+00, 2.83e+01], num_knots=498
2025-09-06 12:59:56,027 - Iter 19020: obj=-1124.402371, change=4.10e-06, α=0.000, ‖θ[1:]‖₁=13.672, h_range=[4.93e+00, 2.83e+01], num_knots=497
2025-09-06 12:59:56,125 - Iter 19030: obj=-1124.409690, change=4.10e-06, α=0.000, ‖θ[1:]‖₁=13.672, h_range=[4.93e+00, 2.83e+01], num_knots=497
2025-09-06 12:59:56,264 - Iter 19040: obj=-1124.417008, change=4.10e-06, α=0.000, ‖θ[1:]‖₁=13.672, h_range=[4.93e+00, 2.83e+01], num_knots=497
2025-09-06 12:59:56,349 - Iter 19050: obj=-1124.424326, change=4.10e-06, α=0.000, ‖θ[1:]‖₁=13.672, h_range=[4.93e+00, 2.83e+01], num_knots=497
2025-09-06 12:59:56,427 - Iter 19060: obj=-1124.431642, change=4.10e-06, α=0.000, ‖θ[1:]‖₁=13.672, h_range=[4.93e+00, 2.83e+01], num_knots=497
2025-09-06 12:59:56,511 - Iter 19070: obj=-1124.438958, change=4.10e-06, α=0.000, ‖θ[1:]‖₁=13.672, h_range=[4.93e+00, 2.83e+01], num_knots=497
2025-09-06 12:59:56,594 - Iter 19080: obj=-1124.446272, change=4.10e-06, α=0.000, ‖θ[1:]‖₁=13.672, h_range=[4.93e+00, 2.83e+01], num_knots=497
2025-09-06 12:59:56,677 - Iter 19090: obj=-1124.453586, change=4.10e-06, α=0.000, ‖θ[1:]‖₁=13.673, h_range=[4.93e+00, 2.83e+01], num_knots=497
2025-09-06 12:59:56,775 - Iter 19100: obj=-1124.460900, change=4.10e-06, α=0.000, ‖θ[1:]‖₁=13.673, h_range=[4.93e+00, 2.83e+01], num_knots=497
2025-09-06 12:59:56,870 - Iter 19110: obj=-1124.468212, change=4.10e-06, α=0.000, ‖θ[1:]‖₁=13.673, h_range=[4.93e+00, 2.83e+01], num_knots=497
2025-09-06 12:59:56,974 - Iter 19120: obj=-1124.475524, change=4.10e-06, α=0.000, ‖θ[1:]‖₁=13.673, h_range=[4.93e+00, 2.83e+01], num_knots=497
2025-09-06 12:59:57,058 - Iter 19130: obj=-1124.482835, change=4.10e-06, α=0.000, ‖θ[1:]‖₁=13.673, h_range=[4.93e+00, 2.83e+01], num_knots=497
2025-09-06 12:59:57,144 - Iter 19140: obj=-1124.490139, change=4.10e-06, α=0.000, ‖θ[1:]‖₁=13.673, h_range=[4.93e+00, 2.83e+01], num_knots=496
2025-09-06 12:59:57,227 - Iter 19150: obj=-1124.497417, change=4.09e-06, α=0.000, ‖θ[1:]‖₁=13.673, h_range=[4.93e+00, 2.83e+01], num_knots=496
2025-09-06 12:59:57,314 - Iter 19160: obj=-1124.504695, change=4.09e-06, α=0.000, ‖θ[1:]‖₁=13.673, h_range=[4.93e+00, 2.83e+01], num_knots=496
2025-09-06 12:59:57,390 - Iter 19170: obj=-1124.511972, change=4.09e-06, α=0.000, ‖θ[1:]‖₁=13.673, h_range=[4.93e+00, 2.83e+01], num_knots=496
2025-09-06 12:59:57,477 - Iter 19180: obj=-1124.519248, change=4.09e-06, α=0.000, ‖θ[1:]‖₁=13.673, h_range=[4.93e+00, 2.83e+01], num_knots=496
2025-09-06 12:59:57,566 - Iter 19190: obj=-1124.526523, change=4.09e-06, α=0.000, ‖θ[1:]‖₁=13.674, h_range=[4.93e+00, 2.83e+01], num_knots=496
2025-09-06 12:59:57,647 - Iter 19200: obj=-1124.533798, change=4.09e-06, α=0.000, ‖θ[1:]‖₁=13.674, h_range=[4.93e+00, 2.83e+01], num_knots=496
2025-09-06 12:59:57,744 - Iter 19210: obj=-1124.541072, change=4.09e-06, α=0.000, ‖θ[1:]‖₁=13.674, h_range=[4.93e+00, 2.83e+01], num_knots=496
2025-09-06 12:59:57,827 - Iter 19220: obj=-1124.548346, change=4.09e-06, α=0.000, ‖θ[1:]‖₁=13.674, h_range=[4.93e+00, 2.83e+01], num_knots=496
2025-09-06 12:59:57,907 - Iter 19230: obj=-1124.555594, change=4.09e-06, α=0.000, ‖θ[1:]‖₁=13.674, h_range=[4.93e+00, 2.83e+01], num_knots=495
2025-09-06 12:59:57,991 - Iter 19240: obj=-1124.562836, change=4.09e-06, α=0.000, ‖θ[1:]‖₁=13.674, h_range=[4.93e+00, 2.83e+01], num_knots=495
2025-09-06 12:59:58,087 - Iter 19250: obj=-1124.570078, change=4.08e-06, α=0.000, ‖θ[1:]‖₁=13.674, h_range=[4.93e+00, 2.83e+01], num_knots=495
2025-09-06 12:59:58,184 - Iter 19260: obj=-1124.577319, change=4.08e-06, α=0.000, ‖θ[1:]‖₁=13.674, h_range=[4.93e+00, 2.83e+01], num_knots=495
2025-09-06 12:59:58,283 - Iter 19270: obj=-1124.584559, change=4.08e-06, α=0.000, ‖θ[1:]‖₁=13.674, h_range=[4.93e+00, 2.83e+01], num_knots=495
2025-09-06 12:59:58,361 - Iter 19280: obj=-1124.591799, change=4.08e-06, α=0.000, ‖θ[1:]‖₁=13.674, h_range=[4.93e+00, 2.83e+01], num_knots=495
2025-09-06 12:59:58,447 - Iter 19290: obj=-1124.599038, change=4.08e-06, α=0.000, ‖θ[1:]‖₁=13.674, h_range=[4.93e+00, 2.83e+01], num_knots=495
2025-09-06 12:59:58,542 - Iter 19300: obj=-1124.606276, change=4.08e-06, α=0.000, ‖θ[1:]‖₁=13.675, h_range=[4.93e+00, 2.83e+01], num_knots=495
2025-09-06 12:59:58,640 - Iter 19310: obj=-1124.613495, change=4.08e-06, α=0.000, ‖θ[1:]‖₁=13.675, h_range=[4.93e+00, 2.83e+01], num_knots=494
2025-09-06 12:59:58,709 - Iter 19320: obj=-1124.620699, change=4.08e-06, α=0.000, ‖θ[1:]‖₁=13.675, h_range=[4.93e+00, 2.83e+01], num_knots=494
2025-09-06 12:59:58,802 - Iter 19330: obj=-1124.627903, change=4.07e-06, α=0.000, ‖θ[1:]‖₁=13.675, h_range=[4.93e+00, 2.83e+01], num_knots=494
2025-09-06 12:59:58,902 - Iter 19340: obj=-1124.635106, change=4.07e-06, α=0.000, ‖θ[1:]‖₁=13.675, h_range=[4.93e+00, 2.83e+01], num_knots=494
2025-09-06 12:59:58,990 - Iter 19350: obj=-1124.642277, change=4.07e-06, α=0.000, ‖θ[1:]‖₁=13.675, h_range=[4.93e+00, 2.83e+01], num_knots=492
2025-09-06 12:59:59,077 - Iter 19360: obj=-1124.649418, change=4.07e-06, α=0.000, ‖θ[1:]‖₁=13.675, h_range=[4.93e+00, 2.83e+01], num_knots=492
2025-09-06 12:59:59,158 - Iter 19370: obj=-1124.656558, change=4.07e-06, α=0.000, ‖θ[1:]‖₁=13.675, h_range=[4.93e+00, 2.83e+01], num_knots=492
2025-09-06 12:59:59,260 - Iter 19380: obj=-1124.663698, change=4.07e-06, α=0.000, ‖θ[1:]‖₁=13.675, h_range=[4.93e+00, 2.83e+01], num_knots=492
2025-09-06 12:59:59,364 - Iter 19390: obj=-1124.670837, change=4.07e-06, α=0.000, ‖θ[1:]‖₁=13.675, h_range=[4.93e+00, 2.83e+01], num_knots=492
2025-09-06 12:59:59,487 - Iter 19400: obj=-1124.677976, change=4.07e-06, α=0.000, ‖θ[1:]‖₁=13.676, h_range=[4.93e+00, 2.83e+01], num_knots=492
2025-09-06 12:59:59,556 - Iter 19410: obj=-1124.685114, change=4.07e-06, α=0.000, ‖θ[1:]‖₁=13.676, h_range=[4.93e+00, 2.83e+01], num_knots=492
2025-09-06 12:59:59,624 - Iter 19420: obj=-1124.692251, change=4.07e-06, α=0.000, ‖θ[1:]‖₁=13.676, h_range=[4.93e+00, 2.83e+01], num_knots=492
2025-09-06 12:59:59,707 - Iter 19430: obj=-1124.699388, change=4.07e-06, α=0.000, ‖θ[1:]‖₁=13.676, h_range=[4.93e+00, 2.83e+01], num_knots=492
2025-09-06 12:59:59,790 - Iter 19440: obj=-1124.706524, change=4.06e-06, α=0.000, ‖θ[1:]‖₁=13.676, h_range=[4.93e+00, 2.83e+01], num_knots=492
2025-09-06 12:59:59,872 - Iter 19450: obj=-1124.713660, change=4.06e-06, α=0.000, ‖θ[1:]‖₁=13.676, h_range=[4.93e+00, 2.83e+01], num_knots=492
2025-09-06 12:59:59,964 - Iter 19460: obj=-1124.720796, change=4.06e-06, α=0.000, ‖θ[1:]‖₁=13.676, h_range=[4.93e+00, 2.83e+01], num_knots=492
2025-09-06 13:00:00,061 - Iter 19470: obj=-1124.727930, change=4.06e-06, α=0.000, ‖θ[1:]‖₁=13.676, h_range=[4.93e+00, 2.83e+01], num_knots=492
2025-09-06 13:00:00,150 - Iter 19480: obj=-1124.735064, change=4.06e-06, α=0.000, ‖θ[1:]‖₁=13.676, h_range=[4.93e+00, 2.83e+01], num_knots=492
2025-09-06 13:00:00,237 - Iter 19490: obj=-1124.742198, change=4.06e-06, α=0.000, ‖θ[1:]‖₁=13.676, h_range=[4.93e+00, 2.83e+01], num_knots=492
2025-09-06 13:00:00,325 - Iter 19500: obj=-1124.749331, change=4.06e-06, α=0.000, ‖θ[1:]‖₁=13.676, h_range=[4.93e+00, 2.83e+01], num_knots=492
2025-09-06 13:00:00,405 - Iter 19510: obj=-1124.756464, change=4.06e-06, α=0.000, ‖θ[1:]‖₁=13.676, h_range=[4.93e+00, 2.83e+01], num_knots=492
2025-09-06 13:00:00,495 - Iter 19520: obj=-1124.763596, change=4.06e-06, α=0.000, ‖θ[1:]‖₁=13.677, h_range=[4.93e+00, 2.83e+01], num_knots=492
2025-09-06 13:00:00,589 - Iter 19530: obj=-1124.770728, change=4.06e-06, α=0.000, ‖θ[1:]‖₁=13.677, h_range=[4.93e+00, 2.83e+01], num_knots=492
2025-09-06 13:00:00,680 - Iter 19540: obj=-1124.777859, change=4.06e-06, α=0.000, ‖θ[1:]‖₁=13.677, h_range=[4.93e+00, 2.83e+01], num_knots=492
2025-09-06 13:00:00,776 - Iter 19550: obj=-1124.784990, change=4.06e-06, α=0.000, ‖θ[1:]‖₁=13.677, h_range=[4.93e+00, 2.83e+01], num_knots=492
2025-09-06 13:00:00,861 - Iter 19560: obj=-1124.792120, change=4.06e-06, α=0.000, ‖θ[1:]‖₁=13.677, h_range=[4.93e+00, 2.83e+01], num_knots=492
2025-09-06 13:00:00,957 - Iter 19570: obj=-1124.799250, change=4.06e-06, α=0.000, ‖θ[1:]‖₁=13.677, h_range=[4.93e+00, 2.83e+01], num_knots=492
2025-09-06 13:00:01,058 - Iter 19580: obj=-1124.806380, change=4.06e-06, α=0.000, ‖θ[1:]‖₁=13.677, h_range=[4.93e+00, 2.83e+01], num_knots=492
2025-09-06 13:00:01,149 - Iter 19590: obj=-1124.813509, change=4.05e-06, α=0.000, ‖θ[1:]‖₁=13.677, h_range=[4.93e+00, 2.83e+01], num_knots=492
2025-09-06 13:00:01,252 - Iter 19600: obj=-1124.820637, change=4.05e-06, α=0.000, ‖θ[1:]‖₁=13.677, h_range=[4.93e+00, 2.83e+01], num_knots=492
2025-09-06 13:00:01,336 - Iter 19610: obj=-1124.827765, change=4.05e-06, α=0.000, ‖θ[1:]‖₁=13.677, h_range=[4.93e+00, 2.83e+01], num_knots=492
2025-09-06 13:00:01,422 - Iter 19620: obj=-1124.834893, change=4.05e-06, α=0.000, ‖θ[1:]‖₁=13.677, h_range=[4.93e+00, 2.83e+01], num_knots=492
2025-09-06 13:00:01,524 - Iter 19630: obj=-1124.842020, change=4.05e-06, α=0.000, ‖θ[1:]‖₁=13.677, h_range=[4.93e+00, 2.83e+01], num_knots=492
2025-09-06 13:00:01,601 - Iter 19640: obj=-1124.849147, change=4.05e-06, α=0.000, ‖θ[1:]‖₁=13.677, h_range=[4.93e+00, 2.83e+01], num_knots=492
2025-09-06 13:00:01,687 - Iter 19650: obj=-1124.856273, change=4.05e-06, α=0.000, ‖θ[1:]‖₁=13.677, h_range=[4.93e+00, 2.83e+01], num_knots=492
2025-09-06 13:00:01,770 - Iter 19660: obj=-1124.863399, change=4.05e-06, α=0.000, ‖θ[1:]‖₁=13.677, h_range=[4.93e+00, 2.83e+01], num_knots=492
2025-09-06 13:00:01,851 - Iter 19670: obj=-1124.870525, change=4.05e-06, α=0.000, ‖θ[1:]‖₁=13.677, h_range=[4.93e+00, 2.83e+01], num_knots=492
2025-09-06 13:00:01,968 - Iter 19680: obj=-1124.877650, change=4.05e-06, α=0.000, ‖θ[1:]‖₁=13.678, h_range=[4.93e+00, 2.83e+01], num_knots=492
2025-09-06 13:00:02,048 - Iter 19690: obj=-1124.884774, change=4.05e-06, α=0.000, ‖θ[1:]‖₁=13.678, h_range=[4.93e+00, 2.83e+01], num_knots=492
2025-09-06 13:00:02,142 - Iter 19700: obj=-1124.891899, change=4.05e-06, α=0.000, ‖θ[1:]‖₁=13.678, h_range=[4.93e+00, 2.83e+01], num_knots=492
2025-09-06 13:00:02,226 - Iter 19710: obj=-1124.899022, change=4.05e-06, α=0.000, ‖θ[1:]‖₁=13.678, h_range=[4.93e+00, 2.83e+01], num_knots=492
2025-09-06 13:00:02,305 - Iter 19720: obj=-1124.906144, change=4.05e-06, α=0.000, ‖θ[1:]‖₁=13.678, h_range=[4.93e+00, 2.83e+01], num_knots=491
2025-09-06 13:00:02,385 - Iter 19730: obj=-1124.913252, change=4.05e-06, α=0.000, ‖θ[1:]‖₁=13.678, h_range=[4.93e+00, 2.83e+01], num_knots=491
2025-09-06 13:00:02,480 - Iter 19740: obj=-1124.920360, change=4.05e-06, α=0.000, ‖θ[1:]‖₁=13.678, h_range=[4.93e+00, 2.83e+01], num_knots=491
2025-09-06 13:00:02,565 - Iter 19750: obj=-1124.927445, change=4.05e-06, α=0.000, ‖θ[1:]‖₁=13.678, h_range=[4.93e+00, 2.83e+01], num_knots=490
2025-09-06 13:00:02,667 - Iter 19760: obj=-1124.934508, change=4.05e-06, α=0.000, ‖θ[1:]‖₁=13.678, h_range=[4.93e+00, 2.83e+01], num_knots=489
2025-09-06 13:00:02,762 - Iter 19770: obj=-1124.941562, change=4.05e-06, α=0.000, ‖θ[1:]‖₁=13.678, h_range=[4.93e+00, 2.83e+01], num_knots=489
2025-09-06 13:00:02,840 - Iter 19780: obj=-1124.948615, change=4.05e-06, α=0.000, ‖θ[1:]‖₁=13.678, h_range=[4.93e+00, 2.83e+01], num_knots=489
2025-09-06 13:00:02,923 - Iter 19790: obj=-1124.955669, change=4.05e-06, α=0.000, ‖θ[1:]‖₁=13.678, h_range=[4.93e+00, 2.83e+01], num_knots=489
2025-09-06 13:00:03,006 - Iter 19800: obj=-1124.962721, change=4.05e-06, α=0.000, ‖θ[1:]‖₁=13.678, h_range=[4.93e+00, 2.83e+01], num_knots=489
2025-09-06 13:00:03,108 - Iter 19810: obj=-1124.969774, change=4.05e-06, α=0.000, ‖θ[1:]‖₁=13.678, h_range=[4.93e+00, 2.83e+01], num_knots=489
2025-09-06 13:00:03,192 - Iter 19820: obj=-1124.976826, change=4.05e-06, α=0.000, ‖θ[1:]‖₁=13.678, h_range=[4.93e+00, 2.83e+01], num_knots=489
2025-09-06 13:00:03,282 - Iter 19830: obj=-1124.983877, change=4.05e-06, α=0.000, ‖θ[1:]‖₁=13.678, h_range=[4.93e+00, 2.83e+01], num_knots=489
2025-09-06 13:00:03,380 - Iter 19840: obj=-1124.990928, change=4.05e-06, α=0.000, ‖θ[1:]‖₁=13.678, h_range=[4.93e+00, 2.83e+01], num_knots=489
2025-09-06 13:00:03,465 - Iter 19850: obj=-1124.997979, change=4.04e-06, α=0.000, ‖θ[1:]‖₁=13.678, h_range=[4.93e+00, 2.83e+01], num_knots=489
2025-09-06 13:00:03,547 - Iter 19860: obj=-1125.005029, change=4.04e-06, α=0.000, ‖θ[1:]‖₁=13.679, h_range=[4.93e+00, 2.83e+01], num_knots=489
2025-09-06 13:00:03,614 - Iter 19870: obj=-1125.012079, change=4.04e-06, α=0.000, ‖θ[1:]‖₁=13.679, h_range=[4.93e+00, 2.83e+01], num_knots=489
2025-09-06 13:00:03,723 - Iter 19880: obj=-1125.019128, change=4.04e-06, α=0.000, ‖θ[1:]‖₁=13.679, h_range=[4.93e+00, 2.83e+01], num_knots=489
2025-09-06 13:00:03,802 - Iter 19890: obj=-1125.026172, change=4.04e-06, α=0.000, ‖θ[1:]‖₁=13.679, h_range=[4.93e+00, 2.83e+01], num_knots=488
2025-09-06 13:00:03,882 - Iter 19900: obj=-1125.033179, change=4.04e-06, α=0.000, ‖θ[1:]‖₁=13.679, h_range=[4.93e+00, 2.83e+01], num_knots=487
2025-09-06 13:00:03,976 - Iter 19910: obj=-1125.040154, change=4.04e-06, α=0.000, ‖θ[1:]‖₁=13.679, h_range=[4.93e+00, 2.83e+01], num_knots=487
2025-09-06 13:00:04,063 - Iter 19920: obj=-1125.047127, change=4.04e-06, α=0.000, ‖θ[1:]‖₁=13.679, h_range=[4.93e+00, 2.83e+01], num_knots=487
2025-09-06 13:00:04,159 - Iter 19930: obj=-1125.054100, change=4.04e-06, α=0.000, ‖θ[1:]‖₁=13.679, h_range=[4.93e+00, 2.83e+01], num_knots=487
2025-09-06 13:00:04,240 - Iter 19940: obj=-1125.061072, change=4.04e-06, α=0.000, ‖θ[1:]‖₁=13.679, h_range=[4.93e+00, 2.83e+01], num_knots=487
2025-09-06 13:00:04,354 - Iter 19950: obj=-1125.068043, change=4.04e-06, α=0.000, ‖θ[1:]‖₁=13.679, h_range=[4.93e+00, 2.83e+01], num_knots=487
2025-09-06 13:00:04,447 - Iter 19960: obj=-1125.075014, change=4.04e-06, α=0.000, ‖θ[1:]‖₁=13.679, h_range=[4.93e+00, 2.83e+01], num_knots=487
2025-09-06 13:00:04,528 - Iter 19970: obj=-1125.081979, change=4.04e-06, α=0.000, ‖θ[1:]‖₁=13.679, h_range=[4.93e+00, 2.83e+01], num_knots=486
2025-09-06 13:00:04,603 - Iter 19980: obj=-1125.088899, change=4.04e-06, α=0.000, ‖θ[1:]‖₁=13.679, h_range=[4.93e+00, 2.83e+01], num_knots=486
2025-09-06 13:00:04,682 - Iter 19990: obj=-1125.095819, change=4.04e-06, α=0.000, ‖θ[1:]‖₁=13.679, h_range=[4.93e+00, 2.83e+01], num_knots=486
2025-09-06 13:00:04,757 - Iter 20000: obj=-1125.102738, change=4.04e-06, α=0.000, ‖θ[1:]‖₁=13.679, h_range=[4.93e+00, 2.83e+01], num_knots=486
2025-09-06 13:00:04,824 - Iter 20010: obj=-1125.109656, change=4.04e-06, α=0.000, ‖θ[1:]‖₁=13.680, h_range=[4.93e+00, 2.83e+01], num_knots=486
2025-09-06 13:00:04,916 - Iter 20020: obj=-1125.116574, change=4.04e-06, α=0.000, ‖θ[1:]‖₁=13.680, h_range=[4.93e+00, 2.83e+01], num_knots=486
2025-09-06 13:00:05,003 - Iter 20030: obj=-1125.123492, change=4.04e-06, α=0.000, ‖θ[1:]‖₁=13.680, h_range=[4.93e+00, 2.83e+01], num_knots=486
2025-09-06 13:00:05,083 - Iter 20040: obj=-1125.130409, change=4.04e-06, α=0.000, ‖θ[1:]‖₁=13.680, h_range=[4.93e+00, 2.83e+01], num_knots=486
2025-09-06 13:00:05,172 - Iter 20050: obj=-1125.137325, change=4.04e-06, α=0.000, ‖θ[1:]‖₁=13.680, h_range=[4.93e+00, 2.83e+01], num_knots=486
2025-09-06 13:00:05,259 - Iter 20060: obj=-1125.144241, change=4.04e-06, α=0.000, ‖θ[1:]‖₁=13.680, h_range=[4.93e+00, 2.83e+01], num_knots=486
2025-09-06 13:00:05,396 - Iter 20070: obj=-1125.151157, change=4.04e-06, α=0.000, ‖θ[1:]‖₁=13.680, h_range=[4.93e+00, 2.83e+01], num_knots=486
2025-09-06 13:00:05,483 - Iter 20080: obj=-1125.158072, change=4.04e-06, α=0.000, ‖θ[1:]‖₁=13.680, h_range=[4.93e+00, 2.83e+01], num_knots=486
2025-09-06 13:00:05,577 - Iter 20090: obj=-1125.164987, change=4.04e-06, α=0.000, ‖θ[1:]‖₁=13.680, h_range=[4.93e+00, 2.83e+01], num_knots=486
2025-09-06 13:00:05,649 - Iter 20100: obj=-1125.171901, change=4.04e-06, α=0.000, ‖θ[1:]‖₁=13.680, h_range=[4.93e+00, 2.83e+01], num_knots=486
2025-09-06 13:00:05,738 - Iter 20110: obj=-1125.178815, change=4.04e-06, α=0.000, ‖θ[1:]‖₁=13.680, h_range=[4.93e+00, 2.83e+01], num_knots=486
2025-09-06 13:00:05,822 - Iter 20120: obj=-1125.185728, change=4.04e-06, α=0.000, ‖θ[1:]‖₁=13.680, h_range=[4.93e+00, 2.83e+01], num_knots=486
2025-09-06 13:00:05,935 - Iter 20130: obj=-1125.192641, change=4.04e-06, α=0.000, ‖θ[1:]‖₁=13.680, h_range=[4.93e+00, 2.83e+01], num_knots=486
2025-09-06 13:00:06,010 - Iter 20140: obj=-1125.199554, change=4.04e-06, α=0.000, ‖θ[1:]‖₁=13.680, h_range=[4.93e+00, 2.83e+01], num_knots=486
2025-09-06 13:00:06,092 - Iter 20150: obj=-1125.206466, change=4.04e-06, α=0.000, ‖θ[1:]‖₁=13.680, h_range=[4.93e+00, 2.83e+01], num_knots=486
2025-09-06 13:00:06,175 - Iter 20160: obj=-1125.213377, change=4.04e-06, α=0.000, ‖θ[1:]‖₁=13.680, h_range=[4.93e+00, 2.83e+01], num_knots=486
2025-09-06 13:00:06,260 - Iter 20170: obj=-1125.220289, change=4.04e-06, α=0.000, ‖θ[1:]‖₁=13.680, h_range=[4.93e+00, 2.83e+01], num_knots=486
2025-09-06 13:00:06,343 - Iter 20180: obj=-1125.227200, change=4.04e-06, α=0.000, ‖θ[1:]‖₁=13.681, h_range=[4.93e+00, 2.83e+01], num_knots=486
2025-09-06 13:00:06,437 - Iter 20190: obj=-1125.234110, change=4.04e-06, α=0.000, ‖θ[1:]‖₁=13.681, h_range=[4.93e+00, 2.83e+01], num_knots=486
2025-09-06 13:00:06,538 - Iter 20200: obj=-1125.241020, change=4.04e-06, α=0.000, ‖θ[1:]‖₁=13.681, h_range=[4.93e+00, 2.83e+01], num_knots=486
2025-09-06 13:00:06,637 - Iter 20210: obj=-1125.247930, change=4.04e-06, α=0.000, ‖θ[1:]‖₁=13.681, h_range=[4.93e+00, 2.83e+01], num_knots=486
2025-09-06 13:00:06,731 - Iter 20220: obj=-1125.254839, change=4.04e-06, α=0.000, ‖θ[1:]‖₁=13.681, h_range=[4.93e+00, 2.83e+01], num_knots=486
2025-09-06 13:00:06,807 - Iter 20230: obj=-1125.261734, change=4.04e-06, α=0.000, ‖θ[1:]‖₁=13.681, h_range=[4.93e+00, 2.83e+01], num_knots=485
2025-09-06 13:00:06,892 - Iter 20240: obj=-1125.268573, change=4.04e-06, α=0.000, ‖θ[1:]‖₁=13.681, h_range=[4.93e+00, 2.83e+01], num_knots=484
2025-09-06 13:00:06,978 - Iter 20250: obj=-1125.275392, change=4.04e-06, α=0.000, ‖θ[1:]‖₁=13.681, h_range=[4.93e+00, 2.83e+01], num_knots=484
2025-09-06 13:00:07,068 - Iter 20260: obj=-1125.282207, change=4.03e-06, α=0.000, ‖θ[1:]‖₁=13.681, h_range=[4.93e+00, 2.83e+01], num_knots=483
2025-09-06 13:00:07,165 - Iter 20270: obj=-1125.289011, change=4.03e-06, α=0.000, ‖θ[1:]‖₁=13.681, h_range=[4.93e+00, 2.83e+01], num_knots=483
2025-09-06 13:00:07,243 - Iter 20280: obj=-1125.295814, change=4.03e-06, α=0.000, ‖θ[1:]‖₁=13.681, h_range=[4.93e+00, 2.83e+01], num_knots=483
2025-09-06 13:00:07,324 - Iter 20290: obj=-1125.302617, change=4.03e-06, α=0.000, ‖θ[1:]‖₁=13.681, h_range=[4.93e+00, 2.83e+01], num_knots=483
2025-09-06 13:00:07,406 - Iter 20300: obj=-1125.309419, change=4.03e-06, α=0.000, ‖θ[1:]‖₁=13.681, h_range=[4.93e+00, 2.83e+01], num_knots=483
2025-09-06 13:00:07,511 - Iter 20310: obj=-1125.316195, change=4.02e-06, α=0.000, ‖θ[1:]‖₁=13.681, h_range=[4.93e+00, 2.83e+01], num_knots=482
2025-09-06 13:00:07,600 - Iter 20320: obj=-1125.322912, change=4.02e-06, α=0.000, ‖θ[1:]‖₁=13.682, h_range=[4.93e+00, 2.83e+01], num_knots=482
2025-09-06 13:00:07,684 - Iter 20330: obj=-1125.329627, change=4.02e-06, α=0.000, ‖θ[1:]‖₁=13.682, h_range=[4.93e+00, 2.83e+01], num_knots=482
2025-09-06 13:00:07,781 - Iter 20340: obj=-1125.336342, change=4.01e-06, α=0.000, ‖θ[1:]‖₁=13.682, h_range=[4.93e+00, 2.83e+01], num_knots=482
2025-09-06 13:00:07,870 - Iter 20350: obj=-1125.343057, change=4.01e-06, α=0.000, ‖θ[1:]‖₁=13.682, h_range=[4.93e+00, 2.83e+01], num_knots=482
2025-09-06 13:00:07,976 - Iter 20360: obj=-1125.349770, change=4.01e-06, α=0.000, ‖θ[1:]‖₁=13.682, h_range=[4.93e+00, 2.83e+01], num_knots=482
2025-09-06 13:00:08,056 - Iter 20370: obj=-1125.356483, change=4.00e-06, α=0.000, ‖θ[1:]‖₁=13.682, h_range=[4.93e+00, 2.83e+01], num_knots=482
2025-09-06 13:00:08,137 - Iter 20380: obj=-1125.363163, change=4.00e-06, α=0.000, ‖θ[1:]‖₁=13.682, h_range=[4.93e+00, 2.83e+01], num_knots=481
2025-09-06 13:00:08,236 - Iter 20390: obj=-1125.369833, change=4.00e-06, α=0.000, ‖θ[1:]‖₁=13.682, h_range=[4.93e+00, 2.83e+01], num_knots=481
2025-09-06 13:00:08,309 - Iter 20400: obj=-1125.376503, change=3.99e-06, α=0.000, ‖θ[1:]‖₁=13.682, h_range=[4.93e+00, 2.83e+01], num_knots=481
2025-09-06 13:00:08,401 - Iter 20410: obj=-1125.383172, change=3.99e-06, α=0.000, ‖θ[1:]‖₁=13.682, h_range=[4.93e+00, 2.83e+01], num_knots=481
2025-09-06 13:00:08,482 - Iter 20420: obj=-1125.389840, change=3.99e-06, α=0.000, ‖θ[1:]‖₁=13.683, h_range=[4.93e+00, 2.83e+01], num_knots=481
2025-09-06 13:00:08,578 - Iter 20430: obj=-1125.396508, change=3.98e-06, α=0.000, ‖θ[1:]‖₁=13.683, h_range=[4.93e+00, 2.83e+01], num_knots=481
2025-09-06 13:00:08,645 - Iter 20440: obj=-1125.403175, change=3.98e-06, α=0.000, ‖θ[1:]‖₁=13.683, h_range=[4.93e+00, 2.83e+01], num_knots=481
2025-09-06 13:00:08,763 - Iter 20450: obj=-1125.409841, change=3.98e-06, α=0.000, ‖θ[1:]‖₁=13.683, h_range=[4.93e+00, 2.83e+01], num_knots=481
2025-09-06 13:00:08,845 - Iter 20460: obj=-1125.416507, change=3.98e-06, α=0.000, ‖θ[1:]‖₁=13.683, h_range=[4.93e+00, 2.83e+01], num_knots=481
2025-09-06 13:00:08,930 - Iter 20470: obj=-1125.423173, change=3.97e-06, α=0.000, ‖θ[1:]‖₁=13.683, h_range=[4.93e+00, 2.83e+01], num_knots=481
2025-09-06 13:00:09,015 - Iter 20480: obj=-1125.429837, change=3.97e-06, α=0.000, ‖θ[1:]‖₁=13.683, h_range=[4.93e+00, 2.83e+01], num_knots=481
2025-09-06 13:00:09,117 - Iter 20490: obj=-1125.436502, change=3.97e-06, α=0.000, ‖θ[1:]‖₁=13.683, h_range=[4.93e+00, 2.83e+01], num_knots=481
2025-09-06 13:00:09,215 - Iter 20500: obj=-1125.443166, change=3.97e-06, α=0.000, ‖θ[1:]‖₁=13.683, h_range=[4.93e+00, 2.83e+01], num_knots=481
2025-09-06 13:00:09,310 - Iter 20510: obj=-1125.449829, change=3.96e-06, α=0.000, ‖θ[1:]‖₁=13.683, h_range=[4.93e+00, 2.83e+01], num_knots=481
2025-09-06 13:00:09,401 - Iter 20520: obj=-1125.456492, change=3.96e-06, α=0.000, ‖θ[1:]‖₁=13.683, h_range=[4.93e+00, 2.83e+01], num_knots=481
2025-09-06 13:00:09,475 - Iter 20530: obj=-1125.463154, change=3.96e-06, α=0.000, ‖θ[1:]‖₁=13.683, h_range=[4.93e+00, 2.83e+01], num_knots=481
2025-09-06 13:00:09,555 - Iter 20540: obj=-1125.469814, change=3.96e-06, α=0.000, ‖θ[1:]‖₁=13.684, h_range=[4.93e+00, 2.83e+01], num_knots=480
2025-09-06 13:00:09,642 - Iter 20550: obj=-1125.476465, change=3.95e-06, α=0.000, ‖θ[1:]‖₁=13.684, h_range=[4.93e+00, 2.83e+01], num_knots=480
2025-09-06 13:00:09,731 - Iter 20560: obj=-1125.483115, change=3.95e-06, α=0.000, ‖θ[1:]‖₁=13.684, h_range=[4.93e+00, 2.83e+01], num_knots=480
2025-09-06 13:00:09,804 - Iter 20570: obj=-1125.489765, change=3.95e-06, α=0.000, ‖θ[1:]‖₁=13.684, h_range=[4.93e+00, 2.83e+01], num_knots=480
2025-09-06 13:00:09,902 - Iter 20580: obj=-1125.496414, change=3.95e-06, α=0.000, ‖θ[1:]‖₁=13.684, h_range=[4.93e+00, 2.83e+01], num_knots=480
2025-09-06 13:00:09,994 - Iter 20590: obj=-1125.503063, change=3.94e-06, α=0.000, ‖θ[1:]‖₁=13.684, h_range=[4.93e+00, 2.83e+01], num_knots=480
2025-09-06 13:00:10,094 - Iter 20600: obj=-1125.509711, change=3.94e-06, α=0.000, ‖θ[1:]‖₁=13.684, h_range=[4.93e+00, 2.83e+01], num_knots=480
2025-09-06 13:00:10,170 - Iter 20610: obj=-1125.516359, change=3.94e-06, α=0.000, ‖θ[1:]‖₁=13.684, h_range=[4.93e+00, 2.83e+01], num_knots=480
2025-09-06 13:00:10,251 - Iter 20620: obj=-1125.523007, change=3.94e-06, α=0.000, ‖θ[1:]‖₁=13.684, h_range=[4.93e+00, 2.83e+01], num_knots=480
2025-09-06 13:00:10,336 - Iter 20630: obj=-1125.529654, change=3.94e-06, α=0.000, ‖θ[1:]‖₁=13.684, h_range=[4.93e+00, 2.83e+01], num_knots=480
2025-09-06 13:00:10,422 - Iter 20640: obj=-1125.536300, change=3.93e-06, α=0.000, ‖θ[1:]‖₁=13.684, h_range=[4.93e+00, 2.83e+01], num_knots=480
2025-09-06 13:00:10,495 - Iter 20650: obj=-1125.542946, change=3.93e-06, α=0.000, ‖θ[1:]‖₁=13.684, h_range=[4.93e+00, 2.83e+01], num_knots=480
2025-09-06 13:00:10,592 - Iter 20660: obj=-1125.549592, change=3.93e-06, α=0.000, ‖θ[1:]‖₁=13.684, h_range=[4.93e+00, 2.83e+01], num_knots=480
2025-09-06 13:00:10,673 - Iter 20670: obj=-1125.556237, change=3.93e-06, α=0.000, ‖θ[1:]‖₁=13.684, h_range=[4.93e+00, 2.83e+01], num_knots=480
2025-09-06 13:00:10,780 - Iter 20680: obj=-1125.562882, change=3.93e-06, α=0.000, ‖θ[1:]‖₁=13.684, h_range=[4.93e+00, 2.83e+01], num_knots=480
2025-09-06 13:00:10,868 - Iter 20690: obj=-1125.569526, change=3.92e-06, α=0.000, ‖θ[1:]‖₁=13.685, h_range=[4.93e+00, 2.83e+01], num_knots=480
2025-09-06 13:00:10,971 - Iter 20700: obj=-1125.576170, change=3.92e-06, α=0.000, ‖θ[1:]‖₁=13.685, h_range=[4.93e+00, 2.83e+01], num_knots=480
2025-09-06 13:00:11,063 - Iter 20710: obj=-1125.582814, change=3.92e-06, α=0.000, ‖θ[1:]‖₁=13.685, h_range=[4.93e+00, 2.83e+01], num_knots=480
2025-09-06 13:00:11,149 - Iter 20720: obj=-1125.589457, change=3.92e-06, α=0.000, ‖θ[1:]‖₁=13.685, h_range=[4.93e+00, 2.83e+01], num_knots=480
2025-09-06 13:00:11,251 - Iter 20730: obj=-1125.596100, change=3.92e-06, α=0.000, ‖θ[1:]‖₁=13.685, h_range=[4.93e+00, 2.83e+01], num_knots=480
2025-09-06 13:00:11,325 - Iter 20740: obj=-1125.602742, change=3.92e-06, α=0.000, ‖θ[1:]‖₁=13.685, h_range=[4.93e+00, 2.83e+01], num_knots=480
2025-09-06 13:00:11,400 - Iter 20750: obj=-1125.609384, change=3.91e-06, α=0.000, ‖θ[1:]‖₁=13.685, h_range=[4.93e+00, 2.83e+01], num_knots=480
2025-09-06 13:00:11,481 - Iter 20760: obj=-1125.616025, change=3.91e-06, α=0.000, ‖θ[1:]‖₁=13.685, h_range=[4.93e+00, 2.83e+01], num_knots=480
2025-09-06 13:00:11,567 - Iter 20770: obj=-1125.622666, change=3.91e-06, α=0.000, ‖θ[1:]‖₁=13.685, h_range=[4.92e+00, 2.83e+01], num_knots=480
2025-09-06 13:00:11,642 - Iter 20780: obj=-1125.629307, change=3.91e-06, α=0.000, ‖θ[1:]‖₁=13.685, h_range=[4.92e+00, 2.83e+01], num_knots=480
2025-09-06 13:00:11,735 - Iter 20790: obj=-1125.635947, change=3.91e-06, α=0.000, ‖θ[1:]‖₁=13.685, h_range=[4.92e+00, 2.83e+01], num_knots=480
2025-09-06 13:00:11,810 - Iter 20800: obj=-1125.642587, change=3.91e-06, α=0.000, ‖θ[1:]‖₁=13.685, h_range=[4.92e+00, 2.83e+01], num_knots=480
2025-09-06 13:00:11,908 - Iter 20810: obj=-1125.649227, change=3.90e-06, α=0.000, ‖θ[1:]‖₁=13.685, h_range=[4.92e+00, 2.83e+01], num_knots=480
2025-09-06 13:00:12,019 - Iter 20820: obj=-1125.655866, change=3.90e-06, α=0.000, ‖θ[1:]‖₁=13.685, h_range=[4.92e+00, 2.83e+01], num_knots=480
2025-09-06 13:00:12,112 - Iter 20830: obj=-1125.662505, change=3.90e-06, α=0.000, ‖θ[1:]‖₁=13.685, h_range=[4.92e+00, 2.83e+01], num_knots=480
2025-09-06 13:00:12,192 - Iter 20840: obj=-1125.669143, change=3.90e-06, α=0.000, ‖θ[1:]‖₁=13.685, h_range=[4.92e+00, 2.83e+01], num_knots=480
2025-09-06 13:00:12,283 - Iter 20850: obj=-1125.675781, change=3.90e-06, α=0.000, ‖θ[1:]‖₁=13.685, h_range=[4.92e+00, 2.83e+01], num_knots=480
2025-09-06 13:00:12,367 - Iter 20860: obj=-1125.682418, change=3.90e-06, α=0.000, ‖θ[1:]‖₁=13.685, h_range=[4.92e+00, 2.83e+01], num_knots=480
2025-09-06 13:00:12,466 - Iter 20870: obj=-1125.689056, change=3.89e-06, α=0.000, ‖θ[1:]‖₁=13.685, h_range=[4.92e+00, 2.83e+01], num_knots=480
2025-09-06 13:00:12,554 - Iter 20880: obj=-1125.695692, change=3.89e-06, α=0.000, ‖θ[1:]‖₁=13.685, h_range=[4.92e+00, 2.83e+01], num_knots=480
2025-09-06 13:00:12,657 - Iter 20890: obj=-1125.702329, change=3.89e-06, α=0.000, ‖θ[1:]‖₁=13.685, h_range=[4.92e+00, 2.83e+01], num_knots=480
2025-09-06 13:00:12,735 - Iter 20900: obj=-1125.708965, change=3.89e-06, α=0.000, ‖θ[1:]‖₁=13.686, h_range=[4.92e+00, 2.83e+01], num_knots=480
2025-09-06 13:00:12,824 - Iter 20910: obj=-1125.715601, change=3.89e-06, α=0.000, ‖θ[1:]‖₁=13.686, h_range=[4.92e+00, 2.83e+01], num_knots=480
2025-09-06 13:00:12,903 - Iter 20920: obj=-1125.722236, change=3.89e-06, α=0.000, ‖θ[1:]‖₁=13.686, h_range=[4.92e+00, 2.83e+01], num_knots=480
2025-09-06 13:00:12,984 - Iter 20930: obj=-1125.728871, change=3.89e-06, α=0.000, ‖θ[1:]‖₁=13.686, h_range=[4.92e+00, 2.83e+01], num_knots=480
2025-09-06 13:00:13,067 - Iter 20940: obj=-1125.735506, change=3.89e-06, α=0.000, ‖θ[1:]‖₁=13.686, h_range=[4.92e+00, 2.83e+01], num_knots=480
2025-09-06 13:00:13,163 - Iter 20950: obj=-1125.742140, change=3.88e-06, α=0.000, ‖θ[1:]‖₁=13.686, h_range=[4.92e+00, 2.83e+01], num_knots=480
2025-09-06 13:00:13,259 - Iter 20960: obj=-1125.748774, change=3.88e-06, α=0.000, ‖θ[1:]‖₁=13.686, h_range=[4.92e+00, 2.83e+01], num_knots=480
2025-09-06 13:00:13,355 - Iter 20970: obj=-1125.755408, change=3.88e-06, α=0.000, ‖θ[1:]‖₁=13.686, h_range=[4.92e+00, 2.83e+01], num_knots=480
2025-09-06 13:00:13,437 - Iter 20980: obj=-1125.762041, change=3.88e-06, α=0.000, ‖θ[1:]‖₁=13.686, h_range=[4.92e+00, 2.83e+01], num_knots=480
2025-09-06 13:00:13,528 - Iter 20990: obj=-1125.768670, change=3.88e-06, α=0.000, ‖θ[1:]‖₁=13.686, h_range=[4.92e+00, 2.83e+01], num_knots=479
2025-09-06 13:00:13,620 - Iter 21000: obj=-1125.775297, change=3.88e-06, α=0.000, ‖θ[1:]‖₁=13.686, h_range=[4.92e+00, 2.83e+01], num_knots=479
2025-09-06 13:00:13,763 - Iter 21010: obj=-1125.781923, change=3.88e-06, α=0.000, ‖θ[1:]‖₁=13.686, h_range=[4.92e+00, 2.83e+01], num_knots=479
2025-09-06 13:00:13,841 - Iter 21020: obj=-1125.788550, change=3.88e-06, α=0.000, ‖θ[1:]‖₁=13.686, h_range=[4.92e+00, 2.83e+01], num_knots=479
2025-09-06 13:00:13,944 - Iter 21030: obj=-1125.795175, change=3.87e-06, α=0.000, ‖θ[1:]‖₁=13.686, h_range=[4.92e+00, 2.83e+01], num_knots=479
2025-09-06 13:00:14,052 - Iter 21040: obj=-1125.801801, change=3.87e-06, α=0.000, ‖θ[1:]‖₁=13.686, h_range=[4.92e+00, 2.83e+01], num_knots=479
2025-09-06 13:00:14,151 - Iter 21050: obj=-1125.808426, change=3.87e-06, α=0.000, ‖θ[1:]‖₁=13.686, h_range=[4.92e+00, 2.83e+01], num_knots=479
2025-09-06 13:00:14,293 - Iter 21060: obj=-1125.815051, change=3.87e-06, α=0.000, ‖θ[1:]‖₁=13.686, h_range=[4.92e+00, 2.83e+01], num_knots=479
2025-09-06 13:00:14,420 - Iter 21070: obj=-1125.821669, change=3.87e-06, α=0.000, ‖θ[1:]‖₁=13.686, h_range=[4.92e+00, 2.83e+01], num_knots=478
2025-09-06 13:00:14,499 - Iter 21080: obj=-1125.828248, change=3.87e-06, α=0.000, ‖θ[1:]‖₁=13.686, h_range=[4.92e+00, 2.83e+01], num_knots=478
2025-09-06 13:00:14,590 - Iter 21090: obj=-1125.834827, change=3.87e-06, α=0.000, ‖θ[1:]‖₁=13.686, h_range=[4.92e+00, 2.83e+01], num_knots=478
2025-09-06 13:00:14,676 - Iter 21100: obj=-1125.841405, change=3.87e-06, α=0.000, ‖θ[1:]‖₁=13.686, h_range=[4.92e+00, 2.83e+01], num_knots=478
2025-09-06 13:00:14,762 - Iter 21110: obj=-1125.847983, change=3.87e-06, α=0.000, ‖θ[1:]‖₁=13.686, h_range=[4.92e+00, 2.83e+01], num_knots=478
2025-09-06 13:00:14,847 - Iter 21120: obj=-1125.854561, change=3.87e-06, α=0.000, ‖θ[1:]‖₁=13.686, h_range=[4.92e+00, 2.83e+01], num_knots=478
2025-09-06 13:00:14,943 - Iter 21130: obj=-1125.861138, change=3.86e-06, α=0.000, ‖θ[1:]‖₁=13.686, h_range=[4.92e+00, 2.83e+01], num_knots=478
2025-09-06 13:00:15,013 - Iter 21140: obj=-1125.867715, change=3.86e-06, α=0.000, ‖θ[1:]‖₁=13.686, h_range=[4.92e+00, 2.83e+01], num_knots=478
2025-09-06 13:00:15,097 - Iter 21150: obj=-1125.874292, change=3.86e-06, α=0.000, ‖θ[1:]‖₁=13.686, h_range=[4.92e+00, 2.83e+01], num_knots=478
2025-09-06 13:00:15,194 - Iter 21160: obj=-1125.880868, change=3.86e-06, α=0.000, ‖θ[1:]‖₁=13.687, h_range=[4.92e+00, 2.83e+01], num_knots=478
2025-09-06 13:00:15,283 - Iter 21170: obj=-1125.887444, change=3.86e-06, α=0.000, ‖θ[1:]‖₁=13.687, h_range=[4.92e+00, 2.83e+01], num_knots=478
2025-09-06 13:00:15,357 - Iter 21180: obj=-1125.894019, change=3.86e-06, α=0.000, ‖θ[1:]‖₁=13.687, h_range=[4.92e+00, 2.83e+01], num_knots=478
2025-09-06 13:00:15,436 - Iter 21190: obj=-1125.900595, change=3.86e-06, α=0.000, ‖θ[1:]‖₁=13.687, h_range=[4.92e+00, 2.83e+01], num_knots=478
2025-09-06 13:00:15,518 - Iter 21200: obj=-1125.907169, change=3.86e-06, α=0.000, ‖θ[1:]‖₁=13.687, h_range=[4.92e+00, 2.83e+01], num_knots=478
2025-09-06 13:00:15,667 - Iter 21210: obj=-1125.913744, change=3.86e-06, α=0.000, ‖θ[1:]‖₁=13.687, h_range=[4.92e+00, 2.83e+01], num_knots=478
2025-09-06 13:00:15,743 - Iter 21220: obj=-1125.920318, change=3.85e-06, α=0.000, ‖θ[1:]‖₁=13.687, h_range=[4.92e+00, 2.83e+01], num_knots=478
2025-09-06 13:00:15,842 - Iter 21230: obj=-1125.926892, change=3.85e-06, α=0.000, ‖θ[1:]‖₁=13.687, h_range=[4.92e+00, 2.83e+01], num_knots=478
2025-09-06 13:00:15,927 - Iter 21240: obj=-1125.933465, change=3.85e-06, α=0.000, ‖θ[1:]‖₁=13.687, h_range=[4.92e+00, 2.83e+01], num_knots=478
2025-09-06 13:00:16,023 - Iter 21250: obj=-1125.940038, change=3.85e-06, α=0.000, ‖θ[1:]‖₁=13.687, h_range=[4.92e+00, 2.83e+01], num_knots=478
2025-09-06 13:00:16,110 - Iter 21260: obj=-1125.946611, change=3.85e-06, α=0.000, ‖θ[1:]‖₁=13.687, h_range=[4.92e+00, 2.83e+01], num_knots=478
2025-09-06 13:00:16,212 - Iter 21270: obj=-1125.953184, change=3.85e-06, α=0.000, ‖θ[1:]‖₁=13.687, h_range=[4.92e+00, 2.83e+01], num_knots=478
2025-09-06 13:00:16,300 - Iter 21280: obj=-1125.959756, change=3.85e-06, α=0.000, ‖θ[1:]‖₁=13.687, h_range=[4.92e+00, 2.83e+01], num_knots=478
2025-09-06 13:00:16,392 - Iter 21290: obj=-1125.966314, change=3.85e-06, α=0.000, ‖θ[1:]‖₁=13.687, h_range=[4.92e+00, 2.83e+01], num_knots=477
2025-09-06 13:00:16,472 - Iter 21300: obj=-1125.972866, change=3.85e-06, α=0.000, ‖θ[1:]‖₁=13.687, h_range=[4.92e+00, 2.83e+01], num_knots=477
2025-09-06 13:00:16,560 - Iter 21310: obj=-1125.979405, change=3.85e-06, α=0.000, ‖θ[1:]‖₁=13.687, h_range=[4.92e+00, 2.83e+01], num_knots=476
2025-09-06 13:00:16,654 - Iter 21320: obj=-1125.985930, change=3.84e-06, α=0.000, ‖θ[1:]‖₁=13.687, h_range=[4.92e+00, 2.83e+01], num_knots=476
2025-09-06 13:00:16,735 - Iter 21330: obj=-1125.992454, change=3.84e-06, α=0.000, ‖θ[1:]‖₁=13.687, h_range=[4.92e+00, 2.83e+01], num_knots=476
2025-09-06 13:00:16,824 - Iter 21340: obj=-1125.998978, change=3.84e-06, α=0.000, ‖θ[1:]‖₁=13.687, h_range=[4.92e+00, 2.83e+01], num_knots=476
2025-09-06 13:00:16,904 - Iter 21350: obj=-1126.005501, change=3.84e-06, α=0.000, ‖θ[1:]‖₁=13.687, h_range=[4.92e+00, 2.83e+01], num_knots=476
2025-09-06 13:00:16,987 - Iter 21360: obj=-1126.012024, change=3.84e-06, α=0.000, ‖θ[1:]‖₁=13.687, h_range=[4.92e+00, 2.83e+01], num_knots=476
2025-09-06 13:00:17,076 - Iter 21370: obj=-1126.018531, change=3.83e-06, α=0.000, ‖θ[1:]‖₁=13.687, h_range=[4.92e+00, 2.83e+01], num_knots=475
2025-09-06 13:00:17,152 - Iter 21380: obj=-1126.025008, change=3.83e-06, α=0.000, ‖θ[1:]‖₁=13.687, h_range=[4.92e+00, 2.83e+01], num_knots=475
2025-09-06 13:00:17,267 - Iter 21390: obj=-1126.031475, change=3.83e-06, α=0.000, ‖θ[1:]‖₁=13.688, h_range=[4.92e+00, 2.83e+01], num_knots=474
2025-09-06 13:00:17,362 - Iter 21400: obj=-1126.037916, change=3.83e-06, α=0.000, ‖θ[1:]‖₁=13.688, h_range=[4.92e+00, 2.83e+01], num_knots=474
2025-09-06 13:00:17,443 - Iter 21410: obj=-1126.044356, change=3.83e-06, α=0.000, ‖θ[1:]‖₁=13.688, h_range=[4.92e+00, 2.83e+01], num_knots=474
2025-09-06 13:00:17,526 - Iter 21420: obj=-1126.050794, change=3.83e-06, α=0.000, ‖θ[1:]‖₁=13.688, h_range=[4.92e+00, 2.83e+01], num_knots=473
2025-09-06 13:00:17,597 - Iter 21430: obj=-1126.057215, change=3.83e-06, α=0.000, ‖θ[1:]‖₁=13.688, h_range=[4.92e+00, 2.83e+01], num_knots=473
2025-09-06 13:00:17,676 - Iter 21440: obj=-1126.063636, change=3.82e-06, α=0.000, ‖θ[1:]‖₁=13.688, h_range=[4.92e+00, 2.83e+01], num_knots=473
2025-09-06 13:00:17,758 - Iter 21450: obj=-1126.070057, change=3.82e-06, α=0.000, ‖θ[1:]‖₁=13.688, h_range=[4.92e+00, 2.83e+01], num_knots=473
2025-09-06 13:00:17,836 - Iter 21460: obj=-1126.076477, change=3.82e-06, α=0.000, ‖θ[1:]‖₁=13.688, h_range=[4.92e+00, 2.83e+01], num_knots=473
2025-09-06 13:00:17,912 - Iter 21470: obj=-1126.082896, change=3.82e-06, α=0.000, ‖θ[1:]‖₁=13.688, h_range=[4.92e+00, 2.83e+01], num_knots=473
2025-09-06 13:00:17,985 - Iter 21480: obj=-1126.089316, change=3.82e-06, α=0.000, ‖θ[1:]‖₁=13.688, h_range=[4.92e+00, 2.83e+01], num_knots=473
2025-09-06 13:00:18,063 - Iter 21490: obj=-1126.095734, change=3.82e-06, α=0.000, ‖θ[1:]‖₁=13.688, h_range=[4.92e+00, 2.83e+01], num_knots=473
2025-09-06 13:00:18,154 - Iter 21500: obj=-1126.102153, change=3.82e-06, α=0.000, ‖θ[1:]‖₁=13.688, h_range=[4.92e+00, 2.83e+01], num_knots=473
2025-09-06 13:00:18,229 - Iter 21510: obj=-1126.108571, change=3.82e-06, α=0.000, ‖θ[1:]‖₁=13.688, h_range=[4.92e+00, 2.83e+01], num_knots=473
2025-09-06 13:00:18,307 - Iter 21520: obj=-1126.114989, change=3.81e-06, α=0.000, ‖θ[1:]‖₁=13.688, h_range=[4.92e+00, 2.83e+01], num_knots=473
2025-09-06 13:00:18,388 - Iter 21530: obj=-1126.121376, change=3.81e-06, α=0.000, ‖θ[1:]‖₁=13.689, h_range=[4.92e+00, 2.83e+01], num_knots=472
2025-09-06 13:00:18,494 - Iter 21540: obj=-1126.127753, change=3.81e-06, α=0.000, ‖θ[1:]‖₁=13.689, h_range=[4.92e+00, 2.83e+01], num_knots=472
2025-09-06 13:00:18,571 - Iter 21550: obj=-1126.134128, change=3.81e-06, α=0.000, ‖θ[1:]‖₁=13.689, h_range=[4.92e+00, 2.83e+01], num_knots=472
2025-09-06 13:00:18,661 - Iter 21560: obj=-1126.140504, change=3.81e-06, α=0.000, ‖θ[1:]‖₁=13.689, h_range=[4.92e+00, 2.83e+01], num_knots=472
2025-09-06 13:00:18,746 - Iter 21570: obj=-1126.146879, change=3.81e-06, α=0.000, ‖θ[1:]‖₁=13.689, h_range=[4.92e+00, 2.83e+01], num_knots=472
2025-09-06 13:00:18,832 - Iter 21580: obj=-1126.153253, change=3.81e-06, α=0.000, ‖θ[1:]‖₁=13.689, h_range=[4.92e+00, 2.83e+01], num_knots=472
2025-09-06 13:00:18,917 - Iter 21590: obj=-1126.159627, change=3.81e-06, α=0.000, ‖θ[1:]‖₁=13.689, h_range=[4.92e+00, 2.83e+01], num_knots=472
2025-09-06 13:00:19,004 - Iter 21600: obj=-1126.166001, change=3.81e-06, α=0.000, ‖θ[1:]‖₁=13.689, h_range=[4.92e+00, 2.83e+01], num_knots=472
2025-09-06 13:00:19,098 - Iter 21610: obj=-1126.172374, change=3.81e-06, α=0.000, ‖θ[1:]‖₁=13.689, h_range=[4.92e+00, 2.83e+01], num_knots=472
2025-09-06 13:00:19,181 - Iter 21620: obj=-1126.178711, change=3.80e-06, α=0.000, ‖θ[1:]‖₁=13.689, h_range=[4.92e+00, 2.83e+01], num_knots=471
2025-09-06 13:00:19,264 - Iter 21630: obj=-1126.185043, change=3.80e-06, α=0.000, ‖θ[1:]‖₁=13.689, h_range=[4.92e+00, 2.83e+01], num_knots=471
2025-09-06 13:00:19,379 - Iter 21640: obj=-1126.191375, change=3.80e-06, α=0.000, ‖θ[1:]‖₁=13.689, h_range=[4.92e+00, 2.83e+01], num_knots=471
2025-09-06 13:00:19,459 - Iter 21650: obj=-1126.197706, change=3.80e-06, α=0.000, ‖θ[1:]‖₁=13.689, h_range=[4.92e+00, 2.83e+01], num_knots=471
2025-09-06 13:00:19,545 - Iter 21660: obj=-1126.204037, change=3.80e-06, α=0.000, ‖θ[1:]‖₁=13.689, h_range=[4.92e+00, 2.83e+01], num_knots=471
2025-09-06 13:00:19,638 - Iter 21670: obj=-1126.210367, change=3.80e-06, α=0.000, ‖θ[1:]‖₁=13.689, h_range=[4.92e+00, 2.83e+01], num_knots=471
2025-09-06 13:00:19,761 - Iter 21680: obj=-1126.216678, change=3.80e-06, α=0.000, ‖θ[1:]‖₁=13.690, h_range=[4.92e+00, 2.83e+01], num_knots=470
2025-09-06 13:00:19,847 - Iter 21690: obj=-1126.222980, change=3.80e-06, α=0.000, ‖θ[1:]‖₁=13.690, h_range=[4.92e+00, 2.83e+01], num_knots=470
2025-09-06 13:00:19,927 - Iter 21700: obj=-1126.229281, change=3.80e-06, α=0.000, ‖θ[1:]‖₁=13.690, h_range=[4.92e+00, 2.83e+01], num_knots=470
2025-09-06 13:00:20,030 - Iter 21710: obj=-1126.235581, change=3.79e-06, α=0.000, ‖θ[1:]‖₁=13.690, h_range=[4.92e+00, 2.83e+01], num_knots=470
2025-09-06 13:00:20,114 - Iter 21720: obj=-1126.241868, change=3.79e-06, α=0.000, ‖θ[1:]‖₁=13.690, h_range=[4.92e+00, 2.83e+01], num_knots=469
2025-09-06 13:00:20,188 - Iter 21730: obj=-1126.248153, change=3.79e-06, α=0.000, ‖θ[1:]‖₁=13.690, h_range=[4.92e+00, 2.83e+01], num_knots=469
2025-09-06 13:00:20,266 - Iter 21740: obj=-1126.254438, change=3.79e-06, α=0.000, ‖θ[1:]‖₁=13.690, h_range=[4.92e+00, 2.83e+01], num_knots=469
2025-09-06 13:00:20,358 - Iter 21750: obj=-1126.260722, change=3.79e-06, α=0.000, ‖θ[1:]‖₁=13.690, h_range=[4.92e+00, 2.83e+01], num_knots=469
2025-09-06 13:00:20,443 - Iter 21760: obj=-1126.267006, change=3.79e-06, α=0.000, ‖θ[1:]‖₁=13.690, h_range=[4.92e+00, 2.83e+01], num_knots=469
2025-09-06 13:00:20,518 - Iter 21770: obj=-1126.273289, change=3.78e-06, α=0.000, ‖θ[1:]‖₁=13.690, h_range=[4.92e+00, 2.83e+01], num_knots=469
2025-09-06 13:00:20,604 - Iter 21780: obj=-1126.279572, change=3.78e-06, α=0.000, ‖θ[1:]‖₁=13.690, h_range=[4.92e+00, 2.83e+01], num_knots=469
2025-09-06 13:00:20,694 - Iter 21790: obj=-1126.285854, change=3.78e-06, α=0.000, ‖θ[1:]‖₁=13.690, h_range=[4.92e+00, 2.83e+01], num_knots=469
2025-09-06 13:00:20,799 - Iter 21800: obj=-1126.292136, change=3.78e-06, α=0.000, ‖θ[1:]‖₁=13.690, h_range=[4.92e+00, 2.83e+01], num_knots=469
2025-09-06 13:00:20,887 - Iter 21810: obj=-1126.298418, change=3.78e-06, α=0.000, ‖θ[1:]‖₁=13.691, h_range=[4.92e+00, 2.83e+01], num_knots=469
2025-09-06 13:00:20,981 - Iter 21820: obj=-1126.304699, change=3.78e-06, α=0.000, ‖θ[1:]‖₁=13.691, h_range=[4.92e+00, 2.83e+01], num_knots=469
2025-09-06 13:00:21,054 - Iter 21830: obj=-1126.310980, change=3.78e-06, α=0.000, ‖θ[1:]‖₁=13.691, h_range=[4.92e+00, 2.83e+01], num_knots=469
2025-09-06 13:00:21,133 - Iter 21840: obj=-1126.317261, change=3.78e-06, α=0.000, ‖θ[1:]‖₁=13.691, h_range=[4.92e+00, 2.83e+01], num_knots=469
2025-09-06 13:00:21,222 - Iter 21850: obj=-1126.323541, change=3.77e-06, α=0.000, ‖θ[1:]‖₁=13.691, h_range=[4.92e+00, 2.83e+01], num_knots=469
2025-09-06 13:00:21,303 - Iter 21860: obj=-1126.329821, change=3.77e-06, α=0.000, ‖θ[1:]‖₁=13.691, h_range=[4.92e+00, 2.83e+01], num_knots=469
2025-09-06 13:00:21,373 - Iter 21870: obj=-1126.336100, change=3.77e-06, α=0.000, ‖θ[1:]‖₁=13.691, h_range=[4.92e+00, 2.83e+01], num_knots=469
2025-09-06 13:00:21,465 - Iter 21880: obj=-1126.342379, change=3.77e-06, α=0.000, ‖θ[1:]‖₁=13.691, h_range=[4.92e+00, 2.83e+01], num_knots=469
2025-09-06 13:00:21,579 - Iter 21890: obj=-1126.348658, change=3.77e-06, α=0.000, ‖θ[1:]‖₁=13.691, h_range=[4.92e+00, 2.83e+01], num_knots=469
2025-09-06 13:00:21,665 - Iter 21900: obj=-1126.354937, change=3.77e-06, α=0.000, ‖θ[1:]‖₁=13.691, h_range=[4.92e+00, 2.83e+01], num_knots=469
2025-09-06 13:00:21,748 - Iter 21910: obj=-1126.361215, change=3.77e-06, α=0.000, ‖θ[1:]‖₁=13.691, h_range=[4.92e+00, 2.83e+01], num_knots=469
2025-09-06 13:00:21,830 - Iter 21920: obj=-1126.367492, change=3.77e-06, α=0.000, ‖θ[1:]‖₁=13.691, h_range=[4.92e+00, 2.83e+01], num_knots=469
2025-09-06 13:00:21,914 - Iter 21930: obj=-1126.373770, change=3.77e-06, α=0.000, ‖θ[1:]‖₁=13.691, h_range=[4.92e+00, 2.83e+01], num_knots=469
2025-09-06 13:00:21,989 - Iter 21940: obj=-1126.380047, change=3.76e-06, α=0.000, ‖θ[1:]‖₁=13.691, h_range=[4.92e+00, 2.83e+01], num_knots=469
2025-09-06 13:00:22,068 - Iter 21950: obj=-1126.386323, change=3.76e-06, α=0.000, ‖θ[1:]‖₁=13.691, h_range=[4.92e+00, 2.83e+01], num_knots=469
2025-09-06 13:00:22,153 - Iter 21960: obj=-1126.392600, change=3.76e-06, α=0.000, ‖θ[1:]‖₁=13.691, h_range=[4.92e+00, 2.83e+01], num_knots=469
2025-09-06 13:00:22,233 - Iter 21970: obj=-1126.398876, change=3.76e-06, α=0.000, ‖θ[1:]‖₁=13.691, h_range=[4.92e+00, 2.83e+01], num_knots=469
2025-09-06 13:00:22,310 - Iter 21980: obj=-1126.405151, change=3.76e-06, α=0.000, ‖θ[1:]‖₁=13.691, h_range=[4.92e+00, 2.83e+01], num_knots=469
2025-09-06 13:00:22,394 - Iter 21990: obj=-1126.411427, change=3.76e-06, α=0.000, ‖θ[1:]‖₁=13.692, h_range=[4.92e+00, 2.83e+01], num_knots=469
2025-09-06 13:00:22,485 - Iter 22000: obj=-1126.417702, change=3.76e-06, α=0.000, ‖θ[1:]‖₁=13.692, h_range=[4.92e+00, 2.83e+01], num_knots=469
2025-09-06 13:00:22,582 - Iter 22010: obj=-1126.423976, change=3.76e-06, α=0.000, ‖θ[1:]‖₁=13.692, h_range=[4.92e+00, 2.83e+01], num_knots=469
2025-09-06 13:00:22,703 - Iter 22020: obj=-1126.430251, change=3.76e-06, α=0.000, ‖θ[1:]‖₁=13.692, h_range=[4.92e+00, 2.83e+01], num_knots=469
2025-09-06 13:00:22,790 - Iter 22030: obj=-1126.436525, change=3.76e-06, α=0.000, ‖θ[1:]‖₁=13.692, h_range=[4.92e+00, 2.83e+01], num_knots=469
2025-09-06 13:00:22,871 - Iter 22040: obj=-1126.442799, change=3.76e-06, α=0.000, ‖θ[1:]‖₁=13.692, h_range=[4.92e+00, 2.83e+01], num_knots=469
2025-09-06 13:00:22,952 - Iter 22050: obj=-1126.449072, change=3.76e-06, α=0.000, ‖θ[1:]‖₁=13.692, h_range=[4.92e+00, 2.83e+01], num_knots=469
2025-09-06 13:00:23,030 - Iter 22060: obj=-1126.455345, change=3.75e-06, α=0.000, ‖θ[1:]‖₁=13.692, h_range=[4.92e+00, 2.83e+01], num_knots=469
2025-09-06 13:00:23,151 - Iter 22070: obj=-1126.461618, change=3.75e-06, α=0.000, ‖θ[1:]‖₁=13.692, h_range=[4.92e+00, 2.83e+01], num_knots=469
2025-09-06 13:00:23,247 - Iter 22080: obj=-1126.467891, change=3.75e-06, α=0.000, ‖θ[1:]‖₁=13.692, h_range=[4.92e+00, 2.83e+01], num_knots=469
2025-09-06 13:00:23,330 - Iter 22090: obj=-1126.474163, change=3.75e-06, α=0.000, ‖θ[1:]‖₁=13.692, h_range=[4.92e+00, 2.83e+01], num_knots=469
2025-09-06 13:00:23,407 - Iter 22100: obj=-1126.480435, change=3.75e-06, α=0.000, ‖θ[1:]‖₁=13.692, h_range=[4.92e+00, 2.83e+01], num_knots=469
2025-09-06 13:00:23,493 - Iter 22110: obj=-1126.486706, change=3.75e-06, α=0.000, ‖θ[1:]‖₁=13.692, h_range=[4.92e+00, 2.83e+01], num_knots=469
2025-09-06 13:00:23,569 - Iter 22120: obj=-1126.492978, change=3.75e-06, α=0.000, ‖θ[1:]‖₁=13.692, h_range=[4.92e+00, 2.83e+01], num_knots=469
2025-09-06 13:00:23,641 - Iter 22130: obj=-1126.499249, change=3.75e-06, α=0.000, ‖θ[1:]‖₁=13.692, h_range=[4.92e+00, 2.83e+01], num_knots=468
2025-09-06 13:00:23,722 - Iter 22140: obj=-1126.505474, change=3.75e-06, α=0.000, ‖θ[1:]‖₁=13.692, h_range=[4.92e+00, 2.83e+01], num_knots=468
2025-09-06 13:00:23,805 - Iter 22150: obj=-1126.511695, change=3.75e-06, α=0.000, ‖θ[1:]‖₁=13.692, h_range=[4.92e+00, 2.83e+01], num_knots=468
2025-09-06 13:00:23,885 - Iter 22160: obj=-1126.517917, change=3.75e-06, α=0.000, ‖θ[1:]‖₁=13.692, h_range=[4.92e+00, 2.83e+01], num_knots=468
2025-09-06 13:00:23,967 - Iter 22170: obj=-1126.524138, change=3.75e-06, α=0.000, ‖θ[1:]‖₁=13.692, h_range=[4.92e+00, 2.83e+01], num_knots=468
2025-09-06 13:00:24,049 - Iter 22180: obj=-1126.530358, change=3.75e-06, α=0.000, ‖θ[1:]‖₁=13.692, h_range=[4.92e+00, 2.83e+01], num_knots=468
2025-09-06 13:00:24,143 - Iter 22190: obj=-1126.536579, change=3.75e-06, α=0.000, ‖θ[1:]‖₁=13.692, h_range=[4.92e+00, 2.83e+01], num_knots=468
2025-09-06 13:00:24,232 - Iter 22200: obj=-1126.542798, change=3.75e-06, α=0.000, ‖θ[1:]‖₁=13.692, h_range=[4.92e+00, 2.83e+01], num_knots=468
2025-09-06 13:00:24,340 - Iter 22210: obj=-1126.549018, change=3.75e-06, α=0.000, ‖θ[1:]‖₁=13.692, h_range=[4.92e+00, 2.83e+01], num_knots=468
2025-09-06 13:00:24,432 - Iter 22220: obj=-1126.555237, change=3.74e-06, α=0.000, ‖θ[1:]‖₁=13.692, h_range=[4.92e+00, 2.83e+01], num_knots=468
2025-09-06 13:00:24,516 - Iter 22230: obj=-1126.561456, change=3.74e-06, α=0.000, ‖θ[1:]‖₁=13.693, h_range=[4.92e+00, 2.83e+01], num_knots=468
2025-09-06 13:00:24,623 - Iter 22240: obj=-1126.567674, change=3.74e-06, α=0.000, ‖θ[1:]‖₁=13.693, h_range=[4.92e+00, 2.83e+01], num_knots=468
2025-09-06 13:00:24,731 - Iter 22250: obj=-1126.573893, change=3.74e-06, α=0.000, ‖θ[1:]‖₁=13.693, h_range=[4.92e+00, 2.83e+01], num_knots=468
2025-09-06 13:00:24,844 - Iter 22260: obj=-1126.580110, change=3.74e-06, α=0.000, ‖θ[1:]‖₁=13.693, h_range=[4.92e+00, 2.83e+01], num_knots=468
2025-09-06 13:00:24,960 - Iter 22270: obj=-1126.586328, change=3.74e-06, α=0.000, ‖θ[1:]‖₁=13.693, h_range=[4.92e+00, 2.83e+01], num_knots=468
2025-09-06 13:00:25,041 - Iter 22280: obj=-1126.592545, change=3.74e-06, α=0.000, ‖θ[1:]‖₁=13.693, h_range=[4.92e+00, 2.83e+01], num_knots=468
2025-09-06 13:00:25,136 - Iter 22290: obj=-1126.598759, change=3.74e-06, α=0.000, ‖θ[1:]‖₁=13.693, h_range=[4.92e+00, 2.83e+01], num_knots=467
2025-09-06 13:00:25,232 - Iter 22300: obj=-1126.604967, change=3.74e-06, α=0.000, ‖θ[1:]‖₁=13.693, h_range=[4.92e+00, 2.83e+01], num_knots=467
2025-09-06 13:00:25,327 - Iter 22310: obj=-1126.611174, change=3.74e-06, α=0.000, ‖θ[1:]‖₁=13.693, h_range=[4.92e+00, 2.83e+01], num_knots=467
2025-09-06 13:00:25,405 - Iter 22320: obj=-1126.617381, change=3.74e-06, α=0.000, ‖θ[1:]‖₁=13.693, h_range=[4.92e+00, 2.83e+01], num_knots=467
2025-09-06 13:00:25,486 - Iter 22330: obj=-1126.623588, change=3.74e-06, α=0.000, ‖θ[1:]‖₁=13.693, h_range=[4.92e+00, 2.83e+01], num_knots=467
2025-09-06 13:00:25,591 - Iter 22340: obj=-1126.629735, change=3.74e-06, α=0.000, ‖θ[1:]‖₁=13.693, h_range=[4.92e+00, 2.83e+01], num_knots=466
2025-09-06 13:00:25,713 - Iter 22350: obj=-1126.635870, change=3.74e-06, α=0.000, ‖θ[1:]‖₁=13.693, h_range=[4.92e+00, 2.83e+01], num_knots=466
2025-09-06 13:00:25,814 - Iter 22360: obj=-1126.641966, change=3.74e-06, α=0.000, ‖θ[1:]‖₁=13.693, h_range=[4.92e+00, 2.83e+01], num_knots=465
2025-09-06 13:00:25,927 - Iter 22370: obj=-1126.648044, change=3.74e-06, α=0.000, ‖θ[1:]‖₁=13.693, h_range=[4.92e+00, 2.83e+01], num_knots=465
2025-09-06 13:00:26,016 - Iter 22380: obj=-1126.654121, change=3.74e-06, α=0.000, ‖θ[1:]‖₁=13.693, h_range=[4.92e+00, 2.83e+01], num_knots=465
2025-09-06 13:00:26,123 - Iter 22390: obj=-1126.660198, change=3.73e-06, α=0.000, ‖θ[1:]‖₁=13.693, h_range=[4.92e+00, 2.83e+01], num_knots=465
2025-09-06 13:00:26,207 - Iter 22400: obj=-1126.666274, change=3.73e-06, α=0.000, ‖θ[1:]‖₁=13.693, h_range=[4.92e+00, 2.83e+01], num_knots=465
2025-09-06 13:00:26,274 - Iter 22410: obj=-1126.672350, change=3.73e-06, α=0.000, ‖θ[1:]‖₁=13.693, h_range=[4.92e+00, 2.83e+01], num_knots=465
2025-09-06 13:00:26,351 - Iter 22420: obj=-1126.678420, change=3.73e-06, α=0.000, ‖θ[1:]‖₁=13.693, h_range=[4.92e+00, 2.83e+01], num_knots=464
2025-09-06 13:00:26,434 - Iter 22430: obj=-1126.684481, change=3.73e-06, α=0.000, ‖θ[1:]‖₁=13.693, h_range=[4.92e+00, 2.83e+01], num_knots=464
2025-09-06 13:00:26,514 - Iter 22440: obj=-1126.690542, change=3.73e-06, α=0.000, ‖θ[1:]‖₁=13.693, h_range=[4.92e+00, 2.83e+01], num_knots=464
2025-09-06 13:00:26,603 - Iter 22450: obj=-1126.696602, change=3.73e-06, α=0.000, ‖θ[1:]‖₁=13.694, h_range=[4.92e+00, 2.83e+01], num_knots=464
2025-09-06 13:00:26,700 - Iter 22460: obj=-1126.702662, change=3.73e-06, α=0.000, ‖θ[1:]‖₁=13.694, h_range=[4.92e+00, 2.83e+01], num_knots=464
2025-09-06 13:00:26,794 - Iter 22470: obj=-1126.708722, change=3.73e-06, α=0.000, ‖θ[1:]‖₁=13.694, h_range=[4.92e+00, 2.83e+01], num_knots=464
2025-09-06 13:00:26,881 - Iter 22480: obj=-1126.714781, change=3.73e-06, α=0.000, ‖θ[1:]‖₁=13.694, h_range=[4.92e+00, 2.83e+01], num_knots=464
2025-09-06 13:00:26,964 - Iter 22490: obj=-1126.720839, change=3.73e-06, α=0.000, ‖θ[1:]‖₁=13.694, h_range=[4.92e+00, 2.83e+01], num_knots=464
2025-09-06 13:00:27,044 - Iter 22500: obj=-1126.726898, change=3.73e-06, α=0.000, ‖θ[1:]‖₁=13.694, h_range=[4.92e+00, 2.83e+01], num_knots=464
2025-09-06 13:00:27,130 - Iter 22510: obj=-1126.732945, change=3.73e-06, α=0.000, ‖θ[1:]‖₁=13.694, h_range=[4.92e+00, 2.83e+01], num_knots=463
2025-09-06 13:00:27,200 - Iter 22520: obj=-1126.738981, change=3.73e-06, α=0.000, ‖θ[1:]‖₁=13.694, h_range=[4.92e+00, 2.83e+01], num_knots=463
2025-09-06 13:00:27,284 - Iter 22530: obj=-1126.745010, change=3.73e-06, α=0.000, ‖θ[1:]‖₁=13.694, h_range=[4.92e+00, 2.83e+01], num_knots=462
2025-09-06 13:00:27,371 - Iter 22540: obj=-1126.751005, change=3.73e-06, α=0.000, ‖θ[1:]‖₁=13.694, h_range=[4.92e+00, 2.83e+01], num_knots=461
2025-09-06 13:00:27,471 - Iter 22550: obj=-1126.756986, change=3.73e-06, α=0.000, ‖θ[1:]‖₁=13.694, h_range=[4.92e+00, 2.83e+01], num_knots=461
2025-09-06 13:00:27,569 - Iter 22560: obj=-1126.762966, change=3.73e-06, α=0.000, ‖θ[1:]‖₁=13.694, h_range=[4.92e+00, 2.83e+01], num_knots=461
2025-09-06 13:00:27,659 - Iter 22570: obj=-1126.768946, change=3.73e-06, α=0.000, ‖θ[1:]‖₁=13.694, h_range=[4.92e+00, 2.83e+01], num_knots=461
2025-09-06 13:00:27,755 - Iter 22580: obj=-1126.774925, change=3.73e-06, α=0.000, ‖θ[1:]‖₁=13.694, h_range=[4.92e+00, 2.83e+01], num_knots=461
2025-09-06 13:00:27,837 - Iter 22590: obj=-1126.780904, change=3.73e-06, α=0.000, ‖θ[1:]‖₁=13.694, h_range=[4.92e+00, 2.83e+01], num_knots=460
2025-09-06 13:00:27,947 - Iter 22600: obj=-1126.786869, change=3.73e-06, α=0.000, ‖θ[1:]‖₁=13.695, h_range=[4.92e+00, 2.83e+01], num_knots=460
2025-09-06 13:00:28,048 - Iter 22610: obj=-1126.792833, change=3.73e-06, α=0.000, ‖θ[1:]‖₁=13.695, h_range=[4.92e+00, 2.83e+01], num_knots=460
2025-09-06 13:00:28,134 - Iter 22620: obj=-1126.798796, change=3.73e-06, α=0.000, ‖θ[1:]‖₁=13.695, h_range=[4.92e+00, 2.83e+01], num_knots=460
2025-09-06 13:00:28,216 - Iter 22630: obj=-1126.804759, change=3.73e-06, α=0.000, ‖θ[1:]‖₁=13.695, h_range=[4.92e+00, 2.83e+01], num_knots=460
2025-09-06 13:00:28,295 - Iter 22640: obj=-1126.810721, change=3.73e-06, α=0.000, ‖θ[1:]‖₁=13.695, h_range=[4.92e+00, 2.83e+01], num_knots=460
2025-09-06 13:00:28,368 - Iter 22650: obj=-1126.816683, change=3.73e-06, α=0.000, ‖θ[1:]‖₁=13.695, h_range=[4.92e+00, 2.83e+01], num_knots=460
2025-09-06 13:00:28,471 - Iter 22660: obj=-1126.822644, change=3.73e-06, α=0.000, ‖θ[1:]‖₁=13.695, h_range=[4.92e+00, 2.83e+01], num_knots=460
2025-09-06 13:00:28,562 - Iter 22670: obj=-1126.828605, change=3.73e-06, α=0.000, ‖θ[1:]‖₁=13.695, h_range=[4.92e+00, 2.83e+01], num_knots=460
2025-09-06 13:00:28,667 - Iter 22680: obj=-1126.834566, change=3.73e-06, α=0.000, ‖θ[1:]‖₁=13.695, h_range=[4.92e+00, 2.83e+01], num_knots=460
2025-09-06 13:00:28,793 - Iter 22690: obj=-1126.840526, change=3.73e-06, α=0.000, ‖θ[1:]‖₁=13.695, h_range=[4.92e+00, 2.83e+01], num_knots=460
2025-09-06 13:00:28,889 - Iter 22700: obj=-1126.846483, change=3.73e-06, α=0.000, ‖θ[1:]‖₁=13.695, h_range=[4.92e+00, 2.83e+01], num_knots=459
2025-09-06 13:00:28,973 - Iter 22710: obj=-1126.852440, change=3.73e-06, α=0.000, ‖θ[1:]‖₁=13.695, h_range=[4.92e+00, 2.83e+01], num_knots=459
2025-09-06 13:00:29,082 - Iter 22720: obj=-1126.858361, change=3.73e-06, α=0.000, ‖θ[1:]‖₁=13.695, h_range=[4.92e+00, 2.83e+01], num_knots=458
2025-09-06 13:00:29,157 - Iter 22730: obj=-1126.864277, change=3.73e-06, α=0.000, ‖θ[1:]‖₁=13.696, h_range=[4.92e+00, 2.83e+01], num_knots=458
2025-09-06 13:00:29,250 - Iter 22740: obj=-1126.870192, change=3.73e-06, α=0.000, ‖θ[1:]‖₁=13.696, h_range=[4.92e+00, 2.83e+01], num_knots=458
2025-09-06 13:00:29,371 - Iter 22750: obj=-1126.876107, change=3.73e-06, α=0.000, ‖θ[1:]‖₁=13.696, h_range=[4.92e+00, 2.83e+01], num_knots=458
2025-09-06 13:00:29,442 - Iter 22760: obj=-1126.882021, change=3.73e-06, α=0.000, ‖θ[1:]‖₁=13.696, h_range=[4.92e+00, 2.83e+01], num_knots=458
2025-09-06 13:00:29,530 - Iter 22770: obj=-1126.887919, change=3.73e-06, α=0.000, ‖θ[1:]‖₁=13.696, h_range=[4.92e+00, 2.83e+01], num_knots=457
2025-09-06 13:00:29,611 - Iter 22780: obj=-1126.893807, change=3.73e-06, α=0.000, ‖θ[1:]‖₁=13.696, h_range=[4.92e+00, 2.83e+01], num_knots=457
2025-09-06 13:00:29,701 - Iter 22790: obj=-1126.899695, change=3.73e-06, α=0.000, ‖θ[1:]‖₁=13.696, h_range=[4.92e+00, 2.83e+01], num_knots=457
2025-09-06 13:00:29,778 - Iter 22800: obj=-1126.905583, change=3.72e-06, α=0.000, ‖θ[1:]‖₁=13.696, h_range=[4.92e+00, 2.83e+01], num_knots=457
2025-09-06 13:00:29,867 - Iter 22810: obj=-1126.911469, change=3.72e-06, α=0.000, ‖θ[1:]‖₁=13.696, h_range=[4.92e+00, 2.83e+01], num_knots=457
2025-09-06 13:00:29,949 - Iter 22820: obj=-1126.917356, change=3.72e-06, α=0.000, ‖θ[1:]‖₁=13.696, h_range=[4.92e+00, 2.83e+01], num_knots=457
2025-09-06 13:00:30,046 - Iter 22830: obj=-1126.923242, change=3.72e-06, α=0.000, ‖θ[1:]‖₁=13.696, h_range=[4.92e+00, 2.83e+01], num_knots=457
2025-09-06 13:00:30,125 - Iter 22840: obj=-1126.929128, change=3.72e-06, α=0.000, ‖θ[1:]‖₁=13.696, h_range=[4.92e+00, 2.83e+01], num_knots=457
2025-09-06 13:00:30,204 - Iter 22850: obj=-1126.935013, change=3.72e-06, α=0.000, ‖θ[1:]‖₁=13.696, h_range=[4.92e+00, 2.83e+01], num_knots=457
2025-09-06 13:00:30,287 - Iter 22860: obj=-1126.940897, change=3.72e-06, α=0.000, ‖θ[1:]‖₁=13.696, h_range=[4.92e+00, 2.83e+01], num_knots=457
2025-09-06 13:00:30,359 - Iter 22870: obj=-1126.946782, change=3.72e-06, α=0.000, ‖θ[1:]‖₁=13.697, h_range=[4.92e+00, 2.83e+01], num_knots=457
2025-09-06 13:00:30,436 - Iter 22880: obj=-1126.952665, change=3.72e-06, α=0.000, ‖θ[1:]‖₁=13.697, h_range=[4.92e+00, 2.83e+01], num_knots=457
2025-09-06 13:00:30,508 - Iter 22890: obj=-1126.958549, change=3.72e-06, α=0.000, ‖θ[1:]‖₁=13.697, h_range=[4.92e+00, 2.83e+01], num_knots=457
2025-09-06 13:00:30,591 - Iter 22900: obj=-1126.964432, change=3.72e-06, α=0.000, ‖θ[1:]‖₁=13.697, h_range=[4.92e+00, 2.83e+01], num_knots=457
2025-09-06 13:00:30,669 - Iter 22910: obj=-1126.970314, change=3.72e-06, α=0.000, ‖θ[1:]‖₁=13.697, h_range=[4.92e+00, 2.83e+01], num_knots=457
2025-09-06 13:00:30,769 - Iter 22920: obj=-1126.976197, change=3.72e-06, α=0.000, ‖θ[1:]‖₁=13.697, h_range=[4.92e+00, 2.83e+01], num_knots=457
2025-09-06 13:00:30,847 - Iter 22930: obj=-1126.982078, change=3.72e-06, α=0.000, ‖θ[1:]‖₁=13.697, h_range=[4.92e+00, 2.83e+01], num_knots=457
2025-09-06 13:00:30,927 - Iter 22940: obj=-1126.987960, change=3.72e-06, α=0.000, ‖θ[1:]‖₁=13.697, h_range=[4.92e+00, 2.83e+01], num_knots=457
2025-09-06 13:00:31,005 - Iter 22950: obj=-1126.993841, change=3.72e-06, α=0.000, ‖θ[1:]‖₁=13.697, h_range=[4.92e+00, 2.83e+01], num_knots=457
2025-09-06 13:00:31,085 - Iter 22960: obj=-1126.999721, change=3.72e-06, α=0.000, ‖θ[1:]‖₁=13.697, h_range=[4.92e+00, 2.83e+01], num_knots=457
2025-09-06 13:00:31,164 - Iter 22970: obj=-1127.005601, change=3.72e-06, α=0.000, ‖θ[1:]‖₁=13.697, h_range=[4.92e+00, 2.83e+01], num_knots=457
2025-09-06 13:00:31,241 - Iter 22980: obj=-1127.011481, change=3.72e-06, α=0.000, ‖θ[1:]‖₁=13.697, h_range=[4.92e+00, 2.83e+01], num_knots=456
2025-09-06 13:00:31,324 - Iter 22990: obj=-1127.017334, change=3.72e-06, α=0.000, ‖θ[1:]‖₁=13.697, h_range=[4.92e+00, 2.83e+01], num_knots=456
2025-09-06 13:00:31,411 - Iter 23000: obj=-1127.023186, change=3.72e-06, α=0.000, ‖θ[1:]‖₁=13.697, h_range=[4.92e+00, 2.83e+01], num_knots=456
2025-09-06 13:00:31,482 - Iter 23010: obj=-1127.029038, change=3.72e-06, α=0.000, ‖θ[1:]‖₁=13.697, h_range=[4.92e+00, 2.83e+01], num_knots=456
2025-09-06 13:00:31,560 - Iter 23020: obj=-1127.034889, change=3.72e-06, α=0.000, ‖θ[1:]‖₁=13.697, h_range=[4.92e+00, 2.83e+01], num_knots=456
2025-09-06 13:00:31,647 - Iter 23030: obj=-1127.040740, change=3.72e-06, α=0.000, ‖θ[1:]‖₁=13.697, h_range=[4.92e+00, 2.83e+01], num_knots=456
2025-09-06 13:00:31,723 - Iter 23040: obj=-1127.046590, change=3.71e-06, α=0.000, ‖θ[1:]‖₁=13.697, h_range=[4.92e+00, 2.83e+01], num_knots=456
2025-09-06 13:00:31,802 - Iter 23050: obj=-1127.052440, change=3.71e-06, α=0.000, ‖θ[1:]‖₁=13.698, h_range=[4.92e+00, 2.83e+01], num_knots=456
2025-09-06 13:00:31,887 - Iter 23060: obj=-1127.058290, change=3.71e-06, α=0.000, ‖θ[1:]‖₁=13.698, h_range=[4.92e+00, 2.83e+01], num_knots=456
2025-09-06 13:00:31,957 - Iter 23070: obj=-1127.064139, change=3.71e-06, α=0.000, ‖θ[1:]‖₁=13.698, h_range=[4.92e+00, 2.83e+01], num_knots=456
2025-09-06 13:00:32,047 - Iter 23080: obj=-1127.069988, change=3.71e-06, α=0.000, ‖θ[1:]‖₁=13.698, h_range=[4.92e+00, 2.83e+01], num_knots=456
2025-09-06 13:00:32,125 - Iter 23090: obj=-1127.075836, change=3.71e-06, α=0.000, ‖θ[1:]‖₁=13.698, h_range=[4.92e+00, 2.83e+01], num_knots=456
2025-09-06 13:00:32,248 - Iter 23100: obj=-1127.081684, change=3.71e-06, α=0.000, ‖θ[1:]‖₁=13.698, h_range=[4.92e+00, 2.83e+01], num_knots=456
2025-09-06 13:00:32,341 - Iter 23110: obj=-1127.087532, change=3.71e-06, α=0.000, ‖θ[1:]‖₁=13.698, h_range=[4.92e+00, 2.83e+01], num_knots=456
2025-09-06 13:00:32,447 - Iter 23120: obj=-1127.093360, change=3.71e-06, α=0.000, ‖θ[1:]‖₁=13.698, h_range=[4.92e+00, 2.83e+01], num_knots=455
2025-09-06 13:00:32,540 - Iter 23130: obj=-1127.099170, change=3.71e-06, α=0.000, ‖θ[1:]‖₁=13.698, h_range=[4.92e+00, 2.83e+01], num_knots=455
2025-09-06 13:00:32,624 - Iter 23140: obj=-1127.104971, change=3.71e-06, α=0.000, ‖θ[1:]‖₁=13.698, h_range=[4.92e+00, 2.83e+01], num_knots=454
2025-09-06 13:00:32,726 - Iter 23150: obj=-1127.110743, change=3.71e-06, α=0.000, ‖θ[1:]‖₁=13.698, h_range=[4.92e+00, 2.83e+01], num_knots=454
2025-09-06 13:00:32,807 - Iter 23160: obj=-1127.116514, change=3.71e-06, α=0.000, ‖θ[1:]‖₁=13.698, h_range=[4.92e+00, 2.83e+01], num_knots=454
2025-09-06 13:00:32,889 - Iter 23170: obj=-1127.122285, change=3.71e-06, α=0.000, ‖θ[1:]‖₁=13.698, h_range=[4.92e+00, 2.83e+01], num_knots=454
2025-09-06 13:00:32,967 - Iter 23180: obj=-1127.128055, change=3.71e-06, α=0.000, ‖θ[1:]‖₁=13.698, h_range=[4.92e+00, 2.83e+01], num_knots=454
2025-09-06 13:00:33,054 - Iter 23190: obj=-1127.133825, change=3.71e-06, α=0.000, ‖θ[1:]‖₁=13.698, h_range=[4.92e+00, 2.83e+01], num_knots=454
2025-09-06 13:00:33,142 - Iter 23200: obj=-1127.139595, change=3.71e-06, α=0.000, ‖θ[1:]‖₁=13.698, h_range=[4.92e+00, 2.83e+01], num_knots=454
2025-09-06 13:00:33,244 - Iter 23210: obj=-1127.145364, change=3.71e-06, α=0.000, ‖θ[1:]‖₁=13.698, h_range=[4.92e+00, 2.83e+01], num_knots=454
2025-09-06 13:00:33,331 - Iter 23220: obj=-1127.151132, change=3.71e-06, α=0.000, ‖θ[1:]‖₁=13.698, h_range=[4.92e+00, 2.83e+01], num_knots=454
2025-09-06 13:00:33,412 - Iter 23230: obj=-1127.156901, change=3.71e-06, α=0.000, ‖θ[1:]‖₁=13.698, h_range=[4.92e+00, 2.83e+01], num_knots=454
2025-09-06 13:00:33,496 - Iter 23240: obj=-1127.162669, change=3.71e-06, α=0.000, ‖θ[1:]‖₁=13.699, h_range=[4.92e+00, 2.83e+01], num_knots=454
2025-09-06 13:00:33,569 - Iter 23250: obj=-1127.168436, change=3.71e-06, α=0.000, ‖θ[1:]‖₁=13.699, h_range=[4.92e+00, 2.83e+01], num_knots=454
2025-09-06 13:00:33,650 - Iter 23260: obj=-1127.174203, change=3.71e-06, α=0.000, ‖θ[1:]‖₁=13.699, h_range=[4.92e+00, 2.83e+01], num_knots=454
2025-09-06 13:00:33,739 - Iter 23270: obj=-1127.179970, change=3.70e-06, α=0.000, ‖θ[1:]‖₁=13.699, h_range=[4.92e+00, 2.83e+01], num_knots=454
2025-09-06 13:00:33,841 - Iter 23280: obj=-1127.185736, change=3.70e-06, α=0.000, ‖θ[1:]‖₁=13.699, h_range=[4.92e+00, 2.83e+01], num_knots=454
2025-09-06 13:00:33,941 - Iter 23290: obj=-1127.191502, change=3.70e-06, α=0.000, ‖θ[1:]‖₁=13.699, h_range=[4.92e+00, 2.83e+01], num_knots=454
2025-09-06 13:00:34,024 - Iter 23300: obj=-1127.197268, change=3.70e-06, α=0.000, ‖θ[1:]‖₁=13.699, h_range=[4.92e+00, 2.83e+01], num_knots=454
2025-09-06 13:00:34,103 - Iter 23310: obj=-1127.203033, change=3.70e-06, α=0.000, ‖θ[1:]‖₁=13.699, h_range=[4.92e+00, 2.83e+01], num_knots=454
2025-09-06 13:00:34,191 - Iter 23320: obj=-1127.208798, change=3.70e-06, α=0.000, ‖θ[1:]‖₁=13.699, h_range=[4.92e+00, 2.83e+01], num_knots=454
2025-09-06 13:00:34,274 - Iter 23330: obj=-1127.214563, change=3.70e-06, α=0.000, ‖θ[1:]‖₁=13.699, h_range=[4.92e+00, 2.83e+01], num_knots=454
2025-09-06 13:00:34,392 - Iter 23340: obj=-1127.220327, change=3.70e-06, α=0.000, ‖θ[1:]‖₁=13.699, h_range=[4.92e+00, 2.83e+01], num_knots=454
2025-09-06 13:00:34,473 - Iter 23350: obj=-1127.226091, change=3.70e-06, α=0.000, ‖θ[1:]‖₁=13.699, h_range=[4.92e+00, 2.83e+01], num_knots=454
2025-09-06 13:00:34,561 - Iter 23360: obj=-1127.231854, change=3.70e-06, α=0.000, ‖θ[1:]‖₁=13.699, h_range=[4.92e+00, 2.83e+01], num_knots=454
2025-09-06 13:00:34,651 - Iter 23370: obj=-1127.237617, change=3.70e-06, α=0.000, ‖θ[1:]‖₁=13.699, h_range=[4.92e+00, 2.83e+01], num_knots=454
2025-09-06 13:00:34,741 - Iter 23380: obj=-1127.243380, change=3.70e-06, α=0.000, ‖θ[1:]‖₁=13.699, h_range=[4.92e+00, 2.83e+01], num_knots=454
2025-09-06 13:00:34,830 - Iter 23390: obj=-1127.249143, change=3.70e-06, α=0.000, ‖θ[1:]‖₁=13.699, h_range=[4.92e+00, 2.83e+01], num_knots=454
2025-09-06 13:00:34,919 - Iter 23400: obj=-1127.254905, change=3.70e-06, α=0.000, ‖θ[1:]‖₁=13.699, h_range=[4.92e+00, 2.83e+01], num_knots=454
2025-09-06 13:00:35,007 - Iter 23410: obj=-1127.260666, change=3.70e-06, α=0.000, ‖θ[1:]‖₁=13.699, h_range=[4.92e+00, 2.83e+01], num_knots=454
2025-09-06 13:00:35,088 - Iter 23420: obj=-1127.266428, change=3.70e-06, α=0.000, ‖θ[1:]‖₁=13.699, h_range=[4.92e+00, 2.83e+01], num_knots=454
2025-09-06 13:00:35,173 - Iter 23430: obj=-1127.272167, change=3.70e-06, α=0.000, ‖θ[1:]‖₁=13.699, h_range=[4.92e+00, 2.83e+01], num_knots=453
2025-09-06 13:00:35,246 - Iter 23440: obj=-1127.277891, change=3.70e-06, α=0.000, ‖θ[1:]‖₁=13.699, h_range=[4.92e+00, 2.83e+01], num_knots=453
2025-09-06 13:00:35,337 - Iter 23450: obj=-1127.283614, change=3.70e-06, α=0.000, ‖θ[1:]‖₁=13.699, h_range=[4.92e+00, 2.83e+01], num_knots=453
2025-09-06 13:00:35,442 - Iter 23460: obj=-1127.289336, change=3.70e-06, α=0.000, ‖θ[1:]‖₁=13.699, h_range=[4.92e+00, 2.83e+01], num_knots=453
2025-09-06 13:00:35,518 - Iter 23470: obj=-1127.295059, change=3.70e-06, α=0.000, ‖θ[1:]‖₁=13.699, h_range=[4.92e+00, 2.83e+01], num_knots=453
2025-09-06 13:00:35,610 - Iter 23480: obj=-1127.300781, change=3.70e-06, α=0.000, ‖θ[1:]‖₁=13.700, h_range=[4.92e+00, 2.83e+01], num_knots=453
2025-09-06 13:00:35,696 - Iter 23490: obj=-1127.306503, change=3.70e-06, α=0.000, ‖θ[1:]‖₁=13.700, h_range=[4.92e+00, 2.83e+01], num_knots=453
2025-09-06 13:00:35,784 - Iter 23500: obj=-1127.312224, change=3.70e-06, α=0.000, ‖θ[1:]‖₁=13.700, h_range=[4.92e+00, 2.83e+01], num_knots=453
2025-09-06 13:00:35,876 - Iter 23510: obj=-1127.317945, change=3.70e-06, α=0.000, ‖θ[1:]‖₁=13.700, h_range=[4.92e+00, 2.83e+01], num_knots=453
2025-09-06 13:00:35,971 - Iter 23520: obj=-1127.323666, change=3.70e-06, α=0.000, ‖θ[1:]‖₁=13.700, h_range=[4.92e+00, 2.83e+01], num_knots=453
2025-09-06 13:00:36,087 - Iter 23530: obj=-1127.329386, change=3.70e-06, α=0.000, ‖θ[1:]‖₁=13.700, h_range=[4.92e+00, 2.83e+01], num_knots=453
2025-09-06 13:00:36,197 - Iter 23540: obj=-1127.335106, change=3.70e-06, α=0.000, ‖θ[1:]‖₁=13.700, h_range=[4.92e+00, 2.83e+01], num_knots=453
2025-09-06 13:00:36,271 - Iter 23550: obj=-1127.340826, change=3.70e-06, α=0.000, ‖θ[1:]‖₁=13.700, h_range=[4.92e+00, 2.83e+01], num_knots=453
2025-09-06 13:00:36,358 - Iter 23560: obj=-1127.346545, change=3.70e-06, α=0.000, ‖θ[1:]‖₁=13.700, h_range=[4.92e+00, 2.83e+01], num_knots=453
2025-09-06 13:00:36,462 - Iter 23570: obj=-1127.352264, change=3.70e-06, α=0.000, ‖θ[1:]‖₁=13.700, h_range=[4.92e+00, 2.83e+01], num_knots=453
2025-09-06 13:00:36,534 - Iter 23580: obj=-1127.357983, change=3.70e-06, α=0.000, ‖θ[1:]‖₁=13.700, h_range=[4.92e+00, 2.83e+01], num_knots=453
2025-09-06 13:00:36,622 - Iter 23590: obj=-1127.363701, change=3.70e-06, α=0.000, ‖θ[1:]‖₁=13.700, h_range=[4.92e+00, 2.83e+01], num_knots=453
2025-09-06 13:00:36,707 - Iter 23600: obj=-1127.369419, change=3.70e-06, α=0.000, ‖θ[1:]‖₁=13.700, h_range=[4.92e+00, 2.83e+01], num_knots=453
2025-09-06 13:00:36,798 - Iter 23610: obj=-1127.375137, change=3.70e-06, α=0.000, ‖θ[1:]‖₁=13.700, h_range=[4.92e+00, 2.83e+01], num_knots=453
2025-09-06 13:00:36,889 - Iter 23620: obj=-1127.380854, change=3.70e-06, α=0.000, ‖θ[1:]‖₁=13.700, h_range=[4.92e+00, 2.83e+01], num_knots=453
2025-09-06 13:00:36,967 - Iter 23630: obj=-1127.386571, change=3.70e-06, α=0.000, ‖θ[1:]‖₁=13.700, h_range=[4.92e+00, 2.83e+01], num_knots=453
2025-09-06 13:00:37,055 - Iter 23640: obj=-1127.392288, change=3.70e-06, α=0.000, ‖θ[1:]‖₁=13.700, h_range=[4.92e+00, 2.83e+01], num_knots=452
2025-09-06 13:00:37,135 - Iter 23650: obj=-1127.397978, change=3.70e-06, α=0.000, ‖θ[1:]‖₁=13.700, h_range=[4.92e+00, 2.83e+01], num_knots=452
2025-09-06 13:00:37,223 - Iter 23660: obj=-1127.403666, change=3.70e-06, α=0.000, ‖θ[1:]‖₁=13.700, h_range=[4.92e+00, 2.83e+01], num_knots=452
2025-09-06 13:00:37,304 - Iter 23670: obj=-1127.409354, change=3.70e-06, α=0.000, ‖θ[1:]‖₁=13.700, h_range=[4.92e+00, 2.83e+01], num_knots=452
2025-09-06 13:00:37,388 - Iter 23680: obj=-1127.415041, change=3.70e-06, α=0.000, ‖θ[1:]‖₁=13.700, h_range=[4.92e+00, 2.83e+01], num_knots=452
2025-09-06 13:00:37,477 - Iter 23690: obj=-1127.420727, change=3.70e-06, α=0.000, ‖θ[1:]‖₁=13.700, h_range=[4.92e+00, 2.83e+01], num_knots=452
2025-09-06 13:00:37,556 - Iter 23700: obj=-1127.426414, change=3.70e-06, α=0.000, ‖θ[1:]‖₁=13.700, h_range=[4.92e+00, 2.83e+01], num_knots=452
2025-09-06 13:00:37,628 - Iter 23710: obj=-1127.432100, change=3.70e-06, α=0.000, ‖θ[1:]‖₁=13.700, h_range=[4.92e+00, 2.83e+01], num_knots=452
2025-09-06 13:00:37,729 - Iter 23720: obj=-1127.437785, change=3.70e-06, α=0.000, ‖θ[1:]‖₁=13.700, h_range=[4.92e+00, 2.83e+01], num_knots=452
2025-09-06 13:00:37,814 - Iter 23730: obj=-1127.443471, change=3.70e-06, α=0.000, ‖θ[1:]‖₁=13.700, h_range=[4.92e+00, 2.83e+01], num_knots=452
2025-09-06 13:00:37,904 - Iter 23740: obj=-1127.449156, change=3.70e-06, α=0.000, ‖θ[1:]‖₁=13.700, h_range=[4.92e+00, 2.83e+01], num_knots=452
2025-09-06 13:00:37,988 - Iter 23750: obj=-1127.454840, change=3.70e-06, α=0.000, ‖θ[1:]‖₁=13.700, h_range=[4.92e+00, 2.83e+01], num_knots=452
2025-09-06 13:00:38,080 - Iter 23760: obj=-1127.460525, change=3.70e-06, α=0.000, ‖θ[1:]‖₁=13.700, h_range=[4.92e+00, 2.83e+01], num_knots=451
2025-09-06 13:00:38,176 - Iter 23770: obj=-1127.466193, change=3.70e-06, α=0.000, ‖θ[1:]‖₁=13.700, h_range=[4.92e+00, 2.83e+01], num_knots=451
2025-09-06 13:00:38,264 - Iter 23780: obj=-1127.471861, change=3.70e-06, α=0.000, ‖θ[1:]‖₁=13.700, h_range=[4.92e+00, 2.83e+01], num_knots=451
2025-09-06 13:00:38,358 - Iter 23790: obj=-1127.477529, change=3.70e-06, α=0.000, ‖θ[1:]‖₁=13.701, h_range=[4.92e+00, 2.83e+01], num_knots=451
2025-09-06 13:00:38,447 - Iter 23800: obj=-1127.483196, change=3.70e-06, α=0.000, ‖θ[1:]‖₁=13.701, h_range=[4.92e+00, 2.83e+01], num_knots=451
2025-09-06 13:00:38,540 - Iter 23810: obj=-1127.488863, change=3.70e-06, α=0.000, ‖θ[1:]‖₁=13.701, h_range=[4.92e+00, 2.83e+01], num_knots=451
2025-09-06 13:00:38,650 - Iter 23820: obj=-1127.494512, change=3.70e-06, α=0.000, ‖θ[1:]‖₁=13.701, h_range=[4.92e+00, 2.83e+01], num_knots=450
2025-09-06 13:00:38,767 - Iter 23830: obj=-1127.500151, change=3.70e-06, α=0.000, ‖θ[1:]‖₁=13.701, h_range=[4.92e+00, 2.83e+01], num_knots=450
2025-09-06 13:00:38,864 - Iter 23840: obj=-1127.505790, change=3.70e-06, α=0.000, ‖θ[1:]‖₁=13.701, h_range=[4.92e+00, 2.83e+01], num_knots=450
2025-09-06 13:00:38,965 - Iter 23850: obj=-1127.511428, change=3.70e-06, α=0.000, ‖θ[1:]‖₁=13.701, h_range=[4.92e+00, 2.83e+01], num_knots=450
2025-09-06 13:00:39,055 - Iter 23860: obj=-1127.517065, change=3.70e-06, α=0.000, ‖θ[1:]‖₁=13.701, h_range=[4.92e+00, 2.83e+01], num_knots=450
2025-09-06 13:00:39,134 - Iter 23870: obj=-1127.522702, change=3.70e-06, α=0.000, ‖θ[1:]‖₁=13.701, h_range=[4.92e+00, 2.83e+01], num_knots=450
2025-09-06 13:00:39,224 - Iter 23880: obj=-1127.528318, change=3.70e-06, α=0.000, ‖θ[1:]‖₁=13.701, h_range=[4.92e+00, 2.83e+01], num_knots=449
2025-09-06 13:00:39,338 - Iter 23890: obj=-1127.533922, change=3.70e-06, α=0.000, ‖θ[1:]‖₁=13.701, h_range=[4.92e+00, 2.83e+01], num_knots=449
2025-09-06 13:00:39,421 - Iter 23900: obj=-1127.539526, change=3.70e-06, α=0.000, ‖θ[1:]‖₁=13.701, h_range=[4.92e+00, 2.83e+01], num_knots=449
2025-09-06 13:00:39,504 - Iter 23910: obj=-1127.545130, change=3.70e-06, α=0.000, ‖θ[1:]‖₁=13.701, h_range=[4.92e+00, 2.83e+01], num_knots=449
2025-09-06 13:00:39,600 - Iter 23920: obj=-1127.550733, change=3.70e-06, α=0.000, ‖θ[1:]‖₁=13.701, h_range=[4.92e+00, 2.83e+01], num_knots=449
2025-09-06 13:00:39,685 - Iter 23930: obj=-1127.556335, change=3.70e-06, α=0.000, ‖θ[1:]‖₁=13.701, h_range=[4.92e+00, 2.83e+01], num_knots=449
2025-09-06 13:00:39,764 - Iter 23940: obj=-1127.561938, change=3.70e-06, α=0.000, ‖θ[1:]‖₁=13.701, h_range=[4.92e+00, 2.83e+01], num_knots=449
2025-09-06 13:00:39,849 - Iter 23950: obj=-1127.567540, change=3.70e-06, α=0.000, ‖θ[1:]‖₁=13.701, h_range=[4.92e+00, 2.83e+01], num_knots=449
2025-09-06 13:00:39,938 - Iter 23960: obj=-1127.573141, change=3.70e-06, α=0.000, ‖θ[1:]‖₁=13.701, h_range=[4.92e+00, 2.83e+01], num_knots=449
2025-09-06 13:00:40,049 - Iter 23970: obj=-1127.578742, change=3.70e-06, α=0.000, ‖θ[1:]‖₁=13.701, h_range=[4.92e+00, 2.83e+01], num_knots=449
2025-09-06 13:00:40,128 - Iter 23980: obj=-1127.584343, change=3.70e-06, α=0.000, ‖θ[1:]‖₁=13.701, h_range=[4.92e+00, 2.83e+01], num_knots=449
2025-09-06 13:00:40,218 - Iter 23990: obj=-1127.589944, change=3.70e-06, α=0.000, ‖θ[1:]‖₁=13.701, h_range=[4.92e+00, 2.83e+01], num_knots=449
2025-09-06 13:00:40,299 - Iter 24000: obj=-1127.595544, change=3.70e-06, α=0.000, ‖θ[1:]‖₁=13.701, h_range=[4.92e+00, 2.83e+01], num_knots=449
2025-09-06 13:00:40,377 - Iter 24010: obj=-1127.601144, change=3.70e-06, α=0.000, ‖θ[1:]‖₁=13.701, h_range=[4.92e+00, 2.83e+01], num_knots=449
2025-09-06 13:00:40,470 - Iter 24020: obj=-1127.606743, change=3.70e-06, α=0.000, ‖θ[1:]‖₁=13.701, h_range=[4.92e+00, 2.83e+01], num_knots=449
2025-09-06 13:00:40,548 - Iter 24030: obj=-1127.612342, change=3.70e-06, α=0.000, ‖θ[1:]‖₁=13.702, h_range=[4.92e+00, 2.83e+01], num_knots=449
2025-09-06 13:00:40,634 - Iter 24040: obj=-1127.617941, change=3.70e-06, α=0.000, ‖θ[1:]‖₁=13.702, h_range=[4.92e+00, 2.83e+01], num_knots=449
2025-09-06 13:00:40,737 - Iter 24050: obj=-1127.623540, change=3.70e-06, α=0.000, ‖θ[1:]‖₁=13.702, h_range=[4.92e+00, 2.83e+01], num_knots=449
2025-09-06 13:00:40,815 - Iter 24060: obj=-1127.629138, change=3.70e-06, α=0.000, ‖θ[1:]‖₁=13.702, h_range=[4.92e+00, 2.83e+01], num_knots=449
2025-09-06 13:00:40,901 - Iter 24070: obj=-1127.634735, change=3.70e-06, α=0.000, ‖θ[1:]‖₁=13.702, h_range=[4.92e+00, 2.83e+01], num_knots=449
2025-09-06 13:00:40,978 - Iter 24080: obj=-1127.640297, change=3.70e-06, α=0.000, ‖θ[1:]‖₁=13.702, h_range=[4.92e+00, 2.83e+01], num_knots=448
2025-09-06 13:00:41,107 - Iter 24090: obj=-1127.645852, change=3.70e-06, α=0.000, ‖θ[1:]‖₁=13.702, h_range=[4.92e+00, 2.83e+01], num_knots=448
2025-09-06 13:00:41,187 - Iter 24100: obj=-1127.651406, change=3.70e-06, α=0.000, ‖θ[1:]‖₁=13.702, h_range=[4.92e+00, 2.83e+01], num_knots=448
2025-09-06 13:00:41,281 - Iter 24110: obj=-1127.656959, change=3.70e-06, α=0.000, ‖θ[1:]‖₁=13.702, h_range=[4.92e+00, 2.83e+01], num_knots=448
2025-09-06 13:00:41,364 - Iter 24120: obj=-1127.662513, change=3.70e-06, α=0.000, ‖θ[1:]‖₁=13.702, h_range=[4.92e+00, 2.83e+01], num_knots=448
2025-09-06 13:00:41,437 - Iter 24130: obj=-1127.668066, change=3.70e-06, α=0.000, ‖θ[1:]‖₁=13.702, h_range=[4.92e+00, 2.83e+01], num_knots=448
2025-09-06 13:00:41,522 - Iter 24140: obj=-1127.673608, change=3.70e-06, α=0.000, ‖θ[1:]‖₁=13.702, h_range=[4.92e+00, 2.83e+01], num_knots=447
2025-09-06 13:00:41,607 - Iter 24150: obj=-1127.679143, change=3.70e-06, α=0.000, ‖θ[1:]‖₁=13.702, h_range=[4.92e+00, 2.83e+01], num_knots=446
2025-09-06 13:00:41,700 - Iter 24160: obj=-1127.684650, change=3.70e-06, α=0.000, ‖θ[1:]‖₁=13.702, h_range=[4.92e+00, 2.83e+01], num_knots=446
2025-09-06 13:00:41,793 - Iter 24170: obj=-1127.690147, change=3.70e-06, α=0.000, ‖θ[1:]‖₁=13.702, h_range=[4.93e+00, 2.83e+01], num_knots=445
2025-09-06 13:00:41,885 - Iter 24180: obj=-1127.695615, change=3.70e-06, α=0.000, ‖θ[1:]‖₁=13.702, h_range=[4.93e+00, 2.83e+01], num_knots=445
2025-09-06 13:00:41,980 - Iter 24190: obj=-1127.701082, change=3.70e-06, α=0.000, ‖θ[1:]‖₁=13.702, h_range=[4.93e+00, 2.83e+01], num_knots=445
2025-09-06 13:00:42,065 - Iter 24200: obj=-1127.706549, change=3.70e-06, α=0.000, ‖θ[1:]‖₁=13.702, h_range=[4.93e+00, 2.83e+01], num_knots=445
2025-09-06 13:00:42,144 - Iter 24210: obj=-1127.712016, change=3.70e-06, α=0.000, ‖θ[1:]‖₁=13.703, h_range=[4.93e+00, 2.83e+01], num_knots=445
2025-09-06 13:00:42,222 - Iter 24220: obj=-1127.717482, change=3.70e-06, α=0.000, ‖θ[1:]‖₁=13.703, h_range=[4.93e+00, 2.83e+01], num_knots=445
2025-09-06 13:00:42,308 - Iter 24230: obj=-1127.722947, change=3.70e-06, α=0.000, ‖θ[1:]‖₁=13.703, h_range=[4.93e+00, 2.83e+01], num_knots=445
2025-09-06 13:00:42,401 - Iter 24240: obj=-1127.728390, change=3.70e-06, α=0.000, ‖θ[1:]‖₁=13.703, h_range=[4.93e+00, 2.83e+01], num_knots=443
2025-09-06 13:00:42,495 - Iter 24250: obj=-1127.733817, change=3.70e-06, α=0.000, ‖θ[1:]‖₁=13.703, h_range=[4.93e+00, 2.83e+01], num_knots=443
2025-09-06 13:00:42,579 - Iter 24260: obj=-1127.739244, change=3.70e-06, α=0.000, ‖θ[1:]‖₁=13.703, h_range=[4.93e+00, 2.83e+01], num_knots=443
2025-09-06 13:00:42,661 - Iter 24270: obj=-1127.744670, change=3.70e-06, α=0.000, ‖θ[1:]‖₁=13.703, h_range=[4.93e+00, 2.83e+01], num_knots=443
2025-09-06 13:00:42,737 - Iter 24280: obj=-1127.750096, change=3.70e-06, α=0.000, ‖θ[1:]‖₁=13.703, h_range=[4.93e+00, 2.83e+01], num_knots=443
2025-09-06 13:00:42,811 - Iter 24290: obj=-1127.755522, change=3.70e-06, α=0.000, ‖θ[1:]‖₁=13.703, h_range=[4.93e+00, 2.83e+01], num_knots=443
2025-09-06 13:00:42,907 - Iter 24300: obj=-1127.760947, change=3.70e-06, α=0.000, ‖θ[1:]‖₁=13.703, h_range=[4.93e+00, 2.83e+01], num_knots=443
2025-09-06 13:00:43,014 - Iter 24310: obj=-1127.766371, change=3.70e-06, α=0.000, ‖θ[1:]‖₁=13.703, h_range=[4.93e+00, 2.83e+01], num_knots=443
2025-09-06 13:00:43,090 - Iter 24320: obj=-1127.771796, change=3.70e-06, α=0.000, ‖θ[1:]‖₁=13.703, h_range=[4.93e+00, 2.83e+01], num_knots=443
2025-09-06 13:00:43,172 - Iter 24330: obj=-1127.777219, change=3.70e-06, α=0.000, ‖θ[1:]‖₁=13.703, h_range=[4.93e+00, 2.83e+01], num_knots=443
2025-09-06 13:00:43,294 - Iter 24340: obj=-1127.782643, change=3.70e-06, α=0.000, ‖θ[1:]‖₁=13.704, h_range=[4.93e+00, 2.83e+01], num_knots=443
2025-09-06 13:00:43,394 - Iter 24350: obj=-1127.788066, change=3.70e-06, α=0.000, ‖θ[1:]‖₁=13.704, h_range=[4.93e+00, 2.83e+01], num_knots=443
2025-09-06 13:00:43,468 - Iter 24360: obj=-1127.793489, change=3.70e-06, α=0.000, ‖θ[1:]‖₁=13.704, h_range=[4.93e+00, 2.83e+01], num_knots=443
2025-09-06 13:00:43,555 - Iter 24370: obj=-1127.798911, change=3.70e-06, α=0.000, ‖θ[1:]‖₁=13.704, h_range=[4.93e+00, 2.83e+01], num_knots=443
2025-09-06 13:00:43,632 - Iter 24380: obj=-1127.804318, change=3.70e-06, α=0.000, ‖θ[1:]‖₁=13.704, h_range=[4.93e+00, 2.83e+01], num_knots=442
2025-09-06 13:00:43,733 - Iter 24390: obj=-1127.809710, change=3.70e-06, α=0.000, ‖θ[1:]‖₁=13.704, h_range=[4.93e+00, 2.83e+01], num_knots=442
2025-09-06 13:00:43,834 - Iter 24400: obj=-1127.815101, change=3.70e-06, α=0.000, ‖θ[1:]‖₁=13.704, h_range=[4.93e+00, 2.83e+01], num_knots=442
2025-09-06 13:00:43,937 - Iter 24410: obj=-1127.820492, change=3.70e-06, α=0.000, ‖θ[1:]‖₁=13.704, h_range=[4.93e+00, 2.83e+01], num_knots=442
2025-09-06 13:00:44,026 - Iter 24420: obj=-1127.825882, change=3.70e-06, α=0.000, ‖θ[1:]‖₁=13.704, h_range=[4.93e+00, 2.83e+01], num_knots=442
2025-09-06 13:00:44,134 - Iter 24430: obj=-1127.831259, change=3.70e-06, α=0.000, ‖θ[1:]‖₁=13.704, h_range=[4.93e+00, 2.83e+01], num_knots=441
2025-09-06 13:00:44,211 - Iter 24440: obj=-1127.836588, change=3.70e-06, α=0.000, ‖θ[1:]‖₁=13.704, h_range=[4.93e+00, 2.83e+01], num_knots=440
2025-09-06 13:00:44,301 - Iter 24450: obj=-1127.841907, change=3.70e-06, α=0.000, ‖θ[1:]‖₁=13.704, h_range=[4.93e+00, 2.83e+01], num_knots=440
2025-09-06 13:00:44,406 - Iter 24460: obj=-1127.847226, change=3.70e-06, α=0.000, ‖θ[1:]‖₁=13.705, h_range=[4.93e+00, 2.83e+01], num_knots=440
2025-09-06 13:00:44,489 - Iter 24470: obj=-1127.852544, change=3.70e-06, α=0.000, ‖θ[1:]‖₁=13.705, h_range=[4.93e+00, 2.83e+01], num_knots=440
2025-09-06 13:00:44,574 - Iter 24480: obj=-1127.857862, change=3.70e-06, α=0.000, ‖θ[1:]‖₁=13.705, h_range=[4.93e+00, 2.83e+01], num_knots=440
2025-09-06 13:00:44,659 - Iter 24490: obj=-1127.863180, change=3.70e-06, α=0.000, ‖θ[1:]‖₁=13.705, h_range=[4.93e+00, 2.83e+01], num_knots=439
2025-09-06 13:00:44,762 - Iter 24500: obj=-1127.868477, change=3.70e-06, α=0.000, ‖θ[1:]‖₁=13.705, h_range=[4.93e+00, 2.83e+01], num_knots=439
2025-09-06 13:00:44,854 - Iter 24510: obj=-1127.873773, change=3.70e-06, α=0.000, ‖θ[1:]‖₁=13.705, h_range=[4.93e+00, 2.83e+01], num_knots=439
2025-09-06 13:00:44,944 - Iter 24520: obj=-1127.879069, change=3.70e-06, α=0.000, ‖θ[1:]‖₁=13.705, h_range=[4.93e+00, 2.83e+01], num_knots=439
2025-09-06 13:00:45,046 - Iter 24530: obj=-1127.884364, change=3.70e-06, α=0.000, ‖θ[1:]‖₁=13.705, h_range=[4.93e+00, 2.83e+01], num_knots=439
2025-09-06 13:00:45,133 - Iter 24540: obj=-1127.889658, change=3.70e-06, α=0.000, ‖θ[1:]‖₁=13.705, h_range=[4.93e+00, 2.83e+01], num_knots=439
2025-09-06 13:00:45,221 - Iter 24550: obj=-1127.894952, change=3.70e-06, α=0.000, ‖θ[1:]‖₁=13.705, h_range=[4.93e+00, 2.83e+01], num_knots=439
2025-09-06 13:00:45,300 - Iter 24560: obj=-1127.900238, change=3.70e-06, α=0.000, ‖θ[1:]‖₁=13.705, h_range=[4.93e+00, 2.83e+01], num_knots=438
2025-09-06 13:00:45,382 - Iter 24570: obj=-1127.905519, change=3.70e-06, α=0.000, ‖θ[1:]‖₁=13.706, h_range=[4.93e+00, 2.83e+01], num_knots=438
2025-09-06 13:00:45,480 - Iter 24580: obj=-1127.910800, change=3.70e-06, α=0.000, ‖θ[1:]‖₁=13.706, h_range=[4.93e+00, 2.83e+01], num_knots=438
2025-09-06 13:00:45,636 - Iter 24590: obj=-1127.916079, change=3.70e-06, α=0.000, ‖θ[1:]‖₁=13.706, h_range=[4.93e+00, 2.83e+01], num_knots=437
2025-09-06 13:00:45,720 - Iter 24600: obj=-1127.921326, change=3.70e-06, α=0.000, ‖θ[1:]‖₁=13.706, h_range=[4.93e+00, 2.83e+01], num_knots=437
2025-09-06 13:00:45,809 - Iter 24610: obj=-1127.926569, change=3.70e-06, α=0.000, ‖θ[1:]‖₁=13.706, h_range=[4.93e+00, 2.83e+01], num_knots=436
2025-09-06 13:00:45,887 - Iter 24620: obj=-1127.931797, change=3.70e-06, α=0.000, ‖θ[1:]‖₁=13.706, h_range=[4.93e+00, 2.83e+01], num_knots=436
2025-09-06 13:00:45,974 - Iter 24630: obj=-1127.937024, change=3.70e-06, α=0.000, ‖θ[1:]‖₁=13.706, h_range=[4.93e+00, 2.83e+01], num_knots=436
2025-09-06 13:00:46,058 - Iter 24640: obj=-1127.942251, change=3.70e-06, α=0.000, ‖θ[1:]‖₁=13.706, h_range=[4.93e+00, 2.83e+01], num_knots=436
2025-09-06 13:00:46,156 - Iter 24650: obj=-1127.947477, change=3.70e-06, α=0.000, ‖θ[1:]‖₁=13.706, h_range=[4.93e+00, 2.83e+01], num_knots=436
2025-09-06 13:00:46,231 - Iter 24660: obj=-1127.952703, change=3.70e-06, α=0.000, ‖θ[1:]‖₁=13.706, h_range=[4.93e+00, 2.83e+01], num_knots=436
2025-09-06 13:00:46,311 - Iter 24670: obj=-1127.957928, change=3.70e-06, α=0.000, ‖θ[1:]‖₁=13.707, h_range=[4.93e+00, 2.83e+01], num_knots=436
2025-09-06 13:00:46,388 - Iter 24680: obj=-1127.963153, change=3.70e-06, α=0.000, ‖θ[1:]‖₁=13.707, h_range=[4.93e+00, 2.83e+01], num_knots=436
2025-09-06 13:00:46,494 - Iter 24690: obj=-1127.968378, change=3.70e-06, α=0.000, ‖θ[1:]‖₁=13.707, h_range=[4.93e+00, 2.83e+01], num_knots=436
2025-09-06 13:00:46,587 - Iter 24700: obj=-1127.973602, change=3.70e-06, α=0.000, ‖θ[1:]‖₁=13.707, h_range=[4.93e+00, 2.83e+01], num_knots=436
2025-09-06 13:00:46,681 - Iter 24710: obj=-1127.978825, change=3.70e-06, α=0.000, ‖θ[1:]‖₁=13.707, h_range=[4.93e+00, 2.83e+01], num_knots=436
2025-09-06 13:00:46,752 - Iter 24720: obj=-1127.984048, change=3.70e-06, α=0.000, ‖θ[1:]‖₁=13.707, h_range=[4.93e+00, 2.83e+01], num_knots=436
2025-09-06 13:00:46,840 - Iter 24730: obj=-1127.989271, change=3.70e-06, α=0.000, ‖θ[1:]‖₁=13.707, h_range=[4.93e+00, 2.83e+01], num_knots=436
2025-09-06 13:00:46,924 - Iter 24740: obj=-1127.994493, change=3.70e-06, α=0.000, ‖θ[1:]‖₁=13.707, h_range=[4.93e+00, 2.83e+01], num_knots=436
2025-09-06 13:00:47,018 - Iter 24750: obj=-1127.999715, change=3.69e-06, α=0.000, ‖θ[1:]‖₁=13.707, h_range=[4.93e+00, 2.83e+01], num_knots=436
2025-09-06 13:00:47,111 - Iter 24760: obj=-1128.004937, change=3.69e-06, α=0.000, ‖θ[1:]‖₁=13.707, h_range=[4.93e+00, 2.83e+01], num_knots=436
2025-09-06 13:00:47,208 - Iter 24770: obj=-1128.010158, change=3.69e-06, α=0.000, ‖θ[1:]‖₁=13.707, h_range=[4.93e+00, 2.83e+01], num_knots=436
2025-09-06 13:00:47,318 - Iter 24780: obj=-1128.015379, change=3.69e-06, α=0.000, ‖θ[1:]‖₁=13.708, h_range=[4.93e+00, 2.83e+01], num_knots=436
2025-09-06 13:00:47,398 - Iter 24790: obj=-1128.020599, change=3.69e-06, α=0.000, ‖θ[1:]‖₁=13.708, h_range=[4.93e+00, 2.83e+01], num_knots=436
2025-09-06 13:00:47,495 - Iter 24800: obj=-1128.025819, change=3.69e-06, α=0.000, ‖θ[1:]‖₁=13.708, h_range=[4.93e+00, 2.83e+01], num_knots=436
2025-09-06 13:00:47,574 - Iter 24810: obj=-1128.031039, change=3.69e-06, α=0.000, ‖θ[1:]‖₁=13.708, h_range=[4.93e+00, 2.83e+01], num_knots=436
2025-09-06 13:00:47,651 - Iter 24820: obj=-1128.036258, change=3.69e-06, α=0.000, ‖θ[1:]‖₁=13.708, h_range=[4.93e+00, 2.83e+01], num_knots=436
2025-09-06 13:00:47,758 - Iter 24830: obj=-1128.041477, change=3.69e-06, α=0.000, ‖θ[1:]‖₁=13.708, h_range=[4.93e+00, 2.83e+01], num_knots=436
2025-09-06 13:00:47,847 - Iter 24840: obj=-1128.046695, change=3.69e-06, α=0.000, ‖θ[1:]‖₁=13.708, h_range=[4.93e+00, 2.83e+01], num_knots=436
2025-09-06 13:00:47,957 - Iter 24850: obj=-1128.051914, change=3.69e-06, α=0.000, ‖θ[1:]‖₁=13.708, h_range=[4.93e+00, 2.83e+01], num_knots=436
2025-09-06 13:00:48,043 - Iter 24860: obj=-1128.057131, change=3.69e-06, α=0.000, ‖θ[1:]‖₁=13.708, h_range=[4.93e+00, 2.83e+01], num_knots=436
2025-09-06 13:00:48,145 - Iter 24870: obj=-1128.062349, change=3.69e-06, α=0.000, ‖θ[1:]‖₁=13.708, h_range=[4.93e+00, 2.83e+01], num_knots=436
2025-09-06 13:00:48,242 - Iter 24880: obj=-1128.067566, change=3.69e-06, α=0.000, ‖θ[1:]‖₁=13.708, h_range=[4.93e+00, 2.83e+01], num_knots=436
2025-09-06 13:00:48,343 - Iter 24890: obj=-1128.072783, change=3.69e-06, α=0.000, ‖θ[1:]‖₁=13.708, h_range=[4.93e+00, 2.83e+01], num_knots=436
2025-09-06 13:00:48,443 - Iter 24900: obj=-1128.077999, change=3.69e-06, α=0.000, ‖θ[1:]‖₁=13.708, h_range=[4.93e+00, 2.83e+01], num_knots=436
2025-09-06 13:00:48,532 - Iter 24910: obj=-1128.083216, change=3.69e-06, α=0.000, ‖θ[1:]‖₁=13.709, h_range=[4.93e+00, 2.83e+01], num_knots=436
2025-09-06 13:00:48,650 - Iter 24920: obj=-1128.088431, change=3.69e-06, α=0.000, ‖θ[1:]‖₁=13.709, h_range=[4.93e+00, 2.83e+01], num_knots=436
2025-09-06 13:00:48,862 - Iter 24930: obj=-1128.093647, change=3.69e-06, α=0.000, ‖θ[1:]‖₁=13.709, h_range=[4.93e+00, 2.83e+01], num_knots=436
2025-09-06 13:00:48,964 - Iter 24940: obj=-1128.098862, change=3.69e-06, α=0.000, ‖θ[1:]‖₁=13.709, h_range=[4.93e+00, 2.83e+01], num_knots=436
2025-09-06 13:00:49,047 - Iter 24950: obj=-1128.104077, change=3.69e-06, α=0.000, ‖θ[1:]‖₁=13.709, h_range=[4.93e+00, 2.83e+01], num_knots=436
2025-09-06 13:00:49,140 - Iter 24960: obj=-1128.109291, change=3.69e-06, α=0.000, ‖θ[1:]‖₁=13.709, h_range=[4.93e+00, 2.83e+01], num_knots=436
2025-09-06 13:00:49,243 - Iter 24970: obj=-1128.114506, change=3.69e-06, α=0.000, ‖θ[1:]‖₁=13.709, h_range=[4.93e+00, 2.83e+01], num_knots=436
2025-09-06 13:00:49,367 - Iter 24980: obj=-1128.119720, change=3.69e-06, α=0.000, ‖θ[1:]‖₁=13.709, h_range=[4.93e+00, 2.83e+01], num_knots=436
2025-09-06 13:00:49,459 - Iter 24990: obj=-1128.124913, change=3.69e-06, α=0.000, ‖θ[1:]‖₁=13.709, h_range=[4.93e+00, 2.83e+01], num_knots=435
2025-09-06 13:00:49,537 - Iter 25000: obj=-1128.130095, change=3.69e-06, α=0.000, ‖θ[1:]‖₁=13.709, h_range=[4.93e+00, 2.83e+01], num_knots=435
2025-09-06 13:00:49,631 - Iter 25010: obj=-1128.135277, change=3.69e-06, α=0.000, ‖θ[1:]‖₁=13.709, h_range=[4.93e+00, 2.83e+01], num_knots=435
2025-09-06 13:00:49,714 - Iter 25020: obj=-1128.140458, change=3.69e-06, α=0.000, ‖θ[1:]‖₁=13.709, h_range=[4.93e+00, 2.83e+01], num_knots=435
2025-09-06 13:00:49,870 - Iter 25030: obj=-1128.145639, change=3.69e-06, α=0.000, ‖θ[1:]‖₁=13.709, h_range=[4.93e+00, 2.83e+01], num_knots=435
2025-09-06 13:00:49,990 - Iter 25040: obj=-1128.150819, change=3.69e-06, α=0.000, ‖θ[1:]‖₁=13.709, h_range=[4.93e+00, 2.83e+01], num_knots=434
2025-09-06 13:00:50,072 - Iter 25050: obj=-1128.155939, change=3.69e-06, α=0.000, ‖θ[1:]‖₁=13.709, h_range=[4.93e+00, 2.83e+01], num_knots=434
2025-09-06 13:00:50,155 - Iter 25060: obj=-1128.161058, change=3.69e-06, α=0.000, ‖θ[1:]‖₁=13.710, h_range=[4.93e+00, 2.83e+01], num_knots=434
2025-09-06 13:00:50,250 - Iter 25070: obj=-1128.166178, change=3.69e-06, α=0.000, ‖θ[1:]‖₁=13.710, h_range=[4.93e+00, 2.83e+01], num_knots=434
2025-09-06 13:00:50,334 - Iter 25080: obj=-1128.171297, change=3.69e-06, α=0.000, ‖θ[1:]‖₁=13.710, h_range=[4.93e+00, 2.83e+01], num_knots=434
2025-09-06 13:00:50,447 - Iter 25090: obj=-1128.176415, change=3.68e-06, α=0.000, ‖θ[1:]‖₁=13.710, h_range=[4.93e+00, 2.83e+01], num_knots=434
2025-09-06 13:00:50,568 - Iter 25100: obj=-1128.181533, change=3.68e-06, α=0.000, ‖θ[1:]‖₁=13.710, h_range=[4.93e+00, 2.83e+01], num_knots=434
2025-09-06 13:00:50,689 - Iter 25110: obj=-1128.186651, change=3.68e-06, α=0.000, ‖θ[1:]‖₁=13.710, h_range=[4.93e+00, 2.83e+01], num_knots=434
2025-09-06 13:00:50,796 - Iter 25120: obj=-1128.191769, change=3.68e-06, α=0.000, ‖θ[1:]‖₁=13.710, h_range=[4.93e+00, 2.83e+01], num_knots=434
2025-09-06 13:00:50,886 - Iter 25130: obj=-1128.196886, change=3.68e-06, α=0.000, ‖θ[1:]‖₁=13.710, h_range=[4.93e+00, 2.83e+01], num_knots=434
2025-09-06 13:00:50,981 - Iter 25140: obj=-1128.202003, change=3.68e-06, α=0.000, ‖θ[1:]‖₁=13.710, h_range=[4.93e+00, 2.83e+01], num_knots=434
2025-09-06 13:00:51,069 - Iter 25150: obj=-1128.207119, change=3.68e-06, α=0.000, ‖θ[1:]‖₁=13.710, h_range=[4.93e+00, 2.83e+01], num_knots=434
2025-09-06 13:00:51,151 - Iter 25160: obj=-1128.212235, change=3.67e-06, α=0.000, ‖θ[1:]‖₁=13.710, h_range=[4.93e+00, 2.83e+01], num_knots=434
2025-09-06 13:00:51,237 - Iter 25170: obj=-1128.217351, change=3.67e-06, α=0.000, ‖θ[1:]‖₁=13.710, h_range=[4.93e+00, 2.83e+01], num_knots=434
2025-09-06 13:00:51,316 - Iter 25180: obj=-1128.222466, change=3.67e-06, α=0.000, ‖θ[1:]‖₁=13.710, h_range=[4.93e+00, 2.83e+01], num_knots=434
2025-09-06 13:00:51,396 - Iter 25190: obj=-1128.227581, change=3.67e-06, α=0.000, ‖θ[1:]‖₁=13.711, h_range=[4.93e+00, 2.83e+01], num_knots=434
2025-09-06 13:00:51,481 - Iter 25200: obj=-1128.232696, change=3.67e-06, α=0.000, ‖θ[1:]‖₁=13.711, h_range=[4.93e+00, 2.83e+01], num_knots=434
2025-09-06 13:00:51,583 - Iter 25210: obj=-1128.237810, change=3.67e-06, α=0.000, ‖θ[1:]‖₁=13.711, h_range=[4.93e+00, 2.83e+01], num_knots=434
2025-09-06 13:00:51,676 - Iter 25220: obj=-1128.242924, change=3.67e-06, α=0.000, ‖θ[1:]‖₁=13.711, h_range=[4.93e+00, 2.83e+01], num_knots=434
2025-09-06 13:00:51,792 - Iter 25230: obj=-1128.248033, change=3.67e-06, α=0.000, ‖θ[1:]‖₁=13.711, h_range=[4.93e+00, 2.83e+01], num_knots=433
2025-09-06 13:00:51,910 - Iter 25240: obj=-1128.253136, change=3.66e-06, α=0.000, ‖θ[1:]‖₁=13.711, h_range=[4.93e+00, 2.83e+01], num_knots=433
2025-09-06 13:00:51,996 - Iter 25250: obj=-1128.258237, change=3.66e-06, α=0.000, ‖θ[1:]‖₁=13.711, h_range=[4.93e+00, 2.83e+01], num_knots=433
2025-09-06 13:00:52,089 - Iter 25260: obj=-1128.263339, change=3.66e-06, α=0.000, ‖θ[1:]‖₁=13.711, h_range=[4.93e+00, 2.83e+01], num_knots=433
2025-09-06 13:00:52,176 - Iter 25270: obj=-1128.268440, change=3.66e-06, α=0.000, ‖θ[1:]‖₁=13.711, h_range=[4.93e+00, 2.83e+01], num_knots=433
2025-09-06 13:00:52,285 - Iter 25280: obj=-1128.273541, change=3.66e-06, α=0.000, ‖θ[1:]‖₁=13.711, h_range=[4.93e+00, 2.83e+01], num_knots=433
2025-09-06 13:00:52,371 - Iter 25290: obj=-1128.278642, change=3.66e-06, α=0.000, ‖θ[1:]‖₁=13.711, h_range=[4.93e+00, 2.83e+01], num_knots=433
2025-09-06 13:00:52,462 - Iter 25300: obj=-1128.283742, change=3.66e-06, α=0.000, ‖θ[1:]‖₁=13.711, h_range=[4.93e+00, 2.83e+01], num_knots=433
2025-09-06 13:00:52,530 - Iter 25310: obj=-1128.288842, change=3.66e-06, α=0.000, ‖θ[1:]‖₁=13.711, h_range=[4.93e+00, 2.83e+01], num_knots=433
2025-09-06 13:00:52,616 - Iter 25320: obj=-1128.293941, change=3.66e-06, α=0.000, ‖θ[1:]‖₁=13.711, h_range=[4.93e+00, 2.83e+01], num_knots=433
2025-09-06 13:00:52,703 - Iter 25330: obj=-1128.299041, change=3.66e-06, α=0.000, ‖θ[1:]‖₁=13.711, h_range=[4.93e+00, 2.83e+01], num_knots=433
2025-09-06 13:00:52,783 - Iter 25340: obj=-1128.304140, change=3.65e-06, α=0.000, ‖θ[1:]‖₁=13.712, h_range=[4.93e+00, 2.83e+01], num_knots=433
2025-09-06 13:00:52,866 - Iter 25350: obj=-1128.309238, change=3.65e-06, α=0.000, ‖θ[1:]‖₁=13.712, h_range=[4.93e+00, 2.83e+01], num_knots=433
2025-09-06 13:00:52,950 - Iter 25360: obj=-1128.314336, change=3.65e-06, α=0.000, ‖θ[1:]‖₁=13.712, h_range=[4.93e+00, 2.83e+01], num_knots=433
2025-09-06 13:00:53,032 - Iter 25370: obj=-1128.319435, change=3.65e-06, α=0.000, ‖θ[1:]‖₁=13.712, h_range=[4.93e+00, 2.83e+01], num_knots=433
2025-09-06 13:00:53,137 - Iter 25380: obj=-1128.324532, change=3.65e-06, α=0.000, ‖θ[1:]‖₁=13.712, h_range=[4.93e+00, 2.83e+01], num_knots=433
2025-09-06 13:00:53,214 - Iter 25390: obj=-1128.329630, change=3.65e-06, α=0.000, ‖θ[1:]‖₁=13.712, h_range=[4.93e+00, 2.83e+01], num_knots=433
2025-09-06 13:00:53,294 - Iter 25400: obj=-1128.334727, change=3.65e-06, α=0.000, ‖θ[1:]‖₁=13.712, h_range=[4.93e+00, 2.83e+01], num_knots=433
2025-09-06 13:00:53,374 - Iter 25410: obj=-1128.339796, change=3.65e-06, α=0.000, ‖θ[1:]‖₁=13.712, h_range=[4.93e+00, 2.83e+01], num_knots=432
2025-09-06 13:00:53,473 - Iter 25420: obj=-1128.344861, change=3.65e-06, α=0.000, ‖θ[1:]‖₁=13.712, h_range=[4.93e+00, 2.83e+01], num_knots=432
2025-09-06 13:00:53,553 - Iter 25430: obj=-1128.349926, change=3.64e-06, α=0.000, ‖θ[1:]‖₁=13.712, h_range=[4.93e+00, 2.83e+01], num_knots=432
2025-09-06 13:00:53,757 - Iter 25440: obj=-1128.354991, change=3.64e-06, α=0.000, ‖θ[1:]‖₁=13.712, h_range=[4.93e+00, 2.83e+01], num_knots=432
2025-09-06 13:00:54,015 - Iter 25450: obj=-1128.360046, change=3.64e-06, α=0.000, ‖θ[1:]‖₁=13.712, h_range=[4.93e+00, 2.83e+01], num_knots=431
2025-09-06 13:00:54,202 - Iter 25460: obj=-1128.365098, change=3.64e-06, α=0.000, ‖θ[1:]‖₁=13.712, h_range=[4.93e+00, 2.83e+01], num_knots=431
2025-09-06 13:00:54,303 - Iter 25470: obj=-1128.370150, change=3.64e-06, α=0.000, ‖θ[1:]‖₁=13.712, h_range=[4.93e+00, 2.83e+01], num_knots=431
2025-09-06 13:00:54,418 - Iter 25480: obj=-1128.375201, change=3.64e-06, α=0.000, ‖θ[1:]‖₁=13.712, h_range=[4.93e+00, 2.83e+01], num_knots=431
2025-09-06 13:00:54,507 - Iter 25490: obj=-1128.380252, change=3.63e-06, α=0.000, ‖θ[1:]‖₁=13.713, h_range=[4.93e+00, 2.83e+01], num_knots=431
2025-09-06 13:00:54,604 - Iter 25500: obj=-1128.385303, change=3.63e-06, α=0.000, ‖θ[1:]‖₁=13.713, h_range=[4.93e+00, 2.83e+01], num_knots=431
2025-09-06 13:00:54,704 - Iter 25510: obj=-1128.390353, change=3.63e-06, α=0.000, ‖θ[1:]‖₁=13.713, h_range=[4.93e+00, 2.83e+01], num_knots=431
2025-09-06 13:00:54,824 - Iter 25520: obj=-1128.395403, change=3.63e-06, α=0.000, ‖θ[1:]‖₁=13.713, h_range=[4.93e+00, 2.83e+01], num_knots=431
2025-09-06 13:00:54,924 - Iter 25530: obj=-1128.400453, change=3.63e-06, α=0.000, ‖θ[1:]‖₁=13.713, h_range=[4.93e+00, 2.83e+01], num_knots=431
2025-09-06 13:00:55,016 - Iter 25540: obj=-1128.405502, change=3.63e-06, α=0.000, ‖θ[1:]‖₁=13.713, h_range=[4.93e+00, 2.83e+01], num_knots=431
2025-09-06 13:00:55,109 - Iter 25550: obj=-1128.410551, change=3.62e-06, α=0.000, ‖θ[1:]‖₁=13.713, h_range=[4.93e+00, 2.83e+01], num_knots=431
2025-09-06 13:00:55,202 - Iter 25560: obj=-1128.415600, change=3.62e-06, α=0.000, ‖θ[1:]‖₁=13.713, h_range=[4.93e+00, 2.83e+01], num_knots=431
2025-09-06 13:00:55,284 - Iter 25570: obj=-1128.420648, change=3.62e-06, α=0.000, ‖θ[1:]‖₁=13.713, h_range=[4.93e+00, 2.83e+01], num_knots=431
2025-09-06 13:00:55,374 - Iter 25580: obj=-1128.425697, change=3.62e-06, α=0.000, ‖θ[1:]‖₁=13.713, h_range=[4.93e+00, 2.83e+01], num_knots=431
2025-09-06 13:00:55,472 - Iter 25590: obj=-1128.430744, change=3.62e-06, α=0.000, ‖θ[1:]‖₁=13.713, h_range=[4.93e+00, 2.83e+01], num_knots=431
2025-09-06 13:00:55,571 - Iter 25600: obj=-1128.435792, change=3.62e-06, α=0.000, ‖θ[1:]‖₁=13.713, h_range=[4.92e+00, 2.83e+01], num_knots=431
2025-09-06 13:00:55,657 - Iter 25610: obj=-1128.440839, change=3.62e-06, α=0.000, ‖θ[1:]‖₁=13.713, h_range=[4.92e+00, 2.83e+01], num_knots=431
2025-09-06 13:00:55,750 - Iter 25620: obj=-1128.445886, change=3.61e-06, α=0.000, ‖θ[1:]‖₁=13.713, h_range=[4.92e+00, 2.83e+01], num_knots=431
2025-09-06 13:00:55,838 - Iter 25630: obj=-1128.450933, change=3.61e-06, α=0.000, ‖θ[1:]‖₁=13.713, h_range=[4.92e+00, 2.83e+01], num_knots=431
2025-09-06 13:00:55,936 - Iter 25640: obj=-1128.455979, change=3.61e-06, α=0.000, ‖θ[1:]‖₁=13.713, h_range=[4.92e+00, 2.83e+01], num_knots=431
2025-09-06 13:00:56,014 - Iter 25650: obj=-1128.461026, change=3.61e-06, α=0.000, ‖θ[1:]‖₁=13.714, h_range=[4.92e+00, 2.83e+01], num_knots=431
2025-09-06 13:00:56,098 - Iter 25660: obj=-1128.466072, change=3.61e-06, α=0.000, ‖θ[1:]‖₁=13.714, h_range=[4.92e+00, 2.83e+01], num_knots=431
2025-09-06 13:00:56,197 - Iter 25670: obj=-1128.471117, change=3.61e-06, α=0.000, ‖θ[1:]‖₁=13.714, h_range=[4.92e+00, 2.83e+01], num_knots=431
2025-09-06 13:00:56,291 - Iter 25680: obj=-1128.476147, change=3.61e-06, α=0.000, ‖θ[1:]‖₁=13.714, h_range=[4.92e+00, 2.83e+01], num_knots=430
2025-09-06 13:00:56,383 - Iter 25690: obj=-1128.481170, change=3.61e-06, α=0.000, ‖θ[1:]‖₁=13.714, h_range=[4.92e+00, 2.83e+01], num_knots=430
2025-09-06 13:00:56,476 - Iter 25700: obj=-1128.486194, change=3.61e-06, α=0.000, ‖θ[1:]‖₁=13.714, h_range=[4.92e+00, 2.83e+01], num_knots=430
2025-09-06 13:00:56,553 - Iter 25710: obj=-1128.491204, change=3.60e-06, α=0.000, ‖θ[1:]‖₁=13.714, h_range=[4.92e+00, 2.83e+01], num_knots=429
2025-09-06 13:00:56,659 - Iter 25720: obj=-1128.496203, change=3.60e-06, α=0.000, ‖θ[1:]‖₁=13.714, h_range=[4.92e+00, 2.83e+01], num_knots=428
2025-09-06 13:00:56,756 - Iter 25730: obj=-1128.501189, change=3.60e-06, α=0.000, ‖θ[1:]‖₁=13.714, h_range=[4.92e+00, 2.83e+01], num_knots=428
2025-09-06 13:00:56,843 - Iter 25740: obj=-1128.506175, change=3.60e-06, α=0.000, ‖θ[1:]‖₁=13.714, h_range=[4.92e+00, 2.83e+01], num_knots=428
2025-09-06 13:00:56,931 - Iter 25750: obj=-1128.511160, change=3.60e-06, α=0.000, ‖θ[1:]‖₁=13.714, h_range=[4.92e+00, 2.83e+01], num_knots=428
2025-09-06 13:00:57,011 - Iter 25760: obj=-1128.516146, change=3.60e-06, α=0.000, ‖θ[1:]‖₁=13.714, h_range=[4.92e+00, 2.83e+01], num_knots=428
2025-09-06 13:00:57,083 - Iter 25770: obj=-1128.521131, change=3.60e-06, α=0.000, ‖θ[1:]‖₁=13.714, h_range=[4.92e+00, 2.83e+01], num_knots=428
2025-09-06 13:00:57,174 - Iter 25780: obj=-1128.526115, change=3.60e-06, α=0.000, ‖θ[1:]‖₁=13.714, h_range=[4.92e+00, 2.83e+01], num_knots=428
2025-09-06 13:00:57,250 - Iter 25790: obj=-1128.531099, change=3.60e-06, α=0.000, ‖θ[1:]‖₁=13.714, h_range=[4.92e+00, 2.83e+01], num_knots=428
2025-09-06 13:00:57,335 - Iter 25800: obj=-1128.536083, change=3.60e-06, α=0.000, ‖θ[1:]‖₁=13.715, h_range=[4.92e+00, 2.83e+01], num_knots=428
2025-09-06 13:00:57,425 - Iter 25810: obj=-1128.541067, change=3.59e-06, α=0.000, ‖θ[1:]‖₁=13.715, h_range=[4.92e+00, 2.83e+01], num_knots=428
2025-09-06 13:00:57,511 - Iter 25820: obj=-1128.546051, change=3.59e-06, α=0.000, ‖θ[1:]‖₁=13.715, h_range=[4.92e+00, 2.83e+01], num_knots=428
2025-09-06 13:00:57,591 - Iter 25830: obj=-1128.551034, change=3.59e-06, α=0.000, ‖θ[1:]‖₁=13.715, h_range=[4.92e+00, 2.83e+01], num_knots=428
2025-09-06 13:00:57,674 - Iter 25840: obj=-1128.556017, change=3.59e-06, α=0.000, ‖θ[1:]‖₁=13.715, h_range=[4.92e+00, 2.83e+01], num_knots=428
2025-09-06 13:00:57,775 - Iter 25850: obj=-1128.560999, change=3.59e-06, α=0.000, ‖θ[1:]‖₁=13.715, h_range=[4.92e+00, 2.83e+01], num_knots=428
2025-09-06 13:00:57,859 - Iter 25860: obj=-1128.565981, change=3.59e-06, α=0.000, ‖θ[1:]‖₁=13.715, h_range=[4.92e+00, 2.83e+01], num_knots=428
2025-09-06 13:00:57,954 - Iter 25870: obj=-1128.570963, change=3.59e-06, α=0.000, ‖θ[1:]‖₁=13.715, h_range=[4.92e+00, 2.83e+01], num_knots=428
2025-09-06 13:00:58,063 - Iter 25880: obj=-1128.575945, change=3.59e-06, α=0.000, ‖θ[1:]‖₁=13.715, h_range=[4.92e+00, 2.83e+01], num_knots=428
2025-09-06 13:00:58,163 - Iter 25890: obj=-1128.580927, change=3.59e-06, α=0.000, ‖θ[1:]‖₁=13.715, h_range=[4.92e+00, 2.83e+01], num_knots=428
2025-09-06 13:00:58,254 - Iter 25900: obj=-1128.585908, change=3.59e-06, α=0.000, ‖θ[1:]‖₁=13.715, h_range=[4.92e+00, 2.83e+01], num_knots=428
2025-09-06 13:00:58,340 - Iter 25910: obj=-1128.590889, change=3.59e-06, α=0.000, ‖θ[1:]‖₁=13.715, h_range=[4.92e+00, 2.83e+01], num_knots=428
2025-09-06 13:00:58,424 - Iter 25920: obj=-1128.595869, change=3.58e-06, α=0.000, ‖θ[1:]‖₁=13.715, h_range=[4.92e+00, 2.83e+01], num_knots=428
2025-09-06 13:00:58,507 - Iter 25930: obj=-1128.600850, change=3.58e-06, α=0.000, ‖θ[1:]‖₁=13.715, h_range=[4.92e+00, 2.83e+01], num_knots=428
2025-09-06 13:00:58,587 - Iter 25940: obj=-1128.605830, change=3.58e-06, α=0.000, ‖θ[1:]‖₁=13.715, h_range=[4.92e+00, 2.83e+01], num_knots=428
2025-09-06 13:00:58,698 - Iter 25950: obj=-1128.610810, change=3.58e-06, α=0.000, ‖θ[1:]‖₁=13.715, h_range=[4.92e+00, 2.83e+01], num_knots=428
2025-09-06 13:00:58,799 - Iter 25960: obj=-1128.615789, change=3.58e-06, α=0.000, ‖θ[1:]‖₁=13.715, h_range=[4.92e+00, 2.83e+01], num_knots=428
2025-09-06 13:00:58,884 - Iter 25970: obj=-1128.620769, change=3.58e-06, α=0.000, ‖θ[1:]‖₁=13.716, h_range=[4.92e+00, 2.83e+01], num_knots=428
2025-09-06 13:00:58,984 - Iter 25980: obj=-1128.625748, change=3.58e-06, α=0.000, ‖θ[1:]‖₁=13.716, h_range=[4.92e+00, 2.83e+01], num_knots=428
2025-09-06 13:00:59,076 - Iter 25990: obj=-1128.630726, change=3.58e-06, α=0.000, ‖θ[1:]‖₁=13.716, h_range=[4.92e+00, 2.83e+01], num_knots=428
2025-09-06 13:00:59,183 - Iter 26000: obj=-1128.635705, change=3.58e-06, α=0.000, ‖θ[1:]‖₁=13.716, h_range=[4.92e+00, 2.83e+01], num_knots=428
2025-09-06 13:00:59,296 - Iter 26010: obj=-1128.640683, change=3.58e-06, α=0.000, ‖θ[1:]‖₁=13.716, h_range=[4.92e+00, 2.83e+01], num_knots=428
2025-09-06 13:00:59,405 - Iter 26020: obj=-1128.645661, change=3.58e-06, α=0.000, ‖θ[1:]‖₁=13.716, h_range=[4.92e+00, 2.83e+01], num_knots=428
2025-09-06 13:00:59,485 - Iter 26030: obj=-1128.650627, change=3.57e-06, α=0.000, ‖θ[1:]‖₁=13.716, h_range=[4.92e+00, 2.83e+01], num_knots=427
2025-09-06 13:00:59,562 - Iter 26040: obj=-1128.655575, change=3.57e-06, α=0.000, ‖θ[1:]‖₁=13.716, h_range=[4.92e+00, 2.83e+01], num_knots=427
2025-09-06 13:00:59,661 - Iter 26050: obj=-1128.660523, change=3.57e-06, α=0.000, ‖θ[1:]‖₁=13.716, h_range=[4.92e+00, 2.83e+01], num_knots=427
2025-09-06 13:00:59,754 - Iter 26060: obj=-1128.665471, change=3.57e-06, α=0.000, ‖θ[1:]‖₁=13.716, h_range=[4.92e+00, 2.83e+01], num_knots=427
2025-09-06 13:00:59,840 - Iter 26070: obj=-1128.670419, change=3.57e-06, α=0.000, ‖θ[1:]‖₁=13.716, h_range=[4.92e+00, 2.83e+01], num_knots=427
2025-09-06 13:00:59,967 - Iter 26080: obj=-1128.675366, change=3.57e-06, α=0.000, ‖θ[1:]‖₁=13.716, h_range=[4.92e+00, 2.83e+01], num_knots=427
2025-09-06 13:01:00,076 - Iter 26090: obj=-1128.680313, change=3.57e-06, α=0.000, ‖θ[1:]‖₁=13.716, h_range=[4.92e+00, 2.83e+01], num_knots=427
2025-09-06 13:01:00,194 - Iter 26100: obj=-1128.685259, change=3.57e-06, α=0.000, ‖θ[1:]‖₁=13.716, h_range=[4.92e+00, 2.83e+01], num_knots=427
2025-09-06 13:01:00,281 - Iter 26110: obj=-1128.690206, change=3.57e-06, α=0.000, ‖θ[1:]‖₁=13.716, h_range=[4.92e+00, 2.83e+01], num_knots=427
2025-09-06 13:01:00,358 - Iter 26120: obj=-1128.695152, change=3.57e-06, α=0.000, ‖θ[1:]‖₁=13.716, h_range=[4.92e+00, 2.83e+01], num_knots=427
2025-09-06 13:01:00,450 - Iter 26130: obj=-1128.700065, change=3.57e-06, α=0.000, ‖θ[1:]‖₁=13.716, h_range=[4.92e+00, 2.83e+01], num_knots=426
2025-09-06 13:01:00,534 - Iter 26140: obj=-1128.704972, change=3.57e-06, α=0.000, ‖θ[1:]‖₁=13.717, h_range=[4.92e+00, 2.83e+01], num_knots=426
2025-09-06 13:01:00,630 - Iter 26150: obj=-1128.709880, change=3.57e-06, α=0.000, ‖θ[1:]‖₁=13.717, h_range=[4.92e+00, 2.83e+01], num_knots=426
2025-09-06 13:01:00,717 - Iter 26160: obj=-1128.714787, change=3.57e-06, α=0.000, ‖θ[1:]‖₁=13.717, h_range=[4.92e+00, 2.83e+01], num_knots=426
2025-09-06 13:01:00,814 - Iter 26170: obj=-1128.719694, change=3.56e-06, α=0.000, ‖θ[1:]‖₁=13.717, h_range=[4.92e+00, 2.83e+01], num_knots=426
2025-09-06 13:01:00,892 - Iter 26180: obj=-1128.724601, change=3.56e-06, α=0.000, ‖θ[1:]‖₁=13.717, h_range=[4.92e+00, 2.83e+01], num_knots=426
2025-09-06 13:01:00,987 - Iter 26190: obj=-1128.729507, change=3.56e-06, α=0.000, ‖θ[1:]‖₁=13.717, h_range=[4.92e+00, 2.83e+01], num_knots=426
2025-09-06 13:01:01,076 - Iter 26200: obj=-1128.734413, change=3.56e-06, α=0.000, ‖θ[1:]‖₁=13.717, h_range=[4.92e+00, 2.83e+01], num_knots=426
2025-09-06 13:01:01,175 - Iter 26210: obj=-1128.739319, change=3.56e-06, α=0.000, ‖θ[1:]‖₁=13.717, h_range=[4.92e+00, 2.83e+01], num_knots=426
2025-09-06 13:01:01,263 - Iter 26220: obj=-1128.744225, change=3.56e-06, α=0.000, ‖θ[1:]‖₁=13.717, h_range=[4.92e+00, 2.83e+01], num_knots=426
2025-09-06 13:01:01,337 - Iter 26230: obj=-1128.749130, change=3.56e-06, α=0.000, ‖θ[1:]‖₁=13.717, h_range=[4.92e+00, 2.83e+01], num_knots=426
2025-09-06 13:01:01,418 - Iter 26240: obj=-1128.754035, change=3.56e-06, α=0.000, ‖θ[1:]‖₁=13.717, h_range=[4.92e+00, 2.83e+01], num_knots=426
2025-09-06 13:01:01,503 - Iter 26250: obj=-1128.758940, change=3.56e-06, α=0.000, ‖θ[1:]‖₁=13.717, h_range=[4.92e+00, 2.83e+01], num_knots=426
2025-09-06 13:01:01,581 - Iter 26260: obj=-1128.763844, change=3.56e-06, α=0.000, ‖θ[1:]‖₁=13.717, h_range=[4.92e+00, 2.83e+01], num_knots=426
2025-09-06 13:01:01,669 - Iter 26270: obj=-1128.768749, change=3.56e-06, α=0.000, ‖θ[1:]‖₁=13.717, h_range=[4.92e+00, 2.83e+01], num_knots=426
2025-09-06 13:01:01,747 - Iter 26280: obj=-1128.773653, change=3.56e-06, α=0.000, ‖θ[1:]‖₁=13.717, h_range=[4.92e+00, 2.83e+01], num_knots=426
2025-09-06 13:01:01,844 - Iter 26290: obj=-1128.778548, change=3.56e-06, α=0.000, ‖θ[1:]‖₁=13.717, h_range=[4.92e+00, 2.83e+01], num_knots=425
2025-09-06 13:01:01,939 - Iter 26300: obj=-1128.783433, change=3.56e-06, α=0.000, ‖θ[1:]‖₁=13.718, h_range=[4.92e+00, 2.83e+01], num_knots=425
2025-09-06 13:01:02,028 - Iter 26310: obj=-1128.788319, change=3.56e-06, α=0.000, ‖θ[1:]‖₁=13.718, h_range=[4.92e+00, 2.83e+01], num_knots=425
2025-09-06 13:01:02,114 - Iter 26320: obj=-1128.793204, change=3.56e-06, α=0.000, ‖θ[1:]‖₁=13.718, h_range=[4.92e+00, 2.83e+01], num_knots=425
2025-09-06 13:01:02,202 - Iter 26330: obj=-1128.798086, change=3.56e-06, α=0.000, ‖θ[1:]‖₁=13.718, h_range=[4.92e+00, 2.83e+01], num_knots=424
2025-09-06 13:01:02,284 - Iter 26340: obj=-1128.802940, change=3.55e-06, α=0.000, ‖θ[1:]‖₁=13.718, h_range=[4.92e+00, 2.83e+01], num_knots=424
2025-09-06 13:01:02,362 - Iter 26350: obj=-1128.807793, change=3.55e-06, α=0.000, ‖θ[1:]‖₁=13.718, h_range=[4.92e+00, 2.83e+01], num_knots=424
2025-09-06 13:01:02,456 - Iter 26360: obj=-1128.812646, change=3.55e-06, α=0.000, ‖θ[1:]‖₁=13.718, h_range=[4.92e+00, 2.83e+01], num_knots=424
2025-09-06 13:01:02,553 - Iter 26370: obj=-1128.817498, change=3.55e-06, α=0.000, ‖θ[1:]‖₁=13.718, h_range=[4.92e+00, 2.83e+01], num_knots=424
2025-09-06 13:01:02,641 - Iter 26380: obj=-1128.822350, change=3.55e-06, α=0.000, ‖θ[1:]‖₁=13.718, h_range=[4.92e+00, 2.83e+01], num_knots=424
2025-09-06 13:01:02,756 - Iter 26390: obj=-1128.827202, change=3.55e-06, α=0.000, ‖θ[1:]‖₁=13.718, h_range=[4.92e+00, 2.83e+01], num_knots=424
2025-09-06 13:01:02,843 - Iter 26400: obj=-1128.832054, change=3.55e-06, α=0.000, ‖θ[1:]‖₁=13.718, h_range=[4.92e+00, 2.83e+01], num_knots=424
2025-09-06 13:01:02,951 - Iter 26410: obj=-1128.836905, change=3.55e-06, α=0.000, ‖θ[1:]‖₁=13.718, h_range=[4.92e+00, 2.83e+01], num_knots=424
2025-09-06 13:01:03,041 - Iter 26420: obj=-1128.841756, change=3.55e-06, α=0.000, ‖θ[1:]‖₁=13.718, h_range=[4.92e+00, 2.83e+01], num_knots=424
2025-09-06 13:01:03,141 - Iter 26430: obj=-1128.846606, change=3.55e-06, α=0.000, ‖θ[1:]‖₁=13.718, h_range=[4.92e+00, 2.83e+01], num_knots=424
2025-09-06 13:01:03,215 - Iter 26440: obj=-1128.851457, change=3.55e-06, α=0.000, ‖θ[1:]‖₁=13.719, h_range=[4.92e+00, 2.83e+01], num_knots=424
2025-09-06 13:01:03,300 - Iter 26450: obj=-1128.856298, change=3.55e-06, α=0.000, ‖θ[1:]‖₁=13.719, h_range=[4.92e+00, 2.83e+01], num_knots=423
2025-09-06 13:01:03,398 - Iter 26460: obj=-1128.861116, change=3.55e-06, α=0.000, ‖θ[1:]‖₁=13.719, h_range=[4.92e+00, 2.83e+01], num_knots=423
2025-09-06 13:01:03,485 - Iter 26470: obj=-1128.865933, change=3.55e-06, α=0.000, ‖θ[1:]‖₁=13.719, h_range=[4.92e+00, 2.83e+01], num_knots=423
2025-09-06 13:01:03,565 - Iter 26480: obj=-1128.870751, change=3.55e-06, α=0.000, ‖θ[1:]‖₁=13.719, h_range=[4.92e+00, 2.83e+01], num_knots=423
2025-09-06 13:01:03,649 - Iter 26490: obj=-1128.875568, change=3.55e-06, α=0.000, ‖θ[1:]‖₁=13.719, h_range=[4.92e+00, 2.83e+01], num_knots=423
2025-09-06 13:01:03,747 - Iter 26500: obj=-1128.880364, change=3.81e-06, α=0.000, ‖θ[1:]‖₁=13.719, h_range=[4.92e+00, 2.83e+01], num_knots=422
2025-09-06 13:01:03,831 - Iter 26510: obj=-1128.885153, change=3.65e-06, α=0.000, ‖θ[1:]‖₁=13.719, h_range=[4.92e+00, 2.83e+01], num_knots=422
2025-09-06 13:01:03,937 - Iter 26520: obj=-1128.889941, change=3.55e-06, α=0.000, ‖θ[1:]‖₁=13.719, h_range=[4.92e+00, 2.83e+01], num_knots=422
2025-09-06 13:01:04,028 - Iter 26530: obj=-1128.894729, change=3.55e-06, α=0.000, ‖θ[1:]‖₁=13.719, h_range=[4.92e+00, 2.83e+01], num_knots=422
2025-09-06 13:01:04,116 - Iter 26540: obj=-1128.899517, change=3.55e-06, α=0.000, ‖θ[1:]‖₁=13.719, h_range=[4.92e+00, 2.83e+01], num_knots=422
2025-09-06 13:01:04,207 - Iter 26550: obj=-1128.904304, change=3.54e-06, α=0.000, ‖θ[1:]‖₁=13.719, h_range=[4.92e+00, 2.83e+01], num_knots=422
2025-09-06 13:01:04,288 - Iter 26560: obj=-1128.909092, change=3.54e-06, α=0.000, ‖θ[1:]‖₁=13.720, h_range=[4.92e+00, 2.83e+01], num_knots=422
2025-09-06 13:01:04,396 - Iter 26570: obj=-1128.913878, change=3.54e-06, α=0.000, ‖θ[1:]‖₁=13.720, h_range=[4.92e+00, 2.83e+01], num_knots=422
2025-09-06 13:01:04,487 - Iter 26580: obj=-1128.918665, change=3.54e-06, α=0.000, ‖θ[1:]‖₁=13.720, h_range=[4.92e+00, 2.83e+01], num_knots=422
2025-09-06 13:01:04,574 - Iter 26590: obj=-1128.923451, change=3.54e-06, α=0.000, ‖θ[1:]‖₁=13.720, h_range=[4.92e+00, 2.83e+01], num_knots=422
2025-09-06 13:01:04,663 - Iter 26600: obj=-1128.928236, change=3.54e-06, α=0.000, ‖θ[1:]‖₁=13.720, h_range=[4.92e+00, 2.83e+01], num_knots=422
2025-09-06 13:01:04,778 - Iter 26610: obj=-1128.933022, change=3.54e-06, α=0.000, ‖θ[1:]‖₁=13.720, h_range=[4.92e+00, 2.83e+01], num_knots=422
2025-09-06 13:01:04,851 - Iter 26620: obj=-1128.937807, change=3.54e-06, α=0.000, ‖θ[1:]‖₁=13.720, h_range=[4.92e+00, 2.83e+01], num_knots=422
2025-09-06 13:01:04,948 - Iter 26630: obj=-1128.942592, change=3.54e-06, α=0.000, ‖θ[1:]‖₁=13.720, h_range=[4.92e+00, 2.83e+01], num_knots=422
2025-09-06 13:01:05,043 - Iter 26640: obj=-1128.947376, change=3.54e-06, α=0.000, ‖θ[1:]‖₁=13.720, h_range=[4.92e+00, 2.83e+01], num_knots=421
2025-09-06 13:01:05,118 - Iter 26650: obj=-1128.952143, change=3.54e-06, α=0.000, ‖θ[1:]‖₁=13.720, h_range=[4.92e+00, 2.83e+01], num_knots=421
2025-09-06 13:01:05,202 - Iter 26660: obj=-1128.956910, change=3.54e-06, α=0.000, ‖θ[1:]‖₁=13.720, h_range=[4.92e+00, 2.83e+01], num_knots=421
2025-09-06 13:01:05,327 - Iter 26670: obj=-1128.961677, change=3.54e-06, α=0.000, ‖θ[1:]‖₁=13.720, h_range=[4.92e+00, 2.83e+01], num_knots=421
2025-09-06 13:01:05,414 - Iter 26680: obj=-1128.966443, change=3.54e-06, α=0.000, ‖θ[1:]‖₁=13.720, h_range=[4.92e+00, 2.83e+01], num_knots=421
2025-09-06 13:01:05,494 - Iter 26690: obj=-1128.971209, change=3.54e-06, α=0.000, ‖θ[1:]‖₁=13.720, h_range=[4.92e+00, 2.83e+01], num_knots=421
2025-09-06 13:01:05,576 - Iter 26700: obj=-1128.975972, change=3.54e-06, α=0.000, ‖θ[1:]‖₁=13.721, h_range=[4.92e+00, 2.83e+01], num_knots=420
2025-09-06 13:01:05,662 - Iter 26710: obj=-1128.980720, change=3.54e-06, α=0.000, ‖θ[1:]‖₁=13.721, h_range=[4.92e+00, 2.83e+01], num_knots=420
2025-09-06 13:01:05,754 - Iter 26720: obj=-1128.985467, change=3.54e-06, α=0.000, ‖θ[1:]‖₁=13.721, h_range=[4.92e+00, 2.83e+01], num_knots=420
2025-09-06 13:01:05,830 - Iter 26730: obj=-1128.990214, change=3.54e-06, α=0.000, ‖θ[1:]‖₁=13.721, h_range=[4.92e+00, 2.83e+01], num_knots=420
2025-09-06 13:01:05,917 - Iter 26740: obj=-1128.994961, change=3.54e-06, α=0.000, ‖θ[1:]‖₁=13.721, h_range=[4.92e+00, 2.83e+01], num_knots=420
2025-09-06 13:01:05,997 - Iter 26750: obj=-1128.999707, change=3.54e-06, α=0.000, ‖θ[1:]‖₁=13.721, h_range=[4.92e+00, 2.83e+01], num_knots=420
2025-09-06 13:01:06,078 - Iter 26760: obj=-1129.004453, change=3.54e-06, α=0.000, ‖θ[1:]‖₁=13.721, h_range=[4.92e+00, 2.83e+01], num_knots=420
2025-09-06 13:01:06,163 - Iter 26770: obj=-1129.009199, change=3.53e-06, α=0.000, ‖θ[1:]‖₁=13.721, h_range=[4.92e+00, 2.83e+01], num_knots=420
2025-09-06 13:01:06,250 - Iter 26780: obj=-1129.013945, change=3.53e-06, α=0.000, ‖θ[1:]‖₁=13.721, h_range=[4.92e+00, 2.83e+01], num_knots=420
2025-09-06 13:01:06,334 - Iter 26790: obj=-1129.018690, change=3.53e-06, α=0.000, ‖θ[1:]‖₁=13.721, h_range=[4.92e+00, 2.83e+01], num_knots=420
2025-09-06 13:01:06,410 - Iter 26800: obj=-1129.023435, change=3.53e-06, α=0.000, ‖θ[1:]‖₁=13.721, h_range=[4.92e+00, 2.83e+01], num_knots=420
2025-09-06 13:01:06,484 - Iter 26810: obj=-1129.028179, change=3.53e-06, α=0.000, ‖θ[1:]‖₁=13.721, h_range=[4.92e+00, 2.83e+01], num_knots=420
2025-09-06 13:01:06,575 - Iter 26820: obj=-1129.032924, change=3.53e-06, α=0.000, ‖θ[1:]‖₁=13.721, h_range=[4.92e+00, 2.83e+01], num_knots=420
2025-09-06 13:01:06,657 - Iter 26830: obj=-1129.037668, change=3.53e-06, α=0.000, ‖θ[1:]‖₁=13.721, h_range=[4.92e+00, 2.83e+01], num_knots=420
2025-09-06 13:01:06,745 - Iter 26840: obj=-1129.042412, change=3.53e-06, α=0.000, ‖θ[1:]‖₁=13.721, h_range=[4.92e+00, 2.83e+01], num_knots=420
2025-09-06 13:01:06,849 - Iter 26850: obj=-1129.047155, change=3.53e-06, α=0.000, ‖θ[1:]‖₁=13.722, h_range=[4.92e+00, 2.83e+01], num_knots=420
2025-09-06 13:01:06,928 - Iter 26860: obj=-1129.051899, change=3.53e-06, α=0.000, ‖θ[1:]‖₁=13.722, h_range=[4.92e+00, 2.83e+01], num_knots=420
2025-09-06 13:01:07,033 - Iter 26870: obj=-1129.056642, change=3.53e-06, α=0.000, ‖θ[1:]‖₁=13.722, h_range=[4.92e+00, 2.83e+01], num_knots=420
2025-09-06 13:01:07,131 - Iter 26880: obj=-1129.061384, change=3.53e-06, α=0.000, ‖θ[1:]‖₁=13.722, h_range=[4.92e+00, 2.83e+01], num_knots=420
2025-09-06 13:01:07,217 - Iter 26890: obj=-1129.066127, change=3.53e-06, α=0.000, ‖θ[1:]‖₁=13.722, h_range=[4.92e+00, 2.83e+01], num_knots=420
2025-09-06 13:01:07,291 - Iter 26900: obj=-1129.070868, change=3.53e-06, α=0.000, ‖θ[1:]‖₁=13.722, h_range=[4.92e+00, 2.83e+01], num_knots=419
2025-09-06 13:01:07,365 - Iter 26910: obj=-1129.075577, change=3.53e-06, α=0.000, ‖θ[1:]‖₁=13.722, h_range=[4.92e+00, 2.83e+01], num_knots=418
2025-09-06 13:01:07,448 - Iter 26920: obj=-1129.080271, change=3.53e-06, α=0.000, ‖θ[1:]‖₁=13.722, h_range=[4.92e+00, 2.83e+01], num_knots=418
2025-09-06 13:01:07,555 - Iter 26930: obj=-1129.084965, change=3.53e-06, α=0.000, ‖θ[1:]‖₁=13.722, h_range=[4.92e+00, 2.83e+01], num_knots=418
2025-09-06 13:01:07,635 - Iter 26940: obj=-1129.089659, change=3.53e-06, α=0.000, ‖θ[1:]‖₁=13.722, h_range=[4.92e+00, 2.83e+01], num_knots=418
2025-09-06 13:01:07,715 - Iter 26950: obj=-1129.094353, change=3.53e-06, α=0.000, ‖θ[1:]‖₁=13.722, h_range=[4.92e+00, 2.83e+01], num_knots=418
2025-09-06 13:01:07,815 - Iter 26960: obj=-1129.099046, change=3.53e-06, α=0.000, ‖θ[1:]‖₁=13.722, h_range=[4.92e+00, 2.83e+01], num_knots=418
2025-09-06 13:01:07,902 - Iter 26970: obj=-1129.103739, change=3.53e-06, α=0.000, ‖θ[1:]‖₁=13.722, h_range=[4.92e+00, 2.83e+01], num_knots=418
2025-09-06 13:01:07,995 - Iter 26980: obj=-1129.108431, change=3.53e-06, α=0.000, ‖θ[1:]‖₁=13.722, h_range=[4.92e+00, 2.83e+01], num_knots=418
2025-09-06 13:01:08,083 - Iter 26990: obj=-1129.113124, change=3.53e-06, α=0.000, ‖θ[1:]‖₁=13.722, h_range=[4.92e+00, 2.83e+01], num_knots=418
2025-09-06 13:01:08,170 - Iter 27000: obj=-1129.117816, change=3.53e-06, α=0.000, ‖θ[1:]‖₁=13.723, h_range=[4.92e+00, 2.83e+01], num_knots=418
2025-09-06 13:01:08,247 - Iter 27010: obj=-1129.122508, change=3.53e-06, α=0.000, ‖θ[1:]‖₁=13.723, h_range=[4.92e+00, 2.83e+01], num_knots=418
2025-09-06 13:01:08,379 - Iter 27020: obj=-1129.127199, change=3.53e-06, α=0.000, ‖θ[1:]‖₁=13.723, h_range=[4.92e+00, 2.83e+01], num_knots=417
2025-09-06 13:01:08,497 - Iter 27030: obj=-1129.131877, change=3.53e-06, α=0.000, ‖θ[1:]‖₁=13.723, h_range=[4.92e+00, 2.83e+01], num_knots=417
2025-09-06 13:01:08,647 - Iter 27040: obj=-1129.136555, change=3.53e-06, α=0.000, ‖θ[1:]‖₁=13.723, h_range=[4.92e+00, 2.83e+01], num_knots=417
2025-09-06 13:01:08,749 - Iter 27050: obj=-1129.141232, change=3.53e-06, α=0.000, ‖θ[1:]‖₁=13.723, h_range=[4.92e+00, 2.83e+01], num_knots=417
2025-09-06 13:01:08,850 - Iter 27060: obj=-1129.145910, change=3.53e-06, α=0.000, ‖θ[1:]‖₁=13.723, h_range=[4.92e+00, 2.83e+01], num_knots=417
2025-09-06 13:01:08,943 - Iter 27070: obj=-1129.150587, change=3.53e-06, α=0.000, ‖θ[1:]‖₁=13.723, h_range=[4.92e+00, 2.83e+01], num_knots=417
2025-09-06 13:01:09,035 - Iter 27080: obj=-1129.155263, change=3.53e-06, α=0.000, ‖θ[1:]‖₁=13.723, h_range=[4.92e+00, 2.83e+01], num_knots=417
2025-09-06 13:01:09,117 - Iter 27090: obj=-1129.159939, change=3.52e-06, α=0.000, ‖θ[1:]‖₁=13.723, h_range=[4.92e+00, 2.83e+01], num_knots=417
2025-09-06 13:01:09,190 - Iter 27100: obj=-1129.164615, change=3.52e-06, α=0.000, ‖θ[1:]‖₁=13.723, h_range=[4.92e+00, 2.83e+01], num_knots=417
2025-09-06 13:01:09,274 - Iter 27110: obj=-1129.169291, change=3.52e-06, α=0.000, ‖θ[1:]‖₁=13.723, h_range=[4.92e+00, 2.83e+01], num_knots=417
2025-09-06 13:01:09,394 - Iter 27120: obj=-1129.173967, change=3.52e-06, α=0.000, ‖θ[1:]‖₁=13.723, h_range=[4.92e+00, 2.83e+01], num_knots=417
2025-09-06 13:01:09,477 - Iter 27130: obj=-1129.178642, change=3.52e-06, α=0.000, ‖θ[1:]‖₁=13.723, h_range=[4.92e+00, 2.83e+01], num_knots=417
2025-09-06 13:01:09,569 - Iter 27140: obj=-1129.183317, change=3.52e-06, α=0.000, ‖θ[1:]‖₁=13.723, h_range=[4.92e+00, 2.83e+01], num_knots=417
2025-09-06 13:01:09,672 - Iter 27150: obj=-1129.187991, change=3.52e-06, α=0.000, ‖θ[1:]‖₁=13.724, h_range=[4.92e+00, 2.83e+01], num_knots=417
2025-09-06 13:01:09,776 - Iter 27160: obj=-1129.192666, change=3.52e-06, α=0.000, ‖θ[1:]‖₁=13.724, h_range=[4.92e+00, 2.83e+01], num_knots=417
2025-09-06 13:01:09,856 - Iter 27170: obj=-1129.197340, change=3.52e-06, α=0.000, ‖θ[1:]‖₁=13.724, h_range=[4.92e+00, 2.83e+01], num_knots=416
2025-09-06 13:01:09,946 - Iter 27180: obj=-1129.201993, change=3.52e-06, α=0.000, ‖θ[1:]‖₁=13.724, h_range=[4.92e+00, 2.83e+01], num_knots=416
2025-09-06 13:01:10,024 - Iter 27190: obj=-1129.206645, change=3.52e-06, α=0.000, ‖θ[1:]‖₁=13.724, h_range=[4.92e+00, 2.83e+01], num_knots=416
2025-09-06 13:01:10,095 - Iter 27200: obj=-1129.211297, change=3.52e-06, α=0.000, ‖θ[1:]‖₁=13.724, h_range=[4.92e+00, 2.83e+01], num_knots=416
2025-09-06 13:01:10,176 - Iter 27210: obj=-1129.215938, change=3.52e-06, α=0.000, ‖θ[1:]‖₁=13.724, h_range=[4.92e+00, 2.83e+01], num_knots=415
2025-09-06 13:01:10,275 - Iter 27220: obj=-1129.220576, change=3.52e-06, α=0.000, ‖θ[1:]‖₁=13.724, h_range=[4.92e+00, 2.83e+01], num_knots=415
2025-09-06 13:01:10,374 - Iter 27230: obj=-1129.225214, change=3.52e-06, α=0.000, ‖θ[1:]‖₁=13.724, h_range=[4.92e+00, 2.83e+01], num_knots=415
2025-09-06 13:01:10,465 - Iter 27240: obj=-1129.229852, change=3.52e-06, α=0.000, ‖θ[1:]‖₁=13.724, h_range=[4.92e+00, 2.83e+01], num_knots=415
2025-09-06 13:01:10,558 - Iter 27250: obj=-1129.234486, change=3.52e-06, α=0.000, ‖θ[1:]‖₁=13.724, h_range=[4.92e+00, 2.83e+01], num_knots=414
2025-09-06 13:01:10,679 - Iter 27260: obj=-1129.239103, change=3.52e-06, α=0.000, ‖θ[1:]‖₁=13.724, h_range=[4.92e+00, 2.83e+01], num_knots=414
2025-09-06 13:01:10,781 - Iter 27270: obj=-1129.243719, change=3.52e-06, α=0.000, ‖θ[1:]‖₁=13.724, h_range=[4.92e+00, 2.83e+01], num_knots=414
2025-09-06 13:01:10,859 - Iter 27280: obj=-1129.248335, change=3.52e-06, α=0.000, ‖θ[1:]‖₁=13.724, h_range=[4.92e+00, 2.83e+01], num_knots=414
2025-09-06 13:01:10,948 - Iter 27290: obj=-1129.252951, change=3.52e-06, α=0.000, ‖θ[1:]‖₁=13.724, h_range=[4.92e+00, 2.83e+01], num_knots=414
2025-09-06 13:01:11,030 - Iter 27300: obj=-1129.257566, change=3.51e-06, α=0.000, ‖θ[1:]‖₁=13.724, h_range=[4.92e+00, 2.83e+01], num_knots=414
2025-09-06 13:01:11,118 - Iter 27310: obj=-1129.262181, change=3.51e-06, α=0.000, ‖θ[1:]‖₁=13.725, h_range=[4.92e+00, 2.83e+01], num_knots=414
2025-09-06 13:01:11,206 - Iter 27320: obj=-1129.266796, change=3.51e-06, α=0.000, ‖θ[1:]‖₁=13.725, h_range=[4.92e+00, 2.83e+01], num_knots=414
2025-09-06 13:01:11,312 - Iter 27330: obj=-1129.271408, change=3.51e-06, α=0.000, ‖θ[1:]‖₁=13.725, h_range=[4.92e+00, 2.83e+01], num_knots=413
2025-09-06 13:01:11,394 - Iter 27340: obj=-1129.276016, change=3.51e-06, α=0.000, ‖θ[1:]‖₁=13.725, h_range=[4.92e+00, 2.83e+01], num_knots=413
2025-09-06 13:01:11,478 - Iter 27350: obj=-1129.280624, change=3.51e-06, α=0.000, ‖θ[1:]‖₁=13.725, h_range=[4.92e+00, 2.83e+01], num_knots=413
2025-09-06 13:01:11,568 - Iter 27360: obj=-1129.285231, change=3.51e-06, α=0.000, ‖θ[1:]‖₁=13.725, h_range=[4.92e+00, 2.83e+01], num_knots=413
2025-09-06 13:01:11,657 - Iter 27370: obj=-1129.289838, change=3.51e-06, α=0.000, ‖θ[1:]‖₁=13.725, h_range=[4.92e+00, 2.83e+01], num_knots=413
2025-09-06 13:01:11,740 - Iter 27380: obj=-1129.294445, change=3.51e-06, α=0.000, ‖θ[1:]‖₁=13.725, h_range=[4.92e+00, 2.83e+01], num_knots=413
2025-09-06 13:01:11,838 - Iter 27390: obj=-1129.299052, change=3.51e-06, α=0.000, ‖θ[1:]‖₁=13.725, h_range=[4.92e+00, 2.83e+01], num_knots=413
2025-09-06 13:01:11,923 - Iter 27400: obj=-1129.303658, change=3.51e-06, α=0.000, ‖θ[1:]‖₁=13.725, h_range=[4.92e+00, 2.83e+01], num_knots=413
2025-09-06 13:01:12,015 - Iter 27410: obj=-1129.308265, change=3.51e-06, α=0.000, ‖θ[1:]‖₁=13.725, h_range=[4.92e+00, 2.83e+01], num_knots=413
2025-09-06 13:01:12,100 - Iter 27420: obj=-1129.312871, change=3.51e-06, α=0.000, ‖θ[1:]‖₁=13.725, h_range=[4.92e+00, 2.83e+01], num_knots=413
2025-09-06 13:01:12,171 - Iter 27430: obj=-1129.317476, change=3.51e-06, α=0.000, ‖θ[1:]‖₁=13.725, h_range=[4.92e+00, 2.83e+01], num_knots=413
2025-09-06 13:01:12,260 - Iter 27440: obj=-1129.322082, change=3.51e-06, α=0.000, ‖θ[1:]‖₁=13.725, h_range=[4.92e+00, 2.83e+01], num_knots=413
2025-09-06 13:01:12,343 - Iter 27450: obj=-1129.326687, change=3.51e-06, α=0.000, ‖θ[1:]‖₁=13.725, h_range=[4.92e+00, 2.83e+01], num_knots=413
2025-09-06 13:01:12,413 - Iter 27460: obj=-1129.331292, change=3.51e-06, α=0.000, ‖θ[1:]‖₁=13.726, h_range=[4.92e+00, 2.83e+01], num_knots=413
2025-09-06 13:01:12,496 - Iter 27470: obj=-1129.335897, change=3.51e-06, α=0.000, ‖θ[1:]‖₁=13.726, h_range=[4.92e+00, 2.83e+01], num_knots=413
2025-09-06 13:01:12,583 - Iter 27480: obj=-1129.340502, change=3.51e-06, α=0.000, ‖θ[1:]‖₁=13.726, h_range=[4.92e+00, 2.83e+01], num_knots=413
2025-09-06 13:01:12,665 - Iter 27490: obj=-1129.345106, change=3.50e-06, α=0.000, ‖θ[1:]‖₁=13.726, h_range=[4.92e+00, 2.83e+01], num_knots=413
2025-09-06 13:01:12,745 - Iter 27500: obj=-1129.349710, change=3.50e-06, α=0.000, ‖θ[1:]‖₁=13.726, h_range=[4.92e+00, 2.83e+01], num_knots=413
2025-09-06 13:01:12,829 - Iter 27510: obj=-1129.354314, change=3.50e-06, α=0.000, ‖θ[1:]‖₁=13.726, h_range=[4.92e+00, 2.83e+01], num_knots=413
2025-09-06 13:01:12,905 - Iter 27520: obj=-1129.358918, change=3.50e-06, α=0.000, ‖θ[1:]‖₁=13.726, h_range=[4.92e+00, 2.83e+01], num_knots=413
2025-09-06 13:01:13,001 - Iter 27530: obj=-1129.363522, change=3.50e-06, α=0.000, ‖θ[1:]‖₁=13.726, h_range=[4.92e+00, 2.83e+01], num_knots=413
2025-09-06 13:01:13,081 - Iter 27540: obj=-1129.368125, change=3.50e-06, α=0.000, ‖θ[1:]‖₁=13.726, h_range=[4.92e+00, 2.83e+01], num_knots=413
2025-09-06 13:01:13,168 - Iter 27550: obj=-1129.372728, change=3.50e-06, α=0.000, ‖θ[1:]‖₁=13.726, h_range=[4.92e+00, 2.83e+01], num_knots=413
2025-09-06 13:01:13,263 - Iter 27560: obj=-1129.377331, change=3.50e-06, α=0.000, ‖θ[1:]‖₁=13.726, h_range=[4.92e+00, 2.83e+01], num_knots=413
2025-09-06 13:01:13,346 - Iter 27570: obj=-1129.381933, change=3.50e-06, α=0.000, ‖θ[1:]‖₁=13.726, h_range=[4.92e+00, 2.83e+01], num_knots=413
2025-09-06 13:01:13,431 - Iter 27580: obj=-1129.386536, change=3.50e-06, α=0.000, ‖θ[1:]‖₁=13.726, h_range=[4.92e+00, 2.83e+01], num_knots=413
2025-09-06 13:01:13,521 - Iter 27590: obj=-1129.391138, change=3.50e-06, α=0.000, ‖θ[1:]‖₁=13.726, h_range=[4.92e+00, 2.83e+01], num_knots=413
2025-09-06 13:01:13,612 - Iter 27600: obj=-1129.395740, change=3.50e-06, α=0.000, ‖θ[1:]‖₁=13.726, h_range=[4.92e+00, 2.83e+01], num_knots=413
2025-09-06 13:01:13,707 - Iter 27610: obj=-1129.400342, change=3.50e-06, α=0.000, ‖θ[1:]‖₁=13.726, h_range=[4.92e+00, 2.83e+01], num_knots=413
2025-09-06 13:01:13,780 - Iter 27620: obj=-1129.404944, change=3.50e-06, α=0.000, ‖θ[1:]‖₁=13.726, h_range=[4.92e+00, 2.83e+01], num_knots=413
2025-09-06 13:01:13,856 - Iter 27630: obj=-1129.409545, change=3.50e-06, α=0.000, ‖θ[1:]‖₁=13.726, h_range=[4.92e+00, 2.83e+01], num_knots=413
2025-09-06 13:01:14,005 - Iter 27640: obj=-1129.414146, change=3.50e-06, α=0.000, ‖θ[1:]‖₁=13.726, h_range=[4.92e+00, 2.83e+01], num_knots=413
2025-09-06 13:01:14,092 - Iter 27650: obj=-1129.418747, change=3.50e-06, α=0.000, ‖θ[1:]‖₁=13.726, h_range=[4.92e+00, 2.83e+01], num_knots=413
2025-09-06 13:01:14,168 - Iter 27660: obj=-1129.423327, change=3.50e-06, α=0.000, ‖θ[1:]‖₁=13.726, h_range=[4.92e+00, 2.83e+01], num_knots=412
2025-09-06 13:01:14,267 - Iter 27670: obj=-1129.427898, change=3.50e-06, α=0.000, ‖θ[1:]‖₁=13.727, h_range=[4.92e+00, 2.83e+01], num_knots=412
2025-09-06 13:01:14,379 - Iter 27680: obj=-1129.432468, change=3.50e-06, α=0.000, ‖θ[1:]‖₁=13.727, h_range=[4.92e+00, 2.83e+01], num_knots=412
2025-09-06 13:01:14,461 - Iter 27690: obj=-1129.437038, change=3.50e-06, α=0.000, ‖θ[1:]‖₁=13.727, h_range=[4.92e+00, 2.83e+01], num_knots=412
2025-09-06 13:01:14,556 - Iter 27700: obj=-1129.441608, change=3.50e-06, α=0.000, ‖θ[1:]‖₁=13.727, h_range=[4.92e+00, 2.83e+01], num_knots=412
2025-09-06 13:01:14,638 - Iter 27710: obj=-1129.446177, change=3.50e-06, α=0.000, ‖θ[1:]‖₁=13.727, h_range=[4.92e+00, 2.83e+01], num_knots=412
2025-09-06 13:01:14,743 - Iter 27720: obj=-1129.450747, change=3.50e-06, α=0.000, ‖θ[1:]‖₁=13.727, h_range=[4.92e+00, 2.83e+01], num_knots=412
2025-09-06 13:01:14,825 - Iter 27730: obj=-1129.455316, change=3.50e-06, α=0.000, ‖θ[1:]‖₁=13.727, h_range=[4.92e+00, 2.83e+01], num_knots=412
2025-09-06 13:01:14,913 - Iter 27740: obj=-1129.459885, change=3.50e-06, α=0.000, ‖θ[1:]‖₁=13.727, h_range=[4.92e+00, 2.83e+01], num_knots=412
2025-09-06 13:01:14,990 - Iter 27750: obj=-1129.464454, change=3.50e-06, α=0.000, ‖θ[1:]‖₁=13.727, h_range=[4.92e+00, 2.83e+01], num_knots=412
2025-09-06 13:01:15,063 - Iter 27760: obj=-1129.469022, change=3.50e-06, α=0.000, ‖θ[1:]‖₁=13.727, h_range=[4.92e+00, 2.83e+01], num_knots=412
2025-09-06 13:01:15,142 - Iter 27770: obj=-1129.473590, change=3.50e-06, α=0.000, ‖θ[1:]‖₁=13.727, h_range=[4.92e+00, 2.83e+01], num_knots=412
2025-09-06 13:01:15,226 - Iter 27780: obj=-1129.478158, change=3.50e-06, α=0.000, ‖θ[1:]‖₁=13.727, h_range=[4.92e+00, 2.83e+01], num_knots=412
2025-09-06 13:01:15,325 - Iter 27790: obj=-1129.482726, change=3.50e-06, α=0.000, ‖θ[1:]‖₁=13.727, h_range=[4.92e+00, 2.83e+01], num_knots=412
2025-09-06 13:01:15,406 - Iter 27800: obj=-1129.487294, change=3.50e-06, α=0.000, ‖θ[1:]‖₁=13.727, h_range=[4.92e+00, 2.83e+01], num_knots=412
2025-09-06 13:01:15,500 - Iter 27810: obj=-1129.491861, change=3.50e-06, α=0.000, ‖θ[1:]‖₁=13.727, h_range=[4.92e+00, 2.83e+01], num_knots=412
2025-09-06 13:01:15,658 - Iter 27820: obj=-1129.496428, change=3.49e-06, α=0.000, ‖θ[1:]‖₁=13.727, h_range=[4.92e+00, 2.83e+01], num_knots=412
2025-09-06 13:01:15,751 - Iter 27830: obj=-1129.500995, change=3.49e-06, α=0.000, ‖θ[1:]‖₁=13.727, h_range=[4.92e+00, 2.83e+01], num_knots=412
2025-09-06 13:01:15,849 - Iter 27840: obj=-1129.505562, change=3.49e-06, α=0.000, ‖θ[1:]‖₁=13.727, h_range=[4.92e+00, 2.83e+01], num_knots=412
2025-09-06 13:01:15,952 - Iter 27850: obj=-1129.510129, change=3.49e-06, α=0.000, ‖θ[1:]‖₁=13.727, h_range=[4.92e+00, 2.83e+01], num_knots=412
2025-09-06 13:01:16,070 - Iter 27860: obj=-1129.514695, change=3.49e-06, α=0.000, ‖θ[1:]‖₁=13.727, h_range=[4.92e+00, 2.83e+01], num_knots=412
2025-09-06 13:01:16,216 - Iter 27870: obj=-1129.519261, change=3.49e-06, α=0.000, ‖θ[1:]‖₁=13.727, h_range=[4.92e+00, 2.83e+01], num_knots=412
2025-09-06 13:01:16,327 - Iter 27880: obj=-1129.523827, change=3.49e-06, α=0.000, ‖θ[1:]‖₁=13.727, h_range=[4.92e+00, 2.83e+01], num_knots=412
2025-09-06 13:01:16,429 - Iter 27890: obj=-1129.528393, change=3.49e-06, α=0.000, ‖θ[1:]‖₁=13.727, h_range=[4.92e+00, 2.83e+01], num_knots=412
2025-09-06 13:01:16,511 - Iter 27900: obj=-1129.532959, change=3.49e-06, α=0.000, ‖θ[1:]‖₁=13.728, h_range=[4.92e+00, 2.83e+01], num_knots=412
2025-09-06 13:01:16,592 - Iter 27910: obj=-1129.537524, change=3.49e-06, α=0.000, ‖θ[1:]‖₁=13.728, h_range=[4.92e+00, 2.83e+01], num_knots=412
2025-09-06 13:01:16,672 - Iter 27920: obj=-1129.542089, change=3.49e-06, α=0.000, ‖θ[1:]‖₁=13.728, h_range=[4.92e+00, 2.83e+01], num_knots=412
2025-09-06 13:01:16,775 - Iter 27930: obj=-1129.546654, change=3.49e-06, α=0.000, ‖θ[1:]‖₁=13.728, h_range=[4.92e+00, 2.83e+01], num_knots=412
2025-09-06 13:01:16,855 - Iter 27940: obj=-1129.551219, change=3.49e-06, α=0.000, ‖θ[1:]‖₁=13.728, h_range=[4.92e+00, 2.83e+01], num_knots=412
2025-09-06 13:01:16,956 - Iter 27950: obj=-1129.555784, change=3.49e-06, α=0.000, ‖θ[1:]‖₁=13.728, h_range=[4.92e+00, 2.83e+01], num_knots=412
2025-09-06 13:01:17,031 - Iter 27960: obj=-1129.560347, change=3.49e-06, α=0.000, ‖θ[1:]‖₁=13.728, h_range=[4.92e+00, 2.83e+01], num_knots=411
2025-09-06 13:01:17,123 - Iter 27970: obj=-1129.564889, change=3.49e-06, α=0.000, ‖θ[1:]‖₁=13.728, h_range=[4.92e+00, 2.83e+01], num_knots=411
2025-09-06 13:01:17,206 - Iter 27980: obj=-1129.569430, change=3.49e-06, α=0.000, ‖θ[1:]‖₁=13.728, h_range=[4.92e+00, 2.83e+01], num_knots=411
2025-09-06 13:01:17,283 - Iter 27990: obj=-1129.573972, change=3.49e-06, α=0.000, ‖θ[1:]‖₁=13.728, h_range=[4.92e+00, 2.83e+01], num_knots=411
2025-09-06 13:01:17,373 - Iter 28000: obj=-1129.578513, change=3.49e-06, α=0.000, ‖θ[1:]‖₁=13.728, h_range=[4.92e+00, 2.83e+01], num_knots=411
2025-09-06 13:01:17,475 - Iter 28010: obj=-1129.583054, change=3.49e-06, α=0.000, ‖θ[1:]‖₁=13.728, h_range=[4.92e+00, 2.83e+01], num_knots=411
2025-09-06 13:01:17,548 - Iter 28020: obj=-1129.587594, change=3.49e-06, α=0.000, ‖θ[1:]‖₁=13.728, h_range=[4.92e+00, 2.83e+01], num_knots=411
2025-09-06 13:01:17,690 - Iter 28030: obj=-1129.592135, change=3.49e-06, α=0.000, ‖θ[1:]‖₁=13.728, h_range=[4.92e+00, 2.83e+01], num_knots=411
2025-09-06 13:01:17,759 - Iter 28040: obj=-1129.596675, change=3.49e-06, α=0.000, ‖θ[1:]‖₁=13.728, h_range=[4.92e+00, 2.83e+01], num_knots=411
2025-09-06 13:01:17,843 - Iter 28050: obj=-1129.601215, change=3.49e-06, α=0.000, ‖θ[1:]‖₁=13.728, h_range=[4.92e+00, 2.83e+01], num_knots=411
2025-09-06 13:01:17,939 - Iter 28060: obj=-1129.605755, change=3.49e-06, α=0.000, ‖θ[1:]‖₁=13.728, h_range=[4.92e+00, 2.83e+01], num_knots=411
2025-09-06 13:01:18,035 - Iter 28070: obj=-1129.610295, change=3.49e-06, α=0.000, ‖θ[1:]‖₁=13.728, h_range=[4.92e+00, 2.83e+01], num_knots=411
2025-09-06 13:01:18,125 - Iter 28080: obj=-1129.614834, change=3.49e-06, α=0.000, ‖θ[1:]‖₁=13.728, h_range=[4.92e+00, 2.83e+01], num_knots=411
2025-09-06 13:01:18,216 - Iter 28090: obj=-1129.619374, change=3.49e-06, α=0.000, ‖θ[1:]‖₁=13.728, h_range=[4.92e+00, 2.83e+01], num_knots=411
2025-09-06 13:01:18,313 - Iter 28100: obj=-1129.623913, change=3.49e-06, α=0.000, ‖θ[1:]‖₁=13.728, h_range=[4.92e+00, 2.83e+01], num_knots=411
2025-09-06 13:01:18,406 - Iter 28110: obj=-1129.628452, change=3.49e-06, α=0.000, ‖θ[1:]‖₁=13.728, h_range=[4.92e+00, 2.83e+01], num_knots=411
2025-09-06 13:01:18,492 - Iter 28120: obj=-1129.632990, change=3.49e-06, α=0.000, ‖θ[1:]‖₁=13.728, h_range=[4.92e+00, 2.83e+01], num_knots=411
2025-09-06 13:01:18,583 - Iter 28130: obj=-1129.637526, change=3.49e-06, α=0.000, ‖θ[1:]‖₁=13.728, h_range=[4.92e+00, 2.83e+01], num_knots=409
2025-09-06 13:01:18,662 - Iter 28140: obj=-1129.642024, change=3.49e-06, α=0.000, ‖θ[1:]‖₁=13.728, h_range=[4.92e+00, 2.83e+01], num_knots=409
2025-09-06 13:01:18,763 - Iter 28150: obj=-1129.646521, change=3.49e-06, α=0.000, ‖θ[1:]‖₁=13.728, h_range=[4.92e+00, 2.83e+01], num_knots=409
2025-09-06 13:01:18,859 - Iter 28160: obj=-1129.651017, change=3.49e-06, α=0.000, ‖θ[1:]‖₁=13.729, h_range=[4.92e+00, 2.83e+01], num_knots=409
2025-09-06 13:01:18,954 - Iter 28170: obj=-1129.655513, change=3.49e-06, α=0.000, ‖θ[1:]‖₁=13.729, h_range=[4.92e+00, 2.83e+01], num_knots=409
2025-09-06 13:01:19,053 - Iter 28180: obj=-1129.660009, change=3.49e-06, α=0.000, ‖θ[1:]‖₁=13.729, h_range=[4.92e+00, 2.83e+01], num_knots=409
2025-09-06 13:01:19,141 - Iter 28190: obj=-1129.664504, change=3.49e-06, α=0.000, ‖θ[1:]‖₁=13.729, h_range=[4.92e+00, 2.83e+01], num_knots=409
2025-09-06 13:01:19,239 - Iter 28200: obj=-1129.668969, change=3.49e-06, α=0.000, ‖θ[1:]‖₁=13.729, h_range=[4.92e+00, 2.83e+01], num_knots=408
2025-09-06 13:01:19,329 - Iter 28210: obj=-1129.673402, change=3.49e-06, α=0.000, ‖θ[1:]‖₁=13.729, h_range=[4.92e+00, 2.83e+01], num_knots=408
2025-09-06 13:01:19,440 - Iter 28220: obj=-1129.677835, change=3.49e-06, α=0.000, ‖θ[1:]‖₁=13.729, h_range=[4.92e+00, 2.83e+01], num_knots=408
2025-09-06 13:01:19,509 - Iter 28230: obj=-1129.682267, change=3.49e-06, α=0.000, ‖θ[1:]‖₁=13.729, h_range=[4.92e+00, 2.83e+01], num_knots=408
2025-09-06 13:01:19,592 - Iter 28240: obj=-1129.686699, change=3.49e-06, α=0.000, ‖θ[1:]‖₁=13.729, h_range=[4.92e+00, 2.83e+01], num_knots=408
2025-09-06 13:01:19,689 - Iter 28250: obj=-1129.691131, change=3.49e-06, α=0.000, ‖θ[1:]‖₁=13.729, h_range=[4.92e+00, 2.83e+01], num_knots=408
2025-09-06 13:01:19,761 - Iter 28260: obj=-1129.695560, change=3.49e-06, α=0.000, ‖θ[1:]‖₁=13.729, h_range=[4.92e+00, 2.83e+01], num_knots=407
2025-09-06 13:01:19,838 - Iter 28270: obj=-1129.699935, change=3.49e-06, α=0.000, ‖θ[1:]‖₁=13.729, h_range=[4.92e+00, 2.83e+01], num_knots=406
2025-09-06 13:01:19,916 - Iter 28280: obj=-1129.704305, change=3.49e-06, α=0.000, ‖θ[1:]‖₁=13.729, h_range=[4.92e+00, 2.83e+01], num_knots=406
2025-09-06 13:01:19,998 - Iter 28290: obj=-1129.708675, change=3.49e-06, α=0.000, ‖θ[1:]‖₁=13.729, h_range=[4.92e+00, 2.83e+01], num_knots=406
2025-09-06 13:01:20,076 - Iter 28300: obj=-1129.713045, change=3.49e-06, α=0.000, ‖θ[1:]‖₁=13.729, h_range=[4.92e+00, 2.83e+01], num_knots=406
2025-09-06 13:01:20,161 - Iter 28310: obj=-1129.717414, change=3.49e-06, α=0.000, ‖θ[1:]‖₁=13.729, h_range=[4.92e+00, 2.83e+01], num_knots=406
2025-09-06 13:01:20,241 - Iter 28320: obj=-1129.721782, change=3.49e-06, α=0.000, ‖θ[1:]‖₁=13.730, h_range=[4.92e+00, 2.83e+01], num_knots=406
2025-09-06 13:01:20,323 - Iter 28330: obj=-1129.726151, change=3.49e-06, α=0.000, ‖θ[1:]‖₁=13.730, h_range=[4.92e+00, 2.83e+01], num_knots=406
2025-09-06 13:01:20,394 - Iter 28340: obj=-1129.730519, change=3.49e-06, α=0.000, ‖θ[1:]‖₁=13.730, h_range=[4.92e+00, 2.83e+01], num_knots=406
2025-09-06 13:01:20,474 - Iter 28350: obj=-1129.734887, change=3.49e-06, α=0.000, ‖θ[1:]‖₁=13.730, h_range=[4.92e+00, 2.83e+01], num_knots=406
2025-09-06 13:01:20,548 - Iter 28360: obj=-1129.739254, change=3.49e-06, α=0.000, ‖θ[1:]‖₁=13.730, h_range=[4.92e+00, 2.83e+01], num_knots=406
2025-09-06 13:01:20,650 - Iter 28370: obj=-1129.743621, change=3.49e-06, α=0.000, ‖θ[1:]‖₁=13.730, h_range=[4.92e+00, 2.83e+01], num_knots=406
2025-09-06 13:01:20,747 - Iter 28380: obj=-1129.747988, change=3.49e-06, α=0.000, ‖θ[1:]‖₁=13.730, h_range=[4.92e+00, 2.83e+01], num_knots=406
2025-09-06 13:01:20,827 - Iter 28390: obj=-1129.752355, change=3.49e-06, α=0.000, ‖θ[1:]‖₁=13.730, h_range=[4.92e+00, 2.83e+01], num_knots=406
2025-09-06 13:01:20,908 - Iter 28400: obj=-1129.756721, change=3.49e-06, α=0.000, ‖θ[1:]‖₁=13.730, h_range=[4.92e+00, 2.83e+01], num_knots=406
2025-09-06 13:01:20,998 - Iter 28410: obj=-1129.761087, change=3.49e-06, α=0.000, ‖θ[1:]‖₁=13.730, h_range=[4.92e+00, 2.83e+01], num_knots=406
2025-09-06 13:01:21,102 - Iter 28420: obj=-1129.765453, change=3.49e-06, α=0.000, ‖θ[1:]‖₁=13.730, h_range=[4.92e+00, 2.83e+01], num_knots=406
2025-09-06 13:01:21,183 - Iter 28430: obj=-1129.769818, change=3.49e-06, α=0.000, ‖θ[1:]‖₁=13.730, h_range=[4.92e+00, 2.83e+01], num_knots=406
2025-09-06 13:01:21,284 - Iter 28440: obj=-1129.774183, change=3.49e-06, α=0.000, ‖θ[1:]‖₁=13.730, h_range=[4.92e+00, 2.83e+01], num_knots=406
2025-09-06 13:01:21,385 - Iter 28450: obj=-1129.778548, change=3.49e-06, α=0.000, ‖θ[1:]‖₁=13.730, h_range=[4.92e+00, 2.83e+01], num_knots=406
2025-09-06 13:01:21,464 - Iter 28460: obj=-1129.782913, change=3.49e-06, α=0.000, ‖θ[1:]‖₁=13.730, h_range=[4.92e+00, 2.83e+01], num_knots=406
2025-09-06 13:01:21,544 - Iter 28470: obj=-1129.787277, change=3.49e-06, α=0.000, ‖θ[1:]‖₁=13.731, h_range=[4.92e+00, 2.83e+01], num_knots=406
2025-09-06 13:01:21,628 - Iter 28480: obj=-1129.791641, change=3.49e-06, α=0.000, ‖θ[1:]‖₁=13.731, h_range=[4.92e+00, 2.83e+01], num_knots=406
2025-09-06 13:01:21,717 - Iter 28490: obj=-1129.796005, change=3.49e-06, α=0.000, ‖θ[1:]‖₁=13.731, h_range=[4.92e+00, 2.83e+01], num_knots=406
2025-09-06 13:01:21,803 - Iter 28500: obj=-1129.800369, change=3.49e-06, α=0.000, ‖θ[1:]‖₁=13.731, h_range=[4.92e+00, 2.83e+01], num_knots=406
2025-09-06 13:01:21,903 - Iter 28510: obj=-1129.804722, change=3.49e-06, α=0.000, ‖θ[1:]‖₁=13.731, h_range=[4.92e+00, 2.83e+01], num_knots=405
2025-09-06 13:01:21,979 - Iter 28520: obj=-1129.809067, change=3.49e-06, α=0.000, ‖θ[1:]‖₁=13.731, h_range=[4.92e+00, 2.83e+01], num_knots=405
2025-09-06 13:01:22,055 - Iter 28530: obj=-1129.813411, change=3.49e-06, α=0.000, ‖θ[1:]‖₁=13.731, h_range=[4.92e+00, 2.83e+01], num_knots=405
2025-09-06 13:01:22,135 - Iter 28540: obj=-1129.817755, change=3.49e-06, α=0.000, ‖θ[1:]‖₁=13.731, h_range=[4.92e+00, 2.83e+01], num_knots=405
2025-09-06 13:01:22,238 - Iter 28550: obj=-1129.822099, change=3.49e-06, α=0.000, ‖θ[1:]‖₁=13.731, h_range=[4.92e+00, 2.83e+01], num_knots=405
2025-09-06 13:01:22,314 - Iter 28560: obj=-1129.826442, change=3.49e-06, α=0.000, ‖θ[1:]‖₁=13.731, h_range=[4.92e+00, 2.83e+01], num_knots=405
2025-09-06 13:01:22,398 - Iter 28570: obj=-1129.830785, change=3.49e-06, α=0.000, ‖θ[1:]‖₁=13.731, h_range=[4.92e+00, 2.83e+01], num_knots=405
2025-09-06 13:01:22,495 - Iter 28580: obj=-1129.835128, change=3.49e-06, α=0.000, ‖θ[1:]‖₁=13.731, h_range=[4.92e+00, 2.83e+01], num_knots=405
2025-09-06 13:01:22,591 - Iter 28590: obj=-1129.839471, change=3.49e-06, α=0.000, ‖θ[1:]‖₁=13.731, h_range=[4.92e+00, 2.83e+01], num_knots=405
2025-09-06 13:01:22,695 - Iter 28600: obj=-1129.843813, change=3.49e-06, α=0.000, ‖θ[1:]‖₁=13.731, h_range=[4.92e+00, 2.83e+01], num_knots=405
2025-09-06 13:01:22,783 - Iter 28610: obj=-1129.848156, change=3.49e-06, α=0.000, ‖θ[1:]‖₁=13.731, h_range=[4.92e+00, 2.83e+01], num_knots=405
2025-09-06 13:01:22,865 - Iter 28620: obj=-1129.852498, change=3.49e-06, α=0.000, ‖θ[1:]‖₁=13.731, h_range=[4.92e+00, 2.83e+01], num_knots=405
2025-09-06 13:01:22,956 - Iter 28630: obj=-1129.856839, change=3.49e-06, α=0.000, ‖θ[1:]‖₁=13.731, h_range=[4.92e+00, 2.83e+01], num_knots=405
2025-09-06 13:01:23,038 - Iter 28640: obj=-1129.861181, change=3.49e-06, α=0.000, ‖θ[1:]‖₁=13.731, h_range=[4.92e+00, 2.83e+01], num_knots=405
2025-09-06 13:01:23,109 - Iter 28650: obj=-1129.865522, change=3.49e-06, α=0.000, ‖θ[1:]‖₁=13.732, h_range=[4.92e+00, 2.83e+01], num_knots=405
2025-09-06 13:01:23,185 - Iter 28660: obj=-1129.869863, change=3.49e-06, α=0.000, ‖θ[1:]‖₁=13.732, h_range=[4.92e+00, 2.83e+01], num_knots=405
2025-09-06 13:01:23,278 - Iter 28670: obj=-1129.874203, change=3.49e-06, α=0.000, ‖θ[1:]‖₁=13.732, h_range=[4.92e+00, 2.83e+01], num_knots=405
2025-09-06 13:01:23,370 - Iter 28680: obj=-1129.878544, change=3.49e-06, α=0.000, ‖θ[1:]‖₁=13.732, h_range=[4.92e+00, 2.83e+01], num_knots=405
2025-09-06 13:01:23,445 - Iter 28690: obj=-1129.882884, change=3.49e-06, α=0.000, ‖θ[1:]‖₁=13.732, h_range=[4.92e+00, 2.83e+01], num_knots=405
2025-09-06 13:01:23,531 - Iter 28700: obj=-1129.887224, change=3.49e-06, α=0.000, ‖θ[1:]‖₁=13.732, h_range=[4.92e+00, 2.83e+01], num_knots=405
2025-09-06 13:01:23,616 - Iter 28710: obj=-1129.891564, change=3.49e-06, α=0.000, ‖θ[1:]‖₁=13.732, h_range=[4.92e+00, 2.83e+01], num_knots=405
2025-09-06 13:01:23,721 - Iter 28720: obj=-1129.895903, change=3.49e-06, α=0.000, ‖θ[1:]‖₁=13.732, h_range=[4.92e+00, 2.83e+01], num_knots=405
2025-09-06 13:01:23,814 - Iter 28730: obj=-1129.900243, change=3.49e-06, α=0.000, ‖θ[1:]‖₁=13.732, h_range=[4.92e+00, 2.83e+01], num_knots=405
2025-09-06 13:01:23,917 - Iter 28740: obj=-1129.904582, change=3.49e-06, α=0.000, ‖θ[1:]‖₁=13.732, h_range=[4.92e+00, 2.83e+01], num_knots=405
2025-09-06 13:01:24,015 - Iter 28750: obj=-1129.908921, change=3.49e-06, α=0.000, ‖θ[1:]‖₁=13.732, h_range=[4.92e+00, 2.83e+01], num_knots=405
2025-09-06 13:01:24,092 - Iter 28760: obj=-1129.913251, change=3.49e-06, α=0.000, ‖θ[1:]‖₁=13.732, h_range=[4.92e+00, 2.83e+01], num_knots=404
2025-09-06 13:01:24,170 - Iter 28770: obj=-1129.917575, change=3.48e-06, α=0.000, ‖θ[1:]‖₁=13.732, h_range=[4.92e+00, 2.83e+01], num_knots=404
2025-09-06 13:01:24,255 - Iter 28780: obj=-1129.921899, change=3.48e-06, α=0.000, ‖θ[1:]‖₁=13.732, h_range=[4.92e+00, 2.83e+01], num_knots=404
2025-09-06 13:01:24,365 - Iter 28790: obj=-1129.926223, change=3.48e-06, α=0.000, ‖θ[1:]‖₁=13.732, h_range=[4.92e+00, 2.83e+01], num_knots=404
2025-09-06 13:01:24,474 - Iter 28800: obj=-1129.930546, change=3.48e-06, α=0.000, ‖θ[1:]‖₁=13.732, h_range=[4.92e+00, 2.83e+01], num_knots=404
2025-09-06 13:01:24,555 - Iter 28810: obj=-1129.934869, change=3.48e-06, α=0.000, ‖θ[1:]‖₁=13.732, h_range=[4.92e+00, 2.83e+01], num_knots=404
2025-09-06 13:01:24,653 - Iter 28820: obj=-1129.939192, change=3.48e-06, α=0.000, ‖θ[1:]‖₁=13.732, h_range=[4.92e+00, 2.83e+01], num_knots=404
2025-09-06 13:01:24,745 - Iter 28830: obj=-1129.943515, change=3.48e-06, α=0.000, ‖θ[1:]‖₁=13.732, h_range=[4.92e+00, 2.83e+01], num_knots=404
2025-09-06 13:01:24,819 - Iter 28840: obj=-1129.947837, change=3.48e-06, α=0.000, ‖θ[1:]‖₁=13.732, h_range=[4.92e+00, 2.83e+01], num_knots=404
2025-09-06 13:01:24,905 - Iter 28850: obj=-1129.952159, change=3.48e-06, α=0.000, ‖θ[1:]‖₁=13.733, h_range=[4.92e+00, 2.83e+01], num_knots=404
2025-09-06 13:01:24,997 - Iter 28860: obj=-1129.956482, change=3.48e-06, α=0.000, ‖θ[1:]‖₁=13.733, h_range=[4.92e+00, 2.83e+01], num_knots=403
2025-09-06 13:01:25,088 - Iter 28870: obj=-1129.960756, change=3.48e-06, α=0.000, ‖θ[1:]‖₁=13.733, h_range=[4.92e+00, 2.83e+01], num_knots=403
2025-09-06 13:01:25,185 - Iter 28880: obj=-1129.965028, change=3.47e-06, α=0.000, ‖θ[1:]‖₁=13.733, h_range=[4.92e+00, 2.83e+01], num_knots=403
2025-09-06 13:01:25,269 - Iter 28890: obj=-1129.969300, change=3.47e-06, α=0.000, ‖θ[1:]‖₁=13.733, h_range=[4.92e+00, 2.83e+01], num_knots=403
2025-09-06 13:01:25,345 - Iter 28900: obj=-1129.973571, change=3.47e-06, α=0.000, ‖θ[1:]‖₁=13.733, h_range=[4.92e+00, 2.83e+01], num_knots=403
2025-09-06 13:01:25,431 - Iter 28910: obj=-1129.977842, change=3.47e-06, α=0.000, ‖θ[1:]‖₁=13.733, h_range=[4.92e+00, 2.83e+01], num_knots=403
2025-09-06 13:01:25,514 - Iter 28920: obj=-1129.982113, change=3.46e-06, α=0.000, ‖θ[1:]‖₁=13.733, h_range=[4.92e+00, 2.83e+01], num_knots=403
2025-09-06 13:01:25,593 - Iter 28930: obj=-1129.986384, change=3.46e-06, α=0.000, ‖θ[1:]‖₁=13.733, h_range=[4.92e+00, 2.83e+01], num_knots=403
2025-09-06 13:01:25,682 - Iter 28940: obj=-1129.990643, change=3.46e-06, α=0.000, ‖θ[1:]‖₁=13.733, h_range=[4.92e+00, 2.83e+01], num_knots=402
2025-09-06 13:01:25,765 - Iter 28950: obj=-1129.994888, change=3.46e-06, α=0.000, ‖θ[1:]‖₁=13.733, h_range=[4.92e+00, 2.83e+01], num_knots=402
2025-09-06 13:01:25,856 - Iter 28960: obj=-1129.999132, change=3.46e-06, α=0.000, ‖θ[1:]‖₁=13.733, h_range=[4.92e+00, 2.83e+01], num_knots=402
2025-09-06 13:01:25,949 - Iter 28970: obj=-1130.003375, change=3.46e-06, α=0.000, ‖θ[1:]‖₁=13.733, h_range=[4.92e+00, 2.83e+01], num_knots=402
2025-09-06 13:01:26,045 - Iter 28980: obj=-1130.007619, change=3.45e-06, α=0.000, ‖θ[1:]‖₁=13.733, h_range=[4.92e+00, 2.83e+01], num_knots=402
2025-09-06 13:01:26,142 - Iter 28990: obj=-1130.011862, change=3.45e-06, α=0.000, ‖θ[1:]‖₁=13.733, h_range=[4.92e+00, 2.83e+01], num_knots=402
2025-09-06 13:01:26,249 - Iter 29000: obj=-1130.016105, change=3.45e-06, α=0.000, ‖θ[1:]‖₁=13.734, h_range=[4.92e+00, 2.83e+01], num_knots=402
2025-09-06 13:01:26,351 - Iter 29010: obj=-1130.020347, change=3.45e-06, α=0.000, ‖θ[1:]‖₁=13.734, h_range=[4.92e+00, 2.83e+01], num_knots=402
2025-09-06 13:01:26,458 - Iter 29020: obj=-1130.024590, change=3.45e-06, α=0.000, ‖θ[1:]‖₁=13.734, h_range=[4.92e+00, 2.83e+01], num_knots=402
2025-09-06 13:01:26,625 - Iter 29030: obj=-1130.028832, change=3.44e-06, α=0.000, ‖θ[1:]‖₁=13.734, h_range=[4.92e+00, 2.83e+01], num_knots=402
2025-09-06 13:01:26,757 - Iter 29040: obj=-1130.033074, change=3.44e-06, α=0.000, ‖θ[1:]‖₁=13.734, h_range=[4.92e+00, 2.83e+01], num_knots=402
2025-09-06 13:01:26,838 - Iter 29050: obj=-1130.037315, change=3.44e-06, α=0.000, ‖θ[1:]‖₁=13.734, h_range=[4.92e+00, 2.83e+01], num_knots=402
2025-09-06 13:01:26,925 - Iter 29060: obj=-1130.041557, change=3.44e-06, α=0.000, ‖θ[1:]‖₁=13.734, h_range=[4.92e+00, 2.83e+01], num_knots=402
2025-09-06 13:01:27,000 - Iter 29070: obj=-1130.045798, change=3.44e-06, α=0.000, ‖θ[1:]‖₁=13.734, h_range=[4.92e+00, 2.83e+01], num_knots=402
2025-09-06 13:01:27,086 - Iter 29080: obj=-1130.050039, change=3.44e-06, α=0.000, ‖θ[1:]‖₁=13.734, h_range=[4.92e+00, 2.83e+01], num_knots=402
2025-09-06 13:01:27,179 - Iter 29090: obj=-1130.054279, change=3.43e-06, α=0.000, ‖θ[1:]‖₁=13.734, h_range=[4.92e+00, 2.83e+01], num_knots=402
2025-09-06 13:01:27,263 - Iter 29100: obj=-1130.058520, change=3.43e-06, α=0.000, ‖θ[1:]‖₁=13.734, h_range=[4.92e+00, 2.83e+01], num_knots=402
2025-09-06 13:01:27,363 - Iter 29110: obj=-1130.062760, change=3.43e-06, α=0.000, ‖θ[1:]‖₁=13.734, h_range=[4.92e+00, 2.83e+01], num_knots=402
2025-09-06 13:01:27,461 - Iter 29120: obj=-1130.067000, change=3.43e-06, α=0.000, ‖θ[1:]‖₁=13.734, h_range=[4.92e+00, 2.83e+01], num_knots=402
2025-09-06 13:01:27,549 - Iter 29130: obj=-1130.071239, change=3.43e-06, α=0.000, ‖θ[1:]‖₁=13.734, h_range=[4.92e+00, 2.83e+01], num_knots=402
2025-09-06 13:01:27,639 - Iter 29140: obj=-1130.075479, change=3.43e-06, α=0.000, ‖θ[1:]‖₁=13.734, h_range=[4.92e+00, 2.83e+01], num_knots=402
2025-09-06 13:01:27,752 - Iter 29150: obj=-1130.079701, change=3.43e-06, α=0.000, ‖θ[1:]‖₁=13.734, h_range=[4.92e+00, 2.83e+01], num_knots=401
2025-09-06 13:01:27,830 - Iter 29160: obj=-1130.083920, change=3.42e-06, α=0.000, ‖θ[1:]‖₁=13.735, h_range=[4.92e+00, 2.83e+01], num_knots=401
2025-09-06 13:01:27,920 - Iter 29170: obj=-1130.088139, change=3.42e-06, α=0.000, ‖θ[1:]‖₁=13.735, h_range=[4.92e+00, 2.83e+01], num_knots=401
2025-09-06 13:01:28,018 - Iter 29180: obj=-1130.092358, change=3.42e-06, α=0.000, ‖θ[1:]‖₁=13.735, h_range=[4.92e+00, 2.83e+01], num_knots=401
2025-09-06 13:01:28,109 - Iter 29190: obj=-1130.096576, change=3.42e-06, α=0.000, ‖θ[1:]‖₁=13.735, h_range=[4.92e+00, 2.83e+01], num_knots=401
2025-09-06 13:01:28,186 - Iter 29200: obj=-1130.100794, change=3.42e-06, α=0.000, ‖θ[1:]‖₁=13.735, h_range=[4.92e+00, 2.83e+01], num_knots=401
2025-09-06 13:01:28,267 - Iter 29210: obj=-1130.105007, change=3.42e-06, α=0.000, ‖θ[1:]‖₁=13.735, h_range=[4.92e+00, 2.83e+01], num_knots=400
2025-09-06 13:01:28,347 - Iter 29220: obj=-1130.109194, change=3.42e-06, α=0.000, ‖θ[1:]‖₁=13.735, h_range=[4.92e+00, 2.83e+01], num_knots=400
2025-09-06 13:01:28,445 - Iter 29230: obj=-1130.113376, change=3.42e-06, α=0.000, ‖θ[1:]‖₁=13.735, h_range=[4.92e+00, 2.83e+01], num_knots=399
2025-09-06 13:01:28,534 - Iter 29240: obj=-1130.117554, change=3.41e-06, α=0.000, ‖θ[1:]‖₁=13.735, h_range=[4.92e+00, 2.83e+01], num_knots=399
2025-09-06 13:01:28,616 - Iter 29250: obj=-1130.121732, change=3.41e-06, α=0.000, ‖θ[1:]‖₁=13.735, h_range=[4.92e+00, 2.83e+01], num_knots=399
2025-09-06 13:01:28,692 - Iter 29260: obj=-1130.125894, change=3.41e-06, α=0.000, ‖θ[1:]‖₁=13.735, h_range=[4.92e+00, 2.83e+01], num_knots=397
2025-09-06 13:01:28,780 - Iter 29270: obj=-1130.130003, change=3.41e-06, α=0.000, ‖θ[1:]‖₁=13.735, h_range=[4.92e+00, 2.83e+01], num_knots=396
2025-09-06 13:01:28,850 - Iter 29280: obj=-1130.134087, change=3.41e-06, α=0.000, ‖θ[1:]‖₁=13.735, h_range=[4.92e+00, 2.83e+01], num_knots=396
2025-09-06 13:01:28,945 - Iter 29290: obj=-1130.138169, change=3.41e-06, α=0.000, ‖θ[1:]‖₁=13.735, h_range=[4.92e+00, 2.83e+01], num_knots=396
2025-09-06 13:01:29,041 - Iter 29300: obj=-1130.142252, change=3.41e-06, α=0.000, ‖θ[1:]‖₁=13.736, h_range=[4.92e+00, 2.83e+01], num_knots=396
2025-09-06 13:01:29,117 - Iter 29310: obj=-1130.146334, change=3.41e-06, α=0.000, ‖θ[1:]‖₁=13.736, h_range=[4.92e+00, 2.83e+01], num_knots=396
2025-09-06 13:01:29,196 - Iter 29320: obj=-1130.150416, change=3.40e-06, α=0.000, ‖θ[1:]‖₁=13.736, h_range=[4.92e+00, 2.83e+01], num_knots=396
2025-09-06 13:01:29,268 - Iter 29330: obj=-1130.154497, change=3.40e-06, α=0.000, ‖θ[1:]‖₁=13.736, h_range=[4.92e+00, 2.83e+01], num_knots=396
2025-09-06 13:01:29,374 - Iter 29340: obj=-1130.158578, change=3.40e-06, α=0.000, ‖θ[1:]‖₁=13.736, h_range=[4.92e+00, 2.83e+01], num_knots=396
2025-09-06 13:01:29,481 - Iter 29350: obj=-1130.162658, change=3.40e-06, α=0.000, ‖θ[1:]‖₁=13.736, h_range=[4.92e+00, 2.83e+01], num_knots=396
2025-09-06 13:01:29,556 - Iter 29360: obj=-1130.166739, change=3.40e-06, α=0.000, ‖θ[1:]‖₁=13.736, h_range=[4.92e+00, 2.83e+01], num_knots=396
2025-09-06 13:01:29,643 - Iter 29370: obj=-1130.170819, change=3.40e-06, α=0.000, ‖θ[1:]‖₁=13.736, h_range=[4.92e+00, 2.83e+01], num_knots=396
2025-09-06 13:01:29,717 - Iter 29380: obj=-1130.174898, change=3.40e-06, α=0.000, ‖θ[1:]‖₁=13.736, h_range=[4.92e+00, 2.83e+01], num_knots=396
2025-09-06 13:01:29,798 - Iter 29390: obj=-1130.178977, change=3.40e-06, α=0.000, ‖θ[1:]‖₁=13.736, h_range=[4.92e+00, 2.83e+01], num_knots=396
2025-09-06 13:01:29,897 - Iter 29400: obj=-1130.183056, change=3.40e-06, α=0.000, ‖θ[1:]‖₁=13.736, h_range=[4.92e+00, 2.83e+01], num_knots=396
2025-09-06 13:01:29,987 - Iter 29410: obj=-1130.187135, change=3.40e-06, α=0.000, ‖θ[1:]‖₁=13.737, h_range=[4.92e+00, 2.83e+01], num_knots=396
2025-09-06 13:01:30,083 - Iter 29420: obj=-1130.191213, change=3.40e-06, α=0.000, ‖θ[1:]‖₁=13.737, h_range=[4.92e+00, 2.83e+01], num_knots=396
2025-09-06 13:01:30,158 - Iter 29430: obj=-1130.195291, change=3.39e-06, α=0.000, ‖θ[1:]‖₁=13.737, h_range=[4.92e+00, 2.83e+01], num_knots=396
2025-09-06 13:01:30,241 - Iter 29440: obj=-1130.199369, change=3.39e-06, α=0.000, ‖θ[1:]‖₁=13.737, h_range=[4.92e+00, 2.83e+01], num_knots=396
2025-09-06 13:01:30,324 - Iter 29450: obj=-1130.203446, change=3.39e-06, α=0.000, ‖θ[1:]‖₁=13.737, h_range=[4.92e+00, 2.83e+01], num_knots=396
2025-09-06 13:01:30,419 - Iter 29460: obj=-1130.207523, change=3.39e-06, α=0.000, ‖θ[1:]‖₁=13.737, h_range=[4.92e+00, 2.83e+01], num_knots=396
2025-09-06 13:01:30,497 - Iter 29470: obj=-1130.211600, change=3.39e-06, α=0.000, ‖θ[1:]‖₁=13.737, h_range=[4.92e+00, 2.83e+01], num_knots=396
2025-09-06 13:01:30,579 - Iter 29480: obj=-1130.215666, change=3.39e-06, α=0.000, ‖θ[1:]‖₁=13.737, h_range=[4.92e+00, 2.83e+01], num_knots=395
2025-09-06 13:01:30,669 - Iter 29490: obj=-1130.219703, change=3.39e-06, α=0.000, ‖θ[1:]‖₁=13.737, h_range=[4.92e+00, 2.83e+01], num_knots=395
2025-09-06 13:01:30,751 - Iter 29500: obj=-1130.223739, change=3.39e-06, α=0.000, ‖θ[1:]‖₁=13.737, h_range=[4.92e+00, 2.83e+01], num_knots=395
2025-09-06 13:01:30,852 - Iter 29510: obj=-1130.227775, change=3.39e-06, α=0.000, ‖θ[1:]‖₁=13.737, h_range=[4.92e+00, 2.83e+01], num_knots=395
2025-09-06 13:01:30,937 - Iter 29520: obj=-1130.231810, change=3.39e-06, α=0.000, ‖θ[1:]‖₁=13.737, h_range=[4.92e+00, 2.83e+01], num_knots=395
2025-09-06 13:01:31,013 - Iter 29530: obj=-1130.235845, change=3.39e-06, α=0.000, ‖θ[1:]‖₁=13.737, h_range=[4.92e+00, 2.83e+01], num_knots=395
2025-09-06 13:01:31,090 - Iter 29540: obj=-1130.239880, change=3.38e-06, α=0.000, ‖θ[1:]‖₁=13.738, h_range=[4.92e+00, 2.83e+01], num_knots=395
2025-09-06 13:01:31,170 - Iter 29550: obj=-1130.243914, change=3.38e-06, α=0.000, ‖θ[1:]‖₁=13.738, h_range=[4.92e+00, 2.83e+01], num_knots=395
2025-09-06 13:01:31,251 - Iter 29560: obj=-1130.247948, change=3.38e-06, α=0.000, ‖θ[1:]‖₁=13.738, h_range=[4.92e+00, 2.83e+01], num_knots=395
2025-09-06 13:01:31,334 - Iter 29570: obj=-1130.251982, change=3.38e-06, α=0.000, ‖θ[1:]‖₁=13.738, h_range=[4.92e+00, 2.83e+01], num_knots=395
2025-09-06 13:01:31,418 - Iter 29580: obj=-1130.256016, change=3.38e-06, α=0.000, ‖θ[1:]‖₁=13.738, h_range=[4.92e+00, 2.83e+01], num_knots=395
2025-09-06 13:01:31,495 - Iter 29590: obj=-1130.260049, change=3.38e-06, α=0.000, ‖θ[1:]‖₁=13.738, h_range=[4.92e+00, 2.83e+01], num_knots=395
2025-09-06 13:01:31,584 - Iter 29600: obj=-1130.264082, change=3.38e-06, α=0.000, ‖θ[1:]‖₁=13.738, h_range=[4.92e+00, 2.83e+01], num_knots=395
2025-09-06 13:01:31,655 - Iter 29610: obj=-1130.268115, change=3.38e-06, α=0.000, ‖θ[1:]‖₁=13.738, h_range=[4.92e+00, 2.83e+01], num_knots=395
2025-09-06 13:01:31,758 - Iter 29620: obj=-1130.272147, change=3.38e-06, α=0.000, ‖θ[1:]‖₁=13.738, h_range=[4.92e+00, 2.83e+01], num_knots=395
2025-09-06 13:01:31,850 - Iter 29630: obj=-1130.276180, change=3.38e-06, α=0.000, ‖θ[1:]‖₁=13.738, h_range=[4.92e+00, 2.83e+01], num_knots=395
2025-09-06 13:01:31,948 - Iter 29640: obj=-1130.280211, change=3.38e-06, α=0.000, ‖θ[1:]‖₁=13.738, h_range=[4.92e+00, 2.83e+01], num_knots=395
2025-09-06 13:01:32,055 - Iter 29650: obj=-1130.284243, change=3.37e-06, α=0.000, ‖θ[1:]‖₁=13.738, h_range=[4.92e+00, 2.83e+01], num_knots=395
2025-09-06 13:01:32,143 - Iter 29660: obj=-1130.288247, change=3.37e-06, α=0.000, ‖θ[1:]‖₁=13.738, h_range=[4.92e+00, 2.83e+01], num_knots=394
2025-09-06 13:01:32,234 - Iter 29670: obj=-1130.292247, change=3.37e-06, α=0.000, ‖θ[1:]‖₁=13.739, h_range=[4.92e+00, 2.83e+01], num_knots=394
2025-09-06 13:01:32,325 - Iter 29680: obj=-1130.296247, change=3.37e-06, α=0.000, ‖θ[1:]‖₁=13.739, h_range=[4.92e+00, 2.83e+01], num_knots=394
2025-09-06 13:01:32,416 - Iter 29690: obj=-1130.300247, change=3.37e-06, α=0.000, ‖θ[1:]‖₁=13.739, h_range=[4.92e+00, 2.83e+01], num_knots=394
2025-09-06 13:01:32,508 - Iter 29700: obj=-1130.304246, change=3.37e-06, α=0.000, ‖θ[1:]‖₁=13.739, h_range=[4.92e+00, 2.83e+01], num_knots=394
2025-09-06 13:01:32,596 - Iter 29710: obj=-1130.308245, change=3.37e-06, α=0.000, ‖θ[1:]‖₁=13.739, h_range=[4.92e+00, 2.83e+01], num_knots=394
2025-09-06 13:01:32,679 - Iter 29720: obj=-1130.312243, change=3.37e-06, α=0.000, ‖θ[1:]‖₁=13.739, h_range=[4.92e+00, 2.83e+01], num_knots=394
2025-09-06 13:01:32,774 - Iter 29730: obj=-1130.316242, change=3.37e-06, α=0.000, ‖θ[1:]‖₁=13.739, h_range=[4.92e+00, 2.83e+01], num_knots=394
2025-09-06 13:01:32,855 - Iter 29740: obj=-1130.320240, change=3.37e-06, α=0.000, ‖θ[1:]‖₁=13.739, h_range=[4.92e+00, 2.83e+01], num_knots=394
2025-09-06 13:01:32,950 - Iter 29750: obj=-1130.324238, change=3.37e-06, α=0.000, ‖θ[1:]‖₁=13.739, h_range=[4.92e+00, 2.83e+01], num_knots=394
2025-09-06 13:01:33,025 - Iter 29760: obj=-1130.328233, change=3.37e-06, α=0.000, ‖θ[1:]‖₁=13.739, h_range=[4.92e+00, 2.83e+01], num_knots=393
2025-09-06 13:01:33,104 - Iter 29770: obj=-1130.332219, change=3.37e-06, α=0.000, ‖θ[1:]‖₁=13.739, h_range=[4.92e+00, 2.83e+01], num_knots=393
2025-09-06 13:01:33,197 - Iter 29780: obj=-1130.336204, change=3.36e-06, α=0.000, ‖θ[1:]‖₁=13.739, h_range=[4.92e+00, 2.83e+01], num_knots=393
2025-09-06 13:01:33,285 - Iter 29790: obj=-1130.340189, change=3.36e-06, α=0.000, ‖θ[1:]‖₁=13.739, h_range=[4.92e+00, 2.83e+01], num_knots=393
2025-09-06 13:01:33,366 - Iter 29800: obj=-1130.344174, change=3.36e-06, α=0.000, ‖θ[1:]‖₁=13.739, h_range=[4.92e+00, 2.83e+01], num_knots=393
2025-09-06 13:01:33,472 - Iter 29810: obj=-1130.348158, change=3.36e-06, α=0.000, ‖θ[1:]‖₁=13.740, h_range=[4.92e+00, 2.83e+01], num_knots=393
2025-09-06 13:01:33,561 - Iter 29820: obj=-1130.352143, change=3.36e-06, α=0.000, ‖θ[1:]‖₁=13.740, h_range=[4.92e+00, 2.83e+01], num_knots=393
2025-09-06 13:01:33,646 - Iter 29830: obj=-1130.356127, change=3.36e-06, α=0.000, ‖θ[1:]‖₁=13.740, h_range=[4.92e+00, 2.83e+01], num_knots=393
2025-09-06 13:01:33,753 - Iter 29840: obj=-1130.360111, change=3.36e-06, α=0.000, ‖θ[1:]‖₁=13.740, h_range=[4.92e+00, 2.83e+01], num_knots=393
2025-09-06 13:01:33,857 - Iter 29850: obj=-1130.364094, change=3.36e-06, α=0.000, ‖θ[1:]‖₁=13.740, h_range=[4.92e+00, 2.83e+01], num_knots=393
2025-09-06 13:01:33,990 - Iter 29860: obj=-1130.368077, change=3.36e-06, α=0.000, ‖θ[1:]‖₁=13.740, h_range=[4.92e+00, 2.83e+01], num_knots=393
2025-09-06 13:01:34,119 - Iter 29870: obj=-1130.372057, change=3.36e-06, α=0.000, ‖θ[1:]‖₁=13.740, h_range=[4.92e+00, 2.83e+01], num_knots=392
2025-09-06 13:01:34,230 - Iter 29880: obj=-1130.376024, change=3.36e-06, α=0.000, ‖θ[1:]‖₁=13.740, h_range=[4.92e+00, 2.83e+01], num_knots=391
2025-09-06 13:01:34,357 - Iter 29890: obj=-1130.379983, change=3.36e-06, α=0.000, ‖θ[1:]‖₁=13.740, h_range=[4.92e+00, 2.83e+01], num_knots=391
2025-09-06 13:01:34,480 - Iter 29900: obj=-1130.383941, change=3.36e-06, α=0.000, ‖θ[1:]‖₁=13.740, h_range=[4.92e+00, 2.83e+01], num_knots=391
2025-09-06 13:01:34,570 - Iter 29910: obj=-1130.387900, change=3.35e-06, α=0.000, ‖θ[1:]‖₁=13.740, h_range=[4.92e+00, 2.83e+01], num_knots=391
2025-09-06 13:01:34,668 - Iter 29920: obj=-1130.391858, change=3.35e-06, α=0.000, ‖θ[1:]‖₁=13.740, h_range=[4.92e+00, 2.83e+01], num_knots=391
2025-09-06 13:01:34,771 - Iter 29930: obj=-1130.395816, change=3.35e-06, α=0.000, ‖θ[1:]‖₁=13.740, h_range=[4.92e+00, 2.83e+01], num_knots=391
2025-09-06 13:01:34,845 - Iter 29940: obj=-1130.399774, change=3.35e-06, α=0.000, ‖θ[1:]‖₁=13.740, h_range=[4.92e+00, 2.83e+01], num_knots=391
2025-09-06 13:01:34,934 - Iter 29950: obj=-1130.403731, change=3.35e-06, α=0.000, ‖θ[1:]‖₁=13.741, h_range=[4.92e+00, 2.83e+01], num_knots=391
2025-09-06 13:01:35,009 - Iter 29960: obj=-1130.407688, change=3.35e-06, α=0.000, ‖θ[1:]‖₁=13.741, h_range=[4.92e+00, 2.83e+01], num_knots=391
2025-09-06 13:01:35,101 - Iter 29970: obj=-1130.411645, change=3.35e-06, α=0.000, ‖θ[1:]‖₁=13.741, h_range=[4.92e+00, 2.83e+01], num_knots=391
2025-09-06 13:01:35,184 - Iter 29980: obj=-1130.415602, change=3.35e-06, α=0.000, ‖θ[1:]‖₁=13.741, h_range=[4.92e+00, 2.83e+01], num_knots=391
2025-09-06 13:01:35,264 - Iter 29990: obj=-1130.419558, change=3.35e-06, α=0.000, ‖θ[1:]‖₁=13.741, h_range=[4.92e+00, 2.83e+01], num_knots=391
2025-09-06 13:01:35,350 - Iter 30000: obj=-1130.423514, change=3.35e-06, α=0.000, ‖θ[1:]‖₁=13.741, h_range=[4.92e+00, 2.83e+01], num_knots=391
2025-09-06 13:01:35,451 - Iter 30010: obj=-1130.427470, change=3.34e-06, α=0.000, ‖θ[1:]‖₁=13.741, h_range=[4.92e+00, 2.83e+01], num_knots=391
2025-09-06 13:01:35,522 - Iter 30020: obj=-1130.431426, change=3.34e-06, α=0.000, ‖θ[1:]‖₁=13.741, h_range=[4.92e+00, 2.83e+01], num_knots=391
2025-09-06 13:01:35,611 - Iter 30030: obj=-1130.435381, change=3.34e-06, α=0.000, ‖θ[1:]‖₁=13.741, h_range=[4.92e+00, 2.83e+01], num_knots=391
2025-09-06 13:01:35,704 - Iter 30040: obj=-1130.439336, change=3.34e-06, α=0.000, ‖θ[1:]‖₁=13.741, h_range=[4.92e+00, 2.83e+01], num_knots=391
2025-09-06 13:01:35,782 - Iter 30050: obj=-1130.443291, change=3.34e-06, α=0.000, ‖θ[1:]‖₁=13.741, h_range=[4.92e+00, 2.83e+01], num_knots=391
2025-09-06 13:01:35,932 - Iter 30060: obj=-1130.447246, change=3.34e-06, α=0.000, ‖θ[1:]‖₁=13.741, h_range=[4.92e+00, 2.83e+01], num_knots=391
2025-09-06 13:01:36,027 - Iter 30070: obj=-1130.451195, change=3.34e-06, α=0.000, ‖θ[1:]‖₁=13.741, h_range=[4.92e+00, 2.83e+01], num_knots=389
2025-09-06 13:01:36,104 - Iter 30080: obj=-1130.455079, change=3.34e-06, α=0.000, ‖θ[1:]‖₁=13.741, h_range=[4.92e+00, 2.83e+01], num_knots=389
2025-09-06 13:01:36,193 - Iter 30090: obj=-1130.458962, change=3.34e-06, α=0.000, ‖θ[1:]‖₁=13.742, h_range=[4.92e+00, 2.83e+01], num_knots=389
2025-09-06 13:01:36,273 - Iter 30100: obj=-1130.462845, change=3.34e-06, α=0.000, ‖θ[1:]‖₁=13.742, h_range=[4.92e+00, 2.83e+01], num_knots=389
2025-09-06 13:01:36,401 - Iter 30110: obj=-1130.466728, change=3.34e-06, α=0.000, ‖θ[1:]‖₁=13.742, h_range=[4.92e+00, 2.83e+01], num_knots=389
2025-09-06 13:01:36,489 - Iter 30120: obj=-1130.470600, change=3.34e-06, α=0.000, ‖θ[1:]‖₁=13.742, h_range=[4.92e+00, 2.83e+01], num_knots=388
2025-09-06 13:01:36,568 - Iter 30130: obj=-1130.474463, change=3.34e-06, α=0.000, ‖θ[1:]‖₁=13.742, h_range=[4.92e+00, 2.83e+01], num_knots=388
2025-09-06 13:01:36,648 - Iter 30140: obj=-1130.478326, change=3.34e-06, α=0.000, ‖θ[1:]‖₁=13.742, h_range=[4.92e+00, 2.83e+01], num_knots=388
2025-09-06 13:01:36,738 - Iter 30150: obj=-1130.482189, change=3.33e-06, α=0.000, ‖θ[1:]‖₁=13.742, h_range=[4.92e+00, 2.83e+01], num_knots=388
2025-09-06 13:01:36,825 - Iter 30160: obj=-1130.486051, change=3.33e-06, α=0.000, ‖θ[1:]‖₁=13.742, h_range=[4.92e+00, 2.83e+01], num_knots=388
2025-09-06 13:01:36,917 - Iter 30170: obj=-1130.489913, change=3.33e-06, α=0.000, ‖θ[1:]‖₁=13.742, h_range=[4.92e+00, 2.83e+01], num_knots=388
2025-09-06 13:01:37,003 - Iter 30180: obj=-1130.493775, change=3.33e-06, α=0.000, ‖θ[1:]‖₁=13.742, h_range=[4.92e+00, 2.83e+01], num_knots=388
2025-09-06 13:01:37,085 - Iter 30190: obj=-1130.497637, change=3.33e-06, α=0.000, ‖θ[1:]‖₁=13.742, h_range=[4.92e+00, 2.83e+01], num_knots=388
2025-09-06 13:01:37,164 - Iter 30200: obj=-1130.501498, change=3.33e-06, α=0.000, ‖θ[1:]‖₁=13.743, h_range=[4.92e+00, 2.83e+01], num_knots=388
2025-09-06 13:01:37,268 - Iter 30210: obj=-1130.505359, change=3.33e-06, α=0.000, ‖θ[1:]‖₁=13.743, h_range=[4.92e+00, 2.83e+01], num_knots=388
2025-09-06 13:01:37,384 - Iter 30220: obj=-1130.509220, change=3.33e-06, α=0.000, ‖θ[1:]‖₁=13.743, h_range=[4.92e+00, 2.83e+01], num_knots=388
2025-09-06 13:01:37,482 - Iter 30230: obj=-1130.513080, change=3.33e-06, α=0.000, ‖θ[1:]‖₁=13.743, h_range=[4.92e+00, 2.83e+01], num_knots=388
2025-09-06 13:01:37,569 - Iter 30240: obj=-1130.516939, change=3.32e-06, α=0.000, ‖θ[1:]‖₁=13.743, h_range=[4.92e+00, 2.83e+01], num_knots=386
2025-09-06 13:01:37,673 - Iter 30250: obj=-1130.520776, change=3.32e-06, α=0.000, ‖θ[1:]‖₁=13.743, h_range=[4.92e+00, 2.83e+01], num_knots=386
2025-09-06 13:01:37,758 - Iter 30260: obj=-1130.524612, change=3.32e-06, α=0.000, ‖θ[1:]‖₁=13.743, h_range=[4.92e+00, 2.83e+01], num_knots=386
2025-09-06 13:01:37,854 - Iter 30270: obj=-1130.528448, change=3.32e-06, α=0.000, ‖θ[1:]‖₁=13.743, h_range=[4.92e+00, 2.83e+01], num_knots=386
2025-09-06 13:01:37,941 - Iter 30280: obj=-1130.532283, change=3.32e-06, α=0.000, ‖θ[1:]‖₁=13.743, h_range=[4.92e+00, 2.83e+01], num_knots=386
2025-09-06 13:01:38,022 - Iter 30290: obj=-1130.536118, change=3.32e-06, α=0.000, ‖θ[1:]‖₁=13.743, h_range=[4.92e+00, 2.83e+01], num_knots=386
2025-09-06 13:01:38,110 - Iter 30300: obj=-1130.539953, change=3.32e-06, α=0.000, ‖θ[1:]‖₁=13.743, h_range=[4.92e+00, 2.83e+01], num_knots=386
2025-09-06 13:01:38,204 - Iter 30310: obj=-1130.543784, change=3.32e-06, α=0.000, ‖θ[1:]‖₁=13.744, h_range=[4.92e+00, 2.83e+01], num_knots=385
2025-09-06 13:01:38,286 - Iter 30320: obj=-1130.547608, change=3.32e-06, α=0.000, ‖θ[1:]‖₁=13.744, h_range=[4.92e+00, 2.83e+01], num_knots=385
2025-09-06 13:01:38,371 - Iter 30330: obj=-1130.551433, change=3.32e-06, α=0.000, ‖θ[1:]‖₁=13.744, h_range=[4.92e+00, 2.83e+01], num_knots=385
2025-09-06 13:01:38,456 - Iter 30340: obj=-1130.555257, change=3.31e-06, α=0.000, ‖θ[1:]‖₁=13.744, h_range=[4.92e+00, 2.83e+01], num_knots=385
2025-09-06 13:01:38,534 - Iter 30350: obj=-1130.559080, change=3.31e-06, α=0.000, ‖θ[1:]‖₁=13.744, h_range=[4.92e+00, 2.83e+01], num_knots=385
2025-09-06 13:01:38,622 - Iter 30360: obj=-1130.562903, change=3.31e-06, α=0.000, ‖θ[1:]‖₁=13.744, h_range=[4.92e+00, 2.83e+01], num_knots=385
2025-09-06 13:01:38,696 - Iter 30370: obj=-1130.566714, change=3.31e-06, α=0.000, ‖θ[1:]‖₁=13.744, h_range=[4.92e+00, 2.83e+01], num_knots=384
2025-09-06 13:01:38,782 - Iter 30380: obj=-1130.570506, change=3.31e-06, α=0.000, ‖θ[1:]‖₁=13.744, h_range=[4.92e+00, 2.83e+01], num_knots=384
2025-09-06 13:01:38,861 - Iter 30390: obj=-1130.574297, change=3.31e-06, α=0.000, ‖θ[1:]‖₁=13.744, h_range=[4.92e+00, 2.83e+01], num_knots=383
2025-09-06 13:01:38,950 - Iter 30400: obj=-1130.578085, change=3.31e-06, α=0.000, ‖θ[1:]‖₁=13.744, h_range=[4.92e+00, 2.83e+01], num_knots=383
2025-09-06 13:01:39,023 - Iter 30410: obj=-1130.581872, change=3.30e-06, α=0.000, ‖θ[1:]‖₁=13.744, h_range=[4.92e+00, 2.83e+01], num_knots=383
2025-09-06 13:01:39,110 - Iter 30420: obj=-1130.585658, change=3.30e-06, α=0.000, ‖θ[1:]‖₁=13.745, h_range=[4.92e+00, 2.83e+01], num_knots=383
2025-09-06 13:01:39,212 - Iter 30430: obj=-1130.589444, change=3.30e-06, α=0.000, ‖θ[1:]‖₁=13.745, h_range=[4.92e+00, 2.83e+01], num_knots=383
2025-09-06 13:01:39,307 - Iter 30440: obj=-1130.593230, change=3.30e-06, α=0.000, ‖θ[1:]‖₁=13.745, h_range=[4.92e+00, 2.83e+01], num_knots=383
2025-09-06 13:01:39,422 - Iter 30450: obj=-1130.597016, change=3.30e-06, α=0.000, ‖θ[1:]‖₁=13.745, h_range=[4.92e+00, 2.83e+01], num_knots=383
2025-09-06 13:01:39,504 - Iter 30460: obj=-1130.600801, change=3.30e-06, α=0.000, ‖θ[1:]‖₁=13.745, h_range=[4.92e+00, 2.83e+01], num_knots=383
2025-09-06 13:01:39,603 - Iter 30470: obj=-1130.604586, change=3.29e-06, α=0.000, ‖θ[1:]‖₁=13.745, h_range=[4.92e+00, 2.83e+01], num_knots=383
2025-09-06 13:01:39,693 - Iter 30480: obj=-1130.608370, change=3.29e-06, α=0.000, ‖θ[1:]‖₁=13.745, h_range=[4.92e+00, 2.83e+01], num_knots=383
2025-09-06 13:01:39,766 - Iter 30490: obj=-1130.612140, change=3.29e-06, α=0.000, ‖θ[1:]‖₁=13.745, h_range=[4.92e+00, 2.83e+01], num_knots=382
2025-09-06 13:01:39,850 - Iter 30500: obj=-1130.615894, change=3.29e-06, α=0.000, ‖θ[1:]‖₁=13.745, h_range=[4.92e+00, 2.83e+01], num_knots=382
2025-09-06 13:01:39,928 - Iter 30510: obj=-1130.619647, change=3.29e-06, α=0.000, ‖θ[1:]‖₁=13.745, h_range=[4.92e+00, 2.83e+01], num_knots=382
2025-09-06 13:01:40,019 - Iter 30520: obj=-1130.623399, change=3.29e-06, α=0.000, ‖θ[1:]‖₁=13.745, h_range=[4.92e+00, 2.83e+01], num_knots=382
2025-09-06 13:01:40,114 - Iter 30530: obj=-1130.627151, change=3.29e-06, α=0.000, ‖θ[1:]‖₁=13.746, h_range=[4.92e+00, 2.83e+01], num_knots=382
2025-09-06 13:01:40,193 - Iter 30540: obj=-1130.630903, change=3.28e-06, α=0.000, ‖θ[1:]‖₁=13.746, h_range=[4.92e+00, 2.83e+01], num_knots=382
2025-09-06 13:01:40,281 - Iter 30550: obj=-1130.634655, change=3.28e-06, α=0.000, ‖θ[1:]‖₁=13.746, h_range=[4.92e+00, 2.83e+01], num_knots=381
2025-09-06 13:01:40,380 - Iter 30560: obj=-1130.638395, change=3.28e-06, α=0.000, ‖θ[1:]‖₁=13.746, h_range=[4.92e+00, 2.83e+01], num_knots=381
2025-09-06 13:01:40,467 - Iter 30570: obj=-1130.642134, change=3.28e-06, α=0.000, ‖θ[1:]‖₁=13.746, h_range=[4.92e+00, 2.83e+01], num_knots=381
2025-09-06 13:01:40,541 - Iter 30580: obj=-1130.645872, change=3.28e-06, α=0.000, ‖θ[1:]‖₁=13.746, h_range=[4.92e+00, 2.83e+01], num_knots=381
2025-09-06 13:01:40,637 - Iter 30590: obj=-1130.649611, change=3.28e-06, α=0.000, ‖θ[1:]‖₁=13.746, h_range=[4.92e+00, 2.83e+01], num_knots=381
2025-09-06 13:01:40,716 - Iter 30600: obj=-1130.653349, change=3.28e-06, α=0.000, ‖θ[1:]‖₁=13.746, h_range=[4.92e+00, 2.83e+01], num_knots=381
2025-09-06 13:01:40,816 - Iter 30610: obj=-1130.657087, change=3.28e-06, α=0.000, ‖θ[1:]‖₁=13.746, h_range=[4.92e+00, 2.83e+01], num_knots=381
2025-09-06 13:01:40,912 - Iter 30620: obj=-1130.660824, change=3.28e-06, α=0.000, ‖θ[1:]‖₁=13.746, h_range=[4.92e+00, 2.83e+01], num_knots=381
2025-09-06 13:01:40,986 - Iter 30630: obj=-1130.664562, change=3.28e-06, α=0.000, ‖θ[1:]‖₁=13.747, h_range=[4.92e+00, 2.83e+01], num_knots=381
2025-09-06 13:01:41,086 - Iter 30640: obj=-1130.668299, change=3.27e-06, α=0.000, ‖θ[1:]‖₁=13.747, h_range=[4.92e+00, 2.83e+01], num_knots=381
2025-09-06 13:01:41,176 - Iter 30650: obj=-1130.672035, change=3.27e-06, α=0.000, ‖θ[1:]‖₁=13.747, h_range=[4.92e+00, 2.83e+01], num_knots=381
2025-09-06 13:01:41,266 - Iter 30660: obj=-1130.675772, change=3.27e-06, α=0.000, ‖θ[1:]‖₁=13.747, h_range=[4.92e+00, 2.83e+01], num_knots=381
2025-09-06 13:01:41,346 - Iter 30670: obj=-1130.679508, change=3.27e-06, α=0.000, ‖θ[1:]‖₁=13.747, h_range=[4.92e+00, 2.83e+01], num_knots=381
2025-09-06 13:01:41,436 - Iter 30680: obj=-1130.683244, change=3.27e-06, α=0.000, ‖θ[1:]‖₁=13.747, h_range=[4.92e+00, 2.83e+01], num_knots=381
2025-09-06 13:01:41,517 - Iter 30690: obj=-1130.686980, change=3.27e-06, α=0.000, ‖θ[1:]‖₁=13.747, h_range=[4.92e+00, 2.83e+01], num_knots=381
2025-09-06 13:01:41,605 - Iter 30700: obj=-1130.690715, change=3.27e-06, α=0.000, ‖θ[1:]‖₁=13.747, h_range=[4.92e+00, 2.83e+01], num_knots=381
2025-09-06 13:01:41,687 - Iter 30710: obj=-1130.694450, change=3.27e-06, α=0.000, ‖θ[1:]‖₁=13.747, h_range=[4.92e+00, 2.83e+01], num_knots=381
2025-09-06 13:01:41,785 - Iter 30720: obj=-1130.698185, change=3.27e-06, α=0.000, ‖θ[1:]‖₁=13.747, h_range=[4.92e+00, 2.83e+01], num_knots=381
2025-09-06 13:01:41,872 - Iter 30730: obj=-1130.701920, change=3.27e-06, α=0.000, ‖θ[1:]‖₁=13.747, h_range=[4.92e+00, 2.83e+01], num_knots=381
2025-09-06 13:01:41,957 - Iter 30740: obj=-1130.705654, change=3.27e-06, α=0.000, ‖θ[1:]‖₁=13.747, h_range=[4.92e+00, 2.83e+01], num_knots=381
2025-09-06 13:01:42,040 - Iter 30750: obj=-1130.709389, change=3.27e-06, α=0.000, ‖θ[1:]‖₁=13.747, h_range=[4.92e+00, 2.83e+01], num_knots=381
2025-09-06 13:01:42,122 - Iter 30760: obj=-1130.713123, change=3.27e-06, α=0.000, ‖θ[1:]‖₁=13.748, h_range=[4.92e+00, 2.83e+01], num_knots=381
2025-09-06 13:01:42,216 - Iter 30770: obj=-1130.716856, change=3.26e-06, α=0.000, ‖θ[1:]‖₁=13.748, h_range=[4.92e+00, 2.83e+01], num_knots=381
2025-09-06 13:01:42,301 - Iter 30780: obj=-1130.720590, change=3.26e-06, α=0.000, ‖θ[1:]‖₁=13.748, h_range=[4.92e+00, 2.83e+01], num_knots=381
2025-09-06 13:01:42,394 - Iter 30790: obj=-1130.724323, change=3.26e-06, α=0.000, ‖θ[1:]‖₁=13.748, h_range=[4.92e+00, 2.83e+01], num_knots=381
2025-09-06 13:01:42,475 - Iter 30800: obj=-1130.728057, change=3.26e-06, α=0.000, ‖θ[1:]‖₁=13.748, h_range=[4.92e+00, 2.83e+01], num_knots=381
2025-09-06 13:01:42,581 - Iter 30810: obj=-1130.731789, change=3.26e-06, α=0.000, ‖θ[1:]‖₁=13.748, h_range=[4.92e+00, 2.83e+01], num_knots=381
2025-09-06 13:01:42,704 - Iter 30820: obj=-1130.735522, change=3.26e-06, α=0.000, ‖θ[1:]‖₁=13.748, h_range=[4.92e+00, 2.83e+01], num_knots=381
2025-09-06 13:01:42,796 - Iter 30830: obj=-1130.739255, change=3.26e-06, α=0.000, ‖θ[1:]‖₁=13.748, h_range=[4.92e+00, 2.83e+01], num_knots=381
2025-09-06 13:01:42,896 - Iter 30840: obj=-1130.742987, change=3.26e-06, α=0.000, ‖θ[1:]‖₁=13.748, h_range=[4.92e+00, 2.83e+01], num_knots=381
2025-09-06 13:01:42,984 - Iter 30850: obj=-1130.746719, change=3.26e-06, α=0.000, ‖θ[1:]‖₁=13.748, h_range=[4.92e+00, 2.83e+01], num_knots=381
2025-09-06 13:01:43,072 - Iter 30860: obj=-1130.750451, change=3.26e-06, α=0.000, ‖θ[1:]‖₁=13.748, h_range=[4.92e+00, 2.83e+01], num_knots=381
2025-09-06 13:01:43,168 - Iter 30870: obj=-1130.754183, change=3.26e-06, α=0.000, ‖θ[1:]‖₁=13.748, h_range=[4.92e+00, 2.83e+01], num_knots=381
2025-09-06 13:01:43,251 - Iter 30880: obj=-1130.757914, change=3.26e-06, α=0.000, ‖θ[1:]‖₁=13.748, h_range=[4.92e+00, 2.83e+01], num_knots=381
2025-09-06 13:01:43,325 - Iter 30890: obj=-1130.761646, change=3.26e-06, α=0.000, ‖θ[1:]‖₁=13.748, h_range=[4.92e+00, 2.83e+01], num_knots=381
2025-09-06 13:01:43,408 - Iter 30900: obj=-1130.765377, change=3.26e-06, α=0.000, ‖θ[1:]‖₁=13.748, h_range=[4.92e+00, 2.83e+01], num_knots=381
2025-09-06 13:01:43,488 - Iter 30910: obj=-1130.769108, change=3.26e-06, α=0.000, ‖θ[1:]‖₁=13.748, h_range=[4.92e+00, 2.83e+01], num_knots=381
2025-09-06 13:01:43,575 - Iter 30920: obj=-1130.772838, change=3.26e-06, α=0.000, ‖θ[1:]‖₁=13.749, h_range=[4.92e+00, 2.83e+01], num_knots=381
2025-09-06 13:01:43,657 - Iter 30930: obj=-1130.776569, change=3.26e-06, α=0.000, ‖θ[1:]‖₁=13.749, h_range=[4.92e+00, 2.83e+01], num_knots=381
2025-09-06 13:01:43,735 - Iter 30940: obj=-1130.780299, change=3.26e-06, α=0.000, ‖θ[1:]‖₁=13.749, h_range=[4.92e+00, 2.83e+01], num_knots=381
2025-09-06 13:01:43,828 - Iter 30950: obj=-1130.784025, change=3.25e-06, α=0.000, ‖θ[1:]‖₁=13.749, h_range=[4.92e+00, 2.83e+01], num_knots=380
2025-09-06 13:01:43,930 - Iter 30960: obj=-1130.787747, change=3.25e-06, α=0.000, ‖θ[1:]‖₁=13.749, h_range=[4.92e+00, 2.83e+01], num_knots=380
2025-09-06 13:01:44,022 - Iter 30970: obj=-1130.791469, change=3.25e-06, α=0.000, ‖θ[1:]‖₁=13.749, h_range=[4.92e+00, 2.83e+01], num_knots=380
2025-09-06 13:01:44,130 - Iter 30980: obj=-1130.795191, change=3.25e-06, α=0.000, ‖θ[1:]‖₁=13.749, h_range=[4.92e+00, 2.83e+01], num_knots=380
2025-09-06 13:01:44,238 - Iter 30990: obj=-1130.798913, change=3.25e-06, α=0.000, ‖θ[1:]‖₁=13.749, h_range=[4.92e+00, 2.83e+01], num_knots=380
2025-09-06 13:01:44,345 - Iter 31000: obj=-1130.802634, change=3.25e-06, α=0.000, ‖θ[1:]‖₁=13.749, h_range=[4.92e+00, 2.83e+01], num_knots=380
2025-09-06 13:01:44,491 - Iter 31010: obj=-1130.806356, change=3.25e-06, α=0.000, ‖θ[1:]‖₁=13.749, h_range=[4.92e+00, 2.83e+01], num_knots=380
2025-09-06 13:01:44,599 - Iter 31020: obj=-1130.810077, change=3.25e-06, α=0.000, ‖θ[1:]‖₁=13.749, h_range=[4.92e+00, 2.83e+01], num_knots=380
2025-09-06 13:01:44,672 - Iter 31030: obj=-1130.813798, change=3.25e-06, α=0.000, ‖θ[1:]‖₁=13.749, h_range=[4.92e+00, 2.83e+01], num_knots=380
2025-09-06 13:01:44,792 - Iter 31040: obj=-1130.817518, change=3.25e-06, α=0.000, ‖θ[1:]‖₁=13.749, h_range=[4.92e+00, 2.83e+01], num_knots=380
2025-09-06 13:01:44,891 - Iter 31050: obj=-1130.821239, change=3.25e-06, α=0.000, ‖θ[1:]‖₁=13.749, h_range=[4.92e+00, 2.83e+01], num_knots=380
2025-09-06 13:01:45,057 - Iter 31060: obj=-1130.824959, change=3.25e-06, α=0.000, ‖θ[1:]‖₁=13.749, h_range=[4.92e+00, 2.83e+01], num_knots=380
2025-09-06 13:01:45,166 - Iter 31070: obj=-1130.828680, change=3.25e-06, α=0.000, ‖θ[1:]‖₁=13.749, h_range=[4.92e+00, 2.83e+01], num_knots=380
2025-09-06 13:01:45,261 - Iter 31080: obj=-1130.832400, change=3.25e-06, α=0.000, ‖θ[1:]‖₁=13.749, h_range=[4.92e+00, 2.83e+01], num_knots=380
2025-09-06 13:01:45,352 - Iter 31090: obj=-1130.836120, change=3.25e-06, α=0.000, ‖θ[1:]‖₁=13.749, h_range=[4.92e+00, 2.83e+01], num_knots=380
2025-09-06 13:01:45,431 - Iter 31100: obj=-1130.839839, change=3.25e-06, α=0.000, ‖θ[1:]‖₁=13.749, h_range=[4.92e+00, 2.83e+01], num_knots=380
2025-09-06 13:01:45,540 - Iter 31110: obj=-1130.843559, change=3.25e-06, α=0.000, ‖θ[1:]‖₁=13.749, h_range=[4.92e+00, 2.83e+01], num_knots=380
2025-09-06 13:01:45,674 - Iter 31120: obj=-1130.847278, change=3.25e-06, α=0.000, ‖θ[1:]‖₁=13.750, h_range=[4.92e+00, 2.83e+01], num_knots=380
2025-09-06 13:01:45,764 - Iter 31130: obj=-1130.850997, change=3.25e-06, α=0.000, ‖θ[1:]‖₁=13.750, h_range=[4.92e+00, 2.83e+01], num_knots=380
2025-09-06 13:01:45,831 - Iter 31140: obj=-1130.854716, change=3.25e-06, α=0.000, ‖θ[1:]‖₁=13.750, h_range=[4.92e+00, 2.83e+01], num_knots=380
2025-09-06 13:01:45,928 - Iter 31150: obj=-1130.858435, change=3.25e-06, α=0.000, ‖θ[1:]‖₁=13.750, h_range=[4.92e+00, 2.83e+01], num_knots=380
2025-09-06 13:01:46,005 - Iter 31160: obj=-1130.862154, change=3.25e-06, α=0.000, ‖θ[1:]‖₁=13.750, h_range=[4.92e+00, 2.83e+01], num_knots=380
2025-09-06 13:01:46,101 - Iter 31170: obj=-1130.865872, change=3.25e-06, α=0.000, ‖θ[1:]‖₁=13.750, h_range=[4.92e+00, 2.83e+01], num_knots=380
2025-09-06 13:01:46,188 - Iter 31180: obj=-1130.869590, change=3.25e-06, α=0.000, ‖θ[1:]‖₁=13.750, h_range=[4.92e+00, 2.83e+01], num_knots=380
2025-09-06 13:01:46,301 - Iter 31190: obj=-1130.873308, change=3.25e-06, α=0.000, ‖θ[1:]‖₁=13.750, h_range=[4.92e+00, 2.83e+01], num_knots=380
2025-09-06 13:01:46,397 - Iter 31200: obj=-1130.877026, change=3.25e-06, α=0.000, ‖θ[1:]‖₁=13.750, h_range=[4.92e+00, 2.83e+01], num_knots=380
2025-09-06 13:01:46,489 - Iter 31210: obj=-1130.880744, change=3.25e-06, α=0.000, ‖θ[1:]‖₁=13.750, h_range=[4.92e+00, 2.83e+01], num_knots=380
2025-09-06 13:01:46,573 - Iter 31220: obj=-1130.884462, change=3.25e-06, α=0.000, ‖θ[1:]‖₁=13.750, h_range=[4.92e+00, 2.83e+01], num_knots=380
2025-09-06 13:01:46,662 - Iter 31230: obj=-1130.888179, change=3.25e-06, α=0.000, ‖θ[1:]‖₁=13.750, h_range=[4.92e+00, 2.83e+01], num_knots=380
2025-09-06 13:01:46,741 - Iter 31240: obj=-1130.891897, change=3.24e-06, α=0.000, ‖θ[1:]‖₁=13.750, h_range=[4.92e+00, 2.83e+01], num_knots=380
2025-09-06 13:01:46,832 - Iter 31250: obj=-1130.895614, change=3.24e-06, α=0.000, ‖θ[1:]‖₁=13.750, h_range=[4.92e+00, 2.83e+01], num_knots=380
2025-09-06 13:01:46,922 - Iter 31260: obj=-1130.899331, change=3.24e-06, α=0.000, ‖θ[1:]‖₁=13.750, h_range=[4.92e+00, 2.83e+01], num_knots=380
2025-09-06 13:01:47,003 - Iter 31270: obj=-1130.903047, change=3.24e-06, α=0.000, ‖θ[1:]‖₁=13.750, h_range=[4.92e+00, 2.83e+01], num_knots=380
2025-09-06 13:01:47,084 - Iter 31280: obj=-1130.906764, change=3.24e-06, α=0.000, ‖θ[1:]‖₁=13.750, h_range=[4.92e+00, 2.83e+01], num_knots=380
2025-09-06 13:01:47,183 - Iter 31290: obj=-1130.910480, change=3.24e-06, α=0.000, ‖θ[1:]‖₁=13.750, h_range=[4.92e+00, 2.83e+01], num_knots=380
2025-09-06 13:01:47,273 - Iter 31300: obj=-1130.914197, change=3.24e-06, α=0.000, ‖θ[1:]‖₁=13.750, h_range=[4.92e+00, 2.83e+01], num_knots=380
2025-09-06 13:01:47,358 - Iter 31310: obj=-1130.917913, change=3.24e-06, α=0.000, ‖θ[1:]‖₁=13.750, h_range=[4.92e+00, 2.83e+01], num_knots=380
2025-09-06 13:01:47,448 - Iter 31320: obj=-1130.921629, change=3.24e-06, α=0.000, ‖θ[1:]‖₁=13.750, h_range=[4.92e+00, 2.83e+01], num_knots=380
2025-09-06 13:01:47,526 - Iter 31330: obj=-1130.925345, change=3.24e-06, α=0.000, ‖θ[1:]‖₁=13.750, h_range=[4.92e+00, 2.83e+01], num_knots=380
2025-09-06 13:01:47,609 - Iter 31340: obj=-1130.929060, change=3.24e-06, α=0.000, ‖θ[1:]‖₁=13.750, h_range=[4.92e+00, 2.83e+01], num_knots=380
2025-09-06 13:01:47,692 - Iter 31350: obj=-1130.932776, change=3.24e-06, α=0.000, ‖θ[1:]‖₁=13.750, h_range=[4.92e+00, 2.83e+01], num_knots=380
2025-09-06 13:01:47,787 - Iter 31360: obj=-1130.936491, change=3.24e-06, α=0.000, ‖θ[1:]‖₁=13.750, h_range=[4.92e+00, 2.83e+01], num_knots=380
2025-09-06 13:01:47,876 - Iter 31370: obj=-1130.940206, change=3.24e-06, α=0.000, ‖θ[1:]‖₁=13.750, h_range=[4.92e+00, 2.83e+01], num_knots=380
2025-09-06 13:01:47,969 - Iter 31380: obj=-1130.943921, change=3.24e-06, α=0.000, ‖θ[1:]‖₁=13.751, h_range=[4.92e+00, 2.83e+01], num_knots=380
2025-09-06 13:01:48,071 - Iter 31390: obj=-1130.947636, change=3.24e-06, α=0.000, ‖θ[1:]‖₁=13.751, h_range=[4.92e+00, 2.83e+01], num_knots=380
2025-09-06 13:01:48,161 - Iter 31400: obj=-1130.951351, change=3.24e-06, α=0.000, ‖θ[1:]‖₁=13.751, h_range=[4.92e+00, 2.83e+01], num_knots=380
2025-09-06 13:01:48,260 - Iter 31410: obj=-1130.955066, change=3.24e-06, α=0.000, ‖θ[1:]‖₁=13.751, h_range=[4.92e+00, 2.83e+01], num_knots=380
2025-09-06 13:01:48,361 - Iter 31420: obj=-1130.958780, change=3.24e-06, α=0.000, ‖θ[1:]‖₁=13.751, h_range=[4.92e+00, 2.83e+01], num_knots=380
2025-09-06 13:01:48,455 - Iter 31430: obj=-1130.962494, change=3.24e-06, α=0.000, ‖θ[1:]‖₁=13.751, h_range=[4.92e+00, 2.83e+01], num_knots=380
2025-09-06 13:01:48,538 - Iter 31440: obj=-1130.966208, change=3.24e-06, α=0.000, ‖θ[1:]‖₁=13.751, h_range=[4.92e+00, 2.83e+01], num_knots=380
2025-09-06 13:01:48,620 - Iter 31450: obj=-1130.969922, change=3.24e-06, α=0.000, ‖θ[1:]‖₁=13.751, h_range=[4.92e+00, 2.83e+01], num_knots=380
2025-09-06 13:01:48,709 - Iter 31460: obj=-1130.973636, change=3.24e-06, α=0.000, ‖θ[1:]‖₁=13.751, h_range=[4.92e+00, 2.83e+01], num_knots=380
2025-09-06 13:01:48,800 - Iter 31470: obj=-1130.977350, change=3.24e-06, α=0.000, ‖θ[1:]‖₁=13.751, h_range=[4.92e+00, 2.83e+01], num_knots=380
2025-09-06 13:01:48,887 - Iter 31480: obj=-1130.981063, change=3.24e-06, α=0.000, ‖θ[1:]‖₁=13.751, h_range=[4.92e+00, 2.83e+01], num_knots=380
2025-09-06 13:01:48,974 - Iter 31490: obj=-1130.984777, change=3.24e-06, α=0.000, ‖θ[1:]‖₁=13.751, h_range=[4.92e+00, 2.83e+01], num_knots=380
2025-09-06 13:01:49,061 - Iter 31500: obj=-1130.988467, change=3.24e-06, α=0.000, ‖θ[1:]‖₁=13.751, h_range=[4.92e+00, 2.83e+01], num_knots=379
2025-09-06 13:01:49,157 - Iter 31510: obj=-1130.992153, change=3.24e-06, α=0.000, ‖θ[1:]‖₁=13.751, h_range=[4.92e+00, 2.83e+01], num_knots=379
2025-09-06 13:01:49,243 - Iter 31520: obj=-1130.995837, change=3.24e-06, α=0.000, ‖θ[1:]‖₁=13.751, h_range=[4.92e+00, 2.83e+01], num_knots=379
2025-09-06 13:01:49,334 - Iter 31530: obj=-1130.999522, change=3.24e-06, α=0.000, ‖θ[1:]‖₁=13.751, h_range=[4.92e+00, 2.83e+01], num_knots=379
2025-09-06 13:01:49,444 - Iter 31540: obj=-1131.003207, change=3.24e-06, α=0.000, ‖θ[1:]‖₁=13.751, h_range=[4.92e+00, 2.83e+01], num_knots=379
2025-09-06 13:01:49,517 - Iter 31550: obj=-1131.006891, change=3.24e-06, α=0.000, ‖θ[1:]‖₁=13.751, h_range=[4.92e+00, 2.83e+01], num_knots=379
2025-09-06 13:01:49,602 - Iter 31560: obj=-1131.010575, change=3.24e-06, α=0.000, ‖θ[1:]‖₁=13.751, h_range=[4.92e+00, 2.83e+01], num_knots=379
2025-09-06 13:01:49,677 - Iter 31570: obj=-1131.014259, change=3.24e-06, α=0.000, ‖θ[1:]‖₁=13.751, h_range=[4.92e+00, 2.83e+01], num_knots=378
2025-09-06 13:01:49,765 - Iter 31580: obj=-1131.017935, change=3.24e-06, α=0.000, ‖θ[1:]‖₁=13.751, h_range=[4.92e+00, 2.83e+01], num_knots=378
2025-09-06 13:01:49,858 - Iter 31590: obj=-1131.021609, change=3.24e-06, α=0.000, ‖θ[1:]‖₁=13.751, h_range=[4.92e+00, 2.83e+01], num_knots=378
2025-09-06 13:01:49,941 - Iter 31600: obj=-1131.025284, change=3.24e-06, α=0.000, ‖θ[1:]‖₁=13.751, h_range=[4.92e+00, 2.83e+01], num_knots=378
2025-09-06 13:01:50,033 - Iter 31610: obj=-1131.028958, change=3.24e-06, α=0.000, ‖θ[1:]‖₁=13.751, h_range=[4.92e+00, 2.83e+01], num_knots=378
2025-09-06 13:01:50,144 - Iter 31620: obj=-1131.032632, change=3.24e-06, α=0.000, ‖θ[1:]‖₁=13.751, h_range=[4.92e+00, 2.83e+01], num_knots=378
2025-09-06 13:01:50,212 - Iter 31630: obj=-1131.036306, change=3.24e-06, α=0.000, ‖θ[1:]‖₁=13.751, h_range=[4.92e+00, 2.83e+01], num_knots=378
2025-09-06 13:01:50,280 - Iter 31640: obj=-1131.039979, change=3.24e-06, α=0.000, ‖θ[1:]‖₁=13.751, h_range=[4.92e+00, 2.83e+01], num_knots=378
2025-09-06 13:01:50,367 - Iter 31650: obj=-1131.043653, change=3.24e-06, α=0.000, ‖θ[1:]‖₁=13.751, h_range=[4.92e+00, 2.83e+01], num_knots=378
2025-09-06 13:01:50,454 - Iter 31660: obj=-1131.047326, change=3.24e-06, α=0.000, ‖θ[1:]‖₁=13.751, h_range=[4.92e+00, 2.83e+01], num_knots=378
2025-09-06 13:01:50,554 - Iter 31670: obj=-1131.050999, change=3.24e-06, α=0.000, ‖θ[1:]‖₁=13.752, h_range=[4.92e+00, 2.83e+01], num_knots=378
2025-09-06 13:01:50,643 - Iter 31680: obj=-1131.054672, change=3.24e-06, α=0.000, ‖θ[1:]‖₁=13.752, h_range=[4.92e+00, 2.83e+01], num_knots=378
2025-09-06 13:01:50,733 - Iter 31690: obj=-1131.058345, change=3.24e-06, α=0.000, ‖θ[1:]‖₁=13.752, h_range=[4.92e+00, 2.83e+01], num_knots=378
2025-09-06 13:01:50,804 - Iter 31700: obj=-1131.062018, change=3.24e-06, α=0.000, ‖θ[1:]‖₁=13.752, h_range=[4.92e+00, 2.83e+01], num_knots=378
2025-09-06 13:01:50,887 - Iter 31710: obj=-1131.065690, change=3.24e-06, α=0.000, ‖θ[1:]‖₁=13.752, h_range=[4.92e+00, 2.83e+01], num_knots=378
2025-09-06 13:01:50,978 - Iter 31720: obj=-1131.069363, change=3.24e-06, α=0.000, ‖θ[1:]‖₁=13.752, h_range=[4.92e+00, 2.83e+01], num_knots=378
2025-09-06 13:01:51,065 - Iter 31730: obj=-1131.073035, change=3.24e-06, α=0.000, ‖θ[1:]‖₁=13.752, h_range=[4.92e+00, 2.83e+01], num_knots=378
2025-09-06 13:01:51,143 - Iter 31740: obj=-1131.076707, change=3.24e-06, α=0.000, ‖θ[1:]‖₁=13.752, h_range=[4.92e+00, 2.83e+01], num_knots=378
2025-09-06 13:01:51,235 - Iter 31750: obj=-1131.080379, change=3.24e-06, α=0.000, ‖θ[1:]‖₁=13.752, h_range=[4.92e+00, 2.83e+01], num_knots=378
2025-09-06 13:01:51,330 - Iter 31760: obj=-1131.084050, change=3.24e-06, α=0.000, ‖θ[1:]‖₁=13.752, h_range=[4.92e+00, 2.83e+01], num_knots=378
2025-09-06 13:01:51,409 - Iter 31770: obj=-1131.087722, change=3.24e-06, α=0.000, ‖θ[1:]‖₁=13.752, h_range=[4.92e+00, 2.83e+01], num_knots=378
2025-09-06 13:01:51,496 - Iter 31780: obj=-1131.091393, change=3.24e-06, α=0.000, ‖θ[1:]‖₁=13.752, h_range=[4.92e+00, 2.83e+01], num_knots=378
2025-09-06 13:01:51,587 - Iter 31790: obj=-1131.095065, change=3.24e-06, α=0.000, ‖θ[1:]‖₁=13.752, h_range=[4.92e+00, 2.83e+01], num_knots=378
2025-09-06 13:01:51,678 - Iter 31800: obj=-1131.098736, change=3.24e-06, α=0.000, ‖θ[1:]‖₁=13.752, h_range=[4.92e+00, 2.83e+01], num_knots=378
2025-09-06 13:01:51,763 - Iter 31810: obj=-1131.102407, change=3.24e-06, α=0.000, ‖θ[1:]‖₁=13.752, h_range=[4.92e+00, 2.83e+01], num_knots=378
2025-09-06 13:01:51,863 - Iter 31820: obj=-1131.106077, change=3.24e-06, α=0.000, ‖θ[1:]‖₁=13.752, h_range=[4.92e+00, 2.83e+01], num_knots=378
2025-09-06 13:01:51,960 - Iter 31830: obj=-1131.109748, change=3.24e-06, α=0.000, ‖θ[1:]‖₁=13.752, h_range=[4.92e+00, 2.83e+01], num_knots=378
2025-09-06 13:01:52,063 - Iter 31840: obj=-1131.113419, change=3.23e-06, α=0.000, ‖θ[1:]‖₁=13.752, h_range=[4.92e+00, 2.83e+01], num_knots=378
2025-09-06 13:01:52,147 - Iter 31850: obj=-1131.117089, change=3.23e-06, α=0.000, ‖θ[1:]‖₁=13.752, h_range=[4.92e+00, 2.83e+01], num_knots=378
2025-09-06 13:01:52,239 - Iter 31860: obj=-1131.120759, change=3.23e-06, α=0.000, ‖θ[1:]‖₁=13.752, h_range=[4.92e+00, 2.83e+01], num_knots=378
2025-09-06 13:01:52,327 - Iter 31870: obj=-1131.124429, change=3.23e-06, α=0.000, ‖θ[1:]‖₁=13.752, h_range=[4.92e+00, 2.83e+01], num_knots=378
2025-09-06 13:01:52,414 - Iter 31880: obj=-1131.128099, change=3.23e-06, α=0.000, ‖θ[1:]‖₁=13.752, h_range=[4.92e+00, 2.83e+01], num_knots=378
2025-09-06 13:01:52,495 - Iter 31890: obj=-1131.131769, change=3.23e-06, α=0.000, ‖θ[1:]‖₁=13.752, h_range=[4.92e+00, 2.83e+01], num_knots=378
2025-09-06 13:01:52,574 - Iter 31900: obj=-1131.135438, change=3.23e-06, α=0.000, ‖θ[1:]‖₁=13.752, h_range=[4.92e+00, 2.83e+01], num_knots=378
2025-09-06 13:01:52,658 - Iter 31910: obj=-1131.139108, change=3.23e-06, α=0.000, ‖θ[1:]‖₁=13.752, h_range=[4.92e+00, 2.83e+01], num_knots=378
2025-09-06 13:01:52,760 - Iter 31920: obj=-1131.142777, change=3.23e-06, α=0.000, ‖θ[1:]‖₁=13.752, h_range=[4.92e+00, 2.83e+01], num_knots=378
2025-09-06 13:01:52,843 - Iter 31930: obj=-1131.146446, change=3.23e-06, α=0.000, ‖θ[1:]‖₁=13.752, h_range=[4.92e+00, 2.83e+01], num_knots=378
2025-09-06 13:01:52,923 - Iter 31940: obj=-1131.150115, change=3.23e-06, α=0.000, ‖θ[1:]‖₁=13.752, h_range=[4.92e+00, 2.83e+01], num_knots=378
2025-09-06 13:01:53,007 - Iter 31950: obj=-1131.153784, change=3.23e-06, α=0.000, ‖θ[1:]‖₁=13.752, h_range=[4.92e+00, 2.83e+01], num_knots=378
2025-09-06 13:01:53,102 - Iter 31960: obj=-1131.157453, change=3.23e-06, α=0.000, ‖θ[1:]‖₁=13.752, h_range=[4.92e+00, 2.83e+01], num_knots=378
2025-09-06 13:01:53,185 - Iter 31970: obj=-1131.161121, change=3.23e-06, α=0.000, ‖θ[1:]‖₁=13.752, h_range=[4.92e+00, 2.83e+01], num_knots=378
2025-09-06 13:01:53,262 - Iter 31980: obj=-1131.164790, change=3.23e-06, α=0.000, ‖θ[1:]‖₁=13.753, h_range=[4.92e+00, 2.83e+01], num_knots=378
2025-09-06 13:01:53,356 - Iter 31990: obj=-1131.168458, change=3.23e-06, α=0.000, ‖θ[1:]‖₁=13.753, h_range=[4.92e+00, 2.83e+01], num_knots=378
2025-09-06 13:01:53,475 - Iter 32000: obj=-1131.172126, change=3.23e-06, α=0.000, ‖θ[1:]‖₁=13.753, h_range=[4.92e+00, 2.83e+01], num_knots=378
2025-09-06 13:01:53,558 - Iter 32010: obj=-1131.175794, change=3.23e-06, α=0.000, ‖θ[1:]‖₁=13.753, h_range=[4.92e+00, 2.83e+01], num_knots=377
2025-09-06 13:01:53,643 - Iter 32020: obj=-1131.179439, change=3.23e-06, α=0.000, ‖θ[1:]‖₁=13.753, h_range=[4.92e+00, 2.83e+01], num_knots=377
2025-09-06 13:01:53,747 - Iter 32030: obj=-1131.183082, change=3.23e-06, α=0.000, ‖θ[1:]‖₁=13.753, h_range=[4.92e+00, 2.83e+01], num_knots=377
2025-09-06 13:01:53,831 - Iter 32040: obj=-1131.186724, change=3.23e-06, α=0.000, ‖θ[1:]‖₁=13.753, h_range=[4.92e+00, 2.83e+01], num_knots=377
2025-09-06 13:01:53,921 - Iter 32050: obj=-1131.190362, change=3.23e-06, α=0.000, ‖θ[1:]‖₁=13.753, h_range=[4.92e+00, 2.83e+01], num_knots=376
2025-09-06 13:01:54,019 - Iter 32060: obj=-1131.193975, change=3.23e-06, α=0.000, ‖θ[1:]‖₁=13.753, h_range=[4.92e+00, 2.83e+01], num_knots=376
2025-09-06 13:01:54,112 - Iter 32070: obj=-1131.197588, change=3.23e-06, α=0.000, ‖θ[1:]‖₁=13.753, h_range=[4.92e+00, 2.83e+01], num_knots=376
2025-09-06 13:01:54,257 - Iter 32080: obj=-1131.201200, change=3.23e-06, α=0.000, ‖θ[1:]‖₁=13.753, h_range=[4.92e+00, 2.83e+01], num_knots=376
2025-09-06 13:01:54,343 - Iter 32090: obj=-1131.204813, change=3.23e-06, α=0.000, ‖θ[1:]‖₁=13.753, h_range=[4.92e+00, 2.83e+01], num_knots=376
2025-09-06 13:01:54,472 - Iter 32100: obj=-1131.208425, change=3.23e-06, α=0.000, ‖θ[1:]‖₁=13.753, h_range=[4.92e+00, 2.83e+01], num_knots=376
2025-09-06 13:01:54,565 - Iter 32110: obj=-1131.212037, change=3.23e-06, α=0.000, ‖θ[1:]‖₁=13.753, h_range=[4.92e+00, 2.83e+01], num_knots=376
2025-09-06 13:01:54,652 - Iter 32120: obj=-1131.215649, change=3.23e-06, α=0.000, ‖θ[1:]‖₁=13.753, h_range=[4.92e+00, 2.83e+01], num_knots=376
2025-09-06 13:01:54,741 - Iter 32130: obj=-1131.219260, change=3.23e-06, α=0.000, ‖θ[1:]‖₁=13.753, h_range=[4.92e+00, 2.83e+01], num_knots=376
2025-09-06 13:01:54,822 - Iter 32140: obj=-1131.222871, change=3.23e-06, α=0.000, ‖θ[1:]‖₁=13.753, h_range=[4.92e+00, 2.83e+01], num_knots=376
2025-09-06 13:01:54,909 - Iter 32150: obj=-1131.226483, change=3.23e-06, α=0.000, ‖θ[1:]‖₁=13.753, h_range=[4.92e+00, 2.83e+01], num_knots=376
2025-09-06 13:01:54,994 - Iter 32160: obj=-1131.230094, change=3.23e-06, α=0.000, ‖θ[1:]‖₁=13.753, h_range=[4.92e+00, 2.83e+01], num_knots=376
2025-09-06 13:01:55,066 - Iter 32170: obj=-1131.233656, change=3.23e-06, α=0.000, ‖θ[1:]‖₁=13.753, h_range=[4.92e+00, 2.83e+01], num_knots=375
2025-09-06 13:01:55,145 - Iter 32180: obj=-1131.237211, change=3.23e-06, α=0.000, ‖θ[1:]‖₁=13.754, h_range=[4.92e+00, 2.83e+01], num_knots=375
2025-09-06 13:01:55,228 - Iter 32190: obj=-1131.240767, change=3.23e-06, α=0.000, ‖θ[1:]‖₁=13.754, h_range=[4.92e+00, 2.83e+01], num_knots=375
2025-09-06 13:01:55,314 - Iter 32200: obj=-1131.244322, change=3.23e-06, α=0.000, ‖θ[1:]‖₁=13.754, h_range=[4.92e+00, 2.83e+01], num_knots=375
2025-09-06 13:01:55,408 - Iter 32210: obj=-1131.247877, change=3.22e-06, α=0.000, ‖θ[1:]‖₁=13.754, h_range=[4.92e+00, 2.83e+01], num_knots=375
2025-09-06 13:01:55,507 - Iter 32220: obj=-1131.251432, change=3.22e-06, α=0.000, ‖θ[1:]‖₁=13.754, h_range=[4.92e+00, 2.83e+01], num_knots=375
2025-09-06 13:01:55,581 - Iter 32230: obj=-1131.254986, change=3.22e-06, α=0.000, ‖θ[1:]‖₁=13.754, h_range=[4.92e+00, 2.83e+01], num_knots=375
2025-09-06 13:01:55,658 - Iter 32240: obj=-1131.258541, change=3.22e-06, α=0.000, ‖θ[1:]‖₁=13.754, h_range=[4.92e+00, 2.83e+01], num_knots=375
2025-09-06 13:01:55,750 - Iter 32250: obj=-1131.262095, change=3.22e-06, α=0.000, ‖θ[1:]‖₁=13.754, h_range=[4.92e+00, 2.83e+01], num_knots=375
2025-09-06 13:01:55,856 - Iter 32260: obj=-1131.265649, change=3.22e-06, α=0.000, ‖θ[1:]‖₁=13.754, h_range=[4.92e+00, 2.83e+01], num_knots=375
2025-09-06 13:01:55,961 - Iter 32270: obj=-1131.269202, change=3.21e-06, α=0.000, ‖θ[1:]‖₁=13.754, h_range=[4.92e+00, 2.83e+01], num_knots=375
2025-09-06 13:01:56,026 - Iter 32280: obj=-1131.272742, change=3.21e-06, α=0.000, ‖θ[1:]‖₁=13.754, h_range=[4.92e+00, 2.83e+01], num_knots=374
2025-09-06 13:01:56,102 - Iter 32290: obj=-1131.276267, change=3.21e-06, α=0.000, ‖θ[1:]‖₁=13.754, h_range=[4.92e+00, 2.83e+01], num_knots=374
2025-09-06 13:01:56,184 - Iter 32300: obj=-1131.279791, change=3.21e-06, α=0.000, ‖θ[1:]‖₁=13.754, h_range=[4.92e+00, 2.83e+01], num_knots=374
2025-09-06 13:01:56,268 - Iter 32310: obj=-1131.283316, change=3.21e-06, α=0.000, ‖θ[1:]‖₁=13.754, h_range=[4.92e+00, 2.83e+01], num_knots=374
2025-09-06 13:01:56,392 - Iter 32320: obj=-1131.286840, change=3.21e-06, α=0.000, ‖θ[1:]‖₁=13.755, h_range=[4.92e+00, 2.83e+01], num_knots=374
2025-09-06 13:01:56,481 - Iter 32330: obj=-1131.290364, change=3.21e-06, α=0.000, ‖θ[1:]‖₁=13.755, h_range=[4.92e+00, 2.83e+01], num_knots=374
2025-09-06 13:01:56,581 - Iter 32340: obj=-1131.293888, change=3.20e-06, α=0.000, ‖θ[1:]‖₁=13.755, h_range=[4.92e+00, 2.83e+01], num_knots=374
2025-09-06 13:01:56,676 - Iter 32350: obj=-1131.297411, change=3.20e-06, α=0.000, ‖θ[1:]‖₁=13.755, h_range=[4.92e+00, 2.83e+01], num_knots=374
2025-09-06 13:01:56,764 - Iter 32360: obj=-1131.300934, change=3.20e-06, α=0.000, ‖θ[1:]‖₁=13.755, h_range=[4.92e+00, 2.83e+01], num_knots=374
2025-09-06 13:01:56,850 - Iter 32370: obj=-1131.304457, change=3.20e-06, α=0.000, ‖θ[1:]‖₁=13.755, h_range=[4.92e+00, 2.83e+01], num_knots=374
2025-09-06 13:01:56,929 - Iter 32380: obj=-1131.307980, change=3.20e-06, α=0.000, ‖θ[1:]‖₁=13.755, h_range=[4.92e+00, 2.83e+01], num_knots=374
2025-09-06 13:01:57,013 - Iter 32390: obj=-1131.311503, change=3.20e-06, α=0.000, ‖θ[1:]‖₁=13.755, h_range=[4.92e+00, 2.83e+01], num_knots=374
2025-09-06 13:01:57,091 - Iter 32400: obj=-1131.315025, change=3.20e-06, α=0.000, ‖θ[1:]‖₁=13.755, h_range=[4.92e+00, 2.83e+01], num_knots=374
2025-09-06 13:01:57,198 - Iter 32410: obj=-1131.318548, change=3.19e-06, α=0.000, ‖θ[1:]‖₁=13.755, h_range=[4.92e+00, 2.83e+01], num_knots=374
2025-09-06 13:01:57,285 - Iter 32420: obj=-1131.322070, change=3.19e-06, α=0.000, ‖θ[1:]‖₁=13.755, h_range=[4.92e+00, 2.83e+01], num_knots=374
2025-09-06 13:01:57,391 - Iter 32430: obj=-1131.325592, change=3.19e-06, α=0.000, ‖θ[1:]‖₁=13.755, h_range=[4.92e+00, 2.83e+01], num_knots=374
2025-09-06 13:01:57,495 - Iter 32440: obj=-1131.329113, change=3.19e-06, α=0.000, ‖θ[1:]‖₁=13.755, h_range=[4.92e+00, 2.83e+01], num_knots=374
2025-09-06 13:01:57,585 - Iter 32450: obj=-1131.332635, change=3.19e-06, α=0.000, ‖θ[1:]‖₁=13.755, h_range=[4.92e+00, 2.83e+01], num_knots=374
2025-09-06 13:01:57,675 - Iter 32460: obj=-1131.336156, change=3.19e-06, α=0.000, ‖θ[1:]‖₁=13.755, h_range=[4.92e+00, 2.83e+01], num_knots=374
2025-09-06 13:01:57,766 - Iter 32470: obj=-1131.339677, change=3.19e-06, α=0.000, ‖θ[1:]‖₁=13.756, h_range=[4.92e+00, 2.83e+01], num_knots=374
2025-09-06 13:01:57,850 - Iter 32480: obj=-1131.343198, change=3.19e-06, α=0.000, ‖θ[1:]‖₁=13.756, h_range=[4.92e+00, 2.83e+01], num_knots=374
2025-09-06 13:01:57,949 - Iter 32490: obj=-1131.346718, change=3.18e-06, α=0.000, ‖θ[1:]‖₁=13.756, h_range=[4.92e+00, 2.83e+01], num_knots=374
2025-09-06 13:01:58,034 - Iter 32500: obj=-1131.350239, change=3.18e-06, α=0.000, ‖θ[1:]‖₁=13.756, h_range=[4.92e+00, 2.83e+01], num_knots=374
2025-09-06 13:01:58,118 - Iter 32510: obj=-1131.353759, change=3.18e-06, α=0.000, ‖θ[1:]‖₁=13.756, h_range=[4.91e+00, 2.83e+01], num_knots=374
2025-09-06 13:01:58,201 - Iter 32520: obj=-1131.357279, change=3.18e-06, α=0.000, ‖θ[1:]‖₁=13.756, h_range=[4.91e+00, 2.83e+01], num_knots=374
2025-09-06 13:01:58,284 - Iter 32530: obj=-1131.360798, change=3.18e-06, α=0.000, ‖θ[1:]‖₁=13.756, h_range=[4.91e+00, 2.83e+01], num_knots=373
2025-09-06 13:01:58,358 - Iter 32540: obj=-1131.364310, change=3.18e-06, α=0.000, ‖θ[1:]‖₁=13.756, h_range=[4.91e+00, 2.83e+01], num_knots=373
2025-09-06 13:01:58,449 - Iter 32550: obj=-1131.367822, change=3.18e-06, α=0.000, ‖θ[1:]‖₁=13.756, h_range=[4.91e+00, 2.83e+01], num_knots=373
2025-09-06 13:01:58,534 - Iter 32560: obj=-1131.371333, change=3.18e-06, α=0.000, ‖θ[1:]‖₁=13.756, h_range=[4.91e+00, 2.83e+01], num_knots=372
2025-09-06 13:01:58,622 - Iter 32570: obj=-1131.374833, change=3.17e-06, α=0.000, ‖θ[1:]‖₁=13.756, h_range=[4.91e+00, 2.83e+01], num_knots=372
2025-09-06 13:01:58,728 - Iter 32580: obj=-1131.378332, change=3.17e-06, α=0.000, ‖θ[1:]‖₁=13.756, h_range=[4.91e+00, 2.83e+01], num_knots=372
2025-09-06 13:01:58,830 - Iter 32590: obj=-1131.381828, change=3.17e-06, α=0.000, ‖θ[1:]‖₁=13.756, h_range=[4.91e+00, 2.83e+01], num_knots=371
2025-09-06 13:01:58,917 - Iter 32600: obj=-1131.385298, change=3.17e-06, α=0.000, ‖θ[1:]‖₁=13.756, h_range=[4.91e+00, 2.83e+01], num_knots=371
2025-09-06 13:01:59,014 - Iter 32610: obj=-1131.388769, change=3.17e-06, α=0.000, ‖θ[1:]‖₁=13.756, h_range=[4.91e+00, 2.83e+01], num_knots=371
2025-09-06 13:01:59,111 - Iter 32620: obj=-1131.392239, change=3.17e-06, α=0.000, ‖θ[1:]‖₁=13.756, h_range=[4.91e+00, 2.83e+01], num_knots=371
2025-09-06 13:01:59,195 - Iter 32630: obj=-1131.395709, change=3.17e-06, α=0.000, ‖θ[1:]‖₁=13.757, h_range=[4.91e+00, 2.83e+01], num_knots=371
2025-09-06 13:01:59,279 - Iter 32640: obj=-1131.399179, change=3.17e-06, α=0.000, ‖θ[1:]‖₁=13.757, h_range=[4.91e+00, 2.83e+01], num_knots=371
2025-09-06 13:01:59,371 - Iter 32650: obj=-1131.402648, change=3.17e-06, α=0.000, ‖θ[1:]‖₁=13.757, h_range=[4.91e+00, 2.83e+01], num_knots=371
2025-09-06 13:01:59,481 - Iter 32660: obj=-1131.406117, change=3.17e-06, α=0.000, ‖θ[1:]‖₁=13.757, h_range=[4.91e+00, 2.83e+01], num_knots=371
2025-09-06 13:01:59,566 - Iter 32670: obj=-1131.409587, change=3.17e-06, α=0.000, ‖θ[1:]‖₁=13.757, h_range=[4.91e+00, 2.83e+01], num_knots=371
2025-09-06 13:01:59,663 - Iter 32680: obj=-1131.413055, change=3.16e-06, α=0.000, ‖θ[1:]‖₁=13.757, h_range=[4.91e+00, 2.83e+01], num_knots=371
2025-09-06 13:01:59,745 - Iter 32690: obj=-1131.416524, change=3.16e-06, α=0.000, ‖θ[1:]‖₁=13.757, h_range=[4.91e+00, 2.83e+01], num_knots=371
2025-09-06 13:01:59,835 - Iter 32700: obj=-1131.419993, change=3.16e-06, α=0.000, ‖θ[1:]‖₁=13.757, h_range=[4.91e+00, 2.83e+01], num_knots=371
2025-09-06 13:01:59,922 - Iter 32710: obj=-1131.423461, change=3.16e-06, α=0.000, ‖θ[1:]‖₁=13.757, h_range=[4.91e+00, 2.83e+01], num_knots=371
2025-09-06 13:02:00,010 - Iter 32720: obj=-1131.426929, change=3.16e-06, α=0.000, ‖θ[1:]‖₁=13.757, h_range=[4.91e+00, 2.83e+01], num_knots=371
2025-09-06 13:02:00,087 - Iter 32730: obj=-1131.430397, change=3.16e-06, α=0.000, ‖θ[1:]‖₁=13.757, h_range=[4.91e+00, 2.83e+01], num_knots=371
2025-09-06 13:02:00,168 - Iter 32740: obj=-1131.433865, change=3.16e-06, α=0.000, ‖θ[1:]‖₁=13.757, h_range=[4.91e+00, 2.83e+01], num_knots=371
2025-09-06 13:02:00,266 - Iter 32750: obj=-1131.437333, change=3.16e-06, α=0.000, ‖θ[1:]‖₁=13.757, h_range=[4.91e+00, 2.83e+01], num_knots=371
2025-09-06 13:02:00,346 - Iter 32760: obj=-1131.440800, change=3.16e-06, α=0.000, ‖θ[1:]‖₁=13.757, h_range=[4.91e+00, 2.83e+01], num_knots=371
2025-09-06 13:02:00,447 - Iter 32770: obj=-1131.444267, change=3.16e-06, α=0.000, ‖θ[1:]‖₁=13.757, h_range=[4.91e+00, 2.83e+01], num_knots=371
2025-09-06 13:02:00,529 - Iter 32780: obj=-1131.447734, change=3.16e-06, α=0.000, ‖θ[1:]‖₁=13.758, h_range=[4.91e+00, 2.83e+01], num_knots=371
2025-09-06 13:02:00,616 - Iter 32790: obj=-1131.451201, change=3.15e-06, α=0.000, ‖θ[1:]‖₁=13.758, h_range=[4.91e+00, 2.83e+01], num_knots=371
2025-09-06 13:02:00,692 - Iter 32800: obj=-1131.454668, change=3.15e-06, α=0.000, ‖θ[1:]‖₁=13.758, h_range=[4.91e+00, 2.83e+01], num_knots=371
2025-09-06 13:02:00,772 - Iter 32810: obj=-1131.458135, change=3.15e-06, α=0.000, ‖θ[1:]‖₁=13.758, h_range=[4.91e+00, 2.83e+01], num_knots=371
2025-09-06 13:02:00,882 - Iter 32820: obj=-1131.461601, change=3.15e-06, α=0.000, ‖θ[1:]‖₁=13.758, h_range=[4.91e+00, 2.83e+01], num_knots=371
2025-09-06 13:02:00,972 - Iter 32830: obj=-1131.465067, change=3.15e-06, α=0.000, ‖θ[1:]‖₁=13.758, h_range=[4.91e+00, 2.83e+01], num_knots=371
2025-09-06 13:02:01,076 - Iter 32840: obj=-1131.468533, change=3.15e-06, α=0.000, ‖θ[1:]‖₁=13.758, h_range=[4.91e+00, 2.83e+01], num_knots=371
2025-09-06 13:02:01,163 - Iter 32850: obj=-1131.471999, change=3.15e-06, α=0.000, ‖θ[1:]‖₁=13.758, h_range=[4.91e+00, 2.83e+01], num_knots=371
2025-09-06 13:02:01,237 - Iter 32860: obj=-1131.475465, change=3.15e-06, α=0.000, ‖θ[1:]‖₁=13.758, h_range=[4.91e+00, 2.83e+01], num_knots=371
2025-09-06 13:02:01,335 - Iter 32870: obj=-1131.478931, change=3.15e-06, α=0.000, ‖θ[1:]‖₁=13.758, h_range=[4.91e+00, 2.83e+01], num_knots=371
2025-09-06 13:02:01,425 - Iter 32880: obj=-1131.482396, change=3.15e-06, α=0.000, ‖θ[1:]‖₁=13.758, h_range=[4.91e+00, 2.83e+01], num_knots=371
2025-09-06 13:02:01,516 - Iter 32890: obj=-1131.485862, change=3.15e-06, α=0.000, ‖θ[1:]‖₁=13.758, h_range=[4.91e+00, 2.83e+01], num_knots=371
2025-09-06 13:02:01,606 - Iter 32900: obj=-1131.489327, change=3.14e-06, α=0.000, ‖θ[1:]‖₁=13.758, h_range=[4.91e+00, 2.83e+01], num_knots=371
2025-09-06 13:02:01,693 - Iter 32910: obj=-1131.492792, change=3.14e-06, α=0.000, ‖θ[1:]‖₁=13.758, h_range=[4.91e+00, 2.83e+01], num_knots=371
2025-09-06 13:02:01,780 - Iter 32920: obj=-1131.496256, change=3.14e-06, α=0.000, ‖θ[1:]‖₁=13.758, h_range=[4.91e+00, 2.83e+01], num_knots=371
2025-09-06 13:02:01,854 - Iter 32930: obj=-1131.499721, change=3.14e-06, α=0.000, ‖θ[1:]‖₁=13.758, h_range=[4.91e+00, 2.83e+01], num_knots=371
2025-09-06 13:02:01,936 - Iter 32940: obj=-1131.503186, change=3.14e-06, α=0.000, ‖θ[1:]‖₁=13.758, h_range=[4.91e+00, 2.83e+01], num_knots=371
2025-09-06 13:02:02,005 - Iter 32950: obj=-1131.506628, change=3.14e-06, α=0.000, ‖θ[1:]‖₁=13.758, h_range=[4.91e+00, 2.83e+01], num_knots=370
2025-09-06 13:02:02,092 - Iter 32960: obj=-1131.510049, change=3.14e-06, α=0.000, ‖θ[1:]‖₁=13.759, h_range=[4.91e+00, 2.83e+01], num_knots=370
2025-09-06 13:02:02,172 - Iter 32970: obj=-1131.513470, change=3.14e-06, α=0.000, ‖θ[1:]‖₁=13.759, h_range=[4.91e+00, 2.83e+01], num_knots=370
2025-09-06 13:02:02,254 - Iter 32980: obj=-1131.516890, change=3.13e-06, α=0.000, ‖θ[1:]‖₁=13.759, h_range=[4.91e+00, 2.83e+01], num_knots=370
2025-09-06 13:02:02,349 - Iter 32990: obj=-1131.520310, change=3.13e-06, α=0.000, ‖θ[1:]‖₁=13.759, h_range=[4.91e+00, 2.83e+01], num_knots=370
2025-09-06 13:02:02,449 - Iter 33000: obj=-1131.523730, change=3.13e-06, α=0.000, ‖θ[1:]‖₁=13.759, h_range=[4.91e+00, 2.83e+01], num_knots=370
2025-09-06 13:02:02,535 - Iter 33010: obj=-1131.527150, change=3.13e-06, α=0.000, ‖θ[1:]‖₁=13.759, h_range=[4.91e+00, 2.83e+01], num_knots=370
2025-09-06 13:02:02,629 - Iter 33020: obj=-1131.530570, change=3.12e-06, α=0.000, ‖θ[1:]‖₁=13.759, h_range=[4.91e+00, 2.83e+01], num_knots=370
2025-09-06 13:02:02,705 - Iter 33030: obj=-1131.533989, change=3.12e-06, α=0.000, ‖θ[1:]‖₁=13.759, h_range=[4.91e+00, 2.83e+01], num_knots=370
2025-09-06 13:02:02,811 - Iter 33040: obj=-1131.537408, change=3.12e-06, α=0.000, ‖θ[1:]‖₁=13.759, h_range=[4.91e+00, 2.83e+01], num_knots=370
2025-09-06 13:02:02,902 - Iter 33050: obj=-1131.540827, change=3.12e-06, α=0.000, ‖θ[1:]‖₁=13.759, h_range=[4.91e+00, 2.83e+01], num_knots=370
2025-09-06 13:02:02,994 - Iter 33060: obj=-1131.544246, change=3.12e-06, α=0.000, ‖θ[1:]‖₁=13.759, h_range=[4.91e+00, 2.83e+01], num_knots=370
2025-09-06 13:02:03,108 - Iter 33070: obj=-1131.547665, change=3.11e-06, α=0.000, ‖θ[1:]‖₁=13.759, h_range=[4.91e+00, 2.83e+01], num_knots=370
2025-09-06 13:02:03,282 - Iter 33080: obj=-1131.551083, change=3.11e-06, α=0.000, ‖θ[1:]‖₁=13.759, h_range=[4.91e+00, 2.83e+01], num_knots=370
2025-09-06 13:02:03,449 - Iter 33090: obj=-1131.554501, change=3.11e-06, α=0.000, ‖θ[1:]‖₁=13.759, h_range=[4.91e+00, 2.83e+01], num_knots=370
2025-09-06 13:02:03,562 - Iter 33100: obj=-1131.557919, change=3.11e-06, α=0.000, ‖θ[1:]‖₁=13.759, h_range=[4.91e+00, 2.83e+01], num_knots=370
2025-09-06 13:02:03,724 - Iter 33110: obj=-1131.561337, change=3.11e-06, α=0.000, ‖θ[1:]‖₁=13.760, h_range=[4.91e+00, 2.83e+01], num_knots=370
2025-09-06 13:02:03,834 - Iter 33120: obj=-1131.564754, change=3.11e-06, α=0.000, ‖θ[1:]‖₁=13.760, h_range=[4.91e+00, 2.83e+01], num_knots=370
2025-09-06 13:02:03,927 - Iter 33130: obj=-1131.568172, change=3.10e-06, α=0.000, ‖θ[1:]‖₁=13.760, h_range=[4.91e+00, 2.83e+01], num_knots=370
2025-09-06 13:02:04,050 - Iter 33140: obj=-1131.571589, change=3.10e-06, α=0.000, ‖θ[1:]‖₁=13.760, h_range=[4.91e+00, 2.83e+01], num_knots=370
2025-09-06 13:02:04,156 - Iter 33150: obj=-1131.575006, change=3.10e-06, α=0.000, ‖θ[1:]‖₁=13.760, h_range=[4.91e+00, 2.83e+01], num_knots=370
2025-09-06 13:02:04,273 - Iter 33160: obj=-1131.578423, change=3.10e-06, α=0.000, ‖θ[1:]‖₁=13.760, h_range=[4.91e+00, 2.83e+01], num_knots=370
2025-09-06 13:02:04,391 - Iter 33170: obj=-1131.581839, change=3.10e-06, α=0.000, ‖θ[1:]‖₁=13.760, h_range=[4.91e+00, 2.83e+01], num_knots=370
2025-09-06 13:02:04,531 - Iter 33180: obj=-1131.585256, change=3.10e-06, α=0.000, ‖θ[1:]‖₁=13.760, h_range=[4.91e+00, 2.83e+01], num_knots=370
2025-09-06 13:02:04,611 - Iter 33190: obj=-1131.588672, change=3.09e-06, α=0.000, ‖θ[1:]‖₁=13.760, h_range=[4.91e+00, 2.83e+01], num_knots=370
2025-09-06 13:02:04,715 - Iter 33200: obj=-1131.592088, change=3.09e-06, α=0.000, ‖θ[1:]‖₁=13.760, h_range=[4.91e+00, 2.83e+01], num_knots=370
2025-09-06 13:02:04,809 - Iter 33210: obj=-1131.595504, change=3.09e-06, α=0.000, ‖θ[1:]‖₁=13.760, h_range=[4.91e+00, 2.83e+01], num_knots=370
2025-09-06 13:02:04,921 - Iter 33220: obj=-1131.598920, change=3.09e-06, α=0.000, ‖θ[1:]‖₁=13.760, h_range=[4.91e+00, 2.83e+01], num_knots=370
2025-09-06 13:02:05,011 - Iter 33230: obj=-1131.602336, change=3.09e-06, α=0.000, ‖θ[1:]‖₁=13.760, h_range=[4.91e+00, 2.83e+01], num_knots=370
2025-09-06 13:02:05,124 - Iter 33240: obj=-1131.605733, change=3.09e-06, α=0.000, ‖θ[1:]‖₁=13.760, h_range=[4.91e+00, 2.83e+01], num_knots=369
2025-09-06 13:02:05,234 - Iter 33250: obj=-1131.609123, change=3.08e-06, α=0.000, ‖θ[1:]‖₁=13.760, h_range=[4.91e+00, 2.83e+01], num_knots=369
2025-09-06 13:02:05,329 - Iter 33260: obj=-1131.612512, change=3.08e-06, α=0.000, ‖θ[1:]‖₁=13.760, h_range=[4.91e+00, 2.83e+01], num_knots=369
2025-09-06 13:02:05,420 - Iter 33270: obj=-1131.615901, change=3.08e-06, α=0.000, ‖θ[1:]‖₁=13.760, h_range=[4.91e+00, 2.83e+01], num_knots=369
2025-09-06 13:02:05,510 - Iter 33280: obj=-1131.619289, change=3.08e-06, α=0.000, ‖θ[1:]‖₁=13.760, h_range=[4.91e+00, 2.83e+01], num_knots=369
2025-09-06 13:02:05,615 - Iter 33290: obj=-1131.622678, change=3.08e-06, α=0.000, ‖θ[1:]‖₁=13.761, h_range=[4.91e+00, 2.83e+01], num_knots=369
2025-09-06 13:02:05,721 - Iter 33300: obj=-1131.626066, change=3.08e-06, α=0.000, ‖θ[1:]‖₁=13.761, h_range=[4.91e+00, 2.83e+01], num_knots=369
2025-09-06 13:02:05,834 - Iter 33310: obj=-1131.629455, change=3.08e-06, α=0.000, ‖θ[1:]‖₁=13.761, h_range=[4.91e+00, 2.83e+01], num_knots=369
2025-09-06 13:02:05,940 - Iter 33320: obj=-1131.632832, change=3.07e-06, α=0.000, ‖θ[1:]‖₁=13.761, h_range=[4.91e+00, 2.83e+01], num_knots=368
2025-09-06 13:02:06,037 - Iter 33330: obj=-1131.636204, change=3.07e-06, α=0.000, ‖θ[1:]‖₁=13.761, h_range=[4.91e+00, 2.83e+01], num_knots=368
2025-09-06 13:02:06,136 - Iter 33340: obj=-1131.639575, change=3.07e-06, α=0.000, ‖θ[1:]‖₁=13.761, h_range=[4.91e+00, 2.83e+01], num_knots=368
2025-09-06 13:02:06,230 - Iter 33350: obj=-1131.642946, change=3.07e-06, α=0.000, ‖θ[1:]‖₁=13.761, h_range=[4.91e+00, 2.83e+01], num_knots=368
2025-09-06 13:02:06,325 - Iter 33360: obj=-1131.646318, change=3.07e-06, α=0.000, ‖θ[1:]‖₁=13.761, h_range=[4.91e+00, 2.83e+01], num_knots=368
2025-09-06 13:02:06,426 - Iter 33370: obj=-1131.649688, change=3.07e-06, α=0.000, ‖θ[1:]‖₁=13.761, h_range=[4.91e+00, 2.83e+01], num_knots=368
2025-09-06 13:02:06,545 - Iter 33380: obj=-1131.653059, change=3.06e-06, α=0.000, ‖θ[1:]‖₁=13.761, h_range=[4.91e+00, 2.83e+01], num_knots=368
2025-09-06 13:02:06,672 - Iter 33390: obj=-1131.656429, change=3.06e-06, α=0.000, ‖θ[1:]‖₁=13.761, h_range=[4.91e+00, 2.83e+01], num_knots=368
2025-09-06 13:02:06,785 - Iter 33400: obj=-1131.659800, change=3.06e-06, α=0.000, ‖θ[1:]‖₁=13.761, h_range=[4.91e+00, 2.83e+01], num_knots=368
2025-09-06 13:02:06,894 - Iter 33410: obj=-1131.663170, change=3.06e-06, α=0.000, ‖θ[1:]‖₁=13.761, h_range=[4.91e+00, 2.83e+01], num_knots=368
2025-09-06 13:02:07,012 - Iter 33420: obj=-1131.666540, change=3.06e-06, α=0.000, ‖θ[1:]‖₁=13.761, h_range=[4.91e+00, 2.83e+01], num_knots=368
2025-09-06 13:02:07,125 - Iter 33430: obj=-1131.669904, change=3.06e-06, α=0.000, ‖θ[1:]‖₁=13.761, h_range=[4.91e+00, 2.83e+01], num_knots=367
2025-09-06 13:02:07,232 - Iter 33440: obj=-1131.673239, change=3.05e-06, α=0.000, ‖θ[1:]‖₁=13.761, h_range=[4.91e+00, 2.83e+01], num_knots=367
2025-09-06 13:02:07,320 - Iter 33450: obj=-1131.676574, change=3.05e-06, α=0.000, ‖θ[1:]‖₁=13.761, h_range=[4.91e+00, 2.83e+01], num_knots=367
2025-09-06 13:02:07,414 - Iter 33460: obj=-1131.679908, change=3.05e-06, α=0.000, ‖θ[1:]‖₁=13.762, h_range=[4.91e+00, 2.83e+01], num_knots=367
2025-09-06 13:02:07,506 - Iter 33470: obj=-1131.683242, change=3.05e-06, α=0.000, ‖θ[1:]‖₁=13.762, h_range=[4.91e+00, 2.83e+01], num_knots=367
2025-09-06 13:02:07,601 - Iter 33480: obj=-1131.686576, change=3.05e-06, α=0.000, ‖θ[1:]‖₁=13.762, h_range=[4.91e+00, 2.83e+01], num_knots=367
2025-09-06 13:02:07,691 - Iter 33490: obj=-1131.689910, change=3.05e-06, α=0.000, ‖θ[1:]‖₁=13.762, h_range=[4.91e+00, 2.83e+01], num_knots=367
2025-09-06 13:02:07,801 - Iter 33500: obj=-1131.693244, change=3.05e-06, α=0.000, ‖θ[1:]‖₁=13.762, h_range=[4.91e+00, 2.83e+01], num_knots=367
2025-09-06 13:02:07,901 - Iter 33510: obj=-1131.696577, change=3.05e-06, α=0.000, ‖θ[1:]‖₁=13.762, h_range=[4.91e+00, 2.83e+01], num_knots=367
2025-09-06 13:02:08,011 - Iter 33520: obj=-1131.699910, change=3.04e-06, α=0.000, ‖θ[1:]‖₁=13.762, h_range=[4.91e+00, 2.83e+01], num_knots=367
2025-09-06 13:02:08,142 - Iter 33530: obj=-1131.703243, change=3.04e-06, α=0.000, ‖θ[1:]‖₁=13.762, h_range=[4.91e+00, 2.83e+01], num_knots=367
2025-09-06 13:02:08,247 - Iter 33540: obj=-1131.706576, change=3.04e-06, α=0.000, ‖θ[1:]‖₁=13.762, h_range=[4.91e+00, 2.83e+01], num_knots=367
2025-09-06 13:02:08,343 - Iter 33550: obj=-1131.709909, change=3.04e-06, α=0.000, ‖θ[1:]‖₁=13.762, h_range=[4.91e+00, 2.83e+01], num_knots=367
2025-09-06 13:02:08,453 - Iter 33560: obj=-1131.713241, change=3.04e-06, α=0.000, ‖θ[1:]‖₁=13.762, h_range=[4.91e+00, 2.83e+01], num_knots=367
2025-09-06 13:02:08,542 - Iter 33570: obj=-1131.716573, change=3.04e-06, α=0.000, ‖θ[1:]‖₁=13.762, h_range=[4.91e+00, 2.83e+01], num_knots=367
2025-09-06 13:02:08,668 - Iter 33580: obj=-1131.719905, change=3.04e-06, α=0.000, ‖θ[1:]‖₁=13.762, h_range=[4.91e+00, 2.83e+01], num_knots=367
2025-09-06 13:02:08,776 - Iter 33590: obj=-1131.723237, change=3.04e-06, α=0.000, ‖θ[1:]‖₁=13.762, h_range=[4.91e+00, 2.83e+01], num_knots=367
2025-09-06 13:02:08,856 - Iter 33600: obj=-1131.726569, change=3.03e-06, α=0.000, ‖θ[1:]‖₁=13.762, h_range=[4.91e+00, 2.83e+01], num_knots=367
2025-09-06 13:02:08,969 - Iter 33610: obj=-1131.729900, change=3.03e-06, α=0.000, ‖θ[1:]‖₁=13.762, h_range=[4.91e+00, 2.83e+01], num_knots=367
2025-09-06 13:02:09,056 - Iter 33620: obj=-1131.733231, change=3.03e-06, α=0.000, ‖θ[1:]‖₁=13.762, h_range=[4.91e+00, 2.83e+01], num_knots=367
2025-09-06 13:02:09,176 - Iter 33630: obj=-1131.736562, change=3.03e-06, α=0.000, ‖θ[1:]‖₁=13.763, h_range=[4.91e+00, 2.83e+01], num_knots=367
2025-09-06 13:02:09,263 - Iter 33640: obj=-1131.739893, change=3.03e-06, α=0.000, ‖θ[1:]‖₁=13.763, h_range=[4.91e+00, 2.83e+01], num_knots=367
2025-09-06 13:02:09,371 - Iter 33650: obj=-1131.743224, change=3.03e-06, α=0.000, ‖θ[1:]‖₁=13.763, h_range=[4.91e+00, 2.83e+01], num_knots=367
2025-09-06 13:02:09,481 - Iter 33660: obj=-1131.746555, change=3.03e-06, α=0.000, ‖θ[1:]‖₁=13.763, h_range=[4.91e+00, 2.83e+01], num_knots=367
2025-09-06 13:02:09,572 - Iter 33670: obj=-1131.749885, change=3.03e-06, α=0.000, ‖θ[1:]‖₁=13.763, h_range=[4.91e+00, 2.83e+01], num_knots=367
2025-09-06 13:02:09,658 - Iter 33680: obj=-1131.753215, change=3.03e-06, α=0.000, ‖θ[1:]‖₁=13.763, h_range=[4.91e+00, 2.83e+01], num_knots=367
2025-09-06 13:02:09,769 - Iter 33690: obj=-1131.756545, change=3.03e-06, α=0.000, ‖θ[1:]‖₁=13.763, h_range=[4.91e+00, 2.83e+01], num_knots=367
2025-09-06 13:02:09,880 - Iter 33700: obj=-1131.759875, change=3.02e-06, α=0.000, ‖θ[1:]‖₁=13.763, h_range=[4.91e+00, 2.83e+01], num_knots=367
2025-09-06 13:02:09,988 - Iter 33710: obj=-1131.763205, change=3.02e-06, α=0.000, ‖θ[1:]‖₁=13.763, h_range=[4.91e+00, 2.83e+01], num_knots=367
2025-09-06 13:02:10,092 - Iter 33720: obj=-1131.766535, change=3.02e-06, α=0.000, ‖θ[1:]‖₁=13.763, h_range=[4.91e+00, 2.83e+01], num_knots=367
2025-09-06 13:02:10,192 - Iter 33730: obj=-1131.769864, change=3.02e-06, α=0.000, ‖θ[1:]‖₁=13.763, h_range=[4.91e+00, 2.83e+01], num_knots=367
2025-09-06 13:02:10,323 - Iter 33740: obj=-1131.773194, change=3.02e-06, α=0.000, ‖θ[1:]‖₁=13.763, h_range=[4.91e+00, 2.83e+01], num_knots=367
2025-09-06 13:02:10,434 - Iter 33750: obj=-1131.776523, change=3.02e-06, α=0.000, ‖θ[1:]‖₁=13.763, h_range=[4.91e+00, 2.83e+01], num_knots=367
2025-09-06 13:02:10,556 - Iter 33760: obj=-1131.779852, change=3.02e-06, α=0.000, ‖θ[1:]‖₁=13.763, h_range=[4.91e+00, 2.83e+01], num_knots=367
2025-09-06 13:02:10,663 - Iter 33770: obj=-1131.783180, change=3.02e-06, α=0.000, ‖θ[1:]‖₁=13.763, h_range=[4.91e+00, 2.83e+01], num_knots=367
2025-09-06 13:02:10,788 - Iter 33780: obj=-1131.786509, change=3.02e-06, α=0.000, ‖θ[1:]‖₁=13.763, h_range=[4.91e+00, 2.83e+01], num_knots=367
2025-09-06 13:02:10,888 - Iter 33790: obj=-1131.789838, change=3.02e-06, α=0.000, ‖θ[1:]‖₁=13.763, h_range=[4.91e+00, 2.83e+01], num_knots=367
2025-09-06 13:02:10,994 - Iter 33800: obj=-1131.793166, change=3.01e-06, α=0.000, ‖θ[1:]‖₁=13.763, h_range=[4.91e+00, 2.83e+01], num_knots=367
2025-09-06 13:02:11,072 - Iter 33810: obj=-1131.796494, change=3.01e-06, α=0.000, ‖θ[1:]‖₁=13.763, h_range=[4.91e+00, 2.83e+01], num_knots=367
2025-09-06 13:02:11,153 - Iter 33820: obj=-1131.799822, change=3.01e-06, α=0.000, ‖θ[1:]‖₁=13.763, h_range=[4.91e+00, 2.83e+01], num_knots=367
2025-09-06 13:02:11,275 - Iter 33830: obj=-1131.803150, change=3.01e-06, α=0.000, ‖θ[1:]‖₁=13.763, h_range=[4.91e+00, 2.83e+01], num_knots=367
2025-09-06 13:02:11,360 - Iter 33840: obj=-1131.806478, change=3.01e-06, α=0.000, ‖θ[1:]‖₁=13.764, h_range=[4.91e+00, 2.83e+01], num_knots=367
2025-09-06 13:02:11,444 - Iter 33850: obj=-1131.809805, change=3.01e-06, α=0.000, ‖θ[1:]‖₁=13.764, h_range=[4.91e+00, 2.83e+01], num_knots=367
2025-09-06 13:02:11,527 - Iter 33860: obj=-1131.813133, change=3.01e-06, α=0.000, ‖θ[1:]‖₁=13.764, h_range=[4.91e+00, 2.83e+01], num_knots=367
2025-09-06 13:02:11,628 - Iter 33870: obj=-1131.816460, change=3.01e-06, α=0.000, ‖θ[1:]‖₁=13.764, h_range=[4.91e+00, 2.83e+01], num_knots=367
2025-09-06 13:02:11,725 - Iter 33880: obj=-1131.819787, change=3.01e-06, α=0.000, ‖θ[1:]‖₁=13.764, h_range=[4.91e+00, 2.83e+01], num_knots=367
2025-09-06 13:02:11,820 - Iter 33890: obj=-1131.823114, change=3.01e-06, α=0.000, ‖θ[1:]‖₁=13.764, h_range=[4.91e+00, 2.83e+01], num_knots=367
2025-09-06 13:02:11,930 - Iter 33900: obj=-1131.826441, change=3.01e-06, α=0.000, ‖θ[1:]‖₁=13.764, h_range=[4.91e+00, 2.83e+01], num_knots=366
2025-09-06 13:02:12,040 - Iter 33910: obj=-1131.829739, change=3.01e-06, α=0.000, ‖θ[1:]‖₁=13.764, h_range=[4.91e+00, 2.83e+01], num_knots=366
2025-09-06 13:02:12,140 - Iter 33920: obj=-1131.833035, change=3.00e-06, α=0.000, ‖θ[1:]‖₁=13.764, h_range=[4.91e+00, 2.83e+01], num_knots=366
2025-09-06 13:02:12,258 - Iter 33930: obj=-1131.836329, change=3.00e-06, α=0.000, ‖θ[1:]‖₁=13.764, h_range=[4.91e+00, 2.83e+01], num_knots=366
2025-09-06 13:02:12,347 - Iter 33940: obj=-1131.839624, change=3.00e-06, α=0.000, ‖θ[1:]‖₁=13.764, h_range=[4.91e+00, 2.83e+01], num_knots=366
2025-09-06 13:02:12,442 - Iter 33950: obj=-1131.842919, change=3.00e-06, α=0.000, ‖θ[1:]‖₁=13.764, h_range=[4.91e+00, 2.83e+01], num_knots=366
2025-09-06 13:02:12,551 - Iter 33960: obj=-1131.846213, change=3.00e-06, α=0.000, ‖θ[1:]‖₁=13.764, h_range=[4.91e+00, 2.83e+01], num_knots=366
2025-09-06 13:02:12,642 - Iter 33970: obj=-1131.849507, change=3.00e-06, α=0.000, ‖θ[1:]‖₁=13.764, h_range=[4.91e+00, 2.83e+01], num_knots=366
2025-09-06 13:02:12,753 - Iter 33980: obj=-1131.852801, change=3.00e-06, α=0.000, ‖θ[1:]‖₁=13.764, h_range=[4.91e+00, 2.83e+01], num_knots=366
2025-09-06 13:02:12,850 - Iter 33990: obj=-1131.856095, change=3.00e-06, α=0.000, ‖θ[1:]‖₁=13.764, h_range=[4.91e+00, 2.83e+01], num_knots=366
2025-09-06 13:02:12,941 - Iter 34000: obj=-1131.859374, change=3.00e-06, α=0.000, ‖θ[1:]‖₁=13.764, h_range=[4.91e+00, 2.83e+01], num_knots=365
2025-09-06 13:02:13,039 - Iter 34010: obj=-1131.862640, change=3.00e-06, α=0.000, ‖θ[1:]‖₁=13.764, h_range=[4.91e+00, 2.83e+01], num_knots=365
2025-09-06 13:02:13,136 - Iter 34020: obj=-1131.865907, change=3.00e-06, α=0.000, ‖θ[1:]‖₁=13.764, h_range=[4.91e+00, 2.83e+01], num_knots=365
2025-09-06 13:02:13,228 - Iter 34030: obj=-1131.869173, change=3.00e-06, α=0.000, ‖θ[1:]‖₁=13.764, h_range=[4.91e+00, 2.83e+01], num_knots=365
2025-09-06 13:02:13,339 - Iter 34040: obj=-1131.872439, change=3.00e-06, α=0.000, ‖θ[1:]‖₁=13.764, h_range=[4.91e+00, 2.83e+01], num_knots=365
2025-09-06 13:02:13,455 - Iter 34050: obj=-1131.875704, change=3.00e-06, α=0.000, ‖θ[1:]‖₁=13.765, h_range=[4.91e+00, 2.83e+01], num_knots=365
2025-09-06 13:02:13,568 - Iter 34060: obj=-1131.878970, change=2.99e-06, α=0.000, ‖θ[1:]‖₁=13.765, h_range=[4.91e+00, 2.83e+01], num_knots=365
2025-09-06 13:02:13,685 - Iter 34070: obj=-1131.882235, change=2.99e-06, α=0.000, ‖θ[1:]‖₁=13.765, h_range=[4.91e+00, 2.83e+01], num_knots=365
2025-09-06 13:02:13,782 - Iter 34080: obj=-1131.885501, change=2.99e-06, α=0.000, ‖θ[1:]‖₁=13.765, h_range=[4.91e+00, 2.83e+01], num_knots=365
2025-09-06 13:02:13,875 - Iter 34090: obj=-1131.888766, change=2.99e-06, α=0.000, ‖θ[1:]‖₁=13.765, h_range=[4.91e+00, 2.83e+01], num_knots=365
2025-09-06 13:02:13,965 - Iter 34100: obj=-1131.892031, change=2.99e-06, α=0.000, ‖θ[1:]‖₁=13.765, h_range=[4.91e+00, 2.83e+01], num_knots=365
2025-09-06 13:02:14,054 - Iter 34110: obj=-1131.895296, change=2.99e-06, α=0.000, ‖θ[1:]‖₁=13.765, h_range=[4.91e+00, 2.83e+01], num_knots=365
2025-09-06 13:02:14,154 - Iter 34120: obj=-1131.898560, change=2.99e-06, α=0.000, ‖θ[1:]‖₁=13.765, h_range=[4.91e+00, 2.83e+01], num_knots=365
2025-09-06 13:02:14,259 - Iter 34130: obj=-1131.901825, change=2.99e-06, α=0.000, ‖θ[1:]‖₁=13.765, h_range=[4.91e+00, 2.83e+01], num_knots=365
2025-09-06 13:02:14,445 - Iter 34140: obj=-1131.905089, change=2.99e-06, α=0.000, ‖θ[1:]‖₁=13.765, h_range=[4.91e+00, 2.83e+01], num_knots=365
2025-09-06 13:02:14,543 - Iter 34150: obj=-1131.908353, change=2.99e-06, α=0.000, ‖θ[1:]‖₁=13.765, h_range=[4.91e+00, 2.83e+01], num_knots=365
2025-09-06 13:02:14,661 - Iter 34160: obj=-1131.911617, change=2.99e-06, α=0.000, ‖θ[1:]‖₁=13.765, h_range=[4.91e+00, 2.83e+01], num_knots=365
2025-09-06 13:02:14,778 - Iter 34170: obj=-1131.914881, change=2.99e-06, α=0.000, ‖θ[1:]‖₁=13.765, h_range=[4.91e+00, 2.83e+01], num_knots=365
2025-09-06 13:02:14,878 - Iter 34180: obj=-1131.918145, change=2.99e-06, α=0.000, ‖θ[1:]‖₁=13.765, h_range=[4.91e+00, 2.83e+01], num_knots=365
2025-09-06 13:02:14,981 - Iter 34190: obj=-1131.921409, change=2.99e-06, α=0.000, ‖θ[1:]‖₁=13.765, h_range=[4.91e+00, 2.83e+01], num_knots=365
2025-09-06 13:02:15,090 - Iter 34200: obj=-1131.924672, change=2.99e-06, α=0.000, ‖θ[1:]‖₁=13.765, h_range=[4.91e+00, 2.83e+01], num_knots=365
2025-09-06 13:02:15,191 - Iter 34210: obj=-1131.927935, change=2.98e-06, α=0.000, ‖θ[1:]‖₁=13.765, h_range=[4.91e+00, 2.83e+01], num_knots=365
2025-09-06 13:02:15,292 - Iter 34220: obj=-1131.931199, change=2.98e-06, α=0.000, ‖θ[1:]‖₁=13.765, h_range=[4.91e+00, 2.83e+01], num_knots=365
2025-09-06 13:02:15,385 - Iter 34230: obj=-1131.934462, change=2.98e-06, α=0.000, ‖θ[1:]‖₁=13.765, h_range=[4.91e+00, 2.83e+01], num_knots=365
2025-09-06 13:02:15,493 - Iter 34240: obj=-1131.937725, change=2.98e-06, α=0.000, ‖θ[1:]‖₁=13.765, h_range=[4.91e+00, 2.83e+01], num_knots=365
2025-09-06 13:02:15,649 - Iter 34250: obj=-1131.940987, change=2.98e-06, α=0.000, ‖θ[1:]‖₁=13.765, h_range=[4.91e+00, 2.83e+01], num_knots=365
2025-09-06 13:02:15,732 - Iter 34260: obj=-1131.944250, change=2.98e-06, α=0.000, ‖θ[1:]‖₁=13.765, h_range=[4.91e+00, 2.83e+01], num_knots=365
2025-09-06 13:02:15,828 - Iter 34270: obj=-1131.947510, change=2.98e-06, α=0.000, ‖θ[1:]‖₁=13.766, h_range=[4.91e+00, 2.83e+01], num_knots=364
2025-09-06 13:02:15,933 - Iter 34280: obj=-1131.950755, change=2.98e-06, α=0.000, ‖θ[1:]‖₁=13.766, h_range=[4.91e+00, 2.83e+01], num_knots=364
2025-09-06 13:02:16,025 - Iter 34290: obj=-1131.953999, change=2.98e-06, α=0.000, ‖θ[1:]‖₁=13.766, h_range=[4.91e+00, 2.83e+01], num_knots=364
2025-09-06 13:02:16,131 - Iter 34300: obj=-1131.957243, change=2.98e-06, α=0.000, ‖θ[1:]‖₁=13.766, h_range=[4.91e+00, 2.83e+01], num_knots=364
2025-09-06 13:02:16,239 - Iter 34310: obj=-1131.960488, change=2.98e-06, α=0.000, ‖θ[1:]‖₁=13.766, h_range=[4.91e+00, 2.83e+01], num_knots=364
2025-09-06 13:02:16,358 - Iter 34320: obj=-1131.963714, change=2.98e-06, α=0.000, ‖θ[1:]‖₁=13.766, h_range=[4.91e+00, 2.83e+01], num_knots=363
2025-09-06 13:02:16,473 - Iter 34330: obj=-1131.966937, change=2.98e-06, α=0.000, ‖θ[1:]‖₁=13.766, h_range=[4.91e+00, 2.83e+01], num_knots=363
2025-09-06 13:02:16,585 - Iter 34340: obj=-1131.970159, change=2.98e-06, α=0.000, ‖θ[1:]‖₁=13.766, h_range=[4.91e+00, 2.83e+01], num_knots=363
2025-09-06 13:02:16,694 - Iter 34350: obj=-1131.973381, change=2.98e-06, α=0.000, ‖θ[1:]‖₁=13.766, h_range=[4.91e+00, 2.83e+01], num_knots=363
2025-09-06 13:02:16,795 - Iter 34360: obj=-1131.976603, change=2.97e-06, α=0.000, ‖θ[1:]‖₁=13.766, h_range=[4.91e+00, 2.83e+01], num_knots=363
2025-09-06 13:02:16,899 - Iter 34370: obj=-1131.979825, change=2.97e-06, α=0.000, ‖θ[1:]‖₁=13.766, h_range=[4.91e+00, 2.83e+01], num_knots=363
2025-09-06 13:02:16,993 - Iter 34380: obj=-1131.983047, change=2.97e-06, α=0.000, ‖θ[1:]‖₁=13.766, h_range=[4.91e+00, 2.83e+01], num_knots=363
2025-09-06 13:02:17,102 - Iter 34390: obj=-1131.986268, change=2.97e-06, α=0.000, ‖θ[1:]‖₁=13.766, h_range=[4.91e+00, 2.83e+01], num_knots=363
2025-09-06 13:02:17,206 - Iter 34400: obj=-1131.989490, change=2.97e-06, α=0.000, ‖θ[1:]‖₁=13.766, h_range=[4.91e+00, 2.83e+01], num_knots=363
2025-09-06 13:02:17,321 - Iter 34410: obj=-1131.992711, change=2.97e-06, α=0.000, ‖θ[1:]‖₁=13.766, h_range=[4.91e+00, 2.83e+01], num_knots=363
2025-09-06 13:02:17,417 - Iter 34420: obj=-1131.995932, change=2.97e-06, α=0.000, ‖θ[1:]‖₁=13.766, h_range=[4.91e+00, 2.83e+01], num_knots=363
2025-09-06 13:02:17,512 - Iter 34430: obj=-1131.999153, change=2.97e-06, α=0.000, ‖θ[1:]‖₁=13.766, h_range=[4.91e+00, 2.83e+01], num_knots=363
2025-09-06 13:02:17,614 - Iter 34440: obj=-1132.002373, change=2.97e-06, α=0.000, ‖θ[1:]‖₁=13.766, h_range=[4.91e+00, 2.83e+01], num_knots=363
2025-09-06 13:02:17,725 - Iter 34450: obj=-1132.005594, change=2.97e-06, α=0.000, ‖θ[1:]‖₁=13.766, h_range=[4.91e+00, 2.83e+01], num_knots=363
2025-09-06 13:02:17,822 - Iter 34460: obj=-1132.008814, change=2.97e-06, α=0.000, ‖θ[1:]‖₁=13.766, h_range=[4.91e+00, 2.83e+01], num_knots=363
2025-09-06 13:02:17,908 - Iter 34470: obj=-1132.012035, change=2.97e-06, α=0.000, ‖θ[1:]‖₁=13.767, h_range=[4.91e+00, 2.83e+01], num_knots=363
2025-09-06 13:02:18,014 - Iter 34480: obj=-1132.015255, change=2.97e-06, α=0.000, ‖θ[1:]‖₁=13.767, h_range=[4.91e+00, 2.83e+01], num_knots=363
2025-09-06 13:02:18,125 - Iter 34490: obj=-1132.018475, change=2.97e-06, α=0.000, ‖θ[1:]‖₁=13.767, h_range=[4.91e+00, 2.83e+01], num_knots=363
2025-09-06 13:02:18,238 - Iter 34500: obj=-1132.021695, change=2.97e-06, α=0.000, ‖θ[1:]‖₁=13.767, h_range=[4.91e+00, 2.83e+01], num_knots=363
2025-09-06 13:02:18,367 - Iter 34510: obj=-1132.024914, change=2.97e-06, α=0.000, ‖θ[1:]‖₁=13.767, h_range=[4.91e+00, 2.83e+01], num_knots=363
2025-09-06 13:02:18,471 - Iter 34520: obj=-1132.028120, change=2.97e-06, α=0.000, ‖θ[1:]‖₁=13.767, h_range=[4.91e+00, 2.83e+01], num_knots=362
2025-09-06 13:02:18,591 - Iter 34530: obj=-1132.031321, change=2.97e-06, α=0.000, ‖θ[1:]‖₁=13.767, h_range=[4.91e+00, 2.83e+01], num_knots=362
2025-09-06 13:02:18,713 - Iter 34540: obj=-1132.034522, change=2.97e-06, α=0.000, ‖θ[1:]‖₁=13.767, h_range=[4.91e+00, 2.83e+01], num_knots=362
2025-09-06 13:02:18,836 - Iter 34550: obj=-1132.037723, change=2.96e-06, α=0.000, ‖θ[1:]‖₁=13.767, h_range=[4.91e+00, 2.83e+01], num_knots=362
2025-09-06 13:02:18,943 - Iter 34560: obj=-1132.040923, change=2.96e-06, α=0.000, ‖θ[1:]‖₁=13.767, h_range=[4.91e+00, 2.83e+01], num_knots=362
2025-09-06 13:02:19,046 - Iter 34570: obj=-1132.044124, change=2.96e-06, α=0.000, ‖θ[1:]‖₁=13.767, h_range=[4.91e+00, 2.83e+01], num_knots=362
2025-09-06 13:02:19,156 - Iter 34580: obj=-1132.047324, change=2.96e-06, α=0.000, ‖θ[1:]‖₁=13.767, h_range=[4.91e+00, 2.83e+01], num_knots=362
2025-09-06 13:02:19,319 - Iter 34590: obj=-1132.050524, change=2.96e-06, α=0.000, ‖θ[1:]‖₁=13.767, h_range=[4.91e+00, 2.83e+01], num_knots=362
2025-09-06 13:02:19,445 - Iter 34600: obj=-1132.053724, change=2.96e-06, α=0.000, ‖θ[1:]‖₁=13.767, h_range=[4.91e+00, 2.83e+01], num_knots=362
2025-09-06 13:02:19,564 - Iter 34610: obj=-1132.056924, change=2.96e-06, α=0.000, ‖θ[1:]‖₁=13.767, h_range=[4.91e+00, 2.83e+01], num_knots=362
2025-09-06 13:02:19,674 - Iter 34620: obj=-1132.060124, change=2.96e-06, α=0.000, ‖θ[1:]‖₁=13.767, h_range=[4.91e+00, 2.83e+01], num_knots=362
2025-09-06 13:02:19,783 - Iter 34630: obj=-1132.063323, change=2.96e-06, α=0.000, ‖θ[1:]‖₁=13.767, h_range=[4.91e+00, 2.83e+01], num_knots=362
2025-09-06 13:02:19,899 - Iter 34640: obj=-1132.066523, change=2.96e-06, α=0.000, ‖θ[1:]‖₁=13.767, h_range=[4.91e+00, 2.83e+01], num_knots=362
2025-09-06 13:02:19,997 - Iter 34650: obj=-1132.069722, change=2.96e-06, α=0.000, ‖θ[1:]‖₁=13.767, h_range=[4.91e+00, 2.83e+01], num_knots=362
2025-09-06 13:02:20,103 - Iter 34660: obj=-1132.072921, change=2.96e-06, α=0.000, ‖θ[1:]‖₁=13.767, h_range=[4.91e+00, 2.83e+01], num_knots=362
2025-09-06 13:02:20,223 - Iter 34670: obj=-1132.076120, change=2.96e-06, α=0.000, ‖θ[1:]‖₁=13.767, h_range=[4.91e+00, 2.83e+01], num_knots=362
2025-09-06 13:02:20,343 - Iter 34680: obj=-1132.079319, change=2.96e-06, α=0.000, ‖θ[1:]‖₁=13.768, h_range=[4.91e+00, 2.83e+01], num_knots=362
2025-09-06 13:02:20,428 - Iter 34690: obj=-1132.082507, change=2.96e-06, α=0.000, ‖θ[1:]‖₁=13.768, h_range=[4.91e+00, 2.83e+01], num_knots=361
2025-09-06 13:02:20,522 - Iter 34700: obj=-1132.085693, change=2.96e-06, α=0.000, ‖θ[1:]‖₁=13.768, h_range=[4.91e+00, 2.83e+01], num_knots=361
2025-09-06 13:02:20,615 - Iter 34710: obj=-1132.088879, change=2.96e-06, α=0.000, ‖θ[1:]‖₁=13.768, h_range=[4.91e+00, 2.83e+01], num_knots=361
2025-09-06 13:02:20,728 - Iter 34720: obj=-1132.092065, change=2.96e-06, α=0.000, ‖θ[1:]‖₁=13.768, h_range=[4.91e+00, 2.83e+01], num_knots=361
2025-09-06 13:02:20,832 - Iter 34730: obj=-1132.095250, change=2.96e-06, α=0.000, ‖θ[1:]‖₁=13.768, h_range=[4.91e+00, 2.83e+01], num_knots=361
2025-09-06 13:02:20,914 - Iter 34740: obj=-1132.098435, change=2.96e-06, α=0.000, ‖θ[1:]‖₁=13.768, h_range=[4.91e+00, 2.83e+01], num_knots=360
2025-09-06 13:02:20,998 - Iter 34750: obj=-1132.101596, change=2.96e-06, α=0.000, ‖θ[1:]‖₁=13.768, h_range=[4.91e+00, 2.83e+01], num_knots=360
2025-09-06 13:02:21,127 - Iter 34760: obj=-1132.104756, change=2.96e-06, α=0.000, ‖θ[1:]‖₁=13.768, h_range=[4.91e+00, 2.83e+01], num_knots=360
2025-09-06 13:02:21,263 - Iter 34770: obj=-1132.107916, change=2.96e-06, α=0.000, ‖θ[1:]‖₁=13.768, h_range=[4.91e+00, 2.83e+01], num_knots=360
2025-09-06 13:02:21,374 - Iter 34780: obj=-1132.111076, change=2.96e-06, α=0.000, ‖θ[1:]‖₁=13.768, h_range=[4.91e+00, 2.83e+01], num_knots=360
2025-09-06 13:02:21,459 - Iter 34790: obj=-1132.114236, change=2.96e-06, α=0.000, ‖θ[1:]‖₁=13.768, h_range=[4.91e+00, 2.83e+01], num_knots=360
2025-09-06 13:02:21,578 - Iter 34800: obj=-1132.117396, change=2.96e-06, α=0.000, ‖θ[1:]‖₁=13.768, h_range=[4.91e+00, 2.83e+01], num_knots=360
2025-09-06 13:02:21,657 - Iter 34810: obj=-1132.120555, change=2.95e-06, α=0.000, ‖θ[1:]‖₁=13.768, h_range=[4.91e+00, 2.83e+01], num_knots=360
2025-09-06 13:02:21,750 - Iter 34820: obj=-1132.123714, change=2.95e-06, α=0.000, ‖θ[1:]‖₁=13.768, h_range=[4.91e+00, 2.83e+01], num_knots=360
2025-09-06 13:02:21,841 - Iter 34830: obj=-1132.126873, change=2.95e-06, α=0.000, ‖θ[1:]‖₁=13.768, h_range=[4.91e+00, 2.83e+01], num_knots=360
2025-09-06 13:02:21,934 - Iter 34840: obj=-1132.130032, change=2.95e-06, α=0.000, ‖θ[1:]‖₁=13.768, h_range=[4.91e+00, 2.83e+01], num_knots=360
2025-09-06 13:02:22,015 - Iter 34850: obj=-1132.133191, change=2.95e-06, α=0.000, ‖θ[1:]‖₁=13.768, h_range=[4.91e+00, 2.83e+01], num_knots=360
2025-09-06 13:02:22,110 - Iter 34860: obj=-1132.136350, change=2.95e-06, α=0.000, ‖θ[1:]‖₁=13.768, h_range=[4.91e+00, 2.83e+01], num_knots=360
2025-09-06 13:02:22,207 - Iter 34870: obj=-1132.139508, change=2.95e-06, α=0.000, ‖θ[1:]‖₁=13.768, h_range=[4.91e+00, 2.83e+01], num_knots=360
2025-09-06 13:02:22,292 - Iter 34880: obj=-1132.142667, change=2.95e-06, α=0.000, ‖θ[1:]‖₁=13.769, h_range=[4.91e+00, 2.83e+01], num_knots=360
2025-09-06 13:02:22,372 - Iter 34890: obj=-1132.145825, change=2.95e-06, α=0.000, ‖θ[1:]‖₁=13.769, h_range=[4.91e+00, 2.83e+01], num_knots=360
2025-09-06 13:02:22,474 - Iter 34900: obj=-1132.148983, change=2.95e-06, α=0.000, ‖θ[1:]‖₁=13.769, h_range=[4.91e+00, 2.83e+01], num_knots=360
2025-09-06 13:02:22,570 - Iter 34910: obj=-1132.152141, change=2.95e-06, α=0.000, ‖θ[1:]‖₁=13.769, h_range=[4.91e+00, 2.83e+01], num_knots=360
2025-09-06 13:02:22,677 - Iter 34920: obj=-1132.155299, change=2.95e-06, α=0.000, ‖θ[1:]‖₁=13.769, h_range=[4.91e+00, 2.83e+01], num_knots=360
2025-09-06 13:02:22,778 - Iter 34930: obj=-1132.158456, change=2.95e-06, α=0.000, ‖θ[1:]‖₁=13.769, h_range=[4.91e+00, 2.83e+01], num_knots=360
2025-09-06 13:02:22,901 - Iter 34940: obj=-1132.161614, change=2.95e-06, α=0.000, ‖θ[1:]‖₁=13.769, h_range=[4.91e+00, 2.83e+01], num_knots=360
2025-09-06 13:02:23,033 - Iter 34950: obj=-1132.164771, change=2.95e-06, α=0.000, ‖θ[1:]‖₁=13.769, h_range=[4.91e+00, 2.83e+01], num_knots=360
2025-09-06 13:02:23,140 - Iter 34960: obj=-1132.167928, change=2.95e-06, α=0.000, ‖θ[1:]‖₁=13.769, h_range=[4.91e+00, 2.83e+01], num_knots=360
2025-09-06 13:02:23,250 - Iter 34970: obj=-1132.171085, change=2.95e-06, α=0.000, ‖θ[1:]‖₁=13.769, h_range=[4.91e+00, 2.83e+01], num_knots=360
2025-09-06 13:02:23,363 - Iter 34980: obj=-1132.174242, change=2.95e-06, α=0.000, ‖θ[1:]‖₁=13.769, h_range=[4.91e+00, 2.83e+01], num_knots=360
2025-09-06 13:02:23,476 - Iter 34990: obj=-1132.177399, change=2.95e-06, α=0.000, ‖θ[1:]‖₁=13.769, h_range=[4.91e+00, 2.83e+01], num_knots=360
2025-09-06 13:02:23,578 - Iter 35000: obj=-1132.180556, change=2.95e-06, α=0.000, ‖θ[1:]‖₁=13.769, h_range=[4.91e+00, 2.83e+01], num_knots=360
2025-09-06 13:02:23,667 - Iter 35010: obj=-1132.183712, change=2.95e-06, α=0.000, ‖θ[1:]‖₁=13.769, h_range=[4.91e+00, 2.83e+01], num_knots=360
2025-09-06 13:02:23,781 - Iter 35020: obj=-1132.186869, change=2.95e-06, α=0.000, ‖θ[1:]‖₁=13.769, h_range=[4.91e+00, 2.83e+01], num_knots=360
2025-09-06 13:02:23,889 - Iter 35030: obj=-1132.190025, change=2.95e-06, α=0.000, ‖θ[1:]‖₁=13.769, h_range=[4.91e+00, 2.83e+01], num_knots=360
2025-09-06 13:02:24,002 - Iter 35040: obj=-1132.193181, change=2.95e-06, α=0.000, ‖θ[1:]‖₁=13.769, h_range=[4.91e+00, 2.83e+01], num_knots=360
2025-09-06 13:02:24,104 - Iter 35050: obj=-1132.196337, change=2.95e-06, α=0.000, ‖θ[1:]‖₁=13.769, h_range=[4.91e+00, 2.83e+01], num_knots=360
2025-09-06 13:02:24,233 - Iter 35060: obj=-1132.199493, change=2.95e-06, α=0.000, ‖θ[1:]‖₁=13.769, h_range=[4.91e+00, 2.83e+01], num_knots=360
2025-09-06 13:02:24,356 - Iter 35070: obj=-1132.202649, change=2.94e-06, α=0.000, ‖θ[1:]‖₁=13.769, h_range=[4.91e+00, 2.83e+01], num_knots=360
2025-09-06 13:02:24,468 - Iter 35080: obj=-1132.205804, change=2.94e-06, α=0.000, ‖θ[1:]‖₁=13.769, h_range=[4.91e+00, 2.83e+01], num_knots=360
2025-09-06 13:02:24,574 - Iter 35090: obj=-1132.208960, change=2.94e-06, α=0.000, ‖θ[1:]‖₁=13.769, h_range=[4.91e+00, 2.83e+01], num_knots=360
2025-09-06 13:02:24,698 - Iter 35100: obj=-1132.212115, change=2.94e-06, α=0.000, ‖θ[1:]‖₁=13.769, h_range=[4.91e+00, 2.83e+01], num_knots=360
2025-09-06 13:02:24,796 - Iter 35110: obj=-1132.215270, change=2.94e-06, α=0.000, ‖θ[1:]‖₁=13.769, h_range=[4.91e+00, 2.83e+01], num_knots=360
2025-09-06 13:02:24,896 - Iter 35120: obj=-1132.218425, change=2.94e-06, α=0.000, ‖θ[1:]‖₁=13.769, h_range=[4.91e+00, 2.83e+01], num_knots=360
2025-09-06 13:02:24,993 - Iter 35130: obj=-1132.221580, change=2.94e-06, α=0.000, ‖θ[1:]‖₁=13.770, h_range=[4.91e+00, 2.83e+01], num_knots=360
2025-09-06 13:02:25,160 - Iter 35140: obj=-1132.224735, change=2.94e-06, α=0.000, ‖θ[1:]‖₁=13.770, h_range=[4.91e+00, 2.83e+01], num_knots=360
2025-09-06 13:02:25,257 - Iter 35150: obj=-1132.227890, change=2.94e-06, α=0.000, ‖θ[1:]‖₁=13.770, h_range=[4.91e+00, 2.83e+01], num_knots=360
2025-09-06 13:02:25,390 - Iter 35160: obj=-1132.231044, change=2.94e-06, α=0.000, ‖θ[1:]‖₁=13.770, h_range=[4.91e+00, 2.83e+01], num_knots=360
2025-09-06 13:02:25,496 - Iter 35170: obj=-1132.234199, change=2.94e-06, α=0.000, ‖θ[1:]‖₁=13.770, h_range=[4.91e+00, 2.83e+01], num_knots=360
2025-09-06 13:02:25,608 - Iter 35180: obj=-1132.237353, change=2.94e-06, α=0.000, ‖θ[1:]‖₁=13.770, h_range=[4.91e+00, 2.83e+01], num_knots=360
2025-09-06 13:02:25,723 - Iter 35190: obj=-1132.240490, change=2.94e-06, α=0.000, ‖θ[1:]‖₁=13.770, h_range=[4.91e+00, 2.83e+01], num_knots=358
2025-09-06 13:02:25,828 - Iter 35200: obj=-1132.243622, change=2.94e-06, α=0.000, ‖θ[1:]‖₁=13.770, h_range=[4.91e+00, 2.83e+01], num_knots=358
2025-09-06 13:02:25,924 - Iter 35210: obj=-1132.246754, change=2.94e-06, α=0.000, ‖θ[1:]‖₁=13.770, h_range=[4.91e+00, 2.83e+01], num_knots=358
2025-09-06 13:02:26,031 - Iter 35220: obj=-1132.249885, change=2.94e-06, α=0.000, ‖θ[1:]‖₁=13.770, h_range=[4.91e+00, 2.83e+01], num_knots=358
2025-09-06 13:02:26,142 - Iter 35230: obj=-1132.253016, change=2.94e-06, α=0.000, ‖θ[1:]‖₁=13.770, h_range=[4.91e+00, 2.83e+01], num_knots=358
2025-09-06 13:02:26,247 - Iter 35240: obj=-1132.256148, change=2.94e-06, α=0.000, ‖θ[1:]‖₁=13.770, h_range=[4.91e+00, 2.83e+01], num_knots=358
2025-09-06 13:02:26,348 - Iter 35250: obj=-1132.259279, change=2.94e-06, α=0.000, ‖θ[1:]‖₁=13.770, h_range=[4.91e+00, 2.83e+01], num_knots=358
2025-09-06 13:02:26,439 - Iter 35260: obj=-1132.262409, change=2.94e-06, α=0.000, ‖θ[1:]‖₁=13.770, h_range=[4.91e+00, 2.83e+01], num_knots=358
2025-09-06 13:02:26,538 - Iter 35270: obj=-1132.265540, change=2.94e-06, α=0.000, ‖θ[1:]‖₁=13.770, h_range=[4.91e+00, 2.83e+01], num_knots=358
2025-09-06 13:02:26,621 - Iter 35280: obj=-1132.268671, change=2.94e-06, α=0.000, ‖θ[1:]‖₁=13.770, h_range=[4.91e+00, 2.83e+01], num_knots=358
2025-09-06 13:02:26,729 - Iter 35290: obj=-1132.271801, change=2.94e-06, α=0.000, ‖θ[1:]‖₁=13.770, h_range=[4.91e+00, 2.83e+01], num_knots=358
2025-09-06 13:02:26,854 - Iter 35300: obj=-1132.274932, change=2.94e-06, α=0.000, ‖θ[1:]‖₁=13.770, h_range=[4.91e+00, 2.83e+01], num_knots=358
2025-09-06 13:02:26,980 - Iter 35310: obj=-1132.278062, change=2.94e-06, α=0.000, ‖θ[1:]‖₁=13.770, h_range=[4.91e+00, 2.83e+01], num_knots=358
2025-09-06 13:02:27,100 - Iter 35320: obj=-1132.281192, change=2.94e-06, α=0.000, ‖θ[1:]‖₁=13.770, h_range=[4.91e+00, 2.83e+01], num_knots=358
2025-09-06 13:02:27,198 - Iter 35330: obj=-1132.284322, change=2.94e-06, α=0.000, ‖θ[1:]‖₁=13.770, h_range=[4.91e+00, 2.83e+01], num_knots=358
2025-09-06 13:02:27,309 - Iter 35340: obj=-1132.287452, change=2.94e-06, α=0.000, ‖θ[1:]‖₁=13.770, h_range=[4.91e+00, 2.83e+01], num_knots=358
2025-09-06 13:02:27,413 - Iter 35350: obj=-1132.290581, change=2.94e-06, α=0.000, ‖θ[1:]‖₁=13.770, h_range=[4.91e+00, 2.83e+01], num_knots=358
2025-09-06 13:02:27,511 - Iter 35360: obj=-1132.293711, change=2.93e-06, α=0.000, ‖θ[1:]‖₁=13.770, h_range=[4.91e+00, 2.83e+01], num_knots=358
2025-09-06 13:02:27,612 - Iter 35370: obj=-1132.296841, change=2.93e-06, α=0.000, ‖θ[1:]‖₁=13.770, h_range=[4.91e+00, 2.83e+01], num_knots=358
2025-09-06 13:02:27,736 - Iter 35380: obj=-1132.299970, change=2.93e-06, α=0.000, ‖θ[1:]‖₁=13.770, h_range=[4.91e+00, 2.83e+01], num_knots=358
2025-09-06 13:02:27,833 - Iter 35390: obj=-1132.303099, change=2.93e-06, α=0.000, ‖θ[1:]‖₁=13.771, h_range=[4.91e+00, 2.83e+01], num_knots=358
2025-09-06 13:02:27,919 - Iter 35400: obj=-1132.306228, change=2.93e-06, α=0.000, ‖θ[1:]‖₁=13.771, h_range=[4.91e+00, 2.83e+01], num_knots=358
2025-09-06 13:02:28,028 - Iter 35410: obj=-1132.309357, change=2.93e-06, α=0.000, ‖θ[1:]‖₁=13.771, h_range=[4.91e+00, 2.83e+01], num_knots=358
2025-09-06 13:02:28,142 - Iter 35420: obj=-1132.312486, change=2.93e-06, α=0.000, ‖θ[1:]‖₁=13.771, h_range=[4.91e+00, 2.83e+01], num_knots=358
2025-09-06 13:02:28,232 - Iter 35430: obj=-1132.315615, change=2.93e-06, α=0.000, ‖θ[1:]‖₁=13.771, h_range=[4.91e+00, 2.83e+01], num_knots=358
2025-09-06 13:02:28,324 - Iter 35440: obj=-1132.318744, change=2.93e-06, α=0.000, ‖θ[1:]‖₁=13.771, h_range=[4.91e+00, 2.83e+01], num_knots=358
2025-09-06 13:02:28,421 - Iter 35450: obj=-1132.321872, change=2.93e-06, α=0.000, ‖θ[1:]‖₁=13.771, h_range=[4.91e+00, 2.83e+01], num_knots=358
2025-09-06 13:02:28,533 - Iter 35460: obj=-1132.325001, change=2.93e-06, α=0.000, ‖θ[1:]‖₁=13.771, h_range=[4.91e+00, 2.83e+01], num_knots=358
2025-09-06 13:02:28,635 - Iter 35470: obj=-1132.328129, change=2.93e-06, α=0.000, ‖θ[1:]‖₁=13.771, h_range=[4.91e+00, 2.83e+01], num_knots=358
2025-09-06 13:02:28,748 - Iter 35480: obj=-1132.331257, change=2.93e-06, α=0.000, ‖θ[1:]‖₁=13.771, h_range=[4.91e+00, 2.83e+01], num_knots=358
2025-09-06 13:02:28,881 - Iter 35490: obj=-1132.334385, change=2.93e-06, α=0.000, ‖θ[1:]‖₁=13.771, h_range=[4.91e+00, 2.83e+01], num_knots=358
2025-09-06 13:02:28,985 - Iter 35500: obj=-1132.337513, change=2.93e-06, α=0.000, ‖θ[1:]‖₁=13.771, h_range=[4.91e+00, 2.83e+01], num_knots=358
2025-09-06 13:02:29,086 - Iter 35510: obj=-1132.340641, change=2.93e-06, α=0.000, ‖θ[1:]‖₁=13.771, h_range=[4.91e+00, 2.83e+01], num_knots=358
2025-09-06 13:02:29,191 - Iter 35520: obj=-1132.343769, change=2.93e-06, α=0.000, ‖θ[1:]‖₁=13.771, h_range=[4.91e+00, 2.83e+01], num_knots=358
2025-09-06 13:02:29,309 - Iter 35530: obj=-1132.346896, change=2.93e-06, α=0.000, ‖θ[1:]‖₁=13.771, h_range=[4.91e+00, 2.83e+01], num_knots=358
2025-09-06 13:02:29,419 - Iter 35540: obj=-1132.350024, change=2.93e-06, α=0.000, ‖θ[1:]‖₁=13.771, h_range=[4.91e+00, 2.83e+01], num_knots=358
2025-09-06 13:02:29,534 - Iter 35550: obj=-1132.353151, change=2.93e-06, α=0.000, ‖θ[1:]‖₁=13.771, h_range=[4.91e+00, 2.83e+01], num_knots=358
2025-09-06 13:02:29,622 - Iter 35560: obj=-1132.356279, change=2.93e-06, α=0.000, ‖θ[1:]‖₁=13.771, h_range=[4.91e+00, 2.83e+01], num_knots=358
2025-09-06 13:02:29,735 - Iter 35570: obj=-1132.359406, change=2.93e-06, α=0.000, ‖θ[1:]‖₁=13.771, h_range=[4.91e+00, 2.83e+01], num_knots=358
2025-09-06 13:02:29,831 - Iter 35580: obj=-1132.362533, change=2.93e-06, α=0.000, ‖θ[1:]‖₁=13.771, h_range=[4.91e+00, 2.83e+01], num_knots=358
2025-09-06 13:02:29,936 - Iter 35590: obj=-1132.365660, change=2.93e-06, α=0.000, ‖θ[1:]‖₁=13.771, h_range=[4.91e+00, 2.83e+01], num_knots=358
2025-09-06 13:02:30,026 - Iter 35600: obj=-1132.368787, change=2.93e-06, α=0.000, ‖θ[1:]‖₁=13.771, h_range=[4.91e+00, 2.83e+01], num_knots=358
2025-09-06 13:02:30,126 - Iter 35610: obj=-1132.371913, change=2.93e-06, α=0.000, ‖θ[1:]‖₁=13.771, h_range=[4.91e+00, 2.83e+01], num_knots=358
2025-09-06 13:02:30,217 - Iter 35620: obj=-1132.375040, change=2.93e-06, α=0.000, ‖θ[1:]‖₁=13.771, h_range=[4.91e+00, 2.83e+01], num_knots=358
2025-09-06 13:02:30,320 - Iter 35630: obj=-1132.378167, change=2.93e-06, α=0.000, ‖θ[1:]‖₁=13.771, h_range=[4.91e+00, 2.83e+01], num_knots=358
2025-09-06 13:02:30,460 - Iter 35640: obj=-1132.381293, change=2.93e-06, α=0.000, ‖θ[1:]‖₁=13.771, h_range=[4.91e+00, 2.83e+01], num_knots=358
2025-09-06 13:02:30,562 - Iter 35650: obj=-1132.384419, change=2.93e-06, α=0.000, ‖θ[1:]‖₁=13.771, h_range=[4.91e+00, 2.83e+01], num_knots=358
2025-09-06 13:02:30,664 - Iter 35660: obj=-1132.387546, change=2.93e-06, α=0.000, ‖θ[1:]‖₁=13.771, h_range=[4.91e+00, 2.83e+01], num_knots=358
2025-09-06 13:02:30,775 - Iter 35670: obj=-1132.390672, change=2.92e-06, α=0.000, ‖θ[1:]‖₁=13.771, h_range=[4.91e+00, 2.83e+01], num_knots=358
2025-09-06 13:02:30,887 - Iter 35680: obj=-1132.393798, change=2.92e-06, α=0.000, ‖θ[1:]‖₁=13.771, h_range=[4.91e+00, 2.83e+01], num_knots=358
2025-09-06 13:02:30,998 - Iter 35690: obj=-1132.396923, change=2.92e-06, α=0.000, ‖θ[1:]‖₁=13.771, h_range=[4.91e+00, 2.83e+01], num_knots=358
2025-09-06 13:02:31,134 - Iter 35700: obj=-1132.400049, change=2.92e-06, α=0.000, ‖θ[1:]‖₁=13.771, h_range=[4.91e+00, 2.83e+01], num_knots=358
2025-09-06 13:02:31,224 - Iter 35710: obj=-1132.403175, change=2.92e-06, α=0.000, ‖θ[1:]‖₁=13.771, h_range=[4.91e+00, 2.83e+01], num_knots=358
2025-09-06 13:02:31,356 - Iter 35720: obj=-1132.406301, change=2.92e-06, α=0.000, ‖θ[1:]‖₁=13.771, h_range=[4.91e+00, 2.83e+01], num_knots=358
2025-09-06 13:02:31,462 - Iter 35730: obj=-1132.409422, change=2.92e-06, α=0.000, ‖θ[1:]‖₁=13.772, h_range=[4.91e+00, 2.83e+01], num_knots=357
2025-09-06 13:02:31,571 - Iter 35740: obj=-1132.412533, change=2.92e-06, α=0.000, ‖θ[1:]‖₁=13.772, h_range=[4.91e+00, 2.83e+01], num_knots=357
2025-09-06 13:02:31,670 - Iter 35750: obj=-1132.415644, change=2.92e-06, α=0.000, ‖θ[1:]‖₁=13.772, h_range=[4.91e+00, 2.83e+01], num_knots=357
2025-09-06 13:02:31,777 - Iter 35760: obj=-1132.418748, change=2.92e-06, α=0.000, ‖θ[1:]‖₁=13.772, h_range=[4.91e+00, 2.83e+01], num_knots=356
2025-09-06 13:02:31,858 - Iter 35770: obj=-1132.421847, change=2.92e-06, α=0.000, ‖θ[1:]‖₁=13.772, h_range=[4.91e+00, 2.83e+01], num_knots=356
2025-09-06 13:02:31,946 - Iter 35780: obj=-1132.424946, change=2.92e-06, α=0.000, ‖θ[1:]‖₁=13.772, h_range=[4.91e+00, 2.83e+01], num_knots=356
2025-09-06 13:02:32,029 - Iter 35790: obj=-1132.428046, change=2.92e-06, α=0.000, ‖θ[1:]‖₁=13.772, h_range=[4.91e+00, 2.83e+01], num_knots=356
2025-09-06 13:02:32,109 - Iter 35800: obj=-1132.431145, change=2.92e-06, α=0.000, ‖θ[1:]‖₁=13.772, h_range=[4.91e+00, 2.83e+01], num_knots=356
2025-09-06 13:02:32,204 - Iter 35810: obj=-1132.434243, change=2.92e-06, α=0.000, ‖θ[1:]‖₁=13.772, h_range=[4.91e+00, 2.83e+01], num_knots=356
2025-09-06 13:02:32,296 - Iter 35820: obj=-1132.437342, change=2.92e-06, α=0.000, ‖θ[1:]‖₁=13.772, h_range=[4.91e+00, 2.83e+01], num_knots=356
2025-09-06 13:02:32,391 - Iter 35830: obj=-1132.440441, change=2.92e-06, α=0.000, ‖θ[1:]‖₁=13.772, h_range=[4.91e+00, 2.83e+01], num_knots=356
2025-09-06 13:02:32,486 - Iter 35840: obj=-1132.443539, change=2.91e-06, α=0.000, ‖θ[1:]‖₁=13.772, h_range=[4.91e+00, 2.83e+01], num_knots=356
2025-09-06 13:02:32,586 - Iter 35850: obj=-1132.446638, change=2.91e-06, α=0.000, ‖θ[1:]‖₁=13.772, h_range=[4.91e+00, 2.83e+01], num_knots=356
2025-09-06 13:02:32,696 - Iter 35860: obj=-1132.449736, change=2.91e-06, α=0.000, ‖θ[1:]‖₁=13.772, h_range=[4.91e+00, 2.83e+01], num_knots=356
2025-09-06 13:02:32,800 - Iter 35870: obj=-1132.452817, change=2.91e-06, α=0.000, ‖θ[1:]‖₁=13.772, h_range=[4.91e+00, 2.83e+01], num_knots=355
2025-09-06 13:02:32,908 - Iter 35880: obj=-1132.455896, change=2.91e-06, α=0.000, ‖θ[1:]‖₁=13.772, h_range=[4.91e+00, 2.83e+01], num_knots=355
2025-09-06 13:02:33,001 - Iter 35890: obj=-1132.458974, change=2.91e-06, α=0.000, ‖θ[1:]‖₁=13.772, h_range=[4.91e+00, 2.83e+01], num_knots=354
2025-09-06 13:02:33,111 - Iter 35900: obj=-1132.462031, change=2.91e-06, α=0.000, ‖θ[1:]‖₁=13.772, h_range=[4.91e+00, 2.83e+01], num_knots=354
2025-09-06 13:02:33,214 - Iter 35910: obj=-1132.465088, change=2.91e-06, α=0.000, ‖θ[1:]‖₁=13.772, h_range=[4.91e+00, 2.83e+01], num_knots=354
2025-09-06 13:02:33,311 - Iter 35920: obj=-1132.468145, change=2.91e-06, α=0.000, ‖θ[1:]‖₁=13.772, h_range=[4.91e+00, 2.83e+01], num_knots=354
2025-09-06 13:02:33,394 - Iter 35930: obj=-1132.471202, change=2.91e-06, α=0.000, ‖θ[1:]‖₁=13.772, h_range=[4.91e+00, 2.83e+01], num_knots=354
2025-09-06 13:02:33,506 - Iter 35940: obj=-1132.474259, change=2.91e-06, α=0.000, ‖θ[1:]‖₁=13.772, h_range=[4.91e+00, 2.83e+01], num_knots=354
2025-09-06 13:02:33,601 - Iter 35950: obj=-1132.477315, change=2.91e-06, α=0.000, ‖θ[1:]‖₁=13.772, h_range=[4.91e+00, 2.83e+01], num_knots=354
2025-09-06 13:02:33,704 - Iter 35960: obj=-1132.480367, change=2.91e-06, α=0.000, ‖θ[1:]‖₁=13.772, h_range=[4.91e+00, 2.83e+01], num_knots=353
2025-09-06 13:02:33,805 - Iter 35970: obj=-1132.483416, change=2.91e-06, α=0.000, ‖θ[1:]‖₁=13.773, h_range=[4.91e+00, 2.83e+01], num_knots=353
2025-09-06 13:02:33,929 - Iter 35980: obj=-1132.486465, change=2.91e-06, α=0.000, ‖θ[1:]‖₁=13.773, h_range=[4.91e+00, 2.83e+01], num_knots=353
2025-09-06 13:02:34,027 - Iter 35990: obj=-1132.489514, change=2.91e-06, α=0.000, ‖θ[1:]‖₁=13.773, h_range=[4.91e+00, 2.83e+01], num_knots=353
2025-09-06 13:02:34,120 - Iter 36000: obj=-1132.492563, change=2.91e-06, α=0.000, ‖θ[1:]‖₁=13.773, h_range=[4.91e+00, 2.83e+01], num_knots=353
2025-09-06 13:02:34,209 - Iter 36010: obj=-1132.495612, change=2.91e-06, α=0.000, ‖θ[1:]‖₁=13.773, h_range=[4.91e+00, 2.83e+01], num_knots=353
2025-09-06 13:02:34,308 - Iter 36020: obj=-1132.498661, change=2.91e-06, α=0.000, ‖θ[1:]‖₁=13.773, h_range=[4.91e+00, 2.83e+01], num_knots=353
2025-09-06 13:02:34,416 - Iter 36030: obj=-1132.501709, change=2.91e-06, α=0.000, ‖θ[1:]‖₁=13.773, h_range=[4.91e+00, 2.83e+01], num_knots=353
2025-09-06 13:02:34,534 - Iter 36040: obj=-1132.504758, change=2.90e-06, α=0.000, ‖θ[1:]‖₁=13.773, h_range=[4.91e+00, 2.83e+01], num_knots=353
2025-09-06 13:02:34,654 - Iter 36050: obj=-1132.507806, change=2.90e-06, α=0.000, ‖θ[1:]‖₁=13.773, h_range=[4.91e+00, 2.83e+01], num_knots=353
2025-09-06 13:02:34,767 - Iter 36060: obj=-1132.510854, change=2.90e-06, α=0.000, ‖θ[1:]‖₁=13.773, h_range=[4.91e+00, 2.83e+01], num_knots=353
2025-09-06 13:02:34,879 - Iter 36070: obj=-1132.513902, change=2.90e-06, α=0.000, ‖θ[1:]‖₁=13.773, h_range=[4.91e+00, 2.83e+01], num_knots=353
2025-09-06 13:02:34,984 - Iter 36080: obj=-1132.516950, change=2.90e-06, α=0.000, ‖θ[1:]‖₁=13.773, h_range=[4.91e+00, 2.83e+01], num_knots=353
2025-09-06 13:02:35,082 - Iter 36090: obj=-1132.519998, change=2.90e-06, α=0.000, ‖θ[1:]‖₁=13.773, h_range=[4.91e+00, 2.83e+01], num_knots=353
2025-09-06 13:02:35,194 - Iter 36100: obj=-1132.523046, change=2.90e-06, α=0.000, ‖θ[1:]‖₁=13.773, h_range=[4.91e+00, 2.83e+01], num_knots=353
2025-09-06 13:02:35,306 - Iter 36110: obj=-1132.526093, change=2.90e-06, α=0.000, ‖θ[1:]‖₁=13.773, h_range=[4.91e+00, 2.83e+01], num_knots=353
2025-09-06 13:02:35,380 - Iter 36120: obj=-1132.529141, change=2.90e-06, α=0.000, ‖θ[1:]‖₁=13.773, h_range=[4.91e+00, 2.83e+01], num_knots=353
2025-09-06 13:02:35,474 - Iter 36130: obj=-1132.532188, change=2.90e-06, α=0.000, ‖θ[1:]‖₁=13.773, h_range=[4.91e+00, 2.83e+01], num_knots=353
2025-09-06 13:02:35,593 - Iter 36140: obj=-1132.535235, change=2.90e-06, α=0.000, ‖θ[1:]‖₁=13.773, h_range=[4.91e+00, 2.83e+01], num_knots=353
2025-09-06 13:02:35,698 - Iter 36150: obj=-1132.538282, change=2.90e-06, α=0.000, ‖θ[1:]‖₁=13.773, h_range=[4.91e+00, 2.83e+01], num_knots=353
2025-09-06 13:02:35,792 - Iter 36160: obj=-1132.541329, change=2.90e-06, α=0.000, ‖θ[1:]‖₁=13.773, h_range=[4.91e+00, 2.83e+01], num_knots=353
2025-09-06 13:02:35,938 - Iter 36170: obj=-1132.544376, change=2.90e-06, α=0.000, ‖θ[1:]‖₁=13.773, h_range=[4.91e+00, 2.83e+01], num_knots=353
2025-09-06 13:02:36,049 - Iter 36180: obj=-1132.547423, change=2.90e-06, α=0.000, ‖θ[1:]‖₁=13.773, h_range=[4.91e+00, 2.83e+01], num_knots=353
2025-09-06 13:02:36,160 - Iter 36190: obj=-1132.550469, change=2.90e-06, α=0.000, ‖θ[1:]‖₁=13.773, h_range=[4.91e+00, 2.83e+01], num_knots=353
2025-09-06 13:02:36,292 - Iter 36200: obj=-1132.553516, change=2.90e-06, α=0.000, ‖θ[1:]‖₁=13.774, h_range=[4.91e+00, 2.83e+01], num_knots=353
2025-09-06 13:02:36,408 - Iter 36210: obj=-1132.556562, change=2.90e-06, α=0.000, ‖θ[1:]‖₁=13.774, h_range=[4.91e+00, 2.83e+01], num_knots=353
2025-09-06 13:02:36,504 - Iter 36220: obj=-1132.559608, change=2.90e-06, α=0.000, ‖θ[1:]‖₁=13.774, h_range=[4.91e+00, 2.83e+01], num_knots=353
2025-09-06 13:02:36,606 - Iter 36230: obj=-1132.562655, change=2.90e-06, α=0.000, ‖θ[1:]‖₁=13.774, h_range=[4.91e+00, 2.83e+01], num_knots=353
2025-09-06 13:02:36,716 - Iter 36240: obj=-1132.565701, change=2.90e-06, α=0.000, ‖θ[1:]‖₁=13.774, h_range=[4.91e+00, 2.83e+01], num_knots=353
2025-09-06 13:02:36,822 - Iter 36250: obj=-1132.568747, change=2.90e-06, α=0.000, ‖θ[1:]‖₁=13.774, h_range=[4.91e+00, 2.83e+01], num_knots=353
2025-09-06 13:02:36,940 - Iter 36260: obj=-1132.571792, change=2.90e-06, α=0.000, ‖θ[1:]‖₁=13.774, h_range=[4.91e+00, 2.83e+01], num_knots=353
2025-09-06 13:02:37,043 - Iter 36270: obj=-1132.574838, change=2.90e-06, α=0.000, ‖θ[1:]‖₁=13.774, h_range=[4.91e+00, 2.83e+01], num_knots=353
2025-09-06 13:02:37,146 - Iter 36280: obj=-1132.577884, change=2.90e-06, α=0.000, ‖θ[1:]‖₁=13.774, h_range=[4.91e+00, 2.83e+01], num_knots=352
2025-09-06 13:02:37,251 - Iter 36290: obj=-1132.580882, change=2.90e-06, α=0.000, ‖θ[1:]‖₁=13.774, h_range=[4.91e+00, 2.83e+01], num_knots=352
2025-09-06 13:02:37,354 - Iter 36300: obj=-1132.583878, change=2.89e-06, α=0.000, ‖θ[1:]‖₁=13.774, h_range=[4.91e+00, 2.83e+01], num_knots=352
2025-09-06 13:02:37,440 - Iter 36310: obj=-1132.586874, change=2.89e-06, α=0.000, ‖θ[1:]‖₁=13.774, h_range=[4.91e+00, 2.83e+01], num_knots=352
2025-09-06 13:02:37,559 - Iter 36320: obj=-1132.589869, change=2.89e-06, α=0.000, ‖θ[1:]‖₁=13.774, h_range=[4.91e+00, 2.83e+01], num_knots=352
2025-09-06 13:02:37,664 - Iter 36330: obj=-1132.592865, change=2.89e-06, α=0.000, ‖θ[1:]‖₁=13.774, h_range=[4.91e+00, 2.83e+01], num_knots=352
2025-09-06 13:02:37,761 - Iter 36340: obj=-1132.595860, change=2.89e-06, α=0.000, ‖θ[1:]‖₁=13.774, h_range=[4.91e+00, 2.83e+01], num_knots=352
2025-09-06 13:02:37,866 - Iter 36350: obj=-1132.598855, change=2.89e-06, α=0.000, ‖θ[1:]‖₁=13.774, h_range=[4.91e+00, 2.83e+01], num_knots=352
2025-09-06 13:02:37,974 - Iter 36360: obj=-1132.601850, change=2.89e-06, α=0.000, ‖θ[1:]‖₁=13.774, h_range=[4.91e+00, 2.83e+01], num_knots=352
2025-09-06 13:02:38,073 - Iter 36370: obj=-1132.604845, change=2.89e-06, α=0.000, ‖θ[1:]‖₁=13.774, h_range=[4.91e+00, 2.83e+01], num_knots=352
2025-09-06 13:02:38,180 - Iter 36380: obj=-1132.607839, change=2.89e-06, α=0.000, ‖θ[1:]‖₁=13.774, h_range=[4.91e+00, 2.83e+01], num_knots=352
2025-09-06 13:02:38,295 - Iter 36390: obj=-1132.610834, change=2.89e-06, α=0.000, ‖θ[1:]‖₁=13.774, h_range=[4.91e+00, 2.83e+01], num_knots=352
2025-09-06 13:02:38,400 - Iter 36400: obj=-1132.613828, change=2.89e-06, α=0.000, ‖θ[1:]‖₁=13.774, h_range=[4.91e+00, 2.83e+01], num_knots=352
2025-09-06 13:02:38,499 - Iter 36410: obj=-1132.616822, change=2.89e-06, α=0.000, ‖θ[1:]‖₁=13.774, h_range=[4.91e+00, 2.83e+01], num_knots=352
2025-09-06 13:02:38,589 - Iter 36420: obj=-1132.619816, change=2.89e-06, α=0.000, ‖θ[1:]‖₁=13.774, h_range=[4.91e+00, 2.83e+01], num_knots=352
2025-09-06 13:02:38,669 - Iter 36430: obj=-1132.622810, change=2.89e-06, α=0.000, ‖θ[1:]‖₁=13.774, h_range=[4.91e+00, 2.83e+01], num_knots=352
2025-09-06 13:02:38,775 - Iter 36440: obj=-1132.625804, change=2.89e-06, α=0.000, ‖θ[1:]‖₁=13.774, h_range=[4.91e+00, 2.83e+01], num_knots=352
2025-09-06 13:02:38,862 - Iter 36450: obj=-1132.628798, change=2.89e-06, α=0.000, ‖θ[1:]‖₁=13.774, h_range=[4.91e+00, 2.83e+01], num_knots=352
2025-09-06 13:02:38,958 - Iter 36460: obj=-1132.631791, change=2.89e-06, α=0.000, ‖θ[1:]‖₁=13.775, h_range=[4.91e+00, 2.83e+01], num_knots=352
2025-09-06 13:02:39,057 - Iter 36470: obj=-1132.634784, change=2.89e-06, α=0.000, ‖θ[1:]‖₁=13.775, h_range=[4.91e+00, 2.83e+01], num_knots=352
2025-09-06 13:02:39,169 - Iter 36480: obj=-1132.637778, change=2.89e-06, α=0.000, ‖θ[1:]‖₁=13.775, h_range=[4.91e+00, 2.83e+01], num_knots=352
2025-09-06 13:02:39,255 - Iter 36490: obj=-1132.640771, change=2.89e-06, α=0.000, ‖θ[1:]‖₁=13.775, h_range=[4.91e+00, 2.83e+01], num_knots=352
2025-09-06 13:02:39,355 - Iter 36500: obj=-1132.643764, change=2.89e-06, α=0.000, ‖θ[1:]‖₁=13.775, h_range=[4.91e+00, 2.83e+01], num_knots=352
2025-09-06 13:02:39,476 - Iter 36510: obj=-1132.646756, change=2.89e-06, α=0.000, ‖θ[1:]‖₁=13.775, h_range=[4.91e+00, 2.83e+01], num_knots=352
2025-09-06 13:02:39,577 - Iter 36520: obj=-1132.649749, change=2.89e-06, α=0.000, ‖θ[1:]‖₁=13.775, h_range=[4.91e+00, 2.83e+01], num_knots=352
2025-09-06 13:02:39,686 - Iter 36530: obj=-1132.652742, change=2.89e-06, α=0.000, ‖θ[1:]‖₁=13.775, h_range=[4.91e+00, 2.83e+01], num_knots=352
2025-09-06 13:02:39,774 - Iter 36540: obj=-1132.655734, change=2.89e-06, α=0.000, ‖θ[1:]‖₁=13.775, h_range=[4.91e+00, 2.83e+01], num_knots=352
2025-09-06 13:02:39,888 - Iter 36550: obj=-1132.658726, change=2.89e-06, α=0.000, ‖θ[1:]‖₁=13.775, h_range=[4.91e+00, 2.83e+01], num_knots=352
2025-09-06 13:02:39,980 - Iter 36560: obj=-1132.661719, change=2.89e-06, α=0.000, ‖θ[1:]‖₁=13.775, h_range=[4.91e+00, 2.83e+01], num_knots=352
2025-09-06 13:02:40,066 - Iter 36570: obj=-1132.664711, change=2.89e-06, α=0.000, ‖θ[1:]‖₁=13.775, h_range=[4.91e+00, 2.83e+01], num_knots=352
2025-09-06 13:02:40,158 - Iter 36580: obj=-1132.667703, change=2.89e-06, α=0.000, ‖θ[1:]‖₁=13.775, h_range=[4.91e+00, 2.83e+01], num_knots=352
2025-09-06 13:02:40,256 - Iter 36590: obj=-1132.670694, change=2.89e-06, α=0.000, ‖θ[1:]‖₁=13.775, h_range=[4.91e+00, 2.83e+01], num_knots=352
2025-09-06 13:02:40,367 - Iter 36600: obj=-1132.673686, change=2.89e-06, α=0.000, ‖θ[1:]‖₁=13.775, h_range=[4.91e+00, 2.83e+01], num_knots=352
2025-09-06 13:02:40,473 - Iter 36610: obj=-1132.676678, change=2.89e-06, α=0.000, ‖θ[1:]‖₁=13.775, h_range=[4.91e+00, 2.83e+01], num_knots=352
2025-09-06 13:02:40,580 - Iter 36620: obj=-1132.679669, change=2.89e-06, α=0.000, ‖θ[1:]‖₁=13.775, h_range=[4.91e+00, 2.83e+01], num_knots=352
2025-09-06 13:02:40,673 - Iter 36630: obj=-1132.682660, change=2.89e-06, α=0.000, ‖θ[1:]‖₁=13.775, h_range=[4.91e+00, 2.83e+01], num_knots=352
2025-09-06 13:02:40,779 - Iter 36640: obj=-1132.685652, change=2.89e-06, α=0.000, ‖θ[1:]‖₁=13.775, h_range=[4.91e+00, 2.83e+01], num_knots=352
2025-09-06 13:02:40,881 - Iter 36650: obj=-1132.688643, change=2.89e-06, α=0.000, ‖θ[1:]‖₁=13.775, h_range=[4.91e+00, 2.83e+01], num_knots=352
2025-09-06 13:02:40,975 - Iter 36660: obj=-1132.691634, change=2.89e-06, α=0.000, ‖θ[1:]‖₁=13.775, h_range=[4.91e+00, 2.83e+01], num_knots=352
2025-09-06 13:02:41,090 - Iter 36670: obj=-1132.694624, change=2.89e-06, α=0.000, ‖θ[1:]‖₁=13.775, h_range=[4.91e+00, 2.83e+01], num_knots=352
2025-09-06 13:02:41,179 - Iter 36680: obj=-1132.697615, change=2.89e-06, α=0.000, ‖θ[1:]‖₁=13.775, h_range=[4.91e+00, 2.83e+01], num_knots=352
2025-09-06 13:02:41,271 - Iter 36690: obj=-1132.700606, change=2.89e-06, α=0.000, ‖θ[1:]‖₁=13.775, h_range=[4.91e+00, 2.83e+01], num_knots=352
2025-09-06 13:02:41,385 - Iter 36700: obj=-1132.703596, change=2.89e-06, α=0.000, ‖θ[1:]‖₁=13.775, h_range=[4.91e+00, 2.83e+01], num_knots=352
2025-09-06 13:02:41,489 - Iter 36710: obj=-1132.706587, change=2.89e-06, α=0.000, ‖θ[1:]‖₁=13.775, h_range=[4.91e+00, 2.83e+01], num_knots=352
2025-09-06 13:02:41,613 - Iter 36720: obj=-1132.709577, change=2.89e-06, α=0.000, ‖θ[1:]‖₁=13.775, h_range=[4.91e+00, 2.83e+01], num_knots=352
2025-09-06 13:02:41,724 - Iter 36730: obj=-1132.712557, change=2.89e-06, α=0.000, ‖θ[1:]‖₁=13.775, h_range=[4.91e+00, 2.83e+01], num_knots=351
2025-09-06 13:02:41,831 - Iter 36740: obj=-1132.715526, change=2.89e-06, α=0.000, ‖θ[1:]‖₁=13.775, h_range=[4.91e+00, 2.83e+01], num_knots=351
2025-09-06 13:02:41,938 - Iter 36750: obj=-1132.718496, change=2.89e-06, α=0.000, ‖θ[1:]‖₁=13.775, h_range=[4.91e+00, 2.83e+01], num_knots=351
2025-09-06 13:02:42,044 - Iter 36760: obj=-1132.721466, change=2.89e-06, α=0.000, ‖θ[1:]‖₁=13.775, h_range=[4.91e+00, 2.83e+01], num_knots=351
2025-09-06 13:02:42,147 - Iter 36770: obj=-1132.724435, change=2.89e-06, α=0.000, ‖θ[1:]‖₁=13.775, h_range=[4.91e+00, 2.83e+01], num_knots=351
2025-09-06 13:02:42,260 - Iter 36780: obj=-1132.727404, change=2.89e-06, α=0.000, ‖θ[1:]‖₁=13.775, h_range=[4.91e+00, 2.83e+01], num_knots=351
2025-09-06 13:02:42,356 - Iter 36790: obj=-1132.730373, change=2.89e-06, α=0.000, ‖θ[1:]‖₁=13.776, h_range=[4.91e+00, 2.83e+01], num_knots=351
2025-09-06 13:02:42,471 - Iter 36800: obj=-1132.733342, change=2.89e-06, α=0.000, ‖θ[1:]‖₁=13.776, h_range=[4.91e+00, 2.83e+01], num_knots=351
2025-09-06 13:02:42,581 - Iter 36810: obj=-1132.736308, change=2.89e-06, α=0.000, ‖θ[1:]‖₁=13.776, h_range=[4.91e+00, 2.83e+01], num_knots=350
2025-09-06 13:02:42,664 - Iter 36820: obj=-1132.739256, change=2.89e-06, α=0.000, ‖θ[1:]‖₁=13.776, h_range=[4.91e+00, 2.83e+01], num_knots=350
2025-09-06 13:02:42,747 - Iter 36830: obj=-1132.742204, change=2.89e-06, α=0.000, ‖θ[1:]‖₁=13.776, h_range=[4.91e+00, 2.83e+01], num_knots=350
2025-09-06 13:02:42,837 - Iter 36840: obj=-1132.745151, change=2.89e-06, α=0.000, ‖θ[1:]‖₁=13.776, h_range=[4.91e+00, 2.83e+01], num_knots=350
2025-09-06 13:02:42,969 - Iter 36850: obj=-1132.748099, change=2.89e-06, α=0.000, ‖θ[1:]‖₁=13.776, h_range=[4.91e+00, 2.83e+01], num_knots=350
2025-09-06 13:02:43,078 - Iter 36860: obj=-1132.751046, change=2.89e-06, α=0.000, ‖θ[1:]‖₁=13.776, h_range=[4.91e+00, 2.83e+01], num_knots=350
2025-09-06 13:02:43,171 - Iter 36870: obj=-1132.753993, change=2.89e-06, α=0.000, ‖θ[1:]‖₁=13.776, h_range=[4.91e+00, 2.83e+01], num_knots=350
2025-09-06 13:02:43,268 - Iter 36880: obj=-1132.756940, change=2.89e-06, α=0.000, ‖θ[1:]‖₁=13.776, h_range=[4.91e+00, 2.83e+01], num_knots=350
2025-09-06 13:02:43,395 - Iter 36890: obj=-1132.759887, change=2.89e-06, α=0.000, ‖θ[1:]‖₁=13.776, h_range=[4.91e+00, 2.83e+01], num_knots=350
2025-09-06 13:02:43,489 - Iter 36900: obj=-1132.762833, change=2.89e-06, α=0.000, ‖θ[1:]‖₁=13.776, h_range=[4.91e+00, 2.83e+01], num_knots=350
2025-09-06 13:02:43,605 - Iter 36910: obj=-1132.765777, change=2.89e-06, α=0.000, ‖θ[1:]‖₁=13.776, h_range=[4.91e+00, 2.83e+01], num_knots=349
2025-09-06 13:02:43,704 - Iter 36920: obj=-1132.768707, change=2.89e-06, α=0.000, ‖θ[1:]‖₁=13.776, h_range=[4.91e+00, 2.83e+01], num_knots=349
2025-09-06 13:02:43,801 - Iter 36930: obj=-1132.771637, change=2.89e-06, α=0.000, ‖θ[1:]‖₁=13.776, h_range=[4.91e+00, 2.83e+01], num_knots=349
2025-09-06 13:02:43,900 - Iter 36940: obj=-1132.774567, change=2.89e-06, α=0.000, ‖θ[1:]‖₁=13.776, h_range=[4.91e+00, 2.83e+01], num_knots=349
2025-09-06 13:02:43,985 - Iter 36950: obj=-1132.777497, change=2.89e-06, α=0.000, ‖θ[1:]‖₁=13.776, h_range=[4.91e+00, 2.83e+01], num_knots=349
2025-09-06 13:02:44,102 - Iter 36960: obj=-1132.780427, change=2.89e-06, α=0.000, ‖θ[1:]‖₁=13.776, h_range=[4.91e+00, 2.83e+01], num_knots=349
2025-09-06 13:02:44,200 - Iter 36970: obj=-1132.783357, change=2.89e-06, α=0.000, ‖θ[1:]‖₁=13.776, h_range=[4.91e+00, 2.83e+01], num_knots=349
2025-09-06 13:02:44,302 - Iter 36980: obj=-1132.786286, change=2.89e-06, α=0.000, ‖θ[1:]‖₁=13.776, h_range=[4.91e+00, 2.83e+01], num_knots=349
2025-09-06 13:02:44,420 - Iter 36990: obj=-1132.789215, change=2.89e-06, α=0.000, ‖θ[1:]‖₁=13.776, h_range=[4.91e+00, 2.83e+01], num_knots=349
2025-09-06 13:02:44,526 - Iter 37000: obj=-1132.792145, change=2.89e-06, α=0.000, ‖θ[1:]‖₁=13.776, h_range=[4.91e+00, 2.83e+01], num_knots=349
2025-09-06 13:02:44,634 - Iter 37010: obj=-1132.795074, change=2.89e-06, α=0.000, ‖θ[1:]‖₁=13.776, h_range=[4.91e+00, 2.83e+01], num_knots=349
2025-09-06 13:02:44,754 - Iter 37020: obj=-1132.798003, change=2.89e-06, α=0.000, ‖θ[1:]‖₁=13.776, h_range=[4.91e+00, 2.83e+01], num_knots=349
2025-09-06 13:02:44,849 - Iter 37030: obj=-1132.800932, change=2.89e-06, α=0.000, ‖θ[1:]‖₁=13.776, h_range=[4.91e+00, 2.83e+01], num_knots=349
2025-09-06 13:02:44,972 - Iter 37040: obj=-1132.803860, change=2.89e-06, α=0.000, ‖θ[1:]‖₁=13.776, h_range=[4.91e+00, 2.83e+01], num_knots=349
2025-09-06 13:02:45,084 - Iter 37050: obj=-1132.806789, change=2.89e-06, α=0.000, ‖θ[1:]‖₁=13.777, h_range=[4.91e+00, 2.83e+01], num_knots=349
2025-09-06 13:02:45,175 - Iter 37060: obj=-1132.809717, change=2.89e-06, α=0.000, ‖θ[1:]‖₁=13.777, h_range=[4.91e+00, 2.83e+01], num_knots=349
2025-09-06 13:02:45,265 - Iter 37070: obj=-1132.812645, change=2.89e-06, α=0.000, ‖θ[1:]‖₁=13.777, h_range=[4.91e+00, 2.83e+01], num_knots=349
2025-09-06 13:02:45,363 - Iter 37080: obj=-1132.815574, change=2.89e-06, α=0.000, ‖θ[1:]‖₁=13.777, h_range=[4.91e+00, 2.83e+01], num_knots=349
2025-09-06 13:02:45,446 - Iter 37090: obj=-1132.818502, change=2.89e-06, α=0.000, ‖θ[1:]‖₁=13.777, h_range=[4.91e+00, 2.83e+01], num_knots=349
2025-09-06 13:02:45,530 - Iter 37100: obj=-1132.821430, change=2.89e-06, α=0.000, ‖θ[1:]‖₁=13.777, h_range=[4.91e+00, 2.83e+01], num_knots=349
2025-09-06 13:02:45,651 - Iter 37110: obj=-1132.824357, change=2.89e-06, α=0.000, ‖θ[1:]‖₁=13.777, h_range=[4.91e+00, 2.83e+01], num_knots=349
2025-09-06 13:02:45,767 - Iter 37120: obj=-1132.827285, change=2.89e-06, α=0.000, ‖θ[1:]‖₁=13.777, h_range=[4.91e+00, 2.83e+01], num_knots=349
2025-09-06 13:02:45,854 - Iter 37130: obj=-1132.830213, change=2.89e-06, α=0.000, ‖θ[1:]‖₁=13.777, h_range=[4.91e+00, 2.83e+01], num_knots=349
2025-09-06 13:02:45,948 - Iter 37140: obj=-1132.833140, change=2.89e-06, α=0.000, ‖θ[1:]‖₁=13.777, h_range=[4.91e+00, 2.83e+01], num_knots=349
2025-09-06 13:02:46,046 - Iter 37150: obj=-1132.836067, change=2.89e-06, α=0.000, ‖θ[1:]‖₁=13.777, h_range=[4.91e+00, 2.83e+01], num_knots=349
2025-09-06 13:02:46,185 - Iter 37160: obj=-1132.838995, change=2.89e-06, α=0.000, ‖θ[1:]‖₁=13.777, h_range=[4.91e+00, 2.83e+01], num_knots=349
2025-09-06 13:02:46,302 - Iter 37170: obj=-1132.841922, change=2.89e-06, α=0.000, ‖θ[1:]‖₁=13.777, h_range=[4.91e+00, 2.83e+01], num_knots=349
2025-09-06 13:02:46,417 - Iter 37180: obj=-1132.844849, change=2.89e-06, α=0.000, ‖θ[1:]‖₁=13.777, h_range=[4.91e+00, 2.83e+01], num_knots=349
2025-09-06 13:02:46,543 - Iter 37190: obj=-1132.847775, change=2.89e-06, α=0.000, ‖θ[1:]‖₁=13.777, h_range=[4.91e+00, 2.83e+01], num_knots=349
2025-09-06 13:02:46,661 - Iter 37200: obj=-1132.850702, change=2.89e-06, α=0.000, ‖θ[1:]‖₁=13.777, h_range=[4.91e+00, 2.83e+01], num_knots=349
2025-09-06 13:02:46,764 - Iter 37210: obj=-1132.853629, change=2.89e-06, α=0.000, ‖θ[1:]‖₁=13.777, h_range=[4.91e+00, 2.83e+01], num_knots=349
2025-09-06 13:02:46,942 - Iter 37220: obj=-1132.856555, change=2.89e-06, α=0.000, ‖θ[1:]‖₁=13.777, h_range=[4.91e+00, 2.83e+01], num_knots=349
2025-09-06 13:02:47,037 - Iter 37230: obj=-1132.859482, change=2.89e-06, α=0.000, ‖θ[1:]‖₁=13.777, h_range=[4.91e+00, 2.83e+01], num_knots=349
2025-09-06 13:02:47,129 - Iter 37240: obj=-1132.862408, change=2.89e-06, α=0.000, ‖θ[1:]‖₁=13.777, h_range=[4.91e+00, 2.83e+01], num_knots=349
2025-09-06 13:02:47,231 - Iter 37250: obj=-1132.865334, change=2.89e-06, α=0.000, ‖θ[1:]‖₁=13.777, h_range=[4.91e+00, 2.83e+01], num_knots=349
2025-09-06 13:02:47,350 - Iter 37260: obj=-1132.868260, change=2.89e-06, α=0.000, ‖θ[1:]‖₁=13.777, h_range=[4.91e+00, 2.83e+01], num_knots=349
2025-09-06 13:02:47,457 - Iter 37270: obj=-1132.871186, change=2.89e-06, α=0.000, ‖θ[1:]‖₁=13.777, h_range=[4.91e+00, 2.83e+01], num_knots=349
2025-09-06 13:02:47,557 - Iter 37280: obj=-1132.874112, change=2.89e-06, α=0.000, ‖θ[1:]‖₁=13.777, h_range=[4.91e+00, 2.83e+01], num_knots=349
2025-09-06 13:02:47,686 - Iter 37290: obj=-1132.877037, change=2.89e-06, α=0.000, ‖θ[1:]‖₁=13.777, h_range=[4.91e+00, 2.83e+01], num_knots=349
2025-09-06 13:02:47,795 - Iter 37300: obj=-1132.879963, change=2.89e-06, α=0.000, ‖θ[1:]‖₁=13.777, h_range=[4.91e+00, 2.83e+01], num_knots=349
2025-09-06 13:02:47,905 - Iter 37310: obj=-1132.882888, change=2.89e-06, α=0.000, ‖θ[1:]‖₁=13.777, h_range=[4.91e+00, 2.83e+01], num_knots=349
2025-09-06 13:02:48,015 - Iter 37320: obj=-1132.885814, change=2.89e-06, α=0.000, ‖θ[1:]‖₁=13.777, h_range=[4.91e+00, 2.83e+01], num_knots=349
2025-09-06 13:02:48,125 - Iter 37330: obj=-1132.888739, change=2.89e-06, α=0.000, ‖θ[1:]‖₁=13.777, h_range=[4.91e+00, 2.83e+01], num_knots=349
2025-09-06 13:02:48,249 - Iter 37340: obj=-1132.891664, change=2.89e-06, α=0.000, ‖θ[1:]‖₁=13.777, h_range=[4.91e+00, 2.83e+01], num_knots=349
2025-09-06 13:02:48,346 - Iter 37350: obj=-1132.894589, change=2.89e-06, α=0.000, ‖θ[1:]‖₁=13.777, h_range=[4.91e+00, 2.83e+01], num_knots=349
2025-09-06 13:02:48,455 - Iter 37360: obj=-1132.897514, change=2.89e-06, α=0.000, ‖θ[1:]‖₁=13.777, h_range=[4.91e+00, 2.83e+01], num_knots=349
2025-09-06 13:02:48,576 - Iter 37370: obj=-1132.900439, change=2.89e-06, α=0.000, ‖θ[1:]‖₁=13.777, h_range=[4.91e+00, 2.83e+01], num_knots=349
2025-09-06 13:02:48,664 - Iter 37380: obj=-1132.903346, change=2.89e-06, α=0.000, ‖θ[1:]‖₁=13.777, h_range=[4.91e+00, 2.83e+01], num_knots=348
2025-09-06 13:02:48,768 - Iter 37390: obj=-1132.906237, change=2.89e-06, α=0.000, ‖θ[1:]‖₁=13.778, h_range=[4.91e+00, 2.83e+01], num_knots=348
2025-09-06 13:02:48,849 - Iter 37400: obj=-1132.909128, change=2.89e-06, α=0.000, ‖θ[1:]‖₁=13.778, h_range=[4.91e+00, 2.83e+01], num_knots=348
2025-09-06 13:02:48,932 - Iter 37410: obj=-1132.912019, change=2.89e-06, α=0.000, ‖θ[1:]‖₁=13.778, h_range=[4.91e+00, 2.83e+01], num_knots=348
2025-09-06 13:02:49,013 - Iter 37420: obj=-1132.914909, change=2.89e-06, α=0.000, ‖θ[1:]‖₁=13.778, h_range=[4.91e+00, 2.83e+01], num_knots=348
2025-09-06 13:02:49,092 - Iter 37430: obj=-1132.917799, change=2.89e-06, α=0.000, ‖θ[1:]‖₁=13.778, h_range=[4.91e+00, 2.83e+01], num_knots=348
2025-09-06 13:02:49,184 - Iter 37440: obj=-1132.920690, change=2.89e-06, α=0.000, ‖θ[1:]‖₁=13.778, h_range=[4.91e+00, 2.83e+01], num_knots=348
2025-09-06 13:02:49,325 - Iter 37450: obj=-1132.923580, change=2.89e-06, α=0.000, ‖θ[1:]‖₁=13.778, h_range=[4.91e+00, 2.83e+01], num_knots=348
2025-09-06 13:02:49,410 - Iter 37460: obj=-1132.926470, change=2.89e-06, α=0.000, ‖θ[1:]‖₁=13.778, h_range=[4.91e+00, 2.83e+01], num_knots=348
2025-09-06 13:02:49,533 - Iter 37470: obj=-1132.929360, change=2.89e-06, α=0.000, ‖θ[1:]‖₁=13.778, h_range=[4.91e+00, 2.83e+01], num_knots=348
2025-09-06 13:02:49,620 - Iter 37480: obj=-1132.932249, change=2.89e-06, α=0.000, ‖θ[1:]‖₁=13.778, h_range=[4.91e+00, 2.83e+01], num_knots=348
2025-09-06 13:02:49,716 - Iter 37490: obj=-1132.935139, change=2.89e-06, α=0.000, ‖θ[1:]‖₁=13.778, h_range=[4.91e+00, 2.83e+01], num_knots=348
2025-09-06 13:02:49,810 - Iter 37500: obj=-1132.938028, change=2.89e-06, α=0.000, ‖θ[1:]‖₁=13.778, h_range=[4.91e+00, 2.83e+01], num_knots=348
2025-09-06 13:02:49,911 - Iter 37510: obj=-1132.940918, change=2.89e-06, α=0.000, ‖θ[1:]‖₁=13.778, h_range=[4.91e+00, 2.83e+01], num_knots=348
2025-09-06 13:02:50,009 - Iter 37520: obj=-1132.943807, change=2.89e-06, α=0.000, ‖θ[1:]‖₁=13.778, h_range=[4.91e+00, 2.83e+01], num_knots=348
2025-09-06 13:02:50,108 - Iter 37530: obj=-1132.946696, change=2.89e-06, α=0.000, ‖θ[1:]‖₁=13.778, h_range=[4.91e+00, 2.83e+01], num_knots=348
2025-09-06 13:02:50,206 - Iter 37540: obj=-1132.949577, change=2.89e-06, α=0.000, ‖θ[1:]‖₁=13.778, h_range=[4.91e+00, 2.83e+01], num_knots=347
2025-09-06 13:02:50,307 - Iter 37550: obj=-1132.952448, change=2.88e-06, α=0.000, ‖θ[1:]‖₁=13.778, h_range=[4.91e+00, 2.83e+01], num_knots=347
2025-09-06 13:02:50,427 - Iter 37560: obj=-1132.955319, change=2.88e-06, α=0.000, ‖θ[1:]‖₁=13.778, h_range=[4.91e+00, 2.83e+01], num_knots=347
2025-09-06 13:02:50,521 - Iter 37570: obj=-1132.958189, change=2.88e-06, α=0.000, ‖θ[1:]‖₁=13.778, h_range=[4.91e+00, 2.83e+01], num_knots=347
2025-09-06 13:02:50,637 - Iter 37580: obj=-1132.961059, change=2.88e-06, α=0.000, ‖θ[1:]‖₁=13.778, h_range=[4.91e+00, 2.83e+01], num_knots=346
2025-09-06 13:02:50,753 - Iter 37590: obj=-1132.963922, change=2.88e-06, α=0.000, ‖θ[1:]‖₁=13.778, h_range=[4.91e+00, 2.83e+01], num_knots=346
2025-09-06 13:02:50,860 - Iter 37600: obj=-1132.966785, change=2.88e-06, α=0.000, ‖θ[1:]‖₁=13.778, h_range=[4.91e+00, 2.83e+01], num_knots=346
2025-09-06 13:02:50,961 - Iter 37610: obj=-1132.969647, change=2.88e-06, α=0.000, ‖θ[1:]‖₁=13.779, h_range=[4.91e+00, 2.83e+01], num_knots=346
2025-09-06 13:02:51,057 - Iter 37620: obj=-1132.972509, change=2.88e-06, α=0.000, ‖θ[1:]‖₁=13.779, h_range=[4.91e+00, 2.83e+01], num_knots=346
2025-09-06 13:02:51,159 - Iter 37630: obj=-1132.975371, change=2.88e-06, α=0.000, ‖θ[1:]‖₁=13.779, h_range=[4.91e+00, 2.83e+01], num_knots=346
2025-09-06 13:02:51,254 - Iter 37640: obj=-1132.978233, change=2.88e-06, α=0.000, ‖θ[1:]‖₁=13.779, h_range=[4.91e+00, 2.83e+01], num_knots=346
2025-09-06 13:02:51,369 - Iter 37650: obj=-1132.981095, change=2.88e-06, α=0.000, ‖θ[1:]‖₁=13.779, h_range=[4.91e+00, 2.83e+01], num_knots=346
2025-09-06 13:02:51,460 - Iter 37660: obj=-1132.983956, change=2.88e-06, α=0.000, ‖θ[1:]‖₁=13.779, h_range=[4.91e+00, 2.83e+01], num_knots=346
2025-09-06 13:02:51,564 - Iter 37670: obj=-1132.986818, change=2.88e-06, α=0.000, ‖θ[1:]‖₁=13.779, h_range=[4.91e+00, 2.83e+01], num_knots=346
2025-09-06 13:02:51,660 - Iter 37680: obj=-1132.989679, change=2.88e-06, α=0.000, ‖θ[1:]‖₁=13.779, h_range=[4.91e+00, 2.83e+01], num_knots=346
2025-09-06 13:02:51,764 - Iter 37690: obj=-1132.992540, change=2.88e-06, α=0.000, ‖θ[1:]‖₁=13.779, h_range=[4.91e+00, 2.83e+01], num_knots=346
2025-09-06 13:02:51,876 - Iter 37700: obj=-1132.995401, change=2.88e-06, α=0.000, ‖θ[1:]‖₁=13.779, h_range=[4.91e+00, 2.83e+01], num_knots=346
2025-09-06 13:02:51,978 - Iter 37710: obj=-1132.998261, change=2.88e-06, α=0.000, ‖θ[1:]‖₁=13.779, h_range=[4.91e+00, 2.83e+01], num_knots=346
2025-09-06 13:02:52,085 - Iter 37720: obj=-1133.001122, change=2.88e-06, α=0.000, ‖θ[1:]‖₁=13.779, h_range=[4.91e+00, 2.83e+01], num_knots=346
2025-09-06 13:02:52,220 - Iter 37730: obj=-1133.003982, change=2.88e-06, α=0.000, ‖θ[1:]‖₁=13.779, h_range=[4.91e+00, 2.83e+01], num_knots=346
2025-09-06 13:02:52,309 - Iter 37740: obj=-1133.006843, change=2.88e-06, α=0.000, ‖θ[1:]‖₁=13.779, h_range=[4.91e+00, 2.83e+01], num_knots=346
2025-09-06 13:02:52,414 - Iter 37750: obj=-1133.009703, change=2.88e-06, α=0.000, ‖θ[1:]‖₁=13.779, h_range=[4.91e+00, 2.83e+01], num_knots=346
2025-09-06 13:02:52,532 - Iter 37760: obj=-1133.012563, change=2.88e-06, α=0.000, ‖θ[1:]‖₁=13.779, h_range=[4.91e+00, 2.83e+01], num_knots=346
2025-09-06 13:02:52,649 - Iter 37770: obj=-1133.015423, change=2.88e-06, α=0.000, ‖θ[1:]‖₁=13.779, h_range=[4.91e+00, 2.83e+01], num_knots=346
2025-09-06 13:02:52,751 - Iter 37780: obj=-1133.018282, change=2.88e-06, α=0.000, ‖θ[1:]‖₁=13.779, h_range=[4.91e+00, 2.83e+01], num_knots=346
2025-09-06 13:02:52,850 - Iter 37790: obj=-1133.021142, change=2.88e-06, α=0.000, ‖θ[1:]‖₁=13.779, h_range=[4.91e+00, 2.83e+01], num_knots=346
2025-09-06 13:02:52,954 - Iter 37800: obj=-1133.024001, change=2.88e-06, α=0.000, ‖θ[1:]‖₁=13.779, h_range=[4.91e+00, 2.83e+01], num_knots=346
2025-09-06 13:02:53,073 - Iter 37810: obj=-1133.026861, change=2.88e-06, α=0.000, ‖θ[1:]‖₁=13.779, h_range=[4.91e+00, 2.83e+01], num_knots=346
2025-09-06 13:02:53,173 - Iter 37820: obj=-1133.029720, change=2.88e-06, α=0.000, ‖θ[1:]‖₁=13.779, h_range=[4.91e+00, 2.83e+01], num_knots=346
2025-09-06 13:02:53,269 - Iter 37830: obj=-1133.032579, change=2.88e-06, α=0.000, ‖θ[1:]‖₁=13.779, h_range=[4.91e+00, 2.83e+01], num_knots=346
2025-09-06 13:02:53,371 - Iter 37840: obj=-1133.035438, change=2.88e-06, α=0.000, ‖θ[1:]‖₁=13.779, h_range=[4.91e+00, 2.83e+01], num_knots=346
2025-09-06 13:02:53,465 - Iter 37850: obj=-1133.038297, change=2.88e-06, α=0.000, ‖θ[1:]‖₁=13.779, h_range=[4.91e+00, 2.83e+01], num_knots=346
2025-09-06 13:02:53,596 - Iter 37860: obj=-1133.041142, change=2.88e-06, α=0.000, ‖θ[1:]‖₁=13.780, h_range=[4.91e+00, 2.83e+01], num_knots=345
2025-09-06 13:02:53,757 - Iter 37870: obj=-1133.043980, change=2.88e-06, α=0.000, ‖θ[1:]‖₁=13.780, h_range=[4.91e+00, 2.83e+01], num_knots=345
2025-09-06 13:02:54,001 - Iter 37880: obj=-1133.046818, change=2.88e-06, α=0.000, ‖θ[1:]‖₁=13.780, h_range=[4.91e+00, 2.83e+01], num_knots=345
2025-09-06 13:02:54,265 - Iter 37890: obj=-1133.049656, change=2.88e-06, α=0.000, ‖θ[1:]‖₁=13.780, h_range=[4.91e+00, 2.83e+01], num_knots=345
2025-09-06 13:02:54,367 - Iter 37900: obj=-1133.052494, change=2.88e-06, α=0.000, ‖θ[1:]‖₁=13.780, h_range=[4.91e+00, 2.83e+01], num_knots=345
2025-09-06 13:02:54,501 - Iter 37910: obj=-1133.055331, change=2.88e-06, α=0.000, ‖θ[1:]‖₁=13.780, h_range=[4.91e+00, 2.83e+01], num_knots=345
2025-09-06 13:02:54,610 - Iter 37920: obj=-1133.058169, change=2.88e-06, α=0.000, ‖θ[1:]‖₁=13.780, h_range=[4.91e+00, 2.83e+01], num_knots=345
2025-09-06 13:02:54,717 - Iter 37930: obj=-1133.061006, change=2.88e-06, α=0.000, ‖θ[1:]‖₁=13.780, h_range=[4.91e+00, 2.83e+01], num_knots=345
2025-09-06 13:02:54,806 - Iter 37940: obj=-1133.063843, change=2.88e-06, α=0.000, ‖θ[1:]‖₁=13.780, h_range=[4.91e+00, 2.83e+01], num_knots=345
2025-09-06 13:02:54,899 - Iter 37950: obj=-1133.066680, change=2.88e-06, α=0.000, ‖θ[1:]‖₁=13.780, h_range=[4.91e+00, 2.83e+01], num_knots=345
2025-09-06 13:02:55,007 - Iter 37960: obj=-1133.069517, change=2.88e-06, α=0.000, ‖θ[1:]‖₁=13.780, h_range=[4.91e+00, 2.83e+01], num_knots=345
2025-09-06 13:02:55,114 - Iter 37970: obj=-1133.072354, change=2.88e-06, α=0.000, ‖θ[1:]‖₁=13.780, h_range=[4.91e+00, 2.83e+01], num_knots=345
2025-09-06 13:02:55,216 - Iter 37980: obj=-1133.075191, change=2.88e-06, α=0.000, ‖θ[1:]‖₁=13.780, h_range=[4.91e+00, 2.83e+01], num_knots=345
2025-09-06 13:02:55,330 - Iter 37990: obj=-1133.078028, change=2.88e-06, α=0.000, ‖θ[1:]‖₁=13.780, h_range=[4.91e+00, 2.83e+01], num_knots=345
2025-09-06 13:02:55,422 - Iter 38000: obj=-1133.080864, change=2.88e-06, α=0.000, ‖θ[1:]‖₁=13.780, h_range=[4.91e+00, 2.83e+01], num_knots=345
2025-09-06 13:02:55,530 - Iter 38010: obj=-1133.083701, change=2.88e-06, α=0.000, ‖θ[1:]‖₁=13.780, h_range=[4.91e+00, 2.83e+01], num_knots=345
2025-09-06 13:02:55,639 - Iter 38020: obj=-1133.086537, change=2.88e-06, α=0.000, ‖θ[1:]‖₁=13.780, h_range=[4.91e+00, 2.83e+01], num_knots=345
2025-09-06 13:02:55,745 - Iter 38030: obj=-1133.089373, change=2.88e-06, α=0.000, ‖θ[1:]‖₁=13.780, h_range=[4.91e+00, 2.83e+01], num_knots=345
2025-09-06 13:02:55,831 - Iter 38040: obj=-1133.092209, change=2.88e-06, α=0.000, ‖θ[1:]‖₁=13.780, h_range=[4.91e+00, 2.83e+01], num_knots=345
2025-09-06 13:02:55,943 - Iter 38050: obj=-1133.095045, change=2.88e-06, α=0.000, ‖θ[1:]‖₁=13.780, h_range=[4.91e+00, 2.83e+01], num_knots=345
2025-09-06 13:02:56,055 - Iter 38060: obj=-1133.097881, change=2.88e-06, α=0.000, ‖θ[1:]‖₁=13.780, h_range=[4.91e+00, 2.83e+01], num_knots=345
2025-09-06 13:02:56,175 - Iter 38070: obj=-1133.100716, change=2.88e-06, α=0.000, ‖θ[1:]‖₁=13.780, h_range=[4.91e+00, 2.83e+01], num_knots=345
2025-09-06 13:02:56,279 - Iter 38080: obj=-1133.103552, change=2.88e-06, α=0.000, ‖θ[1:]‖₁=13.780, h_range=[4.91e+00, 2.83e+01], num_knots=345
2025-09-06 13:02:56,381 - Iter 38090: obj=-1133.106371, change=2.88e-06, α=0.000, ‖θ[1:]‖₁=13.780, h_range=[4.91e+00, 2.83e+01], num_knots=344
2025-09-06 13:02:56,474 - Iter 38100: obj=-1133.109179, change=2.88e-06, α=0.000, ‖θ[1:]‖₁=13.780, h_range=[4.91e+00, 2.83e+01], num_knots=344
2025-09-06 13:02:56,570 - Iter 38110: obj=-1133.111987, change=2.88e-06, α=0.000, ‖θ[1:]‖₁=13.780, h_range=[4.91e+00, 2.83e+01], num_knots=344
2025-09-06 13:02:56,687 - Iter 38120: obj=-1133.114795, change=2.88e-06, α=0.000, ‖θ[1:]‖₁=13.780, h_range=[4.91e+00, 2.83e+01], num_knots=344
2025-09-06 13:02:56,784 - Iter 38130: obj=-1133.117591, change=2.88e-06, α=0.000, ‖θ[1:]‖₁=13.780, h_range=[4.91e+00, 2.83e+01], num_knots=343
2025-09-06 13:02:56,907 - Iter 38140: obj=-1133.120383, change=2.88e-06, α=0.000, ‖θ[1:]‖₁=13.781, h_range=[4.91e+00, 2.83e+01], num_knots=343
2025-09-06 13:02:57,011 - Iter 38150: obj=-1133.123175, change=2.88e-06, α=0.000, ‖θ[1:]‖₁=13.781, h_range=[4.91e+00, 2.83e+01], num_knots=343
2025-09-06 13:02:57,114 - Iter 38160: obj=-1133.125967, change=2.88e-06, α=0.000, ‖θ[1:]‖₁=13.781, h_range=[4.91e+00, 2.83e+01], num_knots=343
2025-09-06 13:02:57,209 - Iter 38170: obj=-1133.128759, change=2.88e-06, α=0.000, ‖θ[1:]‖₁=13.781, h_range=[4.91e+00, 2.83e+01], num_knots=343
2025-09-06 13:02:57,304 - Iter 38180: obj=-1133.131550, change=2.88e-06, α=0.000, ‖θ[1:]‖₁=13.781, h_range=[4.91e+00, 2.83e+01], num_knots=343
2025-09-06 13:02:57,426 - Iter 38190: obj=-1133.134341, change=2.88e-06, α=0.000, ‖θ[1:]‖₁=13.781, h_range=[4.91e+00, 2.83e+01], num_knots=343
2025-09-06 13:02:57,540 - Iter 38200: obj=-1133.137133, change=2.88e-06, α=0.000, ‖θ[1:]‖₁=13.781, h_range=[4.91e+00, 2.83e+01], num_knots=343
2025-09-06 13:02:57,652 - Iter 38210: obj=-1133.139924, change=2.88e-06, α=0.000, ‖θ[1:]‖₁=13.781, h_range=[4.91e+00, 2.83e+01], num_knots=343
2025-09-06 13:02:57,746 - Iter 38220: obj=-1133.142715, change=2.88e-06, α=0.000, ‖θ[1:]‖₁=13.781, h_range=[4.91e+00, 2.83e+01], num_knots=343
2025-09-06 13:02:57,889 - Iter 38230: obj=-1133.145506, change=2.88e-06, α=0.000, ‖θ[1:]‖₁=13.781, h_range=[4.91e+00, 2.83e+01], num_knots=343
2025-09-06 13:02:58,007 - Iter 38240: obj=-1133.148296, change=2.88e-06, α=0.000, ‖θ[1:]‖₁=13.781, h_range=[4.91e+00, 2.83e+01], num_knots=343
2025-09-06 13:02:58,110 - Iter 38250: obj=-1133.151087, change=2.88e-06, α=0.000, ‖θ[1:]‖₁=13.781, h_range=[4.91e+00, 2.83e+01], num_knots=343
2025-09-06 13:02:58,209 - Iter 38260: obj=-1133.153877, change=2.88e-06, α=0.000, ‖θ[1:]‖₁=13.781, h_range=[4.91e+00, 2.83e+01], num_knots=343
2025-09-06 13:02:58,314 - Iter 38270: obj=-1133.156668, change=2.88e-06, α=0.000, ‖θ[1:]‖₁=13.781, h_range=[4.91e+00, 2.83e+01], num_knots=343
2025-09-06 13:02:58,417 - Iter 38280: obj=-1133.159458, change=2.88e-06, α=0.000, ‖θ[1:]‖₁=13.781, h_range=[4.91e+00, 2.83e+01], num_knots=343
2025-09-06 13:02:58,505 - Iter 38290: obj=-1133.162248, change=2.88e-06, α=0.000, ‖θ[1:]‖₁=13.781, h_range=[4.91e+00, 2.83e+01], num_knots=343
2025-09-06 13:02:58,607 - Iter 38300: obj=-1133.165038, change=2.88e-06, α=0.000, ‖θ[1:]‖₁=13.781, h_range=[4.91e+00, 2.83e+01], num_knots=343
2025-09-06 13:02:58,721 - Iter 38310: obj=-1133.167816, change=2.88e-06, α=0.000, ‖θ[1:]‖₁=13.781, h_range=[4.91e+00, 2.83e+01], num_knots=342
2025-09-06 13:02:58,815 - Iter 38320: obj=-1133.170579, change=2.88e-06, α=0.000, ‖θ[1:]‖₁=13.781, h_range=[4.91e+00, 2.83e+01], num_knots=342
2025-09-06 13:02:58,929 - Iter 38330: obj=-1133.173325, change=2.88e-06, α=0.000, ‖θ[1:]‖₁=13.781, h_range=[4.91e+00, 2.83e+01], num_knots=341
2025-09-06 13:02:59,035 - Iter 38340: obj=-1133.176066, change=2.88e-06, α=0.000, ‖θ[1:]‖₁=13.781, h_range=[4.91e+00, 2.83e+01], num_knots=341
2025-09-06 13:02:59,147 - Iter 38350: obj=-1133.178807, change=2.88e-06, α=0.000, ‖θ[1:]‖₁=13.781, h_range=[4.91e+00, 2.83e+01], num_knots=341
2025-09-06 13:02:59,246 - Iter 38360: obj=-1133.181547, change=2.88e-06, α=0.000, ‖θ[1:]‖₁=13.781, h_range=[4.91e+00, 2.83e+01], num_knots=341
2025-09-06 13:02:59,360 - Iter 38370: obj=-1133.184288, change=2.88e-06, α=0.000, ‖θ[1:]‖₁=13.782, h_range=[4.91e+00, 2.83e+01], num_knots=341
2025-09-06 13:02:59,470 - Iter 38380: obj=-1133.187028, change=2.88e-06, α=0.000, ‖θ[1:]‖₁=13.782, h_range=[4.91e+00, 2.83e+01], num_knots=341
2025-09-06 13:02:59,575 - Iter 38390: obj=-1133.189768, change=2.88e-06, α=0.000, ‖θ[1:]‖₁=13.782, h_range=[4.91e+00, 2.83e+01], num_knots=341
2025-09-06 13:02:59,690 - Iter 38400: obj=-1133.192507, change=2.88e-06, α=0.000, ‖θ[1:]‖₁=13.782, h_range=[4.91e+00, 2.83e+01], num_knots=341
2025-09-06 13:02:59,806 - Iter 38410: obj=-1133.195247, change=2.88e-06, α=0.000, ‖θ[1:]‖₁=13.782, h_range=[4.91e+00, 2.83e+01], num_knots=341
2025-09-06 13:02:59,908 - Iter 38420: obj=-1133.197986, change=2.88e-06, α=0.000, ‖θ[1:]‖₁=13.782, h_range=[4.91e+00, 2.83e+01], num_knots=341
2025-09-06 13:03:00,103 - Iter 38430: obj=-1133.200726, change=2.88e-06, α=0.000, ‖θ[1:]‖₁=13.782, h_range=[4.91e+00, 2.83e+01], num_knots=341
2025-09-06 13:03:00,218 - Iter 38440: obj=-1133.203465, change=2.88e-06, α=0.000, ‖θ[1:]‖₁=13.782, h_range=[4.91e+00, 2.83e+01], num_knots=341
2025-09-06 13:03:00,319 - Iter 38450: obj=-1133.206204, change=2.88e-06, α=0.000, ‖θ[1:]‖₁=13.782, h_range=[4.91e+00, 2.83e+01], num_knots=341
2025-09-06 13:03:00,416 - Iter 38460: obj=-1133.208943, change=2.88e-06, α=0.000, ‖θ[1:]‖₁=13.782, h_range=[4.91e+00, 2.83e+01], num_knots=341
2025-09-06 13:03:00,556 - Iter 38470: obj=-1133.211682, change=2.88e-06, α=0.000, ‖θ[1:]‖₁=13.782, h_range=[4.91e+00, 2.83e+01], num_knots=341
2025-09-06 13:03:00,651 - Iter 38480: obj=-1133.214420, change=2.88e-06, α=0.000, ‖θ[1:]‖₁=13.782, h_range=[4.91e+00, 2.83e+01], num_knots=341
2025-09-06 13:03:00,751 - Iter 38490: obj=-1133.217159, change=2.88e-06, α=0.000, ‖θ[1:]‖₁=13.782, h_range=[4.91e+00, 2.83e+01], num_knots=341
2025-09-06 13:03:00,857 - Iter 38500: obj=-1133.219897, change=2.88e-06, α=0.000, ‖θ[1:]‖₁=13.782, h_range=[4.91e+00, 2.83e+01], num_knots=341
2025-09-06 13:03:00,963 - Iter 38510: obj=-1133.222635, change=2.88e-06, α=0.000, ‖θ[1:]‖₁=13.782, h_range=[4.91e+00, 2.83e+01], num_knots=341
2025-09-06 13:03:01,060 - Iter 38520: obj=-1133.225373, change=2.88e-06, α=0.000, ‖θ[1:]‖₁=13.782, h_range=[4.91e+00, 2.83e+01], num_knots=341
2025-09-06 13:03:01,151 - Iter 38530: obj=-1133.228111, change=2.88e-06, α=0.000, ‖θ[1:]‖₁=13.782, h_range=[4.91e+00, 2.83e+01], num_knots=341
2025-09-06 13:03:01,247 - Iter 38540: obj=-1133.230849, change=2.88e-06, α=0.000, ‖θ[1:]‖₁=13.782, h_range=[4.91e+00, 2.83e+01], num_knots=341
2025-09-06 13:03:01,358 - Iter 38550: obj=-1133.233587, change=2.88e-06, α=0.000, ‖θ[1:]‖₁=13.782, h_range=[4.91e+00, 2.83e+01], num_knots=341
2025-09-06 13:03:01,459 - Iter 38560: obj=-1133.236324, change=2.88e-06, α=0.000, ‖θ[1:]‖₁=13.782, h_range=[4.91e+00, 2.83e+01], num_knots=341
2025-09-06 13:03:01,552 - Iter 38570: obj=-1133.239062, change=2.88e-06, α=0.000, ‖θ[1:]‖₁=13.782, h_range=[4.91e+00, 2.83e+01], num_knots=341
2025-09-06 13:03:01,656 - Iter 38580: obj=-1133.241799, change=2.88e-06, α=0.000, ‖θ[1:]‖₁=13.783, h_range=[4.91e+00, 2.83e+01], num_knots=341
2025-09-06 13:03:01,766 - Iter 38590: obj=-1133.244536, change=2.88e-06, α=0.000, ‖θ[1:]‖₁=13.783, h_range=[4.91e+00, 2.83e+01], num_knots=341
2025-09-06 13:03:01,846 - Iter 38600: obj=-1133.247273, change=2.88e-06, α=0.000, ‖θ[1:]‖₁=13.783, h_range=[4.91e+00, 2.83e+01], num_knots=341
2025-09-06 13:03:01,940 - Iter 38610: obj=-1133.250010, change=2.88e-06, α=0.000, ‖θ[1:]‖₁=13.783, h_range=[4.91e+00, 2.83e+01], num_knots=341
2025-09-06 13:03:02,031 - Iter 38620: obj=-1133.252747, change=2.88e-06, α=0.000, ‖θ[1:]‖₁=13.783, h_range=[4.91e+00, 2.83e+01], num_knots=341
2025-09-06 13:03:02,131 - Iter 38630: obj=-1133.255484, change=2.88e-06, α=0.000, ‖θ[1:]‖₁=13.783, h_range=[4.91e+00, 2.83e+01], num_knots=341
2025-09-06 13:03:02,214 - Iter 38640: obj=-1133.258220, change=2.88e-06, α=0.000, ‖θ[1:]‖₁=13.783, h_range=[4.91e+00, 2.83e+01], num_knots=341
2025-09-06 13:03:02,306 - Iter 38650: obj=-1133.260957, change=2.88e-06, α=0.000, ‖θ[1:]‖₁=13.783, h_range=[4.91e+00, 2.83e+01], num_knots=341
2025-09-06 13:03:02,418 - Iter 38660: obj=-1133.263693, change=2.88e-06, α=0.000, ‖θ[1:]‖₁=13.783, h_range=[4.91e+00, 2.83e+01], num_knots=341
2025-09-06 13:03:02,535 - Iter 38670: obj=-1133.266429, change=2.88e-06, α=0.000, ‖θ[1:]‖₁=13.783, h_range=[4.91e+00, 2.83e+01], num_knots=341
2025-09-06 13:03:02,634 - Iter 38680: obj=-1133.269165, change=2.88e-06, α=0.000, ‖θ[1:]‖₁=13.783, h_range=[4.91e+00, 2.83e+01], num_knots=341
2025-09-06 13:03:02,754 - Iter 38690: obj=-1133.271901, change=2.88e-06, α=0.000, ‖θ[1:]‖₁=13.783, h_range=[4.91e+00, 2.83e+01], num_knots=341
2025-09-06 13:03:02,888 - Iter 38700: obj=-1133.274637, change=2.88e-06, α=0.000, ‖θ[1:]‖₁=13.783, h_range=[4.91e+00, 2.83e+01], num_knots=341
2025-09-06 13:03:02,994 - Iter 38710: obj=-1133.277373, change=2.88e-06, α=0.000, ‖θ[1:]‖₁=13.783, h_range=[4.91e+00, 2.83e+01], num_knots=341
2025-09-06 13:03:03,110 - Iter 38720: obj=-1133.280109, change=2.88e-06, α=0.000, ‖θ[1:]‖₁=13.783, h_range=[4.91e+00, 2.83e+01], num_knots=341
2025-09-06 13:03:03,234 - Iter 38730: obj=-1133.282844, change=2.88e-06, α=0.000, ‖θ[1:]‖₁=13.783, h_range=[4.91e+00, 2.83e+01], num_knots=341
2025-09-06 13:03:03,356 - Iter 38740: obj=-1133.285580, change=2.88e-06, α=0.000, ‖θ[1:]‖₁=13.783, h_range=[4.91e+00, 2.83e+01], num_knots=341
2025-09-06 13:03:03,498 - Iter 38750: obj=-1133.288315, change=2.88e-06, α=0.000, ‖θ[1:]‖₁=13.783, h_range=[4.91e+00, 2.83e+01], num_knots=341
2025-09-06 13:03:03,579 - Iter 38760: obj=-1133.291050, change=2.88e-06, α=0.000, ‖θ[1:]‖₁=13.783, h_range=[4.91e+00, 2.83e+01], num_knots=341
2025-09-06 13:03:03,669 - Iter 38770: obj=-1133.293785, change=2.88e-06, α=0.000, ‖θ[1:]‖₁=13.783, h_range=[4.91e+00, 2.83e+01], num_knots=341
2025-09-06 13:03:03,749 - Iter 38780: obj=-1133.296520, change=2.88e-06, α=0.000, ‖θ[1:]‖₁=13.783, h_range=[4.91e+00, 2.83e+01], num_knots=341
2025-09-06 13:03:03,832 - Iter 38790: obj=-1133.299255, change=2.88e-06, α=0.000, ‖θ[1:]‖₁=13.783, h_range=[4.91e+00, 2.83e+01], num_knots=341
2025-09-06 13:03:03,912 - Iter 38800: obj=-1133.301990, change=2.88e-06, α=0.000, ‖θ[1:]‖₁=13.783, h_range=[4.91e+00, 2.83e+01], num_knots=341
2025-09-06 13:03:04,015 - Iter 38810: obj=-1133.304725, change=2.88e-06, α=0.000, ‖θ[1:]‖₁=13.783, h_range=[4.91e+00, 2.83e+01], num_knots=341
2025-09-06 13:03:04,114 - Iter 38820: obj=-1133.307459, change=2.88e-06, α=0.000, ‖θ[1:]‖₁=13.783, h_range=[4.91e+00, 2.83e+01], num_knots=341
2025-09-06 13:03:04,228 - Iter 38830: obj=-1133.310194, change=2.88e-06, α=0.000, ‖θ[1:]‖₁=13.783, h_range=[4.91e+00, 2.83e+01], num_knots=341
2025-09-06 13:03:04,335 - Iter 38840: obj=-1133.312928, change=2.88e-06, α=0.000, ‖θ[1:]‖₁=13.783, h_range=[4.91e+00, 2.83e+01], num_knots=341
2025-09-06 13:03:04,468 - Iter 38850: obj=-1133.315663, change=2.88e-06, α=0.000, ‖θ[1:]‖₁=13.783, h_range=[4.91e+00, 2.83e+01], num_knots=341
2025-09-06 13:03:04,572 - Iter 38860: obj=-1133.318397, change=2.88e-06, α=0.000, ‖θ[1:]‖₁=13.783, h_range=[4.91e+00, 2.83e+01], num_knots=341
2025-09-06 13:03:04,703 - Iter 38870: obj=-1133.321131, change=2.88e-06, α=0.000, ‖θ[1:]‖₁=13.783, h_range=[4.91e+00, 2.83e+01], num_knots=341
2025-09-06 13:03:04,812 - Iter 38880: obj=-1133.323865, change=2.88e-06, α=0.000, ‖θ[1:]‖₁=13.783, h_range=[4.91e+00, 2.83e+01], num_knots=341
2025-09-06 13:03:04,929 - Iter 38890: obj=-1133.326599, change=2.88e-06, α=0.000, ‖θ[1:]‖₁=13.784, h_range=[4.91e+00, 2.83e+01], num_knots=341
2025-09-06 13:03:05,035 - Iter 38900: obj=-1133.329333, change=2.88e-06, α=0.000, ‖θ[1:]‖₁=13.784, h_range=[4.91e+00, 2.83e+01], num_knots=341
2025-09-06 13:03:05,136 - Iter 38910: obj=-1133.332066, change=2.88e-06, α=0.000, ‖θ[1:]‖₁=13.784, h_range=[4.91e+00, 2.83e+01], num_knots=341
2025-09-06 13:03:05,242 - Iter 38920: obj=-1133.334800, change=2.88e-06, α=0.000, ‖θ[1:]‖₁=13.784, h_range=[4.91e+00, 2.83e+01], num_knots=341
2025-09-06 13:03:05,373 - Iter 38930: obj=-1133.337533, change=2.88e-06, α=0.000, ‖θ[1:]‖₁=13.784, h_range=[4.91e+00, 2.83e+01], num_knots=341
2025-09-06 13:03:05,490 - Iter 38940: obj=-1133.340267, change=2.88e-06, α=0.000, ‖θ[1:]‖₁=13.784, h_range=[4.91e+00, 2.83e+01], num_knots=341
2025-09-06 13:03:05,595 - Iter 38950: obj=-1133.343000, change=2.88e-06, α=0.000, ‖θ[1:]‖₁=13.784, h_range=[4.91e+00, 2.83e+01], num_knots=341
2025-09-06 13:03:05,702 - Iter 38960: obj=-1133.345733, change=2.88e-06, α=0.000, ‖θ[1:]‖₁=13.784, h_range=[4.91e+00, 2.83e+01], num_knots=341
2025-09-06 13:03:05,823 - Iter 38970: obj=-1133.348466, change=2.88e-06, α=0.000, ‖θ[1:]‖₁=13.784, h_range=[4.91e+00, 2.83e+01], num_knots=341
2025-09-06 13:03:05,948 - Iter 38980: obj=-1133.351199, change=2.88e-06, α=0.000, ‖θ[1:]‖₁=13.784, h_range=[4.91e+00, 2.83e+01], num_knots=341
2025-09-06 13:03:06,063 - Iter 38990: obj=-1133.353932, change=2.88e-06, α=0.000, ‖θ[1:]‖₁=13.784, h_range=[4.91e+00, 2.83e+01], num_knots=341
2025-09-06 13:03:06,170 - Iter 39000: obj=-1133.356665, change=2.88e-06, α=0.000, ‖θ[1:]‖₁=13.784, h_range=[4.91e+00, 2.83e+01], num_knots=341
2025-09-06 13:03:06,285 - Iter 39010: obj=-1133.359398, change=2.88e-06, α=0.000, ‖θ[1:]‖₁=13.784, h_range=[4.91e+00, 2.83e+01], num_knots=341
2025-09-06 13:03:06,384 - Iter 39020: obj=-1133.362130, change=2.88e-06, α=0.000, ‖θ[1:]‖₁=13.784, h_range=[4.91e+00, 2.83e+01], num_knots=341
2025-09-06 13:03:06,482 - Iter 39030: obj=-1133.364863, change=2.88e-06, α=0.000, ‖θ[1:]‖₁=13.784, h_range=[4.91e+00, 2.83e+01], num_knots=341
2025-09-06 13:03:06,572 - Iter 39040: obj=-1133.367595, change=2.88e-06, α=0.000, ‖θ[1:]‖₁=13.784, h_range=[4.91e+00, 2.83e+01], num_knots=341
2025-09-06 13:03:06,683 - Iter 39050: obj=-1133.370328, change=2.88e-06, α=0.000, ‖θ[1:]‖₁=13.784, h_range=[4.91e+00, 2.83e+01], num_knots=341
2025-09-06 13:03:06,766 - Iter 39060: obj=-1133.373060, change=2.88e-06, α=0.000, ‖θ[1:]‖₁=13.784, h_range=[4.91e+00, 2.83e+01], num_knots=341
2025-09-06 13:03:06,879 - Iter 39070: obj=-1133.375792, change=2.88e-06, α=0.000, ‖θ[1:]‖₁=13.784, h_range=[4.91e+00, 2.83e+01], num_knots=341
2025-09-06 13:03:06,990 - Iter 39080: obj=-1133.378524, change=2.88e-06, α=0.000, ‖θ[1:]‖₁=13.784, h_range=[4.91e+00, 2.83e+01], num_knots=341
2025-09-06 13:03:07,103 - Iter 39090: obj=-1133.381256, change=2.88e-06, α=0.000, ‖θ[1:]‖₁=13.784, h_range=[4.91e+00, 2.83e+01], num_knots=341
2025-09-06 13:03:07,217 - Iter 39100: obj=-1133.383988, change=2.88e-06, α=0.000, ‖θ[1:]‖₁=13.784, h_range=[4.91e+00, 2.83e+01], num_knots=341
2025-09-06 13:03:07,337 - Iter 39110: obj=-1133.386720, change=2.88e-06, α=0.000, ‖θ[1:]‖₁=13.784, h_range=[4.91e+00, 2.83e+01], num_knots=341
2025-09-06 13:03:07,438 - Iter 39120: obj=-1133.389452, change=2.88e-06, α=0.000, ‖θ[1:]‖₁=13.784, h_range=[4.91e+00, 2.83e+01], num_knots=341
2025-09-06 13:03:07,557 - Iter 39130: obj=-1133.392183, change=2.88e-06, α=0.000, ‖θ[1:]‖₁=13.784, h_range=[4.91e+00, 2.83e+01], num_knots=341
2025-09-06 13:03:07,656 - Iter 39140: obj=-1133.394915, change=2.88e-06, α=0.000, ‖θ[1:]‖₁=13.784, h_range=[4.91e+00, 2.83e+01], num_knots=341
2025-09-06 13:03:07,766 - Iter 39150: obj=-1133.397646, change=2.88e-06, α=0.000, ‖θ[1:]‖₁=13.784, h_range=[4.91e+00, 2.83e+01], num_knots=341
2025-09-06 13:03:07,866 - Iter 39160: obj=-1133.400377, change=2.88e-06, α=0.000, ‖θ[1:]‖₁=13.784, h_range=[4.91e+00, 2.83e+01], num_knots=341
2025-09-06 13:03:07,993 - Iter 39170: obj=-1133.403109, change=2.88e-06, α=0.000, ‖θ[1:]‖₁=13.784, h_range=[4.91e+00, 2.83e+01], num_knots=341
2025-09-06 13:03:08,110 - Iter 39180: obj=-1133.405840, change=2.88e-06, α=0.000, ‖θ[1:]‖₁=13.784, h_range=[4.91e+00, 2.83e+01], num_knots=341
2025-09-06 13:03:08,232 - Iter 39190: obj=-1133.408571, change=2.88e-06, α=0.000, ‖θ[1:]‖₁=13.784, h_range=[4.91e+00, 2.83e+01], num_knots=341
2025-09-06 13:03:08,356 - Iter 39200: obj=-1133.411302, change=2.88e-06, α=0.000, ‖θ[1:]‖₁=13.784, h_range=[4.91e+00, 2.83e+01], num_knots=341
2025-09-06 13:03:08,445 - Iter 39210: obj=-1133.414033, change=2.88e-06, α=0.000, ‖θ[1:]‖₁=13.784, h_range=[4.91e+00, 2.83e+01], num_knots=341
2025-09-06 13:03:08,535 - Iter 39220: obj=-1133.416764, change=2.88e-06, α=0.000, ‖θ[1:]‖₁=13.784, h_range=[4.91e+00, 2.83e+01], num_knots=341
2025-09-06 13:03:08,631 - Iter 39230: obj=-1133.419494, change=2.88e-06, α=0.000, ‖θ[1:]‖₁=13.784, h_range=[4.91e+00, 2.83e+01], num_knots=341
2025-09-06 13:03:08,801 - Iter 39240: obj=-1133.422225, change=2.88e-06, α=0.000, ‖θ[1:]‖₁=13.784, h_range=[4.91e+00, 2.83e+01], num_knots=341
2025-09-06 13:03:08,934 - Iter 39250: obj=-1133.424955, change=2.88e-06, α=0.000, ‖θ[1:]‖₁=13.784, h_range=[4.91e+00, 2.83e+01], num_knots=341
2025-09-06 13:03:09,040 - Iter 39260: obj=-1133.427686, change=2.88e-06, α=0.000, ‖θ[1:]‖₁=13.784, h_range=[4.91e+00, 2.83e+01], num_knots=341
2025-09-06 13:03:09,143 - Iter 39270: obj=-1133.430416, change=2.88e-06, α=0.000, ‖θ[1:]‖₁=13.784, h_range=[4.91e+00, 2.83e+01], num_knots=341
2025-09-06 13:03:09,247 - Iter 39280: obj=-1133.433146, change=2.88e-06, α=0.000, ‖θ[1:]‖₁=13.784, h_range=[4.91e+00, 2.83e+01], num_knots=341
2025-09-06 13:03:09,349 - Iter 39290: obj=-1133.435877, change=2.88e-06, α=0.000, ‖θ[1:]‖₁=13.784, h_range=[4.91e+00, 2.83e+01], num_knots=341
2025-09-06 13:03:09,474 - Iter 39300: obj=-1133.438607, change=2.88e-06, α=0.000, ‖θ[1:]‖₁=13.784, h_range=[4.91e+00, 2.83e+01], num_knots=341
2025-09-06 13:03:09,587 - Iter 39310: obj=-1133.441337, change=2.88e-06, α=0.000, ‖θ[1:]‖₁=13.784, h_range=[4.91e+00, 2.83e+01], num_knots=341
2025-09-06 13:03:09,696 - Iter 39320: obj=-1133.444067, change=2.88e-06, α=0.000, ‖θ[1:]‖₁=13.784, h_range=[4.91e+00, 2.83e+01], num_knots=341
2025-09-06 13:03:09,802 - Iter 39330: obj=-1133.446796, change=2.88e-06, α=0.000, ‖θ[1:]‖₁=13.784, h_range=[4.91e+00, 2.83e+01], num_knots=341
2025-09-06 13:03:09,895 - Iter 39340: obj=-1133.449526, change=2.88e-06, α=0.000, ‖θ[1:]‖₁=13.784, h_range=[4.91e+00, 2.83e+01], num_knots=341
2025-09-06 13:03:09,987 - Iter 39350: obj=-1133.452256, change=2.88e-06, α=0.000, ‖θ[1:]‖₁=13.784, h_range=[4.91e+00, 2.83e+01], num_knots=341
2025-09-06 13:03:10,106 - Iter 39360: obj=-1133.454985, change=2.88e-06, α=0.000, ‖θ[1:]‖₁=13.784, h_range=[4.91e+00, 2.83e+01], num_knots=341
2025-09-06 13:03:10,215 - Iter 39370: obj=-1133.457715, change=2.88e-06, α=0.000, ‖θ[1:]‖₁=13.784, h_range=[4.91e+00, 2.83e+01], num_knots=341
2025-09-06 13:03:10,305 - Iter 39380: obj=-1133.460444, change=2.88e-06, α=0.000, ‖θ[1:]‖₁=13.784, h_range=[4.91e+00, 2.83e+01], num_knots=341
2025-09-06 13:03:10,423 - Iter 39390: obj=-1133.463174, change=2.88e-06, α=0.000, ‖θ[1:]‖₁=13.784, h_range=[4.91e+00, 2.83e+01], num_knots=341
2025-09-06 13:03:10,519 - Iter 39400: obj=-1133.465903, change=2.88e-06, α=0.000, ‖θ[1:]‖₁=13.784, h_range=[4.91e+00, 2.83e+01], num_knots=341
2025-09-06 13:03:10,609 - Iter 39410: obj=-1133.468632, change=2.88e-06, α=0.000, ‖θ[1:]‖₁=13.784, h_range=[4.91e+00, 2.83e+01], num_knots=341
2025-09-06 13:03:10,726 - Iter 39420: obj=-1133.471361, change=2.88e-06, α=0.000, ‖θ[1:]‖₁=13.784, h_range=[4.91e+00, 2.83e+01], num_knots=340
2025-09-06 13:03:10,832 - Iter 39430: obj=-1133.474082, change=2.88e-06, α=0.000, ‖θ[1:]‖₁=13.785, h_range=[4.91e+00, 2.83e+01], num_knots=340
2025-09-06 13:03:10,938 - Iter 39440: obj=-1133.476803, change=2.88e-06, α=0.000, ‖θ[1:]‖₁=13.785, h_range=[4.91e+00, 2.83e+01], num_knots=340
2025-09-06 13:03:11,036 - Iter 39450: obj=-1133.479523, change=2.88e-06, α=0.000, ‖θ[1:]‖₁=13.785, h_range=[4.91e+00, 2.83e+01], num_knots=340
2025-09-06 13:03:11,130 - Iter 39460: obj=-1133.482244, change=2.88e-06, α=0.000, ‖θ[1:]‖₁=13.785, h_range=[4.91e+00, 2.83e+01], num_knots=340
2025-09-06 13:03:11,232 - Iter 39470: obj=-1133.484964, change=2.88e-06, α=0.000, ‖θ[1:]‖₁=13.785, h_range=[4.91e+00, 2.83e+01], num_knots=340
2025-09-06 13:03:11,333 - Iter 39480: obj=-1133.487684, change=2.88e-06, α=0.000, ‖θ[1:]‖₁=13.785, h_range=[4.91e+00, 2.83e+01], num_knots=340
2025-09-06 13:03:11,413 - Iter 39490: obj=-1133.490404, change=2.88e-06, α=0.000, ‖θ[1:]‖₁=13.785, h_range=[4.91e+00, 2.83e+01], num_knots=340
2025-09-06 13:03:11,531 - Iter 39500: obj=-1133.493124, change=2.88e-06, α=0.000, ‖θ[1:]‖₁=13.785, h_range=[4.91e+00, 2.83e+01], num_knots=340
2025-09-06 13:03:11,636 - Iter 39510: obj=-1133.495844, change=2.88e-06, α=0.000, ‖θ[1:]‖₁=13.785, h_range=[4.91e+00, 2.83e+01], num_knots=340
2025-09-06 13:03:11,735 - Iter 39520: obj=-1133.498564, change=2.88e-06, α=0.000, ‖θ[1:]‖₁=13.785, h_range=[4.91e+00, 2.83e+01], num_knots=340
2025-09-06 13:03:11,838 - Iter 39530: obj=-1133.501283, change=2.88e-06, α=0.000, ‖θ[1:]‖₁=13.785, h_range=[4.91e+00, 2.83e+01], num_knots=340
2025-09-06 13:03:11,943 - Iter 39540: obj=-1133.504003, change=2.88e-06, α=0.000, ‖θ[1:]‖₁=13.785, h_range=[4.91e+00, 2.83e+01], num_knots=340
2025-09-06 13:03:12,033 - Iter 39550: obj=-1133.506722, change=2.88e-06, α=0.000, ‖θ[1:]‖₁=13.785, h_range=[4.91e+00, 2.83e+01], num_knots=340
2025-09-06 13:03:12,135 - Iter 39560: obj=-1133.509442, change=2.88e-06, α=0.000, ‖θ[1:]‖₁=13.785, h_range=[4.91e+00, 2.83e+01], num_knots=340
2025-09-06 13:03:12,247 - Iter 39570: obj=-1133.512161, change=2.88e-06, α=0.000, ‖θ[1:]‖₁=13.785, h_range=[4.91e+00, 2.83e+01], num_knots=340
2025-09-06 13:03:12,345 - Iter 39580: obj=-1133.514880, change=2.88e-06, α=0.000, ‖θ[1:]‖₁=13.785, h_range=[4.91e+00, 2.83e+01], num_knots=340
2025-09-06 13:03:12,452 - Iter 39590: obj=-1133.517599, change=2.88e-06, α=0.000, ‖θ[1:]‖₁=13.785, h_range=[4.91e+00, 2.83e+01], num_knots=340
2025-09-06 13:03:12,556 - Iter 39600: obj=-1133.520319, change=2.88e-06, α=0.000, ‖θ[1:]‖₁=13.785, h_range=[4.91e+00, 2.83e+01], num_knots=340
2025-09-06 13:03:12,663 - Iter 39610: obj=-1133.523038, change=2.88e-06, α=0.000, ‖θ[1:]‖₁=13.785, h_range=[4.91e+00, 2.83e+01], num_knots=340
2025-09-06 13:03:12,766 - Iter 39620: obj=-1133.525756, change=2.88e-06, α=0.000, ‖θ[1:]‖₁=13.785, h_range=[4.91e+00, 2.83e+01], num_knots=340
2025-09-06 13:03:12,868 - Iter 39630: obj=-1133.528475, change=2.88e-06, α=0.000, ‖θ[1:]‖₁=13.785, h_range=[4.91e+00, 2.83e+01], num_knots=340
2025-09-06 13:03:12,975 - Iter 39640: obj=-1133.531192, change=2.88e-06, α=0.000, ‖θ[1:]‖₁=13.785, h_range=[4.91e+00, 2.83e+01], num_knots=339
2025-09-06 13:03:13,086 - Iter 39650: obj=-1133.533902, change=2.88e-06, α=0.000, ‖θ[1:]‖₁=13.785, h_range=[4.91e+00, 2.83e+01], num_knots=339
2025-09-06 13:03:13,216 - Iter 39660: obj=-1133.536613, change=2.88e-06, α=0.000, ‖θ[1:]‖₁=13.785, h_range=[4.91e+00, 2.83e+01], num_knots=339
2025-09-06 13:03:13,309 - Iter 39670: obj=-1133.539323, change=2.88e-06, α=0.000, ‖θ[1:]‖₁=13.785, h_range=[4.91e+00, 2.83e+01], num_knots=339
2025-09-06 13:03:13,438 - Iter 39680: obj=-1133.542033, change=2.88e-06, α=0.000, ‖θ[1:]‖₁=13.785, h_range=[4.91e+00, 2.83e+01], num_knots=339
2025-09-06 13:03:13,536 - Iter 39690: obj=-1133.544744, change=2.88e-06, α=0.000, ‖θ[1:]‖₁=13.785, h_range=[4.91e+00, 2.83e+01], num_knots=339
2025-09-06 13:03:13,646 - Iter 39700: obj=-1133.547424, change=2.88e-06, α=0.000, ‖θ[1:]‖₁=13.785, h_range=[4.91e+00, 2.83e+01], num_knots=338
2025-09-06 13:03:13,737 - Iter 39710: obj=-1133.550101, change=2.88e-06, α=0.000, ‖θ[1:]‖₁=13.785, h_range=[4.91e+00, 2.83e+01], num_knots=338
2025-09-06 13:03:13,861 - Iter 39720: obj=-1133.552777, change=2.88e-06, α=0.000, ‖θ[1:]‖₁=13.785, h_range=[4.91e+00, 2.83e+01], num_knots=338
2025-09-06 13:03:13,970 - Iter 39730: obj=-1133.555453, change=2.88e-06, α=0.000, ‖θ[1:]‖₁=13.785, h_range=[4.91e+00, 2.83e+01], num_knots=338
2025-09-06 13:03:14,073 - Iter 39740: obj=-1133.558129, change=2.88e-06, α=0.000, ‖θ[1:]‖₁=13.785, h_range=[4.91e+00, 2.83e+01], num_knots=338
2025-09-06 13:03:14,188 - Iter 39750: obj=-1133.560805, change=2.88e-06, α=0.000, ‖θ[1:]‖₁=13.785, h_range=[4.91e+00, 2.83e+01], num_knots=338
2025-09-06 13:03:14,290 - Iter 39760: obj=-1133.563480, change=2.88e-06, α=0.000, ‖θ[1:]‖₁=13.785, h_range=[4.91e+00, 2.83e+01], num_knots=338
2025-09-06 13:03:14,398 - Iter 39770: obj=-1133.566156, change=2.88e-06, α=0.000, ‖θ[1:]‖₁=13.785, h_range=[4.91e+00, 2.83e+01], num_knots=338
2025-09-06 13:03:14,524 - Iter 39780: obj=-1133.568831, change=2.88e-06, α=0.000, ‖θ[1:]‖₁=13.785, h_range=[4.91e+00, 2.83e+01], num_knots=338
2025-09-06 13:03:14,641 - Iter 39790: obj=-1133.571507, change=2.88e-06, α=0.000, ‖θ[1:]‖₁=13.785, h_range=[4.91e+00, 2.83e+01], num_knots=338
2025-09-06 13:03:14,769 - Iter 39800: obj=-1133.574182, change=2.88e-06, α=0.000, ‖θ[1:]‖₁=13.785, h_range=[4.91e+00, 2.83e+01], num_knots=338
2025-09-06 13:03:14,870 - Iter 39810: obj=-1133.576857, change=2.88e-06, α=0.000, ‖θ[1:]‖₁=13.785, h_range=[4.91e+00, 2.83e+01], num_knots=338
2025-09-06 13:03:14,989 - Iter 39820: obj=-1133.579532, change=2.88e-06, α=0.000, ‖θ[1:]‖₁=13.785, h_range=[4.91e+00, 2.83e+01], num_knots=338
2025-09-06 13:03:15,083 - Iter 39830: obj=-1133.582207, change=2.88e-06, α=0.000, ‖θ[1:]‖₁=13.785, h_range=[4.91e+00, 2.83e+01], num_knots=338
2025-09-06 13:03:15,176 - Iter 39840: obj=-1133.584882, change=2.88e-06, α=0.000, ‖θ[1:]‖₁=13.785, h_range=[4.91e+00, 2.83e+01], num_knots=338
2025-09-06 13:03:15,274 - Iter 39850: obj=-1133.587557, change=2.88e-06, α=0.000, ‖θ[1:]‖₁=13.785, h_range=[4.91e+00, 2.83e+01], num_knots=338
2025-09-06 13:03:15,377 - Iter 39860: obj=-1133.590231, change=2.88e-06, α=0.000, ‖θ[1:]‖₁=13.785, h_range=[4.91e+00, 2.83e+01], num_knots=338
2025-09-06 13:03:15,484 - Iter 39870: obj=-1133.592906, change=2.88e-06, α=0.000, ‖θ[1:]‖₁=13.785, h_range=[4.91e+00, 2.83e+01], num_knots=338
2025-09-06 13:03:15,602 - Iter 39880: obj=-1133.595580, change=2.88e-06, α=0.000, ‖θ[1:]‖₁=13.785, h_range=[4.91e+00, 2.83e+01], num_knots=338
2025-09-06 13:03:15,755 - Iter 39890: obj=-1133.598255, change=2.88e-06, α=0.000, ‖θ[1:]‖₁=13.785, h_range=[4.91e+00, 2.83e+01], num_knots=338
2025-09-06 13:03:15,844 - Iter 39900: obj=-1133.600929, change=2.88e-06, α=0.000, ‖θ[1:]‖₁=13.785, h_range=[4.91e+00, 2.83e+01], num_knots=338
2025-09-06 13:03:15,949 - Iter 39910: obj=-1133.603594, change=2.88e-06, α=0.000, ‖θ[1:]‖₁=13.785, h_range=[4.91e+00, 2.83e+01], num_knots=337
2025-09-06 13:03:16,049 - Iter 39920: obj=-1133.606252, change=2.88e-06, α=0.000, ‖θ[1:]‖₁=13.786, h_range=[4.91e+00, 2.83e+01], num_knots=337
2025-09-06 13:03:16,149 - Iter 39930: obj=-1133.608909, change=2.88e-06, α=0.000, ‖θ[1:]‖₁=13.786, h_range=[4.91e+00, 2.83e+01], num_knots=337
2025-09-06 13:03:16,243 - Iter 39940: obj=-1133.611566, change=2.88e-06, α=0.000, ‖θ[1:]‖₁=13.786, h_range=[4.91e+00, 2.83e+01], num_knots=337
2025-09-06 13:03:16,341 - Iter 39950: obj=-1133.614223, change=2.88e-06, α=0.000, ‖θ[1:]‖₁=13.786, h_range=[4.91e+00, 2.83e+01], num_knots=337
2025-09-06 13:03:16,433 - Iter 39960: obj=-1133.616879, change=2.87e-06, α=0.000, ‖θ[1:]‖₁=13.786, h_range=[4.91e+00, 2.83e+01], num_knots=337
2025-09-06 13:03:16,536 - Iter 39970: obj=-1133.619536, change=2.87e-06, α=0.000, ‖θ[1:]‖₁=13.786, h_range=[4.91e+00, 2.83e+01], num_knots=337
2025-09-06 13:03:16,620 - Iter 39980: obj=-1133.622193, change=2.87e-06, α=0.000, ‖θ[1:]‖₁=13.786, h_range=[4.91e+00, 2.83e+01], num_knots=337
2025-09-06 13:03:16,729 - Iter 39990: obj=-1133.624849, change=2.87e-06, α=0.000, ‖θ[1:]‖₁=13.786, h_range=[4.91e+00, 2.83e+01], num_knots=337
2025-09-06 13:03:16,831 - Iter 40000: obj=-1133.627505, change=2.87e-06, α=0.000, ‖θ[1:]‖₁=13.786, h_range=[4.91e+00, 2.83e+01], num_knots=337
2025-09-06 13:03:16,915 - Iter 40010: obj=-1133.630161, change=2.87e-06, α=0.000, ‖θ[1:]‖₁=13.786, h_range=[4.91e+00, 2.83e+01], num_knots=337
2025-09-06 13:03:17,005 - Iter 40020: obj=-1133.632817, change=2.87e-06, α=0.000, ‖θ[1:]‖₁=13.786, h_range=[4.91e+00, 2.83e+01], num_knots=337
2025-09-06 13:03:17,123 - Iter 40030: obj=-1133.635473, change=2.87e-06, α=0.000, ‖θ[1:]‖₁=13.786, h_range=[4.91e+00, 2.83e+01], num_knots=337
2025-09-06 13:03:17,224 - Iter 40040: obj=-1133.638129, change=2.87e-06, α=0.000, ‖θ[1:]‖₁=13.786, h_range=[4.91e+00, 2.83e+01], num_knots=337
2025-09-06 13:03:17,329 - Iter 40050: obj=-1133.640785, change=2.87e-06, α=0.000, ‖θ[1:]‖₁=13.786, h_range=[4.91e+00, 2.83e+01], num_knots=337
2025-09-06 13:03:17,439 - Iter 40060: obj=-1133.643441, change=2.87e-06, α=0.000, ‖θ[1:]‖₁=13.786, h_range=[4.91e+00, 2.83e+01], num_knots=337
2025-09-06 13:03:17,530 - Iter 40070: obj=-1133.646096, change=2.87e-06, α=0.000, ‖θ[1:]‖₁=13.786, h_range=[4.91e+00, 2.83e+01], num_knots=337
2025-09-06 13:03:17,647 - Iter 40080: obj=-1133.648752, change=2.87e-06, α=0.000, ‖θ[1:]‖₁=13.786, h_range=[4.91e+00, 2.83e+01], num_knots=337
2025-09-06 13:03:17,738 - Iter 40090: obj=-1133.651407, change=2.87e-06, α=0.000, ‖θ[1:]‖₁=13.786, h_range=[4.91e+00, 2.83e+01], num_knots=337
2025-09-06 13:03:17,850 - Iter 40100: obj=-1133.654062, change=2.87e-06, α=0.000, ‖θ[1:]‖₁=13.786, h_range=[4.91e+00, 2.83e+01], num_knots=337
2025-09-06 13:03:17,955 - Iter 40110: obj=-1133.656717, change=2.87e-06, α=0.000, ‖θ[1:]‖₁=13.786, h_range=[4.91e+00, 2.83e+01], num_knots=337
2025-09-06 13:03:18,055 - Iter 40120: obj=-1133.659372, change=2.87e-06, α=0.000, ‖θ[1:]‖₁=13.786, h_range=[4.91e+00, 2.83e+01], num_knots=337
2025-09-06 13:03:18,170 - Iter 40130: obj=-1133.662027, change=2.87e-06, α=0.000, ‖θ[1:]‖₁=13.786, h_range=[4.91e+00, 2.83e+01], num_knots=337
2025-09-06 13:03:18,271 - Iter 40140: obj=-1133.664682, change=2.87e-06, α=0.000, ‖θ[1:]‖₁=13.786, h_range=[4.91e+00, 2.83e+01], num_knots=337
2025-09-06 13:03:18,373 - Iter 40150: obj=-1133.667336, change=2.87e-06, α=0.000, ‖θ[1:]‖₁=13.786, h_range=[4.91e+00, 2.83e+01], num_knots=337
2025-09-06 13:03:18,485 - Iter 40160: obj=-1133.669991, change=2.87e-06, α=0.000, ‖θ[1:]‖₁=13.786, h_range=[4.91e+00, 2.83e+01], num_knots=337
2025-09-06 13:03:18,581 - Iter 40170: obj=-1133.672645, change=2.87e-06, α=0.000, ‖θ[1:]‖₁=13.786, h_range=[4.91e+00, 2.83e+01], num_knots=337
2025-09-06 13:03:18,675 - Iter 40180: obj=-1133.675300, change=2.87e-06, α=0.000, ‖θ[1:]‖₁=13.786, h_range=[4.91e+00, 2.83e+01], num_knots=337
2025-09-06 13:03:18,759 - Iter 40190: obj=-1133.677954, change=2.87e-06, α=0.000, ‖θ[1:]‖₁=13.786, h_range=[4.91e+00, 2.83e+01], num_knots=337
2025-09-06 13:03:18,868 - Iter 40200: obj=-1133.680608, change=2.87e-06, α=0.000, ‖θ[1:]‖₁=13.786, h_range=[4.91e+00, 2.83e+01], num_knots=337
2025-09-06 13:03:18,988 - Iter 40210: obj=-1133.683262, change=2.87e-06, α=0.000, ‖θ[1:]‖₁=13.786, h_range=[4.91e+00, 2.83e+01], num_knots=337
2025-09-06 13:03:19,097 - Iter 40220: obj=-1133.685909, change=2.87e-06, α=0.000, ‖θ[1:]‖₁=13.786, h_range=[4.91e+00, 2.83e+01], num_knots=336
2025-09-06 13:03:19,206 - Iter 40230: obj=-1133.688552, change=2.87e-06, α=0.000, ‖θ[1:]‖₁=13.786, h_range=[4.91e+00, 2.83e+01], num_knots=336
2025-09-06 13:03:19,313 - Iter 40240: obj=-1133.691194, change=2.87e-06, α=0.000, ‖θ[1:]‖₁=13.786, h_range=[4.91e+00, 2.83e+01], num_knots=336
2025-09-06 13:03:19,453 - Iter 40250: obj=-1133.693836, change=2.87e-06, α=0.000, ‖θ[1:]‖₁=13.786, h_range=[4.91e+00, 2.83e+01], num_knots=336
2025-09-06 13:03:19,578 - Iter 40260: obj=-1133.696477, change=2.87e-06, α=0.000, ‖θ[1:]‖₁=13.786, h_range=[4.91e+00, 2.83e+01], num_knots=336
2025-09-06 13:03:19,685 - Iter 40270: obj=-1133.699119, change=2.87e-06, α=0.000, ‖θ[1:]‖₁=13.786, h_range=[4.91e+00, 2.83e+01], num_knots=336
2025-09-06 13:03:19,801 - Iter 40280: obj=-1133.701761, change=2.87e-06, α=0.000, ‖θ[1:]‖₁=13.786, h_range=[4.91e+00, 2.83e+01], num_knots=336
2025-09-06 13:03:19,917 - Iter 40290: obj=-1133.704402, change=2.87e-06, α=0.000, ‖θ[1:]‖₁=13.786, h_range=[4.91e+00, 2.83e+01], num_knots=336
2025-09-06 13:03:20,019 - Iter 40300: obj=-1133.707044, change=2.87e-06, α=0.000, ‖θ[1:]‖₁=13.786, h_range=[4.91e+00, 2.83e+01], num_knots=336
2025-09-06 13:03:20,138 - Iter 40310: obj=-1133.709685, change=2.87e-06, α=0.000, ‖θ[1:]‖₁=13.786, h_range=[4.91e+00, 2.83e+01], num_knots=336
2025-09-06 13:03:20,249 - Iter 40320: obj=-1133.712326, change=2.87e-06, α=0.000, ‖θ[1:]‖₁=13.786, h_range=[4.91e+00, 2.83e+01], num_knots=336
2025-09-06 13:03:20,356 - Iter 40330: obj=-1133.714967, change=2.87e-06, α=0.000, ‖θ[1:]‖₁=13.786, h_range=[4.91e+00, 2.83e+01], num_knots=336
2025-09-06 13:03:20,469 - Iter 40340: obj=-1133.717608, change=2.87e-06, α=0.000, ‖θ[1:]‖₁=13.786, h_range=[4.91e+00, 2.83e+01], num_knots=336
2025-09-06 13:03:20,561 - Iter 40350: obj=-1133.720249, change=2.87e-06, α=0.000, ‖θ[1:]‖₁=13.787, h_range=[4.91e+00, 2.83e+01], num_knots=336
2025-09-06 13:03:20,641 - Iter 40360: obj=-1133.722890, change=2.87e-06, α=0.000, ‖θ[1:]‖₁=13.787, h_range=[4.91e+00, 2.83e+01], num_knots=336
2025-09-06 13:03:20,746 - Iter 40370: obj=-1133.725531, change=2.87e-06, α=0.000, ‖θ[1:]‖₁=13.787, h_range=[4.91e+00, 2.83e+01], num_knots=336
2025-09-06 13:03:20,828 - Iter 40380: obj=-1133.728172, change=2.87e-06, α=0.000, ‖θ[1:]‖₁=13.787, h_range=[4.91e+00, 2.83e+01], num_knots=336
2025-09-06 13:03:20,924 - Iter 40390: obj=-1133.730812, change=2.87e-06, α=0.000, ‖θ[1:]‖₁=13.787, h_range=[4.91e+00, 2.83e+01], num_knots=336
2025-09-06 13:03:21,038 - Iter 40400: obj=-1133.733453, change=2.87e-06, α=0.000, ‖θ[1:]‖₁=13.787, h_range=[4.91e+00, 2.83e+01], num_knots=336
2025-09-06 13:03:21,141 - Iter 40410: obj=-1133.736093, change=2.87e-06, α=0.000, ‖θ[1:]‖₁=13.787, h_range=[4.91e+00, 2.83e+01], num_knots=336
2025-09-06 13:03:21,263 - Iter 40420: obj=-1133.738733, change=2.87e-06, α=0.000, ‖θ[1:]‖₁=13.787, h_range=[4.91e+00, 2.83e+01], num_knots=336
2025-09-06 13:03:21,359 - Iter 40430: obj=-1133.741373, change=2.87e-06, α=0.000, ‖θ[1:]‖₁=13.787, h_range=[4.91e+00, 2.83e+01], num_knots=336
2025-09-06 13:03:21,476 - Iter 40440: obj=-1133.744013, change=2.87e-06, α=0.000, ‖θ[1:]‖₁=13.787, h_range=[4.91e+00, 2.83e+01], num_knots=336
2025-09-06 13:03:21,568 - Iter 40450: obj=-1133.746653, change=2.87e-06, α=0.000, ‖θ[1:]‖₁=13.787, h_range=[4.91e+00, 2.83e+01], num_knots=336
2025-09-06 13:03:21,674 - Iter 40460: obj=-1133.749293, change=2.87e-06, α=0.000, ‖θ[1:]‖₁=13.787, h_range=[4.91e+00, 2.83e+01], num_knots=336
2025-09-06 13:03:21,795 - Iter 40470: obj=-1133.751933, change=2.87e-06, α=0.000, ‖θ[1:]‖₁=13.787, h_range=[4.91e+00, 2.83e+01], num_knots=336
2025-09-06 13:03:21,892 - Iter 40480: obj=-1133.754573, change=2.87e-06, α=0.000, ‖θ[1:]‖₁=13.787, h_range=[4.91e+00, 2.83e+01], num_knots=336
2025-09-06 13:03:21,995 - Iter 40490: obj=-1133.757213, change=2.87e-06, α=0.000, ‖θ[1:]‖₁=13.787, h_range=[4.91e+00, 2.83e+01], num_knots=336
2025-09-06 13:03:22,099 - Iter 40500: obj=-1133.759852, change=2.87e-06, α=0.000, ‖θ[1:]‖₁=13.787, h_range=[4.91e+00, 2.83e+01], num_knots=336
2025-09-06 13:03:22,219 - Iter 40510: obj=-1133.762492, change=2.87e-06, α=0.000, ‖θ[1:]‖₁=13.787, h_range=[4.91e+00, 2.83e+01], num_knots=336
2025-09-06 13:03:22,329 - Iter 40520: obj=-1133.765131, change=2.87e-06, α=0.000, ‖θ[1:]‖₁=13.787, h_range=[4.91e+00, 2.83e+01], num_knots=336
2025-09-06 13:03:22,437 - Iter 40530: obj=-1133.767770, change=2.87e-06, α=0.000, ‖θ[1:]‖₁=13.787, h_range=[4.91e+00, 2.83e+01], num_knots=336
2025-09-06 13:03:22,553 - Iter 40540: obj=-1133.770389, change=2.87e-06, α=0.000, ‖θ[1:]‖₁=13.787, h_range=[4.91e+00, 2.83e+01], num_knots=335
2025-09-06 13:03:22,686 - Iter 40550: obj=-1133.772996, change=2.87e-06, α=0.000, ‖θ[1:]‖₁=13.787, h_range=[4.91e+00, 2.83e+01], num_knots=335
2025-09-06 13:03:22,818 - Iter 40560: obj=-1133.775604, change=2.87e-06, α=0.000, ‖θ[1:]‖₁=13.787, h_range=[4.91e+00, 2.83e+01], num_knots=335
2025-09-06 13:03:22,902 - Iter 40570: obj=-1133.778211, change=2.87e-06, α=0.000, ‖θ[1:]‖₁=13.787, h_range=[4.91e+00, 2.83e+01], num_knots=335
2025-09-06 13:03:23,003 - Iter 40580: obj=-1133.780818, change=2.87e-06, α=0.000, ‖θ[1:]‖₁=13.787, h_range=[4.91e+00, 2.83e+01], num_knots=335
2025-09-06 13:03:23,139 - Iter 40590: obj=-1133.783425, change=2.87e-06, α=0.000, ‖θ[1:]‖₁=13.787, h_range=[4.91e+00, 2.83e+01], num_knots=335
2025-09-06 13:03:23,255 - Iter 40600: obj=-1133.786032, change=2.87e-06, α=0.000, ‖θ[1:]‖₁=13.787, h_range=[4.91e+00, 2.83e+01], num_knots=335
2025-09-06 13:03:23,358 - Iter 40610: obj=-1133.788639, change=2.87e-06, α=0.000, ‖θ[1:]‖₁=13.787, h_range=[4.91e+00, 2.83e+01], num_knots=335
2025-09-06 13:03:23,469 - Iter 40620: obj=-1133.791246, change=2.87e-06, α=0.000, ‖θ[1:]‖₁=13.787, h_range=[4.91e+00, 2.83e+01], num_knots=335
2025-09-06 13:03:23,584 - Iter 40630: obj=-1133.793851, change=2.87e-06, α=0.000, ‖θ[1:]‖₁=13.787, h_range=[4.91e+00, 2.83e+01], num_knots=334
2025-09-06 13:03:23,699 - Iter 40640: obj=-1133.796444, change=2.86e-06, α=0.000, ‖θ[1:]‖₁=13.787, h_range=[4.91e+00, 2.83e+01], num_knots=334
2025-09-06 13:03:23,825 - Iter 40650: obj=-1133.799036, change=2.86e-06, α=0.000, ‖θ[1:]‖₁=13.787, h_range=[4.91e+00, 2.83e+01], num_knots=334
2025-09-06 13:03:23,954 - Iter 40660: obj=-1133.801629, change=2.86e-06, α=0.000, ‖θ[1:]‖₁=13.787, h_range=[4.91e+00, 2.83e+01], num_knots=334
2025-09-06 13:03:24,082 - Iter 40670: obj=-1133.804221, change=2.86e-06, α=0.000, ‖θ[1:]‖₁=13.787, h_range=[4.91e+00, 2.83e+01], num_knots=334
2025-09-06 13:03:24,194 - Iter 40680: obj=-1133.806814, change=2.86e-06, α=0.000, ‖θ[1:]‖₁=13.787, h_range=[4.91e+00, 2.83e+01], num_knots=334
2025-09-06 13:03:24,324 - Iter 40690: obj=-1133.809385, change=2.86e-06, α=0.000, ‖θ[1:]‖₁=13.787, h_range=[4.91e+00, 2.83e+01], num_knots=333
2025-09-06 13:03:24,407 - Iter 40700: obj=-1133.811937, change=2.86e-06, α=0.000, ‖θ[1:]‖₁=13.787, h_range=[4.91e+00, 2.83e+01], num_knots=333
2025-09-06 13:03:24,540 - Iter 40710: obj=-1133.814487, change=2.86e-06, α=0.000, ‖θ[1:]‖₁=13.787, h_range=[4.91e+00, 2.83e+01], num_knots=333
2025-09-06 13:03:24,649 - Iter 40720: obj=-1133.817038, change=2.85e-06, α=0.000, ‖θ[1:]‖₁=13.787, h_range=[4.91e+00, 2.83e+01], num_knots=333
2025-09-06 13:03:24,764 - Iter 40730: obj=-1133.819589, change=2.85e-06, α=0.000, ‖θ[1:]‖₁=13.787, h_range=[4.91e+00, 2.83e+01], num_knots=333
2025-09-06 13:03:24,885 - Iter 40740: obj=-1133.822139, change=2.85e-06, α=0.000, ‖θ[1:]‖₁=13.788, h_range=[4.91e+00, 2.83e+01], num_knots=333
2025-09-06 13:03:24,973 - Iter 40750: obj=-1133.824689, change=2.85e-06, α=0.000, ‖θ[1:]‖₁=13.788, h_range=[4.91e+00, 2.83e+01], num_knots=333
2025-09-06 13:03:25,091 - Iter 40760: obj=-1133.827239, change=2.85e-06, α=0.000, ‖θ[1:]‖₁=13.788, h_range=[4.91e+00, 2.83e+01], num_knots=333
2025-09-06 13:03:25,194 - Iter 40770: obj=-1133.829789, change=2.85e-06, α=0.000, ‖θ[1:]‖₁=13.788, h_range=[4.91e+00, 2.83e+01], num_knots=333
2025-09-06 13:03:25,293 - Iter 40780: obj=-1133.832339, change=2.84e-06, α=0.000, ‖θ[1:]‖₁=13.788, h_range=[4.91e+00, 2.83e+01], num_knots=333
2025-09-06 13:03:25,374 - Iter 40790: obj=-1133.834888, change=2.84e-06, α=0.000, ‖θ[1:]‖₁=13.788, h_range=[4.91e+00, 2.83e+01], num_knots=333
2025-09-06 13:03:25,491 - Iter 40800: obj=-1133.837437, change=2.84e-06, α=0.000, ‖θ[1:]‖₁=13.788, h_range=[4.91e+00, 2.83e+01], num_knots=333
2025-09-06 13:03:25,588 - Iter 40810: obj=-1133.839987, change=2.84e-06, α=0.000, ‖θ[1:]‖₁=13.788, h_range=[4.91e+00, 2.83e+01], num_knots=333
2025-09-06 13:03:25,698 - Iter 40820: obj=-1133.842536, change=2.84e-06, α=0.000, ‖θ[1:]‖₁=13.788, h_range=[4.91e+00, 2.83e+01], num_knots=333
2025-09-06 13:03:25,801 - Iter 40830: obj=-1133.845084, change=2.83e-06, α=0.000, ‖θ[1:]‖₁=13.788, h_range=[4.91e+00, 2.83e+01], num_knots=333
2025-09-06 13:03:25,915 - Iter 40840: obj=-1133.847633, change=2.83e-06, α=0.000, ‖θ[1:]‖₁=13.788, h_range=[4.91e+00, 2.83e+01], num_knots=333
2025-09-06 13:03:26,036 - Iter 40850: obj=-1133.850182, change=2.83e-06, α=0.000, ‖θ[1:]‖₁=13.788, h_range=[4.91e+00, 2.83e+01], num_knots=333
2025-09-06 13:03:26,164 - Iter 40860: obj=-1133.852730, change=2.83e-06, α=0.000, ‖θ[1:]‖₁=13.788, h_range=[4.91e+00, 2.83e+01], num_knots=333
2025-09-06 13:03:26,260 - Iter 40870: obj=-1133.855278, change=2.83e-06, α=0.000, ‖θ[1:]‖₁=13.788, h_range=[4.91e+00, 2.83e+01], num_knots=333
2025-09-06 13:03:26,364 - Iter 40880: obj=-1133.857827, change=2.83e-06, α=0.000, ‖θ[1:]‖₁=13.788, h_range=[4.91e+00, 2.83e+01], num_knots=333
2025-09-06 13:03:26,472 - Iter 40890: obj=-1133.860374, change=2.83e-06, α=0.000, ‖θ[1:]‖₁=13.788, h_range=[4.91e+00, 2.83e+01], num_knots=333
2025-09-06 13:03:26,591 - Iter 40900: obj=-1133.862922, change=2.82e-06, α=0.000, ‖θ[1:]‖₁=13.788, h_range=[4.91e+00, 2.83e+01], num_knots=333
2025-09-06 13:03:26,723 - Iter 40910: obj=-1133.865470, change=2.82e-06, α=0.000, ‖θ[1:]‖₁=13.788, h_range=[4.91e+00, 2.83e+01], num_knots=333
2025-09-06 13:03:26,855 - Iter 40920: obj=-1133.868018, change=2.82e-06, α=0.000, ‖θ[1:]‖₁=13.788, h_range=[4.91e+00, 2.83e+01], num_knots=333
2025-09-06 13:03:26,964 - Iter 40930: obj=-1133.870565, change=2.82e-06, α=0.000, ‖θ[1:]‖₁=13.788, h_range=[4.91e+00, 2.83e+01], num_knots=333
2025-09-06 13:03:27,075 - Iter 40940: obj=-1133.873112, change=2.82e-06, α=0.000, ‖θ[1:]‖₁=13.788, h_range=[4.91e+00, 2.83e+01], num_knots=333
2025-09-06 13:03:27,181 - Iter 40950: obj=-1133.875660, change=2.82e-06, α=0.000, ‖θ[1:]‖₁=13.788, h_range=[4.91e+00, 2.83e+01], num_knots=333
2025-09-06 13:03:27,295 - Iter 40960: obj=-1133.878207, change=2.82e-06, α=0.000, ‖θ[1:]‖₁=13.789, h_range=[4.91e+00, 2.83e+01], num_knots=333
2025-09-06 13:03:27,392 - Iter 40970: obj=-1133.880753, change=2.81e-06, α=0.000, ‖θ[1:]‖₁=13.789, h_range=[4.91e+00, 2.83e+01], num_knots=333
2025-09-06 13:03:27,489 - Iter 40980: obj=-1133.883300, change=2.81e-06, α=0.000, ‖θ[1:]‖₁=13.789, h_range=[4.91e+00, 2.83e+01], num_knots=333
2025-09-06 13:03:27,610 - Iter 40990: obj=-1133.885847, change=2.81e-06, α=0.000, ‖θ[1:]‖₁=13.789, h_range=[4.91e+00, 2.83e+01], num_knots=333
2025-09-06 13:03:27,730 - Iter 41000: obj=-1133.888393, change=2.81e-06, α=0.000, ‖θ[1:]‖₁=13.789, h_range=[4.91e+00, 2.83e+01], num_knots=333
2025-09-06 13:03:27,849 - Iter 41010: obj=-1133.890940, change=2.81e-06, α=0.000, ‖θ[1:]‖₁=13.789, h_range=[4.91e+00, 2.83e+01], num_knots=333
2025-09-06 13:03:27,945 - Iter 41020: obj=-1133.893486, change=2.81e-06, α=0.000, ‖θ[1:]‖₁=13.789, h_range=[4.91e+00, 2.83e+01], num_knots=333
2025-09-06 13:03:28,029 - Iter 41030: obj=-1133.896032, change=2.81e-06, α=0.000, ‖θ[1:]‖₁=13.789, h_range=[4.91e+00, 2.83e+01], num_knots=333
2025-09-06 13:03:28,118 - Iter 41040: obj=-1133.898578, change=2.81e-06, α=0.000, ‖θ[1:]‖₁=13.789, h_range=[4.91e+00, 2.83e+01], num_knots=333
2025-09-06 13:03:28,220 - Iter 41050: obj=-1133.901124, change=2.80e-06, α=0.000, ‖θ[1:]‖₁=13.789, h_range=[4.91e+00, 2.83e+01], num_knots=333
2025-09-06 13:03:28,317 - Iter 41060: obj=-1133.903670, change=2.80e-06, α=0.000, ‖θ[1:]‖₁=13.789, h_range=[4.91e+00, 2.83e+01], num_knots=333
2025-09-06 13:03:28,428 - Iter 41070: obj=-1133.906216, change=2.80e-06, α=0.000, ‖θ[1:]‖₁=13.789, h_range=[4.91e+00, 2.83e+01], num_knots=333
2025-09-06 13:03:28,529 - Iter 41080: obj=-1133.908761, change=2.80e-06, α=0.000, ‖θ[1:]‖₁=13.789, h_range=[4.91e+00, 2.83e+01], num_knots=333
2025-09-06 13:03:28,649 - Iter 41090: obj=-1133.911307, change=2.80e-06, α=0.000, ‖θ[1:]‖₁=13.789, h_range=[4.91e+00, 2.83e+01], num_knots=333
2025-09-06 13:03:28,766 - Iter 41100: obj=-1133.913852, change=2.80e-06, α=0.000, ‖θ[1:]‖₁=13.789, h_range=[4.91e+00, 2.83e+01], num_knots=333
2025-09-06 13:03:28,857 - Iter 41110: obj=-1133.916397, change=2.80e-06, α=0.000, ‖θ[1:]‖₁=13.789, h_range=[4.91e+00, 2.83e+01], num_knots=333
2025-09-06 13:03:28,959 - Iter 41120: obj=-1133.918943, change=2.80e-06, α=0.000, ‖θ[1:]‖₁=13.789, h_range=[4.91e+00, 2.83e+01], num_knots=333
2025-09-06 13:03:29,059 - Iter 41130: obj=-1133.921488, change=2.80e-06, α=0.000, ‖θ[1:]‖₁=13.789, h_range=[4.91e+00, 2.83e+01], num_knots=333
2025-09-06 13:03:29,179 - Iter 41140: obj=-1133.924033, change=2.79e-06, α=0.000, ‖θ[1:]‖₁=13.789, h_range=[4.91e+00, 2.83e+01], num_knots=333
2025-09-06 13:03:29,284 - Iter 41150: obj=-1133.926577, change=2.79e-06, α=0.000, ‖θ[1:]‖₁=13.789, h_range=[4.91e+00, 2.83e+01], num_knots=333
2025-09-06 13:03:29,392 - Iter 41160: obj=-1133.929122, change=2.79e-06, α=0.000, ‖θ[1:]‖₁=13.789, h_range=[4.91e+00, 2.83e+01], num_knots=333
2025-09-06 13:03:29,518 - Iter 41170: obj=-1133.931667, change=2.79e-06, α=0.000, ‖θ[1:]‖₁=13.789, h_range=[4.91e+00, 2.83e+01], num_knots=333
2025-09-06 13:03:29,626 - Iter 41180: obj=-1133.934211, change=2.79e-06, α=0.000, ‖θ[1:]‖₁=13.789, h_range=[4.91e+00, 2.83e+01], num_knots=333
2025-09-06 13:03:29,741 - Iter 41190: obj=-1133.936755, change=2.79e-06, α=0.000, ‖θ[1:]‖₁=13.789, h_range=[4.91e+00, 2.83e+01], num_knots=333
2025-09-06 13:03:29,834 - Iter 41200: obj=-1133.939288, change=2.79e-06, α=0.000, ‖θ[1:]‖₁=13.789, h_range=[4.91e+00, 2.83e+01], num_knots=332
2025-09-06 13:03:29,920 - Iter 41210: obj=-1133.941812, change=2.79e-06, α=0.000, ‖θ[1:]‖₁=13.789, h_range=[4.91e+00, 2.83e+01], num_knots=332
2025-09-06 13:03:30,025 - Iter 41220: obj=-1133.944337, change=2.79e-06, α=0.000, ‖θ[1:]‖₁=13.789, h_range=[4.91e+00, 2.83e+01], num_knots=332
2025-09-06 13:03:30,129 - Iter 41230: obj=-1133.946861, change=2.79e-06, α=0.000, ‖θ[1:]‖₁=13.789, h_range=[4.91e+00, 2.83e+01], num_knots=332
2025-09-06 13:03:30,257 - Iter 41240: obj=-1133.949385, change=2.78e-06, α=0.000, ‖θ[1:]‖₁=13.789, h_range=[4.91e+00, 2.83e+01], num_knots=332
2025-09-06 13:03:30,354 - Iter 41250: obj=-1133.951909, change=2.78e-06, α=0.000, ‖θ[1:]‖₁=13.789, h_range=[4.91e+00, 2.83e+01], num_knots=332
2025-09-06 13:03:30,470 - Iter 41260: obj=-1133.954433, change=2.78e-06, α=0.000, ‖θ[1:]‖₁=13.790, h_range=[4.91e+00, 2.83e+01], num_knots=332
2025-09-06 13:03:30,637 - Iter 41270: obj=-1133.956957, change=2.78e-06, α=0.000, ‖θ[1:]‖₁=13.790, h_range=[4.91e+00, 2.83e+01], num_knots=332
2025-09-06 13:03:30,734 - Iter 41280: obj=-1133.959476, change=2.78e-06, α=0.000, ‖θ[1:]‖₁=13.790, h_range=[4.91e+00, 2.83e+01], num_knots=331
2025-09-06 13:03:30,854 - Iter 41290: obj=-1133.961979, change=2.78e-06, α=0.000, ‖θ[1:]‖₁=13.790, h_range=[4.91e+00, 2.83e+01], num_knots=331
2025-09-06 13:03:30,965 - Iter 41300: obj=-1133.964481, change=2.78e-06, α=0.000, ‖θ[1:]‖₁=13.790, h_range=[4.91e+00, 2.83e+01], num_knots=331
2025-09-06 13:03:31,065 - Iter 41310: obj=-1133.966984, change=2.78e-06, α=0.000, ‖θ[1:]‖₁=13.790, h_range=[4.91e+00, 2.83e+01], num_knots=331
2025-09-06 13:03:31,172 - Iter 41320: obj=-1133.969487, change=2.78e-06, α=0.000, ‖θ[1:]‖₁=13.790, h_range=[4.91e+00, 2.83e+01], num_knots=331
2025-09-06 13:03:31,263 - Iter 41330: obj=-1133.971989, change=2.78e-06, α=0.000, ‖θ[1:]‖₁=13.790, h_range=[4.91e+00, 2.83e+01], num_knots=331
2025-09-06 13:03:31,369 - Iter 41340: obj=-1133.974491, change=2.78e-06, α=0.000, ‖θ[1:]‖₁=13.790, h_range=[4.91e+00, 2.83e+01], num_knots=331
2025-09-06 13:03:31,498 - Iter 41350: obj=-1133.976993, change=2.78e-06, α=0.000, ‖θ[1:]‖₁=13.790, h_range=[4.91e+00, 2.83e+01], num_knots=331
2025-09-06 13:03:31,596 - Iter 41360: obj=-1133.979495, change=2.77e-06, α=0.000, ‖θ[1:]‖₁=13.790, h_range=[4.91e+00, 2.83e+01], num_knots=331
2025-09-06 13:03:31,717 - Iter 41370: obj=-1133.981997, change=2.77e-06, α=0.000, ‖θ[1:]‖₁=13.790, h_range=[4.91e+00, 2.83e+01], num_knots=331
2025-09-06 13:03:31,837 - Iter 41380: obj=-1133.984498, change=2.77e-06, α=0.000, ‖θ[1:]‖₁=13.790, h_range=[4.91e+00, 2.83e+01], num_knots=331
2025-09-06 13:03:31,946 - Iter 41390: obj=-1133.987000, change=2.77e-06, α=0.000, ‖θ[1:]‖₁=13.790, h_range=[4.91e+00, 2.83e+01], num_knots=331
2025-09-06 13:03:32,045 - Iter 41400: obj=-1133.989501, change=2.77e-06, α=0.000, ‖θ[1:]‖₁=13.790, h_range=[4.91e+00, 2.83e+01], num_knots=331
2025-09-06 13:03:32,170 - Iter 41410: obj=-1133.992003, change=2.77e-06, α=0.000, ‖θ[1:]‖₁=13.790, h_range=[4.91e+00, 2.83e+01], num_knots=331
2025-09-06 13:03:32,259 - Iter 41420: obj=-1133.994504, change=2.77e-06, α=0.000, ‖θ[1:]‖₁=13.790, h_range=[4.91e+00, 2.83e+01], num_knots=331
2025-09-06 13:03:32,361 - Iter 41430: obj=-1133.997005, change=2.77e-06, α=0.000, ‖θ[1:]‖₁=13.790, h_range=[4.91e+00, 2.83e+01], num_knots=331
2025-09-06 13:03:32,474 - Iter 41440: obj=-1133.999506, change=2.77e-06, α=0.000, ‖θ[1:]‖₁=13.790, h_range=[4.91e+00, 2.83e+01], num_knots=331
2025-09-06 13:03:32,569 - Iter 41450: obj=-1134.002007, change=2.77e-06, α=0.000, ‖θ[1:]‖₁=13.790, h_range=[4.91e+00, 2.83e+01], num_knots=331
2025-09-06 13:03:32,673 - Iter 41460: obj=-1134.004508, change=2.77e-06, α=0.000, ‖θ[1:]‖₁=13.790, h_range=[4.91e+00, 2.83e+01], num_knots=331
2025-09-06 13:03:32,778 - Iter 41470: obj=-1134.007008, change=2.77e-06, α=0.000, ‖θ[1:]‖₁=13.790, h_range=[4.91e+00, 2.83e+01], num_knots=331
2025-09-06 13:03:32,870 - Iter 41480: obj=-1134.009509, change=2.77e-06, α=0.000, ‖θ[1:]‖₁=13.790, h_range=[4.91e+00, 2.83e+01], num_knots=331
2025-09-06 13:03:32,981 - Iter 41490: obj=-1134.012009, change=2.76e-06, α=0.000, ‖θ[1:]‖₁=13.790, h_range=[4.91e+00, 2.83e+01], num_knots=331
2025-09-06 13:03:33,094 - Iter 41500: obj=-1134.014509, change=2.76e-06, α=0.000, ‖θ[1:]‖₁=13.790, h_range=[4.91e+00, 2.83e+01], num_knots=331
2025-09-06 13:03:33,209 - Iter 41510: obj=-1134.017009, change=2.76e-06, α=0.000, ‖θ[1:]‖₁=13.790, h_range=[4.91e+00, 2.83e+01], num_knots=331
2025-09-06 13:03:33,327 - Iter 41520: obj=-1134.019510, change=2.76e-06, α=0.000, ‖θ[1:]‖₁=13.790, h_range=[4.91e+00, 2.83e+01], num_knots=331
2025-09-06 13:03:33,420 - Iter 41530: obj=-1134.022009, change=2.76e-06, α=0.000, ‖θ[1:]‖₁=13.790, h_range=[4.91e+00, 2.83e+01], num_knots=331
2025-09-06 13:03:33,512 - Iter 41540: obj=-1134.024509, change=2.76e-06, α=0.000, ‖θ[1:]‖₁=13.790, h_range=[4.91e+00, 2.83e+01], num_knots=331
2025-09-06 13:03:33,642 - Iter 41550: obj=-1134.027009, change=2.76e-06, α=0.000, ‖θ[1:]‖₁=13.791, h_range=[4.91e+00, 2.83e+01], num_knots=331
2025-09-06 13:03:33,763 - Iter 41560: obj=-1134.029509, change=2.76e-06, α=0.000, ‖θ[1:]‖₁=13.791, h_range=[4.91e+00, 2.83e+01], num_knots=331
2025-09-06 13:03:33,889 - Iter 41570: obj=-1134.032008, change=2.76e-06, α=0.000, ‖θ[1:]‖₁=13.791, h_range=[4.91e+00, 2.83e+01], num_knots=331
2025-09-06 13:03:33,985 - Iter 41580: obj=-1134.034507, change=2.76e-06, α=0.000, ‖θ[1:]‖₁=13.791, h_range=[4.91e+00, 2.83e+01], num_knots=331
2025-09-06 13:03:34,097 - Iter 41590: obj=-1134.037007, change=2.76e-06, α=0.000, ‖θ[1:]‖₁=13.791, h_range=[4.91e+00, 2.83e+01], num_knots=331
2025-09-06 13:03:34,211 - Iter 41600: obj=-1134.039506, change=2.76e-06, α=0.000, ‖θ[1:]‖₁=13.791, h_range=[4.91e+00, 2.83e+01], num_knots=331
2025-09-06 13:03:34,317 - Iter 41610: obj=-1134.042005, change=2.76e-06, α=0.000, ‖θ[1:]‖₁=13.791, h_range=[4.91e+00, 2.83e+01], num_knots=331
2025-09-06 13:03:34,432 - Iter 41620: obj=-1134.044504, change=2.76e-06, α=0.000, ‖θ[1:]‖₁=13.791, h_range=[4.91e+00, 2.83e+01], num_knots=331
2025-09-06 13:03:34,606 - Iter 41630: obj=-1134.047003, change=2.76e-06, α=0.000, ‖θ[1:]‖₁=13.791, h_range=[4.91e+00, 2.83e+01], num_knots=331
2025-09-06 13:03:34,708 - Iter 41640: obj=-1134.049501, change=2.75e-06, α=0.000, ‖θ[1:]‖₁=13.791, h_range=[4.91e+00, 2.83e+01], num_knots=331
2025-09-06 13:03:34,823 - Iter 41650: obj=-1134.052000, change=2.75e-06, α=0.000, ‖θ[1:]‖₁=13.791, h_range=[4.91e+00, 2.83e+01], num_knots=331
2025-09-06 13:03:34,916 - Iter 41660: obj=-1134.054499, change=2.75e-06, α=0.000, ‖θ[1:]‖₁=13.791, h_range=[4.91e+00, 2.83e+01], num_knots=331
2025-09-06 13:03:35,023 - Iter 41670: obj=-1134.056997, change=2.75e-06, α=0.000, ‖θ[1:]‖₁=13.791, h_range=[4.91e+00, 2.83e+01], num_knots=331
2025-09-06 13:03:35,137 - Iter 41680: obj=-1134.059495, change=2.75e-06, α=0.000, ‖θ[1:]‖₁=13.791, h_range=[4.91e+00, 2.83e+01], num_knots=331
2025-09-06 13:03:35,242 - Iter 41690: obj=-1134.061994, change=2.75e-06, α=0.000, ‖θ[1:]‖₁=13.791, h_range=[4.91e+00, 2.83e+01], num_knots=331
2025-09-06 13:03:35,339 - Iter 41700: obj=-1134.064492, change=2.75e-06, α=0.000, ‖θ[1:]‖₁=13.791, h_range=[4.90e+00, 2.83e+01], num_knots=331
2025-09-06 13:03:35,438 - Iter 41710: obj=-1134.066990, change=2.75e-06, α=0.000, ‖θ[1:]‖₁=13.791, h_range=[4.90e+00, 2.83e+01], num_knots=331
2025-09-06 13:03:35,531 - Iter 41720: obj=-1134.069488, change=2.75e-06, α=0.000, ‖θ[1:]‖₁=13.791, h_range=[4.90e+00, 2.83e+01], num_knots=331
2025-09-06 13:03:35,660 - Iter 41730: obj=-1134.071985, change=2.75e-06, α=0.000, ‖θ[1:]‖₁=13.791, h_range=[4.90e+00, 2.83e+01], num_knots=331
2025-09-06 13:03:35,762 - Iter 41740: obj=-1134.074483, change=2.75e-06, α=0.000, ‖θ[1:]‖₁=13.791, h_range=[4.90e+00, 2.83e+01], num_knots=331
2025-09-06 13:03:35,876 - Iter 41750: obj=-1134.076981, change=2.75e-06, α=0.000, ‖θ[1:]‖₁=13.791, h_range=[4.90e+00, 2.83e+01], num_knots=331
2025-09-06 13:03:35,985 - Iter 41760: obj=-1134.079469, change=2.75e-06, α=0.000, ‖θ[1:]‖₁=13.791, h_range=[4.90e+00, 2.83e+01], num_knots=330
2025-09-06 13:03:36,092 - Iter 41770: obj=-1134.081954, change=2.75e-06, α=0.000, ‖θ[1:]‖₁=13.791, h_range=[4.90e+00, 2.83e+01], num_knots=330
2025-09-06 13:03:36,185 - Iter 41780: obj=-1134.084434, change=2.74e-06, α=0.000, ‖θ[1:]‖₁=13.791, h_range=[4.90e+00, 2.83e+01], num_knots=329
2025-09-06 13:03:36,285 - Iter 41790: obj=-1134.086906, change=2.74e-06, α=0.000, ‖θ[1:]‖₁=13.791, h_range=[4.90e+00, 2.83e+01], num_knots=329
2025-09-06 13:03:36,396 - Iter 41800: obj=-1134.089377, change=2.74e-06, α=0.000, ‖θ[1:]‖₁=13.791, h_range=[4.90e+00, 2.83e+01], num_knots=329
2025-09-06 13:03:36,499 - Iter 41810: obj=-1134.091849, change=2.74e-06, α=0.000, ‖θ[1:]‖₁=13.791, h_range=[4.90e+00, 2.83e+01], num_knots=329
2025-09-06 13:03:36,588 - Iter 41820: obj=-1134.094320, change=2.74e-06, α=0.000, ‖θ[1:]‖₁=13.791, h_range=[4.90e+00, 2.83e+01], num_knots=329
2025-09-06 13:03:36,691 - Iter 41830: obj=-1134.096791, change=2.74e-06, α=0.000, ‖θ[1:]‖₁=13.791, h_range=[4.90e+00, 2.83e+01], num_knots=329
2025-09-06 13:03:36,797 - Iter 41840: obj=-1134.099261, change=2.74e-06, α=0.000, ‖θ[1:]‖₁=13.791, h_range=[4.90e+00, 2.83e+01], num_knots=329
2025-09-06 13:03:36,901 - Iter 41850: obj=-1134.101732, change=2.74e-06, α=0.000, ‖θ[1:]‖₁=13.791, h_range=[4.90e+00, 2.83e+01], num_knots=329
2025-09-06 13:03:37,002 - Iter 41860: obj=-1134.104203, change=2.74e-06, α=0.000, ‖θ[1:]‖₁=13.791, h_range=[4.90e+00, 2.83e+01], num_knots=329
2025-09-06 13:03:37,091 - Iter 41870: obj=-1134.106673, change=2.73e-06, α=0.000, ‖θ[1:]‖₁=13.791, h_range=[4.90e+00, 2.83e+01], num_knots=329
2025-09-06 13:03:37,184 - Iter 41880: obj=-1134.109143, change=2.73e-06, α=0.000, ‖θ[1:]‖₁=13.792, h_range=[4.90e+00, 2.83e+01], num_knots=329
2025-09-06 13:03:37,289 - Iter 41890: obj=-1134.111614, change=2.73e-06, α=0.000, ‖θ[1:]‖₁=13.792, h_range=[4.90e+00, 2.83e+01], num_knots=329
2025-09-06 13:03:37,395 - Iter 41900: obj=-1134.114084, change=2.73e-06, α=0.000, ‖θ[1:]‖₁=13.792, h_range=[4.90e+00, 2.83e+01], num_knots=329
2025-09-06 13:03:37,496 - Iter 41910: obj=-1134.116554, change=2.73e-06, α=0.000, ‖θ[1:]‖₁=13.792, h_range=[4.90e+00, 2.83e+01], num_knots=329
2025-09-06 13:03:37,588 - Iter 41920: obj=-1134.119024, change=2.73e-06, α=0.000, ‖θ[1:]‖₁=13.792, h_range=[4.90e+00, 2.83e+01], num_knots=329
2025-09-06 13:03:37,680 - Iter 41930: obj=-1134.121493, change=2.73e-06, α=0.000, ‖θ[1:]‖₁=13.792, h_range=[4.90e+00, 2.83e+01], num_knots=329
2025-09-06 13:03:37,785 - Iter 41940: obj=-1134.123963, change=2.73e-06, α=0.000, ‖θ[1:]‖₁=13.792, h_range=[4.90e+00, 2.83e+01], num_knots=329
2025-09-06 13:03:37,879 - Iter 41950: obj=-1134.126432, change=2.73e-06, α=0.000, ‖θ[1:]‖₁=13.792, h_range=[4.90e+00, 2.83e+01], num_knots=329
2025-09-06 13:03:37,979 - Iter 41960: obj=-1134.128902, change=2.73e-06, α=0.000, ‖θ[1:]‖₁=13.792, h_range=[4.90e+00, 2.83e+01], num_knots=329
2025-09-06 13:03:38,063 - Iter 41970: obj=-1134.131371, change=2.73e-06, α=0.000, ‖θ[1:]‖₁=13.792, h_range=[4.90e+00, 2.83e+01], num_knots=329
2025-09-06 13:03:38,191 - Iter 41980: obj=-1134.133840, change=2.72e-06, α=0.000, ‖θ[1:]‖₁=13.792, h_range=[4.90e+00, 2.83e+01], num_knots=329
2025-09-06 13:03:38,301 - Iter 41990: obj=-1134.136309, change=2.72e-06, α=0.000, ‖θ[1:]‖₁=13.792, h_range=[4.90e+00, 2.83e+01], num_knots=329
2025-09-06 13:03:38,431 - Iter 42000: obj=-1134.138778, change=2.72e-06, α=0.000, ‖θ[1:]‖₁=13.792, h_range=[4.90e+00, 2.83e+01], num_knots=329
2025-09-06 13:03:38,539 - Iter 42010: obj=-1134.141247, change=2.72e-06, α=0.000, ‖θ[1:]‖₁=13.792, h_range=[4.90e+00, 2.83e+01], num_knots=329
2025-09-06 13:03:38,654 - Iter 42020: obj=-1134.143716, change=2.72e-06, α=0.000, ‖θ[1:]‖₁=13.792, h_range=[4.90e+00, 2.83e+01], num_knots=329
2025-09-06 13:03:38,793 - Iter 42030: obj=-1134.146185, change=2.72e-06, α=0.000, ‖θ[1:]‖₁=13.792, h_range=[4.90e+00, 2.83e+01], num_knots=329
2025-09-06 13:03:38,904 - Iter 42040: obj=-1134.148653, change=2.72e-06, α=0.000, ‖θ[1:]‖₁=13.792, h_range=[4.90e+00, 2.83e+01], num_knots=329
2025-09-06 13:03:39,010 - Iter 42050: obj=-1134.151122, change=2.72e-06, α=0.000, ‖θ[1:]‖₁=13.792, h_range=[4.90e+00, 2.83e+01], num_knots=329
2025-09-06 13:03:39,138 - Iter 42060: obj=-1134.153590, change=2.72e-06, α=0.000, ‖θ[1:]‖₁=13.792, h_range=[4.90e+00, 2.83e+01], num_knots=329
2025-09-06 13:03:39,250 - Iter 42070: obj=-1134.156058, change=2.72e-06, α=0.000, ‖θ[1:]‖₁=13.792, h_range=[4.90e+00, 2.83e+01], num_knots=329
2025-09-06 13:03:39,376 - Iter 42080: obj=-1134.158527, change=2.72e-06, α=0.000, ‖θ[1:]‖₁=13.792, h_range=[4.90e+00, 2.83e+01], num_knots=329
2025-09-06 13:03:39,479 - Iter 42090: obj=-1134.160995, change=2.72e-06, α=0.000, ‖θ[1:]‖₁=13.792, h_range=[4.90e+00, 2.83e+01], num_knots=329
2025-09-06 13:03:39,616 - Iter 42100: obj=-1134.163463, change=2.72e-06, α=0.000, ‖θ[1:]‖₁=13.792, h_range=[4.90e+00, 2.83e+01], num_knots=329
2025-09-06 13:03:39,727 - Iter 42110: obj=-1134.165931, change=2.71e-06, α=0.000, ‖θ[1:]‖₁=13.792, h_range=[4.90e+00, 2.83e+01], num_knots=329
2025-09-06 13:03:39,861 - Iter 42120: obj=-1134.168398, change=2.71e-06, α=0.000, ‖θ[1:]‖₁=13.792, h_range=[4.90e+00, 2.83e+01], num_knots=329
2025-09-06 13:03:40,002 - Iter 42130: obj=-1134.170866, change=2.71e-06, α=0.000, ‖θ[1:]‖₁=13.792, h_range=[4.90e+00, 2.83e+01], num_knots=329
2025-09-06 13:03:40,113 - Iter 42140: obj=-1134.173331, change=2.71e-06, α=0.000, ‖θ[1:]‖₁=13.792, h_range=[4.90e+00, 2.83e+01], num_knots=328
2025-09-06 13:03:40,243 - Iter 42150: obj=-1134.175792, change=2.71e-06, α=0.000, ‖θ[1:]‖₁=13.792, h_range=[4.90e+00, 2.83e+01], num_knots=328
2025-09-06 13:03:40,335 - Iter 42160: obj=-1134.178252, change=2.71e-06, α=0.000, ‖θ[1:]‖₁=13.792, h_range=[4.90e+00, 2.83e+01], num_knots=328
2025-09-06 13:03:40,438 - Iter 42170: obj=-1134.180713, change=2.71e-06, α=0.000, ‖θ[1:]‖₁=13.792, h_range=[4.90e+00, 2.83e+01], num_knots=328
2025-09-06 13:03:40,546 - Iter 42180: obj=-1134.183173, change=2.71e-06, α=0.000, ‖θ[1:]‖₁=13.792, h_range=[4.90e+00, 2.83e+01], num_knots=328
2025-09-06 13:03:40,650 - Iter 42190: obj=-1134.185633, change=2.71e-06, α=0.000, ‖θ[1:]‖₁=13.792, h_range=[4.90e+00, 2.83e+01], num_knots=328
2025-09-06 13:03:40,749 - Iter 42200: obj=-1134.188093, change=2.71e-06, α=0.000, ‖θ[1:]‖₁=13.792, h_range=[4.90e+00, 2.83e+01], num_knots=328
2025-09-06 13:03:40,850 - Iter 42210: obj=-1134.190553, change=2.71e-06, α=0.000, ‖θ[1:]‖₁=13.792, h_range=[4.90e+00, 2.83e+01], num_knots=328
2025-09-06 13:03:40,961 - Iter 42220: obj=-1134.193013, change=2.71e-06, α=0.000, ‖θ[1:]‖₁=13.792, h_range=[4.90e+00, 2.83e+01], num_knots=328
2025-09-06 13:03:41,062 - Iter 42230: obj=-1134.195473, change=2.71e-06, α=0.000, ‖θ[1:]‖₁=13.793, h_range=[4.90e+00, 2.83e+01], num_knots=328
2025-09-06 13:03:41,194 - Iter 42240: obj=-1134.197933, change=2.71e-06, α=0.000, ‖θ[1:]‖₁=13.793, h_range=[4.90e+00, 2.83e+01], num_knots=328
2025-09-06 13:03:41,322 - Iter 42250: obj=-1134.200392, change=2.71e-06, α=0.000, ‖θ[1:]‖₁=13.793, h_range=[4.90e+00, 2.83e+01], num_knots=328
2025-09-06 13:03:41,428 - Iter 42260: obj=-1134.202852, change=2.71e-06, α=0.000, ‖θ[1:]‖₁=13.793, h_range=[4.90e+00, 2.83e+01], num_knots=328
2025-09-06 13:03:41,546 - Iter 42270: obj=-1134.205311, change=2.70e-06, α=0.000, ‖θ[1:]‖₁=13.793, h_range=[4.90e+00, 2.83e+01], num_knots=328
2025-09-06 13:03:41,663 - Iter 42280: obj=-1134.207771, change=2.70e-06, α=0.000, ‖θ[1:]‖₁=13.793, h_range=[4.90e+00, 2.83e+01], num_knots=328
2025-09-06 13:03:41,775 - Iter 42290: obj=-1134.210230, change=2.70e-06, α=0.000, ‖θ[1:]‖₁=13.793, h_range=[4.90e+00, 2.83e+01], num_knots=328
2025-09-06 13:03:41,883 - Iter 42300: obj=-1134.212689, change=2.70e-06, α=0.000, ‖θ[1:]‖₁=13.793, h_range=[4.90e+00, 2.83e+01], num_knots=328
2025-09-06 13:03:42,041 - Iter 42310: obj=-1134.215148, change=2.70e-06, α=0.000, ‖θ[1:]‖₁=13.793, h_range=[4.90e+00, 2.83e+01], num_knots=328
2025-09-06 13:03:42,141 - Iter 42320: obj=-1134.217607, change=2.70e-06, α=0.000, ‖θ[1:]‖₁=13.793, h_range=[4.90e+00, 2.83e+01], num_knots=328
2025-09-06 13:03:42,267 - Iter 42330: obj=-1134.220066, change=2.70e-06, α=0.000, ‖θ[1:]‖₁=13.793, h_range=[4.90e+00, 2.83e+01], num_knots=328
2025-09-06 13:03:42,396 - Iter 42340: obj=-1134.222525, change=2.70e-06, α=0.000, ‖θ[1:]‖₁=13.793, h_range=[4.90e+00, 2.83e+01], num_knots=328
2025-09-06 13:03:42,537 - Iter 42350: obj=-1134.224983, change=2.70e-06, α=0.000, ‖θ[1:]‖₁=13.793, h_range=[4.90e+00, 2.83e+01], num_knots=328
2025-09-06 13:03:42,644 - Iter 42360: obj=-1134.227442, change=2.70e-06, α=0.000, ‖θ[1:]‖₁=13.793, h_range=[4.90e+00, 2.83e+01], num_knots=328
2025-09-06 13:03:42,817 - Iter 42370: obj=-1134.229900, change=2.70e-06, α=0.000, ‖θ[1:]‖₁=13.793, h_range=[4.90e+00, 2.83e+01], num_knots=328
2025-09-06 13:03:42,929 - Iter 42380: obj=-1134.232359, change=2.70e-06, α=0.000, ‖θ[1:]‖₁=13.793, h_range=[4.90e+00, 2.83e+01], num_knots=328
2025-09-06 13:03:43,031 - Iter 42390: obj=-1134.234817, change=2.70e-06, α=0.000, ‖θ[1:]‖₁=13.793, h_range=[4.90e+00, 2.83e+01], num_knots=328
2025-09-06 13:03:43,145 - Iter 42400: obj=-1134.237275, change=2.70e-06, α=0.000, ‖θ[1:]‖₁=13.793, h_range=[4.90e+00, 2.83e+01], num_knots=328
2025-09-06 13:03:43,246 - Iter 42410: obj=-1134.239734, change=2.70e-06, α=0.000, ‖θ[1:]‖₁=13.793, h_range=[4.90e+00, 2.83e+01], num_knots=328
2025-09-06 13:03:43,352 - Iter 42420: obj=-1134.242190, change=2.70e-06, α=0.000, ‖θ[1:]‖₁=13.793, h_range=[4.90e+00, 2.83e+01], num_knots=327
2025-09-06 13:03:43,473 - Iter 42430: obj=-1134.244640, change=2.70e-06, α=0.000, ‖θ[1:]‖₁=13.793, h_range=[4.90e+00, 2.83e+01], num_knots=327
2025-09-06 13:03:43,575 - Iter 42440: obj=-1134.247089, change=2.70e-06, α=0.000, ‖θ[1:]‖₁=13.793, h_range=[4.90e+00, 2.83e+01], num_knots=327
2025-09-06 13:03:43,690 - Iter 42450: obj=-1134.249538, change=2.70e-06, α=0.000, ‖θ[1:]‖₁=13.793, h_range=[4.90e+00, 2.83e+01], num_knots=327
2025-09-06 13:03:43,806 - Iter 42460: obj=-1134.251979, change=2.70e-06, α=0.000, ‖θ[1:]‖₁=13.793, h_range=[4.90e+00, 2.83e+01], num_knots=326
2025-09-06 13:03:43,898 - Iter 42470: obj=-1134.254418, change=2.70e-06, α=0.000, ‖θ[1:]‖₁=13.793, h_range=[4.90e+00, 2.83e+01], num_knots=326
2025-09-06 13:03:44,003 - Iter 42480: obj=-1134.256856, change=2.69e-06, α=0.000, ‖θ[1:]‖₁=13.793, h_range=[4.90e+00, 2.83e+01], num_knots=326
2025-09-06 13:03:44,107 - Iter 42490: obj=-1134.259292, change=2.69e-06, α=0.000, ‖θ[1:]‖₁=13.793, h_range=[4.90e+00, 2.83e+01], num_knots=325
2025-09-06 13:03:44,220 - Iter 42500: obj=-1134.261707, change=2.69e-06, α=0.000, ‖θ[1:]‖₁=13.793, h_range=[4.90e+00, 2.83e+01], num_knots=325
2025-09-06 13:03:44,360 - Iter 42510: obj=-1134.264121, change=2.69e-06, α=0.000, ‖θ[1:]‖₁=13.793, h_range=[4.90e+00, 2.83e+01], num_knots=325
2025-09-06 13:03:44,485 - Iter 42520: obj=-1134.266535, change=2.69e-06, α=0.000, ‖θ[1:]‖₁=13.793, h_range=[4.90e+00, 2.83e+01], num_knots=325
2025-09-06 13:03:44,618 - Iter 42530: obj=-1134.268950, change=2.69e-06, α=0.000, ‖θ[1:]‖₁=13.793, h_range=[4.90e+00, 2.83e+01], num_knots=325
2025-09-06 13:03:44,744 - Iter 42540: obj=-1134.271364, change=2.69e-06, α=0.000, ‖θ[1:]‖₁=13.793, h_range=[4.90e+00, 2.83e+01], num_knots=325
2025-09-06 13:03:44,852 - Iter 42550: obj=-1134.273778, change=2.69e-06, α=0.000, ‖θ[1:]‖₁=13.793, h_range=[4.90e+00, 2.83e+01], num_knots=325
2025-09-06 13:03:44,940 - Iter 42560: obj=-1134.276191, change=2.69e-06, α=0.000, ‖θ[1:]‖₁=13.793, h_range=[4.90e+00, 2.83e+01], num_knots=325
2025-09-06 13:03:45,044 - Iter 42570: obj=-1134.278605, change=2.69e-06, α=0.000, ‖θ[1:]‖₁=13.793, h_range=[4.90e+00, 2.83e+01], num_knots=325
2025-09-06 13:03:45,145 - Iter 42580: obj=-1134.281007, change=2.69e-06, α=0.000, ‖θ[1:]‖₁=13.793, h_range=[4.90e+00, 2.83e+01], num_knots=324
2025-09-06 13:03:45,263 - Iter 42590: obj=-1134.283399, change=2.69e-06, α=0.000, ‖θ[1:]‖₁=13.794, h_range=[4.90e+00, 2.83e+01], num_knots=324
2025-09-06 13:03:45,364 - Iter 42600: obj=-1134.285790, change=2.69e-06, α=0.000, ‖θ[1:]‖₁=13.794, h_range=[4.90e+00, 2.83e+01], num_knots=324
2025-09-06 13:03:45,475 - Iter 42610: obj=-1134.288181, change=2.69e-06, α=0.000, ‖θ[1:]‖₁=13.794, h_range=[4.90e+00, 2.83e+01], num_knots=324
2025-09-06 13:03:45,577 - Iter 42620: obj=-1134.290571, change=2.69e-06, α=0.000, ‖θ[1:]‖₁=13.794, h_range=[4.90e+00, 2.83e+01], num_knots=324
2025-09-06 13:03:45,757 - Iter 42630: obj=-1134.292962, change=2.69e-06, α=0.000, ‖θ[1:]‖₁=13.794, h_range=[4.90e+00, 2.83e+01], num_knots=324
2025-09-06 13:03:45,862 - Iter 42640: obj=-1134.295352, change=2.69e-06, α=0.000, ‖θ[1:]‖₁=13.794, h_range=[4.90e+00, 2.83e+01], num_knots=324
2025-09-06 13:03:45,956 - Iter 42650: obj=-1134.297743, change=2.69e-06, α=0.000, ‖θ[1:]‖₁=13.794, h_range=[4.90e+00, 2.83e+01], num_knots=324
2025-09-06 13:03:46,066 - Iter 42660: obj=-1134.300133, change=2.69e-06, α=0.000, ‖θ[1:]‖₁=13.794, h_range=[4.90e+00, 2.83e+01], num_knots=324
2025-09-06 13:03:46,168 - Iter 42670: obj=-1134.302523, change=2.69e-06, α=0.000, ‖θ[1:]‖₁=13.794, h_range=[4.90e+00, 2.83e+01], num_knots=324
2025-09-06 13:03:46,284 - Iter 42680: obj=-1134.304913, change=2.69e-06, α=0.000, ‖θ[1:]‖₁=13.794, h_range=[4.90e+00, 2.83e+01], num_knots=324
2025-09-06 13:03:46,388 - Iter 42690: obj=-1134.307303, change=2.69e-06, α=0.000, ‖θ[1:]‖₁=13.794, h_range=[4.90e+00, 2.83e+01], num_knots=324
2025-09-06 13:03:46,489 - Iter 42700: obj=-1134.309693, change=2.69e-06, α=0.000, ‖θ[1:]‖₁=13.794, h_range=[4.90e+00, 2.83e+01], num_knots=324
2025-09-06 13:03:46,596 - Iter 42710: obj=-1134.312082, change=2.69e-06, α=0.000, ‖θ[1:]‖₁=13.794, h_range=[4.90e+00, 2.83e+01], num_knots=324
2025-09-06 13:03:46,720 - Iter 42720: obj=-1134.314472, change=2.69e-06, α=0.000, ‖θ[1:]‖₁=13.794, h_range=[4.90e+00, 2.83e+01], num_knots=324
2025-09-06 13:03:46,806 - Iter 42730: obj=-1134.316861, change=2.69e-06, α=0.000, ‖θ[1:]‖₁=13.794, h_range=[4.90e+00, 2.83e+01], num_knots=324
2025-09-06 13:03:46,924 - Iter 42740: obj=-1134.319250, change=2.69e-06, α=0.000, ‖θ[1:]‖₁=13.794, h_range=[4.90e+00, 2.83e+01], num_knots=324
2025-09-06 13:03:47,032 - Iter 42750: obj=-1134.321640, change=2.69e-06, α=0.000, ‖θ[1:]‖₁=13.794, h_range=[4.90e+00, 2.83e+01], num_knots=324
2025-09-06 13:03:47,153 - Iter 42760: obj=-1134.324025, change=2.69e-06, α=0.000, ‖θ[1:]‖₁=13.794, h_range=[4.90e+00, 2.83e+01], num_knots=323
2025-09-06 13:03:47,266 - Iter 42770: obj=-1134.326401, change=2.68e-06, α=0.000, ‖θ[1:]‖₁=13.794, h_range=[4.90e+00, 2.83e+01], num_knots=323
2025-09-06 13:03:47,357 - Iter 42780: obj=-1134.328776, change=2.68e-06, α=0.000, ‖θ[1:]‖₁=13.794, h_range=[4.90e+00, 2.83e+01], num_knots=323
2025-09-06 13:03:47,478 - Iter 42790: obj=-1134.331152, change=2.68e-06, α=0.000, ‖θ[1:]‖₁=13.794, h_range=[4.90e+00, 2.83e+01], num_knots=323
2025-09-06 13:03:47,591 - Iter 42800: obj=-1134.333527, change=2.68e-06, α=0.000, ‖θ[1:]‖₁=13.794, h_range=[4.90e+00, 2.83e+01], num_knots=323
2025-09-06 13:03:47,684 - Iter 42810: obj=-1134.335902, change=2.68e-06, α=0.000, ‖θ[1:]‖₁=13.794, h_range=[4.90e+00, 2.83e+01], num_knots=323
2025-09-06 13:03:47,788 - Iter 42820: obj=-1134.338277, change=2.68e-06, α=0.000, ‖θ[1:]‖₁=13.795, h_range=[4.90e+00, 2.83e+01], num_knots=323
2025-09-06 13:03:47,913 - Iter 42830: obj=-1134.340652, change=2.68e-06, α=0.000, ‖θ[1:]‖₁=13.795, h_range=[4.90e+00, 2.83e+01], num_knots=323
2025-09-06 13:03:48,011 - Iter 42840: obj=-1134.343027, change=2.68e-06, α=0.000, ‖θ[1:]‖₁=13.795, h_range=[4.90e+00, 2.83e+01], num_knots=323
2025-09-06 13:03:48,202 - Iter 42850: obj=-1134.345401, change=2.68e-06, α=0.000, ‖θ[1:]‖₁=13.795, h_range=[4.90e+00, 2.83e+01], num_knots=323
2025-09-06 13:03:48,318 - Iter 42860: obj=-1134.347776, change=2.68e-06, α=0.000, ‖θ[1:]‖₁=13.795, h_range=[4.90e+00, 2.83e+01], num_knots=323
2025-09-06 13:03:48,446 - Iter 42870: obj=-1134.350150, change=2.67e-06, α=0.000, ‖θ[1:]‖₁=13.795, h_range=[4.90e+00, 2.83e+01], num_knots=323
2025-09-06 13:03:48,559 - Iter 42880: obj=-1134.352524, change=2.67e-06, α=0.000, ‖θ[1:]‖₁=13.795, h_range=[4.90e+00, 2.83e+01], num_knots=323
2025-09-06 13:03:48,690 - Iter 42890: obj=-1134.354899, change=2.67e-06, α=0.000, ‖θ[1:]‖₁=13.795, h_range=[4.90e+00, 2.83e+01], num_knots=323
2025-09-06 13:03:48,796 - Iter 42900: obj=-1134.357273, change=2.67e-06, α=0.000, ‖θ[1:]‖₁=13.795, h_range=[4.90e+00, 2.83e+01], num_knots=323
2025-09-06 13:03:48,915 - Iter 42910: obj=-1134.359647, change=2.67e-06, α=0.000, ‖θ[1:]‖₁=13.795, h_range=[4.90e+00, 2.83e+01], num_knots=323
2025-09-06 13:03:49,002 - Iter 42920: obj=-1134.362020, change=2.67e-06, α=0.000, ‖θ[1:]‖₁=13.795, h_range=[4.90e+00, 2.83e+01], num_knots=323
2025-09-06 13:03:49,100 - Iter 42930: obj=-1134.364394, change=2.67e-06, α=0.000, ‖θ[1:]‖₁=13.795, h_range=[4.90e+00, 2.83e+01], num_knots=323
2025-09-06 13:03:49,228 - Iter 42940: obj=-1134.366768, change=2.67e-06, α=0.000, ‖θ[1:]‖₁=13.795, h_range=[4.90e+00, 2.83e+01], num_knots=323
2025-09-06 13:03:49,329 - Iter 42950: obj=-1134.369141, change=2.67e-06, α=0.000, ‖θ[1:]‖₁=13.795, h_range=[4.90e+00, 2.83e+01], num_knots=323
2025-09-06 13:03:49,447 - Iter 42960: obj=-1134.371515, change=2.67e-06, α=0.000, ‖θ[1:]‖₁=13.795, h_range=[4.90e+00, 2.83e+01], num_knots=323
2025-09-06 13:03:49,583 - Iter 42970: obj=-1134.373888, change=2.67e-06, α=0.000, ‖θ[1:]‖₁=13.795, h_range=[4.90e+00, 2.83e+01], num_knots=323
2025-09-06 13:03:49,711 - Iter 42980: obj=-1134.376261, change=2.67e-06, α=0.000, ‖θ[1:]‖₁=13.795, h_range=[4.90e+00, 2.83e+01], num_knots=323
2025-09-06 13:03:49,828 - Iter 42990: obj=-1134.378634, change=2.66e-06, α=0.000, ‖θ[1:]‖₁=13.795, h_range=[4.90e+00, 2.83e+01], num_knots=323
2025-09-06 13:03:49,946 - Iter 43000: obj=-1134.381007, change=2.66e-06, α=0.000, ‖θ[1:]‖₁=13.795, h_range=[4.90e+00, 2.83e+01], num_knots=323
2025-09-06 13:03:50,059 - Iter 43010: obj=-1134.383380, change=2.66e-06, α=0.000, ‖θ[1:]‖₁=13.795, h_range=[4.90e+00, 2.83e+01], num_knots=323
2025-09-06 13:03:50,216 - Iter 43020: obj=-1134.385753, change=2.66e-06, α=0.000, ‖θ[1:]‖₁=13.795, h_range=[4.90e+00, 2.83e+01], num_knots=323
2025-09-06 13:03:50,312 - Iter 43030: obj=-1134.388125, change=2.66e-06, α=0.000, ‖θ[1:]‖₁=13.795, h_range=[4.90e+00, 2.83e+01], num_knots=323
2025-09-06 13:03:50,469 - Iter 43040: obj=-1134.390498, change=2.66e-06, α=0.000, ‖θ[1:]‖₁=13.795, h_range=[4.90e+00, 2.83e+01], num_knots=323
2025-09-06 13:03:50,612 - Iter 43050: obj=-1134.392870, change=2.66e-06, α=0.000, ‖θ[1:]‖₁=13.795, h_range=[4.90e+00, 2.83e+01], num_knots=323
2025-09-06 13:03:50,740 - Iter 43060: obj=-1134.395243, change=2.66e-06, α=0.000, ‖θ[1:]‖₁=13.795, h_range=[4.90e+00, 2.83e+01], num_knots=323
2025-09-06 13:03:50,861 - Iter 43070: obj=-1134.397615, change=2.66e-06, α=0.000, ‖θ[1:]‖₁=13.795, h_range=[4.90e+00, 2.83e+01], num_knots=323
2025-09-06 13:03:51,028 - Iter 43080: obj=-1134.399987, change=2.66e-06, α=0.000, ‖θ[1:]‖₁=13.795, h_range=[4.90e+00, 2.83e+01], num_knots=323
2025-09-06 13:03:51,150 - Iter 43090: obj=-1134.402359, change=2.66e-06, α=0.000, ‖θ[1:]‖₁=13.795, h_range=[4.90e+00, 2.83e+01], num_knots=323
2025-09-06 13:03:51,265 - Iter 43100: obj=-1134.404731, change=2.66e-06, α=0.000, ‖θ[1:]‖₁=13.796, h_range=[4.90e+00, 2.83e+01], num_knots=323
2025-09-06 13:03:51,346 - Iter 43110: obj=-1134.407103, change=2.66e-06, α=0.000, ‖θ[1:]‖₁=13.796, h_range=[4.90e+00, 2.83e+01], num_knots=323
2025-09-06 13:03:51,437 - Iter 43120: obj=-1134.409475, change=2.66e-06, α=0.000, ‖θ[1:]‖₁=13.796, h_range=[4.90e+00, 2.83e+01], num_knots=323
2025-09-06 13:03:51,531 - Iter 43130: obj=-1134.411847, change=2.66e-06, α=0.000, ‖θ[1:]‖₁=13.796, h_range=[4.90e+00, 2.83e+01], num_knots=323
2025-09-06 13:03:51,651 - Iter 43140: obj=-1134.414218, change=2.65e-06, α=0.000, ‖θ[1:]‖₁=13.796, h_range=[4.90e+00, 2.83e+01], num_knots=323
2025-09-06 13:03:51,751 - Iter 43150: obj=-1134.416590, change=2.65e-06, α=0.000, ‖θ[1:]‖₁=13.796, h_range=[4.90e+00, 2.83e+01], num_knots=323
2025-09-06 13:03:51,849 - Iter 43160: obj=-1134.418961, change=2.65e-06, α=0.000, ‖θ[1:]‖₁=13.796, h_range=[4.90e+00, 2.83e+01], num_knots=323
2025-09-06 13:03:51,952 - Iter 43170: obj=-1134.421332, change=2.65e-06, α=0.000, ‖θ[1:]‖₁=13.796, h_range=[4.90e+00, 2.83e+01], num_knots=323
2025-09-06 13:03:52,065 - Iter 43180: obj=-1134.423704, change=2.65e-06, α=0.000, ‖θ[1:]‖₁=13.796, h_range=[4.90e+00, 2.83e+01], num_knots=323
2025-09-06 13:03:52,186 - Iter 43190: obj=-1134.426075, change=2.65e-06, α=0.000, ‖θ[1:]‖₁=13.796, h_range=[4.90e+00, 2.83e+01], num_knots=323
2025-09-06 13:03:52,280 - Iter 43200: obj=-1134.428425, change=2.65e-06, α=0.000, ‖θ[1:]‖₁=13.796, h_range=[4.90e+00, 2.83e+01], num_knots=321
2025-09-06 13:03:52,378 - Iter 43210: obj=-1134.430763, change=2.65e-06, α=0.000, ‖θ[1:]‖₁=13.796, h_range=[4.90e+00, 2.83e+01], num_knots=321
2025-09-06 13:03:52,484 - Iter 43220: obj=-1134.433101, change=2.65e-06, α=0.000, ‖θ[1:]‖₁=13.796, h_range=[4.90e+00, 2.83e+01], num_knots=321
2025-09-06 13:03:52,643 - Iter 43230: obj=-1134.435439, change=2.65e-06, α=0.000, ‖θ[1:]‖₁=13.796, h_range=[4.90e+00, 2.83e+01], num_knots=321
2025-09-06 13:03:52,769 - Iter 43240: obj=-1134.437776, change=2.65e-06, α=0.000, ‖θ[1:]‖₁=13.796, h_range=[4.90e+00, 2.83e+01], num_knots=321
2025-09-06 13:03:52,883 - Iter 43250: obj=-1134.440113, change=2.65e-06, α=0.000, ‖θ[1:]‖₁=13.796, h_range=[4.90e+00, 2.83e+01], num_knots=321
2025-09-06 13:03:52,984 - Iter 43260: obj=-1134.442450, change=2.65e-06, α=0.000, ‖θ[1:]‖₁=13.796, h_range=[4.90e+00, 2.83e+01], num_knots=321
2025-09-06 13:03:53,082 - Iter 43270: obj=-1134.444787, change=2.65e-06, α=0.000, ‖θ[1:]‖₁=13.796, h_range=[4.90e+00, 2.83e+01], num_knots=321
2025-09-06 13:03:53,174 - Iter 43280: obj=-1134.447124, change=2.65e-06, α=0.000, ‖θ[1:]‖₁=13.796, h_range=[4.90e+00, 2.83e+01], num_knots=321
2025-09-06 13:03:53,272 - Iter 43290: obj=-1134.449461, change=2.65e-06, α=0.000, ‖θ[1:]‖₁=13.796, h_range=[4.90e+00, 2.83e+01], num_knots=321
2025-09-06 13:03:53,395 - Iter 43300: obj=-1134.451797, change=2.65e-06, α=0.000, ‖θ[1:]‖₁=13.796, h_range=[4.90e+00, 2.83e+01], num_knots=321
2025-09-06 13:03:53,510 - Iter 43310: obj=-1134.454134, change=2.64e-06, α=0.000, ‖θ[1:]‖₁=13.796, h_range=[4.90e+00, 2.83e+01], num_knots=321
2025-09-06 13:03:53,636 - Iter 43320: obj=-1134.456470, change=2.64e-06, α=0.000, ‖θ[1:]‖₁=13.796, h_range=[4.90e+00, 2.83e+01], num_knots=321
2025-09-06 13:03:53,721 - Iter 43330: obj=-1134.458807, change=2.64e-06, α=0.000, ‖θ[1:]‖₁=13.796, h_range=[4.90e+00, 2.83e+01], num_knots=321
2025-09-06 13:03:53,816 - Iter 43340: obj=-1134.461143, change=2.64e-06, α=0.000, ‖θ[1:]‖₁=13.796, h_range=[4.90e+00, 2.83e+01], num_knots=321
2025-09-06 13:03:53,929 - Iter 43350: obj=-1134.463479, change=2.64e-06, α=0.000, ‖θ[1:]‖₁=13.796, h_range=[4.90e+00, 2.83e+01], num_knots=321
2025-09-06 13:03:54,030 - Iter 43360: obj=-1134.465815, change=2.64e-06, α=0.000, ‖θ[1:]‖₁=13.796, h_range=[4.90e+00, 2.83e+01], num_knots=321
2025-09-06 13:03:54,116 - Iter 43370: obj=-1134.468151, change=2.64e-06, α=0.000, ‖θ[1:]‖₁=13.796, h_range=[4.90e+00, 2.83e+01], num_knots=321
2025-09-06 13:03:54,224 - Iter 43380: obj=-1134.470486, change=2.64e-06, α=0.000, ‖θ[1:]‖₁=13.796, h_range=[4.90e+00, 2.83e+01], num_knots=321
2025-09-06 13:03:54,332 - Iter 43390: obj=-1134.472822, change=2.64e-06, α=0.000, ‖θ[1:]‖₁=13.796, h_range=[4.90e+00, 2.83e+01], num_knots=321
2025-09-06 13:03:54,444 - Iter 43400: obj=-1134.475149, change=2.64e-06, α=0.000, ‖θ[1:]‖₁=13.796, h_range=[4.90e+00, 2.83e+01], num_knots=320
2025-09-06 13:03:54,602 - Iter 43410: obj=-1134.477464, change=2.64e-06, α=0.000, ‖θ[1:]‖₁=13.797, h_range=[4.90e+00, 2.83e+01], num_knots=320
2025-09-06 13:03:54,726 - Iter 43420: obj=-1134.479780, change=2.64e-06, α=0.000, ‖θ[1:]‖₁=13.797, h_range=[4.90e+00, 2.83e+01], num_knots=320
2025-09-06 13:03:54,837 - Iter 43430: obj=-1134.482095, change=2.64e-06, α=0.000, ‖θ[1:]‖₁=13.797, h_range=[4.90e+00, 2.83e+01], num_knots=320
2025-09-06 13:03:54,971 - Iter 43440: obj=-1134.484410, change=2.64e-06, α=0.000, ‖θ[1:]‖₁=13.797, h_range=[4.90e+00, 2.83e+01], num_knots=320
2025-09-06 13:03:55,083 - Iter 43450: obj=-1134.486725, change=2.64e-06, α=0.000, ‖θ[1:]‖₁=13.797, h_range=[4.90e+00, 2.83e+01], num_knots=320
2025-09-06 13:03:55,209 - Iter 43460: obj=-1134.489040, change=2.64e-06, α=0.000, ‖θ[1:]‖₁=13.797, h_range=[4.90e+00, 2.83e+01], num_knots=320
2025-09-06 13:03:55,321 - Iter 43470: obj=-1134.491355, change=2.64e-06, α=0.000, ‖θ[1:]‖₁=13.797, h_range=[4.90e+00, 2.83e+01], num_knots=320
2025-09-06 13:03:55,434 - Iter 43480: obj=-1134.493662, change=2.64e-06, α=0.000, ‖θ[1:]‖₁=13.797, h_range=[4.90e+00, 2.83e+01], num_knots=319
2025-09-06 13:03:55,534 - Iter 43490: obj=-1134.495965, change=2.64e-06, α=0.000, ‖θ[1:]‖₁=13.797, h_range=[4.90e+00, 2.83e+01], num_knots=319
2025-09-06 13:03:55,667 - Iter 43500: obj=-1134.498267, change=2.64e-06, α=0.000, ‖θ[1:]‖₁=13.797, h_range=[4.90e+00, 2.83e+01], num_knots=319
2025-09-06 13:03:55,802 - Iter 43510: obj=-1134.500569, change=2.64e-06, α=0.000, ‖θ[1:]‖₁=13.797, h_range=[4.90e+00, 2.83e+01], num_knots=319
2025-09-06 13:03:55,904 - Iter 43520: obj=-1134.502870, change=2.64e-06, α=0.000, ‖θ[1:]‖₁=13.797, h_range=[4.90e+00, 2.83e+01], num_knots=319
2025-09-06 13:03:56,013 - Iter 43530: obj=-1134.505172, change=2.64e-06, α=0.000, ‖θ[1:]‖₁=13.797, h_range=[4.90e+00, 2.83e+01], num_knots=319
2025-09-06 13:03:56,127 - Iter 43540: obj=-1134.507473, change=2.64e-06, α=0.000, ‖θ[1:]‖₁=13.797, h_range=[4.90e+00, 2.83e+01], num_knots=319
2025-09-06 13:03:56,267 - Iter 43550: obj=-1134.509775, change=2.64e-06, α=0.000, ‖θ[1:]‖₁=13.797, h_range=[4.90e+00, 2.83e+01], num_knots=319
2025-09-06 13:03:56,386 - Iter 43560: obj=-1134.512076, change=2.64e-06, α=0.000, ‖θ[1:]‖₁=13.797, h_range=[4.90e+00, 2.83e+01], num_knots=319
2025-09-06 13:03:56,496 - Iter 43570: obj=-1134.514377, change=2.64e-06, α=0.000, ‖θ[1:]‖₁=13.797, h_range=[4.90e+00, 2.83e+01], num_knots=319
2025-09-06 13:03:56,619 - Iter 43580: obj=-1134.516678, change=2.64e-06, α=0.000, ‖θ[1:]‖₁=13.797, h_range=[4.90e+00, 2.83e+01], num_knots=319
2025-09-06 13:03:56,743 - Iter 43590: obj=-1134.518979, change=2.64e-06, α=0.000, ‖θ[1:]‖₁=13.797, h_range=[4.90e+00, 2.83e+01], num_knots=319
2025-09-06 13:03:56,844 - Iter 43600: obj=-1134.521279, change=2.64e-06, α=0.000, ‖θ[1:]‖₁=13.797, h_range=[4.90e+00, 2.83e+01], num_knots=319
2025-09-06 13:03:56,960 - Iter 43610: obj=-1134.523580, change=2.64e-06, α=0.000, ‖θ[1:]‖₁=13.797, h_range=[4.90e+00, 2.83e+01], num_knots=319
2025-09-06 13:03:57,074 - Iter 43620: obj=-1134.525881, change=2.64e-06, α=0.000, ‖θ[1:]‖₁=13.797, h_range=[4.90e+00, 2.83e+01], num_knots=319
2025-09-06 13:03:57,192 - Iter 43630: obj=-1134.528181, change=2.63e-06, α=0.000, ‖θ[1:]‖₁=13.797, h_range=[4.90e+00, 2.83e+01], num_knots=319
2025-09-06 13:03:57,295 - Iter 43640: obj=-1134.530481, change=2.63e-06, α=0.000, ‖θ[1:]‖₁=13.797, h_range=[4.90e+00, 2.83e+01], num_knots=319
2025-09-06 13:03:57,402 - Iter 43650: obj=-1134.532781, change=2.63e-06, α=0.000, ‖θ[1:]‖₁=13.797, h_range=[4.90e+00, 2.83e+01], num_knots=319
2025-09-06 13:03:57,504 - Iter 43660: obj=-1134.535081, change=2.63e-06, α=0.000, ‖θ[1:]‖₁=13.797, h_range=[4.90e+00, 2.83e+01], num_knots=319
2025-09-06 13:03:57,621 - Iter 43670: obj=-1134.537375, change=2.63e-06, α=0.000, ‖θ[1:]‖₁=13.797, h_range=[4.90e+00, 2.83e+01], num_knots=318
2025-09-06 13:03:57,753 - Iter 43680: obj=-1134.539662, change=2.63e-06, α=0.000, ‖θ[1:]‖₁=13.798, h_range=[4.90e+00, 2.83e+01], num_knots=318
2025-09-06 13:03:57,885 - Iter 43690: obj=-1134.541948, change=2.63e-06, α=0.000, ‖θ[1:]‖₁=13.798, h_range=[4.90e+00, 2.83e+01], num_knots=318
2025-09-06 13:03:58,007 - Iter 43700: obj=-1134.544235, change=2.63e-06, α=0.000, ‖θ[1:]‖₁=13.798, h_range=[4.90e+00, 2.83e+01], num_knots=318
2025-09-06 13:03:58,117 - Iter 43710: obj=-1134.546522, change=2.63e-06, α=0.000, ‖θ[1:]‖₁=13.798, h_range=[4.90e+00, 2.83e+01], num_knots=318
2025-09-06 13:03:58,237 - Iter 43720: obj=-1134.548808, change=2.63e-06, α=0.000, ‖θ[1:]‖₁=13.798, h_range=[4.90e+00, 2.83e+01], num_knots=318
2025-09-06 13:03:58,372 - Iter 43730: obj=-1134.551094, change=2.63e-06, α=0.000, ‖θ[1:]‖₁=13.798, h_range=[4.90e+00, 2.83e+01], num_knots=318
2025-09-06 13:03:58,520 - Iter 43740: obj=-1134.553380, change=2.63e-06, α=0.000, ‖θ[1:]‖₁=13.798, h_range=[4.90e+00, 2.83e+01], num_knots=318
2025-09-06 13:03:58,658 - Iter 43750: obj=-1134.555666, change=2.63e-06, α=0.000, ‖θ[1:]‖₁=13.798, h_range=[4.90e+00, 2.83e+01], num_knots=318
2025-09-06 13:03:58,804 - Iter 43760: obj=-1134.557952, change=2.63e-06, α=0.000, ‖θ[1:]‖₁=13.798, h_range=[4.90e+00, 2.83e+01], num_knots=318
2025-09-06 13:03:58,933 - Iter 43770: obj=-1134.560238, change=2.63e-06, α=0.000, ‖θ[1:]‖₁=13.798, h_range=[4.90e+00, 2.83e+01], num_knots=318
2025-09-06 13:03:59,051 - Iter 43780: obj=-1134.562524, change=2.63e-06, α=0.000, ‖θ[1:]‖₁=13.798, h_range=[4.90e+00, 2.83e+01], num_knots=318
2025-09-06 13:03:59,175 - Iter 43790: obj=-1134.564809, change=2.63e-06, α=0.000, ‖θ[1:]‖₁=13.798, h_range=[4.90e+00, 2.83e+01], num_knots=318
2025-09-06 13:03:59,295 - Iter 43800: obj=-1134.567095, change=2.63e-06, α=0.000, ‖θ[1:]‖₁=13.798, h_range=[4.90e+00, 2.83e+01], num_knots=318
2025-09-06 13:03:59,388 - Iter 43810: obj=-1134.569380, change=2.63e-06, α=0.000, ‖θ[1:]‖₁=13.798, h_range=[4.90e+00, 2.83e+01], num_knots=318
2025-09-06 13:03:59,490 - Iter 43820: obj=-1134.571665, change=2.63e-06, α=0.000, ‖θ[1:]‖₁=13.798, h_range=[4.90e+00, 2.83e+01], num_knots=318
2025-09-06 13:03:59,597 - Iter 43830: obj=-1134.573950, change=2.63e-06, α=0.000, ‖θ[1:]‖₁=13.798, h_range=[4.90e+00, 2.83e+01], num_knots=318
2025-09-06 13:03:59,685 - Iter 43840: obj=-1134.576235, change=2.63e-06, α=0.000, ‖θ[1:]‖₁=13.798, h_range=[4.90e+00, 2.83e+01], num_knots=318
2025-09-06 13:03:59,841 - Iter 43850: obj=-1134.578520, change=2.63e-06, α=0.000, ‖θ[1:]‖₁=13.798, h_range=[4.90e+00, 2.83e+01], num_knots=318
2025-09-06 13:04:00,040 - Iter 43860: obj=-1134.580805, change=2.63e-06, α=0.000, ‖θ[1:]‖₁=13.798, h_range=[4.90e+00, 2.83e+01], num_knots=318
2025-09-06 13:04:00,191 - Iter 43870: obj=-1134.583090, change=2.63e-06, α=0.000, ‖θ[1:]‖₁=13.798, h_range=[4.90e+00, 2.83e+01], num_knots=318
2025-09-06 13:04:00,341 - Iter 43880: obj=-1134.585374, change=2.63e-06, α=0.000, ‖θ[1:]‖₁=13.798, h_range=[4.90e+00, 2.83e+01], num_knots=318
2025-09-06 13:04:00,533 - Iter 43890: obj=-1134.587659, change=2.63e-06, α=0.000, ‖θ[1:]‖₁=13.798, h_range=[4.90e+00, 2.83e+01], num_knots=318
2025-09-06 13:04:00,672 - Iter 43900: obj=-1134.589943, change=2.63e-06, α=0.000, ‖θ[1:]‖₁=13.798, h_range=[4.90e+00, 2.83e+01], num_knots=318
2025-09-06 13:04:00,809 - Iter 43910: obj=-1134.592227, change=2.63e-06, α=0.000, ‖θ[1:]‖₁=13.798, h_range=[4.90e+00, 2.83e+01], num_knots=318
2025-09-06 13:04:00,929 - Iter 43920: obj=-1134.594511, change=2.63e-06, α=0.000, ‖θ[1:]‖₁=13.798, h_range=[4.90e+00, 2.83e+01], num_knots=318
2025-09-06 13:04:01,028 - Iter 43930: obj=-1134.596795, change=2.63e-06, α=0.000, ‖θ[1:]‖₁=13.798, h_range=[4.90e+00, 2.83e+01], num_knots=318
2025-09-06 13:04:01,137 - Iter 43940: obj=-1134.599079, change=2.63e-06, α=0.000, ‖θ[1:]‖₁=13.798, h_range=[4.90e+00, 2.83e+01], num_knots=318
2025-09-06 13:04:01,271 - Iter 43950: obj=-1134.601363, change=2.63e-06, α=0.000, ‖θ[1:]‖₁=13.798, h_range=[4.90e+00, 2.83e+01], num_knots=318
2025-09-06 13:04:01,372 - Iter 43960: obj=-1134.603642, change=2.63e-06, α=0.000, ‖θ[1:]‖₁=13.798, h_range=[4.90e+00, 2.83e+01], num_knots=317
2025-09-06 13:04:01,484 - Iter 43970: obj=-1134.605919, change=2.63e-06, α=0.000, ‖θ[1:]‖₁=13.799, h_range=[4.90e+00, 2.83e+01], num_knots=317
2025-09-06 13:04:01,589 - Iter 43980: obj=-1134.608196, change=2.63e-06, α=0.000, ‖θ[1:]‖₁=13.799, h_range=[4.90e+00, 2.83e+01], num_knots=317
2025-09-06 13:04:01,714 - Iter 43990: obj=-1134.610472, change=2.63e-06, α=0.000, ‖θ[1:]‖₁=13.799, h_range=[4.90e+00, 2.83e+01], num_knots=317
2025-09-06 13:04:01,820 - Iter 44000: obj=-1134.612749, change=2.63e-06, α=0.000, ‖θ[1:]‖₁=13.799, h_range=[4.90e+00, 2.83e+01], num_knots=317
2025-09-06 13:04:01,932 - Iter 44010: obj=-1134.615026, change=2.63e-06, α=0.000, ‖θ[1:]‖₁=13.799, h_range=[4.90e+00, 2.83e+01], num_knots=317
2025-09-06 13:04:02,054 - Iter 44020: obj=-1134.617302, change=2.63e-06, α=0.000, ‖θ[1:]‖₁=13.799, h_range=[4.90e+00, 2.83e+01], num_knots=317
2025-09-06 13:04:02,152 - Iter 44030: obj=-1134.619579, change=2.63e-06, α=0.000, ‖θ[1:]‖₁=13.799, h_range=[4.90e+00, 2.83e+01], num_knots=317
2025-09-06 13:04:02,254 - Iter 44040: obj=-1134.621855, change=2.63e-06, α=0.000, ‖θ[1:]‖₁=13.799, h_range=[4.90e+00, 2.83e+01], num_knots=317
2025-09-06 13:04:02,347 - Iter 44050: obj=-1134.624131, change=2.63e-06, α=0.000, ‖θ[1:]‖₁=13.799, h_range=[4.90e+00, 2.83e+01], num_knots=317
2025-09-06 13:04:02,459 - Iter 44060: obj=-1134.626407, change=2.63e-06, α=0.000, ‖θ[1:]‖₁=13.799, h_range=[4.90e+00, 2.83e+01], num_knots=317
2025-09-06 13:04:02,575 - Iter 44070: obj=-1134.628683, change=2.63e-06, α=0.000, ‖θ[1:]‖₁=13.799, h_range=[4.90e+00, 2.83e+01], num_knots=317
2025-09-06 13:04:02,691 - Iter 44080: obj=-1134.630959, change=2.63e-06, α=0.000, ‖θ[1:]‖₁=13.799, h_range=[4.90e+00, 2.83e+01], num_knots=317
2025-09-06 13:04:02,803 - Iter 44090: obj=-1134.633235, change=2.63e-06, α=0.000, ‖θ[1:]‖₁=13.799, h_range=[4.90e+00, 2.83e+01], num_knots=317
2025-09-06 13:04:02,907 - Iter 44100: obj=-1134.635510, change=2.63e-06, α=0.000, ‖θ[1:]‖₁=13.799, h_range=[4.90e+00, 2.83e+01], num_knots=317
2025-09-06 13:04:03,005 - Iter 44110: obj=-1134.637786, change=2.63e-06, α=0.000, ‖θ[1:]‖₁=13.799, h_range=[4.90e+00, 2.83e+01], num_knots=317
2025-09-06 13:04:03,116 - Iter 44120: obj=-1134.640061, change=2.63e-06, α=0.000, ‖θ[1:]‖₁=13.799, h_range=[4.90e+00, 2.83e+01], num_knots=317
2025-09-06 13:04:03,219 - Iter 44130: obj=-1134.642337, change=2.63e-06, α=0.000, ‖θ[1:]‖₁=13.799, h_range=[4.90e+00, 2.83e+01], num_knots=317
2025-09-06 13:04:03,329 - Iter 44140: obj=-1134.644612, change=2.63e-06, α=0.000, ‖θ[1:]‖₁=13.799, h_range=[4.90e+00, 2.83e+01], num_knots=317
2025-09-06 13:04:03,450 - Iter 44150: obj=-1134.646870, change=2.63e-06, α=0.000, ‖θ[1:]‖₁=13.799, h_range=[4.90e+00, 2.83e+01], num_knots=316
2025-09-06 13:04:03,552 - Iter 44160: obj=-1134.649125, change=2.63e-06, α=0.000, ‖θ[1:]‖₁=13.799, h_range=[4.90e+00, 2.83e+01], num_knots=316
2025-09-06 13:04:03,659 - Iter 44170: obj=-1134.651379, change=2.63e-06, α=0.000, ‖θ[1:]‖₁=13.799, h_range=[4.90e+00, 2.83e+01], num_knots=316
2025-09-06 13:04:03,781 - Iter 44180: obj=-1134.653633, change=2.63e-06, α=0.000, ‖θ[1:]‖₁=13.799, h_range=[4.90e+00, 2.83e+01], num_knots=316
2025-09-06 13:04:03,890 - Iter 44190: obj=-1134.655887, change=2.63e-06, α=0.000, ‖θ[1:]‖₁=13.799, h_range=[4.90e+00, 2.83e+01], num_knots=316
2025-09-06 13:04:03,988 - Iter 44200: obj=-1134.658141, change=2.63e-06, α=0.000, ‖θ[1:]‖₁=13.799, h_range=[4.90e+00, 2.83e+01], num_knots=316
2025-09-06 13:04:04,112 - Iter 44210: obj=-1134.660395, change=2.63e-06, α=0.000, ‖θ[1:]‖₁=13.799, h_range=[4.90e+00, 2.83e+01], num_knots=316
2025-09-06 13:04:04,208 - Iter 44220: obj=-1134.662649, change=2.63e-06, α=0.000, ‖θ[1:]‖₁=13.799, h_range=[4.90e+00, 2.83e+01], num_knots=316
2025-09-06 13:04:04,318 - Iter 44230: obj=-1134.664903, change=2.63e-06, α=0.000, ‖θ[1:]‖₁=13.799, h_range=[4.90e+00, 2.83e+01], num_knots=316
2025-09-06 13:04:04,417 - Iter 44240: obj=-1134.667156, change=2.63e-06, α=0.000, ‖θ[1:]‖₁=13.799, h_range=[4.90e+00, 2.83e+01], num_knots=316
2025-09-06 13:04:04,518 - Iter 44250: obj=-1134.669410, change=2.63e-06, α=0.000, ‖θ[1:]‖₁=13.799, h_range=[4.90e+00, 2.83e+01], num_knots=316
2025-09-06 13:04:04,644 - Iter 44260: obj=-1134.671663, change=2.63e-06, α=0.000, ‖θ[1:]‖₁=13.799, h_range=[4.90e+00, 2.83e+01], num_knots=316
2025-09-06 13:04:04,743 - Iter 44270: obj=-1134.673916, change=2.63e-06, α=0.000, ‖θ[1:]‖₁=13.800, h_range=[4.90e+00, 2.83e+01], num_knots=316
2025-09-06 13:04:04,849 - Iter 44280: obj=-1134.676169, change=2.63e-06, α=0.000, ‖θ[1:]‖₁=13.800, h_range=[4.90e+00, 2.83e+01], num_knots=316
2025-09-06 13:04:04,948 - Iter 44290: obj=-1134.678422, change=2.63e-06, α=0.000, ‖θ[1:]‖₁=13.800, h_range=[4.90e+00, 2.83e+01], num_knots=316
2025-09-06 13:04:05,038 - Iter 44300: obj=-1134.680675, change=2.63e-06, α=0.000, ‖θ[1:]‖₁=13.800, h_range=[4.90e+00, 2.83e+01], num_knots=316
2025-09-06 13:04:05,133 - Iter 44310: obj=-1134.682928, change=2.63e-06, α=0.000, ‖θ[1:]‖₁=13.800, h_range=[4.90e+00, 2.83e+01], num_knots=316
2025-09-06 13:04:05,250 - Iter 44320: obj=-1134.685181, change=2.63e-06, α=0.000, ‖θ[1:]‖₁=13.800, h_range=[4.90e+00, 2.83e+01], num_knots=316
2025-09-06 13:04:05,351 - Iter 44330: obj=-1134.687434, change=2.63e-06, α=0.000, ‖θ[1:]‖₁=13.800, h_range=[4.90e+00, 2.83e+01], num_knots=316
2025-09-06 13:04:05,455 - Iter 44340: obj=-1134.689686, change=2.63e-06, α=0.000, ‖θ[1:]‖₁=13.800, h_range=[4.90e+00, 2.83e+01], num_knots=316
2025-09-06 13:04:05,559 - Iter 44350: obj=-1134.691939, change=2.63e-06, α=0.000, ‖θ[1:]‖₁=13.800, h_range=[4.90e+00, 2.83e+01], num_knots=316
2025-09-06 13:04:05,653 - Iter 44360: obj=-1134.694191, change=2.63e-06, α=0.000, ‖θ[1:]‖₁=13.800, h_range=[4.90e+00, 2.83e+01], num_knots=316
2025-09-06 13:04:05,771 - Iter 44370: obj=-1134.696443, change=2.63e-06, α=0.000, ‖θ[1:]‖₁=13.800, h_range=[4.90e+00, 2.83e+01], num_knots=316
2025-09-06 13:04:05,892 - Iter 44380: obj=-1134.698695, change=2.63e-06, α=0.000, ‖θ[1:]‖₁=13.800, h_range=[4.90e+00, 2.83e+01], num_knots=316
2025-09-06 13:04:05,986 - Iter 44390: obj=-1134.700948, change=2.63e-06, α=0.000, ‖θ[1:]‖₁=13.800, h_range=[4.90e+00, 2.83e+01], num_knots=316
2025-09-06 13:04:06,079 - Iter 44400: obj=-1134.703200, change=2.63e-06, α=0.000, ‖θ[1:]‖₁=13.800, h_range=[4.90e+00, 2.83e+01], num_knots=316
2025-09-06 13:04:06,186 - Iter 44410: obj=-1134.705451, change=2.63e-06, α=0.000, ‖θ[1:]‖₁=13.800, h_range=[4.90e+00, 2.83e+01], num_knots=316
2025-09-06 13:04:06,283 - Iter 44420: obj=-1134.707703, change=2.63e-06, α=0.000, ‖θ[1:]‖₁=13.800, h_range=[4.90e+00, 2.83e+01], num_knots=316
2025-09-06 13:04:06,375 - Iter 44430: obj=-1134.709955, change=2.63e-06, α=0.000, ‖θ[1:]‖₁=13.800, h_range=[4.90e+00, 2.83e+01], num_knots=316
2025-09-06 13:04:06,495 - Iter 44440: obj=-1134.712207, change=2.63e-06, α=0.000, ‖θ[1:]‖₁=13.800, h_range=[4.90e+00, 2.83e+01], num_knots=316
2025-09-06 13:04:06,597 - Iter 44450: obj=-1134.714458, change=2.63e-06, α=0.000, ‖θ[1:]‖₁=13.800, h_range=[4.90e+00, 2.83e+01], num_knots=316
2025-09-06 13:04:06,700 - Iter 44460: obj=-1134.716709, change=2.63e-06, α=0.000, ‖θ[1:]‖₁=13.800, h_range=[4.90e+00, 2.83e+01], num_knots=316
2025-09-06 13:04:06,811 - Iter 44470: obj=-1134.718961, change=2.63e-06, α=0.000, ‖θ[1:]‖₁=13.800, h_range=[4.90e+00, 2.83e+01], num_knots=316
2025-09-06 13:04:06,937 - Iter 44480: obj=-1134.721212, change=2.63e-06, α=0.000, ‖θ[1:]‖₁=13.800, h_range=[4.90e+00, 2.83e+01], num_knots=316
2025-09-06 13:04:07,013 - Iter 44490: obj=-1134.723463, change=2.63e-06, α=0.000, ‖θ[1:]‖₁=13.800, h_range=[4.90e+00, 2.83e+01], num_knots=316
2025-09-06 13:04:07,113 - Iter 44500: obj=-1134.725714, change=2.63e-06, α=0.000, ‖θ[1:]‖₁=13.800, h_range=[4.90e+00, 2.83e+01], num_knots=316
2025-09-06 13:04:07,215 - Iter 44510: obj=-1134.727965, change=2.63e-06, α=0.000, ‖θ[1:]‖₁=13.800, h_range=[4.90e+00, 2.83e+01], num_knots=316
2025-09-06 13:04:07,313 - Iter 44520: obj=-1134.730216, change=2.63e-06, α=0.000, ‖θ[1:]‖₁=13.800, h_range=[4.90e+00, 2.83e+01], num_knots=316
2025-09-06 13:04:07,425 - Iter 44530: obj=-1134.732467, change=2.63e-06, α=0.000, ‖θ[1:]‖₁=13.800, h_range=[4.90e+00, 2.83e+01], num_knots=316
2025-09-06 13:04:07,530 - Iter 44540: obj=-1134.734718, change=2.63e-06, α=0.000, ‖θ[1:]‖₁=13.800, h_range=[4.90e+00, 2.83e+01], num_knots=316
2025-09-06 13:04:07,634 - Iter 44550: obj=-1134.736968, change=2.63e-06, α=0.000, ‖θ[1:]‖₁=13.800, h_range=[4.90e+00, 2.83e+01], num_knots=316
2025-09-06 13:04:07,750 - Iter 44560: obj=-1134.739219, change=2.63e-06, α=0.000, ‖θ[1:]‖₁=13.800, h_range=[4.90e+00, 2.83e+01], num_knots=316
2025-09-06 13:04:07,855 - Iter 44570: obj=-1134.741469, change=2.63e-06, α=0.000, ‖θ[1:]‖₁=13.800, h_range=[4.90e+00, 2.83e+01], num_knots=316
2025-09-06 13:04:07,954 - Iter 44580: obj=-1134.743720, change=2.63e-06, α=0.000, ‖θ[1:]‖₁=13.800, h_range=[4.90e+00, 2.83e+01], num_knots=316
2025-09-06 13:04:08,055 - Iter 44590: obj=-1134.745970, change=2.63e-06, α=0.000, ‖θ[1:]‖₁=13.800, h_range=[4.90e+00, 2.83e+01], num_knots=316
2025-09-06 13:04:08,166 - Iter 44600: obj=-1134.748220, change=2.63e-06, α=0.000, ‖θ[1:]‖₁=13.801, h_range=[4.90e+00, 2.83e+01], num_knots=316
2025-09-06 13:04:08,252 - Iter 44610: obj=-1134.750470, change=2.63e-06, α=0.000, ‖θ[1:]‖₁=13.801, h_range=[4.90e+00, 2.83e+01], num_knots=316
2025-09-06 13:04:08,349 - Iter 44620: obj=-1134.752720, change=2.63e-06, α=0.000, ‖θ[1:]‖₁=13.801, h_range=[4.90e+00, 2.83e+01], num_knots=316
2025-09-06 13:04:08,465 - Iter 44630: obj=-1134.754970, change=2.63e-06, α=0.000, ‖θ[1:]‖₁=13.801, h_range=[4.90e+00, 2.83e+01], num_knots=315
2025-09-06 13:04:08,572 - Iter 44640: obj=-1134.757212, change=2.63e-06, α=0.000, ‖θ[1:]‖₁=13.801, h_range=[4.90e+00, 2.83e+01], num_knots=315
2025-09-06 13:04:08,689 - Iter 44650: obj=-1134.759453, change=2.63e-06, α=0.000, ‖θ[1:]‖₁=13.801, h_range=[4.90e+00, 2.83e+01], num_knots=315
2025-09-06 13:04:08,795 - Iter 44660: obj=-1134.761694, change=2.63e-06, α=0.000, ‖θ[1:]‖₁=13.801, h_range=[4.90e+00, 2.83e+01], num_knots=315
2025-09-06 13:04:08,898 - Iter 44670: obj=-1134.763934, change=2.63e-06, α=0.000, ‖θ[1:]‖₁=13.801, h_range=[4.90e+00, 2.83e+01], num_knots=315
2025-09-06 13:04:09,001 - Iter 44680: obj=-1134.766175, change=2.63e-06, α=0.000, ‖θ[1:]‖₁=13.801, h_range=[4.90e+00, 2.83e+01], num_knots=315
2025-09-06 13:04:09,111 - Iter 44690: obj=-1134.768416, change=2.63e-06, α=0.000, ‖θ[1:]‖₁=13.801, h_range=[4.90e+00, 2.83e+01], num_knots=315
2025-09-06 13:04:09,217 - Iter 44700: obj=-1134.770656, change=2.63e-06, α=0.000, ‖θ[1:]‖₁=13.801, h_range=[4.90e+00, 2.83e+01], num_knots=315
2025-09-06 13:04:09,319 - Iter 44710: obj=-1134.772897, change=2.63e-06, α=0.000, ‖θ[1:]‖₁=13.801, h_range=[4.90e+00, 2.83e+01], num_knots=315
2025-09-06 13:04:09,419 - Iter 44720: obj=-1134.775137, change=2.63e-06, α=0.000, ‖θ[1:]‖₁=13.801, h_range=[4.90e+00, 2.83e+01], num_knots=315
2025-09-06 13:04:09,518 - Iter 44730: obj=-1134.777377, change=2.63e-06, α=0.000, ‖θ[1:]‖₁=13.801, h_range=[4.90e+00, 2.83e+01], num_knots=315
2025-09-06 13:04:09,647 - Iter 44740: obj=-1134.779618, change=2.63e-06, α=0.000, ‖θ[1:]‖₁=13.801, h_range=[4.90e+00, 2.83e+01], num_knots=315
2025-09-06 13:04:09,751 - Iter 44750: obj=-1134.781858, change=2.63e-06, α=0.000, ‖θ[1:]‖₁=13.801, h_range=[4.90e+00, 2.83e+01], num_knots=315
2025-09-06 13:04:09,873 - Iter 44760: obj=-1134.784098, change=2.63e-06, α=0.000, ‖θ[1:]‖₁=13.801, h_range=[4.90e+00, 2.83e+01], num_knots=315
2025-09-06 13:04:09,979 - Iter 44770: obj=-1134.786338, change=2.63e-06, α=0.000, ‖θ[1:]‖₁=13.801, h_range=[4.90e+00, 2.83e+01], num_knots=315
2025-09-06 13:04:10,088 - Iter 44780: obj=-1134.788577, change=2.63e-06, α=0.000, ‖θ[1:]‖₁=13.801, h_range=[4.90e+00, 2.83e+01], num_knots=315
2025-09-06 13:04:10,184 - Iter 44790: obj=-1134.790817, change=2.63e-06, α=0.000, ‖θ[1:]‖₁=13.801, h_range=[4.90e+00, 2.83e+01], num_knots=315
2025-09-06 13:04:10,282 - Iter 44800: obj=-1134.793057, change=2.63e-06, α=0.000, ‖θ[1:]‖₁=13.801, h_range=[4.90e+00, 2.83e+01], num_knots=315
2025-09-06 13:04:10,376 - Iter 44810: obj=-1134.795296, change=2.63e-06, α=0.000, ‖θ[1:]‖₁=13.801, h_range=[4.90e+00, 2.83e+01], num_knots=315
2025-09-06 13:04:10,476 - Iter 44820: obj=-1134.797536, change=2.63e-06, α=0.000, ‖θ[1:]‖₁=13.801, h_range=[4.90e+00, 2.83e+01], num_knots=315
2025-09-06 13:04:10,584 - Iter 44830: obj=-1134.799775, change=2.63e-06, α=0.000, ‖θ[1:]‖₁=13.801, h_range=[4.90e+00, 2.83e+01], num_knots=315
2025-09-06 13:04:10,697 - Iter 44840: obj=-1134.802015, change=2.63e-06, α=0.000, ‖θ[1:]‖₁=13.801, h_range=[4.90e+00, 2.83e+01], num_knots=315
2025-09-06 13:04:10,787 - Iter 44850: obj=-1134.804254, change=2.63e-06, α=0.000, ‖θ[1:]‖₁=13.801, h_range=[4.90e+00, 2.83e+01], num_knots=315
2025-09-06 13:04:10,889 - Iter 44860: obj=-1134.806493, change=2.63e-06, α=0.000, ‖θ[1:]‖₁=13.801, h_range=[4.90e+00, 2.83e+01], num_knots=315
2025-09-06 13:04:10,990 - Iter 44870: obj=-1134.808732, change=2.63e-06, α=0.000, ‖θ[1:]‖₁=13.801, h_range=[4.90e+00, 2.83e+01], num_knots=315
2025-09-06 13:04:11,095 - Iter 44880: obj=-1134.810971, change=2.63e-06, α=0.000, ‖θ[1:]‖₁=13.801, h_range=[4.90e+00, 2.83e+01], num_knots=315
2025-09-06 13:04:11,209 - Iter 44890: obj=-1134.813210, change=2.63e-06, α=0.000, ‖θ[1:]‖₁=13.801, h_range=[4.90e+00, 2.83e+01], num_knots=315
2025-09-06 13:04:11,319 - Iter 44900: obj=-1134.815449, change=2.63e-06, α=0.000, ‖θ[1:]‖₁=13.801, h_range=[4.90e+00, 2.83e+01], num_knots=315
2025-09-06 13:04:11,413 - Iter 44910: obj=-1134.817688, change=2.63e-06, α=0.000, ‖θ[1:]‖₁=13.801, h_range=[4.90e+00, 2.83e+01], num_knots=315
2025-09-06 13:04:11,518 - Iter 44920: obj=-1134.819926, change=2.63e-06, α=0.000, ‖θ[1:]‖₁=13.801, h_range=[4.90e+00, 2.83e+01], num_knots=315
2025-09-06 13:04:11,628 - Iter 44930: obj=-1134.822165, change=2.63e-06, α=0.000, ‖θ[1:]‖₁=13.801, h_range=[4.90e+00, 2.83e+01], num_knots=315
2025-09-06 13:04:11,743 - Iter 44940: obj=-1134.824403, change=2.63e-06, α=0.000, ‖θ[1:]‖₁=13.801, h_range=[4.90e+00, 2.83e+01], num_knots=315
2025-09-06 13:04:11,879 - Iter 44950: obj=-1134.826642, change=2.63e-06, α=0.000, ‖θ[1:]‖₁=13.801, h_range=[4.90e+00, 2.83e+01], num_knots=315
2025-09-06 13:04:12,006 - Iter 44960: obj=-1134.828880, change=2.63e-06, α=0.000, ‖θ[1:]‖₁=13.801, h_range=[4.90e+00, 2.83e+01], num_knots=315
2025-09-06 13:04:12,118 - Iter 44970: obj=-1134.831118, change=2.63e-06, α=0.000, ‖θ[1:]‖₁=13.801, h_range=[4.90e+00, 2.83e+01], num_knots=315
2025-09-06 13:04:12,228 - Iter 44980: obj=-1134.833356, change=2.63e-06, α=0.000, ‖θ[1:]‖₁=13.802, h_range=[4.90e+00, 2.83e+01], num_knots=315
2025-09-06 13:04:12,346 - Iter 44990: obj=-1134.835594, change=2.63e-06, α=0.000, ‖θ[1:]‖₁=13.802, h_range=[4.90e+00, 2.83e+01], num_knots=315
2025-09-06 13:04:12,455 - Iter 45000: obj=-1134.837832, change=2.62e-06, α=0.000, ‖θ[1:]‖₁=13.802, h_range=[4.90e+00, 2.83e+01], num_knots=315
2025-09-06 13:04:12,569 - Iter 45010: obj=-1134.840070, change=2.62e-06, α=0.000, ‖θ[1:]‖₁=13.802, h_range=[4.90e+00, 2.83e+01], num_knots=315
2025-09-06 13:04:12,668 - Iter 45020: obj=-1134.842306, change=2.62e-06, α=0.000, ‖θ[1:]‖₁=13.802, h_range=[4.90e+00, 2.83e+01], num_knots=314
2025-09-06 13:04:12,786 - Iter 45030: obj=-1134.844540, change=2.62e-06, α=0.000, ‖θ[1:]‖₁=13.802, h_range=[4.90e+00, 2.83e+01], num_knots=314
2025-09-06 13:04:12,891 - Iter 45040: obj=-1134.846773, change=2.62e-06, α=0.000, ‖θ[1:]‖₁=13.802, h_range=[4.90e+00, 2.83e+01], num_knots=314
2025-09-06 13:04:13,011 - Iter 45050: obj=-1134.849007, change=2.62e-06, α=0.000, ‖θ[1:]‖₁=13.802, h_range=[4.90e+00, 2.83e+01], num_knots=314
2025-09-06 13:04:13,120 - Iter 45060: obj=-1134.851234, change=2.62e-06, α=0.000, ‖θ[1:]‖₁=13.802, h_range=[4.90e+00, 2.83e+01], num_knots=313
2025-09-06 13:04:13,232 - Iter 45070: obj=-1134.853457, change=2.62e-06, α=0.000, ‖θ[1:]‖₁=13.802, h_range=[4.90e+00, 2.83e+01], num_knots=313
2025-09-06 13:04:13,304 - Iter 45080: obj=-1134.855681, change=2.62e-06, α=0.000, ‖θ[1:]‖₁=13.802, h_range=[4.90e+00, 2.83e+01], num_knots=313
2025-09-06 13:04:13,400 - Iter 45090: obj=-1134.857904, change=2.62e-06, α=0.000, ‖θ[1:]‖₁=13.802, h_range=[4.90e+00, 2.83e+01], num_knots=313
2025-09-06 13:04:13,500 - Iter 45100: obj=-1134.860127, change=2.62e-06, α=0.000, ‖θ[1:]‖₁=13.802, h_range=[4.90e+00, 2.83e+01], num_knots=313
2025-09-06 13:04:13,627 - Iter 45110: obj=-1134.862350, change=2.62e-06, α=0.000, ‖θ[1:]‖₁=13.802, h_range=[4.90e+00, 2.83e+01], num_knots=313
2025-09-06 13:04:13,738 - Iter 45120: obj=-1134.864573, change=2.62e-06, α=0.000, ‖θ[1:]‖₁=13.802, h_range=[4.90e+00, 2.83e+01], num_knots=313
2025-09-06 13:04:13,850 - Iter 45130: obj=-1134.866796, change=2.62e-06, α=0.000, ‖θ[1:]‖₁=13.802, h_range=[4.90e+00, 2.83e+01], num_knots=313
2025-09-06 13:04:13,961 - Iter 45140: obj=-1134.869019, change=2.62e-06, α=0.000, ‖θ[1:]‖₁=13.802, h_range=[4.90e+00, 2.83e+01], num_knots=313
2025-09-06 13:04:14,072 - Iter 45150: obj=-1134.871242, change=2.62e-06, α=0.000, ‖θ[1:]‖₁=13.802, h_range=[4.90e+00, 2.83e+01], num_knots=313
2025-09-06 13:04:14,186 - Iter 45160: obj=-1134.873465, change=2.62e-06, α=0.000, ‖θ[1:]‖₁=13.802, h_range=[4.90e+00, 2.83e+01], num_knots=313
2025-09-06 13:04:14,303 - Iter 45170: obj=-1134.875687, change=2.62e-06, α=0.000, ‖θ[1:]‖₁=13.802, h_range=[4.90e+00, 2.83e+01], num_knots=313
2025-09-06 13:04:14,384 - Iter 45180: obj=-1134.877910, change=2.62e-06, α=0.000, ‖θ[1:]‖₁=13.802, h_range=[4.90e+00, 2.83e+01], num_knots=313
2025-09-06 13:04:14,540 - Iter 45190: obj=-1134.880132, change=2.62e-06, α=0.000, ‖θ[1:]‖₁=13.802, h_range=[4.90e+00, 2.83e+01], num_knots=313
2025-09-06 13:04:14,698 - Iter 45200: obj=-1134.882355, change=2.62e-06, α=0.000, ‖θ[1:]‖₁=13.802, h_range=[4.90e+00, 2.83e+01], num_knots=313
2025-09-06 13:04:14,812 - Iter 45210: obj=-1134.884577, change=2.62e-06, α=0.000, ‖θ[1:]‖₁=13.802, h_range=[4.90e+00, 2.83e+01], num_knots=313
2025-09-06 13:04:14,978 - Iter 45220: obj=-1134.886799, change=2.62e-06, α=0.000, ‖θ[1:]‖₁=13.802, h_range=[4.90e+00, 2.83e+01], num_knots=313
2025-09-06 13:04:15,114 - Iter 45230: obj=-1134.889021, change=2.62e-06, α=0.000, ‖θ[1:]‖₁=13.802, h_range=[4.90e+00, 2.83e+01], num_knots=313
2025-09-06 13:04:15,229 - Iter 45240: obj=-1134.891243, change=2.62e-06, α=0.000, ‖θ[1:]‖₁=13.802, h_range=[4.90e+00, 2.83e+01], num_knots=313
2025-09-06 13:04:15,348 - Iter 45250: obj=-1134.893465, change=2.62e-06, α=0.000, ‖θ[1:]‖₁=13.802, h_range=[4.90e+00, 2.83e+01], num_knots=313
2025-09-06 13:04:15,450 - Iter 45260: obj=-1134.895687, change=2.62e-06, α=0.000, ‖θ[1:]‖₁=13.802, h_range=[4.90e+00, 2.83e+01], num_knots=313
2025-09-06 13:04:15,576 - Iter 45270: obj=-1134.897909, change=2.62e-06, α=0.000, ‖θ[1:]‖₁=13.802, h_range=[4.90e+00, 2.83e+01], num_knots=313
2025-09-06 13:04:15,698 - Iter 45280: obj=-1134.900131, change=2.62e-06, α=0.000, ‖θ[1:]‖₁=13.802, h_range=[4.90e+00, 2.83e+01], num_knots=313
2025-09-06 13:04:15,839 - Iter 45290: obj=-1134.902353, change=2.62e-06, α=0.000, ‖θ[1:]‖₁=13.802, h_range=[4.90e+00, 2.83e+01], num_knots=313
2025-09-06 13:04:15,923 - Iter 45300: obj=-1134.904574, change=2.62e-06, α=0.000, ‖θ[1:]‖₁=13.802, h_range=[4.90e+00, 2.83e+01], num_knots=313
2025-09-06 13:04:16,035 - Iter 45310: obj=-1134.906796, change=2.62e-06, α=0.000, ‖θ[1:]‖₁=13.802, h_range=[4.90e+00, 2.83e+01], num_knots=313
2025-09-06 13:04:16,126 - Iter 45320: obj=-1134.909017, change=2.62e-06, α=0.000, ‖θ[1:]‖₁=13.802, h_range=[4.90e+00, 2.83e+01], num_knots=313
2025-09-06 13:04:16,265 - Iter 45330: obj=-1134.911239, change=2.62e-06, α=0.000, ‖θ[1:]‖₁=13.802, h_range=[4.90e+00, 2.83e+01], num_knots=313
2025-09-06 13:04:16,395 - Iter 45340: obj=-1134.913460, change=2.62e-06, α=0.000, ‖θ[1:]‖₁=13.802, h_range=[4.90e+00, 2.83e+01], num_knots=313
2025-09-06 13:04:16,542 - Iter 45350: obj=-1134.915681, change=2.62e-06, α=0.000, ‖θ[1:]‖₁=13.803, h_range=[4.90e+00, 2.83e+01], num_knots=313
2025-09-06 13:04:16,639 - Iter 45360: obj=-1134.917903, change=2.62e-06, α=0.000, ‖θ[1:]‖₁=13.803, h_range=[4.90e+00, 2.83e+01], num_knots=313
2025-09-06 13:04:16,745 - Iter 45370: obj=-1134.920124, change=2.62e-06, α=0.000, ‖θ[1:]‖₁=13.803, h_range=[4.90e+00, 2.83e+01], num_knots=313
2025-09-06 13:04:16,853 - Iter 45380: obj=-1134.922345, change=2.62e-06, α=0.000, ‖θ[1:]‖₁=13.803, h_range=[4.90e+00, 2.83e+01], num_knots=313
2025-09-06 13:04:16,971 - Iter 45390: obj=-1134.924566, change=2.62e-06, α=0.000, ‖θ[1:]‖₁=13.803, h_range=[4.90e+00, 2.83e+01], num_knots=313
2025-09-06 13:04:17,072 - Iter 45400: obj=-1134.926787, change=2.62e-06, α=0.000, ‖θ[1:]‖₁=13.803, h_range=[4.90e+00, 2.83e+01], num_knots=313
2025-09-06 13:04:17,183 - Iter 45410: obj=-1134.929007, change=2.62e-06, α=0.000, ‖θ[1:]‖₁=13.803, h_range=[4.90e+00, 2.83e+01], num_knots=313
2025-09-06 13:04:17,324 - Iter 45420: obj=-1134.931228, change=2.62e-06, α=0.000, ‖θ[1:]‖₁=13.803, h_range=[4.90e+00, 2.83e+01], num_knots=313
2025-09-06 13:04:17,422 - Iter 45430: obj=-1134.933449, change=2.62e-06, α=0.000, ‖θ[1:]‖₁=13.803, h_range=[4.90e+00, 2.83e+01], num_knots=313
2025-09-06 13:04:17,517 - Iter 45440: obj=-1134.935670, change=2.62e-06, α=0.000, ‖θ[1:]‖₁=13.803, h_range=[4.90e+00, 2.83e+01], num_knots=313
2025-09-06 13:04:17,638 - Iter 45450: obj=-1134.937890, change=2.62e-06, α=0.000, ‖θ[1:]‖₁=13.803, h_range=[4.90e+00, 2.83e+01], num_knots=313
2025-09-06 13:04:17,754 - Iter 45460: obj=-1134.940111, change=2.62e-06, α=0.000, ‖θ[1:]‖₁=13.803, h_range=[4.90e+00, 2.83e+01], num_knots=313
2025-09-06 13:04:17,888 - Iter 45470: obj=-1134.942331, change=2.62e-06, α=0.000, ‖θ[1:]‖₁=13.803, h_range=[4.90e+00, 2.83e+01], num_knots=313
2025-09-06 13:04:17,996 - Iter 45480: obj=-1134.944551, change=2.62e-06, α=0.000, ‖θ[1:]‖₁=13.803, h_range=[4.90e+00, 2.83e+01], num_knots=313
2025-09-06 13:04:18,100 - Iter 45490: obj=-1134.946771, change=2.62e-06, α=0.000, ‖θ[1:]‖₁=13.803, h_range=[4.90e+00, 2.83e+01], num_knots=313
2025-09-06 13:04:18,189 - Iter 45500: obj=-1134.948992, change=2.62e-06, α=0.000, ‖θ[1:]‖₁=13.803, h_range=[4.90e+00, 2.83e+01], num_knots=313
2025-09-06 13:04:18,295 - Iter 45510: obj=-1134.951212, change=2.62e-06, α=0.000, ‖θ[1:]‖₁=13.803, h_range=[4.90e+00, 2.83e+01], num_knots=313
2025-09-06 13:04:18,415 - Iter 45520: obj=-1134.953432, change=2.62e-06, α=0.000, ‖θ[1:]‖₁=13.803, h_range=[4.90e+00, 2.83e+01], num_knots=313
2025-09-06 13:04:18,519 - Iter 45530: obj=-1134.955652, change=2.62e-06, α=0.000, ‖θ[1:]‖₁=13.803, h_range=[4.90e+00, 2.83e+01], num_knots=313
2025-09-06 13:04:18,649 - Iter 45540: obj=-1134.957872, change=2.62e-06, α=0.000, ‖θ[1:]‖₁=13.803, h_range=[4.90e+00, 2.83e+01], num_knots=313
2025-09-06 13:04:18,782 - Iter 45550: obj=-1134.960092, change=2.62e-06, α=0.000, ‖θ[1:]‖₁=13.803, h_range=[4.90e+00, 2.83e+01], num_knots=313
2025-09-06 13:04:18,891 - Iter 45560: obj=-1134.962311, change=2.62e-06, α=0.000, ‖θ[1:]‖₁=13.803, h_range=[4.90e+00, 2.83e+01], num_knots=313
2025-09-06 13:04:19,019 - Iter 45570: obj=-1134.964531, change=2.62e-06, α=0.000, ‖θ[1:]‖₁=13.803, h_range=[4.90e+00, 2.83e+01], num_knots=313
2025-09-06 13:04:19,150 - Iter 45580: obj=-1134.966751, change=2.62e-06, α=0.000, ‖θ[1:]‖₁=13.803, h_range=[4.90e+00, 2.83e+01], num_knots=313
2025-09-06 13:04:19,322 - Iter 45590: obj=-1134.968970, change=2.62e-06, α=0.000, ‖θ[1:]‖₁=13.803, h_range=[4.90e+00, 2.83e+01], num_knots=313
2025-09-06 13:04:19,464 - Iter 45600: obj=-1134.971190, change=2.62e-06, α=0.000, ‖θ[1:]‖₁=13.803, h_range=[4.90e+00, 2.83e+01], num_knots=313
2025-09-06 13:04:19,575 - Iter 45610: obj=-1134.973409, change=2.62e-06, α=0.000, ‖θ[1:]‖₁=13.803, h_range=[4.90e+00, 2.83e+01], num_knots=313
2025-09-06 13:04:19,681 - Iter 45620: obj=-1134.975629, change=2.62e-06, α=0.000, ‖θ[1:]‖₁=13.803, h_range=[4.90e+00, 2.83e+01], num_knots=313
2025-09-06 13:04:19,777 - Iter 45630: obj=-1134.977848, change=2.62e-06, α=0.000, ‖θ[1:]‖₁=13.803, h_range=[4.90e+00, 2.83e+01], num_knots=313
2025-09-06 13:04:19,869 - Iter 45640: obj=-1134.980067, change=2.62e-06, α=0.000, ‖θ[1:]‖₁=13.803, h_range=[4.90e+00, 2.83e+01], num_knots=313
2025-09-06 13:04:20,001 - Iter 45650: obj=-1134.982286, change=2.62e-06, α=0.000, ‖θ[1:]‖₁=13.803, h_range=[4.90e+00, 2.83e+01], num_knots=313
2025-09-06 13:04:20,129 - Iter 45660: obj=-1134.984505, change=2.62e-06, α=0.000, ‖θ[1:]‖₁=13.803, h_range=[4.90e+00, 2.83e+01], num_knots=313
2025-09-06 13:04:20,223 - Iter 45670: obj=-1134.986724, change=2.62e-06, α=0.000, ‖θ[1:]‖₁=13.803, h_range=[4.90e+00, 2.83e+01], num_knots=313
2025-09-06 13:04:20,340 - Iter 45680: obj=-1134.988943, change=2.62e-06, α=0.000, ‖θ[1:]‖₁=13.803, h_range=[4.90e+00, 2.83e+01], num_knots=313
2025-09-06 13:04:20,446 - Iter 45690: obj=-1134.991162, change=2.62e-06, α=0.000, ‖θ[1:]‖₁=13.803, h_range=[4.90e+00, 2.83e+01], num_knots=313
2025-09-06 13:04:20,557 - Iter 45700: obj=-1134.993381, change=2.62e-06, α=0.000, ‖θ[1:]‖₁=13.803, h_range=[4.90e+00, 2.83e+01], num_knots=313
2025-09-06 13:04:20,678 - Iter 45710: obj=-1134.995600, change=2.62e-06, α=0.000, ‖θ[1:]‖₁=13.803, h_range=[4.90e+00, 2.83e+01], num_knots=313
2025-09-06 13:04:20,792 - Iter 45720: obj=-1134.997818, change=2.62e-06, α=0.000, ‖θ[1:]‖₁=13.803, h_range=[4.90e+00, 2.83e+01], num_knots=313
2025-09-06 13:04:20,889 - Iter 45730: obj=-1135.000037, change=2.62e-06, α=0.000, ‖θ[1:]‖₁=13.803, h_range=[4.90e+00, 2.83e+01], num_knots=313
2025-09-06 13:04:20,977 - Iter 45740: obj=-1135.002256, change=2.62e-06, α=0.000, ‖θ[1:]‖₁=13.803, h_range=[4.90e+00, 2.83e+01], num_knots=313
2025-09-06 13:04:21,086 - Iter 45750: obj=-1135.004474, change=2.62e-06, α=0.000, ‖θ[1:]‖₁=13.803, h_range=[4.90e+00, 2.83e+01], num_knots=313
2025-09-06 13:04:21,202 - Iter 45760: obj=-1135.006692, change=2.62e-06, α=0.000, ‖θ[1:]‖₁=13.803, h_range=[4.90e+00, 2.83e+01], num_knots=313
2025-09-06 13:04:21,293 - Iter 45770: obj=-1135.008911, change=2.62e-06, α=0.000, ‖θ[1:]‖₁=13.803, h_range=[4.90e+00, 2.83e+01], num_knots=313
2025-09-06 13:04:21,392 - Iter 45780: obj=-1135.011129, change=2.62e-06, α=0.000, ‖θ[1:]‖₁=13.803, h_range=[4.90e+00, 2.83e+01], num_knots=313
2025-09-06 13:04:21,497 - Iter 45790: obj=-1135.013347, change=2.62e-06, α=0.000, ‖θ[1:]‖₁=13.803, h_range=[4.90e+00, 2.83e+01], num_knots=312
2025-09-06 13:04:21,610 - Iter 45800: obj=-1135.015552, change=2.62e-06, α=0.000, ‖θ[1:]‖₁=13.803, h_range=[4.90e+00, 2.83e+01], num_knots=311
2025-09-06 13:04:21,723 - Iter 45810: obj=-1135.017751, change=2.62e-06, α=0.000, ‖θ[1:]‖₁=13.803, h_range=[4.90e+00, 2.83e+01], num_knots=311
2025-09-06 13:04:21,839 - Iter 45820: obj=-1135.019949, change=2.62e-06, α=0.000, ‖θ[1:]‖₁=13.803, h_range=[4.90e+00, 2.83e+01], num_knots=311
2025-09-06 13:04:21,951 - Iter 45830: obj=-1135.022147, change=2.62e-06, α=0.000, ‖θ[1:]‖₁=13.804, h_range=[4.90e+00, 2.83e+01], num_knots=311
2025-09-06 13:04:22,070 - Iter 45840: obj=-1135.024345, change=2.62e-06, α=0.000, ‖θ[1:]‖₁=13.804, h_range=[4.90e+00, 2.83e+01], num_knots=311
2025-09-06 13:04:22,170 - Iter 45850: obj=-1135.026543, change=2.62e-06, α=0.000, ‖θ[1:]‖₁=13.804, h_range=[4.90e+00, 2.83e+01], num_knots=311
2025-09-06 13:04:22,282 - Iter 45860: obj=-1135.028741, change=2.62e-06, α=0.000, ‖θ[1:]‖₁=13.804, h_range=[4.90e+00, 2.83e+01], num_knots=311
2025-09-06 13:04:22,405 - Iter 45870: obj=-1135.030939, change=2.62e-06, α=0.000, ‖θ[1:]‖₁=13.804, h_range=[4.90e+00, 2.83e+01], num_knots=311
2025-09-06 13:04:22,523 - Iter 45880: obj=-1135.033136, change=2.62e-06, α=0.000, ‖θ[1:]‖₁=13.804, h_range=[4.90e+00, 2.83e+01], num_knots=311
2025-09-06 13:04:22,637 - Iter 45890: obj=-1135.035334, change=2.62e-06, α=0.000, ‖θ[1:]‖₁=13.804, h_range=[4.90e+00, 2.83e+01], num_knots=311
2025-09-06 13:04:22,766 - Iter 45900: obj=-1135.037531, change=2.62e-06, α=0.000, ‖θ[1:]‖₁=13.804, h_range=[4.90e+00, 2.83e+01], num_knots=311
2025-09-06 13:04:22,883 - Iter 45910: obj=-1135.039728, change=2.62e-06, α=0.000, ‖θ[1:]‖₁=13.804, h_range=[4.90e+00, 2.83e+01], num_knots=311
2025-09-06 13:04:22,996 - Iter 45920: obj=-1135.041926, change=2.62e-06, α=0.000, ‖θ[1:]‖₁=13.804, h_range=[4.90e+00, 2.83e+01], num_knots=311
2025-09-06 13:04:23,103 - Iter 45930: obj=-1135.044123, change=2.62e-06, α=0.000, ‖θ[1:]‖₁=13.804, h_range=[4.90e+00, 2.83e+01], num_knots=311
2025-09-06 13:04:23,209 - Iter 45940: obj=-1135.046320, change=2.62e-06, α=0.000, ‖θ[1:]‖₁=13.804, h_range=[4.90e+00, 2.83e+01], num_knots=311
2025-09-06 13:04:23,312 - Iter 45950: obj=-1135.048517, change=2.62e-06, α=0.000, ‖θ[1:]‖₁=13.804, h_range=[4.90e+00, 2.83e+01], num_knots=311
2025-09-06 13:04:23,405 - Iter 45960: obj=-1135.050714, change=2.62e-06, α=0.000, ‖θ[1:]‖₁=13.804, h_range=[4.90e+00, 2.83e+01], num_knots=311
2025-09-06 13:04:23,500 - Iter 45970: obj=-1135.052911, change=2.62e-06, α=0.000, ‖θ[1:]‖₁=13.804, h_range=[4.90e+00, 2.83e+01], num_knots=311
2025-09-06 13:04:23,606 - Iter 45980: obj=-1135.055108, change=2.62e-06, α=0.000, ‖θ[1:]‖₁=13.804, h_range=[4.90e+00, 2.83e+01], num_knots=311
2025-09-06 13:04:23,719 - Iter 45990: obj=-1135.057304, change=2.62e-06, α=0.000, ‖θ[1:]‖₁=13.804, h_range=[4.90e+00, 2.83e+01], num_knots=311
2025-09-06 13:04:23,816 - Iter 46000: obj=-1135.059501, change=2.62e-06, α=0.000, ‖θ[1:]‖₁=13.804, h_range=[4.90e+00, 2.83e+01], num_knots=311
2025-09-06 13:04:23,916 - Iter 46010: obj=-1135.061698, change=2.62e-06, α=0.000, ‖θ[1:]‖₁=13.804, h_range=[4.90e+00, 2.83e+01], num_knots=311
2025-09-06 13:04:24,006 - Iter 46020: obj=-1135.063894, change=2.62e-06, α=0.000, ‖θ[1:]‖₁=13.804, h_range=[4.90e+00, 2.83e+01], num_knots=311
2025-09-06 13:04:24,112 - Iter 46030: obj=-1135.066090, change=2.62e-06, α=0.000, ‖θ[1:]‖₁=13.804, h_range=[4.90e+00, 2.83e+01], num_knots=311
2025-09-06 13:04:24,232 - Iter 46040: obj=-1135.068287, change=2.62e-06, α=0.000, ‖θ[1:]‖₁=13.804, h_range=[4.90e+00, 2.83e+01], num_knots=311
2025-09-06 13:04:24,332 - Iter 46050: obj=-1135.070483, change=2.62e-06, α=0.000, ‖θ[1:]‖₁=13.804, h_range=[4.90e+00, 2.83e+01], num_knots=311
2025-09-06 13:04:24,433 - Iter 46060: obj=-1135.072679, change=2.62e-06, α=0.000, ‖θ[1:]‖₁=13.804, h_range=[4.90e+00, 2.83e+01], num_knots=311
2025-09-06 13:04:24,556 - Iter 46070: obj=-1135.074875, change=2.62e-06, α=0.000, ‖θ[1:]‖₁=13.804, h_range=[4.90e+00, 2.83e+01], num_knots=311
2025-09-06 13:04:24,687 - Iter 46080: obj=-1135.077071, change=2.62e-06, α=0.000, ‖θ[1:]‖₁=13.804, h_range=[4.90e+00, 2.83e+01], num_knots=311
2025-09-06 13:04:24,786 - Iter 46090: obj=-1135.079267, change=2.62e-06, α=0.000, ‖θ[1:]‖₁=13.804, h_range=[4.90e+00, 2.83e+01], num_knots=311
2025-09-06 13:04:24,903 - Iter 46100: obj=-1135.081463, change=2.62e-06, α=0.000, ‖θ[1:]‖₁=13.804, h_range=[4.90e+00, 2.83e+01], num_knots=311
2025-09-06 13:04:25,028 - Iter 46110: obj=-1135.083659, change=2.62e-06, α=0.000, ‖θ[1:]‖₁=13.804, h_range=[4.90e+00, 2.83e+01], num_knots=311
2025-09-06 13:04:25,143 - Iter 46120: obj=-1135.085855, change=2.62e-06, α=0.000, ‖θ[1:]‖₁=13.804, h_range=[4.90e+00, 2.83e+01], num_knots=311
2025-09-06 13:04:25,264 - Iter 46130: obj=-1135.088050, change=2.62e-06, α=0.000, ‖θ[1:]‖₁=13.804, h_range=[4.90e+00, 2.83e+01], num_knots=311
2025-09-06 13:04:25,362 - Iter 46140: obj=-1135.090246, change=2.62e-06, α=0.000, ‖θ[1:]‖₁=13.804, h_range=[4.90e+00, 2.83e+01], num_knots=311
2025-09-06 13:04:25,460 - Iter 46150: obj=-1135.092441, change=2.62e-06, α=0.000, ‖θ[1:]‖₁=13.804, h_range=[4.90e+00, 2.83e+01], num_knots=311
2025-09-06 13:04:25,570 - Iter 46160: obj=-1135.094637, change=2.62e-06, α=0.000, ‖θ[1:]‖₁=13.804, h_range=[4.90e+00, 2.83e+01], num_knots=311
2025-09-06 13:04:25,677 - Iter 46170: obj=-1135.096832, change=2.62e-06, α=0.000, ‖θ[1:]‖₁=13.804, h_range=[4.90e+00, 2.83e+01], num_knots=311
2025-09-06 13:04:25,786 - Iter 46180: obj=-1135.099027, change=2.62e-06, α=0.000, ‖θ[1:]‖₁=13.804, h_range=[4.90e+00, 2.83e+01], num_knots=311
2025-09-06 13:04:25,903 - Iter 46190: obj=-1135.101222, change=2.62e-06, α=0.000, ‖θ[1:]‖₁=13.804, h_range=[4.90e+00, 2.83e+01], num_knots=311
2025-09-06 13:04:26,018 - Iter 46200: obj=-1135.103418, change=2.62e-06, α=0.000, ‖θ[1:]‖₁=13.804, h_range=[4.90e+00, 2.83e+01], num_knots=311
2025-09-06 13:04:26,112 - Iter 46210: obj=-1135.105613, change=2.62e-06, α=0.000, ‖θ[1:]‖₁=13.804, h_range=[4.90e+00, 2.83e+01], num_knots=311
2025-09-06 13:04:26,272 - Iter 46220: obj=-1135.107808, change=2.62e-06, α=0.000, ‖θ[1:]‖₁=13.804, h_range=[4.90e+00, 2.83e+01], num_knots=311
2025-09-06 13:04:26,394 - Iter 46230: obj=-1135.110003, change=2.62e-06, α=0.000, ‖θ[1:]‖₁=13.804, h_range=[4.90e+00, 2.83e+01], num_knots=311
2025-09-06 13:04:26,502 - Iter 46240: obj=-1135.112197, change=2.62e-06, α=0.000, ‖θ[1:]‖₁=13.804, h_range=[4.90e+00, 2.83e+01], num_knots=311
2025-09-06 13:04:26,608 - Iter 46250: obj=-1135.114392, change=2.62e-06, α=0.000, ‖θ[1:]‖₁=13.804, h_range=[4.90e+00, 2.83e+01], num_knots=311
2025-09-06 13:04:26,725 - Iter 46260: obj=-1135.116587, change=2.62e-06, α=0.000, ‖θ[1:]‖₁=13.805, h_range=[4.90e+00, 2.83e+01], num_knots=311
2025-09-06 13:04:26,831 - Iter 46270: obj=-1135.118782, change=2.62e-06, α=0.000, ‖θ[1:]‖₁=13.805, h_range=[4.90e+00, 2.83e+01], num_knots=311
2025-09-06 13:04:26,927 - Iter 46280: obj=-1135.120976, change=2.62e-06, α=0.000, ‖θ[1:]‖₁=13.805, h_range=[4.90e+00, 2.83e+01], num_knots=311
2025-09-06 13:04:27,018 - Iter 46290: obj=-1135.123171, change=2.62e-06, α=0.000, ‖θ[1:]‖₁=13.805, h_range=[4.90e+00, 2.83e+01], num_knots=311
2025-09-06 13:04:27,134 - Iter 46300: obj=-1135.125365, change=2.62e-06, α=0.000, ‖θ[1:]‖₁=13.805, h_range=[4.90e+00, 2.83e+01], num_knots=311
2025-09-06 13:04:27,231 - Iter 46310: obj=-1135.127559, change=2.62e-06, α=0.000, ‖θ[1:]‖₁=13.805, h_range=[4.90e+00, 2.83e+01], num_knots=311
2025-09-06 13:04:27,323 - Iter 46320: obj=-1135.129754, change=2.63e-06, α=0.000, ‖θ[1:]‖₁=13.805, h_range=[4.90e+00, 2.83e+01], num_knots=311
2025-09-06 13:04:27,434 - Iter 46330: obj=-1135.131948, change=2.63e-06, α=0.000, ‖θ[1:]‖₁=13.805, h_range=[4.90e+00, 2.83e+01], num_knots=311
2025-09-06 13:04:27,566 - Iter 46340: obj=-1135.134142, change=2.63e-06, α=0.000, ‖θ[1:]‖₁=13.805, h_range=[4.90e+00, 2.83e+01], num_knots=311
2025-09-06 13:04:27,672 - Iter 46350: obj=-1135.136336, change=2.63e-06, α=0.000, ‖θ[1:]‖₁=13.805, h_range=[4.90e+00, 2.83e+01], num_knots=311
2025-09-06 13:04:27,787 - Iter 46360: obj=-1135.138530, change=2.63e-06, α=0.000, ‖θ[1:]‖₁=13.805, h_range=[4.90e+00, 2.83e+01], num_knots=311
2025-09-06 13:04:27,883 - Iter 46370: obj=-1135.140724, change=2.63e-06, α=0.000, ‖θ[1:]‖₁=13.805, h_range=[4.90e+00, 2.83e+01], num_knots=311
2025-09-06 13:04:28,005 - Iter 46380: obj=-1135.142918, change=2.63e-06, α=0.000, ‖θ[1:]‖₁=13.805, h_range=[4.90e+00, 2.83e+01], num_knots=311
2025-09-06 13:04:28,093 - Iter 46390: obj=-1135.145112, change=2.63e-06, α=0.000, ‖θ[1:]‖₁=13.805, h_range=[4.90e+00, 2.83e+01], num_knots=311
2025-09-06 13:04:28,184 - Iter 46400: obj=-1135.147305, change=2.63e-06, α=0.000, ‖θ[1:]‖₁=13.805, h_range=[4.90e+00, 2.83e+01], num_knots=311
2025-09-06 13:04:28,284 - Iter 46410: obj=-1135.149499, change=2.63e-06, α=0.000, ‖θ[1:]‖₁=13.805, h_range=[4.90e+00, 2.83e+01], num_knots=311
2025-09-06 13:04:28,385 - Iter 46420: obj=-1135.151693, change=2.63e-06, α=0.000, ‖θ[1:]‖₁=13.805, h_range=[4.90e+00, 2.83e+01], num_knots=311
2025-09-06 13:04:28,488 - Iter 46430: obj=-1135.153886, change=2.63e-06, α=0.000, ‖θ[1:]‖₁=13.805, h_range=[4.90e+00, 2.83e+01], num_knots=311
2025-09-06 13:04:28,602 - Iter 46440: obj=-1135.156080, change=2.63e-06, α=0.000, ‖θ[1:]‖₁=13.805, h_range=[4.90e+00, 2.83e+01], num_knots=311
2025-09-06 13:04:28,714 - Iter 46450: obj=-1135.158273, change=2.63e-06, α=0.000, ‖θ[1:]‖₁=13.805, h_range=[4.90e+00, 2.83e+01], num_knots=311
2025-09-06 13:04:28,810 - Iter 46460: obj=-1135.160466, change=2.63e-06, α=0.000, ‖θ[1:]‖₁=13.805, h_range=[4.90e+00, 2.83e+01], num_knots=311
2025-09-06 13:04:28,908 - Iter 46470: obj=-1135.162660, change=2.63e-06, α=0.000, ‖θ[1:]‖₁=13.805, h_range=[4.90e+00, 2.83e+01], num_knots=311
2025-09-06 13:04:29,014 - Iter 46480: obj=-1135.164853, change=2.63e-06, α=0.000, ‖θ[1:]‖₁=13.805, h_range=[4.90e+00, 2.83e+01], num_knots=311
2025-09-06 13:04:29,124 - Iter 46490: obj=-1135.167046, change=2.63e-06, α=0.000, ‖θ[1:]‖₁=13.805, h_range=[4.90e+00, 2.83e+01], num_knots=311
2025-09-06 13:04:29,245 - Iter 46500: obj=-1135.169239, change=2.63e-06, α=0.000, ‖θ[1:]‖₁=13.805, h_range=[4.90e+00, 2.83e+01], num_knots=311
2025-09-06 13:04:29,346 - Iter 46510: obj=-1135.171432, change=2.63e-06, α=0.000, ‖θ[1:]‖₁=13.805, h_range=[4.90e+00, 2.83e+01], num_knots=311
2025-09-06 13:04:29,462 - Iter 46520: obj=-1135.173625, change=2.63e-06, α=0.000, ‖θ[1:]‖₁=13.805, h_range=[4.90e+00, 2.83e+01], num_knots=311
2025-09-06 13:04:29,607 - Iter 46530: obj=-1135.175818, change=2.63e-06, α=0.000, ‖θ[1:]‖₁=13.805, h_range=[4.90e+00, 2.83e+01], num_knots=311
2025-09-06 13:04:29,721 - Iter 46540: obj=-1135.178011, change=2.63e-06, α=0.000, ‖θ[1:]‖₁=13.805, h_range=[4.90e+00, 2.83e+01], num_knots=311
2025-09-06 13:04:29,821 - Iter 46550: obj=-1135.180203, change=2.63e-06, α=0.000, ‖θ[1:]‖₁=13.805, h_range=[4.90e+00, 2.83e+01], num_knots=311
2025-09-06 13:04:29,948 - Iter 46560: obj=-1135.182396, change=2.63e-06, α=0.000, ‖θ[1:]‖₁=13.805, h_range=[4.90e+00, 2.83e+01], num_knots=311
2025-09-06 13:04:30,057 - Iter 46570: obj=-1135.184589, change=2.63e-06, α=0.000, ‖θ[1:]‖₁=13.805, h_range=[4.90e+00, 2.83e+01], num_knots=311
2025-09-06 13:04:30,151 - Iter 46580: obj=-1135.186781, change=2.63e-06, α=0.000, ‖θ[1:]‖₁=13.805, h_range=[4.90e+00, 2.83e+01], num_knots=311
2025-09-06 13:04:30,252 - Iter 46590: obj=-1135.188974, change=2.63e-06, α=0.000, ‖θ[1:]‖₁=13.805, h_range=[4.90e+00, 2.83e+01], num_knots=311
2025-09-06 13:04:30,360 - Iter 46600: obj=-1135.191166, change=2.63e-06, α=0.000, ‖θ[1:]‖₁=13.805, h_range=[4.90e+00, 2.83e+01], num_knots=311
2025-09-06 13:04:30,467 - Iter 46610: obj=-1135.193358, change=2.63e-06, α=0.000, ‖θ[1:]‖₁=13.805, h_range=[4.90e+00, 2.83e+01], num_knots=311
2025-09-06 13:04:30,574 - Iter 46620: obj=-1135.195551, change=2.63e-06, α=0.000, ‖θ[1:]‖₁=13.805, h_range=[4.90e+00, 2.83e+01], num_knots=311
2025-09-06 13:04:30,679 - Iter 46630: obj=-1135.197743, change=2.63e-06, α=0.000, ‖θ[1:]‖₁=13.805, h_range=[4.90e+00, 2.83e+01], num_knots=311
2025-09-06 13:04:30,787 - Iter 46640: obj=-1135.199935, change=2.63e-06, α=0.000, ‖θ[1:]‖₁=13.805, h_range=[4.90e+00, 2.83e+01], num_knots=311
2025-09-06 13:04:30,876 - Iter 46650: obj=-1135.202127, change=2.63e-06, α=0.000, ‖θ[1:]‖₁=13.805, h_range=[4.90e+00, 2.83e+01], num_knots=311
2025-09-06 13:04:30,977 - Iter 46660: obj=-1135.204319, change=2.63e-06, α=0.000, ‖θ[1:]‖₁=13.805, h_range=[4.90e+00, 2.83e+01], num_knots=311
2025-09-06 13:04:31,063 - Iter 46670: obj=-1135.206508, change=2.63e-06, α=0.000, ‖θ[1:]‖₁=13.805, h_range=[4.90e+00, 2.83e+01], num_knots=310
2025-09-06 13:04:31,157 - Iter 46680: obj=-1135.208691, change=2.63e-06, α=0.000, ‖θ[1:]‖₁=13.805, h_range=[4.90e+00, 2.83e+01], num_knots=310
2025-09-06 13:04:31,279 - Iter 46690: obj=-1135.210875, change=2.63e-06, α=0.000, ‖θ[1:]‖₁=13.805, h_range=[4.90e+00, 2.83e+01], num_knots=310
2025-09-06 13:04:31,396 - Iter 46700: obj=-1135.213058, change=2.63e-06, α=0.000, ‖θ[1:]‖₁=13.805, h_range=[4.90e+00, 2.83e+01], num_knots=310
2025-09-06 13:04:31,500 - Iter 46710: obj=-1135.215241, change=2.63e-06, α=0.000, ‖θ[1:]‖₁=13.805, h_range=[4.90e+00, 2.83e+01], num_knots=310
2025-09-06 13:04:31,599 - Iter 46720: obj=-1135.217425, change=2.63e-06, α=0.000, ‖θ[1:]‖₁=13.805, h_range=[4.90e+00, 2.83e+01], num_knots=310
2025-09-06 13:04:31,698 - Iter 46730: obj=-1135.219608, change=2.63e-06, α=0.000, ‖θ[1:]‖₁=13.805, h_range=[4.90e+00, 2.83e+01], num_knots=310
2025-09-06 13:04:31,822 - Iter 46740: obj=-1135.221791, change=2.63e-06, α=0.000, ‖θ[1:]‖₁=13.805, h_range=[4.90e+00, 2.83e+01], num_knots=310
2025-09-06 13:04:31,940 - Iter 46750: obj=-1135.223974, change=2.63e-06, α=0.000, ‖θ[1:]‖₁=13.805, h_range=[4.90e+00, 2.83e+01], num_knots=310
2025-09-06 13:04:32,077 - Iter 46760: obj=-1135.226156, change=2.63e-06, α=0.000, ‖θ[1:]‖₁=13.805, h_range=[4.90e+00, 2.83e+01], num_knots=310
2025-09-06 13:04:32,175 - Iter 46770: obj=-1135.228339, change=2.63e-06, α=0.000, ‖θ[1:]‖₁=13.805, h_range=[4.90e+00, 2.83e+01], num_knots=310
2025-09-06 13:04:32,289 - Iter 46780: obj=-1135.230522, change=2.63e-06, α=0.000, ‖θ[1:]‖₁=13.805, h_range=[4.90e+00, 2.83e+01], num_knots=310
2025-09-06 13:04:32,405 - Iter 46790: obj=-1135.232705, change=2.63e-06, α=0.000, ‖θ[1:]‖₁=13.805, h_range=[4.90e+00, 2.83e+01], num_knots=310
2025-09-06 13:04:32,516 - Iter 46800: obj=-1135.234887, change=2.63e-06, α=0.000, ‖θ[1:]‖₁=13.805, h_range=[4.90e+00, 2.83e+01], num_knots=310
2025-09-06 13:04:32,644 - Iter 46810: obj=-1135.237069, change=2.63e-06, α=0.000, ‖θ[1:]‖₁=13.806, h_range=[4.90e+00, 2.83e+01], num_knots=310
2025-09-06 13:04:32,746 - Iter 46820: obj=-1135.239252, change=2.63e-06, α=0.000, ‖θ[1:]‖₁=13.806, h_range=[4.90e+00, 2.83e+01], num_knots=310
2025-09-06 13:04:32,850 - Iter 46830: obj=-1135.241434, change=2.63e-06, α=0.000, ‖θ[1:]‖₁=13.806, h_range=[4.90e+00, 2.83e+01], num_knots=310
2025-09-06 13:04:32,962 - Iter 46840: obj=-1135.243616, change=2.63e-06, α=0.000, ‖θ[1:]‖₁=13.806, h_range=[4.90e+00, 2.83e+01], num_knots=310
2025-09-06 13:04:33,070 - Iter 46850: obj=-1135.245799, change=2.63e-06, α=0.000, ‖θ[1:]‖₁=13.806, h_range=[4.90e+00, 2.83e+01], num_knots=310
2025-09-06 13:04:33,167 - Iter 46860: obj=-1135.247981, change=2.63e-06, α=0.000, ‖θ[1:]‖₁=13.806, h_range=[4.90e+00, 2.83e+01], num_knots=310
2025-09-06 13:04:33,265 - Iter 46870: obj=-1135.250163, change=2.63e-06, α=0.000, ‖θ[1:]‖₁=13.806, h_range=[4.90e+00, 2.83e+01], num_knots=310
2025-09-06 13:04:33,384 - Iter 46880: obj=-1135.252345, change=2.63e-06, α=0.000, ‖θ[1:]‖₁=13.806, h_range=[4.90e+00, 2.83e+01], num_knots=310
2025-09-06 13:04:33,482 - Iter 46890: obj=-1135.254526, change=2.63e-06, α=0.000, ‖θ[1:]‖₁=13.806, h_range=[4.90e+00, 2.83e+01], num_knots=310
2025-09-06 13:04:33,585 - Iter 46900: obj=-1135.256708, change=2.63e-06, α=0.000, ‖θ[1:]‖₁=13.806, h_range=[4.90e+00, 2.83e+01], num_knots=310
2025-09-06 13:04:33,691 - Iter 46910: obj=-1135.258890, change=2.63e-06, α=0.000, ‖θ[1:]‖₁=13.806, h_range=[4.90e+00, 2.83e+01], num_knots=310
2025-09-06 13:04:33,791 - Iter 46920: obj=-1135.261072, change=2.63e-06, α=0.000, ‖θ[1:]‖₁=13.806, h_range=[4.90e+00, 2.83e+01], num_knots=310
2025-09-06 13:04:33,879 - Iter 46930: obj=-1135.263253, change=2.63e-06, α=0.000, ‖θ[1:]‖₁=13.806, h_range=[4.90e+00, 2.83e+01], num_knots=310
2025-09-06 13:04:33,963 - Iter 46940: obj=-1135.265435, change=2.63e-06, α=0.000, ‖θ[1:]‖₁=13.806, h_range=[4.90e+00, 2.83e+01], num_knots=310
2025-09-06 13:04:34,064 - Iter 46950: obj=-1135.267616, change=2.63e-06, α=0.000, ‖θ[1:]‖₁=13.806, h_range=[4.90e+00, 2.83e+01], num_knots=310
2025-09-06 13:04:34,163 - Iter 46960: obj=-1135.269797, change=2.63e-06, α=0.000, ‖θ[1:]‖₁=13.806, h_range=[4.90e+00, 2.83e+01], num_knots=310
2025-09-06 13:04:34,290 - Iter 46970: obj=-1135.271979, change=2.63e-06, α=0.000, ‖θ[1:]‖₁=13.806, h_range=[4.90e+00, 2.83e+01], num_knots=310
2025-09-06 13:04:34,397 - Iter 46980: obj=-1135.274160, change=2.63e-06, α=0.000, ‖θ[1:]‖₁=13.806, h_range=[4.90e+00, 2.83e+01], num_knots=310
2025-09-06 13:04:34,501 - Iter 46990: obj=-1135.276341, change=2.63e-06, α=0.000, ‖θ[1:]‖₁=13.806, h_range=[4.90e+00, 2.83e+01], num_knots=310
2025-09-06 13:04:34,622 - Iter 47000: obj=-1135.278522, change=2.63e-06, α=0.000, ‖θ[1:]‖₁=13.806, h_range=[4.90e+00, 2.83e+01], num_knots=310
2025-09-06 13:04:34,752 - Iter 47010: obj=-1135.280703, change=2.63e-06, α=0.000, ‖θ[1:]‖₁=13.806, h_range=[4.90e+00, 2.83e+01], num_knots=310
2025-09-06 13:04:34,873 - Iter 47020: obj=-1135.282884, change=2.63e-06, α=0.000, ‖θ[1:]‖₁=13.806, h_range=[4.90e+00, 2.83e+01], num_knots=310
2025-09-06 13:04:35,005 - Iter 47030: obj=-1135.285065, change=2.63e-06, α=0.000, ‖θ[1:]‖₁=13.806, h_range=[4.90e+00, 2.83e+01], num_knots=310
2025-09-06 13:04:35,107 - Iter 47040: obj=-1135.287246, change=2.63e-06, α=0.000, ‖θ[1:]‖₁=13.806, h_range=[4.90e+00, 2.83e+01], num_knots=310
2025-09-06 13:04:35,232 - Iter 47050: obj=-1135.289423, change=2.63e-06, α=0.000, ‖θ[1:]‖₁=13.806, h_range=[4.90e+00, 2.83e+01], num_knots=309
2025-09-06 13:04:35,339 - Iter 47060: obj=-1135.291598, change=2.63e-06, α=0.000, ‖θ[1:]‖₁=13.806, h_range=[4.90e+00, 2.83e+01], num_knots=309
2025-09-06 13:04:35,448 - Iter 47070: obj=-1135.293773, change=2.63e-06, α=0.000, ‖θ[1:]‖₁=13.806, h_range=[4.90e+00, 2.83e+01], num_knots=309
2025-09-06 13:04:35,539 - Iter 47080: obj=-1135.295948, change=2.63e-06, α=0.000, ‖θ[1:]‖₁=13.806, h_range=[4.90e+00, 2.83e+01], num_knots=309
2025-09-06 13:04:35,641 - Iter 47090: obj=-1135.298123, change=2.63e-06, α=0.000, ‖θ[1:]‖₁=13.806, h_range=[4.90e+00, 2.83e+01], num_knots=309
2025-09-06 13:04:35,752 - Iter 47100: obj=-1135.300298, change=2.63e-06, α=0.000, ‖θ[1:]‖₁=13.806, h_range=[4.90e+00, 2.83e+01], num_knots=309
2025-09-06 13:04:35,863 - Iter 47110: obj=-1135.302473, change=2.63e-06, α=0.000, ‖θ[1:]‖₁=13.806, h_range=[4.90e+00, 2.83e+01], num_knots=309
2025-09-06 13:04:35,964 - Iter 47120: obj=-1135.304648, change=2.63e-06, α=0.000, ‖θ[1:]‖₁=13.806, h_range=[4.90e+00, 2.83e+01], num_knots=309
2025-09-06 13:04:36,084 - Iter 47130: obj=-1135.306823, change=2.63e-06, α=0.000, ‖θ[1:]‖₁=13.806, h_range=[4.90e+00, 2.83e+01], num_knots=309
2025-09-06 13:04:36,193 - Iter 47140: obj=-1135.308997, change=2.63e-06, α=0.000, ‖θ[1:]‖₁=13.806, h_range=[4.90e+00, 2.83e+01], num_knots=309
2025-09-06 13:04:36,309 - Iter 47150: obj=-1135.311172, change=2.63e-06, α=0.000, ‖θ[1:]‖₁=13.806, h_range=[4.90e+00, 2.83e+01], num_knots=309
2025-09-06 13:04:36,437 - Iter 47160: obj=-1135.313346, change=2.63e-06, α=0.000, ‖θ[1:]‖₁=13.806, h_range=[4.90e+00, 2.83e+01], num_knots=309
2025-09-06 13:04:36,524 - Iter 47170: obj=-1135.315521, change=2.63e-06, α=0.000, ‖θ[1:]‖₁=13.806, h_range=[4.90e+00, 2.83e+01], num_knots=309
2025-09-06 13:04:36,619 - Iter 47180: obj=-1135.317695, change=2.63e-06, α=0.000, ‖θ[1:]‖₁=13.806, h_range=[4.90e+00, 2.83e+01], num_knots=309
2025-09-06 13:04:36,730 - Iter 47190: obj=-1135.319869, change=2.63e-06, α=0.000, ‖θ[1:]‖₁=13.806, h_range=[4.90e+00, 2.83e+01], num_knots=309
2025-09-06 13:04:36,901 - Iter 47200: obj=-1135.322043, change=2.63e-06, α=0.000, ‖θ[1:]‖₁=13.806, h_range=[4.90e+00, 2.83e+01], num_knots=309
2025-09-06 13:04:37,048 - Iter 47210: obj=-1135.324218, change=2.63e-06, α=0.000, ‖θ[1:]‖₁=13.806, h_range=[4.90e+00, 2.83e+01], num_knots=309
2025-09-06 13:04:37,131 - Iter 47220: obj=-1135.326392, change=2.63e-06, α=0.000, ‖θ[1:]‖₁=13.806, h_range=[4.90e+00, 2.83e+01], num_knots=309
2025-09-06 13:04:37,248 - Iter 47230: obj=-1135.328566, change=2.63e-06, α=0.000, ‖θ[1:]‖₁=13.806, h_range=[4.90e+00, 2.83e+01], num_knots=309
2025-09-06 13:04:37,343 - Iter 47240: obj=-1135.330740, change=2.63e-06, α=0.000, ‖θ[1:]‖₁=13.806, h_range=[4.90e+00, 2.83e+01], num_knots=309
2025-09-06 13:04:37,450 - Iter 47250: obj=-1135.332913, change=2.63e-06, α=0.000, ‖θ[1:]‖₁=13.806, h_range=[4.90e+00, 2.83e+01], num_knots=309
2025-09-06 13:04:37,616 - Iter 47260: obj=-1135.335087, change=2.63e-06, α=0.000, ‖θ[1:]‖₁=13.806, h_range=[4.90e+00, 2.83e+01], num_knots=309
2025-09-06 13:04:37,735 - Iter 47270: obj=-1135.337261, change=2.63e-06, α=0.000, ‖θ[1:]‖₁=13.806, h_range=[4.90e+00, 2.83e+01], num_knots=309
2025-09-06 13:04:37,815 - Iter 47280: obj=-1135.339435, change=2.63e-06, α=0.000, ‖θ[1:]‖₁=13.806, h_range=[4.90e+00, 2.83e+01], num_knots=309
2025-09-06 13:04:37,934 - Iter 47290: obj=-1135.341608, change=2.63e-06, α=0.000, ‖θ[1:]‖₁=13.806, h_range=[4.90e+00, 2.83e+01], num_knots=309
2025-09-06 13:04:38,017 - Iter 47300: obj=-1135.343782, change=2.63e-06, α=0.000, ‖θ[1:]‖₁=13.806, h_range=[4.90e+00, 2.83e+01], num_knots=309
2025-09-06 13:04:38,127 - Iter 47310: obj=-1135.345955, change=2.63e-06, α=0.000, ‖θ[1:]‖₁=13.806, h_range=[4.90e+00, 2.83e+01], num_knots=309
2025-09-06 13:04:38,231 - Iter 47320: obj=-1135.348129, change=2.63e-06, α=0.000, ‖θ[1:]‖₁=13.807, h_range=[4.90e+00, 2.83e+01], num_knots=309
2025-09-06 13:04:38,337 - Iter 47330: obj=-1135.350288, change=2.63e-06, α=0.000, ‖θ[1:]‖₁=13.807, h_range=[4.90e+00, 2.83e+01], num_knots=308
2025-09-06 13:04:38,434 - Iter 47340: obj=-1135.352443, change=2.63e-06, α=0.000, ‖θ[1:]‖₁=13.807, h_range=[4.90e+00, 2.83e+01], num_knots=308
2025-09-06 13:04:38,549 - Iter 47350: obj=-1135.354598, change=2.63e-06, α=0.000, ‖θ[1:]‖₁=13.807, h_range=[4.90e+00, 2.83e+01], num_knots=308
2025-09-06 13:04:38,648 - Iter 47360: obj=-1135.356753, change=2.63e-06, α=0.000, ‖θ[1:]‖₁=13.807, h_range=[4.90e+00, 2.83e+01], num_knots=308
2025-09-06 13:04:38,763 - Iter 47370: obj=-1135.358907, change=2.63e-06, α=0.000, ‖θ[1:]‖₁=13.807, h_range=[4.90e+00, 2.83e+01], num_knots=308
2025-09-06 13:04:38,865 - Iter 47380: obj=-1135.361062, change=2.63e-06, α=0.000, ‖θ[1:]‖₁=13.807, h_range=[4.90e+00, 2.83e+01], num_knots=308
2025-09-06 13:04:38,971 - Iter 47390: obj=-1135.363216, change=2.63e-06, α=0.000, ‖θ[1:]‖₁=13.807, h_range=[4.90e+00, 2.83e+01], num_knots=308
2025-09-06 13:04:39,057 - Iter 47400: obj=-1135.365371, change=2.63e-06, α=0.000, ‖θ[1:]‖₁=13.807, h_range=[4.90e+00, 2.83e+01], num_knots=308
2025-09-06 13:04:39,153 - Iter 47410: obj=-1135.367525, change=2.63e-06, α=0.000, ‖θ[1:]‖₁=13.807, h_range=[4.90e+00, 2.83e+01], num_knots=308
2025-09-06 13:04:39,256 - Iter 47420: obj=-1135.369679, change=2.63e-06, α=0.000, ‖θ[1:]‖₁=13.807, h_range=[4.90e+00, 2.83e+01], num_knots=308
2025-09-06 13:04:39,352 - Iter 47430: obj=-1135.371833, change=2.63e-06, α=0.000, ‖θ[1:]‖₁=13.807, h_range=[4.90e+00, 2.83e+01], num_knots=308
2025-09-06 13:04:39,438 - Iter 47440: obj=-1135.373987, change=2.63e-06, α=0.000, ‖θ[1:]‖₁=13.807, h_range=[4.90e+00, 2.83e+01], num_knots=308
2025-09-06 13:04:39,537 - Iter 47450: obj=-1135.376141, change=2.63e-06, α=0.000, ‖θ[1:]‖₁=13.807, h_range=[4.90e+00, 2.83e+01], num_knots=308
2025-09-06 13:04:39,655 - Iter 47460: obj=-1135.378292, change=2.63e-06, α=0.000, ‖θ[1:]‖₁=13.807, h_range=[4.90e+00, 2.83e+01], num_knots=307
2025-09-06 13:04:39,805 - Iter 47470: obj=-1135.380442, change=2.63e-06, α=0.000, ‖θ[1:]‖₁=13.807, h_range=[4.90e+00, 2.83e+01], num_knots=307
2025-09-06 13:04:39,900 - Iter 47480: obj=-1135.382592, change=2.63e-06, α=0.000, ‖θ[1:]‖₁=13.807, h_range=[4.90e+00, 2.83e+01], num_knots=307
2025-09-06 13:04:40,016 - Iter 47490: obj=-1135.384741, change=2.63e-06, α=0.000, ‖θ[1:]‖₁=13.807, h_range=[4.90e+00, 2.83e+01], num_knots=307
2025-09-06 13:04:40,139 - Iter 47500: obj=-1135.386891, change=2.63e-06, α=0.000, ‖θ[1:]‖₁=13.807, h_range=[4.90e+00, 2.83e+01], num_knots=307
2025-09-06 13:04:40,253 - Iter 47510: obj=-1135.389040, change=2.63e-06, α=0.000, ‖θ[1:]‖₁=13.807, h_range=[4.90e+00, 2.83e+01], num_knots=307
2025-09-06 13:04:40,358 - Iter 47520: obj=-1135.391189, change=2.63e-06, α=0.000, ‖θ[1:]‖₁=13.807, h_range=[4.90e+00, 2.83e+01], num_knots=307
2025-09-06 13:04:40,467 - Iter 47530: obj=-1135.393338, change=2.63e-06, α=0.000, ‖θ[1:]‖₁=13.807, h_range=[4.90e+00, 2.83e+01], num_knots=307
2025-09-06 13:04:40,562 - Iter 47540: obj=-1135.395487, change=2.63e-06, α=0.000, ‖θ[1:]‖₁=13.807, h_range=[4.90e+00, 2.83e+01], num_knots=307
2025-09-06 13:04:40,680 - Iter 47550: obj=-1135.397636, change=2.63e-06, α=0.000, ‖θ[1:]‖₁=13.807, h_range=[4.90e+00, 2.83e+01], num_knots=307
2025-09-06 13:04:40,792 - Iter 47560: obj=-1135.399785, change=2.63e-06, α=0.000, ‖θ[1:]‖₁=13.807, h_range=[4.90e+00, 2.83e+01], num_knots=307
2025-09-06 13:04:40,897 - Iter 47570: obj=-1135.401934, change=2.63e-06, α=0.000, ‖θ[1:]‖₁=13.807, h_range=[4.90e+00, 2.83e+01], num_knots=307
2025-09-06 13:04:40,994 - Iter 47580: obj=-1135.404083, change=2.63e-06, α=0.000, ‖θ[1:]‖₁=13.807, h_range=[4.90e+00, 2.83e+01], num_knots=307
2025-09-06 13:04:41,098 - Iter 47590: obj=-1135.406223, change=2.63e-06, α=0.000, ‖θ[1:]‖₁=13.807, h_range=[4.90e+00, 2.83e+01], num_knots=305
2025-09-06 13:04:41,194 - Iter 47600: obj=-1135.408341, change=2.63e-06, α=0.000, ‖θ[1:]‖₁=13.807, h_range=[4.90e+00, 2.83e+01], num_knots=305
2025-09-06 13:04:41,308 - Iter 47610: obj=-1135.410458, change=2.63e-06, α=0.000, ‖θ[1:]‖₁=13.807, h_range=[4.90e+00, 2.83e+01], num_knots=305
2025-09-06 13:04:41,416 - Iter 47620: obj=-1135.412576, change=2.63e-06, α=0.000, ‖θ[1:]‖₁=13.807, h_range=[4.90e+00, 2.83e+01], num_knots=305
2025-09-06 13:04:41,519 - Iter 47630: obj=-1135.414693, change=2.63e-06, α=0.000, ‖θ[1:]‖₁=13.807, h_range=[4.90e+00, 2.83e+01], num_knots=305
2025-09-06 13:04:41,605 - Iter 47640: obj=-1135.416810, change=2.63e-06, α=0.000, ‖θ[1:]‖₁=13.807, h_range=[4.90e+00, 2.83e+01], num_knots=305
2025-09-06 13:04:41,722 - Iter 47650: obj=-1135.418928, change=2.63e-06, α=0.000, ‖θ[1:]‖₁=13.808, h_range=[4.90e+00, 2.83e+01], num_knots=305
2025-09-06 13:04:41,815 - Iter 47660: obj=-1135.421045, change=2.63e-06, α=0.000, ‖θ[1:]‖₁=13.808, h_range=[4.90e+00, 2.83e+01], num_knots=305
2025-09-06 13:04:41,935 - Iter 47670: obj=-1135.423162, change=2.63e-06, α=0.000, ‖θ[1:]‖₁=13.808, h_range=[4.90e+00, 2.83e+01], num_knots=305
2025-09-06 13:04:42,031 - Iter 47680: obj=-1135.425278, change=2.63e-06, α=0.000, ‖θ[1:]‖₁=13.808, h_range=[4.90e+00, 2.83e+01], num_knots=305
2025-09-06 13:04:42,149 - Iter 47690: obj=-1135.427395, change=2.63e-06, α=0.000, ‖θ[1:]‖₁=13.808, h_range=[4.90e+00, 2.83e+01], num_knots=305
2025-09-06 13:04:42,252 - Iter 47700: obj=-1135.429512, change=2.63e-06, α=0.000, ‖θ[1:]‖₁=13.808, h_range=[4.90e+00, 2.83e+01], num_knots=305
2025-09-06 13:04:42,371 - Iter 47710: obj=-1135.431628, change=2.63e-06, α=0.000, ‖θ[1:]‖₁=13.808, h_range=[4.90e+00, 2.83e+01], num_knots=305
2025-09-06 13:04:42,469 - Iter 47720: obj=-1135.433745, change=2.63e-06, α=0.000, ‖θ[1:]‖₁=13.808, h_range=[4.90e+00, 2.83e+01], num_knots=305
2025-09-06 13:04:42,580 - Iter 47730: obj=-1135.435861, change=2.63e-06, α=0.000, ‖θ[1:]‖₁=13.808, h_range=[4.90e+00, 2.83e+01], num_knots=305
2025-09-06 13:04:42,685 - Iter 47740: obj=-1135.437978, change=2.63e-06, α=0.000, ‖θ[1:]‖₁=13.808, h_range=[4.90e+00, 2.83e+01], num_knots=305
2025-09-06 13:04:42,808 - Iter 47750: obj=-1135.440094, change=2.63e-06, α=0.000, ‖θ[1:]‖₁=13.808, h_range=[4.90e+00, 2.83e+01], num_knots=305
2025-09-06 13:04:42,915 - Iter 47760: obj=-1135.442210, change=2.63e-06, α=0.000, ‖θ[1:]‖₁=13.808, h_range=[4.90e+00, 2.83e+01], num_knots=305
2025-09-06 13:04:43,002 - Iter 47770: obj=-1135.444326, change=2.63e-06, α=0.000, ‖θ[1:]‖₁=13.808, h_range=[4.90e+00, 2.83e+01], num_knots=305
2025-09-06 13:04:43,097 - Iter 47780: obj=-1135.446440, change=2.63e-06, α=0.000, ‖θ[1:]‖₁=13.808, h_range=[4.90e+00, 2.83e+01], num_knots=304
2025-09-06 13:04:43,202 - Iter 47790: obj=-1135.448551, change=2.63e-06, α=0.000, ‖θ[1:]‖₁=13.808, h_range=[4.90e+00, 2.83e+01], num_knots=304
2025-09-06 13:04:43,301 - Iter 47800: obj=-1135.450661, change=2.63e-06, α=0.000, ‖θ[1:]‖₁=13.808, h_range=[4.90e+00, 2.83e+01], num_knots=304
2025-09-06 13:04:43,396 - Iter 47810: obj=-1135.452772, change=2.63e-06, α=0.000, ‖θ[1:]‖₁=13.808, h_range=[4.90e+00, 2.83e+01], num_knots=304
2025-09-06 13:04:43,496 - Iter 47820: obj=-1135.454882, change=2.63e-06, α=0.000, ‖θ[1:]‖₁=13.808, h_range=[4.90e+00, 2.83e+01], num_knots=304
2025-09-06 13:04:43,591 - Iter 47830: obj=-1135.456992, change=2.63e-06, α=0.000, ‖θ[1:]‖₁=13.808, h_range=[4.90e+00, 2.83e+01], num_knots=304
2025-09-06 13:04:43,697 - Iter 47840: obj=-1135.459102, change=2.63e-06, α=0.000, ‖θ[1:]‖₁=13.808, h_range=[4.90e+00, 2.83e+01], num_knots=304
2025-09-06 13:04:43,808 - Iter 47850: obj=-1135.461212, change=2.63e-06, α=0.000, ‖θ[1:]‖₁=13.808, h_range=[4.90e+00, 2.83e+01], num_knots=304
2025-09-06 13:04:43,943 - Iter 47860: obj=-1135.463322, change=2.63e-06, α=0.000, ‖θ[1:]‖₁=13.808, h_range=[4.90e+00, 2.83e+01], num_knots=304
2025-09-06 13:04:44,049 - Iter 47870: obj=-1135.465432, change=2.63e-06, α=0.000, ‖θ[1:]‖₁=13.808, h_range=[4.90e+00, 2.83e+01], num_knots=304
2025-09-06 13:04:44,152 - Iter 47880: obj=-1135.467542, change=2.63e-06, α=0.000, ‖θ[1:]‖₁=13.808, h_range=[4.90e+00, 2.83e+01], num_knots=304
2025-09-06 13:04:44,250 - Iter 47890: obj=-1135.469652, change=2.63e-06, α=0.000, ‖θ[1:]‖₁=13.808, h_range=[4.90e+00, 2.83e+01], num_knots=304
2025-09-06 13:04:44,373 - Iter 47900: obj=-1135.471761, change=2.63e-06, α=0.000, ‖θ[1:]‖₁=13.808, h_range=[4.90e+00, 2.83e+01], num_knots=304
2025-09-06 13:04:44,491 - Iter 47910: obj=-1135.473871, change=2.63e-06, α=0.000, ‖θ[1:]‖₁=13.808, h_range=[4.90e+00, 2.83e+01], num_knots=304
2025-09-06 13:04:44,602 - Iter 47920: obj=-1135.475980, change=2.63e-06, α=0.000, ‖θ[1:]‖₁=13.809, h_range=[4.90e+00, 2.83e+01], num_knots=304
2025-09-06 13:04:44,728 - Iter 47930: obj=-1135.478089, change=2.63e-06, α=0.000, ‖θ[1:]‖₁=13.809, h_range=[4.90e+00, 2.83e+01], num_knots=304
2025-09-06 13:04:44,837 - Iter 47940: obj=-1135.480199, change=2.63e-06, α=0.000, ‖θ[1:]‖₁=13.809, h_range=[4.90e+00, 2.83e+01], num_knots=304
2025-09-06 13:04:44,940 - Iter 47950: obj=-1135.482308, change=2.63e-06, α=0.000, ‖θ[1:]‖₁=13.809, h_range=[4.90e+00, 2.83e+01], num_knots=304
2025-09-06 13:04:45,059 - Iter 47960: obj=-1135.484417, change=2.63e-06, α=0.000, ‖θ[1:]‖₁=13.809, h_range=[4.90e+00, 2.83e+01], num_knots=304
2025-09-06 13:04:45,157 - Iter 47970: obj=-1135.486526, change=2.63e-06, α=0.000, ‖θ[1:]‖₁=13.809, h_range=[4.90e+00, 2.83e+01], num_knots=304
2025-09-06 13:04:45,264 - Iter 47980: obj=-1135.488635, change=2.63e-06, α=0.000, ‖θ[1:]‖₁=13.809, h_range=[4.90e+00, 2.83e+01], num_knots=304
2025-09-06 13:04:45,369 - Iter 47990: obj=-1135.490744, change=2.63e-06, α=0.000, ‖θ[1:]‖₁=13.809, h_range=[4.90e+00, 2.83e+01], num_knots=304
2025-09-06 13:04:45,497 - Iter 48000: obj=-1135.492852, change=2.63e-06, α=0.000, ‖θ[1:]‖₁=13.809, h_range=[4.90e+00, 2.83e+01], num_knots=304
2025-09-06 13:04:45,620 - Iter 48010: obj=-1135.494961, change=2.63e-06, α=0.000, ‖θ[1:]‖₁=13.809, h_range=[4.90e+00, 2.83e+01], num_knots=304
2025-09-06 13:04:45,771 - Iter 48020: obj=-1135.497070, change=2.63e-06, α=0.000, ‖θ[1:]‖₁=13.809, h_range=[4.90e+00, 2.83e+01], num_knots=304
2025-09-06 13:04:45,873 - Iter 48030: obj=-1135.499166, change=2.63e-06, α=0.000, ‖θ[1:]‖₁=13.809, h_range=[4.90e+00, 2.83e+01], num_knots=303
2025-09-06 13:04:45,991 - Iter 48040: obj=-1135.501233, change=2.63e-06, α=0.000, ‖θ[1:]‖₁=13.809, h_range=[4.90e+00, 2.83e+01], num_knots=303
2025-09-06 13:04:46,084 - Iter 48050: obj=-1135.503300, change=2.63e-06, α=0.000, ‖θ[1:]‖₁=13.809, h_range=[4.90e+00, 2.83e+01], num_knots=303
2025-09-06 13:04:46,203 - Iter 48060: obj=-1135.505367, change=2.63e-06, α=0.000, ‖θ[1:]‖₁=13.809, h_range=[4.90e+00, 2.83e+01], num_knots=303
2025-09-06 13:04:46,303 - Iter 48070: obj=-1135.507433, change=2.63e-06, α=0.000, ‖θ[1:]‖₁=13.809, h_range=[4.90e+00, 2.83e+01], num_knots=303
2025-09-06 13:04:46,408 - Iter 48080: obj=-1135.509499, change=2.63e-06, α=0.000, ‖θ[1:]‖₁=13.809, h_range=[4.90e+00, 2.83e+01], num_knots=303
2025-09-06 13:04:46,524 - Iter 48090: obj=-1135.511566, change=2.63e-06, α=0.000, ‖θ[1:]‖₁=13.809, h_range=[4.90e+00, 2.83e+01], num_knots=303
2025-09-06 13:04:46,620 - Iter 48100: obj=-1135.513632, change=2.63e-06, α=0.000, ‖θ[1:]‖₁=13.809, h_range=[4.90e+00, 2.83e+01], num_knots=303
2025-09-06 13:04:46,735 - Iter 48110: obj=-1135.515698, change=2.63e-06, α=0.000, ‖θ[1:]‖₁=13.809, h_range=[4.90e+00, 2.83e+01], num_knots=303
2025-09-06 13:04:46,854 - Iter 48120: obj=-1135.517764, change=2.63e-06, α=0.000, ‖θ[1:]‖₁=13.809, h_range=[4.90e+00, 2.83e+01], num_knots=303
2025-09-06 13:04:46,968 - Iter 48130: obj=-1135.519829, change=2.63e-06, α=0.000, ‖θ[1:]‖₁=13.809, h_range=[4.90e+00, 2.83e+01], num_knots=303
2025-09-06 13:04:47,071 - Iter 48140: obj=-1135.521895, change=2.63e-06, α=0.000, ‖θ[1:]‖₁=13.809, h_range=[4.90e+00, 2.83e+01], num_knots=303
2025-09-06 13:04:47,168 - Iter 48150: obj=-1135.523961, change=2.63e-06, α=0.000, ‖θ[1:]‖₁=13.809, h_range=[4.90e+00, 2.83e+01], num_knots=303
2025-09-06 13:04:47,270 - Iter 48160: obj=-1135.526022, change=2.63e-06, α=0.000, ‖θ[1:]‖₁=13.809, h_range=[4.90e+00, 2.83e+01], num_knots=302
2025-09-06 13:04:47,406 - Iter 48170: obj=-1135.528064, change=2.63e-06, α=0.000, ‖θ[1:]‖₁=13.809, h_range=[4.90e+00, 2.83e+01], num_knots=302
2025-09-06 13:04:47,496 - Iter 48180: obj=-1135.530106, change=2.63e-06, α=0.000, ‖θ[1:]‖₁=13.809, h_range=[4.90e+00, 2.83e+01], num_knots=302
2025-09-06 13:04:47,587 - Iter 48190: obj=-1135.532147, change=2.63e-06, α=0.000, ‖θ[1:]‖₁=13.810, h_range=[4.90e+00, 2.83e+01], num_knots=302
2025-09-06 13:04:47,695 - Iter 48200: obj=-1135.534189, change=2.63e-06, α=0.000, ‖θ[1:]‖₁=13.810, h_range=[4.90e+00, 2.83e+01], num_knots=302
2025-09-06 13:04:47,793 - Iter 48210: obj=-1135.536220, change=2.63e-06, α=0.000, ‖θ[1:]‖₁=13.810, h_range=[4.90e+00, 2.83e+01], num_knots=301
2025-09-06 13:04:47,899 - Iter 48220: obj=-1135.538244, change=2.63e-06, α=0.000, ‖θ[1:]‖₁=13.810, h_range=[4.90e+00, 2.83e+01], num_knots=301
2025-09-06 13:04:47,991 - Iter 48230: obj=-1135.540267, change=2.63e-06, α=0.000, ‖θ[1:]‖₁=13.810, h_range=[4.90e+00, 2.83e+01], num_knots=301
2025-09-06 13:04:48,106 - Iter 48240: obj=-1135.542291, change=2.63e-06, α=0.000, ‖θ[1:]‖₁=13.810, h_range=[4.90e+00, 2.83e+01], num_knots=301
2025-09-06 13:04:48,209 - Iter 48250: obj=-1135.544313, change=2.63e-06, α=0.000, ‖θ[1:]‖₁=13.810, h_range=[4.90e+00, 2.83e+01], num_knots=301
2025-09-06 13:04:48,317 - Iter 48260: obj=-1135.546336, change=2.63e-06, α=0.000, ‖θ[1:]‖₁=13.810, h_range=[4.90e+00, 2.83e+01], num_knots=301
2025-09-06 13:04:48,452 - Iter 48270: obj=-1135.548359, change=2.63e-06, α=0.000, ‖θ[1:]‖₁=13.810, h_range=[4.90e+00, 2.83e+01], num_knots=301
2025-09-06 13:04:48,646 - Iter 48280: obj=-1135.550381, change=2.63e-06, α=0.000, ‖θ[1:]‖₁=13.810, h_range=[4.90e+00, 2.83e+01], num_knots=301
2025-09-06 13:04:48,830 - Iter 48290: obj=-1135.552403, change=2.63e-06, α=0.000, ‖θ[1:]‖₁=13.810, h_range=[4.90e+00, 2.83e+01], num_knots=301
2025-09-06 13:04:48,961 - Iter 48300: obj=-1135.554425, change=2.63e-06, α=0.000, ‖θ[1:]‖₁=13.810, h_range=[4.90e+00, 2.83e+01], num_knots=301
2025-09-06 13:04:49,059 - Iter 48310: obj=-1135.556447, change=2.63e-06, α=0.000, ‖θ[1:]‖₁=13.810, h_range=[4.90e+00, 2.83e+01], num_knots=301
2025-09-06 13:04:49,181 - Iter 48320: obj=-1135.558469, change=2.63e-06, α=0.000, ‖θ[1:]‖₁=13.810, h_range=[4.90e+00, 2.83e+01], num_knots=301
2025-09-06 13:04:49,326 - Iter 48330: obj=-1135.560489, change=2.63e-06, α=0.000, ‖θ[1:]‖₁=13.810, h_range=[4.90e+00, 2.83e+01], num_knots=300
2025-09-06 13:04:49,477 - Iter 48340: obj=-1135.562508, change=2.63e-06, α=0.000, ‖θ[1:]‖₁=13.810, h_range=[4.90e+00, 2.83e+01], num_knots=300
2025-09-06 13:04:49,606 - Iter 48350: obj=-1135.564526, change=2.63e-06, α=0.000, ‖θ[1:]‖₁=13.810, h_range=[4.90e+00, 2.83e+01], num_knots=300
2025-09-06 13:04:49,725 - Iter 48360: obj=-1135.566544, change=2.63e-06, α=0.000, ‖θ[1:]‖₁=13.810, h_range=[4.90e+00, 2.83e+01], num_knots=300
2025-09-06 13:04:49,836 - Iter 48370: obj=-1135.568562, change=2.63e-06, α=0.000, ‖θ[1:]‖₁=13.810, h_range=[4.90e+00, 2.83e+01], num_knots=300
2025-09-06 13:04:49,970 - Iter 48380: obj=-1135.570579, change=2.63e-06, α=0.000, ‖θ[1:]‖₁=13.811, h_range=[4.90e+00, 2.83e+01], num_knots=300
2025-09-06 13:04:50,072 - Iter 48390: obj=-1135.572597, change=2.63e-06, α=0.000, ‖θ[1:]‖₁=13.811, h_range=[4.90e+00, 2.83e+01], num_knots=300
2025-09-06 13:04:50,183 - Iter 48400: obj=-1135.574614, change=2.63e-06, α=0.000, ‖θ[1:]‖₁=13.811, h_range=[4.90e+00, 2.83e+01], num_knots=300
2025-09-06 13:04:50,288 - Iter 48410: obj=-1135.576631, change=2.63e-06, α=0.000, ‖θ[1:]‖₁=13.811, h_range=[4.90e+00, 2.83e+01], num_knots=300
2025-09-06 13:04:50,418 - Iter 48420: obj=-1135.578648, change=2.63e-06, α=0.000, ‖θ[1:]‖₁=13.811, h_range=[4.90e+00, 2.83e+01], num_knots=300
2025-09-06 13:04:50,538 - Iter 48430: obj=-1135.580665, change=2.63e-06, α=0.000, ‖θ[1:]‖₁=13.811, h_range=[4.90e+00, 2.83e+01], num_knots=300
2025-09-06 13:04:50,646 - Iter 48440: obj=-1135.582682, change=2.63e-06, α=0.000, ‖θ[1:]‖₁=13.811, h_range=[4.90e+00, 2.83e+01], num_knots=300
2025-09-06 13:04:50,784 - Iter 48450: obj=-1135.584699, change=2.63e-06, α=0.000, ‖θ[1:]‖₁=13.811, h_range=[4.90e+00, 2.83e+01], num_knots=300
2025-09-06 13:04:50,900 - Iter 48460: obj=-1135.586715, change=2.63e-06, α=0.000, ‖θ[1:]‖₁=13.811, h_range=[4.90e+00, 2.83e+01], num_knots=300
2025-09-06 13:04:51,011 - Iter 48470: obj=-1135.588732, change=2.63e-06, α=0.000, ‖θ[1:]‖₁=13.811, h_range=[4.90e+00, 2.83e+01], num_knots=300
2025-09-06 13:04:51,106 - Iter 48480: obj=-1135.590748, change=2.63e-06, α=0.000, ‖θ[1:]‖₁=13.811, h_range=[4.90e+00, 2.83e+01], num_knots=300
2025-09-06 13:04:51,233 - Iter 48490: obj=-1135.592764, change=2.63e-06, α=0.000, ‖θ[1:]‖₁=13.811, h_range=[4.90e+00, 2.83e+01], num_knots=300
2025-09-06 13:04:51,349 - Iter 48500: obj=-1135.594780, change=2.63e-06, α=0.000, ‖θ[1:]‖₁=13.811, h_range=[4.90e+00, 2.83e+01], num_knots=300
2025-09-06 13:04:51,442 - Iter 48510: obj=-1135.596796, change=2.63e-06, α=0.000, ‖θ[1:]‖₁=13.811, h_range=[4.90e+00, 2.83e+01], num_knots=300
2025-09-06 13:04:51,549 - Iter 48520: obj=-1135.598812, change=2.63e-06, α=0.000, ‖θ[1:]‖₁=13.811, h_range=[4.90e+00, 2.83e+01], num_knots=300
2025-09-06 13:04:51,675 - Iter 48530: obj=-1135.600827, change=2.63e-06, α=0.000, ‖θ[1:]‖₁=13.811, h_range=[4.90e+00, 2.83e+01], num_knots=300
2025-09-06 13:04:51,783 - Iter 48540: obj=-1135.602843, change=2.63e-06, α=0.000, ‖θ[1:]‖₁=13.811, h_range=[4.90e+00, 2.83e+01], num_knots=300
2025-09-06 13:04:51,897 - Iter 48550: obj=-1135.604858, change=2.63e-06, α=0.000, ‖θ[1:]‖₁=13.811, h_range=[4.90e+00, 2.83e+01], num_knots=300
2025-09-06 13:04:52,006 - Iter 48560: obj=-1135.606873, change=2.63e-06, α=0.000, ‖θ[1:]‖₁=13.811, h_range=[4.90e+00, 2.83e+01], num_knots=300
2025-09-06 13:04:52,113 - Iter 48570: obj=-1135.608888, change=2.63e-06, α=0.000, ‖θ[1:]‖₁=13.811, h_range=[4.90e+00, 2.83e+01], num_knots=300
2025-09-06 13:04:52,228 - Iter 48580: obj=-1135.610903, change=2.63e-06, α=0.000, ‖θ[1:]‖₁=13.811, h_range=[4.90e+00, 2.83e+01], num_knots=300
2025-09-06 13:04:52,342 - Iter 48590: obj=-1135.612918, change=2.63e-06, α=0.000, ‖θ[1:]‖₁=13.812, h_range=[4.90e+00, 2.83e+01], num_knots=300
2025-09-06 13:04:52,456 - Iter 48600: obj=-1135.614933, change=2.63e-06, α=0.000, ‖θ[1:]‖₁=13.812, h_range=[4.90e+00, 2.83e+01], num_knots=300
2025-09-06 13:04:52,581 - Iter 48610: obj=-1135.616948, change=2.63e-06, α=0.000, ‖θ[1:]‖₁=13.812, h_range=[4.90e+00, 2.83e+01], num_knots=300
2025-09-06 13:04:52,676 - Iter 48620: obj=-1135.618962, change=2.63e-06, α=0.000, ‖θ[1:]‖₁=13.812, h_range=[4.90e+00, 2.83e+01], num_knots=300
2025-09-06 13:04:52,773 - Iter 48630: obj=-1135.620976, change=2.63e-06, α=0.000, ‖θ[1:]‖₁=13.812, h_range=[4.90e+00, 2.83e+01], num_knots=300
2025-09-06 13:04:52,866 - Iter 48640: obj=-1135.622991, change=2.63e-06, α=0.000, ‖θ[1:]‖₁=13.812, h_range=[4.90e+00, 2.83e+01], num_knots=300
2025-09-06 13:04:52,961 - Iter 48650: obj=-1135.625005, change=2.63e-06, α=0.000, ‖θ[1:]‖₁=13.812, h_range=[4.90e+00, 2.83e+01], num_knots=300
2025-09-06 13:04:53,071 - Iter 48660: obj=-1135.627019, change=2.63e-06, α=0.000, ‖θ[1:]‖₁=13.812, h_range=[4.90e+00, 2.83e+01], num_knots=300
2025-09-06 13:04:53,222 - Iter 48670: obj=-1135.629033, change=2.63e-06, α=0.000, ‖θ[1:]‖₁=13.812, h_range=[4.90e+00, 2.83e+01], num_knots=300
2025-09-06 13:04:53,415 - Iter 48680: obj=-1135.631047, change=2.63e-06, α=0.000, ‖θ[1:]‖₁=13.812, h_range=[4.90e+00, 2.83e+01], num_knots=300
2025-09-06 13:04:53,549 - Iter 48690: obj=-1135.633061, change=2.63e-06, α=0.000, ‖θ[1:]‖₁=13.812, h_range=[4.90e+00, 2.83e+01], num_knots=300
2025-09-06 13:04:53,714 - Iter 48700: obj=-1135.635074, change=2.63e-06, α=0.000, ‖θ[1:]‖₁=13.812, h_range=[4.90e+00, 2.83e+01], num_knots=300
2025-09-06 13:04:53,928 - Iter 48710: obj=-1135.637088, change=2.63e-06, α=0.000, ‖θ[1:]‖₁=13.812, h_range=[4.90e+00, 2.83e+01], num_knots=300
2025-09-06 13:04:54,214 - Iter 48720: obj=-1135.639101, change=2.63e-06, α=0.000, ‖θ[1:]‖₁=13.812, h_range=[4.90e+00, 2.83e+01], num_knots=300
2025-09-06 13:04:54,352 - Iter 48730: obj=-1135.641115, change=2.63e-06, α=0.000, ‖θ[1:]‖₁=13.812, h_range=[4.90e+00, 2.83e+01], num_knots=300
2025-09-06 13:04:54,475 - Iter 48740: obj=-1135.643128, change=2.63e-06, α=0.000, ‖θ[1:]‖₁=13.812, h_range=[4.90e+00, 2.83e+01], num_knots=300
2025-09-06 13:04:54,605 - Iter 48750: obj=-1135.645141, change=2.63e-06, α=0.000, ‖θ[1:]‖₁=13.812, h_range=[4.90e+00, 2.83e+01], num_knots=300
2025-09-06 13:04:54,724 - Iter 48760: obj=-1135.647154, change=2.63e-06, α=0.000, ‖θ[1:]‖₁=13.812, h_range=[4.90e+00, 2.83e+01], num_knots=300
2025-09-06 13:04:54,855 - Iter 48770: obj=-1135.649167, change=2.63e-06, α=0.000, ‖θ[1:]‖₁=13.812, h_range=[4.90e+00, 2.83e+01], num_knots=300
2025-09-06 13:04:54,956 - Iter 48780: obj=-1135.651180, change=2.63e-06, α=0.000, ‖θ[1:]‖₁=13.812, h_range=[4.90e+00, 2.83e+01], num_knots=300
2025-09-06 13:04:55,059 - Iter 48790: obj=-1135.653192, change=2.63e-06, α=0.000, ‖θ[1:]‖₁=13.812, h_range=[4.90e+00, 2.83e+01], num_knots=300
2025-09-06 13:04:55,209 - Iter 48800: obj=-1135.655205, change=2.63e-06, α=0.000, ‖θ[1:]‖₁=13.812, h_range=[4.90e+00, 2.83e+01], num_knots=299
2025-09-06 13:04:55,304 - Iter 48810: obj=-1135.657200, change=2.63e-06, α=0.000, ‖θ[1:]‖₁=13.812, h_range=[4.90e+00, 2.83e+01], num_knots=299
2025-09-06 13:04:55,412 - Iter 48820: obj=-1135.659193, change=2.63e-06, α=0.000, ‖θ[1:]‖₁=13.812, h_range=[4.90e+00, 2.83e+01], num_knots=299
2025-09-06 13:04:55,539 - Iter 48830: obj=-1135.661186, change=2.63e-06, α=0.000, ‖θ[1:]‖₁=13.812, h_range=[4.90e+00, 2.83e+01], num_knots=299
2025-09-06 13:04:55,662 - Iter 48840: obj=-1135.663179, change=2.63e-06, α=0.000, ‖θ[1:]‖₁=13.813, h_range=[4.90e+00, 2.83e+01], num_knots=299
2025-09-06 13:04:55,769 - Iter 48850: obj=-1135.665172, change=2.63e-06, α=0.000, ‖θ[1:]‖₁=13.813, h_range=[4.90e+00, 2.83e+01], num_knots=299
2025-09-06 13:04:55,887 - Iter 48860: obj=-1135.667165, change=2.63e-06, α=0.000, ‖θ[1:]‖₁=13.813, h_range=[4.90e+00, 2.83e+01], num_knots=299
2025-09-06 13:04:55,989 - Iter 48870: obj=-1135.669157, change=2.63e-06, α=0.000, ‖θ[1:]‖₁=13.813, h_range=[4.90e+00, 2.83e+01], num_knots=299
2025-09-06 13:04:56,100 - Iter 48880: obj=-1135.671150, change=2.63e-06, α=0.000, ‖θ[1:]‖₁=13.813, h_range=[4.90e+00, 2.83e+01], num_knots=299
2025-09-06 13:04:56,206 - Iter 48890: obj=-1135.673142, change=2.63e-06, α=0.000, ‖θ[1:]‖₁=13.813, h_range=[4.90e+00, 2.83e+01], num_knots=299
2025-09-06 13:04:56,318 - Iter 48900: obj=-1135.675134, change=2.63e-06, α=0.000, ‖θ[1:]‖₁=13.813, h_range=[4.90e+00, 2.83e+01], num_knots=299
2025-09-06 13:04:56,432 - Iter 48910: obj=-1135.677126, change=2.63e-06, α=0.000, ‖θ[1:]‖₁=13.813, h_range=[4.90e+00, 2.83e+01], num_knots=299
2025-09-06 13:04:56,530 - Iter 48920: obj=-1135.679118, change=2.63e-06, α=0.000, ‖θ[1:]‖₁=13.813, h_range=[4.90e+00, 2.83e+01], num_knots=299
2025-09-06 13:04:56,642 - Iter 48930: obj=-1135.681110, change=2.63e-06, α=0.000, ‖θ[1:]‖₁=13.813, h_range=[4.90e+00, 2.83e+01], num_knots=299
2025-09-06 13:04:56,768 - Iter 48940: obj=-1135.683102, change=2.63e-06, α=0.000, ‖θ[1:]‖₁=13.813, h_range=[4.90e+00, 2.83e+01], num_knots=299
2025-09-06 13:04:56,882 - Iter 48950: obj=-1135.685094, change=2.63e-06, α=0.000, ‖θ[1:]‖₁=13.813, h_range=[4.90e+00, 2.83e+01], num_knots=299
2025-09-06 13:04:56,979 - Iter 48960: obj=-1135.687085, change=2.63e-06, α=0.000, ‖θ[1:]‖₁=13.813, h_range=[4.90e+00, 2.83e+01], num_knots=299
2025-09-06 13:04:57,098 - Iter 48970: obj=-1135.689077, change=2.63e-06, α=0.000, ‖θ[1:]‖₁=13.813, h_range=[4.90e+00, 2.83e+01], num_knots=299
2025-09-06 13:04:57,189 - Iter 48980: obj=-1135.691068, change=2.63e-06, α=0.000, ‖θ[1:]‖₁=13.813, h_range=[4.90e+00, 2.83e+01], num_knots=299
2025-09-06 13:04:57,284 - Iter 48990: obj=-1135.693059, change=2.63e-06, α=0.000, ‖θ[1:]‖₁=13.813, h_range=[4.90e+00, 2.83e+01], num_knots=299
2025-09-06 13:04:57,420 - Iter 49000: obj=-1135.695051, change=2.63e-06, α=0.000, ‖θ[1:]‖₁=13.813, h_range=[4.90e+00, 2.83e+01], num_knots=299
2025-09-06 13:04:57,549 - Iter 49010: obj=-1135.697042, change=2.63e-06, α=0.000, ‖θ[1:]‖₁=13.813, h_range=[4.90e+00, 2.83e+01], num_knots=299
2025-09-06 13:04:57,655 - Iter 49020: obj=-1135.699033, change=2.63e-06, α=0.000, ‖θ[1:]‖₁=13.813, h_range=[4.90e+00, 2.83e+01], num_knots=299
2025-09-06 13:04:57,756 - Iter 49030: obj=-1135.701024, change=2.63e-06, α=0.000, ‖θ[1:]‖₁=13.813, h_range=[4.90e+00, 2.83e+01], num_knots=299
2025-09-06 13:04:57,866 - Iter 49040: obj=-1135.703015, change=2.63e-06, α=0.000, ‖θ[1:]‖₁=13.813, h_range=[4.90e+00, 2.83e+01], num_knots=299
2025-09-06 13:04:57,968 - Iter 49050: obj=-1135.705005, change=2.63e-06, α=0.000, ‖θ[1:]‖₁=13.813, h_range=[4.90e+00, 2.83e+01], num_knots=299
2025-09-06 13:04:58,092 - Iter 49060: obj=-1135.706982, change=2.63e-06, α=0.000, ‖θ[1:]‖₁=13.813, h_range=[4.90e+00, 2.83e+01], num_knots=298
2025-09-06 13:04:58,197 - Iter 49070: obj=-1135.708951, change=2.63e-06, α=0.000, ‖θ[1:]‖₁=13.813, h_range=[4.90e+00, 2.83e+01], num_knots=298
2025-09-06 13:04:58,304 - Iter 49080: obj=-1135.710920, change=2.63e-06, α=0.000, ‖θ[1:]‖₁=13.814, h_range=[4.90e+00, 2.83e+01], num_knots=298
2025-09-06 13:04:58,404 - Iter 49090: obj=-1135.712888, change=2.63e-06, α=0.000, ‖θ[1:]‖₁=13.814, h_range=[4.90e+00, 2.83e+01], num_knots=298
2025-09-06 13:04:58,532 - Iter 49100: obj=-1135.714856, change=2.63e-06, α=0.000, ‖θ[1:]‖₁=13.814, h_range=[4.90e+00, 2.83e+01], num_knots=298
2025-09-06 13:04:58,655 - Iter 49110: obj=-1135.716825, change=2.63e-06, α=0.000, ‖θ[1:]‖₁=13.814, h_range=[4.90e+00, 2.83e+01], num_knots=298
2025-09-06 13:04:58,769 - Iter 49120: obj=-1135.718793, change=2.63e-06, α=0.000, ‖θ[1:]‖₁=13.814, h_range=[4.90e+00, 2.83e+01], num_knots=298
2025-09-06 13:04:58,902 - Iter 49130: obj=-1135.720761, change=2.63e-06, α=0.000, ‖θ[1:]‖₁=13.814, h_range=[4.90e+00, 2.83e+01], num_knots=298
2025-09-06 13:04:59,024 - Iter 49140: obj=-1135.722729, change=2.63e-06, α=0.000, ‖θ[1:]‖₁=13.814, h_range=[4.90e+00, 2.83e+01], num_knots=298
2025-09-06 13:04:59,153 - Iter 49150: obj=-1135.724697, change=2.63e-06, α=0.000, ‖θ[1:]‖₁=13.814, h_range=[4.90e+00, 2.83e+01], num_knots=298
2025-09-06 13:04:59,265 - Iter 49160: obj=-1135.726664, change=2.63e-06, α=0.000, ‖θ[1:]‖₁=13.814, h_range=[4.90e+00, 2.83e+01], num_knots=298
2025-09-06 13:04:59,389 - Iter 49170: obj=-1135.728632, change=2.63e-06, α=0.000, ‖θ[1:]‖₁=13.814, h_range=[4.90e+00, 2.83e+01], num_knots=298
2025-09-06 13:04:59,515 - Iter 49180: obj=-1135.730587, change=2.63e-06, α=0.000, ‖θ[1:]‖₁=13.814, h_range=[4.90e+00, 2.83e+01], num_knots=297
2025-09-06 13:04:59,661 - Iter 49190: obj=-1135.732539, change=2.63e-06, α=0.000, ‖θ[1:]‖₁=13.814, h_range=[4.90e+00, 2.83e+01], num_knots=297
2025-09-06 13:04:59,767 - Iter 49200: obj=-1135.734491, change=2.63e-06, α=0.000, ‖θ[1:]‖₁=13.814, h_range=[4.90e+00, 2.83e+01], num_knots=297
2025-09-06 13:04:59,878 - Iter 49210: obj=-1135.736442, change=2.63e-06, α=0.000, ‖θ[1:]‖₁=13.814, h_range=[4.90e+00, 2.83e+01], num_knots=297
2025-09-06 13:04:59,988 - Iter 49220: obj=-1135.738394, change=2.63e-06, α=0.000, ‖θ[1:]‖₁=13.814, h_range=[4.90e+00, 2.83e+01], num_knots=297
2025-09-06 13:05:00,118 - Iter 49230: obj=-1135.740345, change=2.63e-06, α=0.000, ‖θ[1:]‖₁=13.814, h_range=[4.90e+00, 2.83e+01], num_knots=297
2025-09-06 13:05:00,236 - Iter 49240: obj=-1135.742297, change=2.63e-06, α=0.000, ‖θ[1:]‖₁=13.814, h_range=[4.90e+00, 2.83e+01], num_knots=297
2025-09-06 13:05:00,355 - Iter 49250: obj=-1135.744248, change=2.63e-06, α=0.000, ‖θ[1:]‖₁=13.814, h_range=[4.90e+00, 2.83e+01], num_knots=297
2025-09-06 13:05:00,471 - Iter 49260: obj=-1135.746199, change=2.63e-06, α=0.000, ‖θ[1:]‖₁=13.814, h_range=[4.90e+00, 2.83e+01], num_knots=297
2025-09-06 13:05:00,565 - Iter 49270: obj=-1135.748150, change=2.63e-06, α=0.000, ‖θ[1:]‖₁=13.814, h_range=[4.90e+00, 2.83e+01], num_knots=297
2025-09-06 13:05:00,689 - Iter 49280: obj=-1135.750101, change=2.63e-06, α=0.000, ‖θ[1:]‖₁=13.815, h_range=[4.90e+00, 2.83e+01], num_knots=297
2025-09-06 13:05:00,819 - Iter 49290: obj=-1135.752051, change=2.63e-06, α=0.000, ‖θ[1:]‖₁=13.815, h_range=[4.90e+00, 2.83e+01], num_knots=297
2025-09-06 13:05:00,986 - Iter 49300: obj=-1135.754002, change=2.63e-06, α=0.000, ‖θ[1:]‖₁=13.815, h_range=[4.90e+00, 2.83e+01], num_knots=297
2025-09-06 13:05:01,081 - Iter 49310: obj=-1135.755952, change=2.63e-06, α=0.000, ‖θ[1:]‖₁=13.815, h_range=[4.90e+00, 2.83e+01], num_knots=297
2025-09-06 13:05:01,185 - Iter 49320: obj=-1135.757903, change=2.63e-06, α=0.000, ‖θ[1:]‖₁=13.815, h_range=[4.90e+00, 2.83e+01], num_knots=297
2025-09-06 13:05:01,282 - Iter 49330: obj=-1135.759853, change=2.63e-06, α=0.000, ‖θ[1:]‖₁=13.815, h_range=[4.90e+00, 2.83e+01], num_knots=297
2025-09-06 13:05:01,398 - Iter 49340: obj=-1135.761803, change=2.63e-06, α=0.000, ‖θ[1:]‖₁=13.815, h_range=[4.90e+00, 2.83e+01], num_knots=297
2025-09-06 13:05:01,510 - Iter 49350: obj=-1135.763753, change=2.63e-06, α=0.000, ‖θ[1:]‖₁=13.815, h_range=[4.90e+00, 2.83e+01], num_knots=297
2025-09-06 13:05:01,612 - Iter 49360: obj=-1135.765703, change=2.63e-06, α=0.000, ‖θ[1:]‖₁=13.815, h_range=[4.90e+00, 2.83e+01], num_knots=297
2025-09-06 13:05:01,739 - Iter 49370: obj=-1135.767653, change=2.63e-06, α=0.000, ‖θ[1:]‖₁=13.815, h_range=[4.90e+00, 2.83e+01], num_knots=297
2025-09-06 13:05:01,848 - Iter 49380: obj=-1135.769602, change=2.63e-06, α=0.000, ‖θ[1:]‖₁=13.815, h_range=[4.90e+00, 2.83e+01], num_knots=297
2025-09-06 13:05:01,945 - Iter 49390: obj=-1135.771552, change=2.63e-06, α=0.000, ‖θ[1:]‖₁=13.815, h_range=[4.90e+00, 2.83e+01], num_knots=297
2025-09-06 13:05:02,032 - Iter 49400: obj=-1135.773501, change=2.63e-06, α=0.000, ‖θ[1:]‖₁=13.815, h_range=[4.90e+00, 2.83e+01], num_knots=297
2025-09-06 13:05:02,132 - Iter 49410: obj=-1135.775451, change=2.63e-06, α=0.000, ‖θ[1:]‖₁=13.815, h_range=[4.90e+00, 2.83e+01], num_knots=297
2025-09-06 13:05:02,232 - Iter 49420: obj=-1135.777400, change=2.63e-06, α=0.000, ‖θ[1:]‖₁=13.815, h_range=[4.90e+00, 2.83e+01], num_knots=297
2025-09-06 13:05:02,368 - Iter 49430: obj=-1135.779349, change=2.63e-06, α=0.000, ‖θ[1:]‖₁=13.815, h_range=[4.90e+00, 2.83e+01], num_knots=297
2025-09-06 13:05:02,493 - Iter 49440: obj=-1135.781298, change=2.63e-06, α=0.000, ‖θ[1:]‖₁=13.815, h_range=[4.90e+00, 2.83e+01], num_knots=297
2025-09-06 13:05:02,607 - Iter 49450: obj=-1135.783247, change=2.63e-06, α=0.000, ‖θ[1:]‖₁=13.815, h_range=[4.90e+00, 2.83e+01], num_knots=297
2025-09-06 13:05:02,692 - Iter 49460: obj=-1135.785196, change=2.63e-06, α=0.000, ‖θ[1:]‖₁=13.815, h_range=[4.90e+00, 2.83e+01], num_knots=297
2025-09-06 13:05:02,804 - Iter 49470: obj=-1135.787145, change=2.63e-06, α=0.000, ‖θ[1:]‖₁=13.815, h_range=[4.90e+00, 2.83e+01], num_knots=297
2025-09-06 13:05:02,922 - Iter 49480: obj=-1135.789094, change=2.63e-06, α=0.000, ‖θ[1:]‖₁=13.815, h_range=[4.90e+00, 2.83e+01], num_knots=297
2025-09-06 13:05:03,029 - Iter 49490: obj=-1135.791042, change=2.63e-06, α=0.000, ‖θ[1:]‖₁=13.815, h_range=[4.90e+00, 2.83e+01], num_knots=297
2025-09-06 13:05:03,134 - Iter 49500: obj=-1135.792991, change=2.63e-06, α=0.000, ‖θ[1:]‖₁=13.815, h_range=[4.90e+00, 2.83e+01], num_knots=297
2025-09-06 13:05:03,239 - Iter 49510: obj=-1135.794939, change=2.63e-06, α=0.000, ‖θ[1:]‖₁=13.816, h_range=[4.90e+00, 2.83e+01], num_knots=297
2025-09-06 13:05:03,342 - Iter 49520: obj=-1135.796876, change=2.63e-06, α=0.000, ‖θ[1:]‖₁=13.816, h_range=[4.90e+00, 2.83e+01], num_knots=296
2025-09-06 13:05:03,455 - Iter 49530: obj=-1135.798801, change=2.63e-06, α=0.000, ‖θ[1:]‖₁=13.816, h_range=[4.90e+00, 2.83e+01], num_knots=296
2025-09-06 13:05:03,549 - Iter 49540: obj=-1135.800726, change=2.63e-06, α=0.000, ‖θ[1:]‖₁=13.816, h_range=[4.90e+00, 2.83e+01], num_knots=296
2025-09-06 13:05:03,646 - Iter 49550: obj=-1135.802650, change=2.63e-06, α=0.000, ‖θ[1:]‖₁=13.816, h_range=[4.90e+00, 2.83e+01], num_knots=296
2025-09-06 13:05:03,744 - Iter 49560: obj=-1135.804575, change=2.63e-06, α=0.000, ‖θ[1:]‖₁=13.816, h_range=[4.90e+00, 2.83e+01], num_knots=296
2025-09-06 13:05:03,844 - Iter 49570: obj=-1135.806499, change=2.63e-06, α=0.000, ‖θ[1:]‖₁=13.816, h_range=[4.90e+00, 2.83e+01], num_knots=296
2025-09-06 13:05:03,949 - Iter 49580: obj=-1135.808423, change=2.63e-06, α=0.000, ‖θ[1:]‖₁=13.816, h_range=[4.90e+00, 2.83e+01], num_knots=296
2025-09-06 13:05:04,056 - Iter 49590: obj=-1135.810348, change=2.63e-06, α=0.000, ‖θ[1:]‖₁=13.816, h_range=[4.90e+00, 2.83e+01], num_knots=296
2025-09-06 13:05:04,160 - Iter 49600: obj=-1135.812272, change=2.63e-06, α=0.000, ‖θ[1:]‖₁=13.816, h_range=[4.90e+00, 2.83e+01], num_knots=296
2025-09-06 13:05:04,277 - Iter 49610: obj=-1135.814195, change=2.63e-06, α=0.000, ‖θ[1:]‖₁=13.816, h_range=[4.90e+00, 2.83e+01], num_knots=296
2025-09-06 13:05:04,396 - Iter 49620: obj=-1135.816119, change=2.63e-06, α=0.000, ‖θ[1:]‖₁=13.816, h_range=[4.90e+00, 2.83e+01], num_knots=296
2025-09-06 13:05:04,508 - Iter 49630: obj=-1135.818043, change=2.63e-06, α=0.000, ‖θ[1:]‖₁=13.816, h_range=[4.90e+00, 2.83e+01], num_knots=296
2025-09-06 13:05:04,608 - Iter 49640: obj=-1135.819967, change=2.63e-06, α=0.000, ‖θ[1:]‖₁=13.816, h_range=[4.90e+00, 2.83e+01], num_knots=296
2025-09-06 13:05:04,735 - Iter 49650: obj=-1135.821890, change=2.63e-06, α=0.000, ‖θ[1:]‖₁=13.816, h_range=[4.90e+00, 2.83e+01], num_knots=296
2025-09-06 13:05:04,834 - Iter 49660: obj=-1135.823813, change=2.63e-06, α=0.000, ‖θ[1:]‖₁=13.816, h_range=[4.90e+00, 2.83e+01], num_knots=296
2025-09-06 13:05:04,944 - Iter 49670: obj=-1135.825737, change=2.63e-06, α=0.000, ‖θ[1:]‖₁=13.816, h_range=[4.90e+00, 2.83e+01], num_knots=296
2025-09-06 13:05:05,072 - Iter 49680: obj=-1135.827660, change=2.63e-06, α=0.000, ‖θ[1:]‖₁=13.816, h_range=[4.90e+00, 2.83e+01], num_knots=296
2025-09-06 13:05:05,178 - Iter 49690: obj=-1135.829583, change=2.63e-06, α=0.000, ‖θ[1:]‖₁=13.816, h_range=[4.90e+00, 2.83e+01], num_knots=296
2025-09-06 13:05:05,284 - Iter 49700: obj=-1135.831506, change=2.63e-06, α=0.000, ‖θ[1:]‖₁=13.816, h_range=[4.90e+00, 2.83e+01], num_knots=296
2025-09-06 13:05:05,400 - Iter 49710: obj=-1135.833429, change=2.63e-06, α=0.000, ‖θ[1:]‖₁=13.816, h_range=[4.90e+00, 2.83e+01], num_knots=296
2025-09-06 13:05:05,512 - Iter 49720: obj=-1135.835352, change=2.63e-06, α=0.000, ‖θ[1:]‖₁=13.816, h_range=[4.90e+00, 2.83e+01], num_knots=296
2025-09-06 13:05:05,606 - Iter 49730: obj=-1135.837274, change=2.63e-06, α=0.000, ‖θ[1:]‖₁=13.816, h_range=[4.90e+00, 2.83e+01], num_knots=295
2025-09-06 13:05:05,705 - Iter 49740: obj=-1135.839190, change=2.63e-06, α=0.000, ‖θ[1:]‖₁=13.816, h_range=[4.90e+00, 2.83e+01], num_knots=295
2025-09-06 13:05:05,796 - Iter 49750: obj=-1135.841105, change=2.63e-06, α=0.000, ‖θ[1:]‖₁=13.817, h_range=[4.90e+00, 2.83e+01], num_knots=295
2025-09-06 13:05:05,886 - Iter 49760: obj=-1135.843021, change=2.63e-06, α=0.000, ‖θ[1:]‖₁=13.817, h_range=[4.90e+00, 2.83e+01], num_knots=295
2025-09-06 13:05:05,980 - Iter 49770: obj=-1135.844936, change=2.63e-06, α=0.000, ‖θ[1:]‖₁=13.817, h_range=[4.90e+00, 2.83e+01], num_knots=295
2025-09-06 13:05:06,088 - Iter 49780: obj=-1135.846851, change=2.63e-06, α=0.000, ‖θ[1:]‖₁=13.817, h_range=[4.90e+00, 2.83e+01], num_knots=295
2025-09-06 13:05:06,209 - Iter 49790: obj=-1135.848766, change=2.63e-06, α=0.000, ‖θ[1:]‖₁=13.817, h_range=[4.90e+00, 2.83e+01], num_knots=295
2025-09-06 13:05:06,310 - Iter 49800: obj=-1135.850681, change=2.63e-06, α=0.000, ‖θ[1:]‖₁=13.817, h_range=[4.90e+00, 2.83e+01], num_knots=295
2025-09-06 13:05:06,423 - Iter 49810: obj=-1135.852596, change=2.63e-06, α=0.000, ‖θ[1:]‖₁=13.817, h_range=[4.90e+00, 2.83e+01], num_knots=295
2025-09-06 13:05:06,512 - Iter 49820: obj=-1135.854511, change=2.63e-06, α=0.000, ‖θ[1:]‖₁=13.817, h_range=[4.90e+00, 2.83e+01], num_knots=295
2025-09-06 13:05:06,607 - Iter 49830: obj=-1135.856425, change=2.63e-06, α=0.000, ‖θ[1:]‖₁=13.817, h_range=[4.90e+00, 2.83e+01], num_knots=295
2025-09-06 13:05:06,724 - Iter 49840: obj=-1135.858340, change=2.63e-06, α=0.000, ‖θ[1:]‖₁=13.817, h_range=[4.90e+00, 2.83e+01], num_knots=295
2025-09-06 13:05:06,806 - Iter 49850: obj=-1135.860255, change=2.63e-06, α=0.000, ‖θ[1:]‖₁=13.817, h_range=[4.90e+00, 2.83e+01], num_knots=295
2025-09-06 13:05:06,903 - Iter 49860: obj=-1135.862169, change=2.63e-06, α=0.000, ‖θ[1:]‖₁=13.817, h_range=[4.90e+00, 2.83e+01], num_knots=295
2025-09-06 13:05:06,996 - Iter 49870: obj=-1135.864083, change=2.63e-06, α=0.000, ‖θ[1:]‖₁=13.817, h_range=[4.90e+00, 2.83e+01], num_knots=295
2025-09-06 13:05:07,084 - Iter 49880: obj=-1135.865997, change=2.63e-06, α=0.000, ‖θ[1:]‖₁=13.817, h_range=[4.90e+00, 2.83e+01], num_knots=295
2025-09-06 13:05:07,195 - Iter 49890: obj=-1135.867912, change=2.63e-06, α=0.000, ‖θ[1:]‖₁=13.817, h_range=[4.90e+00, 2.83e+01], num_knots=295
2025-09-06 13:05:07,287 - Iter 49900: obj=-1135.869826, change=2.63e-06, α=0.000, ‖θ[1:]‖₁=13.817, h_range=[4.90e+00, 2.83e+01], num_knots=295
2025-09-06 13:05:07,403 - Iter 49910: obj=-1135.871740, change=2.63e-06, α=0.000, ‖θ[1:]‖₁=13.817, h_range=[4.90e+00, 2.83e+01], num_knots=295
2025-09-06 13:05:07,499 - Iter 49920: obj=-1135.873653, change=2.63e-06, α=0.000, ‖θ[1:]‖₁=13.817, h_range=[4.90e+00, 2.83e+01], num_knots=295
2025-09-06 13:05:07,584 - Iter 49930: obj=-1135.875567, change=2.63e-06, α=0.000, ‖θ[1:]‖₁=13.817, h_range=[4.90e+00, 2.83e+01], num_knots=295
2025-09-06 13:05:07,700 - Iter 49940: obj=-1135.877481, change=2.63e-06, α=0.000, ‖θ[1:]‖₁=13.817, h_range=[4.90e+00, 2.83e+01], num_knots=295
2025-09-06 13:05:07,808 - Iter 49950: obj=-1135.879394, change=2.63e-06, α=0.000, ‖θ[1:]‖₁=13.817, h_range=[4.90e+00, 2.83e+01], num_knots=295
2025-09-06 13:05:07,925 - Iter 49960: obj=-1135.881308, change=2.63e-06, α=0.000, ‖θ[1:]‖₁=13.817, h_range=[4.90e+00, 2.83e+01], num_knots=295
2025-09-06 13:05:08,034 - Iter 49970: obj=-1135.883221, change=2.63e-06, α=0.000, ‖θ[1:]‖₁=13.817, h_range=[4.90e+00, 2.83e+01], num_knots=295
2025-09-06 13:05:08,122 - Iter 49980: obj=-1135.885135, change=2.63e-06, α=0.000, ‖θ[1:]‖₁=13.817, h_range=[4.90e+00, 2.83e+01], num_knots=295
2025-09-06 13:05:08,236 - Iter 49990: obj=-1135.887048, change=2.63e-06, α=0.000, ‖θ[1:]‖₁=13.817, h_range=[4.90e+00, 2.83e+01], num_knots=295
2025-09-06 13:05:08,355 - Iter 50000: obj=-1135.888961, change=2.63e-06, α=0.000, ‖θ[1:]‖₁=13.817, h_range=[4.90e+00, 2.83e+01], num_knots=295
2025-09-06 13:05:08,355 - Final: selected_knots=295, iterations=50000
