2025-09-06 19:06:51,450 - ProximalNewton: lam=0.05, n_grid=200, cd_sweeps=2, basis_order=2, n_samples=3200, K=3203
2025-09-06 19:06:59,232 - Iter   0: obj=0.000000, change=1.00e+00, α=1.000, ‖θ[1:]‖₁=21.690, num_selected_knots=2940
2025-09-06 19:07:02,431 - Iter   1: obj=-179.147670, change=5.52e-01, α=1.000, ‖θ[1:]‖₁=53.044, num_selected_knots=1722
2025-09-06 19:07:05,625 - Iter   2: obj=-237.121669, change=4.52e-01, α=1.000, ‖θ[1:]‖₁=104.724, num_selected_knots=2830
2025-09-06 19:07:08,785 - Iter   3: obj=-240.165316, change=5.01e-01, α=1.000, ‖θ[1:]‖₁=160.932, num_selected_knots=2987
2025-09-06 19:07:11,938 - Iter   4: obj=-274.389350, change=5.68e-01, α=1.000, ‖θ[1:]‖₁=203.551, num_selected_knots=2973
2025-09-06 19:07:15,339 - Iter   5: obj=-313.415712, change=4.88e-01, α=1.000, ‖θ[1:]‖₁=231.285, num_selected_knots=2948
2025-09-06 19:07:18,507 - Iter   6: obj=-333.708475, change=3.02e-01, α=1.000, ‖θ[1:]‖₁=250.297, num_selected_knots=2917
2025-09-06 19:07:21,971 - Iter   7: obj=-343.869806, change=3.59e-01, α=1.000, ‖θ[1:]‖₁=265.111, num_selected_knots=2855
2025-09-06 19:07:25,244 - Iter   8: obj=-352.425152, change=3.28e-01, α=1.000, ‖θ[1:]‖₁=277.226, num_selected_knots=2834
2025-09-06 19:07:28,496 - Iter   9: obj=-362.258654, change=2.71e-01, α=1.000, ‖θ[1:]‖₁=287.740, num_selected_knots=2803
2025-09-06 19:07:31,754 - Iter  10: obj=-373.644359, change=3.22e-01, α=1.000, ‖θ[1:]‖₁=297.178, num_selected_knots=2746
2025-09-06 19:07:35,079 - Iter  11: obj=-386.138117, change=3.27e-01, α=1.000, ‖θ[1:]‖₁=305.602, num_selected_knots=2722
2025-09-06 19:07:38,318 - Iter  12: obj=-399.124520, change=2.55e-01, α=1.000, ‖θ[1:]‖₁=313.551, num_selected_knots=2633
2025-09-06 19:07:41,572 - Iter  13: obj=-412.151185, change=3.33e-01, α=1.000, ‖θ[1:]‖₁=320.774, num_selected_knots=2764
2025-09-06 19:07:44,801 - Iter  14: obj=-424.797025, change=3.13e-01, α=1.000, ‖θ[1:]‖₁=327.673, num_selected_knots=2818
2025-09-06 19:07:48,036 - Iter  15: obj=-436.871601, change=3.19e-01, α=1.000, ‖θ[1:]‖₁=334.181, num_selected_knots=2805
2025-09-06 19:07:51,264 - Iter  16: obj=-448.191457, change=3.11e-01, α=1.000, ‖θ[1:]‖₁=340.389, num_selected_knots=2803
2025-09-06 19:07:54,554 - Iter  17: obj=-458.689833, change=3.23e-01, α=1.000, ‖θ[1:]‖₁=346.169, num_selected_knots=2793
2025-09-06 19:07:57,827 - Iter  18: obj=-468.326263, change=2.95e-01, α=1.000, ‖θ[1:]‖₁=351.640, num_selected_knots=2784
2025-09-06 19:08:01,084 - Iter  19: obj=-477.129604, change=2.82e-01, α=1.000, ‖θ[1:]‖₁=356.925, num_selected_knots=2774
2025-09-06 19:08:04,343 - Iter  20: obj=-485.122281, change=2.72e-01, α=1.000, ‖θ[1:]‖₁=362.097, num_selected_knots=2770
2025-09-06 19:08:07,564 - Iter  21: obj=-492.329360, change=2.55e-01, α=1.000, ‖θ[1:]‖₁=367.011, num_selected_knots=2766
2025-09-06 19:08:10,848 - Iter  22: obj=-498.791626, change=2.62e-01, α=1.000, ‖θ[1:]‖₁=371.773, num_selected_knots=2757
2025-09-06 19:08:14,114 - Iter  23: obj=-504.585102, change=2.57e-01, α=1.000, ‖θ[1:]‖₁=376.359, num_selected_knots=2754
2025-09-06 19:08:17,339 - Iter  24: obj=-509.758291, change=2.53e-01, α=1.000, ‖θ[1:]‖₁=380.708, num_selected_knots=2751
2025-09-06 19:08:20,571 - Iter  25: obj=-514.367114, change=2.06e-01, α=1.000, ‖θ[1:]‖₁=384.885, num_selected_knots=2747
2025-09-06 19:08:23,819 - Iter  26: obj=-518.470230, change=2.23e-01, α=1.000, ‖θ[1:]‖₁=388.925, num_selected_knots=2745
2025-09-06 19:08:27,063 - Iter  27: obj=-522.113946, change=2.19e-01, α=1.000, ‖θ[1:]‖₁=392.778, num_selected_knots=2731
2025-09-06 19:08:30,306 - Iter  28: obj=-525.334784, change=2.14e-01, α=1.000, ‖θ[1:]‖₁=396.646, num_selected_knots=2730
2025-09-06 19:08:33,583 - Iter  29: obj=-528.185389, change=2.13e-01, α=1.000, ‖θ[1:]‖₁=400.426, num_selected_knots=2720
2025-09-06 19:08:36,840 - Iter  30: obj=-530.686263, change=2.11e-01, α=1.000, ‖θ[1:]‖₁=404.028, num_selected_knots=2715
2025-09-06 19:08:40,115 - Iter  31: obj=-532.880824, change=1.89e-01, α=1.000, ‖θ[1:]‖₁=407.613, num_selected_knots=2718
2025-09-06 19:08:43,325 - Iter  32: obj=-534.809283, change=1.93e-01, α=1.000, ‖θ[1:]‖₁=411.093, num_selected_knots=2710
2025-09-06 19:08:46,658 - Iter  33: obj=-536.501157, change=1.88e-01, α=1.000, ‖θ[1:]‖₁=414.459, num_selected_knots=2713
2025-09-06 19:08:50,102 - Iter  34: obj=-537.983794, change=1.85e-01, α=1.000, ‖θ[1:]‖₁=417.697, num_selected_knots=2707
2025-09-06 19:08:53,379 - Iter  35: obj=-539.281316, change=1.83e-01, α=1.000, ‖θ[1:]‖₁=420.951, num_selected_knots=2707
2025-09-06 19:08:56,812 - Iter  36: obj=-540.417697, change=1.39e-01, α=1.000, ‖θ[1:]‖₁=424.095, num_selected_knots=2703
2025-09-06 19:09:00,181 - Iter  37: obj=-541.401751, change=1.43e-01, α=1.000, ‖θ[1:]‖₁=427.147, num_selected_knots=2696
2025-09-06 19:09:03,508 - Iter  38: obj=-542.255401, change=1.22e-01, α=1.000, ‖θ[1:]‖₁=430.085, num_selected_knots=2686
2025-09-06 19:09:06,815 - Iter  39: obj=-542.999297, change=1.33e-01, α=1.000, ‖θ[1:]‖₁=433.014, num_selected_knots=2680
2025-09-06 19:09:10,109 - Iter  40: obj=-543.647849, change=1.20e-01, α=1.000, ‖θ[1:]‖₁=435.946, num_selected_knots=2670
2025-09-06 19:09:13,406 - Iter  41: obj=-544.209134, change=1.25e-01, α=1.000, ‖θ[1:]‖₁=438.957, num_selected_knots=2657
2025-09-06 19:09:16,729 - Iter  42: obj=-544.693982, change=1.36e-01, α=1.000, ‖θ[1:]‖₁=441.818, num_selected_knots=2644
2025-09-06 19:09:20,021 - Iter  43: obj=-545.108776, change=1.34e-01, α=1.000, ‖θ[1:]‖₁=444.556, num_selected_knots=2635
2025-09-06 19:09:23,362 - Iter  44: obj=-545.470841, change=1.32e-01, α=1.000, ‖θ[1:]‖₁=447.195, num_selected_knots=2618
2025-09-06 19:09:26,663 - Iter  45: obj=-545.789460, change=1.17e-01, α=1.000, ‖θ[1:]‖₁=449.817, num_selected_knots=2582
2025-09-06 19:09:29,936 - Iter  46: obj=-546.071283, change=1.06e-01, α=1.000, ‖θ[1:]‖₁=452.398, num_selected_knots=2536
2025-09-06 19:09:33,245 - Iter  47: obj=-546.317953, change=1.05e-01, α=1.000, ‖θ[1:]‖₁=454.904, num_selected_knots=2449
2025-09-06 19:09:36,526 - Iter  48: obj=-546.534997, change=9.33e-02, α=1.000, ‖θ[1:]‖₁=457.380, num_selected_knots=2442
2025-09-06 19:09:39,822 - Iter  49: obj=-546.728696, change=1.07e-01, α=1.000, ‖θ[1:]‖₁=459.921, num_selected_knots=2494
2025-09-06 19:09:46,286 - Iter  50: obj=-546.902858, change=1.09e-01, α=1.000, ‖θ[1:]‖₁=462.440, num_selected_knots=2538
2025-09-06 19:09:49,759 - Iter  51: obj=-547.059939, change=1.10e-01, α=1.000, ‖θ[1:]‖₁=464.856, num_selected_knots=2534
2025-09-06 19:09:53,080 - Iter  52: obj=-547.204031, change=1.08e-01, α=1.000, ‖θ[1:]‖₁=467.277, num_selected_knots=2559
2025-09-06 19:09:56,366 - Iter  53: obj=-547.339731, change=1.09e-01, α=1.000, ‖θ[1:]‖₁=469.644, num_selected_knots=2552
2025-09-06 19:09:59,609 - Iter  54: obj=-547.469350, change=1.08e-01, α=1.000, ‖θ[1:]‖₁=471.935, num_selected_knots=2563
2025-09-06 19:10:02,912 - Iter  55: obj=-547.594403, change=1.07e-01, α=1.000, ‖θ[1:]‖₁=474.201, num_selected_knots=2565
2025-09-06 19:10:06,209 - Iter  56: obj=-547.717481, change=1.07e-01, α=1.000, ‖θ[1:]‖₁=476.459, num_selected_knots=2580
2025-09-06 19:10:09,491 - Iter  57: obj=-547.840315, change=1.07e-01, α=1.000, ‖θ[1:]‖₁=478.644, num_selected_knots=2579
2025-09-06 19:10:12,949 - Iter  58: obj=-547.964211, change=1.06e-01, α=1.000, ‖θ[1:]‖₁=480.775, num_selected_knots=2577
2025-09-06 19:10:16,295 - Iter  59: obj=-548.090358, change=1.05e-01, α=1.000, ‖θ[1:]‖₁=482.862, num_selected_knots=2579
2025-09-06 19:10:19,583 - Iter  60: obj=-548.219966, change=8.41e-02, α=1.000, ‖θ[1:]‖₁=484.971, num_selected_knots=2576
2025-09-06 19:10:22,965 - Iter  61: obj=-548.353724, change=7.53e-02, α=1.000, ‖θ[1:]‖₁=487.032, num_selected_knots=2558
2025-09-06 19:10:26,360 - Iter  62: obj=-548.492666, change=7.58e-02, α=1.000, ‖θ[1:]‖₁=489.108, num_selected_knots=2568
2025-09-06 19:10:29,730 - Iter  63: obj=-548.637465, change=8.46e-02, α=1.000, ‖θ[1:]‖₁=491.201, num_selected_knots=2562
2025-09-06 19:10:37,890 - Iter  64: obj=-548.789619, change=7.84e-02, α=1.000, ‖θ[1:]‖₁=493.369, num_selected_knots=2563
2025-09-06 19:10:41,383 - Iter  65: obj=-548.949298, change=8.21e-02, α=1.000, ‖θ[1:]‖₁=495.449, num_selected_knots=2558
2025-09-06 19:10:44,816 - Iter  66: obj=-549.117202, change=8.20e-02, α=1.000, ‖θ[1:]‖₁=497.520, num_selected_knots=2559
2025-09-06 19:10:48,193 - Iter  67: obj=-549.291993, change=8.29e-02, α=1.000, ‖θ[1:]‖₁=499.559, num_selected_knots=2557
2025-09-06 19:10:51,492 - Iter  68: obj=-549.474540, change=8.29e-02, α=1.000, ‖θ[1:]‖₁=501.554, num_selected_knots=2556
2025-09-06 19:10:54,711 - Iter  69: obj=-549.664303, change=8.23e-02, α=1.000, ‖θ[1:]‖₁=503.542, num_selected_knots=2565
2025-09-06 19:10:58,374 - Iter  70: obj=-549.861410, change=8.28e-02, α=1.000, ‖θ[1:]‖₁=505.522, num_selected_knots=2562
2025-09-06 19:11:01,727 - Iter  71: obj=-550.066691, change=8.37e-02, α=1.000, ‖θ[1:]‖₁=507.461, num_selected_knots=2566
2025-09-06 19:11:05,083 - Iter  72: obj=-550.280266, change=8.33e-02, α=1.000, ‖θ[1:]‖₁=509.356, num_selected_knots=2559
2025-09-06 19:11:08,409 - Iter  73: obj=-550.501386, change=8.25e-02, α=1.000, ‖θ[1:]‖₁=511.215, num_selected_knots=2559
2025-09-06 19:11:11,734 - Iter  74: obj=-550.729970, change=6.94e-02, α=1.000, ‖θ[1:]‖₁=513.053, num_selected_knots=2550
2025-09-06 19:11:15,030 - Iter  75: obj=-550.965932, change=7.27e-02, α=1.000, ‖θ[1:]‖₁=514.929, num_selected_knots=2547
2025-09-06 19:11:18,381 - Iter  76: obj=-551.209495, change=7.51e-02, α=1.000, ‖θ[1:]‖₁=516.822, num_selected_knots=2539
2025-09-06 19:11:21,717 - Iter  77: obj=-551.461825, change=7.72e-02, α=1.000, ‖θ[1:]‖₁=518.686, num_selected_knots=2546
2025-09-06 19:11:25,018 - Iter  78: obj=-551.722496, change=7.80e-02, α=1.000, ‖θ[1:]‖₁=520.536, num_selected_knots=2547
2025-09-06 19:11:28,576 - Iter  79: obj=-551.990273, change=7.91e-02, α=1.000, ‖θ[1:]‖₁=522.375, num_selected_knots=2544
2025-09-06 19:11:35,022 - Iter  80: obj=-552.264610, change=8.00e-02, α=1.000, ‖θ[1:]‖₁=524.193, num_selected_knots=2542
2025-09-06 19:11:38,232 - Iter  81: obj=-552.544986, change=8.03e-02, α=1.000, ‖θ[1:]‖₁=525.986, num_selected_knots=2540
2025-09-06 19:11:41,438 - Iter  82: obj=-552.831119, change=8.05e-02, α=1.000, ‖θ[1:]‖₁=527.749, num_selected_knots=2544
2025-09-06 19:11:44,640 - Iter  83: obj=-553.122779, change=7.31e-02, α=1.000, ‖θ[1:]‖₁=529.482, num_selected_knots=2537
2025-09-06 19:11:47,894 - Iter  84: obj=-553.419578, change=7.41e-02, α=1.000, ‖θ[1:]‖₁=531.198, num_selected_knots=2537
2025-09-06 19:11:51,320 - Iter  85: obj=-553.720784, change=7.38e-02, α=1.000, ‖θ[1:]‖₁=532.904, num_selected_knots=2531
2025-09-06 19:11:54,794 - Iter  86: obj=-554.026981, change=7.40e-02, α=1.000, ‖θ[1:]‖₁=534.601, num_selected_knots=2531
2025-09-06 19:11:58,122 - Iter  87: obj=-554.338556, change=7.46e-02, α=1.000, ‖θ[1:]‖₁=536.280, num_selected_knots=2532
2025-09-06 19:12:01,457 - Iter  88: obj=-554.655239, change=7.47e-02, α=1.000, ‖θ[1:]‖₁=537.939, num_selected_knots=2523
2025-09-06 19:12:04,710 - Iter  89: obj=-554.976304, change=7.47e-02, α=1.000, ‖θ[1:]‖₁=539.581, num_selected_knots=2528
2025-09-06 19:12:08,005 - Iter  90: obj=-555.301637, change=6.80e-02, α=1.000, ‖θ[1:]‖₁=541.198, num_selected_knots=2524
2025-09-06 19:12:11,315 - Iter  91: obj=-555.630762, change=6.86e-02, α=1.000, ‖θ[1:]‖₁=542.789, num_selected_knots=2520
2025-09-06 19:12:14,571 - Iter  92: obj=-555.963438, change=6.81e-02, α=1.000, ‖θ[1:]‖₁=544.362, num_selected_knots=2516
2025-09-06 19:12:17,843 - Iter  93: obj=-556.299190, change=6.77e-02, α=1.000, ‖θ[1:]‖₁=545.940, num_selected_knots=2511
2025-09-06 19:12:21,175 - Iter  94: obj=-556.637690, change=6.83e-02, α=1.000, ‖θ[1:]‖₁=547.527, num_selected_knots=2511
2025-09-06 19:12:24,421 - Iter  95: obj=-556.979783, change=6.66e-02, α=1.000, ‖θ[1:]‖₁=549.181, num_selected_knots=2507
2025-09-06 19:12:27,740 - Iter  96: obj=-557.324692, change=6.04e-02, α=1.000, ‖θ[1:]‖₁=550.805, num_selected_knots=2508
2025-09-06 19:12:31,070 - Iter  97: obj=-557.674525, change=6.10e-02, α=1.000, ‖θ[1:]‖₁=552.400, num_selected_knots=2511
2025-09-06 19:12:34,303 - Iter  98: obj=-558.025357, change=6.08e-02, α=1.000, ‖θ[1:]‖₁=553.987, num_selected_knots=2508
2025-09-06 19:12:37,608 - Iter  99: obj=-558.376171, change=6.12e-02, α=1.000, ‖θ[1:]‖₁=555.619, num_selected_knots=2507
2025-09-06 19:12:40,912 - Iter 100: obj=-558.726204, change=6.38e-02, α=1.000, ‖θ[1:]‖₁=557.210, num_selected_knots=2506
2025-09-06 19:12:44,192 - Iter 101: obj=-559.079337, change=6.41e-02, α=1.000, ‖θ[1:]‖₁=558.775, num_selected_knots=2501
2025-09-06 19:12:47,489 - Iter 102: obj=-559.432279, change=6.38e-02, α=1.000, ‖θ[1:]‖₁=560.330, num_selected_knots=2498
2025-09-06 19:12:50,792 - Iter 103: obj=-559.784016, change=6.38e-02, α=1.000, ‖θ[1:]‖₁=561.877, num_selected_knots=2495
2025-09-06 19:12:54,050 - Iter 104: obj=-560.135278, change=6.42e-02, α=1.000, ‖θ[1:]‖₁=563.414, num_selected_knots=2502
2025-09-06 19:13:01,506 - Iter 105: obj=-560.486134, change=5.00e-02, α=1.000, ‖θ[1:]‖₁=564.929, num_selected_knots=2498
2025-09-06 19:13:04,710 - Iter 106: obj=-560.836791, change=6.38e-02, α=1.000, ‖θ[1:]‖₁=566.431, num_selected_knots=2496
2025-09-06 19:13:07,961 - Iter 107: obj=-561.186645, change=6.38e-02, α=1.000, ‖θ[1:]‖₁=567.949, num_selected_knots=2499
2025-09-06 19:13:11,138 - Iter 108: obj=-561.535583, change=6.51e-02, α=1.000, ‖θ[1:]‖₁=569.441, num_selected_knots=2497
2025-09-06 19:13:14,356 - Iter 109: obj=-561.885203, change=6.52e-02, α=1.000, ‖θ[1:]‖₁=570.912, num_selected_knots=2494
2025-09-06 19:13:17,587 - Iter 110: obj=-562.233918, change=6.49e-02, α=1.000, ‖θ[1:]‖₁=572.368, num_selected_knots=2498
2025-09-06 19:13:20,769 - Iter 111: obj=-562.581149, change=6.45e-02, α=1.000, ‖θ[1:]‖₁=573.826, num_selected_knots=2492
2025-09-06 19:13:23,957 - Iter 112: obj=-562.926456, change=6.49e-02, α=1.000, ‖θ[1:]‖₁=575.271, num_selected_knots=2496
2025-09-06 19:13:27,203 - Iter 113: obj=-563.270894, change=6.48e-02, α=1.000, ‖θ[1:]‖₁=576.698, num_selected_knots=2495
2025-09-06 19:13:30,407 - Iter 114: obj=-563.614093, change=6.45e-02, α=1.000, ‖θ[1:]‖₁=578.110, num_selected_knots=2493
2025-09-06 19:13:33,656 - Iter 115: obj=-563.955644, change=6.42e-02, α=1.000, ‖θ[1:]‖₁=579.510, num_selected_knots=2496
2025-09-06 19:13:37,206 - Iter 116: obj=-564.295374, change=6.38e-02, α=1.000, ‖θ[1:]‖₁=580.913, num_selected_knots=2492
2025-09-06 19:13:40,445 - Iter 117: obj=-564.633102, change=6.44e-02, α=1.000, ‖θ[1:]‖₁=582.310, num_selected_knots=2489
2025-09-06 19:13:43,732 - Iter 118: obj=-564.969422, change=6.47e-02, α=1.000, ‖θ[1:]‖₁=583.692, num_selected_knots=2485
2025-09-06 19:13:47,045 - Iter 119: obj=-565.304253, change=6.46e-02, α=1.000, ‖θ[1:]‖₁=585.077, num_selected_knots=2486
2025-09-06 19:13:50,290 - Iter 120: obj=-565.636705, change=6.51e-02, α=1.000, ‖θ[1:]‖₁=586.445, num_selected_knots=2486
2025-09-06 19:13:53,556 - Iter 121: obj=-565.967443, change=6.51e-02, α=1.000, ‖θ[1:]‖₁=587.799, num_selected_knots=2483
2025-09-06 19:13:57,110 - Iter 122: obj=-566.295678, change=4.13e-02, α=1.000, ‖θ[1:]‖₁=589.145, num_selected_knots=2478
2025-09-06 19:14:00,475 - Iter 123: obj=-566.621122, change=5.69e-02, α=1.000, ‖θ[1:]‖₁=590.511, num_selected_knots=2477
2025-09-06 19:14:03,839 - Iter 124: obj=-566.943344, change=5.84e-02, α=1.000, ‖θ[1:]‖₁=591.861, num_selected_knots=2474
2025-09-06 19:14:07,177 - Iter 125: obj=-567.264238, change=5.88e-02, α=1.000, ‖θ[1:]‖₁=593.206, num_selected_knots=2473
2025-09-06 19:14:10,504 - Iter 126: obj=-567.582578, change=5.94e-02, α=1.000, ‖θ[1:]‖₁=594.550, num_selected_knots=2472
2025-09-06 19:14:13,837 - Iter 127: obj=-567.898115, change=6.03e-02, α=1.000, ‖θ[1:]‖₁=595.906, num_selected_knots=2474
2025-09-06 19:14:17,203 - Iter 128: obj=-568.209703, change=6.15e-02, α=1.000, ‖θ[1:]‖₁=597.247, num_selected_knots=2471
2025-09-06 19:14:20,472 - Iter 129: obj=-568.519313, change=6.20e-02, α=1.000, ‖θ[1:]‖₁=598.587, num_selected_knots=2473
2025-09-06 19:14:23,824 - Iter 130: obj=-568.825162, change=6.26e-02, α=1.000, ‖θ[1:]‖₁=599.909, num_selected_knots=2472
2025-09-06 19:14:27,135 - Iter 131: obj=-569.127778, change=6.27e-02, α=1.000, ‖θ[1:]‖₁=601.229, num_selected_knots=2471
2025-09-06 19:14:30,431 - Iter 132: obj=-569.426124, change=6.29e-02, α=1.000, ‖θ[1:]‖₁=602.541, num_selected_knots=2469
2025-09-06 19:14:36,881 - Iter 133: obj=-569.721011, change=6.32e-02, α=1.000, ‖θ[1:]‖₁=603.848, num_selected_knots=2470
2025-09-06 19:14:40,071 - Iter 134: obj=-570.012383, change=6.35e-02, α=1.000, ‖θ[1:]‖₁=605.150, num_selected_knots=2467
2025-09-06 19:14:43,287 - Iter 135: obj=-570.300068, change=6.38e-02, α=1.000, ‖θ[1:]‖₁=606.464, num_selected_knots=2466
2025-09-06 19:14:46,530 - Iter 136: obj=-570.584173, change=6.52e-02, α=1.000, ‖θ[1:]‖₁=607.763, num_selected_knots=2467
2025-09-06 19:14:49,811 - Iter 137: obj=-570.865728, change=6.55e-02, α=1.000, ‖θ[1:]‖₁=609.080, num_selected_knots=2468
2025-09-06 19:14:53,040 - Iter 138: obj=-571.141975, change=6.59e-02, α=1.000, ‖θ[1:]‖₁=610.400, num_selected_knots=2467
2025-09-06 19:14:56,354 - Iter 139: obj=-571.414151, change=6.59e-02, α=1.000, ‖θ[1:]‖₁=611.710, num_selected_knots=2463
2025-09-06 19:14:59,998 - Iter 140: obj=-571.682657, change=6.59e-02, α=1.000, ‖θ[1:]‖₁=613.009, num_selected_knots=2465
2025-09-06 19:15:03,351 - Iter 141: obj=-571.947451, change=6.57e-02, α=1.000, ‖θ[1:]‖₁=614.300, num_selected_knots=2464
2025-09-06 19:15:12,047 - Iter 142: obj=-572.208569, change=6.55e-02, α=1.000, ‖θ[1:]‖₁=615.598, num_selected_knots=2464
2025-09-06 19:15:15,351 - Iter 143: obj=-572.466141, change=6.62e-02, α=1.000, ‖θ[1:]‖₁=616.886, num_selected_knots=2462
2025-09-06 19:15:18,662 - Iter 144: obj=-572.721021, change=6.66e-02, α=1.000, ‖θ[1:]‖₁=618.161, num_selected_knots=2465
2025-09-06 19:15:23,035 - Iter 145: obj=-572.972815, change=6.65e-02, α=1.000, ‖θ[1:]‖₁=619.427, num_selected_knots=2464
2025-09-06 19:15:31,294 - Iter 146: obj=-573.221198, change=6.55e-02, α=1.000, ‖θ[1:]‖₁=620.739, num_selected_knots=2462
2025-09-06 19:15:34,769 - Iter 147: obj=-573.465706, change=4.19e-02, α=1.000, ‖θ[1:]‖₁=622.104, num_selected_knots=2459
2025-09-06 19:15:38,180 - Iter 148: obj=-573.707413, change=4.41e-02, α=1.000, ‖θ[1:]‖₁=623.452, num_selected_knots=2460
2025-09-06 19:15:41,800 - Iter 149: obj=-573.946834, change=4.48e-02, α=1.000, ‖θ[1:]‖₁=624.785, num_selected_knots=2459
2025-09-06 19:15:45,245 - Iter 150: obj=-574.182799, change=4.48e-02, α=1.000, ‖θ[1:]‖₁=626.107, num_selected_knots=2461
2025-09-06 19:15:52,530 - Iter 151: obj=-574.414592, change=4.47e-02, α=1.000, ‖θ[1:]‖₁=627.419, num_selected_knots=2459
2025-09-06 19:15:55,859 - Iter 152: obj=-574.642285, change=4.45e-02, α=1.000, ‖θ[1:]‖₁=628.722, num_selected_knots=2462
2025-09-06 19:15:59,156 - Iter 153: obj=-574.866094, change=4.42e-02, α=1.000, ‖θ[1:]‖₁=630.023, num_selected_knots=2458
2025-09-06 19:16:02,625 - Iter 154: obj=-575.086045, change=3.53e-02, α=1.000, ‖θ[1:]‖₁=631.324, num_selected_knots=2458
2025-09-06 19:16:06,068 - Iter 155: obj=-575.302587, change=4.06e-02, α=1.000, ‖θ[1:]‖₁=632.615, num_selected_knots=2457
2025-09-06 19:16:09,354 - Iter 156: obj=-575.516585, change=4.05e-02, α=1.000, ‖θ[1:]‖₁=633.896, num_selected_knots=2459
2025-09-06 19:16:12,672 - Iter 157: obj=-575.727554, change=4.03e-02, α=1.000, ‖θ[1:]‖₁=635.170, num_selected_knots=2457
2025-09-06 19:16:15,984 - Iter 158: obj=-575.935442, change=4.01e-02, α=1.000, ‖θ[1:]‖₁=636.447, num_selected_knots=2451
2025-09-06 19:16:19,310 - Iter 159: obj=-576.140359, change=4.06e-02, α=1.000, ‖θ[1:]‖₁=637.717, num_selected_knots=2448
2025-09-06 19:16:26,465 - Iter 160: obj=-576.342797, change=4.08e-02, α=1.000, ‖θ[1:]‖₁=638.979, num_selected_knots=2442
2025-09-06 19:16:29,762 - Iter 161: obj=-576.542696, change=4.09e-02, α=1.000, ‖θ[1:]‖₁=640.287, num_selected_knots=2439
2025-09-06 19:16:32,989 - Iter 162: obj=-576.738898, change=4.39e-02, α=1.000, ‖θ[1:]‖₁=641.605, num_selected_knots=2438
2025-09-06 19:16:36,179 - Iter 163: obj=-576.934336, change=4.67e-02, α=1.000, ‖θ[1:]‖₁=642.918, num_selected_knots=2437
2025-09-06 19:16:39,789 - Iter 164: obj=-577.128080, change=4.84e-02, α=1.000, ‖θ[1:]‖₁=644.219, num_selected_knots=2435
2025-09-06 19:16:43,109 - Iter 165: obj=-577.319573, change=4.91e-02, α=1.000, ‖θ[1:]‖₁=645.507, num_selected_knots=2433
2025-09-06 19:16:46,443 - Iter 166: obj=-577.508130, change=4.91e-02, α=1.000, ‖θ[1:]‖₁=646.783, num_selected_knots=2432
2025-09-06 19:16:49,744 - Iter 167: obj=-577.693103, change=4.90e-02, α=1.000, ‖θ[1:]‖₁=648.067, num_selected_knots=2430
2025-09-06 19:16:53,102 - Iter 168: obj=-577.874330, change=4.98e-02, α=1.000, ‖θ[1:]‖₁=649.338, num_selected_knots=2431
2025-09-06 19:16:56,487 - Iter 169: obj=-578.052953, change=5.00e-02, α=1.000, ‖θ[1:]‖₁=650.598, num_selected_knots=2428
2025-09-06 19:17:04,332 - Iter 170: obj=-578.228979, change=4.98e-02, α=1.000, ‖θ[1:]‖₁=651.856, num_selected_knots=2427
2025-09-06 19:17:07,512 - Iter 171: obj=-578.402159, change=5.00e-02, α=1.000, ‖θ[1:]‖₁=653.111, num_selected_knots=2425
2025-09-06 19:17:10,728 - Iter 172: obj=-578.572616, change=5.03e-02, α=1.000, ‖θ[1:]‖₁=654.360, num_selected_knots=2422
2025-09-06 19:17:13,933 - Iter 173: obj=-578.741088, change=4.16e-02, α=1.000, ‖θ[1:]‖₁=655.609, num_selected_knots=2422
2025-09-06 19:17:17,122 - Iter 174: obj=-578.907068, change=3.20e-02, α=1.000, ‖θ[1:]‖₁=656.845, num_selected_knots=2423
2025-09-06 19:17:20,314 - Iter 175: obj=-579.071310, change=4.06e-02, α=1.000, ‖θ[1:]‖₁=658.077, num_selected_knots=2421
2025-09-06 19:17:23,521 - Iter 176: obj=-579.233221, change=4.99e-02, α=1.000, ‖θ[1:]‖₁=659.302, num_selected_knots=2419
2025-09-06 19:17:26,749 - Iter 177: obj=-579.393157, change=4.97e-02, α=1.000, ‖θ[1:]‖₁=660.518, num_selected_knots=2420
2025-09-06 19:17:29,913 - Iter 178: obj=-579.551187, change=4.94e-02, α=1.000, ‖θ[1:]‖₁=661.726, num_selected_knots=2419
2025-09-06 19:17:33,098 - Iter 179: obj=-579.707287, change=4.91e-02, α=1.000, ‖θ[1:]‖₁=662.928, num_selected_knots=2417
2025-09-06 19:17:36,257 - Iter 180: obj=-579.861548, change=4.88e-02, α=1.000, ‖θ[1:]‖₁=664.139, num_selected_knots=2414
2025-09-06 19:17:39,441 - Iter 181: obj=-580.013898, change=4.94e-02, α=1.000, ‖θ[1:]‖₁=665.338, num_selected_knots=2415
2025-09-06 19:17:42,644 - Iter 182: obj=-580.165184, change=4.93e-02, α=1.000, ‖θ[1:]‖₁=666.532, num_selected_knots=2415
2025-09-06 19:17:45,851 - Iter 183: obj=-580.314989, change=4.92e-02, α=1.000, ‖θ[1:]‖₁=667.725, num_selected_knots=2414
2025-09-06 19:17:49,152 - Iter 184: obj=-580.463275, change=4.94e-02, α=1.000, ‖θ[1:]‖₁=668.909, num_selected_knots=2413
2025-09-06 19:17:57,841 - Iter 185: obj=-580.610202, change=4.93e-02, α=1.000, ‖θ[1:]‖₁=670.086, num_selected_knots=2416
2025-09-06 19:18:01,595 - Iter 186: obj=-580.755698, change=4.91e-02, α=1.000, ‖θ[1:]‖₁=671.255, num_selected_knots=2413
2025-09-06 19:18:05,101 - Iter 187: obj=-580.899714, change=4.87e-02, α=1.000, ‖θ[1:]‖₁=672.418, num_selected_knots=2414
2025-09-06 19:18:12,983 - Iter 188: obj=-581.042290, change=4.84e-02, α=1.000, ‖θ[1:]‖₁=673.580, num_selected_knots=2414
2025-09-06 19:18:16,198 - Iter 189: obj=-581.183515, change=3.44e-02, α=1.000, ‖θ[1:]‖₁=674.765, num_selected_knots=2412
2025-09-06 19:18:19,455 - Iter 190: obj=-581.323355, change=2.94e-02, α=1.000, ‖θ[1:]‖₁=675.984, num_selected_knots=2412
2025-09-06 19:18:22,641 - Iter 191: obj=-581.463161, change=2.92e-02, α=1.000, ‖θ[1:]‖₁=677.193, num_selected_knots=2410
2025-09-06 19:18:25,851 - Iter 192: obj=-581.601906, change=2.91e-02, α=1.000, ‖θ[1:]‖₁=678.396, num_selected_knots=2411
2025-09-06 19:18:29,142 - Iter 193: obj=-581.739135, change=2.90e-02, α=1.000, ‖θ[1:]‖₁=679.594, num_selected_knots=2411
2025-09-06 19:18:32,369 - Iter 194: obj=-581.874839, change=2.88e-02, α=1.000, ‖θ[1:]‖₁=680.784, num_selected_knots=2409
2025-09-06 19:18:35,647 - Iter 195: obj=-582.009065, change=2.87e-02, α=1.000, ‖θ[1:]‖₁=681.978, num_selected_knots=2406
2025-09-06 19:18:38,861 - Iter 196: obj=-582.141953, change=2.85e-02, α=1.000, ‖θ[1:]‖₁=683.168, num_selected_knots=2404
2025-09-06 19:18:42,104 - Iter 197: obj=-582.273638, change=2.84e-02, α=1.000, ‖θ[1:]‖₁=684.349, num_selected_knots=2406
2025-09-06 19:18:45,325 - Iter 198: obj=-582.404644, change=2.82e-02, α=1.000, ‖θ[1:]‖₁=685.524, num_selected_knots=2405
2025-09-06 19:18:48,546 - Iter 199: obj=-582.534694, change=2.81e-02, α=1.000, ‖θ[1:]‖₁=686.692, num_selected_knots=2405
2025-09-06 19:18:51,775 - Iter 200: obj=-582.663738, change=2.79e-02, α=1.000, ‖θ[1:]‖₁=687.855, num_selected_knots=2405
2025-09-06 19:18:55,082 - Iter 201: obj=-582.791852, change=2.78e-02, α=1.000, ‖θ[1:]‖₁=689.012, num_selected_knots=2404
2025-09-06 19:18:58,631 - Iter 202: obj=-582.919149, change=2.76e-02, α=1.000, ‖θ[1:]‖₁=690.164, num_selected_knots=2404
2025-09-06 19:19:01,974 - Iter 203: obj=-583.045731, change=2.75e-02, α=1.000, ‖θ[1:]‖₁=691.310, num_selected_knots=2404
2025-09-06 19:19:05,244 - Iter 204: obj=-583.171669, change=2.73e-02, α=1.000, ‖θ[1:]‖₁=692.452, num_selected_knots=2404
2025-09-06 19:19:08,499 - Iter 205: obj=-583.297039, change=2.72e-02, α=1.000, ‖θ[1:]‖₁=693.591, num_selected_knots=2403
2025-09-06 19:19:11,765 - Iter 206: obj=-583.421841, change=2.70e-02, α=1.000, ‖θ[1:]‖₁=694.728, num_selected_knots=2403
2025-09-06 19:19:15,056 - Iter 207: obj=-583.546239, change=2.69e-02, α=1.000, ‖θ[1:]‖₁=695.860, num_selected_knots=2399
2025-09-06 19:19:18,324 - Iter 208: obj=-583.670490, change=2.68e-02, α=1.000, ‖θ[1:]‖₁=697.001, num_selected_knots=2398
2025-09-06 19:19:21,573 - Iter 209: obj=-583.794347, change=2.66e-02, α=1.000, ‖θ[1:]‖₁=698.140, num_selected_knots=2397
2025-09-06 19:19:24,921 - Iter 210: obj=-583.917884, change=2.65e-02, α=1.000, ‖θ[1:]‖₁=699.271, num_selected_knots=2398
2025-09-06 19:19:28,234 - Iter 211: obj=-584.041816, change=2.63e-02, α=1.000, ‖θ[1:]‖₁=700.395, num_selected_knots=2397
2025-09-06 19:19:31,501 - Iter 212: obj=-584.165544, change=2.62e-02, α=1.000, ‖θ[1:]‖₁=701.515, num_selected_knots=2395
2025-09-06 19:19:34,793 - Iter 213: obj=-584.288943, change=2.60e-02, α=1.000, ‖θ[1:]‖₁=702.629, num_selected_knots=2395
2025-09-06 19:19:38,116 - Iter 214: obj=-584.412037, change=2.59e-02, α=1.000, ‖θ[1:]‖₁=703.742, num_selected_knots=2394
2025-09-06 19:19:41,482 - Iter 215: obj=-584.534752, change=2.59e-02, α=1.000, ‖θ[1:]‖₁=704.855, num_selected_knots=2392
2025-09-06 19:19:44,812 - Iter 216: obj=-584.657236, change=2.59e-02, α=1.000, ‖θ[1:]‖₁=705.973, num_selected_knots=2389
2025-09-06 19:19:48,455 - Iter 217: obj=-584.779484, change=2.60e-02, α=1.000, ‖θ[1:]‖₁=707.100, num_selected_knots=2387
2025-09-06 19:19:51,777 - Iter 218: obj=-584.901850, change=2.61e-02, α=1.000, ‖θ[1:]‖₁=708.218, num_selected_knots=2386
2025-09-06 19:19:55,072 - Iter 219: obj=-585.024622, change=2.62e-02, α=1.000, ‖θ[1:]‖₁=709.329, num_selected_knots=2386
2025-09-06 19:20:02,253 - Iter 220: obj=-585.147771, change=2.63e-02, α=1.000, ‖θ[1:]‖₁=710.440, num_selected_knots=2381
2025-09-06 19:20:05,410 - Iter 221: obj=-585.270856, change=2.63e-02, α=1.000, ‖θ[1:]‖₁=711.553, num_selected_knots=2381
2025-09-06 19:20:08,591 - Iter 222: obj=-585.393844, change=2.64e-02, α=1.000, ‖θ[1:]‖₁=712.658, num_selected_knots=2382
2025-09-06 19:20:11,748 - Iter 223: obj=-585.517315, change=2.65e-02, α=1.000, ‖θ[1:]‖₁=713.757, num_selected_knots=2382
2025-09-06 19:20:14,929 - Iter 224: obj=-585.640966, change=2.65e-02, α=1.000, ‖θ[1:]‖₁=714.851, num_selected_knots=2380
2025-09-06 19:20:18,114 - Iter 225: obj=-585.764732, change=2.66e-02, α=1.000, ‖θ[1:]‖₁=715.940, num_selected_knots=2380
2025-09-06 19:20:21,296 - Iter 226: obj=-585.888622, change=2.66e-02, α=1.000, ‖θ[1:]‖₁=717.025, num_selected_knots=2380
2025-09-06 19:20:24,508 - Iter 227: obj=-586.012739, change=2.66e-02, α=1.000, ‖θ[1:]‖₁=718.106, num_selected_knots=2382
2025-09-06 19:20:27,699 - Iter 228: obj=-586.137116, change=2.67e-02, α=1.000, ‖θ[1:]‖₁=719.185, num_selected_knots=2379
2025-09-06 19:20:30,899 - Iter 229: obj=-586.261824, change=2.67e-02, α=1.000, ‖θ[1:]‖₁=720.271, num_selected_knots=2377
2025-09-06 19:20:34,132 - Iter 230: obj=-586.386902, change=2.68e-02, α=1.000, ‖θ[1:]‖₁=721.351, num_selected_knots=2377
2025-09-06 19:20:37,327 - Iter 231: obj=-586.512375, change=2.69e-02, α=1.000, ‖θ[1:]‖₁=722.425, num_selected_knots=2376
2025-09-06 19:20:40,500 - Iter 232: obj=-586.638668, change=2.69e-02, α=1.000, ‖θ[1:]‖₁=723.496, num_selected_knots=2373
2025-09-06 19:20:43,690 - Iter 233: obj=-586.765521, change=2.70e-02, α=1.000, ‖θ[1:]‖₁=724.569, num_selected_knots=2370
2025-09-06 19:20:46,924 - Iter 234: obj=-586.892732, change=2.71e-02, α=1.000, ‖θ[1:]‖₁=725.642, num_selected_knots=2369
2025-09-06 19:20:50,121 - Iter 235: obj=-587.020677, change=2.72e-02, α=1.000, ‖θ[1:]‖₁=726.708, num_selected_knots=2367
2025-09-06 19:20:53,310 - Iter 236: obj=-587.149654, change=2.72e-02, α=1.000, ‖θ[1:]‖₁=727.769, num_selected_knots=2367
2025-09-06 19:20:56,596 - Iter 237: obj=-587.279362, change=2.73e-02, α=1.000, ‖θ[1:]‖₁=728.827, num_selected_knots=2367
2025-09-06 19:20:59,907 - Iter 238: obj=-587.409688, change=2.73e-02, α=1.000, ‖θ[1:]‖₁=729.880, num_selected_knots=2367
2025-09-06 19:21:03,125 - Iter 239: obj=-587.540652, change=2.74e-02, α=1.000, ‖θ[1:]‖₁=730.930, num_selected_knots=2366
2025-09-06 19:21:06,322 - Iter 240: obj=-587.672301, change=2.74e-02, α=1.000, ‖θ[1:]‖₁=731.982, num_selected_knots=2366
2025-09-06 19:21:09,530 - Iter 241: obj=-587.804619, change=2.75e-02, α=1.000, ‖θ[1:]‖₁=733.031, num_selected_knots=2363
2025-09-06 19:21:12,740 - Iter 242: obj=-587.937824, change=2.75e-02, α=1.000, ‖θ[1:]‖₁=734.079, num_selected_knots=2364
2025-09-06 19:21:15,965 - Iter 243: obj=-588.071981, change=2.76e-02, α=1.000, ‖θ[1:]‖₁=735.124, num_selected_knots=2364
2025-09-06 19:21:19,155 - Iter 244: obj=-588.207225, change=2.77e-02, α=1.000, ‖θ[1:]‖₁=736.164, num_selected_knots=2364
2025-09-06 19:21:22,536 - Iter 245: obj=-588.343333, change=2.77e-02, α=1.000, ‖θ[1:]‖₁=737.199, num_selected_knots=2363
2025-09-06 19:21:25,748 - Iter 246: obj=-588.480389, change=2.78e-02, α=1.000, ‖θ[1:]‖₁=738.231, num_selected_knots=2362
2025-09-06 19:21:29,187 - Iter 247: obj=-588.618360, change=2.78e-02, α=1.000, ‖θ[1:]‖₁=739.258, num_selected_knots=2362
2025-09-06 19:21:32,477 - Iter 248: obj=-588.757269, change=2.79e-02, α=1.000, ‖θ[1:]‖₁=740.282, num_selected_knots=2362
2025-09-06 19:21:35,839 - Iter 249: obj=-588.897156, change=2.79e-02, α=1.000, ‖θ[1:]‖₁=741.303, num_selected_knots=2359
2025-09-06 19:21:39,128 - Iter 250: obj=-589.038058, change=2.80e-02, α=1.000, ‖θ[1:]‖₁=742.328, num_selected_knots=2357
2025-09-06 19:21:42,409 - Iter 251: obj=-589.179987, change=2.80e-02, α=1.000, ‖θ[1:]‖₁=743.349, num_selected_knots=2357
2025-09-06 19:21:45,801 - Iter 252: obj=-589.322888, change=2.81e-02, α=1.000, ‖θ[1:]‖₁=744.365, num_selected_knots=2356
2025-09-06 19:21:49,121 - Iter 253: obj=-589.467226, change=2.81e-02, α=1.000, ‖θ[1:]‖₁=745.378, num_selected_knots=2356
2025-09-06 19:21:52,438 - Iter 254: obj=-589.612764, change=2.82e-02, α=1.000, ‖θ[1:]‖₁=746.386, num_selected_knots=2356
2025-09-06 19:21:55,766 - Iter 255: obj=-589.759447, change=2.82e-02, α=1.000, ‖θ[1:]‖₁=747.396, num_selected_knots=2354
2025-09-06 19:21:59,033 - Iter 256: obj=-589.907214, change=2.83e-02, α=1.000, ‖θ[1:]‖₁=748.405, num_selected_knots=2355
2025-09-06 19:22:02,375 - Iter 257: obj=-590.056255, change=2.84e-02, α=1.000, ‖θ[1:]‖₁=749.409, num_selected_knots=2352
2025-09-06 19:22:05,655 - Iter 258: obj=-590.206719, change=2.84e-02, α=1.000, ‖θ[1:]‖₁=750.412, num_selected_knots=2351
2025-09-06 19:22:08,965 - Iter 259: obj=-590.358410, change=2.85e-02, α=1.000, ‖θ[1:]‖₁=751.411, num_selected_knots=2349
2025-09-06 19:22:12,278 - Iter 260: obj=-590.511363, change=2.85e-02, α=1.000, ‖θ[1:]‖₁=752.406, num_selected_knots=2349
2025-09-06 19:22:15,575 - Iter 261: obj=-590.665627, change=2.86e-02, α=1.000, ‖θ[1:]‖₁=753.399, num_selected_knots=2351
2025-09-06 19:22:18,887 - Iter 262: obj=-590.821194, change=2.86e-02, α=1.000, ‖θ[1:]‖₁=754.389, num_selected_knots=2351
2025-09-06 19:22:22,934 - Iter 263: obj=-590.978079, change=2.87e-02, α=1.000, ‖θ[1:]‖₁=755.375, num_selected_knots=2349
2025-09-06 19:22:26,219 - Iter 264: obj=-591.136310, change=2.87e-02, α=1.000, ‖θ[1:]‖₁=756.359, num_selected_knots=2349
2025-09-06 19:22:29,552 - Iter 265: obj=-591.295915, change=2.87e-02, α=1.000, ‖θ[1:]‖₁=757.355, num_selected_knots=2348
2025-09-06 19:22:32,838 - Iter 266: obj=-591.456914, change=2.87e-02, α=1.000, ‖θ[1:]‖₁=758.345, num_selected_knots=2347
2025-09-06 19:22:36,149 - Iter 267: obj=-591.618852, change=2.91e-02, α=1.000, ‖θ[1:]‖₁=759.329, num_selected_knots=2345
2025-09-06 19:22:39,512 - Iter 268: obj=-591.782586, change=2.94e-02, α=1.000, ‖θ[1:]‖₁=760.310, num_selected_knots=2343
2025-09-06 19:22:47,445 - Iter 269: obj=-591.947896, change=2.98e-02, α=1.000, ‖θ[1:]‖₁=761.288, num_selected_knots=2344
2025-09-06 19:22:50,617 - Iter 270: obj=-592.114612, change=3.01e-02, α=1.000, ‖θ[1:]‖₁=762.262, num_selected_knots=2341
2025-09-06 19:22:53,780 - Iter 271: obj=-592.282747, change=3.05e-02, α=1.000, ‖θ[1:]‖₁=763.233, num_selected_knots=2340
2025-09-06 19:22:57,113 - Iter 272: obj=-592.452321, change=3.08e-02, α=1.000, ‖θ[1:]‖₁=764.201, num_selected_knots=2338
2025-09-06 19:23:00,307 - Iter 273: obj=-592.623375, change=3.12e-02, α=1.000, ‖θ[1:]‖₁=765.181, num_selected_knots=2337
2025-09-06 19:23:03,489 - Iter 274: obj=-592.795703, change=3.15e-02, α=1.000, ‖θ[1:]‖₁=766.155, num_selected_knots=2337
2025-09-06 19:23:06,677 - Iter 275: obj=-592.970437, change=3.18e-02, α=1.000, ‖θ[1:]‖₁=767.125, num_selected_knots=2336
2025-09-06 19:23:09,855 - Iter 276: obj=-593.146961, change=3.22e-02, α=1.000, ‖θ[1:]‖₁=768.090, num_selected_knots=2336
2025-09-06 19:23:13,001 - Iter 277: obj=-593.325074, change=3.25e-02, α=1.000, ‖θ[1:]‖₁=769.053, num_selected_knots=2336
2025-09-06 19:23:16,166 - Iter 278: obj=-593.504725, change=3.28e-02, α=1.000, ‖θ[1:]‖₁=770.012, num_selected_knots=2334
2025-09-06 19:23:19,372 - Iter 279: obj=-593.685913, change=3.31e-02, α=1.000, ‖θ[1:]‖₁=770.968, num_selected_knots=2335
2025-09-06 19:23:22,967 - Iter 280: obj=-593.868659, change=3.35e-02, α=1.000, ‖θ[1:]‖₁=771.922, num_selected_knots=2334
2025-09-06 19:23:26,382 - Iter 281: obj=-594.053016, change=3.38e-02, α=1.000, ‖θ[1:]‖₁=772.873, num_selected_knots=2334
2025-09-06 19:23:34,440 - Iter 282: obj=-594.238961, change=3.41e-02, α=1.000, ‖θ[1:]‖₁=773.822, num_selected_knots=2334
2025-09-06 19:23:37,769 - Iter 283: obj=-594.426517, change=3.44e-02, α=1.000, ‖θ[1:]‖₁=774.768, num_selected_knots=2334
2025-09-06 19:23:41,252 - Iter 284: obj=-594.615705, change=3.47e-02, α=1.000, ‖θ[1:]‖₁=775.713, num_selected_knots=2332
2025-09-06 19:23:44,525 - Iter 285: obj=-594.806539, change=3.50e-02, α=1.000, ‖θ[1:]‖₁=776.666, num_selected_knots=2332
2025-09-06 19:23:47,770 - Iter 286: obj=-594.999079, change=3.53e-02, α=1.000, ‖θ[1:]‖₁=777.616, num_selected_knots=2330
2025-09-06 19:23:51,108 - Iter 287: obj=-595.193508, change=3.56e-02, α=1.000, ‖θ[1:]‖₁=778.565, num_selected_knots=2329
2025-09-06 19:23:54,388 - Iter 288: obj=-595.389668, change=3.59e-02, α=1.000, ‖θ[1:]‖₁=779.513, num_selected_knots=2328
2025-09-06 19:23:57,667 - Iter 289: obj=-595.587402, change=3.62e-02, α=1.000, ‖θ[1:]‖₁=780.459, num_selected_knots=2327
2025-09-06 19:24:00,963 - Iter 290: obj=-595.786794, change=3.65e-02, α=1.000, ‖θ[1:]‖₁=781.402, num_selected_knots=2327
2025-09-06 19:24:04,216 - Iter 291: obj=-595.988100, change=3.69e-02, α=1.000, ‖θ[1:]‖₁=782.342, num_selected_knots=2326
2025-09-06 19:24:07,505 - Iter 292: obj=-596.191218, change=3.72e-02, α=1.000, ‖θ[1:]‖₁=783.280, num_selected_knots=2326
2025-09-06 19:24:10,787 - Iter 293: obj=-596.396085, change=3.74e-02, α=1.000, ‖θ[1:]‖₁=784.216, num_selected_knots=2325
2025-09-06 19:24:14,066 - Iter 294: obj=-596.602652, change=3.77e-02, α=1.000, ‖θ[1:]‖₁=785.149, num_selected_knots=2325
2025-09-06 19:24:17,342 - Iter 295: obj=-596.810934, change=3.80e-02, α=1.000, ‖θ[1:]‖₁=786.079, num_selected_knots=2325
2025-09-06 19:24:20,606 - Iter 296: obj=-597.020944, change=3.83e-02, α=1.000, ‖θ[1:]‖₁=787.011, num_selected_knots=2324
2025-09-06 19:24:23,916 - Iter 297: obj=-597.232686, change=3.86e-02, α=1.000, ‖θ[1:]‖₁=787.941, num_selected_knots=2322
2025-09-06 19:24:27,198 - Iter 298: obj=-597.446056, change=3.89e-02, α=1.000, ‖θ[1:]‖₁=788.867, num_selected_knots=2322
2025-09-06 19:24:30,602 - Iter 299: obj=-597.661344, change=3.92e-02, α=1.000, ‖θ[1:]‖₁=789.791, num_selected_knots=2321
2025-09-06 19:24:33,876 - Iter 300: obj=-597.878445, change=3.95e-02, α=1.000, ‖θ[1:]‖₁=790.712, num_selected_knots=2321
2025-09-06 19:24:37,135 - Iter 301: obj=-598.097328, change=3.97e-02, α=1.000, ‖θ[1:]‖₁=791.630, num_selected_knots=2321
2025-09-06 19:24:40,418 - Iter 302: obj=-598.317988, change=4.00e-02, α=1.000, ‖θ[1:]‖₁=792.546, num_selected_knots=2320
2025-09-06 19:24:43,746 - Iter 303: obj=-598.540427, change=4.03e-02, α=1.000, ‖θ[1:]‖₁=793.461, num_selected_knots=2320
2025-09-06 19:24:47,044 - Iter 304: obj=-598.764784, change=4.06e-02, α=1.000, ‖θ[1:]‖₁=794.374, num_selected_knots=2320
2025-09-06 19:24:55,025 - Iter 305: obj=-598.990903, change=4.08e-02, α=1.000, ‖θ[1:]‖₁=795.285, num_selected_knots=2320
2025-09-06 19:24:58,521 - Iter 306: obj=-599.218820, change=4.11e-02, α=1.000, ‖θ[1:]‖₁=796.194, num_selected_knots=2319
2025-09-06 19:25:02,026 - Iter 307: obj=-599.448539, change=4.14e-02, α=1.000, ‖θ[1:]‖₁=797.101, num_selected_knots=2320
2025-09-06 19:25:05,422 - Iter 308: obj=-599.680060, change=4.16e-02, α=1.000, ‖θ[1:]‖₁=798.005, num_selected_knots=2320
2025-09-06 19:25:08,790 - Iter 309: obj=-599.913398, change=4.19e-02, α=1.000, ‖θ[1:]‖₁=798.923, num_selected_knots=2317
2025-09-06 19:25:12,092 - Iter 310: obj=-600.148534, change=4.21e-02, α=1.000, ‖θ[1:]‖₁=799.843, num_selected_knots=2317
2025-09-06 19:25:15,444 - Iter 311: obj=-600.384911, change=4.24e-02, α=1.000, ‖θ[1:]‖₁=800.757, num_selected_knots=2315
2025-09-06 19:25:18,846 - Iter 312: obj=-600.624063, change=4.27e-02, α=1.000, ‖θ[1:]‖₁=801.667, num_selected_knots=2315
2025-09-06 19:25:22,255 - Iter 313: obj=-600.865334, change=4.30e-02, α=1.000, ‖θ[1:]‖₁=802.573, num_selected_knots=2312
2025-09-06 19:25:25,588 - Iter 314: obj=-601.108495, change=4.32e-02, α=1.000, ‖θ[1:]‖₁=803.476, num_selected_knots=2311
2025-09-06 19:25:29,762 - Iter 315: obj=-601.353469, change=4.35e-02, α=1.000, ‖θ[1:]‖₁=804.377, num_selected_knots=2310
2025-09-06 19:25:33,106 - Iter 316: obj=-601.600233, change=4.37e-02, α=1.000, ‖θ[1:]‖₁=805.275, num_selected_knots=2308
2025-09-06 19:25:36,422 - Iter 317: obj=-601.848777, change=4.40e-02, α=1.000, ‖θ[1:]‖₁=806.171, num_selected_knots=2308
2025-09-06 19:25:39,775 - Iter 318: obj=-602.099108, change=4.43e-02, α=1.000, ‖θ[1:]‖₁=807.064, num_selected_knots=2308
2025-09-06 19:25:47,583 - Iter 319: obj=-602.351226, change=4.45e-02, α=1.000, ‖θ[1:]‖₁=807.955, num_selected_knots=2308
2025-09-06 19:25:50,825 - Iter 320: obj=-602.605138, change=4.47e-02, α=1.000, ‖θ[1:]‖₁=808.844, num_selected_knots=2308
2025-09-06 19:25:54,082 - Iter 321: obj=-602.860848, change=4.50e-02, α=1.000, ‖θ[1:]‖₁=809.730, num_selected_knots=2308
2025-09-06 19:25:57,306 - Iter 322: obj=-603.118355, change=4.52e-02, α=1.000, ‖θ[1:]‖₁=810.614, num_selected_knots=2308
2025-09-06 19:26:00,616 - Iter 323: obj=-603.377662, change=4.55e-02, α=1.000, ‖θ[1:]‖₁=811.496, num_selected_knots=2307
2025-09-06 19:26:03,937 - Iter 324: obj=-603.638774, change=4.57e-02, α=1.000, ‖θ[1:]‖₁=812.376, num_selected_knots=2307
2025-09-06 19:26:07,186 - Iter 325: obj=-603.901693, change=4.59e-02, α=1.000, ‖θ[1:]‖₁=813.260, num_selected_knots=2304
2025-09-06 19:26:10,491 - Iter 326: obj=-604.166417, change=4.61e-02, α=1.000, ‖θ[1:]‖₁=814.140, num_selected_knots=2305
2025-09-06 19:26:13,940 - Iter 327: obj=-604.432665, change=4.64e-02, α=1.000, ‖θ[1:]‖₁=815.017, num_selected_knots=2305
2025-09-06 19:26:17,202 - Iter 328: obj=-604.700825, change=4.66e-02, α=1.000, ‖θ[1:]‖₁=815.892, num_selected_knots=2305
2025-09-06 19:26:20,480 - Iter 329: obj=-604.970869, change=4.68e-02, α=1.000, ‖θ[1:]‖₁=816.765, num_selected_knots=2304
2025-09-06 19:26:23,783 - Iter 330: obj=-605.242745, change=4.71e-02, α=1.000, ‖θ[1:]‖₁=817.635, num_selected_knots=2303
2025-09-06 19:26:27,034 - Iter 331: obj=-605.516437, change=4.73e-02, α=1.000, ‖θ[1:]‖₁=818.503, num_selected_knots=2302
2025-09-06 19:26:30,317 - Iter 332: obj=-605.791938, change=4.75e-02, α=1.000, ‖θ[1:]‖₁=819.370, num_selected_knots=2302
2025-09-06 19:26:33,600 - Iter 333: obj=-606.069247, change=4.78e-02, α=1.000, ‖θ[1:]‖₁=820.240, num_selected_knots=2301
2025-09-06 19:26:36,915 - Iter 334: obj=-606.348344, change=4.80e-02, α=1.000, ‖θ[1:]‖₁=821.109, num_selected_knots=2301
2025-09-06 19:26:40,222 - Iter 335: obj=-606.629560, change=4.82e-02, α=1.000, ‖θ[1:]‖₁=821.976, num_selected_knots=2300
2025-09-06 19:26:43,498 - Iter 336: obj=-606.912876, change=4.84e-02, α=1.000, ‖θ[1:]‖₁=822.839, num_selected_knots=2300
2025-09-06 19:26:46,824 - Iter 337: obj=-607.198090, change=4.86e-02, α=1.000, ‖θ[1:]‖₁=823.701, num_selected_knots=2298
2025-09-06 19:26:50,127 - Iter 338: obj=-607.485135, change=4.89e-02, α=1.000, ‖θ[1:]‖₁=824.575, num_selected_knots=2300
2025-09-06 19:26:53,422 - Iter 339: obj=-607.773926, change=4.91e-02, α=1.000, ‖θ[1:]‖₁=825.459, num_selected_knots=2300
2025-09-06 19:26:56,921 - Iter 340: obj=-608.064741, change=4.93e-02, α=1.000, ‖θ[1:]‖₁=826.340, num_selected_knots=2299
2025-09-06 19:27:04,709 - Iter 341: obj=-608.357681, change=4.95e-02, α=1.000, ‖θ[1:]‖₁=827.218, num_selected_knots=2299
2025-09-06 19:27:07,898 - Iter 342: obj=-608.652510, change=4.97e-02, α=1.000, ‖θ[1:]‖₁=828.093, num_selected_knots=2298
2025-09-06 19:27:11,146 - Iter 343: obj=-608.949134, change=5.00e-02, α=1.000, ‖θ[1:]‖₁=828.966, num_selected_knots=2299
2025-09-06 19:27:14,358 - Iter 344: obj=-609.247516, change=5.02e-02, α=1.000, ‖θ[1:]‖₁=829.837, num_selected_knots=2300
2025-09-06 19:27:17,581 - Iter 345: obj=-609.547638, change=5.04e-02, α=1.000, ‖θ[1:]‖₁=830.706, num_selected_knots=2299
2025-09-06 19:27:20,860 - Iter 346: obj=-609.849489, change=5.06e-02, α=1.000, ‖θ[1:]‖₁=831.572, num_selected_knots=2299
2025-09-06 19:27:24,090 - Iter 347: obj=-610.153063, change=5.08e-02, α=1.000, ‖θ[1:]‖₁=832.437, num_selected_knots=2297
2025-09-06 19:27:27,349 - Iter 348: obj=-610.458353, change=5.10e-02, α=1.000, ‖θ[1:]‖₁=833.300, num_selected_knots=2297
2025-09-06 19:27:30,542 - Iter 349: obj=-610.765357, change=5.12e-02, α=1.000, ‖θ[1:]‖₁=834.160, num_selected_knots=2296
2025-09-06 19:27:33,779 - Iter 350: obj=-611.074074, change=5.14e-02, α=1.000, ‖θ[1:]‖₁=835.019, num_selected_knots=2294
2025-09-06 19:27:37,041 - Iter 351: obj=-611.384491, change=5.16e-02, α=1.000, ‖θ[1:]‖₁=835.878, num_selected_knots=2293
2025-09-06 19:27:40,244 - Iter 352: obj=-611.696596, change=5.17e-02, α=1.000, ‖θ[1:]‖₁=836.741, num_selected_knots=2292
2025-09-06 19:27:43,501 - Iter 353: obj=-612.010290, change=5.19e-02, α=1.000, ‖θ[1:]‖₁=837.602, num_selected_knots=2292
2025-09-06 19:27:46,757 - Iter 354: obj=-612.325492, change=5.21e-02, α=1.000, ‖θ[1:]‖₁=838.459, num_selected_knots=2291
2025-09-06 19:27:49,957 - Iter 355: obj=-612.642479, change=5.23e-02, α=1.000, ‖θ[1:]‖₁=839.317, num_selected_knots=2290
2025-09-06 19:27:53,167 - Iter 356: obj=-612.961289, change=5.25e-02, α=1.000, ‖θ[1:]‖₁=840.178, num_selected_knots=2290
2025-09-06 19:27:56,388 - Iter 357: obj=-613.281777, change=5.27e-02, α=1.000, ‖θ[1:]‖₁=841.035, num_selected_knots=2290
2025-09-06 19:27:59,576 - Iter 358: obj=-613.604398, change=5.29e-02, α=1.000, ‖θ[1:]‖₁=841.888, num_selected_knots=2290
2025-09-06 19:28:02,813 - Iter 359: obj=-613.928858, change=5.31e-02, α=1.000, ‖θ[1:]‖₁=842.740, num_selected_knots=2290
2025-09-06 19:28:06,063 - Iter 360: obj=-614.255046, change=5.33e-02, α=1.000, ‖θ[1:]‖₁=843.589, num_selected_knots=2290
2025-09-06 19:28:09,234 - Iter 361: obj=-614.582910, change=5.34e-02, α=1.000, ‖θ[1:]‖₁=844.436, num_selected_knots=2290
2025-09-06 19:28:12,481 - Iter 362: obj=-614.912427, change=5.36e-02, α=1.000, ‖θ[1:]‖₁=845.285, num_selected_knots=2288
2025-09-06 19:28:15,709 - Iter 363: obj=-615.243478, change=5.38e-02, α=1.000, ‖θ[1:]‖₁=846.133, num_selected_knots=2287
2025-09-06 19:28:18,897 - Iter 364: obj=-615.576118, change=5.40e-02, α=1.000, ‖θ[1:]‖₁=846.979, num_selected_knots=2287
2025-09-06 19:28:22,223 - Iter 365: obj=-615.910381, change=5.41e-02, α=1.000, ‖θ[1:]‖₁=847.824, num_selected_knots=2285
2025-09-06 19:28:25,461 - Iter 366: obj=-616.246260, change=5.43e-02, α=1.000, ‖θ[1:]‖₁=848.669, num_selected_knots=2284
2025-09-06 19:28:28,711 - Iter 367: obj=-616.583726, change=5.45e-02, α=1.000, ‖θ[1:]‖₁=849.510, num_selected_knots=2283
2025-09-06 19:28:32,147 - Iter 368: obj=-616.922900, change=5.46e-02, α=1.000, ‖θ[1:]‖₁=850.350, num_selected_knots=2283
2025-09-06 19:28:35,747 - Iter 369: obj=-617.263719, change=5.48e-02, α=1.000, ‖θ[1:]‖₁=851.196, num_selected_knots=2281
2025-09-06 19:28:43,579 - Iter 370: obj=-617.606148, change=5.50e-02, α=1.000, ‖θ[1:]‖₁=852.042, num_selected_knots=2280
2025-09-06 19:28:46,813 - Iter 371: obj=-617.949634, change=5.51e-02, α=1.000, ‖θ[1:]‖₁=852.884, num_selected_knots=2281
2025-09-06 19:28:50,016 - Iter 372: obj=-618.294631, change=5.53e-02, α=1.000, ‖θ[1:]‖₁=853.723, num_selected_knots=2281
2025-09-06 19:28:53,255 - Iter 373: obj=-618.641443, change=5.55e-02, α=1.000, ‖θ[1:]‖₁=854.560, num_selected_knots=2281
2025-09-06 19:28:56,543 - Iter 374: obj=-618.989933, change=5.57e-02, α=1.000, ‖θ[1:]‖₁=855.395, num_selected_knots=2280
2025-09-06 19:28:59,910 - Iter 375: obj=-619.340039, change=5.58e-02, α=1.000, ‖θ[1:]‖₁=856.228, num_selected_knots=2282
2025-09-06 19:29:03,187 - Iter 376: obj=-619.691730, change=5.60e-02, α=1.000, ‖θ[1:]‖₁=857.059, num_selected_knots=2283
2025-09-06 19:29:06,646 - Iter 377: obj=-620.044989, change=5.61e-02, α=1.000, ‖θ[1:]‖₁=857.888, num_selected_knots=2283
2025-09-06 19:29:09,920 - Iter 378: obj=-620.399803, change=5.63e-02, α=1.000, ‖θ[1:]‖₁=858.715, num_selected_knots=2281
2025-09-06 19:29:13,168 - Iter 379: obj=-620.756158, change=5.65e-02, α=1.000, ‖θ[1:]‖₁=859.541, num_selected_knots=2280
2025-09-06 19:29:16,455 - Iter 380: obj=-621.114050, change=5.66e-02, α=1.000, ‖θ[1:]‖₁=860.364, num_selected_knots=2280
2025-09-06 19:29:19,813 - Iter 381: obj=-621.473473, change=5.68e-02, α=1.000, ‖θ[1:]‖₁=861.186, num_selected_knots=2280
2025-09-06 19:29:23,046 - Iter 382: obj=-621.834423, change=5.69e-02, α=1.000, ‖θ[1:]‖₁=862.007, num_selected_knots=2279
2025-09-06 19:29:26,405 - Iter 383: obj=-622.196895, change=5.71e-02, α=1.000, ‖θ[1:]‖₁=862.826, num_selected_knots=2279
2025-09-06 19:29:29,794 - Iter 384: obj=-622.560880, change=5.72e-02, α=1.000, ‖θ[1:]‖₁=863.650, num_selected_knots=2276
2025-09-06 19:29:33,192 - Iter 385: obj=-622.926395, change=5.74e-02, α=1.000, ‖θ[1:]‖₁=864.475, num_selected_knots=2276
2025-09-06 19:29:36,553 - Iter 386: obj=-623.293892, change=5.75e-02, α=1.000, ‖θ[1:]‖₁=865.296, num_selected_knots=2276
2025-09-06 19:29:39,870 - Iter 387: obj=-623.663258, change=5.77e-02, α=1.000, ‖θ[1:]‖₁=866.114, num_selected_knots=2276
2025-09-06 19:29:43,153 - Iter 388: obj=-624.034261, change=5.78e-02, α=1.000, ‖θ[1:]‖₁=866.931, num_selected_knots=2277
2025-09-06 19:29:46,487 - Iter 389: obj=-624.406804, change=5.80e-02, α=1.000, ‖θ[1:]‖₁=867.746, num_selected_knots=2276
2025-09-06 19:29:49,900 - Iter 390: obj=-624.780842, change=5.81e-02, α=1.000, ‖θ[1:]‖₁=868.559, num_selected_knots=2275
2025-09-06 19:29:53,206 - Iter 391: obj=-625.156350, change=5.82e-02, α=1.000, ‖θ[1:]‖₁=869.370, num_selected_knots=2274
2025-09-06 19:29:56,588 - Iter 392: obj=-625.533345, change=5.84e-02, α=1.000, ‖θ[1:]‖₁=870.183, num_selected_knots=2276
2025-09-06 19:29:59,921 - Iter 393: obj=-625.911632, change=5.85e-02, α=1.000, ‖θ[1:]‖₁=870.994, num_selected_knots=2275
2025-09-06 19:30:03,217 - Iter 394: obj=-626.291349, change=5.87e-02, α=1.000, ‖θ[1:]‖₁=871.804, num_selected_knots=2275
2025-09-06 19:30:06,535 - Iter 395: obj=-626.672481, change=5.88e-02, α=1.000, ‖θ[1:]‖₁=872.616, num_selected_knots=2275
2025-09-06 19:30:09,866 - Iter 396: obj=-627.055040, change=5.89e-02, α=1.000, ‖θ[1:]‖₁=873.456, num_selected_knots=2280
2025-09-06 19:30:13,189 - Iter 397: obj=-627.438989, change=5.91e-02, α=1.000, ‖θ[1:]‖₁=874.292, num_selected_knots=2277
2025-09-06 19:30:16,510 - Iter 398: obj=-627.824977, change=5.92e-02, α=1.000, ‖θ[1:]‖₁=875.128, num_selected_knots=2276
2025-09-06 19:30:19,889 - Iter 399: obj=-628.212645, change=5.94e-02, α=1.000, ‖θ[1:]‖₁=875.962, num_selected_knots=2275
2025-09-06 19:30:23,207 - Iter 400: obj=-628.601551, change=5.95e-02, α=1.000, ‖θ[1:]‖₁=876.793, num_selected_knots=2275
2025-09-06 19:30:26,539 - Iter 401: obj=-628.992004, change=5.97e-02, α=1.000, ‖θ[1:]‖₁=877.626, num_selected_knots=2273
2025-09-06 19:30:29,875 - Iter 402: obj=-629.383975, change=5.98e-02, α=1.000, ‖θ[1:]‖₁=878.458, num_selected_knots=2274
2025-09-06 19:30:33,173 - Iter 403: obj=-629.777228, change=6.00e-02, α=1.000, ‖θ[1:]‖₁=879.288, num_selected_knots=2274
2025-09-06 19:30:36,511 - Iter 404: obj=-630.172042, change=6.01e-02, α=1.000, ‖θ[1:]‖₁=880.116, num_selected_knots=2274
2025-09-06 19:30:39,975 - Iter 405: obj=-630.568277, change=6.02e-02, α=1.000, ‖θ[1:]‖₁=880.942, num_selected_knots=2274
2025-09-06 19:30:43,307 - Iter 406: obj=-630.965866, change=6.04e-02, α=1.000, ‖θ[1:]‖₁=881.765, num_selected_knots=2274
2025-09-06 19:30:46,643 - Iter 407: obj=-631.364772, change=6.05e-02, α=1.000, ‖θ[1:]‖₁=882.587, num_selected_knots=2274
2025-09-06 19:30:49,982 - Iter 408: obj=-631.764970, change=6.06e-02, α=1.000, ‖θ[1:]‖₁=883.407, num_selected_knots=2274
2025-09-06 19:30:53,317 - Iter 409: obj=-632.166444, change=6.07e-02, α=1.000, ‖θ[1:]‖₁=884.232, num_selected_knots=2273
2025-09-06 19:30:56,779 - Iter 410: obj=-632.569187, change=6.08e-02, α=1.000, ‖θ[1:]‖₁=885.054, num_selected_knots=2273
2025-09-06 19:31:00,147 - Iter 411: obj=-632.972839, change=6.09e-02, α=1.000, ‖θ[1:]‖₁=885.873, num_selected_knots=2273
2025-09-06 19:31:03,502 - Iter 412: obj=-633.377971, change=6.11e-02, α=1.000, ‖θ[1:]‖₁=886.690, num_selected_knots=2273
2025-09-06 19:31:06,846 - Iter 413: obj=-633.784445, change=6.12e-02, α=1.000, ‖θ[1:]‖₁=887.505, num_selected_knots=2273
2025-09-06 19:31:10,130 - Iter 414: obj=-634.192199, change=6.13e-02, α=1.000, ‖θ[1:]‖₁=888.319, num_selected_knots=2272
2025-09-06 19:31:13,452 - Iter 415: obj=-634.601217, change=6.14e-02, α=1.000, ‖θ[1:]‖₁=889.131, num_selected_knots=2273
2025-09-06 19:31:16,812 - Iter 416: obj=-635.011416, change=6.15e-02, α=1.000, ‖θ[1:]‖₁=889.942, num_selected_knots=2272
2025-09-06 19:31:20,124 - Iter 417: obj=-635.422827, change=6.16e-02, α=1.000, ‖θ[1:]‖₁=890.752, num_selected_knots=2272
2025-09-06 19:31:23,453 - Iter 418: obj=-635.835440, change=6.17e-02, α=1.000, ‖θ[1:]‖₁=891.559, num_selected_knots=2271
2025-09-06 19:31:26,787 - Iter 419: obj=-636.249248, change=6.18e-02, α=1.000, ‖θ[1:]‖₁=892.374, num_selected_knots=2269
2025-09-06 19:31:30,126 - Iter 420: obj=-636.664258, change=6.19e-02, α=1.000, ‖θ[1:]‖₁=893.186, num_selected_knots=2269
2025-09-06 19:31:33,459 - Iter 421: obj=-637.080101, change=6.21e-02, α=1.000, ‖θ[1:]‖₁=893.996, num_selected_knots=2269
2025-09-06 19:31:36,800 - Iter 422: obj=-637.497505, change=6.22e-02, α=1.000, ‖θ[1:]‖₁=894.803, num_selected_knots=2269
2025-09-06 19:31:40,162 - Iter 423: obj=-637.916253, change=6.23e-02, α=1.000, ‖θ[1:]‖₁=895.608, num_selected_knots=2269
2025-09-06 19:31:43,559 - Iter 424: obj=-638.336251, change=6.24e-02, α=1.000, ‖θ[1:]‖₁=896.412, num_selected_knots=2266
2025-09-06 19:31:46,911 - Iter 425: obj=-638.757444, change=6.25e-02, α=1.000, ‖θ[1:]‖₁=897.213, num_selected_knots=2266
2025-09-06 19:31:50,251 - Iter 426: obj=-639.179814, change=6.26e-02, α=1.000, ‖θ[1:]‖₁=898.014, num_selected_knots=2266
2025-09-06 19:31:53,611 - Iter 427: obj=-639.603356, change=6.27e-02, α=1.000, ‖θ[1:]‖₁=898.813, num_selected_knots=2266
2025-09-06 19:31:56,954 - Iter 428: obj=-640.028010, change=6.28e-02, α=1.000, ‖θ[1:]‖₁=899.611, num_selected_knots=2265
2025-09-06 19:32:00,260 - Iter 429: obj=-640.453810, change=6.29e-02, α=1.000, ‖θ[1:]‖₁=900.407, num_selected_knots=2267
2025-09-06 19:32:03,620 - Iter 430: obj=-640.880725, change=6.30e-02, α=1.000, ‖θ[1:]‖₁=901.202, num_selected_knots=2266
2025-09-06 19:32:06,957 - Iter 431: obj=-641.308759, change=6.31e-02, α=1.000, ‖θ[1:]‖₁=901.996, num_selected_knots=2264
2025-09-06 19:32:10,246 - Iter 432: obj=-641.737897, change=6.32e-02, α=1.000, ‖θ[1:]‖₁=902.788, num_selected_knots=2264
2025-09-06 19:32:13,608 - Iter 433: obj=-642.168134, change=6.33e-02, α=1.000, ‖θ[1:]‖₁=903.579, num_selected_knots=2263
2025-09-06 19:32:16,977 - Iter 434: obj=-642.599484, change=6.34e-02, α=1.000, ‖θ[1:]‖₁=904.368, num_selected_knots=2263
2025-09-06 19:32:20,244 - Iter 435: obj=-643.031939, change=6.35e-02, α=1.000, ‖θ[1:]‖₁=905.155, num_selected_knots=2263
2025-09-06 19:32:23,575 - Iter 436: obj=-643.465494, change=6.36e-02, α=1.000, ‖θ[1:]‖₁=905.942, num_selected_knots=2263
2025-09-06 19:32:26,933 - Iter 437: obj=-643.900143, change=6.37e-02, α=1.000, ‖θ[1:]‖₁=906.727, num_selected_knots=2262
2025-09-06 19:32:30,197 - Iter 438: obj=-644.335887, change=6.38e-02, α=1.000, ‖θ[1:]‖₁=907.511, num_selected_knots=2262
2025-09-06 19:32:33,544 - Iter 439: obj=-644.772732, change=6.39e-02, α=1.000, ‖θ[1:]‖₁=908.295, num_selected_knots=2263
2025-09-06 19:32:36,894 - Iter 440: obj=-645.210648, change=6.40e-02, α=1.000, ‖θ[1:]‖₁=909.081, num_selected_knots=2263
2025-09-06 19:32:40,195 - Iter 441: obj=-645.649643, change=6.40e-02, α=1.000, ‖θ[1:]‖₁=909.872, num_selected_knots=2263
2025-09-06 19:32:43,557 - Iter 442: obj=-646.089342, change=6.41e-02, α=1.000, ‖θ[1:]‖₁=910.659, num_selected_knots=2262
2025-09-06 19:32:46,962 - Iter 443: obj=-646.530470, change=6.42e-02, α=1.000, ‖θ[1:]‖₁=911.443, num_selected_knots=2262
2025-09-06 19:32:50,352 - Iter 444: obj=-646.972913, change=6.43e-02, α=1.000, ‖θ[1:]‖₁=912.225, num_selected_knots=2262
2025-09-06 19:32:53,693 - Iter 445: obj=-647.416541, change=6.44e-02, α=1.000, ‖θ[1:]‖₁=913.006, num_selected_knots=2261
2025-09-06 19:32:57,213 - Iter 446: obj=-647.861309, change=6.45e-02, α=1.000, ‖θ[1:]‖₁=913.786, num_selected_knots=2261
2025-09-06 19:33:00,599 - Iter 447: obj=-648.307162, change=6.46e-02, α=1.000, ‖θ[1:]‖₁=914.564, num_selected_knots=2261
2025-09-06 19:33:03,910 - Iter 448: obj=-648.754073, change=6.47e-02, α=1.000, ‖θ[1:]‖₁=915.341, num_selected_knots=2261
2025-09-06 19:33:07,262 - Iter 449: obj=-649.202029, change=6.48e-02, α=1.000, ‖θ[1:]‖₁=916.116, num_selected_knots=2261
2025-09-06 19:33:10,620 - Iter 450: obj=-649.651015, change=6.49e-02, α=1.000, ‖θ[1:]‖₁=916.890, num_selected_knots=2259
2025-09-06 19:33:13,906 - Iter 451: obj=-650.101021, change=6.50e-02, α=1.000, ‖θ[1:]‖₁=917.662, num_selected_knots=2260
2025-09-06 19:33:17,265 - Iter 452: obj=-650.552023, change=6.51e-02, α=1.000, ‖θ[1:]‖₁=918.433, num_selected_knots=2259
2025-09-06 19:33:20,640 - Iter 453: obj=-651.004022, change=6.52e-02, α=1.000, ‖θ[1:]‖₁=919.203, num_selected_knots=2259
2025-09-06 19:33:23,950 - Iter 454: obj=-651.457010, change=6.52e-02, α=1.000, ‖θ[1:]‖₁=919.971, num_selected_knots=2258
2025-09-06 19:33:29,827 - Iter 455: obj=-651.911014, change=6.53e-02, α=1.000, ‖θ[1:]‖₁=920.739, num_selected_knots=2259
2025-09-06 19:33:33,103 - Iter 456: obj=-652.366084, change=6.54e-02, α=1.000, ‖θ[1:]‖₁=921.506, num_selected_knots=2259
2025-09-06 19:33:36,562 - Iter 457: obj=-652.822128, change=6.55e-02, α=1.000, ‖θ[1:]‖₁=922.271, num_selected_knots=2259
2025-09-06 19:33:39,855 - Iter 458: obj=-653.279142, change=6.56e-02, α=1.000, ‖θ[1:]‖₁=923.035, num_selected_knots=2259
2025-09-06 19:33:43,121 - Iter 459: obj=-653.737121, change=6.57e-02, α=1.000, ‖θ[1:]‖₁=923.798, num_selected_knots=2260
2025-09-06 19:33:46,440 - Iter 460: obj=-654.196060, change=6.57e-02, α=1.000, ‖θ[1:]‖₁=924.564, num_selected_knots=2258
2025-09-06 19:33:49,869 - Iter 461: obj=-654.655953, change=6.58e-02, α=1.000, ‖θ[1:]‖₁=925.333, num_selected_knots=2258
2025-09-06 19:33:53,112 - Iter 462: obj=-655.116463, change=6.59e-02, α=1.000, ‖θ[1:]‖₁=926.098, num_selected_knots=2258
2025-09-06 19:33:56,645 - Iter 463: obj=-655.578359, change=6.60e-02, α=1.000, ‖θ[1:]‖₁=926.862, num_selected_knots=2257
2025-09-06 19:33:59,977 - Iter 464: obj=-656.041458, change=6.61e-02, α=1.000, ‖θ[1:]‖₁=927.624, num_selected_knots=2258
2025-09-06 19:34:03,283 - Iter 465: obj=-656.505632, change=6.61e-02, α=1.000, ‖θ[1:]‖₁=928.386, num_selected_knots=2258
2025-09-06 19:34:06,657 - Iter 466: obj=-656.970786, change=6.62e-02, α=1.000, ‖θ[1:]‖₁=929.145, num_selected_knots=2258
2025-09-06 19:34:09,971 - Iter 467: obj=-657.436888, change=6.63e-02, α=1.000, ‖θ[1:]‖₁=929.904, num_selected_knots=2258
2025-09-06 19:34:13,267 - Iter 468: obj=-657.903918, change=6.64e-02, α=1.000, ‖θ[1:]‖₁=930.661, num_selected_knots=2256
2025-09-06 19:34:16,581 - Iter 469: obj=-658.371855, change=6.65e-02, α=1.000, ‖θ[1:]‖₁=931.416, num_selected_knots=2255
2025-09-06 19:34:19,893 - Iter 470: obj=-658.840689, change=6.65e-02, α=1.000, ‖θ[1:]‖₁=932.170, num_selected_knots=2253
2025-09-06 19:34:23,217 - Iter 471: obj=-659.310393, change=6.66e-02, α=1.000, ‖θ[1:]‖₁=932.923, num_selected_knots=2253
2025-09-06 19:34:30,963 - Iter 472: obj=-659.780973, change=6.67e-02, α=1.000, ‖θ[1:]‖₁=933.675, num_selected_knots=2253
2025-09-06 19:34:34,187 - Iter 473: obj=-660.252428, change=6.68e-02, α=1.000, ‖θ[1:]‖₁=934.426, num_selected_knots=2253
2025-09-06 19:34:37,403 - Iter 474: obj=-660.724748, change=6.68e-02, α=1.000, ‖θ[1:]‖₁=935.175, num_selected_knots=2253
2025-09-06 19:34:40,578 - Iter 475: obj=-661.197924, change=6.69e-02, α=1.000, ‖θ[1:]‖₁=935.923, num_selected_knots=2253
2025-09-06 19:34:43,926 - Iter 476: obj=-661.671950, change=6.70e-02, α=1.000, ‖θ[1:]‖₁=936.671, num_selected_knots=2251
2025-09-06 19:34:47,159 - Iter 477: obj=-662.146797, change=6.70e-02, α=1.000, ‖θ[1:]‖₁=937.424, num_selected_knots=2251
2025-09-06 19:34:50,454 - Iter 478: obj=-662.622440, change=6.71e-02, α=1.000, ‖θ[1:]‖₁=938.174, num_selected_knots=2251
2025-09-06 19:34:53,711 - Iter 479: obj=-663.098910, change=6.72e-02, α=1.000, ‖θ[1:]‖₁=938.923, num_selected_knots=2251
2025-09-06 19:34:57,121 - Iter 480: obj=-663.576421, change=6.72e-02, α=1.000, ‖θ[1:]‖₁=939.669, num_selected_knots=2251
2025-09-06 19:35:00,662 - Iter 481: obj=-664.054862, change=6.73e-02, α=1.000, ‖θ[1:]‖₁=940.414, num_selected_knots=2251
2025-09-06 19:35:04,048 - Iter 482: obj=-664.534180, change=6.74e-02, α=1.000, ‖θ[1:]‖₁=941.158, num_selected_knots=2251
2025-09-06 19:35:07,351 - Iter 483: obj=-665.014341, change=6.75e-02, α=1.000, ‖θ[1:]‖₁=941.900, num_selected_knots=2251
2025-09-06 19:35:10,640 - Iter 484: obj=-665.495325, change=6.75e-02, α=1.000, ‖θ[1:]‖₁=942.641, num_selected_knots=2252
2025-09-06 19:35:13,996 - Iter 485: obj=-665.977114, change=6.76e-02, α=1.000, ‖θ[1:]‖₁=943.381, num_selected_knots=2252
2025-09-06 19:35:17,298 - Iter 486: obj=-666.459696, change=6.77e-02, α=1.000, ‖θ[1:]‖₁=944.120, num_selected_knots=2252
2025-09-06 19:35:20,630 - Iter 487: obj=-666.943059, change=6.77e-02, α=1.000, ‖θ[1:]‖₁=944.857, num_selected_knots=2252
2025-09-06 19:35:23,944 - Iter 488: obj=-667.427194, change=6.78e-02, α=1.000, ‖θ[1:]‖₁=945.597, num_selected_knots=2251
2025-09-06 19:35:27,236 - Iter 489: obj=-667.912133, change=6.78e-02, α=1.000, ‖θ[1:]‖₁=946.336, num_selected_knots=2251
2025-09-06 19:35:30,555 - Iter 490: obj=-668.397913, change=6.79e-02, α=1.000, ‖θ[1:]‖₁=947.073, num_selected_knots=2251
2025-09-06 19:35:33,872 - Iter 491: obj=-668.884570, change=6.80e-02, α=1.000, ‖θ[1:]‖₁=947.808, num_selected_knots=2250
2025-09-06 19:35:37,172 - Iter 492: obj=-669.372022, change=6.80e-02, α=1.000, ‖θ[1:]‖₁=948.542, num_selected_knots=2250
2025-09-06 19:35:40,486 - Iter 493: obj=-669.860242, change=6.81e-02, α=1.000, ‖θ[1:]‖₁=949.275, num_selected_knots=2250
2025-09-06 19:35:43,811 - Iter 494: obj=-670.349210, change=6.82e-02, α=1.000, ‖θ[1:]‖₁=950.006, num_selected_knots=2250
2025-09-06 19:35:47,138 - Iter 495: obj=-670.838912, change=6.82e-02, α=1.000, ‖θ[1:]‖₁=950.737, num_selected_knots=2250
2025-09-06 19:35:50,458 - Iter 496: obj=-671.329334, change=6.83e-02, α=1.000, ‖θ[1:]‖₁=951.466, num_selected_knots=2250
2025-09-06 19:35:53,807 - Iter 497: obj=-671.820468, change=6.83e-02, α=1.000, ‖θ[1:]‖₁=952.194, num_selected_knots=2250
2025-09-06 19:35:57,115 - Iter 498: obj=-672.312306, change=6.84e-02, α=1.000, ‖θ[1:]‖₁=952.921, num_selected_knots=2249
2025-09-06 19:36:00,438 - Iter 499: obj=-672.804838, change=6.84e-02, α=1.000, ‖θ[1:]‖₁=953.647, num_selected_knots=2249
2025-09-06 19:36:03,762 - Iter 500: obj=-673.298056, change=6.85e-02, α=1.000, ‖θ[1:]‖₁=954.372, num_selected_knots=2249
2025-09-06 19:36:07,066 - Iter 501: obj=-673.791960, change=6.85e-02, α=1.000, ‖θ[1:]‖₁=955.096, num_selected_knots=2248
2025-09-06 19:36:10,363 - Iter 502: obj=-674.286539, change=6.86e-02, α=1.000, ‖θ[1:]‖₁=955.819, num_selected_knots=2248
2025-09-06 19:36:13,702 - Iter 503: obj=-674.781794, change=6.87e-02, α=1.000, ‖θ[1:]‖₁=956.540, num_selected_knots=2248
2025-09-06 19:36:17,011 - Iter 504: obj=-675.277719, change=6.87e-02, α=1.000, ‖θ[1:]‖₁=957.261, num_selected_knots=2248
2025-09-06 19:36:20,308 - Iter 505: obj=-675.774309, change=6.88e-02, α=1.000, ‖θ[1:]‖₁=957.981, num_selected_knots=2246
2025-09-06 19:36:23,615 - Iter 506: obj=-676.271559, change=6.88e-02, α=1.000, ‖θ[1:]‖₁=958.699, num_selected_knots=2246
2025-09-06 19:36:26,918 - Iter 507: obj=-676.769453, change=6.89e-02, α=1.000, ‖θ[1:]‖₁=959.417, num_selected_knots=2246
2025-09-06 19:36:30,209 - Iter 508: obj=-677.268000, change=6.89e-02, α=1.000, ‖θ[1:]‖₁=960.134, num_selected_knots=2246
2025-09-06 19:36:33,534 - Iter 509: obj=-677.767196, change=6.90e-02, α=1.000, ‖θ[1:]‖₁=960.850, num_selected_knots=2244
2025-09-06 19:36:36,827 - Iter 510: obj=-678.267037, change=6.90e-02, α=1.000, ‖θ[1:]‖₁=961.570, num_selected_knots=2244
2025-09-06 19:36:40,120 - Iter 511: obj=-678.767427, change=6.91e-02, α=1.000, ‖θ[1:]‖₁=962.287, num_selected_knots=2243
2025-09-06 19:36:43,445 - Iter 512: obj=-679.268192, change=6.91e-02, α=1.000, ‖θ[1:]‖₁=963.003, num_selected_knots=2242
2025-09-06 19:36:46,752 - Iter 513: obj=-679.769739, change=6.92e-02, α=1.000, ‖θ[1:]‖₁=963.717, num_selected_knots=2241
2025-09-06 19:36:50,062 - Iter 514: obj=-680.271985, change=6.92e-02, α=1.000, ‖θ[1:]‖₁=964.435, num_selected_knots=2240
2025-09-06 19:36:53,383 - Iter 515: obj=-680.774967, change=6.93e-02, α=1.000, ‖θ[1:]‖₁=965.150, num_selected_knots=2240
2025-09-06 19:36:56,773 - Iter 516: obj=-681.278798, change=6.93e-02, α=1.000, ‖θ[1:]‖₁=965.863, num_selected_knots=2240
2025-09-06 19:37:00,124 - Iter 517: obj=-681.783366, change=6.94e-02, α=1.000, ‖θ[1:]‖₁=966.575, num_selected_knots=2240
2025-09-06 19:37:03,492 - Iter 518: obj=-682.288604, change=6.94e-02, α=1.000, ‖θ[1:]‖₁=967.286, num_selected_knots=2239
2025-09-06 19:37:06,784 - Iter 519: obj=-682.794495, change=6.95e-02, α=1.000, ‖θ[1:]‖₁=967.999, num_selected_knots=2240
2025-09-06 19:37:10,079 - Iter 520: obj=-683.300855, change=6.95e-02, α=1.000, ‖θ[1:]‖₁=968.711, num_selected_knots=2240
2025-09-06 19:37:13,697 - Iter 521: obj=-683.807804, change=6.96e-02, α=1.000, ‖θ[1:]‖₁=969.422, num_selected_knots=2240
2025-09-06 19:37:16,998 - Iter 522: obj=-684.315326, change=6.96e-02, α=1.000, ‖θ[1:]‖₁=970.131, num_selected_knots=2240
2025-09-06 19:37:20,340 - Iter 523: obj=-684.823412, change=6.97e-02, α=1.000, ‖θ[1:]‖₁=970.840, num_selected_knots=2240
2025-09-06 19:37:23,700 - Iter 524: obj=-685.332051, change=6.97e-02, α=1.000, ‖θ[1:]‖₁=971.547, num_selected_knots=2240
2025-09-06 19:37:27,029 - Iter 525: obj=-685.841234, change=6.98e-02, α=1.000, ‖θ[1:]‖₁=972.255, num_selected_knots=2239
2025-09-06 19:37:30,373 - Iter 526: obj=-686.351025, change=6.98e-02, α=1.000, ‖θ[1:]‖₁=972.996, num_selected_knots=2242
2025-09-06 19:37:33,709 - Iter 527: obj=-686.861134, change=6.99e-02, α=1.000, ‖θ[1:]‖₁=973.741, num_selected_knots=2245
2025-09-06 19:37:37,029 - Iter 528: obj=-687.372437, change=6.99e-02, α=1.000, ‖θ[1:]‖₁=974.483, num_selected_knots=2244
2025-09-06 19:37:40,359 - Iter 529: obj=-687.884793, change=7.00e-02, α=1.000, ‖θ[1:]‖₁=975.222, num_selected_knots=2242
2025-09-06 19:37:43,714 - Iter 530: obj=-688.397960, change=7.01e-02, α=1.000, ‖θ[1:]‖₁=975.960, num_selected_knots=2242
2025-09-06 19:37:47,113 - Iter 531: obj=-688.911806, change=7.01e-02, α=1.000, ‖θ[1:]‖₁=976.696, num_selected_knots=2241
2025-09-06 19:37:50,463 - Iter 532: obj=-689.426250, change=7.02e-02, α=1.000, ‖θ[1:]‖₁=977.430, num_selected_knots=2241
2025-09-06 19:37:53,798 - Iter 533: obj=-689.941231, change=7.02e-02, α=1.000, ‖θ[1:]‖₁=978.163, num_selected_knots=2240
2025-09-06 19:37:57,170 - Iter 534: obj=-690.456702, change=7.03e-02, α=1.000, ‖θ[1:]‖₁=978.895, num_selected_knots=2240
2025-09-06 19:38:00,479 - Iter 535: obj=-690.972623, change=7.03e-02, α=1.000, ‖θ[1:]‖₁=979.625, num_selected_knots=2240
2025-09-06 19:38:03,851 - Iter 536: obj=-691.488968, change=7.03e-02, α=1.000, ‖θ[1:]‖₁=980.355, num_selected_knots=2239
2025-09-06 19:38:07,229 - Iter 537: obj=-692.005717, change=7.04e-02, α=1.000, ‖θ[1:]‖₁=981.082, num_selected_knots=2238
2025-09-06 19:38:10,549 - Iter 538: obj=-692.522854, change=7.04e-02, α=1.000, ‖θ[1:]‖₁=981.810, num_selected_knots=2238
2025-09-06 19:38:13,879 - Iter 539: obj=-693.040364, change=7.04e-02, α=1.000, ‖θ[1:]‖₁=982.537, num_selected_knots=2238
2025-09-06 19:38:17,249 - Iter 540: obj=-693.558538, change=7.05e-02, α=1.000, ‖θ[1:]‖₁=983.263, num_selected_knots=2238
2025-09-06 19:38:20,568 - Iter 541: obj=-694.077004, change=7.05e-02, α=1.000, ‖θ[1:]‖₁=983.990, num_selected_knots=2237
2025-09-06 19:38:23,935 - Iter 542: obj=-694.595853, change=7.05e-02, α=1.000, ‖θ[1:]‖₁=984.716, num_selected_knots=2237
2025-09-06 19:38:27,305 - Iter 543: obj=-695.114862, change=7.05e-02, α=1.000, ‖θ[1:]‖₁=985.441, num_selected_knots=2237
2025-09-06 19:38:30,667 - Iter 544: obj=-695.634356, change=7.06e-02, α=1.000, ‖θ[1:]‖₁=986.164, num_selected_knots=2235
2025-09-06 19:38:34,036 - Iter 545: obj=-696.154250, change=7.06e-02, α=1.000, ‖θ[1:]‖₁=986.886, num_selected_knots=2235
2025-09-06 19:38:37,429 - Iter 546: obj=-696.674498, change=7.06e-02, α=1.000, ‖θ[1:]‖₁=987.607, num_selected_knots=2235
2025-09-06 19:38:40,808 - Iter 547: obj=-697.195091, change=7.07e-02, α=1.000, ‖θ[1:]‖₁=988.327, num_selected_knots=2234
2025-09-06 19:38:44,157 - Iter 548: obj=-697.716003, change=7.07e-02, α=1.000, ‖θ[1:]‖₁=989.045, num_selected_knots=2234
2025-09-06 19:38:47,566 - Iter 549: obj=-698.237230, change=7.07e-02, α=1.000, ‖θ[1:]‖₁=989.762, num_selected_knots=2234
2025-09-06 19:38:53,165 - Iter 550: obj=-698.758765, change=7.07e-02, α=1.000, ‖θ[1:]‖₁=990.479, num_selected_knots=2234
2025-09-06 19:38:56,448 - Iter 551: obj=-699.280600, change=7.08e-02, α=1.000, ‖θ[1:]‖₁=991.194, num_selected_knots=2234
2025-09-06 19:39:00,047 - Iter 552: obj=-699.802730, change=7.08e-02, α=1.000, ‖θ[1:]‖₁=991.908, num_selected_knots=2234
2025-09-06 19:39:03,430 - Iter 553: obj=-700.325148, change=7.08e-02, α=1.000, ‖θ[1:]‖₁=992.621, num_selected_knots=2234
2025-09-06 19:39:06,734 - Iter 554: obj=-700.847851, change=7.08e-02, α=1.000, ‖θ[1:]‖₁=993.333, num_selected_knots=2234
2025-09-06 19:39:10,018 - Iter 555: obj=-701.370837, change=7.09e-02, α=1.000, ‖θ[1:]‖₁=994.044, num_selected_knots=2234
2025-09-06 19:39:13,338 - Iter 556: obj=-701.894101, change=7.09e-02, α=1.000, ‖θ[1:]‖₁=994.755, num_selected_knots=2233
2025-09-06 19:39:16,666 - Iter 557: obj=-702.417640, change=7.09e-02, α=1.000, ‖θ[1:]‖₁=995.464, num_selected_knots=2233
2025-09-06 19:39:19,967 - Iter 558: obj=-702.941453, change=7.09e-02, α=1.000, ‖θ[1:]‖₁=996.172, num_selected_knots=2232
2025-09-06 19:39:23,259 - Iter 559: obj=-703.465536, change=7.09e-02, α=1.000, ‖θ[1:]‖₁=996.879, num_selected_knots=2232
2025-09-06 19:39:26,587 - Iter 560: obj=-703.989890, change=7.10e-02, α=1.000, ‖θ[1:]‖₁=997.586, num_selected_knots=2231
2025-09-06 19:39:29,986 - Iter 561: obj=-704.514516, change=7.10e-02, α=1.000, ‖θ[1:]‖₁=998.291, num_selected_knots=2231
2025-09-06 19:39:33,307 - Iter 562: obj=-705.039408, change=7.10e-02, α=1.000, ‖θ[1:]‖₁=998.996, num_selected_knots=2232
2025-09-06 19:39:36,588 - Iter 563: obj=-705.564569, change=7.10e-02, α=1.000, ‖θ[1:]‖₁=999.699, num_selected_knots=2232
2025-09-06 19:39:40,005 - Iter 564: obj=-706.089999, change=7.11e-02, α=1.000, ‖θ[1:]‖₁=1000.402, num_selected_knots=2232
2025-09-06 19:39:43,322 - Iter 565: obj=-706.615695, change=7.11e-02, α=1.000, ‖θ[1:]‖₁=1001.104, num_selected_knots=2232
2025-09-06 19:39:46,641 - Iter 566: obj=-707.141656, change=7.11e-02, α=1.000, ‖θ[1:]‖₁=1001.805, num_selected_knots=2232
2025-09-06 19:39:50,139 - Iter 567: obj=-707.667879, change=7.11e-02, α=1.000, ‖θ[1:]‖₁=1002.505, num_selected_knots=2230
2025-09-06 19:39:53,558 - Iter 568: obj=-708.194360, change=7.11e-02, α=1.000, ‖θ[1:]‖₁=1003.204, num_selected_knots=2229
2025-09-06 19:39:56,897 - Iter 569: obj=-708.721100, change=7.12e-02, α=1.000, ‖θ[1:]‖₁=1003.902, num_selected_knots=2229
2025-09-06 19:40:00,262 - Iter 570: obj=-709.248097, change=7.12e-02, α=1.000, ‖θ[1:]‖₁=1004.600, num_selected_knots=2228
2025-09-06 19:40:06,858 - Iter 571: obj=-709.775349, change=7.12e-02, α=1.000, ‖θ[1:]‖₁=1005.296, num_selected_knots=2228
2025-09-06 19:40:10,109 - Iter 572: obj=-710.302855, change=7.12e-02, α=1.000, ‖θ[1:]‖₁=1005.992, num_selected_knots=2227
2025-09-06 19:40:13,380 - Iter 573: obj=-710.830611, change=7.12e-02, α=1.000, ‖θ[1:]‖₁=1006.693, num_selected_knots=2226
2025-09-06 19:40:16,573 - Iter 574: obj=-711.358649, change=7.13e-02, α=1.000, ‖θ[1:]‖₁=1007.391, num_selected_knots=2225
2025-09-06 19:40:20,076 - Iter 575: obj=-711.886584, change=7.13e-02, α=1.000, ‖θ[1:]‖₁=1008.088, num_selected_knots=2224
2025-09-06 19:40:23,635 - Iter 576: obj=-712.414972, change=7.13e-02, α=1.000, ‖θ[1:]‖₁=1008.783, num_selected_knots=2224
2025-09-06 19:40:26,905 - Iter 577: obj=-712.943717, change=7.13e-02, α=1.000, ‖θ[1:]‖₁=1009.478, num_selected_knots=2223
2025-09-06 19:40:30,326 - Iter 578: obj=-713.472773, change=7.14e-02, α=1.000, ‖θ[1:]‖₁=1010.171, num_selected_knots=2223
2025-09-06 19:40:33,736 - Iter 579: obj=-714.002113, change=7.14e-02, α=1.000, ‖θ[1:]‖₁=1010.864, num_selected_knots=2223
2025-09-06 19:40:37,632 - Iter 580: obj=-714.531717, change=7.14e-02, α=1.000, ‖θ[1:]‖₁=1011.555, num_selected_knots=2222
2025-09-06 19:40:40,961 - Iter 581: obj=-715.061569, change=7.14e-02, α=1.000, ‖θ[1:]‖₁=1012.245, num_selected_knots=2222
2025-09-06 19:40:44,289 - Iter 582: obj=-715.591656, change=7.14e-02, α=1.000, ‖θ[1:]‖₁=1012.935, num_selected_knots=2221
2025-09-06 19:40:50,840 - Iter 583: obj=-716.121966, change=7.15e-02, α=1.000, ‖θ[1:]‖₁=1013.624, num_selected_knots=2221
2025-09-06 19:40:54,054 - Iter 584: obj=-716.652493, change=7.15e-02, α=1.000, ‖θ[1:]‖₁=1014.311, num_selected_knots=2220
2025-09-06 19:40:57,473 - Iter 585: obj=-717.183232, change=7.15e-02, α=1.000, ‖θ[1:]‖₁=1014.998, num_selected_knots=2219
2025-09-06 19:41:00,795 - Iter 586: obj=-717.714173, change=7.15e-02, α=1.000, ‖θ[1:]‖₁=1015.685, num_selected_knots=2220
2025-09-06 19:41:04,015 - Iter 587: obj=-718.245308, change=7.15e-02, α=1.000, ‖θ[1:]‖₁=1016.370, num_selected_knots=2220
2025-09-06 19:41:07,262 - Iter 588: obj=-718.776637, change=7.15e-02, α=1.000, ‖θ[1:]‖₁=1017.060, num_selected_knots=2218
2025-09-06 19:41:10,516 - Iter 589: obj=-719.308230, change=7.16e-02, α=1.000, ‖θ[1:]‖₁=1017.748, num_selected_knots=2216
2025-09-06 19:41:13,807 - Iter 590: obj=-719.839959, change=7.16e-02, α=1.000, ‖θ[1:]‖₁=1018.435, num_selected_knots=2216
2025-09-06 19:41:17,080 - Iter 591: obj=-720.372036, change=7.16e-02, α=1.000, ‖θ[1:]‖₁=1019.120, num_selected_knots=2216
2025-09-06 19:41:20,342 - Iter 592: obj=-720.904389, change=7.16e-02, α=1.000, ‖θ[1:]‖₁=1019.804, num_selected_knots=2216
2025-09-06 19:41:23,577 - Iter 593: obj=-721.436975, change=7.16e-02, α=1.000, ‖θ[1:]‖₁=1020.487, num_selected_knots=2216
2025-09-06 19:41:26,878 - Iter 594: obj=-721.969769, change=7.17e-02, α=1.000, ‖θ[1:]‖₁=1021.169, num_selected_knots=2216
2025-09-06 19:41:30,088 - Iter 595: obj=-722.502750, change=7.17e-02, α=1.000, ‖θ[1:]‖₁=1021.850, num_selected_knots=2215
2025-09-06 19:41:33,347 - Iter 596: obj=-723.035905, change=7.17e-02, α=1.000, ‖θ[1:]‖₁=1022.531, num_selected_knots=2215
2025-09-06 19:41:36,619 - Iter 597: obj=-723.569215, change=7.17e-02, α=1.000, ‖θ[1:]‖₁=1023.210, num_selected_knots=2214
2025-09-06 19:41:39,827 - Iter 598: obj=-724.102672, change=7.17e-02, α=1.000, ‖θ[1:]‖₁=1023.888, num_selected_knots=2214
2025-09-06 19:41:43,084 - Iter 599: obj=-724.636278, change=7.17e-02, α=1.000, ‖θ[1:]‖₁=1024.566, num_selected_knots=2215
2025-09-06 19:41:46,360 - Iter 600: obj=-725.170029, change=7.17e-02, α=1.000, ‖θ[1:]‖₁=1025.242, num_selected_knots=2215
2025-09-06 19:41:49,586 - Iter 601: obj=-725.703917, change=7.17e-02, α=1.000, ‖θ[1:]‖₁=1025.918, num_selected_knots=2215
2025-09-06 19:41:52,856 - Iter 602: obj=-726.237938, change=7.18e-02, α=1.000, ‖θ[1:]‖₁=1026.593, num_selected_knots=2215
2025-09-06 19:41:56,127 - Iter 603: obj=-726.772087, change=7.18e-02, α=1.000, ‖θ[1:]‖₁=1027.268, num_selected_knots=2215
2025-09-06 19:41:59,352 - Iter 604: obj=-727.306360, change=7.18e-02, α=1.000, ‖θ[1:]‖₁=1027.941, num_selected_knots=2215
2025-09-06 19:42:02,649 - Iter 605: obj=-727.840753, change=7.18e-02, α=1.000, ‖θ[1:]‖₁=1028.613, num_selected_knots=2215
2025-09-06 19:42:06,218 - Iter 606: obj=-728.375265, change=7.18e-02, α=1.000, ‖θ[1:]‖₁=1029.285, num_selected_knots=2215
2025-09-06 19:42:09,547 - Iter 607: obj=-728.909891, change=7.18e-02, α=1.000, ‖θ[1:]‖₁=1029.956, num_selected_knots=2214
2025-09-06 19:42:12,846 - Iter 608: obj=-729.444625, change=7.18e-02, α=1.000, ‖θ[1:]‖₁=1030.626, num_selected_knots=2214
2025-09-06 19:42:16,181 - Iter 609: obj=-729.979469, change=7.18e-02, α=1.000, ‖θ[1:]‖₁=1031.296, num_selected_knots=2214
2025-09-06 19:42:19,513 - Iter 610: obj=-730.514422, change=7.18e-02, α=1.000, ‖θ[1:]‖₁=1031.964, num_selected_knots=2214
2025-09-06 19:42:22,810 - Iter 611: obj=-731.049481, change=7.19e-02, α=1.000, ‖θ[1:]‖₁=1032.632, num_selected_knots=2212
2025-09-06 19:42:26,142 - Iter 612: obj=-731.584641, change=7.19e-02, α=1.000, ‖θ[1:]‖₁=1033.299, num_selected_knots=2211
2025-09-06 19:42:29,524 - Iter 613: obj=-732.119896, change=7.19e-02, α=1.000, ‖θ[1:]‖₁=1033.966, num_selected_knots=2211
2025-09-06 19:42:37,289 - Iter 614: obj=-732.655247, change=7.19e-02, α=1.000, ‖θ[1:]‖₁=1034.631, num_selected_knots=2211
2025-09-06 19:42:40,520 - Iter 615: obj=-733.190697, change=7.19e-02, α=1.000, ‖θ[1:]‖₁=1035.296, num_selected_knots=2211
2025-09-06 19:42:43,795 - Iter 616: obj=-733.726243, change=7.19e-02, α=1.000, ‖θ[1:]‖₁=1035.960, num_selected_knots=2211
2025-09-06 19:42:47,012 - Iter 617: obj=-734.261876, change=7.19e-02, α=1.000, ‖θ[1:]‖₁=1036.623, num_selected_knots=2211
2025-09-06 19:42:50,237 - Iter 618: obj=-734.797603, change=7.19e-02, α=1.000, ‖θ[1:]‖₁=1037.285, num_selected_knots=2211
2025-09-06 19:42:53,480 - Iter 619: obj=-735.333420, change=7.19e-02, α=1.000, ‖θ[1:]‖₁=1037.947, num_selected_knots=2211
2025-09-06 19:42:56,774 - Iter 620: obj=-735.869324, change=7.19e-02, α=1.000, ‖θ[1:]‖₁=1038.608, num_selected_knots=2211
2025-09-06 19:43:00,072 - Iter 621: obj=-736.405312, change=7.19e-02, α=1.000, ‖θ[1:]‖₁=1039.269, num_selected_knots=2212
2025-09-06 19:43:03,338 - Iter 622: obj=-736.941382, change=7.19e-02, α=1.000, ‖θ[1:]‖₁=1039.928, num_selected_knots=2212
2025-09-06 19:43:06,555 - Iter 623: obj=-737.477531, change=7.20e-02, α=1.000, ‖θ[1:]‖₁=1040.587, num_selected_knots=2211
2025-09-06 19:43:09,845 - Iter 624: obj=-738.013750, change=7.20e-02, α=1.000, ‖θ[1:]‖₁=1041.245, num_selected_knots=2210
2025-09-06 19:43:13,387 - Iter 625: obj=-738.550032, change=7.20e-02, α=1.000, ‖θ[1:]‖₁=1041.902, num_selected_knots=2210
2025-09-06 19:43:16,784 - Iter 626: obj=-739.086383, change=7.20e-02, α=1.000, ‖θ[1:]‖₁=1042.559, num_selected_knots=2210
2025-09-06 19:43:20,084 - Iter 627: obj=-739.622811, change=7.20e-02, α=1.000, ‖θ[1:]‖₁=1043.215, num_selected_knots=2210
2025-09-06 19:43:23,408 - Iter 628: obj=-740.159310, change=7.20e-02, α=1.000, ‖θ[1:]‖₁=1043.873, num_selected_knots=2209
2025-09-06 19:43:26,674 - Iter 629: obj=-740.695877, change=7.20e-02, α=1.000, ‖θ[1:]‖₁=1044.531, num_selected_knots=2209
2025-09-06 19:43:30,011 - Iter 630: obj=-741.232293, change=7.20e-02, α=1.000, ‖θ[1:]‖₁=1045.188, num_selected_knots=2209
2025-09-06 19:43:33,337 - Iter 631: obj=-741.768879, change=7.20e-02, α=1.000, ‖θ[1:]‖₁=1045.844, num_selected_knots=2208
2025-09-06 19:43:36,848 - Iter 632: obj=-742.305646, change=7.20e-02, α=1.000, ‖θ[1:]‖₁=1046.499, num_selected_knots=2208
2025-09-06 19:43:40,215 - Iter 633: obj=-742.842522, change=7.20e-02, α=1.000, ‖θ[1:]‖₁=1047.153, num_selected_knots=2208
2025-09-06 19:43:43,571 - Iter 634: obj=-743.379504, change=7.20e-02, α=1.000, ‖θ[1:]‖₁=1047.809, num_selected_knots=2208
2025-09-06 19:43:46,931 - Iter 635: obj=-743.916574, change=7.20e-02, α=1.000, ‖θ[1:]‖₁=1048.465, num_selected_knots=2209
2025-09-06 19:43:51,006 - Iter 636: obj=-744.453751, change=7.21e-02, α=1.000, ‖θ[1:]‖₁=1049.123, num_selected_knots=2211
2025-09-06 19:43:54,358 - Iter 637: obj=-744.991135, change=7.21e-02, α=1.000, ‖θ[1:]‖₁=1049.780, num_selected_knots=2210
2025-09-06 19:43:57,655 - Iter 638: obj=-745.528661, change=7.21e-02, α=1.000, ‖θ[1:]‖₁=1050.437, num_selected_knots=2210
2025-09-06 19:44:01,015 - Iter 639: obj=-746.066277, change=7.21e-02, α=1.000, ‖θ[1:]‖₁=1051.092, num_selected_knots=2210
2025-09-06 19:44:04,355 - Iter 640: obj=-746.603951, change=7.21e-02, α=1.000, ‖θ[1:]‖₁=1051.746, num_selected_knots=2209
2025-09-06 19:44:07,683 - Iter 641: obj=-747.141663, change=7.21e-02, α=1.000, ‖θ[1:]‖₁=1052.400, num_selected_knots=2208
2025-09-06 19:44:11,036 - Iter 642: obj=-747.679392, change=7.21e-02, α=1.000, ‖θ[1:]‖₁=1053.052, num_selected_knots=2206
2025-09-06 19:44:14,377 - Iter 643: obj=-748.217124, change=7.21e-02, α=1.000, ‖θ[1:]‖₁=1053.726, num_selected_knots=2208
2025-09-06 19:44:17,684 - Iter 644: obj=-748.754617, change=7.21e-02, α=1.000, ‖θ[1:]‖₁=1054.406, num_selected_knots=2210
2025-09-06 19:44:23,848 - Iter 645: obj=-749.292439, change=7.21e-02, α=1.000, ‖θ[1:]‖₁=1055.084, num_selected_knots=2210
2025-09-06 19:44:27,075 - Iter 646: obj=-749.830683, change=7.22e-02, α=1.000, ‖θ[1:]‖₁=1055.760, num_selected_knots=2209
2025-09-06 19:44:30,288 - Iter 647: obj=-750.369177, change=7.22e-02, α=1.000, ‖θ[1:]‖₁=1056.435, num_selected_knots=2210
2025-09-06 19:44:33,482 - Iter 648: obj=-750.907811, change=7.22e-02, α=1.000, ‖θ[1:]‖₁=1057.108, num_selected_knots=2210
2025-09-06 19:44:36,721 - Iter 649: obj=-751.446513, change=7.22e-02, α=1.000, ‖θ[1:]‖₁=1057.781, num_selected_knots=2209
2025-09-06 19:44:39,963 - Iter 650: obj=-751.985230, change=7.22e-02, α=1.000, ‖θ[1:]‖₁=1058.452, num_selected_knots=2209
2025-09-06 19:44:43,194 - Iter 651: obj=-752.523920, change=7.22e-02, α=1.000, ‖θ[1:]‖₁=1059.122, num_selected_knots=2209
2025-09-06 19:44:46,406 - Iter 652: obj=-753.062552, change=7.22e-02, α=1.000, ‖θ[1:]‖₁=1059.791, num_selected_knots=2210
2025-09-06 19:44:49,798 - Iter 653: obj=-753.601101, change=7.22e-02, α=1.000, ‖θ[1:]‖₁=1060.459, num_selected_knots=2210
2025-09-06 19:44:53,055 - Iter 654: obj=-754.139547, change=7.22e-02, α=1.000, ‖θ[1:]‖₁=1061.126, num_selected_knots=2210
2025-09-06 19:44:56,497 - Iter 655: obj=-754.677874, change=7.22e-02, α=1.000, ‖θ[1:]‖₁=1061.792, num_selected_knots=2209
2025-09-06 19:45:00,228 - Iter 656: obj=-755.216067, change=7.22e-02, α=1.000, ‖θ[1:]‖₁=1062.457, num_selected_knots=2210
2025-09-06 19:45:03,515 - Iter 657: obj=-755.754119, change=7.22e-02, α=1.000, ‖θ[1:]‖₁=1063.121, num_selected_knots=2209
2025-09-06 19:45:06,853 - Iter 658: obj=-756.292025, change=7.22e-02, α=1.000, ‖θ[1:]‖₁=1063.785, num_selected_knots=2209
2025-09-06 19:45:10,221 - Iter 659: obj=-756.829773, change=7.21e-02, α=1.000, ‖θ[1:]‖₁=1064.447, num_selected_knots=2208
2025-09-06 19:45:13,511 - Iter 660: obj=-757.367366, change=7.21e-02, α=1.000, ‖θ[1:]‖₁=1065.118, num_selected_knots=2207
2025-09-06 19:45:16,832 - Iter 661: obj=-757.904879, change=7.21e-02, α=1.000, ‖θ[1:]‖₁=1065.788, num_selected_knots=2206
2025-09-06 19:45:20,178 - Iter 662: obj=-758.441787, change=7.21e-02, α=1.000, ‖θ[1:]‖₁=1066.454, num_selected_knots=2206
2025-09-06 19:45:23,502 - Iter 663: obj=-758.978892, change=7.21e-02, α=1.000, ‖θ[1:]‖₁=1067.119, num_selected_knots=2206
2025-09-06 19:45:26,845 - Iter 664: obj=-759.516048, change=7.21e-02, α=1.000, ‖θ[1:]‖₁=1067.783, num_selected_knots=2206
2025-09-06 19:45:30,182 - Iter 665: obj=-760.053173, change=7.21e-02, α=1.000, ‖θ[1:]‖₁=1068.445, num_selected_knots=2205
2025-09-06 19:45:33,497 - Iter 666: obj=-760.590217, change=7.21e-02, α=1.000, ‖θ[1:]‖₁=1069.107, num_selected_knots=2205
2025-09-06 19:45:37,336 - Iter 667: obj=-761.127146, change=7.21e-02, α=1.000, ‖θ[1:]‖₁=1069.767, num_selected_knots=2205
2025-09-06 19:45:40,739 - Iter 668: obj=-761.663941, change=7.21e-02, α=1.000, ‖θ[1:]‖₁=1070.426, num_selected_knots=2205
2025-09-06 19:45:48,398 - Iter 669: obj=-762.200583, change=7.21e-02, α=1.000, ‖θ[1:]‖₁=1071.085, num_selected_knots=2204
2025-09-06 19:45:51,619 - Iter 670: obj=-762.737056, change=7.21e-02, α=1.000, ‖θ[1:]‖₁=1071.742, num_selected_knots=2204
2025-09-06 19:45:54,871 - Iter 671: obj=-763.273353, change=7.21e-02, α=1.000, ‖θ[1:]‖₁=1072.399, num_selected_knots=2203
2025-09-06 19:45:58,082 - Iter 672: obj=-763.809464, change=7.21e-02, α=1.000, ‖θ[1:]‖₁=1073.054, num_selected_knots=2203
2025-09-06 19:46:01,334 - Iter 673: obj=-764.345385, change=7.20e-02, α=1.000, ‖θ[1:]‖₁=1073.709, num_selected_knots=2202
2025-09-06 19:46:04,585 - Iter 674: obj=-764.881107, change=7.20e-02, α=1.000, ‖θ[1:]‖₁=1074.363, num_selected_knots=2202
2025-09-06 19:46:07,839 - Iter 675: obj=-765.416634, change=7.20e-02, α=1.000, ‖θ[1:]‖₁=1075.016, num_selected_knots=2201
2025-09-06 19:46:11,371 - Iter 676: obj=-765.951957, change=7.20e-02, α=1.000, ‖θ[1:]‖₁=1075.668, num_selected_knots=2201
2025-09-06 19:46:14,883 - Iter 677: obj=-766.487083, change=7.20e-02, α=1.000, ‖θ[1:]‖₁=1076.319, num_selected_knots=2201
2025-09-06 19:46:18,215 - Iter 678: obj=-767.022012, change=7.20e-02, α=1.000, ‖θ[1:]‖₁=1076.969, num_selected_knots=2201
2025-09-06 19:46:21,459 - Iter 679: obj=-767.556744, change=7.20e-02, α=1.000, ‖θ[1:]‖₁=1077.619, num_selected_knots=2201
2025-09-06 19:46:24,773 - Iter 680: obj=-768.091278, change=7.20e-02, α=1.000, ‖θ[1:]‖₁=1078.268, num_selected_knots=2201
2025-09-06 19:46:28,077 - Iter 681: obj=-768.625615, change=7.19e-02, α=1.000, ‖θ[1:]‖₁=1078.916, num_selected_knots=2201
2025-09-06 19:46:31,540 - Iter 682: obj=-769.159756, change=7.19e-02, α=1.000, ‖θ[1:]‖₁=1079.563, num_selected_knots=2201
2025-09-06 19:46:34,864 - Iter 683: obj=-769.693702, change=7.19e-02, α=1.000, ‖θ[1:]‖₁=1080.209, num_selected_knots=2200
2025-09-06 19:46:38,194 - Iter 684: obj=-770.227453, change=7.19e-02, α=1.000, ‖θ[1:]‖₁=1080.855, num_selected_knots=2198
2025-09-06 19:46:41,473 - Iter 685: obj=-770.761011, change=7.19e-02, α=1.000, ‖θ[1:]‖₁=1081.500, num_selected_knots=2198
2025-09-06 19:46:44,820 - Iter 686: obj=-771.294372, change=7.19e-02, α=1.000, ‖θ[1:]‖₁=1082.149, num_selected_knots=2196
2025-09-06 19:46:48,225 - Iter 687: obj=-771.827577, change=7.19e-02, α=1.000, ‖θ[1:]‖₁=1082.797, num_selected_knots=2196
2025-09-06 19:46:51,507 - Iter 688: obj=-772.360236, change=7.19e-02, α=1.000, ‖θ[1:]‖₁=1083.443, num_selected_knots=2196
2025-09-06 19:46:55,512 - Iter 689: obj=-772.892910, change=7.19e-02, α=1.000, ‖θ[1:]‖₁=1084.088, num_selected_knots=2195
2025-09-06 19:47:03,471 - Iter 690: obj=-773.425513, change=7.18e-02, α=1.000, ‖θ[1:]‖₁=1084.732, num_selected_knots=2195
2025-09-06 19:47:06,698 - Iter 691: obj=-773.958007, change=7.18e-02, α=1.000, ‖θ[1:]‖₁=1085.375, num_selected_knots=2195
2025-09-06 19:47:09,932 - Iter 692: obj=-774.490370, change=7.18e-02, α=1.000, ‖θ[1:]‖₁=1086.017, num_selected_knots=2195
2025-09-06 19:47:13,106 - Iter 693: obj=-775.022583, change=7.18e-02, α=1.000, ‖θ[1:]‖₁=1086.658, num_selected_knots=2195
2025-09-06 19:47:16,327 - Iter 694: obj=-775.554634, change=7.18e-02, α=1.000, ‖θ[1:]‖₁=1087.299, num_selected_knots=2195
2025-09-06 19:47:19,548 - Iter 695: obj=-776.086512, change=7.18e-02, α=1.000, ‖θ[1:]‖₁=1087.938, num_selected_knots=2195
2025-09-06 19:47:22,797 - Iter 696: obj=-776.618210, change=7.18e-02, α=1.000, ‖θ[1:]‖₁=1088.577, num_selected_knots=2195
2025-09-06 19:47:26,038 - Iter 697: obj=-777.149722, change=7.18e-02, α=1.000, ‖θ[1:]‖₁=1089.215, num_selected_knots=2195
2025-09-06 19:47:29,291 - Iter 698: obj=-777.681043, change=7.18e-02, α=1.000, ‖θ[1:]‖₁=1089.857, num_selected_knots=2193
2025-09-06 19:47:32,521 - Iter 699: obj=-778.212230, change=7.18e-02, α=1.000, ‖θ[1:]‖₁=1090.497, num_selected_knots=2193
2025-09-06 19:47:35,749 - Iter 700: obj=-778.743126, change=7.17e-02, α=1.000, ‖θ[1:]‖₁=1091.136, num_selected_knots=2192
2025-09-06 19:47:38,995 - Iter 701: obj=-779.274000, change=7.17e-02, α=1.000, ‖θ[1:]‖₁=1091.774, num_selected_knots=2191
2025-09-06 19:47:42,227 - Iter 702: obj=-779.804769, change=7.17e-02, α=1.000, ‖θ[1:]‖₁=1092.411, num_selected_knots=2192
2025-09-06 19:47:45,458 - Iter 703: obj=-780.335400, change=7.17e-02, α=1.000, ‖θ[1:]‖₁=1093.047, num_selected_knots=2192
2025-09-06 19:47:48,706 - Iter 704: obj=-780.865872, change=7.17e-02, α=1.000, ‖θ[1:]‖₁=1093.682, num_selected_knots=2192
2025-09-06 19:47:51,964 - Iter 705: obj=-781.396166, change=7.17e-02, α=1.000, ‖θ[1:]‖₁=1094.316, num_selected_knots=2192
2025-09-06 19:47:55,224 - Iter 706: obj=-781.926271, change=7.17e-02, α=1.000, ‖θ[1:]‖₁=1094.949, num_selected_knots=2192
2025-09-06 19:47:58,462 - Iter 707: obj=-782.456176, change=7.17e-02, α=1.000, ‖θ[1:]‖₁=1095.582, num_selected_knots=2192
2025-09-06 19:48:02,019 - Iter 708: obj=-782.985876, change=7.17e-02, α=1.000, ‖θ[1:]‖₁=1096.214, num_selected_knots=2192
2025-09-06 19:48:05,371 - Iter 709: obj=-783.515365, change=7.16e-02, α=1.000, ‖θ[1:]‖₁=1096.845, num_selected_knots=2192
2025-09-06 19:48:08,793 - Iter 710: obj=-784.044642, change=7.16e-02, α=1.000, ‖θ[1:]‖₁=1097.475, num_selected_knots=2192
2025-09-06 19:48:14,482 - Iter 711: obj=-784.573696, change=7.16e-02, α=1.000, ‖θ[1:]‖₁=1098.105, num_selected_knots=2193
2025-09-06 19:48:17,727 - Iter 712: obj=-785.102528, change=7.16e-02, α=1.000, ‖θ[1:]‖₁=1098.733, num_selected_knots=2192
2025-09-06 19:48:20,929 - Iter 713: obj=-785.631136, change=7.16e-02, α=1.000, ‖θ[1:]‖₁=1099.363, num_selected_knots=2191
2025-09-06 19:48:24,160 - Iter 714: obj=-786.159516, change=7.16e-02, α=1.000, ‖θ[1:]‖₁=1099.992, num_selected_knots=2190
2025-09-06 19:48:27,482 - Iter 715: obj=-786.687484, change=7.16e-02, α=1.000, ‖θ[1:]‖₁=1100.621, num_selected_knots=2190
2025-09-06 19:48:30,785 - Iter 716: obj=-787.215205, change=7.15e-02, α=1.000, ‖θ[1:]‖₁=1101.248, num_selected_knots=2190
2025-09-06 19:48:34,019 - Iter 717: obj=-787.742766, change=7.15e-02, α=1.000, ‖θ[1:]‖₁=1101.874, num_selected_knots=2190
2025-09-06 19:48:37,514 - Iter 718: obj=-788.270146, change=7.15e-02, α=1.000, ‖θ[1:]‖₁=1102.499, num_selected_knots=2190
2025-09-06 19:48:40,832 - Iter 719: obj=-788.797333, change=7.15e-02, α=1.000, ‖θ[1:]‖₁=1103.124, num_selected_knots=2190
2025-09-06 19:48:44,149 - Iter 720: obj=-789.324316, change=7.15e-02, α=1.000, ‖θ[1:]‖₁=1103.748, num_selected_knots=2189
2025-09-06 19:48:47,449 - Iter 721: obj=-789.851090, change=7.15e-02, α=1.000, ‖θ[1:]‖₁=1104.371, num_selected_knots=2189
2025-09-06 19:48:50,703 - Iter 722: obj=-790.377648, change=7.15e-02, α=1.000, ‖θ[1:]‖₁=1104.997, num_selected_knots=2188
2025-09-06 19:48:54,051 - Iter 723: obj=-790.904072, change=7.15e-02, α=1.000, ‖θ[1:]‖₁=1105.622, num_selected_knots=2187
2025-09-06 19:48:57,647 - Iter 724: obj=-791.430384, change=7.14e-02, α=1.000, ‖θ[1:]‖₁=1106.246, num_selected_knots=2186
2025-09-06 19:49:02,218 - Iter 725: obj=-791.956597, change=7.14e-02, α=1.000, ‖θ[1:]‖₁=1106.868, num_selected_knots=2185
2025-09-06 19:49:05,667 - Iter 726: obj=-792.482653, change=7.14e-02, α=1.000, ‖θ[1:]‖₁=1107.490, num_selected_knots=2184
2025-09-06 19:49:08,999 - Iter 727: obj=-793.008521, change=7.14e-02, α=1.000, ‖θ[1:]‖₁=1108.111, num_selected_knots=2184
2025-09-06 19:49:12,326 - Iter 728: obj=-793.534189, change=7.14e-02, α=1.000, ‖θ[1:]‖₁=1108.731, num_selected_knots=2183
2025-09-06 19:49:15,667 - Iter 729: obj=-794.059646, change=7.14e-02, α=1.000, ‖θ[1:]‖₁=1109.353, num_selected_knots=2183
2025-09-06 19:49:18,940 - Iter 730: obj=-794.584880, change=7.14e-02, α=1.000, ‖θ[1:]‖₁=1109.973, num_selected_knots=2183
2025-09-06 19:49:22,246 - Iter 731: obj=-795.109625, change=7.14e-02, α=1.000, ‖θ[1:]‖₁=1110.593, num_selected_knots=2183
2025-09-06 19:49:25,605 - Iter 732: obj=-795.634169, change=7.13e-02, α=1.000, ‖θ[1:]‖₁=1111.211, num_selected_knots=2182
2025-09-06 19:49:31,642 - Iter 733: obj=-796.158531, change=7.13e-02, α=1.000, ‖θ[1:]‖₁=1111.829, num_selected_knots=2181
2025-09-06 19:49:34,929 - Iter 734: obj=-796.682682, change=7.13e-02, α=1.000, ‖θ[1:]‖₁=1112.446, num_selected_knots=2181
2025-09-06 19:49:38,202 - Iter 735: obj=-797.206624, change=7.13e-02, α=1.000, ‖θ[1:]‖₁=1113.061, num_selected_knots=2181
2025-09-06 19:49:41,497 - Iter 736: obj=-797.730347, change=7.13e-02, α=1.000, ‖θ[1:]‖₁=1113.676, num_selected_knots=2181
2025-09-06 19:49:44,815 - Iter 737: obj=-798.253841, change=7.13e-02, α=1.000, ‖θ[1:]‖₁=1114.291, num_selected_knots=2181
2025-09-06 19:49:48,121 - Iter 738: obj=-798.777099, change=7.13e-02, α=1.000, ‖θ[1:]‖₁=1114.904, num_selected_knots=2181
2025-09-06 19:49:51,757 - Iter 739: obj=-799.300116, change=7.12e-02, α=1.000, ‖θ[1:]‖₁=1115.517, num_selected_knots=2181
2025-09-06 19:49:55,183 - Iter 740: obj=-799.822889, change=7.12e-02, α=1.000, ‖θ[1:]‖₁=1116.129, num_selected_knots=2181
2025-09-06 19:49:58,513 - Iter 741: obj=-800.345413, change=7.12e-02, α=1.000, ‖θ[1:]‖₁=1116.741, num_selected_knots=2181
2025-09-06 19:50:01,854 - Iter 742: obj=-800.867688, change=7.12e-02, α=1.000, ‖θ[1:]‖₁=1117.352, num_selected_knots=2182
2025-09-06 19:50:05,159 - Iter 743: obj=-801.389711, change=7.12e-02, α=1.000, ‖θ[1:]‖₁=1117.962, num_selected_knots=2183
2025-09-06 19:50:08,472 - Iter 744: obj=-801.911480, change=7.12e-02, α=1.000, ‖θ[1:]‖₁=1118.571, num_selected_knots=2182
2025-09-06 19:50:11,790 - Iter 745: obj=-802.432992, change=7.11e-02, α=1.000, ‖θ[1:]‖₁=1119.179, num_selected_knots=2182
2025-09-06 19:50:15,129 - Iter 746: obj=-802.954247, change=7.11e-02, α=1.000, ‖θ[1:]‖₁=1119.787, num_selected_knots=2181
2025-09-06 19:50:18,451 - Iter 747: obj=-803.475240, change=7.11e-02, α=1.000, ‖θ[1:]‖₁=1120.395, num_selected_knots=2180
2025-09-06 19:50:21,776 - Iter 748: obj=-803.995967, change=7.11e-02, α=1.000, ‖θ[1:]‖₁=1121.001, num_selected_knots=2180
2025-09-06 19:50:25,081 - Iter 749: obj=-804.516443, change=7.11e-02, α=1.000, ‖θ[1:]‖₁=1121.607, num_selected_knots=2180
2025-09-06 19:50:28,611 - Iter 750: obj=-805.036665, change=7.11e-02, α=1.000, ‖θ[1:]‖₁=1122.212, num_selected_knots=2180
2025-09-06 19:50:35,044 - Iter 751: obj=-805.556635, change=7.10e-02, α=1.000, ‖θ[1:]‖₁=1122.817, num_selected_knots=2180
2025-09-06 19:50:38,265 - Iter 752: obj=-806.076351, change=7.10e-02, α=1.000, ‖θ[1:]‖₁=1123.421, num_selected_knots=2181
2025-09-06 19:50:41,517 - Iter 753: obj=-806.595814, change=7.10e-02, α=1.000, ‖θ[1:]‖₁=1124.024, num_selected_knots=2181
2025-09-06 19:50:44,744 - Iter 754: obj=-807.115024, change=7.10e-02, α=1.000, ‖θ[1:]‖₁=1124.627, num_selected_knots=2181
2025-09-06 19:50:47,954 - Iter 755: obj=-807.633980, change=7.10e-02, α=1.000, ‖θ[1:]‖₁=1125.229, num_selected_knots=2181
2025-09-06 19:50:51,189 - Iter 756: obj=-808.152683, change=7.10e-02, α=1.000, ‖θ[1:]‖₁=1125.830, num_selected_knots=2181
2025-09-06 19:50:54,441 - Iter 757: obj=-808.671132, change=7.09e-02, α=1.000, ‖θ[1:]‖₁=1126.431, num_selected_knots=2180
2025-09-06 19:50:57,929 - Iter 758: obj=-809.189324, change=7.09e-02, α=1.000, ‖θ[1:]‖₁=1127.031, num_selected_knots=2180
2025-09-06 19:51:01,516 - Iter 759: obj=-809.707253, change=7.09e-02, α=1.000, ‖θ[1:]‖₁=1127.630, num_selected_knots=2180
2025-09-06 19:51:04,813 - Iter 760: obj=-810.224931, change=7.09e-02, α=1.000, ‖θ[1:]‖₁=1128.229, num_selected_knots=2180
2025-09-06 19:51:08,072 - Iter 761: obj=-810.742358, change=7.09e-02, α=1.000, ‖θ[1:]‖₁=1128.827, num_selected_knots=2180
2025-09-06 19:51:11,377 - Iter 762: obj=-811.259532, change=7.09e-02, α=1.000, ‖θ[1:]‖₁=1129.426, num_selected_knots=2179
2025-09-06 19:51:14,722 - Iter 763: obj=-811.776474, change=7.08e-02, α=1.000, ‖θ[1:]‖₁=1130.026, num_selected_knots=2179
2025-09-06 19:51:17,999 - Iter 764: obj=-812.293229, change=7.08e-02, α=1.000, ‖θ[1:]‖₁=1130.624, num_selected_knots=2179
2025-09-06 19:51:21,327 - Iter 765: obj=-812.809842, change=7.08e-02, α=1.000, ‖θ[1:]‖₁=1131.222, num_selected_knots=2179
2025-09-06 19:51:24,631 - Iter 766: obj=-813.326263, change=7.08e-02, α=1.000, ‖θ[1:]‖₁=1131.819, num_selected_knots=2179
2025-09-06 19:51:27,944 - Iter 767: obj=-813.842466, change=7.08e-02, α=1.000, ‖θ[1:]‖₁=1132.415, num_selected_knots=2179
2025-09-06 19:51:31,338 - Iter 768: obj=-814.358436, change=7.08e-02, α=1.000, ‖θ[1:]‖₁=1133.010, num_selected_knots=2179
2025-09-06 19:51:34,686 - Iter 769: obj=-814.874162, change=7.07e-02, α=1.000, ‖θ[1:]‖₁=1133.606, num_selected_knots=2178
2025-09-06 19:51:37,986 - Iter 770: obj=-815.389637, change=7.07e-02, α=1.000, ‖θ[1:]‖₁=1134.203, num_selected_knots=2178
2025-09-06 19:51:41,362 - Iter 771: obj=-815.904722, change=7.07e-02, α=1.000, ‖θ[1:]‖₁=1134.798, num_selected_knots=2178
2025-09-06 19:51:44,692 - Iter 772: obj=-816.419459, change=7.07e-02, α=1.000, ‖θ[1:]‖₁=1135.392, num_selected_knots=2178
2025-09-06 19:51:48,605 - Iter 773: obj=-816.934005, change=7.07e-02, α=1.000, ‖θ[1:]‖₁=1135.986, num_selected_knots=2177
2025-09-06 19:51:52,638 - Iter 774: obj=-817.448328, change=7.07e-02, α=1.000, ‖θ[1:]‖₁=1136.578, num_selected_knots=2177
2025-09-06 19:51:59,073 - Iter 775: obj=-817.962415, change=7.06e-02, α=1.000, ‖θ[1:]‖₁=1137.171, num_selected_knots=2177
2025-09-06 19:52:02,299 - Iter 776: obj=-818.476253, change=7.06e-02, α=1.000, ‖θ[1:]‖₁=1137.762, num_selected_knots=2176
2025-09-06 19:52:05,480 - Iter 777: obj=-818.989833, change=7.06e-02, α=1.000, ‖θ[1:]‖₁=1138.353, num_selected_knots=2176
2025-09-06 19:52:08,938 - Iter 778: obj=-819.503145, change=7.06e-02, α=1.000, ‖θ[1:]‖₁=1138.943, num_selected_knots=2176
2025-09-06 19:52:12,574 - Iter 779: obj=-820.016188, change=7.06e-02, α=1.000, ‖θ[1:]‖₁=1139.532, num_selected_knots=2175
2025-09-06 19:52:15,930 - Iter 780: obj=-820.528952, change=7.06e-02, α=1.000, ‖θ[1:]‖₁=1140.121, num_selected_knots=2175
2025-09-06 19:52:19,235 - Iter 781: obj=-821.041438, change=7.05e-02, α=1.000, ‖θ[1:]‖₁=1140.709, num_selected_knots=2175
2025-09-06 19:52:22,551 - Iter 782: obj=-821.553642, change=7.05e-02, α=1.000, ‖θ[1:]‖₁=1141.296, num_selected_knots=2174
2025-09-06 19:52:25,850 - Iter 783: obj=-822.065561, change=7.05e-02, α=1.000, ‖θ[1:]‖₁=1141.883, num_selected_knots=2173
2025-09-06 19:52:32,116 - Iter 784: obj=-822.577194, change=7.05e-02, α=1.000, ‖θ[1:]‖₁=1142.470, num_selected_knots=2173
2025-09-06 19:52:35,313 - Iter 785: obj=-823.088539, change=7.05e-02, α=1.000, ‖θ[1:]‖₁=1143.055, num_selected_knots=2171
2025-09-06 19:52:38,547 - Iter 786: obj=-823.599590, change=7.04e-02, α=1.000, ‖θ[1:]‖₁=1143.640, num_selected_knots=2171
2025-09-06 19:52:41,786 - Iter 787: obj=-824.110343, change=7.04e-02, α=1.000, ‖θ[1:]‖₁=1144.225, num_selected_knots=2171
2025-09-06 19:52:44,985 - Iter 788: obj=-824.620810, change=7.04e-02, α=1.000, ‖θ[1:]‖₁=1144.808, num_selected_knots=2170
2025-09-06 19:52:48,256 - Iter 789: obj=-825.130979, change=7.04e-02, α=1.000, ‖θ[1:]‖₁=1145.391, num_selected_knots=2170
2025-09-06 19:52:51,659 - Iter 790: obj=-825.640855, change=7.04e-02, α=1.000, ‖θ[1:]‖₁=1145.975, num_selected_knots=2169
2025-09-06 19:52:54,870 - Iter 791: obj=-826.150444, change=7.03e-02, α=1.000, ‖θ[1:]‖₁=1146.560, num_selected_knots=2169
2025-09-06 19:52:58,535 - Iter 792: obj=-826.659704, change=7.03e-02, α=1.000, ‖θ[1:]‖₁=1147.143, num_selected_knots=2169
2025-09-06 19:53:02,094 - Iter 793: obj=-827.168792, change=7.03e-02, α=1.000, ‖θ[1:]‖₁=1147.726, num_selected_knots=2169
2025-09-06 19:53:09,003 - Iter 794: obj=-827.677657, change=7.03e-02, α=1.000, ‖θ[1:]‖₁=1148.307, num_selected_knots=2168
2025-09-06 19:53:12,521 - Iter 795: obj=-828.186273, change=7.03e-02, α=1.000, ‖θ[1:]‖₁=1148.889, num_selected_knots=2169
2025-09-06 19:53:15,884 - Iter 796: obj=-828.694617, change=7.03e-02, α=1.000, ‖θ[1:]‖₁=1149.469, num_selected_knots=2169
2025-09-06 19:53:19,354 - Iter 797: obj=-829.202684, change=7.02e-02, α=1.000, ‖θ[1:]‖₁=1150.049, num_selected_knots=2169
2025-09-06 19:53:23,107 - Iter 798: obj=-829.710464, change=7.02e-02, α=1.000, ‖θ[1:]‖₁=1150.629, num_selected_knots=2169
2025-09-06 19:53:26,406 - Iter 799: obj=-830.217952, change=7.02e-02, α=1.000, ‖θ[1:]‖₁=1151.208, num_selected_knots=2169
2025-09-06 19:53:33,206 - Iter 800: obj=-830.725144, change=7.02e-02, α=1.000, ‖θ[1:]‖₁=1151.786, num_selected_knots=2169
2025-09-06 19:53:36,458 - Iter 801: obj=-831.232034, change=7.02e-02, α=1.000, ‖θ[1:]‖₁=1152.363, num_selected_knots=2169
2025-09-06 19:53:40,163 - Iter 802: obj=-831.738620, change=7.01e-02, α=1.000, ‖θ[1:]‖₁=1152.942, num_selected_knots=2168
2025-09-06 19:53:49,027 - Iter 803: obj=-832.244900, change=7.01e-02, α=1.000, ‖θ[1:]‖₁=1153.520, num_selected_knots=2168
2025-09-06 19:53:57,107 - Iter 804: obj=-832.750691, change=7.01e-02, α=1.000, ‖θ[1:]‖₁=1154.097, num_selected_knots=2168
2025-09-06 19:54:05,158 - Iter 805: obj=-833.256167, change=7.01e-02, α=1.000, ‖θ[1:]‖₁=1154.673, num_selected_knots=2168
2025-09-06 19:54:13,201 - Iter 806: obj=-833.761385, change=7.01e-02, α=1.000, ‖θ[1:]‖₁=1155.249, num_selected_knots=2166
2025-09-06 19:54:21,187 - Iter 807: obj=-834.266328, change=7.00e-02, α=1.000, ‖θ[1:]‖₁=1155.825, num_selected_knots=2165
2025-09-06 19:54:29,272 - Iter 808: obj=-834.770997, change=7.00e-02, α=1.000, ‖θ[1:]‖₁=1156.403, num_selected_knots=2165
2025-09-06 19:54:37,287 - Iter 809: obj=-835.275369, change=7.00e-02, α=1.000, ‖θ[1:]‖₁=1156.979, num_selected_knots=2165
2025-09-06 19:54:45,265 - Iter 810: obj=-835.779562, change=7.00e-02, α=1.000, ‖θ[1:]‖₁=1157.554, num_selected_knots=2164
2025-09-06 19:54:54,588 - Iter 811: obj=-836.283518, change=7.00e-02, α=1.000, ‖θ[1:]‖₁=1158.128, num_selected_knots=2164
2025-09-06 19:55:03,269 - Iter 812: obj=-836.787204, change=6.99e-02, α=1.000, ‖θ[1:]‖₁=1158.701, num_selected_knots=2164
2025-09-06 19:55:11,241 - Iter 813: obj=-837.290606, change=6.99e-02, α=1.000, ‖θ[1:]‖₁=1159.274, num_selected_knots=2164
2025-09-06 19:55:18,297 - Iter 814: obj=-837.793711, change=6.99e-02, α=1.000, ‖θ[1:]‖₁=1159.846, num_selected_knots=2164
2025-09-06 19:55:26,324 - Iter 815: obj=-838.296507, change=6.99e-02, α=1.000, ‖θ[1:]‖₁=1160.418, num_selected_knots=2163
2025-09-06 19:55:33,218 - Iter 816: obj=-838.798982, change=6.99e-02, α=1.000, ‖θ[1:]‖₁=1160.989, num_selected_knots=2163
2025-09-06 19:55:36,443 - Iter 817: obj=-839.301133, change=6.98e-02, α=1.000, ‖θ[1:]‖₁=1161.559, num_selected_knots=2163
2025-09-06 19:55:39,697 - Iter 818: obj=-839.802957, change=6.98e-02, α=1.000, ‖θ[1:]‖₁=1162.128, num_selected_knots=2163
2025-09-06 19:55:42,902 - Iter 819: obj=-840.304451, change=6.98e-02, α=1.000, ‖θ[1:]‖₁=1162.697, num_selected_knots=2163
2025-09-06 19:55:46,111 - Iter 820: obj=-840.805610, change=6.98e-02, α=1.000, ‖θ[1:]‖₁=1163.266, num_selected_knots=2163
2025-09-06 19:55:49,416 - Iter 821: obj=-841.306433, change=6.97e-02, α=1.000, ‖θ[1:]‖₁=1163.833, num_selected_knots=2163
2025-09-06 19:55:52,707 - Iter 822: obj=-841.806917, change=6.97e-02, α=1.000, ‖θ[1:]‖₁=1164.401, num_selected_knots=2163
2025-09-06 19:55:55,899 - Iter 823: obj=-842.307061, change=6.97e-02, α=1.000, ‖θ[1:]‖₁=1164.967, num_selected_knots=2162
2025-09-06 19:55:59,120 - Iter 824: obj=-842.806862, change=6.97e-02, α=1.000, ‖θ[1:]‖₁=1165.533, num_selected_knots=2161
2025-09-06 19:56:02,383 - Iter 825: obj=-843.306320, change=6.96e-02, α=1.000, ‖θ[1:]‖₁=1166.098, num_selected_knots=2159
2025-09-06 19:56:05,619 - Iter 826: obj=-843.805434, change=6.96e-02, α=1.000, ‖θ[1:]‖₁=1166.663, num_selected_knots=2160
2025-09-06 19:56:08,820 - Iter 827: obj=-844.304197, change=6.96e-02, α=1.000, ‖θ[1:]‖₁=1167.228, num_selected_knots=2158
2025-09-06 19:56:12,067 - Iter 828: obj=-844.802611, change=6.96e-02, α=1.000, ‖θ[1:]‖₁=1167.791, num_selected_knots=2157
2025-09-06 19:56:15,321 - Iter 829: obj=-845.300674, change=6.96e-02, α=1.000, ‖θ[1:]‖₁=1168.354, num_selected_knots=2157
2025-09-06 19:56:18,575 - Iter 830: obj=-845.798393, change=6.95e-02, α=1.000, ‖θ[1:]‖₁=1168.917, num_selected_knots=2157
2025-09-06 19:56:21,819 - Iter 831: obj=-846.295770, change=6.95e-02, α=1.000, ‖θ[1:]‖₁=1169.479, num_selected_knots=2157
2025-09-06 19:56:25,040 - Iter 832: obj=-846.792805, change=6.95e-02, α=1.000, ‖θ[1:]‖₁=1170.041, num_selected_knots=2157
2025-09-06 19:56:28,284 - Iter 833: obj=-847.289499, change=6.95e-02, α=1.000, ‖θ[1:]‖₁=1170.602, num_selected_knots=2157
2025-09-06 19:56:31,567 - Iter 834: obj=-847.785851, change=6.94e-02, α=1.000, ‖θ[1:]‖₁=1171.176, num_selected_knots=2155
2025-09-06 19:56:34,857 - Iter 835: obj=-848.281742, change=6.94e-02, α=1.000, ‖θ[1:]‖₁=1171.749, num_selected_knots=2154
2025-09-06 19:56:38,122 - Iter 836: obj=-848.777557, change=6.94e-02, α=1.000, ‖θ[1:]‖₁=1172.320, num_selected_knots=2154
2025-09-06 19:56:41,351 - Iter 837: obj=-849.273229, change=6.94e-02, α=1.000, ‖θ[1:]‖₁=1172.891, num_selected_knots=2154
2025-09-06 19:56:44,600 - Iter 838: obj=-849.768695, change=6.94e-02, α=1.000, ‖θ[1:]‖₁=1173.461, num_selected_knots=2154
2025-09-06 19:56:47,868 - Iter 839: obj=-850.263912, change=6.94e-02, α=1.000, ‖θ[1:]‖₁=1174.030, num_selected_knots=2154
2025-09-06 19:56:51,123 - Iter 840: obj=-850.758846, change=6.93e-02, α=1.000, ‖θ[1:]‖₁=1174.599, num_selected_knots=2153
2025-09-06 19:56:54,372 - Iter 841: obj=-851.253475, change=6.93e-02, α=1.000, ‖θ[1:]‖₁=1175.166, num_selected_knots=2153
2025-09-06 19:56:58,224 - Iter 842: obj=-851.747779, change=6.93e-02, α=1.000, ‖θ[1:]‖₁=1175.733, num_selected_knots=2153
2025-09-06 19:57:03,164 - Iter 843: obj=-852.241744, change=6.93e-02, α=1.000, ‖θ[1:]‖₁=1176.302, num_selected_knots=2150
2025-09-06 19:57:06,445 - Iter 844: obj=-852.735356, change=6.92e-02, α=1.000, ‖θ[1:]‖₁=1176.869, num_selected_knots=2150
2025-09-06 19:57:09,685 - Iter 845: obj=-853.228421, change=6.92e-02, α=1.000, ‖θ[1:]‖₁=1177.436, num_selected_knots=2150
2025-09-06 19:57:12,934 - Iter 846: obj=-853.721207, change=6.92e-02, α=1.000, ‖θ[1:]‖₁=1178.002, num_selected_knots=2149
2025-09-06 19:57:16,198 - Iter 847: obj=-854.213675, change=6.92e-02, α=1.000, ‖θ[1:]‖₁=1178.567, num_selected_knots=2149
2025-09-06 19:57:19,422 - Iter 848: obj=-854.705800, change=6.92e-02, α=1.000, ‖θ[1:]‖₁=1179.131, num_selected_knots=2149
2025-09-06 19:57:22,643 - Iter 849: obj=-855.197574, change=6.91e-02, α=1.000, ‖θ[1:]‖₁=1179.694, num_selected_knots=2149
2025-09-06 19:57:25,917 - Iter 850: obj=-855.688986, change=6.91e-02, α=1.000, ‖θ[1:]‖₁=1180.257, num_selected_knots=2149
2025-09-06 19:57:29,186 - Iter 851: obj=-856.180027, change=6.91e-02, α=1.000, ‖θ[1:]‖₁=1180.820, num_selected_knots=2149
2025-09-06 19:57:32,439 - Iter 852: obj=-856.670690, change=6.91e-02, α=1.000, ‖θ[1:]‖₁=1181.381, num_selected_knots=2149
2025-09-06 19:57:35,721 - Iter 853: obj=-857.160971, change=6.90e-02, α=1.000, ‖θ[1:]‖₁=1181.943, num_selected_knots=2148
2025-09-06 19:57:38,938 - Iter 854: obj=-857.650865, change=6.90e-02, α=1.000, ‖θ[1:]‖₁=1182.506, num_selected_knots=2147
2025-09-06 19:57:42,179 - Iter 855: obj=-858.140319, change=6.90e-02, α=1.000, ‖θ[1:]‖₁=1183.068, num_selected_knots=2147
2025-09-06 19:57:45,433 - Iter 856: obj=-858.629445, change=6.89e-02, α=1.000, ‖θ[1:]‖₁=1183.629, num_selected_knots=2147
2025-09-06 19:57:48,680 - Iter 857: obj=-859.118244, change=6.89e-02, α=1.000, ‖θ[1:]‖₁=1184.189, num_selected_knots=2147
2025-09-06 19:57:51,964 - Iter 858: obj=-859.606691, change=6.89e-02, α=1.000, ‖θ[1:]‖₁=1184.748, num_selected_knots=2147
2025-09-06 19:57:55,217 - Iter 859: obj=-860.094772, change=6.89e-02, α=1.000, ‖θ[1:]‖₁=1185.307, num_selected_knots=2147
2025-09-06 19:57:58,467 - Iter 860: obj=-860.582478, change=6.88e-02, α=1.000, ‖θ[1:]‖₁=1185.865, num_selected_knots=2147
2025-09-06 19:58:01,771 - Iter 861: obj=-861.069802, change=6.88e-02, α=1.000, ‖θ[1:]‖₁=1186.422, num_selected_knots=2147
2025-09-06 19:58:05,042 - Iter 862: obj=-861.556738, change=6.88e-02, α=1.000, ‖θ[1:]‖₁=1186.979, num_selected_knots=2147
2025-09-06 19:58:08,300 - Iter 863: obj=-862.043284, change=6.88e-02, α=1.000, ‖θ[1:]‖₁=1187.535, num_selected_knots=2147
2025-09-06 19:58:11,569 - Iter 864: obj=-862.529436, change=6.87e-02, α=1.000, ‖θ[1:]‖₁=1188.094, num_selected_knots=2146
2025-09-06 19:58:14,824 - Iter 865: obj=-863.015104, change=6.87e-02, α=1.000, ‖θ[1:]‖₁=1188.658, num_selected_knots=2145
2025-09-06 19:58:18,070 - Iter 866: obj=-863.500085, change=6.87e-02, α=1.000, ‖θ[1:]‖₁=1189.221, num_selected_knots=2145
2025-09-06 19:58:21,291 - Iter 867: obj=-863.984676, change=6.87e-02, α=1.000, ‖θ[1:]‖₁=1189.784, num_selected_knots=2145
2025-09-06 19:58:24,541 - Iter 868: obj=-864.468873, change=6.86e-02, α=1.000, ‖θ[1:]‖₁=1190.347, num_selected_knots=2144
2025-09-06 19:58:27,795 - Iter 869: obj=-864.952668, change=6.86e-02, α=1.000, ‖θ[1:]‖₁=1190.908, num_selected_knots=2144
2025-09-06 19:58:31,028 - Iter 870: obj=-865.436055, change=6.86e-02, α=1.000, ‖θ[1:]‖₁=1191.469, num_selected_knots=2144
2025-09-06 19:58:34,273 - Iter 871: obj=-865.919039, change=6.85e-02, α=1.000, ‖θ[1:]‖₁=1192.030, num_selected_knots=2144
2025-09-06 19:58:37,597 - Iter 872: obj=-866.401616, change=6.85e-02, α=1.000, ‖θ[1:]‖₁=1192.590, num_selected_knots=2143
2025-09-06 19:58:40,867 - Iter 873: obj=-866.883786, change=6.85e-02, α=1.000, ‖θ[1:]‖₁=1193.149, num_selected_knots=2144
2025-09-06 19:58:44,109 - Iter 874: obj=-867.365541, change=6.85e-02, α=1.000, ‖θ[1:]‖₁=1193.708, num_selected_knots=2144
2025-09-06 19:58:47,381 - Iter 875: obj=-867.846884, change=6.84e-02, α=1.000, ‖θ[1:]‖₁=1194.266, num_selected_knots=2144
2025-09-06 19:58:50,629 - Iter 876: obj=-868.327815, change=6.84e-02, α=1.000, ‖θ[1:]‖₁=1194.824, num_selected_knots=2144
2025-09-06 19:58:53,949 - Iter 877: obj=-868.808334, change=6.84e-02, α=1.000, ‖θ[1:]‖₁=1195.381, num_selected_knots=2144
2025-09-06 19:58:57,289 - Iter 878: obj=-869.288441, change=6.83e-02, α=1.000, ‖θ[1:]‖₁=1195.938, num_selected_knots=2144
2025-09-06 19:59:00,723 - Iter 879: obj=-869.768136, change=6.83e-02, α=1.000, ‖θ[1:]‖₁=1196.494, num_selected_knots=2144
2025-09-06 19:59:05,150 - Iter 880: obj=-870.247420, change=6.83e-02, α=1.000, ‖θ[1:]‖₁=1197.049, num_selected_knots=2144
2025-09-06 19:59:08,626 - Iter 881: obj=-870.726294, change=6.82e-02, α=1.000, ‖θ[1:]‖₁=1197.604, num_selected_knots=2144
2025-09-06 19:59:12,103 - Iter 882: obj=-871.204758, change=6.82e-02, α=1.000, ‖θ[1:]‖₁=1198.159, num_selected_knots=2144
2025-09-06 19:59:15,564 - Iter 883: obj=-871.682814, change=6.82e-02, α=1.000, ‖θ[1:]‖₁=1198.713, num_selected_knots=2143
2025-09-06 19:59:19,114 - Iter 884: obj=-872.160460, change=6.82e-02, α=1.000, ‖θ[1:]‖₁=1199.266, num_selected_knots=2142
2025-09-06 19:59:22,557 - Iter 885: obj=-872.637685, change=6.81e-02, α=1.000, ‖θ[1:]‖₁=1199.821, num_selected_knots=2141
2025-09-06 19:59:26,063 - Iter 886: obj=-873.114514, change=6.81e-02, α=1.000, ‖θ[1:]‖₁=1200.375, num_selected_knots=2141
2025-09-06 19:59:29,516 - Iter 887: obj=-873.590797, change=6.81e-02, α=1.000, ‖θ[1:]‖₁=1200.928, num_selected_knots=2141
2025-09-06 19:59:32,996 - Iter 888: obj=-874.066759, change=6.80e-02, α=1.000, ‖θ[1:]‖₁=1201.481, num_selected_knots=2141
2025-09-06 19:59:36,486 - Iter 889: obj=-874.542372, change=6.80e-02, α=1.000, ‖θ[1:]‖₁=1202.033, num_selected_knots=2141
2025-09-06 19:59:39,936 - Iter 890: obj=-875.017621, change=6.80e-02, α=1.000, ‖θ[1:]‖₁=1202.584, num_selected_knots=2141
2025-09-06 19:59:43,430 - Iter 891: obj=-875.492493, change=6.80e-02, α=1.000, ‖θ[1:]‖₁=1203.135, num_selected_knots=2141
2025-09-06 19:59:46,952 - Iter 892: obj=-875.966983, change=6.79e-02, α=1.000, ‖θ[1:]‖₁=1203.685, num_selected_knots=2141
2025-09-06 19:59:50,534 - Iter 893: obj=-876.441084, change=6.79e-02, α=1.000, ‖θ[1:]‖₁=1204.235, num_selected_knots=2141
2025-09-06 19:59:53,999 - Iter 894: obj=-876.914792, change=6.79e-02, α=1.000, ‖θ[1:]‖₁=1204.784, num_selected_knots=2140
2025-09-06 19:59:57,486 - Iter 895: obj=-877.388096, change=6.79e-02, α=1.000, ‖θ[1:]‖₁=1205.332, num_selected_knots=2140
2025-09-06 20:00:01,016 - Iter 896: obj=-877.860998, change=6.78e-02, α=1.000, ‖θ[1:]‖₁=1205.880, num_selected_knots=2140
2025-09-06 20:00:04,627 - Iter 897: obj=-878.333503, change=6.78e-02, α=1.000, ‖θ[1:]‖₁=1206.427, num_selected_knots=2140
2025-09-06 20:00:11,875 - Iter 898: obj=-878.805608, change=6.78e-02, α=1.000, ‖θ[1:]‖₁=1206.974, num_selected_knots=2140
2025-09-06 20:00:15,283 - Iter 899: obj=-879.277313, change=6.77e-02, α=1.000, ‖θ[1:]‖₁=1207.521, num_selected_knots=2139
2025-09-06 20:00:18,684 - Iter 900: obj=-879.748620, change=6.77e-02, α=1.000, ‖θ[1:]‖₁=1208.068, num_selected_knots=2139
2025-09-06 20:00:22,139 - Iter 901: obj=-880.219561, change=6.77e-02, α=1.000, ‖θ[1:]‖₁=1208.614, num_selected_knots=2139
2025-09-06 20:00:25,539 - Iter 902: obj=-880.690150, change=6.77e-02, α=1.000, ‖θ[1:]‖₁=1209.160, num_selected_knots=2139
2025-09-06 20:00:28,877 - Iter 903: obj=-881.160368, change=6.76e-02, α=1.000, ‖θ[1:]‖₁=1209.705, num_selected_knots=2139
2025-09-06 20:00:32,426 - Iter 904: obj=-881.630202, change=6.76e-02, α=1.000, ‖θ[1:]‖₁=1210.250, num_selected_knots=2138
2025-09-06 20:00:35,900 - Iter 905: obj=-882.099646, change=6.76e-02, α=1.000, ‖θ[1:]‖₁=1210.794, num_selected_knots=2139
2025-09-06 20:00:39,259 - Iter 906: obj=-882.568692, change=6.75e-02, α=1.000, ‖θ[1:]‖₁=1211.337, num_selected_knots=2140
2025-09-06 20:00:42,627 - Iter 907: obj=-883.037340, change=6.75e-02, α=1.000, ‖θ[1:]‖₁=1211.881, num_selected_knots=2139
2025-09-06 20:00:45,985 - Iter 908: obj=-883.505585, change=6.75e-02, α=1.000, ‖θ[1:]‖₁=1212.423, num_selected_knots=2140
2025-09-06 20:00:49,405 - Iter 909: obj=-883.973428, change=6.75e-02, α=1.000, ‖θ[1:]‖₁=1212.965, num_selected_knots=2140
2025-09-06 20:00:52,854 - Iter 910: obj=-884.440867, change=6.74e-02, α=1.000, ‖θ[1:]‖₁=1213.507, num_selected_knots=2140
2025-09-06 20:00:56,234 - Iter 911: obj=-884.907902, change=6.74e-02, α=1.000, ‖θ[1:]‖₁=1214.048, num_selected_knots=2139
2025-09-06 20:00:59,801 - Iter 912: obj=-885.374529, change=6.74e-02, α=1.000, ‖θ[1:]‖₁=1214.588, num_selected_knots=2139
2025-09-06 20:01:03,139 - Iter 913: obj=-885.840751, change=6.73e-02, α=1.000, ‖θ[1:]‖₁=1215.128, num_selected_knots=2139
2025-09-06 20:01:06,481 - Iter 914: obj=-886.306569, change=6.73e-02, α=1.000, ‖θ[1:]‖₁=1215.668, num_selected_knots=2139
2025-09-06 20:01:10,124 - Iter 915: obj=-886.771982, change=6.73e-02, α=1.000, ‖θ[1:]‖₁=1216.207, num_selected_knots=2139
2025-09-06 20:01:13,529 - Iter 916: obj=-887.236992, change=6.72e-02, α=1.000, ‖θ[1:]‖₁=1216.746, num_selected_knots=2138
2025-09-06 20:01:16,920 - Iter 917: obj=-887.701597, change=6.72e-02, α=1.000, ‖θ[1:]‖₁=1217.284, num_selected_knots=2136
2025-09-06 20:01:20,320 - Iter 918: obj=-888.165795, change=6.72e-02, α=1.000, ‖θ[1:]‖₁=1217.821, num_selected_knots=2136
2025-09-06 20:01:23,821 - Iter 919: obj=-888.629590, change=6.72e-02, α=1.000, ‖θ[1:]‖₁=1218.358, num_selected_knots=2135
2025-09-06 20:01:27,522 - Iter 920: obj=-889.092981, change=6.71e-02, α=1.000, ‖θ[1:]‖₁=1218.895, num_selected_knots=2135
2025-09-06 20:01:30,974 - Iter 921: obj=-889.555969, change=6.71e-02, α=1.000, ‖θ[1:]‖₁=1219.431, num_selected_knots=2135
2025-09-06 20:01:34,397 - Iter 922: obj=-890.018556, change=6.71e-02, α=1.000, ‖θ[1:]‖₁=1219.966, num_selected_knots=2135
2025-09-06 20:01:37,821 - Iter 923: obj=-890.480744, change=6.70e-02, α=1.000, ‖θ[1:]‖₁=1220.501, num_selected_knots=2135
2025-09-06 20:01:41,260 - Iter 924: obj=-890.942531, change=6.70e-02, α=1.000, ‖θ[1:]‖₁=1221.036, num_selected_knots=2134
2025-09-06 20:01:44,692 - Iter 925: obj=-891.403914, change=6.70e-02, α=1.000, ‖θ[1:]‖₁=1221.570, num_selected_knots=2134
2025-09-06 20:01:48,125 - Iter 926: obj=-891.864897, change=6.70e-02, α=1.000, ‖θ[1:]‖₁=1222.104, num_selected_knots=2134
2025-09-06 20:01:51,528 - Iter 927: obj=-892.325482, change=6.69e-02, α=1.000, ‖θ[1:]‖₁=1222.637, num_selected_knots=2134
2025-09-06 20:01:55,077 - Iter 928: obj=-892.785669, change=6.69e-02, α=1.000, ‖θ[1:]‖₁=1223.170, num_selected_knots=2134
2025-09-06 20:01:58,480 - Iter 929: obj=-893.245459, change=6.69e-02, α=1.000, ‖θ[1:]‖₁=1223.702, num_selected_knots=2133
2025-09-06 20:02:01,919 - Iter 930: obj=-893.704845, change=6.68e-02, α=1.000, ‖θ[1:]‖₁=1224.234, num_selected_knots=2132
2025-09-06 20:02:05,363 - Iter 931: obj=-894.163826, change=6.68e-02, α=1.000, ‖θ[1:]‖₁=1224.765, num_selected_knots=2132
2025-09-06 20:02:08,750 - Iter 932: obj=-894.622395, change=6.68e-02, α=1.000, ‖θ[1:]‖₁=1225.296, num_selected_knots=2132
2025-09-06 20:02:12,153 - Iter 933: obj=-895.080569, change=6.68e-02, α=1.000, ‖θ[1:]‖₁=1225.827, num_selected_knots=2132
2025-09-06 20:02:15,900 - Iter 934: obj=-895.538357, change=6.67e-02, α=1.000, ‖θ[1:]‖₁=1226.357, num_selected_knots=2132
2025-09-06 20:02:19,341 - Iter 935: obj=-895.995757, change=6.67e-02, α=1.000, ‖θ[1:]‖₁=1226.886, num_selected_knots=2131
2025-09-06 20:02:22,914 - Iter 936: obj=-896.452747, change=6.67e-02, α=1.000, ‖θ[1:]‖₁=1227.415, num_selected_knots=2131
2025-09-06 20:02:26,413 - Iter 937: obj=-896.909348, change=6.66e-02, α=1.000, ‖θ[1:]‖₁=1227.944, num_selected_knots=2131
2025-09-06 20:02:29,878 - Iter 938: obj=-897.365560, change=6.66e-02, α=1.000, ‖θ[1:]‖₁=1228.472, num_selected_knots=2130
2025-09-06 20:02:33,293 - Iter 939: obj=-897.821382, change=6.66e-02, α=1.000, ‖θ[1:]‖₁=1228.999, num_selected_knots=2131
2025-09-06 20:02:36,682 - Iter 940: obj=-898.276809, change=6.66e-02, α=1.000, ‖θ[1:]‖₁=1229.526, num_selected_knots=2131
2025-09-06 20:02:40,093 - Iter 941: obj=-898.731845, change=6.65e-02, α=1.000, ‖θ[1:]‖₁=1230.053, num_selected_knots=2131
2025-09-06 20:02:43,509 - Iter 942: obj=-899.186488, change=6.65e-02, α=1.000, ‖θ[1:]‖₁=1230.580, num_selected_knots=2131
2025-09-06 20:02:46,958 - Iter 943: obj=-899.640737, change=6.65e-02, α=1.000, ‖θ[1:]‖₁=1231.105, num_selected_knots=2131
2025-09-06 20:02:50,356 - Iter 944: obj=-900.094593, change=6.64e-02, α=1.000, ‖θ[1:]‖₁=1231.631, num_selected_knots=2131
2025-09-06 20:02:53,780 - Iter 945: obj=-900.548056, change=6.64e-02, α=1.000, ‖θ[1:]‖₁=1232.156, num_selected_knots=2130
2025-09-06 20:02:57,437 - Iter 946: obj=-901.001126, change=6.64e-02, α=1.000, ‖θ[1:]‖₁=1232.680, num_selected_knots=2131
2025-09-06 20:03:00,940 - Iter 947: obj=-901.453798, change=6.64e-02, α=1.000, ‖θ[1:]‖₁=1233.204, num_selected_knots=2131
2025-09-06 20:03:04,414 - Iter 948: obj=-901.906076, change=6.63e-02, α=1.000, ‖θ[1:]‖₁=1233.728, num_selected_knots=2130
2025-09-06 20:03:07,835 - Iter 949: obj=-902.357962, change=6.63e-02, α=1.000, ‖θ[1:]‖₁=1234.251, num_selected_knots=2130
2025-09-06 20:03:11,277 - Iter 950: obj=-902.809455, change=6.63e-02, α=1.000, ‖θ[1:]‖₁=1234.774, num_selected_knots=2130
2025-09-06 20:03:14,717 - Iter 951: obj=-903.260552, change=6.62e-02, α=1.000, ‖θ[1:]‖₁=1235.297, num_selected_knots=2130
2025-09-06 20:03:18,078 - Iter 952: obj=-903.711252, change=6.62e-02, α=1.000, ‖θ[1:]‖₁=1235.824, num_selected_knots=2128
2025-09-06 20:03:21,458 - Iter 953: obj=-904.161587, change=6.62e-02, α=1.000, ‖θ[1:]‖₁=1236.356, num_selected_knots=2127
2025-09-06 20:03:24,968 - Iter 954: obj=-904.611130, change=6.61e-02, α=1.000, ‖θ[1:]‖₁=1236.888, num_selected_knots=2127
2025-09-06 20:03:28,379 - Iter 955: obj=-905.060588, change=6.61e-02, α=1.000, ‖θ[1:]‖₁=1237.418, num_selected_knots=2127
2025-09-06 20:03:31,808 - Iter 956: obj=-905.509881, change=6.61e-02, α=1.000, ‖θ[1:]‖₁=1237.946, num_selected_knots=2127
2025-09-06 20:03:35,266 - Iter 957: obj=-905.958938, change=6.61e-02, α=1.000, ‖θ[1:]‖₁=1238.475, num_selected_knots=2127
2025-09-06 20:03:38,729 - Iter 958: obj=-906.407711, change=6.61e-02, α=1.000, ‖θ[1:]‖₁=1239.002, num_selected_knots=2127
2025-09-06 20:03:42,198 - Iter 959: obj=-906.856164, change=6.60e-02, α=1.000, ‖θ[1:]‖₁=1239.528, num_selected_knots=2127
2025-09-06 20:03:45,640 - Iter 960: obj=-907.304271, change=6.60e-02, α=1.000, ‖θ[1:]‖₁=1240.059, num_selected_knots=2128
2025-09-06 20:03:49,099 - Iter 961: obj=-907.751927, change=6.60e-02, α=1.000, ‖θ[1:]‖₁=1240.590, num_selected_knots=2128
2025-09-06 20:03:52,543 - Iter 962: obj=-908.199125, change=6.60e-02, α=1.000, ‖θ[1:]‖₁=1241.121, num_selected_knots=2127
2025-09-06 20:03:56,000 - Iter 963: obj=-908.645917, change=6.59e-02, α=1.000, ‖θ[1:]‖₁=1241.651, num_selected_knots=2127
2025-09-06 20:03:59,429 - Iter 964: obj=-909.092288, change=6.59e-02, α=1.000, ‖θ[1:]‖₁=1242.181, num_selected_knots=2127
2025-09-06 20:04:02,887 - Iter 965: obj=-909.538236, change=6.59e-02, α=1.000, ‖θ[1:]‖₁=1242.709, num_selected_knots=2127
2025-09-06 20:04:06,328 - Iter 966: obj=-909.983750, change=6.58e-02, α=1.000, ‖θ[1:]‖₁=1243.238, num_selected_knots=2127
2025-09-06 20:04:09,778 - Iter 967: obj=-910.428821, change=6.58e-02, α=1.000, ‖θ[1:]‖₁=1243.765, num_selected_knots=2127
2025-09-06 20:04:13,237 - Iter 968: obj=-910.873443, change=6.58e-02, α=1.000, ‖θ[1:]‖₁=1244.293, num_selected_knots=2127
2025-09-06 20:04:16,818 - Iter 969: obj=-911.317609, change=6.57e-02, α=1.000, ‖θ[1:]‖₁=1244.819, num_selected_knots=2127
2025-09-06 20:04:20,315 - Iter 970: obj=-911.761316, change=6.57e-02, α=1.000, ‖θ[1:]‖₁=1245.345, num_selected_knots=2127
2025-09-06 20:04:23,832 - Iter 971: obj=-912.204563, change=6.57e-02, α=1.000, ‖θ[1:]‖₁=1245.871, num_selected_knots=2126
2025-09-06 20:04:27,345 - Iter 972: obj=-912.647332, change=6.56e-02, α=1.000, ‖θ[1:]‖₁=1246.396, num_selected_knots=2126
2025-09-06 20:04:30,960 - Iter 973: obj=-913.089638, change=6.56e-02, α=1.000, ‖θ[1:]‖₁=1246.920, num_selected_knots=2126
2025-09-06 20:04:34,381 - Iter 974: obj=-913.531482, change=6.56e-02, α=1.000, ‖θ[1:]‖₁=1247.444, num_selected_knots=2126
2025-09-06 20:04:37,834 - Iter 975: obj=-913.972864, change=6.55e-02, α=1.000, ‖θ[1:]‖₁=1247.967, num_selected_knots=2125
2025-09-06 20:04:41,302 - Iter 976: obj=-914.413790, change=6.55e-02, α=1.000, ‖θ[1:]‖₁=1248.490, num_selected_knots=2126
2025-09-06 20:04:44,745 - Iter 977: obj=-914.854252, change=6.55e-02, α=1.000, ‖θ[1:]‖₁=1249.013, num_selected_knots=2126
2025-09-06 20:04:48,290 - Iter 978: obj=-915.294251, change=6.54e-02, α=1.000, ‖θ[1:]‖₁=1249.534, num_selected_knots=2126
2025-09-06 20:04:51,902 - Iter 979: obj=-915.733789, change=6.54e-02, α=1.000, ‖θ[1:]‖₁=1250.056, num_selected_knots=2126
2025-09-06 20:04:55,447 - Iter 980: obj=-916.172867, change=6.54e-02, α=1.000, ‖θ[1:]‖₁=1250.577, num_selected_knots=2126
2025-09-06 20:04:58,931 - Iter 981: obj=-916.611485, change=6.53e-02, α=1.000, ‖θ[1:]‖₁=1251.097, num_selected_knots=2126
2025-09-06 20:05:02,369 - Iter 982: obj=-917.049647, change=6.53e-02, α=1.000, ‖θ[1:]‖₁=1251.617, num_selected_knots=2126
2025-09-06 20:05:05,796 - Iter 983: obj=-917.487353, change=6.53e-02, α=1.000, ‖θ[1:]‖₁=1252.136, num_selected_knots=2126
2025-09-06 20:05:09,180 - Iter 984: obj=-917.924604, change=6.52e-02, α=1.000, ‖θ[1:]‖₁=1252.655, num_selected_knots=2126
2025-09-06 20:05:12,609 - Iter 985: obj=-918.361403, change=6.52e-02, α=1.000, ‖θ[1:]‖₁=1253.174, num_selected_knots=2126
2025-09-06 20:05:16,029 - Iter 986: obj=-918.797750, change=6.52e-02, α=1.000, ‖θ[1:]‖₁=1253.692, num_selected_knots=2126
2025-09-06 20:05:19,476 - Iter 987: obj=-919.233648, change=6.51e-02, α=1.000, ‖θ[1:]‖₁=1254.209, num_selected_knots=2126
2025-09-06 20:05:22,972 - Iter 988: obj=-919.669098, change=6.51e-02, α=1.000, ‖θ[1:]‖₁=1254.726, num_selected_knots=2126
2025-09-06 20:05:26,308 - Iter 989: obj=-920.104101, change=6.51e-02, α=1.000, ‖θ[1:]‖₁=1255.243, num_selected_knots=2126
2025-09-06 20:05:29,696 - Iter 990: obj=-920.538659, change=6.50e-02, α=1.000, ‖θ[1:]‖₁=1255.759, num_selected_knots=2126
2025-09-06 20:05:33,058 - Iter 991: obj=-920.972773, change=6.50e-02, α=1.000, ‖θ[1:]‖₁=1256.275, num_selected_knots=2126
2025-09-06 20:05:36,436 - Iter 992: obj=-921.406445, change=6.50e-02, α=1.000, ‖θ[1:]‖₁=1256.790, num_selected_knots=2126
2025-09-06 20:05:39,813 - Iter 993: obj=-921.839676, change=6.49e-02, α=1.000, ‖θ[1:]‖₁=1257.305, num_selected_knots=2126
2025-09-06 20:05:43,249 - Iter 994: obj=-922.272467, change=6.49e-02, α=1.000, ‖θ[1:]‖₁=1257.819, num_selected_knots=2126
2025-09-06 20:05:46,683 - Iter 995: obj=-922.704820, change=6.49e-02, α=1.000, ‖θ[1:]‖₁=1258.333, num_selected_knots=2126
2025-09-06 20:05:50,070 - Iter 996: obj=-923.136736, change=6.48e-02, α=1.000, ‖θ[1:]‖₁=1258.846, num_selected_knots=2125
2025-09-06 20:05:53,457 - Iter 997: obj=-923.568215, change=6.48e-02, α=1.000, ‖θ[1:]‖₁=1259.359, num_selected_knots=2125
2025-09-06 20:05:56,879 - Iter 998: obj=-923.999259, change=6.48e-02, α=1.000, ‖θ[1:]‖₁=1259.871, num_selected_knots=2125
2025-09-06 20:06:00,306 - Iter 999: obj=-924.429870, change=6.47e-02, α=1.000, ‖θ[1:]‖₁=1260.383, num_selected_knots=2124
2025-09-06 20:06:03,742 - Iter 1000: obj=-924.860048, change=6.47e-02, α=1.000, ‖θ[1:]‖₁=1260.895, num_selected_knots=2124
2025-09-06 20:06:07,147 - Iter 1001: obj=-925.289790, change=6.47e-02, α=1.000, ‖θ[1:]‖₁=1261.406, num_selected_knots=2123
2025-09-06 20:06:10,559 - Iter 1002: obj=-925.719094, change=6.46e-02, α=1.000, ‖θ[1:]‖₁=1261.916, num_selected_knots=2123
2025-09-06 20:06:13,955 - Iter 1003: obj=-926.147966, change=6.46e-02, α=1.000, ‖θ[1:]‖₁=1262.427, num_selected_knots=2123
2025-09-06 20:06:17,362 - Iter 1004: obj=-926.576415, change=6.46e-02, α=1.000, ‖θ[1:]‖₁=1262.936, num_selected_knots=2123
2025-09-06 20:06:20,789 - Iter 1005: obj=-927.004441, change=6.45e-02, α=1.000, ‖θ[1:]‖₁=1263.445, num_selected_knots=2123
2025-09-06 20:06:24,196 - Iter 1006: obj=-927.432043, change=6.45e-02, α=1.000, ‖θ[1:]‖₁=1263.954, num_selected_knots=2123
2025-09-06 20:06:27,680 - Iter 1007: obj=-927.859222, change=6.45e-02, α=1.000, ‖θ[1:]‖₁=1264.463, num_selected_knots=2123
2025-09-06 20:06:31,191 - Iter 1008: obj=-928.285979, change=6.44e-02, α=1.000, ‖θ[1:]‖₁=1264.971, num_selected_knots=2123
2025-09-06 20:06:34,547 - Iter 1009: obj=-928.712315, change=6.44e-02, α=1.000, ‖θ[1:]‖₁=1265.478, num_selected_knots=2123
2025-09-06 20:06:37,923 - Iter 1010: obj=-929.138231, change=6.44e-02, α=1.000, ‖θ[1:]‖₁=1265.985, num_selected_knots=2123
2025-09-06 20:06:41,369 - Iter 1011: obj=-929.563725, change=6.43e-02, α=1.000, ‖θ[1:]‖₁=1266.492, num_selected_knots=2123
2025-09-06 20:06:44,792 - Iter 1012: obj=-929.988801, change=6.43e-02, α=1.000, ‖θ[1:]‖₁=1266.998, num_selected_knots=2123
2025-09-06 20:06:48,171 - Iter 1013: obj=-930.413458, change=6.43e-02, α=1.000, ‖θ[1:]‖₁=1267.504, num_selected_knots=2123
2025-09-06 20:06:51,599 - Iter 1014: obj=-930.837696, change=6.42e-02, α=1.000, ‖θ[1:]‖₁=1268.009, num_selected_knots=2123
2025-09-06 20:06:55,006 - Iter 1015: obj=-931.261517, change=6.42e-02, α=1.000, ‖θ[1:]‖₁=1268.514, num_selected_knots=2123
2025-09-06 20:06:58,498 - Iter 1016: obj=-931.684921, change=6.42e-02, α=1.000, ‖θ[1:]‖₁=1269.019, num_selected_knots=2122
2025-09-06 20:07:01,910 - Iter 1017: obj=-932.107900, change=6.41e-02, α=1.000, ‖θ[1:]‖₁=1269.523, num_selected_knots=2122
2025-09-06 20:07:05,331 - Iter 1018: obj=-932.530462, change=6.41e-02, α=1.000, ‖θ[1:]‖₁=1270.027, num_selected_knots=2122
2025-09-06 20:07:08,703 - Iter 1019: obj=-932.952611, change=6.41e-02, α=1.000, ‖θ[1:]‖₁=1270.530, num_selected_knots=2122
2025-09-06 20:07:12,115 - Iter 1020: obj=-933.374347, change=6.41e-02, α=1.000, ‖θ[1:]‖₁=1271.033, num_selected_knots=2122
2025-09-06 20:07:15,534 - Iter 1021: obj=-933.795671, change=6.40e-02, α=1.000, ‖θ[1:]‖₁=1271.535, num_selected_knots=2122
2025-09-06 20:07:18,916 - Iter 1022: obj=-934.216582, change=6.40e-02, α=1.000, ‖θ[1:]‖₁=1272.037, num_selected_knots=2122
2025-09-06 20:07:22,273 - Iter 1023: obj=-934.637081, change=6.40e-02, α=1.000, ‖θ[1:]‖₁=1272.539, num_selected_knots=2122
2025-09-06 20:07:25,665 - Iter 1024: obj=-935.057169, change=6.39e-02, α=1.000, ‖θ[1:]‖₁=1273.040, num_selected_knots=2122
2025-09-06 20:07:29,099 - Iter 1025: obj=-935.476845, change=6.39e-02, α=1.000, ‖θ[1:]‖₁=1273.541, num_selected_knots=2121
2025-09-06 20:07:32,510 - Iter 1026: obj=-935.896113, change=6.39e-02, α=1.000, ‖θ[1:]‖₁=1274.041, num_selected_knots=2122
2025-09-06 20:07:35,871 - Iter 1027: obj=-936.314964, change=6.38e-02, α=1.000, ‖θ[1:]‖₁=1274.541, num_selected_knots=2123
2025-09-06 20:07:39,228 - Iter 1028: obj=-936.733405, change=6.38e-02, α=1.000, ‖θ[1:]‖₁=1275.041, num_selected_knots=2122
2025-09-06 20:07:42,573 - Iter 1029: obj=-937.151433, change=6.38e-02, α=1.000, ‖θ[1:]‖₁=1275.540, num_selected_knots=2122
2025-09-06 20:07:46,019 - Iter 1030: obj=-937.569050, change=6.37e-02, α=1.000, ‖θ[1:]‖₁=1276.039, num_selected_knots=2122
2025-09-06 20:07:49,411 - Iter 1031: obj=-937.986255, change=6.37e-02, α=1.000, ‖θ[1:]‖₁=1276.538, num_selected_knots=2122
2025-09-06 20:07:52,866 - Iter 1032: obj=-938.403050, change=6.37e-02, α=1.000, ‖θ[1:]‖₁=1277.036, num_selected_knots=2122
2025-09-06 20:07:56,373 - Iter 1033: obj=-938.819436, change=6.36e-02, α=1.000, ‖θ[1:]‖₁=1277.533, num_selected_knots=2121
2025-09-06 20:07:59,770 - Iter 1034: obj=-939.235411, change=6.36e-02, α=1.000, ‖θ[1:]‖₁=1278.031, num_selected_knots=2121
2025-09-06 20:08:03,182 - Iter 1035: obj=-939.650977, change=6.36e-02, α=1.000, ‖θ[1:]‖₁=1278.528, num_selected_knots=2121
2025-09-06 20:08:06,601 - Iter 1036: obj=-940.066137, change=6.35e-02, α=1.000, ‖θ[1:]‖₁=1279.024, num_selected_knots=2121
2025-09-06 20:08:09,942 - Iter 1037: obj=-940.480890, change=6.35e-02, α=1.000, ‖θ[1:]‖₁=1279.520, num_selected_knots=2120
2025-09-06 20:08:13,329 - Iter 1038: obj=-940.895237, change=6.35e-02, α=1.000, ‖θ[1:]‖₁=1280.016, num_selected_knots=2119
2025-09-06 20:08:16,712 - Iter 1039: obj=-941.309174, change=6.35e-02, α=1.000, ‖θ[1:]‖₁=1280.512, num_selected_knots=2118
2025-09-06 20:08:20,092 - Iter 1040: obj=-941.722706, change=6.34e-02, α=1.000, ‖θ[1:]‖₁=1281.007, num_selected_knots=2118
2025-09-06 20:08:23,562 - Iter 1041: obj=-942.135785, change=6.34e-02, α=1.000, ‖θ[1:]‖₁=1281.502, num_selected_knots=2118
2025-09-06 20:08:27,052 - Iter 1042: obj=-942.548489, change=6.34e-02, α=1.000, ‖θ[1:]‖₁=1281.997, num_selected_knots=2117
2025-09-06 20:08:30,430 - Iter 1043: obj=-942.960797, change=6.33e-02, α=1.000, ‖θ[1:]‖₁=1282.491, num_selected_knots=2117
2025-09-06 20:08:33,745 - Iter 1044: obj=-943.372715, change=6.33e-02, α=1.000, ‖θ[1:]‖₁=1282.985, num_selected_knots=2117
2025-09-06 20:08:37,129 - Iter 1045: obj=-943.784242, change=6.33e-02, α=1.000, ‖θ[1:]‖₁=1283.478, num_selected_knots=2117
2025-09-06 20:08:40,595 - Iter 1046: obj=-944.195374, change=6.32e-02, α=1.000, ‖θ[1:]‖₁=1283.971, num_selected_knots=2117
2025-09-06 20:08:43,998 - Iter 1047: obj=-944.606110, change=6.32e-02, α=1.000, ‖θ[1:]‖₁=1284.463, num_selected_knots=2117
2025-09-06 20:08:47,398 - Iter 1048: obj=-945.016447, change=6.32e-02, α=1.000, ‖θ[1:]‖₁=1284.955, num_selected_knots=2116
2025-09-06 20:08:50,745 - Iter 1049: obj=-945.426379, change=6.31e-02, α=1.000, ‖θ[1:]‖₁=1285.447, num_selected_knots=2116
2025-09-06 20:08:54,089 - Iter 1050: obj=-945.835905, change=6.31e-02, α=1.000, ‖θ[1:]‖₁=1285.938, num_selected_knots=2116
2025-09-06 20:08:57,565 - Iter 1051: obj=-946.245032, change=6.31e-02, α=1.000, ‖θ[1:]‖₁=1286.429, num_selected_knots=2116
2025-09-06 20:09:03,139 - Iter 1052: obj=-946.653758, change=6.31e-02, α=1.000, ‖θ[1:]‖₁=1286.919, num_selected_knots=2116
2025-09-06 20:09:06,592 - Iter 1053: obj=-947.062083, change=6.30e-02, α=1.000, ‖θ[1:]‖₁=1287.409, num_selected_knots=2116
2025-09-06 20:09:09,891 - Iter 1054: obj=-947.470007, change=6.30e-02, α=1.000, ‖θ[1:]‖₁=1287.899, num_selected_knots=2116
2025-09-06 20:09:13,224 - Iter 1055: obj=-947.877529, change=6.30e-02, α=1.000, ‖θ[1:]‖₁=1288.388, num_selected_knots=2116
2025-09-06 20:09:16,650 - Iter 1056: obj=-948.284650, change=6.29e-02, α=1.000, ‖θ[1:]‖₁=1288.877, num_selected_knots=2116
2025-09-06 20:09:19,973 - Iter 1057: obj=-948.691368, change=6.29e-02, α=1.000, ‖θ[1:]‖₁=1289.366, num_selected_knots=2116
2025-09-06 20:09:23,283 - Iter 1058: obj=-949.097684, change=6.29e-02, α=1.000, ‖θ[1:]‖₁=1289.854, num_selected_knots=2116
2025-09-06 20:09:26,712 - Iter 1059: obj=-949.503598, change=6.28e-02, α=1.000, ‖θ[1:]‖₁=1290.341, num_selected_knots=2116
2025-09-06 20:09:30,104 - Iter 1060: obj=-949.909110, change=6.28e-02, α=1.000, ‖θ[1:]‖₁=1290.829, num_selected_knots=2116
2025-09-06 20:09:33,376 - Iter 1061: obj=-950.314220, change=6.28e-02, α=1.000, ‖θ[1:]‖₁=1291.316, num_selected_knots=2116
2025-09-06 20:09:36,696 - Iter 1062: obj=-950.718928, change=6.27e-02, α=1.000, ‖θ[1:]‖₁=1291.802, num_selected_knots=2116
2025-09-06 20:09:40,001 - Iter 1063: obj=-951.123235, change=6.27e-02, α=1.000, ‖θ[1:]‖₁=1292.289, num_selected_knots=2116
2025-09-06 20:09:43,308 - Iter 1064: obj=-951.527140, change=6.27e-02, α=1.000, ‖θ[1:]‖₁=1292.774, num_selected_knots=2116
2025-09-06 20:09:46,662 - Iter 1065: obj=-951.930644, change=6.26e-02, α=1.000, ‖θ[1:]‖₁=1293.260, num_selected_knots=2116
2025-09-06 20:09:50,201 - Iter 1066: obj=-952.333747, change=6.26e-02, α=1.000, ‖θ[1:]‖₁=1293.745, num_selected_knots=2116
2025-09-06 20:09:53,610 - Iter 1067: obj=-952.736449, change=6.26e-02, α=1.000, ‖θ[1:]‖₁=1294.230, num_selected_knots=2116
2025-09-06 20:09:57,033 - Iter 1068: obj=-953.138751, change=6.25e-02, α=1.000, ‖θ[1:]‖₁=1294.714, num_selected_knots=2116
2025-09-06 20:10:00,431 - Iter 1069: obj=-953.540652, change=6.25e-02, α=1.000, ‖θ[1:]‖₁=1295.198, num_selected_knots=2116
2025-09-06 20:10:03,856 - Iter 1070: obj=-953.942153, change=6.25e-02, α=1.000, ‖θ[1:]‖₁=1295.681, num_selected_knots=2116
2025-09-06 20:10:07,279 - Iter 1071: obj=-954.343254, change=6.25e-02, α=1.000, ‖θ[1:]‖₁=1296.164, num_selected_knots=2116
2025-09-06 20:10:10,703 - Iter 1072: obj=-954.743955, change=6.24e-02, α=1.000, ‖θ[1:]‖₁=1296.647, num_selected_knots=2114
2025-09-06 20:10:14,088 - Iter 1073: obj=-955.144245, change=6.24e-02, α=1.000, ‖θ[1:]‖₁=1297.130, num_selected_knots=2114
2025-09-06 20:10:17,445 - Iter 1074: obj=-955.544125, change=6.24e-02, α=1.000, ‖θ[1:]‖₁=1297.611, num_selected_knots=2114
2025-09-06 20:10:20,841 - Iter 1075: obj=-955.943611, change=6.23e-02, α=1.000, ‖θ[1:]‖₁=1298.093, num_selected_knots=2114
2025-09-06 20:10:24,226 - Iter 1076: obj=-956.342703, change=6.23e-02, α=1.000, ‖θ[1:]‖₁=1298.574, num_selected_knots=2114
2025-09-06 20:10:27,651 - Iter 1077: obj=-956.741399, change=6.23e-02, α=1.000, ‖θ[1:]‖₁=1299.055, num_selected_knots=2114
2025-09-06 20:10:31,053 - Iter 1078: obj=-957.139699, change=6.22e-02, α=1.000, ‖θ[1:]‖₁=1299.535, num_selected_knots=2114
2025-09-06 20:10:34,452 - Iter 1079: obj=-957.537604, change=6.22e-02, α=1.000, ‖θ[1:]‖₁=1300.016, num_selected_knots=2114
2025-09-06 20:10:37,953 - Iter 1080: obj=-957.935113, change=6.22e-02, α=1.000, ‖θ[1:]‖₁=1300.495, num_selected_knots=2114
2025-09-06 20:10:41,484 - Iter 1081: obj=-958.332226, change=6.21e-02, α=1.000, ‖θ[1:]‖₁=1300.975, num_selected_knots=2114
2025-09-06 20:10:44,892 - Iter 1082: obj=-958.728944, change=6.21e-02, α=1.000, ‖θ[1:]‖₁=1301.454, num_selected_knots=2114
2025-09-06 20:10:48,289 - Iter 1083: obj=-959.125266, change=6.21e-02, α=1.000, ‖θ[1:]‖₁=1301.932, num_selected_knots=2114
2025-09-06 20:10:51,701 - Iter 1084: obj=-959.521192, change=6.20e-02, α=1.000, ‖θ[1:]‖₁=1302.411, num_selected_knots=2114
2025-09-06 20:10:55,056 - Iter 1085: obj=-959.916723, change=6.20e-02, α=1.000, ‖θ[1:]‖₁=1302.888, num_selected_knots=2114
2025-09-06 20:10:58,592 - Iter 1086: obj=-960.311859, change=6.20e-02, α=1.000, ‖θ[1:]‖₁=1303.366, num_selected_knots=2114
2025-09-06 20:11:01,988 - Iter 1087: obj=-960.706599, change=6.20e-02, α=1.000, ‖θ[1:]‖₁=1303.843, num_selected_knots=2114
2025-09-06 20:11:05,355 - Iter 1088: obj=-961.100945, change=6.19e-02, α=1.000, ‖θ[1:]‖₁=1304.320, num_selected_knots=2114
2025-09-06 20:11:08,784 - Iter 1089: obj=-961.494895, change=6.19e-02, α=1.000, ‖θ[1:]‖₁=1304.796, num_selected_knots=2112
2025-09-06 20:11:12,185 - Iter 1090: obj=-961.888451, change=6.19e-02, α=1.000, ‖θ[1:]‖₁=1305.272, num_selected_knots=2112
2025-09-06 20:11:15,578 - Iter 1091: obj=-962.281612, change=6.18e-02, α=1.000, ‖θ[1:]‖₁=1305.748, num_selected_knots=2112
2025-09-06 20:11:18,986 - Iter 1092: obj=-962.674377, change=6.18e-02, α=1.000, ‖θ[1:]‖₁=1306.224, num_selected_knots=2112
2025-09-06 20:11:22,393 - Iter 1093: obj=-963.066748, change=6.18e-02, α=1.000, ‖θ[1:]‖₁=1306.699, num_selected_knots=2112
2025-09-06 20:11:25,795 - Iter 1094: obj=-963.458725, change=6.17e-02, α=1.000, ‖θ[1:]‖₁=1307.173, num_selected_knots=2111
2025-09-06 20:11:29,191 - Iter 1095: obj=-963.850307, change=6.17e-02, α=1.000, ‖θ[1:]‖₁=1307.647, num_selected_knots=2111
2025-09-06 20:11:32,533 - Iter 1096: obj=-964.241495, change=6.17e-02, α=1.000, ‖θ[1:]‖₁=1308.121, num_selected_knots=2110
2025-09-06 20:11:35,918 - Iter 1097: obj=-964.632280, change=6.16e-02, α=1.000, ‖θ[1:]‖₁=1308.595, num_selected_knots=2110
2025-09-06 20:11:39,265 - Iter 1098: obj=-965.022672, change=6.16e-02, α=1.000, ‖θ[1:]‖₁=1309.068, num_selected_knots=2110
2025-09-06 20:11:42,733 - Iter 1099: obj=-965.412671, change=6.16e-02, α=1.000, ‖θ[1:]‖₁=1309.541, num_selected_knots=2110
2025-09-06 20:11:46,191 - Iter 1100: obj=-965.802279, change=6.15e-02, α=1.000, ‖θ[1:]‖₁=1310.013, num_selected_knots=2110
2025-09-06 20:11:49,631 - Iter 1101: obj=-966.191495, change=6.15e-02, α=1.000, ‖θ[1:]‖₁=1310.485, num_selected_knots=2110
2025-09-06 20:11:53,031 - Iter 1102: obj=-966.580319, change=6.15e-02, α=1.000, ‖θ[1:]‖₁=1310.957, num_selected_knots=2110
2025-09-06 20:11:56,434 - Iter 1103: obj=-966.968752, change=6.15e-02, α=1.000, ‖θ[1:]‖₁=1311.429, num_selected_knots=2110
2025-09-06 20:11:59,811 - Iter 1104: obj=-967.356792, change=6.14e-02, α=1.000, ‖θ[1:]‖₁=1311.900, num_selected_knots=2110
2025-09-06 20:12:03,227 - Iter 1105: obj=-967.744441, change=6.14e-02, α=1.000, ‖θ[1:]‖₁=1312.370, num_selected_knots=2108
2025-09-06 20:12:06,652 - Iter 1106: obj=-968.131694, change=6.14e-02, α=1.000, ‖θ[1:]‖₁=1312.841, num_selected_knots=2109
2025-09-06 20:12:10,038 - Iter 1107: obj=-968.518542, change=6.13e-02, α=1.000, ‖θ[1:]‖₁=1313.311, num_selected_knots=2109
2025-09-06 20:12:13,395 - Iter 1108: obj=-968.905000, change=6.13e-02, α=1.000, ‖θ[1:]‖₁=1313.781, num_selected_knots=2109
2025-09-06 20:12:16,829 - Iter 1109: obj=-969.291067, change=6.13e-02, α=1.000, ‖θ[1:]‖₁=1314.250, num_selected_knots=2109
2025-09-06 20:12:20,235 - Iter 1110: obj=-969.676744, change=6.12e-02, α=1.000, ‖θ[1:]‖₁=1314.719, num_selected_knots=2109
2025-09-06 20:12:23,640 - Iter 1111: obj=-970.062031, change=6.12e-02, α=1.000, ‖θ[1:]‖₁=1315.188, num_selected_knots=2109
2025-09-06 20:12:27,057 - Iter 1112: obj=-970.446927, change=6.12e-02, α=1.000, ‖θ[1:]‖₁=1315.656, num_selected_knots=2109
2025-09-06 20:12:30,497 - Iter 1113: obj=-970.831433, change=6.11e-02, α=1.000, ‖θ[1:]‖₁=1316.124, num_selected_knots=2109
2025-09-06 20:12:33,931 - Iter 1114: obj=-971.215549, change=6.11e-02, α=1.000, ‖θ[1:]‖₁=1316.592, num_selected_knots=2109
2025-09-06 20:12:37,310 - Iter 1115: obj=-971.599274, change=6.11e-02, α=1.000, ‖θ[1:]‖₁=1317.059, num_selected_knots=2109
2025-09-06 20:12:40,641 - Iter 1116: obj=-971.982610, change=6.10e-02, α=1.000, ‖θ[1:]‖₁=1317.526, num_selected_knots=2109
2025-09-06 20:12:44,031 - Iter 1117: obj=-972.365556, change=6.10e-02, α=1.000, ‖θ[1:]‖₁=1317.993, num_selected_knots=2109
2025-09-06 20:12:47,446 - Iter 1118: obj=-972.748112, change=6.10e-02, α=1.000, ‖θ[1:]‖₁=1318.459, num_selected_knots=2109
2025-09-06 20:12:50,821 - Iter 1119: obj=-973.130279, change=6.10e-02, α=1.000, ‖θ[1:]‖₁=1318.925, num_selected_knots=2109
2025-09-06 20:12:54,194 - Iter 1120: obj=-973.512056, change=6.09e-02, α=1.000, ‖θ[1:]‖₁=1319.391, num_selected_knots=2108
2025-09-06 20:12:57,773 - Iter 1121: obj=-973.893445, change=6.09e-02, α=1.000, ‖θ[1:]‖₁=1319.856, num_selected_knots=2109
2025-09-06 20:13:01,174 - Iter 1122: obj=-974.274443, change=6.09e-02, α=1.000, ‖θ[1:]‖₁=1320.321, num_selected_knots=2109
2025-09-06 20:13:04,547 - Iter 1123: obj=-974.655051, change=6.08e-02, α=1.000, ‖θ[1:]‖₁=1320.786, num_selected_knots=2108
2025-09-06 20:13:07,908 - Iter 1124: obj=-975.035265, change=6.08e-02, α=1.000, ‖θ[1:]‖₁=1321.251, num_selected_knots=2108
2025-09-06 20:13:11,320 - Iter 1125: obj=-975.415090, change=6.08e-02, α=1.000, ‖θ[1:]‖₁=1321.715, num_selected_knots=2108
2025-09-06 20:13:14,736 - Iter 1126: obj=-975.794526, change=6.07e-02, α=1.000, ‖θ[1:]‖₁=1322.178, num_selected_knots=2107
2025-09-06 20:13:18,091 - Iter 1127: obj=-976.173572, change=6.07e-02, α=1.000, ‖θ[1:]‖₁=1322.641, num_selected_knots=2107
2025-09-06 20:13:21,497 - Iter 1128: obj=-976.552226, change=6.07e-02, α=1.000, ‖θ[1:]‖₁=1323.104, num_selected_knots=2106
2025-09-06 20:13:24,843 - Iter 1129: obj=-976.930495, change=6.06e-02, α=1.000, ‖θ[1:]‖₁=1323.567, num_selected_knots=2107
2025-09-06 20:13:28,244 - Iter 1130: obj=-977.308374, change=6.06e-02, α=1.000, ‖θ[1:]‖₁=1324.029, num_selected_knots=2107
2025-09-06 20:13:31,607 - Iter 1131: obj=-977.685865, change=6.06e-02, α=1.000, ‖θ[1:]‖₁=1324.491, num_selected_knots=2107
2025-09-06 20:13:35,157 - Iter 1132: obj=-978.062968, change=6.05e-02, α=1.000, ‖θ[1:]‖₁=1324.953, num_selected_knots=2106
2025-09-06 20:13:38,767 - Iter 1133: obj=-978.439681, change=6.05e-02, α=1.000, ‖θ[1:]‖₁=1325.414, num_selected_knots=2106
2025-09-06 20:13:42,229 - Iter 1134: obj=-978.816006, change=6.05e-02, α=1.000, ‖θ[1:]‖₁=1325.875, num_selected_knots=2106
2025-09-06 20:13:45,643 - Iter 1135: obj=-979.191945, change=6.04e-02, α=1.000, ‖θ[1:]‖₁=1326.336, num_selected_knots=2106
2025-09-06 20:13:49,097 - Iter 1136: obj=-979.567498, change=6.04e-02, α=1.000, ‖θ[1:]‖₁=1326.796, num_selected_knots=2106
2025-09-06 20:13:52,536 - Iter 1137: obj=-979.942665, change=6.04e-02, α=1.000, ‖θ[1:]‖₁=1327.256, num_selected_knots=2106
2025-09-06 20:13:55,923 - Iter 1138: obj=-980.317446, change=6.04e-02, α=1.000, ‖θ[1:]‖₁=1327.716, num_selected_knots=2106
2025-09-06 20:13:59,346 - Iter 1139: obj=-980.691841, change=6.03e-02, α=1.000, ‖θ[1:]‖₁=1328.175, num_selected_knots=2106
2025-09-06 20:14:02,824 - Iter 1140: obj=-981.065850, change=6.03e-02, α=1.000, ‖θ[1:]‖₁=1328.634, num_selected_knots=2105
2025-09-06 20:14:06,243 - Iter 1141: obj=-981.439473, change=6.03e-02, α=1.000, ‖θ[1:]‖₁=1329.093, num_selected_knots=2105
2025-09-06 20:14:09,680 - Iter 1142: obj=-981.812710, change=6.02e-02, α=1.000, ‖θ[1:]‖₁=1329.551, num_selected_knots=2104
2025-09-06 20:14:13,106 - Iter 1143: obj=-982.185552, change=6.02e-02, α=1.000, ‖θ[1:]‖₁=1330.009, num_selected_knots=2104
2025-09-06 20:14:16,551 - Iter 1144: obj=-982.558010, change=6.02e-02, α=1.000, ‖θ[1:]‖₁=1330.466, num_selected_knots=2104
2025-09-06 20:14:19,992 - Iter 1145: obj=-982.930086, change=6.01e-02, α=1.000, ‖θ[1:]‖₁=1330.923, num_selected_knots=2104
2025-09-06 20:14:23,402 - Iter 1146: obj=-983.301779, change=6.01e-02, α=1.000, ‖θ[1:]‖₁=1331.380, num_selected_knots=2104
2025-09-06 20:14:26,744 - Iter 1147: obj=-983.673089, change=6.01e-02, α=1.000, ‖θ[1:]‖₁=1331.837, num_selected_knots=2103
2025-09-06 20:14:30,180 - Iter 1148: obj=-984.044013, change=6.00e-02, α=1.000, ‖θ[1:]‖₁=1332.293, num_selected_knots=2103
2025-09-06 20:14:33,757 - Iter 1149: obj=-984.414546, change=6.00e-02, α=1.000, ‖θ[1:]‖₁=1332.749, num_selected_knots=2103
2025-09-06 20:14:37,224 - Iter 1150: obj=-984.784698, change=6.00e-02, α=1.000, ‖θ[1:]‖₁=1333.204, num_selected_knots=2103
2025-09-06 20:14:40,651 - Iter 1151: obj=-985.154470, change=5.99e-02, α=1.000, ‖θ[1:]‖₁=1333.659, num_selected_knots=2103
2025-09-06 20:14:44,083 - Iter 1152: obj=-985.523860, change=5.99e-02, α=1.000, ‖θ[1:]‖₁=1334.114, num_selected_knots=2103
2025-09-06 20:14:47,515 - Iter 1153: obj=-985.892870, change=5.99e-02, α=1.000, ‖θ[1:]‖₁=1334.568, num_selected_knots=2103
2025-09-06 20:14:51,109 - Iter 1154: obj=-986.261498, change=5.99e-02, α=1.000, ‖θ[1:]‖₁=1335.023, num_selected_knots=2102
2025-09-06 20:14:54,494 - Iter 1155: obj=-986.629745, change=5.98e-02, α=1.000, ‖θ[1:]‖₁=1335.477, num_selected_knots=2102
2025-09-06 20:14:58,158 - Iter 1156: obj=-986.997611, change=5.98e-02, α=1.000, ‖θ[1:]‖₁=1335.931, num_selected_knots=2102
2025-09-06 20:15:01,629 - Iter 1157: obj=-987.365035, change=5.98e-02, α=1.000, ‖θ[1:]‖₁=1336.384, num_selected_knots=2102
2025-09-06 20:15:05,050 - Iter 1158: obj=-987.732095, change=5.97e-02, α=1.000, ‖θ[1:]‖₁=1336.838, num_selected_knots=2102
2025-09-06 20:15:08,479 - Iter 1159: obj=-988.098786, change=5.97e-02, α=1.000, ‖θ[1:]‖₁=1337.290, num_selected_knots=2102
2025-09-06 20:15:11,895 - Iter 1160: obj=-988.465104, change=5.97e-02, α=1.000, ‖θ[1:]‖₁=1337.743, num_selected_knots=2102
2025-09-06 20:15:15,280 - Iter 1161: obj=-988.831049, change=5.96e-02, α=1.000, ‖θ[1:]‖₁=1338.195, num_selected_knots=2102
2025-09-06 20:15:18,727 - Iter 1162: obj=-989.196618, change=5.96e-02, α=1.000, ‖θ[1:]‖₁=1338.647, num_selected_knots=2102
2025-09-06 20:15:22,186 - Iter 1163: obj=-989.561811, change=5.96e-02, α=1.000, ‖θ[1:]‖₁=1339.098, num_selected_knots=2102
2025-09-06 20:15:25,546 - Iter 1164: obj=-989.926625, change=5.95e-02, α=1.000, ‖θ[1:]‖₁=1339.549, num_selected_knots=2102
2025-09-06 20:15:28,973 - Iter 1165: obj=-990.291061, change=5.95e-02, α=1.000, ‖θ[1:]‖₁=1340.000, num_selected_knots=2102
2025-09-06 20:15:32,404 - Iter 1166: obj=-990.655118, change=5.95e-02, α=1.000, ‖θ[1:]‖₁=1340.450, num_selected_knots=2102
2025-09-06 20:15:35,792 - Iter 1167: obj=-991.018796, change=5.94e-02, α=1.000, ‖θ[1:]‖₁=1340.901, num_selected_knots=2101
2025-09-06 20:15:39,215 - Iter 1168: obj=-991.382097, change=5.94e-02, α=1.000, ‖θ[1:]‖₁=1341.352, num_selected_knots=2101
2025-09-06 20:15:42,918 - Iter 1169: obj=-991.744978, change=5.94e-02, α=1.000, ‖θ[1:]‖₁=1341.803, num_selected_knots=2101
2025-09-06 20:15:46,483 - Iter 1170: obj=-992.107524, change=5.94e-02, α=1.000, ‖θ[1:]‖₁=1342.253, num_selected_knots=2101
2025-09-06 20:15:49,910 - Iter 1171: obj=-992.469720, change=5.93e-02, α=1.000, ‖θ[1:]‖₁=1342.702, num_selected_knots=2101
2025-09-06 20:15:53,274 - Iter 1172: obj=-992.831558, change=5.93e-02, α=1.000, ‖θ[1:]‖₁=1343.152, num_selected_knots=2101
2025-09-06 20:15:56,662 - Iter 1173: obj=-993.193031, change=5.93e-02, α=1.000, ‖θ[1:]‖₁=1343.600, num_selected_knots=2100
2025-09-06 20:16:00,120 - Iter 1174: obj=-993.554135, change=5.92e-02, α=1.000, ‖θ[1:]‖₁=1344.049, num_selected_knots=2099
2025-09-06 20:16:03,693 - Iter 1175: obj=-993.914865, change=5.92e-02, α=1.000, ‖θ[1:]‖₁=1344.500, num_selected_knots=2099
2025-09-06 20:16:07,177 - Iter 1176: obj=-994.275197, change=5.92e-02, α=1.000, ‖θ[1:]‖₁=1344.950, num_selected_knots=2099
2025-09-06 20:16:10,619 - Iter 1177: obj=-994.635006, change=5.91e-02, α=1.000, ‖θ[1:]‖₁=1345.399, num_selected_knots=2099
2025-09-06 20:16:14,115 - Iter 1178: obj=-994.994502, change=5.91e-02, α=1.000, ‖θ[1:]‖₁=1345.847, num_selected_knots=2098
2025-09-06 20:16:17,646 - Iter 1179: obj=-995.353661, change=5.91e-02, α=1.000, ‖θ[1:]‖₁=1346.295, num_selected_knots=2098
2025-09-06 20:16:21,166 - Iter 1180: obj=-995.712474, change=5.91e-02, α=1.000, ‖θ[1:]‖₁=1346.742, num_selected_knots=2097
2025-09-06 20:16:24,856 - Iter 1181: obj=-996.070926, change=5.90e-02, α=1.000, ‖θ[1:]‖₁=1347.189, num_selected_knots=2097
2025-09-06 20:16:28,369 - Iter 1182: obj=-996.429016, change=5.90e-02, α=1.000, ‖θ[1:]‖₁=1347.636, num_selected_knots=2097
2025-09-06 20:16:31,902 - Iter 1183: obj=-996.786738, change=5.90e-02, α=1.000, ‖θ[1:]‖₁=1348.082, num_selected_knots=2096
2025-09-06 20:16:35,441 - Iter 1184: obj=-997.144087, change=5.89e-02, α=1.000, ‖θ[1:]‖₁=1348.545, num_selected_knots=2100
2025-09-06 20:16:38,987 - Iter 1185: obj=-997.501048, change=5.89e-02, α=1.000, ‖θ[1:]‖₁=1349.006, num_selected_knots=2100
2025-09-06 20:16:42,430 - Iter 1186: obj=-997.857920, change=5.89e-02, α=1.000, ‖θ[1:]‖₁=1349.465, num_selected_knots=2099
2025-09-06 20:16:45,950 - Iter 1187: obj=-998.214616, change=5.89e-02, α=1.000, ‖θ[1:]‖₁=1349.926, num_selected_knots=2098
2025-09-06 20:16:49,455 - Iter 1188: obj=-998.571054, change=5.88e-02, α=1.000, ‖θ[1:]‖₁=1350.400, num_selected_knots=2099
2025-09-06 20:16:52,973 - Iter 1189: obj=-998.927025, change=5.88e-02, α=1.000, ‖θ[1:]‖₁=1350.872, num_selected_knots=2099
2025-09-06 20:16:56,452 - Iter 1190: obj=-999.282954, change=5.88e-02, α=1.000, ‖θ[1:]‖₁=1351.343, num_selected_knots=2099
2025-09-06 20:17:00,307 - Iter 1191: obj=-999.638742, change=5.88e-02, α=1.000, ‖θ[1:]‖₁=1351.813, num_selected_knots=2098
2025-09-06 20:17:03,947 - Iter 1192: obj=-999.994318, change=5.88e-02, α=1.000, ‖θ[1:]‖₁=1352.282, num_selected_knots=2096
2025-09-06 20:17:07,395 - Iter 1193: obj=-1000.349622, change=5.88e-02, α=1.000, ‖θ[1:]‖₁=1352.750, num_selected_knots=2097
2025-09-06 20:17:10,832 - Iter 1194: obj=-1000.704602, change=5.87e-02, α=1.000, ‖θ[1:]‖₁=1353.217, num_selected_knots=2097
2025-09-06 20:17:14,301 - Iter 1195: obj=-1001.059233, change=5.87e-02, α=1.000, ‖θ[1:]‖₁=1353.684, num_selected_knots=2097
2025-09-06 20:17:17,707 - Iter 1196: obj=-1001.413486, change=5.87e-02, α=1.000, ‖θ[1:]‖₁=1354.150, num_selected_knots=2096
2025-09-06 20:17:21,143 - Iter 1197: obj=-1001.767340, change=5.86e-02, α=1.000, ‖θ[1:]‖₁=1354.616, num_selected_knots=2096
2025-09-06 20:17:24,521 - Iter 1198: obj=-1002.120771, change=5.86e-02, α=1.000, ‖θ[1:]‖₁=1355.081, num_selected_knots=2096
2025-09-06 20:17:27,971 - Iter 1199: obj=-1002.473773, change=5.86e-02, α=1.000, ‖θ[1:]‖₁=1355.548, num_selected_knots=2095
2025-09-06 20:17:31,427 - Iter 1200: obj=-1002.826378, change=5.85e-02, α=1.000, ‖θ[1:]‖₁=1356.014, num_selected_knots=2095
2025-09-06 20:17:34,909 - Iter 1201: obj=-1003.178457, change=5.85e-02, α=1.000, ‖θ[1:]‖₁=1356.479, num_selected_knots=2095
2025-09-06 20:17:38,341 - Iter 1202: obj=-1003.530151, change=5.84e-02, α=1.000, ‖θ[1:]‖₁=1356.943, num_selected_knots=2095
2025-09-06 20:17:41,760 - Iter 1203: obj=-1003.881436, change=5.84e-02, α=1.000, ‖θ[1:]‖₁=1357.407, num_selected_knots=2095
2025-09-06 20:17:45,146 - Iter 1204: obj=-1004.232296, change=5.84e-02, α=1.000, ‖θ[1:]‖₁=1357.870, num_selected_knots=2095
2025-09-06 20:17:48,562 - Iter 1205: obj=-1004.582718, change=5.83e-02, α=1.000, ‖θ[1:]‖₁=1358.333, num_selected_knots=2095
2025-09-06 20:17:51,945 - Iter 1206: obj=-1004.932693, change=5.83e-02, α=1.000, ‖θ[1:]‖₁=1358.795, num_selected_knots=2095
2025-09-06 20:17:55,424 - Iter 1207: obj=-1005.282216, change=5.83e-02, α=1.000, ‖θ[1:]‖₁=1359.256, num_selected_knots=2094
2025-09-06 20:17:58,853 - Iter 1208: obj=-1005.631281, change=5.82e-02, α=1.000, ‖θ[1:]‖₁=1359.717, num_selected_knots=2094
2025-09-06 20:18:02,285 - Iter 1209: obj=-1005.979886, change=5.82e-02, α=1.000, ‖θ[1:]‖₁=1360.177, num_selected_knots=2092
2025-09-06 20:18:05,660 - Iter 1210: obj=-1006.328027, change=5.81e-02, α=1.000, ‖θ[1:]‖₁=1360.637, num_selected_knots=2092
2025-09-06 20:18:09,009 - Iter 1211: obj=-1006.675703, change=5.81e-02, α=1.000, ‖θ[1:]‖₁=1361.096, num_selected_knots=2092
2025-09-06 20:18:12,363 - Iter 1212: obj=-1007.022918, change=5.81e-02, α=1.000, ‖θ[1:]‖₁=1361.555, num_selected_knots=2092
2025-09-06 20:18:15,850 - Iter 1213: obj=-1007.369672, change=5.80e-02, α=1.000, ‖θ[1:]‖₁=1362.013, num_selected_knots=2092
2025-09-06 20:18:19,230 - Iter 1214: obj=-1007.715965, change=5.80e-02, α=1.000, ‖θ[1:]‖₁=1362.471, num_selected_knots=2092
2025-09-06 20:18:22,613 - Iter 1215: obj=-1008.061800, change=5.80e-02, α=1.000, ‖θ[1:]‖₁=1362.928, num_selected_knots=2090
2025-09-06 20:18:26,035 - Iter 1216: obj=-1008.407177, change=5.79e-02, α=1.000, ‖θ[1:]‖₁=1363.385, num_selected_knots=2090
2025-09-06 20:18:29,437 - Iter 1217: obj=-1008.752097, change=5.79e-02, α=1.000, ‖θ[1:]‖₁=1363.841, num_selected_knots=2089
2025-09-06 20:18:32,817 - Iter 1218: obj=-1009.096568, change=5.78e-02, α=1.000, ‖θ[1:]‖₁=1364.297, num_selected_knots=2090
2025-09-06 20:18:36,205 - Iter 1219: obj=-1009.440584, change=5.78e-02, α=1.000, ‖θ[1:]‖₁=1364.753, num_selected_knots=2089
2025-09-06 20:18:39,669 - Iter 1220: obj=-1009.784149, change=5.78e-02, α=1.000, ‖θ[1:]‖₁=1365.208, num_selected_knots=2089
2025-09-06 20:18:43,096 - Iter 1221: obj=-1010.127267, change=5.77e-02, α=1.000, ‖θ[1:]‖₁=1365.662, num_selected_knots=2088
2025-09-06 20:18:46,553 - Iter 1222: obj=-1010.469927, change=5.77e-02, α=1.000, ‖θ[1:]‖₁=1366.116, num_selected_knots=2088
2025-09-06 20:18:49,944 - Iter 1223: obj=-1010.812139, change=5.76e-02, α=1.000, ‖θ[1:]‖₁=1366.570, num_selected_knots=2088
2025-09-06 20:18:53,365 - Iter 1224: obj=-1011.153921, change=5.76e-02, α=1.000, ‖θ[1:]‖₁=1367.023, num_selected_knots=2088
2025-09-06 20:18:56,882 - Iter 1225: obj=-1011.495274, change=5.76e-02, α=1.000, ‖θ[1:]‖₁=1367.476, num_selected_knots=2088
2025-09-06 20:19:00,380 - Iter 1226: obj=-1011.836200, change=5.75e-02, α=1.000, ‖θ[1:]‖₁=1367.928, num_selected_knots=2088
2025-09-06 20:19:03,818 - Iter 1227: obj=-1012.176701, change=5.75e-02, α=1.000, ‖θ[1:]‖₁=1368.380, num_selected_knots=2088
2025-09-06 20:19:07,190 - Iter 1228: obj=-1012.516780, change=5.75e-02, α=1.000, ‖θ[1:]‖₁=1368.831, num_selected_knots=2088
2025-09-06 20:19:10,574 - Iter 1229: obj=-1012.856438, change=5.74e-02, α=1.000, ‖θ[1:]‖₁=1369.282, num_selected_knots=2088
2025-09-06 20:19:13,982 - Iter 1230: obj=-1013.195677, change=5.74e-02, α=1.000, ‖θ[1:]‖₁=1369.733, num_selected_knots=2088
2025-09-06 20:19:17,417 - Iter 1231: obj=-1013.534501, change=5.74e-02, α=1.000, ‖θ[1:]‖₁=1370.183, num_selected_knots=2088
2025-09-06 20:19:20,807 - Iter 1232: obj=-1013.872911, change=5.73e-02, α=1.000, ‖θ[1:]‖₁=1370.633, num_selected_knots=2088
2025-09-06 20:19:24,223 - Iter 1233: obj=-1014.210910, change=5.73e-02, α=1.000, ‖θ[1:]‖₁=1371.082, num_selected_knots=2088
2025-09-06 20:19:27,601 - Iter 1234: obj=-1014.548499, change=5.73e-02, α=1.000, ‖θ[1:]‖₁=1371.531, num_selected_knots=2088
2025-09-06 20:19:30,971 - Iter 1235: obj=-1014.885682, change=5.72e-02, α=1.000, ‖θ[1:]‖₁=1371.979, num_selected_knots=2088
2025-09-06 20:19:34,440 - Iter 1236: obj=-1015.222459, change=5.72e-02, α=1.000, ‖θ[1:]‖₁=1372.428, num_selected_knots=2088
2025-09-06 20:19:37,914 - Iter 1237: obj=-1015.558834, change=5.71e-02, α=1.000, ‖θ[1:]‖₁=1372.875, num_selected_knots=2088
2025-09-06 20:19:41,313 - Iter 1238: obj=-1015.894808, change=5.71e-02, α=1.000, ‖θ[1:]‖₁=1373.323, num_selected_knots=2088
2025-09-06 20:19:44,737 - Iter 1239: obj=-1016.230384, change=5.71e-02, α=1.000, ‖θ[1:]‖₁=1373.769, num_selected_knots=2088
2025-09-06 20:19:48,129 - Iter 1240: obj=-1016.565562, change=5.70e-02, α=1.000, ‖θ[1:]‖₁=1374.216, num_selected_knots=2088
2025-09-06 20:19:51,817 - Iter 1241: obj=-1016.900347, change=5.70e-02, α=1.000, ‖θ[1:]‖₁=1374.662, num_selected_knots=2087
2025-09-06 20:19:55,392 - Iter 1242: obj=-1017.234716, change=5.70e-02, α=1.000, ‖θ[1:]‖₁=1375.108, num_selected_knots=2087
2025-09-06 20:19:58,865 - Iter 1243: obj=-1017.568684, change=5.69e-02, α=1.000, ‖θ[1:]‖₁=1375.553, num_selected_knots=2087
2025-09-06 20:20:02,312 - Iter 1244: obj=-1017.902269, change=5.69e-02, α=1.000, ‖θ[1:]‖₁=1375.998, num_selected_knots=2086
2025-09-06 20:20:05,741 - Iter 1245: obj=-1018.235473, change=5.69e-02, α=1.000, ‖θ[1:]‖₁=1376.442, num_selected_knots=2086
2025-09-06 20:20:09,182 - Iter 1246: obj=-1018.568297, change=5.68e-02, α=1.000, ‖θ[1:]‖₁=1376.886, num_selected_knots=2087
2025-09-06 20:20:12,618 - Iter 1247: obj=-1018.900739, change=5.68e-02, α=1.000, ‖θ[1:]‖₁=1377.330, num_selected_knots=2087
2025-09-06 20:20:16,010 - Iter 1248: obj=-1019.232802, change=5.68e-02, α=1.000, ‖θ[1:]‖₁=1377.773, num_selected_knots=2087
2025-09-06 20:20:19,446 - Iter 1249: obj=-1019.564487, change=5.67e-02, α=1.000, ‖θ[1:]‖₁=1378.216, num_selected_knots=2087
2025-09-06 20:20:22,850 - Iter 1250: obj=-1019.895795, change=5.67e-02, α=1.000, ‖θ[1:]‖₁=1378.658, num_selected_knots=2087
2025-09-06 20:20:26,221 - Iter 1251: obj=-1020.226728, change=5.67e-02, α=1.000, ‖θ[1:]‖₁=1379.101, num_selected_knots=2088
2025-09-06 20:20:29,657 - Iter 1252: obj=-1020.557287, change=5.67e-02, α=1.000, ‖θ[1:]‖₁=1379.542, num_selected_knots=2088
2025-09-06 20:20:33,131 - Iter 1253: obj=-1020.887474, change=5.66e-02, α=1.000, ‖θ[1:]‖₁=1379.984, num_selected_knots=2088
2025-09-06 20:20:36,562 - Iter 1254: obj=-1021.217288, change=5.66e-02, α=1.000, ‖θ[1:]‖₁=1380.425, num_selected_knots=2088
2025-09-06 20:20:39,983 - Iter 1255: obj=-1021.546733, change=5.66e-02, α=1.000, ‖θ[1:]‖₁=1380.866, num_selected_knots=2087
2025-09-06 20:20:43,451 - Iter 1256: obj=-1021.875809, change=5.65e-02, α=1.000, ‖θ[1:]‖₁=1381.306, num_selected_knots=2087
2025-09-06 20:20:46,871 - Iter 1257: obj=-1022.204518, change=5.65e-02, α=1.000, ‖θ[1:]‖₁=1381.746, num_selected_knots=2087
2025-09-06 20:20:50,222 - Iter 1258: obj=-1022.532860, change=5.65e-02, α=1.000, ‖θ[1:]‖₁=1382.186, num_selected_knots=2087
2025-09-06 20:20:53,654 - Iter 1259: obj=-1022.860837, change=5.64e-02, α=1.000, ‖θ[1:]‖₁=1382.625, num_selected_knots=2087
2025-09-06 20:20:57,229 - Iter 1260: obj=-1023.188450, change=5.64e-02, α=1.000, ‖θ[1:]‖₁=1383.064, num_selected_knots=2087
2025-09-06 20:21:00,758 - Iter 1261: obj=-1023.515701, change=5.64e-02, α=1.000, ‖θ[1:]‖₁=1383.502, num_selected_knots=2087
2025-09-06 20:21:04,342 - Iter 1262: obj=-1023.842590, change=5.63e-02, α=1.000, ‖θ[1:]‖₁=1383.940, num_selected_knots=2087
2025-09-06 20:21:07,738 - Iter 1263: obj=-1024.169120, change=5.63e-02, α=1.000, ‖θ[1:]‖₁=1384.378, num_selected_knots=2087
2025-09-06 20:21:11,213 - Iter 1264: obj=-1024.495291, change=5.63e-02, α=1.000, ‖θ[1:]‖₁=1384.816, num_selected_knots=2087
2025-09-06 20:21:14,767 - Iter 1265: obj=-1024.821104, change=5.62e-02, α=1.000, ‖θ[1:]‖₁=1385.253, num_selected_knots=2087
2025-09-06 20:21:18,183 - Iter 1266: obj=-1025.146561, change=5.62e-02, α=1.000, ‖θ[1:]‖₁=1385.690, num_selected_knots=2087
2025-09-06 20:21:21,547 - Iter 1267: obj=-1025.471662, change=5.62e-02, α=1.000, ‖θ[1:]‖₁=1386.126, num_selected_knots=2087
2025-09-06 20:21:24,977 - Iter 1268: obj=-1025.796409, change=5.61e-02, α=1.000, ‖θ[1:]‖₁=1386.562, num_selected_knots=2087
2025-09-06 20:21:28,424 - Iter 1269: obj=-1026.120803, change=5.61e-02, α=1.000, ‖θ[1:]‖₁=1386.998, num_selected_knots=2087
2025-09-06 20:21:31,826 - Iter 1270: obj=-1026.444844, change=5.61e-02, α=1.000, ‖θ[1:]‖₁=1387.434, num_selected_knots=2087
2025-09-06 20:21:35,284 - Iter 1271: obj=-1026.768535, change=5.61e-02, α=1.000, ‖θ[1:]‖₁=1387.869, num_selected_knots=2087
2025-09-06 20:21:38,664 - Iter 1272: obj=-1027.091874, change=5.60e-02, α=1.000, ‖θ[1:]‖₁=1388.303, num_selected_knots=2087
2025-09-06 20:21:42,032 - Iter 1273: obj=-1027.414865, change=5.60e-02, α=1.000, ‖θ[1:]‖₁=1388.738, num_selected_knots=2087
2025-09-06 20:21:45,415 - Iter 1274: obj=-1027.737507, change=5.60e-02, α=1.000, ‖θ[1:]‖₁=1389.172, num_selected_knots=2087
2025-09-06 20:21:48,874 - Iter 1275: obj=-1028.059801, change=5.59e-02, α=1.000, ‖θ[1:]‖₁=1389.606, num_selected_knots=2087
2025-09-06 20:21:52,308 - Iter 1276: obj=-1028.381749, change=5.59e-02, α=1.000, ‖θ[1:]‖₁=1390.039, num_selected_knots=2087
2025-09-06 20:21:55,728 - Iter 1277: obj=-1028.703352, change=5.59e-02, α=1.000, ‖θ[1:]‖₁=1390.472, num_selected_knots=2087
2025-09-06 20:21:59,089 - Iter 1278: obj=-1029.024609, change=5.58e-02, α=1.000, ‖θ[1:]‖₁=1390.905, num_selected_knots=2087
2025-09-06 20:22:02,549 - Iter 1279: obj=-1029.345522, change=5.58e-02, α=1.000, ‖θ[1:]‖₁=1391.337, num_selected_knots=2087
2025-09-06 20:22:05,981 - Iter 1280: obj=-1029.666092, change=5.58e-02, α=1.000, ‖θ[1:]‖₁=1391.769, num_selected_knots=2087
2025-09-06 20:22:09,376 - Iter 1281: obj=-1029.986320, change=5.57e-02, α=1.000, ‖θ[1:]‖₁=1392.201, num_selected_knots=2087
2025-09-06 20:22:12,787 - Iter 1282: obj=-1030.306206, change=5.57e-02, α=1.000, ‖θ[1:]‖₁=1392.633, num_selected_knots=2087
2025-09-06 20:22:16,272 - Iter 1283: obj=-1030.625752, change=5.57e-02, α=1.000, ‖θ[1:]‖₁=1393.064, num_selected_knots=2087
2025-09-06 20:22:19,739 - Iter 1284: obj=-1030.944957, change=5.57e-02, α=1.000, ‖θ[1:]‖₁=1393.494, num_selected_knots=2087
2025-09-06 20:22:23,161 - Iter 1285: obj=-1031.263823, change=5.56e-02, α=1.000, ‖θ[1:]‖₁=1393.925, num_selected_knots=2087
2025-09-06 20:22:26,565 - Iter 1286: obj=-1031.582351, change=5.56e-02, α=1.000, ‖θ[1:]‖₁=1394.355, num_selected_knots=2087
2025-09-06 20:22:29,983 - Iter 1287: obj=-1031.900541, change=5.56e-02, α=1.000, ‖θ[1:]‖₁=1394.785, num_selected_knots=2087
2025-09-06 20:22:33,431 - Iter 1288: obj=-1032.218394, change=5.55e-02, α=1.000, ‖θ[1:]‖₁=1395.214, num_selected_knots=2087
2025-09-06 20:22:36,860 - Iter 1289: obj=-1032.535910, change=5.55e-02, α=1.000, ‖θ[1:]‖₁=1395.643, num_selected_knots=2087
2025-09-06 20:22:40,434 - Iter 1290: obj=-1032.853091, change=5.55e-02, α=1.000, ‖θ[1:]‖₁=1396.072, num_selected_knots=2087
2025-09-06 20:22:43,934 - Iter 1291: obj=-1033.169936, change=5.54e-02, α=1.000, ‖θ[1:]‖₁=1396.501, num_selected_knots=2087
2025-09-06 20:22:47,375 - Iter 1292: obj=-1033.486448, change=5.54e-02, α=1.000, ‖θ[1:]‖₁=1396.929, num_selected_knots=2087
2025-09-06 20:22:50,821 - Iter 1293: obj=-1033.802625, change=5.54e-02, α=1.000, ‖θ[1:]‖₁=1397.357, num_selected_knots=2086
2025-09-06 20:22:54,220 - Iter 1294: obj=-1034.118470, change=5.54e-02, α=1.000, ‖θ[1:]‖₁=1397.784, num_selected_knots=2087
2025-09-06 20:22:57,717 - Iter 1295: obj=-1034.433978, change=5.53e-02, α=1.000, ‖θ[1:]‖₁=1398.214, num_selected_knots=2086
2025-09-06 20:23:01,319 - Iter 1296: obj=-1034.749184, change=5.53e-02, α=1.000, ‖θ[1:]‖₁=1398.643, num_selected_knots=2086
2025-09-06 20:23:04,805 - Iter 1297: obj=-1035.063961, change=5.53e-02, α=1.000, ‖θ[1:]‖₁=1399.071, num_selected_knots=2086
2025-09-06 20:23:08,150 - Iter 1298: obj=-1035.378459, change=5.52e-02, α=1.000, ‖θ[1:]‖₁=1399.499, num_selected_knots=2086
2025-09-06 20:23:11,493 - Iter 1299: obj=-1035.692665, change=5.52e-02, α=1.000, ‖θ[1:]‖₁=1399.926, num_selected_knots=2086
2025-09-06 20:23:14,886 - Iter 1300: obj=-1036.006570, change=5.52e-02, α=1.000, ‖θ[1:]‖₁=1400.353, num_selected_knots=2086
2025-09-06 20:23:18,348 - Iter 1301: obj=-1036.320166, change=5.52e-02, α=1.000, ‖θ[1:]‖₁=1400.779, num_selected_knots=2086
2025-09-06 20:23:21,768 - Iter 1302: obj=-1036.633449, change=5.51e-02, α=1.000, ‖θ[1:]‖₁=1401.205, num_selected_knots=2086
2025-09-06 20:23:25,153 - Iter 1303: obj=-1036.946413, change=5.51e-02, α=1.000, ‖θ[1:]‖₁=1401.631, num_selected_knots=2086
2025-09-06 20:23:28,618 - Iter 1304: obj=-1037.259056, change=5.51e-02, α=1.000, ‖θ[1:]‖₁=1402.056, num_selected_knots=2085
2025-09-06 20:23:31,983 - Iter 1305: obj=-1037.571364, change=5.50e-02, α=1.000, ‖θ[1:]‖₁=1402.481, num_selected_knots=2085
2025-09-06 20:23:35,473 - Iter 1306: obj=-1037.883340, change=5.50e-02, α=1.000, ‖θ[1:]‖₁=1402.906, num_selected_knots=2085
2025-09-06 20:23:38,892 - Iter 1307: obj=-1038.194992, change=5.50e-02, α=1.000, ‖θ[1:]‖₁=1403.330, num_selected_knots=2085
2025-09-06 20:23:42,407 - Iter 1308: obj=-1038.506318, change=5.50e-02, α=1.000, ‖θ[1:]‖₁=1403.754, num_selected_knots=2085
2025-09-06 20:23:45,851 - Iter 1309: obj=-1038.817318, change=5.49e-02, α=1.000, ‖θ[1:]‖₁=1404.177, num_selected_knots=2085
2025-09-06 20:23:49,299 - Iter 1310: obj=-1039.127990, change=5.49e-02, α=1.000, ‖θ[1:]‖₁=1404.600, num_selected_knots=2085
2025-09-06 20:23:52,795 - Iter 1311: obj=-1039.438334, change=5.49e-02, α=1.000, ‖θ[1:]‖₁=1405.023, num_selected_knots=2085
2025-09-06 20:23:56,287 - Iter 1312: obj=-1039.748350, change=5.48e-02, α=1.000, ‖θ[1:]‖₁=1405.446, num_selected_knots=2085
2025-09-06 20:23:59,718 - Iter 1313: obj=-1040.058037, change=5.48e-02, α=1.000, ‖θ[1:]‖₁=1405.868, num_selected_knots=2085
2025-09-06 20:24:03,134 - Iter 1314: obj=-1040.367397, change=5.48e-02, α=1.000, ‖θ[1:]‖₁=1406.290, num_selected_knots=2085
2025-09-06 20:24:06,481 - Iter 1315: obj=-1040.676429, change=5.48e-02, α=1.000, ‖θ[1:]‖₁=1406.711, num_selected_knots=2085
2025-09-06 20:24:09,951 - Iter 1316: obj=-1040.985133, change=5.47e-02, α=1.000, ‖θ[1:]‖₁=1407.133, num_selected_knots=2085
2025-09-06 20:24:13,397 - Iter 1317: obj=-1041.293510, change=5.47e-02, α=1.000, ‖θ[1:]‖₁=1407.553, num_selected_knots=2085
2025-09-06 20:24:16,863 - Iter 1318: obj=-1041.601561, change=5.47e-02, α=1.000, ‖θ[1:]‖₁=1407.974, num_selected_knots=2085
2025-09-06 20:24:20,287 - Iter 1319: obj=-1041.909285, change=5.46e-02, α=1.000, ‖θ[1:]‖₁=1408.394, num_selected_knots=2085
2025-09-06 20:24:23,740 - Iter 1320: obj=-1042.216683, change=5.46e-02, α=1.000, ‖θ[1:]‖₁=1408.814, num_selected_knots=2085
2025-09-06 20:24:27,177 - Iter 1321: obj=-1042.523756, change=5.46e-02, α=1.000, ‖θ[1:]‖₁=1409.234, num_selected_knots=2085
2025-09-06 20:24:30,610 - Iter 1322: obj=-1042.830504, change=5.45e-02, α=1.000, ‖θ[1:]‖₁=1409.653, num_selected_knots=2085
2025-09-06 20:24:33,977 - Iter 1323: obj=-1043.136928, change=5.45e-02, α=1.000, ‖θ[1:]‖₁=1410.072, num_selected_knots=2085
2025-09-06 20:24:37,441 - Iter 1324: obj=-1043.443029, change=5.45e-02, α=1.000, ‖θ[1:]‖₁=1410.491, num_selected_knots=2084
2025-09-06 20:24:40,823 - Iter 1325: obj=-1043.748807, change=5.45e-02, α=1.000, ‖θ[1:]‖₁=1410.909, num_selected_knots=2085
2025-09-06 20:24:44,256 - Iter 1326: obj=-1044.054258, change=5.44e-02, α=1.000, ‖θ[1:]‖₁=1411.327, num_selected_knots=2085
2025-09-06 20:24:47,780 - Iter 1327: obj=-1044.359386, change=5.44e-02, α=1.000, ‖θ[1:]‖₁=1411.745, num_selected_knots=2085
2025-09-06 20:24:51,290 - Iter 1328: obj=-1044.664193, change=5.44e-02, α=1.000, ‖θ[1:]‖₁=1412.163, num_selected_knots=2085
2025-09-06 20:24:54,741 - Iter 1329: obj=-1044.968680, change=5.43e-02, α=1.000, ‖θ[1:]‖₁=1412.580, num_selected_knots=2084
2025-09-06 20:24:58,341 - Iter 1330: obj=-1045.272847, change=5.43e-02, α=1.000, ‖θ[1:]‖₁=1412.997, num_selected_knots=2083
2025-09-06 20:25:01,904 - Iter 1331: obj=-1045.576694, change=5.43e-02, α=1.000, ‖θ[1:]‖₁=1413.413, num_selected_knots=2084
2025-09-06 20:25:05,366 - Iter 1332: obj=-1045.880221, change=5.43e-02, α=1.000, ‖θ[1:]‖₁=1413.829, num_selected_knots=2084
2025-09-06 20:25:08,784 - Iter 1333: obj=-1046.183430, change=5.42e-02, α=1.000, ‖θ[1:]‖₁=1414.245, num_selected_knots=2084
2025-09-06 20:25:12,220 - Iter 1334: obj=-1046.486321, change=5.42e-02, α=1.000, ‖θ[1:]‖₁=1414.661, num_selected_knots=2084
2025-09-06 20:25:15,645 - Iter 1335: obj=-1046.788895, change=5.42e-02, α=1.000, ‖θ[1:]‖₁=1415.076, num_selected_knots=2084
2025-09-06 20:25:19,165 - Iter 1336: obj=-1047.091152, change=5.41e-02, α=1.000, ‖θ[1:]‖₁=1415.492, num_selected_knots=2084
2025-09-06 20:25:22,630 - Iter 1337: obj=-1047.393093, change=5.41e-02, α=1.000, ‖θ[1:]‖₁=1415.906, num_selected_knots=2084
2025-09-06 20:25:26,149 - Iter 1338: obj=-1047.694718, change=5.41e-02, α=1.000, ‖θ[1:]‖₁=1416.321, num_selected_knots=2083
2025-09-06 20:25:29,624 - Iter 1339: obj=-1047.996024, change=5.41e-02, α=1.000, ‖θ[1:]‖₁=1416.735, num_selected_knots=2083
2025-09-06 20:25:33,180 - Iter 1340: obj=-1048.297010, change=5.40e-02, α=1.000, ‖θ[1:]‖₁=1417.149, num_selected_knots=2083
2025-09-06 20:25:36,635 - Iter 1341: obj=-1048.597683, change=5.40e-02, α=1.000, ‖θ[1:]‖₁=1417.562, num_selected_knots=2083
2025-09-06 20:25:40,090 - Iter 1342: obj=-1048.898044, change=5.40e-02, α=1.000, ‖θ[1:]‖₁=1417.975, num_selected_knots=2083
2025-09-06 20:25:43,504 - Iter 1343: obj=-1049.198094, change=5.39e-02, α=1.000, ‖θ[1:]‖₁=1418.388, num_selected_knots=2083
2025-09-06 20:25:46,965 - Iter 1344: obj=-1049.497832, change=5.39e-02, α=1.000, ‖θ[1:]‖₁=1418.801, num_selected_knots=2082
2025-09-06 20:25:50,566 - Iter 1345: obj=-1049.797259, change=5.39e-02, α=1.000, ‖θ[1:]‖₁=1419.213, num_selected_knots=2082
2025-09-06 20:25:54,044 - Iter 1346: obj=-1050.096375, change=5.39e-02, α=1.000, ‖θ[1:]‖₁=1419.625, num_selected_knots=2083
2025-09-06 20:25:57,621 - Iter 1347: obj=-1050.395181, change=5.38e-02, α=1.000, ‖θ[1:]‖₁=1420.037, num_selected_knots=2083
2025-09-06 20:26:01,154 - Iter 1348: obj=-1050.693676, change=5.38e-02, α=1.000, ‖θ[1:]‖₁=1420.448, num_selected_knots=2082
2025-09-06 20:26:04,710 - Iter 1349: obj=-1050.991863, change=5.38e-02, α=1.000, ‖θ[1:]‖₁=1420.859, num_selected_knots=2082
2025-09-06 20:26:08,227 - Iter 1350: obj=-1051.289744, change=5.37e-02, α=1.000, ‖θ[1:]‖₁=1421.270, num_selected_knots=2082
2025-09-06 20:26:11,744 - Iter 1351: obj=-1051.587315, change=5.37e-02, α=1.000, ‖θ[1:]‖₁=1421.680, num_selected_knots=2082
2025-09-06 20:26:15,201 - Iter 1352: obj=-1051.884577, change=5.37e-02, α=1.000, ‖θ[1:]‖₁=1422.091, num_selected_knots=2082
2025-09-06 20:26:18,660 - Iter 1353: obj=-1052.181530, change=5.37e-02, α=1.000, ‖θ[1:]‖₁=1422.500, num_selected_knots=2082
2025-09-06 20:26:22,182 - Iter 1354: obj=-1052.478175, change=5.36e-02, α=1.000, ‖θ[1:]‖₁=1422.910, num_selected_knots=2082
2025-09-06 20:26:25,675 - Iter 1355: obj=-1052.774512, change=5.36e-02, α=1.000, ‖θ[1:]‖₁=1423.319, num_selected_knots=2081
2025-09-06 20:26:29,221 - Iter 1356: obj=-1053.070543, change=5.36e-02, α=1.000, ‖θ[1:]‖₁=1423.728, num_selected_knots=2082
2025-09-06 20:26:32,688 - Iter 1357: obj=-1053.366267, change=5.35e-02, α=1.000, ‖θ[1:]‖₁=1424.137, num_selected_knots=2082
2025-09-06 20:26:36,252 - Iter 1358: obj=-1053.661684, change=5.35e-02, α=1.000, ‖θ[1:]‖₁=1424.546, num_selected_knots=2082
2025-09-06 20:26:39,681 - Iter 1359: obj=-1053.956795, change=5.35e-02, α=1.000, ‖θ[1:]‖₁=1424.954, num_selected_knots=2081
2025-09-06 20:26:43,255 - Iter 1360: obj=-1054.251599, change=5.35e-02, α=1.000, ‖θ[1:]‖₁=1425.362, num_selected_knots=2081
2025-09-06 20:26:46,824 - Iter 1361: obj=-1054.546097, change=5.34e-02, α=1.000, ‖θ[1:]‖₁=1425.769, num_selected_knots=2080
2025-09-06 20:26:50,276 - Iter 1362: obj=-1054.840289, change=5.34e-02, α=1.000, ‖θ[1:]‖₁=1426.176, num_selected_knots=2080
2025-09-06 20:26:53,718 - Iter 1363: obj=-1055.134172, change=5.34e-02, α=1.000, ‖θ[1:]‖₁=1426.585, num_selected_knots=2079
2025-09-06 20:26:57,254 - Iter 1364: obj=-1055.427751, change=5.33e-02, α=1.000, ‖θ[1:]‖₁=1426.994, num_selected_knots=2079
2025-09-06 20:27:00,627 - Iter 1365: obj=-1055.720946, change=5.33e-02, α=1.000, ‖θ[1:]‖₁=1427.403, num_selected_knots=2079
2025-09-06 20:27:04,021 - Iter 1366: obj=-1056.013829, change=5.33e-02, α=1.000, ‖θ[1:]‖₁=1427.810, num_selected_knots=2079
2025-09-06 20:27:07,574 - Iter 1367: obj=-1056.306465, change=5.33e-02, α=1.000, ‖θ[1:]‖₁=1428.218, num_selected_knots=2079
2025-09-06 20:27:11,030 - Iter 1368: obj=-1056.598841, change=5.32e-02, α=1.000, ‖θ[1:]‖₁=1428.625, num_selected_knots=2078
2025-09-06 20:27:14,446 - Iter 1369: obj=-1056.890943, change=5.32e-02, α=1.000, ‖θ[1:]‖₁=1429.031, num_selected_knots=2078
2025-09-06 20:27:17,869 - Iter 1370: obj=-1057.182766, change=5.32e-02, α=1.000, ‖θ[1:]‖₁=1429.437, num_selected_knots=2078
2025-09-06 20:27:21,357 - Iter 1371: obj=-1057.474305, change=5.32e-02, α=1.000, ‖θ[1:]‖₁=1429.843, num_selected_knots=2078
2025-09-06 20:27:24,728 - Iter 1372: obj=-1057.765555, change=5.31e-02, α=1.000, ‖θ[1:]‖₁=1430.249, num_selected_knots=2079
2025-09-06 20:27:28,203 - Iter 1373: obj=-1058.056511, change=5.31e-02, α=1.000, ‖θ[1:]‖₁=1430.654, num_selected_knots=2079
2025-09-06 20:27:31,615 - Iter 1374: obj=-1058.347172, change=5.31e-02, α=1.000, ‖θ[1:]‖₁=1431.059, num_selected_knots=2079
2025-09-06 20:27:35,055 - Iter 1375: obj=-1058.637534, change=5.31e-02, α=1.000, ‖θ[1:]‖₁=1431.463, num_selected_knots=2079
2025-09-06 20:27:38,455 - Iter 1376: obj=-1058.927595, change=5.30e-02, α=1.000, ‖θ[1:]‖₁=1431.867, num_selected_knots=2079
2025-09-06 20:27:41,895 - Iter 1377: obj=-1059.217354, change=5.30e-02, α=1.000, ‖θ[1:]‖₁=1432.271, num_selected_knots=2079
2025-09-06 20:27:45,267 - Iter 1378: obj=-1059.506810, change=5.30e-02, α=1.000, ‖θ[1:]‖₁=1432.675, num_selected_knots=2079
2025-09-06 20:27:48,620 - Iter 1379: obj=-1059.795962, change=5.29e-02, α=1.000, ‖θ[1:]‖₁=1433.078, num_selected_knots=2079
2025-09-06 20:27:52,076 - Iter 1380: obj=-1060.084810, change=5.29e-02, α=1.000, ‖θ[1:]‖₁=1433.481, num_selected_knots=2079
2025-09-06 20:27:55,461 - Iter 1381: obj=-1060.373353, change=5.29e-02, α=1.000, ‖θ[1:]‖₁=1433.883, num_selected_knots=2078
2025-09-06 20:27:58,819 - Iter 1382: obj=-1060.661590, change=5.29e-02, α=1.000, ‖θ[1:]‖₁=1434.285, num_selected_knots=2078
2025-09-06 20:28:02,186 - Iter 1383: obj=-1060.949521, change=5.28e-02, α=1.000, ‖θ[1:]‖₁=1434.687, num_selected_knots=2078
2025-09-06 20:28:05,630 - Iter 1384: obj=-1061.237148, change=5.28e-02, α=1.000, ‖θ[1:]‖₁=1435.089, num_selected_knots=2077
2025-09-06 20:28:08,997 - Iter 1385: obj=-1061.524469, change=5.28e-02, α=1.000, ‖θ[1:]‖₁=1435.490, num_selected_knots=2077
2025-09-06 20:28:12,420 - Iter 1386: obj=-1061.811486, change=5.27e-02, α=1.000, ‖θ[1:]‖₁=1435.891, num_selected_knots=2077
2025-09-06 20:28:15,831 - Iter 1387: obj=-1062.098199, change=5.27e-02, α=1.000, ‖θ[1:]‖₁=1436.292, num_selected_knots=2077
2025-09-06 20:28:19,240 - Iter 1388: obj=-1062.384610, change=5.27e-02, α=1.000, ‖θ[1:]‖₁=1436.692, num_selected_knots=2076
2025-09-06 20:28:22,651 - Iter 1389: obj=-1062.670717, change=5.27e-02, α=1.000, ‖θ[1:]‖₁=1437.092, num_selected_knots=2076
2025-09-06 20:28:26,022 - Iter 1390: obj=-1062.956521, change=5.26e-02, α=1.000, ‖θ[1:]‖₁=1437.492, num_selected_knots=2076
2025-09-06 20:28:29,400 - Iter 1391: obj=-1063.242023, change=5.26e-02, α=1.000, ‖θ[1:]‖₁=1437.892, num_selected_knots=2076
2025-09-06 20:28:32,776 - Iter 1392: obj=-1063.527225, change=5.26e-02, α=1.000, ‖θ[1:]‖₁=1438.291, num_selected_knots=2075
2025-09-06 20:28:36,142 - Iter 1393: obj=-1063.812124, change=5.25e-02, α=1.000, ‖θ[1:]‖₁=1438.690, num_selected_knots=2075
2025-09-06 20:28:39,510 - Iter 1394: obj=-1064.096723, change=5.25e-02, α=1.000, ‖θ[1:]‖₁=1439.088, num_selected_knots=2075
2025-09-06 20:28:42,896 - Iter 1395: obj=-1064.381023, change=5.25e-02, α=1.000, ‖θ[1:]‖₁=1439.487, num_selected_knots=2074
2025-09-06 20:28:46,357 - Iter 1396: obj=-1064.665024, change=5.25e-02, α=1.000, ‖θ[1:]‖₁=1439.884, num_selected_knots=2074
2025-09-06 20:28:49,881 - Iter 1397: obj=-1064.948725, change=5.24e-02, α=1.000, ‖θ[1:]‖₁=1440.282, num_selected_knots=2074
2025-09-06 20:28:53,322 - Iter 1398: obj=-1065.232129, change=5.24e-02, α=1.000, ‖θ[1:]‖₁=1440.682, num_selected_knots=2073
2025-09-06 20:28:56,746 - Iter 1399: obj=-1065.515283, change=5.24e-02, α=1.000, ‖θ[1:]‖₁=1441.080, num_selected_knots=2073
2025-09-06 20:29:00,418 - Iter 1400: obj=-1065.798147, change=5.24e-02, α=1.000, ‖θ[1:]‖₁=1441.478, num_selected_knots=2073
2025-09-06 20:29:07,696 - Iter 1401: obj=-1066.080749, change=5.23e-02, α=1.000, ‖θ[1:]‖₁=1441.876, num_selected_knots=2072
2025-09-06 20:29:11,104 - Iter 1402: obj=-1066.363076, change=5.23e-02, α=1.000, ‖θ[1:]‖₁=1442.273, num_selected_knots=2072
2025-09-06 20:29:14,516 - Iter 1403: obj=-1066.645125, change=5.23e-02, α=1.000, ‖θ[1:]‖₁=1442.670, num_selected_knots=2072
2025-09-06 20:29:17,848 - Iter 1404: obj=-1066.926893, change=5.22e-02, α=1.000, ‖θ[1:]‖₁=1443.066, num_selected_knots=2071
2025-09-06 20:29:21,370 - Iter 1405: obj=-1067.208372, change=5.22e-02, α=1.000, ‖θ[1:]‖₁=1443.462, num_selected_knots=2071
2025-09-06 20:29:24,814 - Iter 1406: obj=-1067.489553, change=5.22e-02, α=1.000, ‖θ[1:]‖₁=1443.858, num_selected_knots=2071
2025-09-06 20:29:28,273 - Iter 1407: obj=-1067.770447, change=5.22e-02, α=1.000, ‖θ[1:]‖₁=1444.254, num_selected_knots=2071
2025-09-06 20:29:31,650 - Iter 1408: obj=-1068.051050, change=5.21e-02, α=1.000, ‖θ[1:]‖₁=1444.649, num_selected_knots=2071
2025-09-06 20:29:35,096 - Iter 1409: obj=-1068.331361, change=5.21e-02, α=1.000, ‖θ[1:]‖₁=1445.044, num_selected_knots=2071
2025-09-06 20:29:38,508 - Iter 1410: obj=-1068.611379, change=5.21e-02, α=1.000, ‖θ[1:]‖₁=1445.438, num_selected_knots=2071
2025-09-06 20:29:41,879 - Iter 1411: obj=-1068.891103, change=5.21e-02, α=1.000, ‖θ[1:]‖₁=1445.832, num_selected_knots=2071
2025-09-06 20:29:45,279 - Iter 1412: obj=-1069.170533, change=5.20e-02, α=1.000, ‖θ[1:]‖₁=1446.226, num_selected_knots=2071
2025-09-06 20:29:48,734 - Iter 1413: obj=-1069.449669, change=5.20e-02, α=1.000, ‖θ[1:]‖₁=1446.620, num_selected_knots=2071
2025-09-06 20:29:52,184 - Iter 1414: obj=-1069.728509, change=5.20e-02, α=1.000, ‖θ[1:]‖₁=1447.013, num_selected_knots=2071
2025-09-06 20:29:55,546 - Iter 1415: obj=-1070.007054, change=5.19e-02, α=1.000, ‖θ[1:]‖₁=1447.406, num_selected_knots=2070
2025-09-06 20:29:58,917 - Iter 1416: obj=-1070.285305, change=5.19e-02, α=1.000, ‖θ[1:]‖₁=1447.799, num_selected_knots=2070
2025-09-06 20:30:02,301 - Iter 1417: obj=-1070.563243, change=5.19e-02, α=1.000, ‖θ[1:]‖₁=1448.191, num_selected_knots=2070
2025-09-06 20:30:05,657 - Iter 1418: obj=-1070.840890, change=5.19e-02, α=1.000, ‖θ[1:]‖₁=1448.583, num_selected_knots=2070
2025-09-06 20:30:09,013 - Iter 1419: obj=-1071.118246, change=5.18e-02, α=1.000, ‖θ[1:]‖₁=1448.975, num_selected_knots=2070
2025-09-06 20:30:12,349 - Iter 1420: obj=-1071.395310, change=5.18e-02, α=1.000, ‖θ[1:]‖₁=1449.366, num_selected_knots=2069
2025-09-06 20:30:15,721 - Iter 1421: obj=-1071.672085, change=5.18e-02, α=1.000, ‖θ[1:]‖₁=1449.757, num_selected_knots=2070
2025-09-06 20:30:19,107 - Iter 1422: obj=-1071.948563, change=5.17e-02, α=1.000, ‖θ[1:]‖₁=1450.148, num_selected_knots=2070
2025-09-06 20:30:22,480 - Iter 1423: obj=-1072.224750, change=5.17e-02, α=1.000, ‖θ[1:]‖₁=1450.539, num_selected_knots=2070
2025-09-06 20:30:25,828 - Iter 1424: obj=-1072.500646, change=5.17e-02, α=1.000, ‖θ[1:]‖₁=1450.929, num_selected_knots=2070
2025-09-06 20:30:31,580 - Iter 1425: obj=-1072.776251, change=5.17e-02, α=1.000, ‖θ[1:]‖₁=1451.319, num_selected_knots=2070
2025-09-06 20:30:34,850 - Iter 1426: obj=-1073.051566, change=5.16e-02, α=1.000, ‖θ[1:]‖₁=1451.709, num_selected_knots=2070
2025-09-06 20:30:38,130 - Iter 1427: obj=-1073.326591, change=5.16e-02, α=1.000, ‖θ[1:]‖₁=1452.099, num_selected_knots=2070
2025-09-06 20:30:41,428 - Iter 1428: obj=-1073.601327, change=5.16e-02, α=1.000, ‖θ[1:]‖₁=1452.488, num_selected_knots=2070
2025-09-06 20:30:44,753 - Iter 1429: obj=-1073.875775, change=5.16e-02, α=1.000, ‖θ[1:]‖₁=1452.877, num_selected_knots=2070
2025-09-06 20:30:48,129 - Iter 1430: obj=-1074.149934, change=5.15e-02, α=1.000, ‖θ[1:]‖₁=1453.265, num_selected_knots=2070
2025-09-06 20:30:51,437 - Iter 1431: obj=-1074.423805, change=5.15e-02, α=1.000, ‖θ[1:]‖₁=1453.654, num_selected_knots=2070
2025-09-06 20:30:54,729 - Iter 1432: obj=-1074.697390, change=5.15e-02, α=1.000, ‖θ[1:]‖₁=1454.042, num_selected_knots=2070
2025-09-06 20:30:58,244 - Iter 1433: obj=-1074.970687, change=5.14e-02, α=1.000, ‖θ[1:]‖₁=1454.430, num_selected_knots=2070
2025-09-06 20:31:01,841 - Iter 1434: obj=-1075.243699, change=5.14e-02, α=1.000, ‖θ[1:]‖₁=1454.817, num_selected_knots=2070
2025-09-06 20:31:05,246 - Iter 1435: obj=-1075.516424, change=5.14e-02, α=1.000, ‖θ[1:]‖₁=1455.204, num_selected_knots=2070
2025-09-06 20:31:08,580 - Iter 1436: obj=-1075.788865, change=5.14e-02, α=1.000, ‖θ[1:]‖₁=1455.591, num_selected_knots=2069
2025-09-06 20:31:11,979 - Iter 1437: obj=-1076.061021, change=5.13e-02, α=1.000, ‖θ[1:]‖₁=1455.978, num_selected_knots=2070
2025-09-06 20:31:15,364 - Iter 1438: obj=-1076.332889, change=5.13e-02, α=1.000, ‖θ[1:]‖₁=1456.364, num_selected_knots=2070
2025-09-06 20:31:18,710 - Iter 1439: obj=-1076.604474, change=5.13e-02, α=1.000, ‖θ[1:]‖₁=1456.751, num_selected_knots=2070
2025-09-06 20:31:22,038 - Iter 1440: obj=-1076.875774, change=5.13e-02, α=1.000, ‖θ[1:]‖₁=1457.137, num_selected_knots=2070
2025-09-06 20:31:25,359 - Iter 1441: obj=-1077.146791, change=5.12e-02, α=1.000, ‖θ[1:]‖₁=1457.522, num_selected_knots=2070
2025-09-06 20:31:28,765 - Iter 1442: obj=-1077.417525, change=5.12e-02, α=1.000, ‖θ[1:]‖₁=1457.908, num_selected_knots=2070
2025-09-06 20:31:32,189 - Iter 1443: obj=-1077.687977, change=5.12e-02, α=1.000, ‖θ[1:]‖₁=1458.293, num_selected_knots=2070
2025-09-06 20:31:35,661 - Iter 1444: obj=-1077.958147, change=5.11e-02, α=1.000, ‖θ[1:]‖₁=1458.677, num_selected_knots=2070
2025-09-06 20:31:39,067 - Iter 1445: obj=-1078.228036, change=5.11e-02, α=1.000, ‖θ[1:]‖₁=1459.062, num_selected_knots=2070
2025-09-06 20:31:42,449 - Iter 1446: obj=-1078.497644, change=5.11e-02, α=1.000, ‖θ[1:]‖₁=1459.446, num_selected_knots=2070
2025-09-06 20:31:45,872 - Iter 1447: obj=-1078.766972, change=5.11e-02, α=1.000, ‖θ[1:]‖₁=1459.830, num_selected_knots=2070
2025-09-06 20:31:49,233 - Iter 1448: obj=-1079.036019, change=5.10e-02, α=1.000, ‖θ[1:]‖₁=1460.214, num_selected_knots=2069
2025-09-06 20:31:52,599 - Iter 1449: obj=-1079.304776, change=5.10e-02, α=1.000, ‖θ[1:]‖₁=1460.597, num_selected_knots=2069
2025-09-06 20:31:55,974 - Iter 1450: obj=-1079.573249, change=5.10e-02, α=1.000, ‖θ[1:]‖₁=1460.980, num_selected_knots=2069
2025-09-06 20:31:59,335 - Iter 1451: obj=-1079.841446, change=5.10e-02, α=1.000, ‖θ[1:]‖₁=1461.363, num_selected_knots=2069
2025-09-06 20:32:02,736 - Iter 1452: obj=-1080.109366, change=5.09e-02, α=1.000, ‖θ[1:]‖₁=1461.746, num_selected_knots=2069
2025-09-06 20:32:06,241 - Iter 1453: obj=-1080.377011, change=5.09e-02, α=1.000, ‖θ[1:]‖₁=1462.128, num_selected_knots=2069
2025-09-06 20:32:09,662 - Iter 1454: obj=-1080.644380, change=5.09e-02, α=1.000, ‖θ[1:]‖₁=1462.510, num_selected_knots=2069
2025-09-06 20:32:13,013 - Iter 1455: obj=-1080.911473, change=5.09e-02, α=1.000, ‖θ[1:]‖₁=1462.892, num_selected_knots=2069
2025-09-06 20:32:16,434 - Iter 1456: obj=-1081.178290, change=5.08e-02, α=1.000, ‖θ[1:]‖₁=1463.273, num_selected_knots=2069
2025-09-06 20:32:19,833 - Iter 1457: obj=-1081.444833, change=5.08e-02, α=1.000, ‖θ[1:]‖₁=1463.654, num_selected_knots=2069
2025-09-06 20:32:23,193 - Iter 1458: obj=-1081.711100, change=5.08e-02, α=1.000, ‖θ[1:]‖₁=1464.035, num_selected_knots=2069
2025-09-06 20:32:26,553 - Iter 1459: obj=-1081.977093, change=5.07e-02, α=1.000, ‖θ[1:]‖₁=1464.416, num_selected_knots=2069
2025-09-06 20:32:29,968 - Iter 1460: obj=-1082.242811, change=5.07e-02, α=1.000, ‖θ[1:]‖₁=1464.796, num_selected_knots=2069
2025-09-06 20:32:33,337 - Iter 1461: obj=-1082.508255, change=5.07e-02, α=1.000, ‖θ[1:]‖₁=1465.176, num_selected_knots=2068
2025-09-06 20:32:36,735 - Iter 1462: obj=-1082.773426, change=5.07e-02, α=1.000, ‖θ[1:]‖₁=1465.556, num_selected_knots=2068
2025-09-06 20:32:40,137 - Iter 1463: obj=-1083.038323, change=5.06e-02, α=1.000, ‖θ[1:]‖₁=1465.936, num_selected_knots=2068
2025-09-06 20:32:43,506 - Iter 1464: obj=-1083.302946, change=5.06e-02, α=1.000, ‖θ[1:]‖₁=1466.315, num_selected_knots=2067
2025-09-06 20:32:46,883 - Iter 1465: obj=-1083.567296, change=5.06e-02, α=1.000, ‖θ[1:]‖₁=1466.694, num_selected_knots=2067
2025-09-06 20:32:50,270 - Iter 1466: obj=-1083.831371, change=5.06e-02, α=1.000, ‖θ[1:]‖₁=1467.073, num_selected_knots=2067
2025-09-06 20:32:53,632 - Iter 1467: obj=-1084.095172, change=5.05e-02, α=1.000, ‖θ[1:]‖₁=1467.451, num_selected_knots=2067
2025-09-06 20:32:57,150 - Iter 1468: obj=-1084.358700, change=5.05e-02, α=1.000, ‖θ[1:]‖₁=1467.829, num_selected_knots=2067
2025-09-06 20:33:00,603 - Iter 1469: obj=-1084.621956, change=5.05e-02, α=1.000, ‖θ[1:]‖₁=1468.207, num_selected_knots=2067
2025-09-06 20:33:04,070 - Iter 1470: obj=-1084.884940, change=5.05e-02, α=1.000, ‖θ[1:]‖₁=1468.585, num_selected_knots=2067
2025-09-06 20:33:07,454 - Iter 1471: obj=-1085.147652, change=5.04e-02, α=1.000, ‖θ[1:]‖₁=1468.963, num_selected_knots=2067
2025-09-06 20:33:10,831 - Iter 1472: obj=-1085.410093, change=5.04e-02, α=1.000, ‖θ[1:]‖₁=1469.340, num_selected_knots=2067
2025-09-06 20:33:14,206 - Iter 1473: obj=-1085.672264, change=5.04e-02, α=1.000, ‖θ[1:]‖₁=1469.717, num_selected_knots=2067
2025-09-06 20:33:17,544 - Iter 1474: obj=-1085.934165, change=5.03e-02, α=1.000, ‖θ[1:]‖₁=1470.093, num_selected_knots=2067
2025-09-06 20:33:20,954 - Iter 1475: obj=-1086.195796, change=5.03e-02, α=1.000, ‖θ[1:]‖₁=1470.470, num_selected_knots=2067
2025-09-06 20:33:24,390 - Iter 1476: obj=-1086.457157, change=5.03e-02, α=1.000, ‖θ[1:]‖₁=1470.846, num_selected_knots=2067
2025-09-06 20:33:27,788 - Iter 1477: obj=-1086.718250, change=5.03e-02, α=1.000, ‖θ[1:]‖₁=1471.222, num_selected_knots=2066
2025-09-06 20:33:31,193 - Iter 1478: obj=-1086.979069, change=5.02e-02, α=1.000, ‖θ[1:]‖₁=1471.597, num_selected_knots=2066
2025-09-06 20:33:34,622 - Iter 1479: obj=-1087.239615, change=5.02e-02, α=1.000, ‖θ[1:]‖₁=1471.973, num_selected_knots=2065
2025-09-06 20:33:38,064 - Iter 1480: obj=-1087.499895, change=5.02e-02, α=1.000, ‖θ[1:]‖₁=1472.348, num_selected_knots=2066
2025-09-06 20:33:41,659 - Iter 1481: obj=-1087.759904, change=5.02e-02, α=1.000, ‖θ[1:]‖₁=1472.723, num_selected_knots=2066
2025-09-06 20:33:45,132 - Iter 1482: obj=-1088.019648, change=5.01e-02, α=1.000, ‖θ[1:]‖₁=1473.097, num_selected_knots=2066
2025-09-06 20:33:48,566 - Iter 1483: obj=-1088.279125, change=5.01e-02, α=1.000, ‖θ[1:]‖₁=1473.472, num_selected_knots=2066
2025-09-06 20:33:51,984 - Iter 1484: obj=-1088.538336, change=5.01e-02, α=1.000, ‖θ[1:]‖₁=1473.846, num_selected_knots=2066
2025-09-06 20:33:55,455 - Iter 1485: obj=-1088.797281, change=5.01e-02, α=1.000, ‖θ[1:]‖₁=1474.220, num_selected_knots=2064
2025-09-06 20:33:58,907 - Iter 1486: obj=-1089.055968, change=5.00e-02, α=1.000, ‖θ[1:]‖₁=1474.593, num_selected_knots=2065
2025-09-06 20:34:02,376 - Iter 1487: obj=-1089.314389, change=5.00e-02, α=1.000, ‖θ[1:]‖₁=1474.967, num_selected_knots=2065
2025-09-06 20:34:05,790 - Iter 1488: obj=-1089.572542, change=5.00e-02, α=1.000, ‖θ[1:]‖₁=1475.340, num_selected_knots=2065
2025-09-06 20:34:09,205 - Iter 1489: obj=-1089.830429, change=5.00e-02, α=1.000, ‖θ[1:]‖₁=1475.713, num_selected_knots=2066
2025-09-06 20:34:12,568 - Iter 1490: obj=-1090.088048, change=4.99e-02, α=1.000, ‖θ[1:]‖₁=1476.085, num_selected_knots=2066
2025-09-06 20:34:15,986 - Iter 1491: obj=-1090.345402, change=4.99e-02, α=1.000, ‖θ[1:]‖₁=1476.458, num_selected_knots=2066
2025-09-06 20:34:19,404 - Iter 1492: obj=-1090.602491, change=4.99e-02, α=1.000, ‖θ[1:]‖₁=1476.830, num_selected_knots=2066
2025-09-06 20:34:22,794 - Iter 1493: obj=-1090.859314, change=4.98e-02, α=1.000, ‖θ[1:]‖₁=1477.202, num_selected_knots=2066
2025-09-06 20:34:26,195 - Iter 1494: obj=-1091.115873, change=4.98e-02, α=1.000, ‖θ[1:]‖₁=1477.573, num_selected_knots=2066
2025-09-06 20:34:29,584 - Iter 1495: obj=-1091.372167, change=4.98e-02, α=1.000, ‖θ[1:]‖₁=1477.945, num_selected_knots=2066
2025-09-06 20:34:32,981 - Iter 1496: obj=-1091.628198, change=4.98e-02, α=1.000, ‖θ[1:]‖₁=1478.316, num_selected_knots=2066
2025-09-06 20:34:36,415 - Iter 1497: obj=-1091.883965, change=4.97e-02, α=1.000, ‖θ[1:]‖₁=1478.687, num_selected_knots=2066
2025-09-06 20:34:39,893 - Iter 1498: obj=-1092.139468, change=4.97e-02, α=1.000, ‖θ[1:]‖₁=1479.057, num_selected_knots=2066
2025-09-06 20:34:43,267 - Iter 1499: obj=-1092.394709, change=4.97e-02, α=1.000, ‖θ[1:]‖₁=1479.428, num_selected_knots=2065
2025-09-06 20:34:46,678 - Iter 1500: obj=-1092.649687, change=4.97e-02, α=1.000, ‖θ[1:]‖₁=1479.798, num_selected_knots=2065
2025-09-06 20:34:50,147 - Iter 1501: obj=-1092.904406, change=4.96e-02, α=1.000, ‖θ[1:]‖₁=1480.168, num_selected_knots=2065
2025-09-06 20:34:53,575 - Iter 1502: obj=-1093.158854, change=4.96e-02, α=1.000, ‖θ[1:]‖₁=1480.538, num_selected_knots=2065
2025-09-06 20:34:57,035 - Iter 1503: obj=-1093.413050, change=4.96e-02, α=1.000, ‖θ[1:]‖₁=1480.908, num_selected_knots=2065
2025-09-06 20:35:00,539 - Iter 1504: obj=-1093.666991, change=4.96e-02, α=1.000, ‖θ[1:]‖₁=1481.277, num_selected_knots=2065
2025-09-06 20:35:03,976 - Iter 1505: obj=-1093.920676, change=4.95e-02, α=1.000, ‖θ[1:]‖₁=1481.646, num_selected_knots=2065
2025-09-06 20:35:07,419 - Iter 1506: obj=-1094.174103, change=4.95e-02, α=1.000, ‖θ[1:]‖₁=1482.015, num_selected_knots=2065
2025-09-06 20:35:10,780 - Iter 1507: obj=-1094.427273, change=4.95e-02, α=1.000, ‖θ[1:]‖₁=1482.384, num_selected_knots=2065
2025-09-06 20:35:14,159 - Iter 1508: obj=-1094.680183, change=4.95e-02, α=1.000, ‖θ[1:]‖₁=1482.752, num_selected_knots=2065
2025-09-06 20:35:17,546 - Iter 1509: obj=-1094.932835, change=4.94e-02, α=1.000, ‖θ[1:]‖₁=1483.120, num_selected_knots=2065
2025-09-06 20:35:21,048 - Iter 1510: obj=-1095.185227, change=4.94e-02, α=1.000, ‖θ[1:]‖₁=1483.488, num_selected_knots=2064
2025-09-06 20:35:24,447 - Iter 1511: obj=-1095.437358, change=4.94e-02, α=1.000, ‖θ[1:]‖₁=1483.856, num_selected_knots=2063
2025-09-06 20:35:27,845 - Iter 1512: obj=-1095.689228, change=4.94e-02, α=1.000, ‖θ[1:]‖₁=1484.223, num_selected_knots=2063
2025-09-06 20:35:31,316 - Iter 1513: obj=-1095.940834, change=4.93e-02, α=1.000, ‖θ[1:]‖₁=1484.590, num_selected_knots=2063
2025-09-06 20:35:34,728 - Iter 1514: obj=-1096.192181, change=4.93e-02, α=1.000, ‖θ[1:]‖₁=1484.957, num_selected_knots=2063
2025-09-06 20:35:38,125 - Iter 1515: obj=-1096.443269, change=4.93e-02, α=1.000, ‖θ[1:]‖₁=1485.323, num_selected_knots=2063
2025-09-06 20:35:41,570 - Iter 1516: obj=-1096.694099, change=4.93e-02, α=1.000, ‖θ[1:]‖₁=1485.689, num_selected_knots=2063
2025-09-06 20:35:45,078 - Iter 1517: obj=-1096.944670, change=4.92e-02, α=1.000, ‖θ[1:]‖₁=1486.055, num_selected_knots=2063
2025-09-06 20:35:48,496 - Iter 1518: obj=-1097.194982, change=4.92e-02, α=1.000, ‖θ[1:]‖₁=1486.421, num_selected_knots=2062
2025-09-06 20:35:51,918 - Iter 1519: obj=-1097.445036, change=4.92e-02, α=1.000, ‖θ[1:]‖₁=1486.790, num_selected_knots=2062
2025-09-06 20:35:55,338 - Iter 1520: obj=-1097.694814, change=4.91e-02, α=1.000, ‖θ[1:]‖₁=1487.157, num_selected_knots=2061
2025-09-06 20:35:58,811 - Iter 1521: obj=-1097.944130, change=4.91e-02, α=1.000, ‖θ[1:]‖₁=1487.524, num_selected_knots=2061
2025-09-06 20:36:02,465 - Iter 1522: obj=-1098.193242, change=4.91e-02, α=1.000, ‖θ[1:]‖₁=1487.890, num_selected_knots=2061
2025-09-06 20:36:05,960 - Iter 1523: obj=-1098.442143, change=4.91e-02, α=1.000, ‖θ[1:]‖₁=1488.255, num_selected_knots=2061
2025-09-06 20:36:09,349 - Iter 1524: obj=-1098.690823, change=4.91e-02, α=1.000, ‖θ[1:]‖₁=1488.621, num_selected_knots=2061
2025-09-06 20:36:12,709 - Iter 1525: obj=-1098.939273, change=4.90e-02, α=1.000, ‖θ[1:]‖₁=1488.986, num_selected_knots=2061
2025-09-06 20:36:16,247 - Iter 1526: obj=-1099.187488, change=4.90e-02, α=1.000, ‖θ[1:]‖₁=1489.351, num_selected_knots=2061
2025-09-06 20:36:19,758 - Iter 1527: obj=-1099.435461, change=4.90e-02, α=1.000, ‖θ[1:]‖₁=1489.715, num_selected_knots=2061
2025-09-06 20:36:23,160 - Iter 1528: obj=-1099.683189, change=4.90e-02, α=1.000, ‖θ[1:]‖₁=1490.079, num_selected_knots=2061
2025-09-06 20:36:26,612 - Iter 1529: obj=-1099.930669, change=4.89e-02, α=1.000, ‖θ[1:]‖₁=1490.443, num_selected_knots=2061
2025-09-06 20:36:30,067 - Iter 1530: obj=-1100.177896, change=4.89e-02, α=1.000, ‖θ[1:]‖₁=1490.807, num_selected_knots=2061
2025-09-06 20:36:33,494 - Iter 1531: obj=-1100.424870, change=4.89e-02, α=1.000, ‖θ[1:]‖₁=1491.170, num_selected_knots=2061
2025-09-06 20:36:36,917 - Iter 1532: obj=-1100.671589, change=4.89e-02, α=1.000, ‖θ[1:]‖₁=1491.533, num_selected_knots=2061
2025-09-06 20:36:40,298 - Iter 1533: obj=-1100.918051, change=4.88e-02, α=1.000, ‖θ[1:]‖₁=1491.896, num_selected_knots=2061
2025-09-06 20:36:43,668 - Iter 1534: obj=-1101.164256, change=4.88e-02, α=1.000, ‖θ[1:]‖₁=1492.258, num_selected_knots=2061
2025-09-06 20:36:47,116 - Iter 1535: obj=-1101.410203, change=4.88e-02, α=1.000, ‖θ[1:]‖₁=1492.620, num_selected_knots=2060
2025-09-06 20:36:50,544 - Iter 1536: obj=-1101.655884, change=4.88e-02, α=1.000, ‖θ[1:]‖₁=1492.982, num_selected_knots=2060
2025-09-06 20:36:54,006 - Iter 1537: obj=-1101.901308, change=4.87e-02, α=1.000, ‖θ[1:]‖₁=1493.344, num_selected_knots=2060
2025-09-06 20:36:57,624 - Iter 1538: obj=-1102.146473, change=4.87e-02, α=1.000, ‖θ[1:]‖₁=1493.705, num_selected_knots=2060
2025-09-06 20:37:01,217 - Iter 1539: obj=-1102.391380, change=4.87e-02, α=1.000, ‖θ[1:]‖₁=1494.066, num_selected_knots=2060
2025-09-06 20:37:04,695 - Iter 1540: obj=-1102.636029, change=4.86e-02, α=1.000, ‖θ[1:]‖₁=1494.427, num_selected_knots=2060
2025-09-06 20:37:08,060 - Iter 1541: obj=-1102.880420, change=4.86e-02, α=1.000, ‖θ[1:]‖₁=1494.787, num_selected_knots=2060
2025-09-06 20:37:11,446 - Iter 1542: obj=-1103.124554, change=4.86e-02, α=1.000, ‖θ[1:]‖₁=1495.148, num_selected_knots=2060
2025-09-06 20:37:14,860 - Iter 1543: obj=-1103.368429, change=4.86e-02, α=1.000, ‖θ[1:]‖₁=1495.508, num_selected_knots=2060
2025-09-06 20:37:18,314 - Iter 1544: obj=-1103.612047, change=4.85e-02, α=1.000, ‖θ[1:]‖₁=1495.868, num_selected_knots=2060
2025-09-06 20:37:21,818 - Iter 1545: obj=-1103.855407, change=4.85e-02, α=1.000, ‖θ[1:]‖₁=1496.230, num_selected_knots=2059
2025-09-06 20:37:25,247 - Iter 1546: obj=-1104.098557, change=4.85e-02, α=1.000, ‖θ[1:]‖₁=1496.593, num_selected_knots=2059
2025-09-06 20:37:28,792 - Iter 1547: obj=-1104.341372, change=4.85e-02, α=1.000, ‖θ[1:]‖₁=1496.954, num_selected_knots=2059
2025-09-06 20:37:32,220 - Iter 1548: obj=-1104.583996, change=4.84e-02, α=1.000, ‖θ[1:]‖₁=1497.315, num_selected_knots=2059
2025-09-06 20:37:35,639 - Iter 1549: obj=-1104.826415, change=4.84e-02, α=1.000, ‖θ[1:]‖₁=1497.675, num_selected_knots=2059
2025-09-06 20:37:39,035 - Iter 1550: obj=-1105.068617, change=4.84e-02, α=1.000, ‖θ[1:]‖₁=1498.035, num_selected_knots=2058
2025-09-06 20:37:42,455 - Iter 1551: obj=-1105.310591, change=4.84e-02, α=1.000, ‖θ[1:]‖₁=1498.395, num_selected_knots=2058
2025-09-06 20:37:45,893 - Iter 1552: obj=-1105.552327, change=4.83e-02, α=1.000, ‖θ[1:]‖₁=1498.754, num_selected_knots=2058
2025-09-06 20:37:49,328 - Iter 1553: obj=-1105.793825, change=4.83e-02, α=1.000, ‖θ[1:]‖₁=1499.113, num_selected_knots=2058
2025-09-06 20:37:52,752 - Iter 1554: obj=-1106.035078, change=4.83e-02, α=1.000, ‖θ[1:]‖₁=1499.472, num_selected_knots=2058
2025-09-06 20:37:56,154 - Iter 1555: obj=-1106.276083, change=4.83e-02, α=1.000, ‖θ[1:]‖₁=1499.830, num_selected_knots=2058
2025-09-06 20:37:59,589 - Iter 1556: obj=-1106.516837, change=4.82e-02, α=1.000, ‖θ[1:]‖₁=1500.188, num_selected_knots=2058
2025-09-06 20:38:03,080 - Iter 1557: obj=-1106.757338, change=4.82e-02, α=1.000, ‖θ[1:]‖₁=1500.546, num_selected_knots=2058
2025-09-06 20:38:06,592 - Iter 1558: obj=-1106.997583, change=4.82e-02, α=1.000, ‖θ[1:]‖₁=1500.903, num_selected_knots=2058
2025-09-06 20:38:09,939 - Iter 1559: obj=-1107.237571, change=4.82e-02, α=1.000, ‖θ[1:]‖₁=1501.260, num_selected_knots=2058
2025-09-06 20:38:13,371 - Iter 1560: obj=-1107.477302, change=4.81e-02, α=1.000, ‖θ[1:]‖₁=1501.617, num_selected_knots=2058
2025-09-06 20:38:16,832 - Iter 1561: obj=-1107.716774, change=4.81e-02, α=1.000, ‖θ[1:]‖₁=1501.973, num_selected_knots=2058
2025-09-06 20:38:20,254 - Iter 1562: obj=-1107.955987, change=4.81e-02, α=1.000, ‖θ[1:]‖₁=1502.330, num_selected_knots=2058
2025-09-06 20:38:23,724 - Iter 1563: obj=-1108.194942, change=4.81e-02, α=1.000, ‖θ[1:]‖₁=1502.685, num_selected_knots=2057
2025-09-06 20:38:27,138 - Iter 1564: obj=-1108.433629, change=4.80e-02, α=1.000, ‖θ[1:]‖₁=1503.041, num_selected_knots=2057
2025-09-06 20:38:30,548 - Iter 1565: obj=-1108.672055, change=4.80e-02, α=1.000, ‖θ[1:]‖₁=1503.396, num_selected_knots=2057
2025-09-06 20:38:33,974 - Iter 1566: obj=-1108.910225, change=4.80e-02, α=1.000, ‖θ[1:]‖₁=1503.751, num_selected_knots=2057
2025-09-06 20:38:37,393 - Iter 1567: obj=-1109.148138, change=4.80e-02, α=1.000, ‖θ[1:]‖₁=1504.106, num_selected_knots=2057
2025-09-06 20:38:40,779 - Iter 1568: obj=-1109.385795, change=4.79e-02, α=1.000, ‖θ[1:]‖₁=1504.461, num_selected_knots=2057
2025-09-06 20:38:44,208 - Iter 1569: obj=-1109.623195, change=4.79e-02, α=1.000, ‖θ[1:]‖₁=1504.815, num_selected_knots=2057
2025-09-06 20:38:47,658 - Iter 1570: obj=-1109.860339, change=4.79e-02, α=1.000, ‖θ[1:]‖₁=1505.169, num_selected_knots=2057
2025-09-06 20:38:51,089 - Iter 1571: obj=-1110.097228, change=4.79e-02, α=1.000, ‖θ[1:]‖₁=1505.522, num_selected_knots=2056
2025-09-06 20:38:54,505 - Iter 1572: obj=-1110.333848, change=4.78e-02, α=1.000, ‖θ[1:]‖₁=1505.876, num_selected_knots=2056
2025-09-06 20:38:58,089 - Iter 1573: obj=-1110.570213, change=4.78e-02, α=1.000, ‖θ[1:]‖₁=1506.229, num_selected_knots=2056
2025-09-06 20:39:01,503 - Iter 1574: obj=-1110.806326, change=4.78e-02, α=1.000, ‖θ[1:]‖₁=1506.581, num_selected_knots=2056
2025-09-06 20:39:04,916 - Iter 1575: obj=-1111.042187, change=4.77e-02, α=1.000, ‖θ[1:]‖₁=1506.934, num_selected_knots=2056
2025-09-06 20:39:08,309 - Iter 1576: obj=-1111.277797, change=4.77e-02, α=1.000, ‖θ[1:]‖₁=1507.286, num_selected_knots=2056
2025-09-06 20:39:11,646 - Iter 1577: obj=-1111.513157, change=4.77e-02, α=1.000, ‖θ[1:]‖₁=1507.638, num_selected_knots=2056
2025-09-06 20:39:15,092 - Iter 1578: obj=-1111.748266, change=4.77e-02, α=1.000, ‖θ[1:]‖₁=1507.990, num_selected_knots=2056
2025-09-06 20:39:18,495 - Iter 1579: obj=-1111.983125, change=4.76e-02, α=1.000, ‖θ[1:]‖₁=1508.341, num_selected_knots=2056
2025-09-06 20:39:21,900 - Iter 1580: obj=-1112.217734, change=4.76e-02, α=1.000, ‖θ[1:]‖₁=1508.692, num_selected_knots=2056
2025-09-06 20:39:25,345 - Iter 1581: obj=-1112.452095, change=4.76e-02, α=1.000, ‖θ[1:]‖₁=1509.043, num_selected_knots=2056
2025-09-06 20:39:28,841 - Iter 1582: obj=-1112.686206, change=4.76e-02, α=1.000, ‖θ[1:]‖₁=1509.394, num_selected_knots=2056
2025-09-06 20:39:32,393 - Iter 1583: obj=-1112.920070, change=4.75e-02, α=1.000, ‖θ[1:]‖₁=1509.744, num_selected_knots=2056
2025-09-06 20:39:35,851 - Iter 1584: obj=-1113.153687, change=4.75e-02, α=1.000, ‖θ[1:]‖₁=1510.094, num_selected_knots=2056
2025-09-06 20:39:39,275 - Iter 1585: obj=-1113.387056, change=4.75e-02, α=1.000, ‖θ[1:]‖₁=1510.444, num_selected_knots=2056
2025-09-06 20:39:42,755 - Iter 1586: obj=-1113.620179, change=4.75e-02, α=1.000, ‖θ[1:]‖₁=1510.794, num_selected_knots=2056
2025-09-06 20:39:46,220 - Iter 1587: obj=-1113.853056, change=4.74e-02, α=1.000, ‖θ[1:]‖₁=1511.143, num_selected_knots=2056
2025-09-06 20:39:50,186 - Iter 1588: obj=-1114.085688, change=4.74e-02, α=1.000, ‖θ[1:]‖₁=1511.492, num_selected_knots=2056
2025-09-06 20:39:53,761 - Iter 1589: obj=-1114.318075, change=4.74e-02, α=1.000, ‖θ[1:]‖₁=1511.841, num_selected_knots=2056
2025-09-06 20:39:57,266 - Iter 1590: obj=-1114.550217, change=4.74e-02, α=1.000, ‖θ[1:]‖₁=1512.190, num_selected_knots=2056
2025-09-06 20:40:00,762 - Iter 1591: obj=-1114.782115, change=4.73e-02, α=1.000, ‖θ[1:]‖₁=1512.538, num_selected_knots=2056
2025-09-06 20:40:04,205 - Iter 1592: obj=-1115.013770, change=4.73e-02, α=1.000, ‖θ[1:]‖₁=1512.886, num_selected_knots=2056
2025-09-06 20:40:07,696 - Iter 1593: obj=-1115.245183, change=4.73e-02, α=1.000, ‖θ[1:]‖₁=1513.234, num_selected_knots=2056
2025-09-06 20:40:11,207 - Iter 1594: obj=-1115.476352, change=4.73e-02, α=1.000, ‖θ[1:]‖₁=1513.582, num_selected_knots=2055
2025-09-06 20:40:14,683 - Iter 1595: obj=-1115.707282, change=4.72e-02, α=1.000, ‖θ[1:]‖₁=1513.929, num_selected_knots=2056
2025-09-06 20:40:18,169 - Iter 1596: obj=-1115.937966, change=4.72e-02, α=1.000, ‖θ[1:]‖₁=1514.276, num_selected_knots=2056
2025-09-06 20:40:21,638 - Iter 1597: obj=-1116.168408, change=4.72e-02, α=1.000, ‖θ[1:]‖₁=1514.623, num_selected_knots=2056
2025-09-06 20:40:25,070 - Iter 1598: obj=-1116.398610, change=4.72e-02, α=1.000, ‖θ[1:]‖₁=1514.970, num_selected_knots=2056
2025-09-06 20:40:28,544 - Iter 1599: obj=-1116.628571, change=4.71e-02, α=1.000, ‖θ[1:]‖₁=1515.317, num_selected_knots=2056
2025-09-06 20:40:32,025 - Iter 1600: obj=-1116.858292, change=4.71e-02, α=1.000, ‖θ[1:]‖₁=1515.663, num_selected_knots=2056
2025-09-06 20:40:35,450 - Iter 1601: obj=-1117.087774, change=4.71e-02, α=1.000, ‖θ[1:]‖₁=1516.009, num_selected_knots=2056
2025-09-06 20:40:38,901 - Iter 1602: obj=-1117.317016, change=4.71e-02, α=1.000, ‖θ[1:]‖₁=1516.354, num_selected_knots=2056
2025-09-06 20:40:42,317 - Iter 1603: obj=-1117.546021, change=4.70e-02, α=1.000, ‖θ[1:]‖₁=1516.700, num_selected_knots=2056
2025-09-06 20:40:45,738 - Iter 1604: obj=-1117.774787, change=4.70e-02, α=1.000, ‖θ[1:]‖₁=1517.045, num_selected_knots=2056
2025-09-06 20:40:49,146 - Iter 1605: obj=-1118.003315, change=4.70e-02, α=1.000, ‖θ[1:]‖₁=1517.390, num_selected_knots=2056
2025-09-06 20:40:52,602 - Iter 1606: obj=-1118.231607, change=4.70e-02, α=1.000, ‖θ[1:]‖₁=1517.735, num_selected_knots=2056
2025-09-06 20:40:56,033 - Iter 1607: obj=-1118.459662, change=4.69e-02, α=1.000, ‖θ[1:]‖₁=1518.079, num_selected_knots=2056
2025-09-06 20:40:59,691 - Iter 1608: obj=-1118.687481, change=4.69e-02, α=1.000, ‖θ[1:]‖₁=1518.424, num_selected_knots=2056
2025-09-06 20:41:03,168 - Iter 1609: obj=-1118.915063, change=4.69e-02, α=1.000, ‖θ[1:]‖₁=1518.768, num_selected_knots=2056
2025-09-06 20:41:06,673 - Iter 1610: obj=-1119.142411, change=4.69e-02, α=1.000, ‖θ[1:]‖₁=1519.112, num_selected_knots=2055
2025-09-06 20:41:10,135 - Iter 1611: obj=-1119.369546, change=4.68e-02, α=1.000, ‖θ[1:]‖₁=1519.457, num_selected_knots=2055
2025-09-06 20:41:13,519 - Iter 1612: obj=-1119.596472, change=4.68e-02, α=1.000, ‖θ[1:]‖₁=1519.801, num_selected_knots=2055
2025-09-06 20:41:16,963 - Iter 1613: obj=-1119.823183, change=4.68e-02, α=1.000, ‖θ[1:]‖₁=1520.145, num_selected_knots=2054
2025-09-06 20:41:20,384 - Iter 1614: obj=-1120.049674, change=4.68e-02, α=1.000, ‖θ[1:]‖₁=1520.488, num_selected_knots=2054
2025-09-06 20:41:23,781 - Iter 1615: obj=-1120.275939, change=4.67e-02, α=1.000, ‖θ[1:]‖₁=1520.832, num_selected_knots=2054
2025-09-06 20:41:27,211 - Iter 1616: obj=-1120.501980, change=4.67e-02, α=1.000, ‖θ[1:]‖₁=1521.175, num_selected_knots=2053
2025-09-06 20:41:30,665 - Iter 1617: obj=-1120.727795, change=4.67e-02, α=1.000, ‖θ[1:]‖₁=1521.517, num_selected_knots=2053
2025-09-06 20:41:34,067 - Iter 1618: obj=-1120.953382, change=4.67e-02, α=1.000, ‖θ[1:]‖₁=1521.860, num_selected_knots=2053
2025-09-06 20:41:37,450 - Iter 1619: obj=-1121.178739, change=4.66e-02, α=1.000, ‖θ[1:]‖₁=1522.202, num_selected_knots=2053
2025-09-06 20:41:40,852 - Iter 1620: obj=-1121.403866, change=4.66e-02, α=1.000, ‖θ[1:]‖₁=1522.546, num_selected_knots=2052
2025-09-06 20:41:44,235 - Iter 1621: obj=-1121.628761, change=4.66e-02, α=1.000, ‖θ[1:]‖₁=1522.893, num_selected_knots=2053
2025-09-06 20:41:47,685 - Iter 1622: obj=-1121.853438, change=4.66e-02, α=1.000, ‖θ[1:]‖₁=1523.241, num_selected_knots=2053
2025-09-06 20:41:51,078 - Iter 1623: obj=-1122.077959, change=4.66e-02, α=1.000, ‖θ[1:]‖₁=1523.587, num_selected_knots=2053
2025-09-06 20:41:54,434 - Iter 1624: obj=-1122.302310, change=4.65e-02, α=1.000, ‖θ[1:]‖₁=1523.933, num_selected_knots=2053
2025-09-06 20:41:57,814 - Iter 1625: obj=-1122.526476, change=4.65e-02, α=1.000, ‖θ[1:]‖₁=1524.279, num_selected_knots=2053
2025-09-06 20:42:01,250 - Iter 1626: obj=-1122.750445, change=4.65e-02, α=1.000, ‖θ[1:]‖₁=1524.624, num_selected_knots=2053
2025-09-06 20:42:04,613 - Iter 1627: obj=-1122.974207, change=4.65e-02, α=1.000, ‖θ[1:]‖₁=1524.969, num_selected_knots=2053
2025-09-06 20:42:07,961 - Iter 1628: obj=-1123.197755, change=4.65e-02, α=1.000, ‖θ[1:]‖₁=1525.313, num_selected_knots=2053
2025-09-06 20:42:11,328 - Iter 1629: obj=-1123.421082, change=4.64e-02, α=1.000, ‖θ[1:]‖₁=1525.658, num_selected_knots=2053
2025-09-06 20:42:14,687 - Iter 1630: obj=-1123.644183, change=4.64e-02, α=1.000, ‖θ[1:]‖₁=1526.002, num_selected_knots=2053
2025-09-06 20:42:18,100 - Iter 1631: obj=-1123.867054, change=4.64e-02, α=1.000, ‖θ[1:]‖₁=1526.345, num_selected_knots=2053
2025-09-06 20:42:21,485 - Iter 1632: obj=-1124.089692, change=4.64e-02, α=1.000, ‖θ[1:]‖₁=1526.689, num_selected_knots=2052
2025-09-06 20:42:24,849 - Iter 1633: obj=-1124.312093, change=4.63e-02, α=1.000, ‖θ[1:]‖₁=1527.032, num_selected_knots=2052
2025-09-06 20:42:28,265 - Iter 1634: obj=-1124.534251, change=4.63e-02, α=1.000, ‖θ[1:]‖₁=1527.374, num_selected_knots=2052
2025-09-06 20:42:31,689 - Iter 1635: obj=-1124.756170, change=4.63e-02, α=1.000, ‖θ[1:]‖₁=1527.717, num_selected_knots=2052
2025-09-06 20:42:35,109 - Iter 1636: obj=-1124.977851, change=4.63e-02, α=1.000, ‖θ[1:]‖₁=1528.059, num_selected_knots=2052
2025-09-06 20:42:38,469 - Iter 1637: obj=-1125.199291, change=4.62e-02, α=1.000, ‖θ[1:]‖₁=1528.401, num_selected_knots=2052
2025-09-06 20:42:41,875 - Iter 1638: obj=-1125.420491, change=4.62e-02, α=1.000, ‖θ[1:]‖₁=1528.743, num_selected_knots=2051
2025-09-06 20:42:45,268 - Iter 1639: obj=-1125.641449, change=4.62e-02, α=1.000, ‖θ[1:]‖₁=1529.084, num_selected_knots=2050
2025-09-06 20:42:48,646 - Iter 1640: obj=-1125.862163, change=4.62e-02, α=1.000, ‖θ[1:]‖₁=1529.425, num_selected_knots=2050
2025-09-06 20:42:52,046 - Iter 1641: obj=-1126.082634, change=4.61e-02, α=1.000, ‖θ[1:]‖₁=1529.766, num_selected_knots=2050
2025-09-06 20:42:55,873 - Iter 1642: obj=-1126.302865, change=4.61e-02, α=1.000, ‖θ[1:]‖₁=1530.106, num_selected_knots=2050
2025-09-06 20:43:02,516 - Iter 1643: obj=-1126.522857, change=4.61e-02, α=1.000, ‖θ[1:]‖₁=1530.447, num_selected_knots=2050
2025-09-06 20:43:06,045 - Iter 1644: obj=-1126.742609, change=4.60e-02, α=1.000, ‖θ[1:]‖₁=1530.787, num_selected_knots=2050
2025-09-06 20:43:09,334 - Iter 1645: obj=-1126.962122, change=4.60e-02, α=1.000, ‖θ[1:]‖₁=1531.126, num_selected_knots=2050
2025-09-06 20:43:12,678 - Iter 1646: obj=-1127.181397, change=4.60e-02, α=1.000, ‖θ[1:]‖₁=1531.466, num_selected_knots=2050
2025-09-06 20:43:16,032 - Iter 1647: obj=-1127.400433, change=4.60e-02, α=1.000, ‖θ[1:]‖₁=1531.805, num_selected_knots=2050
2025-09-06 20:43:19,330 - Iter 1648: obj=-1127.619231, change=4.59e-02, α=1.000, ‖θ[1:]‖₁=1532.144, num_selected_knots=2050
2025-09-06 20:43:22,622 - Iter 1649: obj=-1127.837792, change=4.59e-02, α=1.000, ‖θ[1:]‖₁=1532.483, num_selected_knots=2050
2025-09-06 20:43:25,916 - Iter 1650: obj=-1128.056117, change=4.59e-02, α=1.000, ‖θ[1:]‖₁=1532.821, num_selected_knots=2050
2025-09-06 20:43:29,394 - Iter 1651: obj=-1128.274206, change=4.59e-02, α=1.000, ‖θ[1:]‖₁=1533.160, num_selected_knots=2050
2025-09-06 20:43:32,769 - Iter 1652: obj=-1128.492059, change=4.58e-02, α=1.000, ‖θ[1:]‖₁=1533.498, num_selected_knots=2050
2025-09-06 20:43:36,114 - Iter 1653: obj=-1128.709677, change=4.58e-02, α=1.000, ‖θ[1:]‖₁=1533.835, num_selected_knots=2050
2025-09-06 20:43:39,497 - Iter 1654: obj=-1128.927061, change=4.58e-02, α=1.000, ‖θ[1:]‖₁=1534.173, num_selected_knots=2050
2025-09-06 20:43:42,960 - Iter 1655: obj=-1129.144212, change=4.58e-02, α=1.000, ‖θ[1:]‖₁=1534.510, num_selected_knots=2050
2025-09-06 20:43:46,294 - Iter 1656: obj=-1129.361129, change=4.57e-02, α=1.000, ‖θ[1:]‖₁=1534.847, num_selected_knots=2050
2025-09-06 20:43:49,710 - Iter 1657: obj=-1129.577814, change=4.57e-02, α=1.000, ‖θ[1:]‖₁=1535.184, num_selected_knots=2050
2025-09-06 20:43:53,071 - Iter 1658: obj=-1129.794267, change=4.57e-02, α=1.000, ‖θ[1:]‖₁=1535.520, num_selected_knots=2049
2025-09-06 20:43:56,458 - Iter 1659: obj=-1130.010489, change=4.57e-02, α=1.000, ‖θ[1:]‖₁=1535.857, num_selected_knots=2048
2025-09-06 20:43:59,798 - Iter 1660: obj=-1130.226477, change=4.56e-02, α=1.000, ‖θ[1:]‖₁=1536.193, num_selected_knots=2048
2025-09-06 20:44:03,188 - Iter 1661: obj=-1130.442234, change=4.56e-02, α=1.000, ‖θ[1:]‖₁=1536.529, num_selected_knots=2048
2025-09-06 20:44:06,513 - Iter 1662: obj=-1130.657763, change=4.56e-02, α=1.000, ‖θ[1:]‖₁=1536.864, num_selected_knots=2048
2025-09-06 20:44:09,972 - Iter 1663: obj=-1130.873062, change=4.56e-02, α=1.000, ‖θ[1:]‖₁=1537.199, num_selected_knots=2048
2025-09-06 20:44:13,316 - Iter 1664: obj=-1131.088134, change=4.55e-02, α=1.000, ‖θ[1:]‖₁=1537.534, num_selected_knots=2046
2025-09-06 20:44:16,659 - Iter 1665: obj=-1131.302976, change=4.55e-02, α=1.000, ‖θ[1:]‖₁=1537.869, num_selected_knots=2048
2025-09-06 20:44:19,985 - Iter 1666: obj=-1131.517579, change=4.55e-02, α=1.000, ‖θ[1:]‖₁=1538.204, num_selected_knots=2048
2025-09-06 20:44:23,342 - Iter 1667: obj=-1131.731956, change=4.55e-02, α=1.000, ‖θ[1:]‖₁=1538.538, num_selected_knots=2048
2025-09-06 20:44:26,724 - Iter 1668: obj=-1131.946108, change=4.55e-02, α=1.000, ‖θ[1:]‖₁=1538.873, num_selected_knots=2048
2025-09-06 20:44:30,087 - Iter 1669: obj=-1132.160034, change=4.54e-02, α=1.000, ‖θ[1:]‖₁=1539.207, num_selected_knots=2048
2025-09-06 20:44:33,449 - Iter 1670: obj=-1132.373736, change=4.54e-02, α=1.000, ‖θ[1:]‖₁=1539.541, num_selected_knots=2047
2025-09-06 20:44:36,760 - Iter 1671: obj=-1132.587215, change=4.54e-02, α=1.000, ‖θ[1:]‖₁=1539.874, num_selected_knots=2047
2025-09-06 20:44:40,147 - Iter 1672: obj=-1132.800470, change=4.54e-02, α=1.000, ‖θ[1:]‖₁=1540.207, num_selected_knots=2047
2025-09-06 20:44:43,509 - Iter 1673: obj=-1133.013501, change=4.53e-02, α=1.000, ‖θ[1:]‖₁=1540.540, num_selected_knots=2046
2025-09-06 20:44:46,892 - Iter 1674: obj=-1133.226307, change=4.53e-02, α=1.000, ‖θ[1:]‖₁=1540.873, num_selected_knots=2047
2025-09-06 20:44:50,536 - Iter 1675: obj=-1133.438890, change=4.53e-02, α=1.000, ‖θ[1:]‖₁=1541.206, num_selected_knots=2046
2025-09-06 20:44:53,893 - Iter 1676: obj=-1133.651249, change=4.53e-02, α=1.000, ‖θ[1:]‖₁=1541.539, num_selected_knots=2046
2025-09-06 20:44:57,443 - Iter 1677: obj=-1133.863383, change=4.52e-02, α=1.000, ‖θ[1:]‖₁=1541.871, num_selected_knots=2047
2025-09-06 20:45:00,962 - Iter 1678: obj=-1134.075295, change=4.52e-02, α=1.000, ‖θ[1:]‖₁=1542.203, num_selected_knots=2046
2025-09-06 20:45:04,540 - Iter 1679: obj=-1134.286987, change=4.52e-02, α=1.000, ‖θ[1:]‖₁=1542.534, num_selected_knots=2046
2025-09-06 20:45:08,011 - Iter 1680: obj=-1134.498459, change=4.52e-02, α=1.000, ‖θ[1:]‖₁=1542.866, num_selected_knots=2046
2025-09-06 20:45:11,467 - Iter 1681: obj=-1134.709712, change=4.51e-02, α=1.000, ‖θ[1:]‖₁=1543.197, num_selected_knots=2046
2025-09-06 20:45:14,901 - Iter 1682: obj=-1134.920746, change=4.51e-02, α=1.000, ‖θ[1:]‖₁=1543.528, num_selected_knots=2046
2025-09-06 20:45:18,347 - Iter 1683: obj=-1135.131560, change=4.51e-02, α=1.000, ‖θ[1:]‖₁=1543.859, num_selected_knots=2046
2025-09-06 20:45:21,771 - Iter 1684: obj=-1135.342157, change=4.51e-02, α=1.000, ‖θ[1:]‖₁=1544.190, num_selected_knots=2046
2025-09-06 20:45:25,236 - Iter 1685: obj=-1135.552535, change=4.50e-02, α=1.000, ‖θ[1:]‖₁=1544.520, num_selected_knots=2046
2025-09-06 20:45:28,758 - Iter 1686: obj=-1135.762696, change=4.50e-02, α=1.000, ‖θ[1:]‖₁=1544.850, num_selected_knots=2046
2025-09-06 20:45:32,196 - Iter 1687: obj=-1135.972639, change=4.50e-02, α=1.000, ‖θ[1:]‖₁=1545.180, num_selected_knots=2045
2025-09-06 20:45:35,625 - Iter 1688: obj=-1136.182366, change=4.50e-02, α=1.000, ‖θ[1:]‖₁=1545.510, num_selected_knots=2045
2025-09-06 20:45:39,041 - Iter 1689: obj=-1136.391871, change=4.49e-02, α=1.000, ‖θ[1:]‖₁=1545.839, num_selected_knots=2045
2025-09-06 20:45:42,593 - Iter 1690: obj=-1136.601161, change=4.49e-02, α=1.000, ‖θ[1:]‖₁=1546.168, num_selected_knots=2045
2025-09-06 20:45:46,094 - Iter 1691: obj=-1136.810235, change=4.49e-02, α=1.000, ‖θ[1:]‖₁=1546.497, num_selected_knots=2045
2025-09-06 20:45:49,558 - Iter 1692: obj=-1137.019095, change=4.49e-02, α=1.000, ‖θ[1:]‖₁=1546.826, num_selected_knots=2045
2025-09-06 20:45:53,027 - Iter 1693: obj=-1137.227740, change=4.49e-02, α=1.000, ‖θ[1:]‖₁=1547.155, num_selected_knots=2045
2025-09-06 20:45:56,483 - Iter 1694: obj=-1137.436171, change=4.48e-02, α=1.000, ‖θ[1:]‖₁=1547.483, num_selected_knots=2045
2025-09-06 20:45:59,904 - Iter 1695: obj=-1137.644389, change=4.48e-02, α=1.000, ‖θ[1:]‖₁=1547.811, num_selected_knots=2045
2025-09-06 20:46:03,429 - Iter 1696: obj=-1137.852392, change=4.48e-02, α=1.000, ‖θ[1:]‖₁=1548.139, num_selected_knots=2045
2025-09-06 20:46:06,880 - Iter 1697: obj=-1138.060182, change=4.48e-02, α=1.000, ‖θ[1:]‖₁=1548.466, num_selected_knots=2045
2025-09-06 20:46:10,223 - Iter 1698: obj=-1138.267759, change=4.47e-02, α=1.000, ‖θ[1:]‖₁=1548.794, num_selected_knots=2045
2025-09-06 20:46:13,623 - Iter 1699: obj=-1138.475124, change=4.47e-02, α=1.000, ‖θ[1:]‖₁=1549.121, num_selected_knots=2045
2025-09-06 20:46:17,004 - Iter 1700: obj=-1138.682276, change=4.47e-02, α=1.000, ‖θ[1:]‖₁=1549.448, num_selected_knots=2045
2025-09-06 20:46:20,459 - Iter 1701: obj=-1138.889216, change=4.47e-02, α=1.000, ‖θ[1:]‖₁=1549.775, num_selected_knots=2043
2025-09-06 20:46:23,821 - Iter 1702: obj=-1139.095939, change=4.46e-02, α=1.000, ‖θ[1:]‖₁=1550.101, num_selected_knots=2043
2025-09-06 20:46:27,201 - Iter 1703: obj=-1139.302450, change=4.46e-02, α=1.000, ‖θ[1:]‖₁=1550.428, num_selected_knots=2043
2025-09-06 20:46:30,725 - Iter 1704: obj=-1139.508751, change=4.46e-02, α=1.000, ‖θ[1:]‖₁=1550.754, num_selected_knots=2043
2025-09-06 20:46:34,138 - Iter 1705: obj=-1139.714842, change=4.46e-02, α=1.000, ‖θ[1:]‖₁=1551.079, num_selected_knots=2043
2025-09-06 20:46:37,544 - Iter 1706: obj=-1139.920723, change=4.46e-02, α=1.000, ‖θ[1:]‖₁=1551.405, num_selected_knots=2043
2025-09-06 20:46:40,948 - Iter 1707: obj=-1140.126394, change=4.45e-02, α=1.000, ‖θ[1:]‖₁=1551.730, num_selected_knots=2042
2025-09-06 20:46:44,439 - Iter 1708: obj=-1140.331856, change=4.45e-02, α=1.000, ‖θ[1:]‖₁=1552.056, num_selected_knots=2041
2025-09-06 20:46:47,800 - Iter 1709: obj=-1140.537104, change=4.45e-02, α=1.000, ‖θ[1:]‖₁=1552.381, num_selected_knots=2042
2025-09-06 20:46:51,186 - Iter 1710: obj=-1140.742143, change=4.45e-02, α=1.000, ‖θ[1:]‖₁=1552.705, num_selected_knots=2042
2025-09-06 20:46:54,675 - Iter 1711: obj=-1140.946974, change=4.44e-02, α=1.000, ‖θ[1:]‖₁=1553.030, num_selected_knots=2041
2025-09-06 20:46:58,251 - Iter 1712: obj=-1141.151600, change=4.44e-02, α=1.000, ‖θ[1:]‖₁=1553.354, num_selected_knots=2042
2025-09-06 20:47:02,010 - Iter 1713: obj=-1141.356021, change=4.44e-02, α=1.000, ‖θ[1:]‖₁=1553.678, num_selected_knots=2042
2025-09-06 20:47:05,453 - Iter 1714: obj=-1141.560232, change=4.44e-02, α=1.000, ‖θ[1:]‖₁=1554.002, num_selected_knots=2042
2025-09-06 20:47:09,018 - Iter 1715: obj=-1141.764235, change=4.43e-02, α=1.000, ‖θ[1:]‖₁=1554.326, num_selected_knots=2042
2025-09-06 20:47:12,509 - Iter 1716: obj=-1141.968030, change=4.43e-02, α=1.000, ‖θ[1:]‖₁=1554.649, num_selected_knots=2042
2025-09-06 20:47:15,940 - Iter 1717: obj=-1142.171617, change=4.43e-02, α=1.000, ‖θ[1:]‖₁=1554.973, num_selected_knots=2042
2025-09-06 20:47:19,283 - Iter 1718: obj=-1142.374996, change=4.43e-02, α=1.000, ‖θ[1:]‖₁=1555.296, num_selected_knots=2042
2025-09-06 20:47:22,650 - Iter 1719: obj=-1142.578169, change=4.43e-02, α=1.000, ‖θ[1:]‖₁=1555.619, num_selected_knots=2042
2025-09-06 20:47:26,034 - Iter 1720: obj=-1142.781135, change=4.42e-02, α=1.000, ‖θ[1:]‖₁=1555.941, num_selected_knots=2042
2025-09-06 20:47:29,477 - Iter 1721: obj=-1142.983894, change=4.42e-02, α=1.000, ‖θ[1:]‖₁=1556.264, num_selected_knots=2042
2025-09-06 20:47:32,961 - Iter 1722: obj=-1143.186448, change=4.42e-02, α=1.000, ‖θ[1:]‖₁=1556.586, num_selected_knots=2042
2025-09-06 20:47:36,429 - Iter 1723: obj=-1143.388796, change=4.42e-02, α=1.000, ‖θ[1:]‖₁=1556.908, num_selected_knots=2042
2025-09-06 20:47:39,799 - Iter 1724: obj=-1143.590938, change=4.41e-02, α=1.000, ‖θ[1:]‖₁=1557.230, num_selected_knots=2042
2025-09-06 20:47:43,180 - Iter 1725: obj=-1143.792875, change=4.41e-02, α=1.000, ‖θ[1:]‖₁=1557.551, num_selected_knots=2042
2025-09-06 20:47:46,625 - Iter 1726: obj=-1143.994608, change=4.41e-02, α=1.000, ‖θ[1:]‖₁=1557.872, num_selected_knots=2042
2025-09-06 20:47:50,004 - Iter 1727: obj=-1144.196136, change=4.41e-02, α=1.000, ‖θ[1:]‖₁=1558.194, num_selected_knots=2042
2025-09-06 20:47:53,363 - Iter 1728: obj=-1144.397460, change=4.40e-02, α=1.000, ‖θ[1:]‖₁=1558.515, num_selected_knots=2042
2025-09-06 20:47:56,775 - Iter 1729: obj=-1144.598579, change=4.40e-02, α=1.000, ‖θ[1:]‖₁=1558.835, num_selected_knots=2042
2025-09-06 20:48:00,183 - Iter 1730: obj=-1144.799495, change=4.40e-02, α=1.000, ‖θ[1:]‖₁=1559.156, num_selected_knots=2042
2025-09-06 20:48:03,572 - Iter 1731: obj=-1145.000208, change=4.40e-02, α=1.000, ‖θ[1:]‖₁=1559.476, num_selected_knots=2041
2025-09-06 20:48:07,058 - Iter 1732: obj=-1145.200714, change=4.40e-02, α=1.000, ‖θ[1:]‖₁=1559.796, num_selected_knots=2041
2025-09-06 20:48:10,482 - Iter 1733: obj=-1145.401014, change=4.39e-02, α=1.000, ‖θ[1:]‖₁=1560.116, num_selected_knots=2041
2025-09-06 20:48:13,896 - Iter 1734: obj=-1145.601112, change=4.39e-02, α=1.000, ‖θ[1:]‖₁=1560.436, num_selected_knots=2041
2025-09-06 20:48:17,303 - Iter 1735: obj=-1145.801009, change=4.39e-02, α=1.000, ‖θ[1:]‖₁=1560.755, num_selected_knots=2040
2025-09-06 20:48:20,659 - Iter 1736: obj=-1146.000696, change=4.39e-02, α=1.000, ‖θ[1:]‖₁=1561.074, num_selected_knots=2040
2025-09-06 20:48:24,047 - Iter 1737: obj=-1146.200181, change=4.38e-02, α=1.000, ‖θ[1:]‖₁=1561.393, num_selected_knots=2040
2025-09-06 20:48:27,417 - Iter 1738: obj=-1146.399466, change=4.38e-02, α=1.000, ‖θ[1:]‖₁=1561.712, num_selected_knots=2040
2025-09-06 20:48:30,799 - Iter 1739: obj=-1146.598552, change=4.38e-02, α=1.000, ‖θ[1:]‖₁=1562.031, num_selected_knots=2040
2025-09-06 20:48:34,177 - Iter 1740: obj=-1146.797437, change=4.38e-02, α=1.000, ‖θ[1:]‖₁=1562.349, num_selected_knots=2040
2025-09-06 20:48:37,523 - Iter 1741: obj=-1146.996122, change=4.38e-02, α=1.000, ‖θ[1:]‖₁=1562.667, num_selected_knots=2040
2025-09-06 20:48:45,468 - Iter 1742: obj=-1147.194608, change=4.37e-02, α=1.000, ‖θ[1:]‖₁=1562.985, num_selected_knots=2040
2025-09-06 20:48:49,023 - Iter 1743: obj=-1147.392893, change=4.37e-02, α=1.000, ‖θ[1:]‖₁=1563.303, num_selected_knots=2040
2025-09-06 20:48:52,387 - Iter 1744: obj=-1147.590980, change=4.37e-02, α=1.000, ‖θ[1:]‖₁=1563.620, num_selected_knots=2040
2025-09-06 20:48:55,714 - Iter 1745: obj=-1147.788867, change=4.37e-02, α=1.000, ‖θ[1:]‖₁=1563.938, num_selected_knots=2040
2025-09-06 20:48:59,413 - Iter 1746: obj=-1147.986554, change=4.36e-02, α=1.000, ‖θ[1:]‖₁=1564.255, num_selected_knots=2040
2025-09-06 20:49:02,767 - Iter 1747: obj=-1148.184043, change=4.36e-02, α=1.000, ‖θ[1:]‖₁=1564.572, num_selected_knots=2040
2025-09-06 20:49:06,091 - Iter 1748: obj=-1148.381332, change=4.36e-02, α=1.000, ‖θ[1:]‖₁=1564.888, num_selected_knots=2040
2025-09-06 20:49:09,435 - Iter 1749: obj=-1148.578423, change=4.36e-02, α=1.000, ‖θ[1:]‖₁=1565.205, num_selected_knots=2039
2025-09-06 20:49:12,780 - Iter 1750: obj=-1148.775320, change=4.36e-02, α=1.000, ‖θ[1:]‖₁=1565.521, num_selected_knots=2040
2025-09-06 20:49:16,117 - Iter 1751: obj=-1148.972016, change=4.35e-02, α=1.000, ‖θ[1:]‖₁=1565.837, num_selected_knots=2040
2025-09-06 20:49:19,510 - Iter 1752: obj=-1149.168512, change=4.35e-02, α=1.000, ‖θ[1:]‖₁=1566.153, num_selected_knots=2040
2025-09-06 20:49:22,870 - Iter 1753: obj=-1149.364810, change=4.35e-02, α=1.000, ‖θ[1:]‖₁=1566.469, num_selected_knots=2040
2025-09-06 20:49:26,265 - Iter 1754: obj=-1149.560910, change=4.35e-02, α=1.000, ‖θ[1:]‖₁=1566.784, num_selected_knots=2040
2025-09-06 20:49:30,193 - Iter 1755: obj=-1149.756811, change=4.34e-02, α=1.000, ‖θ[1:]‖₁=1567.100, num_selected_knots=2040
2025-09-06 20:49:33,562 - Iter 1756: obj=-1149.952514, change=4.34e-02, α=1.000, ‖θ[1:]‖₁=1567.415, num_selected_knots=2040
2025-09-06 20:49:36,969 - Iter 1757: obj=-1150.148020, change=4.34e-02, α=1.000, ‖θ[1:]‖₁=1567.730, num_selected_knots=2040
2025-09-06 20:49:40,345 - Iter 1758: obj=-1150.343328, change=4.34e-02, α=1.000, ‖θ[1:]‖₁=1568.044, num_selected_knots=2040
2025-09-06 20:49:43,736 - Iter 1759: obj=-1150.538439, change=4.34e-02, α=1.000, ‖θ[1:]‖₁=1568.359, num_selected_knots=2040
2025-09-06 20:49:47,112 - Iter 1760: obj=-1150.733353, change=4.33e-02, α=1.000, ‖θ[1:]‖₁=1568.673, num_selected_knots=2039
2025-09-06 20:49:51,250 - Iter 1761: obj=-1150.928067, change=4.33e-02, α=1.000, ‖θ[1:]‖₁=1568.987, num_selected_knots=2039
2025-09-06 20:49:54,747 - Iter 1762: obj=-1151.122582, change=4.33e-02, α=1.000, ‖θ[1:]‖₁=1569.301, num_selected_knots=2039
2025-09-06 20:49:58,295 - Iter 1763: obj=-1151.316903, change=4.33e-02, α=1.000, ‖θ[1:]‖₁=1569.615, num_selected_knots=2039
2025-09-06 20:50:01,685 - Iter 1764: obj=-1151.511028, change=4.32e-02, α=1.000, ‖θ[1:]‖₁=1569.928, num_selected_knots=2039
2025-09-06 20:50:05,076 - Iter 1765: obj=-1151.704958, change=4.32e-02, α=1.000, ‖θ[1:]‖₁=1570.242, num_selected_knots=2039
2025-09-06 20:50:08,478 - Iter 1766: obj=-1151.898694, change=4.32e-02, α=1.000, ‖θ[1:]‖₁=1570.555, num_selected_knots=2039
2025-09-06 20:50:12,089 - Iter 1767: obj=-1152.092234, change=4.32e-02, α=1.000, ‖θ[1:]‖₁=1570.868, num_selected_knots=2039
2025-09-06 20:50:15,495 - Iter 1768: obj=-1152.285580, change=4.32e-02, α=1.000, ‖θ[1:]‖₁=1571.180, num_selected_knots=2038
2025-09-06 20:50:18,955 - Iter 1769: obj=-1152.478731, change=4.31e-02, α=1.000, ‖θ[1:]‖₁=1571.493, num_selected_knots=2038
2025-09-06 20:50:22,329 - Iter 1770: obj=-1152.671688, change=4.31e-02, α=1.000, ‖θ[1:]‖₁=1571.805, num_selected_knots=2038
2025-09-06 20:50:25,715 - Iter 1771: obj=-1152.864451, change=4.31e-02, α=1.000, ‖θ[1:]‖₁=1572.117, num_selected_knots=2038
2025-09-06 20:50:29,160 - Iter 1772: obj=-1153.057020, change=4.31e-02, α=1.000, ‖θ[1:]‖₁=1572.429, num_selected_knots=2038
2025-09-06 20:50:32,690 - Iter 1773: obj=-1153.249395, change=4.30e-02, α=1.000, ‖θ[1:]‖₁=1572.741, num_selected_knots=2038
2025-09-06 20:50:36,177 - Iter 1774: obj=-1153.441577, change=4.30e-02, α=1.000, ‖θ[1:]‖₁=1573.052, num_selected_knots=2038
2025-09-06 20:50:39,637 - Iter 1775: obj=-1153.633566, change=4.30e-02, α=1.000, ‖θ[1:]‖₁=1573.364, num_selected_knots=2038
2025-09-06 20:50:43,084 - Iter 1776: obj=-1153.825361, change=4.30e-02, α=1.000, ‖θ[1:]‖₁=1573.675, num_selected_knots=2038
2025-09-06 20:50:46,595 - Iter 1777: obj=-1154.016963, change=4.30e-02, α=1.000, ‖θ[1:]‖₁=1573.986, num_selected_knots=2038
2025-09-06 20:50:50,036 - Iter 1778: obj=-1154.208372, change=4.29e-02, α=1.000, ‖θ[1:]‖₁=1574.296, num_selected_knots=2037
2025-09-06 20:50:53,500 - Iter 1779: obj=-1154.399588, change=4.29e-02, α=1.000, ‖θ[1:]‖₁=1574.607, num_selected_knots=2037
2025-09-06 20:50:57,009 - Iter 1780: obj=-1154.590609, change=4.29e-02, α=1.000, ‖θ[1:]‖₁=1574.917, num_selected_knots=2037
2025-09-06 20:51:00,621 - Iter 1781: obj=-1154.781439, change=4.29e-02, α=1.000, ‖θ[1:]‖₁=1575.227, num_selected_knots=2037
2025-09-06 20:51:04,105 - Iter 1782: obj=-1154.972077, change=4.28e-02, α=1.000, ‖θ[1:]‖₁=1575.537, num_selected_knots=2037
2025-09-06 20:51:07,552 - Iter 1783: obj=-1155.162523, change=4.28e-02, α=1.000, ‖θ[1:]‖₁=1575.847, num_selected_knots=2037
2025-09-06 20:51:10,966 - Iter 1784: obj=-1155.352778, change=4.28e-02, α=1.000, ‖θ[1:]‖₁=1576.156, num_selected_knots=2037
2025-09-06 20:51:14,389 - Iter 1785: obj=-1155.542842, change=4.28e-02, α=1.000, ‖θ[1:]‖₁=1576.465, num_selected_knots=2037
2025-09-06 20:51:17,824 - Iter 1786: obj=-1155.732715, change=4.28e-02, α=1.000, ‖θ[1:]‖₁=1576.775, num_selected_knots=2037
2025-09-06 20:51:21,268 - Iter 1787: obj=-1155.922397, change=4.27e-02, α=1.000, ‖θ[1:]‖₁=1577.083, num_selected_knots=2036
2025-09-06 20:51:24,705 - Iter 1788: obj=-1156.111887, change=4.27e-02, α=1.000, ‖θ[1:]‖₁=1577.392, num_selected_knots=2036
2025-09-06 20:51:28,173 - Iter 1789: obj=-1156.301185, change=4.27e-02, α=1.000, ‖θ[1:]‖₁=1577.701, num_selected_knots=2036
2025-09-06 20:51:31,642 - Iter 1790: obj=-1156.490293, change=4.27e-02, α=1.000, ‖θ[1:]‖₁=1578.009, num_selected_knots=2036
2025-09-06 20:51:35,064 - Iter 1791: obj=-1156.679211, change=4.26e-02, α=1.000, ‖θ[1:]‖₁=1578.317, num_selected_knots=2036
2025-09-06 20:51:38,474 - Iter 1792: obj=-1156.867939, change=4.26e-02, α=1.000, ‖θ[1:]‖₁=1578.625, num_selected_knots=2036
2025-09-06 20:51:41,909 - Iter 1793: obj=-1157.056478, change=4.26e-02, α=1.000, ‖θ[1:]‖₁=1578.933, num_selected_knots=2036
2025-09-06 20:51:45,321 - Iter 1794: obj=-1157.244828, change=4.26e-02, α=1.000, ‖θ[1:]‖₁=1579.240, num_selected_knots=2036
2025-09-06 20:51:48,700 - Iter 1795: obj=-1157.432988, change=4.26e-02, α=1.000, ‖θ[1:]‖₁=1579.548, num_selected_knots=2036
2025-09-06 20:51:52,153 - Iter 1796: obj=-1157.620960, change=4.25e-02, α=1.000, ‖θ[1:]‖₁=1579.855, num_selected_knots=2036
2025-09-06 20:51:55,563 - Iter 1797: obj=-1157.808742, change=4.25e-02, α=1.000, ‖θ[1:]‖₁=1580.162, num_selected_knots=2035
2025-09-06 20:51:58,933 - Iter 1798: obj=-1157.996334, change=4.25e-02, α=1.000, ‖θ[1:]‖₁=1580.468, num_selected_knots=2035
2025-09-06 20:52:02,296 - Iter 1799: obj=-1158.183735, change=4.25e-02, α=1.000, ‖θ[1:]‖₁=1580.775, num_selected_knots=2035
2025-09-06 20:52:05,690 - Iter 1800: obj=-1158.370948, change=4.25e-02, α=1.000, ‖θ[1:]‖₁=1581.081, num_selected_knots=2035
2025-09-06 20:52:09,089 - Iter 1801: obj=-1158.557974, change=4.24e-02, α=1.000, ‖θ[1:]‖₁=1581.387, num_selected_knots=2035
2025-09-06 20:52:12,461 - Iter 1802: obj=-1158.744812, change=4.24e-02, α=1.000, ‖θ[1:]‖₁=1581.693, num_selected_knots=2035
2025-09-06 20:52:15,894 - Iter 1803: obj=-1158.931463, change=4.24e-02, α=1.000, ‖θ[1:]‖₁=1581.999, num_selected_knots=2035
2025-09-06 20:52:19,323 - Iter 1804: obj=-1159.117927, change=4.24e-02, α=1.000, ‖θ[1:]‖₁=1582.305, num_selected_knots=2035
2025-09-06 20:52:22,749 - Iter 1805: obj=-1159.304204, change=4.23e-02, α=1.000, ‖θ[1:]‖₁=1582.610, num_selected_knots=2034
2025-09-06 20:52:26,133 - Iter 1806: obj=-1159.490287, change=4.23e-02, α=1.000, ‖θ[1:]‖₁=1582.915, num_selected_knots=2034
2025-09-06 20:52:29,519 - Iter 1807: obj=-1159.676184, change=4.23e-02, α=1.000, ‖θ[1:]‖₁=1583.220, num_selected_knots=2034
2025-09-06 20:52:32,935 - Iter 1808: obj=-1159.861895, change=4.23e-02, α=1.000, ‖θ[1:]‖₁=1583.525, num_selected_knots=2034
2025-09-06 20:52:36,305 - Iter 1809: obj=-1160.047421, change=4.23e-02, α=1.000, ‖θ[1:]‖₁=1583.829, num_selected_knots=2033
2025-09-06 20:52:39,726 - Iter 1810: obj=-1160.232761, change=4.22e-02, α=1.000, ‖θ[1:]‖₁=1584.134, num_selected_knots=2033
2025-09-06 20:52:43,127 - Iter 1811: obj=-1160.417915, change=4.22e-02, α=1.000, ‖θ[1:]‖₁=1584.438, num_selected_knots=2033
2025-09-06 20:52:46,502 - Iter 1812: obj=-1160.602884, change=4.22e-02, α=1.000, ‖θ[1:]‖₁=1584.742, num_selected_knots=2033
2025-09-06 20:52:49,864 - Iter 1813: obj=-1160.787667, change=4.22e-02, α=1.000, ‖θ[1:]‖₁=1585.046, num_selected_knots=2033
2025-09-06 20:52:53,298 - Iter 1814: obj=-1160.972265, change=4.21e-02, α=1.000, ‖θ[1:]‖₁=1585.349, num_selected_knots=2033
2025-09-06 20:52:56,646 - Iter 1815: obj=-1161.156679, change=4.21e-02, α=1.000, ‖θ[1:]‖₁=1585.653, num_selected_knots=2033
2025-09-06 20:53:00,202 - Iter 1816: obj=-1161.340907, change=4.21e-02, α=1.000, ‖θ[1:]‖₁=1585.956, num_selected_knots=2032
2025-09-06 20:53:03,567 - Iter 1817: obj=-1161.524950, change=4.21e-02, α=1.000, ‖θ[1:]‖₁=1586.259, num_selected_knots=2032
2025-09-06 20:53:06,999 - Iter 1818: obj=-1161.708809, change=4.21e-02, α=1.000, ‖θ[1:]‖₁=1586.562, num_selected_knots=2032
2025-09-06 20:53:10,350 - Iter 1819: obj=-1161.892483, change=4.20e-02, α=1.000, ‖θ[1:]‖₁=1586.865, num_selected_knots=2032
2025-09-06 20:53:13,815 - Iter 1820: obj=-1162.075973, change=4.20e-02, α=1.000, ‖θ[1:]‖₁=1587.167, num_selected_knots=2032
2025-09-06 20:53:17,228 - Iter 1821: obj=-1162.259279, change=4.20e-02, α=1.000, ‖θ[1:]‖₁=1587.469, num_selected_knots=2032
2025-09-06 20:53:20,595 - Iter 1822: obj=-1162.442401, change=4.20e-02, α=1.000, ‖θ[1:]‖₁=1587.772, num_selected_knots=2032
2025-09-06 20:53:23,997 - Iter 1823: obj=-1162.625339, change=4.20e-02, α=1.000, ‖θ[1:]‖₁=1588.073, num_selected_knots=2032
2025-09-06 20:53:27,339 - Iter 1824: obj=-1162.808094, change=4.19e-02, α=1.000, ‖θ[1:]‖₁=1588.375, num_selected_knots=2031
2025-09-06 20:53:30,725 - Iter 1825: obj=-1162.990664, change=4.19e-02, α=1.000, ‖θ[1:]‖₁=1588.677, num_selected_knots=2031
2025-09-06 20:53:34,110 - Iter 1826: obj=-1163.173050, change=4.19e-02, α=1.000, ‖θ[1:]‖₁=1588.978, num_selected_knots=2031
2025-09-06 20:53:37,481 - Iter 1827: obj=-1163.355254, change=4.19e-02, α=1.000, ‖θ[1:]‖₁=1589.279, num_selected_knots=2031
2025-09-06 20:53:40,817 - Iter 1828: obj=-1163.537274, change=4.18e-02, α=1.000, ‖θ[1:]‖₁=1589.580, num_selected_knots=2031
2025-09-06 20:53:44,274 - Iter 1829: obj=-1163.719113, change=4.18e-02, α=1.000, ‖θ[1:]‖₁=1589.881, num_selected_knots=2030
2025-09-06 20:53:47,642 - Iter 1830: obj=-1163.900767, change=4.18e-02, α=1.000, ‖θ[1:]‖₁=1590.182, num_selected_knots=2030
2025-09-06 20:53:51,010 - Iter 1831: obj=-1164.082238, change=4.18e-02, α=1.000, ‖θ[1:]‖₁=1590.482, num_selected_knots=2030
2025-09-06 20:53:54,379 - Iter 1832: obj=-1164.263528, change=4.18e-02, α=1.000, ‖θ[1:]‖₁=1590.782, num_selected_knots=2029
2025-09-06 20:53:57,767 - Iter 1833: obj=-1164.444634, change=4.17e-02, α=1.000, ‖θ[1:]‖₁=1591.082, num_selected_knots=2029
2025-09-06 20:54:01,133 - Iter 1834: obj=-1164.625551, change=4.17e-02, α=1.000, ‖θ[1:]‖₁=1591.382, num_selected_knots=2029
2025-09-06 20:54:04,516 - Iter 1835: obj=-1164.806287, change=4.17e-02, α=1.000, ‖θ[1:]‖₁=1591.681, num_selected_knots=2029
2025-09-06 20:54:07,931 - Iter 1836: obj=-1164.986844, change=4.17e-02, α=1.000, ‖θ[1:]‖₁=1591.981, num_selected_knots=2029
2025-09-06 20:54:11,324 - Iter 1837: obj=-1165.167220, change=4.17e-02, α=1.000, ‖θ[1:]‖₁=1592.280, num_selected_knots=2029
2025-09-06 20:54:14,699 - Iter 1838: obj=-1165.347416, change=4.16e-02, α=1.000, ‖θ[1:]‖₁=1592.579, num_selected_knots=2029
2025-09-06 20:54:18,128 - Iter 1839: obj=-1165.527432, change=4.16e-02, α=1.000, ‖θ[1:]‖₁=1592.878, num_selected_knots=2029
2025-09-06 20:54:21,442 - Iter 1840: obj=-1165.707269, change=4.16e-02, α=1.000, ‖θ[1:]‖₁=1593.177, num_selected_knots=2029
2025-09-06 20:54:24,857 - Iter 1841: obj=-1165.886925, change=4.16e-02, α=1.000, ‖θ[1:]‖₁=1593.477, num_selected_knots=2028
2025-09-06 20:54:28,293 - Iter 1842: obj=-1166.066402, change=4.15e-02, α=1.000, ‖θ[1:]‖₁=1593.777, num_selected_knots=2028
2025-09-06 20:54:31,665 - Iter 1843: obj=-1166.245581, change=4.15e-02, α=1.000, ‖θ[1:]‖₁=1594.077, num_selected_knots=2027
2025-09-06 20:54:35,065 - Iter 1844: obj=-1166.424545, change=4.15e-02, α=1.000, ‖θ[1:]‖₁=1594.376, num_selected_knots=2027
2025-09-06 20:54:38,445 - Iter 1845: obj=-1166.603360, change=4.15e-02, α=1.000, ‖θ[1:]‖₁=1594.675, num_selected_knots=2027
2025-09-06 20:54:41,829 - Iter 1846: obj=-1166.782026, change=4.15e-02, α=1.000, ‖θ[1:]‖₁=1594.973, num_selected_knots=2027
2025-09-06 20:54:45,199 - Iter 1847: obj=-1166.960538, change=4.15e-02, α=1.000, ‖θ[1:]‖₁=1595.271, num_selected_knots=2027
2025-09-06 20:54:48,618 - Iter 1848: obj=-1167.138889, change=4.14e-02, α=1.000, ‖θ[1:]‖₁=1595.569, num_selected_knots=2027
2025-09-06 20:54:52,082 - Iter 1849: obj=-1167.317076, change=4.14e-02, α=1.000, ‖θ[1:]‖₁=1595.867, num_selected_knots=2027
2025-09-06 20:54:55,497 - Iter 1850: obj=-1167.495096, change=4.14e-02, α=1.000, ‖θ[1:]‖₁=1596.165, num_selected_knots=2027
2025-09-06 20:54:59,064 - Iter 1851: obj=-1167.672945, change=4.14e-02, α=1.000, ‖θ[1:]‖₁=1596.462, num_selected_knots=2027
2025-09-06 20:55:02,511 - Iter 1852: obj=-1167.850620, change=4.14e-02, α=1.000, ‖θ[1:]‖₁=1596.759, num_selected_knots=2027
2025-09-06 20:55:05,948 - Iter 1853: obj=-1168.028122, change=4.13e-02, α=1.000, ‖θ[1:]‖₁=1597.056, num_selected_knots=2027
2025-09-06 20:55:09,309 - Iter 1854: obj=-1168.205446, change=4.13e-02, α=1.000, ‖θ[1:]‖₁=1597.353, num_selected_knots=2027
2025-09-06 20:55:12,677 - Iter 1855: obj=-1168.382594, change=4.13e-02, α=1.000, ‖θ[1:]‖₁=1597.649, num_selected_knots=2027
2025-09-06 20:55:16,060 - Iter 1856: obj=-1168.559563, change=4.13e-02, α=1.000, ‖θ[1:]‖₁=1597.945, num_selected_knots=2027
2025-09-06 20:55:19,405 - Iter 1857: obj=-1168.736354, change=4.12e-02, α=1.000, ‖θ[1:]‖₁=1598.241, num_selected_knots=2027
2025-09-06 20:55:23,300 - Iter 1858: obj=-1168.912965, change=4.12e-02, α=1.000, ‖θ[1:]‖₁=1598.537, num_selected_knots=2027
2025-09-06 20:55:30,187 - Iter 1859: obj=-1169.089397, change=4.12e-02, α=1.000, ‖θ[1:]‖₁=1598.833, num_selected_knots=2027
2025-09-06 20:55:33,818 - Iter 1860: obj=-1169.265648, change=4.12e-02, α=1.000, ‖θ[1:]‖₁=1599.128, num_selected_knots=2027
2025-09-06 20:55:37,513 - Iter 1861: obj=-1169.441720, change=4.12e-02, α=1.000, ‖θ[1:]‖₁=1599.423, num_selected_knots=2027
2025-09-06 20:55:41,078 - Iter 1862: obj=-1169.617611, change=4.11e-02, α=1.000, ‖θ[1:]‖₁=1599.719, num_selected_knots=2027
2025-09-06 20:55:49,053 - Iter 1863: obj=-1169.793323, change=4.11e-02, α=1.000, ‖θ[1:]‖₁=1600.013, num_selected_knots=2027
2025-09-06 20:55:52,427 - Iter 1864: obj=-1169.968854, change=4.11e-02, α=1.000, ‖θ[1:]‖₁=1600.308, num_selected_knots=2027
2025-09-06 20:55:55,847 - Iter 1865: obj=-1170.144206, change=4.11e-02, α=1.000, ‖θ[1:]‖₁=1600.602, num_selected_knots=2027
2025-09-06 20:55:59,235 - Iter 1866: obj=-1170.319378, change=4.11e-02, α=1.000, ‖θ[1:]‖₁=1600.897, num_selected_knots=2027
2025-09-06 20:56:02,602 - Iter 1867: obj=-1170.494371, change=4.10e-02, α=1.000, ‖θ[1:]‖₁=1601.191, num_selected_knots=2027
2025-09-06 20:56:06,056 - Iter 1868: obj=-1170.669184, change=4.10e-02, α=1.000, ‖θ[1:]‖₁=1601.485, num_selected_knots=2027
2025-09-06 20:56:09,628 - Iter 1869: obj=-1170.843819, change=4.10e-02, α=1.000, ‖θ[1:]‖₁=1601.778, num_selected_knots=2027
2025-09-06 20:56:13,120 - Iter 1870: obj=-1171.018274, change=4.10e-02, α=1.000, ‖θ[1:]‖₁=1602.072, num_selected_knots=2027
2025-09-06 20:56:16,538 - Iter 1871: obj=-1171.192551, change=4.09e-02, α=1.000, ‖θ[1:]‖₁=1602.365, num_selected_knots=2027
2025-09-06 20:56:19,955 - Iter 1872: obj=-1171.366650, change=4.09e-02, α=1.000, ‖θ[1:]‖₁=1602.658, num_selected_knots=2027
2025-09-06 20:56:23,344 - Iter 1873: obj=-1171.540571, change=4.09e-02, α=1.000, ‖θ[1:]‖₁=1602.951, num_selected_knots=2027
2025-09-06 20:56:26,754 - Iter 1874: obj=-1171.714314, change=4.09e-02, α=1.000, ‖θ[1:]‖₁=1603.244, num_selected_knots=2027
2025-09-06 20:56:30,160 - Iter 1875: obj=-1171.887880, change=4.09e-02, α=1.000, ‖θ[1:]‖₁=1603.536, num_selected_knots=2027
2025-09-06 20:56:33,590 - Iter 1876: obj=-1172.061269, change=4.08e-02, α=1.000, ‖θ[1:]‖₁=1603.829, num_selected_knots=2027
2025-09-06 20:56:36,993 - Iter 1877: obj=-1172.234481, change=4.08e-02, α=1.000, ‖θ[1:]‖₁=1604.121, num_selected_knots=2027
2025-09-06 20:56:40,417 - Iter 1878: obj=-1172.407516, change=4.08e-02, α=1.000, ‖θ[1:]‖₁=1604.413, num_selected_knots=2027
2025-09-06 20:56:43,879 - Iter 1879: obj=-1172.580375, change=4.08e-02, α=1.000, ‖θ[1:]‖₁=1604.704, num_selected_knots=2027
2025-09-06 20:56:47,339 - Iter 1880: obj=-1172.753058, change=4.08e-02, α=1.000, ‖θ[1:]‖₁=1604.996, num_selected_knots=2027
2025-09-06 20:56:50,697 - Iter 1881: obj=-1172.925566, change=4.07e-02, α=1.000, ‖θ[1:]‖₁=1605.287, num_selected_knots=2027
2025-09-06 20:56:54,025 - Iter 1882: obj=-1173.097898, change=4.07e-02, α=1.000, ‖θ[1:]‖₁=1605.578, num_selected_knots=2027
2025-09-06 20:56:57,656 - Iter 1883: obj=-1173.270055, change=4.07e-02, α=1.000, ‖θ[1:]‖₁=1605.869, num_selected_knots=2027
2025-09-06 20:57:01,027 - Iter 1884: obj=-1173.442038, change=4.07e-02, α=1.000, ‖θ[1:]‖₁=1606.160, num_selected_knots=2027
2025-09-06 20:57:04,426 - Iter 1885: obj=-1173.613845, change=4.06e-02, α=1.000, ‖θ[1:]‖₁=1606.451, num_selected_knots=2027
2025-09-06 20:57:07,807 - Iter 1886: obj=-1173.785479, change=4.06e-02, α=1.000, ‖θ[1:]‖₁=1606.741, num_selected_knots=2027
2025-09-06 20:57:11,167 - Iter 1887: obj=-1173.956938, change=4.06e-02, α=1.000, ‖θ[1:]‖₁=1607.032, num_selected_knots=2027
2025-09-06 20:57:14,738 - Iter 1888: obj=-1174.128224, change=4.06e-02, α=1.000, ‖θ[1:]‖₁=1607.322, num_selected_knots=2027
2025-09-06 20:57:18,260 - Iter 1889: obj=-1174.299337, change=4.06e-02, α=1.000, ‖θ[1:]‖₁=1607.611, num_selected_knots=2026
2025-09-06 20:57:21,715 - Iter 1890: obj=-1174.470275, change=4.05e-02, α=1.000, ‖θ[1:]‖₁=1607.901, num_selected_knots=2026
2025-09-06 20:57:25,166 - Iter 1891: obj=-1174.641036, change=4.05e-02, α=1.000, ‖θ[1:]‖₁=1608.191, num_selected_knots=2026
2025-09-06 20:57:28,564 - Iter 1892: obj=-1174.811626, change=4.05e-02, α=1.000, ‖θ[1:]‖₁=1608.480, num_selected_knots=2026
2025-09-06 20:57:31,956 - Iter 1893: obj=-1174.982043, change=4.05e-02, α=1.000, ‖θ[1:]‖₁=1608.769, num_selected_knots=2026
2025-09-06 20:57:35,464 - Iter 1894: obj=-1175.152289, change=4.05e-02, α=1.000, ‖θ[1:]‖₁=1609.058, num_selected_knots=2026
2025-09-06 20:57:38,886 - Iter 1895: obj=-1175.322364, change=4.04e-02, α=1.000, ‖θ[1:]‖₁=1609.347, num_selected_knots=2026
2025-09-06 20:57:42,253 - Iter 1896: obj=-1175.492268, change=4.04e-02, α=1.000, ‖θ[1:]‖₁=1609.635, num_selected_knots=2026
2025-09-06 20:57:45,632 - Iter 1897: obj=-1175.662000, change=4.04e-02, α=1.000, ‖θ[1:]‖₁=1609.923, num_selected_knots=2026
2025-09-06 20:57:49,032 - Iter 1898: obj=-1175.831562, change=4.04e-02, α=1.000, ‖θ[1:]‖₁=1610.212, num_selected_knots=2026
2025-09-06 20:57:52,487 - Iter 1899: obj=-1176.000954, change=4.04e-02, α=1.000, ‖θ[1:]‖₁=1610.500, num_selected_knots=2026
2025-09-06 20:57:55,888 - Iter 1900: obj=-1176.170175, change=4.03e-02, α=1.000, ‖θ[1:]‖₁=1610.787, num_selected_knots=2026
2025-09-06 20:57:59,233 - Iter 1901: obj=-1176.339226, change=4.03e-02, α=1.000, ‖θ[1:]‖₁=1611.075, num_selected_knots=2026
2025-09-06 20:58:02,624 - Iter 1902: obj=-1176.508107, change=4.03e-02, α=1.000, ‖θ[1:]‖₁=1611.362, num_selected_knots=2025
2025-09-06 20:58:06,086 - Iter 1903: obj=-1176.676816, change=4.03e-02, α=1.000, ‖θ[1:]‖₁=1611.650, num_selected_knots=2025
2025-09-06 20:58:09,511 - Iter 1904: obj=-1176.845355, change=4.03e-02, α=1.000, ‖θ[1:]‖₁=1611.937, num_selected_knots=2025
2025-09-06 20:58:12,912 - Iter 1905: obj=-1177.013725, change=4.02e-02, α=1.000, ‖θ[1:]‖₁=1612.223, num_selected_knots=2025
2025-09-06 20:58:16,431 - Iter 1906: obj=-1177.181926, change=4.02e-02, α=1.000, ‖θ[1:]‖₁=1612.510, num_selected_knots=2025
2025-09-06 20:58:19,822 - Iter 1907: obj=-1177.349959, change=4.02e-02, α=1.000, ‖θ[1:]‖₁=1612.797, num_selected_knots=2025
2025-09-06 20:58:23,245 - Iter 1908: obj=-1177.517824, change=4.02e-02, α=1.000, ‖θ[1:]‖₁=1613.083, num_selected_knots=2025
2025-09-06 20:58:26,614 - Iter 1909: obj=-1177.685521, change=4.02e-02, α=1.000, ‖θ[1:]‖₁=1613.369, num_selected_knots=2025
2025-09-06 20:58:29,966 - Iter 1910: obj=-1177.853050, change=4.01e-02, α=1.000, ‖θ[1:]‖₁=1613.655, num_selected_knots=2025
2025-09-06 20:58:33,316 - Iter 1911: obj=-1178.020411, change=4.01e-02, α=1.000, ‖θ[1:]‖₁=1613.941, num_selected_knots=2025
2025-09-06 20:58:36,694 - Iter 1912: obj=-1178.187606, change=4.01e-02, α=1.000, ‖θ[1:]‖₁=1614.226, num_selected_knots=2025
2025-09-06 20:58:40,076 - Iter 1913: obj=-1178.354633, change=4.01e-02, α=1.000, ‖θ[1:]‖₁=1614.512, num_selected_knots=2025
2025-09-06 20:58:43,460 - Iter 1914: obj=-1178.521493, change=4.01e-02, α=1.000, ‖θ[1:]‖₁=1614.797, num_selected_knots=2025
2025-09-06 20:58:46,858 - Iter 1915: obj=-1178.688186, change=4.00e-02, α=1.000, ‖θ[1:]‖₁=1615.082, num_selected_knots=2025
2025-09-06 20:58:50,263 - Iter 1916: obj=-1178.854713, change=4.00e-02, α=1.000, ‖θ[1:]‖₁=1615.367, num_selected_knots=2025
2025-09-06 20:58:53,633 - Iter 1917: obj=-1179.021073, change=4.00e-02, α=1.000, ‖θ[1:]‖₁=1615.652, num_selected_knots=2025
2025-09-06 20:58:57,079 - Iter 1918: obj=-1179.187268, change=4.00e-02, α=1.000, ‖θ[1:]‖₁=1615.936, num_selected_knots=2025
2025-09-06 20:59:00,855 - Iter 1919: obj=-1179.353296, change=3.99e-02, α=1.000, ‖θ[1:]‖₁=1616.220, num_selected_knots=2023
2025-09-06 20:59:04,300 - Iter 1920: obj=-1179.519157, change=3.99e-02, α=1.000, ‖θ[1:]‖₁=1616.505, num_selected_knots=2024
2025-09-06 20:59:07,652 - Iter 1921: obj=-1179.684843, change=3.99e-02, α=1.000, ‖θ[1:]‖₁=1616.789, num_selected_knots=2024
2025-09-06 20:59:11,063 - Iter 1922: obj=-1179.850365, change=3.99e-02, α=1.000, ‖θ[1:]‖₁=1617.073, num_selected_knots=2024
2025-09-06 20:59:14,430 - Iter 1923: obj=-1180.015721, change=3.99e-02, α=1.000, ‖θ[1:]‖₁=1617.357, num_selected_knots=2023
2025-09-06 20:59:17,713 - Iter 1924: obj=-1180.180913, change=3.98e-02, α=1.000, ‖θ[1:]‖₁=1617.640, num_selected_knots=2023
2025-09-06 20:59:20,998 - Iter 1925: obj=-1180.345940, change=3.98e-02, α=1.000, ‖θ[1:]‖₁=1617.924, num_selected_knots=2022
2025-09-06 20:59:24,286 - Iter 1926: obj=-1180.510802, change=3.98e-02, α=1.000, ‖θ[1:]‖₁=1618.207, num_selected_knots=2022
2025-09-06 20:59:27,554 - Iter 1927: obj=-1180.675500, change=3.98e-02, α=1.000, ‖θ[1:]‖₁=1618.490, num_selected_knots=2021
2025-09-06 20:59:31,049 - Iter 1928: obj=-1180.840032, change=3.98e-02, α=1.000, ‖θ[1:]‖₁=1618.773, num_selected_knots=2019
2025-09-06 20:59:34,350 - Iter 1929: obj=-1181.004401, change=3.97e-02, α=1.000, ‖θ[1:]‖₁=1619.056, num_selected_knots=2018
2025-09-06 20:59:37,620 - Iter 1930: obj=-1181.168592, change=3.97e-02, α=1.000, ‖θ[1:]‖₁=1619.338, num_selected_knots=2019
2025-09-06 20:59:40,900 - Iter 1931: obj=-1181.332609, change=3.97e-02, α=1.000, ‖θ[1:]‖₁=1619.621, num_selected_knots=2019
2025-09-06 20:59:44,169 - Iter 1932: obj=-1181.496465, change=3.97e-02, α=1.000, ‖θ[1:]‖₁=1619.903, num_selected_knots=2019
2025-09-06 20:59:47,533 - Iter 1933: obj=-1181.660159, change=3.97e-02, α=1.000, ‖θ[1:]‖₁=1620.185, num_selected_knots=2019
2025-09-06 20:59:51,098 - Iter 1934: obj=-1181.823692, change=3.96e-02, α=1.000, ‖θ[1:]‖₁=1620.467, num_selected_knots=2019
2025-09-06 20:59:54,444 - Iter 1935: obj=-1181.987065, change=3.96e-02, α=1.000, ‖θ[1:]‖₁=1620.748, num_selected_knots=2019
2025-09-06 20:59:57,782 - Iter 1936: obj=-1182.150276, change=3.96e-02, α=1.000, ‖θ[1:]‖₁=1621.030, num_selected_knots=2019
2025-09-06 21:00:01,113 - Iter 1937: obj=-1182.313326, change=3.96e-02, α=1.000, ‖θ[1:]‖₁=1621.311, num_selected_knots=2019
2025-09-06 21:00:04,429 - Iter 1938: obj=-1182.476215, change=3.96e-02, α=1.000, ‖θ[1:]‖₁=1621.592, num_selected_knots=2019
2025-09-06 21:00:07,752 - Iter 1939: obj=-1182.638943, change=3.95e-02, α=1.000, ‖θ[1:]‖₁=1621.873, num_selected_knots=2019
2025-09-06 21:00:11,170 - Iter 1940: obj=-1182.801511, change=3.95e-02, α=1.000, ‖θ[1:]‖₁=1622.154, num_selected_knots=2019
2025-09-06 21:00:14,446 - Iter 1941: obj=-1182.963918, change=3.95e-02, α=1.000, ‖θ[1:]‖₁=1622.435, num_selected_knots=2019
2025-09-06 21:00:17,824 - Iter 1942: obj=-1183.126164, change=3.95e-02, α=1.000, ‖θ[1:]‖₁=1622.715, num_selected_knots=2019
2025-09-06 21:00:21,141 - Iter 1943: obj=-1183.288250, change=3.95e-02, α=1.000, ‖θ[1:]‖₁=1622.996, num_selected_knots=2019
2025-09-06 21:00:24,447 - Iter 1944: obj=-1183.450176, change=3.94e-02, α=1.000, ‖θ[1:]‖₁=1623.276, num_selected_knots=2019
2025-09-06 21:00:27,769 - Iter 1945: obj=-1183.611941, change=3.94e-02, α=1.000, ‖θ[1:]‖₁=1623.556, num_selected_knots=2019
2025-09-06 21:00:31,102 - Iter 1946: obj=-1183.773547, change=3.94e-02, α=1.000, ‖θ[1:]‖₁=1623.835, num_selected_knots=2019
2025-09-06 21:00:34,435 - Iter 1947: obj=-1183.934992, change=3.94e-02, α=1.000, ‖θ[1:]‖₁=1624.115, num_selected_knots=2019
2025-09-06 21:00:37,771 - Iter 1948: obj=-1184.096278, change=3.94e-02, α=1.000, ‖θ[1:]‖₁=1624.394, num_selected_knots=2018
2025-09-06 21:00:41,080 - Iter 1949: obj=-1184.257409, change=3.93e-02, α=1.000, ‖θ[1:]‖₁=1624.674, num_selected_knots=2018
2025-09-06 21:00:44,382 - Iter 1950: obj=-1184.418380, change=3.93e-02, α=1.000, ‖θ[1:]‖₁=1624.953, num_selected_knots=2018
2025-09-06 21:00:47,716 - Iter 1951: obj=-1184.579191, change=3.93e-02, α=1.000, ‖θ[1:]‖₁=1625.232, num_selected_knots=2017
2025-09-06 21:00:51,060 - Iter 1952: obj=-1184.739838, change=3.93e-02, α=1.000, ‖θ[1:]‖₁=1625.510, num_selected_knots=2018
2025-09-06 21:00:54,369 - Iter 1953: obj=-1184.900307, change=3.93e-02, α=1.000, ‖θ[1:]‖₁=1625.789, num_selected_knots=2018
2025-09-06 21:00:57,866 - Iter 1954: obj=-1185.060618, change=3.92e-02, α=1.000, ‖θ[1:]‖₁=1626.067, num_selected_knots=2018
2025-09-06 21:01:01,198 - Iter 1955: obj=-1185.220773, change=3.92e-02, α=1.000, ‖θ[1:]‖₁=1626.345, num_selected_knots=2018
2025-09-06 21:01:04,529 - Iter 1956: obj=-1185.380772, change=3.92e-02, α=1.000, ‖θ[1:]‖₁=1626.623, num_selected_knots=2018
2025-09-06 21:01:07,860 - Iter 1957: obj=-1185.540613, change=3.92e-02, α=1.000, ‖θ[1:]‖₁=1626.901, num_selected_knots=2018
2025-09-06 21:01:11,229 - Iter 1958: obj=-1185.700298, change=3.92e-02, α=1.000, ‖θ[1:]‖₁=1627.179, num_selected_knots=2018
2025-09-06 21:01:14,533 - Iter 1959: obj=-1185.859825, change=3.92e-02, α=1.000, ‖θ[1:]‖₁=1627.456, num_selected_knots=2018
2025-09-06 21:01:17,849 - Iter 1960: obj=-1186.019196, change=3.91e-02, α=1.000, ‖θ[1:]‖₁=1627.733, num_selected_knots=2018
2025-09-06 21:01:21,159 - Iter 1961: obj=-1186.178410, change=3.91e-02, α=1.000, ‖θ[1:]‖₁=1628.010, num_selected_knots=2018
2025-09-06 21:01:24,454 - Iter 1962: obj=-1186.337468, change=3.91e-02, α=1.000, ‖θ[1:]‖₁=1628.287, num_selected_knots=2018
2025-09-06 21:01:27,752 - Iter 1963: obj=-1186.496369, change=3.91e-02, α=1.000, ‖θ[1:]‖₁=1628.564, num_selected_knots=2018
2025-09-06 21:01:31,073 - Iter 1964: obj=-1186.655113, change=3.91e-02, α=1.000, ‖θ[1:]‖₁=1628.841, num_selected_knots=2018
2025-09-06 21:01:34,385 - Iter 1965: obj=-1186.813701, change=3.90e-02, α=1.000, ‖θ[1:]‖₁=1629.117, num_selected_knots=2018
2025-09-06 21:01:37,669 - Iter 1966: obj=-1186.972133, change=3.90e-02, α=1.000, ‖θ[1:]‖₁=1629.393, num_selected_knots=2018
2025-09-06 21:01:40,969 - Iter 1967: obj=-1187.130409, change=3.90e-02, α=1.000, ‖θ[1:]‖₁=1629.670, num_selected_knots=2018
2025-09-06 21:01:44,301 - Iter 1968: obj=-1187.288528, change=3.90e-02, α=1.000, ‖θ[1:]‖₁=1629.945, num_selected_knots=2018
2025-09-06 21:01:47,602 - Iter 1969: obj=-1187.446492, change=3.90e-02, α=1.000, ‖θ[1:]‖₁=1630.221, num_selected_knots=2018
2025-09-06 21:01:50,905 - Iter 1970: obj=-1187.604300, change=3.89e-02, α=1.000, ‖θ[1:]‖₁=1630.497, num_selected_knots=2018
2025-09-06 21:01:54,238 - Iter 1971: obj=-1187.761952, change=3.89e-02, α=1.000, ‖θ[1:]‖₁=1630.772, num_selected_knots=2018
2025-09-06 21:01:57,515 - Iter 1972: obj=-1187.919449, change=3.89e-02, α=1.000, ‖θ[1:]‖₁=1631.048, num_selected_knots=2018
2025-09-06 21:02:00,844 - Iter 1973: obj=-1188.076791, change=3.89e-02, α=1.000, ‖θ[1:]‖₁=1631.323, num_selected_knots=2018
2025-09-06 21:02:04,144 - Iter 1974: obj=-1188.233977, change=3.89e-02, α=1.000, ‖θ[1:]‖₁=1631.598, num_selected_knots=2018
2025-09-06 21:02:07,460 - Iter 1975: obj=-1188.391009, change=3.88e-02, α=1.000, ‖θ[1:]‖₁=1631.872, num_selected_knots=2018
2025-09-06 21:02:10,784 - Iter 1976: obj=-1188.547885, change=3.88e-02, α=1.000, ‖θ[1:]‖₁=1632.147, num_selected_knots=2018
2025-09-06 21:02:14,135 - Iter 1977: obj=-1188.704607, change=3.88e-02, α=1.000, ‖θ[1:]‖₁=1632.421, num_selected_knots=2018
2025-09-06 21:02:17,854 - Iter 1978: obj=-1188.861174, change=3.88e-02, α=1.000, ‖θ[1:]‖₁=1632.696, num_selected_knots=2017
2025-09-06 21:02:21,230 - Iter 1979: obj=-1189.017586, change=3.88e-02, α=1.000, ‖θ[1:]‖₁=1632.986, num_selected_knots=2018
2025-09-06 21:02:24,571 - Iter 1980: obj=-1189.173754, change=3.87e-02, α=1.000, ‖θ[1:]‖₁=1633.274, num_selected_knots=2018
2025-09-06 21:02:27,902 - Iter 1981: obj=-1189.329928, change=3.87e-02, α=1.000, ‖θ[1:]‖₁=1633.561, num_selected_knots=2017
2025-09-06 21:02:31,294 - Iter 1982: obj=-1189.486083, change=3.87e-02, α=1.000, ‖θ[1:]‖₁=1633.847, num_selected_knots=2017
2025-09-06 21:02:34,615 - Iter 1983: obj=-1189.642193, change=3.87e-02, α=1.000, ‖θ[1:]‖₁=1634.133, num_selected_knots=2017
2025-09-06 21:02:37,889 - Iter 1984: obj=-1189.798234, change=3.87e-02, α=1.000, ‖θ[1:]‖₁=1634.419, num_selected_knots=2017
2025-09-06 21:02:41,225 - Iter 1985: obj=-1189.954186, change=3.87e-02, α=1.000, ‖θ[1:]‖₁=1634.704, num_selected_knots=2017
2025-09-06 21:02:44,586 - Iter 1986: obj=-1190.110030, change=3.87e-02, α=1.000, ‖θ[1:]‖₁=1634.988, num_selected_knots=2017
2025-09-06 21:02:47,880 - Iter 1987: obj=-1190.265753, change=3.87e-02, α=1.000, ‖θ[1:]‖₁=1635.273, num_selected_knots=2017
2025-09-06 21:02:51,202 - Iter 1988: obj=-1190.421343, change=3.86e-02, α=1.000, ‖θ[1:]‖₁=1635.557, num_selected_knots=2017
2025-09-06 21:02:54,532 - Iter 1989: obj=-1190.576791, change=3.86e-02, α=1.000, ‖θ[1:]‖₁=1635.840, num_selected_knots=2017
2025-09-06 21:02:58,006 - Iter 1990: obj=-1190.732088, change=3.86e-02, α=1.000, ‖θ[1:]‖₁=1636.124, num_selected_knots=2017
2025-09-06 21:03:01,359 - Iter 1991: obj=-1190.887227, change=3.86e-02, α=1.000, ‖θ[1:]‖₁=1636.407, num_selected_knots=2017
2025-09-06 21:03:04,707 - Iter 1992: obj=-1191.042205, change=3.86e-02, α=1.000, ‖θ[1:]‖₁=1636.690, num_selected_knots=2017
2025-09-06 21:03:07,977 - Iter 1993: obj=-1191.197016, change=3.85e-02, α=1.000, ‖θ[1:]‖₁=1636.972, num_selected_knots=2017
2025-09-06 21:03:11,319 - Iter 1994: obj=-1191.351658, change=3.85e-02, α=1.000, ‖θ[1:]‖₁=1637.255, num_selected_knots=2017
2025-09-06 21:03:14,662 - Iter 1995: obj=-1191.506129, change=3.85e-02, α=1.000, ‖θ[1:]‖₁=1637.537, num_selected_knots=2017
2025-09-06 21:03:17,964 - Iter 1996: obj=-1191.660425, change=3.85e-02, α=1.000, ‖θ[1:]‖₁=1637.819, num_selected_knots=2017
2025-09-06 21:03:21,266 - Iter 1997: obj=-1191.814546, change=3.85e-02, α=1.000, ‖θ[1:]‖₁=1638.100, num_selected_knots=2017
2025-09-06 21:03:24,573 - Iter 1998: obj=-1191.968491, change=3.84e-02, α=1.000, ‖θ[1:]‖₁=1638.382, num_selected_knots=2017
2025-09-06 21:03:27,840 - Iter 1999: obj=-1192.122260, change=3.84e-02, α=1.000, ‖θ[1:]‖₁=1638.663, num_selected_knots=2017
2025-09-06 21:03:31,178 - Iter 2000: obj=-1192.275851, change=3.84e-02, α=1.000, ‖θ[1:]‖₁=1638.944, num_selected_knots=2017
2025-09-06 21:03:34,489 - Iter 2001: obj=-1192.429266, change=3.84e-02, α=1.000, ‖θ[1:]‖₁=1639.224, num_selected_knots=2017
2025-09-06 21:03:37,761 - Iter 2002: obj=-1192.582503, change=3.83e-02, α=1.000, ‖θ[1:]‖₁=1639.505, num_selected_knots=2017
2025-09-06 21:03:41,075 - Iter 2003: obj=-1192.735563, change=3.83e-02, α=1.000, ‖θ[1:]‖₁=1639.785, num_selected_knots=2016
2025-09-06 21:03:44,423 - Iter 2004: obj=-1192.888444, change=3.83e-02, α=1.000, ‖θ[1:]‖₁=1640.065, num_selected_knots=2016
2025-09-06 21:03:47,700 - Iter 2005: obj=-1193.041148, change=3.83e-02, α=1.000, ‖θ[1:]‖₁=1640.344, num_selected_knots=2016
2025-09-06 21:03:51,023 - Iter 2006: obj=-1193.193676, change=3.83e-02, α=1.000, ‖θ[1:]‖₁=1640.624, num_selected_knots=2016
2025-09-06 21:03:54,346 - Iter 2007: obj=-1193.346027, change=3.82e-02, α=1.000, ‖θ[1:]‖₁=1640.903, num_selected_knots=2016
2025-09-06 21:03:57,628 - Iter 2008: obj=-1193.498202, change=3.82e-02, α=1.000, ‖θ[1:]‖₁=1641.182, num_selected_knots=2016
2025-09-06 21:04:00,990 - Iter 2009: obj=-1193.650204, change=3.82e-02, α=1.000, ‖θ[1:]‖₁=1641.461, num_selected_knots=2016
2025-09-06 21:04:04,321 - Iter 2010: obj=-1193.802031, change=3.82e-02, α=1.000, ‖θ[1:]‖₁=1641.740, num_selected_knots=2016
2025-09-06 21:04:07,623 - Iter 2011: obj=-1193.953686, change=3.81e-02, α=1.000, ‖θ[1:]‖₁=1642.018, num_selected_knots=2016
2025-09-06 21:04:10,972 - Iter 2012: obj=-1194.105168, change=3.81e-02, α=1.000, ‖θ[1:]‖₁=1642.296, num_selected_knots=2016
2025-09-06 21:04:14,293 - Iter 2013: obj=-1194.256479, change=3.81e-02, α=1.000, ‖θ[1:]‖₁=1642.575, num_selected_knots=2016
2025-09-06 21:04:17,590 - Iter 2014: obj=-1194.407620, change=3.81e-02, α=1.000, ‖θ[1:]‖₁=1642.852, num_selected_knots=2016
2025-09-06 21:04:20,910 - Iter 2015: obj=-1194.558590, change=3.81e-02, α=1.000, ‖θ[1:]‖₁=1643.130, num_selected_knots=2016
2025-09-06 21:04:24,242 - Iter 2016: obj=-1194.709391, change=3.80e-02, α=1.000, ‖θ[1:]‖₁=1643.407, num_selected_knots=2016
2025-09-06 21:04:27,533 - Iter 2017: obj=-1194.860024, change=3.80e-02, α=1.000, ‖θ[1:]‖₁=1643.685, num_selected_knots=2016
2025-09-06 21:04:30,905 - Iter 2018: obj=-1195.010489, change=3.80e-02, α=1.000, ‖θ[1:]‖₁=1643.962, num_selected_knots=2016
2025-09-06 21:04:34,228 - Iter 2019: obj=-1195.160787, change=3.80e-02, α=1.000, ‖θ[1:]‖₁=1644.238, num_selected_knots=2016
2025-09-06 21:04:37,602 - Iter 2020: obj=-1195.310919, change=3.80e-02, α=1.000, ‖θ[1:]‖₁=1644.515, num_selected_knots=2016
2025-09-06 21:04:40,951 - Iter 2021: obj=-1195.460885, change=3.79e-02, α=1.000, ‖θ[1:]‖₁=1644.791, num_selected_knots=2016
2025-09-06 21:04:44,284 - Iter 2022: obj=-1195.610686, change=3.79e-02, α=1.000, ‖θ[1:]‖₁=1645.068, num_selected_knots=2016
2025-09-06 21:04:47,582 - Iter 2023: obj=-1195.760323, change=3.79e-02, α=1.000, ‖θ[1:]‖₁=1645.344, num_selected_knots=2016
2025-09-06 21:04:50,993 - Iter 2024: obj=-1195.909796, change=3.79e-02, α=1.000, ‖θ[1:]‖₁=1645.619, num_selected_knots=2016
2025-09-06 21:04:54,416 - Iter 2025: obj=-1196.059106, change=3.78e-02, α=1.000, ‖θ[1:]‖₁=1645.895, num_selected_knots=2016
2025-09-06 21:04:57,889 - Iter 2026: obj=-1196.208253, change=3.78e-02, α=1.000, ‖θ[1:]‖₁=1646.171, num_selected_knots=2016
2025-09-06 21:05:01,210 - Iter 2027: obj=-1196.357239, change=3.78e-02, α=1.000, ‖θ[1:]‖₁=1646.446, num_selected_knots=2016
2025-09-06 21:05:04,560 - Iter 2028: obj=-1196.506064, change=3.78e-02, α=1.000, ‖θ[1:]‖₁=1646.721, num_selected_knots=2016
2025-09-06 21:05:07,840 - Iter 2029: obj=-1196.654728, change=3.78e-02, α=1.000, ‖θ[1:]‖₁=1646.996, num_selected_knots=2016
2025-09-06 21:05:11,217 - Iter 2030: obj=-1196.803232, change=3.77e-02, α=1.000, ‖θ[1:]‖₁=1647.270, num_selected_knots=2016
2025-09-06 21:05:14,626 - Iter 2031: obj=-1196.951576, change=3.77e-02, α=1.000, ‖θ[1:]‖₁=1647.545, num_selected_knots=2016
2025-09-06 21:05:18,010 - Iter 2032: obj=-1197.099762, change=3.77e-02, α=1.000, ‖θ[1:]‖₁=1647.819, num_selected_knots=2016
2025-09-06 21:05:21,330 - Iter 2033: obj=-1197.247790, change=3.77e-02, α=1.000, ‖θ[1:]‖₁=1648.093, num_selected_knots=2016
2025-09-06 21:05:24,671 - Iter 2034: obj=-1197.395660, change=3.77e-02, α=1.000, ‖θ[1:]‖₁=1648.367, num_selected_knots=2016
2025-09-06 21:05:27,956 - Iter 2035: obj=-1197.543372, change=3.76e-02, α=1.000, ‖θ[1:]‖₁=1648.641, num_selected_knots=2016
2025-09-06 21:05:31,324 - Iter 2036: obj=-1197.690928, change=3.76e-02, α=1.000, ‖θ[1:]‖₁=1648.914, num_selected_knots=2016
2025-09-06 21:05:34,645 - Iter 2037: obj=-1197.838328, change=3.76e-02, α=1.000, ‖θ[1:]‖₁=1649.187, num_selected_knots=2016
2025-09-06 21:05:37,920 - Iter 2038: obj=-1197.985572, change=3.76e-02, α=1.000, ‖θ[1:]‖₁=1649.461, num_selected_knots=2016
2025-09-06 21:05:41,253 - Iter 2039: obj=-1198.132661, change=3.76e-02, α=1.000, ‖θ[1:]‖₁=1649.734, num_selected_knots=2016
2025-09-06 21:05:44,582 - Iter 2040: obj=-1198.279596, change=3.75e-02, α=1.000, ‖θ[1:]‖₁=1650.006, num_selected_knots=2016
2025-09-06 21:05:47,956 - Iter 2041: obj=-1198.426376, change=3.75e-02, α=1.000, ‖θ[1:]‖₁=1650.279, num_selected_knots=2016
2025-09-06 21:05:51,224 - Iter 2042: obj=-1198.573003, change=3.75e-02, α=1.000, ‖θ[1:]‖₁=1650.551, num_selected_knots=2016
2025-09-06 21:05:54,509 - Iter 2043: obj=-1198.719477, change=3.75e-02, α=1.000, ‖θ[1:]‖₁=1650.824, num_selected_knots=2016
2025-09-06 21:05:57,849 - Iter 2044: obj=-1198.865798, change=3.75e-02, α=1.000, ‖θ[1:]‖₁=1651.096, num_selected_knots=2016
2025-09-06 21:06:01,113 - Iter 2045: obj=-1199.011967, change=3.74e-02, α=1.000, ‖θ[1:]‖₁=1651.367, num_selected_knots=2016
2025-09-06 21:06:04,407 - Iter 2046: obj=-1199.157984, change=3.74e-02, α=1.000, ‖θ[1:]‖₁=1651.639, num_selected_knots=2016
2025-09-06 21:06:07,735 - Iter 2047: obj=-1199.303849, change=3.74e-02, α=1.000, ‖θ[1:]‖₁=1651.911, num_selected_knots=2015
2025-09-06 21:06:11,025 - Iter 2048: obj=-1199.449562, change=3.74e-02, α=1.000, ‖θ[1:]‖₁=1652.182, num_selected_knots=2015
2025-09-06 21:06:14,357 - Iter 2049: obj=-1199.595115, change=3.74e-02, α=1.000, ‖θ[1:]‖₁=1652.453, num_selected_knots=2015
2025-09-06 21:06:17,708 - Iter 2050: obj=-1199.740519, change=3.73e-02, α=1.000, ‖θ[1:]‖₁=1652.724, num_selected_knots=2015
2025-09-06 21:06:20,994 - Iter 2051: obj=-1199.885774, change=3.73e-02, α=1.000, ‖θ[1:]‖₁=1652.994, num_selected_knots=2015
2025-09-06 21:06:24,336 - Iter 2052: obj=-1200.030882, change=3.73e-02, α=1.000, ‖θ[1:]‖₁=1653.265, num_selected_knots=2015
2025-09-06 21:06:27,635 - Iter 2053: obj=-1200.175842, change=3.73e-02, α=1.000, ‖θ[1:]‖₁=1653.535, num_selected_knots=2015
2025-09-06 21:06:30,985 - Iter 2054: obj=-1200.320654, change=3.73e-02, α=1.000, ‖θ[1:]‖₁=1653.805, num_selected_knots=2015
2025-09-06 21:06:34,266 - Iter 2055: obj=-1200.465319, change=3.72e-02, α=1.000, ‖θ[1:]‖₁=1654.075, num_selected_knots=2015
2025-09-06 21:06:37,573 - Iter 2056: obj=-1200.609837, change=3.72e-02, α=1.000, ‖θ[1:]‖₁=1654.345, num_selected_knots=2015
2025-09-06 21:06:40,931 - Iter 2057: obj=-1200.754209, change=3.72e-02, α=1.000, ‖θ[1:]‖₁=1654.615, num_selected_knots=2015
2025-09-06 21:06:44,224 - Iter 2058: obj=-1200.898434, change=3.72e-02, α=1.000, ‖θ[1:]‖₁=1654.884, num_selected_knots=2015
2025-09-06 21:06:47,530 - Iter 2059: obj=-1201.042513, change=3.72e-02, α=1.000, ‖θ[1:]‖₁=1655.153, num_selected_knots=2015
2025-09-06 21:06:50,892 - Iter 2060: obj=-1201.186447, change=3.72e-02, α=1.000, ‖θ[1:]‖₁=1655.422, num_selected_knots=2015
2025-09-06 21:06:54,214 - Iter 2061: obj=-1201.330235, change=3.71e-02, α=1.000, ‖θ[1:]‖₁=1655.691, num_selected_knots=2015
2025-09-06 21:06:57,690 - Iter 2062: obj=-1201.473878, change=3.71e-02, α=1.000, ‖θ[1:]‖₁=1655.960, num_selected_knots=2015
2025-09-06 21:07:01,063 - Iter 2063: obj=-1201.617377, change=3.71e-02, α=1.000, ‖θ[1:]‖₁=1656.229, num_selected_knots=2015
2025-09-06 21:07:04,363 - Iter 2064: obj=-1201.760731, change=3.71e-02, α=1.000, ‖θ[1:]‖₁=1656.497, num_selected_knots=2015
2025-09-06 21:07:07,711 - Iter 2065: obj=-1201.903941, change=3.71e-02, α=1.000, ‖θ[1:]‖₁=1656.765, num_selected_knots=2015
2025-09-06 21:07:11,030 - Iter 2066: obj=-1202.047008, change=3.70e-02, α=1.000, ‖θ[1:]‖₁=1657.033, num_selected_knots=2015
2025-09-06 21:07:14,323 - Iter 2067: obj=-1202.189931, change=3.70e-02, α=1.000, ‖θ[1:]‖₁=1657.301, num_selected_knots=2015
2025-09-06 21:07:17,665 - Iter 2068: obj=-1202.332711, change=3.70e-02, α=1.000, ‖θ[1:]‖₁=1657.569, num_selected_knots=2015
2025-09-06 21:07:20,973 - Iter 2069: obj=-1202.475348, change=3.70e-02, α=1.000, ‖θ[1:]‖₁=1657.836, num_selected_knots=2015
2025-09-06 21:07:24,270 - Iter 2070: obj=-1202.617842, change=3.70e-02, α=1.000, ‖θ[1:]‖₁=1658.104, num_selected_knots=2015
2025-09-06 21:07:27,713 - Iter 2071: obj=-1202.760195, change=3.69e-02, α=1.000, ‖θ[1:]‖₁=1658.371, num_selected_knots=2015
2025-09-06 21:07:31,085 - Iter 2072: obj=-1202.902406, change=3.69e-02, α=1.000, ‖θ[1:]‖₁=1658.638, num_selected_knots=2015
2025-09-06 21:07:34,403 - Iter 2073: obj=-1203.044475, change=3.69e-02, α=1.000, ‖θ[1:]‖₁=1658.905, num_selected_knots=2015
2025-09-06 21:07:37,729 - Iter 2074: obj=-1203.186403, change=3.69e-02, α=1.000, ‖θ[1:]‖₁=1659.172, num_selected_knots=2015
2025-09-06 21:07:41,066 - Iter 2075: obj=-1203.328189, change=3.69e-02, α=1.000, ‖θ[1:]‖₁=1659.438, num_selected_knots=2014
2025-09-06 21:07:44,388 - Iter 2076: obj=-1203.469837, change=3.68e-02, α=1.000, ‖θ[1:]‖₁=1659.705, num_selected_knots=2014
2025-09-06 21:07:47,694 - Iter 2077: obj=-1203.611339, change=3.68e-02, α=1.000, ‖θ[1:]‖₁=1659.971, num_selected_knots=2014
2025-09-06 21:07:51,018 - Iter 2078: obj=-1203.752683, change=3.68e-02, α=1.000, ‖θ[1:]‖₁=1660.237, num_selected_knots=2014
2025-09-06 21:07:54,364 - Iter 2079: obj=-1203.893889, change=3.68e-02, α=1.000, ‖θ[1:]‖₁=1660.503, num_selected_knots=2014
2025-09-06 21:07:57,675 - Iter 2080: obj=-1204.034956, change=3.68e-02, α=1.000, ‖θ[1:]‖₁=1660.768, num_selected_knots=2014
2025-09-06 21:08:01,022 - Iter 2081: obj=-1204.175886, change=3.68e-02, α=1.000, ‖θ[1:]‖₁=1661.034, num_selected_knots=2014
2025-09-06 21:08:04,341 - Iter 2082: obj=-1204.316679, change=3.67e-02, α=1.000, ‖θ[1:]‖₁=1661.299, num_selected_knots=2014
2025-09-06 21:08:07,653 - Iter 2083: obj=-1204.457333, change=3.67e-02, α=1.000, ‖θ[1:]‖₁=1661.564, num_selected_knots=2014
2025-09-06 21:08:10,967 - Iter 2084: obj=-1204.597851, change=3.67e-02, α=1.000, ‖θ[1:]‖₁=1661.829, num_selected_knots=2014
2025-09-06 21:08:14,287 - Iter 2085: obj=-1204.738231, change=3.67e-02, α=1.000, ‖θ[1:]‖₁=1662.094, num_selected_knots=2014
2025-09-06 21:08:17,614 - Iter 2086: obj=-1204.878473, change=3.67e-02, α=1.000, ‖θ[1:]‖₁=1662.359, num_selected_knots=2014
2025-09-06 21:08:20,995 - Iter 2087: obj=-1205.018579, change=3.66e-02, α=1.000, ‖θ[1:]‖₁=1662.623, num_selected_knots=2014
2025-09-06 21:08:24,327 - Iter 2088: obj=-1205.158548, change=3.66e-02, α=1.000, ‖θ[1:]‖₁=1662.887, num_selected_knots=2014
2025-09-06 21:08:27,634 - Iter 2089: obj=-1205.298381, change=3.66e-02, α=1.000, ‖θ[1:]‖₁=1663.152, num_selected_knots=2014
2025-09-06 21:08:30,965 - Iter 2090: obj=-1205.438077, change=3.66e-02, α=1.000, ‖θ[1:]‖₁=1663.416, num_selected_knots=2014
2025-09-06 21:08:34,289 - Iter 2091: obj=-1205.577636, change=3.66e-02, α=1.000, ‖θ[1:]‖₁=1663.679, num_selected_knots=2014
2025-09-06 21:08:37,618 - Iter 2092: obj=-1205.717060, change=3.66e-02, α=1.000, ‖θ[1:]‖₁=1663.943, num_selected_knots=2014
2025-09-06 21:08:40,934 - Iter 2093: obj=-1205.856348, change=3.65e-02, α=1.000, ‖θ[1:]‖₁=1664.207, num_selected_knots=2014
2025-09-06 21:08:44,272 - Iter 2094: obj=-1205.995500, change=3.65e-02, α=1.000, ‖θ[1:]‖₁=1664.470, num_selected_knots=2014
2025-09-06 21:08:47,726 - Iter 2095: obj=-1206.134517, change=3.65e-02, α=1.000, ‖θ[1:]‖₁=1664.733, num_selected_knots=2014
2025-09-06 21:08:51,042 - Iter 2096: obj=-1206.273399, change=3.65e-02, α=1.000, ‖θ[1:]‖₁=1664.996, num_selected_knots=2013
2025-09-06 21:08:54,342 - Iter 2097: obj=-1206.412145, change=3.65e-02, α=1.000, ‖θ[1:]‖₁=1665.259, num_selected_knots=2013
2025-09-06 21:08:57,831 - Iter 2098: obj=-1206.550757, change=3.64e-02, α=1.000, ‖θ[1:]‖₁=1665.522, num_selected_knots=2013
2025-09-06 21:09:01,195 - Iter 2099: obj=-1206.689234, change=3.64e-02, α=1.000, ‖θ[1:]‖₁=1665.784, num_selected_knots=2013
2025-09-06 21:09:04,522 - Iter 2100: obj=-1206.827577, change=3.64e-02, α=1.000, ‖θ[1:]‖₁=1666.047, num_selected_knots=2013
2025-09-06 21:09:07,850 - Iter 2101: obj=-1206.965786, change=3.64e-02, α=1.000, ‖θ[1:]‖₁=1666.309, num_selected_knots=2013
2025-09-06 21:09:11,197 - Iter 2102: obj=-1207.103861, change=3.64e-02, α=1.000, ‖θ[1:]‖₁=1666.571, num_selected_knots=2012
2025-09-06 21:09:14,539 - Iter 2103: obj=-1207.241802, change=3.64e-02, α=1.000, ‖θ[1:]‖₁=1666.833, num_selected_knots=2012
2025-09-06 21:09:17,873 - Iter 2104: obj=-1207.379609, change=3.63e-02, α=1.000, ‖θ[1:]‖₁=1667.095, num_selected_knots=2012
2025-09-06 21:09:21,209 - Iter 2105: obj=-1207.517283, change=3.63e-02, α=1.000, ‖θ[1:]‖₁=1667.356, num_selected_knots=2012
2025-09-06 21:09:24,544 - Iter 2106: obj=-1207.654824, change=3.63e-02, α=1.000, ‖θ[1:]‖₁=1667.618, num_selected_knots=2012
2025-09-06 21:09:27,856 - Iter 2107: obj=-1207.792232, change=3.63e-02, α=1.000, ‖θ[1:]‖₁=1667.879, num_selected_knots=2012
2025-09-06 21:09:31,258 - Iter 2108: obj=-1207.929507, change=3.63e-02, α=1.000, ‖θ[1:]‖₁=1668.140, num_selected_knots=2012
2025-09-06 21:09:34,596 - Iter 2109: obj=-1208.066649, change=3.63e-02, α=1.000, ‖θ[1:]‖₁=1668.401, num_selected_knots=2012
2025-09-06 21:09:37,900 - Iter 2110: obj=-1208.203659, change=3.62e-02, α=1.000, ‖θ[1:]‖₁=1668.662, num_selected_knots=2011
2025-09-06 21:09:41,223 - Iter 2111: obj=-1208.340537, change=3.62e-02, α=1.000, ‖θ[1:]‖₁=1668.922, num_selected_knots=2011
2025-09-06 21:09:44,536 - Iter 2112: obj=-1208.477283, change=3.62e-02, α=1.000, ‖θ[1:]‖₁=1669.183, num_selected_knots=2011
2025-09-06 21:09:47,968 - Iter 2113: obj=-1208.613898, change=3.62e-02, α=1.000, ‖θ[1:]‖₁=1669.443, num_selected_knots=2011
2025-09-06 21:09:51,383 - Iter 2114: obj=-1208.750380, change=3.62e-02, α=1.000, ‖θ[1:]‖₁=1669.703, num_selected_knots=2011
2025-09-06 21:09:54,745 - Iter 2115: obj=-1208.886731, change=3.61e-02, α=1.000, ‖θ[1:]‖₁=1669.963, num_selected_knots=2011
2025-09-06 21:09:58,077 - Iter 2116: obj=-1209.022951, change=3.61e-02, α=1.000, ‖θ[1:]‖₁=1670.223, num_selected_knots=2011
2025-09-06 21:10:01,408 - Iter 2117: obj=-1209.159040, change=3.61e-02, α=1.000, ‖θ[1:]‖₁=1670.483, num_selected_knots=2011
2025-09-06 21:10:04,759 - Iter 2118: obj=-1209.294999, change=3.61e-02, α=1.000, ‖θ[1:]‖₁=1670.743, num_selected_knots=2011
2025-09-06 21:10:08,071 - Iter 2119: obj=-1209.430826, change=3.61e-02, α=1.000, ‖θ[1:]‖₁=1671.002, num_selected_knots=2011
2025-09-06 21:10:11,395 - Iter 2120: obj=-1209.566523, change=3.61e-02, α=1.000, ‖θ[1:]‖₁=1671.261, num_selected_knots=2011
2025-09-06 21:10:14,709 - Iter 2121: obj=-1209.702090, change=3.60e-02, α=1.000, ‖θ[1:]‖₁=1671.520, num_selected_knots=2011
2025-09-06 21:10:18,049 - Iter 2122: obj=-1209.837527, change=3.60e-02, α=1.000, ‖θ[1:]‖₁=1671.779, num_selected_knots=2011
2025-09-06 21:10:21,359 - Iter 2123: obj=-1209.972833, change=3.60e-02, α=1.000, ‖θ[1:]‖₁=1672.038, num_selected_knots=2011
2025-09-06 21:10:24,694 - Iter 2124: obj=-1210.108010, change=3.60e-02, α=1.000, ‖θ[1:]‖₁=1672.297, num_selected_knots=2010
2025-09-06 21:10:28,012 - Iter 2125: obj=-1210.243059, change=3.60e-02, α=1.000, ‖θ[1:]‖₁=1672.555, num_selected_knots=2011
2025-09-06 21:10:31,358 - Iter 2126: obj=-1210.377975, change=3.59e-02, α=1.000, ‖θ[1:]‖₁=1672.813, num_selected_knots=2010
2025-09-06 21:10:34,711 - Iter 2127: obj=-1210.512752, change=3.59e-02, α=1.000, ‖θ[1:]‖₁=1673.071, num_selected_knots=2010
2025-09-06 21:10:38,074 - Iter 2128: obj=-1210.647397, change=3.59e-02, α=1.000, ‖θ[1:]‖₁=1673.329, num_selected_knots=2010
2025-09-06 21:10:41,397 - Iter 2129: obj=-1210.781915, change=3.59e-02, α=1.000, ‖θ[1:]‖₁=1673.587, num_selected_knots=2010
2025-09-06 21:10:44,731 - Iter 2130: obj=-1210.916305, change=3.59e-02, α=1.000, ‖θ[1:]‖₁=1673.845, num_selected_knots=2010
2025-09-06 21:10:48,055 - Iter 2131: obj=-1211.050567, change=3.59e-02, α=1.000, ‖θ[1:]‖₁=1674.102, num_selected_knots=2010
2025-09-06 21:10:51,369 - Iter 2132: obj=-1211.184702, change=3.58e-02, α=1.000, ‖θ[1:]‖₁=1674.360, num_selected_knots=2010
2025-09-06 21:10:54,712 - Iter 2133: obj=-1211.318709, change=3.58e-02, α=1.000, ‖θ[1:]‖₁=1674.617, num_selected_knots=2010
2025-09-06 21:10:58,157 - Iter 2134: obj=-1211.452589, change=3.58e-02, α=1.000, ‖θ[1:]‖₁=1674.874, num_selected_knots=2010
2025-09-06 21:11:01,481 - Iter 2135: obj=-1211.586342, change=3.58e-02, α=1.000, ‖θ[1:]‖₁=1675.131, num_selected_knots=2010
2025-09-06 21:11:04,825 - Iter 2136: obj=-1211.719967, change=3.58e-02, α=1.000, ‖θ[1:]‖₁=1675.388, num_selected_knots=2010
2025-09-06 21:11:08,160 - Iter 2137: obj=-1211.853465, change=3.58e-02, α=1.000, ‖θ[1:]‖₁=1675.644, num_selected_knots=2010
2025-09-06 21:11:11,490 - Iter 2138: obj=-1211.986836, change=3.57e-02, α=1.000, ‖θ[1:]‖₁=1675.901, num_selected_knots=2010
2025-09-06 21:11:14,823 - Iter 2139: obj=-1212.120081, change=3.57e-02, α=1.000, ‖θ[1:]‖₁=1676.157, num_selected_knots=2010
2025-09-06 21:11:18,119 - Iter 2140: obj=-1212.253199, change=3.57e-02, α=1.000, ‖θ[1:]‖₁=1676.413, num_selected_knots=2010
2025-09-06 21:11:21,511 - Iter 2141: obj=-1212.386190, change=3.57e-02, α=1.000, ‖θ[1:]‖₁=1676.669, num_selected_knots=2010
2025-09-06 21:11:24,854 - Iter 2142: obj=-1212.519054, change=3.57e-02, α=1.000, ‖θ[1:]‖₁=1676.925, num_selected_knots=2010
2025-09-06 21:11:28,210 - Iter 2143: obj=-1212.651793, change=3.57e-02, α=1.000, ‖θ[1:]‖₁=1677.181, num_selected_knots=2010
2025-09-06 21:11:31,556 - Iter 2144: obj=-1212.784405, change=3.56e-02, α=1.000, ‖θ[1:]‖₁=1677.436, num_selected_knots=2010
2025-09-06 21:11:34,914 - Iter 2145: obj=-1212.916891, change=3.56e-02, α=1.000, ‖θ[1:]‖₁=1677.692, num_selected_knots=2010
2025-09-06 21:11:38,265 - Iter 2146: obj=-1213.049252, change=3.56e-02, α=1.000, ‖θ[1:]‖₁=1677.947, num_selected_knots=2010
2025-09-06 21:11:41,552 - Iter 2147: obj=-1213.181486, change=3.56e-02, α=1.000, ‖θ[1:]‖₁=1678.202, num_selected_knots=2010
2025-09-06 21:11:44,876 - Iter 2148: obj=-1213.313595, change=3.56e-02, α=1.000, ‖θ[1:]‖₁=1678.457, num_selected_knots=2009
2025-09-06 21:11:48,226 - Iter 2149: obj=-1213.445578, change=3.56e-02, α=1.000, ‖θ[1:]‖₁=1678.712, num_selected_knots=2009
2025-09-06 21:11:51,495 - Iter 2150: obj=-1213.577435, change=3.55e-02, α=1.000, ‖θ[1:]‖₁=1678.966, num_selected_knots=2008
2025-09-06 21:11:54,864 - Iter 2151: obj=-1213.709162, change=3.55e-02, α=1.000, ‖θ[1:]‖₁=1679.221, num_selected_knots=2009
2025-09-06 21:11:58,150 - Iter 2152: obj=-1213.840763, change=3.55e-02, α=1.000, ‖θ[1:]‖₁=1679.476, num_selected_knots=2009
2025-09-06 21:12:01,465 - Iter 2153: obj=-1213.972239, change=3.55e-02, α=1.000, ‖θ[1:]‖₁=1679.730, num_selected_knots=2009
2025-09-06 21:12:04,796 - Iter 2154: obj=-1214.103590, change=3.55e-02, α=1.000, ‖θ[1:]‖₁=1679.984, num_selected_knots=2009
2025-09-06 21:12:08,121 - Iter 2155: obj=-1214.234816, change=3.54e-02, α=1.000, ‖θ[1:]‖₁=1680.238, num_selected_knots=2009
2025-09-06 21:12:11,434 - Iter 2156: obj=-1214.365917, change=3.54e-02, α=1.000, ‖θ[1:]‖₁=1680.492, num_selected_knots=2009
2025-09-06 21:12:14,796 - Iter 2157: obj=-1214.496895, change=3.54e-02, α=1.000, ‖θ[1:]‖₁=1680.746, num_selected_knots=2009
2025-09-06 21:12:18,136 - Iter 2158: obj=-1214.627748, change=3.54e-02, α=1.000, ‖θ[1:]‖₁=1681.000, num_selected_knots=2010
2025-09-06 21:12:21,425 - Iter 2159: obj=-1214.758477, change=3.54e-02, α=1.000, ‖θ[1:]‖₁=1681.253, num_selected_knots=2010
2025-09-06 21:12:24,762 - Iter 2160: obj=-1214.889082, change=3.54e-02, α=1.000, ‖θ[1:]‖₁=1681.507, num_selected_knots=2010
2025-09-06 21:12:28,097 - Iter 2161: obj=-1215.019564, change=3.53e-02, α=1.000, ‖θ[1:]‖₁=1681.760, num_selected_knots=2011
2025-09-06 21:12:31,361 - Iter 2162: obj=-1215.149922, change=3.53e-02, α=1.000, ‖θ[1:]‖₁=1682.013, num_selected_knots=2011
2025-09-06 21:12:34,705 - Iter 2163: obj=-1215.280156, change=3.53e-02, α=1.000, ‖θ[1:]‖₁=1682.266, num_selected_knots=2011
2025-09-06 21:12:38,018 - Iter 2164: obj=-1215.410266, change=3.53e-02, α=1.000, ‖θ[1:]‖₁=1682.518, num_selected_knots=2011
2025-09-06 21:12:41,317 - Iter 2165: obj=-1215.540252, change=3.53e-02, α=1.000, ‖θ[1:]‖₁=1682.771, num_selected_knots=2011
2025-09-06 21:12:44,757 - Iter 2166: obj=-1215.670115, change=3.53e-02, α=1.000, ‖θ[1:]‖₁=1683.023, num_selected_knots=2011
2025-09-06 21:12:48,159 - Iter 2167: obj=-1215.799854, change=3.52e-02, α=1.000, ‖θ[1:]‖₁=1683.276, num_selected_knots=2010
2025-09-06 21:12:51,451 - Iter 2168: obj=-1215.929470, change=3.52e-02, α=1.000, ‖θ[1:]‖₁=1683.528, num_selected_knots=2010
2025-09-06 21:12:54,786 - Iter 2169: obj=-1216.058964, change=3.52e-02, α=1.000, ‖θ[1:]‖₁=1683.780, num_selected_knots=2010
2025-09-06 21:12:58,290 - Iter 2170: obj=-1216.188335, change=3.52e-02, α=1.000, ‖θ[1:]‖₁=1684.032, num_selected_knots=2010
2025-09-06 21:13:01,596 - Iter 2171: obj=-1216.317583, change=3.52e-02, α=1.000, ‖θ[1:]‖₁=1684.283, num_selected_knots=2010
2025-09-06 21:13:04,918 - Iter 2172: obj=-1216.446710, change=3.52e-02, α=1.000, ‖θ[1:]‖₁=1684.535, num_selected_knots=2009
2025-09-06 21:13:08,246 - Iter 2173: obj=-1216.575717, change=3.51e-02, α=1.000, ‖θ[1:]‖₁=1684.786, num_selected_knots=2010
2025-09-06 21:13:11,556 - Iter 2174: obj=-1216.704602, change=3.51e-02, α=1.000, ‖θ[1:]‖₁=1685.038, num_selected_knots=2010
2025-09-06 21:13:14,891 - Iter 2175: obj=-1216.833363, change=3.51e-02, α=1.000, ‖θ[1:]‖₁=1685.289, num_selected_knots=2010
2025-09-06 21:13:18,226 - Iter 2176: obj=-1216.962003, change=3.51e-02, α=1.000, ‖θ[1:]‖₁=1685.540, num_selected_knots=2010
2025-09-06 21:13:21,580 - Iter 2177: obj=-1217.090521, change=3.51e-02, α=1.000, ‖θ[1:]‖₁=1685.791, num_selected_knots=2010
2025-09-06 21:13:24,905 - Iter 2178: obj=-1217.218917, change=3.51e-02, α=1.000, ‖θ[1:]‖₁=1686.041, num_selected_knots=2010
2025-09-06 21:13:28,232 - Iter 2179: obj=-1217.347192, change=3.50e-02, α=1.000, ‖θ[1:]‖₁=1686.292, num_selected_knots=2010
2025-09-06 21:13:31,487 - Iter 2180: obj=-1217.475345, change=3.50e-02, α=1.000, ‖θ[1:]‖₁=1686.542, num_selected_knots=2010
2025-09-06 21:13:34,816 - Iter 2181: obj=-1217.603377, change=3.50e-02, α=1.000, ‖θ[1:]‖₁=1686.793, num_selected_knots=2010
2025-09-06 21:13:38,121 - Iter 2182: obj=-1217.731288, change=3.50e-02, α=1.000, ‖θ[1:]‖₁=1687.043, num_selected_knots=2010
2025-09-06 21:13:41,386 - Iter 2183: obj=-1217.859078, change=3.50e-02, α=1.000, ‖θ[1:]‖₁=1687.293, num_selected_knots=2010
2025-09-06 21:13:44,723 - Iter 2184: obj=-1217.986748, change=3.50e-02, α=1.000, ‖θ[1:]‖₁=1687.543, num_selected_knots=2010
2025-09-06 21:13:48,057 - Iter 2185: obj=-1218.114297, change=3.49e-02, α=1.000, ‖θ[1:]‖₁=1687.792, num_selected_knots=2011
2025-09-06 21:13:51,370 - Iter 2186: obj=-1218.241725, change=3.49e-02, α=1.000, ‖θ[1:]‖₁=1688.042, num_selected_knots=2011
2025-09-06 21:13:54,732 - Iter 2187: obj=-1218.369034, change=3.49e-02, α=1.000, ‖θ[1:]‖₁=1688.291, num_selected_knots=2010
2025-09-06 21:13:58,063 - Iter 2188: obj=-1218.496221, change=3.49e-02, α=1.000, ‖θ[1:]‖₁=1688.541, num_selected_knots=2009
2025-09-06 21:14:01,359 - Iter 2189: obj=-1218.623281, change=3.49e-02, α=1.000, ‖θ[1:]‖₁=1688.790, num_selected_knots=2009
2025-09-06 21:14:04,687 - Iter 2190: obj=-1218.750220, change=3.49e-02, α=1.000, ‖θ[1:]‖₁=1689.039, num_selected_knots=2009
2025-09-06 21:14:07,991 - Iter 2191: obj=-1218.877040, change=3.48e-02, α=1.000, ‖θ[1:]‖₁=1689.288, num_selected_knots=2009
2025-09-06 21:14:11,266 - Iter 2192: obj=-1219.003741, change=3.48e-02, α=1.000, ‖θ[1:]‖₁=1689.537, num_selected_knots=2009
2025-09-06 21:14:14,588 - Iter 2193: obj=-1219.130323, change=3.48e-02, α=1.000, ‖θ[1:]‖₁=1689.785, num_selected_knots=2009
2025-09-06 21:14:17,933 - Iter 2194: obj=-1219.256785, change=3.48e-02, α=1.000, ‖θ[1:]‖₁=1690.034, num_selected_knots=2009
2025-09-06 21:14:21,315 - Iter 2195: obj=-1219.383128, change=3.48e-02, α=1.000, ‖θ[1:]‖₁=1690.282, num_selected_knots=2009
2025-09-06 21:14:24,655 - Iter 2196: obj=-1219.509353, change=3.48e-02, α=1.000, ‖θ[1:]‖₁=1690.530, num_selected_knots=2009
2025-09-06 21:14:28,027 - Iter 2197: obj=-1219.635458, change=3.47e-02, α=1.000, ‖θ[1:]‖₁=1690.778, num_selected_knots=2008
2025-09-06 21:14:31,334 - Iter 2198: obj=-1219.761445, change=3.47e-02, α=1.000, ‖θ[1:]‖₁=1691.026, num_selected_knots=2007
2025-09-06 21:14:34,713 - Iter 2199: obj=-1219.887312, change=3.47e-02, α=1.000, ‖θ[1:]‖₁=1691.274, num_selected_knots=2007
2025-09-06 21:14:38,038 - Iter 2200: obj=-1220.013061, change=3.47e-02, α=1.000, ‖θ[1:]‖₁=1691.522, num_selected_knots=2007
2025-09-06 21:14:41,336 - Iter 2201: obj=-1220.138691, change=3.47e-02, α=1.000, ‖θ[1:]‖₁=1691.769, num_selected_knots=2007
2025-09-06 21:14:44,644 - Iter 2202: obj=-1220.264203, change=3.47e-02, α=1.000, ‖θ[1:]‖₁=1692.017, num_selected_knots=2007
2025-09-06 21:14:48,017 - Iter 2203: obj=-1220.389597, change=3.46e-02, α=1.000, ‖θ[1:]‖₁=1692.264, num_selected_knots=2007
2025-09-06 21:14:51,376 - Iter 2204: obj=-1220.514873, change=3.46e-02, α=1.000, ‖θ[1:]‖₁=1692.511, num_selected_knots=2007
2025-09-06 21:14:54,714 - Iter 2205: obj=-1220.640031, change=3.46e-02, α=1.000, ‖θ[1:]‖₁=1692.758, num_selected_knots=2007
2025-09-06 21:14:58,200 - Iter 2206: obj=-1220.765071, change=3.46e-02, α=1.000, ‖θ[1:]‖₁=1693.005, num_selected_knots=2006
2025-09-06 21:15:01,574 - Iter 2207: obj=-1220.889992, change=3.46e-02, α=1.000, ‖θ[1:]‖₁=1693.251, num_selected_knots=2006
2025-09-06 21:15:04,885 - Iter 2208: obj=-1221.014788, change=3.46e-02, α=1.000, ‖θ[1:]‖₁=1693.498, num_selected_knots=2006
2025-09-06 21:15:08,177 - Iter 2209: obj=-1221.139467, change=3.45e-02, α=1.000, ‖θ[1:]‖₁=1693.744, num_selected_knots=2006
2025-09-06 21:15:11,506 - Iter 2210: obj=-1221.264031, change=3.45e-02, α=1.000, ‖θ[1:]‖₁=1693.990, num_selected_knots=2006
2025-09-06 21:15:15,027 - Iter 2211: obj=-1221.388478, change=3.45e-02, α=1.000, ‖θ[1:]‖₁=1694.236, num_selected_knots=2006
2025-09-06 21:15:18,443 - Iter 2212: obj=-1221.512810, change=3.45e-02, α=1.000, ‖θ[1:]‖₁=1694.482, num_selected_knots=2006
2025-09-06 21:15:21,833 - Iter 2213: obj=-1221.637025, change=3.45e-02, α=1.000, ‖θ[1:]‖₁=1694.728, num_selected_knots=2006
2025-09-06 21:15:25,212 - Iter 2214: obj=-1221.761124, change=3.45e-02, α=1.000, ‖θ[1:]‖₁=1694.973, num_selected_knots=2006
2025-09-06 21:15:28,578 - Iter 2215: obj=-1221.885107, change=3.44e-02, α=1.000, ‖θ[1:]‖₁=1695.219, num_selected_knots=2006
2025-09-06 21:15:31,924 - Iter 2216: obj=-1222.008975, change=3.44e-02, α=1.000, ‖θ[1:]‖₁=1695.464, num_selected_knots=2006
2025-09-06 21:15:35,222 - Iter 2217: obj=-1222.132726, change=3.44e-02, α=1.000, ‖θ[1:]‖₁=1695.709, num_selected_knots=2006
2025-09-06 21:15:38,599 - Iter 2218: obj=-1222.256362, change=3.44e-02, α=1.000, ‖θ[1:]‖₁=1695.954, num_selected_knots=2005
2025-09-06 21:15:42,052 - Iter 2219: obj=-1222.379884, change=3.44e-02, α=1.000, ‖θ[1:]‖₁=1696.199, num_selected_knots=2006
2025-09-06 21:15:45,423 - Iter 2220: obj=-1222.503292, change=3.44e-02, α=1.000, ‖θ[1:]‖₁=1696.444, num_selected_knots=2005
2025-09-06 21:15:48,789 - Iter 2221: obj=-1222.626583, change=3.43e-02, α=1.000, ‖θ[1:]‖₁=1696.692, num_selected_knots=2004
2025-09-06 21:15:52,126 - Iter 2222: obj=-1222.749771, change=3.43e-02, α=1.000, ‖θ[1:]‖₁=1696.941, num_selected_knots=2004
2025-09-06 21:15:55,435 - Iter 2223: obj=-1222.872674, change=3.43e-02, α=1.000, ‖θ[1:]‖₁=1697.189, num_selected_knots=2004
2025-09-06 21:15:58,786 - Iter 2224: obj=-1222.995518, change=3.43e-02, α=1.000, ‖θ[1:]‖₁=1697.436, num_selected_knots=2004
2025-09-06 21:16:02,189 - Iter 2225: obj=-1223.118297, change=3.43e-02, α=1.000, ‖θ[1:]‖₁=1697.682, num_selected_knots=2004
2025-09-06 21:16:05,484 - Iter 2226: obj=-1223.241005, change=3.43e-02, α=1.000, ‖θ[1:]‖₁=1697.928, num_selected_knots=2004
2025-09-06 21:16:08,816 - Iter 2227: obj=-1223.363633, change=3.43e-02, α=1.000, ‖θ[1:]‖₁=1698.174, num_selected_knots=2004
2025-09-06 21:16:12,165 - Iter 2228: obj=-1223.486172, change=3.42e-02, α=1.000, ‖θ[1:]‖₁=1698.420, num_selected_knots=2004
2025-09-06 21:16:15,466 - Iter 2229: obj=-1223.608617, change=3.42e-02, α=1.000, ‖θ[1:]‖₁=1698.665, num_selected_knots=2004
2025-09-06 21:16:18,814 - Iter 2230: obj=-1223.730962, change=3.42e-02, α=1.000, ‖θ[1:]‖₁=1698.911, num_selected_knots=2004
2025-09-06 21:16:22,179 - Iter 2231: obj=-1223.853202, change=3.42e-02, α=1.000, ‖θ[1:]‖₁=1699.156, num_selected_knots=2003
2025-09-06 21:16:25,443 - Iter 2232: obj=-1223.975332, change=3.42e-02, α=1.000, ‖θ[1:]‖₁=1699.400, num_selected_knots=2003
2025-09-06 21:16:28,801 - Iter 2233: obj=-1224.097340, change=3.42e-02, α=1.000, ‖θ[1:]‖₁=1699.645, num_selected_knots=2003
2025-09-06 21:16:32,178 - Iter 2234: obj=-1224.219234, change=3.41e-02, α=1.000, ‖θ[1:]‖₁=1699.889, num_selected_knots=2003
2025-09-06 21:16:35,436 - Iter 2235: obj=-1224.341014, change=3.41e-02, α=1.000, ‖θ[1:]‖₁=1700.133, num_selected_knots=2002
2025-09-06 21:16:38,774 - Iter 2236: obj=-1224.462678, change=3.41e-02, α=1.000, ‖θ[1:]‖₁=1700.377, num_selected_knots=2002
2025-09-06 21:16:42,127 - Iter 2237: obj=-1224.584224, change=3.41e-02, α=1.000, ‖θ[1:]‖₁=1700.621, num_selected_knots=2002
2025-09-06 21:16:45,415 - Iter 2238: obj=-1224.705651, change=3.41e-02, α=1.000, ‖θ[1:]‖₁=1700.864, num_selected_knots=2002
2025-09-06 21:16:48,790 - Iter 2239: obj=-1224.826959, change=3.41e-02, α=1.000, ‖θ[1:]‖₁=1701.108, num_selected_knots=2002
2025-09-06 21:16:52,211 - Iter 2240: obj=-1224.948147, change=3.40e-02, α=1.000, ‖θ[1:]‖₁=1701.351, num_selected_knots=2002
2025-09-06 21:16:55,590 - Iter 2241: obj=-1225.069214, change=3.40e-02, α=1.000, ‖θ[1:]‖₁=1701.594, num_selected_knots=2002
2025-09-06 21:16:59,026 - Iter 2242: obj=-1225.190161, change=3.40e-02, α=1.000, ‖θ[1:]‖₁=1701.837, num_selected_knots=2002
2025-09-06 21:17:02,337 - Iter 2243: obj=-1225.310987, change=3.40e-02, α=1.000, ‖θ[1:]‖₁=1702.079, num_selected_knots=2002
2025-09-06 21:17:05,699 - Iter 2244: obj=-1225.431692, change=3.40e-02, α=1.000, ‖θ[1:]‖₁=1702.322, num_selected_knots=2002
2025-09-06 21:17:09,046 - Iter 2245: obj=-1225.552277, change=3.40e-02, α=1.000, ‖θ[1:]‖₁=1702.564, num_selected_knots=2002
2025-09-06 21:17:12,351 - Iter 2246: obj=-1225.672741, change=3.39e-02, α=1.000, ‖θ[1:]‖₁=1702.806, num_selected_knots=2002
2025-09-06 21:17:15,708 - Iter 2247: obj=-1225.793084, change=3.39e-02, α=1.000, ‖θ[1:]‖₁=1703.048, num_selected_knots=2002
2025-09-06 21:17:19,162 - Iter 2248: obj=-1225.913307, change=3.39e-02, α=1.000, ‖θ[1:]‖₁=1703.290, num_selected_knots=2002
2025-09-06 21:17:22,552 - Iter 2249: obj=-1226.033410, change=3.39e-02, α=1.000, ‖θ[1:]‖₁=1703.536, num_selected_knots=2001
2025-09-06 21:17:25,933 - Iter 2250: obj=-1226.153353, change=3.39e-02, α=1.000, ‖θ[1:]‖₁=1703.788, num_selected_knots=2001
2025-09-06 21:17:29,295 - Iter 2251: obj=-1226.273138, change=3.39e-02, α=1.000, ‖θ[1:]‖₁=1704.040, num_selected_knots=2001
2025-09-06 21:17:32,605 - Iter 2252: obj=-1226.392901, change=3.39e-02, α=1.000, ‖θ[1:]‖₁=1704.290, num_selected_knots=2001
2025-09-06 21:17:35,910 - Iter 2253: obj=-1226.512627, change=3.39e-02, α=1.000, ‖θ[1:]‖₁=1704.540, num_selected_knots=2001
2025-09-06 21:17:39,270 - Iter 2254: obj=-1226.632300, change=3.38e-02, α=1.000, ‖θ[1:]‖₁=1704.790, num_selected_knots=2001
2025-09-06 21:17:42,642 - Iter 2255: obj=-1226.751907, change=3.38e-02, α=1.000, ‖θ[1:]‖₁=1705.039, num_selected_knots=2001
2025-09-06 21:17:45,952 - Iter 2256: obj=-1226.871434, change=3.38e-02, α=1.000, ‖θ[1:]‖₁=1705.288, num_selected_knots=2001
2025-09-06 21:17:49,644 - Iter 2257: obj=-1226.990872, change=3.38e-02, α=1.000, ‖θ[1:]‖₁=1705.536, num_selected_knots=2001
2025-09-06 21:17:57,365 - Iter 2258: obj=-1227.110211, change=3.38e-02, α=1.000, ‖θ[1:]‖₁=1705.785, num_selected_knots=2001
2025-09-06 21:18:00,604 - Iter 2259: obj=-1227.229446, change=3.38e-02, α=1.000, ‖θ[1:]‖₁=1706.033, num_selected_knots=2001
2025-09-06 21:18:03,818 - Iter 2260: obj=-1227.348570, change=3.38e-02, α=1.000, ‖θ[1:]‖₁=1706.281, num_selected_knots=2001
2025-09-06 21:18:06,971 - Iter 2261: obj=-1227.467578, change=3.37e-02, α=1.000, ‖θ[1:]‖₁=1706.528, num_selected_knots=2001
2025-09-06 21:18:10,186 - Iter 2262: obj=-1227.586467, change=3.37e-02, α=1.000, ‖θ[1:]‖₁=1706.775, num_selected_knots=2001
2025-09-06 21:18:13,509 - Iter 2263: obj=-1227.705235, change=3.37e-02, α=1.000, ‖θ[1:]‖₁=1707.022, num_selected_knots=2001
2025-09-06 21:18:16,926 - Iter 2264: obj=-1227.823878, change=3.37e-02, α=1.000, ‖θ[1:]‖₁=1707.269, num_selected_knots=2001
2025-09-06 21:18:20,262 - Iter 2265: obj=-1227.942396, change=3.37e-02, α=1.000, ‖θ[1:]‖₁=1707.516, num_selected_knots=2001
2025-09-06 21:18:23,561 - Iter 2266: obj=-1228.060787, change=3.36e-02, α=1.000, ‖θ[1:]‖₁=1707.762, num_selected_knots=2001
2025-09-06 21:18:26,839 - Iter 2267: obj=-1228.179049, change=3.36e-02, α=1.000, ‖θ[1:]‖₁=1708.008, num_selected_knots=2001
2025-09-06 21:18:30,284 - Iter 2268: obj=-1228.297183, change=3.36e-02, α=1.000, ‖θ[1:]‖₁=1708.254, num_selected_knots=2001
2025-09-06 21:18:33,567 - Iter 2269: obj=-1228.415188, change=3.36e-02, α=1.000, ‖θ[1:]‖₁=1708.500, num_selected_knots=2001
2025-09-06 21:18:36,799 - Iter 2270: obj=-1228.533064, change=3.36e-02, α=1.000, ‖θ[1:]‖₁=1708.746, num_selected_knots=2001
2025-09-06 21:18:40,077 - Iter 2271: obj=-1228.650810, change=3.36e-02, α=1.000, ‖θ[1:]‖₁=1708.991, num_selected_knots=2001
2025-09-06 21:18:43,363 - Iter 2272: obj=-1228.768427, change=3.35e-02, α=1.000, ‖θ[1:]‖₁=1709.236, num_selected_knots=2001
2025-09-06 21:18:46,734 - Iter 2273: obj=-1228.885915, change=3.35e-02, α=1.000, ‖θ[1:]‖₁=1709.481, num_selected_knots=2001
2025-09-06 21:18:50,112 - Iter 2274: obj=-1229.003275, change=3.35e-02, α=1.000, ‖θ[1:]‖₁=1709.726, num_selected_knots=2001
2025-09-06 21:18:53,417 - Iter 2275: obj=-1229.120506, change=3.35e-02, α=1.000, ‖θ[1:]‖₁=1709.970, num_selected_knots=2001
2025-09-06 21:18:56,692 - Iter 2276: obj=-1229.237609, change=3.35e-02, α=1.000, ‖θ[1:]‖₁=1710.215, num_selected_knots=2001
2025-09-06 21:19:00,404 - Iter 2277: obj=-1229.354584, change=3.34e-02, α=1.000, ‖θ[1:]‖₁=1710.459, num_selected_knots=2001
2025-09-06 21:19:03,791 - Iter 2278: obj=-1229.471432, change=3.34e-02, α=1.000, ‖θ[1:]‖₁=1710.703, num_selected_knots=2000
2025-09-06 21:19:07,077 - Iter 2279: obj=-1229.588150, change=3.34e-02, α=1.000, ‖θ[1:]‖₁=1710.947, num_selected_knots=2000
2025-09-06 21:19:10,373 - Iter 2280: obj=-1229.704732, change=3.34e-02, α=1.000, ‖θ[1:]‖₁=1711.190, num_selected_knots=2000
2025-09-06 21:19:13,740 - Iter 2281: obj=-1229.821190, change=3.34e-02, α=1.000, ‖θ[1:]‖₁=1711.433, num_selected_knots=2000
2025-09-06 21:19:17,025 - Iter 2282: obj=-1229.937524, change=3.34e-02, α=1.000, ‖θ[1:]‖₁=1711.677, num_selected_knots=2000
2025-09-06 21:19:20,352 - Iter 2283: obj=-1230.053735, change=3.33e-02, α=1.000, ‖θ[1:]‖₁=1711.919, num_selected_knots=2000
2025-09-06 21:19:23,678 - Iter 2284: obj=-1230.169823, change=3.33e-02, α=1.000, ‖θ[1:]‖₁=1712.162, num_selected_knots=2000
2025-09-06 21:19:26,937 - Iter 2285: obj=-1230.285788, change=3.33e-02, α=1.000, ‖θ[1:]‖₁=1712.405, num_selected_knots=2000
2025-09-06 21:19:30,327 - Iter 2286: obj=-1230.401632, change=3.33e-02, α=1.000, ‖θ[1:]‖₁=1712.647, num_selected_knots=2000
2025-09-06 21:19:33,679 - Iter 2287: obj=-1230.517354, change=3.33e-02, α=1.000, ‖θ[1:]‖₁=1712.889, num_selected_knots=2000
2025-09-06 21:19:36,983 - Iter 2288: obj=-1230.632955, change=3.32e-02, α=1.000, ‖θ[1:]‖₁=1713.132, num_selected_knots=2000
2025-09-06 21:19:40,322 - Iter 2289: obj=-1230.748435, change=3.32e-02, α=1.000, ‖θ[1:]‖₁=1713.373, num_selected_knots=2000
2025-09-06 21:19:43,663 - Iter 2290: obj=-1230.863796, change=3.32e-02, α=1.000, ‖θ[1:]‖₁=1713.615, num_selected_knots=2000
2025-09-06 21:19:46,961 - Iter 2291: obj=-1230.979036, change=3.32e-02, α=1.000, ‖θ[1:]‖₁=1713.857, num_selected_knots=2000
2025-09-06 21:19:50,383 - Iter 2292: obj=-1231.094158, change=3.32e-02, α=1.000, ‖θ[1:]‖₁=1714.098, num_selected_knots=2000
2025-09-06 21:19:53,767 - Iter 2293: obj=-1231.209161, change=3.32e-02, α=1.000, ‖θ[1:]‖₁=1714.339, num_selected_knots=2000
2025-09-06 21:19:57,055 - Iter 2294: obj=-1231.324045, change=3.31e-02, α=1.000, ‖θ[1:]‖₁=1714.580, num_selected_knots=2000
2025-09-06 21:20:00,384 - Iter 2295: obj=-1231.438812, change=3.31e-02, α=1.000, ‖θ[1:]‖₁=1714.821, num_selected_knots=2000
2025-09-06 21:20:03,713 - Iter 2296: obj=-1231.553462, change=3.31e-02, α=1.000, ‖θ[1:]‖₁=1715.062, num_selected_knots=2000
2025-09-06 21:20:07,000 - Iter 2297: obj=-1231.667994, change=3.31e-02, α=1.000, ‖θ[1:]‖₁=1715.302, num_selected_knots=2000
2025-09-06 21:20:10,320 - Iter 2298: obj=-1231.782411, change=3.31e-02, α=1.000, ‖θ[1:]‖₁=1715.542, num_selected_knots=2000
2025-09-06 21:20:13,658 - Iter 2299: obj=-1231.896711, change=3.31e-02, α=1.000, ‖θ[1:]‖₁=1715.782, num_selected_knots=2000
2025-09-06 21:20:16,946 - Iter 2300: obj=-1232.010896, change=3.30e-02, α=1.000, ‖θ[1:]‖₁=1716.022, num_selected_knots=2000
2025-09-06 21:20:20,261 - Iter 2301: obj=-1232.124966, change=3.30e-02, α=1.000, ‖θ[1:]‖₁=1716.262, num_selected_knots=2000
2025-09-06 21:20:23,658 - Iter 2302: obj=-1232.238922, change=3.30e-02, α=1.000, ‖θ[1:]‖₁=1716.502, num_selected_knots=2000
2025-09-06 21:20:26,956 - Iter 2303: obj=-1232.352763, change=3.30e-02, α=1.000, ‖θ[1:]‖₁=1716.741, num_selected_knots=2000
2025-09-06 21:20:30,326 - Iter 2304: obj=-1232.466491, change=3.30e-02, α=1.000, ‖θ[1:]‖₁=1716.981, num_selected_knots=2000
2025-09-06 21:20:33,659 - Iter 2305: obj=-1232.580105, change=3.30e-02, α=1.000, ‖θ[1:]‖₁=1717.220, num_selected_knots=2000
2025-09-06 21:20:36,955 - Iter 2306: obj=-1232.693606, change=3.29e-02, α=1.000, ‖θ[1:]‖₁=1717.459, num_selected_knots=2000
2025-09-06 21:20:40,289 - Iter 2307: obj=-1232.806995, change=3.29e-02, α=1.000, ‖θ[1:]‖₁=1717.698, num_selected_knots=2000
2025-09-06 21:20:43,596 - Iter 2308: obj=-1232.920271, change=3.29e-02, α=1.000, ‖θ[1:]‖₁=1717.936, num_selected_knots=2000
2025-09-06 21:20:46,943 - Iter 2309: obj=-1233.033436, change=3.29e-02, α=1.000, ‖θ[1:]‖₁=1718.175, num_selected_knots=2000
2025-09-06 21:20:50,239 - Iter 2310: obj=-1233.146490, change=3.29e-02, α=1.000, ‖θ[1:]‖₁=1718.413, num_selected_knots=2000
2025-09-06 21:20:53,543 - Iter 2311: obj=-1233.259432, change=3.29e-02, α=1.000, ‖θ[1:]‖₁=1718.651, num_selected_knots=2000
2025-09-06 21:20:56,860 - Iter 2312: obj=-1233.372264, change=3.28e-02, α=1.000, ‖θ[1:]‖₁=1718.889, num_selected_knots=2000
2025-09-06 21:21:00,211 - Iter 2313: obj=-1233.484986, change=3.28e-02, α=1.000, ‖θ[1:]‖₁=1719.127, num_selected_knots=2000
2025-09-06 21:21:03,519 - Iter 2314: obj=-1233.597598, change=3.28e-02, α=1.000, ‖θ[1:]‖₁=1719.365, num_selected_knots=2000
2025-09-06 21:21:06,841 - Iter 2315: obj=-1233.710100, change=3.28e-02, α=1.000, ‖θ[1:]‖₁=1719.602, num_selected_knots=2000
2025-09-06 21:21:10,131 - Iter 2316: obj=-1233.822493, change=3.28e-02, α=1.000, ‖θ[1:]‖₁=1719.840, num_selected_knots=2000
2025-09-06 21:21:13,434 - Iter 2317: obj=-1233.934777, change=3.28e-02, α=1.000, ‖θ[1:]‖₁=1720.077, num_selected_knots=2000
2025-09-06 21:21:16,783 - Iter 2318: obj=-1234.046953, change=3.27e-02, α=1.000, ‖θ[1:]‖₁=1720.314, num_selected_knots=1999
2025-09-06 21:21:20,080 - Iter 2319: obj=-1234.159015, change=3.27e-02, α=1.000, ‖θ[1:]‖₁=1720.551, num_selected_knots=1999
2025-09-06 21:21:23,366 - Iter 2320: obj=-1234.270964, change=3.27e-02, α=1.000, ‖θ[1:]‖₁=1720.787, num_selected_knots=1999
2025-09-06 21:21:26,722 - Iter 2321: obj=-1234.382807, change=3.27e-02, α=1.000, ‖θ[1:]‖₁=1721.024, num_selected_knots=1999
2025-09-06 21:21:30,135 - Iter 2322: obj=-1234.494544, change=3.27e-02, α=1.000, ‖θ[1:]‖₁=1721.260, num_selected_knots=1999
2025-09-06 21:21:33,455 - Iter 2323: obj=-1234.606174, change=3.27e-02, α=1.000, ‖θ[1:]‖₁=1721.496, num_selected_knots=1999
2025-09-06 21:21:36,820 - Iter 2324: obj=-1234.717698, change=3.26e-02, α=1.000, ‖θ[1:]‖₁=1721.732, num_selected_knots=1999
2025-09-06 21:21:40,143 - Iter 2325: obj=-1234.829117, change=3.26e-02, α=1.000, ‖θ[1:]‖₁=1721.968, num_selected_knots=1999
2025-09-06 21:21:43,740 - Iter 2326: obj=-1234.940430, change=3.26e-02, α=1.000, ‖θ[1:]‖₁=1722.204, num_selected_knots=1999
2025-09-06 21:21:47,208 - Iter 2327: obj=-1235.051638, change=3.26e-02, α=1.000, ‖θ[1:]‖₁=1722.440, num_selected_knots=1999
2025-09-06 21:21:50,568 - Iter 2328: obj=-1235.162741, change=3.26e-02, α=1.000, ‖θ[1:]‖₁=1722.675, num_selected_knots=1998
2025-09-06 21:21:53,893 - Iter 2329: obj=-1235.273740, change=3.26e-02, α=1.000, ‖θ[1:]‖₁=1722.910, num_selected_knots=1999
2025-09-06 21:21:57,173 - Iter 2330: obj=-1235.384630, change=3.26e-02, α=1.000, ‖θ[1:]‖₁=1723.146, num_selected_knots=1999
2025-09-06 21:22:00,531 - Iter 2331: obj=-1235.495416, change=3.25e-02, α=1.000, ‖θ[1:]‖₁=1723.381, num_selected_knots=1999
2025-09-06 21:22:04,063 - Iter 2332: obj=-1235.606098, change=3.25e-02, α=1.000, ‖θ[1:]‖₁=1723.616, num_selected_knots=1999
2025-09-06 21:22:07,460 - Iter 2333: obj=-1235.716675, change=3.25e-02, α=1.000, ‖θ[1:]‖₁=1723.851, num_selected_knots=1999
2025-09-06 21:22:10,854 - Iter 2334: obj=-1235.827148, change=3.25e-02, α=1.000, ‖θ[1:]‖₁=1724.085, num_selected_knots=1999
2025-09-06 21:22:14,315 - Iter 2335: obj=-1235.937517, change=3.25e-02, α=1.000, ‖θ[1:]‖₁=1724.320, num_selected_knots=1999
2025-09-06 21:22:17,608 - Iter 2336: obj=-1236.047784, change=3.25e-02, α=1.000, ‖θ[1:]‖₁=1724.554, num_selected_knots=1999
2025-09-06 21:22:20,959 - Iter 2337: obj=-1236.157947, change=3.24e-02, α=1.000, ‖θ[1:]‖₁=1724.788, num_selected_knots=1999
2025-09-06 21:22:24,331 - Iter 2338: obj=-1236.268007, change=3.24e-02, α=1.000, ‖θ[1:]‖₁=1725.022, num_selected_knots=1999
2025-09-06 21:22:27,687 - Iter 2339: obj=-1236.377965, change=3.24e-02, α=1.000, ‖θ[1:]‖₁=1725.256, num_selected_knots=1999
2025-09-06 21:22:31,089 - Iter 2340: obj=-1236.487820, change=3.24e-02, α=1.000, ‖θ[1:]‖₁=1725.490, num_selected_knots=1999
2025-09-06 21:22:34,438 - Iter 2341: obj=-1236.597573, change=3.24e-02, α=1.000, ‖θ[1:]‖₁=1725.723, num_selected_knots=1999
2025-09-06 21:22:37,781 - Iter 2342: obj=-1236.707224, change=3.24e-02, α=1.000, ‖θ[1:]‖₁=1725.957, num_selected_knots=1999
2025-09-06 21:22:41,090 - Iter 2343: obj=-1236.816774, change=3.23e-02, α=1.000, ‖θ[1:]‖₁=1726.190, num_selected_knots=1999
2025-09-06 21:22:44,420 - Iter 2344: obj=-1236.926222, change=3.23e-02, α=1.000, ‖θ[1:]‖₁=1726.423, num_selected_knots=1999
2025-09-06 21:22:47,868 - Iter 2345: obj=-1237.035568, change=3.23e-02, α=1.000, ‖θ[1:]‖₁=1726.656, num_selected_knots=1999
2025-09-06 21:22:51,234 - Iter 2346: obj=-1237.144814, change=3.23e-02, α=1.000, ‖θ[1:]‖₁=1726.889, num_selected_knots=1999
2025-09-06 21:22:54,599 - Iter 2347: obj=-1237.253959, change=3.23e-02, α=1.000, ‖θ[1:]‖₁=1727.122, num_selected_knots=1999
2025-09-06 21:22:58,161 - Iter 2348: obj=-1237.363004, change=3.23e-02, α=1.000, ‖θ[1:]‖₁=1727.355, num_selected_knots=1999
2025-09-06 21:23:01,541 - Iter 2349: obj=-1237.471947, change=3.23e-02, α=1.000, ‖θ[1:]‖₁=1727.587, num_selected_knots=1999
2025-09-06 21:23:04,992 - Iter 2350: obj=-1237.580791, change=3.22e-02, α=1.000, ‖θ[1:]‖₁=1727.819, num_selected_knots=1999
2025-09-06 21:23:08,346 - Iter 2351: obj=-1237.689535, change=3.22e-02, α=1.000, ‖θ[1:]‖₁=1728.052, num_selected_knots=1999
2025-09-06 21:23:11,661 - Iter 2352: obj=-1237.798179, change=3.22e-02, α=1.000, ‖θ[1:]‖₁=1728.284, num_selected_knots=1999
2025-09-06 21:23:14,997 - Iter 2353: obj=-1237.906723, change=3.22e-02, α=1.000, ‖θ[1:]‖₁=1728.515, num_selected_knots=1999
2025-09-06 21:23:18,449 - Iter 2354: obj=-1238.015168, change=3.22e-02, α=1.000, ‖θ[1:]‖₁=1728.747, num_selected_knots=1999
2025-09-06 21:23:21,857 - Iter 2355: obj=-1238.123514, change=3.22e-02, α=1.000, ‖θ[1:]‖₁=1728.979, num_selected_knots=1999
2025-09-06 21:23:25,343 - Iter 2356: obj=-1238.231760, change=3.22e-02, α=1.000, ‖θ[1:]‖₁=1729.210, num_selected_knots=1999
2025-09-06 21:23:28,811 - Iter 2357: obj=-1238.339908, change=3.21e-02, α=1.000, ‖θ[1:]‖₁=1729.442, num_selected_knots=1999
2025-09-06 21:23:32,191 - Iter 2358: obj=-1238.447957, change=3.21e-02, α=1.000, ‖θ[1:]‖₁=1729.673, num_selected_knots=1999
2025-09-06 21:23:35,504 - Iter 2359: obj=-1238.555907, change=3.21e-02, α=1.000, ‖θ[1:]‖₁=1729.904, num_selected_knots=1999
2025-09-06 21:23:38,906 - Iter 2360: obj=-1238.663759, change=3.21e-02, α=1.000, ‖θ[1:]‖₁=1730.135, num_selected_knots=1999
2025-09-06 21:23:42,238 - Iter 2361: obj=-1238.771513, change=3.21e-02, α=1.000, ‖θ[1:]‖₁=1730.365, num_selected_knots=1999
2025-09-06 21:23:45,544 - Iter 2362: obj=-1238.879169, change=3.21e-02, α=1.000, ‖θ[1:]‖₁=1730.596, num_selected_knots=1999
2025-09-06 21:23:49,060 - Iter 2363: obj=-1238.986727, change=3.20e-02, α=1.000, ‖θ[1:]‖₁=1730.826, num_selected_knots=1999
2025-09-06 21:23:52,428 - Iter 2364: obj=-1239.094188, change=3.20e-02, α=1.000, ‖θ[1:]‖₁=1731.057, num_selected_knots=1999
2025-09-06 21:23:55,722 - Iter 2365: obj=-1239.201550, change=3.20e-02, α=1.000, ‖θ[1:]‖₁=1731.287, num_selected_knots=1999
2025-09-06 21:23:59,130 - Iter 2366: obj=-1239.308816, change=3.20e-02, α=1.000, ‖θ[1:]‖₁=1731.517, num_selected_knots=1999
2025-09-06 21:24:02,494 - Iter 2367: obj=-1239.415984, change=3.20e-02, α=1.000, ‖θ[1:]‖₁=1731.747, num_selected_knots=1998
2025-09-06 21:24:05,786 - Iter 2368: obj=-1239.523056, change=3.20e-02, α=1.000, ‖θ[1:]‖₁=1731.977, num_selected_knots=1998
2025-09-06 21:24:09,109 - Iter 2369: obj=-1239.630030, change=3.20e-02, α=1.000, ‖θ[1:]‖₁=1732.206, num_selected_knots=1998
2025-09-06 21:24:12,438 - Iter 2370: obj=-1239.736908, change=3.19e-02, α=1.000, ‖θ[1:]‖₁=1732.436, num_selected_knots=1998
2025-09-06 21:24:15,815 - Iter 2371: obj=-1239.843689, change=3.19e-02, α=1.000, ‖θ[1:]‖₁=1732.665, num_selected_knots=1998
2025-09-06 21:24:19,178 - Iter 2372: obj=-1239.950374, change=3.19e-02, α=1.000, ‖θ[1:]‖₁=1732.894, num_selected_knots=1998
2025-09-06 21:24:22,512 - Iter 2373: obj=-1240.056963, change=3.19e-02, α=1.000, ‖θ[1:]‖₁=1733.124, num_selected_knots=1998
2025-09-06 21:24:25,838 - Iter 2374: obj=-1240.163455, change=3.19e-02, α=1.000, ‖θ[1:]‖₁=1733.353, num_selected_knots=1998
2025-09-06 21:24:29,273 - Iter 2375: obj=-1240.269851, change=3.19e-02, α=1.000, ‖θ[1:]‖₁=1733.581, num_selected_knots=1998
2025-09-06 21:24:32,623 - Iter 2376: obj=-1240.376152, change=3.19e-02, α=1.000, ‖θ[1:]‖₁=1733.810, num_selected_knots=1998
2025-09-06 21:24:35,942 - Iter 2377: obj=-1240.482357, change=3.18e-02, α=1.000, ‖θ[1:]‖₁=1734.039, num_selected_knots=1998
2025-09-06 21:24:39,343 - Iter 2378: obj=-1240.588466, change=3.18e-02, α=1.000, ‖θ[1:]‖₁=1734.267, num_selected_knots=1998
2025-09-06 21:24:42,648 - Iter 2379: obj=-1240.694481, change=3.18e-02, α=1.000, ‖θ[1:]‖₁=1734.495, num_selected_knots=1998
2025-09-06 21:24:45,997 - Iter 2380: obj=-1240.800399, change=3.18e-02, α=1.000, ‖θ[1:]‖₁=1734.723, num_selected_knots=1997
2025-09-06 21:24:49,400 - Iter 2381: obj=-1240.906221, change=3.18e-02, α=1.000, ‖θ[1:]‖₁=1734.951, num_selected_knots=1997
2025-09-06 21:24:52,773 - Iter 2382: obj=-1241.011946, change=3.18e-02, α=1.000, ‖θ[1:]‖₁=1735.179, num_selected_knots=1997
2025-09-06 21:24:56,104 - Iter 2383: obj=-1241.117576, change=3.18e-02, α=1.000, ‖θ[1:]‖₁=1735.407, num_selected_knots=1997
2025-09-06 21:25:00,246 - Iter 2384: obj=-1241.223112, change=3.17e-02, α=1.000, ‖θ[1:]‖₁=1735.634, num_selected_knots=1997
2025-09-06 21:25:03,578 - Iter 2385: obj=-1241.328554, change=3.17e-02, α=1.000, ‖θ[1:]‖₁=1735.862, num_selected_knots=1997
2025-09-06 21:25:06,986 - Iter 2386: obj=-1241.433901, change=3.17e-02, α=1.000, ‖θ[1:]‖₁=1736.089, num_selected_knots=1997
2025-09-06 21:25:10,291 - Iter 2387: obj=-1241.539155, change=3.17e-02, α=1.000, ‖θ[1:]‖₁=1736.316, num_selected_knots=1997
2025-09-06 21:25:13,599 - Iter 2388: obj=-1241.644315, change=3.17e-02, α=1.000, ‖θ[1:]‖₁=1736.543, num_selected_knots=1997
2025-09-06 21:25:16,978 - Iter 2389: obj=-1241.749380, change=3.17e-02, α=1.000, ‖θ[1:]‖₁=1736.770, num_selected_knots=1997
2025-09-06 21:25:20,339 - Iter 2390: obj=-1241.854352, change=3.17e-02, α=1.000, ‖θ[1:]‖₁=1736.997, num_selected_knots=1997
2025-09-06 21:25:23,632 - Iter 2391: obj=-1241.959230, change=3.16e-02, α=1.000, ‖θ[1:]‖₁=1737.224, num_selected_knots=1997
2025-09-06 21:25:26,973 - Iter 2392: obj=-1242.064015, change=3.16e-02, α=1.000, ‖θ[1:]‖₁=1737.450, num_selected_knots=1997
2025-09-06 21:25:30,324 - Iter 2393: obj=-1242.168706, change=3.16e-02, α=1.000, ‖θ[1:]‖₁=1737.677, num_selected_knots=1997
2025-09-06 21:25:33,659 - Iter 2394: obj=-1242.273304, change=3.16e-02, α=1.000, ‖θ[1:]‖₁=1737.903, num_selected_knots=1997
2025-09-06 21:25:37,014 - Iter 2395: obj=-1242.377809, change=3.16e-02, α=1.000, ‖θ[1:]‖₁=1738.129, num_selected_knots=1996
2025-09-06 21:25:40,364 - Iter 2396: obj=-1242.482219, change=3.16e-02, α=1.000, ‖θ[1:]‖₁=1738.355, num_selected_knots=1996
2025-09-06 21:25:43,679 - Iter 2397: obj=-1242.586532, change=3.16e-02, α=1.000, ‖θ[1:]‖₁=1738.581, num_selected_knots=1996
2025-09-06 21:25:47,014 - Iter 2398: obj=-1242.690752, change=3.15e-02, α=1.000, ‖θ[1:]‖₁=1738.806, num_selected_knots=1996
2025-09-06 21:25:50,381 - Iter 2399: obj=-1242.794881, change=3.15e-02, α=1.000, ‖θ[1:]‖₁=1739.032, num_selected_knots=1996
2025-09-06 21:25:53,677 - Iter 2400: obj=-1242.898917, change=3.15e-02, α=1.000, ‖θ[1:]‖₁=1739.257, num_selected_knots=1996
2025-09-06 21:25:57,019 - Iter 2401: obj=-1243.002861, change=3.15e-02, α=1.000, ‖θ[1:]‖₁=1739.483, num_selected_knots=1996
2025-09-06 21:26:00,359 - Iter 2402: obj=-1243.106712, change=3.15e-02, α=1.000, ‖θ[1:]‖₁=1739.708, num_selected_knots=1996
2025-09-06 21:26:03,662 - Iter 2403: obj=-1243.210472, change=3.15e-02, α=1.000, ‖θ[1:]‖₁=1739.933, num_selected_knots=1996
2025-09-06 21:26:07,021 - Iter 2404: obj=-1243.314140, change=3.15e-02, α=1.000, ‖θ[1:]‖₁=1740.158, num_selected_knots=1996
2025-09-06 21:26:10,335 - Iter 2405: obj=-1243.417716, change=3.14e-02, α=1.000, ‖θ[1:]‖₁=1740.382, num_selected_knots=1996
2025-09-06 21:26:13,652 - Iter 2406: obj=-1243.521200, change=3.14e-02, α=1.000, ‖θ[1:]‖₁=1740.607, num_selected_knots=1996
2025-09-06 21:26:16,944 - Iter 2407: obj=-1243.624592, change=3.14e-02, α=1.000, ‖θ[1:]‖₁=1740.832, num_selected_knots=1996
2025-09-06 21:26:20,293 - Iter 2408: obj=-1243.727893, change=3.14e-02, α=1.000, ‖θ[1:]‖₁=1741.056, num_selected_knots=1996
2025-09-06 21:26:23,631 - Iter 2409: obj=-1243.831102, change=3.14e-02, α=1.000, ‖θ[1:]‖₁=1741.280, num_selected_knots=1996
2025-09-06 21:26:26,984 - Iter 2410: obj=-1243.934220, change=3.14e-02, α=1.000, ‖θ[1:]‖₁=1741.504, num_selected_knots=1996
2025-09-06 21:26:30,324 - Iter 2411: obj=-1244.037246, change=3.14e-02, α=1.000, ‖θ[1:]‖₁=1741.728, num_selected_knots=1996
2025-09-06 21:26:33,694 - Iter 2412: obj=-1244.140181, change=3.13e-02, α=1.000, ‖θ[1:]‖₁=1741.952, num_selected_knots=1996
2025-09-06 21:26:36,967 - Iter 2413: obj=-1244.243025, change=3.13e-02, α=1.000, ‖θ[1:]‖₁=1742.176, num_selected_knots=1996
2025-09-06 21:26:40,295 - Iter 2414: obj=-1244.345777, change=3.13e-02, α=1.000, ‖θ[1:]‖₁=1742.399, num_selected_knots=1995
2025-09-06 21:26:43,631 - Iter 2415: obj=-1244.448434, change=3.13e-02, α=1.000, ‖θ[1:]‖₁=1742.623, num_selected_knots=1995
2025-09-06 21:26:46,969 - Iter 2416: obj=-1244.550997, change=3.13e-02, α=1.000, ‖θ[1:]‖₁=1742.846, num_selected_knots=1995
2025-09-06 21:26:50,359 - Iter 2417: obj=-1244.653471, change=3.13e-02, α=1.000, ‖θ[1:]‖₁=1743.069, num_selected_knots=1995
2025-09-06 21:26:53,700 - Iter 2418: obj=-1244.755855, change=3.13e-02, α=1.000, ‖θ[1:]‖₁=1743.292, num_selected_knots=1994
2025-09-06 21:26:57,001 - Iter 2419: obj=-1244.858148, change=3.12e-02, α=1.000, ‖θ[1:]‖₁=1743.515, num_selected_knots=1994
2025-09-06 21:27:00,556 - Iter 2420: obj=-1244.960352, change=3.12e-02, α=1.000, ‖θ[1:]‖₁=1743.738, num_selected_knots=1995
2025-09-06 21:27:03,904 - Iter 2421: obj=-1245.062466, change=3.12e-02, α=1.000, ‖θ[1:]‖₁=1743.961, num_selected_knots=1995
2025-09-06 21:27:07,265 - Iter 2422: obj=-1245.164489, change=3.12e-02, α=1.000, ‖θ[1:]‖₁=1744.183, num_selected_knots=1993
2025-09-06 21:27:10,613 - Iter 2423: obj=-1245.266424, change=3.12e-02, α=1.000, ‖θ[1:]‖₁=1744.406, num_selected_knots=1994
2025-09-06 21:27:13,973 - Iter 2424: obj=-1245.368266, change=3.12e-02, α=1.000, ‖θ[1:]‖₁=1744.628, num_selected_knots=1994
2025-09-06 21:27:17,442 - Iter 2425: obj=-1245.470017, change=3.12e-02, α=1.000, ‖θ[1:]‖₁=1744.850, num_selected_knots=1994
2025-09-06 21:27:20,751 - Iter 2426: obj=-1245.571679, change=3.11e-02, α=1.000, ‖θ[1:]‖₁=1745.072, num_selected_knots=1994
2025-09-06 21:27:24,118 - Iter 2427: obj=-1245.673251, change=3.11e-02, α=1.000, ‖θ[1:]‖₁=1745.294, num_selected_knots=1994
2025-09-06 21:27:27,455 - Iter 2428: obj=-1245.774732, change=3.11e-02, α=1.000, ‖θ[1:]‖₁=1745.516, num_selected_knots=1994
2025-09-06 21:27:30,745 - Iter 2429: obj=-1245.876125, change=3.11e-02, α=1.000, ‖θ[1:]‖₁=1745.738, num_selected_knots=1994
2025-09-06 21:27:34,093 - Iter 2430: obj=-1245.977427, change=3.11e-02, α=1.000, ‖θ[1:]‖₁=1745.959, num_selected_knots=1994
2025-09-06 21:27:37,441 - Iter 2431: obj=-1246.078640, change=3.11e-02, α=1.000, ‖θ[1:]‖₁=1746.181, num_selected_knots=1994
2025-09-06 21:27:40,771 - Iter 2432: obj=-1246.179764, change=3.11e-02, α=1.000, ‖θ[1:]‖₁=1746.402, num_selected_knots=1994
2025-09-06 21:27:44,091 - Iter 2433: obj=-1246.280798, change=3.10e-02, α=1.000, ‖θ[1:]‖₁=1746.623, num_selected_knots=1994
2025-09-06 21:27:47,444 - Iter 2434: obj=-1246.381743, change=3.10e-02, α=1.000, ‖θ[1:]‖₁=1746.845, num_selected_knots=1993
2025-09-06 21:27:50,735 - Iter 2435: obj=-1246.482599, change=3.10e-02, α=1.000, ‖θ[1:]‖₁=1747.065, num_selected_knots=1993
2025-09-06 21:27:54,059 - Iter 2436: obj=-1246.583366, change=3.10e-02, α=1.000, ‖θ[1:]‖₁=1747.286, num_selected_knots=1993
2025-09-06 21:27:57,364 - Iter 2437: obj=-1246.684044, change=3.10e-02, α=1.000, ‖θ[1:]‖₁=1747.507, num_selected_knots=1993
2025-09-06 21:28:00,689 - Iter 2438: obj=-1246.784633, change=3.10e-02, α=1.000, ‖θ[1:]‖₁=1747.728, num_selected_knots=1991
2025-09-06 21:28:04,023 - Iter 2439: obj=-1246.885126, change=3.10e-02, α=1.000, ‖θ[1:]‖₁=1747.948, num_selected_knots=1992
2025-09-06 21:28:07,369 - Iter 2440: obj=-1246.985526, change=3.09e-02, α=1.000, ‖θ[1:]‖₁=1748.169, num_selected_knots=1992
2025-09-06 21:28:10,675 - Iter 2441: obj=-1247.085837, change=3.09e-02, α=1.000, ‖θ[1:]‖₁=1748.389, num_selected_knots=1992
2025-09-06 21:28:14,034 - Iter 2442: obj=-1247.186061, change=3.09e-02, α=1.000, ‖θ[1:]‖₁=1748.609, num_selected_knots=1992
2025-09-06 21:28:17,391 - Iter 2443: obj=-1247.286196, change=3.09e-02, α=1.000, ‖θ[1:]‖₁=1748.829, num_selected_knots=1992
2025-09-06 21:28:20,710 - Iter 2444: obj=-1247.386243, change=3.09e-02, α=1.000, ‖θ[1:]‖₁=1749.049, num_selected_knots=1992
2025-09-06 21:28:24,100 - Iter 2445: obj=-1247.486202, change=3.09e-02, α=1.000, ‖θ[1:]‖₁=1749.269, num_selected_knots=1992
2025-09-06 21:28:27,442 - Iter 2446: obj=-1247.586072, change=3.09e-02, α=1.000, ‖θ[1:]‖₁=1749.489, num_selected_knots=1992
2025-09-06 21:28:30,770 - Iter 2447: obj=-1247.685855, change=3.08e-02, α=1.000, ‖θ[1:]‖₁=1749.708, num_selected_knots=1992
2025-09-06 21:28:34,079 - Iter 2448: obj=-1247.785550, change=3.08e-02, α=1.000, ‖θ[1:]‖₁=1749.928, num_selected_knots=1992
2025-09-06 21:28:37,488 - Iter 2449: obj=-1247.885157, change=3.08e-02, α=1.000, ‖θ[1:]‖₁=1750.147, num_selected_knots=1992
2025-09-06 21:28:40,810 - Iter 2450: obj=-1247.984677, change=3.08e-02, α=1.000, ‖θ[1:]‖₁=1750.366, num_selected_knots=1992
2025-09-06 21:28:44,134 - Iter 2451: obj=-1248.084108, change=3.08e-02, α=1.000, ‖θ[1:]‖₁=1750.585, num_selected_knots=1992
2025-09-06 21:28:51,879 - Iter 2452: obj=-1248.183453, change=3.08e-02, α=1.000, ‖θ[1:]‖₁=1750.804, num_selected_knots=1992
2025-09-06 21:28:55,108 - Iter 2453: obj=-1248.282709, change=3.08e-02, α=1.000, ‖θ[1:]‖₁=1751.023, num_selected_knots=1992
2025-09-06 21:28:58,434 - Iter 2454: obj=-1248.381878, change=3.07e-02, α=1.000, ‖θ[1:]‖₁=1751.242, num_selected_knots=1992
2025-09-06 21:29:01,665 - Iter 2455: obj=-1248.480960, change=3.07e-02, α=1.000, ‖θ[1:]‖₁=1751.461, num_selected_knots=1992
2025-09-06 21:29:04,897 - Iter 2456: obj=-1248.579954, change=3.07e-02, α=1.000, ‖θ[1:]‖₁=1751.679, num_selected_knots=1992
2025-09-06 21:29:08,133 - Iter 2457: obj=-1248.678862, change=3.07e-02, α=1.000, ‖θ[1:]‖₁=1751.897, num_selected_knots=1992
2025-09-06 21:29:11,356 - Iter 2458: obj=-1248.777682, change=3.07e-02, α=1.000, ‖θ[1:]‖₁=1752.116, num_selected_knots=1992
2025-09-06 21:29:14,576 - Iter 2459: obj=-1248.876415, change=3.07e-02, α=1.000, ‖θ[1:]‖₁=1752.334, num_selected_knots=1992
2025-09-06 21:29:17,803 - Iter 2460: obj=-1248.975061, change=3.07e-02, α=1.000, ‖θ[1:]‖₁=1752.552, num_selected_knots=1992
2025-09-06 21:29:21,097 - Iter 2461: obj=-1249.073620, change=3.07e-02, α=1.000, ‖θ[1:]‖₁=1752.770, num_selected_knots=1992
2025-09-06 21:29:24,319 - Iter 2462: obj=-1249.172092, change=3.06e-02, α=1.000, ‖θ[1:]‖₁=1752.987, num_selected_knots=1992
2025-09-06 21:29:27,724 - Iter 2463: obj=-1249.270477, change=3.06e-02, α=1.000, ‖θ[1:]‖₁=1753.205, num_selected_knots=1992
2025-09-06 21:29:31,141 - Iter 2464: obj=-1249.368776, change=3.06e-02, α=1.000, ‖θ[1:]‖₁=1753.423, num_selected_knots=1992
2025-09-06 21:29:34,639 - Iter 2465: obj=-1249.466988, change=3.06e-02, α=1.000, ‖θ[1:]‖₁=1753.640, num_selected_knots=1992
2025-09-06 21:29:37,973 - Iter 2466: obj=-1249.565114, change=3.06e-02, α=1.000, ‖θ[1:]‖₁=1753.857, num_selected_knots=1992
2025-09-06 21:29:41,257 - Iter 2467: obj=-1249.663153, change=3.06e-02, α=1.000, ‖θ[1:]‖₁=1754.075, num_selected_knots=1991
2025-09-06 21:29:44,585 - Iter 2468: obj=-1249.761128, change=3.06e-02, α=1.000, ‖θ[1:]‖₁=1754.295, num_selected_knots=1991
2025-09-06 21:29:47,987 - Iter 2469: obj=-1249.859061, change=3.05e-02, α=1.000, ‖θ[1:]‖₁=1754.514, num_selected_knots=1991
2025-09-06 21:29:51,443 - Iter 2470: obj=-1249.956926, change=3.05e-02, α=1.000, ‖θ[1:]‖₁=1754.733, num_selected_knots=1991
2025-09-06 21:29:54,780 - Iter 2471: obj=-1250.054725, change=3.05e-02, α=1.000, ‖θ[1:]‖₁=1754.951, num_selected_knots=1991
2025-09-06 21:29:58,169 - Iter 2472: obj=-1250.152456, change=3.05e-02, α=1.000, ‖θ[1:]‖₁=1755.169, num_selected_knots=1991
2025-09-06 21:30:01,456 - Iter 2473: obj=-1250.250115, change=3.05e-02, α=1.000, ‖θ[1:]‖₁=1755.387, num_selected_knots=1991
2025-09-06 21:30:04,804 - Iter 2474: obj=-1250.347699, change=3.05e-02, α=1.000, ‖θ[1:]‖₁=1755.604, num_selected_knots=1991
2025-09-06 21:30:08,144 - Iter 2475: obj=-1250.445204, change=3.05e-02, α=1.000, ‖θ[1:]‖₁=1755.822, num_selected_knots=1991
2025-09-06 21:30:11,440 - Iter 2476: obj=-1250.542629, change=3.05e-02, α=1.000, ‖θ[1:]‖₁=1756.039, num_selected_knots=1990
2025-09-06 21:30:14,778 - Iter 2477: obj=-1250.639971, change=3.04e-02, α=1.000, ‖θ[1:]‖₁=1756.256, num_selected_knots=1990
2025-09-06 21:30:18,122 - Iter 2478: obj=-1250.737225, change=3.04e-02, α=1.000, ‖θ[1:]‖₁=1756.473, num_selected_knots=1990
2025-09-06 21:30:21,390 - Iter 2479: obj=-1250.834393, change=3.04e-02, α=1.000, ‖θ[1:]‖₁=1756.689, num_selected_knots=1990
2025-09-06 21:30:24,707 - Iter 2480: obj=-1250.931475, change=3.04e-02, α=1.000, ‖θ[1:]‖₁=1756.906, num_selected_knots=1990
2025-09-06 21:30:28,052 - Iter 2481: obj=-1251.028469, change=3.04e-02, α=1.000, ‖θ[1:]‖₁=1757.122, num_selected_knots=1990
2025-09-06 21:30:31,329 - Iter 2482: obj=-1251.125375, change=3.04e-02, α=1.000, ‖θ[1:]‖₁=1757.339, num_selected_knots=1989
2025-09-06 21:30:34,635 - Iter 2483: obj=-1251.222187, change=3.04e-02, α=1.000, ‖θ[1:]‖₁=1757.555, num_selected_knots=1989
2025-09-06 21:30:38,013 - Iter 2484: obj=-1251.318908, change=3.03e-02, α=1.000, ‖θ[1:]‖₁=1757.771, num_selected_knots=1989
2025-09-06 21:30:41,297 - Iter 2485: obj=-1251.415540, change=3.03e-02, α=1.000, ‖θ[1:]‖₁=1757.986, num_selected_knots=1989
2025-09-06 21:30:44,621 - Iter 2486: obj=-1251.512083, change=3.03e-02, α=1.000, ‖θ[1:]‖₁=1758.202, num_selected_knots=1989
2025-09-06 21:30:47,941 - Iter 2487: obj=-1251.608537, change=3.03e-02, α=1.000, ‖θ[1:]‖₁=1758.417, num_selected_knots=1989
2025-09-06 21:30:51,302 - Iter 2488: obj=-1251.704901, change=3.03e-02, α=1.000, ‖θ[1:]‖₁=1758.633, num_selected_knots=1989
2025-09-06 21:30:54,594 - Iter 2489: obj=-1251.801176, change=3.03e-02, α=1.000, ‖θ[1:]‖₁=1758.848, num_selected_knots=1989
2025-09-06 21:30:58,007 - Iter 2490: obj=-1251.897361, change=3.03e-02, α=1.000, ‖θ[1:]‖₁=1759.063, num_selected_knots=1989
2025-09-06 21:31:01,352 - Iter 2491: obj=-1251.993457, change=3.02e-02, α=1.000, ‖θ[1:]‖₁=1759.278, num_selected_knots=1989
2025-09-06 21:31:04,656 - Iter 2492: obj=-1252.089464, change=3.02e-02, α=1.000, ‖θ[1:]‖₁=1759.493, num_selected_knots=1989
2025-09-06 21:31:07,980 - Iter 2493: obj=-1252.185381, change=3.02e-02, α=1.000, ‖θ[1:]‖₁=1759.707, num_selected_knots=1989
2025-09-06 21:31:11,321 - Iter 2494: obj=-1252.281209, change=3.02e-02, α=1.000, ‖θ[1:]‖₁=1759.922, num_selected_knots=1989
2025-09-06 21:31:14,600 - Iter 2495: obj=-1252.376948, change=3.02e-02, α=1.000, ‖θ[1:]‖₁=1760.136, num_selected_knots=1989
2025-09-06 21:31:17,940 - Iter 2496: obj=-1252.472597, change=3.02e-02, α=1.000, ‖θ[1:]‖₁=1760.351, num_selected_knots=1989
2025-09-06 21:31:21,260 - Iter 2497: obj=-1252.568158, change=3.02e-02, α=1.000, ‖θ[1:]‖₁=1760.565, num_selected_knots=1989
2025-09-06 21:31:24,553 - Iter 2498: obj=-1252.663631, change=3.01e-02, α=1.000, ‖θ[1:]‖₁=1760.779, num_selected_knots=1989
2025-09-06 21:31:27,887 - Iter 2499: obj=-1252.759014, change=3.01e-02, α=1.000, ‖θ[1:]‖₁=1760.992, num_selected_knots=1989
2025-09-06 21:31:31,222 - Iter 2500: obj=-1252.854310, change=3.01e-02, α=1.000, ‖θ[1:]‖₁=1761.206, num_selected_knots=1989
2025-09-06 21:31:34,529 - Iter 2501: obj=-1252.949517, change=3.01e-02, α=1.000, ‖θ[1:]‖₁=1761.420, num_selected_knots=1989
2025-09-06 21:31:37,883 - Iter 2502: obj=-1253.044636, change=3.01e-02, α=1.000, ‖θ[1:]‖₁=1761.633, num_selected_knots=1989
2025-09-06 21:31:41,235 - Iter 2503: obj=-1253.139668, change=3.01e-02, α=1.000, ‖θ[1:]‖₁=1761.846, num_selected_knots=1989
2025-09-06 21:31:44,535 - Iter 2504: obj=-1253.234612, change=3.01e-02, α=1.000, ‖θ[1:]‖₁=1762.059, num_selected_knots=1989
2025-09-06 21:31:47,862 - Iter 2505: obj=-1253.329468, change=3.00e-02, α=1.000, ‖θ[1:]‖₁=1762.273, num_selected_knots=1989
2025-09-06 21:31:51,202 - Iter 2506: obj=-1253.424238, change=3.00e-02, α=1.000, ‖θ[1:]‖₁=1762.485, num_selected_knots=1989
2025-09-06 21:31:54,515 - Iter 2507: obj=-1253.518920, change=3.00e-02, α=1.000, ‖θ[1:]‖₁=1762.698, num_selected_knots=1989
2025-09-06 21:31:57,847 - Iter 2508: obj=-1253.613515, change=3.00e-02, α=1.000, ‖θ[1:]‖₁=1762.911, num_selected_knots=1989
2025-09-06 21:32:01,187 - Iter 2509: obj=-1253.708024, change=3.00e-02, α=1.000, ‖θ[1:]‖₁=1763.123, num_selected_knots=1988
2025-09-06 21:32:04,481 - Iter 2510: obj=-1253.802446, change=3.00e-02, α=1.000, ‖θ[1:]‖₁=1763.336, num_selected_knots=1988
2025-09-06 21:32:07,819 - Iter 2511: obj=-1253.896776, change=3.00e-02, α=1.000, ‖θ[1:]‖₁=1763.548, num_selected_knots=1988
2025-09-06 21:32:11,157 - Iter 2512: obj=-1253.991020, change=2.99e-02, α=1.000, ‖θ[1:]‖₁=1763.760, num_selected_knots=1988
2025-09-06 21:32:14,433 - Iter 2513: obj=-1254.085178, change=2.99e-02, α=1.000, ‖θ[1:]‖₁=1763.972, num_selected_knots=1988
2025-09-06 21:32:17,762 - Iter 2514: obj=-1254.179252, change=2.99e-02, α=1.000, ‖θ[1:]‖₁=1764.184, num_selected_knots=1988
2025-09-06 21:32:21,120 - Iter 2515: obj=-1254.273240, change=2.99e-02, α=1.000, ‖θ[1:]‖₁=1764.395, num_selected_knots=1988
2025-09-06 21:32:24,391 - Iter 2516: obj=-1254.367143, change=2.99e-02, α=1.000, ‖θ[1:]‖₁=1764.607, num_selected_knots=1988
2025-09-06 21:32:27,781 - Iter 2517: obj=-1254.460961, change=2.99e-02, α=1.000, ‖θ[1:]‖₁=1764.818, num_selected_knots=1988
2025-09-06 21:32:31,125 - Iter 2518: obj=-1254.554695, change=2.99e-02, α=1.000, ‖θ[1:]‖₁=1765.030, num_selected_knots=1988
2025-09-06 21:32:34,452 - Iter 2519: obj=-1254.648343, change=2.98e-02, α=1.000, ‖θ[1:]‖₁=1765.241, num_selected_knots=1988
2025-09-06 21:32:37,820 - Iter 2520: obj=-1254.741907, change=2.98e-02, α=1.000, ‖θ[1:]‖₁=1765.452, num_selected_knots=1988
2025-09-06 21:32:41,153 - Iter 2521: obj=-1254.835387, change=2.98e-02, α=1.000, ‖θ[1:]‖₁=1765.663, num_selected_knots=1988
2025-09-06 21:32:44,488 - Iter 2522: obj=-1254.928782, change=2.98e-02, α=1.000, ‖θ[1:]‖₁=1765.873, num_selected_knots=1988
2025-09-06 21:32:47,794 - Iter 2523: obj=-1255.022093, change=2.98e-02, α=1.000, ‖θ[1:]‖₁=1766.084, num_selected_knots=1988
2025-09-06 21:32:51,093 - Iter 2524: obj=-1255.115320, change=2.98e-02, α=1.000, ‖θ[1:]‖₁=1766.295, num_selected_knots=1988
2025-09-06 21:32:54,402 - Iter 2525: obj=-1255.208463, change=2.98e-02, α=1.000, ‖θ[1:]‖₁=1766.505, num_selected_knots=1987
2025-09-06 21:32:57,823 - Iter 2526: obj=-1255.301524, change=2.98e-02, α=1.000, ‖θ[1:]‖₁=1766.715, num_selected_knots=1988
2025-09-06 21:33:01,136 - Iter 2527: obj=-1255.394500, change=2.97e-02, α=1.000, ‖θ[1:]‖₁=1766.925, num_selected_knots=1988
2025-09-06 21:33:04,446 - Iter 2528: obj=-1255.487392, change=2.97e-02, α=1.000, ‖θ[1:]‖₁=1767.135, num_selected_knots=1988
2025-09-06 21:33:07,773 - Iter 2529: obj=-1255.580200, change=2.97e-02, α=1.000, ‖θ[1:]‖₁=1767.345, num_selected_knots=1988
2025-09-06 21:33:11,086 - Iter 2530: obj=-1255.672925, change=2.97e-02, α=1.000, ‖θ[1:]‖₁=1767.555, num_selected_knots=1988
2025-09-06 21:33:14,395 - Iter 2531: obj=-1255.765567, change=2.97e-02, α=1.000, ‖θ[1:]‖₁=1767.765, num_selected_knots=1988
2025-09-06 21:33:17,719 - Iter 2532: obj=-1255.858126, change=2.97e-02, α=1.000, ‖θ[1:]‖₁=1767.974, num_selected_knots=1988
2025-09-06 21:33:21,016 - Iter 2533: obj=-1255.950602, change=2.97e-02, α=1.000, ‖θ[1:]‖₁=1768.184, num_selected_knots=1988
2025-09-06 21:33:24,344 - Iter 2534: obj=-1256.042995, change=2.96e-02, α=1.000, ‖θ[1:]‖₁=1768.393, num_selected_knots=1988
2025-09-06 21:33:27,654 - Iter 2535: obj=-1256.135305, change=2.96e-02, α=1.000, ‖θ[1:]‖₁=1768.602, num_selected_knots=1988
2025-09-06 21:33:30,956 - Iter 2536: obj=-1256.227533, change=2.96e-02, α=1.000, ‖θ[1:]‖₁=1768.811, num_selected_knots=1988
2025-09-06 21:33:34,277 - Iter 2537: obj=-1256.319679, change=2.96e-02, α=1.000, ‖θ[1:]‖₁=1769.020, num_selected_knots=1988
2025-09-06 21:33:37,599 - Iter 2538: obj=-1256.411742, change=2.96e-02, α=1.000, ‖θ[1:]‖₁=1769.229, num_selected_knots=1988
2025-09-06 21:33:40,902 - Iter 2539: obj=-1256.503723, change=2.96e-02, α=1.000, ‖θ[1:]‖₁=1769.438, num_selected_knots=1988
2025-09-06 21:33:44,253 - Iter 2540: obj=-1256.595623, change=2.96e-02, α=1.000, ‖θ[1:]‖₁=1769.646, num_selected_knots=1988
2025-09-06 21:33:47,601 - Iter 2541: obj=-1256.687440, change=2.95e-02, α=1.000, ‖θ[1:]‖₁=1769.855, num_selected_knots=1988
2025-09-06 21:33:50,905 - Iter 2542: obj=-1256.779176, change=2.95e-02, α=1.000, ‖θ[1:]‖₁=1770.063, num_selected_knots=1988
2025-09-06 21:33:54,232 - Iter 2543: obj=-1256.870830, change=2.95e-02, α=1.000, ‖θ[1:]‖₁=1770.271, num_selected_knots=1988
2025-09-06 21:33:57,568 - Iter 2544: obj=-1256.962403, change=2.95e-02, α=1.000, ‖θ[1:]‖₁=1770.479, num_selected_knots=1988
2025-09-06 21:34:00,878 - Iter 2545: obj=-1257.053894, change=2.95e-02, α=1.000, ‖θ[1:]‖₁=1770.687, num_selected_knots=1987
2025-09-06 21:34:04,271 - Iter 2546: obj=-1257.145304, change=2.95e-02, α=1.000, ‖θ[1:]‖₁=1770.895, num_selected_knots=1987
2025-09-06 21:34:07,588 - Iter 2547: obj=-1257.236630, change=2.95e-02, α=1.000, ‖θ[1:]‖₁=1771.103, num_selected_knots=1987
2025-09-06 21:34:10,892 - Iter 2548: obj=-1257.327875, change=2.95e-02, α=1.000, ‖θ[1:]‖₁=1771.311, num_selected_knots=1987
2025-09-06 21:34:14,212 - Iter 2549: obj=-1257.419040, change=2.94e-02, α=1.000, ‖θ[1:]‖₁=1771.518, num_selected_knots=1987
2025-09-06 21:34:17,530 - Iter 2550: obj=-1257.510125, change=2.94e-02, α=1.000, ‖θ[1:]‖₁=1771.725, num_selected_knots=1986
2025-09-06 21:34:20,823 - Iter 2551: obj=-1257.601129, change=2.94e-02, α=1.000, ‖θ[1:]‖₁=1771.933, num_selected_knots=1987
2025-09-06 21:34:24,136 - Iter 2552: obj=-1257.692052, change=2.94e-02, α=1.000, ‖θ[1:]‖₁=1772.140, num_selected_knots=1987
2025-09-06 21:34:27,463 - Iter 2553: obj=-1257.782894, change=2.94e-02, α=1.000, ‖θ[1:]‖₁=1772.347, num_selected_knots=1987
2025-09-06 21:34:30,759 - Iter 2554: obj=-1257.873656, change=2.94e-02, α=1.000, ‖θ[1:]‖₁=1772.554, num_selected_knots=1987
2025-09-06 21:34:34,070 - Iter 2555: obj=-1257.964338, change=2.94e-02, α=1.000, ‖θ[1:]‖₁=1772.760, num_selected_knots=1987
2025-09-06 21:34:37,408 - Iter 2556: obj=-1258.054939, change=2.93e-02, α=1.000, ‖θ[1:]‖₁=1772.967, num_selected_knots=1987
2025-09-06 21:34:40,671 - Iter 2557: obj=-1258.145460, change=2.93e-02, α=1.000, ‖θ[1:]‖₁=1773.174, num_selected_knots=1987
2025-09-06 21:34:44,009 - Iter 2558: obj=-1258.235902, change=2.93e-02, α=1.000, ‖θ[1:]‖₁=1773.380, num_selected_knots=1987
2025-09-06 21:34:47,372 - Iter 2559: obj=-1258.326264, change=2.93e-02, α=1.000, ‖θ[1:]‖₁=1773.586, num_selected_knots=1987
2025-09-06 21:34:50,732 - Iter 2560: obj=-1258.416546, change=2.93e-02, α=1.000, ‖θ[1:]‖₁=1773.792, num_selected_knots=1987
2025-09-06 21:34:54,107 - Iter 2561: obj=-1258.506748, change=2.93e-02, α=1.000, ‖θ[1:]‖₁=1773.999, num_selected_knots=1987
2025-09-06 21:34:57,563 - Iter 2562: obj=-1258.596871, change=2.93e-02, α=1.000, ‖θ[1:]‖₁=1774.205, num_selected_knots=1987
2025-09-06 21:35:01,010 - Iter 2563: obj=-1258.686914, change=2.93e-02, α=1.000, ‖θ[1:]‖₁=1774.410, num_selected_knots=1986
2025-09-06 21:35:04,346 - Iter 2564: obj=-1258.776878, change=2.92e-02, α=1.000, ‖θ[1:]‖₁=1774.616, num_selected_knots=1985
2025-09-06 21:35:07,702 - Iter 2565: obj=-1258.866763, change=2.92e-02, α=1.000, ‖θ[1:]‖₁=1774.822, num_selected_knots=1985
2025-09-06 21:35:11,038 - Iter 2566: obj=-1258.956568, change=2.92e-02, α=1.000, ‖θ[1:]‖₁=1775.027, num_selected_knots=1984
2025-09-06 21:35:14,319 - Iter 2567: obj=-1259.046293, change=2.92e-02, α=1.000, ‖θ[1:]‖₁=1775.232, num_selected_knots=1984
2025-09-06 21:35:17,667 - Iter 2568: obj=-1259.135936, change=2.92e-02, α=1.000, ‖θ[1:]‖₁=1775.438, num_selected_knots=1983
2025-09-06 21:35:21,000 - Iter 2569: obj=-1259.225491, change=2.92e-02, α=1.000, ‖θ[1:]‖₁=1775.643, num_selected_knots=1983
2025-09-06 21:35:24,495 - Iter 2570: obj=-1259.314967, change=2.92e-02, α=1.000, ‖θ[1:]‖₁=1775.848, num_selected_knots=1983
2025-09-06 21:35:30,904 - Iter 2571: obj=-1259.404366, change=2.91e-02, α=1.000, ‖θ[1:]‖₁=1776.052, num_selected_knots=1983
2025-09-06 21:35:34,151 - Iter 2572: obj=-1259.493687, change=2.91e-02, α=1.000, ‖θ[1:]‖₁=1776.257, num_selected_knots=1983
2025-09-06 21:35:37,372 - Iter 2573: obj=-1259.582931, change=2.91e-02, α=1.000, ‖θ[1:]‖₁=1776.461, num_selected_knots=1983
2025-09-06 21:35:40,648 - Iter 2574: obj=-1259.672098, change=2.91e-02, α=1.000, ‖θ[1:]‖₁=1776.666, num_selected_knots=1983
2025-09-06 21:35:43,982 - Iter 2575: obj=-1259.761187, change=2.91e-02, α=1.000, ‖θ[1:]‖₁=1776.870, num_selected_knots=1983
2025-09-06 21:35:47,243 - Iter 2576: obj=-1259.850199, change=2.91e-02, α=1.000, ‖θ[1:]‖₁=1777.074, num_selected_knots=1983
2025-09-06 21:35:50,905 - Iter 2577: obj=-1259.939134, change=2.91e-02, α=1.000, ‖θ[1:]‖₁=1777.279, num_selected_knots=1983
2025-09-06 21:35:54,367 - Iter 2578: obj=-1260.027991, change=2.91e-02, α=1.000, ‖θ[1:]‖₁=1777.482, num_selected_knots=1983
2025-09-06 21:35:57,656 - Iter 2579: obj=-1260.116771, change=2.90e-02, α=1.000, ‖θ[1:]‖₁=1777.686, num_selected_knots=1983
2025-09-06 21:36:00,996 - Iter 2580: obj=-1260.205473, change=2.90e-02, α=1.000, ‖θ[1:]‖₁=1777.890, num_selected_knots=1983
2025-09-06 21:36:04,332 - Iter 2581: obj=-1260.294099, change=2.90e-02, α=1.000, ‖θ[1:]‖₁=1778.094, num_selected_knots=1983
2025-09-06 21:36:07,623 - Iter 2582: obj=-1260.382647, change=2.90e-02, α=1.000, ‖θ[1:]‖₁=1778.297, num_selected_knots=1983
2025-09-06 21:36:10,926 - Iter 2583: obj=-1260.471117, change=2.90e-02, α=1.000, ‖θ[1:]‖₁=1778.501, num_selected_knots=1983
2025-09-06 21:36:14,282 - Iter 2584: obj=-1260.559511, change=2.90e-02, α=1.000, ‖θ[1:]‖₁=1778.704, num_selected_knots=1983
2025-09-06 21:36:17,615 - Iter 2585: obj=-1260.647827, change=2.90e-02, α=1.000, ‖θ[1:]‖₁=1778.907, num_selected_knots=1983
2025-09-06 21:36:20,918 - Iter 2586: obj=-1260.736067, change=2.90e-02, α=1.000, ‖θ[1:]‖₁=1779.110, num_selected_knots=1981
2025-09-06 21:36:24,230 - Iter 2587: obj=-1260.824231, change=2.89e-02, α=1.000, ‖θ[1:]‖₁=1779.313, num_selected_knots=1982
2025-09-06 21:36:27,555 - Iter 2588: obj=-1260.912318, change=2.89e-02, α=1.000, ‖θ[1:]‖₁=1779.516, num_selected_knots=1981
2025-09-06 21:36:30,848 - Iter 2589: obj=-1261.000330, change=2.89e-02, α=1.000, ‖θ[1:]‖₁=1779.719, num_selected_knots=1982
2025-09-06 21:36:34,159 - Iter 2590: obj=-1261.088262, change=2.89e-02, α=1.000, ‖θ[1:]‖₁=1779.921, num_selected_knots=1982
2025-09-06 21:36:37,492 - Iter 2591: obj=-1261.176117, change=2.89e-02, α=1.000, ‖θ[1:]‖₁=1780.124, num_selected_knots=1982
2025-09-06 21:36:40,789 - Iter 2592: obj=-1261.263894, change=2.89e-02, α=1.000, ‖θ[1:]‖₁=1780.326, num_selected_knots=1982
2025-09-06 21:36:44,189 - Iter 2593: obj=-1261.351594, change=2.89e-02, α=1.000, ‖θ[1:]‖₁=1780.529, num_selected_knots=1982
2025-09-06 21:36:47,502 - Iter 2594: obj=-1261.439217, change=2.89e-02, α=1.000, ‖θ[1:]‖₁=1780.731, num_selected_knots=1982
2025-09-06 21:36:50,788 - Iter 2595: obj=-1261.526763, change=2.88e-02, α=1.000, ‖θ[1:]‖₁=1780.933, num_selected_knots=1982
2025-09-06 21:36:54,129 - Iter 2596: obj=-1261.614232, change=2.88e-02, α=1.000, ‖θ[1:]‖₁=1781.135, num_selected_knots=1982
2025-09-06 21:36:57,576 - Iter 2597: obj=-1261.701625, change=2.88e-02, α=1.000, ‖θ[1:]‖₁=1781.337, num_selected_knots=1982
2025-09-06 21:37:01,085 - Iter 2598: obj=-1261.788941, change=2.88e-02, α=1.000, ‖θ[1:]‖₁=1781.539, num_selected_knots=1982
2025-09-06 21:37:04,437 - Iter 2599: obj=-1261.876181, change=2.88e-02, α=1.000, ‖θ[1:]‖₁=1781.741, num_selected_knots=1982
2025-09-06 21:37:07,792 - Iter 2600: obj=-1261.963344, change=2.88e-02, α=1.000, ‖θ[1:]‖₁=1781.942, num_selected_knots=1982
2025-09-06 21:37:11,084 - Iter 2601: obj=-1262.050431, change=2.88e-02, α=1.000, ‖θ[1:]‖₁=1782.144, num_selected_knots=1982
2025-09-06 21:37:14,405 - Iter 2602: obj=-1262.137442, change=2.87e-02, α=1.000, ‖θ[1:]‖₁=1782.345, num_selected_knots=1982
2025-09-06 21:37:17,737 - Iter 2603: obj=-1262.224377, change=2.87e-02, α=1.000, ‖θ[1:]‖₁=1782.546, num_selected_knots=1982
2025-09-06 21:37:21,036 - Iter 2604: obj=-1262.311236, change=2.87e-02, α=1.000, ‖θ[1:]‖₁=1782.747, num_selected_knots=1982
2025-09-06 21:37:24,355 - Iter 2605: obj=-1262.398020, change=2.87e-02, α=1.000, ‖θ[1:]‖₁=1782.948, num_selected_knots=1982
2025-09-06 21:37:27,690 - Iter 2606: obj=-1262.484727, change=2.87e-02, α=1.000, ‖θ[1:]‖₁=1783.149, num_selected_knots=1982
2025-09-06 21:37:31,012 - Iter 2607: obj=-1262.571359, change=2.87e-02, α=1.000, ‖θ[1:]‖₁=1783.350, num_selected_knots=1982
2025-09-06 21:37:34,332 - Iter 2608: obj=-1262.657915, change=2.87e-02, α=1.000, ‖θ[1:]‖₁=1783.551, num_selected_knots=1982
2025-09-06 21:37:37,662 - Iter 2609: obj=-1262.744396, change=2.87e-02, α=1.000, ‖θ[1:]‖₁=1783.751, num_selected_knots=1981
2025-09-06 21:37:40,978 - Iter 2610: obj=-1262.830797, change=2.86e-02, α=1.000, ‖θ[1:]‖₁=1783.952, num_selected_knots=1981
2025-09-06 21:37:44,278 - Iter 2611: obj=-1262.917117, change=2.86e-02, α=1.000, ‖θ[1:]‖₁=1784.152, num_selected_knots=1981
2025-09-06 21:37:47,622 - Iter 2612: obj=-1263.003363, change=2.86e-02, α=1.000, ‖θ[1:]‖₁=1784.352, num_selected_knots=1981
2025-09-06 21:37:50,919 - Iter 2613: obj=-1263.089534, change=2.86e-02, α=1.000, ‖θ[1:]‖₁=1784.552, num_selected_knots=1981
2025-09-06 21:37:54,234 - Iter 2614: obj=-1263.175631, change=2.86e-02, α=1.000, ‖θ[1:]‖₁=1784.752, num_selected_knots=1981
2025-09-06 21:37:57,556 - Iter 2615: obj=-1263.261653, change=2.86e-02, α=1.000, ‖θ[1:]‖₁=1784.952, num_selected_knots=1981
2025-09-06 21:38:00,843 - Iter 2616: obj=-1263.347600, change=2.86e-02, α=1.000, ‖θ[1:]‖₁=1785.152, num_selected_knots=1981
2025-09-06 21:38:04,181 - Iter 2617: obj=-1263.433473, change=2.86e-02, α=1.000, ‖θ[1:]‖₁=1785.351, num_selected_knots=1981
2025-09-06 21:38:07,509 - Iter 2618: obj=-1263.519272, change=2.85e-02, α=1.000, ‖θ[1:]‖₁=1785.551, num_selected_knots=1981
2025-09-06 21:38:10,802 - Iter 2619: obj=-1263.604996, change=2.85e-02, α=1.000, ‖θ[1:]‖₁=1785.750, num_selected_knots=1981
2025-09-06 21:38:14,117 - Iter 2620: obj=-1263.690645, change=2.85e-02, α=1.000, ‖θ[1:]‖₁=1785.950, num_selected_knots=1981
2025-09-06 21:38:17,488 - Iter 2621: obj=-1263.776221, change=2.85e-02, α=1.000, ‖θ[1:]‖₁=1786.149, num_selected_knots=1981
2025-09-06 21:38:20,741 - Iter 2622: obj=-1263.861722, change=2.85e-02, α=1.000, ‖θ[1:]‖₁=1786.348, num_selected_knots=1981
2025-09-06 21:38:24,038 - Iter 2623: obj=-1263.947148, change=2.85e-02, α=1.000, ‖θ[1:]‖₁=1786.547, num_selected_knots=1981
2025-09-06 21:38:27,416 - Iter 2624: obj=-1264.032500, change=2.85e-02, α=1.000, ‖θ[1:]‖₁=1786.746, num_selected_knots=1981
2025-09-06 21:38:30,713 - Iter 2625: obj=-1264.117778, change=2.85e-02, α=1.000, ‖θ[1:]‖₁=1786.944, num_selected_knots=1981
2025-09-06 21:38:34,081 - Iter 2626: obj=-1264.202982, change=2.84e-02, α=1.000, ‖θ[1:]‖₁=1787.143, num_selected_knots=1981
2025-09-06 21:38:37,444 - Iter 2627: obj=-1264.288112, change=2.84e-02, α=1.000, ‖θ[1:]‖₁=1787.342, num_selected_knots=1981
2025-09-06 21:38:40,698 - Iter 2628: obj=-1264.373167, change=2.84e-02, α=1.000, ‖θ[1:]‖₁=1787.540, num_selected_knots=1981
2025-09-06 21:38:44,082 - Iter 2629: obj=-1264.458149, change=2.84e-02, α=1.000, ‖θ[1:]‖₁=1787.738, num_selected_knots=1981
2025-09-06 21:38:47,635 - Iter 2630: obj=-1264.543056, change=2.84e-02, α=1.000, ‖θ[1:]‖₁=1787.936, num_selected_knots=1981
2025-09-06 21:38:51,035 - Iter 2631: obj=-1264.627890, change=2.84e-02, α=1.000, ‖θ[1:]‖₁=1788.135, num_selected_knots=1981
2025-09-06 21:38:59,573 - Iter 2632: obj=-1264.712649, change=2.84e-02, α=1.000, ‖θ[1:]‖₁=1788.333, num_selected_knots=1981
2025-09-06 21:39:03,100 - Iter 2633: obj=-1264.797335, change=2.84e-02, α=1.000, ‖θ[1:]‖₁=1788.530, num_selected_knots=1981
2025-09-06 21:39:06,404 - Iter 2634: obj=-1264.881947, change=2.83e-02, α=1.000, ‖θ[1:]‖₁=1788.728, num_selected_knots=1981
2025-09-06 21:39:09,723 - Iter 2635: obj=-1264.966486, change=2.83e-02, α=1.000, ‖θ[1:]‖₁=1788.926, num_selected_knots=1981
2025-09-06 21:39:13,005 - Iter 2636: obj=-1265.050951, change=2.83e-02, α=1.000, ‖θ[1:]‖₁=1789.123, num_selected_knots=1981
2025-09-06 21:39:16,361 - Iter 2637: obj=-1265.135342, change=2.83e-02, α=1.000, ‖θ[1:]‖₁=1789.321, num_selected_knots=1981
2025-09-06 21:39:19,983 - Iter 2638: obj=-1265.219660, change=2.83e-02, α=1.000, ‖θ[1:]‖₁=1789.518, num_selected_knots=1981
2025-09-06 21:39:28,196 - Iter 2639: obj=-1265.303904, change=2.83e-02, α=1.000, ‖θ[1:]‖₁=1789.716, num_selected_knots=1981
2025-09-06 21:39:31,556 - Iter 2640: obj=-1265.388075, change=2.83e-02, α=1.000, ‖θ[1:]‖₁=1789.913, num_selected_knots=1981
2025-09-06 21:39:35,053 - Iter 2641: obj=-1265.472172, change=2.83e-02, α=1.000, ‖θ[1:]‖₁=1790.110, num_selected_knots=1981
2025-09-06 21:39:38,613 - Iter 2642: obj=-1265.556196, change=2.82e-02, α=1.000, ‖θ[1:]‖₁=1790.307, num_selected_knots=1981
2025-09-06 21:39:45,970 - Iter 2643: obj=-1265.640147, change=2.82e-02, α=1.000, ‖θ[1:]‖₁=1790.503, num_selected_knots=1981
2025-09-06 21:39:49,345 - Iter 2644: obj=-1265.724025, change=2.82e-02, α=1.000, ‖θ[1:]‖₁=1790.700, num_selected_knots=1981
2025-09-06 21:39:53,034 - Iter 2645: obj=-1265.807829, change=2.82e-02, α=1.000, ‖θ[1:]‖₁=1790.897, num_selected_knots=1980
2025-09-06 21:39:56,485 - Iter 2646: obj=-1265.891560, change=2.82e-02, α=1.000, ‖θ[1:]‖₁=1791.093, num_selected_knots=1980
2025-09-06 21:39:59,882 - Iter 2647: obj=-1265.975218, change=2.82e-02, α=1.000, ‖θ[1:]‖₁=1791.290, num_selected_knots=1980
2025-09-06 21:40:04,907 - Iter 2648: obj=-1266.058803, change=2.82e-02, α=1.000, ‖θ[1:]‖₁=1791.486, num_selected_knots=1980
2025-09-06 21:40:08,257 - Iter 2649: obj=-1266.142315, change=2.82e-02, α=1.000, ‖θ[1:]‖₁=1791.682, num_selected_knots=1980
2025-09-06 21:40:11,762 - Iter 2650: obj=-1266.225754, change=2.81e-02, α=1.000, ‖θ[1:]‖₁=1791.878, num_selected_knots=1980
2025-09-06 21:40:19,668 - Iter 2651: obj=-1266.309120, change=2.81e-02, α=1.000, ‖θ[1:]‖₁=1792.074, num_selected_knots=1980
2025-09-06 21:40:23,040 - Iter 2652: obj=-1266.392414, change=2.81e-02, α=1.000, ‖θ[1:]‖₁=1792.270, num_selected_knots=1980
2025-09-06 21:40:26,535 - Iter 2653: obj=-1266.475635, change=2.81e-02, α=1.000, ‖θ[1:]‖₁=1792.466, num_selected_knots=1980
2025-09-06 21:40:34,326 - Iter 2654: obj=-1266.558783, change=2.81e-02, α=1.000, ‖θ[1:]‖₁=1792.661, num_selected_knots=1980
2025-09-06 21:40:37,612 - Iter 2655: obj=-1266.641859, change=2.81e-02, α=1.000, ‖θ[1:]‖₁=1792.857, num_selected_knots=1980
2025-09-06 21:40:40,900 - Iter 2656: obj=-1266.724863, change=2.81e-02, α=1.000, ‖θ[1:]‖₁=1793.052, num_selected_knots=1980
2025-09-06 21:40:44,156 - Iter 2657: obj=-1266.807794, change=2.81e-02, α=1.000, ‖θ[1:]‖₁=1793.247, num_selected_knots=1980
2025-09-06 21:40:47,418 - Iter 2658: obj=-1266.890653, change=2.80e-02, α=1.000, ‖θ[1:]‖₁=1793.443, num_selected_knots=1980
2025-09-06 21:40:50,677 - Iter 2659: obj=-1266.973440, change=2.80e-02, α=1.000, ‖θ[1:]‖₁=1793.638, num_selected_knots=1980
2025-09-06 21:40:53,913 - Iter 2660: obj=-1267.056155, change=2.80e-02, α=1.000, ‖θ[1:]‖₁=1793.833, num_selected_knots=1980
2025-09-06 21:40:57,330 - Iter 2661: obj=-1267.138798, change=2.80e-02, α=1.000, ‖θ[1:]‖₁=1794.028, num_selected_knots=1980
2025-09-06 21:41:00,774 - Iter 2662: obj=-1267.221368, change=2.80e-02, α=1.000, ‖θ[1:]‖₁=1794.222, num_selected_knots=1980
2025-09-06 21:41:04,029 - Iter 2663: obj=-1267.303867, change=2.80e-02, α=1.000, ‖θ[1:]‖₁=1794.417, num_selected_knots=1980
2025-09-06 21:41:07,328 - Iter 2664: obj=-1267.386294, change=2.80e-02, α=1.000, ‖θ[1:]‖₁=1794.612, num_selected_knots=1980
2025-09-06 21:41:10,605 - Iter 2665: obj=-1267.468649, change=2.80e-02, α=1.000, ‖θ[1:]‖₁=1794.806, num_selected_knots=1980
2025-09-06 21:41:13,899 - Iter 2666: obj=-1267.550932, change=2.79e-02, α=1.000, ‖θ[1:]‖₁=1795.001, num_selected_knots=1980
2025-09-06 21:41:17,203 - Iter 2667: obj=-1267.633144, change=2.79e-02, α=1.000, ‖θ[1:]‖₁=1795.195, num_selected_knots=1980
2025-09-06 21:41:20,470 - Iter 2668: obj=-1267.715284, change=2.79e-02, α=1.000, ‖θ[1:]‖₁=1795.389, num_selected_knots=1979
2025-09-06 21:41:23,703 - Iter 2669: obj=-1267.797352, change=2.79e-02, α=1.000, ‖θ[1:]‖₁=1795.583, num_selected_knots=1979
2025-09-06 21:41:27,002 - Iter 2670: obj=-1267.879349, change=2.79e-02, α=1.000, ‖θ[1:]‖₁=1795.777, num_selected_knots=1979
2025-09-06 21:41:30,311 - Iter 2671: obj=-1267.961274, change=2.79e-02, α=1.000, ‖θ[1:]‖₁=1795.971, num_selected_knots=1979
2025-09-06 21:41:33,621 - Iter 2672: obj=-1268.043128, change=2.79e-02, α=1.000, ‖θ[1:]‖₁=1796.165, num_selected_knots=1979
2025-09-06 21:41:36,894 - Iter 2673: obj=-1268.124911, change=2.79e-02, α=1.000, ‖θ[1:]‖₁=1796.358, num_selected_knots=1979
2025-09-06 21:41:40,168 - Iter 2674: obj=-1268.206622, change=2.78e-02, α=1.000, ‖θ[1:]‖₁=1796.552, num_selected_knots=1979
2025-09-06 21:41:43,423 - Iter 2675: obj=-1268.288262, change=2.78e-02, α=1.000, ‖θ[1:]‖₁=1796.745, num_selected_knots=1979
2025-09-06 21:41:46,695 - Iter 2676: obj=-1268.369831, change=2.78e-02, α=1.000, ‖θ[1:]‖₁=1796.939, num_selected_knots=1979
2025-09-06 21:41:49,972 - Iter 2677: obj=-1268.451329, change=2.78e-02, α=1.000, ‖θ[1:]‖₁=1797.132, num_selected_knots=1978
2025-09-06 21:41:53,232 - Iter 2678: obj=-1268.532756, change=2.78e-02, α=1.000, ‖θ[1:]‖₁=1797.325, num_selected_knots=1978
2025-09-06 21:41:56,527 - Iter 2679: obj=-1268.614110, change=2.78e-02, α=1.000, ‖θ[1:]‖₁=1797.518, num_selected_knots=1978
2025-09-06 21:41:59,792 - Iter 2680: obj=-1268.695393, change=2.78e-02, α=1.000, ‖θ[1:]‖₁=1797.711, num_selected_knots=1978
2025-09-06 21:42:03,301 - Iter 2681: obj=-1268.776606, change=2.78e-02, α=1.000, ‖θ[1:]‖₁=1797.904, num_selected_knots=1978
2025-09-06 21:42:06,708 - Iter 2682: obj=-1268.857748, change=2.77e-02, α=1.000, ‖θ[1:]‖₁=1798.096, num_selected_knots=1978
2025-09-06 21:42:10,020 - Iter 2683: obj=-1268.938819, change=2.77e-02, α=1.000, ‖θ[1:]‖₁=1798.289, num_selected_knots=1978
2025-09-06 21:42:13,349 - Iter 2684: obj=-1269.019820, change=2.77e-02, α=1.000, ‖θ[1:]‖₁=1798.481, num_selected_knots=1978
2025-09-06 21:42:16,666 - Iter 2685: obj=-1269.100750, change=2.77e-02, α=1.000, ‖θ[1:]‖₁=1798.674, num_selected_knots=1978
2025-09-06 21:42:19,954 - Iter 2686: obj=-1269.181609, change=2.77e-02, α=1.000, ‖θ[1:]‖₁=1798.866, num_selected_knots=1978
2025-09-06 21:42:23,343 - Iter 2687: obj=-1269.262399, change=2.77e-02, α=1.000, ‖θ[1:]‖₁=1799.058, num_selected_knots=1978
2025-09-06 21:42:26,644 - Iter 2688: obj=-1269.343118, change=2.77e-02, α=1.000, ‖θ[1:]‖₁=1799.250, num_selected_knots=1978
2025-09-06 21:42:30,003 - Iter 2689: obj=-1269.423766, change=2.77e-02, α=1.000, ‖θ[1:]‖₁=1799.442, num_selected_knots=1977
2025-09-06 21:42:33,287 - Iter 2690: obj=-1269.504344, change=2.76e-02, α=1.000, ‖θ[1:]‖₁=1799.634, num_selected_knots=1976
2025-09-06 21:42:36,640 - Iter 2691: obj=-1269.584844, change=2.76e-02, α=1.000, ‖θ[1:]‖₁=1799.826, num_selected_knots=1976
2025-09-06 21:42:39,943 - Iter 2692: obj=-1269.665272, change=2.76e-02, α=1.000, ‖θ[1:]‖₁=1800.017, num_selected_knots=1975
2025-09-06 21:42:43,265 - Iter 2693: obj=-1269.745632, change=2.76e-02, α=1.000, ‖θ[1:]‖₁=1800.209, num_selected_knots=1976
2025-09-06 21:42:46,540 - Iter 2694: obj=-1269.825919, change=2.76e-02, α=1.000, ‖θ[1:]‖₁=1800.400, num_selected_knots=1976
2025-09-06 21:42:49,873 - Iter 2695: obj=-1269.906137, change=2.76e-02, α=1.000, ‖θ[1:]‖₁=1800.592, num_selected_knots=1976
2025-09-06 21:42:53,212 - Iter 2696: obj=-1269.986285, change=2.76e-02, α=1.000, ‖θ[1:]‖₁=1800.783, num_selected_knots=1976
2025-09-06 21:42:56,539 - Iter 2697: obj=-1270.066364, change=2.76e-02, α=1.000, ‖θ[1:]‖₁=1800.974, num_selected_knots=1976
2025-09-06 21:42:59,946 - Iter 2698: obj=-1270.146373, change=2.75e-02, α=1.000, ‖θ[1:]‖₁=1801.165, num_selected_knots=1976
2025-09-06 21:43:03,300 - Iter 2699: obj=-1270.226313, change=2.75e-02, α=1.000, ‖θ[1:]‖₁=1801.356, num_selected_knots=1976
2025-09-06 21:43:06,609 - Iter 2700: obj=-1270.306183, change=2.75e-02, α=1.000, ‖θ[1:]‖₁=1801.547, num_selected_knots=1976
2025-09-06 21:43:10,008 - Iter 2701: obj=-1270.385984, change=2.75e-02, α=1.000, ‖θ[1:]‖₁=1801.737, num_selected_knots=1976
2025-09-06 21:43:13,328 - Iter 2702: obj=-1270.465716, change=2.75e-02, α=1.000, ‖θ[1:]‖₁=1801.928, num_selected_knots=1976
2025-09-06 21:43:16,665 - Iter 2703: obj=-1270.545378, change=2.75e-02, α=1.000, ‖θ[1:]‖₁=1802.119, num_selected_knots=1976
2025-09-06 21:43:20,037 - Iter 2704: obj=-1270.624971, change=2.75e-02, α=1.000, ‖θ[1:]‖₁=1802.309, num_selected_knots=1976
2025-09-06 21:43:23,343 - Iter 2705: obj=-1270.704495, change=2.75e-02, α=1.000, ‖θ[1:]‖₁=1802.499, num_selected_knots=1976
2025-09-06 21:43:26,693 - Iter 2706: obj=-1270.783950, change=2.74e-02, α=1.000, ‖θ[1:]‖₁=1802.690, num_selected_knots=1976
2025-09-06 21:43:30,039 - Iter 2707: obj=-1270.863335, change=2.74e-02, α=1.000, ‖θ[1:]‖₁=1802.880, num_selected_knots=1976
2025-09-06 21:43:33,327 - Iter 2708: obj=-1270.942652, change=2.74e-02, α=1.000, ‖θ[1:]‖₁=1803.070, num_selected_knots=1976
2025-09-06 21:43:36,672 - Iter 2709: obj=-1271.021899, change=2.74e-02, α=1.000, ‖θ[1:]‖₁=1803.260, num_selected_knots=1976
2025-09-06 21:43:39,986 - Iter 2710: obj=-1271.101078, change=2.74e-02, α=1.000, ‖θ[1:]‖₁=1803.450, num_selected_knots=1976
2025-09-06 21:43:44,784 - Iter 2711: obj=-1271.180187, change=2.74e-02, α=1.000, ‖θ[1:]‖₁=1803.639, num_selected_knots=1976
2025-09-06 21:43:48,164 - Iter 2712: obj=-1271.259228, change=2.74e-02, α=1.000, ‖θ[1:]‖₁=1803.829, num_selected_knots=1976
2025-09-06 21:43:51,476 - Iter 2713: obj=-1271.338200, change=2.74e-02, α=1.000, ‖θ[1:]‖₁=1804.018, num_selected_knots=1976
2025-09-06 21:43:54,748 - Iter 2714: obj=-1271.417103, change=2.73e-02, α=1.000, ‖θ[1:]‖₁=1804.208, num_selected_knots=1975
2025-09-06 21:43:58,139 - Iter 2715: obj=-1271.495933, change=2.73e-02, α=1.000, ‖θ[1:]‖₁=1804.397, num_selected_knots=1975
2025-09-06 21:44:01,509 - Iter 2716: obj=-1271.574689, change=2.73e-02, α=1.000, ‖θ[1:]‖₁=1804.586, num_selected_knots=1975
2025-09-06 21:44:04,816 - Iter 2717: obj=-1271.653377, change=2.73e-02, α=1.000, ‖θ[1:]‖₁=1804.775, num_selected_knots=1975
2025-09-06 21:44:08,109 - Iter 2718: obj=-1271.731997, change=2.73e-02, α=1.000, ‖θ[1:]‖₁=1804.964, num_selected_knots=1975
2025-09-06 21:44:11,463 - Iter 2719: obj=-1271.810550, change=2.73e-02, α=1.000, ‖θ[1:]‖₁=1805.153, num_selected_knots=1975
2025-09-06 21:44:14,845 - Iter 2720: obj=-1271.889034, change=2.73e-02, α=1.000, ‖θ[1:]‖₁=1805.342, num_selected_knots=1975
2025-09-06 21:44:18,140 - Iter 2721: obj=-1271.967451, change=2.73e-02, α=1.000, ‖θ[1:]‖₁=1805.530, num_selected_knots=1975
2025-09-06 21:44:21,464 - Iter 2722: obj=-1272.045800, change=2.73e-02, α=1.000, ‖θ[1:]‖₁=1805.719, num_selected_knots=1975
2025-09-06 21:44:24,811 - Iter 2723: obj=-1272.124081, change=2.72e-02, α=1.000, ‖θ[1:]‖₁=1805.907, num_selected_knots=1975
2025-09-06 21:44:28,096 - Iter 2724: obj=-1272.202295, change=2.72e-02, α=1.000, ‖θ[1:]‖₁=1806.096, num_selected_knots=1975
2025-09-06 21:44:31,435 - Iter 2725: obj=-1272.280440, change=2.72e-02, α=1.000, ‖θ[1:]‖₁=1806.284, num_selected_knots=1975
2025-09-06 21:44:34,848 - Iter 2726: obj=-1272.358518, change=2.72e-02, α=1.000, ‖θ[1:]‖₁=1806.472, num_selected_knots=1975
2025-09-06 21:44:38,139 - Iter 2727: obj=-1272.436528, change=2.72e-02, α=1.000, ‖θ[1:]‖₁=1806.660, num_selected_knots=1975
2025-09-06 21:44:41,451 - Iter 2728: obj=-1272.514470, change=2.72e-02, α=1.000, ‖θ[1:]‖₁=1806.848, num_selected_knots=1975
2025-09-06 21:44:44,815 - Iter 2729: obj=-1272.592344, change=2.72e-02, α=1.000, ‖θ[1:]‖₁=1807.036, num_selected_knots=1975
2025-09-06 21:44:48,173 - Iter 2730: obj=-1272.670151, change=2.72e-02, α=1.000, ‖θ[1:]‖₁=1807.224, num_selected_knots=1975
2025-09-06 21:44:55,263 - Iter 2731: obj=-1272.747890, change=2.71e-02, α=1.000, ‖θ[1:]‖₁=1807.411, num_selected_knots=1975
2025-09-06 21:44:58,717 - Iter 2732: obj=-1272.825562, change=2.71e-02, α=1.000, ‖θ[1:]‖₁=1807.599, num_selected_knots=1975
2025-09-06 21:45:02,197 - Iter 2733: obj=-1272.903165, change=2.71e-02, α=1.000, ‖θ[1:]‖₁=1807.786, num_selected_knots=1975
2025-09-06 21:45:05,443 - Iter 2734: obj=-1272.980702, change=2.71e-02, α=1.000, ‖θ[1:]‖₁=1807.974, num_selected_knots=1975
2025-09-06 21:45:08,689 - Iter 2735: obj=-1273.058171, change=2.71e-02, α=1.000, ‖θ[1:]‖₁=1808.161, num_selected_knots=1975
2025-09-06 21:45:11,988 - Iter 2736: obj=-1273.135572, change=2.71e-02, α=1.000, ‖θ[1:]‖₁=1808.348, num_selected_knots=1975
2025-09-06 21:45:15,240 - Iter 2737: obj=-1273.212906, change=2.71e-02, α=1.000, ‖θ[1:]‖₁=1808.535, num_selected_knots=1975
2025-09-06 21:45:18,509 - Iter 2738: obj=-1273.290173, change=2.71e-02, α=1.000, ‖θ[1:]‖₁=1808.722, num_selected_knots=1975
2025-09-06 21:45:21,974 - Iter 2739: obj=-1273.367372, change=2.70e-02, α=1.000, ‖θ[1:]‖₁=1808.909, num_selected_knots=1975
2025-09-06 21:45:25,224 - Iter 2740: obj=-1273.444505, change=2.70e-02, α=1.000, ‖θ[1:]‖₁=1809.096, num_selected_knots=1975
2025-09-06 21:45:28,636 - Iter 2741: obj=-1273.521570, change=2.70e-02, α=1.000, ‖θ[1:]‖₁=1809.282, num_selected_knots=1975
2025-09-06 21:45:31,930 - Iter 2742: obj=-1273.598568, change=2.70e-02, α=1.000, ‖θ[1:]‖₁=1809.469, num_selected_knots=1975
2025-09-06 21:45:35,257 - Iter 2743: obj=-1273.675498, change=2.70e-02, α=1.000, ‖θ[1:]‖₁=1809.655, num_selected_knots=1975
2025-09-06 21:45:38,524 - Iter 2744: obj=-1273.752362, change=2.70e-02, α=1.000, ‖θ[1:]‖₁=1809.842, num_selected_knots=1975
2025-09-06 21:45:41,810 - Iter 2745: obj=-1273.829159, change=2.70e-02, α=1.000, ‖θ[1:]‖₁=1810.028, num_selected_knots=1975
2025-09-06 21:45:45,123 - Iter 2746: obj=-1273.905889, change=2.70e-02, α=1.000, ‖θ[1:]‖₁=1810.214, num_selected_knots=1975
2025-09-06 21:45:48,449 - Iter 2747: obj=-1273.982552, change=2.69e-02, α=1.000, ‖θ[1:]‖₁=1810.400, num_selected_knots=1975
2025-09-06 21:45:51,698 - Iter 2748: obj=-1274.059148, change=2.69e-02, α=1.000, ‖θ[1:]‖₁=1810.586, num_selected_knots=1975
2025-09-06 21:45:55,001 - Iter 2749: obj=-1274.135677, change=2.69e-02, α=1.000, ‖θ[1:]‖₁=1810.772, num_selected_knots=1975
2025-09-06 21:45:58,316 - Iter 2750: obj=-1274.212140, change=2.69e-02, α=1.000, ‖θ[1:]‖₁=1810.958, num_selected_knots=1975
2025-09-06 21:46:01,595 - Iter 2751: obj=-1274.288536, change=2.69e-02, α=1.000, ‖θ[1:]‖₁=1811.144, num_selected_knots=1975
2025-09-06 21:46:04,918 - Iter 2752: obj=-1274.364866, change=2.69e-02, α=1.000, ‖θ[1:]‖₁=1811.329, num_selected_knots=1975
2025-09-06 21:46:08,297 - Iter 2753: obj=-1274.441129, change=2.69e-02, α=1.000, ‖θ[1:]‖₁=1811.515, num_selected_knots=1975
2025-09-06 21:46:11,671 - Iter 2754: obj=-1274.517325, change=2.69e-02, α=1.000, ‖θ[1:]‖₁=1811.700, num_selected_knots=1975
2025-09-06 21:46:15,019 - Iter 2755: obj=-1274.593455, change=2.69e-02, α=1.000, ‖θ[1:]‖₁=1811.885, num_selected_knots=1975
2025-09-06 21:46:18,318 - Iter 2756: obj=-1274.669518, change=2.68e-02, α=1.000, ‖θ[1:]‖₁=1812.071, num_selected_knots=1975
2025-09-06 21:46:21,658 - Iter 2757: obj=-1274.745516, change=2.68e-02, α=1.000, ‖θ[1:]‖₁=1812.256, num_selected_knots=1975
2025-09-06 21:46:24,988 - Iter 2758: obj=-1274.821447, change=2.68e-02, α=1.000, ‖θ[1:]‖₁=1812.441, num_selected_knots=1975
2025-09-06 21:46:28,293 - Iter 2759: obj=-1274.897311, change=2.68e-02, α=1.000, ‖θ[1:]‖₁=1812.626, num_selected_knots=1975
2025-09-06 21:46:31,615 - Iter 2760: obj=-1274.973110, change=2.68e-02, α=1.000, ‖θ[1:]‖₁=1812.810, num_selected_knots=1975
2025-09-06 21:46:35,005 - Iter 2761: obj=-1275.048843, change=2.68e-02, α=1.000, ‖θ[1:]‖₁=1812.995, num_selected_knots=1975
2025-09-06 21:46:38,317 - Iter 2762: obj=-1275.124509, change=2.68e-02, α=1.000, ‖θ[1:]‖₁=1813.180, num_selected_knots=1975
2025-09-06 21:46:41,667 - Iter 2763: obj=-1275.200109, change=2.68e-02, α=1.000, ‖θ[1:]‖₁=1813.364, num_selected_knots=1975
2025-09-06 21:46:45,054 - Iter 2764: obj=-1275.275644, change=2.67e-02, α=1.000, ‖θ[1:]‖₁=1813.549, num_selected_knots=1975
2025-09-06 21:46:48,385 - Iter 2765: obj=-1275.351113, change=2.67e-02, α=1.000, ‖θ[1:]‖₁=1813.733, num_selected_knots=1975
2025-09-06 21:46:51,679 - Iter 2766: obj=-1275.426515, change=2.67e-02, α=1.000, ‖θ[1:]‖₁=1813.917, num_selected_knots=1975
2025-09-06 21:46:55,081 - Iter 2767: obj=-1275.501852, change=2.67e-02, α=1.000, ‖θ[1:]‖₁=1814.101, num_selected_knots=1975
2025-09-06 21:46:58,583 - Iter 2768: obj=-1275.577124, change=2.67e-02, α=1.000, ‖θ[1:]‖₁=1814.285, num_selected_knots=1975
2025-09-06 21:47:01,881 - Iter 2769: obj=-1275.652329, change=2.67e-02, α=1.000, ‖θ[1:]‖₁=1814.469, num_selected_knots=1975
2025-09-06 21:47:05,211 - Iter 2770: obj=-1275.727469, change=2.67e-02, α=1.000, ‖θ[1:]‖₁=1814.653, num_selected_knots=1975
2025-09-06 21:47:08,544 - Iter 2771: obj=-1275.802544, change=2.67e-02, α=1.000, ‖θ[1:]‖₁=1814.837, num_selected_knots=1975
2025-09-06 21:47:11,855 - Iter 2772: obj=-1275.877553, change=2.66e-02, α=1.000, ‖θ[1:]‖₁=1815.020, num_selected_knots=1974
2025-09-06 21:47:15,170 - Iter 2773: obj=-1275.952497, change=2.66e-02, α=1.000, ‖θ[1:]‖₁=1815.204, num_selected_knots=1974
2025-09-06 21:47:18,507 - Iter 2774: obj=-1276.027371, change=2.66e-02, α=1.000, ‖θ[1:]‖₁=1815.387, num_selected_knots=1974
2025-09-06 21:47:21,870 - Iter 2775: obj=-1276.102175, change=2.66e-02, α=1.000, ‖θ[1:]‖₁=1815.571, num_selected_knots=1974
2025-09-06 21:47:25,186 - Iter 2776: obj=-1276.176914, change=2.66e-02, α=1.000, ‖θ[1:]‖₁=1815.754, num_selected_knots=1974
2025-09-06 21:47:28,509 - Iter 2777: obj=-1276.251589, change=2.66e-02, α=1.000, ‖θ[1:]‖₁=1815.937, num_selected_knots=1974
2025-09-06 21:47:31,879 - Iter 2778: obj=-1276.326198, change=2.66e-02, α=1.000, ‖θ[1:]‖₁=1816.120, num_selected_knots=1974
2025-09-06 21:47:35,213 - Iter 2779: obj=-1276.400743, change=2.66e-02, α=1.000, ‖θ[1:]‖₁=1816.303, num_selected_knots=1974
2025-09-06 21:47:38,551 - Iter 2780: obj=-1276.475222, change=2.66e-02, α=1.000, ‖θ[1:]‖₁=1816.486, num_selected_knots=1974
2025-09-06 21:47:41,897 - Iter 2781: obj=-1276.549638, change=2.65e-02, α=1.000, ‖θ[1:]‖₁=1816.669, num_selected_knots=1974
2025-09-06 21:47:45,173 - Iter 2782: obj=-1276.623988, change=2.65e-02, α=1.000, ‖θ[1:]‖₁=1816.851, num_selected_knots=1974
2025-09-06 21:47:48,502 - Iter 2783: obj=-1276.698274, change=2.65e-02, α=1.000, ‖θ[1:]‖₁=1817.034, num_selected_knots=1974
2025-09-06 21:47:51,868 - Iter 2784: obj=-1276.772495, change=2.65e-02, α=1.000, ‖θ[1:]‖₁=1817.217, num_selected_knots=1974
2025-09-06 21:47:55,127 - Iter 2785: obj=-1276.846651, change=2.65e-02, α=1.000, ‖θ[1:]‖₁=1817.399, num_selected_knots=1974
2025-09-06 21:47:58,490 - Iter 2786: obj=-1276.920743, change=2.65e-02, α=1.000, ‖θ[1:]‖₁=1817.581, num_selected_knots=1974
2025-09-06 21:48:02,508 - Iter 2787: obj=-1276.994770, change=2.65e-02, α=1.000, ‖θ[1:]‖₁=1817.763, num_selected_knots=1974
2025-09-06 21:48:05,973 - Iter 2788: obj=-1277.068733, change=2.65e-02, α=1.000, ‖θ[1:]‖₁=1817.945, num_selected_knots=1974
2025-09-06 21:48:09,322 - Iter 2789: obj=-1277.142631, change=2.64e-02, α=1.000, ‖θ[1:]‖₁=1818.128, num_selected_knots=1974
2025-09-06 21:48:12,695 - Iter 2790: obj=-1277.216465, change=2.64e-02, α=1.000, ‖θ[1:]‖₁=1818.309, num_selected_knots=1974
2025-09-06 21:48:16,044 - Iter 2791: obj=-1277.290235, change=2.64e-02, α=1.000, ‖θ[1:]‖₁=1818.491, num_selected_knots=1974
2025-09-06 21:48:19,376 - Iter 2792: obj=-1277.363941, change=2.64e-02, α=1.000, ‖θ[1:]‖₁=1818.673, num_selected_knots=1974
2025-09-06 21:48:22,694 - Iter 2793: obj=-1277.437582, change=2.64e-02, α=1.000, ‖θ[1:]‖₁=1818.855, num_selected_knots=1974
2025-09-06 21:48:26,079 - Iter 2794: obj=-1277.511159, change=2.64e-02, α=1.000, ‖θ[1:]‖₁=1819.036, num_selected_knots=1974
2025-09-06 21:48:29,443 - Iter 2795: obj=-1277.584672, change=2.64e-02, α=1.000, ‖θ[1:]‖₁=1819.218, num_selected_knots=1974
2025-09-06 21:48:32,768 - Iter 2796: obj=-1277.658121, change=2.64e-02, α=1.000, ‖θ[1:]‖₁=1819.399, num_selected_knots=1974
2025-09-06 21:48:36,087 - Iter 2797: obj=-1277.731506, change=2.64e-02, α=1.000, ‖θ[1:]‖₁=1819.580, num_selected_knots=1974
2025-09-06 21:48:39,443 - Iter 2798: obj=-1277.804826, change=2.63e-02, α=1.000, ‖θ[1:]‖₁=1819.761, num_selected_knots=1974
2025-09-06 21:48:42,828 - Iter 2799: obj=-1277.878083, change=2.63e-02, α=1.000, ‖θ[1:]‖₁=1819.942, num_selected_knots=1974
2025-09-06 21:48:46,133 - Iter 2800: obj=-1277.951276, change=2.63e-02, α=1.000, ‖θ[1:]‖₁=1820.123, num_selected_knots=1974
2025-09-06 21:48:53,867 - Iter 2801: obj=-1278.024406, change=2.63e-02, α=1.000, ‖θ[1:]‖₁=1820.304, num_selected_knots=1974
2025-09-06 21:48:57,153 - Iter 2802: obj=-1278.097471, change=2.63e-02, α=1.000, ‖θ[1:]‖₁=1820.485, num_selected_knots=1974
2025-09-06 21:49:00,695 - Iter 2803: obj=-1278.170473, change=2.63e-02, α=1.000, ‖θ[1:]‖₁=1820.666, num_selected_knots=1973
2025-09-06 21:49:03,945 - Iter 2804: obj=-1278.243412, change=2.63e-02, α=1.000, ‖θ[1:]‖₁=1820.846, num_selected_knots=1974
2025-09-06 21:49:07,157 - Iter 2805: obj=-1278.316288, change=2.63e-02, α=1.000, ‖θ[1:]‖₁=1821.027, num_selected_knots=1974
2025-09-06 21:49:10,415 - Iter 2806: obj=-1278.389099, change=2.62e-02, α=1.000, ‖θ[1:]‖₁=1821.207, num_selected_knots=1974
2025-09-06 21:49:13,667 - Iter 2807: obj=-1278.461847, change=2.62e-02, α=1.000, ‖θ[1:]‖₁=1821.387, num_selected_knots=1974
2025-09-06 21:49:16,916 - Iter 2808: obj=-1278.534531, change=2.62e-02, α=1.000, ‖θ[1:]‖₁=1821.568, num_selected_knots=1974
2025-09-06 21:49:20,200 - Iter 2809: obj=-1278.607152, change=2.62e-02, α=1.000, ‖θ[1:]‖₁=1821.748, num_selected_knots=1974
2025-09-06 21:49:23,418 - Iter 2810: obj=-1278.679709, change=2.62e-02, α=1.000, ‖θ[1:]‖₁=1821.928, num_selected_knots=1974
2025-09-06 21:49:26,653 - Iter 2811: obj=-1278.752203, change=2.62e-02, α=1.000, ‖θ[1:]‖₁=1822.108, num_selected_knots=1973
2025-09-06 21:49:30,098 - Iter 2812: obj=-1278.824633, change=2.62e-02, α=1.000, ‖θ[1:]‖₁=1822.288, num_selected_knots=1973
2025-09-06 21:49:33,362 - Iter 2813: obj=-1278.896996, change=2.62e-02, α=1.000, ‖θ[1:]‖₁=1822.467, num_selected_knots=1973
2025-09-06 21:49:36,708 - Iter 2814: obj=-1278.969297, change=2.62e-02, α=1.000, ‖θ[1:]‖₁=1822.647, num_selected_knots=1973
2025-09-06 21:49:39,951 - Iter 2815: obj=-1279.041534, change=2.61e-02, α=1.000, ‖θ[1:]‖₁=1822.826, num_selected_knots=1973
2025-09-06 21:49:43,259 - Iter 2816: obj=-1279.113709, change=2.61e-02, α=1.000, ‖θ[1:]‖₁=1823.006, num_selected_knots=1973
2025-09-06 21:49:46,588 - Iter 2817: obj=-1279.185821, change=2.61e-02, α=1.000, ‖θ[1:]‖₁=1823.185, num_selected_knots=1973
2025-09-06 21:49:49,912 - Iter 2818: obj=-1279.257870, change=2.61e-02, α=1.000, ‖θ[1:]‖₁=1823.364, num_selected_knots=1973
2025-09-06 21:49:53,413 - Iter 2819: obj=-1279.329856, change=2.61e-02, α=1.000, ‖θ[1:]‖₁=1823.544, num_selected_knots=1973
2025-09-06 21:49:56,702 - Iter 2820: obj=-1279.401780, change=2.61e-02, α=1.000, ‖θ[1:]‖₁=1823.723, num_selected_knots=1973
2025-09-06 21:50:00,024 - Iter 2821: obj=-1279.473642, change=2.61e-02, α=1.000, ‖θ[1:]‖₁=1823.902, num_selected_knots=1973
2025-09-06 21:50:03,305 - Iter 2822: obj=-1279.545440, change=2.61e-02, α=1.000, ‖θ[1:]‖₁=1824.081, num_selected_knots=1973
2025-09-06 21:50:06,618 - Iter 2823: obj=-1279.617177, change=2.60e-02, α=1.000, ‖θ[1:]‖₁=1824.259, num_selected_knots=1973
2025-09-06 21:50:09,903 - Iter 2824: obj=-1279.688851, change=2.60e-02, α=1.000, ‖θ[1:]‖₁=1824.438, num_selected_knots=1973
2025-09-06 21:50:13,182 - Iter 2825: obj=-1279.760462, change=2.60e-02, α=1.000, ‖θ[1:]‖₁=1824.617, num_selected_knots=1973
2025-09-06 21:50:16,524 - Iter 2826: obj=-1279.832011, change=2.60e-02, α=1.000, ‖θ[1:]‖₁=1824.795, num_selected_knots=1973
2025-09-06 21:50:19,840 - Iter 2827: obj=-1279.903498, change=2.60e-02, α=1.000, ‖θ[1:]‖₁=1824.974, num_selected_knots=1973
2025-09-06 21:50:23,102 - Iter 2828: obj=-1279.974922, change=2.60e-02, α=1.000, ‖θ[1:]‖₁=1825.152, num_selected_knots=1973
2025-09-06 21:50:26,424 - Iter 2829: obj=-1280.046285, change=2.60e-02, α=1.000, ‖θ[1:]‖₁=1825.330, num_selected_knots=1973
2025-09-06 21:50:29,727 - Iter 2830: obj=-1280.117585, change=2.60e-02, α=1.000, ‖θ[1:]‖₁=1825.508, num_selected_knots=1973
2025-09-06 21:50:32,988 - Iter 2831: obj=-1280.188823, change=2.60e-02, α=1.000, ‖θ[1:]‖₁=1825.686, num_selected_knots=1973
2025-09-06 21:50:36,357 - Iter 2832: obj=-1280.259999, change=2.59e-02, α=1.000, ‖θ[1:]‖₁=1825.864, num_selected_knots=1973
2025-09-06 21:50:39,690 - Iter 2833: obj=-1280.331113, change=2.59e-02, α=1.000, ‖θ[1:]‖₁=1826.042, num_selected_knots=1973
2025-09-06 21:50:42,960 - Iter 2834: obj=-1280.402165, change=2.59e-02, α=1.000, ‖θ[1:]‖₁=1826.220, num_selected_knots=1973
2025-09-06 21:50:46,301 - Iter 2835: obj=-1280.473155, change=2.59e-02, α=1.000, ‖θ[1:]‖₁=1826.397, num_selected_knots=1973
2025-09-06 21:50:49,624 - Iter 2836: obj=-1280.544083, change=2.59e-02, α=1.000, ‖θ[1:]‖₁=1826.575, num_selected_knots=1973
2025-09-06 21:50:52,900 - Iter 2837: obj=-1280.614950, change=2.59e-02, α=1.000, ‖θ[1:]‖₁=1826.753, num_selected_knots=1973
2025-09-06 21:50:56,203 - Iter 2838: obj=-1280.685755, change=2.59e-02, α=1.000, ‖θ[1:]‖₁=1826.930, num_selected_knots=1973
2025-09-06 21:50:59,597 - Iter 2839: obj=-1280.756498, change=2.59e-02, α=1.000, ‖θ[1:]‖₁=1827.107, num_selected_knots=1973
2025-09-06 21:51:02,871 - Iter 2840: obj=-1280.827179, change=2.59e-02, α=1.000, ‖θ[1:]‖₁=1827.284, num_selected_knots=1973
2025-09-06 21:51:06,184 - Iter 2841: obj=-1280.897799, change=2.58e-02, α=1.000, ‖θ[1:]‖₁=1827.462, num_selected_knots=1973
2025-09-06 21:51:09,483 - Iter 2842: obj=-1280.968358, change=2.58e-02, α=1.000, ‖θ[1:]‖₁=1827.639, num_selected_knots=1973
2025-09-06 21:51:12,783 - Iter 2843: obj=-1281.038855, change=2.58e-02, α=1.000, ‖θ[1:]‖₁=1827.815, num_selected_knots=1973
2025-09-06 21:51:16,108 - Iter 2844: obj=-1281.109291, change=2.58e-02, α=1.000, ‖θ[1:]‖₁=1827.992, num_selected_knots=1973
2025-09-06 21:51:19,409 - Iter 2845: obj=-1281.179665, change=2.58e-02, α=1.000, ‖θ[1:]‖₁=1828.169, num_selected_knots=1973
2025-09-06 21:51:22,700 - Iter 2846: obj=-1281.249978, change=2.58e-02, α=1.000, ‖θ[1:]‖₁=1828.346, num_selected_knots=1973
2025-09-06 21:51:26,035 - Iter 2847: obj=-1281.320230, change=2.58e-02, α=1.000, ‖θ[1:]‖₁=1828.522, num_selected_knots=1973
2025-09-06 21:51:29,369 - Iter 2848: obj=-1281.390420, change=2.58e-02, α=1.000, ‖θ[1:]‖₁=1828.699, num_selected_knots=1973
2025-09-06 21:51:32,647 - Iter 2849: obj=-1281.460550, change=2.57e-02, α=1.000, ‖θ[1:]‖₁=1828.875, num_selected_knots=1973
2025-09-06 21:51:35,988 - Iter 2850: obj=-1281.530618, change=2.57e-02, α=1.000, ‖θ[1:]‖₁=1829.051, num_selected_knots=1972
2025-09-06 21:51:39,316 - Iter 2851: obj=-1281.600622, change=2.57e-02, α=1.000, ‖θ[1:]‖₁=1829.227, num_selected_knots=1971
2025-09-06 21:51:42,634 - Iter 2852: obj=-1281.670559, change=2.57e-02, α=1.000, ‖θ[1:]‖₁=1829.403, num_selected_knots=1971
2025-09-06 21:51:46,030 - Iter 2853: obj=-1281.740436, change=2.57e-02, α=1.000, ‖θ[1:]‖₁=1829.579, num_selected_knots=1971
2025-09-06 21:51:49,373 - Iter 2854: obj=-1281.810253, change=2.57e-02, α=1.000, ‖θ[1:]‖₁=1829.755, num_selected_knots=1971
2025-09-06 21:51:52,640 - Iter 2855: obj=-1281.880009, change=2.57e-02, α=1.000, ‖θ[1:]‖₁=1829.931, num_selected_knots=1971
2025-09-06 21:51:55,970 - Iter 2856: obj=-1281.949705, change=2.57e-02, α=1.000, ‖θ[1:]‖₁=1830.107, num_selected_knots=1971
2025-09-06 21:51:59,302 - Iter 2857: obj=-1282.019341, change=2.57e-02, α=1.000, ‖θ[1:]‖₁=1830.282, num_selected_knots=1971
2025-09-06 21:52:02,626 - Iter 2858: obj=-1282.088918, change=2.56e-02, α=1.000, ‖θ[1:]‖₁=1830.458, num_selected_knots=1971
2025-09-06 21:52:05,966 - Iter 2859: obj=-1282.158433, change=2.56e-02, α=1.000, ‖θ[1:]‖₁=1830.633, num_selected_knots=1971
2025-09-06 21:52:09,302 - Iter 2860: obj=-1282.227889, change=2.56e-02, α=1.000, ‖θ[1:]‖₁=1830.808, num_selected_knots=1971
2025-09-06 21:52:12,608 - Iter 2861: obj=-1282.297285, change=2.56e-02, α=1.000, ‖θ[1:]‖₁=1830.984, num_selected_knots=1971
2025-09-06 21:52:15,953 - Iter 2862: obj=-1282.366620, change=2.56e-02, α=1.000, ‖θ[1:]‖₁=1831.159, num_selected_knots=1971
2025-09-06 21:52:19,295 - Iter 2863: obj=-1282.435896, change=2.56e-02, α=1.000, ‖θ[1:]‖₁=1831.334, num_selected_knots=1971
2025-09-06 21:52:22,581 - Iter 2864: obj=-1282.505111, change=2.56e-02, α=1.000, ‖θ[1:]‖₁=1831.509, num_selected_knots=1971
2025-09-06 21:52:25,939 - Iter 2865: obj=-1282.574267, change=2.56e-02, α=1.000, ‖θ[1:]‖₁=1831.683, num_selected_knots=1971
2025-09-06 21:52:29,289 - Iter 2866: obj=-1282.643362, change=2.56e-02, α=1.000, ‖θ[1:]‖₁=1831.858, num_selected_knots=1971
2025-09-06 21:52:32,575 - Iter 2867: obj=-1282.712398, change=2.55e-02, α=1.000, ‖θ[1:]‖₁=1832.033, num_selected_knots=1971
2025-09-06 21:52:35,897 - Iter 2868: obj=-1282.781373, change=2.55e-02, α=1.000, ‖θ[1:]‖₁=1832.207, num_selected_knots=1971
2025-09-06 21:52:39,237 - Iter 2869: obj=-1282.850289, change=2.55e-02, α=1.000, ‖θ[1:]‖₁=1832.382, num_selected_knots=1971
2025-09-06 21:52:42,541 - Iter 2870: obj=-1282.919145, change=2.55e-02, α=1.000, ‖θ[1:]‖₁=1832.556, num_selected_knots=1971
2025-09-06 21:52:45,879 - Iter 2871: obj=-1282.987941, change=2.55e-02, α=1.000, ‖θ[1:]‖₁=1832.731, num_selected_knots=1971
2025-09-06 21:52:49,213 - Iter 2872: obj=-1283.056677, change=2.55e-02, α=1.000, ‖θ[1:]‖₁=1832.905, num_selected_knots=1971
2025-09-06 21:52:52,492 - Iter 2873: obj=-1283.125354, change=2.55e-02, α=1.000, ‖θ[1:]‖₁=1833.079, num_selected_knots=1971
2025-09-06 21:52:55,809 - Iter 2874: obj=-1283.193971, change=2.55e-02, α=1.000, ‖θ[1:]‖₁=1833.253, num_selected_knots=1971
2025-09-06 21:52:59,198 - Iter 2875: obj=-1283.262528, change=2.55e-02, α=1.000, ‖θ[1:]‖₁=1833.427, num_selected_knots=1971
2025-09-06 21:53:02,488 - Iter 2876: obj=-1283.331026, change=2.54e-02, α=1.000, ‖θ[1:]‖₁=1833.601, num_selected_knots=1971
2025-09-06 21:53:05,813 - Iter 2877: obj=-1283.399465, change=2.54e-02, α=1.000, ‖θ[1:]‖₁=1833.774, num_selected_knots=1971
2025-09-06 21:53:09,140 - Iter 2878: obj=-1283.467844, change=2.54e-02, α=1.000, ‖θ[1:]‖₁=1833.948, num_selected_knots=1971
2025-09-06 21:53:12,424 - Iter 2879: obj=-1283.536164, change=2.54e-02, α=1.000, ‖θ[1:]‖₁=1834.122, num_selected_knots=1971
2025-09-06 21:53:15,753 - Iter 2880: obj=-1283.604424, change=2.54e-02, α=1.000, ‖θ[1:]‖₁=1834.295, num_selected_knots=1971
2025-09-06 21:53:19,112 - Iter 2881: obj=-1283.672625, change=2.54e-02, α=1.000, ‖θ[1:]‖₁=1834.469, num_selected_knots=1971
2025-09-06 21:53:22,404 - Iter 2882: obj=-1283.740767, change=2.54e-02, α=1.000, ‖θ[1:]‖₁=1834.642, num_selected_knots=1971
2025-09-06 21:53:25,737 - Iter 2883: obj=-1283.808849, change=2.54e-02, α=1.000, ‖θ[1:]‖₁=1834.815, num_selected_knots=1971
2025-09-06 21:53:29,079 - Iter 2884: obj=-1283.876873, change=2.54e-02, α=1.000, ‖θ[1:]‖₁=1834.988, num_selected_knots=1971
2025-09-06 21:53:32,368 - Iter 2885: obj=-1283.944837, change=2.53e-02, α=1.000, ‖θ[1:]‖₁=1835.161, num_selected_knots=1971
2025-09-06 21:53:35,699 - Iter 2886: obj=-1284.012743, change=2.53e-02, α=1.000, ‖θ[1:]‖₁=1835.334, num_selected_knots=1971
2025-09-06 21:53:39,048 - Iter 2887: obj=-1284.080589, change=2.53e-02, α=1.000, ‖θ[1:]‖₁=1835.507, num_selected_knots=1971
2025-09-06 21:53:42,353 - Iter 2888: obj=-1284.148377, change=2.53e-02, α=1.000, ‖θ[1:]‖₁=1835.680, num_selected_knots=1971
2025-09-06 21:53:45,674 - Iter 2889: obj=-1284.216105, change=2.53e-02, α=1.000, ‖θ[1:]‖₁=1835.852, num_selected_knots=1970
2025-09-06 21:53:49,032 - Iter 2890: obj=-1284.283776, change=2.53e-02, α=1.000, ‖θ[1:]‖₁=1836.025, num_selected_knots=1971
2025-09-06 21:53:52,319 - Iter 2891: obj=-1284.351386, change=2.53e-02, α=1.000, ‖θ[1:]‖₁=1836.198, num_selected_knots=1971
2025-09-06 21:53:55,636 - Iter 2892: obj=-1284.418937, change=2.53e-02, α=1.000, ‖θ[1:]‖₁=1836.370, num_selected_knots=1971
2025-09-06 21:53:58,956 - Iter 2893: obj=-1284.486430, change=2.52e-02, α=1.000, ‖θ[1:]‖₁=1836.542, num_selected_knots=1971
2025-09-06 21:54:02,343 - Iter 2894: obj=-1284.553863, change=2.52e-02, α=1.000, ‖θ[1:]‖₁=1836.715, num_selected_knots=1971
2025-09-06 21:54:05,661 - Iter 2895: obj=-1284.621238, change=2.52e-02, α=1.000, ‖θ[1:]‖₁=1836.887, num_selected_knots=1971
2025-09-06 21:54:08,983 - Iter 2896: obj=-1284.688555, change=2.52e-02, α=1.000, ‖θ[1:]‖₁=1837.059, num_selected_knots=1970
2025-09-06 21:54:12,304 - Iter 2897: obj=-1284.755812, change=2.52e-02, α=1.000, ‖θ[1:]‖₁=1837.231, num_selected_knots=1970
2025-09-06 21:54:15,657 - Iter 2898: obj=-1284.823006, change=2.52e-02, α=1.000, ‖θ[1:]‖₁=1837.403, num_selected_knots=1970
2025-09-06 21:54:19,027 - Iter 2899: obj=-1284.890142, change=2.52e-02, α=1.000, ‖θ[1:]‖₁=1837.574, num_selected_knots=1970
2025-09-06 21:54:22,439 - Iter 2900: obj=-1284.957220, change=2.52e-02, α=1.000, ‖θ[1:]‖₁=1837.746, num_selected_knots=1970
2025-09-06 21:54:25,761 - Iter 2901: obj=-1285.024240, change=2.52e-02, α=1.000, ‖θ[1:]‖₁=1837.918, num_selected_knots=1970
2025-09-06 21:54:29,153 - Iter 2902: obj=-1285.091202, change=2.51e-02, α=1.000, ‖θ[1:]‖₁=1838.089, num_selected_knots=1970
2025-09-06 21:54:32,438 - Iter 2903: obj=-1285.158107, change=2.51e-02, α=1.000, ‖θ[1:]‖₁=1838.261, num_selected_knots=1970
2025-09-06 21:54:35,772 - Iter 2904: obj=-1285.224954, change=2.51e-02, α=1.000, ‖θ[1:]‖₁=1838.432, num_selected_knots=1970
2025-09-06 21:54:39,136 - Iter 2905: obj=-1285.291742, change=2.51e-02, α=1.000, ‖θ[1:]‖₁=1838.603, num_selected_knots=1970
2025-09-06 21:54:42,422 - Iter 2906: obj=-1285.358474, change=2.51e-02, α=1.000, ‖θ[1:]‖₁=1838.774, num_selected_knots=1970
2025-09-06 21:54:45,744 - Iter 2907: obj=-1285.425147, change=2.51e-02, α=1.000, ‖θ[1:]‖₁=1838.946, num_selected_knots=1970
2025-09-06 21:54:49,119 - Iter 2908: obj=-1285.491763, change=2.51e-02, α=1.000, ‖θ[1:]‖₁=1839.116, num_selected_knots=1970
2025-09-06 21:54:52,479 - Iter 2909: obj=-1285.558320, change=2.51e-02, α=1.000, ‖θ[1:]‖₁=1839.287, num_selected_knots=1970
2025-09-06 21:54:55,849 - Iter 2910: obj=-1285.624821, change=2.51e-02, α=1.000, ‖θ[1:]‖₁=1839.458, num_selected_knots=1970
2025-09-06 21:54:59,436 - Iter 2911: obj=-1285.691264, change=2.50e-02, α=1.000, ‖θ[1:]‖₁=1839.630, num_selected_knots=1969
2025-09-06 21:55:02,735 - Iter 2912: obj=-1285.757648, change=2.50e-02, α=1.000, ‖θ[1:]‖₁=1839.803, num_selected_knots=1969
2025-09-06 21:55:06,038 - Iter 2913: obj=-1285.823965, change=2.50e-02, α=1.000, ‖θ[1:]‖₁=1839.977, num_selected_knots=1969
2025-09-06 21:55:09,400 - Iter 2914: obj=-1285.890244, change=2.50e-02, α=1.000, ‖θ[1:]‖₁=1840.149, num_selected_knots=1969
2025-09-06 21:55:12,682 - Iter 2915: obj=-1285.956483, change=2.50e-02, α=1.000, ‖θ[1:]‖₁=1840.322, num_selected_knots=1969
2025-09-06 21:55:16,017 - Iter 2916: obj=-1286.022679, change=2.50e-02, α=1.000, ‖θ[1:]‖₁=1840.495, num_selected_knots=1968
2025-09-06 21:55:19,599 - Iter 2917: obj=-1286.088824, change=2.50e-02, α=1.000, ‖θ[1:]‖₁=1840.667, num_selected_knots=1968
2025-09-06 21:55:22,973 - Iter 2918: obj=-1286.154918, change=2.50e-02, α=1.000, ‖θ[1:]‖₁=1840.839, num_selected_knots=1968
2025-09-06 21:55:26,306 - Iter 2919: obj=-1286.220962, change=2.50e-02, α=1.000, ‖θ[1:]‖₁=1841.011, num_selected_knots=1968
2025-09-06 21:55:29,714 - Iter 2920: obj=-1286.286953, change=2.50e-02, α=1.000, ‖θ[1:]‖₁=1841.183, num_selected_knots=1968
2025-09-06 21:55:33,019 - Iter 2921: obj=-1286.352892, change=2.50e-02, α=1.000, ‖θ[1:]‖₁=1841.355, num_selected_knots=1968
2025-09-06 21:55:36,402 - Iter 2922: obj=-1286.418776, change=2.49e-02, α=1.000, ‖θ[1:]‖₁=1841.527, num_selected_knots=1967
2025-09-06 21:55:39,739 - Iter 2923: obj=-1286.484604, change=2.49e-02, α=1.000, ‖θ[1:]‖₁=1841.699, num_selected_knots=1966
2025-09-06 21:55:43,057 - Iter 2924: obj=-1286.550376, change=2.49e-02, α=1.000, ‖θ[1:]‖₁=1841.870, num_selected_knots=1967
2025-09-06 21:55:46,383 - Iter 2925: obj=-1286.616089, change=2.49e-02, α=1.000, ‖θ[1:]‖₁=1842.042, num_selected_knots=1967
2025-09-06 21:55:49,730 - Iter 2926: obj=-1286.681744, change=2.49e-02, α=1.000, ‖θ[1:]‖₁=1842.213, num_selected_knots=1967
2025-09-06 21:55:53,067 - Iter 2927: obj=-1286.747340, change=2.49e-02, α=1.000, ‖θ[1:]‖₁=1842.384, num_selected_knots=1967
2025-09-06 21:55:56,416 - Iter 2928: obj=-1286.812878, change=2.49e-02, α=1.000, ‖θ[1:]‖₁=1842.555, num_selected_knots=1966
2025-09-06 21:55:59,729 - Iter 2929: obj=-1286.878356, change=2.49e-02, α=1.000, ‖θ[1:]‖₁=1842.726, num_selected_knots=1965
2025-09-06 21:56:03,135 - Iter 2930: obj=-1286.943776, change=2.49e-02, α=1.000, ‖θ[1:]‖₁=1842.897, num_selected_knots=1965
2025-09-06 21:56:06,442 - Iter 2931: obj=-1287.009136, change=2.48e-02, α=1.000, ‖θ[1:]‖₁=1843.068, num_selected_knots=1965
2025-09-06 21:56:09,800 - Iter 2932: obj=-1287.074438, change=2.48e-02, α=1.000, ‖θ[1:]‖₁=1843.239, num_selected_knots=1965
2025-09-06 21:56:13,135 - Iter 2933: obj=-1287.139679, change=2.48e-02, α=1.000, ‖θ[1:]‖₁=1843.410, num_selected_knots=1965
2025-09-06 21:56:16,478 - Iter 2934: obj=-1287.204861, change=2.48e-02, α=1.000, ‖θ[1:]‖₁=1843.580, num_selected_knots=1965
2025-09-06 21:56:19,829 - Iter 2935: obj=-1287.269984, change=2.48e-02, α=1.000, ‖θ[1:]‖₁=1843.751, num_selected_knots=1965
2025-09-06 21:56:23,187 - Iter 2936: obj=-1287.335047, change=2.48e-02, α=1.000, ‖θ[1:]‖₁=1843.921, num_selected_knots=1965
2025-09-06 21:56:26,549 - Iter 2937: obj=-1287.400050, change=2.48e-02, α=1.000, ‖θ[1:]‖₁=1844.091, num_selected_knots=1965
2025-09-06 21:56:29,907 - Iter 2938: obj=-1287.464995, change=2.48e-02, α=1.000, ‖θ[1:]‖₁=1844.261, num_selected_knots=1965
2025-09-06 21:56:33,238 - Iter 2939: obj=-1287.529879, change=2.47e-02, α=1.000, ‖θ[1:]‖₁=1844.431, num_selected_knots=1964
2025-09-06 21:56:36,582 - Iter 2940: obj=-1287.594704, change=2.47e-02, α=1.000, ‖θ[1:]‖₁=1844.602, num_selected_knots=1966
2025-09-06 21:56:40,003 - Iter 2941: obj=-1287.659468, change=2.47e-02, α=1.000, ‖θ[1:]‖₁=1844.771, num_selected_knots=1966
2025-09-06 21:56:43,334 - Iter 2942: obj=-1287.724172, change=2.47e-02, α=1.000, ‖θ[1:]‖₁=1844.941, num_selected_knots=1966
2025-09-06 21:56:46,646 - Iter 2943: obj=-1287.788818, change=2.47e-02, α=1.000, ‖θ[1:]‖₁=1845.111, num_selected_knots=1966
2025-09-06 21:56:49,981 - Iter 2944: obj=-1287.853404, change=2.47e-02, α=1.000, ‖θ[1:]‖₁=1845.281, num_selected_knots=1966
2025-09-06 21:56:53,306 - Iter 2945: obj=-1287.917931, change=2.47e-02, α=1.000, ‖θ[1:]‖₁=1845.450, num_selected_knots=1966
2025-09-06 21:56:56,581 - Iter 2946: obj=-1287.982400, change=2.47e-02, α=1.000, ‖θ[1:]‖₁=1845.620, num_selected_knots=1966
2025-09-06 21:57:00,104 - Iter 2947: obj=-1288.046810, change=2.47e-02, α=1.000, ‖θ[1:]‖₁=1845.789, num_selected_knots=1966
2025-09-06 21:57:03,489 - Iter 2948: obj=-1288.111162, change=2.46e-02, α=1.000, ‖θ[1:]‖₁=1845.958, num_selected_knots=1966
2025-09-06 21:57:06,907 - Iter 2949: obj=-1288.175455, change=2.46e-02, α=1.000, ‖θ[1:]‖₁=1846.128, num_selected_knots=1966
2025-09-06 21:57:10,238 - Iter 2950: obj=-1288.239689, change=2.46e-02, α=1.000, ‖θ[1:]‖₁=1846.297, num_selected_knots=1966
2025-09-06 21:57:13,556 - Iter 2951: obj=-1288.303866, change=2.46e-02, α=1.000, ‖θ[1:]‖₁=1846.466, num_selected_knots=1966
2025-09-06 21:57:20,143 - Iter 2952: obj=-1288.367985, change=2.46e-02, α=1.000, ‖θ[1:]‖₁=1846.635, num_selected_knots=1966
2025-09-06 21:57:23,455 - Iter 2953: obj=-1288.432045, change=2.46e-02, α=1.000, ‖θ[1:]‖₁=1846.803, num_selected_knots=1966
2025-09-06 21:57:26,678 - Iter 2954: obj=-1288.496048, change=2.46e-02, α=1.000, ‖θ[1:]‖₁=1846.972, num_selected_knots=1966
2025-09-06 21:57:29,935 - Iter 2955: obj=-1288.559993, change=2.46e-02, α=1.000, ‖θ[1:]‖₁=1847.141, num_selected_knots=1966
2025-09-06 21:57:33,159 - Iter 2956: obj=-1288.623880, change=2.46e-02, α=1.000, ‖θ[1:]‖₁=1847.309, num_selected_knots=1966
2025-09-06 21:57:36,416 - Iter 2957: obj=-1288.687710, change=2.45e-02, α=1.000, ‖θ[1:]‖₁=1847.478, num_selected_knots=1965
2025-09-06 21:57:39,614 - Iter 2958: obj=-1288.751475, change=2.45e-02, α=1.000, ‖θ[1:]‖₁=1847.646, num_selected_knots=1965
2025-09-06 21:57:42,854 - Iter 2959: obj=-1288.815181, change=2.45e-02, α=1.000, ‖θ[1:]‖₁=1847.814, num_selected_knots=1965
2025-09-06 21:57:46,091 - Iter 2960: obj=-1288.878831, change=2.45e-02, α=1.000, ‖θ[1:]‖₁=1847.982, num_selected_knots=1965
2025-09-06 21:57:49,295 - Iter 2961: obj=-1288.942425, change=2.45e-02, α=1.000, ‖θ[1:]‖₁=1848.150, num_selected_knots=1965
2025-09-06 21:57:52,561 - Iter 2962: obj=-1289.005962, change=2.45e-02, α=1.000, ‖θ[1:]‖₁=1848.318, num_selected_knots=1965
2025-09-06 21:57:55,784 - Iter 2963: obj=-1289.069443, change=2.45e-02, α=1.000, ‖θ[1:]‖₁=1848.486, num_selected_knots=1965
2025-09-06 21:57:58,983 - Iter 2964: obj=-1289.132867, change=2.45e-02, α=1.000, ‖θ[1:]‖₁=1848.654, num_selected_knots=1965
2025-09-06 21:58:02,237 - Iter 2965: obj=-1289.196236, change=2.45e-02, α=1.000, ‖θ[1:]‖₁=1848.821, num_selected_knots=1965
2025-09-06 21:58:05,548 - Iter 2966: obj=-1289.259548, change=2.44e-02, α=1.000, ‖θ[1:]‖₁=1848.989, num_selected_knots=1965
2025-09-06 21:58:08,818 - Iter 2967: obj=-1289.322803, change=2.44e-02, α=1.000, ‖θ[1:]‖₁=1849.156, num_selected_knots=1965
2025-09-06 21:58:12,032 - Iter 2968: obj=-1289.386003, change=2.44e-02, α=1.000, ‖θ[1:]‖₁=1849.324, num_selected_knots=1965
2025-09-06 21:58:15,258 - Iter 2969: obj=-1289.449147, change=2.44e-02, α=1.000, ‖θ[1:]‖₁=1849.491, num_selected_knots=1964
2025-09-06 21:58:18,522 - Iter 2970: obj=-1289.512233, change=2.44e-02, α=1.000, ‖θ[1:]‖₁=1849.658, num_selected_knots=1964
2025-09-06 21:58:21,741 - Iter 2971: obj=-1289.575262, change=2.44e-02, α=1.000, ‖θ[1:]‖₁=1849.825, num_selected_knots=1964
2025-09-06 21:58:24,951 - Iter 2972: obj=-1289.638234, change=2.44e-02, α=1.000, ‖θ[1:]‖₁=1849.992, num_selected_knots=1964
2025-09-06 21:58:28,223 - Iter 2973: obj=-1289.701149, change=2.44e-02, α=1.000, ‖θ[1:]‖₁=1850.159, num_selected_knots=1964
2025-09-06 21:58:31,455 - Iter 2974: obj=-1289.764008, change=2.44e-02, α=1.000, ‖θ[1:]‖₁=1850.325, num_selected_knots=1964
2025-09-06 21:58:34,673 - Iter 2975: obj=-1289.826811, change=2.43e-02, α=1.000, ‖θ[1:]‖₁=1850.492, num_selected_knots=1964
2025-09-06 21:58:37,938 - Iter 2976: obj=-1289.889558, change=2.43e-02, α=1.000, ‖θ[1:]‖₁=1850.659, num_selected_knots=1964
2025-09-06 21:58:41,146 - Iter 2977: obj=-1289.952250, change=2.43e-02, α=1.000, ‖θ[1:]‖₁=1850.825, num_selected_knots=1964
2025-09-06 21:58:44,364 - Iter 2978: obj=-1290.014885, change=2.43e-02, α=1.000, ‖θ[1:]‖₁=1850.992, num_selected_knots=1964
2025-09-06 21:58:47,600 - Iter 2979: obj=-1290.077466, change=2.43e-02, α=1.000, ‖θ[1:]‖₁=1851.158, num_selected_knots=1964
2025-09-06 21:58:50,855 - Iter 2980: obj=-1290.139991, change=2.43e-02, α=1.000, ‖θ[1:]‖₁=1851.324, num_selected_knots=1964
2025-09-06 21:58:54,091 - Iter 2981: obj=-1290.202461, change=2.43e-02, α=1.000, ‖θ[1:]‖₁=1851.490, num_selected_knots=1964
2025-09-06 21:58:57,370 - Iter 2982: obj=-1290.264877, change=2.43e-02, α=1.000, ‖θ[1:]‖₁=1851.656, num_selected_knots=1964
2025-09-06 21:59:00,865 - Iter 2983: obj=-1290.327237, change=2.43e-02, α=1.000, ‖θ[1:]‖₁=1851.822, num_selected_knots=1964
2025-09-06 21:59:04,165 - Iter 2984: obj=-1290.389543, change=2.42e-02, α=1.000, ‖θ[1:]‖₁=1851.988, num_selected_knots=1964
2025-09-06 21:59:07,456 - Iter 2985: obj=-1290.451794, change=2.42e-02, α=1.000, ‖θ[1:]‖₁=1852.154, num_selected_knots=1964
2025-09-06 21:59:10,744 - Iter 2986: obj=-1290.513991, change=2.42e-02, α=1.000, ‖θ[1:]‖₁=1852.320, num_selected_knots=1964
2025-09-06 21:59:14,250 - Iter 2987: obj=-1290.576133, change=2.42e-02, α=1.000, ‖θ[1:]‖₁=1852.486, num_selected_knots=1964
2025-09-06 21:59:17,589 - Iter 2988: obj=-1290.638221, change=2.42e-02, α=1.000, ‖θ[1:]‖₁=1852.651, num_selected_knots=1964
2025-09-06 21:59:20,908 - Iter 2989: obj=-1290.700254, change=2.42e-02, α=1.000, ‖θ[1:]‖₁=1852.817, num_selected_knots=1964
2025-09-06 21:59:24,239 - Iter 2990: obj=-1290.762234, change=2.42e-02, α=1.000, ‖θ[1:]‖₁=1852.982, num_selected_knots=1963
2025-09-06 21:59:27,506 - Iter 2991: obj=-1290.824159, change=2.42e-02, α=1.000, ‖θ[1:]‖₁=1853.147, num_selected_knots=1963
2025-09-06 21:59:30,830 - Iter 2992: obj=-1290.886031, change=2.42e-02, α=1.000, ‖θ[1:]‖₁=1853.312, num_selected_knots=1963
2025-09-06 21:59:34,186 - Iter 2993: obj=-1290.947848, change=2.41e-02, α=1.000, ‖θ[1:]‖₁=1853.478, num_selected_knots=1963
2025-09-06 21:59:37,534 - Iter 2994: obj=-1291.009612, change=2.41e-02, α=1.000, ‖θ[1:]‖₁=1853.643, num_selected_knots=1963
2025-09-06 21:59:40,922 - Iter 2995: obj=-1291.071321, change=2.41e-02, α=1.000, ‖θ[1:]‖₁=1853.808, num_selected_knots=1963
2025-09-06 21:59:44,255 - Iter 2996: obj=-1291.132977, change=2.41e-02, α=1.000, ‖θ[1:]‖₁=1853.972, num_selected_knots=1961
2025-09-06 21:59:47,583 - Iter 2997: obj=-1291.194581, change=2.41e-02, α=1.000, ‖θ[1:]‖₁=1854.137, num_selected_knots=1961
2025-09-06 21:59:51,035 - Iter 2998: obj=-1291.256130, change=2.41e-02, α=1.000, ‖θ[1:]‖₁=1854.302, num_selected_knots=1962
2025-09-06 21:59:54,374 - Iter 2999: obj=-1291.317626, change=2.41e-02, α=1.000, ‖θ[1:]‖₁=1854.467, num_selected_knots=1962
2025-09-06 21:59:57,690 - Iter 3000: obj=-1291.379068, change=2.41e-02, α=1.000, ‖θ[1:]‖₁=1854.631, num_selected_knots=1962
2025-09-06 22:00:01,063 - Iter 3001: obj=-1291.440457, change=2.41e-02, α=1.000, ‖θ[1:]‖₁=1854.796, num_selected_knots=1962
2025-09-06 22:00:04,404 - Iter 3002: obj=-1291.501792, change=2.40e-02, α=1.000, ‖θ[1:]‖₁=1854.960, num_selected_knots=1962
2025-09-06 22:00:07,796 - Iter 3003: obj=-1291.563073, change=2.40e-02, α=1.000, ‖θ[1:]‖₁=1855.124, num_selected_knots=1962
2025-09-06 22:00:11,125 - Iter 3004: obj=-1291.624302, change=2.40e-02, α=1.000, ‖θ[1:]‖₁=1855.288, num_selected_knots=1962
2025-09-06 22:00:14,487 - Iter 3005: obj=-1291.685477, change=2.40e-02, α=1.000, ‖θ[1:]‖₁=1855.452, num_selected_knots=1962
2025-09-06 22:00:17,776 - Iter 3006: obj=-1291.746599, change=2.40e-02, α=1.000, ‖θ[1:]‖₁=1855.616, num_selected_knots=1962
2025-09-06 22:00:21,165 - Iter 3007: obj=-1291.807668, change=2.40e-02, α=1.000, ‖θ[1:]‖₁=1855.780, num_selected_knots=1962
2025-09-06 22:00:24,533 - Iter 3008: obj=-1291.868684, change=2.40e-02, α=1.000, ‖θ[1:]‖₁=1855.944, num_selected_knots=1962
2025-09-06 22:00:27,829 - Iter 3009: obj=-1291.929647, change=2.40e-02, α=1.000, ‖θ[1:]‖₁=1856.108, num_selected_knots=1962
2025-09-06 22:00:31,115 - Iter 3010: obj=-1291.990557, change=2.40e-02, α=1.000, ‖θ[1:]‖₁=1856.272, num_selected_knots=1961
2025-09-06 22:00:34,436 - Iter 3011: obj=-1292.051411, change=2.40e-02, α=1.000, ‖θ[1:]‖₁=1856.435, num_selected_knots=1961
2025-09-06 22:00:37,819 - Iter 3012: obj=-1292.112212, change=2.39e-02, α=1.000, ‖θ[1:]‖₁=1856.599, num_selected_knots=1961
2025-09-06 22:00:41,105 - Iter 3013: obj=-1292.172960, change=2.39e-02, α=1.000, ‖θ[1:]‖₁=1856.762, num_selected_knots=1961
2025-09-06 22:00:44,382 - Iter 3014: obj=-1292.233656, change=2.39e-02, α=1.000, ‖θ[1:]‖₁=1856.925, num_selected_knots=1961
2025-09-06 22:00:47,626 - Iter 3015: obj=-1292.294300, change=2.39e-02, α=1.000, ‖θ[1:]‖₁=1857.089, num_selected_knots=1961
2025-09-06 22:00:50,880 - Iter 3016: obj=-1292.354891, change=2.39e-02, α=1.000, ‖θ[1:]‖₁=1857.252, num_selected_knots=1961
2025-09-06 22:00:54,166 - Iter 3017: obj=-1292.415430, change=2.39e-02, α=1.000, ‖θ[1:]‖₁=1857.415, num_selected_knots=1961
2025-09-06 22:00:57,507 - Iter 3018: obj=-1292.475917, change=2.39e-02, α=1.000, ‖θ[1:]‖₁=1857.578, num_selected_knots=1960
2025-09-06 22:01:00,900 - Iter 3019: obj=-1292.536352, change=2.39e-02, α=1.000, ‖θ[1:]‖₁=1857.741, num_selected_knots=1960
2025-09-06 22:01:04,183 - Iter 3020: obj=-1292.596735, change=2.39e-02, α=1.000, ‖θ[1:]‖₁=1857.904, num_selected_knots=1961
2025-09-06 22:01:07,478 - Iter 3021: obj=-1292.657066, change=2.38e-02, α=1.000, ‖θ[1:]‖₁=1858.066, num_selected_knots=1961
2025-09-06 22:01:10,739 - Iter 3022: obj=-1292.717344, change=2.38e-02, α=1.000, ‖θ[1:]‖₁=1858.229, num_selected_knots=1961
2025-09-06 22:01:14,011 - Iter 3023: obj=-1292.777571, change=2.38e-02, α=1.000, ‖θ[1:]‖₁=1858.391, num_selected_knots=1961
2025-09-06 22:01:17,278 - Iter 3024: obj=-1292.837745, change=2.38e-02, α=1.000, ‖θ[1:]‖₁=1858.554, num_selected_knots=1961
2025-09-06 22:01:20,534 - Iter 3025: obj=-1292.897868, change=2.38e-02, α=1.000, ‖θ[1:]‖₁=1858.716, num_selected_knots=1961
2025-09-06 22:01:23,816 - Iter 3026: obj=-1292.957939, change=2.38e-02, α=1.000, ‖θ[1:]‖₁=1858.879, num_selected_knots=1961
2025-09-06 22:01:27,074 - Iter 3027: obj=-1293.017958, change=2.38e-02, α=1.000, ‖θ[1:]‖₁=1859.041, num_selected_knots=1961
2025-09-06 22:01:30,308 - Iter 3028: obj=-1293.077925, change=2.38e-02, α=1.000, ‖θ[1:]‖₁=1859.203, num_selected_knots=1961
2025-09-06 22:01:33,564 - Iter 3029: obj=-1293.137841, change=2.38e-02, α=1.000, ‖θ[1:]‖₁=1859.365, num_selected_knots=1961
2025-09-06 22:01:36,836 - Iter 3030: obj=-1293.197705, change=2.38e-02, α=1.000, ‖θ[1:]‖₁=1859.527, num_selected_knots=1961
2025-09-06 22:01:40,092 - Iter 3031: obj=-1293.257517, change=2.37e-02, α=1.000, ‖θ[1:]‖₁=1859.689, num_selected_knots=1961
2025-09-06 22:01:43,488 - Iter 3032: obj=-1293.317278, change=2.37e-02, α=1.000, ‖θ[1:]‖₁=1859.851, num_selected_knots=1961
2025-09-06 22:01:46,859 - Iter 3033: obj=-1293.376988, change=2.37e-02, α=1.000, ‖θ[1:]‖₁=1860.013, num_selected_knots=1961
2025-09-06 22:01:50,171 - Iter 3034: obj=-1293.436646, change=2.37e-02, α=1.000, ‖θ[1:]‖₁=1860.174, num_selected_knots=1961
2025-09-06 22:01:53,543 - Iter 3035: obj=-1293.496253, change=2.37e-02, α=1.000, ‖θ[1:]‖₁=1860.336, num_selected_knots=1961
2025-09-06 22:01:56,873 - Iter 3036: obj=-1293.555809, change=2.37e-02, α=1.000, ‖θ[1:]‖₁=1860.497, num_selected_knots=1961
2025-09-06 22:02:00,230 - Iter 3037: obj=-1293.615313, change=2.37e-02, α=1.000, ‖θ[1:]‖₁=1860.659, num_selected_knots=1961
2025-09-06 22:02:06,756 - Iter 3038: obj=-1293.674766, change=2.37e-02, α=1.000, ‖θ[1:]‖₁=1860.820, num_selected_knots=1960
2025-09-06 22:02:10,252 - Iter 3039: obj=-1293.734168, change=2.37e-02, α=1.000, ‖θ[1:]‖₁=1860.981, num_selected_knots=1960
2025-09-06 22:02:13,500 - Iter 3040: obj=-1293.793520, change=2.36e-02, α=1.000, ‖θ[1:]‖₁=1861.142, num_selected_knots=1960
2025-09-06 22:02:16,758 - Iter 3041: obj=-1293.852820, change=2.36e-02, α=1.000, ‖θ[1:]‖₁=1861.303, num_selected_knots=1960
2025-09-06 22:02:20,049 - Iter 3042: obj=-1293.912069, change=2.36e-02, α=1.000, ‖θ[1:]‖₁=1861.464, num_selected_knots=1960
2025-09-06 22:02:23,327 - Iter 3043: obj=-1293.971267, change=2.36e-02, α=1.000, ‖θ[1:]‖₁=1861.625, num_selected_knots=1960
2025-09-06 22:02:26,691 - Iter 3044: obj=-1294.030415, change=2.36e-02, α=1.000, ‖θ[1:]‖₁=1861.786, num_selected_knots=1960
2025-09-06 22:02:30,050 - Iter 3045: obj=-1294.089512, change=2.36e-02, α=1.000, ‖θ[1:]‖₁=1861.947, num_selected_knots=1960
2025-09-06 22:02:33,328 - Iter 3046: obj=-1294.148558, change=2.36e-02, α=1.000, ‖θ[1:]‖₁=1862.107, num_selected_knots=1960
2025-09-06 22:02:36,600 - Iter 3047: obj=-1294.207553, change=2.36e-02, α=1.000, ‖θ[1:]‖₁=1862.268, num_selected_knots=1960
2025-09-06 22:02:40,007 - Iter 3048: obj=-1294.266498, change=2.36e-02, α=1.000, ‖θ[1:]‖₁=1862.429, num_selected_knots=1960
2025-09-06 22:02:43,332 - Iter 3049: obj=-1294.325392, change=2.36e-02, α=1.000, ‖θ[1:]‖₁=1862.589, num_selected_knots=1960
2025-09-06 22:02:46,631 - Iter 3050: obj=-1294.384236, change=2.35e-02, α=1.000, ‖θ[1:]‖₁=1862.749, num_selected_knots=1960
2025-09-06 22:02:49,919 - Iter 3051: obj=-1294.443029, change=2.35e-02, α=1.000, ‖θ[1:]‖₁=1862.913, num_selected_knots=1959
2025-09-06 22:02:53,206 - Iter 3052: obj=-1294.501759, change=2.35e-02, α=1.000, ‖θ[1:]‖₁=1863.077, num_selected_knots=1959
2025-09-06 22:02:56,457 - Iter 3053: obj=-1294.560457, change=2.35e-02, α=1.000, ‖θ[1:]‖₁=1863.240, num_selected_knots=1959
2025-09-06 22:03:04,339 - Iter 3054: obj=-1294.619127, change=2.35e-02, α=1.000, ‖θ[1:]‖₁=1863.403, num_selected_knots=1958
2025-09-06 22:03:07,508 - Iter 3055: obj=-1294.677765, change=2.35e-02, α=1.000, ‖θ[1:]‖₁=1863.566, num_selected_knots=1958
2025-09-06 22:03:10,669 - Iter 3056: obj=-1294.736368, change=2.35e-02, α=1.000, ‖θ[1:]‖₁=1863.728, num_selected_knots=1958
2025-09-06 22:03:13,803 - Iter 3057: obj=-1294.794933, change=2.35e-02, α=1.000, ‖θ[1:]‖₁=1863.891, num_selected_knots=1957
2025-09-06 22:03:16,968 - Iter 3058: obj=-1294.853456, change=2.35e-02, α=1.000, ‖θ[1:]‖₁=1864.053, num_selected_knots=1956
2025-09-06 22:03:20,275 - Iter 3059: obj=-1294.911931, change=2.35e-02, α=1.000, ‖θ[1:]‖₁=1864.215, num_selected_knots=1956
2025-09-06 22:03:23,763 - Iter 3060: obj=-1294.970357, change=2.35e-02, α=1.000, ‖θ[1:]‖₁=1864.378, num_selected_knots=1955
2025-09-06 22:03:26,985 - Iter 3061: obj=-1295.028737, change=2.34e-02, α=1.000, ‖θ[1:]‖₁=1864.539, num_selected_knots=1955
2025-09-06 22:03:30,219 - Iter 3062: obj=-1295.087069, change=2.34e-02, α=1.000, ‖θ[1:]‖₁=1864.701, num_selected_knots=1955
2025-09-06 22:03:33,477 - Iter 3063: obj=-1295.145352, change=2.34e-02, α=1.000, ‖θ[1:]‖₁=1864.863, num_selected_knots=1955
2025-09-06 22:03:36,768 - Iter 3064: obj=-1295.203586, change=2.34e-02, α=1.000, ‖θ[1:]‖₁=1865.025, num_selected_knots=1955
2025-09-06 22:03:40,194 - Iter 3065: obj=-1295.261769, change=2.34e-02, α=1.000, ‖θ[1:]‖₁=1865.186, num_selected_knots=1955
2025-09-06 22:03:43,647 - Iter 3066: obj=-1295.319901, change=2.34e-02, α=1.000, ‖θ[1:]‖₁=1865.348, num_selected_knots=1955
2025-09-06 22:03:46,958 - Iter 3067: obj=-1295.377981, change=2.34e-02, α=1.000, ‖θ[1:]‖₁=1865.509, num_selected_knots=1955
2025-09-06 22:03:50,346 - Iter 3068: obj=-1295.436009, change=2.34e-02, α=1.000, ‖θ[1:]‖₁=1865.670, num_selected_knots=1955
2025-09-06 22:03:53,700 - Iter 3069: obj=-1295.493985, change=2.34e-02, α=1.000, ‖θ[1:]‖₁=1865.831, num_selected_knots=1955
2025-09-06 22:03:57,078 - Iter 3070: obj=-1295.551908, change=2.34e-02, α=1.000, ‖θ[1:]‖₁=1865.992, num_selected_knots=1955
2025-09-06 22:04:02,068 - Iter 3071: obj=-1295.609779, change=2.33e-02, α=1.000, ‖θ[1:]‖₁=1866.153, num_selected_knots=1955
2025-09-06 22:04:05,287 - Iter 3072: obj=-1295.667597, change=2.33e-02, α=1.000, ‖θ[1:]‖₁=1866.314, num_selected_knots=1955
2025-09-06 22:04:08,498 - Iter 3073: obj=-1295.725362, change=2.33e-02, α=1.000, ‖θ[1:]‖₁=1866.475, num_selected_knots=1954
2025-09-06 22:04:11,731 - Iter 3074: obj=-1295.783074, change=2.33e-02, α=1.000, ‖θ[1:]‖₁=1866.635, num_selected_knots=1954
2025-09-06 22:04:14,945 - Iter 3075: obj=-1295.840733, change=2.33e-02, α=1.000, ‖θ[1:]‖₁=1866.796, num_selected_knots=1954
2025-09-06 22:04:18,232 - Iter 3076: obj=-1295.898339, change=2.33e-02, α=1.000, ‖θ[1:]‖₁=1866.956, num_selected_knots=1954
2025-09-06 22:04:21,645 - Iter 3077: obj=-1295.955893, change=2.33e-02, α=1.000, ‖θ[1:]‖₁=1867.116, num_selected_knots=1954
2025-09-06 22:04:24,975 - Iter 3078: obj=-1296.013394, change=2.33e-02, α=1.000, ‖θ[1:]‖₁=1867.277, num_selected_knots=1954
2025-09-06 22:04:28,257 - Iter 3079: obj=-1296.070842, change=2.33e-02, α=1.000, ‖θ[1:]‖₁=1867.437, num_selected_knots=1954
2025-09-06 22:04:31,598 - Iter 3080: obj=-1296.128238, change=2.32e-02, α=1.000, ‖θ[1:]‖₁=1867.597, num_selected_knots=1953
2025-09-06 22:04:37,943 - Iter 3081: obj=-1296.185581, change=2.32e-02, α=1.000, ‖θ[1:]‖₁=1867.757, num_selected_knots=1953
2025-09-06 22:04:41,160 - Iter 3082: obj=-1296.242872, change=2.32e-02, α=1.000, ‖θ[1:]‖₁=1867.917, num_selected_knots=1954
2025-09-06 22:04:44,339 - Iter 3083: obj=-1296.300110, change=2.32e-02, α=1.000, ‖θ[1:]‖₁=1868.077, num_selected_knots=1954
2025-09-06 22:04:47,558 - Iter 3084: obj=-1296.357296, change=2.32e-02, α=1.000, ‖θ[1:]‖₁=1868.236, num_selected_knots=1954
2025-09-06 22:04:50,968 - Iter 3085: obj=-1296.414430, change=2.32e-02, α=1.000, ‖θ[1:]‖₁=1868.396, num_selected_knots=1954
2025-09-06 22:04:54,315 - Iter 3086: obj=-1296.471512, change=2.32e-02, α=1.000, ‖θ[1:]‖₁=1868.555, num_selected_knots=1953
2025-09-06 22:04:57,655 - Iter 3087: obj=-1296.528542, change=2.32e-02, α=1.000, ‖θ[1:]‖₁=1868.715, num_selected_knots=1953
2025-09-06 22:05:02,257 - Iter 3088: obj=-1296.585521, change=2.32e-02, α=1.000, ‖θ[1:]‖₁=1868.874, num_selected_knots=1952
2025-09-06 22:05:05,539 - Iter 3089: obj=-1296.642446, change=2.31e-02, α=1.000, ‖θ[1:]‖₁=1869.034, num_selected_knots=1952
2025-09-06 22:05:08,816 - Iter 3090: obj=-1296.699319, change=2.31e-02, α=1.000, ‖θ[1:]‖₁=1869.193, num_selected_knots=1952
2025-09-06 22:05:12,056 - Iter 3091: obj=-1296.756141, change=2.31e-02, α=1.000, ‖θ[1:]‖₁=1869.352, num_selected_knots=1952
2025-09-06 22:05:15,309 - Iter 3092: obj=-1296.812910, change=2.31e-02, α=1.000, ‖θ[1:]‖₁=1869.511, num_selected_knots=1952
2025-09-06 22:05:18,596 - Iter 3093: obj=-1296.869629, change=2.31e-02, α=1.000, ‖θ[1:]‖₁=1869.670, num_selected_knots=1952
2025-09-06 22:05:21,868 - Iter 3094: obj=-1296.926296, change=2.31e-02, α=1.000, ‖θ[1:]‖₁=1869.829, num_selected_knots=1952
2025-09-06 22:05:25,103 - Iter 3095: obj=-1296.982911, change=2.31e-02, α=1.000, ‖θ[1:]‖₁=1869.988, num_selected_knots=1952
2025-09-06 22:05:28,387 - Iter 3096: obj=-1297.039476, change=2.31e-02, α=1.000, ‖θ[1:]‖₁=1870.147, num_selected_knots=1952
2025-09-06 22:05:31,651 - Iter 3097: obj=-1297.095990, change=2.31e-02, α=1.000, ‖θ[1:]‖₁=1870.305, num_selected_knots=1951
2025-09-06 22:05:34,961 - Iter 3098: obj=-1297.152451, change=2.30e-02, α=1.000, ‖θ[1:]‖₁=1870.464, num_selected_knots=1951
2025-09-06 22:05:38,279 - Iter 3099: obj=-1297.208860, change=2.30e-02, α=1.000, ‖θ[1:]‖₁=1870.622, num_selected_knots=1951
2025-09-06 22:05:42,071 - Iter 3100: obj=-1297.265219, change=2.30e-02, α=1.000, ‖θ[1:]‖₁=1870.781, num_selected_knots=1951
2025-09-06 22:05:50,799 - Iter 3101: obj=-1297.321527, change=2.30e-02, α=1.000, ‖θ[1:]‖₁=1870.939, num_selected_knots=1951
2025-09-06 22:05:57,316 - Iter 3102: obj=-1297.377786, change=2.30e-02, α=1.000, ‖θ[1:]‖₁=1871.097, num_selected_knots=1951
2025-09-06 22:06:05,337 - Iter 3103: obj=-1297.433994, change=2.30e-02, α=1.000, ‖θ[1:]‖₁=1871.255, num_selected_knots=1951
2025-09-06 22:06:13,374 - Iter 3104: obj=-1297.490153, change=2.30e-02, α=1.000, ‖θ[1:]‖₁=1871.413, num_selected_knots=1951
2025-09-06 22:06:21,480 - Iter 3105: obj=-1297.546262, change=2.30e-02, α=1.000, ‖θ[1:]‖₁=1871.571, num_selected_knots=1951
2025-09-06 22:06:29,715 - Iter 3106: obj=-1297.602321, change=2.30e-02, α=1.000, ‖θ[1:]‖₁=1871.729, num_selected_knots=1951
2025-09-06 22:06:37,823 - Iter 3107: obj=-1297.658330, change=2.30e-02, α=1.000, ‖θ[1:]‖₁=1871.887, num_selected_knots=1951
2025-09-06 22:06:45,985 - Iter 3108: obj=-1297.714290, change=2.29e-02, α=1.000, ‖θ[1:]‖₁=1872.045, num_selected_knots=1951
2025-09-06 22:06:55,449 - Iter 3109: obj=-1297.770200, change=2.29e-02, α=1.000, ‖θ[1:]‖₁=1872.202, num_selected_knots=1951
2025-09-06 22:07:04,047 - Iter 3110: obj=-1297.826061, change=2.29e-02, α=1.000, ‖θ[1:]‖₁=1872.360, num_selected_knots=1951
2025-09-06 22:07:11,941 - Iter 3111: obj=-1297.881873, change=2.29e-02, α=1.000, ‖θ[1:]‖₁=1872.517, num_selected_knots=1951
2025-09-06 22:07:19,640 - Iter 3112: obj=-1297.937636, change=2.29e-02, α=1.000, ‖θ[1:]‖₁=1872.674, num_selected_knots=1951
2025-09-06 22:07:27,708 - Iter 3113: obj=-1297.993349, change=2.29e-02, α=1.000, ‖θ[1:]‖₁=1872.832, num_selected_knots=1951
2025-09-06 22:07:35,485 - Iter 3114: obj=-1298.049014, change=2.29e-02, α=1.000, ‖θ[1:]‖₁=1872.989, num_selected_knots=1951
2025-09-06 22:07:38,878 - Iter 3115: obj=-1298.104630, change=2.29e-02, α=1.000, ‖θ[1:]‖₁=1873.146, num_selected_knots=1951
2025-09-06 22:07:42,132 - Iter 3116: obj=-1298.160197, change=2.29e-02, α=1.000, ‖θ[1:]‖₁=1873.303, num_selected_knots=1951
2025-09-06 22:07:45,371 - Iter 3117: obj=-1298.215715, change=2.29e-02, α=1.000, ‖θ[1:]‖₁=1873.460, num_selected_knots=1951
2025-09-06 22:07:48,591 - Iter 3118: obj=-1298.271184, change=2.28e-02, α=1.000, ‖θ[1:]‖₁=1873.617, num_selected_knots=1951
2025-09-06 22:07:51,807 - Iter 3119: obj=-1298.326605, change=2.28e-02, α=1.000, ‖θ[1:]‖₁=1873.773, num_selected_knots=1950
2025-09-06 22:07:55,020 - Iter 3120: obj=-1298.381978, change=2.28e-02, α=1.000, ‖θ[1:]‖₁=1873.930, num_selected_knots=1951
2025-09-06 22:07:58,266 - Iter 3121: obj=-1298.437302, change=2.28e-02, α=1.000, ‖θ[1:]‖₁=1874.087, num_selected_knots=1951
2025-09-06 22:08:01,520 - Iter 3122: obj=-1298.492577, change=2.28e-02, α=1.000, ‖θ[1:]‖₁=1874.243, num_selected_knots=1951
2025-09-06 22:08:04,759 - Iter 3123: obj=-1298.547772, change=2.28e-02, α=1.000, ‖θ[1:]‖₁=1874.400, num_selected_knots=1951
2025-09-06 22:08:07,972 - Iter 3124: obj=-1298.602922, change=2.28e-02, α=1.000, ‖θ[1:]‖₁=1874.556, num_selected_knots=1951
2025-09-06 22:08:11,193 - Iter 3125: obj=-1298.658027, change=2.28e-02, α=1.000, ‖θ[1:]‖₁=1874.712, num_selected_knots=1951
2025-09-06 22:08:14,415 - Iter 3126: obj=-1298.713085, change=2.28e-02, α=1.000, ‖θ[1:]‖₁=1874.868, num_selected_knots=1951
2025-09-06 22:08:17,610 - Iter 3127: obj=-1298.768095, change=2.28e-02, α=1.000, ‖θ[1:]‖₁=1875.025, num_selected_knots=1951
2025-09-06 22:08:20,787 - Iter 3128: obj=-1298.823058, change=2.27e-02, α=1.000, ‖θ[1:]‖₁=1875.181, num_selected_knots=1951
2025-09-06 22:08:24,016 - Iter 3129: obj=-1298.877972, change=2.27e-02, α=1.000, ‖θ[1:]‖₁=1875.338, num_selected_knots=1950
2025-09-06 22:08:27,243 - Iter 3130: obj=-1298.932826, change=2.27e-02, α=1.000, ‖θ[1:]‖₁=1875.496, num_selected_knots=1950
2025-09-06 22:08:30,504 - Iter 3131: obj=-1298.987633, change=2.27e-02, α=1.000, ‖θ[1:]‖₁=1875.654, num_selected_knots=1950
2025-09-06 22:08:33,781 - Iter 3132: obj=-1299.042408, change=2.27e-02, α=1.000, ‖θ[1:]‖₁=1875.812, num_selected_knots=1950
2025-09-06 22:08:37,053 - Iter 3133: obj=-1299.097147, change=2.27e-02, α=1.000, ‖θ[1:]‖₁=1875.970, num_selected_knots=1950
2025-09-06 22:08:40,338 - Iter 3134: obj=-1299.151848, change=2.27e-02, α=1.000, ‖θ[1:]‖₁=1876.127, num_selected_knots=1949
2025-09-06 22:08:43,695 - Iter 3135: obj=-1299.206509, change=2.27e-02, α=1.000, ‖θ[1:]‖₁=1876.284, num_selected_knots=1949
2025-09-06 22:08:46,998 - Iter 3136: obj=-1299.261128, change=2.27e-02, α=1.000, ‖θ[1:]‖₁=1876.442, num_selected_knots=1949
2025-09-06 22:08:50,338 - Iter 3137: obj=-1299.315703, change=2.27e-02, α=1.000, ‖θ[1:]‖₁=1876.599, num_selected_knots=1949
2025-09-06 22:08:53,662 - Iter 3138: obj=-1299.370234, change=2.27e-02, α=1.000, ‖θ[1:]‖₁=1876.756, num_selected_knots=1949
2025-09-06 22:08:57,007 - Iter 3139: obj=-1299.424717, change=2.26e-02, α=1.000, ‖θ[1:]‖₁=1876.912, num_selected_knots=1949
2025-09-06 22:09:00,619 - Iter 3140: obj=-1299.479154, change=2.26e-02, α=1.000, ‖θ[1:]‖₁=1877.069, num_selected_knots=1949
2025-09-06 22:09:03,906 - Iter 3141: obj=-1299.533543, change=2.26e-02, α=1.000, ‖θ[1:]‖₁=1877.226, num_selected_knots=1949
2025-09-06 22:09:07,187 - Iter 3142: obj=-1299.587883, change=2.26e-02, α=1.000, ‖θ[1:]‖₁=1877.382, num_selected_knots=1949
2025-09-06 22:09:10,447 - Iter 3143: obj=-1299.642174, change=2.26e-02, α=1.000, ‖θ[1:]‖₁=1877.539, num_selected_knots=1949
2025-09-06 22:09:13,716 - Iter 3144: obj=-1299.696415, change=2.26e-02, α=1.000, ‖θ[1:]‖₁=1877.695, num_selected_knots=1948
2025-09-06 22:09:17,113 - Iter 3145: obj=-1299.750599, change=2.26e-02, α=1.000, ‖θ[1:]‖₁=1877.851, num_selected_knots=1948
2025-09-06 22:09:20,424 - Iter 3146: obj=-1299.804732, change=2.26e-02, α=1.000, ‖θ[1:]‖₁=1878.007, num_selected_knots=1947
2025-09-06 22:09:23,706 - Iter 3147: obj=-1299.858812, change=2.26e-02, α=1.000, ‖θ[1:]‖₁=1878.163, num_selected_knots=1947
2025-09-06 22:09:27,072 - Iter 3148: obj=-1299.912835, change=2.25e-02, α=1.000, ‖θ[1:]‖₁=1878.319, num_selected_knots=1947
2025-09-06 22:09:30,361 - Iter 3149: obj=-1299.966808, change=2.25e-02, α=1.000, ‖θ[1:]‖₁=1878.475, num_selected_knots=1947
2025-09-06 22:09:33,657 - Iter 3150: obj=-1300.020733, change=2.25e-02, α=1.000, ‖θ[1:]‖₁=1878.630, num_selected_knots=1946
2025-09-06 22:09:36,973 - Iter 3151: obj=-1300.074611, change=2.25e-02, α=1.000, ‖θ[1:]‖₁=1878.786, num_selected_knots=1947
2025-09-06 22:09:40,262 - Iter 3152: obj=-1300.128438, change=2.25e-02, α=1.000, ‖θ[1:]‖₁=1878.941, num_selected_knots=1947
2025-09-06 22:09:43,548 - Iter 3153: obj=-1300.182215, change=2.25e-02, α=1.000, ‖θ[1:]‖₁=1879.096, num_selected_knots=1947
2025-09-06 22:09:46,814 - Iter 3154: obj=-1300.235943, change=2.25e-02, α=1.000, ‖θ[1:]‖₁=1879.252, num_selected_knots=1947
2025-09-06 22:09:50,179 - Iter 3155: obj=-1300.289621, change=2.25e-02, α=1.000, ‖θ[1:]‖₁=1879.407, num_selected_knots=1947
2025-09-06 22:09:53,441 - Iter 3156: obj=-1300.343250, change=2.25e-02, α=1.000, ‖θ[1:]‖₁=1879.562, num_selected_knots=1947
2025-09-06 22:09:56,789 - Iter 3157: obj=-1300.396830, change=2.25e-02, α=1.000, ‖θ[1:]‖₁=1879.717, num_selected_knots=1947
2025-09-06 22:10:00,145 - Iter 3158: obj=-1300.450360, change=2.24e-02, α=1.000, ‖θ[1:]‖₁=1879.872, num_selected_knots=1947
2025-09-06 22:10:03,434 - Iter 3159: obj=-1300.503841, change=2.24e-02, α=1.000, ‖θ[1:]‖₁=1880.026, num_selected_knots=1947
2025-09-06 22:10:06,715 - Iter 3160: obj=-1300.557273, change=2.24e-02, α=1.000, ‖θ[1:]‖₁=1880.181, num_selected_knots=1947
2025-09-06 22:10:09,973 - Iter 3161: obj=-1300.610656, change=2.24e-02, α=1.000, ‖θ[1:]‖₁=1880.336, num_selected_knots=1947
2025-09-06 22:10:13,254 - Iter 3162: obj=-1300.663990, change=2.24e-02, α=1.000, ‖θ[1:]‖₁=1880.490, num_selected_knots=1947
2025-09-06 22:10:16,494 - Iter 3163: obj=-1300.717275, change=2.24e-02, α=1.000, ‖θ[1:]‖₁=1880.645, num_selected_knots=1947
2025-09-06 22:10:19,741 - Iter 3164: obj=-1300.770512, change=2.24e-02, α=1.000, ‖θ[1:]‖₁=1880.799, num_selected_knots=1947
2025-09-06 22:10:23,086 - Iter 3165: obj=-1300.823700, change=2.24e-02, α=1.000, ‖θ[1:]‖₁=1880.953, num_selected_knots=1947
2025-09-06 22:10:26,348 - Iter 3166: obj=-1300.876839, change=2.24e-02, α=1.000, ‖θ[1:]‖₁=1881.108, num_selected_knots=1947
2025-09-06 22:10:29,707 - Iter 3167: obj=-1300.929931, change=2.23e-02, α=1.000, ‖θ[1:]‖₁=1881.262, num_selected_knots=1947
2025-09-06 22:10:33,044 - Iter 3168: obj=-1300.982973, change=2.23e-02, α=1.000, ‖θ[1:]‖₁=1881.416, num_selected_knots=1947
2025-09-06 22:10:36,439 - Iter 3169: obj=-1301.035968, change=2.23e-02, α=1.000, ‖θ[1:]‖₁=1881.570, num_selected_knots=1947
2025-09-06 22:10:39,814 - Iter 3170: obj=-1301.088915, change=2.23e-02, α=1.000, ‖θ[1:]‖₁=1881.723, num_selected_knots=1947
2025-09-06 22:10:43,139 - Iter 3171: obj=-1301.141814, change=2.23e-02, α=1.000, ‖θ[1:]‖₁=1881.877, num_selected_knots=1947
2025-09-06 22:10:46,422 - Iter 3172: obj=-1301.194665, change=2.23e-02, α=1.000, ‖θ[1:]‖₁=1882.031, num_selected_knots=1947
2025-09-06 22:10:49,713 - Iter 3173: obj=-1301.247468, change=2.23e-02, α=1.000, ‖θ[1:]‖₁=1882.184, num_selected_knots=1947
2025-09-06 22:10:52,985 - Iter 3174: obj=-1301.300223, change=2.23e-02, α=1.000, ‖θ[1:]‖₁=1882.338, num_selected_knots=1947
2025-09-06 22:10:56,253 - Iter 3175: obj=-1301.352932, change=2.23e-02, α=1.000, ‖θ[1:]‖₁=1882.491, num_selected_knots=1947
2025-09-06 22:10:59,622 - Iter 3176: obj=-1301.405592, change=2.23e-02, α=1.000, ‖θ[1:]‖₁=1882.645, num_selected_knots=1947
2025-09-06 22:11:02,895 - Iter 3177: obj=-1301.458206, change=2.22e-02, α=1.000, ‖θ[1:]‖₁=1882.798, num_selected_knots=1947
2025-09-06 22:11:06,153 - Iter 3178: obj=-1301.510772, change=2.22e-02, α=1.000, ‖θ[1:]‖₁=1882.951, num_selected_knots=1947
2025-09-06 22:11:09,423 - Iter 3179: obj=-1301.563292, change=2.22e-02, α=1.000, ‖θ[1:]‖₁=1883.104, num_selected_knots=1947
2025-09-06 22:11:12,742 - Iter 3180: obj=-1301.615764, change=2.22e-02, α=1.000, ‖θ[1:]‖₁=1883.257, num_selected_knots=1947
2025-09-06 22:11:16,092 - Iter 3181: obj=-1301.668190, change=2.22e-02, α=1.000, ‖θ[1:]‖₁=1883.410, num_selected_knots=1947
2025-09-06 22:11:19,389 - Iter 3182: obj=-1301.720568, change=2.22e-02, α=1.000, ‖θ[1:]‖₁=1883.563, num_selected_knots=1947
2025-09-06 22:11:22,656 - Iter 3183: obj=-1301.772901, change=2.22e-02, α=1.000, ‖θ[1:]‖₁=1883.716, num_selected_knots=1947
2025-09-06 22:11:25,925 - Iter 3184: obj=-1301.825186, change=2.22e-02, α=1.000, ‖θ[1:]‖₁=1883.868, num_selected_knots=1947
2025-09-06 22:11:29,215 - Iter 3185: obj=-1301.877425, change=2.22e-02, α=1.000, ‖θ[1:]‖₁=1884.021, num_selected_knots=1947
2025-09-06 22:11:32,527 - Iter 3186: obj=-1301.929618, change=2.22e-02, α=1.000, ‖θ[1:]‖₁=1884.173, num_selected_knots=1947
2025-09-06 22:11:35,831 - Iter 3187: obj=-1301.981765, change=2.21e-02, α=1.000, ‖θ[1:]‖₁=1884.326, num_selected_knots=1947
2025-09-06 22:11:39,074 - Iter 3188: obj=-1302.033865, change=2.21e-02, α=1.000, ‖θ[1:]‖₁=1884.478, num_selected_knots=1947
2025-09-06 22:11:42,341 - Iter 3189: obj=-1302.085920, change=2.21e-02, α=1.000, ‖θ[1:]‖₁=1884.630, num_selected_knots=1947
2025-09-06 22:11:45,654 - Iter 3190: obj=-1302.137928, change=2.21e-02, α=1.000, ‖θ[1:]‖₁=1884.783, num_selected_knots=1947
2025-09-06 22:11:48,914 - Iter 3191: obj=-1302.189891, change=2.21e-02, α=1.000, ‖θ[1:]‖₁=1884.935, num_selected_knots=1947
2025-09-06 22:11:52,165 - Iter 3192: obj=-1302.241807, change=2.21e-02, α=1.000, ‖θ[1:]‖₁=1885.087, num_selected_knots=1947
2025-09-06 22:11:55,445 - Iter 3193: obj=-1302.293678, change=2.21e-02, α=1.000, ‖θ[1:]‖₁=1885.239, num_selected_knots=1947
2025-09-06 22:11:58,710 - Iter 3194: obj=-1302.345504, change=2.21e-02, α=1.000, ‖θ[1:]‖₁=1885.390, num_selected_knots=1947
2025-09-06 22:12:02,007 - Iter 3195: obj=-1302.397284, change=2.21e-02, α=1.000, ‖θ[1:]‖₁=1885.542, num_selected_knots=1947
2025-09-06 22:12:05,294 - Iter 3196: obj=-1302.449018, change=2.21e-02, α=1.000, ‖θ[1:]‖₁=1885.694, num_selected_knots=1947
2025-09-06 22:12:08,567 - Iter 3197: obj=-1302.500708, change=2.20e-02, α=1.000, ‖θ[1:]‖₁=1885.845, num_selected_knots=1947
2025-09-06 22:12:11,819 - Iter 3198: obj=-1302.552352, change=2.20e-02, α=1.000, ‖θ[1:]‖₁=1885.997, num_selected_knots=1947
2025-09-06 22:12:15,093 - Iter 3199: obj=-1302.603950, change=2.20e-02, α=1.000, ‖θ[1:]‖₁=1886.148, num_selected_knots=1947
2025-09-06 22:12:18,375 - Iter 3200: obj=-1302.655504, change=2.20e-02, α=1.000, ‖θ[1:]‖₁=1886.300, num_selected_knots=1946
2025-09-06 22:12:21,674 - Iter 3201: obj=-1302.707013, change=2.20e-02, α=1.000, ‖θ[1:]‖₁=1886.451, num_selected_knots=1946
2025-09-06 22:12:24,921 - Iter 3202: obj=-1302.758471, change=2.20e-02, α=1.000, ‖θ[1:]‖₁=1886.603, num_selected_knots=1946
2025-09-06 22:12:28,208 - Iter 3203: obj=-1302.809886, change=2.20e-02, α=1.000, ‖θ[1:]‖₁=1886.754, num_selected_knots=1946
2025-09-06 22:12:31,462 - Iter 3204: obj=-1302.861257, change=2.20e-02, α=1.000, ‖θ[1:]‖₁=1886.905, num_selected_knots=1946
2025-09-06 22:12:34,711 - Iter 3205: obj=-1302.912586, change=2.20e-02, α=1.000, ‖θ[1:]‖₁=1887.056, num_selected_knots=1946
2025-09-06 22:12:37,984 - Iter 3206: obj=-1302.963872, change=2.20e-02, α=1.000, ‖θ[1:]‖₁=1887.207, num_selected_knots=1946
2025-09-06 22:12:41,223 - Iter 3207: obj=-1303.015114, change=2.19e-02, α=1.000, ‖θ[1:]‖₁=1887.358, num_selected_knots=1946
2025-09-06 22:12:44,485 - Iter 3208: obj=-1303.066313, change=2.19e-02, α=1.000, ‖θ[1:]‖₁=1887.509, num_selected_knots=1946
2025-09-06 22:12:47,730 - Iter 3209: obj=-1303.117468, change=2.19e-02, α=1.000, ‖θ[1:]‖₁=1887.660, num_selected_knots=1946
2025-09-06 22:12:50,995 - Iter 3210: obj=-1303.168579, change=2.19e-02, α=1.000, ‖θ[1:]‖₁=1887.810, num_selected_knots=1946
2025-09-06 22:12:54,247 - Iter 3211: obj=-1303.219646, change=2.19e-02, α=1.000, ‖θ[1:]‖₁=1887.961, num_selected_knots=1946
2025-09-06 22:12:57,548 - Iter 3212: obj=-1303.270669, change=2.19e-02, α=1.000, ‖θ[1:]‖₁=1888.111, num_selected_knots=1946
2025-09-06 22:13:00,881 - Iter 3213: obj=-1303.321649, change=2.19e-02, α=1.000, ‖θ[1:]‖₁=1888.262, num_selected_knots=1946
2025-09-06 22:13:04,173 - Iter 3214: obj=-1303.372584, change=2.19e-02, α=1.000, ‖θ[1:]‖₁=1888.412, num_selected_knots=1946
2025-09-06 22:13:07,424 - Iter 3215: obj=-1303.423476, change=2.19e-02, α=1.000, ‖θ[1:]‖₁=1888.562, num_selected_knots=1946
2025-09-06 22:13:10,681 - Iter 3216: obj=-1303.474324, change=2.19e-02, α=1.000, ‖θ[1:]‖₁=1888.713, num_selected_knots=1946
2025-09-06 22:13:13,953 - Iter 3217: obj=-1303.525127, change=2.18e-02, α=1.000, ‖θ[1:]‖₁=1888.863, num_selected_knots=1946
2025-09-06 22:13:17,230 - Iter 3218: obj=-1303.575887, change=2.18e-02, α=1.000, ‖θ[1:]‖₁=1889.013, num_selected_knots=1946
2025-09-06 22:13:20,463 - Iter 3219: obj=-1303.626603, change=2.18e-02, α=1.000, ‖θ[1:]‖₁=1889.163, num_selected_knots=1946
2025-09-06 22:13:23,720 - Iter 3220: obj=-1303.677275, change=2.18e-02, α=1.000, ‖θ[1:]‖₁=1889.312, num_selected_knots=1946
2025-09-06 22:13:27,032 - Iter 3221: obj=-1303.727904, change=2.18e-02, α=1.000, ‖θ[1:]‖₁=1889.462, num_selected_knots=1946
2025-09-06 22:13:30,324 - Iter 3222: obj=-1303.778488, change=2.18e-02, α=1.000, ‖θ[1:]‖₁=1889.612, num_selected_knots=1946
2025-09-06 22:13:33,585 - Iter 3223: obj=-1303.829030, change=2.18e-02, α=1.000, ‖θ[1:]‖₁=1889.761, num_selected_knots=1946
2025-09-06 22:13:36,852 - Iter 3224: obj=-1303.879527, change=2.18e-02, α=1.000, ‖θ[1:]‖₁=1889.911, num_selected_knots=1946
2025-09-06 22:13:40,111 - Iter 3225: obj=-1303.929981, change=2.18e-02, α=1.000, ‖θ[1:]‖₁=1890.060, num_selected_knots=1946
2025-09-06 22:13:43,373 - Iter 3226: obj=-1303.980392, change=2.18e-02, α=1.000, ‖θ[1:]‖₁=1890.210, num_selected_knots=1946
2025-09-06 22:13:46,645 - Iter 3227: obj=-1304.030759, change=2.18e-02, α=1.000, ‖θ[1:]‖₁=1890.359, num_selected_knots=1946
2025-09-06 22:13:49,903 - Iter 3228: obj=-1304.081083, change=2.17e-02, α=1.000, ‖θ[1:]‖₁=1890.508, num_selected_knots=1946
2025-09-06 22:13:53,162 - Iter 3229: obj=-1304.131364, change=2.17e-02, α=1.000, ‖θ[1:]‖₁=1890.657, num_selected_knots=1945
2025-09-06 22:13:56,419 - Iter 3230: obj=-1304.181603, change=2.17e-02, α=1.000, ‖θ[1:]‖₁=1890.807, num_selected_knots=1946
2025-09-06 22:13:59,694 - Iter 3231: obj=-1304.231796, change=2.17e-02, α=1.000, ‖θ[1:]‖₁=1890.956, num_selected_knots=1946
2025-09-06 22:14:02,965 - Iter 3232: obj=-1304.281946, change=2.17e-02, α=1.000, ‖θ[1:]‖₁=1891.104, num_selected_knots=1946
2025-09-06 22:14:06,252 - Iter 3233: obj=-1304.332053, change=2.17e-02, α=1.000, ‖θ[1:]‖₁=1891.253, num_selected_knots=1946
2025-09-06 22:14:09,521 - Iter 3234: obj=-1304.382117, change=2.17e-02, α=1.000, ‖θ[1:]‖₁=1891.402, num_selected_knots=1946
2025-09-06 22:14:12,788 - Iter 3235: obj=-1304.432138, change=2.17e-02, α=1.000, ‖θ[1:]‖₁=1891.551, num_selected_knots=1946
2025-09-06 22:14:16,060 - Iter 3236: obj=-1304.482116, change=2.17e-02, α=1.000, ‖θ[1:]‖₁=1891.699, num_selected_knots=1946
2025-09-06 22:14:19,346 - Iter 3237: obj=-1304.532052, change=2.17e-02, α=1.000, ‖θ[1:]‖₁=1891.848, num_selected_knots=1946
2025-09-06 22:14:22,615 - Iter 3238: obj=-1304.581944, change=2.16e-02, α=1.000, ‖θ[1:]‖₁=1891.996, num_selected_knots=1946
2025-09-06 22:14:25,874 - Iter 3239: obj=-1304.631795, change=2.16e-02, α=1.000, ‖θ[1:]‖₁=1892.145, num_selected_knots=1946
2025-09-06 22:14:29,101 - Iter 3240: obj=-1304.681602, change=2.16e-02, α=1.000, ‖θ[1:]‖₁=1892.293, num_selected_knots=1946
2025-09-06 22:14:32,358 - Iter 3241: obj=-1304.731368, change=2.16e-02, α=1.000, ‖θ[1:]‖₁=1892.441, num_selected_knots=1946
2025-09-06 22:14:35,665 - Iter 3242: obj=-1304.781091, change=2.16e-02, α=1.000, ‖θ[1:]‖₁=1892.590, num_selected_knots=1946
2025-09-06 22:14:38,946 - Iter 3243: obj=-1304.830771, change=2.16e-02, α=1.000, ‖θ[1:]‖₁=1892.738, num_selected_knots=1946
2025-09-06 22:14:42,182 - Iter 3244: obj=-1304.880410, change=2.16e-02, α=1.000, ‖θ[1:]‖₁=1892.886, num_selected_knots=1946
2025-09-06 22:14:45,520 - Iter 3245: obj=-1304.930006, change=2.16e-02, α=1.000, ‖θ[1:]‖₁=1893.034, num_selected_knots=1946
2025-09-06 22:14:48,825 - Iter 3246: obj=-1304.979560, change=2.16e-02, α=1.000, ‖θ[1:]‖₁=1893.181, num_selected_knots=1946
2025-09-06 22:14:52,108 - Iter 3247: obj=-1305.029072, change=2.16e-02, α=1.000, ‖θ[1:]‖₁=1893.329, num_selected_knots=1945
2025-09-06 22:14:55,347 - Iter 3248: obj=-1305.078542, change=2.16e-02, α=1.000, ‖θ[1:]‖₁=1893.477, num_selected_knots=1945
2025-09-06 22:14:58,719 - Iter 3249: obj=-1305.127970, change=2.15e-02, α=1.000, ‖θ[1:]‖₁=1893.624, num_selected_knots=1945
2025-09-06 22:15:01,998 - Iter 3250: obj=-1305.177357, change=2.15e-02, α=1.000, ‖θ[1:]‖₁=1893.772, num_selected_knots=1945
2025-09-06 22:15:05,282 - Iter 3251: obj=-1305.226701, change=2.15e-02, α=1.000, ‖θ[1:]‖₁=1893.919, num_selected_knots=1945
2025-09-06 22:15:08,558 - Iter 3252: obj=-1305.276004, change=2.15e-02, α=1.000, ‖θ[1:]‖₁=1894.067, num_selected_knots=1945
2025-09-06 22:15:12,382 - Iter 3253: obj=-1305.325265, change=2.15e-02, α=1.000, ‖θ[1:]‖₁=1894.214, num_selected_knots=1945
2025-09-06 22:15:15,749 - Iter 3254: obj=-1305.374485, change=2.15e-02, α=1.000, ‖θ[1:]‖₁=1894.361, num_selected_knots=1945
2025-09-06 22:15:19,023 - Iter 3255: obj=-1305.423663, change=2.15e-02, α=1.000, ‖θ[1:]‖₁=1894.509, num_selected_knots=1945
2025-09-06 22:15:22,343 - Iter 3256: obj=-1305.472800, change=2.15e-02, α=1.000, ‖θ[1:]‖₁=1894.656, num_selected_knots=1945
2025-09-06 22:15:25,588 - Iter 3257: obj=-1305.521895, change=2.15e-02, α=1.000, ‖θ[1:]‖₁=1894.803, num_selected_knots=1945
2025-09-06 22:15:28,828 - Iter 3258: obj=-1305.570949, change=2.15e-02, α=1.000, ‖θ[1:]‖₁=1894.950, num_selected_knots=1945
2025-09-06 22:15:32,164 - Iter 3259: obj=-1305.619961, change=2.15e-02, α=1.000, ‖θ[1:]‖₁=1895.096, num_selected_knots=1945
2025-09-06 22:15:35,462 - Iter 3260: obj=-1305.668932, change=2.14e-02, α=1.000, ‖θ[1:]‖₁=1895.243, num_selected_knots=1945
2025-09-06 22:15:38,736 - Iter 3261: obj=-1305.717862, change=2.14e-02, α=1.000, ‖θ[1:]‖₁=1895.390, num_selected_knots=1944
2025-09-06 22:15:42,046 - Iter 3262: obj=-1305.766751, change=2.14e-02, α=1.000, ‖θ[1:]‖₁=1895.537, num_selected_knots=1944
2025-09-06 22:15:45,340 - Iter 3263: obj=-1305.815598, change=2.14e-02, α=1.000, ‖θ[1:]‖₁=1895.683, num_selected_knots=1944
2025-09-06 22:15:48,624 - Iter 3264: obj=-1305.864404, change=2.14e-02, α=1.000, ‖θ[1:]‖₁=1895.830, num_selected_knots=1944
2025-09-06 22:15:52,183 - Iter 3265: obj=-1305.913169, change=2.14e-02, α=1.000, ‖θ[1:]‖₁=1895.976, num_selected_knots=1944
2025-09-06 22:15:55,747 - Iter 3266: obj=-1305.961893, change=2.14e-02, α=1.000, ‖θ[1:]‖₁=1896.122, num_selected_knots=1944
2025-09-06 22:15:59,215 - Iter 3267: obj=-1306.010577, change=2.14e-02, α=1.000, ‖θ[1:]‖₁=1896.269, num_selected_knots=1944
2025-09-06 22:16:02,632 - Iter 3268: obj=-1306.059219, change=2.14e-02, α=1.000, ‖θ[1:]‖₁=1896.415, num_selected_knots=1944
2025-09-06 22:16:05,897 - Iter 3269: obj=-1306.107821, change=2.14e-02, α=1.000, ‖θ[1:]‖₁=1896.561, num_selected_knots=1944
2025-09-06 22:16:09,220 - Iter 3270: obj=-1306.156382, change=2.14e-02, α=1.000, ‖θ[1:]‖₁=1896.707, num_selected_knots=1944
2025-09-06 22:16:12,497 - Iter 3271: obj=-1306.204903, change=2.13e-02, α=1.000, ‖θ[1:]‖₁=1896.853, num_selected_knots=1944
2025-09-06 22:16:15,884 - Iter 3272: obj=-1306.253383, change=2.13e-02, α=1.000, ‖θ[1:]‖₁=1896.999, num_selected_knots=1944
2025-09-06 22:16:19,256 - Iter 3273: obj=-1306.301822, change=2.13e-02, α=1.000, ‖θ[1:]‖₁=1897.144, num_selected_knots=1944
2025-09-06 22:16:22,613 - Iter 3274: obj=-1306.350221, change=2.13e-02, α=1.000, ‖θ[1:]‖₁=1897.290, num_selected_knots=1944
2025-09-06 22:16:25,871 - Iter 3275: obj=-1306.398580, change=2.13e-02, α=1.000, ‖θ[1:]‖₁=1897.436, num_selected_knots=1944
2025-09-06 22:16:29,135 - Iter 3276: obj=-1306.446898, change=2.13e-02, α=1.000, ‖θ[1:]‖₁=1897.581, num_selected_knots=1944
2025-09-06 22:16:32,397 - Iter 3277: obj=-1306.495176, change=2.13e-02, α=1.000, ‖θ[1:]‖₁=1897.727, num_selected_knots=1944
2025-09-06 22:16:35,678 - Iter 3278: obj=-1306.543414, change=2.13e-02, α=1.000, ‖θ[1:]‖₁=1897.872, num_selected_knots=1943
2025-09-06 22:16:38,976 - Iter 3279: obj=-1306.591611, change=2.13e-02, α=1.000, ‖θ[1:]‖₁=1898.018, num_selected_knots=1942
2025-09-06 22:16:42,226 - Iter 3280: obj=-1306.639764, change=2.13e-02, α=1.000, ‖θ[1:]‖₁=1898.163, num_selected_knots=1942
2025-09-06 22:16:45,500 - Iter 3281: obj=-1306.687876, change=2.13e-02, α=1.000, ‖θ[1:]‖₁=1898.308, num_selected_knots=1942
2025-09-06 22:16:48,779 - Iter 3282: obj=-1306.735948, change=2.12e-02, α=1.000, ‖θ[1:]‖₁=1898.453, num_selected_knots=1942
2025-09-06 22:16:52,077 - Iter 3283: obj=-1306.783981, change=2.12e-02, α=1.000, ‖θ[1:]‖₁=1898.598, num_selected_knots=1942
2025-09-06 22:16:55,369 - Iter 3284: obj=-1306.831974, change=2.12e-02, α=1.000, ‖θ[1:]‖₁=1898.743, num_selected_knots=1942
2025-09-06 22:16:58,847 - Iter 3285: obj=-1306.879927, change=2.12e-02, α=1.000, ‖θ[1:]‖₁=1898.888, num_selected_knots=1941
2025-09-06 22:17:02,138 - Iter 3286: obj=-1306.927841, change=2.12e-02, α=1.000, ‖θ[1:]‖₁=1899.033, num_selected_knots=1941
2025-09-06 22:17:05,421 - Iter 3287: obj=-1306.975715, change=2.12e-02, α=1.000, ‖θ[1:]‖₁=1899.178, num_selected_knots=1941
2025-09-06 22:17:08,690 - Iter 3288: obj=-1307.023550, change=2.12e-02, α=1.000, ‖θ[1:]‖₁=1899.322, num_selected_knots=1941
2025-09-06 22:17:11,929 - Iter 3289: obj=-1307.071345, change=2.12e-02, α=1.000, ‖θ[1:]‖₁=1899.467, num_selected_knots=1941
2025-09-06 22:17:15,168 - Iter 3290: obj=-1307.119100, change=2.12e-02, α=1.000, ‖θ[1:]‖₁=1899.611, num_selected_knots=1940
2025-09-06 22:17:18,436 - Iter 3291: obj=-1307.166816, change=2.12e-02, α=1.000, ‖θ[1:]‖₁=1899.756, num_selected_knots=1939
2025-09-06 22:17:21,712 - Iter 3292: obj=-1307.214493, change=2.12e-02, α=1.000, ‖θ[1:]‖₁=1899.900, num_selected_knots=1940
2025-09-06 22:17:25,000 - Iter 3293: obj=-1307.262128, change=2.11e-02, α=1.000, ‖θ[1:]‖₁=1900.045, num_selected_knots=1940
2025-09-06 22:17:28,288 - Iter 3294: obj=-1307.309724, change=2.11e-02, α=1.000, ‖θ[1:]‖₁=1900.189, num_selected_knots=1940
2025-09-06 22:17:31,538 - Iter 3295: obj=-1307.357280, change=2.11e-02, α=1.000, ‖θ[1:]‖₁=1900.333, num_selected_knots=1940
2025-09-06 22:17:34,822 - Iter 3296: obj=-1307.404797, change=2.11e-02, α=1.000, ‖θ[1:]‖₁=1900.477, num_selected_knots=1940
2025-09-06 22:17:38,110 - Iter 3297: obj=-1307.452275, change=2.11e-02, α=1.000, ‖θ[1:]‖₁=1900.621, num_selected_knots=1940
2025-09-06 22:17:41,395 - Iter 3298: obj=-1307.499713, change=2.11e-02, α=1.000, ‖θ[1:]‖₁=1900.765, num_selected_knots=1940
2025-09-06 22:17:44,675 - Iter 3299: obj=-1307.547111, change=2.11e-02, α=1.000, ‖θ[1:]‖₁=1900.909, num_selected_knots=1940
2025-09-06 22:17:47,980 - Iter 3300: obj=-1307.594471, change=2.11e-02, α=1.000, ‖θ[1:]‖₁=1901.053, num_selected_knots=1940
2025-09-06 22:17:51,329 - Iter 3301: obj=-1307.641791, change=2.11e-02, α=1.000, ‖θ[1:]‖₁=1901.197, num_selected_knots=1940
2025-09-06 22:17:54,639 - Iter 3302: obj=-1307.689073, change=2.11e-02, α=1.000, ‖θ[1:]‖₁=1901.340, num_selected_knots=1940
2025-09-06 22:17:57,909 - Iter 3303: obj=-1307.736315, change=2.11e-02, α=1.000, ‖θ[1:]‖₁=1901.484, num_selected_knots=1940
2025-09-06 22:18:01,176 - Iter 3304: obj=-1307.783518, change=2.10e-02, α=1.000, ‖θ[1:]‖₁=1901.627, num_selected_knots=1940
2025-09-06 22:18:04,487 - Iter 3305: obj=-1307.830682, change=2.10e-02, α=1.000, ‖θ[1:]‖₁=1901.771, num_selected_knots=1940
2025-09-06 22:18:07,743 - Iter 3306: obj=-1307.877807, change=2.10e-02, α=1.000, ‖θ[1:]‖₁=1901.914, num_selected_knots=1940
2025-09-06 22:18:10,996 - Iter 3307: obj=-1307.924893, change=2.10e-02, α=1.000, ‖θ[1:]‖₁=1902.058, num_selected_knots=1940
2025-09-06 22:18:14,265 - Iter 3308: obj=-1307.971940, change=2.10e-02, α=1.000, ‖θ[1:]‖₁=1902.201, num_selected_knots=1940
2025-09-06 22:18:17,525 - Iter 3309: obj=-1308.018949, change=2.10e-02, α=1.000, ‖θ[1:]‖₁=1902.344, num_selected_knots=1940
2025-09-06 22:18:20,999 - Iter 3310: obj=-1308.065918, change=2.10e-02, α=1.000, ‖θ[1:]‖₁=1902.487, num_selected_knots=1940
2025-09-06 22:18:24,476 - Iter 3311: obj=-1308.112849, change=2.10e-02, α=1.000, ‖θ[1:]‖₁=1902.630, num_selected_knots=1940
2025-09-06 22:18:27,753 - Iter 3312: obj=-1308.159742, change=2.10e-02, α=1.000, ‖θ[1:]‖₁=1902.773, num_selected_knots=1939
2025-09-06 22:18:31,032 - Iter 3313: obj=-1308.206596, change=2.10e-02, α=1.000, ‖θ[1:]‖₁=1902.916, num_selected_knots=1940
2025-09-06 22:18:34,346 - Iter 3314: obj=-1308.253411, change=2.10e-02, α=1.000, ‖θ[1:]‖₁=1903.059, num_selected_knots=1938
2025-09-06 22:18:37,621 - Iter 3315: obj=-1308.300183, change=2.09e-02, α=1.000, ‖θ[1:]‖₁=1903.202, num_selected_knots=1938
2025-09-06 22:18:40,891 - Iter 3316: obj=-1308.346910, change=2.09e-02, α=1.000, ‖θ[1:]‖₁=1903.344, num_selected_knots=1938
2025-09-06 22:18:44,208 - Iter 3317: obj=-1308.393600, change=2.09e-02, α=1.000, ‖θ[1:]‖₁=1903.487, num_selected_knots=1938
2025-09-06 22:18:47,459 - Iter 3318: obj=-1308.440251, change=2.09e-02, α=1.000, ‖θ[1:]‖₁=1903.629, num_selected_knots=1938
2025-09-06 22:18:50,761 - Iter 3319: obj=-1308.486865, change=2.09e-02, α=1.000, ‖θ[1:]‖₁=1903.772, num_selected_knots=1938
2025-09-06 22:18:54,045 - Iter 3320: obj=-1308.533440, change=2.09e-02, α=1.000, ‖θ[1:]‖₁=1903.914, num_selected_knots=1938
2025-09-06 22:18:57,321 - Iter 3321: obj=-1308.579978, change=2.09e-02, α=1.000, ‖θ[1:]‖₁=1904.056, num_selected_knots=1938
2025-09-06 22:19:00,825 - Iter 3322: obj=-1308.626478, change=2.09e-02, α=1.000, ‖θ[1:]‖₁=1904.199, num_selected_knots=1938
2025-09-06 22:19:04,112 - Iter 3323: obj=-1308.672939, change=2.09e-02, α=1.000, ‖θ[1:]‖₁=1904.341, num_selected_knots=1938
2025-09-06 22:19:07,404 - Iter 3324: obj=-1308.719363, change=2.09e-02, α=1.000, ‖θ[1:]‖₁=1904.483, num_selected_knots=1938
2025-09-06 22:19:10,660 - Iter 3325: obj=-1308.765749, change=2.09e-02, α=1.000, ‖θ[1:]‖₁=1904.625, num_selected_knots=1938
2025-09-06 22:19:13,933 - Iter 3326: obj=-1308.812097, change=2.08e-02, α=1.000, ‖θ[1:]‖₁=1904.767, num_selected_knots=1938
2025-09-06 22:19:17,212 - Iter 3327: obj=-1308.858407, change=2.08e-02, α=1.000, ‖θ[1:]‖₁=1904.909, num_selected_knots=1938
2025-09-06 22:19:20,466 - Iter 3328: obj=-1308.904680, change=2.08e-02, α=1.000, ‖θ[1:]‖₁=1905.050, num_selected_knots=1938
2025-09-06 22:19:23,761 - Iter 3329: obj=-1308.950914, change=2.08e-02, α=1.000, ‖θ[1:]‖₁=1905.192, num_selected_knots=1938
2025-09-06 22:19:27,018 - Iter 3330: obj=-1308.997111, change=2.08e-02, α=1.000, ‖θ[1:]‖₁=1905.334, num_selected_knots=1938
2025-09-06 22:19:30,300 - Iter 3331: obj=-1309.043269, change=2.08e-02, α=1.000, ‖θ[1:]‖₁=1905.475, num_selected_knots=1938
2025-09-06 22:19:33,644 - Iter 3332: obj=-1309.089390, change=2.08e-02, α=1.000, ‖θ[1:]‖₁=1905.617, num_selected_knots=1938
2025-09-06 22:19:37,047 - Iter 3333: obj=-1309.135474, change=2.08e-02, α=1.000, ‖θ[1:]‖₁=1905.758, num_selected_knots=1938
2025-09-06 22:19:40,402 - Iter 3334: obj=-1309.181519, change=2.08e-02, α=1.000, ‖θ[1:]‖₁=1905.900, num_selected_knots=1938
2025-09-06 22:19:43,663 - Iter 3335: obj=-1309.227527, change=2.08e-02, α=1.000, ‖θ[1:]‖₁=1906.041, num_selected_knots=1938
2025-09-06 22:19:46,925 - Iter 3336: obj=-1309.273497, change=2.08e-02, α=1.000, ‖θ[1:]‖₁=1906.182, num_selected_knots=1938
2025-09-06 22:19:50,298 - Iter 3337: obj=-1309.319429, change=2.08e-02, α=1.000, ‖θ[1:]‖₁=1906.323, num_selected_knots=1938
2025-09-06 22:19:53,755 - Iter 3338: obj=-1309.365324, change=2.07e-02, α=1.000, ‖θ[1:]‖₁=1906.464, num_selected_knots=1938
2025-09-06 22:19:57,107 - Iter 3339: obj=-1309.411181, change=2.07e-02, α=1.000, ‖θ[1:]‖₁=1906.605, num_selected_knots=1938
2025-09-06 22:20:00,423 - Iter 3340: obj=-1309.457001, change=2.07e-02, α=1.000, ‖θ[1:]‖₁=1906.746, num_selected_knots=1938
2025-09-06 22:20:03,690 - Iter 3341: obj=-1309.502783, change=2.07e-02, α=1.000, ‖θ[1:]‖₁=1906.887, num_selected_knots=1938
2025-09-06 22:20:06,946 - Iter 3342: obj=-1309.548528, change=2.07e-02, α=1.000, ‖θ[1:]‖₁=1907.028, num_selected_knots=1938
2025-09-06 22:20:10,252 - Iter 3343: obj=-1309.594236, change=2.07e-02, α=1.000, ‖θ[1:]‖₁=1907.169, num_selected_knots=1938
2025-09-06 22:20:13,510 - Iter 3344: obj=-1309.639905, change=2.07e-02, α=1.000, ‖θ[1:]‖₁=1907.309, num_selected_knots=1938
2025-09-06 22:20:16,784 - Iter 3345: obj=-1309.685538, change=2.07e-02, α=1.000, ‖θ[1:]‖₁=1907.450, num_selected_knots=1938
2025-09-06 22:20:20,044 - Iter 3346: obj=-1309.731133, change=2.07e-02, α=1.000, ‖θ[1:]‖₁=1907.590, num_selected_knots=1938
2025-09-06 22:20:23,339 - Iter 3347: obj=-1309.776691, change=2.07e-02, α=1.000, ‖θ[1:]‖₁=1907.731, num_selected_knots=1938
2025-09-06 22:20:26,626 - Iter 3348: obj=-1309.822212, change=2.07e-02, α=1.000, ‖θ[1:]‖₁=1907.871, num_selected_knots=1938
2025-09-06 22:20:29,880 - Iter 3349: obj=-1309.867695, change=2.06e-02, α=1.000, ‖θ[1:]‖₁=1908.012, num_selected_knots=1938
2025-09-06 22:20:33,146 - Iter 3350: obj=-1309.913141, change=2.06e-02, α=1.000, ‖θ[1:]‖₁=1908.152, num_selected_knots=1938
2025-09-06 22:20:36,403 - Iter 3351: obj=-1309.958550, change=2.06e-02, α=1.000, ‖θ[1:]‖₁=1908.292, num_selected_knots=1938
2025-09-06 22:20:39,707 - Iter 3352: obj=-1310.003922, change=2.06e-02, α=1.000, ‖θ[1:]‖₁=1908.432, num_selected_knots=1938
2025-09-06 22:20:42,997 - Iter 3353: obj=-1310.049257, change=2.06e-02, α=1.000, ‖θ[1:]‖₁=1908.572, num_selected_knots=1938
2025-09-06 22:20:46,319 - Iter 3354: obj=-1310.094554, change=2.06e-02, α=1.000, ‖θ[1:]‖₁=1908.712, num_selected_knots=1938
2025-09-06 22:20:49,855 - Iter 3355: obj=-1310.139815, change=2.06e-02, α=1.000, ‖θ[1:]‖₁=1908.852, num_selected_knots=1938
2025-09-06 22:20:53,356 - Iter 3356: obj=-1310.185039, change=2.06e-02, α=1.000, ‖θ[1:]‖₁=1908.992, num_selected_knots=1938
2025-09-06 22:20:56,975 - Iter 3357: obj=-1310.230225, change=2.06e-02, α=1.000, ‖θ[1:]‖₁=1909.132, num_selected_knots=1938
2025-09-06 22:21:00,597 - Iter 3358: obj=-1310.275375, change=2.06e-02, α=1.000, ‖θ[1:]‖₁=1909.271, num_selected_knots=1938
2025-09-06 22:21:04,135 - Iter 3359: obj=-1310.320488, change=2.06e-02, α=1.000, ‖θ[1:]‖₁=1909.411, num_selected_knots=1938
2025-09-06 22:21:07,566 - Iter 3360: obj=-1310.365564, change=2.06e-02, α=1.000, ‖θ[1:]‖₁=1909.551, num_selected_knots=1938
2025-09-06 22:21:11,053 - Iter 3361: obj=-1310.410603, change=2.05e-02, α=1.000, ‖θ[1:]‖₁=1909.690, num_selected_knots=1938
2025-09-06 22:21:14,825 - Iter 3362: obj=-1310.455605, change=2.05e-02, α=1.000, ‖θ[1:]‖₁=1909.830, num_selected_knots=1938
2025-09-06 22:21:18,388 - Iter 3363: obj=-1310.500570, change=2.05e-02, α=1.000, ‖θ[1:]‖₁=1909.969, num_selected_knots=1938
2025-09-06 22:21:21,835 - Iter 3364: obj=-1310.545499, change=2.05e-02, α=1.000, ‖θ[1:]‖₁=1910.108, num_selected_knots=1938
2025-09-06 22:21:25,318 - Iter 3365: obj=-1310.590391, change=2.05e-02, α=1.000, ‖θ[1:]‖₁=1910.247, num_selected_knots=1938
2025-09-06 22:21:28,882 - Iter 3366: obj=-1310.635247, change=2.05e-02, α=1.000, ‖θ[1:]‖₁=1910.387, num_selected_knots=1938
2025-09-06 22:21:32,367 - Iter 3367: obj=-1310.680065, change=2.05e-02, α=1.000, ‖θ[1:]‖₁=1910.526, num_selected_knots=1938
2025-09-06 22:21:35,867 - Iter 3368: obj=-1310.724847, change=2.05e-02, α=1.000, ‖θ[1:]‖₁=1910.665, num_selected_knots=1938
2025-09-06 22:21:39,331 - Iter 3369: obj=-1310.769593, change=2.05e-02, α=1.000, ‖θ[1:]‖₁=1910.804, num_selected_knots=1938
2025-09-06 22:21:42,839 - Iter 3370: obj=-1310.814302, change=2.05e-02, α=1.000, ‖θ[1:]‖₁=1910.943, num_selected_knots=1938
2025-09-06 22:21:46,422 - Iter 3371: obj=-1310.858974, change=2.05e-02, α=1.000, ‖θ[1:]‖₁=1911.081, num_selected_knots=1938
2025-09-06 22:21:49,990 - Iter 3372: obj=-1310.903611, change=2.04e-02, α=1.000, ‖θ[1:]‖₁=1911.220, num_selected_knots=1938
2025-09-06 22:21:53,440 - Iter 3373: obj=-1310.948210, change=2.04e-02, α=1.000, ‖θ[1:]‖₁=1911.359, num_selected_knots=1937
2025-09-06 22:21:56,907 - Iter 3374: obj=-1310.992774, change=2.04e-02, α=1.000, ‖θ[1:]‖₁=1911.497, num_selected_knots=1937
2025-09-06 22:22:00,631 - Iter 3375: obj=-1311.037301, change=2.04e-02, α=1.000, ‖θ[1:]‖₁=1911.636, num_selected_knots=1938
2025-09-06 22:22:04,007 - Iter 3376: obj=-1311.081791, change=2.04e-02, α=1.000, ‖θ[1:]‖₁=1911.774, num_selected_knots=1937
2025-09-06 22:22:07,608 - Iter 3377: obj=-1311.126239, change=2.04e-02, α=1.000, ‖θ[1:]‖₁=1911.913, num_selected_knots=1937
2025-09-06 22:22:11,072 - Iter 3378: obj=-1311.170651, change=2.04e-02, α=1.000, ‖θ[1:]‖₁=1912.051, num_selected_knots=1937
2025-09-06 22:22:14,529 - Iter 3379: obj=-1311.215028, change=2.04e-02, α=1.000, ‖θ[1:]‖₁=1912.189, num_selected_knots=1937
2025-09-06 22:22:17,982 - Iter 3380: obj=-1311.259368, change=2.04e-02, α=1.000, ‖θ[1:]‖₁=1912.327, num_selected_knots=1937
2025-09-06 22:22:21,396 - Iter 3381: obj=-1311.303672, change=2.04e-02, α=1.000, ‖θ[1:]‖₁=1912.466, num_selected_knots=1937
2025-09-06 22:22:24,853 - Iter 3382: obj=-1311.347941, change=2.04e-02, α=1.000, ‖θ[1:]‖₁=1912.604, num_selected_knots=1937
2025-09-06 22:22:28,297 - Iter 3383: obj=-1311.392173, change=2.04e-02, α=1.000, ‖θ[1:]‖₁=1912.742, num_selected_knots=1937
2025-09-06 22:22:31,677 - Iter 3384: obj=-1311.436370, change=2.03e-02, α=1.000, ‖θ[1:]‖₁=1912.879, num_selected_knots=1937
2025-09-06 22:22:35,030 - Iter 3385: obj=-1311.480531, change=2.03e-02, α=1.000, ‖θ[1:]‖₁=1913.017, num_selected_knots=1937
2025-09-06 22:22:38,531 - Iter 3386: obj=-1311.524656, change=2.03e-02, α=1.000, ‖θ[1:]‖₁=1913.155, num_selected_knots=1937
2025-09-06 22:22:41,961 - Iter 3387: obj=-1311.568745, change=2.03e-02, α=1.000, ‖θ[1:]‖₁=1913.293, num_selected_knots=1937
2025-09-06 22:22:45,391 - Iter 3388: obj=-1311.612798, change=2.03e-02, α=1.000, ‖θ[1:]‖₁=1913.430, num_selected_knots=1937
2025-09-06 22:22:48,817 - Iter 3389: obj=-1311.656816, change=2.03e-02, α=1.000, ‖θ[1:]‖₁=1913.568, num_selected_knots=1937
2025-09-06 22:22:52,218 - Iter 3390: obj=-1311.700797, change=2.03e-02, α=1.000, ‖θ[1:]‖₁=1913.705, num_selected_knots=1937
2025-09-06 22:22:55,595 - Iter 3391: obj=-1311.744743, change=2.03e-02, α=1.000, ‖θ[1:]‖₁=1913.843, num_selected_knots=1937
2025-09-06 22:22:59,152 - Iter 3392: obj=-1311.788653, change=2.03e-02, α=1.000, ‖θ[1:]‖₁=1913.980, num_selected_knots=1936
2025-09-06 22:23:02,515 - Iter 3393: obj=-1311.832521, change=2.03e-02, α=1.000, ‖θ[1:]‖₁=1914.117, num_selected_knots=1936
2025-09-06 22:23:05,886 - Iter 3394: obj=-1311.876352, change=2.03e-02, α=1.000, ‖θ[1:]‖₁=1914.255, num_selected_knots=1936
2025-09-06 22:23:09,327 - Iter 3395: obj=-1311.920148, change=2.03e-02, α=1.000, ‖θ[1:]‖₁=1914.392, num_selected_knots=1936
2025-09-06 22:23:12,815 - Iter 3396: obj=-1311.963908, change=2.02e-02, α=1.000, ‖θ[1:]‖₁=1914.529, num_selected_knots=1936
2025-09-06 22:23:16,248 - Iter 3397: obj=-1312.007634, change=2.02e-02, α=1.000, ‖θ[1:]‖₁=1914.666, num_selected_knots=1936
2025-09-06 22:23:19,664 - Iter 3398: obj=-1312.051324, change=2.02e-02, α=1.000, ‖θ[1:]‖₁=1914.803, num_selected_knots=1936
2025-09-06 22:23:23,096 - Iter 3399: obj=-1312.094979, change=2.02e-02, α=1.000, ‖θ[1:]‖₁=1914.939, num_selected_knots=1936
2025-09-06 22:23:26,490 - Iter 3400: obj=-1312.138599, change=2.02e-02, α=1.000, ‖θ[1:]‖₁=1915.076, num_selected_knots=1936
2025-09-06 22:23:29,901 - Iter 3401: obj=-1312.182184, change=2.02e-02, α=1.000, ‖θ[1:]‖₁=1915.213, num_selected_knots=1936
2025-09-06 22:23:33,311 - Iter 3402: obj=-1312.225733, change=2.02e-02, α=1.000, ‖θ[1:]‖₁=1915.350, num_selected_knots=1936
2025-09-06 22:23:36,697 - Iter 3403: obj=-1312.269247, change=2.02e-02, α=1.000, ‖θ[1:]‖₁=1915.486, num_selected_knots=1936
2025-09-06 22:23:40,099 - Iter 3404: obj=-1312.312726, change=2.02e-02, α=1.000, ‖θ[1:]‖₁=1915.623, num_selected_knots=1936
2025-09-06 22:23:43,456 - Iter 3405: obj=-1312.356170, change=2.02e-02, α=1.000, ‖θ[1:]‖₁=1915.759, num_selected_knots=1935
2025-09-06 22:23:46,906 - Iter 3406: obj=-1312.399579, change=2.02e-02, α=1.000, ‖θ[1:]‖₁=1915.895, num_selected_knots=1935
2025-09-06 22:23:50,397 - Iter 3407: obj=-1312.442952, change=2.02e-02, α=1.000, ‖θ[1:]‖₁=1916.032, num_selected_knots=1935
2025-09-06 22:23:53,860 - Iter 3408: obj=-1312.486291, change=2.01e-02, α=1.000, ‖θ[1:]‖₁=1916.168, num_selected_knots=1935
2025-09-06 22:23:57,262 - Iter 3409: obj=-1312.529594, change=2.01e-02, α=1.000, ‖θ[1:]‖₁=1916.304, num_selected_knots=1935
2025-09-06 22:24:00,729 - Iter 3410: obj=-1312.572862, change=2.01e-02, α=1.000, ‖θ[1:]‖₁=1916.440, num_selected_knots=1935
2025-09-06 22:24:04,143 - Iter 3411: obj=-1312.616095, change=2.01e-02, α=1.000, ‖θ[1:]‖₁=1916.576, num_selected_knots=1935
2025-09-06 22:24:07,569 - Iter 3412: obj=-1312.659293, change=2.01e-02, α=1.000, ‖θ[1:]‖₁=1916.712, num_selected_knots=1935
2025-09-06 22:24:10,976 - Iter 3413: obj=-1312.702456, change=2.01e-02, α=1.000, ‖θ[1:]‖₁=1916.848, num_selected_knots=1935
2025-09-06 22:24:14,375 - Iter 3414: obj=-1312.745584, change=2.01e-02, α=1.000, ‖θ[1:]‖₁=1916.984, num_selected_knots=1935
2025-09-06 22:24:17,773 - Iter 3415: obj=-1312.788677, change=2.01e-02, α=1.000, ‖θ[1:]‖₁=1917.120, num_selected_knots=1934
2025-09-06 22:24:21,174 - Iter 3416: obj=-1312.831735, change=2.01e-02, α=1.000, ‖θ[1:]‖₁=1917.255, num_selected_knots=1935
2025-09-06 22:24:24,550 - Iter 3417: obj=-1312.874756, change=2.01e-02, α=1.000, ‖θ[1:]‖₁=1917.391, num_selected_knots=1935
2025-09-06 22:24:27,924 - Iter 3418: obj=-1312.917743, change=2.01e-02, α=1.000, ‖θ[1:]‖₁=1917.527, num_selected_knots=1935
2025-09-06 22:24:31,328 - Iter 3419: obj=-1312.960694, change=2.01e-02, α=1.000, ‖θ[1:]‖₁=1917.662, num_selected_knots=1935
2025-09-06 22:24:34,680 - Iter 3420: obj=-1313.003611, change=2.00e-02, α=1.000, ‖θ[1:]‖₁=1917.798, num_selected_knots=1935
2025-09-06 22:24:38,108 - Iter 3421: obj=-1313.046493, change=2.00e-02, α=1.000, ‖θ[1:]‖₁=1917.933, num_selected_knots=1934
2025-09-06 22:24:41,525 - Iter 3422: obj=-1313.089337, change=2.00e-02, α=1.000, ‖θ[1:]‖₁=1918.069, num_selected_knots=1933
2025-09-06 22:24:44,925 - Iter 3423: obj=-1313.132145, change=2.00e-02, α=1.000, ‖θ[1:]‖₁=1918.204, num_selected_knots=1933
2025-09-06 22:24:48,830 - Iter 3424: obj=-1313.174918, change=2.00e-02, α=1.000, ‖θ[1:]‖₁=1918.340, num_selected_knots=1933
2025-09-06 22:24:52,538 - Iter 3425: obj=-1313.217655, change=2.00e-02, α=1.000, ‖θ[1:]‖₁=1918.475, num_selected_knots=1933
2025-09-06 22:24:56,112 - Iter 3426: obj=-1313.260358, change=2.00e-02, α=1.000, ‖θ[1:]‖₁=1918.610, num_selected_knots=1933
2025-09-06 22:24:59,827 - Iter 3427: obj=-1313.303025, change=2.00e-02, α=1.000, ‖θ[1:]‖₁=1918.746, num_selected_knots=1933
2025-09-06 22:25:06,813 - Iter 3428: obj=-1313.345658, change=2.00e-02, α=1.000, ‖θ[1:]‖₁=1918.881, num_selected_knots=1933
2025-09-06 22:25:10,277 - Iter 3429: obj=-1313.388256, change=2.00e-02, α=1.000, ‖θ[1:]‖₁=1919.016, num_selected_knots=1933
2025-09-06 22:25:13,653 - Iter 3430: obj=-1313.430819, change=2.00e-02, α=1.000, ‖θ[1:]‖₁=1919.151, num_selected_knots=1933
2025-09-06 22:25:17,034 - Iter 3431: obj=-1313.473347, change=2.00e-02, α=1.000, ‖θ[1:]‖₁=1919.286, num_selected_knots=1932
2025-09-06 22:25:20,451 - Iter 3432: obj=-1313.515841, change=1.99e-02, α=1.000, ‖θ[1:]‖₁=1919.421, num_selected_knots=1932
2025-09-06 22:25:23,867 - Iter 3433: obj=-1313.558300, change=1.99e-02, α=1.000, ‖θ[1:]‖₁=1919.556, num_selected_knots=1933
2025-09-06 22:25:27,259 - Iter 3434: obj=-1313.600724, change=1.99e-02, α=1.000, ‖θ[1:]‖₁=1919.690, num_selected_knots=1933
2025-09-06 22:25:30,735 - Iter 3435: obj=-1313.643113, change=1.99e-02, α=1.000, ‖θ[1:]‖₁=1919.825, num_selected_knots=1933
2025-09-06 22:25:34,175 - Iter 3436: obj=-1313.685468, change=1.99e-02, α=1.000, ‖θ[1:]‖₁=1919.960, num_selected_knots=1932
2025-09-06 22:25:37,585 - Iter 3437: obj=-1313.727789, change=1.99e-02, α=1.000, ‖θ[1:]‖₁=1920.094, num_selected_knots=1932
2025-09-06 22:25:41,025 - Iter 3438: obj=-1313.770075, change=1.99e-02, α=1.000, ‖θ[1:]‖₁=1920.229, num_selected_knots=1933
2025-09-06 22:25:44,518 - Iter 3439: obj=-1313.812326, change=1.99e-02, α=1.000, ‖θ[1:]‖₁=1920.363, num_selected_knots=1933
2025-09-06 22:25:48,049 - Iter 3440: obj=-1313.854543, change=1.99e-02, α=1.000, ‖θ[1:]‖₁=1920.498, num_selected_knots=1933
2025-09-06 22:25:51,560 - Iter 3441: obj=-1313.896725, change=1.99e-02, α=1.000, ‖θ[1:]‖₁=1920.632, num_selected_knots=1933
2025-09-06 22:25:55,039 - Iter 3442: obj=-1313.938872, change=1.99e-02, α=1.000, ‖θ[1:]‖₁=1920.766, num_selected_knots=1933
2025-09-06 22:25:58,523 - Iter 3443: obj=-1313.980986, change=1.99e-02, α=1.000, ‖θ[1:]‖₁=1920.901, num_selected_knots=1933
2025-09-06 22:26:02,019 - Iter 3444: obj=-1314.023065, change=1.98e-02, α=1.000, ‖θ[1:]‖₁=1921.035, num_selected_knots=1933
2025-09-06 22:26:05,512 - Iter 3445: obj=-1314.065109, change=1.98e-02, α=1.000, ‖θ[1:]‖₁=1921.169, num_selected_knots=1933
2025-09-06 22:26:09,017 - Iter 3446: obj=-1314.107120, change=1.98e-02, α=1.000, ‖θ[1:]‖₁=1921.303, num_selected_knots=1933
2025-09-06 22:26:12,409 - Iter 3447: obj=-1314.149096, change=1.98e-02, α=1.000, ‖θ[1:]‖₁=1921.437, num_selected_knots=1933
2025-09-06 22:26:15,841 - Iter 3448: obj=-1314.191038, change=1.98e-02, α=1.000, ‖θ[1:]‖₁=1921.571, num_selected_knots=1933
2025-09-06 22:26:19,253 - Iter 3449: obj=-1314.232946, change=1.98e-02, α=1.000, ‖θ[1:]‖₁=1921.704, num_selected_knots=1933
2025-09-06 22:26:22,625 - Iter 3450: obj=-1314.274820, change=1.98e-02, α=1.000, ‖θ[1:]‖₁=1921.838, num_selected_knots=1933
2025-09-06 22:26:26,020 - Iter 3451: obj=-1314.316660, change=1.98e-02, α=1.000, ‖θ[1:]‖₁=1921.972, num_selected_knots=1933
2025-09-06 22:26:29,435 - Iter 3452: obj=-1314.358466, change=1.98e-02, α=1.000, ‖θ[1:]‖₁=1922.105, num_selected_knots=1933
2025-09-06 22:26:32,801 - Iter 3453: obj=-1314.400237, change=1.98e-02, α=1.000, ‖θ[1:]‖₁=1922.239, num_selected_knots=1933
2025-09-06 22:26:36,187 - Iter 3454: obj=-1314.441975, change=1.98e-02, α=1.000, ‖θ[1:]‖₁=1922.373, num_selected_knots=1933
2025-09-06 22:26:39,582 - Iter 3455: obj=-1314.483679, change=1.98e-02, α=1.000, ‖θ[1:]‖₁=1922.506, num_selected_knots=1931
2025-09-06 22:26:42,987 - Iter 3456: obj=-1314.525348, change=1.97e-02, α=1.000, ‖θ[1:]‖₁=1922.639, num_selected_knots=1931
2025-09-06 22:26:46,384 - Iter 3457: obj=-1314.566982, change=1.97e-02, α=1.000, ‖θ[1:]‖₁=1922.772, num_selected_knots=1931
2025-09-06 22:26:49,875 - Iter 3458: obj=-1314.608581, change=1.97e-02, α=1.000, ‖θ[1:]‖₁=1922.906, num_selected_knots=1931
2025-09-06 22:26:53,277 - Iter 3459: obj=-1314.650146, change=1.97e-02, α=1.000, ‖θ[1:]‖₁=1923.039, num_selected_knots=1931
2025-09-06 22:26:56,676 - Iter 3460: obj=-1314.691676, change=1.97e-02, α=1.000, ‖θ[1:]‖₁=1923.172, num_selected_knots=1931
2025-09-06 22:27:00,197 - Iter 3461: obj=-1314.733172, change=1.97e-02, α=1.000, ‖θ[1:]‖₁=1923.305, num_selected_knots=1930
2025-09-06 22:27:03,623 - Iter 3462: obj=-1314.774633, change=1.97e-02, α=1.000, ‖θ[1:]‖₁=1923.438, num_selected_knots=1930
2025-09-06 22:27:07,016 - Iter 3463: obj=-1314.816057, change=1.97e-02, α=1.000, ‖θ[1:]‖₁=1923.570, num_selected_knots=1930
2025-09-06 22:27:10,378 - Iter 3464: obj=-1314.857447, change=1.97e-02, α=1.000, ‖θ[1:]‖₁=1923.703, num_selected_knots=1930
2025-09-06 22:27:13,887 - Iter 3465: obj=-1314.898804, change=1.97e-02, α=1.000, ‖θ[1:]‖₁=1923.836, num_selected_knots=1930
2025-09-06 22:27:17,308 - Iter 3466: obj=-1314.940128, change=1.97e-02, α=1.000, ‖θ[1:]‖₁=1923.969, num_selected_knots=1930
2025-09-06 22:27:20,744 - Iter 3467: obj=-1314.981418, change=1.97e-02, α=1.000, ‖θ[1:]‖₁=1924.101, num_selected_knots=1930
2025-09-06 22:27:24,170 - Iter 3468: obj=-1315.022676, change=1.96e-02, α=1.000, ‖θ[1:]‖₁=1924.234, num_selected_knots=1930
2025-09-06 22:27:27,578 - Iter 3469: obj=-1315.063900, change=1.96e-02, α=1.000, ‖θ[1:]‖₁=1924.366, num_selected_knots=1930
2025-09-06 22:27:31,097 - Iter 3470: obj=-1315.105090, change=1.96e-02, α=1.000, ‖θ[1:]‖₁=1924.498, num_selected_knots=1930
2025-09-06 22:27:34,536 - Iter 3471: obj=-1315.146248, change=1.96e-02, α=1.000, ‖θ[1:]‖₁=1924.631, num_selected_knots=1930
2025-09-06 22:27:37,962 - Iter 3472: obj=-1315.187373, change=1.96e-02, α=1.000, ‖θ[1:]‖₁=1924.763, num_selected_knots=1930
2025-09-06 22:27:41,402 - Iter 3473: obj=-1315.228464, change=1.96e-02, α=1.000, ‖θ[1:]‖₁=1924.895, num_selected_knots=1930
2025-09-06 22:27:44,875 - Iter 3474: obj=-1315.269523, change=1.96e-02, α=1.000, ‖θ[1:]‖₁=1925.027, num_selected_knots=1930
2025-09-06 22:27:48,296 - Iter 3475: obj=-1315.310548, change=1.96e-02, α=1.000, ‖θ[1:]‖₁=1925.160, num_selected_knots=1930
2025-09-06 22:27:51,668 - Iter 3476: obj=-1315.351540, change=1.96e-02, α=1.000, ‖θ[1:]‖₁=1925.292, num_selected_knots=1930
2025-09-06 22:27:55,329 - Iter 3477: obj=-1315.392500, change=1.96e-02, α=1.000, ‖θ[1:]‖₁=1925.423, num_selected_knots=1930
2025-09-06 22:27:58,798 - Iter 3478: obj=-1315.433427, change=1.96e-02, α=1.000, ‖θ[1:]‖₁=1925.555, num_selected_knots=1930
2025-09-06 22:28:02,266 - Iter 3479: obj=-1315.474320, change=1.96e-02, α=1.000, ‖θ[1:]‖₁=1925.687, num_selected_knots=1929
2025-09-06 22:28:05,718 - Iter 3480: obj=-1315.515181, change=1.95e-02, α=1.000, ‖θ[1:]‖₁=1925.819, num_selected_knots=1929
2025-09-06 22:28:09,157 - Iter 3481: obj=-1315.556009, change=1.95e-02, α=1.000, ‖θ[1:]‖₁=1925.951, num_selected_knots=1929
2025-09-06 22:28:12,652 - Iter 3482: obj=-1315.596804, change=1.95e-02, α=1.000, ‖θ[1:]‖₁=1926.082, num_selected_knots=1929
2025-09-06 22:28:16,141 - Iter 3483: obj=-1315.637566, change=1.95e-02, α=1.000, ‖θ[1:]‖₁=1926.214, num_selected_knots=1929
2025-09-06 22:28:19,591 - Iter 3484: obj=-1315.678296, change=1.95e-02, α=1.000, ‖θ[1:]‖₁=1926.345, num_selected_knots=1929
2025-09-06 22:28:23,027 - Iter 3485: obj=-1315.718993, change=1.95e-02, α=1.000, ‖θ[1:]‖₁=1926.477, num_selected_knots=1929
2025-09-06 22:28:26,501 - Iter 3486: obj=-1315.759657, change=1.95e-02, α=1.000, ‖θ[1:]‖₁=1926.608, num_selected_knots=1929
2025-09-06 22:28:29,923 - Iter 3487: obj=-1315.800288, change=1.95e-02, α=1.000, ‖θ[1:]‖₁=1926.740, num_selected_knots=1929
2025-09-06 22:28:33,373 - Iter 3488: obj=-1315.840886, change=1.95e-02, α=1.000, ‖θ[1:]‖₁=1926.871, num_selected_knots=1929
2025-09-06 22:28:36,825 - Iter 3489: obj=-1315.881452, change=1.95e-02, α=1.000, ‖θ[1:]‖₁=1927.002, num_selected_knots=1929
2025-09-06 22:28:40,267 - Iter 3490: obj=-1315.921986, change=1.95e-02, α=1.000, ‖θ[1:]‖₁=1927.133, num_selected_knots=1929
2025-09-06 22:28:43,762 - Iter 3491: obj=-1315.962486, change=1.95e-02, α=1.000, ‖θ[1:]‖₁=1927.264, num_selected_knots=1929
2025-09-06 22:28:47,226 - Iter 3492: obj=-1316.002954, change=1.94e-02, α=1.000, ‖θ[1:]‖₁=1927.395, num_selected_knots=1929
2025-09-06 22:28:50,688 - Iter 3493: obj=-1316.043390, change=1.94e-02, α=1.000, ‖θ[1:]‖₁=1927.526, num_selected_knots=1929
2025-09-06 22:28:54,569 - Iter 3494: obj=-1316.083793, change=1.94e-02, α=1.000, ‖θ[1:]‖₁=1927.657, num_selected_knots=1929
2025-09-06 22:28:58,210 - Iter 3495: obj=-1316.124163, change=1.94e-02, α=1.000, ‖θ[1:]‖₁=1927.788, num_selected_knots=1929
2025-09-06 22:29:01,743 - Iter 3496: obj=-1316.164501, change=1.94e-02, α=1.000, ‖θ[1:]‖₁=1927.919, num_selected_knots=1929
2025-09-06 22:29:05,187 - Iter 3497: obj=-1316.204806, change=1.94e-02, α=1.000, ‖θ[1:]‖₁=1928.050, num_selected_knots=1929
2025-09-06 22:29:08,659 - Iter 3498: obj=-1316.245079, change=1.94e-02, α=1.000, ‖θ[1:]‖₁=1928.180, num_selected_knots=1928
2025-09-06 22:29:12,100 - Iter 3499: obj=-1316.285320, change=1.94e-02, α=1.000, ‖θ[1:]‖₁=1928.311, num_selected_knots=1928
2025-09-06 22:29:15,612 - Iter 3500: obj=-1316.325528, change=1.94e-02, α=1.000, ‖θ[1:]‖₁=1928.441, num_selected_knots=1928
2025-09-06 22:29:19,111 - Iter 3501: obj=-1316.365704, change=1.94e-02, α=1.000, ‖θ[1:]‖₁=1928.572, num_selected_knots=1928
2025-09-06 22:29:22,678 - Iter 3502: obj=-1316.405847, change=1.94e-02, α=1.000, ‖θ[1:]‖₁=1928.702, num_selected_knots=1927
2025-09-06 22:29:26,168 - Iter 3503: obj=-1316.445958, change=1.94e-02, α=1.000, ‖θ[1:]‖₁=1928.832, num_selected_knots=1927
2025-09-06 22:29:29,676 - Iter 3504: obj=-1316.486036, change=1.94e-02, α=1.000, ‖θ[1:]‖₁=1928.963, num_selected_knots=1928
2025-09-06 22:29:33,128 - Iter 3505: obj=-1316.526082, change=1.93e-02, α=1.000, ‖θ[1:]‖₁=1929.093, num_selected_knots=1928
2025-09-06 22:29:36,635 - Iter 3506: obj=-1316.566096, change=1.93e-02, α=1.000, ‖θ[1:]‖₁=1929.223, num_selected_knots=1928
2025-09-06 22:29:40,132 - Iter 3507: obj=-1316.606077, change=1.93e-02, α=1.000, ‖θ[1:]‖₁=1929.353, num_selected_knots=1927
2025-09-06 22:29:43,625 - Iter 3508: obj=-1316.646027, change=1.93e-02, α=1.000, ‖θ[1:]‖₁=1929.483, num_selected_knots=1927
2025-09-06 22:29:47,073 - Iter 3509: obj=-1316.685945, change=1.93e-02, α=1.000, ‖θ[1:]‖₁=1929.613, num_selected_knots=1927
2025-09-06 22:29:50,721 - Iter 3510: obj=-1316.725831, change=1.93e-02, α=1.000, ‖θ[1:]‖₁=1929.743, num_selected_knots=1927
2025-09-06 22:29:54,229 - Iter 3511: obj=-1316.765682, change=1.93e-02, α=1.000, ‖θ[1:]‖₁=1929.873, num_selected_knots=1927
2025-09-06 22:29:57,715 - Iter 3512: obj=-1316.805501, change=1.93e-02, α=1.000, ‖θ[1:]‖₁=1930.003, num_selected_knots=1927
2025-09-06 22:30:01,187 - Iter 3513: obj=-1316.845287, change=1.93e-02, α=1.000, ‖θ[1:]‖₁=1930.132, num_selected_knots=1926
2025-09-06 22:30:04,640 - Iter 3514: obj=-1316.885039, change=1.93e-02, α=1.000, ‖θ[1:]‖₁=1930.262, num_selected_knots=1926
2025-09-06 22:30:08,087 - Iter 3515: obj=-1316.924758, change=1.93e-02, α=1.000, ‖θ[1:]‖₁=1930.392, num_selected_knots=1926
2025-09-06 22:30:11,555 - Iter 3516: obj=-1316.964445, change=1.93e-02, α=1.000, ‖θ[1:]‖₁=1930.521, num_selected_knots=1925
2025-09-06 22:30:15,043 - Iter 3517: obj=-1317.004100, change=1.92e-02, α=1.000, ‖θ[1:]‖₁=1930.651, num_selected_knots=1925
2025-09-06 22:30:18,498 - Iter 3518: obj=-1317.043724, change=1.92e-02, α=1.000, ‖θ[1:]‖₁=1930.780, num_selected_knots=1925
2025-09-06 22:30:21,982 - Iter 3519: obj=-1317.083316, change=1.92e-02, α=1.000, ‖θ[1:]‖₁=1930.909, num_selected_knots=1925
2025-09-06 22:30:25,420 - Iter 3520: obj=-1317.122876, change=1.92e-02, α=1.000, ‖θ[1:]‖₁=1931.039, num_selected_knots=1924
2025-09-06 22:30:28,864 - Iter 3521: obj=-1317.162406, change=1.92e-02, α=1.000, ‖θ[1:]‖₁=1931.168, num_selected_knots=1924
2025-09-06 22:30:32,316 - Iter 3522: obj=-1317.201904, change=1.92e-02, α=1.000, ‖θ[1:]‖₁=1931.297, num_selected_knots=1925
2025-09-06 22:30:35,767 - Iter 3523: obj=-1317.241370, change=1.92e-02, α=1.000, ‖θ[1:]‖₁=1931.426, num_selected_knots=1925
2025-09-06 22:30:39,210 - Iter 3524: obj=-1317.280805, change=1.92e-02, α=1.000, ‖θ[1:]‖₁=1931.555, num_selected_knots=1925
2025-09-06 22:30:42,699 - Iter 3525: obj=-1317.320207, change=1.92e-02, α=1.000, ‖θ[1:]‖₁=1931.684, num_selected_knots=1925
2025-09-06 22:30:46,180 - Iter 3526: obj=-1317.359578, change=1.92e-02, α=1.000, ‖θ[1:]‖₁=1931.813, num_selected_knots=1925
2025-09-06 22:30:49,656 - Iter 3527: obj=-1317.398916, change=1.92e-02, α=1.000, ‖θ[1:]‖₁=1931.942, num_selected_knots=1925
2025-09-06 22:30:53,105 - Iter 3528: obj=-1317.438224, change=1.92e-02, α=1.000, ‖θ[1:]‖₁=1932.070, num_selected_knots=1925
2025-09-06 22:30:56,569 - Iter 3529: obj=-1317.477499, change=1.92e-02, α=1.000, ‖θ[1:]‖₁=1932.199, num_selected_knots=1925
2025-09-06 22:31:00,268 - Iter 3530: obj=-1317.516743, change=1.91e-02, α=1.000, ‖θ[1:]‖₁=1932.328, num_selected_knots=1925
2025-09-06 22:31:03,766 - Iter 3531: obj=-1317.555955, change=1.91e-02, α=1.000, ‖θ[1:]‖₁=1932.456, num_selected_knots=1925
2025-09-06 22:31:07,227 - Iter 3532: obj=-1317.595136, change=1.91e-02, α=1.000, ‖θ[1:]‖₁=1932.585, num_selected_knots=1925
2025-09-06 22:31:10,657 - Iter 3533: obj=-1317.634284, change=1.91e-02, α=1.000, ‖θ[1:]‖₁=1932.713, num_selected_knots=1925
2025-09-06 22:31:14,157 - Iter 3534: obj=-1317.673402, change=1.91e-02, α=1.000, ‖θ[1:]‖₁=1932.842, num_selected_knots=1925
2025-09-06 22:31:17,714 - Iter 3535: obj=-1317.712488, change=1.91e-02, α=1.000, ‖θ[1:]‖₁=1932.970, num_selected_knots=1925
2025-09-06 22:31:21,228 - Iter 3536: obj=-1317.751542, change=1.91e-02, α=1.000, ‖θ[1:]‖₁=1933.098, num_selected_knots=1925
2025-09-06 22:31:24,669 - Iter 3537: obj=-1317.790565, change=1.91e-02, α=1.000, ‖θ[1:]‖₁=1933.227, num_selected_knots=1925
2025-09-06 22:31:28,146 - Iter 3538: obj=-1317.829557, change=1.91e-02, α=1.000, ‖θ[1:]‖₁=1933.355, num_selected_knots=1925
2025-09-06 22:31:31,639 - Iter 3539: obj=-1317.868517, change=1.91e-02, α=1.000, ‖θ[1:]‖₁=1933.483, num_selected_knots=1925
2025-09-06 22:31:35,217 - Iter 3540: obj=-1317.907446, change=1.91e-02, α=1.000, ‖θ[1:]‖₁=1933.611, num_selected_knots=1925
2025-09-06 22:31:38,686 - Iter 3541: obj=-1317.946343, change=1.91e-02, α=1.000, ‖θ[1:]‖₁=1933.739, num_selected_knots=1925
2025-09-06 22:31:42,164 - Iter 3542: obj=-1317.985210, change=1.91e-02, α=1.000, ‖θ[1:]‖₁=1933.867, num_selected_knots=1925
2025-09-06 22:31:45,625 - Iter 3543: obj=-1318.024044, change=1.90e-02, α=1.000, ‖θ[1:]‖₁=1933.995, num_selected_knots=1925
2025-09-06 22:31:49,103 - Iter 3544: obj=-1318.062848, change=1.90e-02, α=1.000, ‖θ[1:]‖₁=1934.122, num_selected_knots=1925
2025-09-06 22:31:52,533 - Iter 3545: obj=-1318.101620, change=1.90e-02, α=1.000, ‖θ[1:]‖₁=1934.250, num_selected_knots=1925
2025-09-06 22:31:55,999 - Iter 3546: obj=-1318.140362, change=1.90e-02, α=1.000, ‖θ[1:]‖₁=1934.378, num_selected_knots=1924
2025-09-06 22:31:59,426 - Iter 3547: obj=-1318.179070, change=1.90e-02, α=1.000, ‖θ[1:]‖₁=1934.505, num_selected_knots=1924
2025-09-06 22:32:02,811 - Iter 3548: obj=-1318.217747, change=1.90e-02, α=1.000, ‖θ[1:]‖₁=1934.633, num_selected_knots=1924
2025-09-06 22:32:06,251 - Iter 3549: obj=-1318.256392, change=1.90e-02, α=1.000, ‖θ[1:]‖₁=1934.760, num_selected_knots=1924
2025-09-06 22:32:09,640 - Iter 3550: obj=-1318.295007, change=1.90e-02, α=1.000, ‖θ[1:]‖₁=1934.888, num_selected_knots=1924
2025-09-06 22:32:13,007 - Iter 3551: obj=-1318.333591, change=1.90e-02, α=1.000, ‖θ[1:]‖₁=1935.015, num_selected_knots=1924
2025-09-06 22:32:16,387 - Iter 3552: obj=-1318.372143, change=1.90e-02, α=1.000, ‖θ[1:]‖₁=1935.142, num_selected_knots=1924
2025-09-06 22:32:19,743 - Iter 3553: obj=-1318.410665, change=1.90e-02, α=1.000, ‖θ[1:]‖₁=1935.270, num_selected_knots=1924
2025-09-06 22:32:23,122 - Iter 3554: obj=-1318.449156, change=1.90e-02, α=1.000, ‖θ[1:]‖₁=1935.397, num_selected_knots=1924
2025-09-06 22:32:26,517 - Iter 3555: obj=-1318.487616, change=1.89e-02, α=1.000, ‖θ[1:]‖₁=1935.524, num_selected_knots=1924
2025-09-06 22:32:29,891 - Iter 3556: obj=-1318.526045, change=1.89e-02, α=1.000, ‖θ[1:]‖₁=1935.651, num_selected_knots=1924
2025-09-06 22:32:33,250 - Iter 3557: obj=-1318.564443, change=1.89e-02, α=1.000, ‖θ[1:]‖₁=1935.778, num_selected_knots=1924
2025-09-06 22:32:36,645 - Iter 3558: obj=-1318.602810, change=1.89e-02, α=1.000, ‖θ[1:]‖₁=1935.905, num_selected_knots=1924
2025-09-06 22:32:40,064 - Iter 3559: obj=-1318.641146, change=1.89e-02, α=1.000, ‖θ[1:]‖₁=1936.032, num_selected_knots=1924
2025-09-06 22:32:43,419 - Iter 3560: obj=-1318.679452, change=1.89e-02, α=1.000, ‖θ[1:]‖₁=1936.159, num_selected_knots=1924
2025-09-06 22:32:46,813 - Iter 3561: obj=-1318.717727, change=1.89e-02, α=1.000, ‖θ[1:]‖₁=1936.285, num_selected_knots=1924
2025-09-06 22:32:50,216 - Iter 3562: obj=-1318.755971, change=1.89e-02, α=1.000, ‖θ[1:]‖₁=1936.412, num_selected_knots=1924
2025-09-06 22:32:53,641 - Iter 3563: obj=-1318.794184, change=1.89e-02, α=1.000, ‖θ[1:]‖₁=1936.539, num_selected_knots=1924
2025-09-06 22:32:57,018 - Iter 3564: obj=-1318.832367, change=1.89e-02, α=1.000, ‖θ[1:]‖₁=1936.665, num_selected_knots=1924
2025-09-06 22:33:00,558 - Iter 3565: obj=-1318.870519, change=1.89e-02, α=1.000, ‖θ[1:]‖₁=1936.792, num_selected_knots=1924
2025-09-06 22:33:03,964 - Iter 3566: obj=-1318.908640, change=1.89e-02, α=1.000, ‖θ[1:]‖₁=1936.918, num_selected_knots=1924
2025-09-06 22:33:07,362 - Iter 3567: obj=-1318.946731, change=1.89e-02, α=1.000, ‖θ[1:]‖₁=1937.044, num_selected_knots=1924
2025-09-06 22:33:10,775 - Iter 3568: obj=-1318.984791, change=1.88e-02, α=1.000, ‖θ[1:]‖₁=1937.171, num_selected_knots=1924
2025-09-06 22:33:14,123 - Iter 3569: obj=-1319.022820, change=1.88e-02, α=1.000, ‖θ[1:]‖₁=1937.297, num_selected_knots=1924
2025-09-06 22:33:17,478 - Iter 3570: obj=-1319.060819, change=1.88e-02, α=1.000, ‖θ[1:]‖₁=1937.423, num_selected_knots=1924
2025-09-06 22:33:20,877 - Iter 3571: obj=-1319.098787, change=1.88e-02, α=1.000, ‖θ[1:]‖₁=1937.549, num_selected_knots=1924
2025-09-06 22:33:24,245 - Iter 3572: obj=-1319.136725, change=1.88e-02, α=1.000, ‖θ[1:]‖₁=1937.675, num_selected_knots=1924
2025-09-06 22:33:27,635 - Iter 3573: obj=-1319.174632, change=1.88e-02, α=1.000, ‖θ[1:]‖₁=1937.801, num_selected_knots=1923
2025-09-06 22:33:31,048 - Iter 3574: obj=-1319.212507, change=1.88e-02, α=1.000, ‖θ[1:]‖₁=1937.927, num_selected_knots=1923
2025-09-06 22:33:34,388 - Iter 3575: obj=-1319.250351, change=1.88e-02, α=1.000, ‖θ[1:]‖₁=1938.053, num_selected_knots=1923
2025-09-06 22:33:37,746 - Iter 3576: obj=-1319.288165, change=1.88e-02, α=1.000, ‖θ[1:]‖₁=1938.179, num_selected_knots=1922
2025-09-06 22:33:41,205 - Iter 3577: obj=-1319.325942, change=1.88e-02, α=1.000, ‖θ[1:]‖₁=1938.305, num_selected_knots=1921
2025-09-06 22:33:44,682 - Iter 3578: obj=-1319.363690, change=1.88e-02, α=1.000, ‖θ[1:]‖₁=1938.430, num_selected_knots=1922
2025-09-06 22:33:48,144 - Iter 3579: obj=-1319.401406, change=1.88e-02, α=1.000, ‖θ[1:]‖₁=1938.556, num_selected_knots=1922
2025-09-06 22:33:51,496 - Iter 3580: obj=-1319.439093, change=1.88e-02, α=1.000, ‖θ[1:]‖₁=1938.682, num_selected_knots=1922
2025-09-06 22:33:54,880 - Iter 3581: obj=-1319.476749, change=1.87e-02, α=1.000, ‖θ[1:]‖₁=1938.807, num_selected_knots=1922
2025-09-06 22:33:58,268 - Iter 3582: obj=-1319.514376, change=1.87e-02, α=1.000, ‖θ[1:]‖₁=1938.933, num_selected_knots=1922
2025-09-06 22:34:01,667 - Iter 3583: obj=-1319.551972, change=1.87e-02, α=1.000, ‖θ[1:]‖₁=1939.058, num_selected_knots=1922
2025-09-06 22:34:05,049 - Iter 3584: obj=-1319.589539, change=1.87e-02, α=1.000, ‖θ[1:]‖₁=1939.183, num_selected_knots=1922
2025-09-06 22:34:08,448 - Iter 3585: obj=-1319.627076, change=1.87e-02, α=1.000, ‖θ[1:]‖₁=1939.308, num_selected_knots=1922
2025-09-06 22:34:11,826 - Iter 3586: obj=-1319.664582, change=1.87e-02, α=1.000, ‖θ[1:]‖₁=1939.434, num_selected_knots=1922
2025-09-06 22:34:15,183 - Iter 3587: obj=-1319.702059, change=1.87e-02, α=1.000, ‖θ[1:]‖₁=1939.559, num_selected_knots=1922
2025-09-06 22:34:18,557 - Iter 3588: obj=-1319.739505, change=1.87e-02, α=1.000, ‖θ[1:]‖₁=1939.684, num_selected_knots=1922
2025-09-06 22:34:21,921 - Iter 3589: obj=-1319.776922, change=1.87e-02, α=1.000, ‖θ[1:]‖₁=1939.809, num_selected_knots=1922
2025-09-06 22:34:25,294 - Iter 3590: obj=-1319.814309, change=1.87e-02, α=1.000, ‖θ[1:]‖₁=1939.934, num_selected_knots=1922
2025-09-06 22:34:28,677 - Iter 3591: obj=-1319.851665, change=1.87e-02, α=1.000, ‖θ[1:]‖₁=1940.059, num_selected_knots=1922
2025-09-06 22:34:32,108 - Iter 3592: obj=-1319.888992, change=1.87e-02, α=1.000, ‖θ[1:]‖₁=1940.184, num_selected_knots=1922
2025-09-06 22:34:35,468 - Iter 3593: obj=-1319.926289, change=1.87e-02, α=1.000, ‖θ[1:]‖₁=1940.308, num_selected_knots=1922
2025-09-06 22:34:38,910 - Iter 3594: obj=-1319.963556, change=1.86e-02, α=1.000, ‖θ[1:]‖₁=1940.433, num_selected_knots=1922
2025-09-06 22:34:42,403 - Iter 3595: obj=-1320.000793, change=1.86e-02, α=1.000, ‖θ[1:]‖₁=1940.558, num_selected_knots=1922
2025-09-06 22:34:45,844 - Iter 3596: obj=-1320.038000, change=1.86e-02, α=1.000, ‖θ[1:]‖₁=1940.682, num_selected_knots=1922
2025-09-06 22:34:49,398 - Iter 3597: obj=-1320.075178, change=1.86e-02, α=1.000, ‖θ[1:]‖₁=1940.807, num_selected_knots=1922
2025-09-06 22:34:52,854 - Iter 3598: obj=-1320.112326, change=1.86e-02, α=1.000, ‖θ[1:]‖₁=1940.931, num_selected_knots=1922
2025-09-06 22:34:56,268 - Iter 3599: obj=-1320.149444, change=1.86e-02, α=1.000, ‖θ[1:]‖₁=1941.056, num_selected_knots=1922
2025-09-06 22:34:59,885 - Iter 3600: obj=-1320.186532, change=1.86e-02, α=1.000, ‖θ[1:]‖₁=1941.180, num_selected_knots=1922
2025-09-06 22:35:03,258 - Iter 3601: obj=-1320.223590, change=1.86e-02, α=1.000, ‖θ[1:]‖₁=1941.304, num_selected_knots=1922
2025-09-06 22:35:06,612 - Iter 3602: obj=-1320.260619, change=1.86e-02, α=1.000, ‖θ[1:]‖₁=1941.429, num_selected_knots=1922
2025-09-06 22:35:09,936 - Iter 3603: obj=-1320.297618, change=1.86e-02, α=1.000, ‖θ[1:]‖₁=1941.553, num_selected_knots=1922
2025-09-06 22:35:13,336 - Iter 3604: obj=-1320.334587, change=1.86e-02, α=1.000, ‖θ[1:]‖₁=1941.677, num_selected_knots=1921
2025-09-06 22:35:16,762 - Iter 3605: obj=-1320.371524, change=1.86e-02, α=1.000, ‖θ[1:]‖₁=1941.801, num_selected_knots=1921
2025-09-06 22:35:20,144 - Iter 3606: obj=-1320.408425, change=1.86e-02, α=1.000, ‖θ[1:]‖₁=1941.925, num_selected_knots=1921
2025-09-06 22:35:27,521 - Iter 3607: obj=-1320.445298, change=1.85e-02, α=1.000, ‖θ[1:]‖₁=1942.049, num_selected_knots=1921
2025-09-06 22:35:31,145 - Iter 3608: obj=-1320.482141, change=1.85e-02, α=1.000, ‖θ[1:]‖₁=1942.173, num_selected_knots=1921
2025-09-06 22:35:34,836 - Iter 3609: obj=-1320.518955, change=1.85e-02, α=1.000, ‖θ[1:]‖₁=1942.297, num_selected_knots=1921
2025-09-06 22:35:41,791 - Iter 3610: obj=-1320.555740, change=1.85e-02, α=1.000, ‖θ[1:]‖₁=1942.420, num_selected_knots=1921
2025-09-06 22:35:45,457 - Iter 3611: obj=-1320.592495, change=1.85e-02, α=1.000, ‖θ[1:]‖₁=1942.544, num_selected_knots=1921
2025-09-06 22:35:52,379 - Iter 3612: obj=-1320.629222, change=1.85e-02, α=1.000, ‖θ[1:]‖₁=1942.667, num_selected_knots=1921
2025-09-06 22:35:56,035 - Iter 3613: obj=-1320.665919, change=1.85e-02, α=1.000, ‖θ[1:]‖₁=1942.791, num_selected_knots=1921
2025-09-06 22:36:02,218 - Iter 3614: obj=-1320.702588, change=1.85e-02, α=1.000, ‖θ[1:]‖₁=1942.914, num_selected_knots=1921
2025-09-06 22:36:05,818 - Iter 3615: obj=-1320.739227, change=1.85e-02, α=1.000, ‖θ[1:]‖₁=1943.038, num_selected_knots=1921
2025-09-06 22:36:09,413 - Iter 3616: obj=-1320.775837, change=1.85e-02, α=1.000, ‖θ[1:]‖₁=1943.161, num_selected_knots=1920
2025-09-06 22:36:14,771 - Iter 3617: obj=-1320.812418, change=1.85e-02, α=1.000, ‖θ[1:]‖₁=1943.285, num_selected_knots=1920
2025-09-06 22:36:18,138 - Iter 3618: obj=-1320.848969, change=1.85e-02, α=1.000, ‖θ[1:]‖₁=1943.408, num_selected_knots=1920
2025-09-06 22:36:21,416 - Iter 3619: obj=-1320.885492, change=1.85e-02, α=1.000, ‖θ[1:]‖₁=1943.531, num_selected_knots=1920
2025-09-06 22:36:24,781 - Iter 3620: obj=-1320.921985, change=1.84e-02, α=1.000, ‖θ[1:]‖₁=1943.654, num_selected_knots=1920
2025-09-06 22:36:28,103 - Iter 3621: obj=-1320.958449, change=1.84e-02, α=1.000, ‖θ[1:]‖₁=1943.777, num_selected_knots=1920
2025-09-06 22:36:31,443 - Iter 3622: obj=-1320.994884, change=1.84e-02, α=1.000, ‖θ[1:]‖₁=1943.900, num_selected_knots=1920
2025-09-06 22:36:34,769 - Iter 3623: obj=-1321.031290, change=1.84e-02, α=1.000, ‖θ[1:]‖₁=1944.023, num_selected_knots=1920
2025-09-06 22:36:38,120 - Iter 3624: obj=-1321.067667, change=1.84e-02, α=1.000, ‖θ[1:]‖₁=1944.146, num_selected_knots=1920
2025-09-06 22:36:41,422 - Iter 3625: obj=-1321.104014, change=1.84e-02, α=1.000, ‖θ[1:]‖₁=1944.269, num_selected_knots=1920
2025-09-06 22:36:44,790 - Iter 3626: obj=-1321.140333, change=1.84e-02, α=1.000, ‖θ[1:]‖₁=1944.392, num_selected_knots=1920
2025-09-06 22:36:48,103 - Iter 3627: obj=-1321.176622, change=1.84e-02, α=1.000, ‖θ[1:]‖₁=1944.514, num_selected_knots=1920
2025-09-06 22:36:51,429 - Iter 3628: obj=-1321.212883, change=1.84e-02, α=1.000, ‖θ[1:]‖₁=1944.637, num_selected_knots=1920
2025-09-06 22:36:54,753 - Iter 3629: obj=-1321.249114, change=1.84e-02, α=1.000, ‖θ[1:]‖₁=1944.760, num_selected_knots=1920
2025-09-06 22:36:58,216 - Iter 3630: obj=-1321.285317, change=1.84e-02, α=1.000, ‖θ[1:]‖₁=1944.882, num_selected_knots=1920
2025-09-06 22:37:01,576 - Iter 3631: obj=-1321.321490, change=1.84e-02, α=1.000, ‖θ[1:]‖₁=1945.005, num_selected_knots=1920
2025-09-06 22:37:04,936 - Iter 3632: obj=-1321.357635, change=1.84e-02, α=1.000, ‖θ[1:]‖₁=1945.127, num_selected_knots=1920
2025-09-06 22:37:08,283 - Iter 3633: obj=-1321.393751, change=1.83e-02, α=1.000, ‖θ[1:]‖₁=1945.250, num_selected_knots=1920
2025-09-06 22:37:11,634 - Iter 3634: obj=-1321.429837, change=1.83e-02, α=1.000, ‖θ[1:]‖₁=1945.372, num_selected_knots=1920
2025-09-06 22:37:14,992 - Iter 3635: obj=-1321.465895, change=1.83e-02, α=1.000, ‖θ[1:]‖₁=1945.494, num_selected_knots=1920
2025-09-06 22:37:18,339 - Iter 3636: obj=-1321.501924, change=1.83e-02, α=1.000, ‖θ[1:]‖₁=1945.616, num_selected_knots=1920
2025-09-06 22:37:21,699 - Iter 3637: obj=-1321.537924, change=1.83e-02, α=1.000, ‖θ[1:]‖₁=1945.738, num_selected_knots=1920
2025-09-06 22:37:25,075 - Iter 3638: obj=-1321.573896, change=1.83e-02, α=1.000, ‖θ[1:]‖₁=1945.861, num_selected_knots=1920
2025-09-06 22:37:28,403 - Iter 3639: obj=-1321.609838, change=1.83e-02, α=1.000, ‖θ[1:]‖₁=1945.983, num_selected_knots=1920
2025-09-06 22:37:31,736 - Iter 3640: obj=-1321.645752, change=1.83e-02, α=1.000, ‖θ[1:]‖₁=1946.105, num_selected_knots=1920
2025-09-06 22:37:35,123 - Iter 3641: obj=-1321.681637, change=1.83e-02, α=1.000, ‖θ[1:]‖₁=1946.226, num_selected_knots=1920
2025-09-06 22:37:38,431 - Iter 3642: obj=-1321.717493, change=1.83e-02, α=1.000, ‖θ[1:]‖₁=1946.348, num_selected_knots=1920
2025-09-06 22:37:41,772 - Iter 3643: obj=-1321.753320, change=1.83e-02, α=1.000, ‖θ[1:]‖₁=1946.470, num_selected_knots=1920
2025-09-06 22:37:45,160 - Iter 3644: obj=-1321.789119, change=1.83e-02, α=1.000, ‖θ[1:]‖₁=1946.592, num_selected_knots=1920
2025-09-06 22:37:48,495 - Iter 3645: obj=-1321.824889, change=1.83e-02, α=1.000, ‖θ[1:]‖₁=1946.714, num_selected_knots=1920
2025-09-06 22:37:51,843 - Iter 3646: obj=-1321.860631, change=1.82e-02, α=1.000, ‖θ[1:]‖₁=1946.835, num_selected_knots=1920
2025-09-06 22:37:55,199 - Iter 3647: obj=-1321.896344, change=1.82e-02, α=1.000, ‖θ[1:]‖₁=1946.957, num_selected_knots=1920
2025-09-06 22:37:58,546 - Iter 3648: obj=-1321.932028, change=1.82e-02, α=1.000, ‖θ[1:]‖₁=1947.078, num_selected_knots=1919
2025-09-06 22:38:01,913 - Iter 3649: obj=-1321.967684, change=1.82e-02, α=1.000, ‖θ[1:]‖₁=1947.200, num_selected_knots=1919
2025-09-06 22:38:05,241 - Iter 3650: obj=-1322.003311, change=1.82e-02, α=1.000, ‖θ[1:]‖₁=1947.321, num_selected_knots=1919
2025-09-06 22:38:08,563 - Iter 3651: obj=-1322.038909, change=1.82e-02, α=1.000, ‖θ[1:]‖₁=1947.443, num_selected_knots=1919
2025-09-06 22:38:11,882 - Iter 3652: obj=-1322.074479, change=1.82e-02, α=1.000, ‖θ[1:]‖₁=1947.564, num_selected_knots=1919
2025-09-06 22:38:15,230 - Iter 3653: obj=-1322.110021, change=1.82e-02, α=1.000, ‖θ[1:]‖₁=1947.685, num_selected_knots=1919
2025-09-06 22:38:18,557 - Iter 3654: obj=-1322.145534, change=1.82e-02, α=1.000, ‖θ[1:]‖₁=1947.806, num_selected_knots=1919
2025-09-06 22:38:21,895 - Iter 3655: obj=-1322.181019, change=1.82e-02, α=1.000, ‖θ[1:]‖₁=1947.927, num_selected_knots=1919
2025-09-06 22:38:25,187 - Iter 3656: obj=-1322.216475, change=1.82e-02, α=1.000, ‖θ[1:]‖₁=1948.048, num_selected_knots=1918
2025-09-06 22:38:28,539 - Iter 3657: obj=-1322.251904, change=1.82e-02, α=1.000, ‖θ[1:]‖₁=1948.169, num_selected_knots=1919
2025-09-06 22:38:31,913 - Iter 3658: obj=-1322.287303, change=1.82e-02, α=1.000, ‖θ[1:]‖₁=1948.290, num_selected_knots=1919
2025-09-06 22:38:35,257 - Iter 3659: obj=-1322.322673, change=1.82e-02, α=1.000, ‖θ[1:]‖₁=1948.411, num_selected_knots=1919
2025-09-06 22:38:38,604 - Iter 3660: obj=-1322.358014, change=1.81e-02, α=1.000, ‖θ[1:]‖₁=1948.532, num_selected_knots=1919
2025-09-06 22:38:41,923 - Iter 3661: obj=-1322.393327, change=1.81e-02, α=1.000, ‖θ[1:]‖₁=1948.653, num_selected_knots=1919
2025-09-06 22:38:45,261 - Iter 3662: obj=-1322.428612, change=1.81e-02, α=1.000, ‖θ[1:]‖₁=1948.774, num_selected_knots=1919
2025-09-06 22:38:48,595 - Iter 3663: obj=-1322.463868, change=1.81e-02, α=1.000, ‖θ[1:]‖₁=1948.894, num_selected_knots=1919
2025-09-06 22:38:51,973 - Iter 3664: obj=-1322.499096, change=1.81e-02, α=1.000, ‖θ[1:]‖₁=1949.015, num_selected_knots=1918
2025-09-06 22:38:55,427 - Iter 3665: obj=-1322.534296, change=1.81e-02, α=1.000, ‖θ[1:]‖₁=1949.136, num_selected_knots=1918
2025-09-06 22:38:58,987 - Iter 3666: obj=-1322.569468, change=1.81e-02, α=1.000, ‖θ[1:]‖₁=1949.257, num_selected_knots=1918
2025-09-06 22:39:02,459 - Iter 3667: obj=-1322.604606, change=1.81e-02, α=1.000, ‖θ[1:]‖₁=1949.377, num_selected_knots=1918
2025-09-06 22:39:05,809 - Iter 3668: obj=-1322.639716, change=1.81e-02, α=1.000, ‖θ[1:]‖₁=1949.498, num_selected_knots=1918
2025-09-06 22:39:09,168 - Iter 3669: obj=-1322.674796, change=1.81e-02, α=1.000, ‖θ[1:]‖₁=1949.619, num_selected_knots=1918
2025-09-06 22:39:12,532 - Iter 3670: obj=-1322.709848, change=1.81e-02, α=1.000, ‖θ[1:]‖₁=1949.739, num_selected_knots=1918
2025-09-06 22:39:15,963 - Iter 3671: obj=-1322.744872, change=1.81e-02, α=1.000, ‖θ[1:]‖₁=1949.860, num_selected_knots=1918
2025-09-06 22:39:19,310 - Iter 3672: obj=-1322.779866, change=1.81e-02, α=1.000, ‖θ[1:]‖₁=1949.980, num_selected_knots=1918
2025-09-06 22:39:22,692 - Iter 3673: obj=-1322.814832, change=1.80e-02, α=1.000, ‖θ[1:]‖₁=1950.101, num_selected_knots=1918
2025-09-06 22:39:26,015 - Iter 3674: obj=-1322.849770, change=1.80e-02, α=1.000, ‖θ[1:]‖₁=1950.221, num_selected_knots=1918
2025-09-06 22:39:29,338 - Iter 3675: obj=-1322.884679, change=1.80e-02, α=1.000, ‖θ[1:]‖₁=1950.342, num_selected_knots=1918
2025-09-06 22:39:32,725 - Iter 3676: obj=-1322.919560, change=1.80e-02, α=1.000, ‖θ[1:]‖₁=1950.462, num_selected_knots=1918
2025-09-06 22:39:36,076 - Iter 3677: obj=-1322.954413, change=1.80e-02, α=1.000, ‖θ[1:]‖₁=1950.582, num_selected_knots=1918
2025-09-06 22:39:39,454 - Iter 3678: obj=-1322.989238, change=1.80e-02, α=1.000, ‖θ[1:]‖₁=1950.702, num_selected_knots=1918
2025-09-06 22:39:42,792 - Iter 3679: obj=-1323.024034, change=1.80e-02, α=1.000, ‖θ[1:]‖₁=1950.822, num_selected_knots=1918
2025-09-06 22:39:46,162 - Iter 3680: obj=-1323.058803, change=1.80e-02, α=1.000, ‖θ[1:]‖₁=1950.943, num_selected_knots=1918
2025-09-06 22:39:49,610 - Iter 3681: obj=-1323.093543, change=1.80e-02, α=1.000, ‖θ[1:]‖₁=1951.063, num_selected_knots=1918
2025-09-06 22:39:53,200 - Iter 3682: obj=-1323.128256, change=1.80e-02, α=1.000, ‖θ[1:]‖₁=1951.182, num_selected_knots=1918
2025-09-06 22:39:56,837 - Iter 3683: obj=-1323.162940, change=1.80e-02, α=1.000, ‖θ[1:]‖₁=1951.302, num_selected_knots=1918
2025-09-06 22:40:00,211 - Iter 3684: obj=-1323.197597, change=1.80e-02, α=1.000, ‖θ[1:]‖₁=1951.422, num_selected_knots=1918
2025-09-06 22:40:03,728 - Iter 3685: obj=-1323.232225, change=1.80e-02, α=1.000, ‖θ[1:]‖₁=1951.542, num_selected_knots=1918
2025-09-06 22:40:07,168 - Iter 3686: obj=-1323.266826, change=1.79e-02, α=1.000, ‖θ[1:]‖₁=1951.663, num_selected_knots=1917
2025-09-06 22:40:10,583 - Iter 3687: obj=-1323.301397, change=1.79e-02, α=1.000, ‖θ[1:]‖₁=1951.784, num_selected_knots=1917
2025-09-06 22:40:13,938 - Iter 3688: obj=-1323.335946, change=1.79e-02, α=1.000, ‖θ[1:]‖₁=1951.905, num_selected_knots=1916
2025-09-06 22:40:17,337 - Iter 3689: obj=-1323.370473, change=1.79e-02, α=1.000, ‖θ[1:]‖₁=1952.026, num_selected_knots=1916
2025-09-06 22:40:20,726 - Iter 3690: obj=-1323.404975, change=1.79e-02, α=1.000, ‖θ[1:]‖₁=1952.147, num_selected_knots=1916
2025-09-06 22:40:24,108 - Iter 3691: obj=-1323.439455, change=1.79e-02, α=1.000, ‖θ[1:]‖₁=1952.268, num_selected_knots=1916
2025-09-06 22:40:27,501 - Iter 3692: obj=-1323.473913, change=1.79e-02, α=1.000, ‖θ[1:]‖₁=1952.388, num_selected_knots=1916
2025-09-06 22:40:30,883 - Iter 3693: obj=-1323.508346, change=1.79e-02, α=1.000, ‖θ[1:]‖₁=1952.509, num_selected_knots=1916
2025-09-06 22:40:34,299 - Iter 3694: obj=-1323.542755, change=1.79e-02, α=1.000, ‖θ[1:]‖₁=1952.629, num_selected_knots=1916
2025-09-06 22:40:37,668 - Iter 3695: obj=-1323.577137, change=1.79e-02, α=1.000, ‖θ[1:]‖₁=1952.749, num_selected_knots=1916
2025-09-06 22:40:41,005 - Iter 3696: obj=-1323.611494, change=1.79e-02, α=1.000, ‖θ[1:]‖₁=1952.870, num_selected_knots=1916
2025-09-06 22:40:44,333 - Iter 3697: obj=-1323.645824, change=1.79e-02, α=1.000, ‖θ[1:]‖₁=1952.990, num_selected_knots=1916
2025-09-06 22:40:47,747 - Iter 3698: obj=-1323.680127, change=1.79e-02, α=1.000, ‖θ[1:]‖₁=1953.110, num_selected_knots=1916
2025-09-06 22:40:51,113 - Iter 3699: obj=-1323.714402, change=1.79e-02, α=1.000, ‖θ[1:]‖₁=1953.230, num_selected_knots=1916
2025-09-06 22:40:54,503 - Iter 3700: obj=-1323.748650, change=1.79e-02, α=1.000, ‖θ[1:]‖₁=1953.350, num_selected_knots=1916
2025-09-06 22:40:57,974 - Iter 3701: obj=-1323.782869, change=1.78e-02, α=1.000, ‖θ[1:]‖₁=1953.470, num_selected_knots=1916
2025-09-06 22:41:01,446 - Iter 3702: obj=-1323.817061, change=1.78e-02, α=1.000, ‖θ[1:]‖₁=1953.590, num_selected_knots=1916
2025-09-06 22:41:04,851 - Iter 3703: obj=-1323.851224, change=1.78e-02, α=1.000, ‖θ[1:]‖₁=1953.709, num_selected_knots=1916
2025-09-06 22:41:08,184 - Iter 3704: obj=-1323.885360, change=1.78e-02, α=1.000, ‖θ[1:]‖₁=1953.829, num_selected_knots=1916
2025-09-06 22:41:11,545 - Iter 3705: obj=-1323.919466, change=1.78e-02, α=1.000, ‖θ[1:]‖₁=1953.949, num_selected_knots=1916
2025-09-06 22:41:14,872 - Iter 3706: obj=-1323.953545, change=1.78e-02, α=1.000, ‖θ[1:]‖₁=1954.068, num_selected_knots=1916
2025-09-06 22:41:18,263 - Iter 3707: obj=-1323.987595, change=1.78e-02, α=1.000, ‖θ[1:]‖₁=1954.188, num_selected_knots=1916
2025-09-06 22:41:21,649 - Iter 3708: obj=-1324.021616, change=1.78e-02, α=1.000, ‖θ[1:]‖₁=1954.307, num_selected_knots=1916
2025-09-06 22:41:24,983 - Iter 3709: obj=-1324.055609, change=1.78e-02, α=1.000, ‖θ[1:]‖₁=1954.427, num_selected_knots=1916
2025-09-06 22:41:28,312 - Iter 3710: obj=-1324.089574, change=1.78e-02, α=1.000, ‖θ[1:]‖₁=1954.546, num_selected_knots=1916
2025-09-06 22:41:31,665 - Iter 3711: obj=-1324.123510, change=1.78e-02, α=1.000, ‖θ[1:]‖₁=1954.665, num_selected_knots=1916
2025-09-06 22:41:35,043 - Iter 3712: obj=-1324.157418, change=1.78e-02, α=1.000, ‖θ[1:]‖₁=1954.784, num_selected_knots=1916
2025-09-06 22:41:38,444 - Iter 3713: obj=-1324.191298, change=1.78e-02, α=1.000, ‖θ[1:]‖₁=1954.903, num_selected_knots=1916
2025-09-06 22:41:41,849 - Iter 3714: obj=-1324.225149, change=1.77e-02, α=1.000, ‖θ[1:]‖₁=1955.023, num_selected_knots=1916
2025-09-06 22:41:45,287 - Iter 3715: obj=-1324.258972, change=1.77e-02, α=1.000, ‖θ[1:]‖₁=1955.142, num_selected_knots=1916
2025-09-06 22:41:48,645 - Iter 3716: obj=-1324.292766, change=1.77e-02, α=1.000, ‖θ[1:]‖₁=1955.260, num_selected_knots=1916
2025-09-06 22:41:52,025 - Iter 3717: obj=-1324.326533, change=1.77e-02, α=1.000, ‖θ[1:]‖₁=1955.379, num_selected_knots=1916
2025-09-06 22:41:55,447 - Iter 3718: obj=-1324.360271, change=1.77e-02, α=1.000, ‖θ[1:]‖₁=1955.498, num_selected_knots=1916
2025-09-06 22:41:58,759 - Iter 3719: obj=-1324.393981, change=1.77e-02, α=1.000, ‖θ[1:]‖₁=1955.617, num_selected_knots=1916
2025-09-06 22:42:02,206 - Iter 3720: obj=-1324.427663, change=1.77e-02, α=1.000, ‖θ[1:]‖₁=1955.736, num_selected_knots=1916
2025-09-06 22:42:05,647 - Iter 3721: obj=-1324.461317, change=1.77e-02, α=1.000, ‖θ[1:]‖₁=1955.854, num_selected_knots=1916
2025-09-06 22:42:09,065 - Iter 3722: obj=-1324.494943, change=1.77e-02, α=1.000, ‖θ[1:]‖₁=1955.973, num_selected_knots=1916
2025-09-06 22:42:12,722 - Iter 3723: obj=-1324.528541, change=1.77e-02, α=1.000, ‖θ[1:]‖₁=1956.091, num_selected_knots=1916
2025-09-06 22:42:16,129 - Iter 3724: obj=-1324.562111, change=1.77e-02, α=1.000, ‖θ[1:]‖₁=1956.210, num_selected_knots=1916
2025-09-06 22:42:19,473 - Iter 3725: obj=-1324.595654, change=1.77e-02, α=1.000, ‖θ[1:]‖₁=1956.328, num_selected_knots=1916
2025-09-06 22:42:22,850 - Iter 3726: obj=-1324.629168, change=1.77e-02, α=1.000, ‖θ[1:]‖₁=1956.447, num_selected_knots=1916
2025-09-06 22:42:26,203 - Iter 3727: obj=-1324.662655, change=1.76e-02, α=1.000, ‖θ[1:]‖₁=1956.565, num_selected_knots=1916
2025-09-06 22:42:29,557 - Iter 3728: obj=-1324.696114, change=1.76e-02, α=1.000, ‖θ[1:]‖₁=1956.683, num_selected_knots=1916
2025-09-06 22:42:32,902 - Iter 3729: obj=-1324.729545, change=1.76e-02, α=1.000, ‖θ[1:]‖₁=1956.801, num_selected_knots=1916
2025-09-06 22:42:36,281 - Iter 3730: obj=-1324.762949, change=1.76e-02, α=1.000, ‖θ[1:]‖₁=1956.919, num_selected_knots=1916
2025-09-06 22:42:39,647 - Iter 3731: obj=-1324.796325, change=1.76e-02, α=1.000, ‖θ[1:]‖₁=1957.037, num_selected_knots=1916
2025-09-06 22:42:43,037 - Iter 3732: obj=-1324.829674, change=1.76e-02, α=1.000, ‖θ[1:]‖₁=1957.155, num_selected_knots=1916
2025-09-06 22:42:46,421 - Iter 3733: obj=-1324.862995, change=1.76e-02, α=1.000, ‖θ[1:]‖₁=1957.273, num_selected_knots=1916
2025-09-06 22:42:49,758 - Iter 3734: obj=-1324.896289, change=1.76e-02, α=1.000, ‖θ[1:]‖₁=1957.391, num_selected_knots=1916
2025-09-06 22:42:53,145 - Iter 3735: obj=-1324.929555, change=1.76e-02, α=1.000, ‖θ[1:]‖₁=1957.509, num_selected_knots=1916
2025-09-06 22:42:56,505 - Iter 3736: obj=-1324.962794, change=1.76e-02, α=1.000, ‖θ[1:]‖₁=1957.627, num_selected_knots=1916
2025-09-06 22:43:00,081 - Iter 3737: obj=-1324.996006, change=1.76e-02, α=1.000, ‖θ[1:]‖₁=1957.744, num_selected_knots=1916
2025-09-06 22:43:03,545 - Iter 3738: obj=-1325.029190, change=1.76e-02, α=1.000, ‖θ[1:]‖₁=1957.862, num_selected_knots=1916
2025-09-06 22:43:06,955 - Iter 3739: obj=-1325.062347, change=1.76e-02, α=1.000, ‖θ[1:]‖₁=1957.979, num_selected_knots=1916
2025-09-06 22:43:10,370 - Iter 3740: obj=-1325.095477, change=1.76e-02, α=1.000, ‖θ[1:]‖₁=1958.097, num_selected_knots=1916
2025-09-06 22:43:13,740 - Iter 3741: obj=-1325.128580, change=1.75e-02, α=1.000, ‖θ[1:]‖₁=1958.214, num_selected_knots=1916
2025-09-06 22:43:17,106 - Iter 3742: obj=-1325.161656, change=1.75e-02, α=1.000, ‖θ[1:]‖₁=1958.332, num_selected_knots=1916
2025-09-06 22:43:20,532 - Iter 3743: obj=-1325.194705, change=1.75e-02, α=1.000, ‖θ[1:]‖₁=1958.449, num_selected_knots=1915
2025-09-06 22:43:24,002 - Iter 3744: obj=-1325.227724, change=1.75e-02, α=1.000, ‖θ[1:]‖₁=1958.566, num_selected_knots=1915
2025-09-06 22:43:27,436 - Iter 3745: obj=-1325.260716, change=1.75e-02, α=1.000, ‖θ[1:]‖₁=1958.684, num_selected_knots=1915
2025-09-06 22:43:30,891 - Iter 3746: obj=-1325.293681, change=1.75e-02, α=1.000, ‖θ[1:]‖₁=1958.801, num_selected_knots=1915
2025-09-06 22:43:34,305 - Iter 3747: obj=-1325.326619, change=1.75e-02, α=1.000, ‖θ[1:]‖₁=1958.918, num_selected_knots=1915
2025-09-06 22:43:37,759 - Iter 3748: obj=-1325.359531, change=1.75e-02, α=1.000, ‖θ[1:]‖₁=1959.035, num_selected_knots=1915
2025-09-06 22:43:41,215 - Iter 3749: obj=-1325.392416, change=1.75e-02, α=1.000, ‖θ[1:]‖₁=1959.152, num_selected_knots=1915
2025-09-06 22:43:44,660 - Iter 3750: obj=-1325.425275, change=1.75e-02, α=1.000, ‖θ[1:]‖₁=1959.269, num_selected_knots=1915
2025-09-06 22:43:48,062 - Iter 3751: obj=-1325.458107, change=1.75e-02, α=1.000, ‖θ[1:]‖₁=1959.385, num_selected_knots=1915
2025-09-06 22:43:51,410 - Iter 3752: obj=-1325.490912, change=1.75e-02, α=1.000, ‖θ[1:]‖₁=1959.502, num_selected_knots=1915
2025-09-06 22:43:54,876 - Iter 3753: obj=-1325.523691, change=1.75e-02, α=1.000, ‖θ[1:]‖₁=1959.619, num_selected_knots=1915
2025-09-06 22:43:58,280 - Iter 3754: obj=-1325.556443, change=1.74e-02, α=1.000, ‖θ[1:]‖₁=1959.736, num_selected_knots=1915
2025-09-06 22:44:01,702 - Iter 3755: obj=-1325.589169, change=1.74e-02, α=1.000, ‖θ[1:]‖₁=1959.852, num_selected_knots=1915
2025-09-06 22:44:05,093 - Iter 3756: obj=-1325.621868, change=1.74e-02, α=1.000, ‖θ[1:]‖₁=1959.969, num_selected_knots=1915
2025-09-06 22:44:08,496 - Iter 3757: obj=-1325.654541, change=1.74e-02, α=1.000, ‖θ[1:]‖₁=1960.085, num_selected_knots=1915
2025-09-06 22:44:11,876 - Iter 3758: obj=-1325.687187, change=1.74e-02, α=1.000, ‖θ[1:]‖₁=1960.202, num_selected_knots=1915
2025-09-06 22:44:15,299 - Iter 3759: obj=-1325.719807, change=1.74e-02, α=1.000, ‖θ[1:]‖₁=1960.318, num_selected_knots=1915
2025-09-06 22:44:18,717 - Iter 3760: obj=-1325.752401, change=1.74e-02, α=1.000, ‖θ[1:]‖₁=1960.434, num_selected_knots=1915
2025-09-06 22:44:22,098 - Iter 3761: obj=-1325.784968, change=1.74e-02, α=1.000, ‖θ[1:]‖₁=1960.551, num_selected_knots=1915
2025-09-06 22:44:25,474 - Iter 3762: obj=-1325.817509, change=1.74e-02, α=1.000, ‖θ[1:]‖₁=1960.667, num_selected_knots=1915
2025-09-06 22:44:28,847 - Iter 3763: obj=-1325.850024, change=1.74e-02, α=1.000, ‖θ[1:]‖₁=1960.783, num_selected_knots=1915
2025-09-06 22:44:32,226 - Iter 3764: obj=-1325.882513, change=1.74e-02, α=1.000, ‖θ[1:]‖₁=1960.899, num_selected_knots=1914
2025-09-06 22:44:35,585 - Iter 3765: obj=-1325.914971, change=1.74e-02, α=1.000, ‖θ[1:]‖₁=1961.015, num_selected_knots=1914
2025-09-06 22:44:38,972 - Iter 3766: obj=-1325.947399, change=1.74e-02, α=1.000, ‖θ[1:]‖₁=1961.131, num_selected_knots=1914
2025-09-06 22:44:42,367 - Iter 3767: obj=-1325.979801, change=1.74e-02, α=1.000, ‖θ[1:]‖₁=1961.247, num_selected_knots=1914
2025-09-06 22:44:45,742 - Iter 3768: obj=-1326.012178, change=1.73e-02, α=1.000, ‖θ[1:]‖₁=1961.363, num_selected_knots=1914
2025-09-06 22:44:49,210 - Iter 3769: obj=-1326.044530, change=1.73e-02, α=1.000, ‖θ[1:]‖₁=1961.478, num_selected_knots=1914
2025-09-06 22:44:52,653 - Iter 3770: obj=-1326.076855, change=1.73e-02, α=1.000, ‖θ[1:]‖₁=1961.594, num_selected_knots=1914
2025-09-06 22:44:56,129 - Iter 3771: obj=-1326.109155, change=1.73e-02, α=1.000, ‖θ[1:]‖₁=1961.710, num_selected_knots=1914
2025-09-06 22:44:59,624 - Iter 3772: obj=-1326.141430, change=1.73e-02, α=1.000, ‖θ[1:]‖₁=1961.825, num_selected_knots=1914
2025-09-06 22:45:03,031 - Iter 3773: obj=-1326.173679, change=1.73e-02, α=1.000, ‖θ[1:]‖₁=1961.941, num_selected_knots=1914
2025-09-06 22:45:06,383 - Iter 3774: obj=-1326.205902, change=1.73e-02, α=1.000, ‖θ[1:]‖₁=1962.056, num_selected_knots=1914
2025-09-06 22:45:09,798 - Iter 3775: obj=-1326.238099, change=1.73e-02, α=1.000, ‖θ[1:]‖₁=1962.171, num_selected_knots=1914
2025-09-06 22:45:13,204 - Iter 3776: obj=-1326.270271, change=1.73e-02, α=1.000, ‖θ[1:]‖₁=1962.287, num_selected_knots=1914
2025-09-06 22:45:16,616 - Iter 3777: obj=-1326.302417, change=1.73e-02, α=1.000, ‖θ[1:]‖₁=1962.402, num_selected_knots=1914
2025-09-06 22:45:20,034 - Iter 3778: obj=-1326.334538, change=1.73e-02, α=1.000, ‖θ[1:]‖₁=1962.517, num_selected_knots=1914
2025-09-06 22:45:23,419 - Iter 3779: obj=-1326.366633, change=1.73e-02, α=1.000, ‖θ[1:]‖₁=1962.633, num_selected_knots=1914
2025-09-06 22:45:26,755 - Iter 3780: obj=-1326.398703, change=1.73e-02, α=1.000, ‖θ[1:]‖₁=1962.748, num_selected_knots=1914
2025-09-06 22:45:30,164 - Iter 3781: obj=-1326.430747, change=1.73e-02, α=1.000, ‖θ[1:]‖₁=1962.863, num_selected_knots=1914
2025-09-06 22:45:33,582 - Iter 3782: obj=-1326.462765, change=1.72e-02, α=1.000, ‖θ[1:]‖₁=1962.978, num_selected_knots=1914
2025-09-06 22:45:36,943 - Iter 3783: obj=-1326.494758, change=1.72e-02, α=1.000, ‖θ[1:]‖₁=1963.093, num_selected_knots=1914
2025-09-06 22:45:40,330 - Iter 3784: obj=-1326.526725, change=1.72e-02, α=1.000, ‖θ[1:]‖₁=1963.208, num_selected_knots=1913
2025-09-06 22:45:43,664 - Iter 3785: obj=-1326.558668, change=1.72e-02, α=1.000, ‖θ[1:]‖₁=1963.322, num_selected_knots=1913
2025-09-06 22:45:47,042 - Iter 3786: obj=-1326.590584, change=1.72e-02, α=1.000, ‖θ[1:]‖₁=1963.437, num_selected_knots=1913
2025-09-06 22:45:50,471 - Iter 3787: obj=-1326.622476, change=1.72e-02, α=1.000, ‖θ[1:]‖₁=1963.552, num_selected_knots=1914
2025-09-06 22:45:53,844 - Iter 3788: obj=-1326.654341, change=1.72e-02, α=1.000, ‖θ[1:]‖₁=1963.667, num_selected_knots=1914
2025-09-06 22:45:57,188 - Iter 3789: obj=-1326.686181, change=1.72e-02, α=1.000, ‖θ[1:]‖₁=1963.781, num_selected_knots=1914
2025-09-06 22:46:00,573 - Iter 3790: obj=-1326.717996, change=1.72e-02, α=1.000, ‖θ[1:]‖₁=1963.896, num_selected_knots=1914
2025-09-06 22:46:03,959 - Iter 3791: obj=-1326.749786, change=1.72e-02, α=1.000, ‖θ[1:]‖₁=1964.010, num_selected_knots=1913
2025-09-06 22:46:07,339 - Iter 3792: obj=-1326.781550, change=1.72e-02, α=1.000, ‖θ[1:]‖₁=1964.125, num_selected_knots=1913
2025-09-06 22:46:10,769 - Iter 3793: obj=-1326.813289, change=1.72e-02, α=1.000, ‖θ[1:]‖₁=1964.239, num_selected_knots=1913
2025-09-06 22:46:14,158 - Iter 3794: obj=-1326.845003, change=1.72e-02, α=1.000, ‖θ[1:]‖₁=1964.354, num_selected_knots=1913
2025-09-06 22:46:17,530 - Iter 3795: obj=-1326.876691, change=1.72e-02, α=1.000, ‖θ[1:]‖₁=1964.468, num_selected_knots=1913
2025-09-06 22:46:20,932 - Iter 3796: obj=-1326.908354, change=1.71e-02, α=1.000, ‖θ[1:]‖₁=1964.582, num_selected_knots=1913
2025-09-06 22:46:24,304 - Iter 3797: obj=-1326.939992, change=1.71e-02, α=1.000, ‖θ[1:]‖₁=1964.696, num_selected_knots=1913
2025-09-06 22:46:27,695 - Iter 3798: obj=-1326.971605, change=1.71e-02, α=1.000, ‖θ[1:]‖₁=1964.810, num_selected_knots=1913
2025-09-06 22:46:31,092 - Iter 3799: obj=-1327.003193, change=1.71e-02, α=1.000, ‖θ[1:]‖₁=1964.925, num_selected_knots=1913
2025-09-06 22:46:34,488 - Iter 3800: obj=-1327.034756, change=1.71e-02, α=1.000, ‖θ[1:]‖₁=1965.039, num_selected_knots=1913
2025-09-06 22:46:37,864 - Iter 3801: obj=-1327.066293, change=1.71e-02, α=1.000, ‖θ[1:]‖₁=1965.153, num_selected_knots=1913
2025-09-06 22:46:41,274 - Iter 3802: obj=-1327.097806, change=1.71e-02, α=1.000, ‖θ[1:]‖₁=1965.267, num_selected_knots=1913
2025-09-06 22:46:44,661 - Iter 3803: obj=-1327.129294, change=1.71e-02, α=1.000, ‖θ[1:]‖₁=1965.380, num_selected_knots=1913
2025-09-06 22:46:48,047 - Iter 3804: obj=-1327.160756, change=1.71e-02, α=1.000, ‖θ[1:]‖₁=1965.494, num_selected_knots=1912
2025-09-06 22:46:51,478 - Iter 3805: obj=-1327.192194, change=1.71e-02, α=1.000, ‖θ[1:]‖₁=1965.608, num_selected_knots=1911
2025-09-06 22:46:54,885 - Iter 3806: obj=-1327.223601, change=1.71e-02, α=1.000, ‖θ[1:]‖₁=1965.722, num_selected_knots=1911
2025-09-06 22:46:58,361 - Iter 3807: obj=-1327.254981, change=1.71e-02, α=1.000, ‖θ[1:]‖₁=1965.835, num_selected_knots=1910
2025-09-06 22:47:01,746 - Iter 3808: obj=-1327.286337, change=1.71e-02, α=1.000, ‖θ[1:]‖₁=1965.949, num_selected_knots=1911
2025-09-06 22:47:05,118 - Iter 3809: obj=-1327.317667, change=1.71e-02, α=1.000, ‖θ[1:]‖₁=1966.062, num_selected_knots=1911
2025-09-06 22:47:08,492 - Iter 3810: obj=-1327.348972, change=1.71e-02, α=1.000, ‖θ[1:]‖₁=1966.176, num_selected_knots=1911
2025-09-06 22:47:11,838 - Iter 3811: obj=-1327.380253, change=1.70e-02, α=1.000, ‖θ[1:]‖₁=1966.289, num_selected_knots=1911
2025-09-06 22:47:15,225 - Iter 3812: obj=-1327.411510, change=1.70e-02, α=1.000, ‖θ[1:]‖₁=1966.402, num_selected_knots=1911
2025-09-06 22:47:18,574 - Iter 3813: obj=-1327.442742, change=1.70e-02, α=1.000, ‖θ[1:]‖₁=1966.516, num_selected_knots=1911
2025-09-06 22:47:21,918 - Iter 3814: obj=-1327.473950, change=1.70e-02, α=1.000, ‖θ[1:]‖₁=1966.629, num_selected_knots=1911
2025-09-06 22:47:25,287 - Iter 3815: obj=-1327.505133, change=1.70e-02, α=1.000, ‖θ[1:]‖₁=1966.742, num_selected_knots=1911
2025-09-06 22:47:28,681 - Iter 3816: obj=-1327.536291, change=1.70e-02, α=1.000, ‖θ[1:]‖₁=1966.855, num_selected_knots=1911
2025-09-06 22:47:32,082 - Iter 3817: obj=-1327.567426, change=1.70e-02, α=1.000, ‖θ[1:]‖₁=1966.968, num_selected_knots=1911
2025-09-06 22:47:35,465 - Iter 3818: obj=-1327.598535, change=1.70e-02, α=1.000, ‖θ[1:]‖₁=1967.081, num_selected_knots=1911
2025-09-06 22:47:38,839 - Iter 3819: obj=-1327.629620, change=1.70e-02, α=1.000, ‖θ[1:]‖₁=1967.194, num_selected_knots=1911
2025-09-06 22:47:42,242 - Iter 3820: obj=-1327.660681, change=1.70e-02, α=1.000, ‖θ[1:]‖₁=1967.307, num_selected_knots=1911
2025-09-06 22:47:45,611 - Iter 3821: obj=-1327.691717, change=1.70e-02, α=1.000, ‖θ[1:]‖₁=1967.420, num_selected_knots=1911
2025-09-06 22:47:48,991 - Iter 3822: obj=-1327.722729, change=1.70e-02, α=1.000, ‖θ[1:]‖₁=1967.533, num_selected_knots=1911
2025-09-06 22:47:52,361 - Iter 3823: obj=-1327.753717, change=1.70e-02, α=1.000, ‖θ[1:]‖₁=1967.646, num_selected_knots=1911
2025-09-06 22:47:55,801 - Iter 3824: obj=-1327.784680, change=1.70e-02, α=1.000, ‖θ[1:]‖₁=1967.758, num_selected_knots=1911
2025-09-06 22:47:59,236 - Iter 3825: obj=-1327.815619, change=1.69e-02, α=1.000, ‖θ[1:]‖₁=1967.871, num_selected_knots=1911
2025-09-06 22:48:02,655 - Iter 3826: obj=-1327.846533, change=1.69e-02, α=1.000, ‖θ[1:]‖₁=1967.984, num_selected_knots=1910
2025-09-06 22:48:06,139 - Iter 3827: obj=-1327.877423, change=1.69e-02, α=1.000, ‖θ[1:]‖₁=1968.096, num_selected_knots=1910
2025-09-06 22:48:09,573 - Iter 3828: obj=-1327.908289, change=1.69e-02, α=1.000, ‖θ[1:]‖₁=1968.209, num_selected_knots=1910
2025-09-06 22:48:13,009 - Iter 3829: obj=-1327.939131, change=1.69e-02, α=1.000, ‖θ[1:]‖₁=1968.321, num_selected_knots=1910
2025-09-06 22:48:16,442 - Iter 3830: obj=-1327.969949, change=1.69e-02, α=1.000, ‖θ[1:]‖₁=1968.434, num_selected_knots=1910
2025-09-06 22:48:19,795 - Iter 3831: obj=-1328.000742, change=1.69e-02, α=1.000, ‖θ[1:]‖₁=1968.546, num_selected_knots=1910
2025-09-06 22:48:23,124 - Iter 3832: obj=-1328.031511, change=1.69e-02, α=1.000, ‖θ[1:]‖₁=1968.658, num_selected_knots=1909
2025-09-06 22:48:26,483 - Iter 3833: obj=-1328.062257, change=1.69e-02, α=1.000, ‖θ[1:]‖₁=1968.770, num_selected_knots=1909
2025-09-06 22:48:29,896 - Iter 3834: obj=-1328.092977, change=1.69e-02, α=1.000, ‖θ[1:]‖₁=1968.883, num_selected_knots=1910
2025-09-06 22:48:33,290 - Iter 3835: obj=-1328.123673, change=1.69e-02, α=1.000, ‖θ[1:]‖₁=1968.995, num_selected_knots=1911
2025-09-06 22:48:36,677 - Iter 3836: obj=-1328.154344, change=1.69e-02, α=1.000, ‖θ[1:]‖₁=1969.107, num_selected_knots=1911
2025-09-06 22:48:40,019 - Iter 3837: obj=-1328.184992, change=1.69e-02, α=1.000, ‖θ[1:]‖₁=1969.219, num_selected_knots=1911
2025-09-06 22:48:43,384 - Iter 3838: obj=-1328.215615, change=1.69e-02, α=1.000, ‖θ[1:]‖₁=1969.331, num_selected_knots=1911
2025-09-06 22:48:46,827 - Iter 3839: obj=-1328.246213, change=1.69e-02, α=1.000, ‖θ[1:]‖₁=1969.443, num_selected_knots=1911
2025-09-06 22:48:50,225 - Iter 3840: obj=-1328.276788, change=1.68e-02, α=1.000, ‖θ[1:]‖₁=1969.555, num_selected_knots=1911
2025-09-06 22:48:53,990 - Iter 3841: obj=-1328.307339, change=1.68e-02, α=1.000, ‖θ[1:]‖₁=1969.667, num_selected_knots=1911
2025-09-06 22:48:57,574 - Iter 3842: obj=-1328.337865, change=1.68e-02, α=1.000, ‖θ[1:]‖₁=1969.778, num_selected_knots=1911
2025-09-06 22:49:01,192 - Iter 3843: obj=-1328.368367, change=1.68e-02, α=1.000, ‖θ[1:]‖₁=1969.890, num_selected_knots=1911
2025-09-06 22:49:04,583 - Iter 3844: obj=-1328.398845, change=1.68e-02, α=1.000, ‖θ[1:]‖₁=1970.002, num_selected_knots=1911
2025-09-06 22:49:07,993 - Iter 3845: obj=-1328.429300, change=1.68e-02, α=1.000, ‖θ[1:]‖₁=1970.113, num_selected_knots=1911
2025-09-06 22:49:11,415 - Iter 3846: obj=-1328.459730, change=1.68e-02, α=1.000, ‖θ[1:]‖₁=1970.225, num_selected_knots=1911
2025-09-06 22:49:14,846 - Iter 3847: obj=-1328.490136, change=1.68e-02, α=1.000, ‖θ[1:]‖₁=1970.336, num_selected_knots=1911
2025-09-06 22:49:18,205 - Iter 3848: obj=-1328.520518, change=1.68e-02, α=1.000, ‖θ[1:]‖₁=1970.448, num_selected_knots=1910
2025-09-06 22:49:21,621 - Iter 3849: obj=-1328.550877, change=1.68e-02, α=1.000, ‖θ[1:]‖₁=1970.559, num_selected_knots=1910
2025-09-06 22:49:24,996 - Iter 3850: obj=-1328.581211, change=1.68e-02, α=1.000, ‖θ[1:]‖₁=1970.671, num_selected_knots=1910
2025-09-06 22:49:28,407 - Iter 3851: obj=-1328.611522, change=1.68e-02, α=1.000, ‖θ[1:]‖₁=1970.782, num_selected_knots=1910
2025-09-06 22:49:31,813 - Iter 3852: obj=-1328.641809, change=1.68e-02, α=1.000, ‖θ[1:]‖₁=1970.893, num_selected_knots=1910
2025-09-06 22:49:35,186 - Iter 3853: obj=-1328.672072, change=1.68e-02, α=1.000, ‖θ[1:]‖₁=1971.004, num_selected_knots=1910
2025-09-06 22:49:38,548 - Iter 3854: obj=-1328.702311, change=1.67e-02, α=1.000, ‖θ[1:]‖₁=1971.116, num_selected_knots=1910
2025-09-06 22:49:41,921 - Iter 3855: obj=-1328.732526, change=1.67e-02, α=1.000, ‖θ[1:]‖₁=1971.227, num_selected_knots=1910
2025-09-06 22:49:45,290 - Iter 3856: obj=-1328.762718, change=1.67e-02, α=1.000, ‖θ[1:]‖₁=1971.338, num_selected_knots=1910
2025-09-06 22:49:48,799 - Iter 3857: obj=-1328.792885, change=1.67e-02, α=1.000, ‖θ[1:]‖₁=1971.449, num_selected_knots=1910
2025-09-06 22:49:52,372 - Iter 3858: obj=-1328.823030, change=1.67e-02, α=1.000, ‖θ[1:]‖₁=1971.560, num_selected_knots=1910
2025-09-06 22:49:55,946 - Iter 3859: obj=-1328.853150, change=1.67e-02, α=1.000, ‖θ[1:]‖₁=1971.671, num_selected_knots=1910
2025-09-06 22:49:59,363 - Iter 3860: obj=-1328.883247, change=1.67e-02, α=1.000, ‖θ[1:]‖₁=1971.781, num_selected_knots=1910
2025-09-06 22:50:02,746 - Iter 3861: obj=-1328.913320, change=1.67e-02, α=1.000, ‖θ[1:]‖₁=1971.892, num_selected_knots=1910
2025-09-06 22:50:06,099 - Iter 3862: obj=-1328.943369, change=1.67e-02, α=1.000, ‖θ[1:]‖₁=1972.003, num_selected_knots=1910
2025-09-06 22:50:09,494 - Iter 3863: obj=-1328.973395, change=1.67e-02, α=1.000, ‖θ[1:]‖₁=1972.114, num_selected_knots=1910
2025-09-06 22:50:12,910 - Iter 3864: obj=-1329.003397, change=1.67e-02, α=1.000, ‖θ[1:]‖₁=1972.224, num_selected_knots=1910
2025-09-06 22:50:16,333 - Iter 3865: obj=-1329.033376, change=1.67e-02, α=1.000, ‖θ[1:]‖₁=1972.335, num_selected_knots=1910
2025-09-06 22:50:19,771 - Iter 3866: obj=-1329.063331, change=1.67e-02, α=1.000, ‖θ[1:]‖₁=1972.445, num_selected_knots=1910
2025-09-06 22:50:23,244 - Iter 3867: obj=-1329.093263, change=1.67e-02, α=1.000, ‖θ[1:]‖₁=1972.556, num_selected_knots=1910
2025-09-06 22:50:26,718 - Iter 3868: obj=-1329.123171, change=1.67e-02, α=1.000, ‖θ[1:]‖₁=1972.666, num_selected_knots=1910
2025-09-06 22:50:30,102 - Iter 3869: obj=-1329.153056, change=1.66e-02, α=1.000, ‖θ[1:]‖₁=1972.777, num_selected_knots=1910
2025-09-06 22:50:33,536 - Iter 3870: obj=-1329.182917, change=1.66e-02, α=1.000, ‖θ[1:]‖₁=1972.887, num_selected_knots=1910
2025-09-06 22:50:36,932 - Iter 3871: obj=-1329.212755, change=1.66e-02, α=1.000, ‖θ[1:]‖₁=1972.997, num_selected_knots=1909
2025-09-06 22:50:40,344 - Iter 3872: obj=-1329.242569, change=1.66e-02, α=1.000, ‖θ[1:]‖₁=1973.107, num_selected_knots=1909
2025-09-06 22:50:43,750 - Iter 3873: obj=-1329.272360, change=1.66e-02, α=1.000, ‖θ[1:]‖₁=1973.218, num_selected_knots=1909
2025-09-06 22:50:47,128 - Iter 3874: obj=-1329.302127, change=1.66e-02, α=1.000, ‖θ[1:]‖₁=1973.328, num_selected_knots=1909
2025-09-06 22:50:50,561 - Iter 3875: obj=-1329.331872, change=1.66e-02, α=1.000, ‖θ[1:]‖₁=1973.438, num_selected_knots=1909
2025-09-06 22:50:53,960 - Iter 3876: obj=-1329.361592, change=1.66e-02, α=1.000, ‖θ[1:]‖₁=1973.548, num_selected_knots=1909
2025-09-06 22:50:57,397 - Iter 3877: obj=-1329.391290, change=1.66e-02, α=1.000, ‖θ[1:]‖₁=1973.658, num_selected_knots=1909
2025-09-06 22:51:00,961 - Iter 3878: obj=-1329.420964, change=1.66e-02, α=1.000, ‖θ[1:]‖₁=1973.768, num_selected_knots=1909
2025-09-06 22:51:04,371 - Iter 3879: obj=-1329.450615, change=1.66e-02, α=1.000, ‖θ[1:]‖₁=1973.878, num_selected_knots=1909
2025-09-06 22:51:07,756 - Iter 3880: obj=-1329.480243, change=1.66e-02, α=1.000, ‖θ[1:]‖₁=1973.987, num_selected_knots=1909
2025-09-06 22:51:11,110 - Iter 3881: obj=-1329.509847, change=1.66e-02, α=1.000, ‖θ[1:]‖₁=1974.097, num_selected_knots=1909
2025-09-06 22:51:14,530 - Iter 3882: obj=-1329.539428, change=1.66e-02, α=1.000, ‖θ[1:]‖₁=1974.207, num_selected_knots=1909
2025-09-06 22:51:17,908 - Iter 3883: obj=-1329.568986, change=1.66e-02, α=1.000, ‖θ[1:]‖₁=1974.316, num_selected_knots=1909
2025-09-06 22:51:21,271 - Iter 3884: obj=-1329.598521, change=1.65e-02, α=1.000, ‖θ[1:]‖₁=1974.426, num_selected_knots=1909
2025-09-06 22:51:24,655 - Iter 3885: obj=-1329.628033, change=1.65e-02, α=1.000, ‖θ[1:]‖₁=1974.536, num_selected_knots=1909
2025-09-06 22:51:28,029 - Iter 3886: obj=-1329.657521, change=1.65e-02, α=1.000, ‖θ[1:]‖₁=1974.645, num_selected_knots=1909
2025-09-06 22:51:31,391 - Iter 3887: obj=-1329.686987, change=1.65e-02, α=1.000, ‖θ[1:]‖₁=1974.755, num_selected_knots=1909
2025-09-06 22:51:34,798 - Iter 3888: obj=-1329.716429, change=1.65e-02, α=1.000, ‖θ[1:]‖₁=1974.864, num_selected_knots=1909
2025-09-06 22:51:38,200 - Iter 3889: obj=-1329.745849, change=1.65e-02, α=1.000, ‖θ[1:]‖₁=1974.973, num_selected_knots=1909
2025-09-06 22:51:41,601 - Iter 3890: obj=-1329.775245, change=1.65e-02, α=1.000, ‖θ[1:]‖₁=1975.083, num_selected_knots=1909
2025-09-06 22:51:44,975 - Iter 3891: obj=-1329.804618, change=1.65e-02, α=1.000, ‖θ[1:]‖₁=1975.192, num_selected_knots=1909
2025-09-06 22:51:48,374 - Iter 3892: obj=-1329.833969, change=1.65e-02, α=1.000, ‖θ[1:]‖₁=1975.301, num_selected_knots=1909
2025-09-06 22:51:51,717 - Iter 3893: obj=-1329.863296, change=1.65e-02, α=1.000, ‖θ[1:]‖₁=1975.410, num_selected_knots=1909
2025-09-06 22:51:55,110 - Iter 3894: obj=-1329.892600, change=1.65e-02, α=1.000, ‖θ[1:]‖₁=1975.519, num_selected_knots=1909
2025-09-06 22:51:58,481 - Iter 3895: obj=-1329.921882, change=1.65e-02, α=1.000, ‖θ[1:]‖₁=1975.628, num_selected_knots=1909
2025-09-06 22:52:01,880 - Iter 3896: obj=-1329.951140, change=1.65e-02, α=1.000, ‖θ[1:]‖₁=1975.737, num_selected_knots=1909
2025-09-06 22:52:05,280 - Iter 3897: obj=-1329.980376, change=1.65e-02, α=1.000, ‖θ[1:]‖₁=1975.846, num_selected_knots=1909
2025-09-06 22:52:08,681 - Iter 3898: obj=-1330.009588, change=1.65e-02, α=1.000, ‖θ[1:]‖₁=1975.955, num_selected_knots=1909
2025-09-06 22:52:12,054 - Iter 3899: obj=-1330.038778, change=1.64e-02, α=1.000, ‖θ[1:]‖₁=1976.064, num_selected_knots=1909
2025-09-06 22:52:15,419 - Iter 3900: obj=-1330.067945, change=1.64e-02, α=1.000, ‖θ[1:]‖₁=1976.173, num_selected_knots=1909
2025-09-06 22:52:18,817 - Iter 3901: obj=-1330.097090, change=1.64e-02, α=1.000, ‖θ[1:]‖₁=1976.281, num_selected_knots=1909
2025-09-06 22:52:22,187 - Iter 3902: obj=-1330.126211, change=1.64e-02, α=1.000, ‖θ[1:]‖₁=1976.390, num_selected_knots=1909
2025-09-06 22:52:25,554 - Iter 3903: obj=-1330.155310, change=1.64e-02, α=1.000, ‖θ[1:]‖₁=1976.499, num_selected_knots=1909
2025-09-06 22:52:28,979 - Iter 3904: obj=-1330.184386, change=1.64e-02, α=1.000, ‖θ[1:]‖₁=1976.607, num_selected_knots=1909
2025-09-06 22:52:32,360 - Iter 3905: obj=-1330.213439, change=1.64e-02, α=1.000, ‖θ[1:]‖₁=1976.716, num_selected_knots=1909
2025-09-06 22:52:35,706 - Iter 3906: obj=-1330.242469, change=1.64e-02, α=1.000, ‖θ[1:]‖₁=1976.824, num_selected_knots=1909
2025-09-06 22:52:39,076 - Iter 3907: obj=-1330.271477, change=1.64e-02, α=1.000, ‖θ[1:]‖₁=1976.933, num_selected_knots=1909
2025-09-06 22:52:42,457 - Iter 3908: obj=-1330.300462, change=1.64e-02, α=1.000, ‖θ[1:]‖₁=1977.041, num_selected_knots=1909
2025-09-06 22:52:45,846 - Iter 3909: obj=-1330.329424, change=1.64e-02, α=1.000, ‖θ[1:]‖₁=1977.149, num_selected_knots=1908
2025-09-06 22:52:49,198 - Iter 3910: obj=-1330.358361, change=1.64e-02, α=1.000, ‖θ[1:]‖₁=1977.258, num_selected_knots=1908
2025-09-06 22:52:52,571 - Iter 3911: obj=-1330.387274, change=1.64e-02, α=1.000, ‖θ[1:]‖₁=1977.366, num_selected_knots=1908
2025-09-06 22:52:55,937 - Iter 3912: obj=-1330.416165, change=1.64e-02, α=1.000, ‖θ[1:]‖₁=1977.474, num_selected_knots=1906
2025-09-06 22:52:59,400 - Iter 3913: obj=-1330.445034, change=1.64e-02, α=1.000, ‖θ[1:]‖₁=1977.582, num_selected_knots=1907
2025-09-06 22:53:02,801 - Iter 3914: obj=-1330.473879, change=1.63e-02, α=1.000, ‖θ[1:]‖₁=1977.690, num_selected_knots=1907
2025-09-06 22:53:06,225 - Iter 3915: obj=-1330.502702, change=1.63e-02, α=1.000, ‖θ[1:]‖₁=1977.798, num_selected_knots=1907
2025-09-06 22:53:09,605 - Iter 3916: obj=-1330.531502, change=1.63e-02, α=1.000, ‖θ[1:]‖₁=1977.906, num_selected_knots=1907
2025-09-06 22:53:12,948 - Iter 3917: obj=-1330.560280, change=1.63e-02, α=1.000, ‖θ[1:]‖₁=1978.014, num_selected_knots=1907
2025-09-06 22:53:16,308 - Iter 3918: obj=-1330.589036, change=1.63e-02, α=1.000, ‖θ[1:]‖₁=1978.122, num_selected_knots=1907
2025-09-06 22:53:19,636 - Iter 3919: obj=-1330.617769, change=1.63e-02, α=1.000, ‖θ[1:]‖₁=1978.230, num_selected_knots=1907
2025-09-06 22:53:23,012 - Iter 3920: obj=-1330.646480, change=1.63e-02, α=1.000, ‖θ[1:]‖₁=1978.337, num_selected_knots=1907
2025-09-06 22:53:26,334 - Iter 3921: obj=-1330.675168, change=1.63e-02, α=1.000, ‖θ[1:]‖₁=1978.445, num_selected_knots=1907
2025-09-06 22:53:29,645 - Iter 3922: obj=-1330.703834, change=1.63e-02, α=1.000, ‖θ[1:]‖₁=1978.553, num_selected_knots=1907
2025-09-06 22:53:32,975 - Iter 3923: obj=-1330.732478, change=1.63e-02, α=1.000, ‖θ[1:]‖₁=1978.660, num_selected_knots=1907
2025-09-06 22:53:36,285 - Iter 3924: obj=-1330.761100, change=1.63e-02, α=1.000, ‖θ[1:]‖₁=1978.768, num_selected_knots=1906
2025-09-06 22:53:39,668 - Iter 3925: obj=-1330.789699, change=1.63e-02, α=1.000, ‖θ[1:]‖₁=1978.876, num_selected_knots=1907
2025-09-06 22:53:43,082 - Iter 3926: obj=-1330.818275, change=1.63e-02, α=1.000, ‖θ[1:]‖₁=1978.983, num_selected_knots=1907
2025-09-06 22:53:46,506 - Iter 3927: obj=-1330.846828, change=1.63e-02, α=1.000, ‖θ[1:]‖₁=1979.090, num_selected_knots=1907
2025-09-06 22:53:49,911 - Iter 3928: obj=-1330.875359, change=1.63e-02, α=1.000, ‖θ[1:]‖₁=1979.198, num_selected_knots=1907
2025-09-06 22:53:53,308 - Iter 3929: obj=-1330.903867, change=1.62e-02, α=1.000, ‖θ[1:]‖₁=1979.305, num_selected_knots=1907
2025-09-06 22:53:56,755 - Iter 3930: obj=-1330.932354, change=1.62e-02, α=1.000, ‖θ[1:]‖₁=1979.413, num_selected_knots=1907
2025-09-06 22:54:00,236 - Iter 3931: obj=-1330.960818, change=1.62e-02, α=1.000, ‖θ[1:]‖₁=1979.520, num_selected_knots=1907
2025-09-06 22:54:03,683 - Iter 3932: obj=-1330.989260, change=1.62e-02, α=1.000, ‖θ[1:]‖₁=1979.627, num_selected_knots=1907
2025-09-06 22:54:07,025 - Iter 3933: obj=-1331.017679, change=1.62e-02, α=1.000, ‖θ[1:]‖₁=1979.734, num_selected_knots=1907
2025-09-06 22:54:10,410 - Iter 3934: obj=-1331.046077, change=1.62e-02, α=1.000, ‖θ[1:]‖₁=1979.841, num_selected_knots=1907
2025-09-06 22:54:13,799 - Iter 3935: obj=-1331.074452, change=1.62e-02, α=1.000, ‖θ[1:]‖₁=1979.948, num_selected_knots=1907
2025-09-06 22:54:17,214 - Iter 3936: obj=-1331.102806, change=1.62e-02, α=1.000, ‖θ[1:]‖₁=1980.055, num_selected_knots=1907
2025-09-06 22:54:20,590 - Iter 3937: obj=-1331.131137, change=1.62e-02, α=1.000, ‖θ[1:]‖₁=1980.162, num_selected_knots=1907
2025-09-06 22:54:23,989 - Iter 3938: obj=-1331.159446, change=1.62e-02, α=1.000, ‖θ[1:]‖₁=1980.269, num_selected_knots=1907
2025-09-06 22:54:27,379 - Iter 3939: obj=-1331.187733, change=1.62e-02, α=1.000, ‖θ[1:]‖₁=1980.376, num_selected_knots=1907
2025-09-06 22:54:30,770 - Iter 3940: obj=-1331.215998, change=1.62e-02, α=1.000, ‖θ[1:]‖₁=1980.483, num_selected_knots=1907
2025-09-06 22:54:34,172 - Iter 3941: obj=-1331.244241, change=1.62e-02, α=1.000, ‖θ[1:]‖₁=1980.589, num_selected_knots=1906
2025-09-06 22:54:37,522 - Iter 3942: obj=-1331.272459, change=1.62e-02, α=1.000, ‖θ[1:]‖₁=1980.696, num_selected_knots=1906
2025-09-06 22:54:40,882 - Iter 3943: obj=-1331.300653, change=1.62e-02, α=1.000, ‖θ[1:]‖₁=1980.803, num_selected_knots=1906
2025-09-06 22:54:44,277 - Iter 3944: obj=-1331.328826, change=1.61e-02, α=1.000, ‖θ[1:]‖₁=1980.909, num_selected_knots=1906
2025-09-06 22:54:47,664 - Iter 3945: obj=-1331.356977, change=1.61e-02, α=1.000, ‖θ[1:]‖₁=1981.016, num_selected_knots=1906
2025-09-06 22:54:51,209 - Iter 3946: obj=-1331.385106, change=1.61e-02, α=1.000, ‖θ[1:]‖₁=1981.122, num_selected_knots=1906
2025-09-06 22:54:54,637 - Iter 3947: obj=-1331.413214, change=1.61e-02, α=1.000, ‖θ[1:]‖₁=1981.229, num_selected_knots=1906
2025-09-06 22:54:58,136 - Iter 3948: obj=-1331.441300, change=1.61e-02, α=1.000, ‖θ[1:]‖₁=1981.335, num_selected_knots=1906
2025-09-06 22:55:01,567 - Iter 3949: obj=-1331.469364, change=1.61e-02, α=1.000, ‖θ[1:]‖₁=1981.441, num_selected_knots=1906
2025-09-06 22:55:04,904 - Iter 3950: obj=-1331.497406, change=1.61e-02, α=1.000, ‖θ[1:]‖₁=1981.548, num_selected_knots=1906
2025-09-06 22:55:08,296 - Iter 3951: obj=-1331.525427, change=1.61e-02, α=1.000, ‖θ[1:]‖₁=1981.654, num_selected_knots=1906
2025-09-06 22:55:11,660 - Iter 3952: obj=-1331.553426, change=1.61e-02, α=1.000, ‖θ[1:]‖₁=1981.760, num_selected_knots=1906
2025-09-06 22:55:15,060 - Iter 3953: obj=-1331.581404, change=1.61e-02, α=1.000, ‖θ[1:]‖₁=1981.866, num_selected_knots=1906
2025-09-06 22:55:18,405 - Iter 3954: obj=-1331.609359, change=1.61e-02, α=1.000, ‖θ[1:]‖₁=1981.972, num_selected_knots=1906
2025-09-06 22:55:21,783 - Iter 3955: obj=-1331.637293, change=1.61e-02, α=1.000, ‖θ[1:]‖₁=1982.078, num_selected_knots=1906
2025-09-06 22:55:25,183 - Iter 3956: obj=-1331.665205, change=1.61e-02, α=1.000, ‖θ[1:]‖₁=1982.184, num_selected_knots=1906
2025-09-06 22:55:28,581 - Iter 3957: obj=-1331.693096, change=1.61e-02, α=1.000, ‖θ[1:]‖₁=1982.290, num_selected_knots=1906
2025-09-06 22:55:32,036 - Iter 3958: obj=-1331.720965, change=1.61e-02, α=1.000, ‖θ[1:]‖₁=1982.396, num_selected_knots=1906
2025-09-06 22:55:35,722 - Iter 3959: obj=-1331.748812, change=1.61e-02, α=1.000, ‖θ[1:]‖₁=1982.502, num_selected_knots=1906
2025-09-06 22:55:39,141 - Iter 3960: obj=-1331.776638, change=1.60e-02, α=1.000, ‖θ[1:]‖₁=1982.608, num_selected_knots=1906
2025-09-06 22:55:42,530 - Iter 3961: obj=-1331.804442, change=1.60e-02, α=1.000, ‖θ[1:]‖₁=1982.713, num_selected_knots=1906
2025-09-06 22:55:45,965 - Iter 3962: obj=-1331.832225, change=1.60e-02, α=1.000, ‖θ[1:]‖₁=1982.819, num_selected_knots=1906
2025-09-06 22:55:49,325 - Iter 3963: obj=-1331.859985, change=1.60e-02, α=1.000, ‖θ[1:]‖₁=1982.925, num_selected_knots=1906
2025-09-06 22:55:52,706 - Iter 3964: obj=-1331.887725, change=1.60e-02, α=1.000, ‖θ[1:]‖₁=1983.031, num_selected_knots=1905
2025-09-06 22:55:56,116 - Iter 3965: obj=-1331.915443, change=1.60e-02, α=1.000, ‖θ[1:]‖₁=1983.136, num_selected_knots=1905
2025-09-06 22:55:59,654 - Iter 3966: obj=-1331.943129, change=1.60e-02, α=1.000, ‖θ[1:]‖₁=1983.242, num_selected_knots=1905
2025-09-06 22:56:03,130 - Iter 3967: obj=-1331.970792, change=1.60e-02, α=1.000, ‖θ[1:]‖₁=1983.348, num_selected_knots=1905
2025-09-06 22:56:06,502 - Iter 3968: obj=-1331.998436, change=1.60e-02, α=1.000, ‖θ[1:]‖₁=1983.453, num_selected_knots=1905
2025-09-06 22:56:09,871 - Iter 3969: obj=-1332.026060, change=1.60e-02, α=1.000, ‖θ[1:]‖₁=1983.559, num_selected_knots=1905
2025-09-06 22:56:13,283 - Iter 3970: obj=-1332.053664, change=1.60e-02, α=1.000, ‖θ[1:]‖₁=1983.664, num_selected_knots=1905
2025-09-06 22:56:16,666 - Iter 3971: obj=-1332.081249, change=1.60e-02, α=1.000, ‖θ[1:]‖₁=1983.770, num_selected_knots=1905
2025-09-06 22:56:20,035 - Iter 3972: obj=-1332.108813, change=1.60e-02, α=1.000, ‖θ[1:]‖₁=1983.875, num_selected_knots=1905
2025-09-06 22:56:23,417 - Iter 3973: obj=-1332.136357, change=1.60e-02, α=1.000, ‖θ[1:]‖₁=1983.980, num_selected_knots=1905
2025-09-06 22:56:26,805 - Iter 3974: obj=-1332.163881, change=1.60e-02, α=1.000, ‖θ[1:]‖₁=1984.086, num_selected_knots=1905
2025-09-06 22:56:30,259 - Iter 3975: obj=-1332.191383, change=1.60e-02, α=1.000, ‖θ[1:]‖₁=1984.191, num_selected_knots=1905
2025-09-06 22:56:33,637 - Iter 3976: obj=-1332.218864, change=1.59e-02, α=1.000, ‖θ[1:]‖₁=1984.296, num_selected_knots=1905
2025-09-06 22:56:36,993 - Iter 3977: obj=-1332.246325, change=1.59e-02, α=1.000, ‖θ[1:]‖₁=1984.401, num_selected_knots=1905
2025-09-06 22:56:40,363 - Iter 3978: obj=-1332.273764, change=1.59e-02, α=1.000, ‖θ[1:]‖₁=1984.506, num_selected_knots=1905
2025-09-06 22:56:43,708 - Iter 3979: obj=-1332.301182, change=1.59e-02, α=1.000, ‖θ[1:]‖₁=1984.611, num_selected_knots=1905
2025-09-06 22:56:47,074 - Iter 3980: obj=-1332.328578, change=1.59e-02, α=1.000, ‖θ[1:]‖₁=1984.716, num_selected_knots=1905
2025-09-06 22:56:50,423 - Iter 3981: obj=-1332.355954, change=1.59e-02, α=1.000, ‖θ[1:]‖₁=1984.821, num_selected_knots=1904
2025-09-06 22:56:53,805 - Iter 3982: obj=-1332.383308, change=1.59e-02, α=1.000, ‖θ[1:]‖₁=1984.925, num_selected_knots=1904
2025-09-06 22:56:57,136 - Iter 3983: obj=-1332.410640, change=1.59e-02, α=1.000, ‖θ[1:]‖₁=1985.030, num_selected_knots=1904
2025-09-06 22:57:00,767 - Iter 3984: obj=-1332.437951, change=1.59e-02, α=1.000, ‖θ[1:]‖₁=1985.135, num_selected_knots=1903
2025-09-06 22:57:04,355 - Iter 3985: obj=-1332.465242, change=1.59e-02, α=1.000, ‖θ[1:]‖₁=1985.240, num_selected_knots=1903
2025-09-06 22:57:07,893 - Iter 3986: obj=-1332.492512, change=1.59e-02, α=1.000, ‖θ[1:]‖₁=1985.344, num_selected_knots=1902
2025-09-06 22:57:11,287 - Iter 3987: obj=-1332.519756, change=1.59e-02, α=1.000, ‖θ[1:]‖₁=1985.449, num_selected_knots=1902
2025-09-06 22:57:14,668 - Iter 3988: obj=-1332.546979, change=1.59e-02, α=1.000, ‖θ[1:]‖₁=1985.553, num_selected_knots=1902
2025-09-06 22:57:18,046 - Iter 3989: obj=-1332.574181, change=1.59e-02, α=1.000, ‖θ[1:]‖₁=1985.657, num_selected_knots=1902
2025-09-06 22:57:21,490 - Iter 3990: obj=-1332.601361, change=1.59e-02, α=1.000, ‖θ[1:]‖₁=1985.762, num_selected_knots=1902
2025-09-06 22:57:24,843 - Iter 3991: obj=-1332.628520, change=1.58e-02, α=1.000, ‖θ[1:]‖₁=1985.866, num_selected_knots=1901
2025-09-06 22:57:28,208 - Iter 3992: obj=-1332.655660, change=1.58e-02, α=1.000, ‖θ[1:]‖₁=1985.970, num_selected_knots=1901
2025-09-06 22:57:31,651 - Iter 3993: obj=-1332.682778, change=1.58e-02, α=1.000, ‖θ[1:]‖₁=1986.074, num_selected_knots=1901
2025-09-06 22:57:35,052 - Iter 3994: obj=-1332.709875, change=1.58e-02, α=1.000, ‖θ[1:]‖₁=1986.179, num_selected_knots=1901
2025-09-06 22:57:38,446 - Iter 3995: obj=-1332.736950, change=1.58e-02, α=1.000, ‖θ[1:]‖₁=1986.283, num_selected_knots=1901
2025-09-06 22:57:41,885 - Iter 3996: obj=-1332.764004, change=1.58e-02, α=1.000, ‖θ[1:]‖₁=1986.387, num_selected_knots=1901
2025-09-06 22:57:45,284 - Iter 3997: obj=-1332.791037, change=1.58e-02, α=1.000, ‖θ[1:]‖₁=1986.491, num_selected_knots=1901
2025-09-06 22:57:48,669 - Iter 3998: obj=-1332.818048, change=1.58e-02, α=1.000, ‖θ[1:]‖₁=1986.595, num_selected_knots=1901
2025-09-06 22:57:52,242 - Iter 3999: obj=-1332.845038, change=1.58e-02, α=1.000, ‖θ[1:]‖₁=1986.699, num_selected_knots=1901
2025-09-06 22:57:55,622 - Iter 4000: obj=-1332.872007, change=1.58e-02, α=1.000, ‖θ[1:]‖₁=1986.802, num_selected_knots=1901
2025-09-06 22:57:55,638 - Final: obj=-1332.898955, selected_knots=1901, iterations=4001
