2025-09-07 16:38:11,406 - FISTA: lam=1.0, L=1000000.0, n_grid=200, basis_order=1, n_samples=3200, K=3202
2025-09-07 16:38:11,511 - Iter   10: loss=-644.0800, change=4.92e-03, ‖θ[1:]‖₁=5.249, num_selected_knots=3199
2025-09-07 16:38:11,602 - Iter   20: loss=-1188.8967, change=2.04e-02, ‖θ[1:]‖₁=12.223, num_selected_knots=3200
2025-09-07 16:38:11,686 - Iter   30: loss=-1722.0293, change=2.56e-02, ‖θ[1:]‖₁=21.772, num_selected_knots=3200
2025-09-07 16:38:11,772 - Iter   40: loss=-2085.5986, change=2.72e-02, ‖θ[1:]‖₁=31.628, num_selected_knots=3201
2025-09-07 16:38:11,854 - Iter   50: loss=-2275.8254, change=2.40e-02, ‖θ[1:]‖₁=40.318, num_selected_knots=3201
2025-09-07 16:38:11,935 - Iter   60: loss=-2357.1938, change=1.95e-02, ‖θ[1:]‖₁=47.080, num_selected_knots=3201
2025-09-07 16:38:12,018 - Iter   70: loss=-2388.9590, change=1.46e-02, ‖θ[1:]‖₁=51.695, num_selected_knots=3201
2025-09-07 16:38:12,114 - Iter   80: loss=-2406.6711, change=9.86e-03, ‖θ[1:]‖₁=54.310, num_selected_knots=3201
2025-09-07 16:38:12,208 - Iter   90: loss=-2425.9116, change=5.69e-03, ‖θ[1:]‖₁=55.244, num_selected_knots=3201
2025-09-07 16:38:12,292 - Iter  100: loss=-2449.7065, change=2.51e-03, ‖θ[1:]‖₁=54.970, num_selected_knots=3200
2025-09-07 16:38:12,371 - Iter  110: loss=-2475.0137, change=1.54e-03, ‖θ[1:]‖₁=53.977, num_selected_knots=3201
2025-09-07 16:38:12,451 - Iter  120: loss=-2497.6733, change=1.59e-03, ‖θ[1:]‖₁=52.745, num_selected_knots=3201
2025-09-07 16:38:12,532 - Iter  130: loss=-2515.5374, change=1.67e-03, ‖θ[1:]‖₁=51.689, num_selected_knots=3201
2025-09-07 16:38:12,611 - Iter  140: loss=-2529.3442, change=1.78e-03, ‖θ[1:]‖₁=51.110, num_selected_knots=3201
2025-09-07 16:38:12,689 - Iter  150: loss=-2541.4663, change=3.71e-03, ‖θ[1:]‖₁=51.143, num_selected_knots=3201
2025-09-07 16:38:12,766 - Iter  160: loss=-2553.8176, change=5.64e-03, ‖θ[1:]‖₁=51.791, num_selected_knots=3201
2025-09-07 16:38:12,845 - Iter  170: loss=-2566.7178, change=7.08e-03, ‖θ[1:]‖₁=52.933, num_selected_knots=3201
2025-09-07 16:38:12,921 - Iter  180: loss=-2579.2969, change=7.78e-03, ‖θ[1:]‖₁=54.377, num_selected_knots=3201
2025-09-07 16:38:12,995 - Iter  190: loss=-2590.6401, change=7.68e-03, ‖θ[1:]‖₁=55.931, num_selected_knots=3201
2025-09-07 16:38:13,072 - Iter  200: loss=-2600.5063, change=6.90e-03, ‖θ[1:]‖₁=57.405, num_selected_knots=3201
2025-09-07 16:38:13,149 - Iter  210: loss=-2609.2727, change=5.69e-03, ‖θ[1:]‖₁=58.671, num_selected_knots=3201
2025-09-07 16:38:13,227 - Iter  220: loss=-2617.4578, change=4.34e-03, ‖θ[1:]‖₁=59.676, num_selected_knots=3201
2025-09-07 16:38:13,302 - Iter  230: loss=-2625.3374, change=3.08e-03, ‖θ[1:]‖₁=60.423, num_selected_knots=3201
2025-09-07 16:38:13,378 - Iter  240: loss=-2632.8650, change=2.12e-03, ‖θ[1:]‖₁=60.962, num_selected_knots=3201
2025-09-07 16:38:13,457 - Iter  250: loss=-2639.8494, change=1.94e-03, ‖θ[1:]‖₁=61.378, num_selected_knots=3201
2025-09-07 16:38:13,533 - Iter  260: loss=-2646.1750, change=1.94e-03, ‖θ[1:]‖₁=61.766, num_selected_knots=3201
2025-09-07 16:38:13,609 - Iter  270: loss=-2651.9114, change=1.95e-03, ‖θ[1:]‖₁=62.204, num_selected_knots=3201
2025-09-07 16:38:13,688 - Iter  280: loss=-2657.2454, change=1.99e-03, ‖θ[1:]‖₁=62.729, num_selected_knots=3201
2025-09-07 16:38:13,763 - Iter  290: loss=-2662.3477, change=2.48e-03, ‖θ[1:]‖₁=63.385, num_selected_knots=3201
2025-09-07 16:38:13,840 - Iter  300: loss=-2667.2671, change=2.91e-03, ‖θ[1:]‖₁=64.146, num_selected_knots=3201
2025-09-07 16:38:13,920 - Iter  310: loss=-2671.9360, change=3.22e-03, ‖θ[1:]‖₁=64.988, num_selected_knots=3199
2025-09-07 16:38:13,997 - Iter  320: loss=-2676.2524, change=3.34e-03, ‖θ[1:]‖₁=65.861, num_selected_knots=3199
2025-09-07 16:38:14,077 - Iter  330: loss=-2680.1606, change=3.26e-03, ‖θ[1:]‖₁=66.713, num_selected_knots=3198
2025-09-07 16:38:14,154 - Iter  340: loss=-2683.6909, change=3.05e-03, ‖θ[1:]‖₁=67.523, num_selected_knots=3199
2025-09-07 16:38:14,231 - Iter  350: loss=-2686.9307, change=2.81e-03, ‖θ[1:]‖₁=68.273, num_selected_knots=3198
2025-09-07 16:38:14,309 - Iter  360: loss=-2689.9727, change=2.66e-03, ‖θ[1:]‖₁=68.899, num_selected_knots=3196
2025-09-07 16:38:14,386 - Iter  370: loss=-2692.8789, change=2.44e-03, ‖θ[1:]‖₁=69.342, num_selected_knots=3197
2025-09-07 16:38:14,465 - Iter  380: loss=-2695.6897, change=2.12e-03, ‖θ[1:]‖₁=69.691, num_selected_knots=3199
2025-09-07 16:38:14,543 - Iter  390: loss=-2698.4001, change=2.01e-03, ‖θ[1:]‖₁=69.944, num_selected_knots=3199
2025-09-07 16:38:14,620 - Iter  400: loss=-2700.9934, change=2.01e-03, ‖θ[1:]‖₁=70.118, num_selected_knots=3199
2025-09-07 16:38:14,698 - Iter  410: loss=-2703.4841, change=2.01e-03, ‖θ[1:]‖₁=70.250, num_selected_knots=3198
2025-09-07 16:38:14,777 - Iter  420: loss=-2705.8921, change=2.19e-03, ‖θ[1:]‖₁=70.337, num_selected_knots=3199
2025-09-07 16:38:14,852 - Iter  430: loss=-2708.2537, change=2.36e-03, ‖θ[1:]‖₁=70.460, num_selected_knots=3199
2025-09-07 16:38:14,932 - Iter  440: loss=-2710.5938, change=2.57e-03, ‖θ[1:]‖₁=70.615, num_selected_knots=3199
2025-09-07 16:38:15,011 - Iter  450: loss=-2712.9036, change=2.73e-03, ‖θ[1:]‖₁=70.785, num_selected_knots=3199
2025-09-07 16:38:15,088 - Iter  460: loss=-2715.1565, change=2.77e-03, ‖θ[1:]‖₁=70.954, num_selected_knots=3199
2025-09-07 16:38:15,170 - Iter  470: loss=-2717.3188, change=2.71e-03, ‖θ[1:]‖₁=71.127, num_selected_knots=3198
2025-09-07 16:38:15,249 - Iter  480: loss=-2719.3650, change=2.58e-03, ‖θ[1:]‖₁=71.279, num_selected_knots=3198
2025-09-07 16:38:15,330 - Iter  490: loss=-2721.2842, change=2.37e-03, ‖θ[1:]‖₁=71.382, num_selected_knots=3198
2025-09-07 16:38:15,408 - Iter  500: loss=-2723.0852, change=2.07e-03, ‖θ[1:]‖₁=71.447, num_selected_knots=3197
2025-09-07 16:38:15,488 - Iter  510: loss=-2724.7834, change=1.96e-03, ‖θ[1:]‖₁=71.491, num_selected_knots=3198
2025-09-07 16:38:15,568 - Iter  520: loss=-2726.3901, change=1.95e-03, ‖θ[1:]‖₁=71.497, num_selected_knots=3198
2025-09-07 16:38:15,646 - Iter  530: loss=-2727.9075, change=1.94e-03, ‖θ[1:]‖₁=71.477, num_selected_knots=3198
2025-09-07 16:38:15,726 - Iter  540: loss=-2729.3457, change=1.94e-03, ‖θ[1:]‖₁=71.435, num_selected_knots=3198
2025-09-07 16:38:15,805 - Iter  550: loss=-2730.7219, change=1.93e-03, ‖θ[1:]‖₁=71.425, num_selected_knots=3198
2025-09-07 16:38:15,883 - Iter  560: loss=-2732.0542, change=1.93e-03, ‖θ[1:]‖₁=71.451, num_selected_knots=3198
2025-09-07 16:38:15,964 - Iter  570: loss=-2733.3577, change=1.93e-03, ‖θ[1:]‖₁=71.493, num_selected_knots=3198
2025-09-07 16:38:16,042 - Iter  580: loss=-2734.6489, change=1.93e-03, ‖θ[1:]‖₁=71.535, num_selected_knots=3198
2025-09-07 16:38:16,123 - Iter  590: loss=-2735.9260, change=1.93e-03, ‖θ[1:]‖₁=71.612, num_selected_knots=3198
2025-09-07 16:38:16,201 - Iter  600: loss=-2737.1787, change=1.93e-03, ‖θ[1:]‖₁=71.719, num_selected_knots=3198
2025-09-07 16:38:16,281 - Iter  610: loss=-2738.3979, change=1.93e-03, ‖θ[1:]‖₁=71.817, num_selected_knots=3197
2025-09-07 16:38:16,360 - Iter  620: loss=-2739.5815, change=1.93e-03, ‖θ[1:]‖₁=71.917, num_selected_knots=3197
2025-09-07 16:38:16,437 - Iter  630: loss=-2740.7227, change=1.93e-03, ‖θ[1:]‖₁=72.035, num_selected_knots=3197
2025-09-07 16:38:16,516 - Iter  640: loss=-2741.8315, change=1.94e-03, ‖θ[1:]‖₁=72.164, num_selected_knots=3196
2025-09-07 16:38:16,596 - Iter  650: loss=-2742.9102, change=1.94e-03, ‖θ[1:]‖₁=72.277, num_selected_knots=3197
2025-09-07 16:38:16,675 - Iter  660: loss=-2743.9583, change=1.94e-03, ‖θ[1:]‖₁=72.382, num_selected_knots=3196
2025-09-07 16:38:16,755 - Iter  670: loss=-2744.9897, change=1.94e-03, ‖θ[1:]‖₁=72.491, num_selected_knots=3196
2025-09-07 16:38:16,833 - Iter  680: loss=-2746.0112, change=1.95e-03, ‖θ[1:]‖₁=72.619, num_selected_knots=3195
2025-09-07 16:38:16,912 - Iter  690: loss=-2747.0310, change=1.96e-03, ‖θ[1:]‖₁=72.806, num_selected_knots=3196
2025-09-07 16:38:16,990 - Iter  700: loss=-2748.0596, change=1.96e-03, ‖θ[1:]‖₁=73.041, num_selected_knots=3196
2025-09-07 16:38:17,069 - Iter  710: loss=-2749.1042, change=1.97e-03, ‖θ[1:]‖₁=73.269, num_selected_knots=3196
2025-09-07 16:38:17,149 - Iter  720: loss=-2750.1567, change=1.98e-03, ‖θ[1:]‖₁=73.489, num_selected_knots=3196
2025-09-07 16:38:17,227 - Iter  730: loss=-2751.2146, change=1.99e-03, ‖θ[1:]‖₁=73.694, num_selected_knots=3196
2025-09-07 16:38:17,305 - Iter  740: loss=-2752.2651, change=1.99e-03, ‖θ[1:]‖₁=73.891, num_selected_knots=3196
2025-09-07 16:38:17,385 - Iter  750: loss=-2753.2976, change=1.99e-03, ‖θ[1:]‖₁=74.066, num_selected_knots=3196
2025-09-07 16:38:17,462 - Iter  760: loss=-2754.3020, change=1.99e-03, ‖θ[1:]‖₁=74.256, num_selected_knots=3195
2025-09-07 16:38:17,543 - Iter  770: loss=-2755.2725, change=1.99e-03, ‖θ[1:]‖₁=74.478, num_selected_knots=3196
2025-09-07 16:38:17,621 - Iter  780: loss=-2756.2065, change=1.98e-03, ‖θ[1:]‖₁=74.699, num_selected_knots=3196
2025-09-07 16:38:17,699 - Iter  790: loss=-2757.1006, change=1.98e-03, ‖θ[1:]‖₁=74.892, num_selected_knots=3196
2025-09-07 16:38:17,780 - Iter  800: loss=-2757.9612, change=1.97e-03, ‖θ[1:]‖₁=75.058, num_selected_knots=3196
2025-09-07 16:38:17,858 - Iter  810: loss=-2758.7878, change=1.96e-03, ‖θ[1:]‖₁=75.211, num_selected_knots=3196
2025-09-07 16:38:17,937 - Iter  820: loss=-2759.5852, change=1.96e-03, ‖θ[1:]‖₁=75.361, num_selected_knots=3195
2025-09-07 16:38:18,015 - Iter  830: loss=-2760.3623, change=1.95e-03, ‖θ[1:]‖₁=75.514, num_selected_knots=3195
2025-09-07 16:38:18,092 - Iter  840: loss=-2761.1189, change=1.94e-03, ‖θ[1:]‖₁=75.658, num_selected_knots=3195
2025-09-07 16:38:18,171 - Iter  850: loss=-2761.8567, change=1.93e-03, ‖θ[1:]‖₁=75.793, num_selected_knots=3195
2025-09-07 16:38:18,249 - Iter  860: loss=-2762.5781, change=1.93e-03, ‖θ[1:]‖₁=75.919, num_selected_knots=3195
2025-09-07 16:38:18,330 - Iter  870: loss=-2763.2842, change=1.92e-03, ‖θ[1:]‖₁=76.055, num_selected_knots=3195
2025-09-07 16:38:18,409 - Iter  880: loss=-2763.9722, change=1.91e-03, ‖θ[1:]‖₁=76.186, num_selected_knots=3195
2025-09-07 16:38:18,487 - Iter  890: loss=-2764.6406, change=1.90e-03, ‖θ[1:]‖₁=76.304, num_selected_knots=3195
2025-09-07 16:38:18,567 - Iter  900: loss=-2765.2844, change=1.89e-03, ‖θ[1:]‖₁=76.425, num_selected_knots=3195
2025-09-07 16:38:18,644 - Iter  910: loss=-2765.9026, change=1.89e-03, ‖θ[1:]‖₁=76.526, num_selected_knots=3195
2025-09-07 16:38:18,724 - Iter  920: loss=-2766.4932, change=1.88e-03, ‖θ[1:]‖₁=76.595, num_selected_knots=3195
2025-09-07 16:38:18,803 - Iter  930: loss=-2767.0588, change=1.87e-03, ‖θ[1:]‖₁=76.650, num_selected_knots=3194
2025-09-07 16:38:18,881 - Iter  940: loss=-2767.6021, change=1.87e-03, ‖θ[1:]‖₁=76.699, num_selected_knots=3193
2025-09-07 16:38:18,961 - Iter  950: loss=-2768.1245, change=1.86e-03, ‖θ[1:]‖₁=76.729, num_selected_knots=3193
2025-09-07 16:38:19,038 - Iter  960: loss=-2768.6304, change=1.85e-03, ‖θ[1:]‖₁=76.742, num_selected_knots=3193
2025-09-07 16:38:19,117 - Iter  970: loss=-2769.1213, change=1.85e-03, ‖θ[1:]‖₁=76.755, num_selected_knots=3193
2025-09-07 16:38:19,198 - Iter  980: loss=-2769.5994, change=1.84e-03, ‖θ[1:]‖₁=76.774, num_selected_knots=3193
2025-09-07 16:38:19,276 - Iter  990: loss=-2770.0635, change=1.84e-03, ‖θ[1:]‖₁=76.769, num_selected_knots=3192
2025-09-07 16:38:19,356 - Iter 1000: loss=-2770.5129, change=1.84e-03, ‖θ[1:]‖₁=76.756, num_selected_knots=3193
2025-09-07 16:38:19,435 - Iter 1010: loss=-2770.9512, change=1.83e-03, ‖θ[1:]‖₁=76.733, num_selected_knots=3193
2025-09-07 16:38:19,514 - Iter 1020: loss=-2771.3772, change=1.83e-03, ‖θ[1:]‖₁=76.710, num_selected_knots=3191
2025-09-07 16:38:19,594 - Iter 1030: loss=-2771.7893, change=1.83e-03, ‖θ[1:]‖₁=76.674, num_selected_knots=3192
2025-09-07 16:38:19,674 - Iter 1040: loss=-2772.1887, change=1.83e-03, ‖θ[1:]‖₁=76.616, num_selected_knots=3192
2025-09-07 16:38:19,752 - Iter 1050: loss=-2772.5691, change=1.82e-03, ‖θ[1:]‖₁=76.549, num_selected_knots=3192
2025-09-07 16:38:19,831 - Iter 1060: loss=-2772.9316, change=1.82e-03, ‖θ[1:]‖₁=76.481, num_selected_knots=3189
2025-09-07 16:38:19,911 - Iter 1070: loss=-2773.2781, change=1.81e-03, ‖θ[1:]‖₁=76.407, num_selected_knots=3191
2025-09-07 16:38:19,988 - Iter 1080: loss=-2773.6077, change=1.81e-03, ‖θ[1:]‖₁=76.320, num_selected_knots=3190
2025-09-07 16:38:20,067 - Iter 1090: loss=-2773.9246, change=1.81e-03, ‖θ[1:]‖₁=76.222, num_selected_knots=3190
2025-09-07 16:38:20,146 - Iter 1100: loss=-2774.2327, change=1.81e-03, ‖θ[1:]‖₁=76.129, num_selected_knots=3190
2025-09-07 16:38:20,226 - Iter 1110: loss=-2774.5332, change=1.80e-03, ‖θ[1:]‖₁=76.031, num_selected_knots=3190
2025-09-07 16:38:20,304 - Iter 1120: loss=-2774.8311, change=1.80e-03, ‖θ[1:]‖₁=75.940, num_selected_knots=3189
2025-09-07 16:38:20,384 - Iter 1130: loss=-2775.1260, change=1.80e-03, ‖θ[1:]‖₁=75.846, num_selected_knots=3190
2025-09-07 16:38:20,463 - Iter 1140: loss=-2775.4187, change=1.80e-03, ‖θ[1:]‖₁=75.761, num_selected_knots=3189
2025-09-07 16:38:20,543 - Iter 1150: loss=-2775.7104, change=1.79e-03, ‖θ[1:]‖₁=75.678, num_selected_knots=3188
2025-09-07 16:38:20,622 - Iter 1160: loss=-2776.0024, change=1.79e-03, ‖θ[1:]‖₁=75.617, num_selected_knots=3189
2025-09-07 16:38:20,700 - Iter 1170: loss=-2776.2878, change=1.79e-03, ‖θ[1:]‖₁=75.561, num_selected_knots=3190
2025-09-07 16:38:20,781 - Iter 1180: loss=-2776.5713, change=1.79e-03, ‖θ[1:]‖₁=75.505, num_selected_knots=3190
2025-09-07 16:38:20,860 - Iter 1190: loss=-2776.8525, change=1.79e-03, ‖θ[1:]‖₁=75.451, num_selected_knots=3189
2025-09-07 16:38:20,939 - Iter 1200: loss=-2777.1338, change=1.79e-03, ‖θ[1:]‖₁=75.411, num_selected_knots=3190
2025-09-07 16:38:21,018 - Iter 1210: loss=-2777.4153, change=1.79e-03, ‖θ[1:]‖₁=75.368, num_selected_knots=3189
2025-09-07 16:38:21,096 - Iter 1220: loss=-2777.6995, change=1.79e-03, ‖θ[1:]‖₁=75.326, num_selected_knots=3189
2025-09-07 16:38:21,174 - Iter 1230: loss=-2777.9863, change=1.79e-03, ‖θ[1:]‖₁=75.275, num_selected_knots=3187
2025-09-07 16:38:21,252 - Iter 1240: loss=-2778.2781, change=1.79e-03, ‖θ[1:]‖₁=75.224, num_selected_knots=3186
2025-09-07 16:38:21,331 - Iter 1250: loss=-2778.5757, change=1.79e-03, ‖θ[1:]‖₁=75.176, num_selected_knots=3186
2025-09-07 16:38:21,408 - Iter 1260: loss=-2778.8782, change=1.79e-03, ‖θ[1:]‖₁=75.133, num_selected_knots=3184
2025-09-07 16:38:21,488 - Iter 1270: loss=-2779.1804, change=1.79e-03, ‖θ[1:]‖₁=75.113, num_selected_knots=3183
2025-09-07 16:38:21,565 - Iter 1280: loss=-2779.4824, change=1.79e-03, ‖θ[1:]‖₁=75.110, num_selected_knots=3178
2025-09-07 16:38:21,643 - Iter 1290: loss=-2779.7825, change=1.79e-03, ‖θ[1:]‖₁=75.122, num_selected_knots=3174
2025-09-07 16:38:21,721 - Iter 1300: loss=-2780.0754, change=1.78e-03, ‖θ[1:]‖₁=75.130, num_selected_knots=3170
2025-09-07 16:38:21,799 - Iter 1310: loss=-2780.3633, change=1.78e-03, ‖θ[1:]‖₁=75.135, num_selected_knots=3167
2025-09-07 16:38:21,878 - Iter 1320: loss=-2780.6443, change=1.78e-03, ‖θ[1:]‖₁=75.134, num_selected_knots=3163
2025-09-07 16:38:21,955 - Iter 1330: loss=-2780.9172, change=1.78e-03, ‖θ[1:]‖₁=75.124, num_selected_knots=3160
2025-09-07 16:38:22,035 - Iter 1340: loss=-2781.1853, change=1.77e-03, ‖θ[1:]‖₁=75.108, num_selected_knots=3156
2025-09-07 16:38:22,113 - Iter 1350: loss=-2781.4451, change=1.77e-03, ‖θ[1:]‖₁=75.091, num_selected_knots=3152
2025-09-07 16:38:22,189 - Iter 1360: loss=-2781.7019, change=1.77e-03, ‖θ[1:]‖₁=75.083, num_selected_knots=3146
2025-09-07 16:38:22,268 - Iter 1370: loss=-2781.9521, change=1.76e-03, ‖θ[1:]‖₁=75.062, num_selected_knots=3144
2025-09-07 16:38:22,345 - Iter 1380: loss=-2782.1997, change=1.76e-03, ‖θ[1:]‖₁=75.034, num_selected_knots=3137
2025-09-07 16:38:22,426 - Iter 1390: loss=-2782.4451, change=1.76e-03, ‖θ[1:]‖₁=75.004, num_selected_knots=3133
2025-09-07 16:38:22,506 - Iter 1400: loss=-2782.6851, change=1.75e-03, ‖θ[1:]‖₁=74.968, num_selected_knots=3124
2025-09-07 16:38:22,583 - Iter 1410: loss=-2782.9197, change=1.75e-03, ‖θ[1:]‖₁=74.920, num_selected_knots=3122
2025-09-07 16:38:22,662 - Iter 1420: loss=-2783.1504, change=1.74e-03, ‖θ[1:]‖₁=74.869, num_selected_knots=3115
2025-09-07 16:38:22,740 - Iter 1430: loss=-2783.3794, change=1.74e-03, ‖θ[1:]‖₁=74.824, num_selected_knots=3110
2025-09-07 16:38:22,819 - Iter 1440: loss=-2783.6077, change=1.74e-03, ‖θ[1:]‖₁=74.784, num_selected_knots=3110
2025-09-07 16:38:22,899 - Iter 1450: loss=-2783.8384, change=1.73e-03, ‖θ[1:]‖₁=74.741, num_selected_knots=3105
2025-09-07 16:38:22,978 - Iter 1460: loss=-2784.0674, change=1.73e-03, ‖θ[1:]‖₁=74.692, num_selected_knots=3102
2025-09-07 16:38:23,058 - Iter 1470: loss=-2784.2939, change=1.72e-03, ‖θ[1:]‖₁=74.644, num_selected_knots=3099
2025-09-07 16:38:23,135 - Iter 1480: loss=-2784.5173, change=1.72e-03, ‖θ[1:]‖₁=74.606, num_selected_knots=3098
2025-09-07 16:38:23,213 - Iter 1490: loss=-2784.7336, change=1.71e-03, ‖θ[1:]‖₁=74.557, num_selected_knots=3097
2025-09-07 16:38:23,291 - Iter 1500: loss=-2784.9429, change=1.71e-03, ‖θ[1:]‖₁=74.506, num_selected_knots=3093
2025-09-07 16:38:23,370 - Iter 1510: loss=-2785.1472, change=1.71e-03, ‖θ[1:]‖₁=74.451, num_selected_knots=3093
2025-09-07 16:38:23,449 - Iter 1520: loss=-2785.3455, change=1.71e-03, ‖θ[1:]‖₁=74.389, num_selected_knots=3088
2025-09-07 16:38:23,528 - Iter 1530: loss=-2785.5396, change=1.70e-03, ‖θ[1:]‖₁=74.328, num_selected_knots=3084
2025-09-07 16:38:23,606 - Iter 1540: loss=-2785.7285, change=1.70e-03, ‖θ[1:]‖₁=74.266, num_selected_knots=3083
2025-09-07 16:38:23,685 - Iter 1550: loss=-2785.9143, change=1.70e-03, ‖θ[1:]‖₁=74.205, num_selected_knots=3082
2025-09-07 16:38:23,762 - Iter 1560: loss=-2786.0974, change=1.69e-03, ‖θ[1:]‖₁=74.149, num_selected_knots=3079
2025-09-07 16:38:23,842 - Iter 1570: loss=-2786.2778, change=1.69e-03, ‖θ[1:]‖₁=74.101, num_selected_knots=3081
2025-09-07 16:38:23,922 - Iter 1580: loss=-2786.4551, change=1.69e-03, ‖θ[1:]‖₁=74.050, num_selected_knots=3078
2025-09-07 16:38:23,998 - Iter 1590: loss=-2786.6306, change=1.69e-03, ‖θ[1:]‖₁=73.992, num_selected_knots=3076
2025-09-07 16:38:24,077 - Iter 1600: loss=-2786.8022, change=1.69e-03, ‖θ[1:]‖₁=73.925, num_selected_knots=3073
2025-09-07 16:38:24,157 - Iter 1610: loss=-2786.9683, change=1.69e-03, ‖θ[1:]‖₁=73.852, num_selected_knots=3071
2025-09-07 16:38:24,236 - Iter 1620: loss=-2787.1287, change=1.68e-03, ‖θ[1:]‖₁=73.789, num_selected_knots=3068
2025-09-07 16:38:24,315 - Iter 1630: loss=-2787.2859, change=1.68e-03, ‖θ[1:]‖₁=73.719, num_selected_knots=3070
2025-09-07 16:38:24,394 - Iter 1640: loss=-2787.4412, change=1.68e-03, ‖θ[1:]‖₁=73.647, num_selected_knots=3066
2025-09-07 16:38:24,473 - Iter 1650: loss=-2787.5933, change=1.68e-03, ‖θ[1:]‖₁=73.568, num_selected_knots=3066
2025-09-07 16:38:24,552 - Iter 1660: loss=-2787.7400, change=1.67e-03, ‖θ[1:]‖₁=73.479, num_selected_knots=3066
2025-09-07 16:38:24,632 - Iter 1670: loss=-2787.8826, change=1.67e-03, ‖θ[1:]‖₁=73.383, num_selected_knots=3061
2025-09-07 16:38:24,710 - Iter 1680: loss=-2788.0251, change=1.67e-03, ‖θ[1:]‖₁=73.288, num_selected_knots=3061
2025-09-07 16:38:24,790 - Iter 1690: loss=-2788.1650, change=1.67e-03, ‖θ[1:]‖₁=73.198, num_selected_knots=3062
2025-09-07 16:38:24,870 - Iter 1700: loss=-2788.3049, change=1.67e-03, ‖θ[1:]‖₁=73.111, num_selected_knots=3067
2025-09-07 16:38:24,949 - Iter 1710: loss=-2788.4465, change=1.66e-03, ‖θ[1:]‖₁=73.026, num_selected_knots=3066
2025-09-07 16:38:25,031 - Iter 1720: loss=-2788.5879, change=1.66e-03, ‖θ[1:]‖₁=72.941, num_selected_knots=3063
2025-09-07 16:38:25,109 - Iter 1730: loss=-2788.7292, change=1.66e-03, ‖θ[1:]‖₁=72.859, num_selected_knots=3055
2025-09-07 16:38:25,188 - Iter 1740: loss=-2788.8694, change=1.66e-03, ‖θ[1:]‖₁=72.778, num_selected_knots=3053
2025-09-07 16:38:25,268 - Iter 1750: loss=-2789.0056, change=1.65e-03, ‖θ[1:]‖₁=72.693, num_selected_knots=3051
2025-09-07 16:38:25,348 - Iter 1760: loss=-2789.1372, change=1.65e-03, ‖θ[1:]‖₁=72.610, num_selected_knots=3047
2025-09-07 16:38:25,427 - Iter 1770: loss=-2789.2668, change=1.64e-03, ‖θ[1:]‖₁=72.526, num_selected_knots=3044
2025-09-07 16:38:25,505 - Iter 1780: loss=-2789.3936, change=1.64e-03, ‖θ[1:]‖₁=72.451, num_selected_knots=3041
2025-09-07 16:38:25,585 - Iter 1790: loss=-2789.5205, change=1.64e-03, ‖θ[1:]‖₁=72.403, num_selected_knots=3035
2025-09-07 16:38:25,664 - Iter 1800: loss=-2789.6475, change=1.63e-03, ‖θ[1:]‖₁=72.357, num_selected_knots=3031
2025-09-07 16:38:25,742 - Iter 1810: loss=-2789.7761, change=1.63e-03, ‖θ[1:]‖₁=72.311, num_selected_knots=3026
2025-09-07 16:38:25,823 - Iter 1820: loss=-2789.9045, change=1.63e-03, ‖θ[1:]‖₁=72.261, num_selected_knots=3022
2025-09-07 16:38:25,900 - Iter 1830: loss=-2790.0332, change=1.63e-03, ‖θ[1:]‖₁=72.212, num_selected_knots=3022
2025-09-07 16:38:25,977 - Iter 1840: loss=-2790.1619, change=1.62e-03, ‖θ[1:]‖₁=72.172, num_selected_knots=3021
2025-09-07 16:38:26,059 - Iter 1850: loss=-2790.2920, change=1.62e-03, ‖θ[1:]‖₁=72.138, num_selected_knots=3017
2025-09-07 16:38:26,136 - Iter 1860: loss=-2790.4216, change=1.62e-03, ‖θ[1:]‖₁=72.102, num_selected_knots=3012
2025-09-07 16:38:26,217 - Iter 1870: loss=-2790.5518, change=1.62e-03, ‖θ[1:]‖₁=72.068, num_selected_knots=3012
2025-09-07 16:38:26,296 - Iter 1880: loss=-2790.6809, change=1.61e-03, ‖θ[1:]‖₁=72.044, num_selected_knots=3009
2025-09-07 16:38:26,372 - Iter 1890: loss=-2790.8083, change=1.61e-03, ‖θ[1:]‖₁=72.020, num_selected_knots=3003
2025-09-07 16:38:26,454 - Iter 1900: loss=-2790.9331, change=1.61e-03, ‖θ[1:]‖₁=71.993, num_selected_knots=3003
2025-09-07 16:38:26,531 - Iter 1910: loss=-2791.0562, change=1.60e-03, ‖θ[1:]‖₁=71.965, num_selected_knots=3003
2025-09-07 16:38:26,608 - Iter 1920: loss=-2791.1775, change=1.60e-03, ‖θ[1:]‖₁=71.933, num_selected_knots=2999
2025-09-07 16:38:26,689 - Iter 1930: loss=-2791.2964, change=1.60e-03, ‖θ[1:]‖₁=71.913, num_selected_knots=2995
2025-09-07 16:38:26,767 - Iter 1940: loss=-2791.4150, change=1.59e-03, ‖θ[1:]‖₁=71.896, num_selected_knots=2991
2025-09-07 16:38:26,848 - Iter 1950: loss=-2791.5361, change=1.59e-03, ‖θ[1:]‖₁=71.876, num_selected_knots=2987
2025-09-07 16:38:26,926 - Iter 1960: loss=-2791.6553, change=1.59e-03, ‖θ[1:]‖₁=71.864, num_selected_knots=2984
2025-09-07 16:38:27,004 - Iter 1970: loss=-2791.7749, change=1.59e-03, ‖θ[1:]‖₁=71.846, num_selected_knots=2982
2025-09-07 16:38:27,085 - Iter 1980: loss=-2791.8931, change=1.58e-03, ‖θ[1:]‖₁=71.830, num_selected_knots=2981
2025-09-07 16:38:27,163 - Iter 1990: loss=-2792.0122, change=1.58e-03, ‖θ[1:]‖₁=71.814, num_selected_knots=2975
2025-09-07 16:38:27,242 - Iter 2000: loss=-2792.1292, change=1.57e-03, ‖θ[1:]‖₁=71.792, num_selected_knots=2969
2025-09-07 16:38:27,320 - Iter 2010: loss=-2792.2439, change=1.57e-03, ‖θ[1:]‖₁=71.764, num_selected_knots=2960
2025-09-07 16:38:27,398 - Iter 2020: loss=-2792.3577, change=1.56e-03, ‖θ[1:]‖₁=71.736, num_selected_knots=2960
2025-09-07 16:38:27,479 - Iter 2030: loss=-2792.4727, change=1.56e-03, ‖θ[1:]‖₁=71.707, num_selected_knots=2958
2025-09-07 16:38:27,558 - Iter 2040: loss=-2792.5837, change=1.55e-03, ‖θ[1:]‖₁=71.674, num_selected_knots=2952
2025-09-07 16:38:27,639 - Iter 2050: loss=-2792.6934, change=1.55e-03, ‖θ[1:]‖₁=71.640, num_selected_knots=2951
2025-09-07 16:38:27,720 - Iter 2060: loss=-2792.8032, change=1.54e-03, ‖θ[1:]‖₁=71.607, num_selected_knots=2948
2025-09-07 16:38:27,797 - Iter 2070: loss=-2792.9106, change=1.54e-03, ‖θ[1:]‖₁=71.579, num_selected_knots=2942
2025-09-07 16:38:27,877 - Iter 2080: loss=-2793.0156, change=1.53e-03, ‖θ[1:]‖₁=71.553, num_selected_knots=2936
2025-09-07 16:38:27,954 - Iter 2090: loss=-2793.1191, change=1.53e-03, ‖θ[1:]‖₁=71.529, num_selected_knots=2930
2025-09-07 16:38:28,033 - Iter 2100: loss=-2793.2229, change=1.52e-03, ‖θ[1:]‖₁=71.501, num_selected_knots=2919
2025-09-07 16:38:28,112 - Iter 2110: loss=-2793.3252, change=1.52e-03, ‖θ[1:]‖₁=71.479, num_selected_knots=2916
2025-09-07 16:38:28,189 - Iter 2120: loss=-2793.4250, change=1.51e-03, ‖θ[1:]‖₁=71.451, num_selected_knots=2909
2025-09-07 16:38:28,270 - Iter 2130: loss=-2793.5239, change=1.51e-03, ‖θ[1:]‖₁=71.421, num_selected_knots=2917
2025-09-07 16:38:28,348 - Iter 2140: loss=-2793.6235, change=1.50e-03, ‖θ[1:]‖₁=71.389, num_selected_knots=2928
2025-09-07 16:38:28,426 - Iter 2150: loss=-2793.7224, change=1.50e-03, ‖θ[1:]‖₁=71.357, num_selected_knots=2941
2025-09-07 16:38:28,505 - Iter 2160: loss=-2793.8215, change=1.49e-03, ‖θ[1:]‖₁=71.325, num_selected_knots=2946
2025-09-07 16:38:28,582 - Iter 2170: loss=-2793.9216, change=1.49e-03, ‖θ[1:]‖₁=71.292, num_selected_knots=2941
2025-09-07 16:38:28,663 - Iter 2180: loss=-2794.0200, change=1.48e-03, ‖θ[1:]‖₁=71.263, num_selected_knots=2934
2025-09-07 16:38:28,740 - Iter 2190: loss=-2794.1191, change=1.48e-03, ‖θ[1:]‖₁=71.232, num_selected_knots=2928
2025-09-07 16:38:28,821 - Iter 2200: loss=-2794.2151, change=1.48e-03, ‖θ[1:]‖₁=71.198, num_selected_knots=2922
2025-09-07 16:38:28,899 - Iter 2210: loss=-2794.3081, change=1.47e-03, ‖θ[1:]‖₁=71.175, num_selected_knots=2921
2025-09-07 16:38:28,976 - Iter 2220: loss=-2794.3965, change=1.47e-03, ‖θ[1:]‖₁=71.162, num_selected_knots=2913
2025-09-07 16:38:29,055 - Iter 2230: loss=-2794.4797, change=1.46e-03, ‖θ[1:]‖₁=71.140, num_selected_knots=2906
2025-09-07 16:38:29,133 - Iter 2240: loss=-2794.5591, change=1.46e-03, ‖θ[1:]‖₁=71.122, num_selected_knots=2889
2025-09-07 16:38:29,209 - Iter 2250: loss=-2794.6350, change=1.46e-03, ‖θ[1:]‖₁=71.102, num_selected_knots=2886
2025-09-07 16:38:29,291 - Iter 2260: loss=-2794.7085, change=1.45e-03, ‖θ[1:]‖₁=71.079, num_selected_knots=2874
2025-09-07 16:38:29,369 - Iter 2270: loss=-2794.7825, change=1.45e-03, ‖θ[1:]‖₁=71.072, num_selected_knots=2863
2025-09-07 16:38:29,449 - Iter 2280: loss=-2794.8564, change=1.44e-03, ‖θ[1:]‖₁=71.065, num_selected_knots=2861
2025-09-07 16:38:29,525 - Iter 2290: loss=-2794.9312, change=1.44e-03, ‖θ[1:]‖₁=71.048, num_selected_knots=2855
2025-09-07 16:38:29,603 - Iter 2300: loss=-2795.0063, change=1.43e-03, ‖θ[1:]‖₁=71.022, num_selected_knots=2842
2025-09-07 16:38:29,684 - Iter 2310: loss=-2795.0830, change=1.43e-03, ‖θ[1:]‖₁=71.000, num_selected_knots=2834
2025-09-07 16:38:29,762 - Iter 2320: loss=-2795.1631, change=1.42e-03, ‖θ[1:]‖₁=70.982, num_selected_knots=2829
2025-09-07 16:38:29,841 - Iter 2330: loss=-2795.2463, change=1.42e-03, ‖θ[1:]‖₁=70.971, num_selected_knots=2817
2025-09-07 16:38:29,921 - Iter 2340: loss=-2795.3311, change=1.41e-03, ‖θ[1:]‖₁=70.970, num_selected_knots=2812
2025-09-07 16:38:29,999 - Iter 2350: loss=-2795.4172, change=1.41e-03, ‖θ[1:]‖₁=70.971, num_selected_knots=2799
2025-09-07 16:38:30,079 - Iter 2360: loss=-2795.5015, change=1.40e-03, ‖θ[1:]‖₁=70.973, num_selected_knots=2784
2025-09-07 16:38:30,159 - Iter 2370: loss=-2795.5828, change=1.40e-03, ‖θ[1:]‖₁=70.961, num_selected_knots=2772
2025-09-07 16:38:30,238 - Iter 2380: loss=-2795.6582, change=1.39e-03, ‖θ[1:]‖₁=70.939, num_selected_knots=2758
2025-09-07 16:38:30,318 - Iter 2390: loss=-2795.7312, change=1.39e-03, ‖θ[1:]‖₁=70.909, num_selected_knots=2745
2025-09-07 16:38:30,396 - Iter 2400: loss=-2795.8005, change=1.38e-03, ‖θ[1:]‖₁=70.879, num_selected_knots=2750
2025-09-07 16:38:30,477 - Iter 2410: loss=-2795.8713, change=1.38e-03, ‖θ[1:]‖₁=70.858, num_selected_knots=2763
2025-09-07 16:38:30,555 - Iter 2420: loss=-2795.9441, change=1.38e-03, ‖θ[1:]‖₁=70.845, num_selected_knots=2754
2025-09-07 16:38:30,632 - Iter 2430: loss=-2796.0154, change=1.37e-03, ‖θ[1:]‖₁=70.842, num_selected_knots=2737
2025-09-07 16:38:30,713 - Iter 2440: loss=-2796.0911, change=1.37e-03, ‖θ[1:]‖₁=70.842, num_selected_knots=2725
2025-09-07 16:38:30,790 - Iter 2450: loss=-2796.1670, change=1.36e-03, ‖θ[1:]‖₁=70.845, num_selected_knots=2712
2025-09-07 16:38:30,870 - Iter 2460: loss=-2796.2437, change=1.36e-03, ‖θ[1:]‖₁=70.843, num_selected_knots=2696
2025-09-07 16:38:30,948 - Iter 2470: loss=-2796.3225, change=1.36e-03, ‖θ[1:]‖₁=70.842, num_selected_knots=2687
2025-09-07 16:38:31,026 - Iter 2480: loss=-2796.4006, change=1.36e-03, ‖θ[1:]‖₁=70.836, num_selected_knots=2674
2025-09-07 16:38:31,104 - Iter 2490: loss=-2796.4768, change=1.36e-03, ‖θ[1:]‖₁=70.826, num_selected_knots=2664
2025-09-07 16:38:31,183 - Iter 2500: loss=-2796.5498, change=1.36e-03, ‖θ[1:]‖₁=70.809, num_selected_knots=2650
2025-09-07 16:38:31,262 - Iter 2510: loss=-2796.6235, change=1.35e-03, ‖θ[1:]‖₁=70.793, num_selected_knots=2643
2025-09-07 16:38:31,341 - Iter 2520: loss=-2796.6965, change=1.35e-03, ‖θ[1:]‖₁=70.773, num_selected_knots=2626
2025-09-07 16:38:31,432 - Iter 2530: loss=-2796.7678, change=1.34e-03, ‖θ[1:]‖₁=70.750, num_selected_knots=2622
2025-09-07 16:38:31,512 - Iter 2540: loss=-2796.8384, change=1.34e-03, ‖θ[1:]‖₁=70.722, num_selected_knots=2610
2025-09-07 16:38:31,589 - Iter 2550: loss=-2796.9102, change=1.33e-03, ‖θ[1:]‖₁=70.698, num_selected_knots=2595
2025-09-07 16:38:31,666 - Iter 2560: loss=-2796.9812, change=1.33e-03, ‖θ[1:]‖₁=70.679, num_selected_knots=2586
2025-09-07 16:38:31,745 - Iter 2570: loss=-2797.0537, change=1.32e-03, ‖θ[1:]‖₁=70.659, num_selected_knots=2601
2025-09-07 16:38:31,822 - Iter 2580: loss=-2797.1296, change=1.32e-03, ‖θ[1:]‖₁=70.638, num_selected_knots=2593
2025-09-07 16:38:31,899 - Iter 2590: loss=-2797.2043, change=1.31e-03, ‖θ[1:]‖₁=70.614, num_selected_knots=2576
2025-09-07 16:38:31,978 - Iter 2600: loss=-2797.2761, change=1.31e-03, ‖θ[1:]‖₁=70.600, num_selected_knots=2588
2025-09-07 16:38:32,058 - Iter 2610: loss=-2797.3496, change=1.30e-03, ‖θ[1:]‖₁=70.592, num_selected_knots=2578
2025-09-07 16:38:32,136 - Iter 2620: loss=-2797.4216, change=1.30e-03, ‖θ[1:]‖₁=70.584, num_selected_knots=2563
2025-09-07 16:38:32,213 - Iter 2630: loss=-2797.4880, change=1.30e-03, ‖θ[1:]‖₁=70.583, num_selected_knots=2533
2025-09-07 16:38:32,293 - Iter 2640: loss=-2797.5549, change=1.29e-03, ‖θ[1:]‖₁=70.583, num_selected_knots=2534
2025-09-07 16:38:32,372 - Iter 2650: loss=-2797.6191, change=1.29e-03, ‖θ[1:]‖₁=70.581, num_selected_knots=2509
2025-09-07 16:38:32,450 - Iter 2660: loss=-2797.6809, change=1.28e-03, ‖θ[1:]‖₁=70.575, num_selected_knots=2478
2025-09-07 16:38:32,531 - Iter 2670: loss=-2797.7407, change=1.28e-03, ‖θ[1:]‖₁=70.565, num_selected_knots=2463
2025-09-07 16:38:32,610 - Iter 2680: loss=-2797.7998, change=1.27e-03, ‖θ[1:]‖₁=70.560, num_selected_knots=2464
2025-09-07 16:38:32,688 - Iter 2690: loss=-2797.8601, change=1.27e-03, ‖θ[1:]‖₁=70.556, num_selected_knots=2445
2025-09-07 16:38:32,767 - Iter 2700: loss=-2797.9209, change=1.26e-03, ‖θ[1:]‖₁=70.549, num_selected_knots=2444
2025-09-07 16:38:32,847 - Iter 2710: loss=-2797.9814, change=1.26e-03, ‖θ[1:]‖₁=70.544, num_selected_knots=2439
2025-09-07 16:38:32,926 - Iter 2720: loss=-2798.0447, change=1.25e-03, ‖θ[1:]‖₁=70.540, num_selected_knots=2431
2025-09-07 16:38:33,004 - Iter 2730: loss=-2798.1074, change=1.25e-03, ‖θ[1:]‖₁=70.535, num_selected_knots=2425
2025-09-07 16:38:33,083 - Iter 2740: loss=-2798.1689, change=1.24e-03, ‖θ[1:]‖₁=70.527, num_selected_knots=2436
2025-09-07 16:38:33,162 - Iter 2750: loss=-2798.2329, change=1.24e-03, ‖θ[1:]‖₁=70.518, num_selected_knots=2456
2025-09-07 16:38:33,240 - Iter 2760: loss=-2798.2954, change=1.23e-03, ‖θ[1:]‖₁=70.508, num_selected_knots=2435
2025-09-07 16:38:33,317 - Iter 2770: loss=-2798.3530, change=1.23e-03, ‖θ[1:]‖₁=70.496, num_selected_knots=2401
2025-09-07 16:38:33,396 - Iter 2780: loss=-2798.4070, change=1.22e-03, ‖θ[1:]‖₁=70.479, num_selected_knots=2387
2025-09-07 16:38:33,475 - Iter 2790: loss=-2798.4602, change=1.22e-03, ‖θ[1:]‖₁=70.456, num_selected_knots=2372
2025-09-07 16:38:33,554 - Iter 2800: loss=-2798.5120, change=1.21e-03, ‖θ[1:]‖₁=70.426, num_selected_knots=2361
2025-09-07 16:38:33,633 - Iter 2810: loss=-2798.5596, change=1.21e-03, ‖θ[1:]‖₁=70.401, num_selected_knots=2343
2025-09-07 16:38:33,711 - Iter 2820: loss=-2798.6064, change=1.20e-03, ‖θ[1:]‖₁=70.373, num_selected_knots=2338
2025-09-07 16:38:33,788 - Iter 2830: loss=-2798.6538, change=1.20e-03, ‖θ[1:]‖₁=70.344, num_selected_knots=2326
2025-09-07 16:38:33,868 - Iter 2840: loss=-2798.7002, change=1.19e-03, ‖θ[1:]‖₁=70.313, num_selected_knots=2314
2025-09-07 16:38:33,946 - Iter 2850: loss=-2798.7449, change=1.19e-03, ‖θ[1:]‖₁=70.281, num_selected_knots=2307
2025-09-07 16:38:34,025 - Iter 2860: loss=-2798.7883, change=1.19e-03, ‖θ[1:]‖₁=70.247, num_selected_knots=2294
2025-09-07 16:38:34,103 - Iter 2870: loss=-2798.8308, change=1.18e-03, ‖θ[1:]‖₁=70.214, num_selected_knots=2294
2025-09-07 16:38:34,180 - Iter 2880: loss=-2798.8735, change=1.18e-03, ‖θ[1:]‖₁=70.180, num_selected_knots=2294
2025-09-07 16:38:34,258 - Iter 2890: loss=-2798.9170, change=1.17e-03, ‖θ[1:]‖₁=70.141, num_selected_knots=2288
2025-09-07 16:38:34,337 - Iter 2900: loss=-2798.9590, change=1.17e-03, ‖θ[1:]‖₁=70.102, num_selected_knots=2289
2025-09-07 16:38:34,416 - Iter 2910: loss=-2799.0029, change=1.16e-03, ‖θ[1:]‖₁=70.063, num_selected_knots=2286
2025-09-07 16:38:34,497 - Iter 2920: loss=-2799.0464, change=1.16e-03, ‖θ[1:]‖₁=70.022, num_selected_knots=2279
2025-09-07 16:38:34,576 - Iter 2930: loss=-2799.0879, change=1.16e-03, ‖θ[1:]‖₁=69.984, num_selected_knots=2265
2025-09-07 16:38:34,655 - Iter 2940: loss=-2799.1287, change=1.16e-03, ‖θ[1:]‖₁=69.941, num_selected_knots=2247
2025-09-07 16:38:34,734 - Iter 2950: loss=-2799.1670, change=1.15e-03, ‖θ[1:]‖₁=69.895, num_selected_knots=2236
2025-09-07 16:38:34,812 - Iter 2960: loss=-2799.2031, change=1.15e-03, ‖θ[1:]‖₁=69.858, num_selected_knots=2228
2025-09-07 16:38:34,892 - Iter 2970: loss=-2799.2380, change=1.14e-03, ‖θ[1:]‖₁=69.830, num_selected_knots=2219
2025-09-07 16:38:34,971 - Iter 2980: loss=-2799.2700, change=1.14e-03, ‖θ[1:]‖₁=69.804, num_selected_knots=2212
2025-09-07 16:38:35,051 - Iter 2990: loss=-2799.2988, change=1.13e-03, ‖θ[1:]‖₁=69.786, num_selected_knots=2206
2025-09-07 16:38:35,131 - Iter 3000: loss=-2799.3269, change=1.13e-03, ‖θ[1:]‖₁=69.761, num_selected_knots=2211
2025-09-07 16:38:35,210 - Iter 3010: loss=-2799.3533, change=1.12e-03, ‖θ[1:]‖₁=69.731, num_selected_knots=2192
2025-09-07 16:38:35,290 - Iter 3020: loss=-2799.3765, change=1.12e-03, ‖θ[1:]‖₁=69.699, num_selected_knots=2183
2025-09-07 16:38:35,369 - Iter 3030: loss=-2799.3955, change=1.11e-03, ‖θ[1:]‖₁=69.664, num_selected_knots=2178
2025-09-07 16:38:35,450 - Iter 3040: loss=-2799.4150, change=1.11e-03, ‖θ[1:]‖₁=69.623, num_selected_knots=2162
2025-09-07 16:38:35,530 - Iter 3050: loss=-2799.4331, change=1.11e-03, ‖θ[1:]‖₁=69.582, num_selected_knots=2270
2025-09-07 16:38:35,608 - Iter 3060: loss=-2799.4512, change=1.10e-03, ‖θ[1:]‖₁=69.546, num_selected_knots=2298
2025-09-07 16:38:35,690 - Iter 3070: loss=-2799.4719, change=1.10e-03, ‖θ[1:]‖₁=69.511, num_selected_knots=2255
2025-09-07 16:38:35,767 - Iter 3080: loss=-2799.4900, change=1.09e-03, ‖θ[1:]‖₁=69.469, num_selected_knots=2219
2025-09-07 16:38:35,845 - Iter 3090: loss=-2799.5063, change=1.09e-03, ‖θ[1:]‖₁=69.422, num_selected_knots=2194
2025-09-07 16:38:35,925 - Iter 3100: loss=-2799.5254, change=1.08e-03, ‖θ[1:]‖₁=69.373, num_selected_knots=2169
2025-09-07 16:38:36,002 - Iter 3110: loss=-2799.5454, change=1.08e-03, ‖θ[1:]‖₁=69.321, num_selected_knots=2149
2025-09-07 16:38:36,082 - Iter 3120: loss=-2799.5637, change=1.07e-03, ‖θ[1:]‖₁=69.269, num_selected_knots=2122
2025-09-07 16:38:36,159 - Iter 3130: loss=-2799.5806, change=1.07e-03, ‖θ[1:]‖₁=69.218, num_selected_knots=2107
2025-09-07 16:38:36,236 - Iter 3140: loss=-2799.6003, change=1.06e-03, ‖θ[1:]‖₁=69.168, num_selected_knots=2094
2025-09-07 16:38:36,316 - Iter 3150: loss=-2799.6194, change=1.06e-03, ‖θ[1:]‖₁=69.122, num_selected_knots=2087
2025-09-07 16:38:36,394 - Iter 3160: loss=-2799.6362, change=1.05e-03, ‖θ[1:]‖₁=69.070, num_selected_knots=2079
2025-09-07 16:38:36,472 - Iter 3170: loss=-2799.6541, change=1.05e-03, ‖θ[1:]‖₁=69.015, num_selected_knots=2073
2025-09-07 16:38:36,551 - Iter 3180: loss=-2799.6741, change=1.04e-03, ‖θ[1:]‖₁=68.955, num_selected_knots=2062
2025-09-07 16:38:36,628 - Iter 3190: loss=-2799.6917, change=1.04e-03, ‖θ[1:]‖₁=68.888, num_selected_knots=2062
2025-09-07 16:38:36,704 - Iter 3200: loss=-2799.7085, change=1.03e-03, ‖θ[1:]‖₁=68.815, num_selected_knots=2057
2025-09-07 16:38:36,783 - Iter 3210: loss=-2799.7261, change=1.03e-03, ‖θ[1:]‖₁=68.755, num_selected_knots=2128
2025-09-07 16:38:36,860 - Iter 3220: loss=-2799.7466, change=1.03e-03, ‖θ[1:]‖₁=68.698, num_selected_knots=2096
2025-09-07 16:38:36,939 - Iter 3230: loss=-2799.7671, change=1.03e-03, ‖θ[1:]‖₁=68.639, num_selected_knots=2086
2025-09-07 16:38:37,018 - Iter 3240: loss=-2799.7881, change=1.02e-03, ‖θ[1:]‖₁=68.584, num_selected_knots=2202
2025-09-07 16:38:37,098 - Iter 3250: loss=-2799.8098, change=1.02e-03, ‖θ[1:]‖₁=68.526, num_selected_knots=2178
2025-09-07 16:38:37,177 - Iter 3260: loss=-2799.8308, change=1.02e-03, ‖θ[1:]‖₁=68.464, num_selected_knots=2155
2025-09-07 16:38:37,255 - Iter 3270: loss=-2799.8501, change=1.02e-03, ‖θ[1:]‖₁=68.404, num_selected_knots=2172
2025-09-07 16:38:37,336 - Iter 3280: loss=-2799.8704, change=1.01e-03, ‖θ[1:]‖₁=68.355, num_selected_knots=2164
2025-09-07 16:38:37,413 - Iter 3290: loss=-2799.8906, change=1.01e-03, ‖θ[1:]‖₁=68.306, num_selected_knots=2146
2025-09-07 16:38:37,494 - Iter 3300: loss=-2799.9099, change=1.00e-03, ‖θ[1:]‖₁=68.268, num_selected_knots=2131
2025-09-07 16:38:37,575 - Iter 3310: loss=-2799.9277, change=1.00e-03, ‖θ[1:]‖₁=68.241, num_selected_knots=2116
2025-09-07 16:38:37,653 - Iter 3320: loss=-2799.9434, change=9.95e-04, ‖θ[1:]‖₁=68.206, num_selected_knots=2105
2025-09-07 16:38:37,732 - Iter 3330: loss=-2799.9585, change=9.90e-04, ‖θ[1:]‖₁=68.179, num_selected_knots=2099
2025-09-07 16:38:37,811 - Iter 3340: loss=-2799.9709, change=9.86e-04, ‖θ[1:]‖₁=68.145, num_selected_knots=2079
2025-09-07 16:38:37,889 - Iter 3350: loss=-2799.9822, change=9.81e-04, ‖θ[1:]‖₁=68.111, num_selected_knots=2067
2025-09-07 16:38:37,967 - Iter 3360: loss=-2799.9939, change=9.76e-04, ‖θ[1:]‖₁=68.079, num_selected_knots=2066
2025-09-07 16:38:38,044 - Iter 3370: loss=-2800.0063, change=9.71e-04, ‖θ[1:]‖₁=68.046, num_selected_knots=2060
2025-09-07 16:38:38,125 - Iter 3380: loss=-2800.0176, change=9.67e-04, ‖θ[1:]‖₁=68.014, num_selected_knots=2048
2025-09-07 16:38:38,203 - Iter 3390: loss=-2800.0300, change=9.62e-04, ‖θ[1:]‖₁=67.980, num_selected_knots=2034
2025-09-07 16:38:38,282 - Iter 3400: loss=-2800.0430, change=9.57e-04, ‖θ[1:]‖₁=67.947, num_selected_knots=2025
2025-09-07 16:38:38,360 - Iter 3410: loss=-2800.0574, change=9.52e-04, ‖θ[1:]‖₁=67.915, num_selected_knots=2015
2025-09-07 16:38:38,436 - Iter 3420: loss=-2800.0723, change=9.47e-04, ‖θ[1:]‖₁=67.884, num_selected_knots=2003
2025-09-07 16:38:38,517 - Iter 3430: loss=-2800.0896, change=9.43e-04, ‖θ[1:]‖₁=67.875, num_selected_knots=1995
2025-09-07 16:38:38,596 - Iter 3440: loss=-2800.1060, change=9.38e-04, ‖θ[1:]‖₁=67.865, num_selected_knots=1998
2025-09-07 16:38:38,673 - Iter 3450: loss=-2800.1274, change=9.33e-04, ‖θ[1:]‖₁=67.855, num_selected_knots=2019
2025-09-07 16:38:38,753 - Iter 3460: loss=-2800.1509, change=9.28e-04, ‖θ[1:]‖₁=67.855, num_selected_knots=1995
2025-09-07 16:38:38,831 - Iter 3470: loss=-2800.1733, change=9.24e-04, ‖θ[1:]‖₁=67.851, num_selected_knots=1979
2025-09-07 16:38:38,910 - Iter 3480: loss=-2800.1960, change=9.19e-04, ‖θ[1:]‖₁=67.845, num_selected_knots=1980
2025-09-07 16:38:38,989 - Iter 3490: loss=-2800.2200, change=9.14e-04, ‖θ[1:]‖₁=67.844, num_selected_knots=1971
2025-09-07 16:38:39,066 - Iter 3500: loss=-2800.2439, change=9.09e-04, ‖θ[1:]‖₁=67.856, num_selected_knots=1963
2025-09-07 16:38:39,145 - Iter 3510: loss=-2800.2671, change=9.05e-04, ‖θ[1:]‖₁=67.881, num_selected_knots=1956
2025-09-07 16:38:39,224 - Iter 3520: loss=-2800.2883, change=9.00e-04, ‖θ[1:]‖₁=67.902, num_selected_knots=1942
2025-09-07 16:38:39,303 - Iter 3530: loss=-2800.3091, change=8.95e-04, ‖θ[1:]‖₁=67.923, num_selected_knots=1934
2025-09-07 16:38:39,383 - Iter 3540: loss=-2800.3306, change=8.90e-04, ‖θ[1:]‖₁=67.939, num_selected_knots=1930
2025-09-07 16:38:39,462 - Iter 3550: loss=-2800.3525, change=8.85e-04, ‖θ[1:]‖₁=67.949, num_selected_knots=1918
2025-09-07 16:38:39,541 - Iter 3560: loss=-2800.3738, change=8.81e-04, ‖θ[1:]‖₁=67.954, num_selected_knots=1911
2025-09-07 16:38:39,620 - Iter 3570: loss=-2800.3943, change=8.76e-04, ‖θ[1:]‖₁=67.967, num_selected_knots=1904
2025-09-07 16:38:39,698 - Iter 3580: loss=-2800.4150, change=8.71e-04, ‖θ[1:]‖₁=67.980, num_selected_knots=1911
2025-09-07 16:38:39,779 - Iter 3590: loss=-2800.4377, change=8.66e-04, ‖θ[1:]‖₁=67.990, num_selected_knots=1924
2025-09-07 16:38:39,857 - Iter 3600: loss=-2800.4602, change=8.62e-04, ‖θ[1:]‖₁=67.994, num_selected_knots=1966
2025-09-07 16:38:39,936 - Iter 3610: loss=-2800.4856, change=8.59e-04, ‖θ[1:]‖₁=67.996, num_selected_knots=2011
2025-09-07 16:38:40,015 - Iter 3620: loss=-2800.5134, change=8.59e-04, ‖θ[1:]‖₁=68.007, num_selected_knots=2012
2025-09-07 16:38:40,091 - Iter 3630: loss=-2800.5435, change=8.59e-04, ‖θ[1:]‖₁=68.016, num_selected_knots=1982
2025-09-07 16:38:40,170 - Iter 3640: loss=-2800.5728, change=8.59e-04, ‖θ[1:]‖₁=68.020, num_selected_knots=1949
2025-09-07 16:38:40,250 - Iter 3650: loss=-2800.5994, change=8.59e-04, ‖θ[1:]‖₁=68.019, num_selected_knots=1918
2025-09-07 16:38:40,327 - Iter 3660: loss=-2800.6279, change=8.59e-04, ‖θ[1:]‖₁=68.016, num_selected_knots=1912
2025-09-07 16:38:40,407 - Iter 3670: loss=-2800.6548, change=8.59e-04, ‖θ[1:]‖₁=68.008, num_selected_knots=1890
2025-09-07 16:38:40,485 - Iter 3680: loss=-2800.6794, change=8.59e-04, ‖θ[1:]‖₁=67.994, num_selected_knots=1883
2025-09-07 16:38:40,563 - Iter 3690: loss=-2800.7012, change=8.59e-04, ‖θ[1:]‖₁=67.975, num_selected_knots=1886
2025-09-07 16:38:40,643 - Iter 3700: loss=-2800.7231, change=8.59e-04, ‖θ[1:]‖₁=67.966, num_selected_knots=1889
2025-09-07 16:38:40,721 - Iter 3710: loss=-2800.7463, change=8.59e-04, ‖θ[1:]‖₁=67.957, num_selected_knots=1878
2025-09-07 16:38:40,801 - Iter 3720: loss=-2800.7678, change=8.59e-04, ‖θ[1:]‖₁=67.948, num_selected_knots=1866
2025-09-07 16:38:40,880 - Iter 3730: loss=-2800.7905, change=8.59e-04, ‖θ[1:]‖₁=67.939, num_selected_knots=1865
2025-09-07 16:38:40,959 - Iter 3740: loss=-2800.8118, change=8.59e-04, ‖θ[1:]‖₁=67.943, num_selected_knots=1859
2025-09-07 16:38:41,040 - Iter 3750: loss=-2800.8347, change=8.59e-04, ‖θ[1:]‖₁=67.950, num_selected_knots=1856
2025-09-07 16:38:41,118 - Iter 3760: loss=-2800.8562, change=8.59e-04, ‖θ[1:]‖₁=67.959, num_selected_knots=1853
2025-09-07 16:38:41,197 - Iter 3770: loss=-2800.8796, change=8.59e-04, ‖θ[1:]‖₁=67.970, num_selected_knots=1845
2025-09-07 16:38:41,276 - Iter 3780: loss=-2800.9023, change=8.59e-04, ‖θ[1:]‖₁=67.985, num_selected_knots=1842
2025-09-07 16:38:41,356 - Iter 3790: loss=-2800.9226, change=8.59e-04, ‖θ[1:]‖₁=67.999, num_selected_knots=1830
2025-09-07 16:38:41,436 - Iter 3800: loss=-2800.9443, change=8.59e-04, ‖θ[1:]‖₁=68.009, num_selected_knots=1828
2025-09-07 16:38:41,514 - Iter 3810: loss=-2800.9663, change=8.59e-04, ‖θ[1:]‖₁=68.026, num_selected_knots=1821
2025-09-07 16:38:41,589 - Iter 3820: loss=-2800.9883, change=8.59e-04, ‖θ[1:]‖₁=68.042, num_selected_knots=1810
2025-09-07 16:38:41,670 - Iter 3830: loss=-2801.0125, change=8.59e-04, ‖θ[1:]‖₁=68.056, num_selected_knots=1828
2025-09-07 16:38:41,748 - Iter 3840: loss=-2801.0366, change=8.59e-04, ‖θ[1:]‖₁=68.065, num_selected_knots=1830
2025-09-07 16:38:41,827 - Iter 3850: loss=-2801.0618, change=8.59e-04, ‖θ[1:]‖₁=68.067, num_selected_knots=1826
2025-09-07 16:38:41,905 - Iter 3860: loss=-2801.0869, change=8.59e-04, ‖θ[1:]‖₁=68.067, num_selected_knots=1882
2025-09-07 16:38:41,982 - Iter 3870: loss=-2801.1140, change=8.59e-04, ‖θ[1:]‖₁=68.069, num_selected_knots=1922
2025-09-07 16:38:42,061 - Iter 3880: loss=-2801.1411, change=8.59e-04, ‖θ[1:]‖₁=68.065, num_selected_knots=1912
2025-09-07 16:38:42,139 - Iter 3890: loss=-2801.1692, change=8.59e-04, ‖θ[1:]‖₁=68.054, num_selected_knots=1892
2025-09-07 16:38:42,216 - Iter 3900: loss=-2801.1965, change=8.59e-04, ‖θ[1:]‖₁=68.054, num_selected_knots=1961
2025-09-07 16:38:42,296 - Iter 3910: loss=-2801.2253, change=8.59e-04, ‖θ[1:]‖₁=68.063, num_selected_knots=1968
2025-09-07 16:38:42,374 - Iter 3920: loss=-2801.2551, change=8.59e-04, ‖θ[1:]‖₁=68.071, num_selected_knots=1932
2025-09-07 16:38:42,453 - Iter 3930: loss=-2801.2822, change=8.59e-04, ‖θ[1:]‖₁=68.072, num_selected_knots=1889
2025-09-07 16:38:42,534 - Iter 3940: loss=-2801.3066, change=8.59e-04, ‖θ[1:]‖₁=68.080, num_selected_knots=1921
2025-09-07 16:38:42,611 - Iter 3950: loss=-2801.3347, change=8.59e-04, ‖θ[1:]‖₁=68.086, num_selected_knots=1938
2025-09-07 16:38:42,691 - Iter 3960: loss=-2801.3613, change=8.59e-04, ‖θ[1:]‖₁=68.090, num_selected_knots=1887
2025-09-07 16:38:42,769 - Iter 3970: loss=-2801.3850, change=8.59e-04, ‖θ[1:]‖₁=68.089, num_selected_knots=1850
2025-09-07 16:38:42,849 - Iter 3980: loss=-2801.4080, change=8.59e-04, ‖θ[1:]‖₁=68.111, num_selected_knots=1843
2025-09-07 16:38:42,929 - Iter 3990: loss=-2801.4307, change=8.59e-04, ‖θ[1:]‖₁=68.141, num_selected_knots=1834
2025-09-07 16:38:43,006 - Iter 4000: loss=-2801.4534, change=8.59e-04, ‖θ[1:]‖₁=68.164, num_selected_knots=1826
2025-09-07 16:38:43,084 - Iter 4010: loss=-2801.4741, change=8.59e-04, ‖θ[1:]‖₁=68.179, num_selected_knots=1815
2025-09-07 16:38:43,162 - Iter 4020: loss=-2801.4939, change=8.59e-04, ‖θ[1:]‖₁=68.193, num_selected_knots=1807
2025-09-07 16:38:43,241 - Iter 4030: loss=-2801.5127, change=8.59e-04, ‖θ[1:]‖₁=68.207, num_selected_knots=1864
2025-09-07 16:38:43,325 - Iter 4040: loss=-2801.5330, change=8.59e-04, ‖θ[1:]‖₁=68.221, num_selected_knots=1877
2025-09-07 16:38:43,402 - Iter 4050: loss=-2801.5535, change=8.59e-04, ‖θ[1:]‖₁=68.232, num_selected_knots=1851
2025-09-07 16:38:43,480 - Iter 4060: loss=-2801.5740, change=8.59e-04, ‖θ[1:]‖₁=68.239, num_selected_knots=1844
2025-09-07 16:38:43,558 - Iter 4070: loss=-2801.5955, change=8.59e-04, ‖θ[1:]‖₁=68.245, num_selected_knots=1838
2025-09-07 16:38:43,637 - Iter 4080: loss=-2801.6177, change=8.59e-04, ‖θ[1:]‖₁=68.254, num_selected_knots=1821
2025-09-07 16:38:43,716 - Iter 4090: loss=-2801.6387, change=8.59e-04, ‖θ[1:]‖₁=68.256, num_selected_knots=1808
2025-09-07 16:38:43,794 - Iter 4100: loss=-2801.6584, change=8.59e-04, ‖θ[1:]‖₁=68.252, num_selected_knots=1791
2025-09-07 16:38:43,872 - Iter 4110: loss=-2801.6775, change=8.54e-04, ‖θ[1:]‖₁=68.244, num_selected_knots=1777
2025-09-07 16:38:43,951 - Iter 4120: loss=-2801.6978, change=8.49e-04, ‖θ[1:]‖₁=68.239, num_selected_knots=1767
2025-09-07 16:38:44,029 - Iter 4130: loss=-2801.7183, change=8.44e-04, ‖θ[1:]‖₁=68.230, num_selected_knots=1750
2025-09-07 16:38:44,109 - Iter 4140: loss=-2801.7363, change=8.40e-04, ‖θ[1:]‖₁=68.220, num_selected_knots=1737
2025-09-07 16:38:44,186 - Iter 4150: loss=-2801.7537, change=8.35e-04, ‖θ[1:]‖₁=68.207, num_selected_knots=1730
2025-09-07 16:38:44,263 - Iter 4160: loss=-2801.7712, change=8.30e-04, ‖θ[1:]‖₁=68.198, num_selected_knots=1726
2025-09-07 16:38:44,341 - Iter 4170: loss=-2801.7861, change=8.25e-04, ‖θ[1:]‖₁=68.184, num_selected_knots=1715
2025-09-07 16:38:44,422 - Iter 4180: loss=-2801.8015, change=8.21e-04, ‖θ[1:]‖₁=68.170, num_selected_knots=1708
2025-09-07 16:38:44,502 - Iter 4190: loss=-2801.8179, change=8.16e-04, ‖θ[1:]‖₁=68.163, num_selected_knots=1705
2025-09-07 16:38:44,581 - Iter 4200: loss=-2801.8345, change=8.11e-04, ‖θ[1:]‖₁=68.159, num_selected_knots=1698
2025-09-07 16:38:44,659 - Iter 4210: loss=-2801.8528, change=8.06e-04, ‖θ[1:]‖₁=68.156, num_selected_knots=1700
2025-09-07 16:38:44,737 - Iter 4220: loss=-2801.8713, change=8.02e-04, ‖θ[1:]‖₁=68.153, num_selected_knots=1698
2025-09-07 16:38:44,817 - Iter 4230: loss=-2801.8899, change=7.97e-04, ‖θ[1:]‖₁=68.146, num_selected_knots=1702
2025-09-07 16:38:44,897 - Iter 4240: loss=-2801.9106, change=7.92e-04, ‖θ[1:]‖₁=68.141, num_selected_knots=1708
2025-09-07 16:38:44,977 - Iter 4250: loss=-2801.9329, change=7.87e-04, ‖θ[1:]‖₁=68.136, num_selected_knots=1701
2025-09-07 16:38:45,057 - Iter 4260: loss=-2801.9561, change=7.82e-04, ‖θ[1:]‖₁=68.127, num_selected_knots=1699
2025-09-07 16:38:45,135 - Iter 4270: loss=-2801.9790, change=7.78e-04, ‖θ[1:]‖₁=68.118, num_selected_knots=1794
2025-09-07 16:38:45,214 - Iter 4280: loss=-2802.0032, change=7.73e-04, ‖θ[1:]‖₁=68.118, num_selected_knots=1803
2025-09-07 16:38:45,294 - Iter 4290: loss=-2802.0286, change=7.68e-04, ‖θ[1:]‖₁=68.125, num_selected_knots=1759
2025-09-07 16:38:45,374 - Iter 4300: loss=-2802.0525, change=7.63e-04, ‖θ[1:]‖₁=68.126, num_selected_knots=1709
2025-09-07 16:38:45,454 - Iter 4310: loss=-2802.0764, change=7.59e-04, ‖θ[1:]‖₁=68.124, num_selected_knots=1698
2025-09-07 16:38:45,533 - Iter 4320: loss=-2802.1013, change=7.54e-04, ‖θ[1:]‖₁=68.121, num_selected_knots=1708
2025-09-07 16:38:45,613 - Iter 4330: loss=-2802.1250, change=7.49e-04, ‖θ[1:]‖₁=68.115, num_selected_knots=1685
2025-09-07 16:38:45,692 - Iter 4340: loss=-2802.1467, change=7.44e-04, ‖θ[1:]‖₁=68.110, num_selected_knots=1675
2025-09-07 16:38:45,768 - Iter 4350: loss=-2802.1670, change=7.40e-04, ‖θ[1:]‖₁=68.106, num_selected_knots=1791
2025-09-07 16:38:45,848 - Iter 4360: loss=-2802.1890, change=7.35e-04, ‖θ[1:]‖₁=68.101, num_selected_knots=1797
2025-09-07 16:38:45,928 - Iter 4370: loss=-2802.2104, change=7.30e-04, ‖θ[1:]‖₁=68.103, num_selected_knots=1759
2025-09-07 16:38:46,007 - Iter 4380: loss=-2802.2302, change=7.25e-04, ‖θ[1:]‖₁=68.103, num_selected_knots=1705
2025-09-07 16:38:46,087 - Iter 4390: loss=-2802.2500, change=7.21e-04, ‖θ[1:]‖₁=68.103, num_selected_knots=1680
2025-09-07 16:38:46,166 - Iter 4400: loss=-2802.2688, change=7.16e-04, ‖θ[1:]‖₁=68.102, num_selected_knots=1664
2025-09-07 16:38:46,245 - Iter 4410: loss=-2802.2874, change=7.11e-04, ‖θ[1:]‖₁=68.101, num_selected_knots=1654
2025-09-07 16:38:46,321 - Iter 4420: loss=-2802.3066, change=7.06e-04, ‖θ[1:]‖₁=68.099, num_selected_knots=1662
2025-09-07 16:38:46,400 - Iter 4430: loss=-2802.3250, change=7.10e-04, ‖θ[1:]‖₁=68.100, num_selected_knots=1640
2025-09-07 16:38:46,478 - Iter 4440: loss=-2802.3428, change=7.13e-04, ‖θ[1:]‖₁=68.101, num_selected_knots=1634
2025-09-07 16:38:46,556 - Iter 4450: loss=-2802.3596, change=7.18e-04, ‖θ[1:]‖₁=68.098, num_selected_knots=1704
2025-09-07 16:38:46,636 - Iter 4460: loss=-2802.3777, change=7.22e-04, ‖θ[1:]‖₁=68.106, num_selected_knots=1801
2025-09-07 16:38:46,714 - Iter 4470: loss=-2802.3997, change=7.27e-04, ‖θ[1:]‖₁=68.118, num_selected_knots=1759
2025-09-07 16:38:46,790 - Iter 4480: loss=-2802.4209, change=7.31e-04, ‖θ[1:]‖₁=68.130, num_selected_knots=1696
2025-09-07 16:38:46,867 - Iter 4490: loss=-2802.4385, change=7.35e-04, ‖θ[1:]‖₁=68.140, num_selected_knots=1651
2025-09-07 16:38:46,947 - Iter 4500: loss=-2802.4583, change=7.40e-04, ‖θ[1:]‖₁=68.148, num_selected_knots=1673
2025-09-07 16:38:47,025 - Iter 4510: loss=-2802.4800, change=7.44e-04, ‖θ[1:]‖₁=68.157, num_selected_knots=1634
2025-09-07 16:38:47,103 - Iter 4520: loss=-2802.5000, change=7.48e-04, ‖θ[1:]‖₁=68.165, num_selected_knots=1611
2025-09-07 16:38:47,182 - Iter 4530: loss=-2802.5190, change=7.53e-04, ‖θ[1:]‖₁=68.170, num_selected_knots=1605
2025-09-07 16:38:47,259 - Iter 4540: loss=-2802.5388, change=7.58e-04, ‖θ[1:]‖₁=68.178, num_selected_knots=1685
2025-09-07 16:38:47,338 - Iter 4550: loss=-2802.5608, change=7.63e-04, ‖θ[1:]‖₁=68.185, num_selected_knots=1646
2025-09-07 16:38:47,415 - Iter 4560: loss=-2802.5811, change=7.67e-04, ‖θ[1:]‖₁=68.191, num_selected_knots=1597
2025-09-07 16:38:47,494 - Iter 4570: loss=-2802.6008, change=7.72e-04, ‖θ[1:]‖₁=68.196, num_selected_knots=1600
2025-09-07 16:38:47,575 - Iter 4580: loss=-2802.6218, change=7.78e-04, ‖θ[1:]‖₁=68.200, num_selected_knots=1607
2025-09-07 16:38:47,652 - Iter 4590: loss=-2802.6438, change=7.83e-04, ‖θ[1:]‖₁=68.209, num_selected_knots=1599
2025-09-07 16:38:47,733 - Iter 4600: loss=-2802.6631, change=7.88e-04, ‖θ[1:]‖₁=68.219, num_selected_knots=1591
2025-09-07 16:38:47,810 - Iter 4610: loss=-2802.6814, change=7.93e-04, ‖θ[1:]‖₁=68.224, num_selected_knots=1578
2025-09-07 16:38:47,885 - Iter 4620: loss=-2802.6985, change=7.98e-04, ‖θ[1:]‖₁=68.224, num_selected_knots=1568
2025-09-07 16:38:47,964 - Iter 4630: loss=-2802.7156, change=8.03e-04, ‖θ[1:]‖₁=68.225, num_selected_knots=1558
2025-09-07 16:38:48,041 - Iter 4640: loss=-2802.7312, change=8.08e-04, ‖θ[1:]‖₁=68.231, num_selected_knots=1548
2025-09-07 16:38:48,122 - Iter 4650: loss=-2802.7458, change=8.13e-04, ‖θ[1:]‖₁=68.233, num_selected_knots=1544
2025-09-07 16:38:48,200 - Iter 4660: loss=-2802.7605, change=8.19e-04, ‖θ[1:]‖₁=68.233, num_selected_knots=1573
2025-09-07 16:38:48,277 - Iter 4670: loss=-2802.7759, change=8.24e-04, ‖θ[1:]‖₁=68.231, num_selected_knots=1599
2025-09-07 16:38:48,354 - Iter 4680: loss=-2802.7900, change=8.29e-04, ‖θ[1:]‖₁=68.229, num_selected_knots=1565
2025-09-07 16:38:48,431 - Iter 4690: loss=-2802.8037, change=8.34e-04, ‖θ[1:]‖₁=68.231, num_selected_knots=1566
2025-09-07 16:38:48,510 - Iter 4700: loss=-2802.8167, change=8.39e-04, ‖θ[1:]‖₁=68.234, num_selected_knots=1639
2025-09-07 16:38:48,588 - Iter 4710: loss=-2802.8306, change=8.44e-04, ‖θ[1:]‖₁=68.236, num_selected_knots=1657
2025-09-07 16:38:48,665 - Iter 4720: loss=-2802.8442, change=8.49e-04, ‖θ[1:]‖₁=68.234, num_selected_knots=1647
2025-09-07 16:38:48,743 - Iter 4730: loss=-2802.8562, change=8.54e-04, ‖θ[1:]‖₁=68.229, num_selected_knots=1634
2025-09-07 16:38:48,823 - Iter 4740: loss=-2802.8687, change=8.59e-04, ‖θ[1:]‖₁=68.219, num_selected_knots=1622
2025-09-07 16:38:48,900 - Iter 4750: loss=-2802.8796, change=8.64e-04, ‖θ[1:]‖₁=68.208, num_selected_knots=1611
2025-09-07 16:38:48,977 - Iter 4760: loss=-2802.8889, change=8.69e-04, ‖θ[1:]‖₁=68.199, num_selected_knots=1600
2025-09-07 16:38:49,054 - Iter 4770: loss=-2802.8965, change=8.74e-04, ‖θ[1:]‖₁=68.190, num_selected_knots=1577
2025-09-07 16:38:49,133 - Iter 4780: loss=-2802.9019, change=8.79e-04, ‖θ[1:]‖₁=68.178, num_selected_knots=1559
2025-09-07 16:38:49,210 - Iter 4790: loss=-2802.9077, change=8.84e-04, ‖θ[1:]‖₁=68.164, num_selected_knots=1552
2025-09-07 16:38:49,288 - Iter 4800: loss=-2802.9106, change=8.89e-04, ‖θ[1:]‖₁=68.149, num_selected_knots=1542
2025-09-07 16:38:49,369 - Iter 4810: loss=-2802.9124, change=8.93e-04, ‖θ[1:]‖₁=68.132, num_selected_knots=1530
2025-09-07 16:38:49,447 - Iter 4820: loss=-2802.9136, change=8.98e-04, ‖θ[1:]‖₁=68.111, num_selected_knots=1510
2025-09-07 16:38:49,526 - Iter 4830: loss=-2802.9138, change=9.00e-04, ‖θ[1:]‖₁=68.097, num_selected_knots=1505
2025-09-07 16:38:49,603 - Iter 4840: loss=-2802.9109, change=8.84e-04, ‖θ[1:]‖₁=68.095, num_selected_knots=1507
2025-09-07 16:38:49,681 - Iter 4850: loss=-2802.9092, change=8.69e-04, ‖θ[1:]‖₁=68.089, num_selected_knots=1541
2025-09-07 16:38:49,762 - Iter 4860: loss=-2802.9075, change=8.53e-04, ‖θ[1:]‖₁=68.081, num_selected_knots=1531
2025-09-07 16:38:49,840 - Iter 4870: loss=-2802.9043, change=8.37e-04, ‖θ[1:]‖₁=68.068, num_selected_knots=1607
2025-09-07 16:38:49,922 - Iter 4880: loss=-2802.8999, change=8.22e-04, ‖θ[1:]‖₁=68.056, num_selected_knots=1751
2025-09-07 16:38:50,000 - Iter 4890: loss=-2802.8987, change=8.07e-04, ‖θ[1:]‖₁=68.045, num_selected_knots=1797
2025-09-07 16:38:50,079 - Iter 4900: loss=-2802.8982, change=7.91e-04, ‖θ[1:]‖₁=68.034, num_selected_knots=1749
2025-09-07 16:38:50,157 - Iter 4910: loss=-2802.8960, change=7.75e-04, ‖θ[1:]‖₁=68.018, num_selected_knots=1709
2025-09-07 16:38:50,234 - Iter 4920: loss=-2802.8936, change=7.60e-04, ‖θ[1:]‖₁=67.995, num_selected_knots=1715
2025-09-07 16:38:50,315 - Iter 4930: loss=-2802.8931, change=7.45e-04, ‖θ[1:]‖₁=67.981, num_selected_knots=1715
2025-09-07 16:38:50,394 - Iter 4940: loss=-2802.8936, change=7.30e-04, ‖θ[1:]‖₁=67.972, num_selected_knots=1683
2025-09-07 16:38:50,470 - Iter 4950: loss=-2802.8914, change=7.14e-04, ‖θ[1:]‖₁=67.961, num_selected_knots=1664
2025-09-07 16:38:50,548 - Iter 4960: loss=-2802.8855, change=6.99e-04, ‖θ[1:]‖₁=67.948, num_selected_knots=1641
2025-09-07 16:38:50,626 - Iter 4970: loss=-2802.8799, change=6.85e-04, ‖θ[1:]‖₁=67.940, num_selected_knots=1623
2025-09-07 16:38:50,706 - Iter 4980: loss=-2802.8745, change=6.70e-04, ‖θ[1:]‖₁=67.930, num_selected_knots=1606
2025-09-07 16:38:50,786 - Iter 4990: loss=-2802.8696, change=6.55e-04, ‖θ[1:]‖₁=67.917, num_selected_knots=1588
2025-09-07 16:38:50,865 - Iter 5000: loss=-2802.8601, change=6.40e-04, ‖θ[1:]‖₁=67.903, num_selected_knots=1567
2025-09-07 16:38:50,943 - Iter 5010: loss=-2802.8511, change=6.25e-04, ‖θ[1:]‖₁=67.882, num_selected_knots=1554
2025-09-07 16:38:51,022 - Iter 5020: loss=-2802.8418, change=6.11e-04, ‖θ[1:]‖₁=67.858, num_selected_knots=1541
2025-09-07 16:38:51,101 - Iter 5030: loss=-2802.8328, change=5.96e-04, ‖θ[1:]‖₁=67.832, num_selected_knots=1519
2025-09-07 16:38:51,181 - Iter 5040: loss=-2802.8223, change=5.81e-04, ‖θ[1:]‖₁=67.806, num_selected_knots=1693
2025-09-07 16:38:51,261 - Iter 5050: loss=-2802.8140, change=5.67e-04, ‖θ[1:]‖₁=67.785, num_selected_knots=1762
2025-09-07 16:38:51,339 - Iter 5060: loss=-2802.8093, change=5.53e-04, ‖θ[1:]‖₁=67.768, num_selected_knots=1720
2025-09-07 16:38:51,417 - Iter 5070: loss=-2802.8035, change=5.47e-04, ‖θ[1:]‖₁=67.745, num_selected_knots=1677
2025-09-07 16:38:51,496 - Iter 5080: loss=-2802.7971, change=5.49e-04, ‖θ[1:]‖₁=67.723, num_selected_knots=1644
2025-09-07 16:38:51,572 - Iter 5090: loss=-2802.7913, change=5.52e-04, ‖θ[1:]‖₁=67.702, num_selected_knots=1614
2025-09-07 16:38:51,651 - Iter 5100: loss=-2802.7847, change=5.54e-04, ‖θ[1:]‖₁=67.681, num_selected_knots=1583
2025-09-07 16:38:51,728 - Iter 5110: loss=-2802.7788, change=5.57e-04, ‖θ[1:]‖₁=67.652, num_selected_knots=1555
2025-09-07 16:38:51,806 - Iter 5120: loss=-2802.7727, change=5.59e-04, ‖θ[1:]‖₁=67.625, num_selected_knots=1519
2025-09-07 16:38:51,886 - Iter 5130: loss=-2802.7656, change=5.61e-04, ‖θ[1:]‖₁=67.595, num_selected_knots=1495
2025-09-07 16:38:51,965 - Iter 5140: loss=-2802.7581, change=5.64e-04, ‖θ[1:]‖₁=67.571, num_selected_knots=1483
2025-09-07 16:38:52,043 - Iter 5150: loss=-2802.7488, change=5.66e-04, ‖θ[1:]‖₁=67.552, num_selected_knots=1466
2025-09-07 16:38:52,124 - Iter 5160: loss=-2802.7385, change=5.69e-04, ‖θ[1:]‖₁=67.533, num_selected_knots=1469
2025-09-07 16:38:52,201 - Iter 5170: loss=-2802.7305, change=5.71e-04, ‖θ[1:]‖₁=67.518, num_selected_knots=1450
2025-09-07 16:38:52,280 - Iter 5180: loss=-2802.7231, change=5.73e-04, ‖θ[1:]‖₁=67.501, num_selected_knots=1436
2025-09-07 16:38:52,359 - Iter 5190: loss=-2802.7126, change=5.75e-04, ‖θ[1:]‖₁=67.481, num_selected_knots=1428
2025-09-07 16:38:52,437 - Iter 5200: loss=-2802.7017, change=5.77e-04, ‖θ[1:]‖₁=67.457, num_selected_knots=1519
2025-09-07 16:38:52,518 - Iter 5210: loss=-2802.6931, change=5.80e-04, ‖θ[1:]‖₁=67.435, num_selected_knots=1605
2025-09-07 16:38:52,595 - Iter 5220: loss=-2802.6851, change=5.81e-04, ‖θ[1:]‖₁=67.417, num_selected_knots=1525
2025-09-07 16:38:52,675 - Iter 5230: loss=-2802.6785, change=5.82e-04, ‖θ[1:]‖₁=67.395, num_selected_knots=1436
2025-09-07 16:38:52,753 - Iter 5240: loss=-2802.6699, change=5.84e-04, ‖θ[1:]‖₁=67.368, num_selected_knots=1403
2025-09-07 16:38:52,830 - Iter 5250: loss=-2802.6628, change=5.85e-04, ‖θ[1:]‖₁=67.339, num_selected_knots=1486
2025-09-07 16:38:52,909 - Iter 5260: loss=-2802.6587, change=5.87e-04, ‖θ[1:]‖₁=67.310, num_selected_knots=1596
2025-09-07 16:38:52,989 - Iter 5270: loss=-2802.6555, change=5.88e-04, ‖θ[1:]‖₁=67.284, num_selected_knots=1560
2025-09-07 16:38:53,068 - Iter 5280: loss=-2802.6543, change=5.89e-04, ‖θ[1:]‖₁=67.264, num_selected_knots=1525
2025-09-07 16:38:53,146 - Iter 5290: loss=-2802.6523, change=5.92e-04, ‖θ[1:]‖₁=67.253, num_selected_knots=1563
2025-09-07 16:38:53,224 - Iter 5300: loss=-2802.6528, change=5.94e-04, ‖θ[1:]‖₁=67.244, num_selected_knots=1567
2025-09-07 16:38:53,304 - Iter 5310: loss=-2802.6533, change=5.96e-04, ‖θ[1:]‖₁=67.237, num_selected_knots=1539
2025-09-07 16:38:53,382 - Iter 5320: loss=-2802.6541, change=5.99e-04, ‖θ[1:]‖₁=67.231, num_selected_knots=1488
2025-09-07 16:38:53,459 - Iter 5330: loss=-2802.6541, change=6.01e-04, ‖θ[1:]‖₁=67.224, num_selected_knots=1462
2025-09-07 16:38:53,539 - Iter 5340: loss=-2802.6526, change=6.03e-04, ‖θ[1:]‖₁=67.216, num_selected_knots=1471
2025-09-07 16:38:53,614 - Iter 5350: loss=-2802.6521, change=6.06e-04, ‖θ[1:]‖₁=67.207, num_selected_knots=1455
2025-09-07 16:38:53,691 - Iter 5360: loss=-2802.6504, change=6.08e-04, ‖θ[1:]‖₁=67.193, num_selected_knots=1435
2025-09-07 16:38:53,771 - Iter 5370: loss=-2802.6472, change=6.11e-04, ‖θ[1:]‖₁=67.175, num_selected_knots=1412
2025-09-07 16:38:53,849 - Iter 5380: loss=-2802.6414, change=6.13e-04, ‖θ[1:]‖₁=67.151, num_selected_knots=1402
2025-09-07 16:38:53,931 - Iter 5390: loss=-2802.6357, change=6.15e-04, ‖θ[1:]‖₁=67.127, num_selected_knots=1404
2025-09-07 16:38:54,009 - Iter 5400: loss=-2802.6301, change=6.18e-04, ‖θ[1:]‖₁=67.104, num_selected_knots=1392
2025-09-07 16:38:54,087 - Iter 5410: loss=-2802.6240, change=6.20e-04, ‖θ[1:]‖₁=67.081, num_selected_knots=1385
2025-09-07 16:38:54,166 - Iter 5420: loss=-2802.6182, change=6.23e-04, ‖θ[1:]‖₁=67.055, num_selected_knots=1376
2025-09-07 16:38:54,244 - Iter 5430: loss=-2802.6125, change=6.25e-04, ‖θ[1:]‖₁=67.029, num_selected_knots=1371
2025-09-07 16:38:54,323 - Iter 5440: loss=-2802.6086, change=6.27e-04, ‖θ[1:]‖₁=67.004, num_selected_knots=1399
2025-09-07 16:38:54,403 - Iter 5450: loss=-2802.6060, change=6.29e-04, ‖θ[1:]‖₁=66.986, num_selected_knots=1415
2025-09-07 16:38:54,481 - Iter 5460: loss=-2802.6035, change=6.30e-04, ‖θ[1:]‖₁=66.968, num_selected_knots=1455
2025-09-07 16:38:54,559 - Iter 5470: loss=-2802.6016, change=6.32e-04, ‖θ[1:]‖₁=66.950, num_selected_knots=1530
2025-09-07 16:38:54,636 - Iter 5480: loss=-2802.6011, change=6.34e-04, ‖θ[1:]‖₁=66.936, num_selected_knots=1612
2025-09-07 16:38:54,714 - Iter 5490: loss=-2802.6025, change=6.36e-04, ‖θ[1:]‖₁=66.927, num_selected_knots=1645
2025-09-07 16:38:54,796 - Iter 5500: loss=-2802.6079, change=6.39e-04, ‖θ[1:]‖₁=66.921, num_selected_knots=1629
2025-09-07 16:38:54,875 - Iter 5510: loss=-2802.6145, change=6.40e-04, ‖θ[1:]‖₁=66.916, num_selected_knots=1590
2025-09-07 16:38:54,953 - Iter 5520: loss=-2802.6204, change=6.41e-04, ‖θ[1:]‖₁=66.909, num_selected_knots=1554
2025-09-07 16:38:55,033 - Iter 5530: loss=-2802.6240, change=6.43e-04, ‖θ[1:]‖₁=66.899, num_selected_knots=1504
2025-09-07 16:38:55,110 - Iter 5540: loss=-2802.6296, change=6.46e-04, ‖θ[1:]‖₁=66.895, num_selected_knots=1481
2025-09-07 16:38:55,190 - Iter 5550: loss=-2802.6350, change=6.48e-04, ‖θ[1:]‖₁=66.893, num_selected_knots=1469
2025-09-07 16:38:55,267 - Iter 5560: loss=-2802.6396, change=6.51e-04, ‖θ[1:]‖₁=66.889, num_selected_knots=1444
2025-09-07 16:38:55,345 - Iter 5570: loss=-2802.6431, change=6.53e-04, ‖θ[1:]‖₁=66.882, num_selected_knots=1439
2025-09-07 16:38:55,427 - Iter 5580: loss=-2802.6445, change=6.55e-04, ‖θ[1:]‖₁=66.875, num_selected_knots=1455
2025-09-07 16:38:55,505 - Iter 5590: loss=-2802.6470, change=6.58e-04, ‖θ[1:]‖₁=66.870, num_selected_knots=1442
2025-09-07 16:38:55,587 - Iter 5600: loss=-2802.6489, change=6.60e-04, ‖θ[1:]‖₁=66.864, num_selected_knots=1408
2025-09-07 16:38:55,666 - Iter 5610: loss=-2802.6484, change=6.62e-04, ‖θ[1:]‖₁=66.851, num_selected_knots=1370
2025-09-07 16:38:55,743 - Iter 5620: loss=-2802.6467, change=6.64e-04, ‖θ[1:]‖₁=66.833, num_selected_knots=1350
2025-09-07 16:38:55,824 - Iter 5630: loss=-2802.6440, change=6.66e-04, ‖θ[1:]‖₁=66.819, num_selected_knots=1329
2025-09-07 16:38:55,902 - Iter 5640: loss=-2802.6421, change=6.69e-04, ‖θ[1:]‖₁=66.808, num_selected_knots=1315
2025-09-07 16:38:55,984 - Iter 5650: loss=-2802.6404, change=6.70e-04, ‖θ[1:]‖₁=66.794, num_selected_knots=1309
2025-09-07 16:38:56,063 - Iter 5660: loss=-2802.6370, change=6.72e-04, ‖θ[1:]‖₁=66.774, num_selected_knots=1299
2025-09-07 16:38:56,141 - Iter 5670: loss=-2802.6311, change=6.73e-04, ‖θ[1:]‖₁=66.750, num_selected_knots=1290
2025-09-07 16:38:56,222 - Iter 5680: loss=-2802.6252, change=6.74e-04, ‖θ[1:]‖₁=66.720, num_selected_knots=1276
2025-09-07 16:38:56,298 - Iter 5690: loss=-2802.6191, change=6.75e-04, ‖θ[1:]‖₁=66.688, num_selected_knots=1463
2025-09-07 16:38:56,378 - Iter 5700: loss=-2802.6150, change=6.76e-04, ‖θ[1:]‖₁=66.660, num_selected_knots=1503
2025-09-07 16:38:56,455 - Iter 5710: loss=-2802.6130, change=6.77e-04, ‖θ[1:]‖₁=66.634, num_selected_knots=1410
2025-09-07 16:38:56,533 - Iter 5720: loss=-2802.6099, change=6.79e-04, ‖θ[1:]‖₁=66.618, num_selected_knots=1336
2025-09-07 16:38:56,612 - Iter 5730: loss=-2802.6074, change=6.80e-04, ‖θ[1:]‖₁=66.597, num_selected_knots=1305
2025-09-07 16:38:56,690 - Iter 5740: loss=-2802.6047, change=6.81e-04, ‖θ[1:]‖₁=66.574, num_selected_knots=1311
2025-09-07 16:38:56,769 - Iter 5750: loss=-2802.6030, change=6.82e-04, ‖θ[1:]‖₁=66.551, num_selected_knots=1285
2025-09-07 16:38:56,849 - Iter 5760: loss=-2802.6013, change=6.83e-04, ‖θ[1:]‖₁=66.527, num_selected_knots=1253
2025-09-07 16:38:56,928 - Iter 5770: loss=-2802.5991, change=6.85e-04, ‖θ[1:]‖₁=66.505, num_selected_knots=1265
2025-09-07 16:38:57,007 - Iter 5780: loss=-2802.5969, change=6.87e-04, ‖θ[1:]‖₁=66.485, num_selected_knots=1341
2025-09-07 16:38:57,085 - Iter 5790: loss=-2802.5974, change=6.89e-04, ‖θ[1:]‖₁=66.467, num_selected_knots=1341
2025-09-07 16:38:57,164 - Iter 5800: loss=-2802.5962, change=6.92e-04, ‖θ[1:]‖₁=66.449, num_selected_knots=1314
2025-09-07 16:38:57,246 - Iter 5810: loss=-2802.5952, change=6.94e-04, ‖θ[1:]‖₁=66.427, num_selected_knots=1298
2025-09-07 16:38:57,323 - Iter 5820: loss=-2802.5928, change=6.97e-04, ‖θ[1:]‖₁=66.401, num_selected_knots=1291
2025-09-07 16:38:57,404 - Iter 5830: loss=-2802.5906, change=7.00e-04, ‖θ[1:]‖₁=66.373, num_selected_knots=1295
2025-09-07 16:38:57,484 - Iter 5840: loss=-2802.5884, change=7.03e-04, ‖θ[1:]‖₁=66.349, num_selected_knots=1287
2025-09-07 16:38:57,563 - Iter 5850: loss=-2802.5859, change=7.06e-04, ‖θ[1:]‖₁=66.323, num_selected_knots=1276
2025-09-07 16:38:57,643 - Iter 5860: loss=-2802.5828, change=7.09e-04, ‖θ[1:]‖₁=66.294, num_selected_knots=1275
2025-09-07 16:38:57,721 - Iter 5870: loss=-2802.5791, change=7.12e-04, ‖θ[1:]‖₁=66.265, num_selected_knots=1292
2025-09-07 16:38:57,800 - Iter 5880: loss=-2802.5764, change=7.15e-04, ‖θ[1:]‖₁=66.241, num_selected_knots=1294
2025-09-07 16:38:57,880 - Iter 5890: loss=-2802.5754, change=7.18e-04, ‖θ[1:]‖₁=66.219, num_selected_knots=1269
2025-09-07 16:38:57,959 - Iter 5900: loss=-2802.5742, change=7.21e-04, ‖θ[1:]‖₁=66.194, num_selected_knots=1259
2025-09-07 16:38:58,039 - Iter 5910: loss=-2802.5728, change=7.24e-04, ‖θ[1:]‖₁=66.166, num_selected_knots=1254
2025-09-07 16:38:58,120 - Iter 5920: loss=-2802.5732, change=7.27e-04, ‖θ[1:]‖₁=66.137, num_selected_knots=1336
2025-09-07 16:38:58,199 - Iter 5930: loss=-2802.5754, change=7.31e-04, ‖θ[1:]‖₁=66.108, num_selected_knots=1339
2025-09-07 16:38:58,280 - Iter 5940: loss=-2802.5786, change=7.34e-04, ‖θ[1:]‖₁=66.082, num_selected_knots=1327
2025-09-07 16:38:58,359 - Iter 5950: loss=-2802.5818, change=7.37e-04, ‖θ[1:]‖₁=66.055, num_selected_knots=1307
2025-09-07 16:38:58,438 - Iter 5960: loss=-2802.5864, change=7.40e-04, ‖θ[1:]‖₁=66.030, num_selected_knots=1288
2025-09-07 16:38:58,516 - Iter 5970: loss=-2802.5901, change=7.44e-04, ‖θ[1:]‖₁=66.005, num_selected_knots=1288
2025-09-07 16:38:58,595 - Iter 5980: loss=-2802.5962, change=7.47e-04, ‖θ[1:]‖₁=65.981, num_selected_knots=1274
2025-09-07 16:38:58,674 - Iter 5990: loss=-2802.6011, change=7.51e-04, ‖θ[1:]‖₁=65.967, num_selected_knots=1262
2025-09-07 16:38:58,751 - Iter 6000: loss=-2802.6042, change=7.54e-04, ‖θ[1:]‖₁=65.960, num_selected_knots=1250
2025-09-07 16:38:58,830 - Iter 6010: loss=-2802.6060, change=7.57e-04, ‖θ[1:]‖₁=65.954, num_selected_knots=1245
2025-09-07 16:38:58,909 - Iter 6020: loss=-2802.6086, change=7.60e-04, ‖θ[1:]‖₁=65.946, num_selected_knots=1241
2025-09-07 16:38:58,988 - Iter 6030: loss=-2802.6104, change=7.63e-04, ‖θ[1:]‖₁=65.933, num_selected_knots=1235
2025-09-07 16:38:59,068 - Iter 6040: loss=-2802.6106, change=7.66e-04, ‖θ[1:]‖₁=65.918, num_selected_knots=1231
2025-09-07 16:38:59,154 - Iter 6050: loss=-2802.6096, change=7.68e-04, ‖θ[1:]‖₁=65.897, num_selected_knots=1226
2025-09-07 16:38:59,260 - Iter 6060: loss=-2802.6086, change=7.71e-04, ‖θ[1:]‖₁=65.873, num_selected_knots=1233
2025-09-07 16:38:59,386 - Iter 6070: loss=-2802.6086, change=7.73e-04, ‖θ[1:]‖₁=65.849, num_selected_knots=1324
2025-09-07 16:38:59,476 - Iter 6080: loss=-2802.6096, change=7.76e-04, ‖θ[1:]‖₁=65.841, num_selected_knots=1486
2025-09-07 16:38:59,574 - Iter 6090: loss=-2802.6125, change=7.78e-04, ‖θ[1:]‖₁=65.833, num_selected_knots=1475
2025-09-07 16:38:59,670 - Iter 6100: loss=-2802.6157, change=7.81e-04, ‖θ[1:]‖₁=65.830, num_selected_knots=1432
2025-09-07 16:38:59,748 - Iter 6110: loss=-2802.6174, change=7.83e-04, ‖θ[1:]‖₁=65.825, num_selected_knots=1363
2025-09-07 16:38:59,827 - Iter 6120: loss=-2802.6199, change=7.86e-04, ‖θ[1:]‖₁=65.818, num_selected_knots=1447
2025-09-07 16:38:59,907 - Iter 6130: loss=-2802.6233, change=7.88e-04, ‖θ[1:]‖₁=65.815, num_selected_knots=1449
2025-09-07 16:38:59,985 - Iter 6140: loss=-2802.6265, change=7.91e-04, ‖θ[1:]‖₁=65.812, num_selected_knots=1356
2025-09-07 16:39:00,068 - Iter 6150: loss=-2802.6272, change=7.93e-04, ‖θ[1:]‖₁=65.803, num_selected_knots=1282
2025-09-07 16:39:00,150 - Iter 6160: loss=-2802.6248, change=7.94e-04, ‖θ[1:]‖₁=65.788, num_selected_knots=1236
2025-09-07 16:39:00,230 - Iter 6170: loss=-2802.6196, change=7.96e-04, ‖θ[1:]‖₁=65.771, num_selected_knots=1218
2025-09-07 16:39:00,310 - Iter 6180: loss=-2802.6152, change=7.98e-04, ‖θ[1:]‖₁=65.750, num_selected_knots=1221
2025-09-07 16:39:00,390 - Iter 6190: loss=-2802.6091, change=8.00e-04, ‖θ[1:]‖₁=65.726, num_selected_knots=1193
2025-09-07 16:39:00,468 - Iter 6200: loss=-2802.5999, change=8.01e-04, ‖θ[1:]‖₁=65.692, num_selected_knots=1177
2025-09-07 16:39:00,549 - Iter 6210: loss=-2802.5874, change=8.02e-04, ‖θ[1:]‖₁=65.651, num_selected_knots=1380
2025-09-07 16:39:00,628 - Iter 6220: loss=-2802.5762, change=8.03e-04, ‖θ[1:]‖₁=65.611, num_selected_knots=1713
2025-09-07 16:39:00,707 - Iter 6230: loss=-2802.5684, change=8.05e-04, ‖θ[1:]‖₁=65.573, num_selected_knots=1691
2025-09-07 16:39:00,786 - Iter 6240: loss=-2802.5615, change=8.05e-04, ‖θ[1:]‖₁=65.549, num_selected_knots=1600
2025-09-07 16:39:00,864 - Iter 6250: loss=-2802.5520, change=8.07e-04, ‖θ[1:]‖₁=65.541, num_selected_knots=1678
2025-09-07 16:39:00,944 - Iter 6260: loss=-2802.5454, change=8.08e-04, ‖θ[1:]‖₁=65.533, num_selected_knots=1749
2025-09-07 16:39:01,023 - Iter 6270: loss=-2802.5435, change=8.09e-04, ‖θ[1:]‖₁=65.528, num_selected_knots=1716
2025-09-07 16:39:01,103 - Iter 6280: loss=-2802.5398, change=8.11e-04, ‖θ[1:]‖₁=65.520, num_selected_knots=1639
2025-09-07 16:39:01,182 - Iter 6290: loss=-2802.5334, change=8.12e-04, ‖θ[1:]‖₁=65.507, num_selected_knots=1583
2025-09-07 16:39:01,262 - Iter 6300: loss=-2802.5256, change=8.14e-04, ‖θ[1:]‖₁=65.493, num_selected_knots=1569
2025-09-07 16:39:01,341 - Iter 6310: loss=-2802.5200, change=8.15e-04, ‖θ[1:]‖₁=65.474, num_selected_knots=1558
2025-09-07 16:39:01,419 - Iter 6320: loss=-2802.5142, change=8.16e-04, ‖θ[1:]‖₁=65.457, num_selected_knots=1543
2025-09-07 16:39:01,497 - Iter 6330: loss=-2802.5049, change=8.18e-04, ‖θ[1:]‖₁=65.438, num_selected_knots=1509
2025-09-07 16:39:01,577 - Iter 6340: loss=-2802.4934, change=8.19e-04, ‖θ[1:]‖₁=65.415, num_selected_knots=1472
2025-09-07 16:39:01,656 - Iter 6350: loss=-2802.4790, change=8.20e-04, ‖θ[1:]‖₁=65.390, num_selected_knots=1456
2025-09-07 16:39:01,734 - Iter 6360: loss=-2802.4656, change=8.22e-04, ‖θ[1:]‖₁=65.368, num_selected_knots=1438
2025-09-07 16:39:01,810 - Iter 6370: loss=-2802.4526, change=8.23e-04, ‖θ[1:]‖₁=65.347, num_selected_knots=1419
2025-09-07 16:39:01,889 - Iter 6380: loss=-2802.4355, change=8.23e-04, ‖θ[1:]‖₁=65.325, num_selected_knots=1404
2025-09-07 16:39:01,969 - Iter 6390: loss=-2802.4143, change=8.24e-04, ‖θ[1:]‖₁=65.297, num_selected_knots=1392
2025-09-07 16:39:02,047 - Iter 6400: loss=-2802.3928, change=8.25e-04, ‖θ[1:]‖₁=65.264, num_selected_knots=1474
2025-09-07 16:39:02,129 - Iter 6410: loss=-2802.3740, change=8.25e-04, ‖θ[1:]‖₁=65.229, num_selected_knots=1676
2025-09-07 16:39:02,207 - Iter 6420: loss=-2802.3560, change=8.25e-04, ‖θ[1:]‖₁=65.192, num_selected_knots=1673
2025-09-07 16:39:02,285 - Iter 6430: loss=-2802.3372, change=8.25e-04, ‖θ[1:]‖₁=65.156, num_selected_knots=1882
2025-09-07 16:39:02,365 - Iter 6440: loss=-2802.3210, change=8.24e-04, ‖θ[1:]‖₁=65.120, num_selected_knots=2188
2025-09-07 16:39:02,452 - Iter 6450: loss=-2802.3113, change=8.24e-04, ‖θ[1:]‖₁=65.090, num_selected_knots=2222
2025-09-07 16:39:02,534 - Iter 6460: loss=-2802.3059, change=8.23e-04, ‖θ[1:]‖₁=65.063, num_selected_knots=2204
2025-09-07 16:39:02,614 - Iter 6470: loss=-2802.3025, change=8.23e-04, ‖θ[1:]‖₁=65.036, num_selected_knots=2146
2025-09-07 16:39:02,692 - Iter 6480: loss=-2802.2998, change=8.23e-04, ‖θ[1:]‖₁=65.010, num_selected_knots=2172
2025-09-07 16:39:02,772 - Iter 6490: loss=-2802.2974, change=8.24e-04, ‖θ[1:]‖₁=64.982, num_selected_knots=2244
2025-09-07 16:39:02,852 - Iter 6500: loss=-2802.2954, change=8.25e-04, ‖θ[1:]‖₁=64.955, num_selected_knots=2178
2025-09-07 16:39:02,933 - Iter 6510: loss=-2802.2898, change=8.26e-04, ‖θ[1:]‖₁=64.927, num_selected_knots=2052
2025-09-07 16:39:03,013 - Iter 6520: loss=-2802.2800, change=8.27e-04, ‖θ[1:]‖₁=64.894, num_selected_knots=1981
2025-09-07 16:39:03,090 - Iter 6530: loss=-2802.2688, change=8.28e-04, ‖θ[1:]‖₁=64.862, num_selected_knots=1891
2025-09-07 16:39:03,170 - Iter 6540: loss=-2802.2546, change=8.29e-04, ‖θ[1:]‖₁=64.837, num_selected_knots=1814
2025-09-07 16:39:03,248 - Iter 6550: loss=-2802.2390, change=8.30e-04, ‖θ[1:]‖₁=64.805, num_selected_knots=1721
2025-09-07 16:39:03,328 - Iter 6560: loss=-2802.2200, change=8.31e-04, ‖θ[1:]‖₁=64.777, num_selected_knots=1651
2025-09-07 16:39:03,408 - Iter 6570: loss=-2802.2009, change=8.32e-04, ‖θ[1:]‖₁=64.749, num_selected_knots=1592
2025-09-07 16:39:03,486 - Iter 6580: loss=-2802.1826, change=8.32e-04, ‖θ[1:]‖₁=64.722, num_selected_knots=1555
2025-09-07 16:39:03,567 - Iter 6590: loss=-2802.1636, change=8.32e-04, ‖θ[1:]‖₁=64.693, num_selected_knots=1515
2025-09-07 16:39:03,645 - Iter 6600: loss=-2802.1440, change=8.32e-04, ‖θ[1:]‖₁=64.660, num_selected_knots=1470
2025-09-07 16:39:03,722 - Iter 6610: loss=-2802.1252, change=8.32e-04, ‖θ[1:]‖₁=64.628, num_selected_knots=1448
2025-09-07 16:39:03,803 - Iter 6620: loss=-2802.1101, change=8.32e-04, ‖θ[1:]‖₁=64.599, num_selected_knots=1462
2025-09-07 16:39:03,881 - Iter 6630: loss=-2802.0981, change=8.32e-04, ‖θ[1:]‖₁=64.569, num_selected_knots=1410
2025-09-07 16:39:03,958 - Iter 6640: loss=-2802.0857, change=8.32e-04, ‖θ[1:]‖₁=64.542, num_selected_knots=1389
2025-09-07 16:39:04,039 - Iter 6650: loss=-2802.0747, change=8.31e-04, ‖θ[1:]‖₁=64.516, num_selected_knots=1385
2025-09-07 16:39:04,116 - Iter 6660: loss=-2802.0659, change=8.31e-04, ‖θ[1:]‖₁=64.497, num_selected_knots=1409
2025-09-07 16:39:04,196 - Iter 6670: loss=-2802.0603, change=8.31e-04, ‖θ[1:]‖₁=64.485, num_selected_knots=1358
2025-09-07 16:39:04,275 - Iter 6680: loss=-2802.0537, change=8.31e-04, ‖θ[1:]‖₁=64.471, num_selected_knots=1340
2025-09-07 16:39:04,353 - Iter 6690: loss=-2802.0459, change=8.30e-04, ‖θ[1:]‖₁=64.457, num_selected_knots=1317
2025-09-07 16:39:04,432 - Iter 6700: loss=-2802.0376, change=8.30e-04, ‖θ[1:]‖₁=64.437, num_selected_knots=1294
2025-09-07 16:39:04,511 - Iter 6710: loss=-2802.0298, change=8.30e-04, ‖θ[1:]‖₁=64.418, num_selected_knots=1263
2025-09-07 16:39:04,589 - Iter 6720: loss=-2802.0222, change=8.30e-04, ‖θ[1:]‖₁=64.398, num_selected_knots=1248
2025-09-07 16:39:04,669 - Iter 6730: loss=-2802.0132, change=8.29e-04, ‖θ[1:]‖₁=64.371, num_selected_knots=1229
2025-09-07 16:39:04,747 - Iter 6740: loss=-2802.0020, change=8.28e-04, ‖θ[1:]‖₁=64.341, num_selected_knots=1211
2025-09-07 16:39:04,827 - Iter 6750: loss=-2801.9917, change=8.28e-04, ‖θ[1:]‖₁=64.315, num_selected_knots=1407
2025-09-07 16:39:04,906 - Iter 6760: loss=-2801.9851, change=8.28e-04, ‖θ[1:]‖₁=64.293, num_selected_knots=1403
2025-09-07 16:39:04,984 - Iter 6770: loss=-2801.9797, change=8.27e-04, ‖θ[1:]‖₁=64.269, num_selected_knots=1297
2025-09-07 16:39:05,066 - Iter 6780: loss=-2801.9736, change=8.26e-04, ‖θ[1:]‖₁=64.243, num_selected_knots=1215
2025-09-07 16:39:05,143 - Iter 6790: loss=-2801.9663, change=8.25e-04, ‖θ[1:]‖₁=64.215, num_selected_knots=1189
2025-09-07 16:39:05,221 - Iter 6800: loss=-2801.9597, change=8.24e-04, ‖θ[1:]‖₁=64.188, num_selected_knots=1279
2025-09-07 16:39:05,301 - Iter 6810: loss=-2801.9561, change=8.24e-04, ‖θ[1:]‖₁=64.166, num_selected_knots=1301
2025-09-07 16:39:05,381 - Iter 6820: loss=-2801.9543, change=8.23e-04, ‖θ[1:]‖₁=64.160, num_selected_knots=1266
2025-09-07 16:39:05,461 - Iter 6830: loss=-2801.9517, change=8.22e-04, ‖θ[1:]‖₁=64.155, num_selected_knots=1224
2025-09-07 16:39:05,540 - Iter 6840: loss=-2801.9485, change=8.22e-04, ‖θ[1:]‖₁=64.151, num_selected_knots=1184
2025-09-07 16:39:05,621 - Iter 6850: loss=-2801.9460, change=8.21e-04, ‖θ[1:]‖₁=64.146, num_selected_knots=1172
2025-09-07 16:39:05,698 - Iter 6860: loss=-2801.9441, change=8.20e-04, ‖θ[1:]‖₁=64.137, num_selected_knots=1168
2025-09-07 16:39:05,776 - Iter 6870: loss=-2801.9419, change=8.20e-04, ‖θ[1:]‖₁=64.127, num_selected_knots=1199
2025-09-07 16:39:05,857 - Iter 6880: loss=-2801.9402, change=8.19e-04, ‖θ[1:]‖₁=64.116, num_selected_knots=1216
2025-09-07 16:39:05,935 - Iter 6890: loss=-2801.9390, change=8.19e-04, ‖θ[1:]‖₁=64.105, num_selected_knots=1196
2025-09-07 16:39:06,016 - Iter 6900: loss=-2801.9375, change=8.18e-04, ‖θ[1:]‖₁=64.094, num_selected_knots=1181
2025-09-07 16:39:06,096 - Iter 6910: loss=-2801.9351, change=8.17e-04, ‖θ[1:]‖₁=64.084, num_selected_knots=1160
2025-09-07 16:39:06,174 - Iter 6920: loss=-2801.9307, change=8.16e-04, ‖θ[1:]‖₁=64.071, num_selected_knots=1153
2025-09-07 16:39:06,254 - Iter 6930: loss=-2801.9272, change=8.15e-04, ‖θ[1:]‖₁=64.064, num_selected_knots=1147
2025-09-07 16:39:06,333 - Iter 6940: loss=-2801.9241, change=8.15e-04, ‖θ[1:]‖₁=64.060, num_selected_knots=1141
2025-09-07 16:39:06,415 - Iter 6950: loss=-2801.9226, change=8.14e-04, ‖θ[1:]‖₁=64.058, num_selected_knots=1130
2025-09-07 16:39:06,493 - Iter 6960: loss=-2801.9187, change=8.13e-04, ‖θ[1:]‖₁=64.051, num_selected_knots=1126
2025-09-07 16:39:06,571 - Iter 6970: loss=-2801.9150, change=8.12e-04, ‖θ[1:]‖₁=64.048, num_selected_knots=1123
2025-09-07 16:39:06,652 - Iter 6980: loss=-2801.9124, change=8.11e-04, ‖θ[1:]‖₁=64.051, num_selected_knots=1127
2025-09-07 16:39:06,729 - Iter 6990: loss=-2801.9106, change=8.10e-04, ‖θ[1:]‖₁=64.048, num_selected_knots=1113
2025-09-07 16:39:06,807 - Iter 7000: loss=-2801.9080, change=8.08e-04, ‖θ[1:]‖₁=64.042, num_selected_knots=1106
2025-09-07 16:39:06,887 - Iter 7010: loss=-2801.9043, change=8.07e-04, ‖θ[1:]‖₁=64.033, num_selected_knots=1240
2025-09-07 16:39:06,964 - Iter 7020: loss=-2801.9033, change=8.06e-04, ‖θ[1:]‖₁=64.023, num_selected_knots=1496
2025-09-07 16:39:07,044 - Iter 7030: loss=-2801.9048, change=8.06e-04, ‖θ[1:]‖₁=64.016, num_selected_knots=1486
2025-09-07 16:39:07,121 - Iter 7040: loss=-2801.9082, change=8.03e-04, ‖θ[1:]‖₁=64.008, num_selected_knots=1406
2025-09-07 16:39:07,200 - Iter 7050: loss=-2801.9111, change=7.82e-04, ‖θ[1:]‖₁=64.017, num_selected_knots=1343
2025-09-07 16:39:07,278 - Iter 7060: loss=-2801.9146, change=7.61e-04, ‖θ[1:]‖₁=64.031, num_selected_knots=1333
2025-09-07 16:39:07,357 - Iter 7070: loss=-2801.9189, change=7.55e-04, ‖θ[1:]‖₁=64.042, num_selected_knots=1314
2025-09-07 16:39:07,435 - Iter 7080: loss=-2801.9246, change=7.54e-04, ‖θ[1:]‖₁=64.050, num_selected_knots=1271
2025-09-07 16:39:07,516 - Iter 7090: loss=-2801.9299, change=7.54e-04, ‖θ[1:]‖₁=64.055, num_selected_knots=1254
2025-09-07 16:39:07,594 - Iter 7100: loss=-2801.9336, change=7.53e-04, ‖θ[1:]‖₁=64.058, num_selected_knots=1202
2025-09-07 16:39:07,673 - Iter 7110: loss=-2801.9360, change=7.53e-04, ‖θ[1:]‖₁=64.056, num_selected_knots=1151
2025-09-07 16:39:07,751 - Iter 7120: loss=-2801.9358, change=7.52e-04, ‖θ[1:]‖₁=64.051, num_selected_knots=1117
2025-09-07 16:39:07,830 - Iter 7130: loss=-2801.9353, change=7.52e-04, ‖θ[1:]‖₁=64.052, num_selected_knots=1090
2025-09-07 16:39:07,909 - Iter 7140: loss=-2801.9329, change=7.51e-04, ‖θ[1:]‖₁=64.051, num_selected_knots=1075
2025-09-07 16:39:07,987 - Iter 7150: loss=-2801.9285, change=7.51e-04, ‖θ[1:]‖₁=64.051, num_selected_knots=1083
2025-09-07 16:39:08,065 - Iter 7160: loss=-2801.9250, change=7.50e-04, ‖θ[1:]‖₁=64.052, num_selected_knots=1101
2025-09-07 16:39:08,145 - Iter 7170: loss=-2801.9229, change=7.50e-04, ‖θ[1:]‖₁=64.057, num_selected_knots=1093
2025-09-07 16:39:08,222 - Iter 7180: loss=-2801.9209, change=7.49e-04, ‖θ[1:]‖₁=64.061, num_selected_knots=1073
2025-09-07 16:39:08,301 - Iter 7190: loss=-2801.9192, change=7.48e-04, ‖θ[1:]‖₁=64.062, num_selected_knots=1042
2025-09-07 16:39:08,378 - Iter 7200: loss=-2801.9155, change=7.47e-04, ‖θ[1:]‖₁=64.059, num_selected_knots=1129
2025-09-07 16:39:08,458 - Iter 7210: loss=-2801.9136, change=7.46e-04, ‖θ[1:]‖₁=64.056, num_selected_knots=1424
2025-09-07 16:39:08,538 - Iter 7220: loss=-2801.9138, change=7.45e-04, ‖θ[1:]‖₁=64.052, num_selected_knots=1414
2025-09-07 16:39:08,616 - Iter 7230: loss=-2801.9163, change=7.44e-04, ‖θ[1:]‖₁=64.047, num_selected_knots=1315
2025-09-07 16:39:08,695 - Iter 7240: loss=-2801.9172, change=7.43e-04, ‖θ[1:]‖₁=64.040, num_selected_knots=1260
2025-09-07 16:39:08,772 - Iter 7250: loss=-2801.9185, change=7.43e-04, ‖θ[1:]‖₁=64.041, num_selected_knots=1318
2025-09-07 16:39:08,847 - Iter 7260: loss=-2801.9229, change=7.42e-04, ‖θ[1:]‖₁=64.045, num_selected_knots=1276
2025-09-07 16:39:08,927 - Iter 7270: loss=-2801.9275, change=7.41e-04, ‖θ[1:]‖₁=64.046, num_selected_knots=1196
2025-09-07 16:39:09,004 - Iter 7280: loss=-2801.9309, change=7.40e-04, ‖θ[1:]‖₁=64.047, num_selected_knots=1135
2025-09-07 16:39:09,081 - Iter 7290: loss=-2801.9329, change=7.39e-04, ‖θ[1:]‖₁=64.050, num_selected_knots=1099
2025-09-07 16:39:09,160 - Iter 7300: loss=-2801.9348, change=7.38e-04, ‖θ[1:]‖₁=64.052, num_selected_knots=1229
2025-09-07 16:39:09,237 - Iter 7310: loss=-2801.9395, change=7.38e-04, ‖θ[1:]‖₁=64.055, num_selected_knots=1195
2025-09-07 16:39:09,317 - Iter 7320: loss=-2801.9443, change=7.37e-04, ‖θ[1:]‖₁=64.055, num_selected_knots=1121
2025-09-07 16:39:09,394 - Iter 7330: loss=-2801.9473, change=7.37e-04, ‖θ[1:]‖₁=64.051, num_selected_knots=1092
2025-09-07 16:39:09,472 - Iter 7340: loss=-2801.9478, change=7.20e-04, ‖θ[1:]‖₁=64.056, num_selected_knots=1064
2025-09-07 16:39:09,551 - Iter 7350: loss=-2801.9495, change=7.00e-04, ‖θ[1:]‖₁=64.061, num_selected_knots=1064
2025-09-07 16:39:09,629 - Iter 7360: loss=-2801.9512, change=6.87e-04, ‖θ[1:]‖₁=64.065, num_selected_knots=1056
2025-09-07 16:39:09,710 - Iter 7370: loss=-2801.9519, change=6.86e-04, ‖θ[1:]‖₁=64.070, num_selected_knots=1035
2025-09-07 16:39:09,788 - Iter 7380: loss=-2801.9519, change=6.85e-04, ‖θ[1:]‖₁=64.070, num_selected_knots=1023
2025-09-07 16:39:09,864 - Iter 7390: loss=-2801.9480, change=6.84e-04, ‖θ[1:]‖₁=64.066, num_selected_knots=1010
2025-09-07 16:39:09,942 - Iter 7400: loss=-2801.9438, change=6.83e-04, ‖θ[1:]‖₁=64.060, num_selected_knots=999
2025-09-07 16:39:10,021 - Iter 7410: loss=-2801.9404, change=6.82e-04, ‖θ[1:]‖₁=64.053, num_selected_knots=1035
2025-09-07 16:39:10,099 - Iter 7420: loss=-2801.9390, change=6.81e-04, ‖θ[1:]‖₁=64.050, num_selected_knots=1061
2025-09-07 16:39:10,180 - Iter 7430: loss=-2801.9373, change=6.80e-04, ‖θ[1:]‖₁=64.045, num_selected_knots=1154
2025-09-07 16:39:10,257 - Iter 7440: loss=-2801.9375, change=6.79e-04, ‖θ[1:]‖₁=64.043, num_selected_knots=1265
2025-09-07 16:39:10,337 - Iter 7450: loss=-2801.9382, change=6.78e-04, ‖θ[1:]‖₁=64.048, num_selected_knots=1263
2025-09-07 16:39:10,415 - Iter 7460: loss=-2801.9409, change=6.76e-04, ‖θ[1:]‖₁=64.049, num_selected_knots=1247
2025-09-07 16:39:10,493 - Iter 7470: loss=-2801.9436, change=6.75e-04, ‖θ[1:]‖₁=64.048, num_selected_knots=1256
2025-09-07 16:39:10,570 - Iter 7480: loss=-2801.9485, change=6.74e-04, ‖θ[1:]‖₁=64.054, num_selected_knots=1249
2025-09-07 16:39:10,648 - Iter 7490: loss=-2801.9548, change=6.73e-04, ‖θ[1:]‖₁=64.060, num_selected_knots=1236
2025-09-07 16:39:10,727 - Iter 7500: loss=-2801.9624, change=6.72e-04, ‖θ[1:]‖₁=64.067, num_selected_knots=1221
2025-09-07 16:39:10,809 - Iter 7510: loss=-2801.9705, change=6.72e-04, ‖θ[1:]‖₁=64.075, num_selected_knots=1244
2025-09-07 16:39:10,887 - Iter 7520: loss=-2801.9797, change=6.72e-04, ‖θ[1:]‖₁=64.087, num_selected_knots=1245
2025-09-07 16:39:10,965 - Iter 7530: loss=-2801.9893, change=6.71e-04, ‖θ[1:]‖₁=64.101, num_selected_knots=1224
2025-09-07 16:39:11,045 - Iter 7540: loss=-2801.9985, change=6.71e-04, ‖θ[1:]‖₁=64.108, num_selected_knots=1177
2025-09-07 16:39:11,121 - Iter 7550: loss=-2802.0056, change=6.70e-04, ‖θ[1:]‖₁=64.112, num_selected_knots=1137
2025-09-07 16:39:11,204 - Iter 7560: loss=-2802.0095, change=6.70e-04, ‖θ[1:]‖₁=64.108, num_selected_knots=1093
2025-09-07 16:39:11,282 - Iter 7570: loss=-2802.0134, change=6.69e-04, ‖θ[1:]‖₁=64.103, num_selected_knots=1057
2025-09-07 16:39:11,364 - Iter 7580: loss=-2802.0159, change=6.69e-04, ‖θ[1:]‖₁=64.098, num_selected_knots=1027
2025-09-07 16:39:11,442 - Iter 7590: loss=-2802.0188, change=6.68e-04, ‖θ[1:]‖₁=64.089, num_selected_knots=1010
2025-09-07 16:39:11,520 - Iter 7600: loss=-2802.0200, change=6.68e-04, ‖θ[1:]‖₁=64.077, num_selected_knots=1005
2025-09-07 16:39:11,600 - Iter 7610: loss=-2802.0227, change=6.68e-04, ‖θ[1:]‖₁=64.065, num_selected_knots=1074
2025-09-07 16:39:11,678 - Iter 7620: loss=-2802.0278, change=6.67e-04, ‖θ[1:]‖₁=64.052, num_selected_knots=1070
2025-09-07 16:39:11,755 - Iter 7630: loss=-2802.0332, change=6.66e-04, ‖θ[1:]‖₁=64.041, num_selected_knots=1012
2025-09-07 16:39:11,835 - Iter 7640: loss=-2802.0388, change=6.51e-04, ‖θ[1:]‖₁=64.038, num_selected_knots=991
2025-09-07 16:39:11,912 - Iter 7650: loss=-2802.0457, change=6.31e-04, ‖θ[1:]‖₁=64.049, num_selected_knots=1047
2025-09-07 16:39:11,992 - Iter 7660: loss=-2802.0542, change=6.10e-04, ‖θ[1:]‖₁=64.061, num_selected_knots=1491
2025-09-07 16:39:12,071 - Iter 7670: loss=-2802.0667, change=6.10e-04, ‖θ[1:]‖₁=64.073, num_selected_knots=1605
2025-09-07 16:39:12,149 - Iter 7680: loss=-2802.0830, change=6.10e-04, ‖θ[1:]‖₁=64.090, num_selected_knots=1503
2025-09-07 16:39:12,228 - Iter 7690: loss=-2802.0994, change=6.11e-04, ‖θ[1:]‖₁=64.108, num_selected_knots=1411
2025-09-07 16:39:12,307 - Iter 7700: loss=-2802.1184, change=6.12e-04, ‖θ[1:]‖₁=64.126, num_selected_knots=1405
2025-09-07 16:39:12,387 - Iter 7710: loss=-2802.1396, change=6.13e-04, ‖θ[1:]‖₁=64.149, num_selected_knots=1470
2025-09-07 16:39:12,466 - Iter 7720: loss=-2802.1628, change=6.13e-04, ‖θ[1:]‖₁=64.173, num_selected_knots=1472
2025-09-07 16:39:12,545 - Iter 7730: loss=-2802.1887, change=6.13e-04, ‖θ[1:]‖₁=64.197, num_selected_knots=1429
2025-09-07 16:39:12,625 - Iter 7740: loss=-2802.2148, change=6.13e-04, ‖θ[1:]‖₁=64.221, num_selected_knots=1348
2025-09-07 16:39:12,702 - Iter 7750: loss=-2802.2405, change=6.13e-04, ‖θ[1:]‖₁=64.241, num_selected_knots=1276
2025-09-07 16:39:12,782 - Iter 7760: loss=-2802.2671, change=6.13e-04, ‖θ[1:]‖₁=64.265, num_selected_knots=1262
2025-09-07 16:39:12,860 - Iter 7770: loss=-2802.2952, change=6.13e-04, ‖θ[1:]‖₁=64.291, num_selected_knots=1215
2025-09-07 16:39:12,938 - Iter 7780: loss=-2802.3232, change=6.13e-04, ‖θ[1:]‖₁=64.316, num_selected_knots=1173
2025-09-07 16:39:13,018 - Iter 7790: loss=-2802.3491, change=6.13e-04, ‖θ[1:]‖₁=64.335, num_selected_knots=1149
2025-09-07 16:39:13,096 - Iter 7800: loss=-2802.3745, change=6.13e-04, ‖θ[1:]‖₁=64.352, num_selected_knots=1125
2025-09-07 16:39:13,176 - Iter 7810: loss=-2802.3999, change=6.13e-04, ‖θ[1:]‖₁=64.368, num_selected_knots=1106
2025-09-07 16:39:13,254 - Iter 7820: loss=-2802.4246, change=6.13e-04, ‖θ[1:]‖₁=64.385, num_selected_knots=1093
2025-09-07 16:39:13,330 - Iter 7830: loss=-2802.4487, change=6.13e-04, ‖θ[1:]‖₁=64.399, num_selected_knots=1075
2025-09-07 16:39:13,411 - Iter 7840: loss=-2802.4714, change=6.13e-04, ‖θ[1:]‖₁=64.408, num_selected_knots=1056
2025-09-07 16:39:13,488 - Iter 7850: loss=-2802.4944, change=6.13e-04, ‖θ[1:]‖₁=64.414, num_selected_knots=1050
2025-09-07 16:39:13,565 - Iter 7860: loss=-2802.5176, change=6.20e-04, ‖θ[1:]‖₁=64.417, num_selected_knots=1063
2025-09-07 16:39:13,646 - Iter 7870: loss=-2802.5417, change=6.32e-04, ‖θ[1:]‖₁=64.422, num_selected_knots=1172
2025-09-07 16:39:13,724 - Iter 7880: loss=-2802.5676, change=6.45e-04, ‖θ[1:]‖₁=64.429, num_selected_knots=1450
2025-09-07 16:39:13,802 - Iter 7890: loss=-2802.5959, change=6.58e-04, ‖θ[1:]‖₁=64.443, num_selected_knots=1783
2025-09-07 16:39:13,880 - Iter 7900: loss=-2802.6282, change=6.70e-04, ‖θ[1:]‖₁=64.468, num_selected_knots=1843
2025-09-07 16:39:13,957 - Iter 7910: loss=-2802.6638, change=6.83e-04, ‖θ[1:]‖₁=64.496, num_selected_knots=1794
2025-09-07 16:39:14,037 - Iter 7920: loss=-2802.7007, change=6.75e-04, ‖θ[1:]‖₁=64.537, num_selected_knots=1726
2025-09-07 16:39:14,114 - Iter 7930: loss=-2802.7400, change=6.68e-04, ‖θ[1:]‖₁=64.575, num_selected_knots=1665
2025-09-07 16:39:14,191 - Iter 7940: loss=-2802.7795, change=6.60e-04, ‖θ[1:]‖₁=64.614, num_selected_knots=1605
2025-09-07 16:39:14,269 - Iter 7950: loss=-2802.8188, change=6.51e-04, ‖θ[1:]‖₁=64.651, num_selected_knots=1566
2025-09-07 16:39:14,348 - Iter 7960: loss=-2802.8586, change=6.43e-04, ‖θ[1:]‖₁=64.685, num_selected_knots=1508
2025-09-07 16:39:14,424 - Iter 7970: loss=-2802.8972, change=6.34e-04, ‖θ[1:]‖₁=64.714, num_selected_knots=1447
2025-09-07 16:39:14,505 - Iter 7980: loss=-2802.9336, change=6.25e-04, ‖θ[1:]‖₁=64.740, num_selected_knots=1419
2025-09-07 16:39:14,583 - Iter 7990: loss=-2802.9707, change=6.16e-04, ‖θ[1:]‖₁=64.769, num_selected_knots=1397
2025-09-07 16:39:14,661 - Iter 8000: loss=-2803.0073, change=6.12e-04, ‖θ[1:]‖₁=64.799, num_selected_knots=1347
2025-09-07 16:39:14,740 - Iter 8010: loss=-2803.0430, change=6.12e-04, ‖θ[1:]‖₁=64.831, num_selected_knots=1300
2025-09-07 16:39:14,816 - Iter 8020: loss=-2803.0762, change=6.12e-04, ‖θ[1:]‖₁=64.858, num_selected_knots=1253
2025-09-07 16:39:14,895 - Iter 8030: loss=-2803.1091, change=6.12e-04, ‖θ[1:]‖₁=64.884, num_selected_knots=1260
2025-09-07 16:39:14,972 - Iter 8040: loss=-2803.1433, change=6.12e-04, ‖θ[1:]‖₁=64.913, num_selected_knots=1259
2025-09-07 16:39:15,050 - Iter 8050: loss=-2803.1780, change=6.12e-04, ‖θ[1:]‖₁=64.942, num_selected_knots=1199
2025-09-07 16:39:15,129 - Iter 8060: loss=-2803.2104, change=6.12e-04, ‖θ[1:]‖₁=64.969, num_selected_knots=1161
2025-09-07 16:39:15,206 - Iter 8070: loss=-2803.2432, change=6.12e-04, ‖θ[1:]‖₁=64.993, num_selected_knots=1137
2025-09-07 16:39:15,286 - Iter 8080: loss=-2803.2751, change=6.12e-04, ‖θ[1:]‖₁=65.015, num_selected_knots=1261
2025-09-07 16:39:15,365 - Iter 8090: loss=-2803.3091, change=6.12e-04, ‖θ[1:]‖₁=65.042, num_selected_knots=1243
2025-09-07 16:39:15,441 - Iter 8100: loss=-2803.3433, change=6.12e-04, ‖θ[1:]‖₁=65.069, num_selected_knots=1183
2025-09-07 16:39:15,521 - Iter 8110: loss=-2803.3767, change=6.12e-04, ‖θ[1:]‖₁=65.101, num_selected_knots=1104
2025-09-07 16:39:15,601 - Iter 8120: loss=-2803.4094, change=6.12e-04, ‖θ[1:]‖₁=65.133, num_selected_knots=1043
2025-09-07 16:39:15,678 - Iter 8130: loss=-2803.4395, change=6.12e-04, ‖θ[1:]‖₁=65.165, num_selected_knots=1012
2025-09-07 16:39:15,759 - Iter 8140: loss=-2803.4675, change=6.12e-04, ‖θ[1:]‖₁=65.193, num_selected_knots=1116
2025-09-07 16:39:15,836 - Iter 8150: loss=-2803.4966, change=6.12e-04, ‖θ[1:]‖₁=65.217, num_selected_knots=1263
2025-09-07 16:39:15,916 - Iter 8160: loss=-2803.5259, change=6.12e-04, ‖θ[1:]‖₁=65.247, num_selected_knots=1239
2025-09-07 16:39:15,995 - Iter 8170: loss=-2803.5549, change=6.12e-04, ‖θ[1:]‖₁=65.284, num_selected_knots=1181
2025-09-07 16:39:16,073 - Iter 8180: loss=-2803.5811, change=6.12e-04, ‖θ[1:]‖₁=65.315, num_selected_knots=1107
2025-09-07 16:39:16,154 - Iter 8190: loss=-2803.6047, change=6.12e-04, ‖θ[1:]‖₁=65.343, num_selected_knots=1220
2025-09-07 16:39:16,231 - Iter 8200: loss=-2803.6309, change=6.12e-04, ‖θ[1:]‖₁=65.373, num_selected_knots=1301
2025-09-07 16:39:16,313 - Iter 8210: loss=-2803.6562, change=6.12e-04, ‖θ[1:]‖₁=65.403, num_selected_knots=1245
2025-09-07 16:39:16,392 - Iter 8220: loss=-2803.6794, change=6.16e-04, ‖θ[1:]‖₁=65.430, num_selected_knots=1212
2025-09-07 16:39:16,472 - Iter 8230: loss=-2803.7029, change=6.12e-04, ‖θ[1:]‖₁=65.466, num_selected_knots=1185
2025-09-07 16:39:16,551 - Iter 8240: loss=-2803.7241, change=6.12e-04, ‖θ[1:]‖₁=65.500, num_selected_knots=1321
2025-09-07 16:39:16,630 - Iter 8250: loss=-2803.7466, change=6.12e-04, ‖θ[1:]‖₁=65.533, num_selected_knots=1408
2025-09-07 16:39:16,708 - Iter 8260: loss=-2803.7700, change=6.12e-04, ‖θ[1:]‖₁=65.565, num_selected_knots=1383
2025-09-07 16:39:16,785 - Iter 8270: loss=-2803.7927, change=6.12e-04, ‖θ[1:]‖₁=65.594, num_selected_knots=1321
2025-09-07 16:39:16,861 - Iter 8280: loss=-2803.8130, change=6.12e-04, ‖θ[1:]‖₁=65.618, num_selected_knots=1285
2025-09-07 16:39:16,942 - Iter 8290: loss=-2803.8330, change=6.12e-04, ‖θ[1:]‖₁=65.638, num_selected_knots=1259
2025-09-07 16:39:17,021 - Iter 8300: loss=-2803.8513, change=6.12e-04, ‖θ[1:]‖₁=65.657, num_selected_knots=1256
2025-09-07 16:39:17,100 - Iter 8310: loss=-2803.8711, change=6.12e-04, ‖θ[1:]‖₁=65.677, num_selected_knots=1258
2025-09-07 16:39:17,177 - Iter 8320: loss=-2803.8904, change=6.12e-04, ‖θ[1:]‖₁=65.700, num_selected_knots=1234
2025-09-07 16:39:17,251 - Iter 8330: loss=-2803.9077, change=6.12e-04, ‖θ[1:]‖₁=65.717, num_selected_knots=1222
2025-09-07 16:39:17,326 - Iter 8340: loss=-2803.9214, change=6.12e-04, ‖θ[1:]‖₁=65.728, num_selected_knots=1204
2025-09-07 16:39:17,407 - Iter 8350: loss=-2803.9333, change=6.12e-04, ‖θ[1:]‖₁=65.734, num_selected_knots=1193
2025-09-07 16:39:17,485 - Iter 8360: loss=-2803.9458, change=6.12e-04, ‖θ[1:]‖₁=65.742, num_selected_knots=1182
2025-09-07 16:39:17,565 - Iter 8370: loss=-2803.9578, change=6.12e-04, ‖θ[1:]‖₁=65.747, num_selected_knots=1169
2025-09-07 16:39:17,644 - Iter 8380: loss=-2803.9668, change=6.12e-04, ‖θ[1:]‖₁=65.753, num_selected_knots=1161
2025-09-07 16:39:17,721 - Iter 8390: loss=-2803.9751, change=6.12e-04, ‖θ[1:]‖₁=65.762, num_selected_knots=1175
2025-09-07 16:39:17,805 - Iter 8400: loss=-2803.9839, change=6.12e-04, ‖θ[1:]‖₁=65.775, num_selected_knots=1203
2025-09-07 16:39:17,886 - Iter 8410: loss=-2803.9929, change=6.12e-04, ‖θ[1:]‖₁=65.795, num_selected_knots=1226
2025-09-07 16:39:17,967 - Iter 8420: loss=-2804.0017, change=6.12e-04, ‖θ[1:]‖₁=65.818, num_selected_knots=1380
2025-09-07 16:39:18,046 - Iter 8430: loss=-2804.0144, change=6.12e-04, ‖θ[1:]‖₁=65.842, num_selected_knots=1429
2025-09-07 16:39:18,125 - Iter 8440: loss=-2804.0283, change=6.12e-04, ‖θ[1:]‖₁=65.867, num_selected_knots=1377
2025-09-07 16:39:18,208 - Iter 8450: loss=-2804.0417, change=6.12e-04, ‖θ[1:]‖₁=65.896, num_selected_knots=1340
2025-09-07 16:39:18,286 - Iter 8460: loss=-2804.0554, change=6.12e-04, ‖θ[1:]‖₁=65.924, num_selected_knots=1286
2025-09-07 16:39:18,365 - Iter 8470: loss=-2804.0696, change=6.12e-04, ‖θ[1:]‖₁=65.947, num_selected_knots=1259
2025-09-07 16:39:18,444 - Iter 8480: loss=-2804.0825, change=6.12e-04, ‖θ[1:]‖₁=65.969, num_selected_knots=1232
2025-09-07 16:39:18,524 - Iter 8490: loss=-2804.0955, change=6.10e-04, ‖θ[1:]‖₁=66.004, num_selected_knots=1214
2025-09-07 16:39:18,604 - Iter 8500: loss=-2804.1069, change=6.01e-04, ‖θ[1:]‖₁=66.041, num_selected_knots=1192
2025-09-07 16:39:18,683 - Iter 8510: loss=-2804.1201, change=5.91e-04, ‖θ[1:]‖₁=66.077, num_selected_knots=1201
2025-09-07 16:39:18,762 - Iter 8520: loss=-2804.1328, change=5.82e-04, ‖θ[1:]‖₁=66.113, num_selected_knots=1178
2025-09-07 16:39:18,840 - Iter 8530: loss=-2804.1455, change=5.72e-04, ‖θ[1:]‖₁=66.148, num_selected_knots=1161
2025-09-07 16:39:18,918 - Iter 8540: loss=-2804.1555, change=5.63e-04, ‖θ[1:]‖₁=66.178, num_selected_knots=1145
2025-09-07 16:39:18,999 - Iter 8550: loss=-2804.1650, change=5.53e-04, ‖θ[1:]‖₁=66.205, num_selected_knots=1128
2025-09-07 16:39:19,078 - Iter 8560: loss=-2804.1746, change=5.44e-04, ‖θ[1:]‖₁=66.229, num_selected_knots=1150
2025-09-07 16:39:19,158 - Iter 8570: loss=-2804.1841, change=5.34e-04, ‖θ[1:]‖₁=66.254, num_selected_knots=1148
2025-09-07 16:39:19,237 - Iter 8580: loss=-2804.1929, change=5.25e-04, ‖θ[1:]‖₁=66.277, num_selected_knots=1154
2025-09-07 16:39:19,315 - Iter 8590: loss=-2804.2017, change=5.15e-04, ‖θ[1:]‖₁=66.298, num_selected_knots=1190
2025-09-07 16:39:19,396 - Iter 8600: loss=-2804.2119, change=5.05e-04, ‖θ[1:]‖₁=66.320, num_selected_knots=1217
2025-09-07 16:39:19,474 - Iter 8610: loss=-2804.2227, change=4.96e-04, ‖θ[1:]‖₁=66.343, num_selected_knots=1225
2025-09-07 16:39:19,552 - Iter 8620: loss=-2804.2344, change=4.86e-04, ‖θ[1:]‖₁=66.366, num_selected_knots=1219
2025-09-07 16:39:19,632 - Iter 8630: loss=-2804.2463, change=4.77e-04, ‖θ[1:]‖₁=66.387, num_selected_knots=1204
2025-09-07 16:39:19,713 - Iter 8640: loss=-2804.2583, change=4.67e-04, ‖θ[1:]‖₁=66.407, num_selected_knots=1215
2025-09-07 16:39:19,791 - Iter 8650: loss=-2804.2710, change=4.58e-04, ‖θ[1:]‖₁=66.427, num_selected_knots=1263
2025-09-07 16:39:19,870 - Iter 8660: loss=-2804.2832, change=4.48e-04, ‖θ[1:]‖₁=66.445, num_selected_knots=1271
2025-09-07 16:39:19,949 - Iter 8670: loss=-2804.2974, change=4.39e-04, ‖θ[1:]‖₁=66.462, num_selected_knots=1269
2025-09-07 16:39:20,026 - Iter 8680: loss=-2804.3110, change=4.29e-04, ‖θ[1:]‖₁=66.483, num_selected_knots=1263
2025-09-07 16:39:20,109 - Iter 8690: loss=-2804.3240, change=4.20e-04, ‖θ[1:]‖₁=66.505, num_selected_knots=1261
2025-09-07 16:39:20,188 - Iter 8700: loss=-2804.3369, change=4.10e-04, ‖θ[1:]‖₁=66.527, num_selected_knots=1251
2025-09-07 16:39:20,272 - Iter 8710: loss=-2804.3501, change=4.01e-04, ‖θ[1:]‖₁=66.548, num_selected_knots=1242
2025-09-07 16:39:20,350 - Iter 8720: loss=-2804.3611, change=3.91e-04, ‖θ[1:]‖₁=66.569, num_selected_knots=1233
2025-09-07 16:39:20,429 - Iter 8730: loss=-2804.3721, change=3.81e-04, ‖θ[1:]‖₁=66.585, num_selected_knots=1225
2025-09-07 16:39:20,510 - Iter 8740: loss=-2804.3796, change=3.72e-04, ‖θ[1:]‖₁=66.599, num_selected_knots=1215
2025-09-07 16:39:20,588 - Iter 8750: loss=-2804.3875, change=3.62e-04, ‖θ[1:]‖₁=66.615, num_selected_knots=1217
2025-09-07 16:39:20,667 - Iter 8760: loss=-2804.3965, change=3.53e-04, ‖θ[1:]‖₁=66.632, num_selected_knots=1250
2025-09-07 16:39:20,745 - Iter 8770: loss=-2804.4070, change=3.43e-04, ‖θ[1:]‖₁=66.650, num_selected_knots=1243
2025-09-07 16:39:20,823 - Iter 8780: loss=-2804.4163, change=3.34e-04, ‖θ[1:]‖₁=66.667, num_selected_knots=1217
2025-09-07 16:39:20,904 - Iter 8790: loss=-2804.4255, change=3.24e-04, ‖θ[1:]‖₁=66.680, num_selected_knots=1202
2025-09-07 16:39:20,982 - Iter 8800: loss=-2804.4319, change=3.15e-04, ‖θ[1:]‖₁=66.690, num_selected_knots=1218
2025-09-07 16:39:21,064 - Iter 8810: loss=-2804.4402, change=3.05e-04, ‖θ[1:]‖₁=66.699, num_selected_knots=1276
2025-09-07 16:39:21,144 - Iter 8820: loss=-2804.4509, change=2.96e-04, ‖θ[1:]‖₁=66.708, num_selected_knots=1265
2025-09-07 16:39:21,223 - Iter 8830: loss=-2804.4607, change=2.86e-04, ‖θ[1:]‖₁=66.716, num_selected_knots=1239
2025-09-07 16:39:21,302 - Iter 8840: loss=-2804.4690, change=2.89e-04, ‖θ[1:]‖₁=66.722, num_selected_knots=1220
2025-09-07 16:39:21,380 - Iter 8850: loss=-2804.4763, change=2.94e-04, ‖θ[1:]‖₁=66.727, num_selected_knots=1202
2025-09-07 16:39:21,456 - Iter 8860: loss=-2804.4849, change=3.04e-04, ‖θ[1:]‖₁=66.730, num_selected_knots=1206
2025-09-07 16:39:21,537 - Iter 8870: loss=-2804.4929, change=3.13e-04, ‖θ[1:]‖₁=66.731, num_selected_knots=1214
2025-09-07 16:39:21,616 - Iter 8880: loss=-2804.5012, change=3.23e-04, ‖θ[1:]‖₁=66.734, num_selected_knots=1190
2025-09-07 16:39:21,697 - Iter 8890: loss=-2804.5078, change=3.32e-04, ‖θ[1:]‖₁=66.733, num_selected_knots=1173
2025-09-07 16:39:21,776 - Iter 8900: loss=-2804.5146, change=3.42e-04, ‖θ[1:]‖₁=66.730, num_selected_knots=1163
2025-09-07 16:39:21,856 - Iter 8910: loss=-2804.5188, change=3.51e-04, ‖θ[1:]‖₁=66.724, num_selected_knots=1157
2025-09-07 16:39:21,936 - Iter 8920: loss=-2804.5244, change=3.61e-04, ‖θ[1:]‖₁=66.716, num_selected_knots=1151
2025-09-07 16:39:22,014 - Iter 8930: loss=-2804.5266, change=3.71e-04, ‖θ[1:]‖₁=66.706, num_selected_knots=1142
2025-09-07 16:39:22,095 - Iter 8940: loss=-2804.5288, change=3.80e-04, ‖θ[1:]‖₁=66.696, num_selected_knots=1140
2025-09-07 16:39:22,173 - Iter 8950: loss=-2804.5305, change=3.90e-04, ‖θ[1:]‖₁=66.684, num_selected_knots=1137
2025-09-07 16:39:22,250 - Iter 8960: loss=-2804.5300, change=3.99e-04, ‖θ[1:]‖₁=66.668, num_selected_knots=1128
2025-09-07 16:39:22,330 - Iter 8970: loss=-2804.5286, change=4.06e-04, ‖θ[1:]‖₁=66.648, num_selected_knots=1124
2025-09-07 16:39:22,410 - Iter 8980: loss=-2804.5244, change=4.13e-04, ‖θ[1:]‖₁=66.622, num_selected_knots=1117
2025-09-07 16:39:22,489 - Iter 8990: loss=-2804.5195, change=4.23e-04, ‖θ[1:]‖₁=66.601, num_selected_knots=1186
2025-09-07 16:39:22,569 - Iter 9000: loss=-2804.5149, change=4.32e-04, ‖θ[1:]‖₁=66.585, num_selected_knots=1293
2025-09-07 16:39:22,649 - Iter 9010: loss=-2804.5112, change=4.41e-04, ‖θ[1:]‖₁=66.571, num_selected_knots=1231
2025-09-07 16:39:22,729 - Iter 9020: loss=-2804.5066, change=4.45e-04, ‖θ[1:]‖₁=66.555, num_selected_knots=1168
2025-09-07 16:39:22,807 - Iter 9030: loss=-2804.5007, change=4.50e-04, ‖θ[1:]‖₁=66.537, num_selected_knots=1119
2025-09-07 16:39:22,887 - Iter 9040: loss=-2804.4954, change=4.55e-04, ‖θ[1:]‖₁=66.517, num_selected_knots=1100
2025-09-07 16:39:22,965 - Iter 9050: loss=-2804.4883, change=4.62e-04, ‖θ[1:]‖₁=66.497, num_selected_knots=1267
2025-09-07 16:39:23,045 - Iter 9060: loss=-2804.4839, change=4.70e-04, ‖θ[1:]‖₁=66.477, num_selected_knots=1281
2025-09-07 16:39:23,125 - Iter 9070: loss=-2804.4785, change=4.75e-04, ‖θ[1:]‖₁=66.456, num_selected_knots=1233
2025-09-07 16:39:23,202 - Iter 9080: loss=-2804.4739, change=4.80e-04, ‖θ[1:]‖₁=66.434, num_selected_knots=1181
2025-09-07 16:39:23,283 - Iter 9090: loss=-2804.4678, change=4.84e-04, ‖θ[1:]‖₁=66.417, num_selected_knots=1138
2025-09-07 16:39:23,361 - Iter 9100: loss=-2804.4619, change=4.89e-04, ‖θ[1:]‖₁=66.397, num_selected_knots=1092
2025-09-07 16:39:23,439 - Iter 9110: loss=-2804.4541, change=4.94e-04, ‖θ[1:]‖₁=66.377, num_selected_knots=1060
2025-09-07 16:39:23,517 - Iter 9120: loss=-2804.4453, change=4.99e-04, ‖θ[1:]‖₁=66.353, num_selected_knots=1047
2025-09-07 16:39:23,597 - Iter 9130: loss=-2804.4346, change=5.04e-04, ‖θ[1:]‖₁=66.330, num_selected_knots=1037
2025-09-07 16:39:23,677 - Iter 9140: loss=-2804.4221, change=5.08e-04, ‖θ[1:]‖₁=66.307, num_selected_knots=1024
2025-09-07 16:39:23,756 - Iter 9150: loss=-2804.4080, change=5.13e-04, ‖θ[1:]‖₁=66.286, num_selected_knots=1008
2025-09-07 16:39:23,834 - Iter 9160: loss=-2804.3945, change=5.18e-04, ‖θ[1:]‖₁=66.264, num_selected_knots=999
2025-09-07 16:39:23,914 - Iter 9170: loss=-2804.3784, change=5.23e-04, ‖θ[1:]‖₁=66.238, num_selected_knots=994
2025-09-07 16:39:23,992 - Iter 9180: loss=-2804.3611, change=5.27e-04, ‖θ[1:]‖₁=66.205, num_selected_knots=989
2025-09-07 16:39:24,069 - Iter 9190: loss=-2804.3411, change=5.32e-04, ‖θ[1:]‖₁=66.167, num_selected_knots=984
2025-09-07 16:39:24,149 - Iter 9200: loss=-2804.3218, change=5.37e-04, ‖θ[1:]‖₁=66.128, num_selected_knots=979
2025-09-07 16:39:24,229 - Iter 9210: loss=-2804.3015, change=5.42e-04, ‖θ[1:]‖₁=66.090, num_selected_knots=987
2025-09-07 16:39:24,307 - Iter 9220: loss=-2804.2817, change=5.46e-04, ‖θ[1:]‖₁=66.049, num_selected_knots=983
2025-09-07 16:39:24,388 - Iter 9230: loss=-2804.2605, change=5.51e-04, ‖θ[1:]‖₁=66.010, num_selected_knots=977
2025-09-07 16:39:24,466 - Iter 9240: loss=-2804.2380, change=5.56e-04, ‖θ[1:]‖₁=65.971, num_selected_knots=1380
2025-09-07 16:39:24,544 - Iter 9250: loss=-2804.2173, change=5.61e-04, ‖θ[1:]‖₁=65.930, num_selected_knots=1693
2025-09-07 16:39:24,622 - Iter 9260: loss=-2804.1980, change=5.66e-04, ‖θ[1:]‖₁=65.892, num_selected_knots=1719
2025-09-07 16:39:24,701 - Iter 9270: loss=-2804.1807, change=5.70e-04, ‖θ[1:]‖₁=65.859, num_selected_knots=1653
2025-09-07 16:39:24,781 - Iter 9280: loss=-2804.1628, change=5.75e-04, ‖θ[1:]‖₁=65.823, num_selected_knots=1594
2025-09-07 16:39:24,861 - Iter 9290: loss=-2804.1450, change=5.80e-04, ‖θ[1:]‖₁=65.783, num_selected_knots=1531
2025-09-07 16:39:24,941 - Iter 9300: loss=-2804.1262, change=5.85e-04, ‖θ[1:]‖₁=65.742, num_selected_knots=1466
2025-09-07 16:39:25,021 - Iter 9310: loss=-2804.1084, change=5.89e-04, ‖θ[1:]‖₁=65.698, num_selected_knots=1394
2025-09-07 16:39:25,099 - Iter 9320: loss=-2804.0862, change=5.94e-04, ‖θ[1:]‖₁=65.647, num_selected_knots=1325
2025-09-07 16:39:25,178 - Iter 9330: loss=-2804.0603, change=5.99e-04, ‖θ[1:]‖₁=65.598, num_selected_knots=1276
2025-09-07 16:39:25,258 - Iter 9340: loss=-2804.0344, change=6.05e-04, ‖θ[1:]‖₁=65.556, num_selected_knots=1249
2025-09-07 16:39:25,336 - Iter 9350: loss=-2804.0088, change=6.10e-04, ‖θ[1:]‖₁=65.518, num_selected_knots=1220
2025-09-07 16:39:25,416 - Iter 9360: loss=-2803.9836, change=6.15e-04, ‖θ[1:]‖₁=65.475, num_selected_knots=1172
2025-09-07 16:39:25,495 - Iter 9370: loss=-2803.9556, change=6.18e-04, ‖θ[1:]‖₁=65.434, num_selected_knots=1137
2025-09-07 16:39:25,575 - Iter 9380: loss=-2803.9282, change=6.23e-04, ‖θ[1:]‖₁=65.402, num_selected_knots=1201
2025-09-07 16:39:25,654 - Iter 9390: loss=-2803.9004, change=6.28e-04, ‖θ[1:]‖₁=65.371, num_selected_knots=1236
2025-09-07 16:39:25,733 - Iter 9400: loss=-2803.8750, change=6.32e-04, ‖θ[1:]‖₁=65.347, num_selected_knots=1224
2025-09-07 16:39:25,815 - Iter 9410: loss=-2803.8511, change=6.37e-04, ‖θ[1:]‖₁=65.319, num_selected_knots=1204
2025-09-07 16:39:25,894 - Iter 9420: loss=-2803.8252, change=6.42e-04, ‖θ[1:]‖₁=65.293, num_selected_knots=1175
2025-09-07 16:39:25,976 - Iter 9430: loss=-2803.7993, change=6.47e-04, ‖θ[1:]‖₁=65.266, num_selected_knots=1176
2025-09-07 16:39:26,057 - Iter 9440: loss=-2803.7764, change=6.51e-04, ‖θ[1:]‖₁=65.242, num_selected_knots=1174
2025-09-07 16:39:26,135 - Iter 9450: loss=-2803.7539, change=6.56e-04, ‖θ[1:]‖₁=65.215, num_selected_knots=1163
2025-09-07 16:39:26,216 - Iter 9460: loss=-2803.7317, change=6.61e-04, ‖θ[1:]‖₁=65.184, num_selected_knots=1160
2025-09-07 16:39:26,295 - Iter 9470: loss=-2803.7095, change=6.66e-04, ‖θ[1:]‖₁=65.152, num_selected_knots=1151
2025-09-07 16:39:26,378 - Iter 9480: loss=-2803.6887, change=6.70e-04, ‖θ[1:]‖₁=65.123, num_selected_knots=1148
2025-09-07 16:39:26,457 - Iter 9490: loss=-2803.6692, change=6.75e-04, ‖θ[1:]‖₁=65.101, num_selected_knots=1144
2025-09-07 16:39:26,535 - Iter 9500: loss=-2803.6506, change=6.80e-04, ‖θ[1:]‖₁=65.082, num_selected_knots=1136
2025-09-07 16:39:26,617 - Iter 9510: loss=-2803.6331, change=6.85e-04, ‖θ[1:]‖₁=65.061, num_selected_knots=1127
2025-09-07 16:39:26,695 - Iter 9520: loss=-2803.6157, change=6.90e-04, ‖θ[1:]‖₁=65.039, num_selected_knots=1158
2025-09-07 16:39:26,776 - Iter 9530: loss=-2803.5977, change=6.94e-04, ‖θ[1:]‖₁=65.018, num_selected_knots=1213
2025-09-07 16:39:26,855 - Iter 9540: loss=-2803.5835, change=6.99e-04, ‖θ[1:]‖₁=65.002, num_selected_knots=1213
2025-09-07 16:39:26,935 - Iter 9550: loss=-2803.5688, change=7.04e-04, ‖θ[1:]‖₁=64.991, num_selected_knots=1191
2025-09-07 16:39:27,015 - Iter 9560: loss=-2803.5530, change=7.09e-04, ‖θ[1:]‖₁=64.990, num_selected_knots=1204
2025-09-07 16:39:27,094 - Iter 9570: loss=-2803.5410, change=7.13e-04, ‖θ[1:]‖₁=64.995, num_selected_knots=1225
2025-09-07 16:39:27,174 - Iter 9580: loss=-2803.5286, change=7.18e-04, ‖θ[1:]‖₁=65.002, num_selected_knots=1242
2025-09-07 16:39:27,251 - Iter 9590: loss=-2803.5156, change=7.23e-04, ‖θ[1:]‖₁=65.007, num_selected_knots=1253
2025-09-07 16:39:27,330 - Iter 9600: loss=-2803.5024, change=7.28e-04, ‖θ[1:]‖₁=65.010, num_selected_knots=1307
2025-09-07 16:39:27,409 - Iter 9610: loss=-2803.4893, change=7.32e-04, ‖θ[1:]‖₁=65.011, num_selected_knots=1346
2025-09-07 16:39:27,487 - Iter 9620: loss=-2803.4783, change=7.37e-04, ‖θ[1:]‖₁=65.013, num_selected_knots=1430
2025-09-07 16:39:27,568 - Iter 9630: loss=-2803.4690, change=7.42e-04, ‖θ[1:]‖₁=65.017, num_selected_knots=1506
2025-09-07 16:39:27,646 - Iter 9640: loss=-2803.4600, change=7.47e-04, ‖θ[1:]‖₁=65.020, num_selected_knots=1682
2025-09-07 16:39:27,724 - Iter 9650: loss=-2803.4524, change=7.51e-04, ‖θ[1:]‖₁=65.022, num_selected_knots=1749
2025-09-07 16:39:27,802 - Iter 9660: loss=-2803.4487, change=7.56e-04, ‖θ[1:]‖₁=65.027, num_selected_knots=1774
2025-09-07 16:39:27,880 - Iter 9670: loss=-2803.4473, change=7.61e-04, ‖θ[1:]‖₁=65.033, num_selected_knots=1758
2025-09-07 16:39:27,958 - Iter 9680: loss=-2803.4475, change=7.66e-04, ‖θ[1:]‖₁=65.038, num_selected_knots=1734
2025-09-07 16:39:28,039 - Iter 9690: loss=-2803.4487, change=7.70e-04, ‖θ[1:]‖₁=65.042, num_selected_knots=1715
2025-09-07 16:39:28,118 - Iter 9700: loss=-2803.4507, change=7.72e-04, ‖θ[1:]‖₁=65.045, num_selected_knots=1692
2025-09-07 16:39:28,196 - Iter 9710: loss=-2803.4541, change=7.72e-04, ‖θ[1:]‖₁=65.049, num_selected_knots=1665
2025-09-07 16:39:28,275 - Iter 9720: loss=-2803.4568, change=7.72e-04, ‖θ[1:]‖₁=65.050, num_selected_knots=1634
2025-09-07 16:39:28,354 - Iter 9730: loss=-2803.4585, change=7.73e-04, ‖θ[1:]‖₁=65.054, num_selected_knots=1611
2025-09-07 16:39:28,434 - Iter 9740: loss=-2803.4578, change=7.74e-04, ‖θ[1:]‖₁=65.055, num_selected_knots=1577
2025-09-07 16:39:28,512 - Iter 9750: loss=-2803.4570, change=7.75e-04, ‖θ[1:]‖₁=65.052, num_selected_knots=1541
2025-09-07 16:39:28,591 - Iter 9760: loss=-2803.4551, change=7.76e-04, ‖θ[1:]‖₁=65.049, num_selected_knots=1487
2025-09-07 16:39:28,671 - Iter 9770: loss=-2803.4531, change=7.77e-04, ‖θ[1:]‖₁=65.042, num_selected_knots=1446
2025-09-07 16:39:28,750 - Iter 9780: loss=-2803.4485, change=7.77e-04, ‖θ[1:]‖₁=65.036, num_selected_knots=1390
2025-09-07 16:39:28,830 - Iter 9790: loss=-2803.4424, change=7.78e-04, ‖θ[1:]‖₁=65.034, num_selected_knots=1357
2025-09-07 16:39:28,908 - Iter 9800: loss=-2803.4373, change=7.79e-04, ‖θ[1:]‖₁=65.033, num_selected_knots=1329
2025-09-07 16:39:28,986 - Iter 9810: loss=-2803.4333, change=7.80e-04, ‖θ[1:]‖₁=65.032, num_selected_knots=1304
2025-09-07 16:39:29,065 - Iter 9820: loss=-2803.4285, change=7.80e-04, ‖θ[1:]‖₁=65.026, num_selected_knots=1275
2025-09-07 16:39:29,144 - Iter 9830: loss=-2803.4216, change=7.80e-04, ‖θ[1:]‖₁=65.015, num_selected_knots=1260
2025-09-07 16:39:29,222 - Iter 9840: loss=-2803.4116, change=7.82e-04, ‖θ[1:]‖₁=65.005, num_selected_knots=1301
2025-09-07 16:39:29,302 - Iter 9850: loss=-2803.4038, change=7.83e-04, ‖θ[1:]‖₁=64.995, num_selected_knots=1553
2025-09-07 16:39:29,382 - Iter 9860: loss=-2803.3982, change=7.83e-04, ‖θ[1:]‖₁=64.983, num_selected_knots=1525
2025-09-07 16:39:29,462 - Iter 9870: loss=-2803.3928, change=7.83e-04, ‖θ[1:]‖₁=64.970, num_selected_knots=1422
2025-09-07 16:39:29,541 - Iter 9880: loss=-2803.3850, change=7.83e-04, ‖θ[1:]‖₁=64.954, num_selected_knots=1331
2025-09-07 16:39:29,620 - Iter 9890: loss=-2803.3777, change=7.83e-04, ‖θ[1:]‖₁=64.938, num_selected_knots=1457
2025-09-07 16:39:29,700 - Iter 9900: loss=-2803.3713, change=7.83e-04, ‖θ[1:]‖₁=64.924, num_selected_knots=1552
2025-09-07 16:39:29,778 - Iter 9910: loss=-2803.3667, change=7.83e-04, ‖θ[1:]‖₁=64.910, num_selected_knots=1509
2025-09-07 16:39:29,855 - Iter 9920: loss=-2803.3616, change=7.83e-04, ‖θ[1:]‖₁=64.893, num_selected_knots=1426
2025-09-07 16:39:29,934 - Iter 9930: loss=-2803.3552, change=7.83e-04, ‖θ[1:]‖₁=64.873, num_selected_knots=1352
2025-09-07 16:39:30,014 - Iter 9940: loss=-2803.3489, change=7.83e-04, ‖θ[1:]‖₁=64.853, num_selected_knots=1446
2025-09-07 16:39:30,091 - Iter 9950: loss=-2803.3442, change=7.83e-04, ‖θ[1:]‖₁=64.837, num_selected_knots=1530
2025-09-07 16:39:30,171 - Iter 9960: loss=-2803.3398, change=7.83e-04, ‖θ[1:]‖₁=64.820, num_selected_knots=1470
2025-09-07 16:39:30,248 - Iter 9970: loss=-2803.3352, change=7.83e-04, ‖θ[1:]‖₁=64.802, num_selected_knots=1388
2025-09-07 16:39:30,326 - Iter 9980: loss=-2803.3289, change=7.88e-04, ‖θ[1:]‖₁=64.782, num_selected_knots=1373
2025-09-07 16:39:30,404 - Iter 9990: loss=-2803.3245, change=7.93e-04, ‖θ[1:]‖₁=64.765, num_selected_knots=1421
2025-09-07 16:39:30,482 - Iter 10000: loss=-2803.3213, change=7.95e-04, ‖θ[1:]‖₁=64.750, num_selected_knots=1403
2025-09-07 16:39:30,561 - Iter 10010: loss=-2803.3184, change=7.96e-04, ‖θ[1:]‖₁=64.736, num_selected_knots=1352
2025-09-07 16:39:30,640 - Iter 10020: loss=-2803.3140, change=7.96e-04, ‖θ[1:]‖₁=64.717, num_selected_knots=1298
2025-09-07 16:39:30,720 - Iter 10030: loss=-2803.3083, change=7.97e-04, ‖θ[1:]‖₁=64.696, num_selected_knots=1246
2025-09-07 16:39:30,800 - Iter 10040: loss=-2803.3015, change=7.98e-04, ‖θ[1:]‖₁=64.672, num_selected_knots=1244
2025-09-07 16:39:30,876 - Iter 10050: loss=-2803.2961, change=7.99e-04, ‖θ[1:]‖₁=64.646, num_selected_knots=1213
2025-09-07 16:39:30,954 - Iter 10060: loss=-2803.2903, change=8.00e-04, ‖θ[1:]‖₁=64.621, num_selected_knots=1166
2025-09-07 16:39:31,037 - Iter 10070: loss=-2803.2825, change=8.01e-04, ‖θ[1:]‖₁=64.605, num_selected_knots=1124
2025-09-07 16:39:31,115 - Iter 10080: loss=-2803.2729, change=8.01e-04, ‖θ[1:]‖₁=64.589, num_selected_knots=1104
2025-09-07 16:39:31,195 - Iter 10090: loss=-2803.2622, change=8.02e-04, ‖θ[1:]‖₁=64.574, num_selected_knots=1087
2025-09-07 16:39:31,273 - Iter 10100: loss=-2803.2517, change=8.03e-04, ‖θ[1:]‖₁=64.557, num_selected_knots=1075
2025-09-07 16:39:31,353 - Iter 10110: loss=-2803.2400, change=8.04e-04, ‖θ[1:]‖₁=64.538, num_selected_knots=1065
2025-09-07 16:39:31,433 - Iter 10120: loss=-2803.2273, change=8.05e-04, ‖θ[1:]‖₁=64.517, num_selected_knots=1054
2025-09-07 16:39:31,513 - Iter 10130: loss=-2803.2151, change=8.05e-04, ‖θ[1:]‖₁=64.495, num_selected_knots=1042
2025-09-07 16:39:31,595 - Iter 10140: loss=-2803.2021, change=8.05e-04, ‖θ[1:]‖₁=64.476, num_selected_knots=1036
2025-09-07 16:39:31,673 - Iter 10150: loss=-2803.1887, change=8.05e-04, ‖θ[1:]‖₁=64.457, num_selected_knots=1091
2025-09-07 16:39:31,751 - Iter 10160: loss=-2803.1760, change=8.05e-04, ‖θ[1:]‖₁=64.439, num_selected_knots=1154
2025-09-07 16:39:31,832 - Iter 10170: loss=-2803.1643, change=8.05e-04, ‖θ[1:]‖₁=64.422, num_selected_knots=1214
2025-09-07 16:39:31,909 - Iter 10180: loss=-2803.1528, change=8.05e-04, ‖θ[1:]‖₁=64.404, num_selected_knots=1222
2025-09-07 16:39:31,986 - Iter 10190: loss=-2803.1428, change=8.05e-04, ‖θ[1:]‖₁=64.383, num_selected_knots=1208
2025-09-07 16:39:32,066 - Iter 10200: loss=-2803.1331, change=8.05e-04, ‖θ[1:]‖₁=64.360, num_selected_knots=1198
2025-09-07 16:39:32,143 - Iter 10210: loss=-2803.1230, change=8.05e-04, ‖θ[1:]‖₁=64.336, num_selected_knots=1255
2025-09-07 16:39:32,224 - Iter 10220: loss=-2803.1160, change=8.05e-04, ‖θ[1:]‖₁=64.313, num_selected_knots=1257
2025-09-07 16:39:32,302 - Iter 10230: loss=-2803.1101, change=8.05e-04, ‖θ[1:]‖₁=64.292, num_selected_knots=1232
2025-09-07 16:39:32,380 - Iter 10240: loss=-2803.1035, change=8.05e-04, ‖θ[1:]‖₁=64.272, num_selected_knots=1200
2025-09-07 16:39:32,458 - Iter 10250: loss=-2803.0969, change=8.05e-04, ‖θ[1:]‖₁=64.252, num_selected_knots=1189
2025-09-07 16:39:32,538 - Iter 10260: loss=-2803.0903, change=8.05e-04, ‖θ[1:]‖₁=64.239, num_selected_knots=1170
2025-09-07 16:39:32,617 - Iter 10270: loss=-2803.0835, change=8.05e-04, ‖θ[1:]‖₁=64.233, num_selected_knots=1190
2025-09-07 16:39:32,697 - Iter 10280: loss=-2803.0779, change=8.05e-04, ‖θ[1:]‖₁=64.228, num_selected_knots=1157
2025-09-07 16:39:32,775 - Iter 10290: loss=-2803.0701, change=8.05e-04, ‖θ[1:]‖₁=64.224, num_selected_knots=1137
2025-09-07 16:39:32,854 - Iter 10300: loss=-2803.0615, change=8.05e-04, ‖θ[1:]‖₁=64.217, num_selected_knots=1119
2025-09-07 16:39:32,932 - Iter 10310: loss=-2803.0508, change=8.05e-04, ‖θ[1:]‖₁=64.207, num_selected_knots=1138
2025-09-07 16:39:33,010 - Iter 10320: loss=-2803.0405, change=8.05e-04, ‖θ[1:]‖₁=64.197, num_selected_knots=1204
2025-09-07 16:39:33,090 - Iter 10330: loss=-2803.0312, change=8.05e-04, ‖θ[1:]‖₁=64.187, num_selected_knots=1127
2025-09-07 16:39:33,169 - Iter 10340: loss=-2803.0195, change=8.05e-04, ‖θ[1:]‖₁=64.178, num_selected_knots=1083
2025-09-07 16:39:33,250 - Iter 10350: loss=-2803.0061, change=8.05e-04, ‖θ[1:]‖₁=64.165, num_selected_knots=1061
2025-09-07 16:39:33,328 - Iter 10360: loss=-2802.9917, change=8.05e-04, ‖θ[1:]‖₁=64.149, num_selected_knots=1036
2025-09-07 16:39:33,407 - Iter 10370: loss=-2802.9771, change=8.05e-04, ‖θ[1:]‖₁=64.131, num_selected_knots=1026
2025-09-07 16:39:33,485 - Iter 10380: loss=-2802.9626, change=8.05e-04, ‖θ[1:]‖₁=64.115, num_selected_knots=1013
2025-09-07 16:39:33,563 - Iter 10390: loss=-2802.9470, change=8.05e-04, ‖θ[1:]‖₁=64.097, num_selected_knots=1001
2025-09-07 16:39:33,644 - Iter 10400: loss=-2802.9319, change=8.05e-04, ‖θ[1:]‖₁=64.081, num_selected_knots=996
2025-09-07 16:39:33,722 - Iter 10410: loss=-2802.9172, change=8.05e-04, ‖θ[1:]‖₁=64.067, num_selected_knots=1004
2025-09-07 16:39:33,799 - Iter 10420: loss=-2802.9023, change=8.05e-04, ‖θ[1:]‖₁=64.052, num_selected_knots=999
2025-09-07 16:39:33,877 - Iter 10430: loss=-2802.8887, change=8.05e-04, ‖θ[1:]‖₁=64.039, num_selected_knots=989
2025-09-07 16:39:33,955 - Iter 10440: loss=-2802.8752, change=8.03e-04, ‖θ[1:]‖₁=64.030, num_selected_knots=976
2025-09-07 16:39:34,033 - Iter 10450: loss=-2802.8599, change=8.01e-04, ‖θ[1:]‖₁=64.017, num_selected_knots=963
2025-09-07 16:39:34,114 - Iter 10460: loss=-2802.8430, change=7.98e-04, ‖θ[1:]‖₁=64.004, num_selected_knots=955
2025-09-07 16:39:34,192 - Iter 10470: loss=-2802.8271, change=7.96e-04, ‖θ[1:]‖₁=63.995, num_selected_knots=1356
2025-09-07 16:39:34,268 - Iter 10480: loss=-2802.8147, change=7.94e-04, ‖θ[1:]‖₁=63.988, num_selected_knots=1452
2025-09-07 16:39:34,348 - Iter 10490: loss=-2802.8044, change=7.91e-04, ‖θ[1:]‖₁=63.982, num_selected_knots=1313
2025-09-07 16:39:34,427 - Iter 10500: loss=-2802.7927, change=7.89e-04, ‖θ[1:]‖₁=63.973, num_selected_knots=1133
2025-09-07 16:39:34,504 - Iter 10510: loss=-2802.7817, change=7.87e-04, ‖θ[1:]‖₁=63.963, num_selected_knots=1009
2025-09-07 16:39:34,582 - Iter 10520: loss=-2802.7717, change=7.84e-04, ‖θ[1:]‖₁=63.952, num_selected_knots=1028
2025-09-07 16:39:34,661 - Iter 10530: loss=-2802.7632, change=7.82e-04, ‖θ[1:]‖₁=63.945, num_selected_knots=1096
2025-09-07 16:39:34,740 - Iter 10540: loss=-2802.7568, change=7.79e-04, ‖θ[1:]‖₁=63.937, num_selected_knots=1056
2025-09-07 16:39:34,819 - Iter 10550: loss=-2802.7500, change=7.77e-04, ‖θ[1:]‖₁=63.932, num_selected_knots=985
2025-09-07 16:39:34,898 - Iter 10560: loss=-2802.7422, change=7.75e-04, ‖θ[1:]‖₁=63.926, num_selected_knots=967
2025-09-07 16:39:34,975 - Iter 10570: loss=-2802.7341, change=7.72e-04, ‖θ[1:]‖₁=63.919, num_selected_knots=958
2025-09-07 16:39:35,054 - Iter 10580: loss=-2802.7246, change=7.70e-04, ‖θ[1:]‖₁=63.911, num_selected_knots=941
2025-09-07 16:39:35,134 - Iter 10590: loss=-2802.7151, change=7.67e-04, ‖θ[1:]‖₁=63.901, num_selected_knots=927
2025-09-07 16:39:35,211 - Iter 10600: loss=-2802.7046, change=7.65e-04, ‖θ[1:]‖₁=63.887, num_selected_knots=918
2025-09-07 16:39:35,290 - Iter 10610: loss=-2802.6909, change=7.63e-04, ‖θ[1:]‖₁=63.872, num_selected_knots=915
2025-09-07 16:39:35,369 - Iter 10620: loss=-2802.6775, change=7.60e-04, ‖θ[1:]‖₁=63.854, num_selected_knots=909
2025-09-07 16:39:35,448 - Iter 10630: loss=-2802.6633, change=7.58e-04, ‖θ[1:]‖₁=63.839, num_selected_knots=905
2025-09-07 16:39:35,528 - Iter 10640: loss=-2802.6487, change=7.56e-04, ‖θ[1:]‖₁=63.822, num_selected_knots=905
2025-09-07 16:39:35,606 - Iter 10650: loss=-2802.6333, change=7.53e-04, ‖θ[1:]‖₁=63.803, num_selected_knots=901
2025-09-07 16:39:35,686 - Iter 10660: loss=-2802.6160, change=7.51e-04, ‖θ[1:]‖₁=63.784, num_selected_knots=903
2025-09-07 16:39:35,765 - Iter 10670: loss=-2802.5999, change=7.48e-04, ‖θ[1:]‖₁=63.763, num_selected_knots=898
2025-09-07 16:39:35,844 - Iter 10680: loss=-2802.5830, change=7.46e-04, ‖θ[1:]‖₁=63.745, num_selected_knots=900
2025-09-07 16:39:35,922 - Iter 10690: loss=-2802.5669, change=7.44e-04, ‖θ[1:]‖₁=63.726, num_selected_knots=905
2025-09-07 16:39:36,000 - Iter 10700: loss=-2802.5510, change=7.41e-04, ‖θ[1:]‖₁=63.705, num_selected_knots=960
2025-09-07 16:39:36,079 - Iter 10710: loss=-2802.5359, change=7.39e-04, ‖θ[1:]‖₁=63.686, num_selected_knots=992
2025-09-07 16:39:36,159 - Iter 10720: loss=-2802.5225, change=7.36e-04, ‖θ[1:]‖₁=63.669, num_selected_knots=983
2025-09-07 16:39:36,238 - Iter 10730: loss=-2802.5073, change=7.31e-04, ‖θ[1:]‖₁=63.656, num_selected_knots=972
2025-09-07 16:39:36,318 - Iter 10740: loss=-2802.4929, change=7.27e-04, ‖θ[1:]‖₁=63.643, num_selected_knots=951
2025-09-07 16:39:36,399 - Iter 10750: loss=-2802.4761, change=7.22e-04, ‖θ[1:]‖₁=63.633, num_selected_knots=943
2025-09-07 16:39:36,477 - Iter 10760: loss=-2802.4587, change=7.17e-04, ‖θ[1:]‖₁=63.623, num_selected_knots=1009
2025-09-07 16:39:36,557 - Iter 10770: loss=-2802.4436, change=7.12e-04, ‖θ[1:]‖₁=63.614, num_selected_knots=1188
2025-09-07 16:39:36,634 - Iter 10780: loss=-2802.4304, change=7.08e-04, ‖θ[1:]‖₁=63.604, num_selected_knots=1184
2025-09-07 16:39:36,712 - Iter 10790: loss=-2802.4165, change=7.03e-04, ‖θ[1:]‖₁=63.592, num_selected_knots=1111
2025-09-07 16:39:36,791 - Iter 10800: loss=-2802.4045, change=6.98e-04, ‖θ[1:]‖₁=63.583, num_selected_knots=1031
2025-09-07 16:39:36,871 - Iter 10810: loss=-2802.3896, change=6.93e-04, ‖θ[1:]‖₁=63.574, num_selected_knots=979
2025-09-07 16:39:36,953 - Iter 10820: loss=-2802.3762, change=6.89e-04, ‖θ[1:]‖₁=63.564, num_selected_knots=1008
2025-09-07 16:39:37,031 - Iter 10830: loss=-2802.3628, change=6.84e-04, ‖θ[1:]‖₁=63.554, num_selected_knots=987
2025-09-07 16:39:37,109 - Iter 10840: loss=-2802.3486, change=6.79e-04, ‖θ[1:]‖₁=63.544, num_selected_knots=957
2025-09-07 16:39:37,188 - Iter 10850: loss=-2802.3347, change=6.74e-04, ‖θ[1:]‖₁=63.531, num_selected_knots=1061
2025-09-07 16:39:37,267 - Iter 10860: loss=-2802.3215, change=6.69e-04, ‖θ[1:]‖₁=63.521, num_selected_knots=1107
2025-09-07 16:39:37,346 - Iter 10870: loss=-2802.3076, change=6.65e-04, ‖θ[1:]‖₁=63.512, num_selected_knots=1137
2025-09-07 16:39:37,425 - Iter 10880: loss=-2802.2942, change=6.63e-04, ‖θ[1:]‖₁=63.501, num_selected_knots=1143
2025-09-07 16:39:37,505 - Iter 10890: loss=-2802.2820, change=6.59e-04, ‖θ[1:]‖₁=63.489, num_selected_knots=1127
2025-09-07 16:39:37,584 - Iter 10900: loss=-2802.2695, change=6.54e-04, ‖θ[1:]‖₁=63.474, num_selected_knots=1112
2025-09-07 16:39:37,662 - Iter 10910: loss=-2802.2571, change=6.52e-04, ‖θ[1:]‖₁=63.460, num_selected_knots=1105
2025-09-07 16:39:37,739 - Iter 10920: loss=-2802.2446, change=6.49e-04, ‖θ[1:]‖₁=63.449, num_selected_knots=1120
2025-09-07 16:39:37,817 - Iter 10930: loss=-2802.2332, change=6.47e-04, ‖θ[1:]‖₁=63.441, num_selected_knots=1113
2025-09-07 16:39:37,897 - Iter 10940: loss=-2802.2214, change=6.43e-04, ‖θ[1:]‖₁=63.436, num_selected_knots=1103
2025-09-07 16:39:37,974 - Iter 10950: loss=-2802.2090, change=6.38e-04, ‖θ[1:]‖₁=63.429, num_selected_knots=1079
2025-09-07 16:39:38,054 - Iter 10960: loss=-2802.1958, change=6.33e-04, ‖θ[1:]‖₁=63.418, num_selected_knots=1071
2025-09-07 16:39:38,132 - Iter 10970: loss=-2802.1821, change=6.29e-04, ‖θ[1:]‖₁=63.406, num_selected_knots=1069
2025-09-07 16:39:38,208 - Iter 10980: loss=-2802.1694, change=6.24e-04, ‖θ[1:]‖₁=63.395, num_selected_knots=1065
2025-09-07 16:39:38,287 - Iter 10990: loss=-2802.1567, change=6.19e-04, ‖θ[1:]‖₁=63.383, num_selected_knots=1060
2025-09-07 16:39:38,366 - Iter 11000: loss=-2802.1421, change=6.14e-04, ‖θ[1:]‖₁=63.368, num_selected_knots=1052
2025-09-07 16:39:38,443 - Iter 11010: loss=-2802.1270, change=6.10e-04, ‖θ[1:]‖₁=63.353, num_selected_knots=1048
2025-09-07 16:39:38,524 - Iter 11020: loss=-2802.1113, change=6.05e-04, ‖θ[1:]‖₁=63.337, num_selected_knots=1229
2025-09-07 16:39:38,601 - Iter 11030: loss=-2802.0984, change=6.00e-04, ‖θ[1:]‖₁=63.323, num_selected_knots=1405
2025-09-07 16:39:38,681 - Iter 11040: loss=-2802.0864, change=5.95e-04, ‖θ[1:]‖₁=63.314, num_selected_knots=1463
2025-09-07 16:39:38,758 - Iter 11050: loss=-2802.0754, change=5.91e-04, ‖θ[1:]‖₁=63.307, num_selected_knots=1560
2025-09-07 16:39:38,835 - Iter 11060: loss=-2802.0659, change=5.86e-04, ‖θ[1:]‖₁=63.299, num_selected_knots=1649
2025-09-07 16:39:38,914 - Iter 11070: loss=-2802.0581, change=5.81e-04, ‖θ[1:]‖₁=63.293, num_selected_knots=1697
2025-09-07 16:39:38,992 - Iter 11080: loss=-2802.0532, change=5.76e-04, ‖θ[1:]‖₁=63.289, num_selected_knots=1685
2025-09-07 16:39:39,070 - Iter 11090: loss=-2802.0496, change=5.71e-04, ‖θ[1:]‖₁=63.285, num_selected_knots=1644
2025-09-07 16:39:39,150 - Iter 11100: loss=-2802.0469, change=5.67e-04, ‖θ[1:]‖₁=63.280, num_selected_knots=1624
2025-09-07 16:39:39,228 - Iter 11110: loss=-2802.0439, change=5.62e-04, ‖θ[1:]‖₁=63.271, num_selected_knots=1606
2025-09-07 16:39:39,305 - Iter 11120: loss=-2802.0413, change=5.57e-04, ‖θ[1:]‖₁=63.264, num_selected_knots=1585
2025-09-07 16:39:39,384 - Iter 11130: loss=-2802.0386, change=5.52e-04, ‖θ[1:]‖₁=63.258, num_selected_knots=1551
2025-09-07 16:39:39,461 - Iter 11140: loss=-2802.0332, change=5.48e-04, ‖θ[1:]‖₁=63.255, num_selected_knots=1506
2025-09-07 16:39:39,543 - Iter 11150: loss=-2802.0273, change=5.43e-04, ‖θ[1:]‖₁=63.252, num_selected_knots=1477
2025-09-07 16:39:39,621 - Iter 11160: loss=-2802.0227, change=5.38e-04, ‖θ[1:]‖₁=63.248, num_selected_knots=1445
2025-09-07 16:39:39,701 - Iter 11170: loss=-2802.0166, change=5.33e-04, ‖θ[1:]‖₁=63.244, num_selected_knots=1415
2025-09-07 16:39:39,779 - Iter 11180: loss=-2802.0110, change=5.29e-04, ‖θ[1:]‖₁=63.238, num_selected_knots=1374
2025-09-07 16:39:39,857 - Iter 11190: loss=-2802.0034, change=5.24e-04, ‖θ[1:]‖₁=63.231, num_selected_knots=1343
2025-09-07 16:39:39,936 - Iter 11200: loss=-2801.9951, change=5.19e-04, ‖θ[1:]‖₁=63.222, num_selected_knots=1322
2025-09-07 16:39:40,014 - Iter 11210: loss=-2801.9858, change=5.14e-04, ‖θ[1:]‖₁=63.210, num_selected_knots=1291
2025-09-07 16:39:40,092 - Iter 11220: loss=-2801.9775, change=5.10e-04, ‖θ[1:]‖₁=63.200, num_selected_knots=1270
2025-09-07 16:39:40,170 - Iter 11230: loss=-2801.9678, change=5.05e-04, ‖θ[1:]‖₁=63.195, num_selected_knots=1245
2025-09-07 16:39:40,247 - Iter 11240: loss=-2801.9583, change=5.00e-04, ‖θ[1:]‖₁=63.186, num_selected_knots=1232
2025-09-07 16:39:40,325 - Iter 11250: loss=-2801.9487, change=4.95e-04, ‖θ[1:]‖₁=63.176, num_selected_knots=1230
2025-09-07 16:39:40,403 - Iter 11260: loss=-2801.9409, change=4.90e-04, ‖θ[1:]‖₁=63.167, num_selected_knots=1325
2025-09-07 16:39:40,482 - Iter 11270: loss=-2801.9351, change=4.86e-04, ‖θ[1:]‖₁=63.159, num_selected_knots=1278
2025-09-07 16:39:40,560 - Iter 11280: loss=-2801.9292, change=4.81e-04, ‖θ[1:]‖₁=63.155, num_selected_knots=1220
2025-09-07 16:39:40,639 - Iter 11290: loss=-2801.9229, change=4.76e-04, ‖θ[1:]‖₁=63.150, num_selected_knots=1161
2025-09-07 16:39:40,718 - Iter 11300: loss=-2801.9155, change=4.71e-04, ‖θ[1:]‖₁=63.144, num_selected_knots=1131
2025-09-07 16:39:40,795 - Iter 11310: loss=-2801.9094, change=4.67e-04, ‖θ[1:]‖₁=63.137, num_selected_knots=1173
2025-09-07 16:39:40,872 - Iter 11320: loss=-2801.9041, change=4.62e-04, ‖θ[1:]‖₁=63.128, num_selected_knots=1141
2025-09-07 16:39:40,952 - Iter 11330: loss=-2801.8982, change=4.57e-04, ‖θ[1:]‖₁=63.118, num_selected_knots=1103
2025-09-07 16:39:41,030 - Iter 11340: loss=-2801.8894, change=4.52e-04, ‖θ[1:]‖₁=63.106, num_selected_knots=1084
2025-09-07 16:39:41,108 - Iter 11350: loss=-2801.8818, change=4.49e-04, ‖θ[1:]‖₁=63.094, num_selected_knots=1069
2025-09-07 16:39:41,188 - Iter 11360: loss=-2801.8748, change=4.47e-04, ‖θ[1:]‖₁=63.083, num_selected_knots=1065
2025-09-07 16:39:41,266 - Iter 11370: loss=-2801.8677, change=4.44e-04, ‖θ[1:]‖₁=63.078, num_selected_knots=1050
2025-09-07 16:39:41,345 - Iter 11380: loss=-2801.8596, change=4.42e-04, ‖θ[1:]‖₁=63.074, num_selected_knots=1038
2025-09-07 16:39:41,425 - Iter 11390: loss=-2801.8511, change=4.39e-04, ‖θ[1:]‖₁=63.068, num_selected_knots=1028
2025-09-07 16:39:41,504 - Iter 11400: loss=-2801.8406, change=4.37e-04, ‖θ[1:]‖₁=63.060, num_selected_knots=1014
2025-09-07 16:39:41,583 - Iter 11410: loss=-2801.8303, change=4.35e-04, ‖θ[1:]‖₁=63.049, num_selected_knots=1007
2025-09-07 16:39:41,663 - Iter 11420: loss=-2801.8188, change=4.32e-04, ‖θ[1:]‖₁=63.038, num_selected_knots=1000
2025-09-07 16:39:41,741 - Iter 11430: loss=-2801.8074, change=4.30e-04, ‖θ[1:]‖₁=63.028, num_selected_knots=985
2025-09-07 16:39:41,823 - Iter 11440: loss=-2801.7971, change=4.27e-04, ‖θ[1:]‖₁=63.017, num_selected_knots=984
2025-09-07 16:39:41,899 - Iter 11450: loss=-2801.7864, change=4.22e-04, ‖θ[1:]‖₁=63.002, num_selected_knots=967
2025-09-07 16:39:41,977 - Iter 11460: loss=-2801.7729, change=4.18e-04, ‖θ[1:]‖₁=62.990, num_selected_knots=954
2025-09-07 16:39:42,059 - Iter 11470: loss=-2801.7607, change=4.16e-04, ‖θ[1:]‖₁=62.979, num_selected_knots=1055
2025-09-07 16:39:42,137 - Iter 11480: loss=-2801.7520, change=4.13e-04, ‖θ[1:]‖₁=62.976, num_selected_knots=1191
2025-09-07 16:39:42,214 - Iter 11490: loss=-2801.7456, change=4.11e-04, ‖θ[1:]‖₁=62.975, num_selected_knots=1079
2025-09-07 16:39:42,291 - Iter 11500: loss=-2801.7393, change=4.06e-04, ‖θ[1:]‖₁=62.973, num_selected_knots=985
2025-09-07 16:39:42,366 - Iter 11510: loss=-2801.7329, change=4.04e-04, ‖θ[1:]‖₁=62.972, num_selected_knots=945
2025-09-07 16:39:42,445 - Iter 11520: loss=-2801.7280, change=4.01e-04, ‖θ[1:]‖₁=62.971, num_selected_knots=1063
2025-09-07 16:39:42,525 - Iter 11530: loss=-2801.7249, change=3.99e-04, ‖θ[1:]‖₁=62.972, num_selected_knots=1142
2025-09-07 16:39:42,602 - Iter 11540: loss=-2801.7227, change=3.96e-04, ‖θ[1:]‖₁=62.974, num_selected_knots=1103
2025-09-07 16:39:42,682 - Iter 11550: loss=-2801.7219, change=3.94e-04, ‖θ[1:]‖₁=62.976, num_selected_knots=1063
2025-09-07 16:39:42,761 - Iter 11560: loss=-2801.7192, change=3.92e-04, ‖θ[1:]‖₁=62.976, num_selected_knots=1011
2025-09-07 16:39:42,841 - Iter 11570: loss=-2801.7168, change=3.89e-04, ‖θ[1:]‖₁=62.976, num_selected_knots=974
2025-09-07 16:39:42,918 - Iter 11580: loss=-2801.7151, change=3.87e-04, ‖θ[1:]‖₁=62.975, num_selected_knots=983
2025-09-07 16:39:42,996 - Iter 11590: loss=-2801.7134, change=3.85e-04, ‖θ[1:]‖₁=62.974, num_selected_knots=974
2025-09-07 16:39:43,086 - Iter 11600: loss=-2801.7119, change=3.82e-04, ‖θ[1:]‖₁=62.973, num_selected_knots=963
2025-09-07 16:39:43,170 - Iter 11610: loss=-2801.7109, change=3.80e-04, ‖θ[1:]‖₁=62.972, num_selected_knots=955
2025-09-07 16:39:43,257 - Iter 11620: loss=-2801.7075, change=3.77e-04, ‖θ[1:]‖₁=62.970, num_selected_knots=949
2025-09-07 16:39:43,350 - Iter 11630: loss=-2801.7061, change=3.75e-04, ‖θ[1:]‖₁=62.968, num_selected_knots=936
2025-09-07 16:39:43,437 - Iter 11640: loss=-2801.7048, change=3.73e-04, ‖θ[1:]‖₁=62.969, num_selected_knots=930
2025-09-07 16:39:43,524 - Iter 11650: loss=-2801.7026, change=3.70e-04, ‖θ[1:]‖₁=62.970, num_selected_knots=926
2025-09-07 16:39:43,612 - Iter 11660: loss=-2801.7002, change=3.68e-04, ‖θ[1:]‖₁=62.969, num_selected_knots=914
2025-09-07 16:39:43,697 - Iter 11670: loss=-2801.6963, change=3.65e-04, ‖θ[1:]‖₁=62.965, num_selected_knots=898
2025-09-07 16:39:43,782 - Iter 11680: loss=-2801.6919, change=3.63e-04, ‖θ[1:]‖₁=62.963, num_selected_knots=912
2025-09-07 16:39:43,870 - Iter 11690: loss=-2801.6873, change=3.61e-04, ‖θ[1:]‖₁=62.960, num_selected_knots=989
2025-09-07 16:39:43,954 - Iter 11700: loss=-2801.6855, change=3.58e-04, ‖θ[1:]‖₁=62.958, num_selected_knots=1001
2025-09-07 16:39:44,042 - Iter 11710: loss=-2801.6836, change=3.56e-04, ‖θ[1:]‖₁=62.956, num_selected_knots=992
2025-09-07 16:39:44,125 - Iter 11720: loss=-2801.6816, change=3.54e-04, ‖θ[1:]‖₁=62.954, num_selected_knots=986
2025-09-07 16:39:44,210 - Iter 11730: loss=-2801.6782, change=3.51e-04, ‖θ[1:]‖₁=62.951, num_selected_knots=1029
2025-09-07 16:39:44,298 - Iter 11740: loss=-2801.6758, change=3.49e-04, ‖θ[1:]‖₁=62.948, num_selected_knots=1301
2025-09-07 16:39:44,382 - Iter 11750: loss=-2801.6731, change=3.46e-04, ‖θ[1:]‖₁=62.945, num_selected_knots=1450
2025-09-07 16:39:44,468 - Iter 11760: loss=-2801.6736, change=3.44e-04, ‖θ[1:]‖₁=62.946, num_selected_knots=1398
2025-09-07 16:39:44,551 - Iter 11770: loss=-2801.6736, change=3.42e-04, ‖θ[1:]‖₁=62.949, num_selected_knots=1361
2025-09-07 16:39:44,639 - Iter 11780: loss=-2801.6743, change=3.39e-04, ‖θ[1:]‖₁=62.951, num_selected_knots=1300
2025-09-07 16:39:44,728 - Iter 11790: loss=-2801.6748, change=3.37e-04, ‖θ[1:]‖₁=62.953, num_selected_knots=1417
2025-09-07 16:39:44,812 - Iter 11800: loss=-2801.6775, change=3.35e-04, ‖θ[1:]‖₁=62.958, num_selected_knots=1567
2025-09-07 16:39:44,899 - Iter 11810: loss=-2801.6831, change=3.32e-04, ‖θ[1:]‖₁=62.967, num_selected_knots=1523
2025-09-07 16:39:44,983 - Iter 11820: loss=-2801.6892, change=3.30e-04, ‖θ[1:]‖₁=62.975, num_selected_knots=1420
2025-09-07 16:39:45,070 - Iter 11830: loss=-2801.6946, change=3.27e-04, ‖θ[1:]‖₁=62.981, num_selected_knots=1343
2025-09-07 16:39:45,157 - Iter 11840: loss=-2801.6997, change=3.25e-04, ‖θ[1:]‖₁=62.985, num_selected_knots=1281
2025-09-07 16:39:45,243 - Iter 11850: loss=-2801.7051, change=3.23e-04, ‖θ[1:]‖₁=62.987, num_selected_knots=1244
2025-09-07 16:39:45,332 - Iter 11860: loss=-2801.7117, change=3.20e-04, ‖θ[1:]‖₁=62.990, num_selected_knots=1172
2025-09-07 16:39:45,420 - Iter 11870: loss=-2801.7170, change=3.18e-04, ‖θ[1:]‖₁=62.996, num_selected_knots=1119
2025-09-07 16:39:45,506 - Iter 11880: loss=-2801.7192, change=3.15e-04, ‖θ[1:]‖₁=63.000, num_selected_knots=1066
2025-09-07 16:39:45,594 - Iter 11890: loss=-2801.7190, change=3.13e-04, ‖θ[1:]‖₁=63.000, num_selected_knots=1011
2025-09-07 16:39:45,682 - Iter 11900: loss=-2801.7175, change=3.11e-04, ‖θ[1:]‖₁=62.998, num_selected_knots=985
2025-09-07 16:39:45,768 - Iter 11910: loss=-2801.7139, change=3.08e-04, ‖θ[1:]‖₁=62.994, num_selected_knots=962
2025-09-07 16:39:45,856 - Iter 11920: loss=-2801.7119, change=3.06e-04, ‖θ[1:]‖₁=62.990, num_selected_knots=943
2025-09-07 16:39:45,945 - Iter 11930: loss=-2801.7085, change=3.04e-04, ‖θ[1:]‖₁=62.984, num_selected_knots=930
2025-09-07 16:39:46,030 - Iter 11940: loss=-2801.7048, change=3.01e-04, ‖θ[1:]‖₁=62.977, num_selected_knots=912
2025-09-07 16:39:46,119 - Iter 11950: loss=-2801.6995, change=2.99e-04, ‖θ[1:]‖₁=62.968, num_selected_knots=896
2025-09-07 16:39:46,203 - Iter 11960: loss=-2801.6924, change=2.96e-04, ‖θ[1:]‖₁=62.959, num_selected_knots=881
2025-09-07 16:39:46,290 - Iter 11970: loss=-2801.6843, change=2.94e-04, ‖θ[1:]‖₁=62.948, num_selected_knots=904
2025-09-07 16:39:46,378 - Iter 11980: loss=-2801.6777, change=2.92e-04, ‖θ[1:]‖₁=62.937, num_selected_knots=1009
2025-09-07 16:39:46,463 - Iter 11990: loss=-2801.6704, change=2.88e-04, ‖θ[1:]‖₁=62.931, num_selected_knots=1064
2025-09-07 16:39:46,551 - Iter 12000: loss=-2801.6633, change=2.83e-04, ‖θ[1:]‖₁=62.926, num_selected_knots=1082
2025-09-07 16:39:46,637 - Iter 12010: loss=-2801.6580, change=2.78e-04, ‖θ[1:]‖₁=62.920, num_selected_knots=1160
2025-09-07 16:39:46,724 - Iter 12020: loss=-2801.6519, change=2.74e-04, ‖θ[1:]‖₁=62.915, num_selected_knots=1219
2025-09-07 16:39:46,811 - Iter 12030: loss=-2801.6477, change=2.69e-04, ‖θ[1:]‖₁=62.910, num_selected_knots=1214
2025-09-07 16:39:46,900 - Iter 12040: loss=-2801.6443, change=2.73e-04, ‖θ[1:]‖₁=62.906, num_selected_knots=1177
2025-09-07 16:39:46,986 - Iter 12050: loss=-2801.6409, change=2.78e-04, ‖θ[1:]‖₁=62.901, num_selected_knots=1130
2025-09-07 16:39:47,073 - Iter 12060: loss=-2801.6375, change=2.83e-04, ‖θ[1:]‖₁=62.895, num_selected_knots=1084
2025-09-07 16:39:47,161 - Iter 12070: loss=-2801.6343, change=2.88e-04, ‖θ[1:]‖₁=62.887, num_selected_knots=1075
2025-09-07 16:39:47,249 - Iter 12080: loss=-2801.6316, change=2.92e-04, ‖θ[1:]‖₁=62.881, num_selected_knots=1148
2025-09-07 16:39:47,365 - Iter 12090: loss=-2801.6311, change=2.97e-04, ‖θ[1:]‖₁=62.877, num_selected_knots=1107
2025-09-07 16:39:47,455 - Iter 12100: loss=-2801.6299, change=3.02e-04, ‖θ[1:]‖₁=62.872, num_selected_knots=1048
2025-09-07 16:39:47,549 - Iter 12110: loss=-2801.6277, change=3.07e-04, ‖θ[1:]‖₁=62.866, num_selected_knots=1001
2025-09-07 16:39:47,635 - Iter 12120: loss=-2801.6240, change=3.11e-04, ‖θ[1:]‖₁=62.858, num_selected_knots=959
2025-09-07 16:39:47,722 - Iter 12130: loss=-2801.6189, change=3.16e-04, ‖θ[1:]‖₁=62.846, num_selected_knots=932
2025-09-07 16:39:47,806 - Iter 12140: loss=-2801.6116, change=3.21e-04, ‖θ[1:]‖₁=62.831, num_selected_knots=916
2025-09-07 16:39:47,893 - Iter 12150: loss=-2801.6042, change=3.26e-04, ‖θ[1:]‖₁=62.817, num_selected_knots=910
2025-09-07 16:39:47,981 - Iter 12160: loss=-2801.5964, change=3.30e-04, ‖θ[1:]‖₁=62.808, num_selected_knots=967
2025-09-07 16:39:48,069 - Iter 12170: loss=-2801.5903, change=3.35e-04, ‖θ[1:]‖₁=62.799, num_selected_knots=935
2025-09-07 16:39:48,153 - Iter 12180: loss=-2801.5857, change=3.40e-04, ‖θ[1:]‖₁=62.791, num_selected_knots=887
2025-09-07 16:39:48,242 - Iter 12190: loss=-2801.5803, change=3.45e-04, ‖θ[1:]‖₁=62.784, num_selected_knots=841
2025-09-07 16:39:48,327 - Iter 12200: loss=-2801.5754, change=3.50e-04, ‖θ[1:]‖₁=62.774, num_selected_knots=831
2025-09-07 16:39:48,417 - Iter 12210: loss=-2801.5713, change=3.54e-04, ‖θ[1:]‖₁=62.763, num_selected_knots=959
2025-09-07 16:39:48,504 - Iter 12220: loss=-2801.5693, change=3.59e-04, ‖θ[1:]‖₁=62.755, num_selected_knots=1023
2025-09-07 16:39:48,595 - Iter 12230: loss=-2801.5676, change=3.64e-04, ‖θ[1:]‖₁=62.750, num_selected_knots=958
2025-09-07 16:39:48,682 - Iter 12240: loss=-2801.5669, change=3.69e-04, ‖θ[1:]‖₁=62.746, num_selected_knots=911
2025-09-07 16:39:48,767 - Iter 12250: loss=-2801.5681, change=3.73e-04, ‖θ[1:]‖₁=62.743, num_selected_knots=871
2025-09-07 16:39:48,856 - Iter 12260: loss=-2801.5684, change=3.78e-04, ‖θ[1:]‖₁=62.739, num_selected_knots=864
2025-09-07 16:39:48,940 - Iter 12270: loss=-2801.5715, change=3.83e-04, ‖θ[1:]‖₁=62.736, num_selected_knots=958
2025-09-07 16:39:49,028 - Iter 12280: loss=-2801.5767, change=3.88e-04, ‖θ[1:]‖₁=62.735, num_selected_knots=945
2025-09-07 16:39:49,115 - Iter 12290: loss=-2801.5833, change=3.92e-04, ‖θ[1:]‖₁=62.736, num_selected_knots=907
2025-09-07 16:39:49,199 - Iter 12300: loss=-2801.5901, change=3.97e-04, ‖θ[1:]‖₁=62.737, num_selected_knots=872
2025-09-07 16:39:49,289 - Iter 12310: loss=-2801.5959, change=4.02e-04, ‖θ[1:]‖₁=62.738, num_selected_knots=850
2025-09-07 16:39:49,396 - Iter 12320: loss=-2801.6030, change=4.07e-04, ‖θ[1:]‖₁=62.740, num_selected_knots=848
2025-09-07 16:39:49,496 - Iter 12330: loss=-2801.6099, change=4.12e-04, ‖θ[1:]‖₁=62.746, num_selected_knots=844
2025-09-07 16:39:49,585 - Iter 12340: loss=-2801.6167, change=4.16e-04, ‖θ[1:]‖₁=62.752, num_selected_knots=843
2025-09-07 16:39:49,675 - Iter 12350: loss=-2801.6226, change=4.21e-04, ‖θ[1:]‖₁=62.755, num_selected_knots=839
2025-09-07 16:39:49,759 - Iter 12360: loss=-2801.6294, change=4.26e-04, ‖θ[1:]‖₁=62.759, num_selected_knots=842
2025-09-07 16:39:49,850 - Iter 12370: loss=-2801.6350, change=4.31e-04, ‖θ[1:]‖₁=62.762, num_selected_knots=842
2025-09-07 16:39:49,935 - Iter 12380: loss=-2801.6401, change=4.35e-04, ‖θ[1:]‖₁=62.767, num_selected_knots=837
2025-09-07 16:39:50,023 - Iter 12390: loss=-2801.6465, change=4.40e-04, ‖θ[1:]‖₁=62.770, num_selected_knots=854
2025-09-07 16:39:50,111 - Iter 12400: loss=-2801.6511, change=4.45e-04, ‖θ[1:]‖₁=62.778, num_selected_knots=856
2025-09-07 16:39:50,197 - Iter 12410: loss=-2801.6560, change=4.50e-04, ‖θ[1:]‖₁=62.786, num_selected_knots=892
2025-09-07 16:39:50,284 - Iter 12420: loss=-2801.6594, change=4.54e-04, ‖θ[1:]‖₁=62.791, num_selected_knots=962
2025-09-07 16:39:50,370 - Iter 12430: loss=-2801.6658, change=4.59e-04, ‖θ[1:]‖₁=62.797, num_selected_knots=1045
2025-09-07 16:39:50,456 - Iter 12440: loss=-2801.6733, change=4.64e-04, ‖θ[1:]‖₁=62.805, num_selected_knots=1092
2025-09-07 16:39:50,544 - Iter 12450: loss=-2801.6809, change=4.69e-04, ‖θ[1:]‖₁=62.813, num_selected_knots=1083
2025-09-07 16:39:50,634 - Iter 12460: loss=-2801.6899, change=4.73e-04, ‖θ[1:]‖₁=62.822, num_selected_knots=1130
2025-09-07 16:39:50,718 - Iter 12470: loss=-2801.7017, change=4.78e-04, ‖θ[1:]‖₁=62.831, num_selected_knots=1227
2025-09-07 16:39:50,807 - Iter 12480: loss=-2801.7146, change=4.83e-04, ‖θ[1:]‖₁=62.841, num_selected_knots=1311
2025-09-07 16:39:50,894 - Iter 12490: loss=-2801.7288, change=4.88e-04, ‖θ[1:]‖₁=62.853, num_selected_knots=1327
2025-09-07 16:39:50,980 - Iter 12500: loss=-2801.7458, change=4.93e-04, ‖θ[1:]‖₁=62.867, num_selected_knots=1292
2025-09-07 16:39:51,070 - Iter 12510: loss=-2801.7627, change=4.97e-04, ‖θ[1:]‖₁=62.880, num_selected_knots=1225
2025-09-07 16:39:51,157 - Iter 12520: loss=-2801.7783, change=5.02e-04, ‖θ[1:]‖₁=62.892, num_selected_knots=1151
2025-09-07 16:39:51,241 - Iter 12530: loss=-2801.7927, change=5.07e-04, ‖θ[1:]‖₁=62.902, num_selected_knots=1094
2025-09-07 16:39:51,329 - Iter 12540: loss=-2801.8083, change=5.12e-04, ‖θ[1:]‖₁=62.910, num_selected_knots=1056
2025-09-07 16:39:51,413 - Iter 12550: loss=-2801.8225, change=5.16e-04, ‖θ[1:]‖₁=62.919, num_selected_knots=1017
2025-09-07 16:39:51,502 - Iter 12560: loss=-2801.8379, change=5.21e-04, ‖θ[1:]‖₁=62.934, num_selected_knots=982
2025-09-07 16:39:51,588 - Iter 12570: loss=-2801.8506, change=5.26e-04, ‖θ[1:]‖₁=62.948, num_selected_knots=952
2025-09-07 16:39:51,675 - Iter 12580: loss=-2801.8630, change=5.31e-04, ‖θ[1:]‖₁=62.960, num_selected_knots=922
2025-09-07 16:39:51,763 - Iter 12590: loss=-2801.8748, change=5.35e-04, ‖θ[1:]‖₁=62.971, num_selected_knots=897
2025-09-07 16:39:51,846 - Iter 12600: loss=-2801.8845, change=5.40e-04, ‖θ[1:]‖₁=62.979, num_selected_knots=886
2025-09-07 16:39:51,935 - Iter 12610: loss=-2801.8953, change=5.45e-04, ‖θ[1:]‖₁=62.985, num_selected_knots=869
2025-09-07 16:39:52,023 - Iter 12620: loss=-2801.9053, change=5.50e-04, ‖θ[1:]‖₁=62.991, num_selected_knots=917
2025-09-07 16:39:52,112 - Iter 12630: loss=-2801.9165, change=5.55e-04, ‖θ[1:]‖₁=62.997, num_selected_knots=963
2025-09-07 16:39:52,199 - Iter 12640: loss=-2801.9299, change=5.59e-04, ‖θ[1:]‖₁=63.003, num_selected_knots=948
2025-09-07 16:39:52,287 - Iter 12650: loss=-2801.9417, change=5.64e-04, ‖θ[1:]‖₁=63.010, num_selected_knots=904
2025-09-07 16:39:52,372 - Iter 12660: loss=-2801.9551, change=5.69e-04, ‖θ[1:]‖₁=63.017, num_selected_knots=885
2025-09-07 16:39:52,457 - Iter 12670: loss=-2801.9666, change=5.74e-04, ‖θ[1:]‖₁=63.028, num_selected_knots=875
2025-09-07 16:39:52,548 - Iter 12680: loss=-2801.9785, change=5.78e-04, ‖θ[1:]‖₁=63.038, num_selected_knots=973
2025-09-07 16:39:52,633 - Iter 12690: loss=-2801.9924, change=5.83e-04, ‖θ[1:]‖₁=63.049, num_selected_knots=1010
2025-09-07 16:39:52,722 - Iter 12700: loss=-2802.0068, change=5.88e-04, ‖θ[1:]‖₁=63.061, num_selected_knots=974
2025-09-07 16:39:52,808 - Iter 12710: loss=-2802.0198, change=5.93e-04, ‖θ[1:]‖₁=63.070, num_selected_knots=947
2025-09-07 16:39:52,893 - Iter 12720: loss=-2802.0339, change=5.97e-04, ‖θ[1:]‖₁=63.077, num_selected_knots=908
2025-09-07 16:39:52,981 - Iter 12730: loss=-2802.0461, change=6.02e-04, ‖θ[1:]‖₁=63.083, num_selected_knots=870
2025-09-07 16:39:53,066 - Iter 12740: loss=-2802.0591, change=6.07e-04, ‖θ[1:]‖₁=63.092, num_selected_knots=852
2025-09-07 16:39:53,155 - Iter 12750: loss=-2802.0710, change=6.08e-04, ‖θ[1:]‖₁=63.099, num_selected_knots=836
2025-09-07 16:39:53,243 - Iter 12760: loss=-2802.0828, change=6.08e-04, ‖θ[1:]‖₁=63.106, num_selected_knots=852
2025-09-07 16:39:53,331 - Iter 12770: loss=-2802.0952, change=6.08e-04, ‖θ[1:]‖₁=63.113, num_selected_knots=902
2025-09-07 16:39:53,415 - Iter 12780: loss=-2802.1086, change=6.08e-04, ‖θ[1:]‖₁=63.120, num_selected_knots=902
2025-09-07 16:39:53,505 - Iter 12790: loss=-2802.1216, change=6.08e-04, ‖θ[1:]‖₁=63.125, num_selected_knots=876
2025-09-07 16:39:53,592 - Iter 12800: loss=-2802.1345, change=6.08e-04, ‖θ[1:]‖₁=63.131, num_selected_knots=854
2025-09-07 16:39:53,678 - Iter 12810: loss=-2802.1465, change=6.08e-04, ‖θ[1:]‖₁=63.136, num_selected_knots=842
2025-09-07 16:39:53,768 - Iter 12820: loss=-2802.1587, change=6.08e-04, ‖θ[1:]‖₁=63.139, num_selected_knots=812
2025-09-07 16:39:53,854 - Iter 12830: loss=-2802.1687, change=6.08e-04, ‖θ[1:]‖₁=63.141, num_selected_knots=799
2025-09-07 16:39:53,943 - Iter 12840: loss=-2802.1785, change=6.08e-04, ‖θ[1:]‖₁=63.140, num_selected_knots=792
2025-09-07 16:39:54,032 - Iter 12850: loss=-2802.1875, change=6.08e-04, ‖θ[1:]‖₁=63.137, num_selected_knots=788
2025-09-07 16:39:54,118 - Iter 12860: loss=-2802.1963, change=6.08e-04, ‖θ[1:]‖₁=63.135, num_selected_knots=785
2025-09-07 16:39:54,207 - Iter 12870: loss=-2802.2051, change=6.08e-04, ‖θ[1:]‖₁=63.138, num_selected_knots=781
2025-09-07 16:39:54,295 - Iter 12880: loss=-2802.2136, change=6.08e-04, ‖θ[1:]‖₁=63.144, num_selected_knots=779
2025-09-07 16:39:54,381 - Iter 12890: loss=-2802.2219, change=6.08e-04, ‖θ[1:]‖₁=63.151, num_selected_knots=780
2025-09-07 16:39:54,468 - Iter 12900: loss=-2802.2307, change=6.08e-04, ‖θ[1:]‖₁=63.158, num_selected_knots=992
2025-09-07 16:39:54,556 - Iter 12910: loss=-2802.2407, change=6.08e-04, ‖θ[1:]‖₁=63.166, num_selected_knots=1078
2025-09-07 16:39:54,641 - Iter 12920: loss=-2802.2515, change=6.08e-04, ‖θ[1:]‖₁=63.177, num_selected_knots=1049
2025-09-07 16:39:54,728 - Iter 12930: loss=-2802.2622, change=6.08e-04, ‖θ[1:]‖₁=63.187, num_selected_knots=993
2025-09-07 16:39:54,815 - Iter 12940: loss=-2802.2715, change=6.08e-04, ‖θ[1:]‖₁=63.198, num_selected_knots=940
2025-09-07 16:39:54,901 - Iter 12950: loss=-2802.2808, change=6.08e-04, ‖θ[1:]‖₁=63.206, num_selected_knots=907
2025-09-07 16:39:54,989 - Iter 12960: loss=-2802.2898, change=6.08e-04, ‖θ[1:]‖₁=63.214, num_selected_knots=877
2025-09-07 16:39:55,074 - Iter 12970: loss=-2802.2996, change=6.08e-04, ‖θ[1:]‖₁=63.222, num_selected_knots=855
2025-09-07 16:39:55,164 - Iter 12980: loss=-2802.3088, change=6.08e-04, ‖θ[1:]‖₁=63.230, num_selected_knots=839
2025-09-07 16:39:55,250 - Iter 12990: loss=-2802.3176, change=6.08e-04, ‖θ[1:]‖₁=63.237, num_selected_knots=830
2025-09-07 16:39:55,336 - Iter 13000: loss=-2802.3257, change=6.08e-04, ‖θ[1:]‖₁=63.246, num_selected_knots=821
2025-09-07 16:39:55,425 - Iter 13010: loss=-2802.3333, change=6.08e-04, ‖θ[1:]‖₁=63.253, num_selected_knots=821
2025-09-07 16:39:55,509 - Iter 13020: loss=-2802.3433, change=6.08e-04, ‖θ[1:]‖₁=63.258, num_selected_knots=850
2025-09-07 16:39:55,599 - Iter 13030: loss=-2802.3525, change=6.08e-04, ‖θ[1:]‖₁=63.267, num_selected_knots=826
2025-09-07 16:39:55,686 - Iter 13040: loss=-2802.3625, change=6.08e-04, ‖θ[1:]‖₁=63.275, num_selected_knots=793
2025-09-07 16:39:55,772 - Iter 13050: loss=-2802.3716, change=6.08e-04, ‖θ[1:]‖₁=63.282, num_selected_knots=779
2025-09-07 16:39:55,862 - Iter 13060: loss=-2802.3823, change=6.08e-04, ‖θ[1:]‖₁=63.289, num_selected_knots=771
2025-09-07 16:39:55,950 - Iter 13070: loss=-2802.3918, change=6.08e-04, ‖θ[1:]‖₁=63.296, num_selected_knots=768
2025-09-07 16:39:56,035 - Iter 13080: loss=-2802.4019, change=6.08e-04, ‖θ[1:]‖₁=63.302, num_selected_knots=794
2025-09-07 16:39:56,123 - Iter 13090: loss=-2802.4131, change=6.08e-04, ‖θ[1:]‖₁=63.308, num_selected_knots=826
2025-09-07 16:39:56,213 - Iter 13100: loss=-2802.4248, change=6.08e-04, ‖θ[1:]‖₁=63.313, num_selected_knots=825
2025-09-07 16:39:56,301 - Iter 13110: loss=-2802.4375, change=6.08e-04, ‖θ[1:]‖₁=63.319, num_selected_knots=806
2025-09-07 16:39:56,391 - Iter 13120: loss=-2802.4509, change=6.08e-04, ‖θ[1:]‖₁=63.332, num_selected_knots=789
2025-09-07 16:39:56,478 - Iter 13130: loss=-2802.4648, change=6.08e-04, ‖θ[1:]‖₁=63.345, num_selected_knots=791
2025-09-07 16:39:56,560 - Iter 13140: loss=-2802.4788, change=6.08e-04, ‖θ[1:]‖₁=63.359, num_selected_knots=801
2025-09-07 16:39:56,651 - Iter 13150: loss=-2802.4924, change=6.08e-04, ‖θ[1:]‖₁=63.373, num_selected_knots=794
2025-09-07 16:39:56,737 - Iter 13160: loss=-2802.5056, change=6.08e-04, ‖θ[1:]‖₁=63.391, num_selected_knots=783
2025-09-07 16:39:56,824 - Iter 13170: loss=-2802.5173, change=6.08e-04, ‖θ[1:]‖₁=63.405, num_selected_knots=771
2025-09-07 16:39:56,912 - Iter 13180: loss=-2802.5264, change=6.08e-04, ‖θ[1:]‖₁=63.419, num_selected_knots=766
2025-09-07 16:39:57,001 - Iter 13190: loss=-2802.5366, change=6.08e-04, ‖θ[1:]‖₁=63.430, num_selected_knots=763
2025-09-07 16:39:57,085 - Iter 13200: loss=-2802.5454, change=6.08e-04, ‖θ[1:]‖₁=63.439, num_selected_knots=758
2025-09-07 16:39:57,177 - Iter 13210: loss=-2802.5544, change=6.07e-04, ‖θ[1:]‖₁=63.448, num_selected_knots=757
2025-09-07 16:39:57,265 - Iter 13220: loss=-2802.5620, change=6.07e-04, ‖θ[1:]‖₁=63.456, num_selected_knots=756
2025-09-07 16:39:57,350 - Iter 13230: loss=-2802.5701, change=6.07e-04, ‖θ[1:]‖₁=63.461, num_selected_knots=758
2025-09-07 16:39:57,440 - Iter 13240: loss=-2802.5774, change=6.07e-04, ‖θ[1:]‖₁=63.466, num_selected_knots=898
2025-09-07 16:39:57,531 - Iter 13250: loss=-2802.5859, change=6.07e-04, ‖θ[1:]‖₁=63.473, num_selected_knots=1237
2025-09-07 16:39:57,615 - Iter 13260: loss=-2802.5967, change=6.07e-04, ‖θ[1:]‖₁=63.486, num_selected_knots=1300
2025-09-07 16:39:57,705 - Iter 13270: loss=-2802.6074, change=6.07e-04, ‖θ[1:]‖₁=63.498, num_selected_knots=1280
2025-09-07 16:39:57,792 - Iter 13280: loss=-2802.6189, change=6.07e-04, ‖θ[1:]‖₁=63.512, num_selected_knots=1231
2025-09-07 16:39:57,880 - Iter 13290: loss=-2802.6299, change=6.07e-04, ‖θ[1:]‖₁=63.526, num_selected_knots=1181
2025-09-07 16:39:57,965 - Iter 13300: loss=-2802.6418, change=6.07e-04, ‖θ[1:]‖₁=63.541, num_selected_knots=1263
2025-09-07 16:39:58,049 - Iter 13310: loss=-2802.6558, change=6.07e-04, ‖θ[1:]‖₁=63.557, num_selected_knots=1271
2025-09-07 16:39:58,137 - Iter 13320: loss=-2802.6699, change=6.07e-04, ‖θ[1:]‖₁=63.572, num_selected_knots=1237
2025-09-07 16:39:58,226 - Iter 13330: loss=-2802.6833, change=6.07e-04, ‖θ[1:]‖₁=63.587, num_selected_knots=1156
2025-09-07 16:39:58,312 - Iter 13340: loss=-2802.6973, change=6.07e-04, ‖θ[1:]‖₁=63.602, num_selected_knots=1100
2025-09-07 16:39:58,398 - Iter 13350: loss=-2802.7104, change=6.07e-04, ‖θ[1:]‖₁=63.616, num_selected_knots=1080
2025-09-07 16:39:58,487 - Iter 13360: loss=-2802.7214, change=6.07e-04, ‖θ[1:]‖₁=63.628, num_selected_knots=1052
2025-09-07 16:39:58,572 - Iter 13370: loss=-2802.7332, change=6.07e-04, ‖θ[1:]‖₁=63.637, num_selected_knots=1025
2025-09-07 16:39:58,659 - Iter 13380: loss=-2802.7444, change=6.07e-04, ‖θ[1:]‖₁=63.646, num_selected_knots=988
2025-09-07 16:39:58,746 - Iter 13390: loss=-2802.7546, change=6.07e-04, ‖θ[1:]‖₁=63.652, num_selected_knots=954
2025-09-07 16:39:58,833 - Iter 13400: loss=-2802.7642, change=6.07e-04, ‖θ[1:]‖₁=63.656, num_selected_knots=919
2025-09-07 16:39:58,922 - Iter 13410: loss=-2802.7737, change=6.07e-04, ‖θ[1:]‖₁=63.660, num_selected_knots=898
2025-09-07 16:39:59,008 - Iter 13420: loss=-2802.7825, change=6.07e-04, ‖θ[1:]‖₁=63.664, num_selected_knots=883
2025-09-07 16:39:59,096 - Iter 13430: loss=-2802.7915, change=6.07e-04, ‖θ[1:]‖₁=63.670, num_selected_knots=867
2025-09-07 16:39:59,184 - Iter 13440: loss=-2802.8003, change=6.07e-04, ‖θ[1:]‖₁=63.675, num_selected_knots=873
2025-09-07 16:39:59,274 - Iter 13450: loss=-2802.8086, change=6.07e-04, ‖θ[1:]‖₁=63.682, num_selected_knots=1086
2025-09-07 16:39:59,360 - Iter 13460: loss=-2802.8193, change=6.07e-04, ‖θ[1:]‖₁=63.693, num_selected_knots=1131
2025-09-07 16:39:59,449 - Iter 13470: loss=-2802.8323, change=6.07e-04, ‖θ[1:]‖₁=63.703, num_selected_knots=1066
2025-09-07 16:39:59,535 - Iter 13480: loss=-2802.8438, change=6.07e-04, ‖θ[1:]‖₁=63.711, num_selected_knots=967
2025-09-07 16:39:59,620 - Iter 13490: loss=-2802.8533, change=6.07e-04, ‖θ[1:]‖₁=63.719, num_selected_knots=917
2025-09-07 16:39:59,707 - Iter 13500: loss=-2802.8643, change=6.07e-04, ‖θ[1:]‖₁=63.728, num_selected_knots=910
2025-09-07 16:39:59,792 - Iter 13510: loss=-2802.8757, change=6.07e-04, ‖θ[1:]‖₁=63.737, num_selected_knots=945
2025-09-07 16:39:59,882 - Iter 13520: loss=-2802.8887, change=6.07e-04, ‖θ[1:]‖₁=63.749, num_selected_knots=884
2025-09-07 16:39:59,968 - Iter 13530: loss=-2802.9014, change=6.07e-04, ‖θ[1:]‖₁=63.759, num_selected_knots=830
2025-09-07 16:40:00,057 - Iter 13540: loss=-2802.9106, change=6.07e-04, ‖θ[1:]‖₁=63.766, num_selected_knots=803
2025-09-07 16:40:00,146 - Iter 13550: loss=-2802.9187, change=6.07e-04, ‖θ[1:]‖₁=63.771, num_selected_knots=785
2025-09-07 16:40:00,230 - Iter 13560: loss=-2802.9277, change=6.07e-04, ‖θ[1:]‖₁=63.775, num_selected_knots=802
2025-09-07 16:40:00,319 - Iter 13570: loss=-2802.9373, change=6.07e-04, ‖θ[1:]‖₁=63.780, num_selected_knots=812
2025-09-07 16:40:00,406 - Iter 13580: loss=-2802.9478, change=6.07e-04, ‖θ[1:]‖₁=63.783, num_selected_knots=769
2025-09-07 16:40:00,495 - Iter 13590: loss=-2802.9565, change=6.07e-04, ‖θ[1:]‖₁=63.784, num_selected_knots=757
2025-09-07 16:40:00,584 - Iter 13600: loss=-2802.9644, change=6.07e-04, ‖θ[1:]‖₁=63.782, num_selected_knots=745
2025-09-07 16:40:00,671 - Iter 13610: loss=-2802.9692, change=6.07e-04, ‖θ[1:]‖₁=63.778, num_selected_knots=738
2025-09-07 16:40:00,755 - Iter 13620: loss=-2802.9758, change=6.07e-04, ‖θ[1:]‖₁=63.773, num_selected_knots=862
2025-09-07 16:40:00,843 - Iter 13630: loss=-2802.9827, change=6.07e-04, ‖θ[1:]‖₁=63.768, num_selected_knots=997
2025-09-07 16:40:00,933 - Iter 13640: loss=-2802.9912, change=6.07e-04, ‖θ[1:]‖₁=63.763, num_selected_knots=930
2025-09-07 16:40:01,017 - Iter 13650: loss=-2803.0000, change=6.07e-04, ‖θ[1:]‖₁=63.759, num_selected_knots=840
2025-09-07 16:40:01,106 - Iter 13660: loss=-2803.0071, change=6.07e-04, ‖θ[1:]‖₁=63.757, num_selected_knots=764
2025-09-07 16:40:01,194 - Iter 13670: loss=-2803.0139, change=6.07e-04, ‖θ[1:]‖₁=63.757, num_selected_knots=797
2025-09-07 16:40:01,278 - Iter 13680: loss=-2803.0222, change=6.07e-04, ‖θ[1:]‖₁=63.763, num_selected_knots=998
2025-09-07 16:40:01,365 - Iter 13690: loss=-2803.0330, change=6.07e-04, ‖θ[1:]‖₁=63.770, num_selected_knots=953
2025-09-07 16:40:01,452 - Iter 13700: loss=-2803.0437, change=6.07e-04, ‖θ[1:]‖₁=63.777, num_selected_knots=892
2025-09-07 16:40:01,539 - Iter 13710: loss=-2803.0532, change=6.07e-04, ‖θ[1:]‖₁=63.785, num_selected_knots=815
2025-09-07 16:40:01,629 - Iter 13720: loss=-2803.0637, change=6.07e-04, ‖θ[1:]‖₁=63.794, num_selected_knots=756
2025-09-07 16:40:01,716 - Iter 13730: loss=-2803.0725, change=6.07e-04, ‖θ[1:]‖₁=63.802, num_selected_knots=743
2025-09-07 16:40:01,803 - Iter 13740: loss=-2803.0813, change=6.07e-04, ‖θ[1:]‖₁=63.811, num_selected_knots=729
2025-09-07 16:40:01,892 - Iter 13750: loss=-2803.0916, change=6.07e-04, ‖θ[1:]‖₁=63.818, num_selected_knots=724
2025-09-07 16:40:01,983 - Iter 13760: loss=-2803.0989, change=6.07e-04, ‖θ[1:]‖₁=63.834, num_selected_knots=717
2025-09-07 16:40:02,069 - Iter 13770: loss=-2803.1082, change=6.07e-04, ‖θ[1:]‖₁=63.855, num_selected_knots=712
2025-09-07 16:40:02,159 - Iter 13780: loss=-2803.1165, change=6.07e-04, ‖θ[1:]‖₁=63.876, num_selected_knots=752
2025-09-07 16:40:02,246 - Iter 13790: loss=-2803.1248, change=6.07e-04, ‖θ[1:]‖₁=63.896, num_selected_knots=765
2025-09-07 16:40:02,333 - Iter 13800: loss=-2803.1348, change=6.07e-04, ‖θ[1:]‖₁=63.915, num_selected_knots=738
2025-09-07 16:40:02,424 - Iter 13810: loss=-2803.1438, change=6.07e-04, ‖θ[1:]‖₁=63.937, num_selected_knots=720
2025-09-07 16:40:02,512 - Iter 13820: loss=-2803.1536, change=6.07e-04, ‖θ[1:]‖₁=63.958, num_selected_knots=701
2025-09-07 16:40:02,599 - Iter 13830: loss=-2803.1626, change=6.07e-04, ‖θ[1:]‖₁=63.980, num_selected_knots=691
2025-09-07 16:40:02,687 - Iter 13840: loss=-2803.1704, change=6.07e-04, ‖θ[1:]‖₁=64.001, num_selected_knots=687
2025-09-07 16:40:02,774 - Iter 13850: loss=-2803.1785, change=6.07e-04, ‖θ[1:]‖₁=64.021, num_selected_knots=686
2025-09-07 16:40:02,858 - Iter 13860: loss=-2803.1873, change=6.07e-04, ‖θ[1:]‖₁=64.038, num_selected_knots=682
2025-09-07 16:40:02,948 - Iter 13870: loss=-2803.1960, change=6.07e-04, ‖θ[1:]‖₁=64.055, num_selected_knots=677
2025-09-07 16:40:03,036 - Iter 13880: loss=-2803.2053, change=6.07e-04, ‖θ[1:]‖₁=64.073, num_selected_knots=675
2025-09-07 16:40:03,121 - Iter 13890: loss=-2803.2146, change=6.07e-04, ‖θ[1:]‖₁=64.089, num_selected_knots=675
2025-09-07 16:40:03,209 - Iter 13900: loss=-2803.2227, change=6.07e-04, ‖θ[1:]‖₁=64.104, num_selected_knots=675
2025-09-07 16:40:03,295 - Iter 13910: loss=-2803.2314, change=6.07e-04, ‖θ[1:]‖₁=64.118, num_selected_knots=673
2025-09-07 16:40:03,384 - Iter 13920: loss=-2803.2393, change=6.07e-04, ‖θ[1:]‖₁=64.133, num_selected_knots=672
2025-09-07 16:40:03,472 - Iter 13930: loss=-2803.2478, change=6.07e-04, ‖θ[1:]‖₁=64.146, num_selected_knots=670
2025-09-07 16:40:03,561 - Iter 13940: loss=-2803.2583, change=6.07e-04, ‖θ[1:]‖₁=64.159, num_selected_knots=668
2025-09-07 16:40:03,648 - Iter 13950: loss=-2803.2671, change=6.07e-04, ‖θ[1:]‖₁=64.172, num_selected_knots=667
2025-09-07 16:40:03,737 - Iter 13960: loss=-2803.2759, change=6.07e-04, ‖θ[1:]‖₁=64.184, num_selected_knots=664
2025-09-07 16:40:03,826 - Iter 13970: loss=-2803.2854, change=6.07e-04, ‖θ[1:]‖₁=64.195, num_selected_knots=752
2025-09-07 16:40:03,911 - Iter 13980: loss=-2803.2964, change=6.07e-04, ‖θ[1:]‖₁=64.208, num_selected_knots=1030
2025-09-07 16:40:04,000 - Iter 13990: loss=-2803.3093, change=6.07e-04, ‖θ[1:]‖₁=64.224, num_selected_knots=1096
2025-09-07 16:40:04,087 - Iter 14000: loss=-2803.3235, change=6.07e-04, ‖θ[1:]‖₁=64.241, num_selected_knots=1015
2025-09-07 16:40:04,177 - Iter 14010: loss=-2803.3384, change=6.07e-04, ‖θ[1:]‖₁=64.258, num_selected_knots=905
2025-09-07 16:40:04,263 - Iter 14020: loss=-2803.3516, change=6.07e-04, ‖θ[1:]‖₁=64.273, num_selected_knots=804
2025-09-07 16:40:04,348 - Iter 14030: loss=-2803.3640, change=6.07e-04, ‖θ[1:]‖₁=64.285, num_selected_knots=745
2025-09-07 16:40:04,436 - Iter 14040: loss=-2803.3762, change=6.07e-04, ‖θ[1:]‖₁=64.299, num_selected_knots=712
2025-09-07 16:40:04,522 - Iter 14050: loss=-2803.3884, change=6.07e-04, ‖θ[1:]‖₁=64.318, num_selected_knots=703
2025-09-07 16:40:04,611 - Iter 14060: loss=-2803.4028, change=6.07e-04, ‖θ[1:]‖₁=64.338, num_selected_knots=729
2025-09-07 16:40:04,697 - Iter 14070: loss=-2803.4192, change=6.07e-04, ‖θ[1:]‖₁=64.360, num_selected_knots=687
2025-09-07 16:40:04,781 - Iter 14080: loss=-2803.4348, change=6.07e-04, ‖θ[1:]‖₁=64.380, num_selected_knots=670
2025-09-07 16:40:04,870 - Iter 14090: loss=-2803.4495, change=6.07e-04, ‖θ[1:]‖₁=64.399, num_selected_knots=659
2025-09-07 16:40:04,956 - Iter 14100: loss=-2803.4631, change=6.07e-04, ‖θ[1:]‖₁=64.418, num_selected_knots=657
2025-09-07 16:40:05,043 - Iter 14110: loss=-2803.4756, change=6.07e-04, ‖θ[1:]‖₁=64.437, num_selected_knots=656
2025-09-07 16:40:05,131 - Iter 14120: loss=-2803.4878, change=6.07e-04, ‖θ[1:]‖₁=64.452, num_selected_knots=653
2025-09-07 16:40:05,220 - Iter 14130: loss=-2803.5002, change=6.07e-04, ‖θ[1:]‖₁=64.467, num_selected_knots=648
2025-09-07 16:40:05,304 - Iter 14140: loss=-2803.5110, change=6.07e-04, ‖θ[1:]‖₁=64.479, num_selected_knots=646
2025-09-07 16:40:05,392 - Iter 14150: loss=-2803.5215, change=6.07e-04, ‖θ[1:]‖₁=64.488, num_selected_knots=645
2025-09-07 16:40:05,477 - Iter 14160: loss=-2803.5308, change=6.07e-04, ‖θ[1:]‖₁=64.495, num_selected_knots=654
2025-09-07 16:40:05,563 - Iter 14170: loss=-2803.5388, change=6.07e-04, ‖θ[1:]‖₁=64.500, num_selected_knots=748
2025-09-07 16:40:05,653 - Iter 14180: loss=-2803.5481, change=6.07e-04, ‖θ[1:]‖₁=64.506, num_selected_knots=1137
2025-09-07 16:40:05,739 - Iter 14190: loss=-2803.5591, change=6.07e-04, ‖θ[1:]‖₁=64.515, num_selected_knots=1370
2025-09-07 16:40:05,827 - Iter 14200: loss=-2803.5718, change=6.07e-04, ‖θ[1:]‖₁=64.524, num_selected_knots=1373
2025-09-07 16:40:05,914 - Iter 14210: loss=-2803.5867, change=6.07e-04, ‖θ[1:]‖₁=64.535, num_selected_knots=1333
2025-09-07 16:40:05,999 - Iter 14220: loss=-2803.6013, change=6.07e-04, ‖θ[1:]‖₁=64.545, num_selected_knots=1280
2025-09-07 16:40:06,088 - Iter 14230: loss=-2803.6147, change=6.07e-04, ‖θ[1:]‖₁=64.561, num_selected_knots=1215
2025-09-07 16:40:06,175 - Iter 14240: loss=-2803.6294, change=6.07e-04, ‖θ[1:]‖₁=64.577, num_selected_knots=1160
2025-09-07 16:40:06,262 - Iter 14250: loss=-2803.6431, change=6.07e-04, ‖θ[1:]‖₁=64.592, num_selected_knots=1137
2025-09-07 16:40:06,349 - Iter 14260: loss=-2803.6567, change=6.07e-04, ‖θ[1:]‖₁=64.606, num_selected_knots=1098
2025-09-07 16:40:06,437 - Iter 14270: loss=-2803.6694, change=6.07e-04, ‖θ[1:]‖₁=64.620, num_selected_knots=1076
2025-09-07 16:40:06,523 - Iter 14280: loss=-2803.6829, change=6.07e-04, ‖θ[1:]‖₁=64.634, num_selected_knots=1055
2025-09-07 16:40:06,611 - Iter 14290: loss=-2803.6956, change=6.07e-04, ‖θ[1:]‖₁=64.648, num_selected_knots=1026
2025-09-07 16:40:06,701 - Iter 14300: loss=-2803.7090, change=6.07e-04, ‖θ[1:]‖₁=64.659, num_selected_knots=981
2025-09-07 16:40:06,787 - Iter 14310: loss=-2803.7197, change=6.07e-04, ‖θ[1:]‖₁=64.669, num_selected_knots=951
2025-09-07 16:40:06,875 - Iter 14320: loss=-2803.7295, change=6.07e-04, ‖θ[1:]‖₁=64.681, num_selected_knots=915
2025-09-07 16:40:06,963 - Iter 14330: loss=-2803.7380, change=6.07e-04, ‖θ[1:]‖₁=64.691, num_selected_knots=933
2025-09-07 16:40:07,050 - Iter 14340: loss=-2803.7495, change=6.03e-04, ‖θ[1:]‖₁=64.702, num_selected_knots=1091
2025-09-07 16:40:07,137 - Iter 14350: loss=-2803.7612, change=5.95e-04, ‖θ[1:]‖₁=64.713, num_selected_knots=1083
2025-09-07 16:40:07,225 - Iter 14360: loss=-2803.7729, change=5.95e-04, ‖θ[1:]‖₁=64.723, num_selected_knots=993
2025-09-07 16:40:07,312 - Iter 14370: loss=-2803.7847, change=5.95e-04, ‖θ[1:]‖₁=64.732, num_selected_knots=936
2025-09-07 16:40:07,401 - Iter 14380: loss=-2803.7964, change=5.87e-04, ‖θ[1:]‖₁=64.741, num_selected_knots=898
2025-09-07 16:40:07,488 - Iter 14390: loss=-2803.8074, change=5.78e-04, ‖θ[1:]‖₁=64.749, num_selected_knots=896
2025-09-07 16:40:07,575 - Iter 14400: loss=-2803.8188, change=5.68e-04, ‖θ[1:]‖₁=64.755, num_selected_knots=855
2025-09-07 16:40:07,663 - Iter 14410: loss=-2803.8303, change=5.59e-04, ‖θ[1:]‖₁=64.760, num_selected_knots=839
2025-09-07 16:40:07,750 - Iter 14420: loss=-2803.8411, change=5.49e-04, ‖θ[1:]‖₁=64.769, num_selected_knots=817
2025-09-07 16:40:07,836 - Iter 14430: loss=-2803.8501, change=5.40e-04, ‖θ[1:]‖₁=64.777, num_selected_knots=807
2025-09-07 16:40:07,926 - Iter 14440: loss=-2803.8599, change=5.30e-04, ‖θ[1:]‖₁=64.784, num_selected_knots=806
2025-09-07 16:40:08,012 - Iter 14450: loss=-2803.8684, change=5.21e-04, ‖θ[1:]‖₁=64.789, num_selected_knots=785
2025-09-07 16:40:08,101 - Iter 14460: loss=-2803.8762, change=5.11e-04, ‖θ[1:]‖₁=64.793, num_selected_knots=766
2025-09-07 16:40:08,186 - Iter 14470: loss=-2803.8828, change=5.02e-04, ‖θ[1:]‖₁=64.797, num_selected_knots=759
2025-09-07 16:40:08,272 - Iter 14480: loss=-2803.8896, change=4.92e-04, ‖θ[1:]‖₁=64.799, num_selected_knots=757
2025-09-07 16:40:08,362 - Iter 14490: loss=-2803.8965, change=4.83e-04, ‖θ[1:]‖₁=64.799, num_selected_knots=749
2025-09-07 16:40:08,448 - Iter 14500: loss=-2803.9014, change=4.73e-04, ‖θ[1:]‖₁=64.801, num_selected_knots=742
2025-09-07 16:40:08,537 - Iter 14510: loss=-2803.9070, change=4.63e-04, ‖θ[1:]‖₁=64.807, num_selected_knots=739
2025-09-07 16:40:08,622 - Iter 14520: loss=-2803.9106, change=4.54e-04, ‖θ[1:]‖₁=64.811, num_selected_knots=730
2025-09-07 16:40:08,707 - Iter 14530: loss=-2803.9146, change=4.44e-04, ‖θ[1:]‖₁=64.814, num_selected_knots=723
2025-09-07 16:40:08,797 - Iter 14540: loss=-2803.9180, change=4.35e-04, ‖θ[1:]‖₁=64.816, num_selected_knots=730
2025-09-07 16:40:08,883 - Iter 14550: loss=-2803.9207, change=4.35e-04, ‖θ[1:]‖₁=64.817, num_selected_knots=746
2025-09-07 16:40:08,971 - Iter 14560: loss=-2803.9238, change=4.40e-04, ‖θ[1:]‖₁=64.816, num_selected_knots=760
2025-09-07 16:40:09,057 - Iter 14570: loss=-2803.9258, change=4.44e-04, ‖θ[1:]‖₁=64.813, num_selected_knots=881
2025-09-07 16:40:09,146 - Iter 14580: loss=-2803.9280, change=4.49e-04, ‖θ[1:]‖₁=64.809, num_selected_knots=1089
2025-09-07 16:40:09,233 - Iter 14590: loss=-2803.9307, change=4.54e-04, ‖θ[1:]‖₁=64.815, num_selected_knots=1119
2025-09-07 16:40:09,318 - Iter 14600: loss=-2803.9351, change=4.59e-04, ‖θ[1:]‖₁=64.824, num_selected_knots=1081
2025-09-07 16:40:09,398 - Iter 14610: loss=-2803.9377, change=4.63e-04, ‖θ[1:]‖₁=64.832, num_selected_knots=1032
2025-09-07 16:40:09,478 - Iter 14620: loss=-2803.9397, change=4.68e-04, ‖θ[1:]‖₁=64.837, num_selected_knots=1006
2025-09-07 16:40:09,558 - Iter 14630: loss=-2803.9419, change=4.73e-04, ‖θ[1:]‖₁=64.844, num_selected_knots=1056
2025-09-07 16:40:09,636 - Iter 14640: loss=-2803.9458, change=4.78e-04, ‖θ[1:]‖₁=64.851, num_selected_knots=1057
2025-09-07 16:40:09,713 - Iter 14650: loss=-2803.9507, change=4.83e-04, ‖θ[1:]‖₁=64.858, num_selected_knots=1016
2025-09-07 16:40:09,792 - Iter 14660: loss=-2803.9534, change=4.87e-04, ‖θ[1:]‖₁=64.864, num_selected_knots=976
2025-09-07 16:40:09,871 - Iter 14670: loss=-2803.9558, change=4.92e-04, ‖θ[1:]‖₁=64.869, num_selected_knots=929
2025-09-07 16:40:09,952 - Iter 14680: loss=-2803.9568, change=4.97e-04, ‖θ[1:]‖₁=64.870, num_selected_knots=884
2025-09-07 16:40:10,031 - Iter 14690: loss=-2803.9565, change=5.03e-04, ‖θ[1:]‖₁=64.870, num_selected_knots=867
2025-09-07 16:40:10,109 - Iter 14700: loss=-2803.9563, change=5.10e-04, ‖θ[1:]‖₁=64.869, num_selected_knots=872
2025-09-07 16:40:10,187 - Iter 14710: loss=-2803.9551, change=5.16e-04, ‖θ[1:]‖₁=64.873, num_selected_knots=826
2025-09-07 16:40:10,265 - Iter 14720: loss=-2803.9543, change=5.21e-04, ‖θ[1:]‖₁=64.878, num_selected_knots=802
2025-09-07 16:40:10,344 - Iter 14730: loss=-2803.9536, change=5.25e-04, ‖θ[1:]‖₁=64.881, num_selected_knots=773
2025-09-07 16:40:10,422 - Iter 14740: loss=-2803.9485, change=5.30e-04, ‖θ[1:]‖₁=64.882, num_selected_knots=757
2025-09-07 16:40:10,502 - Iter 14750: loss=-2803.9436, change=5.35e-04, ‖θ[1:]‖₁=64.881, num_selected_knots=732
2025-09-07 16:40:10,582 - Iter 14760: loss=-2803.9382, change=5.40e-04, ‖θ[1:]‖₁=64.881, num_selected_knots=718
2025-09-07 16:40:10,660 - Iter 14770: loss=-2803.9319, change=5.45e-04, ‖θ[1:]‖₁=64.879, num_selected_knots=709
2025-09-07 16:40:10,736 - Iter 14780: loss=-2803.9260, change=5.49e-04, ‖θ[1:]‖₁=64.876, num_selected_knots=699
2025-09-07 16:40:10,816 - Iter 14790: loss=-2803.9189, change=5.54e-04, ‖θ[1:]‖₁=64.873, num_selected_knots=690
2025-09-07 16:40:10,895 - Iter 14800: loss=-2803.9124, change=5.59e-04, ‖θ[1:]‖₁=64.868, num_selected_knots=678
2025-09-07 16:40:10,975 - Iter 14810: loss=-2803.9053, change=5.64e-04, ‖θ[1:]‖₁=64.861, num_selected_knots=687
2025-09-07 16:40:11,053 - Iter 14820: loss=-2803.8965, change=5.68e-04, ‖θ[1:]‖₁=64.852, num_selected_knots=753
2025-09-07 16:40:11,132 - Iter 14830: loss=-2803.8889, change=5.73e-04, ‖θ[1:]‖₁=64.842, num_selected_knots=888
2025-09-07 16:40:11,212 - Iter 14840: loss=-2803.8804, change=5.78e-04, ‖θ[1:]‖₁=64.835, num_selected_knots=991
2025-09-07 16:40:11,289 - Iter 14850: loss=-2803.8745, change=5.83e-04, ‖θ[1:]‖₁=64.828, num_selected_knots=988
2025-09-07 16:40:11,368 - Iter 14860: loss=-2803.8682, change=5.87e-04, ‖θ[1:]‖₁=64.820, num_selected_knots=947
2025-09-07 16:40:11,447 - Iter 14870: loss=-2803.8604, change=5.92e-04, ‖θ[1:]‖₁=64.813, num_selected_knots=878
2025-09-07 16:40:11,525 - Iter 14880: loss=-2803.8513, change=5.92e-04, ‖θ[1:]‖₁=64.802, num_selected_knots=810
2025-09-07 16:40:11,602 - Iter 14890: loss=-2803.8401, change=5.95e-04, ‖θ[1:]‖₁=64.789, num_selected_knots=759
2025-09-07 16:40:11,681 - Iter 14900: loss=-2803.8303, change=5.97e-04, ‖θ[1:]‖₁=64.781, num_selected_knots=836
2025-09-07 16:40:11,758 - Iter 14910: loss=-2803.8201, change=6.00e-04, ‖θ[1:]‖₁=64.775, num_selected_knots=967
2025-09-07 16:40:11,838 - Iter 14920: loss=-2803.8113, change=6.02e-04, ‖θ[1:]‖₁=64.769, num_selected_knots=944
2025-09-07 16:40:11,917 - Iter 14930: loss=-2803.8018, change=6.04e-04, ‖θ[1:]‖₁=64.759, num_selected_knots=866
2025-09-07 16:40:11,996 - Iter 14940: loss=-2803.7922, change=6.04e-04, ‖θ[1:]‖₁=64.747, num_selected_knots=799
2025-09-07 16:40:12,076 - Iter 14950: loss=-2803.7808, change=6.06e-04, ‖θ[1:]‖₁=64.733, num_selected_knots=766
2025-09-07 16:40:12,154 - Iter 14960: loss=-2803.7695, change=6.08e-04, ‖θ[1:]‖₁=64.721, num_selected_knots=1121
2025-09-07 16:40:12,233 - Iter 14970: loss=-2803.7615, change=6.11e-04, ‖θ[1:]‖₁=64.711, num_selected_knots=1170
2025-09-07 16:40:12,312 - Iter 14980: loss=-2803.7549, change=6.13e-04, ‖θ[1:]‖₁=64.701, num_selected_knots=1135
2025-09-07 16:40:12,390 - Iter 14990: loss=-2803.7478, change=6.15e-04, ‖θ[1:]‖₁=64.690, num_selected_knots=1081
2025-09-07 16:40:12,469 - Iter 15000: loss=-2803.7388, change=6.18e-04, ‖θ[1:]‖₁=64.678, num_selected_knots=1026
2025-09-07 16:40:12,552 - Iter 15010: loss=-2803.7290, change=6.20e-04, ‖θ[1:]‖₁=64.665, num_selected_knots=973
2025-09-07 16:40:12,631 - Iter 15020: loss=-2803.7202, change=6.23e-04, ‖θ[1:]‖₁=64.654, num_selected_knots=1039
2025-09-07 16:40:12,711 - Iter 15030: loss=-2803.7139, change=6.25e-04, ‖θ[1:]‖₁=64.648, num_selected_knots=1058
2025-09-07 16:40:12,787 - Iter 15040: loss=-2803.7092, change=6.27e-04, ‖θ[1:]‖₁=64.643, num_selected_knots=1022
2025-09-07 16:40:12,865 - Iter 15050: loss=-2803.7039, change=6.30e-04, ‖θ[1:]‖₁=64.638, num_selected_knots=974
2025-09-07 16:40:12,945 - Iter 15060: loss=-2803.6968, change=6.32e-04, ‖θ[1:]‖₁=64.631, num_selected_knots=950
2025-09-07 16:40:13,021 - Iter 15070: loss=-2803.6904, change=6.34e-04, ‖θ[1:]‖₁=64.623, num_selected_knots=1047
2025-09-07 16:40:13,100 - Iter 15080: loss=-2803.6851, change=6.37e-04, ‖θ[1:]‖₁=64.615, num_selected_knots=1057
2025-09-07 16:40:13,178 - Iter 15090: loss=-2803.6816, change=6.39e-04, ‖θ[1:]‖₁=64.608, num_selected_knots=1026
2025-09-07 16:40:13,256 - Iter 15100: loss=-2803.6760, change=6.42e-04, ‖θ[1:]‖₁=64.599, num_selected_knots=1000
2025-09-07 16:40:13,335 - Iter 15110: loss=-2803.6689, change=6.44e-04, ‖θ[1:]‖₁=64.588, num_selected_knots=974
2025-09-07 16:40:13,413 - Iter 15120: loss=-2803.6636, change=6.46e-04, ‖θ[1:]‖₁=64.576, num_selected_knots=1023
2025-09-07 16:40:13,491 - Iter 15130: loss=-2803.6567, change=6.49e-04, ‖θ[1:]‖₁=64.564, num_selected_knots=1008
2025-09-07 16:40:13,570 - Iter 15140: loss=-2803.6501, change=6.51e-04, ‖θ[1:]‖₁=64.552, num_selected_knots=982
2025-09-07 16:40:13,648 - Iter 15150: loss=-2803.6440, change=6.54e-04, ‖θ[1:]‖₁=64.538, num_selected_knots=959
2025-09-07 16:40:13,725 - Iter 15160: loss=-2803.6365, change=6.56e-04, ‖θ[1:]‖₁=64.523, num_selected_knots=949
2025-09-07 16:40:13,806 - Iter 15170: loss=-2803.6311, change=6.58e-04, ‖θ[1:]‖₁=64.507, num_selected_knots=930
2025-09-07 16:40:13,885 - Iter 15180: loss=-2803.6245, change=6.61e-04, ‖θ[1:]‖₁=64.492, num_selected_knots=956
2025-09-07 16:40:13,963 - Iter 15190: loss=-2803.6206, change=6.63e-04, ‖θ[1:]‖₁=64.477, num_selected_knots=980
2025-09-07 16:40:14,044 - Iter 15200: loss=-2803.6177, change=6.65e-04, ‖θ[1:]‖₁=64.462, num_selected_knots=1007
2025-09-07 16:40:14,123 - Iter 15210: loss=-2803.6150, change=6.68e-04, ‖θ[1:]‖₁=64.448, num_selected_knots=1052
2025-09-07 16:40:14,200 - Iter 15220: loss=-2803.6143, change=6.70e-04, ‖θ[1:]‖₁=64.439, num_selected_knots=1107
2025-09-07 16:40:14,279 - Iter 15230: loss=-2803.6147, change=6.73e-04, ‖θ[1:]‖₁=64.431, num_selected_knots=1140
2025-09-07 16:40:14,357 - Iter 15240: loss=-2803.6155, change=6.75e-04, ‖θ[1:]‖₁=64.423, num_selected_knots=1131
2025-09-07 16:40:14,436 - Iter 15250: loss=-2803.6177, change=6.77e-04, ‖θ[1:]‖₁=64.417, num_selected_knots=1131
2025-09-07 16:40:14,514 - Iter 15260: loss=-2803.6206, change=6.80e-04, ‖θ[1:]‖₁=64.410, num_selected_knots=1219
2025-09-07 16:40:14,593 - Iter 15270: loss=-2803.6248, change=6.82e-04, ‖θ[1:]‖₁=64.409, num_selected_knots=1278
2025-09-07 16:40:14,672 - Iter 15280: loss=-2803.6313, change=6.84e-04, ‖θ[1:]‖₁=64.410, num_selected_knots=1233
2025-09-07 16:40:14,751 - Iter 15290: loss=-2803.6377, change=6.87e-04, ‖θ[1:]‖₁=64.412, num_selected_knots=1190
2025-09-07 16:40:14,828 - Iter 15300: loss=-2803.6436, change=6.89e-04, ‖θ[1:]‖₁=64.411, num_selected_knots=1158
2025-09-07 16:40:14,906 - Iter 15310: loss=-2803.6479, change=6.92e-04, ‖θ[1:]‖₁=64.413, num_selected_knots=1123
2025-09-07 16:40:14,983 - Iter 15320: loss=-2803.6531, change=6.94e-04, ‖θ[1:]‖₁=64.416, num_selected_knots=1096
2025-09-07 16:40:15,060 - Iter 15330: loss=-2803.6582, change=6.96e-04, ‖θ[1:]‖₁=64.419, num_selected_knots=1067
2025-09-07 16:40:15,142 - Iter 15340: loss=-2803.6633, change=6.99e-04, ‖θ[1:]‖₁=64.420, num_selected_knots=1051
2025-09-07 16:40:15,219 - Iter 15350: loss=-2803.6663, change=7.01e-04, ‖θ[1:]‖₁=64.418, num_selected_knots=1043
2025-09-07 16:40:15,298 - Iter 15360: loss=-2803.6680, change=7.04e-04, ‖θ[1:]‖₁=64.414, num_selected_knots=1020
2025-09-07 16:40:15,375 - Iter 15370: loss=-2803.6680, change=7.06e-04, ‖θ[1:]‖₁=64.409, num_selected_knots=1002
2025-09-07 16:40:15,452 - Iter 15380: loss=-2803.6677, change=7.08e-04, ‖θ[1:]‖₁=64.403, num_selected_knots=988
2025-09-07 16:40:15,532 - Iter 15390: loss=-2803.6682, change=7.11e-04, ‖θ[1:]‖₁=64.397, num_selected_knots=995
2025-09-07 16:40:15,610 - Iter 15400: loss=-2803.6685, change=7.13e-04, ‖θ[1:]‖₁=64.391, num_selected_knots=983
2025-09-07 16:40:15,688 - Iter 15410: loss=-2803.6689, change=7.15e-04, ‖θ[1:]‖₁=64.384, num_selected_knots=967
2025-09-07 16:40:15,768 - Iter 15420: loss=-2803.6680, change=7.18e-04, ‖θ[1:]‖₁=64.375, num_selected_knots=987
2025-09-07 16:40:15,847 - Iter 15430: loss=-2803.6680, change=7.20e-04, ‖θ[1:]‖₁=64.371, num_selected_knots=1082
2025-09-07 16:40:15,926 - Iter 15440: loss=-2803.6670, change=7.23e-04, ‖θ[1:]‖₁=64.371, num_selected_knots=1100
2025-09-07 16:40:16,003 - Iter 15450: loss=-2803.6675, change=7.25e-04, ‖θ[1:]‖₁=64.370, num_selected_knots=1038
2025-09-07 16:40:16,083 - Iter 15460: loss=-2803.6665, change=7.25e-04, ‖θ[1:]‖₁=64.367, num_selected_knots=993
2025-09-07 16:40:16,163 - Iter 15470: loss=-2803.6626, change=7.27e-04, ‖θ[1:]‖₁=64.362, num_selected_knots=973
2025-09-07 16:40:16,242 - Iter 15480: loss=-2803.6599, change=7.29e-04, ‖θ[1:]‖₁=64.358, num_selected_knots=1254
2025-09-07 16:40:16,323 - Iter 15490: loss=-2803.6572, change=7.31e-04, ‖θ[1:]‖₁=64.355, num_selected_knots=1298
2025-09-07 16:40:16,403 - Iter 15500: loss=-2803.6553, change=7.33e-04, ‖θ[1:]‖₁=64.352, num_selected_knots=1252
2025-09-07 16:40:16,480 - Iter 15510: loss=-2803.6519, change=7.33e-04, ‖θ[1:]‖₁=64.354, num_selected_knots=1153
2025-09-07 16:40:16,559 - Iter 15520: loss=-2803.6460, change=7.33e-04, ‖θ[1:]‖₁=64.355, num_selected_knots=1074
2025-09-07 16:40:16,638 - Iter 15530: loss=-2803.6399, change=7.33e-04, ‖θ[1:]‖₁=64.353, num_selected_knots=1042
2025-09-07 16:40:16,718 - Iter 15540: loss=-2803.6333, change=7.33e-04, ‖θ[1:]‖₁=64.351, num_selected_knots=1173
2025-09-07 16:40:16,796 - Iter 15550: loss=-2803.6284, change=7.33e-04, ‖θ[1:]‖₁=64.348, num_selected_knots=1182
2025-09-07 16:40:16,875 - Iter 15560: loss=-2803.6213, change=7.33e-04, ‖θ[1:]‖₁=64.345, num_selected_knots=1164
2025-09-07 16:40:16,955 - Iter 15570: loss=-2803.6140, change=7.33e-04, ‖θ[1:]‖₁=64.341, num_selected_knots=1117
2025-09-07 16:40:17,033 - Iter 15580: loss=-2803.6062, change=7.33e-04, ‖θ[1:]‖₁=64.334, num_selected_knots=1052
2025-09-07 16:40:17,111 - Iter 15590: loss=-2803.5979, change=7.33e-04, ‖θ[1:]‖₁=64.327, num_selected_knots=1020
2025-09-07 16:40:17,188 - Iter 15600: loss=-2803.5894, change=7.33e-04, ‖θ[1:]‖₁=64.320, num_selected_knots=995
2025-09-07 16:40:17,268 - Iter 15610: loss=-2803.5796, change=7.33e-04, ‖θ[1:]‖₁=64.312, num_selected_knots=969
2025-09-07 16:40:17,348 - Iter 15620: loss=-2803.5698, change=7.33e-04, ‖θ[1:]‖₁=64.301, num_selected_knots=958
2025-09-07 16:40:17,427 - Iter 15630: loss=-2803.5583, change=7.33e-04, ‖θ[1:]‖₁=64.289, num_selected_knots=935
2025-09-07 16:40:17,505 - Iter 15640: loss=-2803.5466, change=7.33e-04, ‖θ[1:]‖₁=64.277, num_selected_knots=916
2025-09-07 16:40:17,586 - Iter 15650: loss=-2803.5332, change=7.33e-04, ‖θ[1:]‖₁=64.262, num_selected_knots=899
2025-09-07 16:40:17,665 - Iter 15660: loss=-2803.5195, change=7.33e-04, ‖θ[1:]‖₁=64.246, num_selected_knots=886
2025-09-07 16:40:17,744 - Iter 15670: loss=-2803.5051, change=7.33e-04, ‖θ[1:]‖₁=64.232, num_selected_knots=918
2025-09-07 16:40:17,822 - Iter 15680: loss=-2803.4907, change=7.33e-04, ‖θ[1:]‖₁=64.220, num_selected_knots=944
2025-09-07 16:40:17,901 - Iter 15690: loss=-2803.4775, change=7.33e-04, ‖θ[1:]‖₁=64.211, num_selected_knots=931
2025-09-07 16:40:17,980 - Iter 15700: loss=-2803.4648, change=7.33e-04, ‖θ[1:]‖₁=64.200, num_selected_knots=888
2025-09-07 16:40:18,058 - Iter 15710: loss=-2803.4509, change=7.33e-04, ‖θ[1:]‖₁=64.187, num_selected_knots=855
2025-09-07 16:40:18,136 - Iter 15720: loss=-2803.4363, change=7.34e-04, ‖θ[1:]‖₁=64.173, num_selected_knots=878
2025-09-07 16:40:18,215 - Iter 15730: loss=-2803.4224, change=7.35e-04, ‖θ[1:]‖₁=64.160, num_selected_knots=1242
2025-09-07 16:40:18,295 - Iter 15740: loss=-2803.4109, change=7.36e-04, ‖θ[1:]‖₁=64.148, num_selected_knots=1274
2025-09-07 16:40:18,370 - Iter 15750: loss=-2803.4016, change=7.38e-04, ‖θ[1:]‖₁=64.136, num_selected_knots=1202
2025-09-07 16:40:18,451 - Iter 15760: loss=-2803.3896, change=7.39e-04, ‖θ[1:]‖₁=64.123, num_selected_knots=1083
2025-09-07 16:40:18,528 - Iter 15770: loss=-2803.3770, change=7.40e-04, ‖θ[1:]‖₁=64.108, num_selected_knots=987
2025-09-07 16:40:18,605 - Iter 15780: loss=-2803.3635, change=7.41e-04, ‖θ[1:]‖₁=64.091, num_selected_knots=936
2025-09-07 16:40:18,685 - Iter 15790: loss=-2803.3513, change=7.42e-04, ‖θ[1:]‖₁=64.076, num_selected_knots=933
2025-09-07 16:40:18,762 - Iter 15800: loss=-2803.3406, change=7.44e-04, ‖θ[1:]‖₁=64.061, num_selected_knots=906
2025-09-07 16:40:18,840 - Iter 15810: loss=-2803.3303, change=7.45e-04, ‖θ[1:]‖₁=64.049, num_selected_knots=874
2025-09-07 16:40:18,921 - Iter 15820: loss=-2803.3210, change=7.46e-04, ‖θ[1:]‖₁=64.037, num_selected_knots=858
2025-09-07 16:40:19,000 - Iter 15830: loss=-2803.3110, change=7.47e-04, ‖θ[1:]‖₁=64.026, num_selected_knots=888
2025-09-07 16:40:19,078 - Iter 15840: loss=-2803.3030, change=7.49e-04, ‖θ[1:]‖₁=64.015, num_selected_knots=1020
2025-09-07 16:40:19,157 - Iter 15850: loss=-2803.2964, change=7.52e-04, ‖θ[1:]‖₁=64.007, num_selected_knots=1030
2025-09-07 16:40:19,235 - Iter 15860: loss=-2803.2908, change=7.54e-04, ‖θ[1:]‖₁=64.001, num_selected_knots=980
2025-09-07 16:40:19,316 - Iter 15870: loss=-2803.2856, change=7.55e-04, ‖θ[1:]‖₁=63.994, num_selected_knots=947
2025-09-07 16:40:19,391 - Iter 15880: loss=-2803.2778, change=7.56e-04, ‖θ[1:]‖₁=63.984, num_selected_knots=926
2025-09-07 16:40:19,470 - Iter 15890: loss=-2803.2698, change=7.58e-04, ‖θ[1:]‖₁=63.972, num_selected_knots=906
2025-09-07 16:40:19,549 - Iter 15900: loss=-2803.2617, change=7.60e-04, ‖θ[1:]‖₁=63.961, num_selected_knots=937
2025-09-07 16:40:19,626 - Iter 15910: loss=-2803.2554, change=7.62e-04, ‖θ[1:]‖₁=63.950, num_selected_knots=930
2025-09-07 16:40:19,704 - Iter 15920: loss=-2803.2488, change=7.64e-04, ‖θ[1:]‖₁=63.939, num_selected_knots=912
2025-09-07 16:40:19,783 - Iter 15930: loss=-2803.2410, change=7.65e-04, ‖θ[1:]‖₁=63.927, num_selected_knots=895
2025-09-07 16:40:19,860 - Iter 15940: loss=-2803.2327, change=7.66e-04, ‖θ[1:]‖₁=63.915, num_selected_knots=877
2025-09-07 16:40:19,939 - Iter 15950: loss=-2803.2253, change=7.67e-04, ‖θ[1:]‖₁=63.904, num_selected_knots=883
2025-09-07 16:40:20,018 - Iter 15960: loss=-2803.2190, change=7.69e-04, ‖θ[1:]‖₁=63.893, num_selected_knots=883
2025-09-07 16:40:20,099 - Iter 15970: loss=-2803.2131, change=7.70e-04, ‖θ[1:]‖₁=63.883, num_selected_knots=891
2025-09-07 16:40:20,175 - Iter 15980: loss=-2803.2068, change=7.71e-04, ‖θ[1:]‖₁=63.875, num_selected_knots=897
2025-09-07 16:40:20,255 - Iter 15990: loss=-2803.2007, change=7.72e-04, ‖θ[1:]‖₁=63.866, num_selected_knots=912
2025-09-07 16:40:20,335 - Iter 16000: loss=-2803.1941, change=7.73e-04, ‖θ[1:]‖₁=63.854, num_selected_knots=971
2025-09-07 16:40:20,413 - Iter 16010: loss=-2803.1875, change=7.75e-04, ‖θ[1:]‖₁=63.843, num_selected_knots=1035
2025-09-07 16:40:20,491 - Iter 16020: loss=-2803.1816, change=7.76e-04, ‖θ[1:]‖₁=63.831, num_selected_knots=1068
2025-09-07 16:40:20,571 - Iter 16030: loss=-2803.1765, change=7.77e-04, ‖θ[1:]‖₁=63.819, num_selected_knots=1101
2025-09-07 16:40:20,650 - Iter 16040: loss=-2803.1716, change=7.78e-04, ‖θ[1:]‖₁=63.807, num_selected_knots=1220
2025-09-07 16:40:20,727 - Iter 16050: loss=-2803.1687, change=7.79e-04, ‖θ[1:]‖₁=63.797, num_selected_knots=1269
2025-09-07 16:40:20,805 - Iter 16060: loss=-2803.1672, change=7.81e-04, ‖θ[1:]‖₁=63.787, num_selected_knots=1255
2025-09-07 16:40:20,885 - Iter 16070: loss=-2803.1682, change=7.81e-04, ‖θ[1:]‖₁=63.785, num_selected_knots=1230
2025-09-07 16:40:20,964 - Iter 16080: loss=-2803.1675, change=7.81e-04, ‖θ[1:]‖₁=63.784, num_selected_knots=1198
2025-09-07 16:40:21,044 - Iter 16090: loss=-2803.1675, change=7.81e-04, ‖θ[1:]‖₁=63.781, num_selected_knots=1142
2025-09-07 16:40:21,124 - Iter 16100: loss=-2803.1665, change=7.81e-04, ‖θ[1:]‖₁=63.776, num_selected_knots=1108
2025-09-07 16:40:21,200 - Iter 16110: loss=-2803.1660, change=7.82e-04, ‖θ[1:]‖₁=63.770, num_selected_knots=1079
2025-09-07 16:40:21,280 - Iter 16120: loss=-2803.1650, change=7.83e-04, ‖θ[1:]‖₁=63.765, num_selected_knots=1073
2025-09-07 16:40:21,359 - Iter 16130: loss=-2803.1641, change=7.84e-04, ‖θ[1:]‖₁=63.760, num_selected_knots=1042
2025-09-07 16:40:21,438 - Iter 16140: loss=-2803.1631, change=7.84e-04, ‖θ[1:]‖₁=63.756, num_selected_knots=1008
2025-09-07 16:40:21,518 - Iter 16150: loss=-2803.1602, change=7.84e-04, ‖θ[1:]‖₁=63.749, num_selected_knots=971
2025-09-07 16:40:21,596 - Iter 16160: loss=-2803.1560, change=7.84e-04, ‖θ[1:]‖₁=63.743, num_selected_knots=946
2025-09-07 16:40:21,676 - Iter 16170: loss=-2803.1519, change=7.84e-04, ‖θ[1:]‖₁=63.736, num_selected_knots=956
2025-09-07 16:40:21,753 - Iter 16180: loss=-2803.1472, change=7.84e-04, ‖θ[1:]‖₁=63.728, num_selected_knots=928
2025-09-07 16:40:21,830 - Iter 16190: loss=-2803.1433, change=7.84e-04, ‖θ[1:]‖₁=63.720, num_selected_knots=893
2025-09-07 16:40:21,910 - Iter 16200: loss=-2803.1367, change=7.84e-04, ‖θ[1:]‖₁=63.711, num_selected_knots=863
2025-09-07 16:40:21,989 - Iter 16210: loss=-2803.1306, change=7.84e-04, ‖θ[1:]‖₁=63.700, num_selected_knots=853
2025-09-07 16:40:22,068 - Iter 16220: loss=-2803.1230, change=7.84e-04, ‖θ[1:]‖₁=63.688, num_selected_knots=890
2025-09-07 16:40:22,148 - Iter 16230: loss=-2803.1165, change=7.84e-04, ‖θ[1:]‖₁=63.678, num_selected_knots=911
2025-09-07 16:40:22,226 - Iter 16240: loss=-2803.1113, change=7.84e-04, ‖θ[1:]‖₁=63.671, num_selected_knots=878
2025-09-07 16:40:22,304 - Iter 16250: loss=-2803.1055, change=7.84e-04, ‖θ[1:]‖₁=63.663, num_selected_knots=850
2025-09-07 16:40:22,386 - Iter 16260: loss=-2803.0974, change=7.84e-04, ‖θ[1:]‖₁=63.654, num_selected_knots=832
2025-09-07 16:40:22,464 - Iter 16270: loss=-2803.0901, change=7.84e-04, ‖θ[1:]‖₁=63.645, num_selected_knots=812
2025-09-07 16:40:22,548 - Iter 16280: loss=-2803.0828, change=7.84e-04, ‖θ[1:]‖₁=63.636, num_selected_knots=831
2025-09-07 16:40:22,626 - Iter 16290: loss=-2803.0754, change=7.84e-04, ‖θ[1:]‖₁=63.629, num_selected_knots=827
2025-09-07 16:40:22,705 - Iter 16300: loss=-2803.0686, change=7.84e-04, ‖θ[1:]‖₁=63.621, num_selected_knots=815
2025-09-07 16:40:22,785 - Iter 16310: loss=-2803.0603, change=7.84e-04, ‖θ[1:]‖₁=63.614, num_selected_knots=793
2025-09-07 16:40:22,864 - Iter 16320: loss=-2803.0518, change=7.83e-04, ‖θ[1:]‖₁=63.612, num_selected_knots=779
2025-09-07 16:40:22,944 - Iter 16330: loss=-2803.0413, change=7.82e-04, ‖θ[1:]‖₁=63.607, num_selected_knots=771
2025-09-07 16:40:23,022 - Iter 16340: loss=-2803.0305, change=7.81e-04, ‖θ[1:]‖₁=63.601, num_selected_knots=762
2025-09-07 16:40:23,099 - Iter 16350: loss=-2803.0195, change=7.80e-04, ‖θ[1:]‖₁=63.594, num_selected_knots=775
2025-09-07 16:40:23,179 - Iter 16360: loss=-2803.0093, change=7.79e-04, ‖θ[1:]‖₁=63.587, num_selected_knots=799
2025-09-07 16:40:23,258 - Iter 16370: loss=-2802.9983, change=7.77e-04, ‖θ[1:]‖₁=63.580, num_selected_knots=778
2025-09-07 16:40:23,336 - Iter 16380: loss=-2802.9883, change=7.76e-04, ‖θ[1:]‖₁=63.572, num_selected_knots=752
2025-09-07 16:40:23,414 - Iter 16390: loss=-2802.9766, change=7.75e-04, ‖θ[1:]‖₁=63.561, num_selected_knots=740
2025-09-07 16:40:23,491 - Iter 16400: loss=-2802.9631, change=7.74e-04, ‖θ[1:]‖₁=63.549, num_selected_knots=750
2025-09-07 16:40:23,572 - Iter 16410: loss=-2802.9514, change=7.73e-04, ‖θ[1:]‖₁=63.537, num_selected_knots=1066
2025-09-07 16:40:23,649 - Iter 16420: loss=-2802.9399, change=7.71e-04, ‖θ[1:]‖₁=63.529, num_selected_knots=1127
2025-09-07 16:40:23,728 - Iter 16430: loss=-2802.9299, change=7.70e-04, ‖θ[1:]‖₁=63.524, num_selected_knots=1081
2025-09-07 16:40:23,805 - Iter 16440: loss=-2802.9199, change=7.69e-04, ‖θ[1:]‖₁=63.518, num_selected_knots=1017
2025-09-07 16:40:23,882 - Iter 16450: loss=-2802.9092, change=7.68e-04, ‖θ[1:]‖₁=63.512, num_selected_knots=959
2025-09-07 16:40:23,963 - Iter 16460: loss=-2802.9014, change=7.67e-04, ‖θ[1:]‖₁=63.506, num_selected_knots=1019
2025-09-07 16:40:24,038 - Iter 16470: loss=-2802.8931, change=7.67e-04, ‖θ[1:]‖₁=63.501, num_selected_knots=1021
2025-09-07 16:40:24,116 - Iter 16480: loss=-2802.8848, change=7.66e-04, ‖θ[1:]‖₁=63.496, num_selected_knots=984
2025-09-07 16:40:24,197 - Iter 16490: loss=-2802.8779, change=7.64e-04, ‖θ[1:]‖₁=63.492, num_selected_knots=935
2025-09-07 16:40:24,275 - Iter 16500: loss=-2802.8689, change=7.64e-04, ‖θ[1:]‖₁=63.486, num_selected_knots=955
2025-09-07 16:40:24,354 - Iter 16510: loss=-2802.8625, change=7.64e-04, ‖θ[1:]‖₁=63.481, num_selected_knots=985
2025-09-07 16:40:24,432 - Iter 16520: loss=-2802.8550, change=7.64e-04, ‖θ[1:]‖₁=63.476, num_selected_knots=971
2025-09-07 16:40:24,510 - Iter 16530: loss=-2802.8489, change=7.64e-04, ‖θ[1:]‖₁=63.470, num_selected_knots=948
2025-09-07 16:40:24,590 - Iter 16540: loss=-2802.8418, change=7.64e-04, ‖θ[1:]‖₁=63.463, num_selected_knots=933
2025-09-07 16:40:24,667 - Iter 16550: loss=-2802.8352, change=7.64e-04, ‖θ[1:]‖₁=63.454, num_selected_knots=911
2025-09-07 16:40:24,746 - Iter 16560: loss=-2802.8284, change=7.64e-04, ‖θ[1:]‖₁=63.445, num_selected_knots=883
2025-09-07 16:40:24,823 - Iter 16570: loss=-2802.8206, change=7.64e-04, ‖θ[1:]‖₁=63.435, num_selected_knots=868
2025-09-07 16:40:24,900 - Iter 16580: loss=-2802.8125, change=7.64e-04, ‖θ[1:]‖₁=63.423, num_selected_knots=860
2025-09-07 16:40:24,980 - Iter 16590: loss=-2802.8042, change=7.64e-04, ‖θ[1:]‖₁=63.411, num_selected_knots=859
2025-09-07 16:40:25,059 - Iter 16600: loss=-2802.7964, change=7.64e-04, ‖θ[1:]‖₁=63.403, num_selected_knots=859
2025-09-07 16:40:25,134 - Iter 16610: loss=-2802.7886, change=7.64e-04, ‖θ[1:]‖₁=63.395, num_selected_knots=841
2025-09-07 16:40:25,216 - Iter 16620: loss=-2802.7800, change=7.64e-04, ‖θ[1:]‖₁=63.385, num_selected_knots=836
2025-09-07 16:40:25,294 - Iter 16630: loss=-2802.7708, change=7.62e-04, ‖θ[1:]‖₁=63.374, num_selected_knots=842
2025-09-07 16:40:25,372 - Iter 16640: loss=-2802.7627, change=7.61e-04, ‖θ[1:]‖₁=63.365, num_selected_knots=847
2025-09-07 16:40:25,450 - Iter 16650: loss=-2802.7542, change=7.60e-04, ‖θ[1:]‖₁=63.355, num_selected_knots=882
2025-09-07 16:40:25,528 - Iter 16660: loss=-2802.7456, change=7.59e-04, ‖θ[1:]‖₁=63.345, num_selected_knots=996
2025-09-07 16:40:25,608 - Iter 16670: loss=-2802.7368, change=7.58e-04, ‖θ[1:]‖₁=63.335, num_selected_knots=1118
2025-09-07 16:40:25,686 - Iter 16680: loss=-2802.7305, change=7.56e-04, ‖θ[1:]‖₁=63.325, num_selected_knots=1170
2025-09-07 16:40:25,765 - Iter 16690: loss=-2802.7244, change=7.55e-04, ‖θ[1:]‖₁=63.316, num_selected_knots=1160
2025-09-07 16:40:25,846 - Iter 16700: loss=-2802.7195, change=7.54e-04, ‖θ[1:]‖₁=63.310, num_selected_knots=1152
2025-09-07 16:40:25,924 - Iter 16710: loss=-2802.7161, change=7.53e-04, ‖θ[1:]‖₁=63.303, num_selected_knots=1141
2025-09-07 16:40:26,003 - Iter 16720: loss=-2802.7129, change=7.52e-04, ‖θ[1:]‖₁=63.296, num_selected_knots=1124
2025-09-07 16:40:26,082 - Iter 16730: loss=-2802.7107, change=7.50e-04, ‖θ[1:]‖₁=63.288, num_selected_knots=1097
2025-09-07 16:40:26,160 - Iter 16740: loss=-2802.7068, change=7.49e-04, ‖θ[1:]‖₁=63.279, num_selected_knots=1077
2025-09-07 16:40:26,241 - Iter 16750: loss=-2802.7043, change=7.48e-04, ‖θ[1:]‖₁=63.270, num_selected_knots=1051
2025-09-07 16:40:26,318 - Iter 16760: loss=-2802.7017, change=7.47e-04, ‖θ[1:]‖₁=63.261, num_selected_knots=1030
2025-09-07 16:40:26,396 - Iter 16770: loss=-2802.6987, change=7.46e-04, ‖θ[1:]‖₁=63.252, num_selected_knots=1005
2025-09-07 16:40:26,475 - Iter 16780: loss=-2802.6951, change=7.44e-04, ‖θ[1:]‖₁=63.243, num_selected_knots=979
2025-09-07 16:40:26,553 - Iter 16790: loss=-2802.6914, change=7.43e-04, ‖θ[1:]‖₁=63.232, num_selected_knots=945
2025-09-07 16:40:26,634 - Iter 16800: loss=-2802.6882, change=7.42e-04, ‖θ[1:]‖₁=63.222, num_selected_knots=933
2025-09-07 16:40:26,712 - Iter 16810: loss=-2802.6826, change=7.41e-04, ‖θ[1:]‖₁=63.212, num_selected_knots=904
2025-09-07 16:40:26,792 - Iter 16820: loss=-2802.6772, change=7.40e-04, ‖θ[1:]‖₁=63.201, num_selected_knots=875
2025-09-07 16:40:26,872 - Iter 16830: loss=-2802.6702, change=7.39e-04, ‖θ[1:]‖₁=63.194, num_selected_knots=846
2025-09-07 16:40:26,950 - Iter 16840: loss=-2802.6621, change=7.37e-04, ‖θ[1:]‖₁=63.189, num_selected_knots=827
2025-09-07 16:40:27,031 - Iter 16850: loss=-2802.6541, change=7.36e-04, ‖θ[1:]‖₁=63.186, num_selected_knots=923
2025-09-07 16:40:27,111 - Iter 16860: loss=-2802.6479, change=7.35e-04, ‖θ[1:]‖₁=63.184, num_selected_knots=897
2025-09-07 16:40:27,192 - Iter 16870: loss=-2802.6423, change=7.33e-04, ‖θ[1:]‖₁=63.183, num_selected_knots=811
2025-09-07 16:40:27,272 - Iter 16880: loss=-2802.6360, change=7.31e-04, ‖θ[1:]‖₁=63.180, num_selected_knots=737
2025-09-07 16:40:27,350 - Iter 16890: loss=-2802.6272, change=7.28e-04, ‖θ[1:]‖₁=63.174, num_selected_knots=723
2025-09-07 16:40:27,431 - Iter 16900: loss=-2802.6182, change=7.26e-04, ‖θ[1:]‖₁=63.166, num_selected_knots=712
2025-09-07 16:40:27,508 - Iter 16910: loss=-2802.6091, change=7.25e-04, ‖θ[1:]‖₁=63.159, num_selected_knots=750
2025-09-07 16:40:27,592 - Iter 16920: loss=-2802.6018, change=7.23e-04, ‖θ[1:]‖₁=63.153, num_selected_knots=743
2025-09-07 16:40:27,670 - Iter 16930: loss=-2802.5950, change=7.21e-04, ‖θ[1:]‖₁=63.150, num_selected_knots=715
2025-09-07 16:40:27,749 - Iter 16940: loss=-2802.5876, change=7.18e-04, ‖θ[1:]‖₁=63.147, num_selected_knots=684
2025-09-07 16:40:27,829 - Iter 16950: loss=-2802.5808, change=7.16e-04, ‖θ[1:]‖₁=63.143, num_selected_knots=847
2025-09-07 16:40:27,908 - Iter 16960: loss=-2802.5750, change=7.15e-04, ‖θ[1:]‖₁=63.140, num_selected_knots=1207
2025-09-07 16:40:27,986 - Iter 16970: loss=-2802.5715, change=7.14e-04, ‖θ[1:]‖₁=63.138, num_selected_knots=1160
2025-09-07 16:40:28,065 - Iter 16980: loss=-2802.5686, change=7.11e-04, ‖θ[1:]‖₁=63.135, num_selected_knots=1010
2025-09-07 16:40:28,144 - Iter 16990: loss=-2802.5667, change=7.09e-04, ‖θ[1:]‖₁=63.133, num_selected_knots=904
2025-09-07 16:40:28,222 - Iter 17000: loss=-2802.5640, change=7.06e-04, ‖θ[1:]‖₁=63.130, num_selected_knots=848
2025-09-07 16:40:28,301 - Iter 17010: loss=-2802.5610, change=7.04e-04, ‖θ[1:]‖₁=63.127, num_selected_knots=818
2025-09-07 16:40:28,378 - Iter 17020: loss=-2802.5596, change=7.02e-04, ‖θ[1:]‖₁=63.124, num_selected_knots=791
2025-09-07 16:40:28,457 - Iter 17030: loss=-2802.5571, change=7.00e-04, ‖θ[1:]‖₁=63.123, num_selected_knots=769
2025-09-07 16:40:28,533 - Iter 17040: loss=-2802.5527, change=6.99e-04, ‖θ[1:]‖₁=63.120, num_selected_knots=746
2025-09-07 16:40:28,610 - Iter 17050: loss=-2802.5481, change=6.97e-04, ‖θ[1:]‖₁=63.116, num_selected_knots=725
2025-09-07 16:40:28,689 - Iter 17060: loss=-2802.5427, change=6.96e-04, ‖θ[1:]‖₁=63.110, num_selected_knots=704
2025-09-07 16:40:28,766 - Iter 17070: loss=-2802.5366, change=6.95e-04, ‖θ[1:]‖₁=63.103, num_selected_knots=682
2025-09-07 16:40:28,846 - Iter 17080: loss=-2802.5286, change=6.93e-04, ‖θ[1:]‖₁=63.095, num_selected_knots=669
2025-09-07 16:40:28,925 - Iter 17090: loss=-2802.5210, change=6.92e-04, ‖θ[1:]‖₁=63.086, num_selected_knots=657
2025-09-07 16:40:29,004 - Iter 17100: loss=-2802.5127, change=6.91e-04, ‖θ[1:]‖₁=63.078, num_selected_knots=647
2025-09-07 16:40:29,081 - Iter 17110: loss=-2802.5056, change=6.89e-04, ‖θ[1:]‖₁=63.069, num_selected_knots=635
2025-09-07 16:40:29,159 - Iter 17120: loss=-2802.4980, change=6.87e-04, ‖θ[1:]‖₁=63.060, num_selected_knots=631
2025-09-07 16:40:29,237 - Iter 17130: loss=-2802.4912, change=6.85e-04, ‖θ[1:]‖₁=63.049, num_selected_knots=624
2025-09-07 16:40:29,317 - Iter 17140: loss=-2802.4827, change=6.84e-04, ‖θ[1:]‖₁=63.039, num_selected_knots=622
2025-09-07 16:40:29,395 - Iter 17150: loss=-2802.4744, change=6.82e-04, ‖θ[1:]‖₁=63.028, num_selected_knots=641
2025-09-07 16:40:29,471 - Iter 17160: loss=-2802.4663, change=6.80e-04, ‖θ[1:]‖₁=63.017, num_selected_knots=661
2025-09-07 16:40:29,549 - Iter 17170: loss=-2802.4587, change=6.78e-04, ‖θ[1:]‖₁=63.009, num_selected_knots=682
2025-09-07 16:40:29,626 - Iter 17180: loss=-2802.4517, change=6.76e-04, ‖θ[1:]‖₁=63.004, num_selected_knots=695
2025-09-07 16:40:29,704 - Iter 17190: loss=-2802.4460, change=6.75e-04, ‖θ[1:]‖₁=62.998, num_selected_knots=690
2025-09-07 16:40:29,782 - Iter 17200: loss=-2802.4397, change=6.73e-04, ‖θ[1:]‖₁=62.993, num_selected_knots=688
2025-09-07 16:40:29,860 - Iter 17210: loss=-2802.4343, change=6.71e-04, ‖θ[1:]‖₁=62.988, num_selected_knots=684
2025-09-07 16:40:29,939 - Iter 17220: loss=-2802.4290, change=6.69e-04, ‖θ[1:]‖₁=62.984, num_selected_knots=678
2025-09-07 16:40:30,017 - Iter 17230: loss=-2802.4243, change=6.68e-04, ‖θ[1:]‖₁=62.981, num_selected_knots=671
2025-09-07 16:40:30,093 - Iter 17240: loss=-2802.4202, change=6.66e-04, ‖θ[1:]‖₁=62.979, num_selected_knots=658
2025-09-07 16:40:30,173 - Iter 17250: loss=-2802.4153, change=6.64e-04, ‖θ[1:]‖₁=62.977, num_selected_knots=662
2025-09-07 16:40:30,250 - Iter 17260: loss=-2802.4109, change=6.62e-04, ‖θ[1:]‖₁=62.976, num_selected_knots=677
2025-09-07 16:40:30,328 - Iter 17270: loss=-2802.4065, change=6.60e-04, ‖θ[1:]‖₁=62.975, num_selected_knots=654
2025-09-07 16:40:30,407 - Iter 17280: loss=-2802.4021, change=6.59e-04, ‖θ[1:]‖₁=62.971, num_selected_knots=643
2025-09-07 16:40:30,486 - Iter 17290: loss=-2802.3962, change=6.57e-04, ‖θ[1:]‖₁=62.966, num_selected_knots=630
2025-09-07 16:40:30,566 - Iter 17300: loss=-2802.3906, change=6.55e-04, ‖θ[1:]‖₁=62.959, num_selected_knots=624
2025-09-07 16:40:30,642 - Iter 17310: loss=-2802.3831, change=6.53e-04, ‖θ[1:]‖₁=62.952, num_selected_knots=713
2025-09-07 16:40:30,719 - Iter 17320: loss=-2802.3777, change=6.52e-04, ‖θ[1:]‖₁=62.946, num_selected_knots=754
2025-09-07 16:40:30,799 - Iter 17330: loss=-2802.3733, change=6.50e-04, ‖θ[1:]‖₁=62.940, num_selected_knots=729
2025-09-07 16:40:30,876 - Iter 17340: loss=-2802.3677, change=6.48e-04, ‖θ[1:]‖₁=62.934, num_selected_knots=712
2025-09-07 16:40:30,955 - Iter 17350: loss=-2802.3611, change=6.46e-04, ‖θ[1:]‖₁=62.927, num_selected_knots=672
2025-09-07 16:40:31,034 - Iter 17360: loss=-2802.3533, change=6.44e-04, ‖θ[1:]‖₁=62.918, num_selected_knots=644
2025-09-07 16:40:31,112 - Iter 17370: loss=-2802.3440, change=6.42e-04, ‖θ[1:]‖₁=62.909, num_selected_knots=633
2025-09-07 16:40:31,193 - Iter 17380: loss=-2802.3354, change=6.40e-04, ‖θ[1:]‖₁=62.902, num_selected_knots=704
2025-09-07 16:40:31,271 - Iter 17390: loss=-2802.3284, change=6.38e-04, ‖θ[1:]‖₁=62.895, num_selected_knots=682
2025-09-07 16:40:31,349 - Iter 17400: loss=-2802.3201, change=6.36e-04, ‖θ[1:]‖₁=62.888, num_selected_knots=638
2025-09-07 16:40:31,428 - Iter 17410: loss=-2802.3125, change=6.33e-04, ‖θ[1:]‖₁=62.881, num_selected_knots=613
2025-09-07 16:40:31,508 - Iter 17420: loss=-2802.3052, change=6.31e-04, ‖θ[1:]‖₁=62.875, num_selected_knots=625
2025-09-07 16:40:31,588 - Iter 17430: loss=-2802.2979, change=6.29e-04, ‖θ[1:]‖₁=62.868, num_selected_knots=654
2025-09-07 16:40:31,665 - Iter 17440: loss=-2802.2913, change=6.26e-04, ‖θ[1:]‖₁=62.862, num_selected_knots=651
2025-09-07 16:40:31,742 - Iter 17450: loss=-2802.2859, change=6.24e-04, ‖θ[1:]‖₁=62.855, num_selected_knots=637
2025-09-07 16:40:31,824 - Iter 17460: loss=-2802.2793, change=6.22e-04, ‖θ[1:]‖₁=62.849, num_selected_knots=619
2025-09-07 16:40:31,902 - Iter 17470: loss=-2802.2727, change=6.19e-04, ‖θ[1:]‖₁=62.841, num_selected_knots=610
2025-09-07 16:40:31,980 - Iter 17480: loss=-2802.2659, change=6.16e-04, ‖θ[1:]‖₁=62.834, num_selected_knots=605
2025-09-07 16:40:32,057 - Iter 17490: loss=-2802.2588, change=6.13e-04, ‖θ[1:]‖₁=62.828, num_selected_knots=596
2025-09-07 16:40:32,135 - Iter 17500: loss=-2802.2512, change=6.10e-04, ‖θ[1:]‖₁=62.820, num_selected_knots=592
2025-09-07 16:40:32,212 - Iter 17510: loss=-2802.2432, change=6.07e-04, ‖θ[1:]‖₁=62.811, num_selected_knots=587
2025-09-07 16:40:32,291 - Iter 17520: loss=-2802.2322, change=6.04e-04, ‖θ[1:]‖₁=62.800, num_selected_knots=580
2025-09-07 16:40:32,371 - Iter 17530: loss=-2802.2219, change=6.01e-04, ‖θ[1:]‖₁=62.789, num_selected_knots=574
2025-09-07 16:40:32,449 - Iter 17540: loss=-2802.2102, change=5.98e-04, ‖θ[1:]‖₁=62.777, num_selected_knots=591
2025-09-07 16:40:32,530 - Iter 17550: loss=-2802.1997, change=5.95e-04, ‖θ[1:]‖₁=62.765, num_selected_knots=806
2025-09-07 16:40:32,610 - Iter 17560: loss=-2802.1887, change=5.92e-04, ‖θ[1:]‖₁=62.753, num_selected_knots=870
2025-09-07 16:40:32,689 - Iter 17570: loss=-2802.1787, change=5.89e-04, ‖θ[1:]‖₁=62.742, num_selected_knots=809
2025-09-07 16:40:32,767 - Iter 17580: loss=-2802.1680, change=5.85e-04, ‖θ[1:]‖₁=62.730, num_selected_knots=772
2025-09-07 16:40:32,894 - Iter 17590: loss=-2802.1565, change=5.82e-04, ‖θ[1:]‖₁=62.717, num_selected_knots=734
2025-09-07 16:40:32,973 - Iter 17600: loss=-2802.1438, change=5.78e-04, ‖θ[1:]‖₁=62.704, num_selected_knots=702
2025-09-07 16:40:33,049 - Iter 17610: loss=-2802.1323, change=5.75e-04, ‖θ[1:]‖₁=62.690, num_selected_knots=674
2025-09-07 16:40:33,126 - Iter 17620: loss=-2802.1187, change=5.71e-04, ‖θ[1:]‖₁=62.675, num_selected_knots=648
2025-09-07 16:40:33,202 - Iter 17630: loss=-2802.1050, change=5.68e-04, ‖θ[1:]‖₁=62.661, num_selected_knots=631
2025-09-07 16:40:33,280 - Iter 17640: loss=-2802.0911, change=5.64e-04, ‖θ[1:]‖₁=62.647, num_selected_knots=853
2025-09-07 16:40:33,356 - Iter 17650: loss=-2802.0781, change=5.60e-04, ‖θ[1:]‖₁=62.633, num_selected_knots=1060
2025-09-07 16:40:33,434 - Iter 17660: loss=-2802.0654, change=5.57e-04, ‖θ[1:]‖₁=62.622, num_selected_knots=1018
2025-09-07 16:40:33,512 - Iter 17670: loss=-2802.0552, change=5.53e-04, ‖θ[1:]‖₁=62.609, num_selected_knots=930
2025-09-07 16:40:33,589 - Iter 17680: loss=-2802.0427, change=5.50e-04, ‖θ[1:]‖₁=62.597, num_selected_knots=869
2025-09-07 16:40:33,668 - Iter 17690: loss=-2802.0320, change=5.46e-04, ‖θ[1:]‖₁=62.586, num_selected_knots=816
2025-09-07 16:40:33,744 - Iter 17700: loss=-2802.0215, change=5.42e-04, ‖θ[1:]‖₁=62.574, num_selected_knots=776
2025-09-07 16:40:33,820 - Iter 17710: loss=-2802.0103, change=5.38e-04, ‖θ[1:]‖₁=62.561, num_selected_knots=742
2025-09-07 16:40:33,899 - Iter 17720: loss=-2801.9980, change=5.34e-04, ‖θ[1:]‖₁=62.546, num_selected_knots=721
2025-09-07 16:40:33,975 - Iter 17730: loss=-2801.9858, change=5.31e-04, ‖θ[1:]‖₁=62.531, num_selected_knots=804
2025-09-07 16:40:34,051 - Iter 17740: loss=-2801.9749, change=5.27e-04, ‖θ[1:]‖₁=62.520, num_selected_knots=910
2025-09-07 16:40:34,130 - Iter 17750: loss=-2801.9636, change=5.24e-04, ‖θ[1:]‖₁=62.509, num_selected_knots=814
2025-09-07 16:40:34,205 - Iter 17760: loss=-2801.9514, change=5.20e-04, ‖θ[1:]‖₁=62.496, num_selected_knots=739
2025-09-07 16:40:34,281 - Iter 17770: loss=-2801.9370, change=5.17e-04, ‖θ[1:]‖₁=62.481, num_selected_knots=699
2025-09-07 16:40:34,360 - Iter 17780: loss=-2801.9219, change=5.13e-04, ‖θ[1:]‖₁=62.466, num_selected_knots=651
2025-09-07 16:40:34,435 - Iter 17790: loss=-2801.9080, change=5.10e-04, ‖θ[1:]‖₁=62.450, num_selected_knots=780
2025-09-07 16:40:34,515 - Iter 17800: loss=-2801.8936, change=5.06e-04, ‖θ[1:]‖₁=62.435, num_selected_knots=826
2025-09-07 16:40:34,592 - Iter 17810: loss=-2801.8806, change=5.02e-04, ‖θ[1:]‖₁=62.420, num_selected_knots=776
2025-09-07 16:40:34,668 - Iter 17820: loss=-2801.8679, change=4.98e-04, ‖θ[1:]‖₁=62.406, num_selected_knots=712
2025-09-07 16:40:34,747 - Iter 17830: loss=-2801.8547, change=4.94e-04, ‖θ[1:]‖₁=62.392, num_selected_knots=665
2025-09-07 16:40:34,823 - Iter 17840: loss=-2801.8413, change=4.90e-04, ‖θ[1:]‖₁=62.377, num_selected_knots=616
2025-09-07 16:40:34,904 - Iter 17850: loss=-2801.8281, change=4.86e-04, ‖θ[1:]‖₁=62.362, num_selected_knots=790
2025-09-07 16:40:34,981 - Iter 17860: loss=-2801.8164, change=4.82e-04, ‖θ[1:]‖₁=62.348, num_selected_knots=996
2025-09-07 16:40:35,058 - Iter 17870: loss=-2801.8054, change=4.78e-04, ‖θ[1:]‖₁=62.336, num_selected_knots=966
2025-09-07 16:40:35,139 - Iter 17880: loss=-2801.7961, change=4.74e-04, ‖θ[1:]‖₁=62.324, num_selected_knots=904
2025-09-07 16:40:35,218 - Iter 17890: loss=-2801.7856, change=4.69e-04, ‖θ[1:]‖₁=62.312, num_selected_knots=807
2025-09-07 16:40:35,295 - Iter 17900: loss=-2801.7744, change=4.65e-04, ‖θ[1:]‖₁=62.299, num_selected_knots=759
2025-09-07 16:40:35,373 - Iter 17910: loss=-2801.7651, change=4.61e-04, ‖θ[1:]‖₁=62.291, num_selected_knots=726
2025-09-07 16:40:35,454 - Iter 17920: loss=-2801.7551, change=4.57e-04, ‖θ[1:]‖₁=62.286, num_selected_knots=735
2025-09-07 16:40:35,533 - Iter 17930: loss=-2801.7476, change=4.53e-04, ‖θ[1:]‖₁=62.282, num_selected_knots=739
2025-09-07 16:40:35,612 - Iter 17940: loss=-2801.7400, change=4.48e-04, ‖θ[1:]‖₁=62.279, num_selected_knots=764
2025-09-07 16:40:35,690 - Iter 17950: loss=-2801.7339, change=4.45e-04, ‖θ[1:]‖₁=62.275, num_selected_knots=768
2025-09-07 16:40:35,769 - Iter 17960: loss=-2801.7290, change=4.41e-04, ‖θ[1:]‖₁=62.272, num_selected_knots=772
2025-09-07 16:40:35,848 - Iter 17970: loss=-2801.7246, change=4.37e-04, ‖θ[1:]‖₁=62.269, num_selected_knots=766
2025-09-07 16:40:35,924 - Iter 17980: loss=-2801.7222, change=4.34e-04, ‖θ[1:]‖₁=62.267, num_selected_knots=762
2025-09-07 16:40:36,004 - Iter 17990: loss=-2801.7207, change=4.30e-04, ‖θ[1:]‖₁=62.264, num_selected_knots=750
2025-09-07 16:40:36,083 - Iter 18000: loss=-2801.7185, change=4.26e-04, ‖θ[1:]‖₁=62.261, num_selected_knots=746
2025-09-07 16:40:36,160 - Iter 18010: loss=-2801.7156, change=4.22e-04, ‖θ[1:]‖₁=62.256, num_selected_knots=739
2025-09-07 16:40:36,239 - Iter 18020: loss=-2801.7146, change=4.19e-04, ‖θ[1:]‖₁=62.253, num_selected_knots=732
2025-09-07 16:40:36,317 - Iter 18030: loss=-2801.7129, change=4.15e-04, ‖θ[1:]‖₁=62.250, num_selected_knots=738
2025-09-07 16:40:36,396 - Iter 18040: loss=-2801.7141, change=4.12e-04, ‖θ[1:]‖₁=62.247, num_selected_knots=740
2025-09-07 16:40:36,475 - Iter 18050: loss=-2801.7148, change=4.09e-04, ‖θ[1:]‖₁=62.245, num_selected_knots=740
2025-09-07 16:40:36,553 - Iter 18060: loss=-2801.7178, change=4.05e-04, ‖θ[1:]‖₁=62.242, num_selected_knots=737
2025-09-07 16:40:36,632 - Iter 18070: loss=-2801.7207, change=4.02e-04, ‖θ[1:]‖₁=62.244, num_selected_knots=733
2025-09-07 16:40:36,709 - Iter 18080: loss=-2801.7249, change=3.99e-04, ‖θ[1:]‖₁=62.247, num_selected_knots=743
2025-09-07 16:40:36,789 - Iter 18090: loss=-2801.7319, change=3.96e-04, ‖θ[1:]‖₁=62.249, num_selected_knots=746
2025-09-07 16:40:36,867 - Iter 18100: loss=-2801.7380, change=3.92e-04, ‖θ[1:]‖₁=62.252, num_selected_knots=746
2025-09-07 16:40:36,946 - Iter 18110: loss=-2801.7454, change=3.89e-04, ‖θ[1:]‖₁=62.259, num_selected_knots=753
2025-09-07 16:40:37,026 - Iter 18120: loss=-2801.7520, change=3.86e-04, ‖θ[1:]‖₁=62.266, num_selected_knots=767
2025-09-07 16:40:37,106 - Iter 18130: loss=-2801.7605, change=3.82e-04, ‖θ[1:]‖₁=62.275, num_selected_knots=772
2025-09-07 16:40:37,186 - Iter 18140: loss=-2801.7678, change=3.79e-04, ‖θ[1:]‖₁=62.284, num_selected_knots=772
2025-09-07 16:40:37,265 - Iter 18150: loss=-2801.7759, change=3.76e-04, ‖θ[1:]‖₁=62.292, num_selected_knots=805
2025-09-07 16:40:37,343 - Iter 18160: loss=-2801.7834, change=3.73e-04, ‖θ[1:]‖₁=62.302, num_selected_knots=885
2025-09-07 16:40:37,423 - Iter 18170: loss=-2801.7913, change=3.70e-04, ‖θ[1:]‖₁=62.312, num_selected_knots=939
2025-09-07 16:40:37,502 - Iter 18180: loss=-2801.8022, change=3.67e-04, ‖θ[1:]‖₁=62.323, num_selected_knots=947
2025-09-07 16:40:37,582 - Iter 18190: loss=-2801.8137, change=3.64e-04, ‖θ[1:]‖₁=62.335, num_selected_knots=937
2025-09-07 16:40:37,663 - Iter 18200: loss=-2801.8245, change=3.60e-04, ‖θ[1:]‖₁=62.346, num_selected_knots=922
2025-09-07 16:40:37,741 - Iter 18210: loss=-2801.8367, change=3.57e-04, ‖θ[1:]‖₁=62.358, num_selected_knots=928
2025-09-07 16:40:37,823 - Iter 18220: loss=-2801.8491, change=3.55e-04, ‖θ[1:]‖₁=62.370, num_selected_knots=996
2025-09-07 16:40:37,902 - Iter 18230: loss=-2801.8643, change=3.52e-04, ‖θ[1:]‖₁=62.384, num_selected_knots=992
2025-09-07 16:40:37,980 - Iter 18240: loss=-2801.8801, change=3.49e-04, ‖θ[1:]‖₁=62.399, num_selected_knots=956
2025-09-07 16:40:38,060 - Iter 18250: loss=-2801.8955, change=3.46e-04, ‖θ[1:]‖₁=62.413, num_selected_knots=925
2025-09-07 16:40:38,138 - Iter 18260: loss=-2801.9092, change=3.43e-04, ‖θ[1:]‖₁=62.426, num_selected_knots=899
2025-09-07 16:40:38,220 - Iter 18270: loss=-2801.9233, change=3.41e-04, ‖θ[1:]‖₁=62.438, num_selected_knots=883
2025-09-07 16:40:38,297 - Iter 18280: loss=-2801.9373, change=3.38e-04, ‖θ[1:]‖₁=62.450, num_selected_knots=876
2025-09-07 16:40:38,375 - Iter 18290: loss=-2801.9502, change=3.36e-04, ‖θ[1:]‖₁=62.461, num_selected_knots=869
2025-09-07 16:40:38,454 - Iter 18300: loss=-2801.9636, change=3.34e-04, ‖θ[1:]‖₁=62.471, num_selected_knots=860
2025-09-07 16:40:38,529 - Iter 18310: loss=-2801.9775, change=3.31e-04, ‖θ[1:]‖₁=62.482, num_selected_knots=850
2025-09-07 16:40:38,607 - Iter 18320: loss=-2801.9910, change=3.29e-04, ‖θ[1:]‖₁=62.491, num_selected_knots=842
2025-09-07 16:40:38,684 - Iter 18330: loss=-2802.0029, change=3.27e-04, ‖θ[1:]‖₁=62.499, num_selected_knots=828
2025-09-07 16:40:38,762 - Iter 18340: loss=-2802.0137, change=3.24e-04, ‖θ[1:]‖₁=62.507, num_selected_knots=819
2025-09-07 16:40:38,843 - Iter 18350: loss=-2802.0251, change=3.23e-04, ‖θ[1:]‖₁=62.516, num_selected_knots=821
2025-09-07 16:40:38,921 - Iter 18360: loss=-2802.0393, change=3.21e-04, ‖θ[1:]‖₁=62.528, num_selected_knots=826
2025-09-07 16:40:39,000 - Iter 18370: loss=-2802.0530, change=3.19e-04, ‖θ[1:]‖₁=62.544, num_selected_knots=807
2025-09-07 16:40:39,080 - Iter 18380: loss=-2802.0671, change=3.17e-04, ‖θ[1:]‖₁=62.559, num_selected_knots=792
2025-09-07 16:40:39,157 - Iter 18390: loss=-2802.0791, change=3.15e-04, ‖θ[1:]‖₁=62.572, num_selected_knots=774
2025-09-07 16:40:39,237 - Iter 18400: loss=-2802.0913, change=3.13e-04, ‖θ[1:]‖₁=62.583, num_selected_knots=761
2025-09-07 16:40:39,316 - Iter 18410: loss=-2802.1025, change=3.11e-04, ‖θ[1:]‖₁=62.595, num_selected_knots=842
2025-09-07 16:40:39,393 - Iter 18420: loss=-2802.1152, change=3.10e-04, ‖θ[1:]‖₁=62.608, num_selected_knots=912
2025-09-07 16:40:39,474 - Iter 18430: loss=-2802.1289, change=3.08e-04, ‖θ[1:]‖₁=62.621, num_selected_knots=844
2025-09-07 16:40:39,552 - Iter 18440: loss=-2802.1421, change=3.06e-04, ‖θ[1:]‖₁=62.634, num_selected_knots=785
2025-09-07 16:40:39,631 - Iter 18450: loss=-2802.1533, change=3.04e-04, ‖θ[1:]‖₁=62.646, num_selected_knots=766
2025-09-07 16:40:39,711 - Iter 18460: loss=-2802.1650, change=3.02e-04, ‖θ[1:]‖₁=62.658, num_selected_knots=751
2025-09-07 16:40:39,791 - Iter 18470: loss=-2802.1755, change=3.00e-04, ‖θ[1:]‖₁=62.670, num_selected_knots=805
2025-09-07 16:40:39,870 - Iter 18480: loss=-2802.1863, change=2.99e-04, ‖θ[1:]‖₁=62.681, num_selected_knots=844
2025-09-07 16:40:39,948 - Iter 18490: loss=-2802.1970, change=2.97e-04, ‖θ[1:]‖₁=62.692, num_selected_knots=811
2025-09-07 16:40:40,026 - Iter 18500: loss=-2802.2078, change=2.95e-04, ‖θ[1:]‖₁=62.702, num_selected_knots=781
2025-09-07 16:40:40,105 - Iter 18510: loss=-2802.2153, change=2.93e-04, ‖θ[1:]‖₁=62.710, num_selected_knots=746
2025-09-07 16:40:40,184 - Iter 18520: loss=-2802.2236, change=2.92e-04, ‖θ[1:]‖₁=62.718, num_selected_knots=843
2025-09-07 16:40:40,264 - Iter 18530: loss=-2802.2307, change=2.90e-04, ‖θ[1:]‖₁=62.726, num_selected_knots=995
2025-09-07 16:40:40,343 - Iter 18540: loss=-2802.2395, change=2.89e-04, ‖θ[1:]‖₁=62.734, num_selected_knots=1031
2025-09-07 16:40:40,422 - Iter 18550: loss=-2802.2473, change=2.88e-04, ‖θ[1:]‖₁=62.742, num_selected_knots=1019
2025-09-07 16:40:40,501 - Iter 18560: loss=-2802.2566, change=2.88e-04, ‖θ[1:]‖₁=62.750, num_selected_knots=991
2025-09-07 16:40:40,579 - Iter 18570: loss=-2802.2637, change=2.88e-04, ‖θ[1:]‖₁=62.757, num_selected_knots=958
2025-09-07 16:40:40,656 - Iter 18580: loss=-2802.2703, change=2.88e-04, ‖θ[1:]‖₁=62.762, num_selected_knots=934
2025-09-07 16:40:40,736 - Iter 18590: loss=-2802.2761, change=2.88e-04, ‖θ[1:]‖₁=62.767, num_selected_knots=925
2025-09-07 16:40:40,815 - Iter 18600: loss=-2802.2827, change=2.88e-04, ‖θ[1:]‖₁=62.772, num_selected_knots=913
2025-09-07 16:40:40,895 - Iter 18610: loss=-2802.2874, change=2.88e-04, ‖θ[1:]‖₁=62.777, num_selected_knots=895
2025-09-07 16:40:40,972 - Iter 18620: loss=-2802.2925, change=2.88e-04, ‖θ[1:]‖₁=62.780, num_selected_knots=866
2025-09-07 16:40:41,051 - Iter 18630: loss=-2802.2964, change=2.88e-04, ‖θ[1:]‖₁=62.783, num_selected_knots=848
2025-09-07 16:40:41,130 - Iter 18640: loss=-2802.2983, change=2.88e-04, ‖θ[1:]‖₁=62.784, num_selected_knots=833
2025-09-07 16:40:41,208 - Iter 18650: loss=-2802.3003, change=2.88e-04, ‖θ[1:]‖₁=62.786, num_selected_knots=901
2025-09-07 16:40:41,289 - Iter 18660: loss=-2802.3025, change=2.88e-04, ‖θ[1:]‖₁=62.787, num_selected_knots=912
2025-09-07 16:40:41,368 - Iter 18670: loss=-2802.3047, change=2.88e-04, ‖θ[1:]‖₁=62.787, num_selected_knots=904
2025-09-07 16:40:41,445 - Iter 18680: loss=-2802.3069, change=2.88e-04, ‖θ[1:]‖₁=62.788, num_selected_knots=871
2025-09-07 16:40:41,526 - Iter 18690: loss=-2802.3079, change=2.88e-04, ‖θ[1:]‖₁=62.787, num_selected_knots=848
2025-09-07 16:40:41,604 - Iter 18700: loss=-2802.3083, change=2.88e-04, ‖θ[1:]‖₁=62.786, num_selected_knots=833
2025-09-07 16:40:41,684 - Iter 18710: loss=-2802.3091, change=2.88e-04, ‖θ[1:]‖₁=62.786, num_selected_knots=909
2025-09-07 16:40:41,763 - Iter 18720: loss=-2802.3101, change=2.88e-04, ‖θ[1:]‖₁=62.786, num_selected_knots=931
2025-09-07 16:40:41,842 - Iter 18730: loss=-2802.3127, change=2.88e-04, ‖θ[1:]‖₁=62.789, num_selected_knots=908
2025-09-07 16:40:41,923 - Iter 18740: loss=-2802.3147, change=2.88e-04, ‖θ[1:]‖₁=62.794, num_selected_knots=887
2025-09-07 16:40:42,000 - Iter 18750: loss=-2802.3169, change=2.88e-04, ‖θ[1:]‖₁=62.798, num_selected_knots=862
2025-09-07 16:40:42,077 - Iter 18760: loss=-2802.3174, change=2.88e-04, ‖θ[1:]‖₁=62.801, num_selected_knots=835
2025-09-07 16:40:42,156 - Iter 18770: loss=-2802.3193, change=2.88e-04, ‖θ[1:]‖₁=62.802, num_selected_knots=815
2025-09-07 16:40:42,233 - Iter 18780: loss=-2802.3201, change=2.88e-04, ‖θ[1:]‖₁=62.804, num_selected_knots=807
2025-09-07 16:40:42,314 - Iter 18790: loss=-2802.3235, change=2.88e-04, ‖θ[1:]‖₁=62.806, num_selected_knots=795
2025-09-07 16:40:42,394 - Iter 18800: loss=-2802.3250, change=2.88e-04, ‖θ[1:]‖₁=62.807, num_selected_knots=783
2025-09-07 16:40:42,471 - Iter 18810: loss=-2802.3262, change=2.88e-04, ‖θ[1:]‖₁=62.806, num_selected_knots=775
2025-09-07 16:40:42,554 - Iter 18820: loss=-2802.3264, change=2.88e-04, ‖θ[1:]‖₁=62.807, num_selected_knots=772
2025-09-07 16:40:42,636 - Iter 18830: loss=-2802.3284, change=2.88e-04, ‖θ[1:]‖₁=62.808, num_selected_knots=767
2025-09-07 16:40:42,713 - Iter 18840: loss=-2802.3306, change=2.88e-04, ‖θ[1:]‖₁=62.809, num_selected_knots=758
2025-09-07 16:40:42,794 - Iter 18850: loss=-2802.3325, change=2.88e-04, ‖θ[1:]‖₁=62.810, num_selected_knots=752
2025-09-07 16:40:42,873 - Iter 18860: loss=-2802.3333, change=2.88e-04, ‖θ[1:]‖₁=62.811, num_selected_knots=748
2025-09-07 16:40:42,952 - Iter 18870: loss=-2802.3359, change=2.88e-04, ‖θ[1:]‖₁=62.811, num_selected_knots=740
2025-09-07 16:40:43,032 - Iter 18880: loss=-2802.3374, change=2.88e-04, ‖θ[1:]‖₁=62.812, num_selected_knots=731
2025-09-07 16:40:43,111 - Iter 18890: loss=-2802.3408, change=2.88e-04, ‖θ[1:]‖₁=62.814, num_selected_knots=724
2025-09-07 16:40:43,190 - Iter 18900: loss=-2802.3438, change=2.88e-04, ‖θ[1:]‖₁=62.818, num_selected_knots=719
2025-09-07 16:40:43,269 - Iter 18910: loss=-2802.3479, change=2.88e-04, ‖θ[1:]‖₁=62.821, num_selected_knots=718
2025-09-07 16:40:43,355 - Iter 18920: loss=-2802.3516, change=2.88e-04, ‖θ[1:]‖₁=62.824, num_selected_knots=714
2025-09-07 16:40:43,436 - Iter 18930: loss=-2802.3560, change=2.88e-04, ‖θ[1:]‖₁=62.826, num_selected_knots=711
2025-09-07 16:40:43,513 - Iter 18940: loss=-2802.3601, change=2.88e-04, ‖θ[1:]‖₁=62.829, num_selected_knots=708
2025-09-07 16:40:43,595 - Iter 18950: loss=-2802.3667, change=2.88e-04, ‖θ[1:]‖₁=62.832, num_selected_knots=711
2025-09-07 16:40:43,672 - Iter 18960: loss=-2802.3730, change=2.88e-04, ‖θ[1:]‖₁=62.835, num_selected_knots=713
2025-09-07 16:40:43,749 - Iter 18970: loss=-2802.3799, change=2.88e-04, ‖θ[1:]‖₁=62.837, num_selected_knots=712
2025-09-07 16:40:43,829 - Iter 18980: loss=-2802.3889, change=2.88e-04, ‖θ[1:]‖₁=62.840, num_selected_knots=712
2025-09-07 16:40:43,907 - Iter 18990: loss=-2802.3967, change=2.88e-04, ‖θ[1:]‖₁=62.848, num_selected_knots=709
2025-09-07 16:40:43,985 - Iter 19000: loss=-2802.4043, change=2.88e-04, ‖θ[1:]‖₁=62.856, num_selected_knots=704
2025-09-07 16:40:44,065 - Iter 19010: loss=-2802.4116, change=2.88e-04, ‖θ[1:]‖₁=62.863, num_selected_knots=698
2025-09-07 16:40:44,142 - Iter 19020: loss=-2802.4163, change=2.88e-04, ‖θ[1:]‖₁=62.868, num_selected_knots=693
2025-09-07 16:40:44,220 - Iter 19030: loss=-2802.4207, change=2.88e-04, ‖θ[1:]‖₁=62.872, num_selected_knots=697
2025-09-07 16:40:44,298 - Iter 19040: loss=-2802.4253, change=2.88e-04, ‖θ[1:]‖₁=62.876, num_selected_knots=705
2025-09-07 16:40:44,375 - Iter 19050: loss=-2802.4307, change=2.88e-04, ‖θ[1:]‖₁=62.881, num_selected_knots=709
2025-09-07 16:40:44,455 - Iter 19060: loss=-2802.4355, change=2.88e-04, ‖θ[1:]‖₁=62.885, num_selected_knots=709
2025-09-07 16:40:44,534 - Iter 19070: loss=-2802.4402, change=2.88e-04, ‖θ[1:]‖₁=62.889, num_selected_knots=718
2025-09-07 16:40:44,615 - Iter 19080: loss=-2802.4441, change=2.88e-04, ‖θ[1:]‖₁=62.891, num_selected_knots=746
2025-09-07 16:40:44,694 - Iter 19090: loss=-2802.4480, change=2.88e-04, ‖θ[1:]‖₁=62.894, num_selected_knots=771
2025-09-07 16:40:44,771 - Iter 19100: loss=-2802.4517, change=2.88e-04, ‖θ[1:]‖₁=62.897, num_selected_knots=779
2025-09-07 16:40:44,852 - Iter 19110: loss=-2802.4561, change=2.88e-04, ‖θ[1:]‖₁=62.899, num_selected_knots=775
2025-09-07 16:40:44,930 - Iter 19120: loss=-2802.4587, change=2.88e-04, ‖θ[1:]‖₁=62.901, num_selected_knots=785
2025-09-07 16:40:45,009 - Iter 19130: loss=-2802.4631, change=2.88e-04, ‖θ[1:]‖₁=62.903, num_selected_knots=791
2025-09-07 16:40:45,087 - Iter 19140: loss=-2802.4663, change=2.88e-04, ‖θ[1:]‖₁=62.905, num_selected_knots=848
2025-09-07 16:40:45,164 - Iter 19150: loss=-2802.4702, change=2.88e-04, ‖θ[1:]‖₁=62.908, num_selected_knots=1002
2025-09-07 16:40:45,246 - Iter 19160: loss=-2802.4753, change=2.88e-04, ‖θ[1:]‖₁=62.912, num_selected_knots=991
2025-09-07 16:40:45,324 - Iter 19170: loss=-2802.4810, change=2.88e-04, ‖θ[1:]‖₁=62.916, num_selected_knots=933
2025-09-07 16:40:45,403 - Iter 19180: loss=-2802.4868, change=2.88e-04, ‖θ[1:]‖₁=62.919, num_selected_knots=883
2025-09-07 16:40:45,480 - Iter 19190: loss=-2802.4912, change=2.88e-04, ‖θ[1:]‖₁=62.921, num_selected_knots=810
2025-09-07 16:40:45,558 - Iter 19200: loss=-2802.4941, change=2.88e-04, ‖θ[1:]‖₁=62.924, num_selected_knots=831
2025-09-07 16:40:45,639 - Iter 19210: loss=-2802.4976, change=2.88e-04, ‖θ[1:]‖₁=62.930, num_selected_knots=1186
2025-09-07 16:40:45,716 - Iter 19220: loss=-2802.5049, change=2.88e-04, ‖θ[1:]‖₁=62.938, num_selected_knots=1159
2025-09-07 16:40:45,793 - Iter 19230: loss=-2802.5115, change=2.88e-04, ‖θ[1:]‖₁=62.946, num_selected_knots=1046
2025-09-07 16:40:45,871 - Iter 19240: loss=-2802.5156, change=2.88e-04, ‖θ[1:]‖₁=62.953, num_selected_knots=903
2025-09-07 16:40:45,948 - Iter 19250: loss=-2802.5188, change=2.88e-04, ‖θ[1:]‖₁=62.957, num_selected_knots=816
2025-09-07 16:40:46,028 - Iter 19260: loss=-2802.5212, change=2.88e-04, ‖θ[1:]‖₁=62.960, num_selected_knots=796
2025-09-07 16:40:46,105 - Iter 19270: loss=-2802.5244, change=2.88e-04, ‖θ[1:]‖₁=62.964, num_selected_knots=834
2025-09-07 16:40:46,183 - Iter 19280: loss=-2802.5283, change=2.88e-04, ‖θ[1:]‖₁=62.968, num_selected_knots=780
2025-09-07 16:40:46,266 - Iter 19290: loss=-2802.5312, change=2.88e-04, ‖θ[1:]‖₁=62.971, num_selected_knots=752
2025-09-07 16:40:46,345 - Iter 19300: loss=-2802.5327, change=2.88e-04, ‖θ[1:]‖₁=62.973, num_selected_knots=720
2025-09-07 16:40:46,423 - Iter 19310: loss=-2802.5342, change=2.88e-04, ‖θ[1:]‖₁=62.973, num_selected_knots=704
2025-09-07 16:40:46,502 - Iter 19320: loss=-2802.5342, change=2.88e-04, ‖θ[1:]‖₁=62.973, num_selected_knots=690
2025-09-07 16:40:46,579 - Iter 19330: loss=-2802.5352, change=2.88e-04, ‖θ[1:]‖₁=62.972, num_selected_knots=749
2025-09-07 16:40:46,660 - Iter 19340: loss=-2802.5352, change=2.88e-04, ‖θ[1:]‖₁=62.971, num_selected_knots=780
2025-09-07 16:40:46,739 - Iter 19350: loss=-2802.5361, change=2.88e-04, ‖θ[1:]‖₁=62.970, num_selected_knots=766
2025-09-07 16:40:46,818 - Iter 19360: loss=-2802.5369, change=2.88e-04, ‖θ[1:]‖₁=62.969, num_selected_knots=743
2025-09-07 16:40:46,897 - Iter 19370: loss=-2802.5369, change=2.88e-04, ‖θ[1:]‖₁=62.967, num_selected_knots=727
2025-09-07 16:40:46,976 - Iter 19380: loss=-2802.5361, change=2.88e-04, ‖θ[1:]‖₁=62.964, num_selected_knots=830
2025-09-07 16:40:47,055 - Iter 19390: loss=-2802.5364, change=2.88e-04, ‖θ[1:]‖₁=62.962, num_selected_knots=956
2025-09-07 16:40:47,136 - Iter 19400: loss=-2802.5378, change=2.88e-04, ‖θ[1:]‖₁=62.961, num_selected_knots=949
2025-09-07 16:40:47,213 - Iter 19410: loss=-2802.5405, change=2.88e-04, ‖θ[1:]‖₁=62.960, num_selected_knots=920
2025-09-07 16:40:47,295 - Iter 19420: loss=-2802.5422, change=2.88e-04, ‖θ[1:]‖₁=62.960, num_selected_knots=891
2025-09-07 16:40:47,375 - Iter 19430: loss=-2802.5444, change=2.88e-04, ‖θ[1:]‖₁=62.959, num_selected_knots=856
2025-09-07 16:40:47,454 - Iter 19440: loss=-2802.5471, change=2.88e-04, ‖θ[1:]‖₁=62.959, num_selected_knots=834
2025-09-07 16:40:47,534 - Iter 19450: loss=-2802.5500, change=2.88e-04, ‖θ[1:]‖₁=62.957, num_selected_knots=808
2025-09-07 16:40:47,613 - Iter 19460: loss=-2802.5525, change=2.88e-04, ‖θ[1:]‖₁=62.956, num_selected_knots=794
2025-09-07 16:40:47,695 - Iter 19470: loss=-2802.5564, change=2.88e-04, ‖θ[1:]‖₁=62.958, num_selected_knots=781
2025-09-07 16:40:47,772 - Iter 19480: loss=-2802.5605, change=2.88e-04, ‖θ[1:]‖₁=62.959, num_selected_knots=767
2025-09-07 16:40:47,853 - Iter 19490: loss=-2802.5645, change=2.88e-04, ‖θ[1:]‖₁=62.961, num_selected_knots=746
2025-09-07 16:40:47,930 - Iter 19500: loss=-2802.5698, change=2.88e-04, ‖θ[1:]‖₁=62.961, num_selected_knots=733
2025-09-07 16:40:48,007 - Iter 19510: loss=-2802.5740, change=2.88e-04, ‖θ[1:]‖₁=62.962, num_selected_knots=722
2025-09-07 16:40:48,087 - Iter 19520: loss=-2802.5774, change=2.88e-04, ‖θ[1:]‖₁=62.963, num_selected_knots=706
2025-09-07 16:40:48,166 - Iter 19530: loss=-2802.5808, change=2.88e-04, ‖θ[1:]‖₁=62.966, num_selected_knots=700
2025-09-07 16:40:48,246 - Iter 19540: loss=-2802.5845, change=2.88e-04, ‖θ[1:]‖₁=62.975, num_selected_knots=695
2025-09-07 16:40:48,325 - Iter 19550: loss=-2802.5894, change=2.88e-04, ‖θ[1:]‖₁=62.983, num_selected_knots=679
2025-09-07 16:40:48,403 - Iter 19560: loss=-2802.5933, change=2.88e-04, ‖θ[1:]‖₁=62.992, num_selected_knots=678
2025-09-07 16:40:48,491 - Iter 19570: loss=-2802.5984, change=2.88e-04, ‖θ[1:]‖₁=63.000, num_selected_knots=670
2025-09-07 16:40:48,569 - Iter 19580: loss=-2802.6042, change=2.88e-04, ‖θ[1:]‖₁=63.009, num_selected_knots=662
2025-09-07 16:40:48,649 - Iter 19590: loss=-2802.6113, change=2.88e-04, ‖θ[1:]‖₁=63.019, num_selected_knots=656
2025-09-07 16:40:48,728 - Iter 19600: loss=-2802.6179, change=2.88e-04, ‖θ[1:]‖₁=63.029, num_selected_knots=654
2025-09-07 16:40:48,807 - Iter 19610: loss=-2802.6250, change=2.88e-04, ‖θ[1:]‖₁=63.038, num_selected_knots=663
2025-09-07 16:40:48,885 - Iter 19620: loss=-2802.6345, change=2.88e-04, ‖θ[1:]‖₁=63.051, num_selected_knots=701
2025-09-07 16:40:48,964 - Iter 19630: loss=-2802.6443, change=2.88e-04, ‖θ[1:]‖₁=63.065, num_selected_knots=805
2025-09-07 16:40:49,044 - Iter 19640: loss=-2802.6562, change=2.88e-04, ‖θ[1:]‖₁=63.081, num_selected_knots=811
2025-09-07 16:40:49,121 - Iter 19650: loss=-2802.6682, change=2.88e-04, ‖θ[1:]‖₁=63.096, num_selected_knots=791
2025-09-07 16:40:49,200 - Iter 19660: loss=-2802.6816, change=2.88e-04, ‖θ[1:]‖₁=63.111, num_selected_knots=760
2025-09-07 16:40:49,279 - Iter 19670: loss=-2802.6970, change=2.88e-04, ‖θ[1:]‖₁=63.125, num_selected_knots=746
2025-09-07 16:40:49,358 - Iter 19680: loss=-2802.7117, change=2.88e-04, ‖θ[1:]‖₁=63.140, num_selected_knots=737
2025-09-07 16:40:49,437 - Iter 19690: loss=-2802.7273, change=2.88e-04, ‖θ[1:]‖₁=63.155, num_selected_knots=746
2025-09-07 16:40:49,514 - Iter 19700: loss=-2802.7439, change=2.88e-04, ‖θ[1:]‖₁=63.170, num_selected_knots=740
2025-09-07 16:40:49,595 - Iter 19710: loss=-2802.7617, change=2.88e-04, ‖θ[1:]‖₁=63.187, num_selected_knots=727
2025-09-07 16:40:49,674 - Iter 19720: loss=-2802.7771, change=2.88e-04, ‖θ[1:]‖₁=63.204, num_selected_knots=706
2025-09-07 16:40:49,753 - Iter 19730: loss=-2802.7947, change=2.88e-04, ‖θ[1:]‖₁=63.221, num_selected_knots=697
2025-09-07 16:40:49,831 - Iter 19740: loss=-2802.8108, change=2.88e-04, ‖θ[1:]‖₁=63.237, num_selected_knots=683
2025-09-07 16:40:49,911 - Iter 19750: loss=-2802.8281, change=2.88e-04, ‖θ[1:]‖₁=63.253, num_selected_knots=685
2025-09-07 16:40:49,989 - Iter 19760: loss=-2802.8450, change=2.88e-04, ‖θ[1:]‖₁=63.272, num_selected_knots=681
2025-09-07 16:40:50,067 - Iter 19770: loss=-2802.8618, change=2.88e-04, ‖θ[1:]‖₁=63.290, num_selected_knots=680
2025-09-07 16:40:50,145 - Iter 19780: loss=-2802.8796, change=2.88e-04, ‖θ[1:]‖₁=63.308, num_selected_knots=671
2025-09-07 16:40:50,222 - Iter 19790: loss=-2802.8962, change=2.88e-04, ‖θ[1:]‖₁=63.326, num_selected_knots=664
2025-09-07 16:40:50,301 - Iter 19800: loss=-2802.9119, change=2.88e-04, ‖θ[1:]‖₁=63.343, num_selected_knots=659
2025-09-07 16:40:50,379 - Iter 19810: loss=-2802.9282, change=2.88e-04, ‖θ[1:]‖₁=63.359, num_selected_knots=658
2025-09-07 16:40:50,457 - Iter 19820: loss=-2802.9441, change=2.88e-04, ‖θ[1:]‖₁=63.375, num_selected_knots=668
2025-09-07 16:40:50,535 - Iter 19830: loss=-2802.9592, change=2.88e-04, ‖θ[1:]‖₁=63.390, num_selected_knots=704
2025-09-07 16:40:50,612 - Iter 19840: loss=-2802.9736, change=2.88e-04, ‖θ[1:]‖₁=63.405, num_selected_knots=729
2025-09-07 16:40:50,691 - Iter 19850: loss=-2802.9897, change=2.88e-04, ‖θ[1:]‖₁=63.419, num_selected_knots=755
2025-09-07 16:40:50,771 - Iter 19860: loss=-2803.0046, change=2.88e-04, ‖θ[1:]‖₁=63.433, num_selected_knots=769
2025-09-07 16:40:50,847 - Iter 19870: loss=-2803.0195, change=2.88e-04, ‖θ[1:]‖₁=63.446, num_selected_knots=790
2025-09-07 16:40:50,926 - Iter 19880: loss=-2803.0352, change=2.88e-04, ‖θ[1:]‖₁=63.458, num_selected_knots=865
2025-09-07 16:40:51,005 - Iter 19890: loss=-2803.0500, change=2.88e-04, ‖θ[1:]‖₁=63.471, num_selected_knots=910
2025-09-07 16:40:51,082 - Iter 19900: loss=-2803.0654, change=2.88e-04, ‖θ[1:]‖₁=63.483, num_selected_knots=924
2025-09-07 16:40:51,160 - Iter 19910: loss=-2803.0815, change=2.88e-04, ‖θ[1:]‖₁=63.496, num_selected_knots=944
2025-09-07 16:40:51,238 - Iter 19920: loss=-2803.0977, change=2.88e-04, ‖θ[1:]‖₁=63.513, num_selected_knots=941
2025-09-07 16:40:51,316 - Iter 19930: loss=-2803.1145, change=2.88e-04, ‖θ[1:]‖₁=63.531, num_selected_knots=926
2025-09-07 16:40:51,397 - Iter 19940: loss=-2803.1309, change=2.88e-04, ‖θ[1:]‖₁=63.550, num_selected_knots=930
2025-09-07 16:40:51,475 - Iter 19950: loss=-2803.1472, change=2.88e-04, ‖θ[1:]‖₁=63.568, num_selected_knots=940
2025-09-07 16:40:51,553 - Iter 19960: loss=-2803.1641, change=2.88e-04, ‖θ[1:]‖₁=63.586, num_selected_knots=932
2025-09-07 16:40:51,632 - Iter 19970: loss=-2803.1812, change=2.88e-04, ‖θ[1:]‖₁=63.604, num_selected_knots=913
2025-09-07 16:40:51,710 - Iter 19980: loss=-2803.1970, change=2.88e-04, ‖θ[1:]‖₁=63.621, num_selected_knots=884
2025-09-07 16:40:51,790 - Iter 19990: loss=-2803.2114, change=2.88e-04, ‖θ[1:]‖₁=63.635, num_selected_knots=841
2025-09-07 16:40:51,868 - Iter 20000: loss=-2803.2249, change=2.88e-04, ‖θ[1:]‖₁=63.649, num_selected_knots=804
2025-09-07 16:40:51,876 - Final: selected_knots=799, iterations=20001
