2025-09-07 11:45:07,522 - ProximalAdaGrad: lam=40, alpha=1e-05, eps=1e-08, rho=1.0, n_grid=200, basis_order=0, n_samples=3200, K=3201
2025-09-07 11:45:07,553 - Iter   0: obj=0.000000, change=7.02e-02, α=0.000, ‖θ[1:]‖₁=0.587, h_range=[1.49e+01, 2.83e+01], num_knots=3098
2025-09-07 11:45:07,776 - Iter  10: obj=-1813.935863, change=5.70e-02, α=0.000, ‖θ[1:]‖₁=4.093, h_range=[1.06e+01, 2.83e+01], num_knots=3015
2025-09-07 11:45:07,866 - Iter  20: obj=-2062.276603, change=2.46e-02, α=0.000, ‖θ[1:]‖₁=5.081, h_range=[8.70e+00, 2.83e+01], num_knots=2860
2025-09-07 11:45:07,964 - Iter  30: obj=-2154.794264, change=1.42e-02, α=0.000, ‖θ[1:]‖₁=5.421, h_range=[7.93e+00, 2.83e+01], num_knots=2687
2025-09-07 11:45:08,069 - Iter  40: obj=-2210.318508, change=1.03e-02, α=0.000, ‖θ[1:]‖₁=5.611, h_range=[7.47e+00, 2.83e+01], num_knots=2525
2025-09-07 11:45:08,242 - Iter  50: obj=-2247.571936, change=8.33e-03, α=0.000, ‖θ[1:]‖₁=5.758, h_range=[7.14e+00, 2.83e+01], num_knots=2381
2025-09-07 11:45:08,354 - Iter  60: obj=-2274.282566, change=6.89e-03, α=0.000, ‖θ[1:]‖₁=5.883, h_range=[6.87e+00, 2.83e+01], num_knots=2289
2025-09-07 11:45:08,456 - Iter  70: obj=-2294.526838, change=5.88e-03, α=0.000, ‖θ[1:]‖₁=5.992, h_range=[6.66e+00, 2.83e+01], num_knots=2222
2025-09-07 11:45:08,570 - Iter  80: obj=-2310.474935, change=5.13e-03, α=0.000, ‖θ[1:]‖₁=6.091, h_range=[6.48e+00, 2.83e+01], num_knots=2164
2025-09-07 11:45:08,701 - Iter  90: obj=-2323.438996, change=4.54e-03, α=0.000, ‖θ[1:]‖₁=6.180, h_range=[6.33e+00, 2.83e+01], num_knots=2120
2025-09-07 11:45:08,818 - Iter 100: obj=-2334.239924, change=4.07e-03, α=0.000, ‖θ[1:]‖₁=6.262, h_range=[6.19e+00, 2.83e+01], num_knots=2082
2025-09-07 11:45:09,022 - Iter 110: obj=-2343.414781, change=3.70e-03, α=0.000, ‖θ[1:]‖₁=6.337, h_range=[6.07e+00, 2.83e+01], num_knots=2047
2025-09-07 11:45:09,124 - Iter 120: obj=-2351.317790, change=3.37e-03, α=0.000, ‖θ[1:]‖₁=6.406, h_range=[5.97e+00, 2.83e+01], num_knots=2011
2025-09-07 11:45:09,281 - Iter 130: obj=-2358.215130, change=3.04e-03, α=0.000, ‖θ[1:]‖₁=6.470, h_range=[5.87e+00, 2.83e+01], num_knots=1980
2025-09-07 11:45:09,383 - Iter 140: obj=-2364.304277, change=2.81e-03, α=0.000, ‖θ[1:]‖₁=6.529, h_range=[5.79e+00, 2.83e+01], num_knots=1946
2025-09-07 11:45:09,524 - Iter 150: obj=-2369.715161, change=2.60e-03, α=0.000, ‖θ[1:]‖₁=6.584, h_range=[5.71e+00, 2.83e+01], num_knots=1917
2025-09-07 11:45:09,634 - Iter 160: obj=-2374.551915, change=2.38e-03, α=0.000, ‖θ[1:]‖₁=6.635, h_range=[5.64e+00, 2.83e+01], num_knots=1888
2025-09-07 11:45:09,714 - Iter 170: obj=-2378.897537, change=2.22e-03, α=0.000, ‖θ[1:]‖₁=6.683, h_range=[5.58e+00, 2.83e+01], num_knots=1861
2025-09-07 11:45:09,816 - Iter 180: obj=-2382.823126, change=2.06e-03, α=0.000, ‖θ[1:]‖₁=6.728, h_range=[5.52e+00, 2.83e+01], num_knots=1833
2025-09-07 11:45:09,918 - Iter 190: obj=-2386.391564, change=1.92e-03, α=0.000, ‖θ[1:]‖₁=6.769, h_range=[5.47e+00, 2.83e+01], num_knots=1807
2025-09-07 11:45:10,020 - Iter 200: obj=-2389.658706, change=1.78e-03, α=0.000, ‖θ[1:]‖₁=6.808, h_range=[5.42e+00, 2.83e+01], num_knots=1779
2025-09-07 11:45:10,139 - Iter 210: obj=-2392.661783, change=1.68e-03, α=0.000, ‖θ[1:]‖₁=6.845, h_range=[5.37e+00, 2.83e+01], num_knots=1758
2025-09-07 11:45:10,247 - Iter 220: obj=-2395.434637, change=1.60e-03, α=0.000, ‖θ[1:]‖₁=6.879, h_range=[5.33e+00, 2.83e+01], num_knots=1736
2025-09-07 11:45:10,345 - Iter 230: obj=-2398.005937, change=1.49e-03, α=0.000, ‖θ[1:]‖₁=6.911, h_range=[5.28e+00, 2.83e+01], num_knots=1717
2025-09-07 11:45:10,462 - Iter 240: obj=-2400.400243, change=1.41e-03, α=0.000, ‖θ[1:]‖₁=6.942, h_range=[5.25e+00, 2.83e+01], num_knots=1698
2025-09-07 11:45:10,566 - Iter 250: obj=-2402.636681, change=1.34e-03, α=0.000, ‖θ[1:]‖₁=6.970, h_range=[5.21e+00, 2.83e+01], num_knots=1677
2025-09-07 11:45:10,684 - Iter 260: obj=-2404.729115, change=1.27e-03, α=0.000, ‖θ[1:]‖₁=6.998, h_range=[5.18e+00, 2.83e+01], num_knots=1657
2025-09-07 11:45:10,792 - Iter 270: obj=-2406.687443, change=1.25e-03, α=0.000, ‖θ[1:]‖₁=7.024, h_range=[5.15e+00, 2.83e+01], num_knots=1640
2025-09-07 11:45:10,877 - Iter 280: obj=-2408.518781, change=1.19e-03, α=0.000, ‖θ[1:]‖₁=7.049, h_range=[5.11e+00, 2.83e+01], num_knots=1621
2025-09-07 11:45:10,970 - Iter 290: obj=-2410.240386, change=1.13e-03, α=0.000, ‖θ[1:]‖₁=7.073, h_range=[5.09e+00, 2.83e+01], num_knots=1602
2025-09-07 11:45:11,061 - Iter 300: obj=-2411.863180, change=1.08e-03, α=0.000, ‖θ[1:]‖₁=7.096, h_range=[5.06e+00, 2.83e+01], num_knots=1587
2025-09-07 11:45:11,158 - Iter 310: obj=-2413.395065, change=1.03e-03, α=0.000, ‖θ[1:]‖₁=7.118, h_range=[5.03e+00, 2.83e+01], num_knots=1574
2025-09-07 11:45:11,271 - Iter 320: obj=-2414.844310, change=1.01e-03, α=0.000, ‖θ[1:]‖₁=7.139, h_range=[5.01e+00, 2.83e+01], num_knots=1556
2025-09-07 11:45:11,373 - Iter 330: obj=-2416.216543, change=9.43e-04, α=0.000, ‖θ[1:]‖₁=7.159, h_range=[4.98e+00, 2.83e+01], num_knots=1543
2025-09-07 11:45:11,469 - Iter 340: obj=-2417.519708, change=9.04e-04, α=0.000, ‖θ[1:]‖₁=7.179, h_range=[4.96e+00, 2.83e+01], num_knots=1529
2025-09-07 11:45:11,561 - Iter 350: obj=-2418.760960, change=8.67e-04, α=0.000, ‖θ[1:]‖₁=7.197, h_range=[4.94e+00, 2.83e+01], num_knots=1515
2025-09-07 11:45:11,657 - Iter 360: obj=-2419.943723, change=8.35e-04, α=0.000, ‖θ[1:]‖₁=7.215, h_range=[4.92e+00, 2.83e+01], num_knots=1501
2025-09-07 11:45:11,769 - Iter 370: obj=-2421.072767, change=8.03e-04, α=0.000, ‖θ[1:]‖₁=7.232, h_range=[4.90e+00, 2.83e+01], num_knots=1489
2025-09-07 11:45:11,851 - Iter 380: obj=-2422.150312, change=7.72e-04, α=0.000, ‖θ[1:]‖₁=7.248, h_range=[4.88e+00, 2.83e+01], num_knots=1475
2025-09-07 11:45:11,955 - Iter 390: obj=-2423.179271, change=7.45e-04, α=0.000, ‖θ[1:]‖₁=7.264, h_range=[4.86e+00, 2.83e+01], num_knots=1466
2025-09-07 11:45:12,059 - Iter 400: obj=-2424.167307, change=7.08e-04, α=0.000, ‖θ[1:]‖₁=7.280, h_range=[4.84e+00, 2.83e+01], num_knots=1458
2025-09-07 11:45:12,157 - Iter 410: obj=-2425.113228, change=7.01e-04, α=0.000, ‖θ[1:]‖₁=7.294, h_range=[4.82e+00, 2.83e+01], num_knots=1441
2025-09-07 11:45:12,268 - Iter 420: obj=-2426.020443, change=6.57e-04, α=0.000, ‖θ[1:]‖₁=7.309, h_range=[4.81e+00, 2.83e+01], num_knots=1430
2025-09-07 11:45:12,360 - Iter 430: obj=-2426.887259, change=6.42e-04, α=0.000, ‖θ[1:]‖₁=7.323, h_range=[4.79e+00, 2.83e+01], num_knots=1418
2025-09-07 11:45:12,482 - Iter 440: obj=-2427.719503, change=6.07e-04, α=0.000, ‖θ[1:]‖₁=7.336, h_range=[4.78e+00, 2.83e+01], num_knots=1412
2025-09-07 11:45:12,605 - Iter 450: obj=-2428.519104, change=5.94e-04, α=0.000, ‖θ[1:]‖₁=7.349, h_range=[4.76e+00, 2.83e+01], num_knots=1399
2025-09-07 11:45:12,694 - Iter 460: obj=-2429.287526, change=5.81e-04, α=0.000, ‖θ[1:]‖₁=7.362, h_range=[4.75e+00, 2.83e+01], num_knots=1384
2025-09-07 11:45:12,812 - Iter 470: obj=-2430.023480, change=5.47e-04, α=0.000, ‖θ[1:]‖₁=7.375, h_range=[4.74e+00, 2.83e+01], num_knots=1374
2025-09-07 11:45:12,921 - Iter 480: obj=-2430.733347, change=5.32e-04, α=0.000, ‖θ[1:]‖₁=7.387, h_range=[4.72e+00, 2.83e+01], num_knots=1365
2025-09-07 11:45:13,014 - Iter 490: obj=-2431.420256, change=5.21e-04, α=0.000, ‖θ[1:]‖₁=7.398, h_range=[4.71e+00, 2.83e+01], num_knots=1354
2025-09-07 11:45:13,114 - Iter 500: obj=-2432.080278, change=5.04e-04, α=0.000, ‖θ[1:]‖₁=7.410, h_range=[4.70e+00, 2.83e+01], num_knots=1344
2025-09-07 11:45:13,226 - Iter 510: obj=-2432.717030, change=4.88e-04, α=0.000, ‖θ[1:]‖₁=7.421, h_range=[4.69e+00, 2.83e+01], num_knots=1334
2025-09-07 11:45:13,337 - Iter 520: obj=-2433.334306, change=4.61e-04, α=0.000, ‖θ[1:]‖₁=7.431, h_range=[4.68e+00, 2.83e+01], num_knots=1328
2025-09-07 11:45:13,444 - Iter 530: obj=-2433.929388, change=4.54e-04, α=0.000, ‖θ[1:]‖₁=7.442, h_range=[4.67e+00, 2.83e+01], num_knots=1318
2025-09-07 11:45:13,544 - Iter 540: obj=-2434.505105, change=4.52e-04, α=0.000, ‖θ[1:]‖₁=7.452, h_range=[4.65e+00, 2.83e+01], num_knots=1307
2025-09-07 11:45:13,646 - Iter 550: obj=-2435.062919, change=4.37e-04, α=0.000, ‖θ[1:]‖₁=7.462, h_range=[4.64e+00, 2.83e+01], num_knots=1299
2025-09-07 11:45:13,744 - Iter 560: obj=-2435.601621, change=4.17e-04, α=0.000, ‖θ[1:]‖₁=7.471, h_range=[4.63e+00, 2.83e+01], num_knots=1289
2025-09-07 11:45:13,857 - Iter 570: obj=-2436.125255, change=4.02e-04, α=0.000, ‖θ[1:]‖₁=7.481, h_range=[4.63e+00, 2.83e+01], num_knots=1282
2025-09-07 11:45:13,982 - Iter 580: obj=-2436.633401, change=4.00e-04, α=0.000, ‖θ[1:]‖₁=7.490, h_range=[4.62e+00, 2.83e+01], num_knots=1272
2025-09-07 11:45:14,100 - Iter 590: obj=-2437.125605, change=3.86e-04, α=0.000, ‖θ[1:]‖₁=7.499, h_range=[4.61e+00, 2.83e+01], num_knots=1264
2025-09-07 11:45:14,223 - Iter 600: obj=-2437.604160, change=3.70e-04, α=0.000, ‖θ[1:]‖₁=7.507, h_range=[4.60e+00, 2.83e+01], num_knots=1262
2025-09-07 11:45:14,319 - Iter 610: obj=-2438.070479, change=3.63e-04, α=0.000, ‖θ[1:]‖₁=7.515, h_range=[4.59e+00, 2.83e+01], num_knots=1256
2025-09-07 11:45:14,442 - Iter 620: obj=-2438.525534, change=3.59e-04, α=0.000, ‖θ[1:]‖₁=7.523, h_range=[4.58e+00, 2.83e+01], num_knots=1245
2025-09-07 11:45:14,703 - Iter 630: obj=-2438.967201, change=3.52e-04, α=0.000, ‖θ[1:]‖₁=7.531, h_range=[4.57e+00, 2.83e+01], num_knots=1234
2025-09-07 11:45:14,803 - Iter 640: obj=-2439.396834, change=3.43e-04, α=0.000, ‖θ[1:]‖₁=7.539, h_range=[4.57e+00, 2.83e+01], num_knots=1228
2025-09-07 11:45:14,898 - Iter 650: obj=-2439.815902, change=3.38e-04, α=0.000, ‖θ[1:]‖₁=7.547, h_range=[4.56e+00, 2.83e+01], num_knots=1218
2025-09-07 11:45:14,999 - Iter 660: obj=-2440.224006, change=3.24e-04, α=0.000, ‖θ[1:]‖₁=7.554, h_range=[4.55e+00, 2.83e+01], num_knots=1210
2025-09-07 11:45:15,116 - Iter 670: obj=-2440.621676, change=3.18e-04, α=0.000, ‖θ[1:]‖₁=7.561, h_range=[4.54e+00, 2.83e+01], num_knots=1206
2025-09-07 11:45:15,241 - Iter 680: obj=-2441.010403, change=3.14e-04, α=0.000, ‖θ[1:]‖₁=7.568, h_range=[4.54e+00, 2.83e+01], num_knots=1201
2025-09-07 11:45:15,412 - Iter 690: obj=-2441.390165, change=3.07e-04, α=0.000, ‖θ[1:]‖₁=7.575, h_range=[4.53e+00, 2.83e+01], num_knots=1197
2025-09-07 11:45:15,545 - Iter 700: obj=-2441.761569, change=3.02e-04, α=0.000, ‖θ[1:]‖₁=7.582, h_range=[4.52e+00, 2.83e+01], num_knots=1192
2025-09-07 11:45:15,674 - Iter 710: obj=-2442.124638, change=2.95e-04, α=0.000, ‖θ[1:]‖₁=7.588, h_range=[4.52e+00, 2.83e+01], num_knots=1186
2025-09-07 11:45:15,764 - Iter 720: obj=-2442.480066, change=2.88e-04, α=0.000, ‖θ[1:]‖₁=7.595, h_range=[4.51e+00, 2.83e+01], num_knots=1180
2025-09-07 11:45:15,899 - Iter 730: obj=-2442.827223, change=2.84e-04, α=0.000, ‖θ[1:]‖₁=7.601, h_range=[4.50e+00, 2.83e+01], num_knots=1172
2025-09-07 11:45:16,015 - Iter 740: obj=-2443.166764, change=2.76e-04, α=0.000, ‖θ[1:]‖₁=7.607, h_range=[4.50e+00, 2.83e+01], num_knots=1164
2025-09-07 11:45:16,137 - Iter 750: obj=-2443.499055, change=2.68e-04, α=0.000, ‖θ[1:]‖₁=7.613, h_range=[4.49e+00, 2.83e+01], num_knots=1156
2025-09-07 11:45:16,236 - Iter 760: obj=-2443.824117, change=2.61e-04, α=0.000, ‖θ[1:]‖₁=7.619, h_range=[4.48e+00, 2.83e+01], num_knots=1155
2025-09-07 11:45:16,346 - Iter 770: obj=-2444.142877, change=2.64e-04, α=0.000, ‖θ[1:]‖₁=7.625, h_range=[4.48e+00, 2.83e+01], num_knots=1149
2025-09-07 11:45:16,441 - Iter 780: obj=-2444.455204, change=2.54e-04, α=0.000, ‖θ[1:]‖₁=7.631, h_range=[4.47e+00, 2.83e+01], num_knots=1146
2025-09-07 11:45:16,546 - Iter 790: obj=-2444.760505, change=2.47e-04, α=0.000, ‖θ[1:]‖₁=7.636, h_range=[4.47e+00, 2.83e+01], num_knots=1140
2025-09-07 11:45:16,635 - Iter 800: obj=-2445.060586, change=2.43e-04, α=0.000, ‖θ[1:]‖₁=7.641, h_range=[4.46e+00, 2.83e+01], num_knots=1137
2025-09-07 11:45:16,758 - Iter 810: obj=-2445.355593, change=2.36e-04, α=0.000, ‖θ[1:]‖₁=7.647, h_range=[4.46e+00, 2.83e+01], num_knots=1132
2025-09-07 11:45:16,889 - Iter 820: obj=-2445.644660, change=2.40e-04, α=0.000, ‖θ[1:]‖₁=7.652, h_range=[4.45e+00, 2.83e+01], num_knots=1123
2025-09-07 11:45:17,042 - Iter 830: obj=-2445.925810, change=2.41e-04, α=0.000, ‖θ[1:]‖₁=7.657, h_range=[4.45e+00, 2.83e+01], num_knots=1118
2025-09-07 11:45:17,156 - Iter 840: obj=-2446.200503, change=2.41e-04, α=0.000, ‖θ[1:]‖₁=7.662, h_range=[4.44e+00, 2.83e+01], num_knots=1109
2025-09-07 11:45:17,255 - Iter 850: obj=-2446.468006, change=2.34e-04, α=0.000, ‖θ[1:]‖₁=7.668, h_range=[4.44e+00, 2.83e+01], num_knots=1104
2025-09-07 11:45:17,363 - Iter 860: obj=-2446.730664, change=2.23e-04, α=0.000, ‖θ[1:]‖₁=7.673, h_range=[4.43e+00, 2.83e+01], num_knots=1098
2025-09-07 11:45:17,455 - Iter 870: obj=-2446.988007, change=2.29e-04, α=0.000, ‖θ[1:]‖₁=7.678, h_range=[4.43e+00, 2.83e+01], num_knots=1090
2025-09-07 11:45:17,552 - Iter 880: obj=-2447.239129, change=2.17e-04, α=0.000, ‖θ[1:]‖₁=7.683, h_range=[4.42e+00, 2.83e+01], num_knots=1087
2025-09-07 11:45:17,642 - Iter 890: obj=-2447.486915, change=2.10e-04, α=0.000, ‖θ[1:]‖₁=7.687, h_range=[4.42e+00, 2.83e+01], num_knots=1085
2025-09-07 11:45:17,742 - Iter 900: obj=-2447.728942, change=2.17e-04, α=0.000, ‖θ[1:]‖₁=7.692, h_range=[4.41e+00, 2.83e+01], num_knots=1080
2025-09-07 11:45:17,831 - Iter 910: obj=-2447.967094, change=2.07e-04, α=0.000, ‖θ[1:]‖₁=7.697, h_range=[4.41e+00, 2.83e+01], num_knots=1078
2025-09-07 11:45:17,931 - Iter 920: obj=-2448.201842, change=2.00e-04, α=0.000, ‖θ[1:]‖₁=7.701, h_range=[4.40e+00, 2.83e+01], num_knots=1075
2025-09-07 11:45:18,069 - Iter 930: obj=-2448.432418, change=1.96e-04, α=0.000, ‖θ[1:]‖₁=7.705, h_range=[4.40e+00, 2.83e+01], num_knots=1069
2025-09-07 11:45:18,181 - Iter 940: obj=-2448.657595, change=1.95e-04, α=0.000, ‖θ[1:]‖₁=7.710, h_range=[4.39e+00, 2.83e+01], num_knots=1068
2025-09-07 11:45:18,288 - Iter 950: obj=-2448.879086, change=1.97e-04, α=0.000, ‖θ[1:]‖₁=7.714, h_range=[4.39e+00, 2.83e+01], num_knots=1060
2025-09-07 11:45:18,389 - Iter 960: obj=-2449.096361, change=1.94e-04, α=0.000, ‖θ[1:]‖₁=7.718, h_range=[4.38e+00, 2.83e+01], num_knots=1054
2025-09-07 11:45:18,525 - Iter 970: obj=-2449.309326, change=1.92e-04, α=0.000, ‖θ[1:]‖₁=7.722, h_range=[4.38e+00, 2.83e+01], num_knots=1047
2025-09-07 11:45:18,648 - Iter 980: obj=-2449.517770, change=1.99e-04, α=0.000, ‖θ[1:]‖₁=7.727, h_range=[4.38e+00, 2.83e+01], num_knots=1042
2025-09-07 11:45:18,746 - Iter 990: obj=-2449.722941, change=1.86e-04, α=0.000, ‖θ[1:]‖₁=7.731, h_range=[4.37e+00, 2.83e+01], num_knots=1040
2025-09-07 11:45:18,840 - Iter 1000: obj=-2449.925273, change=1.81e-04, α=0.000, ‖θ[1:]‖₁=7.735, h_range=[4.37e+00, 2.83e+01], num_knots=1035
2025-09-07 11:45:18,943 - Iter 1010: obj=-2450.123444, change=1.75e-04, α=0.000, ‖θ[1:]‖₁=7.739, h_range=[4.36e+00, 2.83e+01], num_knots=1031
2025-09-07 11:45:19,042 - Iter 1020: obj=-2450.318346, change=1.71e-04, α=0.000, ‖θ[1:]‖₁=7.742, h_range=[4.36e+00, 2.83e+01], num_knots=1026
2025-09-07 11:45:19,157 - Iter 1030: obj=-2450.510107, change=1.66e-04, α=0.000, ‖θ[1:]‖₁=7.746, h_range=[4.36e+00, 2.83e+01], num_knots=1022
2025-09-07 11:45:19,278 - Iter 1040: obj=-2450.699236, change=1.67e-04, α=0.000, ‖θ[1:]‖₁=7.750, h_range=[4.35e+00, 2.83e+01], num_knots=1018
2025-09-07 11:45:19,381 - Iter 1050: obj=-2450.886232, change=1.60e-04, α=0.000, ‖θ[1:]‖₁=7.753, h_range=[4.35e+00, 2.83e+01], num_knots=1017
2025-09-07 11:45:19,504 - Iter 1060: obj=-2451.070404, change=1.61e-04, α=0.000, ‖θ[1:]‖₁=7.757, h_range=[4.35e+00, 2.83e+01], num_knots=1014
2025-09-07 11:45:19,630 - Iter 1070: obj=-2451.251944, change=1.60e-04, α=0.000, ‖θ[1:]‖₁=7.760, h_range=[4.34e+00, 2.83e+01], num_knots=1010
2025-09-07 11:45:19,739 - Iter 1080: obj=-2451.430934, change=1.59e-04, α=0.000, ‖θ[1:]‖₁=7.764, h_range=[4.34e+00, 2.83e+01], num_knots=1007
2025-09-07 11:45:19,882 - Iter 1090: obj=-2451.607145, change=1.57e-04, α=0.000, ‖θ[1:]‖₁=7.767, h_range=[4.34e+00, 2.83e+01], num_knots=1004
2025-09-07 11:45:19,978 - Iter 1100: obj=-2451.780897, change=1.51e-04, α=0.000, ‖θ[1:]‖₁=7.770, h_range=[4.33e+00, 2.83e+01], num_knots=1001
2025-09-07 11:45:20,081 - Iter 1110: obj=-2451.952229, change=1.52e-04, α=0.000, ‖θ[1:]‖₁=7.774, h_range=[4.33e+00, 2.83e+01], num_knots=998
2025-09-07 11:45:20,230 - Iter 1120: obj=-2452.121177, change=1.50e-04, α=0.000, ‖θ[1:]‖₁=7.777, h_range=[4.33e+00, 2.83e+01], num_knots=993
2025-09-07 11:45:20,336 - Iter 1130: obj=-2452.287478, change=1.44e-04, α=0.000, ‖θ[1:]‖₁=7.780, h_range=[4.32e+00, 2.83e+01], num_knots=988
2025-09-07 11:45:20,422 - Iter 1140: obj=-2452.451528, change=1.55e-04, α=0.000, ‖θ[1:]‖₁=7.783, h_range=[4.32e+00, 2.83e+01], num_knots=979
2025-09-07 11:45:20,521 - Iter 1150: obj=-2452.612624, change=1.45e-04, α=0.000, ‖θ[1:]‖₁=7.787, h_range=[4.32e+00, 2.83e+01], num_knots=974
2025-09-07 11:45:20,618 - Iter 1160: obj=-2452.771583, change=1.41e-04, α=0.000, ‖θ[1:]‖₁=7.790, h_range=[4.31e+00, 2.83e+01], num_knots=971
2025-09-07 11:45:20,730 - Iter 1170: obj=-2452.928054, change=1.40e-04, α=0.000, ‖θ[1:]‖₁=7.793, h_range=[4.31e+00, 2.83e+01], num_knots=969
2025-09-07 11:45:20,827 - Iter 1180: obj=-2453.082948, change=1.34e-04, α=0.000, ‖θ[1:]‖₁=7.796, h_range=[4.31e+00, 2.83e+01], num_knots=969
2025-09-07 11:45:20,918 - Iter 1190: obj=-2453.236339, change=1.31e-04, α=0.000, ‖θ[1:]‖₁=7.798, h_range=[4.30e+00, 2.83e+01], num_knots=966
2025-09-07 11:45:21,023 - Iter 1200: obj=-2453.387696, change=1.27e-04, α=0.000, ‖θ[1:]‖₁=7.801, h_range=[4.30e+00, 2.83e+01], num_knots=964
2025-09-07 11:45:21,114 - Iter 1210: obj=-2453.537109, change=1.30e-04, α=0.000, ‖θ[1:]‖₁=7.804, h_range=[4.30e+00, 2.83e+01], num_knots=958
2025-09-07 11:45:21,216 - Iter 1220: obj=-2453.684421, change=1.29e-04, α=0.000, ‖θ[1:]‖₁=7.807, h_range=[4.30e+00, 2.83e+01], num_knots=955
2025-09-07 11:45:21,318 - Iter 1230: obj=-2453.830269, change=1.23e-04, α=0.000, ‖θ[1:]‖₁=7.810, h_range=[4.29e+00, 2.83e+01], num_knots=953
2025-09-07 11:45:21,424 - Iter 1240: obj=-2453.974848, change=1.20e-04, α=0.000, ‖θ[1:]‖₁=7.812, h_range=[4.29e+00, 2.83e+01], num_knots=952
2025-09-07 11:45:21,514 - Iter 1250: obj=-2454.118162, change=1.20e-04, α=0.000, ‖θ[1:]‖₁=7.815, h_range=[4.29e+00, 2.83e+01], num_knots=950
2025-09-07 11:45:21,608 - Iter 1260: obj=-2454.259958, change=1.22e-04, α=0.000, ‖θ[1:]‖₁=7.817, h_range=[4.29e+00, 2.83e+01], num_knots=946
2025-09-07 11:45:21,715 - Iter 1270: obj=-2454.399785, change=1.22e-04, α=0.000, ‖θ[1:]‖₁=7.820, h_range=[4.28e+00, 2.83e+01], num_knots=943
2025-09-07 11:45:21,829 - Iter 1280: obj=-2454.538273, change=1.21e-04, α=0.000, ‖θ[1:]‖₁=7.822, h_range=[4.28e+00, 2.83e+01], num_knots=939
2025-09-07 11:45:21,958 - Iter 1290: obj=-2454.675303, change=1.15e-04, α=0.000, ‖θ[1:]‖₁=7.825, h_range=[4.28e+00, 2.83e+01], num_knots=939
2025-09-07 11:45:22,070 - Iter 1300: obj=-2454.811319, change=1.12e-04, α=0.000, ‖θ[1:]‖₁=7.827, h_range=[4.28e+00, 2.83e+01], num_knots=937
2025-09-07 11:45:22,166 - Iter 1310: obj=-2454.945654, change=1.17e-04, α=0.000, ‖θ[1:]‖₁=7.830, h_range=[4.27e+00, 2.83e+01], num_knots=935
2025-09-07 11:45:22,291 - Iter 1320: obj=-2455.078344, change=1.12e-04, α=0.000, ‖θ[1:]‖₁=7.832, h_range=[4.27e+00, 2.83e+01], num_knots=930
2025-09-07 11:45:22,394 - Iter 1330: obj=-2455.208441, change=1.11e-04, α=0.000, ‖θ[1:]‖₁=7.834, h_range=[4.27e+00, 2.83e+01], num_knots=923
2025-09-07 11:45:22,504 - Iter 1340: obj=-2455.336173, change=1.10e-04, α=0.000, ‖θ[1:]‖₁=7.837, h_range=[4.27e+00, 2.83e+01], num_knots=917
2025-09-07 11:45:22,604 - Iter 1350: obj=-2455.462368, change=1.12e-04, α=0.000, ‖θ[1:]‖₁=7.839, h_range=[4.26e+00, 2.83e+01], num_knots=916
2025-09-07 11:45:22,706 - Iter 1360: obj=-2455.587157, change=1.09e-04, α=0.000, ‖θ[1:]‖₁=7.842, h_range=[4.26e+00, 2.83e+01], num_knots=914
2025-09-07 11:45:22,830 - Iter 1370: obj=-2455.710978, change=1.06e-04, α=0.000, ‖θ[1:]‖₁=7.844, h_range=[4.26e+00, 2.83e+01], num_knots=913
2025-09-07 11:45:22,931 - Iter 1380: obj=-2455.833643, change=1.08e-04, α=0.000, ‖θ[1:]‖₁=7.846, h_range=[4.26e+00, 2.83e+01], num_knots=908
2025-09-07 11:45:23,049 - Iter 1390: obj=-2455.954728, change=1.07e-04, α=0.000, ‖θ[1:]‖₁=7.849, h_range=[4.25e+00, 2.83e+01], num_knots=905
2025-09-07 11:45:23,161 - Iter 1400: obj=-2456.074676, change=1.03e-04, α=0.000, ‖θ[1:]‖₁=7.851, h_range=[4.25e+00, 2.83e+01], num_knots=903
2025-09-07 11:45:23,297 - Iter 1410: obj=-2456.193695, change=9.91e-05, α=0.000, ‖θ[1:]‖₁=7.853, h_range=[4.25e+00, 2.83e+01], num_knots=900
2025-09-07 11:45:23,395 - Iter 1420: obj=-2456.311636, change=9.58e-05, α=0.000, ‖θ[1:]‖₁=7.855, h_range=[4.25e+00, 2.83e+01], num_knots=900
2025-09-07 11:45:23,491 - Iter 1430: obj=-2456.428811, change=9.33e-05, α=0.000, ‖θ[1:]‖₁=7.857, h_range=[4.25e+00, 2.83e+01], num_knots=899
2025-09-07 11:45:23,596 - Iter 1440: obj=-2456.545308, change=9.60e-05, α=0.000, ‖θ[1:]‖₁=7.859, h_range=[4.24e+00, 2.83e+01], num_knots=897
2025-09-07 11:45:23,712 - Iter 1450: obj=-2456.659908, change=9.79e-05, α=0.000, ‖θ[1:]‖₁=7.861, h_range=[4.24e+00, 2.83e+01], num_knots=895
2025-09-07 11:45:23,824 - Iter 1460: obj=-2456.773003, change=9.64e-05, α=0.000, ‖θ[1:]‖₁=7.863, h_range=[4.24e+00, 2.83e+01], num_knots=892
2025-09-07 11:45:23,923 - Iter 1470: obj=-2456.885018, change=9.29e-05, α=0.000, ‖θ[1:]‖₁=7.865, h_range=[4.24e+00, 2.83e+01], num_knots=888
2025-09-07 11:45:24,034 - Iter 1480: obj=-2456.996061, change=9.88e-05, α=0.000, ‖θ[1:]‖₁=7.867, h_range=[4.24e+00, 2.83e+01], num_knots=885
2025-09-07 11:45:24,162 - Iter 1490: obj=-2457.105816, change=9.65e-05, α=0.000, ‖θ[1:]‖₁=7.869, h_range=[4.23e+00, 2.83e+01], num_knots=880
2025-09-07 11:45:24,271 - Iter 1500: obj=-2457.213979, change=9.84e-05, α=0.000, ‖θ[1:]‖₁=7.871, h_range=[4.23e+00, 2.83e+01], num_knots=877
2025-09-07 11:45:24,374 - Iter 1510: obj=-2457.321224, change=9.27e-05, α=0.000, ‖θ[1:]‖₁=7.873, h_range=[4.23e+00, 2.83e+01], num_knots=876
2025-09-07 11:45:24,505 - Iter 1520: obj=-2457.427932, change=8.83e-05, α=0.000, ‖θ[1:]‖₁=7.875, h_range=[4.23e+00, 2.83e+01], num_knots=876
2025-09-07 11:45:24,639 - Iter 1530: obj=-2457.533946, change=9.34e-05, α=0.000, ‖θ[1:]‖₁=7.877, h_range=[4.23e+00, 2.83e+01], num_knots=873
2025-09-07 11:45:24,758 - Iter 1540: obj=-2457.638695, change=8.88e-05, α=0.000, ‖θ[1:]‖₁=7.878, h_range=[4.22e+00, 2.83e+01], num_knots=872
2025-09-07 11:45:24,863 - Iter 1550: obj=-2457.741714, change=9.77e-05, α=0.000, ‖θ[1:]‖₁=7.880, h_range=[4.22e+00, 2.83e+01], num_knots=867
2025-09-07 11:45:24,982 - Iter 1560: obj=-2457.843506, change=1.07e-04, α=0.000, ‖θ[1:]‖₁=7.882, h_range=[4.22e+00, 2.83e+01], num_knots=865
2025-09-07 11:45:25,094 - Iter 1570: obj=-2457.943278, change=1.03e-04, α=0.000, ‖θ[1:]‖₁=7.884, h_range=[4.22e+00, 2.83e+01], num_knots=859
2025-09-07 11:45:25,212 - Iter 1580: obj=-2458.042124, change=9.87e-05, α=0.000, ‖θ[1:]‖₁=7.886, h_range=[4.22e+00, 2.83e+01], num_knots=859
2025-09-07 11:45:25,296 - Iter 1590: obj=-2458.140324, change=9.63e-05, α=0.000, ‖θ[1:]‖₁=7.888, h_range=[4.21e+00, 2.83e+01], num_knots=857
2025-09-07 11:45:25,392 - Iter 1600: obj=-2458.237723, change=9.59e-05, α=0.000, ‖θ[1:]‖₁=7.890, h_range=[4.21e+00, 2.83e+01], num_knots=853
2025-09-07 11:45:25,492 - Iter 1610: obj=-2458.333682, change=9.90e-05, α=0.000, ‖θ[1:]‖₁=7.892, h_range=[4.21e+00, 2.83e+01], num_knots=850
2025-09-07 11:45:25,599 - Iter 1620: obj=-2458.428597, change=9.58e-05, α=0.000, ‖θ[1:]‖₁=7.894, h_range=[4.21e+00, 2.83e+01], num_knots=848
2025-09-07 11:45:25,711 - Iter 1630: obj=-2458.522512, change=9.55e-05, α=0.000, ‖θ[1:]‖₁=7.896, h_range=[4.21e+00, 2.83e+01], num_knots=846
2025-09-07 11:45:25,830 - Iter 1640: obj=-2458.614784, change=9.26e-05, α=0.000, ‖θ[1:]‖₁=7.897, h_range=[4.20e+00, 2.83e+01], num_knots=842
2025-09-07 11:45:25,928 - Iter 1650: obj=-2458.706254, change=9.29e-05, α=0.000, ‖θ[1:]‖₁=7.899, h_range=[4.20e+00, 2.83e+01], num_knots=839
2025-09-07 11:45:26,033 - Iter 1660: obj=-2458.797035, change=8.85e-05, α=0.000, ‖θ[1:]‖₁=7.901, h_range=[4.20e+00, 2.83e+01], num_knots=838
2025-09-07 11:45:26,122 - Iter 1670: obj=-2458.887225, change=8.69e-05, α=0.000, ‖θ[1:]‖₁=7.903, h_range=[4.20e+00, 2.83e+01], num_knots=835
2025-09-07 11:45:26,219 - Iter 1680: obj=-2458.976576, change=8.76e-05, α=0.000, ‖θ[1:]‖₁=7.905, h_range=[4.20e+00, 2.83e+01], num_knots=833
2025-09-07 11:45:26,329 - Iter 1690: obj=-2459.065476, change=8.40e-05, α=0.000, ‖θ[1:]‖₁=7.906, h_range=[4.19e+00, 2.83e+01], num_knots=833
2025-09-07 11:45:26,445 - Iter 1700: obj=-2459.154003, change=8.14e-05, α=0.000, ‖θ[1:]‖₁=7.908, h_range=[4.19e+00, 2.83e+01], num_knots=833
2025-09-07 11:45:26,570 - Iter 1710: obj=-2459.241698, change=8.62e-05, α=0.000, ‖θ[1:]‖₁=7.909, h_range=[4.19e+00, 2.83e+01], num_knots=830
2025-09-07 11:45:26,681 - Iter 1720: obj=-2459.328186, change=8.32e-05, α=0.000, ‖θ[1:]‖₁=7.911, h_range=[4.19e+00, 2.83e+01], num_knots=827
2025-09-07 11:45:26,798 - Iter 1730: obj=-2459.414025, change=8.31e-05, α=0.000, ‖θ[1:]‖₁=7.913, h_range=[4.19e+00, 2.83e+01], num_knots=826
2025-09-07 11:45:26,918 - Iter 1740: obj=-2459.499327, change=8.01e-05, α=0.000, ‖θ[1:]‖₁=7.914, h_range=[4.19e+00, 2.83e+01], num_knots=823
2025-09-07 11:45:27,034 - Iter 1750: obj=-2459.583987, change=7.97e-05, α=0.000, ‖θ[1:]‖₁=7.916, h_range=[4.18e+00, 2.83e+01], num_knots=821
2025-09-07 11:45:27,138 - Iter 1760: obj=-2459.667761, change=8.40e-05, α=0.000, ‖θ[1:]‖₁=7.917, h_range=[4.18e+00, 2.83e+01], num_knots=817
2025-09-07 11:45:27,239 - Iter 1770: obj=-2459.750631, change=8.28e-05, α=0.000, ‖θ[1:]‖₁=7.919, h_range=[4.18e+00, 2.83e+01], num_knots=815
2025-09-07 11:45:27,359 - Iter 1780: obj=-2459.832800, change=8.55e-05, α=0.000, ‖θ[1:]‖₁=7.921, h_range=[4.18e+00, 2.83e+01], num_knots=812
2025-09-07 11:45:27,455 - Iter 1790: obj=-2459.914303, change=8.27e-05, α=0.000, ‖θ[1:]‖₁=7.922, h_range=[4.18e+00, 2.83e+01], num_knots=811
2025-09-07 11:45:27,556 - Iter 1800: obj=-2459.995274, change=7.87e-05, α=0.000, ‖θ[1:]‖₁=7.924, h_range=[4.18e+00, 2.83e+01], num_knots=810
2025-09-07 11:45:27,671 - Iter 1810: obj=-2460.075844, change=7.56e-05, α=0.000, ‖θ[1:]‖₁=7.925, h_range=[4.17e+00, 2.83e+01], num_knots=809
2025-09-07 11:45:27,757 - Iter 1820: obj=-2460.155146, change=7.97e-05, α=0.000, ‖θ[1:]‖₁=7.927, h_range=[4.17e+00, 2.83e+01], num_knots=805
2025-09-07 11:45:27,856 - Iter 1830: obj=-2460.233547, change=8.05e-05, α=0.000, ‖θ[1:]‖₁=7.928, h_range=[4.17e+00, 2.83e+01], num_knots=804
2025-09-07 11:45:27,956 - Iter 1840: obj=-2460.311481, change=7.69e-05, α=0.000, ‖θ[1:]‖₁=7.930, h_range=[4.17e+00, 2.83e+01], num_knots=803
2025-09-07 11:45:28,043 - Iter 1850: obj=-2460.388857, change=7.37e-05, α=0.000, ‖θ[1:]‖₁=7.931, h_range=[4.17e+00, 2.83e+01], num_knots=801
2025-09-07 11:45:28,142 - Iter 1860: obj=-2460.465401, change=7.12e-05, α=0.000, ‖θ[1:]‖₁=7.933, h_range=[4.17e+00, 2.83e+01], num_knots=798
2025-09-07 11:45:28,252 - Iter 1870: obj=-2460.541180, change=7.14e-05, α=0.000, ‖θ[1:]‖₁=7.934, h_range=[4.16e+00, 2.83e+01], num_knots=796
2025-09-07 11:45:28,363 - Iter 1880: obj=-2460.616534, change=7.08e-05, α=0.000, ‖θ[1:]‖₁=7.935, h_range=[4.16e+00, 2.83e+01], num_knots=794
2025-09-07 11:45:28,450 - Iter 1890: obj=-2460.691485, change=6.88e-05, α=0.000, ‖θ[1:]‖₁=7.937, h_range=[4.16e+00, 2.83e+01], num_knots=794
2025-09-07 11:45:28,541 - Iter 1900: obj=-2460.766133, change=6.86e-05, α=0.000, ‖θ[1:]‖₁=7.938, h_range=[4.16e+00, 2.83e+01], num_knots=793
2025-09-07 11:45:28,656 - Iter 1910: obj=-2460.840467, change=6.66e-05, α=0.000, ‖θ[1:]‖₁=7.939, h_range=[4.16e+00, 2.83e+01], num_knots=792
2025-09-07 11:45:28,748 - Iter 1920: obj=-2460.914392, change=7.30e-05, α=0.000, ‖θ[1:]‖₁=7.941, h_range=[4.16e+00, 2.83e+01], num_knots=791
2025-09-07 11:45:28,855 - Iter 1930: obj=-2460.987382, change=7.07e-05, α=0.000, ‖θ[1:]‖₁=7.942, h_range=[4.16e+00, 2.83e+01], num_knots=789
2025-09-07 11:45:28,948 - Iter 1940: obj=-2461.059965, change=6.77e-05, α=0.000, ‖θ[1:]‖₁=7.943, h_range=[4.15e+00, 2.83e+01], num_knots=788
2025-09-07 11:45:29,048 - Iter 1950: obj=-2461.132246, change=6.80e-05, α=0.000, ‖θ[1:]‖₁=7.944, h_range=[4.15e+00, 2.83e+01], num_knots=786
2025-09-07 11:45:29,140 - Iter 1960: obj=-2461.204095, change=7.06e-05, α=0.000, ‖θ[1:]‖₁=7.946, h_range=[4.15e+00, 2.83e+01], num_knots=783
2025-09-07 11:45:29,248 - Iter 1970: obj=-2461.275162, change=6.93e-05, α=0.000, ‖θ[1:]‖₁=7.947, h_range=[4.15e+00, 2.83e+01], num_knots=780
2025-09-07 11:45:29,341 - Iter 1980: obj=-2461.345760, change=7.36e-05, α=0.000, ‖θ[1:]‖₁=7.948, h_range=[4.15e+00, 2.83e+01], num_knots=777
2025-09-07 11:45:29,445 - Iter 1990: obj=-2461.415830, change=6.82e-05, α=0.000, ‖θ[1:]‖₁=7.950, h_range=[4.15e+00, 2.83e+01], num_knots=776
2025-09-07 11:45:29,572 - Iter 2000: obj=-2461.485565, change=6.51e-05, α=0.000, ‖θ[1:]‖₁=7.951, h_range=[4.15e+00, 2.83e+01], num_knots=776
2025-09-07 11:45:29,684 - Iter 2010: obj=-2461.554992, change=6.26e-05, α=0.000, ‖θ[1:]‖₁=7.952, h_range=[4.14e+00, 2.83e+01], num_knots=775
2025-09-07 11:45:29,791 - Iter 2020: obj=-2461.624050, change=6.06e-05, α=0.000, ‖θ[1:]‖₁=7.953, h_range=[4.14e+00, 2.83e+01], num_knots=773
2025-09-07 11:45:29,917 - Iter 2030: obj=-2461.692682, change=6.10e-05, α=0.000, ‖θ[1:]‖₁=7.954, h_range=[4.14e+00, 2.83e+01], num_knots=772
2025-09-07 11:45:30,032 - Iter 2040: obj=-2461.760987, change=6.05e-05, α=0.000, ‖θ[1:]‖₁=7.955, h_range=[4.14e+00, 2.83e+01], num_knots=769
2025-09-07 11:45:30,115 - Iter 2050: obj=-2461.828439, change=5.92e-05, α=0.000, ‖θ[1:]‖₁=7.957, h_range=[4.14e+00, 2.83e+01], num_knots=767
2025-09-07 11:45:30,291 - Iter 2060: obj=-2461.895388, change=6.08e-05, α=0.000, ‖θ[1:]‖₁=7.958, h_range=[4.14e+00, 2.83e+01], num_knots=766
2025-09-07 11:45:30,388 - Iter 2070: obj=-2461.962037, change=5.82e-05, α=0.000, ‖θ[1:]‖₁=7.959, h_range=[4.14e+00, 2.83e+01], num_knots=765
2025-09-07 11:45:30,487 - Iter 2080: obj=-2462.028222, change=5.77e-05, α=0.000, ‖θ[1:]‖₁=7.960, h_range=[4.14e+00, 2.83e+01], num_knots=762
2025-09-07 11:45:30,586 - Iter 2090: obj=-2462.093972, change=5.78e-05, α=0.000, ‖θ[1:]‖₁=7.961, h_range=[4.13e+00, 2.83e+01], num_knots=761
2025-09-07 11:45:30,698 - Iter 2100: obj=-2462.159379, change=5.54e-05, α=0.000, ‖θ[1:]‖₁=7.962, h_range=[4.13e+00, 2.83e+01], num_knots=759
2025-09-07 11:45:30,798 - Iter 2110: obj=-2462.224053, change=6.10e-05, α=0.000, ‖θ[1:]‖₁=7.963, h_range=[4.13e+00, 2.83e+01], num_knots=756
2025-09-07 11:45:30,889 - Iter 2120: obj=-2462.287954, change=6.12e-05, α=0.000, ‖θ[1:]‖₁=7.965, h_range=[4.13e+00, 2.83e+01], num_knots=752
2025-09-07 11:45:30,971 - Iter 2130: obj=-2462.351351, change=6.17e-05, α=0.000, ‖θ[1:]‖₁=7.966, h_range=[4.13e+00, 2.83e+01], num_knots=751
2025-09-07 11:45:31,063 - Iter 2140: obj=-2462.414469, change=6.08e-05, α=0.000, ‖θ[1:]‖₁=7.967, h_range=[4.13e+00, 2.83e+01], num_knots=748
2025-09-07 11:45:31,157 - Iter 2150: obj=-2462.477004, change=5.90e-05, α=0.000, ‖θ[1:]‖₁=7.968, h_range=[4.13e+00, 2.83e+01], num_knots=746
2025-09-07 11:45:31,317 - Iter 2160: obj=-2462.539086, change=5.67e-05, α=0.000, ‖θ[1:]‖₁=7.969, h_range=[4.13e+00, 2.83e+01], num_knots=745
2025-09-07 11:45:31,447 - Iter 2170: obj=-2462.600786, change=5.53e-05, α=0.000, ‖θ[1:]‖₁=7.970, h_range=[4.12e+00, 2.83e+01], num_knots=745
2025-09-07 11:45:31,558 - Iter 2180: obj=-2462.662294, change=5.44e-05, α=0.000, ‖θ[1:]‖₁=7.971, h_range=[4.12e+00, 2.83e+01], num_knots=743
2025-09-07 11:45:31,653 - Iter 2190: obj=-2462.723534, change=5.30e-05, α=0.000, ‖θ[1:]‖₁=7.972, h_range=[4.12e+00, 2.83e+01], num_knots=743
2025-09-07 11:45:31,759 - Iter 2200: obj=-2462.784563, change=5.26e-05, α=0.000, ‖θ[1:]‖₁=7.973, h_range=[4.12e+00, 2.83e+01], num_knots=740
2025-09-07 11:45:31,866 - Iter 2210: obj=-2462.845005, change=5.70e-05, α=0.000, ‖θ[1:]‖₁=7.974, h_range=[4.12e+00, 2.83e+01], num_knots=739
2025-09-07 11:45:31,966 - Iter 2220: obj=-2462.904922, change=5.62e-05, α=0.000, ‖θ[1:]‖₁=7.976, h_range=[4.12e+00, 2.83e+01], num_knots=737
2025-09-07 11:45:32,069 - Iter 2230: obj=-2462.964577, change=5.39e-05, α=0.000, ‖θ[1:]‖₁=7.977, h_range=[4.12e+00, 2.83e+01], num_knots=737
2025-09-07 11:45:32,170 - Iter 2240: obj=-2463.023936, change=5.45e-05, α=0.000, ‖θ[1:]‖₁=7.978, h_range=[4.12e+00, 2.83e+01], num_knots=736
2025-09-07 11:45:32,273 - Iter 2250: obj=-2463.082944, change=5.50e-05, α=0.000, ‖θ[1:]‖₁=7.979, h_range=[4.12e+00, 2.83e+01], num_knots=732
2025-09-07 11:45:32,372 - Iter 2260: obj=-2463.141548, change=5.27e-05, α=0.000, ‖θ[1:]‖₁=7.980, h_range=[4.11e+00, 2.83e+01], num_knots=732
2025-09-07 11:45:32,479 - Iter 2270: obj=-2463.200002, change=5.09e-05, α=0.000, ‖θ[1:]‖₁=7.980, h_range=[4.11e+00, 2.83e+01], num_knots=732
2025-09-07 11:45:32,583 - Iter 2280: obj=-2463.258271, change=4.90e-05, α=0.000, ‖θ[1:]‖₁=7.981, h_range=[4.11e+00, 2.83e+01], num_knots=731
2025-09-07 11:45:32,690 - Iter 2290: obj=-2463.316336, change=4.79e-05, α=0.000, ‖θ[1:]‖₁=7.982, h_range=[4.11e+00, 2.83e+01], num_knots=730
2025-09-07 11:45:32,795 - Iter 2300: obj=-2463.373994, change=4.94e-05, α=0.000, ‖θ[1:]‖₁=7.983, h_range=[4.11e+00, 2.83e+01], num_knots=728
2025-09-07 11:45:32,890 - Iter 2310: obj=-2463.431423, change=4.77e-05, α=0.000, ‖θ[1:]‖₁=7.984, h_range=[4.11e+00, 2.83e+01], num_knots=728
2025-09-07 11:45:32,982 - Iter 2320: obj=-2463.488710, change=4.64e-05, α=0.000, ‖θ[1:]‖₁=7.985, h_range=[4.11e+00, 2.83e+01], num_knots=728
2025-09-07 11:45:33,111 - Iter 2330: obj=-2463.545807, change=4.54e-05, α=0.000, ‖θ[1:]‖₁=7.986, h_range=[4.11e+00, 2.83e+01], num_knots=727
2025-09-07 11:45:33,226 - Iter 2340: obj=-2463.602717, change=4.48e-05, α=0.000, ‖θ[1:]‖₁=7.987, h_range=[4.11e+00, 2.83e+01], num_knots=727
2025-09-07 11:45:33,339 - Iter 2350: obj=-2463.659312, change=4.40e-05, α=0.000, ‖θ[1:]‖₁=7.987, h_range=[4.11e+00, 2.83e+01], num_knots=725
2025-09-07 11:45:33,442 - Iter 2360: obj=-2463.715487, change=4.75e-05, α=0.000, ‖θ[1:]‖₁=7.988, h_range=[4.10e+00, 2.83e+01], num_knots=724
2025-09-07 11:45:33,563 - Iter 2370: obj=-2463.771331, change=4.60e-05, α=0.000, ‖θ[1:]‖₁=7.989, h_range=[4.10e+00, 2.83e+01], num_knots=723
2025-09-07 11:45:33,676 - Iter 2380: obj=-2463.826993, change=4.68e-05, α=0.000, ‖θ[1:]‖₁=7.990, h_range=[4.10e+00, 2.83e+01], num_knots=722
2025-09-07 11:45:33,773 - Iter 2390: obj=-2463.882341, change=4.54e-05, α=0.000, ‖θ[1:]‖₁=7.991, h_range=[4.10e+00, 2.83e+01], num_knots=721
2025-09-07 11:45:33,857 - Iter 2400: obj=-2463.937410, change=5.05e-05, α=0.000, ‖θ[1:]‖₁=7.992, h_range=[4.10e+00, 2.83e+01], num_knots=718
2025-09-07 11:45:33,962 - Iter 2410: obj=-2463.992072, change=4.75e-05, α=0.000, ‖θ[1:]‖₁=7.993, h_range=[4.10e+00, 2.83e+01], num_knots=718
2025-09-07 11:45:34,063 - Iter 2420: obj=-2464.046493, change=4.50e-05, α=0.000, ‖θ[1:]‖₁=7.994, h_range=[4.10e+00, 2.83e+01], num_knots=716
2025-09-07 11:45:34,168 - Iter 2430: obj=-2464.100646, change=4.58e-05, α=0.000, ‖θ[1:]‖₁=7.994, h_range=[4.10e+00, 2.83e+01], num_knots=713
2025-09-07 11:45:34,297 - Iter 2440: obj=-2464.154508, change=4.42e-05, α=0.000, ‖θ[1:]‖₁=7.995, h_range=[4.10e+00, 2.83e+01], num_knots=713
2025-09-07 11:45:34,402 - Iter 2450: obj=-2464.208246, change=4.29e-05, α=0.000, ‖θ[1:]‖₁=7.996, h_range=[4.10e+00, 2.83e+01], num_knots=713
2025-09-07 11:45:34,527 - Iter 2460: obj=-2464.261778, change=4.46e-05, α=0.000, ‖θ[1:]‖₁=7.997, h_range=[4.10e+00, 2.83e+01], num_knots=710
2025-09-07 11:45:34,626 - Iter 2470: obj=-2464.314895, change=4.47e-05, α=0.000, ‖θ[1:]‖₁=7.998, h_range=[4.09e+00, 2.83e+01], num_knots=708
2025-09-07 11:45:34,730 - Iter 2480: obj=-2464.367799, change=4.30e-05, α=0.000, ‖θ[1:]‖₁=7.998, h_range=[4.09e+00, 2.83e+01], num_knots=708
2025-09-07 11:45:34,813 - Iter 2490: obj=-2464.420521, change=4.21e-05, α=0.000, ‖θ[1:]‖₁=7.999, h_range=[4.09e+00, 2.83e+01], num_knots=706
2025-09-07 11:45:34,927 - Iter 2500: obj=-2464.472826, change=4.08e-05, α=0.000, ‖θ[1:]‖₁=8.000, h_range=[4.09e+00, 2.83e+01], num_knots=705
2025-09-07 11:45:35,039 - Iter 2510: obj=-2464.524996, change=4.01e-05, α=0.000, ‖θ[1:]‖₁=8.001, h_range=[4.09e+00, 2.83e+01], num_knots=705
2025-09-07 11:45:35,150 - Iter 2520: obj=-2464.577009, change=4.00e-05, α=0.000, ‖θ[1:]‖₁=8.002, h_range=[4.09e+00, 2.83e+01], num_knots=702
2025-09-07 11:45:35,278 - Iter 2530: obj=-2464.628669, change=3.93e-05, α=0.000, ‖θ[1:]‖₁=8.002, h_range=[4.09e+00, 2.83e+01], num_knots=702
2025-09-07 11:45:35,380 - Iter 2540: obj=-2464.679971, change=4.64e-05, α=0.000, ‖θ[1:]‖₁=8.003, h_range=[4.09e+00, 2.83e+01], num_knots=698
2025-09-07 11:45:35,512 - Iter 2550: obj=-2464.730708, change=4.62e-05, α=0.000, ‖θ[1:]‖₁=8.004, h_range=[4.09e+00, 2.83e+01], num_knots=695
2025-09-07 11:45:35,627 - Iter 2560: obj=-2464.781176, change=4.34e-05, α=0.000, ‖θ[1:]‖₁=8.005, h_range=[4.09e+00, 2.83e+01], num_knots=695
2025-09-07 11:45:35,763 - Iter 2570: obj=-2464.831529, change=4.25e-05, α=0.000, ‖θ[1:]‖₁=8.006, h_range=[4.09e+00, 2.83e+01], num_knots=693
2025-09-07 11:45:35,871 - Iter 2580: obj=-2464.881323, change=4.42e-05, α=0.000, ‖θ[1:]‖₁=8.006, h_range=[4.08e+00, 2.83e+01], num_knots=691
2025-09-07 11:45:35,982 - Iter 2590: obj=-2464.930844, change=4.21e-05, α=0.000, ‖θ[1:]‖₁=8.007, h_range=[4.08e+00, 2.83e+01], num_knots=689
2025-09-07 11:45:36,092 - Iter 2600: obj=-2464.980119, change=4.02e-05, α=0.000, ‖θ[1:]‖₁=8.008, h_range=[4.08e+00, 2.83e+01], num_knots=689
2025-09-07 11:45:36,195 - Iter 2610: obj=-2465.029287, change=3.87e-05, α=0.000, ‖θ[1:]‖₁=8.009, h_range=[4.08e+00, 2.83e+01], num_knots=689
2025-09-07 11:45:36,302 - Iter 2620: obj=-2465.078190, change=4.11e-05, α=0.000, ‖θ[1:]‖₁=8.009, h_range=[4.08e+00, 2.83e+01], num_knots=687
2025-09-07 11:45:36,391 - Iter 2630: obj=-2465.126832, change=3.98e-05, α=0.000, ‖θ[1:]‖₁=8.010, h_range=[4.08e+00, 2.83e+01], num_knots=687
2025-09-07 11:45:36,507 - Iter 2640: obj=-2465.175286, change=3.99e-05, α=0.000, ‖θ[1:]‖₁=8.011, h_range=[4.08e+00, 2.83e+01], num_knots=686
2025-09-07 11:45:36,605 - Iter 2650: obj=-2465.223521, change=4.07e-05, α=0.000, ‖θ[1:]‖₁=8.012, h_range=[4.08e+00, 2.83e+01], num_knots=684
2025-09-07 11:45:36,712 - Iter 2660: obj=-2465.271532, change=3.94e-05, α=0.000, ‖θ[1:]‖₁=8.012, h_range=[4.08e+00, 2.83e+01], num_knots=684
2025-09-07 11:45:36,831 - Iter 2670: obj=-2465.319376, change=3.93e-05, α=0.000, ‖θ[1:]‖₁=8.013, h_range=[4.08e+00, 2.83e+01], num_knots=681
2025-09-07 11:45:36,940 - Iter 2680: obj=-2465.366890, change=3.82e-05, α=0.000, ‖θ[1:]‖₁=8.014, h_range=[4.08e+00, 2.83e+01], num_knots=681
2025-09-07 11:45:37,063 - Iter 2690: obj=-2465.414263, change=3.71e-05, α=0.000, ‖θ[1:]‖₁=8.014, h_range=[4.08e+00, 2.83e+01], num_knots=680
2025-09-07 11:45:37,158 - Iter 2700: obj=-2465.461522, change=3.64e-05, α=0.000, ‖θ[1:]‖₁=8.015, h_range=[4.08e+00, 2.83e+01], num_knots=680
2025-09-07 11:45:37,258 - Iter 2710: obj=-2465.508594, change=3.82e-05, α=0.000, ‖θ[1:]‖₁=8.016, h_range=[4.07e+00, 2.83e+01], num_knots=679
2025-09-07 11:45:37,384 - Iter 2720: obj=-2465.555543, change=3.70e-05, α=0.000, ‖θ[1:]‖₁=8.016, h_range=[4.07e+00, 2.83e+01], num_knots=678
2025-09-07 11:45:37,497 - Iter 2730: obj=-2465.602312, change=3.62e-05, α=0.000, ‖θ[1:]‖₁=8.017, h_range=[4.07e+00, 2.83e+01], num_knots=678
2025-09-07 11:45:37,637 - Iter 2740: obj=-2465.648990, change=3.56e-05, α=0.000, ‖θ[1:]‖₁=8.018, h_range=[4.07e+00, 2.83e+01], num_knots=678
2025-09-07 11:45:37,759 - Iter 2750: obj=-2465.695578, change=3.50e-05, α=0.000, ‖θ[1:]‖₁=8.018, h_range=[4.07e+00, 2.83e+01], num_knots=678
2025-09-07 11:45:37,844 - Iter 2760: obj=-2465.742076, change=3.45e-05, α=0.000, ‖θ[1:]‖₁=8.019, h_range=[4.07e+00, 2.83e+01], num_knots=677
2025-09-07 11:45:37,975 - Iter 2770: obj=-2465.788093, change=3.50e-05, α=0.000, ‖θ[1:]‖₁=8.020, h_range=[4.07e+00, 2.83e+01], num_knots=675
2025-09-07 11:45:38,109 - Iter 2780: obj=-2465.833761, change=3.40e-05, α=0.000, ‖θ[1:]‖₁=8.020, h_range=[4.07e+00, 2.83e+01], num_knots=673
2025-09-07 11:45:38,257 - Iter 2790: obj=-2465.879213, change=3.60e-05, α=0.000, ‖θ[1:]‖₁=8.021, h_range=[4.07e+00, 2.83e+01], num_knots=671
2025-09-07 11:45:38,358 - Iter 2800: obj=-2465.924453, change=3.48e-05, α=0.000, ‖θ[1:]‖₁=8.022, h_range=[4.07e+00, 2.83e+01], num_knots=670
2025-09-07 11:45:38,460 - Iter 2810: obj=-2465.969472, change=3.60e-05, α=0.000, ‖θ[1:]‖₁=8.022, h_range=[4.07e+00, 2.83e+01], num_knots=669
2025-09-07 11:45:38,557 - Iter 2820: obj=-2466.014339, change=3.50e-05, α=0.000, ‖θ[1:]‖₁=8.023, h_range=[4.07e+00, 2.83e+01], num_knots=668
2025-09-07 11:45:38,668 - Iter 2830: obj=-2466.059097, change=3.42e-05, α=0.000, ‖θ[1:]‖₁=8.024, h_range=[4.07e+00, 2.83e+01], num_knots=668
2025-09-07 11:45:38,779 - Iter 2840: obj=-2466.103759, change=3.52e-05, α=0.000, ‖θ[1:]‖₁=8.024, h_range=[4.07e+00, 2.83e+01], num_knots=667
2025-09-07 11:45:38,868 - Iter 2850: obj=-2466.148119, change=3.88e-05, α=0.000, ‖θ[1:]‖₁=8.025, h_range=[4.06e+00, 2.83e+01], num_knots=665
2025-09-07 11:45:38,959 - Iter 2860: obj=-2466.192252, change=3.69e-05, α=0.000, ‖θ[1:]‖₁=8.026, h_range=[4.06e+00, 2.83e+01], num_knots=665
2025-09-07 11:45:39,057 - Iter 2870: obj=-2466.236301, change=3.51e-05, α=0.000, ‖θ[1:]‖₁=8.026, h_range=[4.06e+00, 2.83e+01], num_knots=664
2025-09-07 11:45:39,144 - Iter 2880: obj=-2466.280092, change=3.69e-05, α=0.000, ‖θ[1:]‖₁=8.027, h_range=[4.06e+00, 2.83e+01], num_knots=662
2025-09-07 11:45:39,253 - Iter 2890: obj=-2466.323426, change=3.49e-05, α=0.000, ‖θ[1:]‖₁=8.027, h_range=[4.06e+00, 2.83e+01], num_knots=661
2025-09-07 11:45:39,351 - Iter 2900: obj=-2466.366325, change=3.36e-05, α=0.000, ‖θ[1:]‖₁=8.028, h_range=[4.06e+00, 2.83e+01], num_knots=661
2025-09-07 11:45:39,460 - Iter 2910: obj=-2466.409149, change=3.26e-05, α=0.000, ‖θ[1:]‖₁=8.029, h_range=[4.06e+00, 2.83e+01], num_knots=661
2025-09-07 11:45:39,558 - Iter 2920: obj=-2466.451891, change=3.19e-05, α=0.000, ‖θ[1:]‖₁=8.029, h_range=[4.06e+00, 2.83e+01], num_knots=659
2025-09-07 11:45:39,637 - Iter 2930: obj=-2466.494127, change=3.31e-05, α=0.000, ‖θ[1:]‖₁=8.030, h_range=[4.06e+00, 2.83e+01], num_knots=656
2025-09-07 11:45:39,734 - Iter 2940: obj=-2466.535688, change=3.35e-05, α=0.000, ‖θ[1:]‖₁=8.031, h_range=[4.06e+00, 2.83e+01], num_knots=655
2025-09-07 11:45:39,815 - Iter 2950: obj=-2466.577151, change=3.23e-05, α=0.000, ‖θ[1:]‖₁=8.032, h_range=[4.06e+00, 2.83e+01], num_knots=655
2025-09-07 11:45:39,925 - Iter 2960: obj=-2466.618513, change=3.10e-05, α=0.000, ‖θ[1:]‖₁=8.032, h_range=[4.06e+00, 2.83e+01], num_knots=654
2025-09-07 11:45:40,015 - Iter 2970: obj=-2466.659698, change=3.06e-05, α=0.000, ‖θ[1:]‖₁=8.033, h_range=[4.06e+00, 2.83e+01], num_knots=654
2025-09-07 11:45:40,108 - Iter 2980: obj=-2466.700700, change=3.00e-05, α=0.000, ‖θ[1:]‖₁=8.034, h_range=[4.06e+00, 2.83e+01], num_knots=653
2025-09-07 11:45:40,221 - Iter 2990: obj=-2466.741543, change=3.26e-05, α=0.000, ‖θ[1:]‖₁=8.034, h_range=[4.05e+00, 2.83e+01], num_knots=652
2025-09-07 11:45:40,333 - Iter 3000: obj=-2466.782226, change=3.18e-05, α=0.000, ‖θ[1:]‖₁=8.035, h_range=[4.05e+00, 2.83e+01], num_knots=652
2025-09-07 11:45:40,513 - Iter 3010: obj=-2466.822836, change=3.11e-05, α=0.000, ‖θ[1:]‖₁=8.036, h_range=[4.05e+00, 2.83e+01], num_knots=652
2025-09-07 11:45:40,748 - Iter 3020: obj=-2466.863265, change=3.03e-05, α=0.000, ‖θ[1:]‖₁=8.036, h_range=[4.05e+00, 2.83e+01], num_knots=650
2025-09-07 11:45:40,878 - Iter 3030: obj=-2466.903461, change=2.96e-05, α=0.000, ‖θ[1:]‖₁=8.037, h_range=[4.05e+00, 2.83e+01], num_knots=648
2025-09-07 11:45:40,989 - Iter 3040: obj=-2466.943419, change=2.94e-05, α=0.000, ‖θ[1:]‖₁=8.038, h_range=[4.05e+00, 2.83e+01], num_knots=647
2025-09-07 11:45:41,115 - Iter 3050: obj=-2466.983271, change=2.91e-05, α=0.000, ‖θ[1:]‖₁=8.038, h_range=[4.05e+00, 2.83e+01], num_knots=646
2025-09-07 11:45:41,224 - Iter 3060: obj=-2467.022835, change=3.40e-05, α=0.000, ‖θ[1:]‖₁=8.039, h_range=[4.05e+00, 2.83e+01], num_knots=645
2025-09-07 11:45:41,348 - Iter 3070: obj=-2467.062052, change=3.60e-05, α=0.000, ‖θ[1:]‖₁=8.040, h_range=[4.05e+00, 2.83e+01], num_knots=643
2025-09-07 11:45:41,481 - Iter 3080: obj=-2467.101097, change=3.54e-05, α=0.000, ‖θ[1:]‖₁=8.040, h_range=[4.05e+00, 2.83e+01], num_knots=640
2025-09-07 11:45:41,644 - Iter 3090: obj=-2467.139850, change=3.59e-05, α=0.000, ‖θ[1:]‖₁=8.041, h_range=[4.05e+00, 2.83e+01], num_knots=640
2025-09-07 11:45:41,748 - Iter 3100: obj=-2467.178519, change=3.40e-05, α=0.000, ‖θ[1:]‖₁=8.042, h_range=[4.05e+00, 2.83e+01], num_knots=640
2025-09-07 11:45:41,843 - Iter 3110: obj=-2467.217120, change=3.25e-05, α=0.000, ‖θ[1:]‖₁=8.042, h_range=[4.05e+00, 2.83e+01], num_knots=640
2025-09-07 11:45:42,062 - Iter 3120: obj=-2467.255637, change=3.10e-05, α=0.000, ‖θ[1:]‖₁=8.043, h_range=[4.05e+00, 2.83e+01], num_knots=639
2025-09-07 11:45:42,269 - Iter 3130: obj=-2467.294051, change=3.02e-05, α=0.000, ‖θ[1:]‖₁=8.043, h_range=[4.05e+00, 2.83e+01], num_knots=639
2025-09-07 11:45:42,508 - Iter 3140: obj=-2467.332392, change=3.00e-05, α=0.000, ‖θ[1:]‖₁=8.044, h_range=[4.05e+00, 2.83e+01], num_knots=638
2025-09-07 11:45:42,728 - Iter 3150: obj=-2467.370654, change=3.06e-05, α=0.000, ‖θ[1:]‖₁=8.045, h_range=[4.04e+00, 2.83e+01], num_knots=637
2025-09-07 11:45:42,843 - Iter 3160: obj=-2467.408775, change=2.93e-05, α=0.000, ‖θ[1:]‖₁=8.045, h_range=[4.04e+00, 2.83e+01], num_knots=637
2025-09-07 11:45:42,929 - Iter 3170: obj=-2467.446436, change=3.61e-05, α=0.000, ‖θ[1:]‖₁=8.046, h_range=[4.04e+00, 2.83e+01], num_knots=635
2025-09-07 11:45:43,084 - Iter 3180: obj=-2467.483808, change=3.58e-05, α=0.000, ‖θ[1:]‖₁=8.046, h_range=[4.04e+00, 2.83e+01], num_knots=633
2025-09-07 11:45:43,201 - Iter 3190: obj=-2467.521017, change=3.40e-05, α=0.000, ‖θ[1:]‖₁=8.047, h_range=[4.04e+00, 2.83e+01], num_knots=633
2025-09-07 11:45:43,311 - Iter 3200: obj=-2467.558091, change=3.56e-05, α=0.000, ‖θ[1:]‖₁=8.048, h_range=[4.04e+00, 2.83e+01], num_knots=630
2025-09-07 11:45:43,671 - Iter 3210: obj=-2467.594883, change=3.60e-05, α=0.000, ‖θ[1:]‖₁=8.048, h_range=[4.04e+00, 2.83e+01], num_knots=627
2025-09-07 11:45:43,881 - Iter 3220: obj=-2467.631380, change=3.32e-05, α=0.000, ‖θ[1:]‖₁=8.049, h_range=[4.04e+00, 2.83e+01], num_knots=627
2025-09-07 11:45:43,991 - Iter 3230: obj=-2467.667741, change=3.38e-05, α=0.000, ‖θ[1:]‖₁=8.050, h_range=[4.04e+00, 2.83e+01], num_knots=626
2025-09-07 11:45:44,092 - Iter 3240: obj=-2467.704002, change=3.18e-05, α=0.000, ‖θ[1:]‖₁=8.050, h_range=[4.04e+00, 2.83e+01], num_knots=626
2025-09-07 11:45:44,208 - Iter 3250: obj=-2467.740205, change=3.03e-05, α=0.000, ‖θ[1:]‖₁=8.051, h_range=[4.04e+00, 2.83e+01], num_knots=626
2025-09-07 11:45:44,321 - Iter 3260: obj=-2467.776234, change=3.30e-05, α=0.000, ‖θ[1:]‖₁=8.051, h_range=[4.04e+00, 2.83e+01], num_knots=622
2025-09-07 11:45:44,409 - Iter 3270: obj=-2467.811942, change=3.14e-05, α=0.000, ‖θ[1:]‖₁=8.052, h_range=[4.04e+00, 2.83e+01], num_knots=621
2025-09-07 11:45:44,530 - Iter 3280: obj=-2467.847504, change=3.01e-05, α=0.000, ‖θ[1:]‖₁=8.053, h_range=[4.04e+00, 2.83e+01], num_knots=621
2025-09-07 11:45:44,632 - Iter 3290: obj=-2467.883003, change=2.91e-05, α=0.000, ‖θ[1:]‖₁=8.053, h_range=[4.04e+00, 2.83e+01], num_knots=621
2025-09-07 11:45:44,733 - Iter 3300: obj=-2467.918340, change=3.03e-05, α=0.000, ‖θ[1:]‖₁=8.054, h_range=[4.03e+00, 2.83e+01], num_knots=619
2025-09-07 11:45:44,827 - Iter 3310: obj=-2467.953536, change=2.86e-05, α=0.000, ‖θ[1:]‖₁=8.054, h_range=[4.03e+00, 2.83e+01], num_knots=618
2025-09-07 11:45:44,926 - Iter 3320: obj=-2467.988497, change=2.74e-05, α=0.000, ‖θ[1:]‖₁=8.055, h_range=[4.03e+00, 2.83e+01], num_knots=616
2025-09-07 11:45:45,014 - Iter 3330: obj=-2468.023031, change=2.84e-05, α=0.000, ‖θ[1:]‖₁=8.056, h_range=[4.03e+00, 2.83e+01], num_knots=614
2025-09-07 11:45:45,124 - Iter 3340: obj=-2468.057474, change=2.71e-05, α=0.000, ‖θ[1:]‖₁=8.056, h_range=[4.03e+00, 2.83e+01], num_knots=614
2025-09-07 11:45:45,230 - Iter 3350: obj=-2468.091839, change=2.60e-05, α=0.000, ‖θ[1:]‖₁=8.057, h_range=[4.03e+00, 2.83e+01], num_knots=613
2025-09-07 11:45:45,316 - Iter 3360: obj=-2468.125980, change=2.50e-05, α=0.000, ‖θ[1:]‖₁=8.057, h_range=[4.03e+00, 2.83e+01], num_knots=612
2025-09-07 11:45:45,404 - Iter 3370: obj=-2468.160010, change=2.47e-05, α=0.000, ‖θ[1:]‖₁=8.058, h_range=[4.03e+00, 2.83e+01], num_knots=612
2025-09-07 11:45:45,503 - Iter 3380: obj=-2468.193990, change=2.44e-05, α=0.000, ‖θ[1:]‖₁=8.059, h_range=[4.03e+00, 2.83e+01], num_knots=612
2025-09-07 11:45:45,734 - Iter 3390: obj=-2468.227868, change=2.52e-05, α=0.000, ‖θ[1:]‖₁=8.059, h_range=[4.03e+00, 2.83e+01], num_knots=611
2025-09-07 11:45:45,992 - Iter 3400: obj=-2468.261657, change=2.44e-05, α=0.000, ‖θ[1:]‖₁=8.060, h_range=[4.03e+00, 2.83e+01], num_knots=611
2025-09-07 11:45:46,269 - Iter 3410: obj=-2468.295396, change=2.39e-05, α=0.000, ‖θ[1:]‖₁=8.060, h_range=[4.03e+00, 2.83e+01], num_knots=611
2025-09-07 11:45:46,520 - Iter 3420: obj=-2468.329009, change=2.33e-05, α=0.000, ‖θ[1:]‖₁=8.061, h_range=[4.03e+00, 2.83e+01], num_knots=610
2025-09-07 11:45:46,645 - Iter 3430: obj=-2468.362557, change=2.31e-05, α=0.000, ‖θ[1:]‖₁=8.061, h_range=[4.03e+00, 2.83e+01], num_knots=610
2025-09-07 11:45:46,745 - Iter 3440: obj=-2468.396058, change=2.30e-05, α=0.000, ‖θ[1:]‖₁=8.062, h_range=[4.03e+00, 2.83e+01], num_knots=610
2025-09-07 11:45:46,870 - Iter 3450: obj=-2468.429511, change=2.50e-05, α=0.000, ‖θ[1:]‖₁=8.062, h_range=[4.03e+00, 2.83e+01], num_knots=609
2025-09-07 11:45:46,998 - Iter 3460: obj=-2468.462810, change=2.47e-05, α=0.000, ‖θ[1:]‖₁=8.063, h_range=[4.03e+00, 2.83e+01], num_knots=608
2025-09-07 11:45:47,132 - Iter 3470: obj=-2468.496022, change=2.42e-05, α=0.000, ‖θ[1:]‖₁=8.063, h_range=[4.03e+00, 2.83e+01], num_knots=608
2025-09-07 11:45:47,266 - Iter 3480: obj=-2468.529187, change=2.38e-05, α=0.000, ‖θ[1:]‖₁=8.064, h_range=[4.03e+00, 2.83e+01], num_knots=608
2025-09-07 11:45:47,390 - Iter 3490: obj=-2468.562214, change=2.30e-05, α=0.000, ‖θ[1:]‖₁=8.064, h_range=[4.03e+00, 2.83e+01], num_knots=606
2025-09-07 11:45:47,539 - Iter 3500: obj=-2468.595108, change=2.42e-05, α=0.000, ‖θ[1:]‖₁=8.065, h_range=[4.02e+00, 2.83e+01], num_knots=604
2025-09-07 11:45:47,640 - Iter 3510: obj=-2468.627804, change=2.37e-05, α=0.000, ‖θ[1:]‖₁=8.065, h_range=[4.02e+00, 2.83e+01], num_knots=604
2025-09-07 11:45:47,750 - Iter 3520: obj=-2468.660382, change=2.69e-05, α=0.000, ‖θ[1:]‖₁=8.066, h_range=[4.02e+00, 2.83e+01], num_knots=601
2025-09-07 11:45:47,850 - Iter 3530: obj=-2468.692708, change=2.60e-05, α=0.000, ‖θ[1:]‖₁=8.066, h_range=[4.02e+00, 2.83e+01], num_knots=601
2025-09-07 11:45:47,942 - Iter 3540: obj=-2468.724953, change=2.50e-05, α=0.000, ‖θ[1:]‖₁=8.067, h_range=[4.02e+00, 2.83e+01], num_knots=600
2025-09-07 11:45:48,037 - Iter 3550: obj=-2468.756991, change=2.88e-05, α=0.000, ‖θ[1:]‖₁=8.067, h_range=[4.02e+00, 2.83e+01], num_knots=598
2025-09-07 11:45:48,130 - Iter 3560: obj=-2468.788929, change=2.74e-05, α=0.000, ‖θ[1:]‖₁=8.068, h_range=[4.02e+00, 2.83e+01], num_knots=598
2025-09-07 11:45:48,277 - Iter 3570: obj=-2468.820822, change=2.63e-05, α=0.000, ‖θ[1:]‖₁=8.068, h_range=[4.02e+00, 2.83e+01], num_knots=598
2025-09-07 11:45:48,385 - Iter 3580: obj=-2468.852665, change=2.66e-05, α=0.000, ‖θ[1:]‖₁=8.069, h_range=[4.02e+00, 2.83e+01], num_knots=597
2025-09-07 11:45:48,510 - Iter 3590: obj=-2468.884405, change=2.50e-05, α=0.000, ‖θ[1:]‖₁=8.069, h_range=[4.02e+00, 2.83e+01], num_knots=596
2025-09-07 11:45:48,618 - Iter 3600: obj=-2468.916035, change=2.41e-05, α=0.000, ‖θ[1:]‖₁=8.070, h_range=[4.02e+00, 2.83e+01], num_knots=595
2025-09-07 11:45:48,708 - Iter 3610: obj=-2468.947430, change=2.35e-05, α=0.000, ‖θ[1:]‖₁=8.070, h_range=[4.02e+00, 2.83e+01], num_knots=594
2025-09-07 11:45:48,807 - Iter 3620: obj=-2468.978707, change=2.56e-05, α=0.000, ‖θ[1:]‖₁=8.071, h_range=[4.02e+00, 2.83e+01], num_knots=593
2025-09-07 11:45:48,915 - Iter 3630: obj=-2469.009852, change=2.46e-05, α=0.000, ‖θ[1:]‖₁=8.071, h_range=[4.02e+00, 2.83e+01], num_knots=593
2025-09-07 11:45:49,011 - Iter 3640: obj=-2469.040941, change=2.56e-05, α=0.000, ‖θ[1:]‖₁=8.072, h_range=[4.02e+00, 2.83e+01], num_knots=592
2025-09-07 11:45:49,109 - Iter 3650: obj=-2469.071827, change=2.43e-05, α=0.000, ‖θ[1:]‖₁=8.072, h_range=[4.02e+00, 2.83e+01], num_knots=591
2025-09-07 11:45:49,201 - Iter 3660: obj=-2469.102448, change=2.34e-05, α=0.000, ‖θ[1:]‖₁=8.073, h_range=[4.02e+00, 2.83e+01], num_knots=590
2025-09-07 11:45:49,316 - Iter 3670: obj=-2469.132961, change=2.28e-05, α=0.000, ‖θ[1:]‖₁=8.073, h_range=[4.02e+00, 2.83e+01], num_knots=590
2025-09-07 11:45:49,422 - Iter 3680: obj=-2469.163432, change=2.22e-05, α=0.000, ‖θ[1:]‖₁=8.074, h_range=[4.02e+00, 2.83e+01], num_knots=590
2025-09-07 11:45:49,576 - Iter 3690: obj=-2469.193813, change=2.17e-05, α=0.000, ‖θ[1:]‖₁=8.074, h_range=[4.02e+00, 2.83e+01], num_knots=589
2025-09-07 11:45:49,692 - Iter 3700: obj=-2469.224117, change=2.26e-05, α=0.000, ‖θ[1:]‖₁=8.075, h_range=[4.01e+00, 2.83e+01], num_knots=588
2025-09-07 11:45:49,801 - Iter 3710: obj=-2469.254139, change=2.82e-05, α=0.000, ‖θ[1:]‖₁=8.075, h_range=[4.01e+00, 2.83e+01], num_knots=587
2025-09-07 11:45:49,947 - Iter 3720: obj=-2469.283874, change=2.70e-05, α=0.000, ‖θ[1:]‖₁=8.076, h_range=[4.01e+00, 2.83e+01], num_knots=585
2025-09-07 11:45:50,056 - Iter 3730: obj=-2469.313469, change=2.67e-05, α=0.000, ‖θ[1:]‖₁=8.076, h_range=[4.01e+00, 2.83e+01], num_knots=584
2025-09-07 11:45:50,164 - Iter 3740: obj=-2469.342998, change=2.53e-05, α=0.000, ‖θ[1:]‖₁=8.077, h_range=[4.01e+00, 2.83e+01], num_knots=584
2025-09-07 11:45:50,258 - Iter 3750: obj=-2469.372347, change=2.78e-05, α=0.000, ‖θ[1:]‖₁=8.077, h_range=[4.01e+00, 2.83e+01], num_knots=583
2025-09-07 11:45:50,384 - Iter 3760: obj=-2469.401621, change=2.65e-05, α=0.000, ‖θ[1:]‖₁=8.078, h_range=[4.01e+00, 2.83e+01], num_knots=583
2025-09-07 11:45:50,474 - Iter 3770: obj=-2469.430859, change=2.54e-05, α=0.000, ‖θ[1:]‖₁=8.078, h_range=[4.01e+00, 2.83e+01], num_knots=583
2025-09-07 11:45:50,571 - Iter 3780: obj=-2469.459964, change=2.70e-05, α=0.000, ‖θ[1:]‖₁=8.079, h_range=[4.01e+00, 2.83e+01], num_knots=582
2025-09-07 11:45:50,690 - Iter 3790: obj=-2469.488978, change=2.57e-05, α=0.000, ‖θ[1:]‖₁=8.079, h_range=[4.01e+00, 2.83e+01], num_knots=582
2025-09-07 11:45:50,786 - Iter 3800: obj=-2469.517757, change=2.88e-05, α=0.000, ‖θ[1:]‖₁=8.079, h_range=[4.01e+00, 2.83e+01], num_knots=581
2025-09-07 11:45:50,887 - Iter 3810: obj=-2469.546452, change=2.71e-05, α=0.000, ‖θ[1:]‖₁=8.080, h_range=[4.01e+00, 2.83e+01], num_knots=580
2025-09-07 11:45:50,988 - Iter 3820: obj=-2469.575029, change=2.64e-05, α=0.000, ‖θ[1:]‖₁=8.080, h_range=[4.01e+00, 2.83e+01], num_knots=579
2025-09-07 11:45:51,103 - Iter 3830: obj=-2469.603069, change=3.23e-05, α=0.000, ‖θ[1:]‖₁=8.081, h_range=[4.01e+00, 2.83e+01], num_knots=579
2025-09-07 11:45:51,211 - Iter 3840: obj=-2469.631021, change=3.08e-05, α=0.000, ‖θ[1:]‖₁=8.081, h_range=[4.01e+00, 2.83e+01], num_knots=578
2025-09-07 11:45:51,297 - Iter 3850: obj=-2469.658857, change=2.95e-05, α=0.000, ‖θ[1:]‖₁=8.082, h_range=[4.01e+00, 2.83e+01], num_knots=578
2025-09-07 11:45:51,397 - Iter 3860: obj=-2469.686649, change=2.85e-05, α=0.000, ‖θ[1:]‖₁=8.082, h_range=[4.01e+00, 2.83e+01], num_knots=578
2025-09-07 11:45:51,477 - Iter 3870: obj=-2469.714408, change=2.76e-05, α=0.000, ‖θ[1:]‖₁=8.083, h_range=[4.01e+00, 2.83e+01], num_knots=578
2025-09-07 11:45:51,583 - Iter 3880: obj=-2469.742134, change=2.68e-05, α=0.000, ‖θ[1:]‖₁=8.083, h_range=[4.00e+00, 2.83e+01], num_knots=578
2025-09-07 11:45:51,706 - Iter 3890: obj=-2469.769827, change=2.60e-05, α=0.000, ‖θ[1:]‖₁=8.084, h_range=[4.00e+00, 2.83e+01], num_knots=578
2025-09-07 11:45:51,826 - Iter 3900: obj=-2469.797449, change=2.52e-05, α=0.000, ‖θ[1:]‖₁=8.084, h_range=[4.00e+00, 2.83e+01], num_knots=577
2025-09-07 11:45:51,927 - Iter 3910: obj=-2469.825018, change=2.47e-05, α=0.000, ‖θ[1:]‖₁=8.085, h_range=[4.00e+00, 2.83e+01], num_knots=577
2025-09-07 11:45:52,019 - Iter 3920: obj=-2469.852555, change=2.43e-05, α=0.000, ‖θ[1:]‖₁=8.085, h_range=[4.00e+00, 2.83e+01], num_knots=577
2025-09-07 11:45:52,124 - Iter 3930: obj=-2469.879822, change=2.65e-05, α=0.000, ‖θ[1:]‖₁=8.086, h_range=[4.00e+00, 2.83e+01], num_knots=575
2025-09-07 11:45:52,208 - Iter 3940: obj=-2469.906875, change=2.55e-05, α=0.000, ‖θ[1:]‖₁=8.086, h_range=[4.00e+00, 2.83e+01], num_knots=575
2025-09-07 11:45:52,360 - Iter 3950: obj=-2469.933833, change=2.55e-05, α=0.000, ‖θ[1:]‖₁=8.086, h_range=[4.00e+00, 2.83e+01], num_knots=574
2025-09-07 11:45:52,466 - Iter 3960: obj=-2469.960734, change=2.43e-05, α=0.000, ‖θ[1:]‖₁=8.087, h_range=[4.00e+00, 2.83e+01], num_knots=573
2025-09-07 11:45:52,573 - Iter 3970: obj=-2469.987559, change=2.34e-05, α=0.000, ‖θ[1:]‖₁=8.087, h_range=[4.00e+00, 2.83e+01], num_knots=573
2025-09-07 11:45:52,681 - Iter 3980: obj=-2470.014354, change=2.27e-05, α=0.000, ‖θ[1:]‖₁=8.088, h_range=[4.00e+00, 2.83e+01], num_knots=573
2025-09-07 11:45:52,795 - Iter 3990: obj=-2470.040989, change=2.36e-05, α=0.000, ‖θ[1:]‖₁=8.088, h_range=[4.00e+00, 2.83e+01], num_knots=570
2025-09-07 11:45:52,891 - Iter 4000: obj=-2470.067524, change=2.36e-05, α=0.000, ‖θ[1:]‖₁=8.089, h_range=[4.00e+00, 2.83e+01], num_knots=569
2025-09-07 11:45:52,999 - Iter 4010: obj=-2470.093998, change=2.36e-05, α=0.000, ‖θ[1:]‖₁=8.089, h_range=[4.00e+00, 2.83e+01], num_knots=568
2025-09-07 11:45:53,112 - Iter 4020: obj=-2470.120302, change=2.43e-05, α=0.000, ‖θ[1:]‖₁=8.090, h_range=[4.00e+00, 2.83e+01], num_knots=566
2025-09-07 11:45:53,217 - Iter 4030: obj=-2470.146519, change=2.30e-05, α=0.000, ‖θ[1:]‖₁=8.090, h_range=[4.00e+00, 2.83e+01], num_knots=566
2025-09-07 11:45:53,339 - Iter 4040: obj=-2470.172707, change=2.19e-05, α=0.000, ‖θ[1:]‖₁=8.090, h_range=[4.00e+00, 2.83e+01], num_knots=566
2025-09-07 11:45:53,461 - Iter 4050: obj=-2470.198823, change=2.09e-05, α=0.000, ‖θ[1:]‖₁=8.091, h_range=[4.00e+00, 2.83e+01], num_knots=565
2025-09-07 11:45:53,578 - Iter 4060: obj=-2470.224772, change=2.26e-05, α=0.000, ‖θ[1:]‖₁=8.091, h_range=[4.00e+00, 2.83e+01], num_knots=563
2025-09-07 11:45:53,691 - Iter 4070: obj=-2470.250638, change=2.13e-05, α=0.000, ‖θ[1:]‖₁=8.092, h_range=[4.00e+00, 2.83e+01], num_knots=562
2025-09-07 11:45:53,814 - Iter 4080: obj=-2470.276429, change=2.04e-05, α=0.000, ‖θ[1:]‖₁=8.092, h_range=[4.00e+00, 2.83e+01], num_knots=560
2025-09-07 11:45:53,917 - Iter 4090: obj=-2470.302120, change=1.99e-05, α=0.000, ‖θ[1:]‖₁=8.093, h_range=[3.99e+00, 2.83e+01], num_knots=560
2025-09-07 11:45:54,011 - Iter 4100: obj=-2470.327782, change=1.92e-05, α=0.000, ‖θ[1:]‖₁=8.093, h_range=[3.99e+00, 2.83e+01], num_knots=560
2025-09-07 11:45:54,100 - Iter 4110: obj=-2470.353417, change=1.87e-05, α=0.000, ‖θ[1:]‖₁=8.093, h_range=[3.99e+00, 2.83e+01], num_knots=560
2025-09-07 11:45:54,203 - Iter 4120: obj=-2470.379024, change=1.83e-05, α=0.000, ‖θ[1:]‖₁=8.094, h_range=[3.99e+00, 2.83e+01], num_knots=560
2025-09-07 11:45:54,315 - Iter 4130: obj=-2470.404541, change=1.96e-05, α=0.000, ‖θ[1:]‖₁=8.094, h_range=[3.99e+00, 2.83e+01], num_knots=559
2025-09-07 11:45:54,440 - Iter 4140: obj=-2470.430010, change=1.91e-05, α=0.000, ‖θ[1:]‖₁=8.094, h_range=[3.99e+00, 2.83e+01], num_knots=558
2025-09-07 11:45:54,555 - Iter 4150: obj=-2470.455277, change=1.87e-05, α=0.000, ‖θ[1:]‖₁=8.095, h_range=[3.99e+00, 2.83e+01], num_knots=557
2025-09-07 11:45:54,645 - Iter 4160: obj=-2470.480311, change=1.93e-05, α=0.000, ‖θ[1:]‖₁=8.095, h_range=[3.99e+00, 2.83e+01], num_knots=556
2025-09-07 11:45:54,751 - Iter 4170: obj=-2470.505277, change=1.84e-05, α=0.000, ‖θ[1:]‖₁=8.096, h_range=[3.99e+00, 2.83e+01], num_knots=556
2025-09-07 11:45:54,863 - Iter 4180: obj=-2470.530182, change=1.75e-05, α=0.000, ‖θ[1:]‖₁=8.096, h_range=[3.99e+00, 2.83e+01], num_knots=554
2025-09-07 11:45:54,973 - Iter 4190: obj=-2470.554915, change=1.92e-05, α=0.000, ‖θ[1:]‖₁=8.096, h_range=[3.99e+00, 2.83e+01], num_knots=553
2025-09-07 11:45:55,065 - Iter 4200: obj=-2470.579576, change=1.86e-05, α=0.000, ‖θ[1:]‖₁=8.097, h_range=[3.99e+00, 2.83e+01], num_knots=552
2025-09-07 11:45:55,171 - Iter 4210: obj=-2470.604159, change=1.80e-05, α=0.000, ‖θ[1:]‖₁=8.097, h_range=[3.99e+00, 2.83e+01], num_knots=551
2025-09-07 11:45:55,273 - Iter 4220: obj=-2470.628556, change=1.84e-05, α=0.000, ‖θ[1:]‖₁=8.098, h_range=[3.99e+00, 2.83e+01], num_knots=550
2025-09-07 11:45:55,367 - Iter 4230: obj=-2470.652906, change=1.76e-05, α=0.000, ‖θ[1:]‖₁=8.098, h_range=[3.99e+00, 2.83e+01], num_knots=550
2025-09-07 11:45:55,466 - Iter 4240: obj=-2470.677231, change=1.69e-05, α=0.000, ‖θ[1:]‖₁=8.098, h_range=[3.99e+00, 2.83e+01], num_knots=550
2025-09-07 11:45:55,579 - Iter 4250: obj=-2470.701531, change=1.64e-05, α=0.000, ‖θ[1:]‖₁=8.099, h_range=[3.99e+00, 2.83e+01], num_knots=550
2025-09-07 11:45:55,677 - Iter 4260: obj=-2470.725779, change=1.55e-05, α=0.000, ‖θ[1:]‖₁=8.099, h_range=[3.99e+00, 2.83e+01], num_knots=548
2025-09-07 11:45:55,778 - Iter 4270: obj=-2470.749957, change=1.55e-05, α=0.000, ‖θ[1:]‖₁=8.100, h_range=[3.99e+00, 2.83e+01], num_knots=548
2025-09-07 11:45:55,899 - Iter 4280: obj=-2470.774111, change=1.55e-05, α=0.000, ‖θ[1:]‖₁=8.100, h_range=[3.99e+00, 2.83e+01], num_knots=548
2025-09-07 11:45:56,010 - Iter 4290: obj=-2470.798221, change=1.51e-05, α=0.000, ‖θ[1:]‖₁=8.100, h_range=[3.99e+00, 2.83e+01], num_knots=547
2025-09-07 11:45:56,105 - Iter 4300: obj=-2470.822252, change=1.52e-05, α=0.000, ‖θ[1:]‖₁=8.101, h_range=[3.99e+00, 2.83e+01], num_knots=547
2025-09-07 11:45:56,210 - Iter 4310: obj=-2470.846258, change=1.52e-05, α=0.000, ‖θ[1:]‖₁=8.101, h_range=[3.99e+00, 2.83e+01], num_knots=547
2025-09-07 11:45:56,315 - Iter 4320: obj=-2470.870241, change=1.52e-05, α=0.000, ‖θ[1:]‖₁=8.101, h_range=[3.99e+00, 2.83e+01], num_knots=547
2025-09-07 11:45:56,411 - Iter 4330: obj=-2470.894170, change=1.63e-05, α=0.000, ‖θ[1:]‖₁=8.102, h_range=[3.99e+00, 2.83e+01], num_knots=546
2025-09-07 11:45:56,515 - Iter 4340: obj=-2470.917996, change=1.82e-05, α=0.000, ‖θ[1:]‖₁=8.102, h_range=[3.99e+00, 2.83e+01], num_knots=545
2025-09-07 11:45:56,615 - Iter 4350: obj=-2470.941743, change=1.74e-05, α=0.000, ‖θ[1:]‖₁=8.102, h_range=[3.99e+00, 2.83e+01], num_knots=545
2025-09-07 11:45:56,713 - Iter 4360: obj=-2470.965461, change=1.83e-05, α=0.000, ‖θ[1:]‖₁=8.103, h_range=[3.99e+00, 2.83e+01], num_knots=544
2025-09-07 11:45:56,812 - Iter 4370: obj=-2470.989103, change=1.74e-05, α=0.000, ‖θ[1:]‖₁=8.103, h_range=[3.99e+00, 2.83e+01], num_knots=544
2025-09-07 11:45:56,915 - Iter 4380: obj=-2471.012661, change=1.73e-05, α=0.000, ‖θ[1:]‖₁=8.103, h_range=[3.98e+00, 2.83e+01], num_knots=542
2025-09-07 11:45:57,041 - Iter 4390: obj=-2471.035943, change=2.16e-05, α=0.000, ‖θ[1:]‖₁=8.104, h_range=[3.98e+00, 2.83e+01], num_knots=540
2025-09-07 11:45:57,159 - Iter 4400: obj=-2471.058997, change=2.21e-05, α=0.000, ‖θ[1:]‖₁=8.104, h_range=[3.98e+00, 2.83e+01], num_knots=537
2025-09-07 11:45:57,294 - Iter 4410: obj=-2471.081890, change=2.12e-05, α=0.000, ‖θ[1:]‖₁=8.105, h_range=[3.98e+00, 2.83e+01], num_knots=537
2025-09-07 11:45:57,390 - Iter 4420: obj=-2471.104760, change=2.05e-05, α=0.000, ‖θ[1:]‖₁=8.105, h_range=[3.98e+00, 2.83e+01], num_knots=537
2025-09-07 11:45:57,484 - Iter 4430: obj=-2471.127474, change=1.95e-05, α=0.000, ‖θ[1:]‖₁=8.105, h_range=[3.98e+00, 2.83e+01], num_knots=535
2025-09-07 11:45:57,587 - Iter 4440: obj=-2471.149860, change=2.55e-05, α=0.000, ‖θ[1:]‖₁=8.106, h_range=[3.98e+00, 2.83e+01], num_knots=534
2025-09-07 11:45:57,676 - Iter 4450: obj=-2471.171951, change=2.44e-05, α=0.000, ‖θ[1:]‖₁=8.106, h_range=[3.98e+00, 2.83e+01], num_knots=534
2025-09-07 11:45:57,772 - Iter 4460: obj=-2471.193825, change=2.29e-05, α=0.000, ‖θ[1:]‖₁=8.107, h_range=[3.98e+00, 2.83e+01], num_knots=531
2025-09-07 11:45:57,862 - Iter 4470: obj=-2471.215579, change=2.23e-05, α=0.000, ‖θ[1:]‖₁=8.107, h_range=[3.98e+00, 2.83e+01], num_knots=531
2025-09-07 11:45:57,961 - Iter 4480: obj=-2471.237310, change=2.17e-05, α=0.000, ‖θ[1:]‖₁=8.108, h_range=[3.98e+00, 2.83e+01], num_knots=531
2025-09-07 11:45:58,078 - Iter 4490: obj=-2471.259021, change=2.11e-05, α=0.000, ‖θ[1:]‖₁=8.108, h_range=[3.98e+00, 2.83e+01], num_knots=531
2025-09-07 11:45:58,219 - Iter 4500: obj=-2471.280711, change=2.05e-05, α=0.000, ‖θ[1:]‖₁=8.109, h_range=[3.98e+00, 2.83e+01], num_knots=531
2025-09-07 11:45:58,324 - Iter 4510: obj=-2471.302382, change=2.00e-05, α=0.000, ‖θ[1:]‖₁=8.109, h_range=[3.98e+00, 2.83e+01], num_knots=531
2025-09-07 11:45:58,455 - Iter 4520: obj=-2471.324033, change=1.94e-05, α=0.000, ‖θ[1:]‖₁=8.109, h_range=[3.98e+00, 2.83e+01], num_knots=531
2025-09-07 11:45:58,617 - Iter 4530: obj=-2471.345618, change=2.11e-05, α=0.000, ‖θ[1:]‖₁=8.110, h_range=[3.98e+00, 2.83e+01], num_knots=529
2025-09-07 11:45:58,755 - Iter 4540: obj=-2471.367036, change=2.11e-05, α=0.000, ‖θ[1:]‖₁=8.110, h_range=[3.98e+00, 2.83e+01], num_knots=528
2025-09-07 11:45:58,854 - Iter 4550: obj=-2471.388418, change=2.00e-05, α=0.000, ‖θ[1:]‖₁=8.110, h_range=[3.98e+00, 2.83e+01], num_knots=528
2025-09-07 11:45:58,965 - Iter 4560: obj=-2471.409670, change=1.91e-05, α=0.000, ‖θ[1:]‖₁=8.111, h_range=[3.98e+00, 2.83e+01], num_knots=527
2025-09-07 11:45:59,054 - Iter 4570: obj=-2471.430859, change=1.85e-05, α=0.000, ‖θ[1:]‖₁=8.111, h_range=[3.98e+00, 2.83e+01], num_knots=527
2025-09-07 11:45:59,156 - Iter 4580: obj=-2471.452029, change=1.79e-05, α=0.000, ‖θ[1:]‖₁=8.112, h_range=[3.98e+00, 2.83e+01], num_knots=527
2025-09-07 11:45:59,263 - Iter 4590: obj=-2471.473158, change=1.97e-05, α=0.000, ‖θ[1:]‖₁=8.112, h_range=[3.98e+00, 2.83e+01], num_knots=526
2025-09-07 11:45:59,363 - Iter 4600: obj=-2471.494196, change=1.88e-05, α=0.000, ‖θ[1:]‖₁=8.112, h_range=[3.98e+00, 2.83e+01], num_knots=526
2025-09-07 11:45:59,458 - Iter 4610: obj=-2471.515217, change=1.80e-05, α=0.000, ‖θ[1:]‖₁=8.113, h_range=[3.98e+00, 2.83e+01], num_knots=526
2025-09-07 11:45:59,574 - Iter 4620: obj=-2471.536220, change=1.74e-05, α=0.000, ‖θ[1:]‖₁=8.113, h_range=[3.97e+00, 2.83e+01], num_knots=526
2025-09-07 11:45:59,670 - Iter 4630: obj=-2471.557197, change=1.78e-05, α=0.000, ‖θ[1:]‖₁=8.113, h_range=[3.97e+00, 2.83e+01], num_knots=525
2025-09-07 11:45:59,755 - Iter 4640: obj=-2471.578116, change=1.98e-05, α=0.000, ‖θ[1:]‖₁=8.113, h_range=[3.97e+00, 2.83e+01], num_knots=524
2025-09-07 11:45:59,851 - Iter 4650: obj=-2471.598939, change=1.88e-05, α=0.000, ‖θ[1:]‖₁=8.114, h_range=[3.97e+00, 2.83e+01], num_knots=524
2025-09-07 11:45:59,958 - Iter 4660: obj=-2471.619746, change=1.80e-05, α=0.000, ‖θ[1:]‖₁=8.114, h_range=[3.97e+00, 2.83e+01], num_knots=524
2025-09-07 11:46:00,103 - Iter 4670: obj=-2471.640506, change=1.95e-05, α=0.000, ‖θ[1:]‖₁=8.114, h_range=[3.97e+00, 2.83e+01], num_knots=523
2025-09-07 11:46:00,238 - Iter 4680: obj=-2471.661148, change=2.11e-05, α=0.000, ‖θ[1:]‖₁=8.115, h_range=[3.97e+00, 2.83e+01], num_knots=522
2025-09-07 11:46:00,370 - Iter 4690: obj=-2471.681692, change=1.97e-05, α=0.000, ‖θ[1:]‖₁=8.115, h_range=[3.97e+00, 2.83e+01], num_knots=522
2025-09-07 11:46:00,492 - Iter 4700: obj=-2471.702218, change=1.86e-05, α=0.000, ‖θ[1:]‖₁=8.115, h_range=[3.97e+00, 2.83e+01], num_knots=522
2025-09-07 11:46:00,593 - Iter 4710: obj=-2471.722727, change=1.77e-05, α=0.000, ‖θ[1:]‖₁=8.116, h_range=[3.97e+00, 2.83e+01], num_knots=522
2025-09-07 11:46:00,681 - Iter 4720: obj=-2471.743219, change=1.70e-05, α=0.000, ‖θ[1:]‖₁=8.116, h_range=[3.97e+00, 2.83e+01], num_knots=522
2025-09-07 11:46:00,759 - Iter 4730: obj=-2471.763695, change=1.64e-05, α=0.000, ‖θ[1:]‖₁=8.116, h_range=[3.97e+00, 2.83e+01], num_knots=522
2025-09-07 11:46:00,871 - Iter 4740: obj=-2471.784154, change=1.58e-05, α=0.000, ‖θ[1:]‖₁=8.117, h_range=[3.97e+00, 2.83e+01], num_knots=522
2025-09-07 11:46:00,958 - Iter 4750: obj=-2471.804598, change=1.54e-05, α=0.000, ‖θ[1:]‖₁=8.117, h_range=[3.97e+00, 2.83e+01], num_knots=522
2025-09-07 11:46:01,077 - Iter 4760: obj=-2471.825025, change=1.50e-05, α=0.000, ‖θ[1:]‖₁=8.117, h_range=[3.97e+00, 2.83e+01], num_knots=522
2025-09-07 11:46:01,171 - Iter 4770: obj=-2471.845324, change=2.03e-05, α=0.000, ‖θ[1:]‖₁=8.117, h_range=[3.97e+00, 2.83e+01], num_knots=520
2025-09-07 11:46:01,329 - Iter 4780: obj=-2471.865489, change=1.91e-05, α=0.000, ‖θ[1:]‖₁=8.118, h_range=[3.97e+00, 2.83e+01], num_knots=520
2025-09-07 11:46:01,544 - Iter 4790: obj=-2471.885638, change=1.82e-05, α=0.000, ‖θ[1:]‖₁=8.118, h_range=[3.97e+00, 2.83e+01], num_knots=520
2025-09-07 11:46:01,642 - Iter 4800: obj=-2471.905771, change=1.74e-05, α=0.000, ‖θ[1:]‖₁=8.118, h_range=[3.97e+00, 2.83e+01], num_knots=520
2025-09-07 11:46:01,739 - Iter 4810: obj=-2471.925888, change=1.68e-05, α=0.000, ‖θ[1:]‖₁=8.119, h_range=[3.97e+00, 2.83e+01], num_knots=520
2025-09-07 11:46:01,840 - Iter 4820: obj=-2471.945990, change=1.62e-05, α=0.000, ‖θ[1:]‖₁=8.119, h_range=[3.97e+00, 2.83e+01], num_knots=520
2025-09-07 11:46:01,953 - Iter 4830: obj=-2471.966077, change=1.57e-05, α=0.000, ‖θ[1:]‖₁=8.119, h_range=[3.97e+00, 2.83e+01], num_knots=520
2025-09-07 11:46:02,072 - Iter 4840: obj=-2471.986141, change=1.51e-05, α=0.000, ‖θ[1:]‖₁=8.119, h_range=[3.97e+00, 2.83e+01], num_knots=519
2025-09-07 11:46:02,156 - Iter 4850: obj=-2472.006040, change=1.47e-05, α=0.000, ‖θ[1:]‖₁=8.120, h_range=[3.97e+00, 2.83e+01], num_knots=518
2025-09-07 11:46:02,246 - Iter 4860: obj=-2472.025860, change=1.76e-05, α=0.000, ‖θ[1:]‖₁=8.120, h_range=[3.97e+00, 2.83e+01], num_knots=517
2025-09-07 11:46:02,379 - Iter 4870: obj=-2472.045562, change=1.69e-05, α=0.000, ‖θ[1:]‖₁=8.120, h_range=[3.97e+00, 2.83e+01], num_knots=517
2025-09-07 11:46:02,495 - Iter 4880: obj=-2472.065250, change=1.63e-05, α=0.000, ‖θ[1:]‖₁=8.121, h_range=[3.97e+00, 2.83e+01], num_knots=516
2025-09-07 11:46:02,599 - Iter 4890: obj=-2472.084838, change=1.55e-05, α=0.000, ‖θ[1:]‖₁=8.121, h_range=[3.97e+00, 2.83e+01], num_knots=515
2025-09-07 11:46:02,697 - Iter 4900: obj=-2472.104393, change=1.52e-05, α=0.000, ‖θ[1:]‖₁=8.121, h_range=[3.97e+00, 2.83e+01], num_knots=515
2025-09-07 11:46:02,792 - Iter 4910: obj=-2472.123935, change=1.49e-05, α=0.000, ‖θ[1:]‖₁=8.122, h_range=[3.97e+00, 2.83e+01], num_knots=515
2025-09-07 11:46:02,904 - Iter 4920: obj=-2472.143449, change=1.61e-05, α=0.000, ‖θ[1:]‖₁=8.122, h_range=[3.96e+00, 2.83e+01], num_knots=514
2025-09-07 11:46:03,020 - Iter 4930: obj=-2472.162909, change=1.54e-05, α=0.000, ‖θ[1:]‖₁=8.122, h_range=[3.96e+00, 2.83e+01], num_knots=514
2025-09-07 11:46:03,195 - Iter 4940: obj=-2472.182357, change=1.48e-05, α=0.000, ‖θ[1:]‖₁=8.122, h_range=[3.96e+00, 2.83e+01], num_knots=514
2025-09-07 11:46:03,299 - Iter 4950: obj=-2472.201748, change=1.67e-05, α=0.000, ‖θ[1:]‖₁=8.123, h_range=[3.96e+00, 2.83e+01], num_knots=513
2025-09-07 11:46:03,392 - Iter 4960: obj=-2472.221048, change=1.58e-05, α=0.000, ‖θ[1:]‖₁=8.123, h_range=[3.96e+00, 2.83e+01], num_knots=513
2025-09-07 11:46:03,505 - Iter 4970: obj=-2472.240086, change=1.60e-05, α=0.000, ‖θ[1:]‖₁=8.123, h_range=[3.96e+00, 2.83e+01], num_knots=511
2025-09-07 11:46:03,612 - Iter 4980: obj=-2472.258996, change=1.50e-05, α=0.000, ‖θ[1:]‖₁=8.124, h_range=[3.96e+00, 2.83e+01], num_knots=511
2025-09-07 11:46:03,717 - Iter 4990: obj=-2472.277893, change=1.42e-05, α=0.000, ‖θ[1:]‖₁=8.124, h_range=[3.96e+00, 2.83e+01], num_knots=511
2025-09-07 11:46:03,813 - Iter 5000: obj=-2472.296777, change=1.35e-05, α=0.000, ‖θ[1:]‖₁=8.124, h_range=[3.96e+00, 2.83e+01], num_knots=511
2025-09-07 11:46:03,936 - Iter 5010: obj=-2472.315648, change=1.30e-05, α=0.000, ‖θ[1:]‖₁=8.124, h_range=[3.96e+00, 2.83e+01], num_knots=511
2025-09-07 11:46:04,040 - Iter 5020: obj=-2472.334501, change=1.38e-05, α=0.000, ‖θ[1:]‖₁=8.125, h_range=[3.96e+00, 2.83e+01], num_knots=510
2025-09-07 11:46:04,160 - Iter 5030: obj=-2472.353272, change=1.38e-05, α=0.000, ‖θ[1:]‖₁=8.125, h_range=[3.96e+00, 2.83e+01], num_knots=509
2025-09-07 11:46:04,273 - Iter 5040: obj=-2472.371986, change=1.28e-05, α=0.000, ‖θ[1:]‖₁=8.125, h_range=[3.96e+00, 2.83e+01], num_knots=508
2025-09-07 11:46:04,373 - Iter 5050: obj=-2472.390653, change=1.22e-05, α=0.000, ‖θ[1:]‖₁=8.125, h_range=[3.96e+00, 2.83e+01], num_knots=508
2025-09-07 11:46:04,509 - Iter 5060: obj=-2472.409188, change=1.16e-05, α=0.000, ‖θ[1:]‖₁=8.126, h_range=[3.96e+00, 2.83e+01], num_knots=507
2025-09-07 11:46:04,615 - Iter 5070: obj=-2472.427620, change=1.13e-05, α=0.000, ‖θ[1:]‖₁=8.126, h_range=[3.96e+00, 2.83e+01], num_knots=507
2025-09-07 11:46:04,718 - Iter 5080: obj=-2472.446040, change=1.10e-05, α=0.000, ‖θ[1:]‖₁=8.126, h_range=[3.96e+00, 2.83e+01], num_knots=507
2025-09-07 11:46:04,812 - Iter 5090: obj=-2472.464426, change=1.07e-05, α=0.000, ‖θ[1:]‖₁=8.127, h_range=[3.96e+00, 2.83e+01], num_knots=506
2025-09-07 11:46:04,905 - Iter 5100: obj=-2472.482786, change=1.05e-05, α=0.000, ‖θ[1:]‖₁=8.127, h_range=[3.96e+00, 2.83e+01], num_knots=506
2025-09-07 11:46:05,004 - Iter 5110: obj=-2472.501134, change=1.03e-05, α=0.000, ‖θ[1:]‖₁=8.127, h_range=[3.96e+00, 2.83e+01], num_knots=506
2025-09-07 11:46:05,110 - Iter 5120: obj=-2472.519425, change=1.09e-05, α=0.000, ‖θ[1:]‖₁=8.127, h_range=[3.96e+00, 2.83e+01], num_knots=504
2025-09-07 11:46:05,212 - Iter 5130: obj=-2472.537655, change=1.06e-05, α=0.000, ‖θ[1:]‖₁=8.128, h_range=[3.96e+00, 2.83e+01], num_knots=504
2025-09-07 11:46:05,331 - Iter 5140: obj=-2472.555828, change=1.02e-05, α=0.000, ‖θ[1:]‖₁=8.128, h_range=[3.96e+00, 2.83e+01], num_knots=503
2025-09-07 11:46:05,447 - Iter 5150: obj=-2472.573946, change=1.00e-05, α=0.000, ‖θ[1:]‖₁=8.128, h_range=[3.96e+00, 2.83e+01], num_knots=503
2025-09-07 11:46:05,579 - Iter 5160: obj=-2472.592053, change=9.89e-06, α=0.000, ‖θ[1:]‖₁=8.128, h_range=[3.96e+00, 2.83e+01], num_knots=503
2025-09-07 11:46:05,698 - Iter 5170: obj=-2472.610148, change=9.75e-06, α=0.000, ‖θ[1:]‖₁=8.129, h_range=[3.96e+00, 2.83e+01], num_knots=503
2025-09-07 11:46:05,806 - Iter 5180: obj=-2472.628233, change=9.61e-06, α=0.000, ‖θ[1:]‖₁=8.129, h_range=[3.96e+00, 2.83e+01], num_knots=503
2025-09-07 11:46:05,917 - Iter 5190: obj=-2472.646307, change=9.48e-06, α=0.000, ‖θ[1:]‖₁=8.129, h_range=[3.96e+00, 2.83e+01], num_knots=503
2025-09-07 11:46:06,028 - Iter 5200: obj=-2472.664337, change=9.12e-06, α=0.000, ‖θ[1:]‖₁=8.129, h_range=[3.96e+00, 2.83e+01], num_knots=501
2025-09-07 11:46:06,132 - Iter 5210: obj=-2472.682337, change=9.09e-06, α=0.000, ‖θ[1:]‖₁=8.130, h_range=[3.96e+00, 2.83e+01], num_knots=501
2025-09-07 11:46:06,258 - Iter 5220: obj=-2472.700326, change=9.13e-06, α=0.000, ‖θ[1:]‖₁=8.130, h_range=[3.96e+00, 2.83e+01], num_knots=501
2025-09-07 11:46:06,359 - Iter 5230: obj=-2472.718304, change=9.13e-06, α=0.000, ‖θ[1:]‖₁=8.130, h_range=[3.96e+00, 2.83e+01], num_knots=501
2025-09-07 11:46:06,493 - Iter 5240: obj=-2472.736272, change=9.10e-06, α=0.000, ‖θ[1:]‖₁=8.130, h_range=[3.96e+00, 2.83e+01], num_knots=501
2025-09-07 11:46:06,602 - Iter 5250: obj=-2472.754148, change=9.70e-06, α=0.000, ‖θ[1:]‖₁=8.130, h_range=[3.96e+00, 2.83e+01], num_knots=499
2025-09-07 11:46:06,708 - Iter 5260: obj=-2472.771991, change=9.42e-06, α=0.000, ‖θ[1:]‖₁=8.131, h_range=[3.96e+00, 2.83e+01], num_knots=499
2025-09-07 11:46:06,812 - Iter 5270: obj=-2472.789823, change=9.19e-06, α=0.000, ‖θ[1:]‖₁=8.131, h_range=[3.96e+00, 2.83e+01], num_knots=499
2025-09-07 11:46:06,932 - Iter 5280: obj=-2472.807635, change=9.99e-06, α=0.000, ‖θ[1:]‖₁=8.131, h_range=[3.96e+00, 2.83e+01], num_knots=498
2025-09-07 11:46:07,053 - Iter 5290: obj=-2472.825326, change=1.50e-05, α=0.000, ‖θ[1:]‖₁=8.131, h_range=[3.96e+00, 2.83e+01], num_knots=497
2025-09-07 11:46:07,162 - Iter 5300: obj=-2472.842789, change=1.41e-05, α=0.000, ‖θ[1:]‖₁=8.131, h_range=[3.96e+00, 2.83e+01], num_knots=497
2025-09-07 11:46:07,257 - Iter 5310: obj=-2472.860231, change=1.32e-05, α=0.000, ‖θ[1:]‖₁=8.132, h_range=[3.96e+00, 2.83e+01], num_knots=496
2025-09-07 11:46:07,361 - Iter 5320: obj=-2472.877621, change=1.27e-05, α=0.000, ‖θ[1:]‖₁=8.132, h_range=[3.96e+00, 2.83e+01], num_knots=496
2025-09-07 11:46:07,454 - Iter 5330: obj=-2472.895000, change=1.23e-05, α=0.000, ‖θ[1:]‖₁=8.132, h_range=[3.96e+00, 2.83e+01], num_knots=496
2025-09-07 11:46:07,547 - Iter 5340: obj=-2472.912370, change=1.19e-05, α=0.000, ‖θ[1:]‖₁=8.132, h_range=[3.95e+00, 2.83e+01], num_knots=496
2025-09-07 11:46:07,687 - Iter 5350: obj=-2472.929731, change=1.16e-05, α=0.000, ‖θ[1:]‖₁=8.133, h_range=[3.95e+00, 2.83e+01], num_knots=496
2025-09-07 11:46:07,804 - Iter 5360: obj=-2472.947082, change=1.13e-05, α=0.000, ‖θ[1:]‖₁=8.133, h_range=[3.95e+00, 2.83e+01], num_knots=496
2025-09-07 11:46:07,906 - Iter 5370: obj=-2472.964398, change=1.20e-05, α=0.000, ‖θ[1:]‖₁=8.133, h_range=[3.95e+00, 2.83e+01], num_knots=495
2025-09-07 11:46:08,005 - Iter 5380: obj=-2472.981668, change=1.28e-05, α=0.000, ‖θ[1:]‖₁=8.133, h_range=[3.95e+00, 2.83e+01], num_knots=494
2025-09-07 11:46:08,092 - Iter 5390: obj=-2472.998720, change=1.62e-05, α=0.000, ‖θ[1:]‖₁=8.134, h_range=[3.95e+00, 2.83e+01], num_knots=493
2025-09-07 11:46:08,200 - Iter 5400: obj=-2473.015709, change=1.58e-05, α=0.000, ‖θ[1:]‖₁=8.134, h_range=[3.95e+00, 2.83e+01], num_knots=492
2025-09-07 11:46:08,308 - Iter 5410: obj=-2473.032658, change=1.47e-05, α=0.000, ‖θ[1:]‖₁=8.134, h_range=[3.95e+00, 2.83e+01], num_knots=492
2025-09-07 11:46:08,421 - Iter 5420: obj=-2473.049598, change=1.38e-05, α=0.000, ‖θ[1:]‖₁=8.134, h_range=[3.95e+00, 2.83e+01], num_knots=492
2025-09-07 11:46:08,524 - Iter 5430: obj=-2473.066529, change=1.31e-05, α=0.000, ‖θ[1:]‖₁=8.134, h_range=[3.95e+00, 2.83e+01], num_knots=492
2025-09-07 11:46:08,636 - Iter 5440: obj=-2473.083451, change=1.26e-05, α=0.000, ‖θ[1:]‖₁=8.135, h_range=[3.95e+00, 2.83e+01], num_knots=492
2025-09-07 11:46:08,748 - Iter 5450: obj=-2473.100365, change=1.21e-05, α=0.000, ‖θ[1:]‖₁=8.135, h_range=[3.95e+00, 2.83e+01], num_knots=492
2025-09-07 11:46:08,856 - Iter 5460: obj=-2473.117270, change=1.18e-05, α=0.000, ‖θ[1:]‖₁=8.135, h_range=[3.95e+00, 2.83e+01], num_knots=492
2025-09-07 11:46:08,950 - Iter 5470: obj=-2473.134115, change=1.26e-05, α=0.000, ‖θ[1:]‖₁=8.135, h_range=[3.95e+00, 2.83e+01], num_knots=490
2025-09-07 11:46:09,042 - Iter 5480: obj=-2473.150823, change=1.20e-05, α=0.000, ‖θ[1:]‖₁=8.136, h_range=[3.95e+00, 2.83e+01], num_knots=490
2025-09-07 11:46:09,137 - Iter 5490: obj=-2473.167522, change=1.15e-05, α=0.000, ‖θ[1:]‖₁=8.136, h_range=[3.95e+00, 2.83e+01], num_knots=490
2025-09-07 11:46:09,235 - Iter 5500: obj=-2473.184180, change=1.26e-05, α=0.000, ‖θ[1:]‖₁=8.136, h_range=[3.95e+00, 2.83e+01], num_knots=489
2025-09-07 11:46:09,329 - Iter 5510: obj=-2473.200799, change=1.19e-05, α=0.000, ‖θ[1:]‖₁=8.136, h_range=[3.95e+00, 2.83e+01], num_knots=489
2025-09-07 11:46:09,435 - Iter 5520: obj=-2473.217386, change=1.11e-05, α=0.000, ‖θ[1:]‖₁=8.136, h_range=[3.95e+00, 2.83e+01], num_knots=488
2025-09-07 11:46:09,550 - Iter 5530: obj=-2473.233934, change=1.06e-05, α=0.000, ‖θ[1:]‖₁=8.137, h_range=[3.95e+00, 2.83e+01], num_knots=487
2025-09-07 11:46:09,662 - Iter 5540: obj=-2473.250434, change=1.05e-05, α=0.000, ‖θ[1:]‖₁=8.137, h_range=[3.95e+00, 2.83e+01], num_knots=487
2025-09-07 11:46:09,765 - Iter 5550: obj=-2473.266860, change=1.02e-05, α=0.000, ‖θ[1:]‖₁=8.137, h_range=[3.95e+00, 2.83e+01], num_knots=486
2025-09-07 11:46:09,862 - Iter 5560: obj=-2473.283200, change=9.94e-06, α=0.000, ‖θ[1:]‖₁=8.137, h_range=[3.95e+00, 2.83e+01], num_knots=485
2025-09-07 11:46:09,947 - Iter 5570: obj=-2473.299477, change=9.97e-06, α=0.000, ‖θ[1:]‖₁=8.138, h_range=[3.95e+00, 2.83e+01], num_knots=485
2025-09-07 11:46:10,042 - Iter 5580: obj=-2473.315739, change=9.78e-06, α=0.000, ‖θ[1:]‖₁=8.138, h_range=[3.95e+00, 2.83e+01], num_knots=484
2025-09-07 11:46:10,148 - Iter 5590: obj=-2473.331950, change=9.77e-06, α=0.000, ‖θ[1:]‖₁=8.138, h_range=[3.95e+00, 2.83e+01], num_knots=484
2025-09-07 11:46:10,277 - Iter 5600: obj=-2473.348152, change=9.71e-06, α=0.000, ‖θ[1:]‖₁=8.138, h_range=[3.95e+00, 2.83e+01], num_knots=484
2025-09-07 11:46:10,365 - Iter 5610: obj=-2473.364346, change=9.61e-06, α=0.000, ‖θ[1:]‖₁=8.138, h_range=[3.95e+00, 2.83e+01], num_knots=484
2025-09-07 11:46:10,461 - Iter 5620: obj=-2473.380465, change=9.31e-06, α=0.000, ‖θ[1:]‖₁=8.139, h_range=[3.95e+00, 2.83e+01], num_knots=483
2025-09-07 11:46:10,562 - Iter 5630: obj=-2473.396550, change=8.92e-06, α=0.000, ‖θ[1:]‖₁=8.139, h_range=[3.95e+00, 2.83e+01], num_knots=482
2025-09-07 11:46:10,679 - Iter 5640: obj=-2473.412581, change=9.07e-06, α=0.000, ‖θ[1:]‖₁=8.139, h_range=[3.95e+00, 2.83e+01], num_knots=482
2025-09-07 11:46:10,789 - Iter 5650: obj=-2473.428578, change=8.87e-06, α=0.000, ‖θ[1:]‖₁=8.139, h_range=[3.95e+00, 2.83e+01], num_knots=481
2025-09-07 11:46:10,868 - Iter 5660: obj=-2473.444549, change=9.00e-06, α=0.000, ‖θ[1:]‖₁=8.139, h_range=[3.95e+00, 2.83e+01], num_knots=481
2025-09-07 11:46:10,971 - Iter 5670: obj=-2473.460343, change=1.18e-05, α=0.000, ‖θ[1:]‖₁=8.140, h_range=[3.95e+00, 2.83e+01], num_knots=477
2025-09-07 11:46:11,064 - Iter 5680: obj=-2473.475997, change=1.33e-05, α=0.000, ‖θ[1:]‖₁=8.140, h_range=[3.95e+00, 2.83e+01], num_knots=476
2025-09-07 11:46:11,141 - Iter 5690: obj=-2473.491618, change=1.25e-05, α=0.000, ‖θ[1:]‖₁=8.140, h_range=[3.95e+00, 2.83e+01], num_knots=476
2025-09-07 11:46:11,258 - Iter 5700: obj=-2473.507229, change=1.19e-05, α=0.000, ‖θ[1:]‖₁=8.140, h_range=[3.95e+00, 2.83e+01], num_knots=476
2025-09-07 11:46:11,383 - Iter 5710: obj=-2473.522832, change=1.13e-05, α=0.000, ‖θ[1:]‖₁=8.141, h_range=[3.95e+00, 2.83e+01], num_knots=476
2025-09-07 11:46:11,490 - Iter 5720: obj=-2473.538412, change=1.07e-05, α=0.000, ‖θ[1:]‖₁=8.141, h_range=[3.95e+00, 2.83e+01], num_knots=475
2025-09-07 11:46:11,596 - Iter 5730: obj=-2473.553948, change=1.03e-05, α=0.000, ‖θ[1:]‖₁=8.141, h_range=[3.95e+00, 2.83e+01], num_knots=475
2025-09-07 11:46:11,705 - Iter 5740: obj=-2473.569476, change=9.97e-06, α=0.000, ‖θ[1:]‖₁=8.141, h_range=[3.95e+00, 2.83e+01], num_knots=475
2025-09-07 11:46:11,798 - Iter 5750: obj=-2473.584995, change=9.65e-06, α=0.000, ‖θ[1:]‖₁=8.141, h_range=[3.95e+00, 2.83e+01], num_knots=475
2025-09-07 11:46:11,903 - Iter 5760: obj=-2473.600507, change=9.37e-06, α=0.000, ‖θ[1:]‖₁=8.142, h_range=[3.95e+00, 2.83e+01], num_knots=475
2025-09-07 11:46:11,994 - Iter 5770: obj=-2473.615916, change=9.07e-06, α=0.000, ‖θ[1:]‖₁=8.142, h_range=[3.95e+00, 2.83e+01], num_knots=474
2025-09-07 11:46:12,092 - Iter 5780: obj=-2473.631304, change=8.88e-06, α=0.000, ‖θ[1:]‖₁=8.142, h_range=[3.95e+00, 2.83e+01], num_knots=474
2025-09-07 11:46:12,192 - Iter 5790: obj=-2473.646684, change=8.70e-06, α=0.000, ‖θ[1:]‖₁=8.142, h_range=[3.95e+00, 2.83e+01], num_knots=474
2025-09-07 11:46:12,284 - Iter 5800: obj=-2473.662023, change=1.06e-05, α=0.000, ‖θ[1:]‖₁=8.142, h_range=[3.94e+00, 2.83e+01], num_knots=473
2025-09-07 11:46:12,382 - Iter 5810: obj=-2473.677287, change=1.03e-05, α=0.000, ‖θ[1:]‖₁=8.143, h_range=[3.94e+00, 2.83e+01], num_knots=472
2025-09-07 11:46:12,503 - Iter 5820: obj=-2473.692538, change=9.65e-06, α=0.000, ‖θ[1:]‖₁=8.143, h_range=[3.94e+00, 2.83e+01], num_knots=472
2025-09-07 11:46:12,583 - Iter 5830: obj=-2473.707782, change=9.15e-06, α=0.000, ‖θ[1:]‖₁=8.143, h_range=[3.94e+00, 2.83e+01], num_knots=472
2025-09-07 11:46:12,693 - Iter 5840: obj=-2473.723018, change=8.75e-06, α=0.000, ‖θ[1:]‖₁=8.143, h_range=[3.94e+00, 2.83e+01], num_knots=472
2025-09-07 11:46:12,789 - Iter 5850: obj=-2473.738247, change=8.42e-06, α=0.000, ‖θ[1:]‖₁=8.143, h_range=[3.94e+00, 2.83e+01], num_knots=472
2025-09-07 11:46:12,881 - Iter 5860: obj=-2473.753466, change=9.05e-06, α=0.000, ‖θ[1:]‖₁=8.143, h_range=[3.94e+00, 2.83e+01], num_knots=471
2025-09-07 11:46:12,997 - Iter 5870: obj=-2473.768649, change=8.24e-06, α=0.000, ‖θ[1:]‖₁=8.144, h_range=[3.94e+00, 2.83e+01], num_knots=470
2025-09-07 11:46:13,126 - Iter 5880: obj=-2473.783789, change=8.01e-06, α=0.000, ‖θ[1:]‖₁=8.144, h_range=[3.94e+00, 2.83e+01], num_knots=470
2025-09-07 11:46:13,250 - Iter 5890: obj=-2473.798909, change=7.60e-06, α=0.000, ‖θ[1:]‖₁=8.144, h_range=[3.94e+00, 2.83e+01], num_knots=469
2025-09-07 11:46:13,370 - Iter 5900: obj=-2473.813830, change=9.79e-06, α=0.000, ‖θ[1:]‖₁=8.144, h_range=[3.94e+00, 2.83e+01], num_knots=467
2025-09-07 11:46:13,478 - Iter 5910: obj=-2473.828483, change=9.26e-06, α=0.000, ‖θ[1:]‖₁=8.144, h_range=[3.94e+00, 2.83e+01], num_knots=467
2025-09-07 11:46:13,683 - Iter 5920: obj=-2473.843128, change=8.81e-06, α=0.000, ‖θ[1:]‖₁=8.145, h_range=[3.94e+00, 2.83e+01], num_knots=467
2025-09-07 11:46:13,789 - Iter 5930: obj=-2473.857764, change=8.43e-06, α=0.000, ‖θ[1:]‖₁=8.145, h_range=[3.94e+00, 2.83e+01], num_knots=467
2025-09-07 11:46:13,889 - Iter 5940: obj=-2473.872387, change=8.57e-06, α=0.000, ‖θ[1:]‖₁=8.145, h_range=[3.94e+00, 2.83e+01], num_knots=466
2025-09-07 11:46:13,992 - Iter 5950: obj=-2473.886985, change=8.10e-06, α=0.000, ‖θ[1:]‖₁=8.145, h_range=[3.94e+00, 2.83e+01], num_knots=466
2025-09-07 11:46:14,094 - Iter 5960: obj=-2473.901576, change=7.72e-06, α=0.000, ‖θ[1:]‖₁=8.145, h_range=[3.94e+00, 2.83e+01], num_knots=466
2025-09-07 11:46:14,179 - Iter 5970: obj=-2473.916159, change=7.41e-06, α=0.000, ‖θ[1:]‖₁=8.146, h_range=[3.94e+00, 2.83e+01], num_knots=466
2025-09-07 11:46:14,350 - Iter 5980: obj=-2473.930734, change=8.03e-06, α=0.000, ‖θ[1:]‖₁=8.146, h_range=[3.94e+00, 2.83e+01], num_knots=464
2025-09-07 11:46:14,503 - Iter 5990: obj=-2473.945237, change=7.67e-06, α=0.000, ‖θ[1:]‖₁=8.146, h_range=[3.94e+00, 2.83e+01], num_knots=464
2025-09-07 11:46:14,610 - Iter 6000: obj=-2473.959666, change=7.25e-06, α=0.000, ‖θ[1:]‖₁=8.146, h_range=[3.94e+00, 2.83e+01], num_knots=463
2025-09-07 11:46:14,710 - Iter 6010: obj=-2473.974050, change=7.02e-06, α=0.000, ‖θ[1:]‖₁=8.147, h_range=[3.94e+00, 2.83e+01], num_knots=463
2025-09-07 11:46:14,825 - Iter 6020: obj=-2473.988427, change=6.81e-06, α=0.000, ‖θ[1:]‖₁=8.147, h_range=[3.94e+00, 2.83e+01], num_knots=463
2025-09-07 11:46:14,930 - Iter 6030: obj=-2474.002796, change=6.63e-06, α=0.000, ‖θ[1:]‖₁=8.147, h_range=[3.94e+00, 2.83e+01], num_knots=463
2025-09-07 11:46:15,044 - Iter 6040: obj=-2474.017158, change=6.57e-06, α=0.000, ‖θ[1:]‖₁=8.147, h_range=[3.94e+00, 2.83e+01], num_knots=463
2025-09-07 11:46:15,157 - Iter 6050: obj=-2474.031513, change=6.57e-06, α=0.000, ‖θ[1:]‖₁=8.147, h_range=[3.94e+00, 2.83e+01], num_knots=463
2025-09-07 11:46:15,244 - Iter 6060: obj=-2474.045860, change=6.57e-06, α=0.000, ‖θ[1:]‖₁=8.148, h_range=[3.94e+00, 2.83e+01], num_knots=463
2025-09-07 11:46:15,347 - Iter 6070: obj=-2474.060200, change=6.57e-06, α=0.000, ‖θ[1:]‖₁=8.148, h_range=[3.94e+00, 2.83e+01], num_knots=463
2025-09-07 11:46:15,445 - Iter 6080: obj=-2474.074520, change=6.57e-06, α=0.000, ‖θ[1:]‖₁=8.148, h_range=[3.94e+00, 2.83e+01], num_knots=462
2025-09-07 11:46:15,545 - Iter 6090: obj=-2474.088764, change=6.95e-06, α=0.000, ‖θ[1:]‖₁=8.148, h_range=[3.94e+00, 2.83e+01], num_knots=461
2025-09-07 11:46:15,677 - Iter 6100: obj=-2474.102977, change=8.80e-06, α=0.000, ‖θ[1:]‖₁=8.148, h_range=[3.94e+00, 2.83e+01], num_knots=460
2025-09-07 11:46:15,820 - Iter 6110: obj=-2474.117122, change=8.20e-06, α=0.000, ‖θ[1:]‖₁=8.148, h_range=[3.94e+00, 2.83e+01], num_knots=460
2025-09-07 11:46:15,954 - Iter 6120: obj=-2474.131142, change=7.63e-06, α=0.000, ‖θ[1:]‖₁=8.149, h_range=[3.94e+00, 2.83e+01], num_knots=459
2025-09-07 11:46:16,057 - Iter 6130: obj=-2474.145073, change=7.29e-06, α=0.000, ‖θ[1:]‖₁=8.149, h_range=[3.94e+00, 2.83e+01], num_knots=459
2025-09-07 11:46:16,157 - Iter 6140: obj=-2474.158998, change=6.98e-06, α=0.000, ‖θ[1:]‖₁=8.149, h_range=[3.94e+00, 2.83e+01], num_knots=459
2025-09-07 11:46:16,269 - Iter 6150: obj=-2474.172915, change=6.72e-06, α=0.000, ‖θ[1:]‖₁=8.149, h_range=[3.94e+00, 2.83e+01], num_knots=459
2025-09-07 11:46:16,389 - Iter 6160: obj=-2474.186825, change=6.54e-06, α=0.000, ‖θ[1:]‖₁=8.150, h_range=[3.94e+00, 2.83e+01], num_knots=459
2025-09-07 11:46:16,529 - Iter 6170: obj=-2474.200729, change=6.54e-06, α=0.000, ‖θ[1:]‖₁=8.150, h_range=[3.94e+00, 2.83e+01], num_knots=459
2025-09-07 11:46:16,633 - Iter 6180: obj=-2474.214626, change=6.54e-06, α=0.000, ‖θ[1:]‖₁=8.150, h_range=[3.94e+00, 2.83e+01], num_knots=459
2025-09-07 11:46:16,728 - Iter 6190: obj=-2474.228516, change=6.54e-06, α=0.000, ‖θ[1:]‖₁=8.150, h_range=[3.94e+00, 2.83e+01], num_knots=459
2025-09-07 11:46:16,843 - Iter 6200: obj=-2474.242400, change=6.53e-06, α=0.000, ‖θ[1:]‖₁=8.150, h_range=[3.94e+00, 2.83e+01], num_knots=459
2025-09-07 11:46:16,944 - Iter 6210: obj=-2474.256277, change=6.53e-06, α=0.000, ‖θ[1:]‖₁=8.150, h_range=[3.94e+00, 2.83e+01], num_knots=459
2025-09-07 11:46:17,051 - Iter 6220: obj=-2474.270111, change=7.61e-06, α=0.000, ‖θ[1:]‖₁=8.151, h_range=[3.94e+00, 2.83e+01], num_knots=458
2025-09-07 11:46:17,142 - Iter 6230: obj=-2474.283922, change=7.27e-06, α=0.000, ‖θ[1:]‖₁=8.151, h_range=[3.94e+00, 2.83e+01], num_knots=458
2025-09-07 11:46:17,260 - Iter 6240: obj=-2474.297726, change=7.00e-06, α=0.000, ‖θ[1:]‖₁=8.151, h_range=[3.94e+00, 2.83e+01], num_knots=458
2025-09-07 11:46:17,374 - Iter 6250: obj=-2474.311525, change=6.76e-06, α=0.000, ‖θ[1:]‖₁=8.151, h_range=[3.94e+00, 2.83e+01], num_knots=458
2025-09-07 11:46:17,474 - Iter 6260: obj=-2474.325317, change=6.57e-06, α=0.000, ‖θ[1:]‖₁=8.151, h_range=[3.94e+00, 2.83e+01], num_knots=458
2025-09-07 11:46:17,583 - Iter 6270: obj=-2474.339103, change=6.52e-06, α=0.000, ‖θ[1:]‖₁=8.152, h_range=[3.94e+00, 2.83e+01], num_knots=458
2025-09-07 11:46:17,695 - Iter 6280: obj=-2474.352883, change=6.52e-06, α=0.000, ‖θ[1:]‖₁=8.152, h_range=[3.94e+00, 2.83e+01], num_knots=458
2025-09-07 11:46:17,819 - Iter 6290: obj=-2474.366649, change=6.52e-06, α=0.000, ‖θ[1:]‖₁=8.152, h_range=[3.94e+00, 2.83e+01], num_knots=456
2025-09-07 11:46:17,949 - Iter 6300: obj=-2474.380329, change=6.52e-06, α=0.000, ‖θ[1:]‖₁=8.152, h_range=[3.94e+00, 2.83e+01], num_knots=456
2025-09-07 11:46:18,064 - Iter 6310: obj=-2474.394003, change=6.51e-06, α=0.000, ‖θ[1:]‖₁=8.152, h_range=[3.94e+00, 2.83e+01], num_knots=456
2025-09-07 11:46:18,160 - Iter 6320: obj=-2474.407672, change=6.51e-06, α=0.000, ‖θ[1:]‖₁=8.152, h_range=[3.94e+00, 2.83e+01], num_knots=456
2025-09-07 11:46:18,310 - Iter 6330: obj=-2474.421334, change=6.51e-06, α=0.000, ‖θ[1:]‖₁=8.153, h_range=[3.94e+00, 2.83e+01], num_knots=456
2025-09-07 11:46:18,432 - Iter 6340: obj=-2474.434960, change=8.84e-06, α=0.000, ‖θ[1:]‖₁=8.153, h_range=[3.94e+00, 2.83e+01], num_knots=455
2025-09-07 11:46:18,607 - Iter 6350: obj=-2474.448509, change=8.45e-06, α=0.000, ‖θ[1:]‖₁=8.153, h_range=[3.94e+00, 2.83e+01], num_knots=455
2025-09-07 11:46:18,786 - Iter 6360: obj=-2474.462053, change=8.11e-06, α=0.000, ‖θ[1:]‖₁=8.153, h_range=[3.94e+00, 2.83e+01], num_knots=455
2025-09-07 11:46:18,906 - Iter 6370: obj=-2474.475548, change=9.94e-06, α=0.000, ‖θ[1:]‖₁=8.153, h_range=[3.94e+00, 2.83e+01], num_knots=453
2025-09-07 11:46:19,025 - Iter 6380: obj=-2474.488882, change=9.32e-06, α=0.000, ‖θ[1:]‖₁=8.154, h_range=[3.94e+00, 2.83e+01], num_knots=453
2025-09-07 11:46:19,126 - Iter 6390: obj=-2474.502210, change=8.79e-06, α=0.000, ‖θ[1:]‖₁=8.154, h_range=[3.94e+00, 2.83e+01], num_knots=453
2025-09-07 11:46:19,223 - Iter 6400: obj=-2474.515532, change=8.34e-06, α=0.000, ‖θ[1:]‖₁=8.154, h_range=[3.94e+00, 2.83e+01], num_knots=453
2025-09-07 11:46:19,340 - Iter 6410: obj=-2474.528848, change=7.95e-06, α=0.000, ‖θ[1:]‖₁=8.154, h_range=[3.94e+00, 2.83e+01], num_knots=453
2025-09-07 11:46:19,462 - Iter 6420: obj=-2474.542156, change=9.55e-06, α=0.000, ‖θ[1:]‖₁=8.154, h_range=[3.94e+00, 2.83e+01], num_knots=452
2025-09-07 11:46:19,569 - Iter 6430: obj=-2474.555405, change=9.72e-06, α=0.000, ‖θ[1:]‖₁=8.155, h_range=[3.94e+00, 2.83e+01], num_knots=450
2025-09-07 11:46:19,679 - Iter 6440: obj=-2474.568586, change=9.80e-06, α=0.000, ‖θ[1:]‖₁=8.155, h_range=[3.94e+00, 2.83e+01], num_knots=449
2025-09-07 11:46:19,773 - Iter 6450: obj=-2474.581705, change=1.15e-05, α=0.000, ‖θ[1:]‖₁=8.155, h_range=[3.94e+00, 2.83e+01], num_knots=448
2025-09-07 11:46:19,887 - Iter 6460: obj=-2474.594790, change=1.05e-05, α=0.000, ‖θ[1:]‖₁=8.155, h_range=[3.93e+00, 2.83e+01], num_knots=448
2025-09-07 11:46:19,987 - Iter 6470: obj=-2474.607865, change=9.48e-06, α=0.000, ‖θ[1:]‖₁=8.155, h_range=[3.93e+00, 2.83e+01], num_knots=447
2025-09-07 11:46:20,076 - Iter 6480: obj=-2474.620826, change=8.87e-06, α=0.000, ‖θ[1:]‖₁=8.156, h_range=[3.93e+00, 2.83e+01], num_knots=446
2025-09-07 11:46:20,191 - Iter 6490: obj=-2474.633742, change=8.45e-06, α=0.000, ‖θ[1:]‖₁=8.156, h_range=[3.93e+00, 2.83e+01], num_knots=446
2025-09-07 11:46:20,293 - Iter 6500: obj=-2474.646626, change=7.98e-06, α=0.000, ‖θ[1:]‖₁=8.156, h_range=[3.93e+00, 2.83e+01], num_knots=445
2025-09-07 11:46:20,411 - Iter 6510: obj=-2474.659392, change=9.81e-06, α=0.000, ‖θ[1:]‖₁=8.156, h_range=[3.93e+00, 2.83e+01], num_knots=444
2025-09-07 11:46:20,509 - Iter 6520: obj=-2474.672097, change=9.21e-06, α=0.000, ‖θ[1:]‖₁=8.157, h_range=[3.93e+00, 2.83e+01], num_knots=444
2025-09-07 11:46:20,608 - Iter 6530: obj=-2474.684796, change=8.69e-06, α=0.000, ‖θ[1:]‖₁=8.157, h_range=[3.93e+00, 2.83e+01], num_knots=444
2025-09-07 11:46:20,721 - Iter 6540: obj=-2474.697490, change=8.23e-06, α=0.000, ‖θ[1:]‖₁=8.157, h_range=[3.93e+00, 2.83e+01], num_knots=444
2025-09-07 11:46:20,825 - Iter 6550: obj=-2474.710178, change=7.83e-06, α=0.000, ‖θ[1:]‖₁=8.157, h_range=[3.93e+00, 2.83e+01], num_knots=444
2025-09-07 11:46:20,920 - Iter 6560: obj=-2474.722862, change=7.48e-06, α=0.000, ‖θ[1:]‖₁=8.158, h_range=[3.93e+00, 2.83e+01], num_knots=444
2025-09-07 11:46:21,024 - Iter 6570: obj=-2474.735505, change=1.16e-05, α=0.000, ‖θ[1:]‖₁=8.158, h_range=[3.93e+00, 2.83e+01], num_knots=443
2025-09-07 11:46:21,119 - Iter 6580: obj=-2474.747994, change=1.09e-05, α=0.000, ‖θ[1:]‖₁=8.158, h_range=[3.93e+00, 2.83e+01], num_knots=443
2025-09-07 11:46:21,218 - Iter 6590: obj=-2474.760478, change=1.03e-05, α=0.000, ‖θ[1:]‖₁=8.158, h_range=[3.93e+00, 2.83e+01], num_knots=443
2025-09-07 11:46:21,304 - Iter 6600: obj=-2474.772923, change=1.17e-05, α=0.000, ‖θ[1:]‖₁=8.158, h_range=[3.93e+00, 2.83e+01], num_knots=442
2025-09-07 11:46:21,408 - Iter 6610: obj=-2474.785331, change=1.10e-05, α=0.000, ‖θ[1:]‖₁=8.159, h_range=[3.93e+00, 2.83e+01], num_knots=442
2025-09-07 11:46:21,509 - Iter 6620: obj=-2474.797734, change=1.03e-05, α=0.000, ‖θ[1:]‖₁=8.159, h_range=[3.93e+00, 2.83e+01], num_knots=442
2025-09-07 11:46:21,621 - Iter 6630: obj=-2474.810131, change=9.78e-06, α=0.000, ‖θ[1:]‖₁=8.159, h_range=[3.93e+00, 2.83e+01], num_knots=442
2025-09-07 11:46:21,708 - Iter 6640: obj=-2474.822512, change=1.15e-05, α=0.000, ‖θ[1:]‖₁=8.159, h_range=[3.93e+00, 2.83e+01], num_knots=441
2025-09-07 11:46:21,807 - Iter 6650: obj=-2474.834844, change=1.08e-05, α=0.000, ‖θ[1:]‖₁=8.159, h_range=[3.93e+00, 2.83e+01], num_knots=441
2025-09-07 11:46:21,898 - Iter 6660: obj=-2474.847170, change=1.02e-05, α=0.000, ‖θ[1:]‖₁=8.160, h_range=[3.93e+00, 2.83e+01], num_knots=441
2025-09-07 11:46:22,015 - Iter 6670: obj=-2474.859492, change=9.66e-06, α=0.000, ‖θ[1:]‖₁=8.160, h_range=[3.93e+00, 2.83e+01], num_knots=441
2025-09-07 11:46:22,118 - Iter 6680: obj=-2474.871808, change=9.20e-06, α=0.000, ‖θ[1:]‖₁=8.160, h_range=[3.93e+00, 2.83e+01], num_knots=441
2025-09-07 11:46:22,228 - Iter 6690: obj=-2474.884120, change=8.80e-06, α=0.000, ‖θ[1:]‖₁=8.160, h_range=[3.93e+00, 2.83e+01], num_knots=441
2025-09-07 11:46:22,325 - Iter 6700: obj=-2474.896428, change=8.44e-06, α=0.000, ‖θ[1:]‖₁=8.160, h_range=[3.93e+00, 2.83e+01], num_knots=441
2025-09-07 11:46:22,426 - Iter 6710: obj=-2474.908731, change=8.12e-06, α=0.000, ‖θ[1:]‖₁=8.160, h_range=[3.93e+00, 2.83e+01], num_knots=441
2025-09-07 11:46:22,540 - Iter 6720: obj=-2474.920974, change=7.71e-06, α=0.000, ‖θ[1:]‖₁=8.161, h_range=[3.93e+00, 2.83e+01], num_knots=440
2025-09-07 11:46:22,653 - Iter 6730: obj=-2474.933200, change=7.52e-06, α=0.000, ‖θ[1:]‖₁=8.161, h_range=[3.93e+00, 2.83e+01], num_knots=440
2025-09-07 11:46:22,743 - Iter 6740: obj=-2474.945421, change=7.33e-06, α=0.000, ‖θ[1:]‖₁=8.161, h_range=[3.93e+00, 2.83e+01], num_knots=440
2025-09-07 11:46:22,823 - Iter 6750: obj=-2474.957638, change=7.13e-06, α=0.000, ‖θ[1:]‖₁=8.161, h_range=[3.93e+00, 2.83e+01], num_knots=440
2025-09-07 11:46:22,918 - Iter 6760: obj=-2474.969851, change=6.94e-06, α=0.000, ‖θ[1:]‖₁=8.161, h_range=[3.93e+00, 2.83e+01], num_knots=440
2025-09-07 11:46:23,022 - Iter 6770: obj=-2474.982036, change=6.56e-06, α=0.000, ‖θ[1:]‖₁=8.161, h_range=[3.93e+00, 2.83e+01], num_knots=439
2025-09-07 11:46:23,129 - Iter 6780: obj=-2474.994189, change=6.49e-06, α=0.000, ‖θ[1:]‖₁=8.162, h_range=[3.93e+00, 2.83e+01], num_knots=439
2025-09-07 11:46:23,242 - Iter 6790: obj=-2475.006338, change=6.40e-06, α=0.000, ‖θ[1:]‖₁=8.162, h_range=[3.93e+00, 2.83e+01], num_knots=439
2025-09-07 11:46:23,363 - Iter 6800: obj=-2475.018484, change=6.40e-06, α=0.000, ‖θ[1:]‖₁=8.162, h_range=[3.93e+00, 2.83e+01], num_knots=439
2025-09-07 11:46:23,467 - Iter 6810: obj=-2475.030625, change=6.40e-06, α=0.000, ‖θ[1:]‖₁=8.162, h_range=[3.93e+00, 2.83e+01], num_knots=439
2025-09-07 11:46:23,582 - Iter 6820: obj=-2475.042762, change=6.40e-06, α=0.000, ‖θ[1:]‖₁=8.162, h_range=[3.93e+00, 2.83e+01], num_knots=439
2025-09-07 11:46:23,686 - Iter 6830: obj=-2475.054895, change=6.40e-06, α=0.000, ‖θ[1:]‖₁=8.162, h_range=[3.93e+00, 2.83e+01], num_knots=439
2025-09-07 11:46:23,811 - Iter 6840: obj=-2475.067024, change=6.40e-06, α=0.000, ‖θ[1:]‖₁=8.162, h_range=[3.93e+00, 2.83e+01], num_knots=439
2025-09-07 11:46:23,910 - Iter 6850: obj=-2475.079140, change=6.40e-06, α=0.000, ‖θ[1:]‖₁=8.163, h_range=[3.93e+00, 2.83e+01], num_knots=438
2025-09-07 11:46:24,007 - Iter 6860: obj=-2475.091242, change=6.40e-06, α=0.000, ‖θ[1:]‖₁=8.163, h_range=[3.93e+00, 2.83e+01], num_knots=438
2025-09-07 11:46:24,131 - Iter 6870: obj=-2475.103155, change=6.39e-06, α=0.000, ‖θ[1:]‖₁=8.163, h_range=[3.93e+00, 2.83e+01], num_knots=437
2025-09-07 11:46:24,249 - Iter 6880: obj=-2475.115012, change=6.39e-06, α=0.000, ‖θ[1:]‖₁=8.163, h_range=[3.93e+00, 2.83e+01], num_knots=437
2025-09-07 11:46:24,364 - Iter 6890: obj=-2475.126818, change=7.49e-06, α=0.000, ‖θ[1:]‖₁=8.163, h_range=[3.93e+00, 2.83e+01], num_knots=435
2025-09-07 11:46:24,495 - Iter 6900: obj=-2475.138556, change=7.15e-06, α=0.000, ‖θ[1:]‖₁=8.163, h_range=[3.93e+00, 2.83e+01], num_knots=435
2025-09-07 11:46:24,577 - Iter 6910: obj=-2475.150285, change=7.13e-06, α=0.000, ‖θ[1:]‖₁=8.164, h_range=[3.93e+00, 2.83e+01], num_knots=434
2025-09-07 11:46:24,697 - Iter 6920: obj=-2475.162002, change=6.74e-06, α=0.000, ‖θ[1:]‖₁=8.164, h_range=[3.93e+00, 2.83e+01], num_knots=434
2025-09-07 11:46:24,808 - Iter 6930: obj=-2475.173707, change=7.13e-06, α=0.000, ‖θ[1:]‖₁=8.164, h_range=[3.93e+00, 2.83e+01], num_knots=433
2025-09-07 11:46:24,908 - Iter 6940: obj=-2475.185395, change=6.64e-06, α=0.000, ‖θ[1:]‖₁=8.164, h_range=[3.93e+00, 2.83e+01], num_knots=433
2025-09-07 11:46:25,002 - Iter 6950: obj=-2475.197078, change=6.37e-06, α=0.000, ‖θ[1:]‖₁=8.164, h_range=[3.93e+00, 2.83e+01], num_knots=433
2025-09-07 11:46:25,095 - Iter 6960: obj=-2475.208758, change=6.37e-06, α=0.000, ‖θ[1:]‖₁=8.165, h_range=[3.93e+00, 2.83e+01], num_knots=433
2025-09-07 11:46:25,193 - Iter 6970: obj=-2475.220433, change=6.36e-06, α=0.000, ‖θ[1:]‖₁=8.165, h_range=[3.93e+00, 2.83e+01], num_knots=433
2025-09-07 11:46:25,312 - Iter 6980: obj=-2475.232105, change=6.36e-06, α=0.000, ‖θ[1:]‖₁=8.165, h_range=[3.93e+00, 2.83e+01], num_knots=433
2025-09-07 11:46:25,424 - Iter 6990: obj=-2475.243774, change=6.36e-06, α=0.000, ‖θ[1:]‖₁=8.165, h_range=[3.93e+00, 2.83e+01], num_knots=433
2025-09-07 11:46:25,513 - Iter 7000: obj=-2475.255438, change=6.36e-06, α=0.000, ‖θ[1:]‖₁=8.165, h_range=[3.93e+00, 2.83e+01], num_knots=433
2025-09-07 11:46:25,598 - Iter 7010: obj=-2475.267099, change=6.36e-06, α=0.000, ‖θ[1:]‖₁=8.165, h_range=[3.93e+00, 2.83e+01], num_knots=433
2025-09-07 11:46:25,778 - Iter 7020: obj=-2475.278757, change=6.35e-06, α=0.000, ‖θ[1:]‖₁=8.165, h_range=[3.93e+00, 2.83e+01], num_knots=433
2025-09-07 11:46:25,862 - Iter 7030: obj=-2475.290410, change=6.35e-06, α=0.000, ‖θ[1:]‖₁=8.165, h_range=[3.93e+00, 2.83e+01], num_knots=433
2025-09-07 11:46:25,971 - Iter 7040: obj=-2475.302049, change=7.00e-06, α=0.000, ‖θ[1:]‖₁=8.166, h_range=[3.93e+00, 2.83e+01], num_knots=431
2025-09-07 11:46:26,055 - Iter 7050: obj=-2475.313553, change=8.04e-06, α=0.000, ‖θ[1:]‖₁=8.166, h_range=[3.93e+00, 2.83e+01], num_knots=431
2025-09-07 11:46:26,141 - Iter 7060: obj=-2475.324994, change=7.33e-06, α=0.000, ‖θ[1:]‖₁=8.166, h_range=[3.93e+00, 2.83e+01], num_knots=430
2025-09-07 11:46:26,238 - Iter 7070: obj=-2475.336399, change=7.88e-06, α=0.000, ‖θ[1:]‖₁=8.166, h_range=[3.93e+00, 2.83e+01], num_knots=429
2025-09-07 11:46:26,360 - Iter 7080: obj=-2475.347762, change=7.27e-06, α=0.000, ‖θ[1:]‖₁=8.166, h_range=[3.93e+00, 2.83e+01], num_knots=429
2025-09-07 11:46:26,475 - Iter 7090: obj=-2475.359121, change=6.78e-06, α=0.000, ‖θ[1:]‖₁=8.166, h_range=[3.93e+00, 2.83e+01], num_knots=429
2025-09-07 11:46:26,571 - Iter 7100: obj=-2475.370477, change=6.37e-06, α=0.000, ‖θ[1:]‖₁=8.167, h_range=[3.93e+00, 2.83e+01], num_knots=429
2025-09-07 11:46:26,676 - Iter 7110: obj=-2475.381826, change=7.27e-06, α=0.000, ‖θ[1:]‖₁=8.167, h_range=[3.93e+00, 2.83e+01], num_knots=428
2025-09-07 11:46:26,772 - Iter 7120: obj=-2475.393140, change=6.72e-06, α=0.000, ‖θ[1:]‖₁=8.167, h_range=[3.93e+00, 2.83e+01], num_knots=428
2025-09-07 11:46:26,892 - Iter 7130: obj=-2475.404409, change=7.05e-06, α=0.000, ‖θ[1:]‖₁=8.167, h_range=[3.92e+00, 2.83e+01], num_knots=427
2025-09-07 11:46:26,994 - Iter 7140: obj=-2475.415666, change=6.42e-06, α=0.000, ‖θ[1:]‖₁=8.167, h_range=[3.92e+00, 2.83e+01], num_knots=427
2025-09-07 11:46:27,077 - Iter 7150: obj=-2475.426920, change=6.34e-06, α=0.000, ‖θ[1:]‖₁=8.167, h_range=[3.92e+00, 2.83e+01], num_knots=427
2025-09-07 11:46:27,186 - Iter 7160: obj=-2475.438145, change=6.34e-06, α=0.000, ‖θ[1:]‖₁=8.168, h_range=[3.92e+00, 2.83e+01], num_knots=426
2025-09-07 11:46:27,286 - Iter 7170: obj=-2475.449316, change=6.33e-06, α=0.000, ‖θ[1:]‖₁=8.168, h_range=[3.92e+00, 2.83e+01], num_knots=426
2025-09-07 11:46:27,385 - Iter 7180: obj=-2475.460476, change=6.33e-06, α=0.000, ‖θ[1:]‖₁=8.168, h_range=[3.92e+00, 2.83e+01], num_knots=425
2025-09-07 11:46:27,494 - Iter 7190: obj=-2475.471595, change=6.33e-06, α=0.000, ‖θ[1:]‖₁=8.168, h_range=[3.92e+00, 2.83e+01], num_knots=424
2025-09-07 11:46:27,599 - Iter 7200: obj=-2475.482663, change=6.33e-06, α=0.000, ‖θ[1:]‖₁=8.168, h_range=[3.92e+00, 2.83e+01], num_knots=423
2025-09-07 11:46:27,710 - Iter 7210: obj=-2475.493714, change=6.33e-06, α=0.000, ‖θ[1:]‖₁=8.168, h_range=[3.92e+00, 2.83e+01], num_knots=423
2025-09-07 11:46:27,814 - Iter 7220: obj=-2475.504724, change=6.33e-06, α=0.000, ‖θ[1:]‖₁=8.168, h_range=[3.92e+00, 2.83e+01], num_knots=422
2025-09-07 11:46:27,927 - Iter 7230: obj=-2475.515703, change=6.33e-06, α=0.000, ‖θ[1:]‖₁=8.169, h_range=[3.92e+00, 2.83e+01], num_knots=422
2025-09-07 11:46:28,051 - Iter 7240: obj=-2475.526679, change=6.33e-06, α=0.000, ‖θ[1:]‖₁=8.169, h_range=[3.92e+00, 2.83e+01], num_knots=422
2025-09-07 11:46:28,138 - Iter 7250: obj=-2475.537651, change=6.32e-06, α=0.000, ‖θ[1:]‖₁=8.169, h_range=[3.92e+00, 2.83e+01], num_knots=422
2025-09-07 11:46:28,238 - Iter 7260: obj=-2475.548619, change=6.32e-06, α=0.000, ‖θ[1:]‖₁=8.169, h_range=[3.92e+00, 2.83e+01], num_knots=422
2025-09-07 11:46:28,347 - Iter 7270: obj=-2475.559584, change=6.32e-06, α=0.000, ‖θ[1:]‖₁=8.169, h_range=[3.92e+00, 2.83e+01], num_knots=422
2025-09-07 11:46:28,440 - Iter 7280: obj=-2475.570536, change=6.32e-06, α=0.000, ‖θ[1:]‖₁=8.169, h_range=[3.92e+00, 2.83e+01], num_knots=421
2025-09-07 11:46:28,548 - Iter 7290: obj=-2475.581457, change=6.32e-06, α=0.000, ‖θ[1:]‖₁=8.169, h_range=[3.92e+00, 2.83e+01], num_knots=421
2025-09-07 11:46:28,646 - Iter 7300: obj=-2475.592330, change=6.32e-06, α=0.000, ‖θ[1:]‖₁=8.169, h_range=[3.92e+00, 2.83e+01], num_knots=420
2025-09-07 11:46:28,746 - Iter 7310: obj=-2475.603148, change=6.32e-06, α=0.000, ‖θ[1:]‖₁=8.170, h_range=[3.92e+00, 2.83e+01], num_knots=419
2025-09-07 11:46:28,829 - Iter 7320: obj=-2475.613934, change=6.32e-06, α=0.000, ‖θ[1:]‖₁=8.170, h_range=[3.92e+00, 2.83e+01], num_knots=419
2025-09-07 11:46:28,921 - Iter 7330: obj=-2475.624706, change=6.31e-06, α=0.000, ‖θ[1:]‖₁=8.170, h_range=[3.92e+00, 2.83e+01], num_knots=418
2025-09-07 11:46:29,028 - Iter 7340: obj=-2475.635466, change=6.31e-06, α=0.000, ‖θ[1:]‖₁=8.170, h_range=[3.92e+00, 2.83e+01], num_knots=418
2025-09-07 11:46:29,148 - Iter 7350: obj=-2475.646221, change=6.31e-06, α=0.000, ‖θ[1:]‖₁=8.170, h_range=[3.92e+00, 2.83e+01], num_knots=418
2025-09-07 11:46:29,256 - Iter 7360: obj=-2475.656963, change=6.31e-06, α=0.000, ‖θ[1:]‖₁=8.170, h_range=[3.92e+00, 2.83e+01], num_knots=416
2025-09-07 11:46:29,366 - Iter 7370: obj=-2475.667619, change=6.31e-06, α=0.000, ‖θ[1:]‖₁=8.170, h_range=[3.92e+00, 2.83e+01], num_knots=416
2025-09-07 11:46:29,512 - Iter 7380: obj=-2475.678269, change=6.30e-06, α=0.000, ‖θ[1:]‖₁=8.171, h_range=[3.92e+00, 2.83e+01], num_knots=416
2025-09-07 11:46:29,608 - Iter 7390: obj=-2475.688916, change=6.30e-06, α=0.000, ‖θ[1:]‖₁=8.171, h_range=[3.92e+00, 2.83e+01], num_knots=416
2025-09-07 11:46:29,704 - Iter 7400: obj=-2475.699559, change=6.30e-06, α=0.000, ‖θ[1:]‖₁=8.171, h_range=[3.92e+00, 2.83e+01], num_knots=416
2025-09-07 11:46:29,825 - Iter 7410: obj=-2475.710198, change=6.30e-06, α=0.000, ‖θ[1:]‖₁=8.171, h_range=[3.92e+00, 2.83e+01], num_knots=416
2025-09-07 11:46:29,921 - Iter 7420: obj=-2475.720833, change=6.30e-06, α=0.000, ‖θ[1:]‖₁=8.171, h_range=[3.92e+00, 2.83e+01], num_knots=416
2025-09-07 11:46:30,027 - Iter 7430: obj=-2475.731465, change=6.30e-06, α=0.000, ‖θ[1:]‖₁=8.171, h_range=[3.92e+00, 2.83e+01], num_knots=416
2025-09-07 11:46:30,124 - Iter 7440: obj=-2475.742093, change=6.30e-06, α=0.000, ‖θ[1:]‖₁=8.171, h_range=[3.92e+00, 2.83e+01], num_knots=416
2025-09-07 11:46:30,215 - Iter 7450: obj=-2475.752713, change=6.30e-06, α=0.000, ‖θ[1:]‖₁=8.171, h_range=[3.92e+00, 2.83e+01], num_knots=415
2025-09-07 11:46:30,298 - Iter 7460: obj=-2475.763304, change=6.30e-06, α=0.000, ‖θ[1:]‖₁=8.171, h_range=[3.92e+00, 2.83e+01], num_knots=415
2025-09-07 11:46:30,393 - Iter 7470: obj=-2475.773892, change=6.30e-06, α=0.000, ‖θ[1:]‖₁=8.171, h_range=[3.92e+00, 2.83e+01], num_knots=415
2025-09-07 11:46:30,490 - Iter 7480: obj=-2475.784477, change=6.30e-06, α=0.000, ‖θ[1:]‖₁=8.172, h_range=[3.92e+00, 2.83e+01], num_knots=415
2025-09-07 11:46:30,599 - Iter 7490: obj=-2475.795058, change=6.30e-06, α=0.000, ‖θ[1:]‖₁=8.172, h_range=[3.92e+00, 2.83e+01], num_knots=415
2025-09-07 11:46:30,688 - Iter 7500: obj=-2475.805636, change=6.30e-06, α=0.000, ‖θ[1:]‖₁=8.172, h_range=[3.92e+00, 2.83e+01], num_knots=415
2025-09-07 11:46:30,781 - Iter 7510: obj=-2475.816211, change=6.30e-06, α=0.000, ‖θ[1:]‖₁=8.172, h_range=[3.92e+00, 2.83e+01], num_knots=415
2025-09-07 11:46:30,877 - Iter 7520: obj=-2475.826783, change=6.30e-06, α=0.000, ‖θ[1:]‖₁=8.172, h_range=[3.92e+00, 2.83e+01], num_knots=415
2025-09-07 11:46:30,986 - Iter 7530: obj=-2475.837352, change=6.30e-06, α=0.000, ‖θ[1:]‖₁=8.172, h_range=[3.92e+00, 2.83e+01], num_knots=415
2025-09-07 11:46:31,089 - Iter 7540: obj=-2475.847918, change=6.30e-06, α=0.000, ‖θ[1:]‖₁=8.172, h_range=[3.92e+00, 2.83e+01], num_knots=415
2025-09-07 11:46:31,195 - Iter 7550: obj=-2475.858481, change=6.30e-06, α=0.000, ‖θ[1:]‖₁=8.172, h_range=[3.92e+00, 2.83e+01], num_knots=415
2025-09-07 11:46:31,370 - Iter 7560: obj=-2475.869012, change=6.30e-06, α=0.000, ‖θ[1:]‖₁=8.172, h_range=[3.92e+00, 2.83e+01], num_knots=414
2025-09-07 11:46:31,462 - Iter 7570: obj=-2475.879512, change=6.30e-06, α=0.000, ‖θ[1:]‖₁=8.172, h_range=[3.92e+00, 2.83e+01], num_knots=414
2025-09-07 11:46:31,561 - Iter 7580: obj=-2475.890010, change=6.30e-06, α=0.000, ‖θ[1:]‖₁=8.173, h_range=[3.92e+00, 2.83e+01], num_knots=414
2025-09-07 11:46:31,656 - Iter 7590: obj=-2475.900504, change=6.30e-06, α=0.000, ‖θ[1:]‖₁=8.173, h_range=[3.92e+00, 2.83e+01], num_knots=414
2025-09-07 11:46:31,751 - Iter 7600: obj=-2475.910829, change=7.46e-06, α=0.000, ‖θ[1:]‖₁=8.173, h_range=[3.92e+00, 2.83e+01], num_knots=413
2025-09-07 11:46:31,838 - Iter 7610: obj=-2475.921033, change=8.99e-06, α=0.000, ‖θ[1:]‖₁=8.173, h_range=[3.92e+00, 2.83e+01], num_knots=412
2025-09-07 11:46:31,927 - Iter 7620: obj=-2475.931222, change=8.32e-06, α=0.000, ‖θ[1:]‖₁=8.173, h_range=[3.92e+00, 2.83e+01], num_knots=412
2025-09-07 11:46:32,022 - Iter 7630: obj=-2475.941407, change=8.38e-06, α=0.000, ‖θ[1:]‖₁=8.173, h_range=[3.92e+00, 2.83e+01], num_knots=411
2025-09-07 11:46:32,123 - Iter 7640: obj=-2475.951542, change=1.01e-05, α=0.000, ‖θ[1:]‖₁=8.173, h_range=[3.92e+00, 2.83e+01], num_knots=410
2025-09-07 11:46:32,223 - Iter 7650: obj=-2475.961615, change=9.12e-06, α=0.000, ‖θ[1:]‖₁=8.173, h_range=[3.92e+00, 2.83e+01], num_knots=410
2025-09-07 11:46:32,319 - Iter 7660: obj=-2475.971684, change=8.29e-06, α=0.000, ‖θ[1:]‖₁=8.174, h_range=[3.92e+00, 2.83e+01], num_knots=410
2025-09-07 11:46:32,418 - Iter 7670: obj=-2475.981749, change=7.61e-06, α=0.000, ‖θ[1:]‖₁=8.174, h_range=[3.92e+00, 2.83e+01], num_knots=410
2025-09-07 11:46:32,510 - Iter 7680: obj=-2475.991791, change=6.78e-06, α=0.000, ‖θ[1:]‖₁=8.174, h_range=[3.92e+00, 2.83e+01], num_knots=409
2025-09-07 11:46:32,596 - Iter 7690: obj=-2476.001821, change=6.39e-06, α=0.000, ‖θ[1:]‖₁=8.174, h_range=[3.92e+00, 2.83e+01], num_knots=409
2025-09-07 11:46:32,715 - Iter 7700: obj=-2476.011823, change=6.30e-06, α=0.000, ‖θ[1:]‖₁=8.174, h_range=[3.92e+00, 2.83e+01], num_knots=408
2025-09-07 11:46:32,812 - Iter 7710: obj=-2476.021804, change=6.30e-06, α=0.000, ‖θ[1:]‖₁=8.174, h_range=[3.92e+00, 2.83e+01], num_knots=408
2025-09-07 11:46:32,898 - Iter 7720: obj=-2476.031783, change=6.30e-06, α=0.000, ‖θ[1:]‖₁=8.174, h_range=[3.92e+00, 2.83e+01], num_knots=408
2025-09-07 11:46:32,995 - Iter 7730: obj=-2476.041758, change=6.30e-06, α=0.000, ‖θ[1:]‖₁=8.175, h_range=[3.92e+00, 2.83e+01], num_knots=408
2025-09-07 11:46:33,090 - Iter 7740: obj=-2476.051731, change=6.30e-06, α=0.000, ‖θ[1:]‖₁=8.175, h_range=[3.92e+00, 2.83e+01], num_knots=407
2025-09-07 11:46:33,182 - Iter 7750: obj=-2476.061662, change=6.30e-06, α=0.000, ‖θ[1:]‖₁=8.175, h_range=[3.92e+00, 2.83e+01], num_knots=407
2025-09-07 11:46:33,289 - Iter 7760: obj=-2476.071588, change=6.30e-06, α=0.000, ‖θ[1:]‖₁=8.175, h_range=[3.92e+00, 2.83e+01], num_knots=407
2025-09-07 11:46:33,388 - Iter 7770: obj=-2476.081510, change=6.30e-06, α=0.000, ‖θ[1:]‖₁=8.175, h_range=[3.92e+00, 2.83e+01], num_knots=407
2025-09-07 11:46:33,492 - Iter 7780: obj=-2476.091411, change=6.30e-06, α=0.000, ‖θ[1:]‖₁=8.175, h_range=[3.92e+00, 2.83e+01], num_knots=406
2025-09-07 11:46:33,589 - Iter 7790: obj=-2476.101295, change=6.30e-06, α=0.000, ‖θ[1:]‖₁=8.175, h_range=[3.92e+00, 2.83e+01], num_knots=406
2025-09-07 11:46:33,682 - Iter 7800: obj=-2476.111176, change=6.30e-06, α=0.000, ‖θ[1:]‖₁=8.175, h_range=[3.92e+00, 2.83e+01], num_knots=406
2025-09-07 11:46:33,789 - Iter 7810: obj=-2476.121054, change=6.30e-06, α=0.000, ‖θ[1:]‖₁=8.175, h_range=[3.92e+00, 2.83e+01], num_knots=406
2025-09-07 11:46:33,879 - Iter 7820: obj=-2476.130929, change=6.30e-06, α=0.000, ‖θ[1:]‖₁=8.176, h_range=[3.92e+00, 2.83e+01], num_knots=406
2025-09-07 11:46:33,970 - Iter 7830: obj=-2476.140802, change=6.30e-06, α=0.000, ‖θ[1:]‖₁=8.176, h_range=[3.92e+00, 2.83e+01], num_knots=406
2025-09-07 11:46:34,072 - Iter 7840: obj=-2476.150672, change=6.30e-06, α=0.000, ‖θ[1:]‖₁=8.176, h_range=[3.92e+00, 2.83e+01], num_knots=406
2025-09-07 11:46:34,173 - Iter 7850: obj=-2476.160540, change=6.30e-06, α=0.000, ‖θ[1:]‖₁=8.176, h_range=[3.92e+00, 2.83e+01], num_knots=406
2025-09-07 11:46:34,275 - Iter 7860: obj=-2476.170405, change=6.30e-06, α=0.000, ‖θ[1:]‖₁=8.176, h_range=[3.92e+00, 2.83e+01], num_knots=406
2025-09-07 11:46:34,403 - Iter 7870: obj=-2476.180266, change=6.30e-06, α=0.000, ‖θ[1:]‖₁=8.176, h_range=[3.92e+00, 2.83e+01], num_knots=405
2025-09-07 11:46:34,508 - Iter 7880: obj=-2476.190085, change=6.30e-06, α=0.000, ‖θ[1:]‖₁=8.176, h_range=[3.92e+00, 2.83e+01], num_knots=405
2025-09-07 11:46:34,627 - Iter 7890: obj=-2476.199901, change=6.30e-06, α=0.000, ‖θ[1:]‖₁=8.176, h_range=[3.92e+00, 2.83e+01], num_knots=405
2025-09-07 11:46:34,722 - Iter 7900: obj=-2476.209714, change=6.30e-06, α=0.000, ‖θ[1:]‖₁=8.176, h_range=[3.92e+00, 2.83e+01], num_knots=405
2025-09-07 11:46:34,830 - Iter 7910: obj=-2476.219525, change=6.30e-06, α=0.000, ‖θ[1:]‖₁=8.176, h_range=[3.92e+00, 2.83e+01], num_knots=405
2025-09-07 11:46:34,952 - Iter 7920: obj=-2476.229333, change=6.30e-06, α=0.000, ‖θ[1:]‖₁=8.176, h_range=[3.92e+00, 2.83e+01], num_knots=405
2025-09-07 11:46:35,113 - Iter 7930: obj=-2476.239010, change=6.29e-06, α=0.000, ‖θ[1:]‖₁=8.177, h_range=[3.92e+00, 2.83e+01], num_knots=403
2025-09-07 11:46:35,251 - Iter 7940: obj=-2476.248625, change=6.29e-06, α=0.000, ‖θ[1:]‖₁=8.177, h_range=[3.92e+00, 2.83e+01], num_knots=403
2025-09-07 11:46:35,348 - Iter 7950: obj=-2476.258237, change=6.28e-06, α=0.000, ‖θ[1:]‖₁=8.177, h_range=[3.92e+00, 2.83e+01], num_knots=403
2025-09-07 11:46:35,463 - Iter 7960: obj=-2476.267847, change=6.28e-06, α=0.000, ‖θ[1:]‖₁=8.177, h_range=[3.92e+00, 2.83e+01], num_knots=403
2025-09-07 11:46:35,570 - Iter 7970: obj=-2476.277454, change=6.28e-06, α=0.000, ‖θ[1:]‖₁=8.177, h_range=[3.92e+00, 2.83e+01], num_knots=403
2025-09-07 11:46:35,681 - Iter 7980: obj=-2476.287058, change=6.27e-06, α=0.000, ‖θ[1:]‖₁=8.177, h_range=[3.92e+00, 2.83e+01], num_knots=403
2025-09-07 11:46:35,774 - Iter 7990: obj=-2476.296659, change=6.27e-06, α=0.000, ‖θ[1:]‖₁=8.177, h_range=[3.92e+00, 2.83e+01], num_knots=403
2025-09-07 11:46:35,877 - Iter 8000: obj=-2476.306258, change=6.27e-06, α=0.000, ‖θ[1:]‖₁=8.177, h_range=[3.92e+00, 2.83e+01], num_knots=403
2025-09-07 11:46:35,988 - Iter 8010: obj=-2476.315845, change=6.27e-06, α=0.000, ‖θ[1:]‖₁=8.177, h_range=[3.92e+00, 2.83e+01], num_knots=402
2025-09-07 11:46:36,093 - Iter 8020: obj=-2476.325411, change=6.27e-06, α=0.000, ‖θ[1:]‖₁=8.178, h_range=[3.92e+00, 2.83e+01], num_knots=401
2025-09-07 11:46:36,195 - Iter 8030: obj=-2476.334931, change=6.26e-06, α=0.000, ‖θ[1:]‖₁=8.178, h_range=[3.92e+00, 2.83e+01], num_knots=401
2025-09-07 11:46:36,334 - Iter 8040: obj=-2476.344448, change=6.26e-06, α=0.000, ‖θ[1:]‖₁=8.178, h_range=[3.92e+00, 2.83e+01], num_knots=401
2025-09-07 11:46:36,453 - Iter 8050: obj=-2476.353963, change=6.26e-06, α=0.000, ‖θ[1:]‖₁=8.178, h_range=[3.92e+00, 2.83e+01], num_knots=401
2025-09-07 11:46:36,556 - Iter 8060: obj=-2476.363460, change=6.26e-06, α=0.000, ‖θ[1:]‖₁=8.178, h_range=[3.92e+00, 2.83e+01], num_knots=400
2025-09-07 11:46:36,656 - Iter 8070: obj=-2476.372946, change=6.26e-06, α=0.000, ‖θ[1:]‖₁=8.178, h_range=[3.92e+00, 2.83e+01], num_knots=400
2025-09-07 11:46:36,765 - Iter 8080: obj=-2476.382429, change=6.25e-06, α=0.000, ‖θ[1:]‖₁=8.178, h_range=[3.92e+00, 2.83e+01], num_knots=400
2025-09-07 11:46:36,859 - Iter 8090: obj=-2476.391910, change=6.25e-06, α=0.000, ‖θ[1:]‖₁=8.178, h_range=[3.92e+00, 2.83e+01], num_knots=400
2025-09-07 11:46:36,969 - Iter 8100: obj=-2476.401389, change=6.25e-06, α=0.000, ‖θ[1:]‖₁=8.178, h_range=[3.92e+00, 2.83e+01], num_knots=400
2025-09-07 11:46:37,073 - Iter 8110: obj=-2476.410865, change=6.25e-06, α=0.000, ‖θ[1:]‖₁=8.179, h_range=[3.92e+00, 2.83e+01], num_knots=400
2025-09-07 11:46:37,171 - Iter 8120: obj=-2476.420337, change=6.25e-06, α=0.000, ‖θ[1:]‖₁=8.179, h_range=[3.92e+00, 2.83e+01], num_knots=399
2025-09-07 11:46:37,281 - Iter 8130: obj=-2476.429746, change=6.24e-06, α=0.000, ‖θ[1:]‖₁=8.179, h_range=[3.92e+00, 2.83e+01], num_knots=399
2025-09-07 11:46:37,384 - Iter 8140: obj=-2476.439153, change=6.24e-06, α=0.000, ‖θ[1:]‖₁=8.179, h_range=[3.92e+00, 2.83e+01], num_knots=399
2025-09-07 11:46:37,500 - Iter 8150: obj=-2476.448558, change=6.24e-06, α=0.000, ‖θ[1:]‖₁=8.179, h_range=[3.92e+00, 2.83e+01], num_knots=399
2025-09-07 11:46:37,610 - Iter 8160: obj=-2476.457960, change=6.24e-06, α=0.000, ‖θ[1:]‖₁=8.179, h_range=[3.92e+00, 2.83e+01], num_knots=399
2025-09-07 11:46:37,699 - Iter 8170: obj=-2476.467360, change=6.23e-06, α=0.000, ‖θ[1:]‖₁=8.179, h_range=[3.92e+00, 2.83e+01], num_knots=399
2025-09-07 11:46:37,817 - Iter 8180: obj=-2476.476758, change=6.23e-06, α=0.000, ‖θ[1:]‖₁=8.179, h_range=[3.92e+00, 2.83e+01], num_knots=399
2025-09-07 11:46:37,913 - Iter 8190: obj=-2476.486153, change=6.23e-06, α=0.000, ‖θ[1:]‖₁=8.179, h_range=[3.92e+00, 2.83e+01], num_knots=399
2025-09-07 11:46:38,030 - Iter 8200: obj=-2476.495546, change=6.23e-06, α=0.000, ‖θ[1:]‖₁=8.179, h_range=[3.92e+00, 2.83e+01], num_knots=399
2025-09-07 11:46:38,145 - Iter 8210: obj=-2476.504937, change=6.23e-06, α=0.000, ‖θ[1:]‖₁=8.179, h_range=[3.92e+00, 2.83e+01], num_knots=399
2025-09-07 11:46:38,237 - Iter 8220: obj=-2476.514326, change=6.23e-06, α=0.000, ‖θ[1:]‖₁=8.180, h_range=[3.92e+00, 2.83e+01], num_knots=399
2025-09-07 11:46:38,344 - Iter 8230: obj=-2476.523713, change=6.22e-06, α=0.000, ‖θ[1:]‖₁=8.180, h_range=[3.92e+00, 2.83e+01], num_knots=398
2025-09-07 11:46:38,450 - Iter 8240: obj=-2476.533068, change=6.22e-06, α=0.000, ‖θ[1:]‖₁=8.180, h_range=[3.92e+00, 2.83e+01], num_knots=398
2025-09-07 11:46:38,563 - Iter 8250: obj=-2476.542420, change=6.22e-06, α=0.000, ‖θ[1:]‖₁=8.180, h_range=[3.92e+00, 2.83e+01], num_knots=398
2025-09-07 11:46:38,643 - Iter 8260: obj=-2476.551770, change=6.22e-06, α=0.000, ‖θ[1:]‖₁=8.180, h_range=[3.92e+00, 2.83e+01], num_knots=398
2025-09-07 11:46:38,744 - Iter 8270: obj=-2476.561117, change=6.22e-06, α=0.000, ‖θ[1:]‖₁=8.180, h_range=[3.92e+00, 2.83e+01], num_knots=398
2025-09-07 11:46:38,866 - Iter 8280: obj=-2476.570463, change=6.22e-06, α=0.000, ‖θ[1:]‖₁=8.180, h_range=[3.92e+00, 2.83e+01], num_knots=398
2025-09-07 11:46:38,956 - Iter 8290: obj=-2476.579806, change=6.22e-06, α=0.000, ‖θ[1:]‖₁=8.180, h_range=[3.92e+00, 2.83e+01], num_knots=398
2025-09-07 11:46:39,039 - Iter 8300: obj=-2476.589128, change=6.22e-06, α=0.000, ‖θ[1:]‖₁=8.180, h_range=[3.92e+00, 2.83e+01], num_knots=397
2025-09-07 11:46:39,126 - Iter 8310: obj=-2476.598436, change=6.21e-06, α=0.000, ‖θ[1:]‖₁=8.180, h_range=[3.92e+00, 2.83e+01], num_knots=397
2025-09-07 11:46:39,232 - Iter 8320: obj=-2476.607743, change=6.21e-06, α=0.000, ‖θ[1:]‖₁=8.180, h_range=[3.92e+00, 2.83e+01], num_knots=397
2025-09-07 11:46:39,316 - Iter 8330: obj=-2476.617047, change=6.21e-06, α=0.000, ‖θ[1:]‖₁=8.180, h_range=[3.92e+00, 2.83e+01], num_knots=397
2025-09-07 11:46:39,415 - Iter 8340: obj=-2476.626350, change=6.21e-06, α=0.000, ‖θ[1:]‖₁=8.181, h_range=[3.92e+00, 2.83e+01], num_knots=397
2025-09-07 11:46:39,561 - Iter 8350: obj=-2476.635650, change=6.21e-06, α=0.000, ‖θ[1:]‖₁=8.181, h_range=[3.92e+00, 2.83e+01], num_knots=397
2025-09-07 11:46:39,645 - Iter 8360: obj=-2476.644949, change=6.21e-06, α=0.000, ‖θ[1:]‖₁=8.181, h_range=[3.92e+00, 2.83e+01], num_knots=397
2025-09-07 11:46:39,770 - Iter 8370: obj=-2476.654245, change=6.21e-06, α=0.000, ‖θ[1:]‖₁=8.181, h_range=[3.92e+00, 2.83e+01], num_knots=397
2025-09-07 11:46:39,898 - Iter 8380: obj=-2476.663540, change=6.21e-06, α=0.000, ‖θ[1:]‖₁=8.181, h_range=[3.92e+00, 2.83e+01], num_knots=397
2025-09-07 11:46:40,005 - Iter 8390: obj=-2476.672832, change=6.21e-06, α=0.000, ‖θ[1:]‖₁=8.181, h_range=[3.92e+00, 2.83e+01], num_knots=397
2025-09-07 11:46:40,115 - Iter 8400: obj=-2476.682122, change=6.21e-06, α=0.000, ‖θ[1:]‖₁=8.181, h_range=[3.92e+00, 2.83e+01], num_knots=397
2025-09-07 11:46:40,202 - Iter 8410: obj=-2476.691411, change=6.21e-06, α=0.000, ‖θ[1:]‖₁=8.181, h_range=[3.92e+00, 2.83e+01], num_knots=397
2025-09-07 11:46:40,288 - Iter 8420: obj=-2476.700619, change=6.20e-06, α=0.000, ‖θ[1:]‖₁=8.181, h_range=[3.92e+00, 2.83e+01], num_knots=395
2025-09-07 11:46:40,381 - Iter 8430: obj=-2476.709761, change=6.20e-06, α=0.000, ‖θ[1:]‖₁=8.181, h_range=[3.92e+00, 2.83e+01], num_knots=394
2025-09-07 11:46:40,498 - Iter 8440: obj=-2476.718811, change=6.46e-06, α=0.000, ‖θ[1:]‖₁=8.181, h_range=[3.92e+00, 2.83e+01], num_knots=393
2025-09-07 11:46:40,594 - Iter 8450: obj=-2476.727849, change=6.20e-06, α=0.000, ‖θ[1:]‖₁=8.181, h_range=[3.92e+00, 2.83e+01], num_knots=393
2025-09-07 11:46:40,693 - Iter 8460: obj=-2476.736884, change=6.20e-06, α=0.000, ‖θ[1:]‖₁=8.182, h_range=[3.92e+00, 2.83e+01], num_knots=393
2025-09-07 11:46:40,808 - Iter 8470: obj=-2476.745917, change=6.20e-06, α=0.000, ‖θ[1:]‖₁=8.182, h_range=[3.91e+00, 2.83e+01], num_knots=393
2025-09-07 11:46:40,892 - Iter 8480: obj=-2476.754947, change=6.20e-06, α=0.000, ‖θ[1:]‖₁=8.182, h_range=[3.91e+00, 2.83e+01], num_knots=393
2025-09-07 11:46:40,978 - Iter 8490: obj=-2476.763975, change=6.19e-06, α=0.000, ‖θ[1:]‖₁=8.182, h_range=[3.91e+00, 2.83e+01], num_knots=393
2025-09-07 11:46:41,080 - Iter 8500: obj=-2476.773000, change=6.19e-06, α=0.000, ‖θ[1:]‖₁=8.182, h_range=[3.91e+00, 2.83e+01], num_knots=393
2025-09-07 11:46:41,178 - Iter 8510: obj=-2476.782024, change=6.19e-06, α=0.000, ‖θ[1:]‖₁=8.182, h_range=[3.91e+00, 2.83e+01], num_knots=393
2025-09-07 11:46:41,271 - Iter 8520: obj=-2476.791045, change=6.19e-06, α=0.000, ‖θ[1:]‖₁=8.182, h_range=[3.91e+00, 2.83e+01], num_knots=393
2025-09-07 11:46:41,363 - Iter 8530: obj=-2476.800064, change=6.19e-06, α=0.000, ‖θ[1:]‖₁=8.182, h_range=[3.91e+00, 2.83e+01], num_knots=393
2025-09-07 11:46:41,468 - Iter 8540: obj=-2476.809081, change=6.19e-06, α=0.000, ‖θ[1:]‖₁=8.182, h_range=[3.91e+00, 2.83e+01], num_knots=393
2025-09-07 11:46:41,560 - Iter 8550: obj=-2476.818095, change=6.19e-06, α=0.000, ‖θ[1:]‖₁=8.182, h_range=[3.91e+00, 2.83e+01], num_knots=393
2025-09-07 11:46:41,658 - Iter 8560: obj=-2476.827108, change=6.19e-06, α=0.000, ‖θ[1:]‖₁=8.182, h_range=[3.91e+00, 2.83e+01], num_knots=393
2025-09-07 11:46:41,775 - Iter 8570: obj=-2476.836119, change=6.19e-06, α=0.000, ‖θ[1:]‖₁=8.183, h_range=[3.91e+00, 2.83e+01], num_knots=393
2025-09-07 11:46:41,870 - Iter 8580: obj=-2476.845127, change=6.19e-06, α=0.000, ‖θ[1:]‖₁=8.183, h_range=[3.91e+00, 2.83e+01], num_knots=393
2025-09-07 11:46:41,962 - Iter 8590: obj=-2476.854131, change=6.19e-06, α=0.000, ‖θ[1:]‖₁=8.183, h_range=[3.91e+00, 2.83e+01], num_knots=392
2025-09-07 11:46:42,057 - Iter 8600: obj=-2476.863099, change=6.18e-06, α=0.000, ‖θ[1:]‖₁=8.183, h_range=[3.91e+00, 2.83e+01], num_knots=391
2025-09-07 11:46:42,152 - Iter 8610: obj=-2476.872025, change=6.18e-06, α=0.000, ‖θ[1:]‖₁=8.183, h_range=[3.91e+00, 2.83e+01], num_knots=391
2025-09-07 11:46:42,248 - Iter 8620: obj=-2476.880948, change=6.18e-06, α=0.000, ‖θ[1:]‖₁=8.183, h_range=[3.91e+00, 2.83e+01], num_knots=391
2025-09-07 11:46:42,345 - Iter 8630: obj=-2476.889868, change=6.18e-06, α=0.000, ‖θ[1:]‖₁=8.183, h_range=[3.91e+00, 2.83e+01], num_knots=391
2025-09-07 11:46:42,450 - Iter 8640: obj=-2476.898778, change=6.18e-06, α=0.000, ‖θ[1:]‖₁=8.183, h_range=[3.91e+00, 2.83e+01], num_knots=390
2025-09-07 11:46:42,546 - Iter 8650: obj=-2476.907669, change=6.18e-06, α=0.000, ‖θ[1:]‖₁=8.183, h_range=[3.91e+00, 2.83e+01], num_knots=390
2025-09-07 11:46:42,662 - Iter 8660: obj=-2476.916558, change=6.18e-06, α=0.000, ‖θ[1:]‖₁=8.183, h_range=[3.91e+00, 2.83e+01], num_knots=390
2025-09-07 11:46:42,773 - Iter 8670: obj=-2476.925445, change=6.18e-06, α=0.000, ‖θ[1:]‖₁=8.183, h_range=[3.91e+00, 2.83e+01], num_knots=390
2025-09-07 11:46:42,868 - Iter 8680: obj=-2476.934330, change=6.18e-06, α=0.000, ‖θ[1:]‖₁=8.183, h_range=[3.91e+00, 2.83e+01], num_knots=390
2025-09-07 11:46:42,959 - Iter 8690: obj=-2476.943213, change=6.18e-06, α=0.000, ‖θ[1:]‖₁=8.183, h_range=[3.91e+00, 2.83e+01], num_knots=390
2025-09-07 11:46:43,055 - Iter 8700: obj=-2476.952095, change=6.18e-06, α=0.000, ‖θ[1:]‖₁=8.183, h_range=[3.91e+00, 2.83e+01], num_knots=390
2025-09-07 11:46:43,158 - Iter 8710: obj=-2476.960900, change=6.18e-06, α=0.000, ‖θ[1:]‖₁=8.184, h_range=[3.91e+00, 2.83e+01], num_knots=389
2025-09-07 11:46:43,249 - Iter 8720: obj=-2476.969580, change=6.17e-06, α=0.000, ‖θ[1:]‖₁=8.184, h_range=[3.91e+00, 2.83e+01], num_knots=388
2025-09-07 11:46:43,357 - Iter 8730: obj=-2476.978193, change=6.17e-06, α=0.000, ‖θ[1:]‖₁=8.184, h_range=[3.91e+00, 2.83e+01], num_knots=388
2025-09-07 11:46:43,474 - Iter 8740: obj=-2476.986805, change=6.17e-06, α=0.000, ‖θ[1:]‖₁=8.184, h_range=[3.91e+00, 2.83e+01], num_knots=388
2025-09-07 11:46:43,582 - Iter 8750: obj=-2476.995414, change=6.16e-06, α=0.000, ‖θ[1:]‖₁=8.184, h_range=[3.91e+00, 2.83e+01], num_knots=388
2025-09-07 11:46:43,695 - Iter 8760: obj=-2477.004022, change=6.16e-06, α=0.000, ‖θ[1:]‖₁=8.184, h_range=[3.91e+00, 2.83e+01], num_knots=388
2025-09-07 11:46:43,794 - Iter 8770: obj=-2477.012628, change=6.16e-06, α=0.000, ‖θ[1:]‖₁=8.184, h_range=[3.91e+00, 2.83e+01], num_knots=388
2025-09-07 11:46:43,891 - Iter 8780: obj=-2477.021232, change=6.16e-06, α=0.000, ‖θ[1:]‖₁=8.184, h_range=[3.91e+00, 2.83e+01], num_knots=388
2025-09-07 11:46:43,990 - Iter 8790: obj=-2477.029834, change=6.15e-06, α=0.000, ‖θ[1:]‖₁=8.184, h_range=[3.91e+00, 2.83e+01], num_knots=388
2025-09-07 11:46:44,084 - Iter 8800: obj=-2477.038435, change=6.15e-06, α=0.000, ‖θ[1:]‖₁=8.184, h_range=[3.91e+00, 2.83e+01], num_knots=388
2025-09-07 11:46:44,192 - Iter 8810: obj=-2477.047034, change=6.15e-06, α=0.000, ‖θ[1:]‖₁=8.185, h_range=[3.91e+00, 2.83e+01], num_knots=388
2025-09-07 11:46:44,304 - Iter 8820: obj=-2477.055631, change=6.15e-06, α=0.000, ‖θ[1:]‖₁=8.185, h_range=[3.91e+00, 2.83e+01], num_knots=388
2025-09-07 11:46:44,408 - Iter 8830: obj=-2477.064226, change=6.15e-06, α=0.000, ‖θ[1:]‖₁=8.185, h_range=[3.91e+00, 2.83e+01], num_knots=388
2025-09-07 11:46:44,515 - Iter 8840: obj=-2477.072820, change=6.14e-06, α=0.000, ‖θ[1:]‖₁=8.185, h_range=[3.91e+00, 2.83e+01], num_knots=388
2025-09-07 11:46:44,650 - Iter 8850: obj=-2477.081412, change=6.14e-06, α=0.000, ‖θ[1:]‖₁=8.185, h_range=[3.91e+00, 2.83e+01], num_knots=388
2025-09-07 11:46:44,751 - Iter 8860: obj=-2477.090002, change=6.14e-06, α=0.000, ‖θ[1:]‖₁=8.185, h_range=[3.91e+00, 2.83e+01], num_knots=388
2025-09-07 11:46:44,862 - Iter 8870: obj=-2477.098591, change=6.14e-06, α=0.000, ‖θ[1:]‖₁=8.185, h_range=[3.91e+00, 2.83e+01], num_knots=388
2025-09-07 11:46:44,960 - Iter 8880: obj=-2477.107178, change=6.14e-06, α=0.000, ‖θ[1:]‖₁=8.185, h_range=[3.91e+00, 2.83e+01], num_knots=388
2025-09-07 11:46:45,071 - Iter 8890: obj=-2477.115763, change=6.14e-06, α=0.000, ‖θ[1:]‖₁=8.185, h_range=[3.91e+00, 2.83e+01], num_knots=388
2025-09-07 11:46:45,181 - Iter 8900: obj=-2477.124347, change=6.14e-06, α=0.000, ‖θ[1:]‖₁=8.185, h_range=[3.91e+00, 2.83e+01], num_knots=388
2025-09-07 11:46:45,312 - Iter 8910: obj=-2477.132929, change=6.13e-06, α=0.000, ‖θ[1:]‖₁=8.185, h_range=[3.91e+00, 2.83e+01], num_knots=388
2025-09-07 11:46:45,419 - Iter 8920: obj=-2477.141510, change=6.13e-06, α=0.000, ‖θ[1:]‖₁=8.185, h_range=[3.91e+00, 2.83e+01], num_knots=388
2025-09-07 11:46:45,510 - Iter 8930: obj=-2477.150089, change=6.13e-06, α=0.000, ‖θ[1:]‖₁=8.185, h_range=[3.91e+00, 2.83e+01], num_knots=388
2025-09-07 11:46:45,606 - Iter 8940: obj=-2477.158666, change=6.13e-06, α=0.000, ‖θ[1:]‖₁=8.185, h_range=[3.91e+00, 2.83e+01], num_knots=388
2025-09-07 11:46:45,705 - Iter 8950: obj=-2477.167242, change=6.13e-06, α=0.000, ‖θ[1:]‖₁=8.185, h_range=[3.91e+00, 2.83e+01], num_knots=388
2025-09-07 11:46:45,804 - Iter 8960: obj=-2477.175811, change=6.13e-06, α=0.000, ‖θ[1:]‖₁=8.186, h_range=[3.91e+00, 2.83e+01], num_knots=386
2025-09-07 11:46:45,902 - Iter 8970: obj=-2477.184329, change=6.13e-06, α=0.000, ‖θ[1:]‖₁=8.186, h_range=[3.91e+00, 2.83e+01], num_knots=386
2025-09-07 11:46:45,995 - Iter 8980: obj=-2477.192792, change=6.12e-06, α=0.000, ‖θ[1:]‖₁=8.186, h_range=[3.91e+00, 2.83e+01], num_knots=385
2025-09-07 11:46:46,096 - Iter 8990: obj=-2477.201231, change=6.12e-06, α=0.000, ‖θ[1:]‖₁=8.186, h_range=[3.91e+00, 2.83e+01], num_knots=385
2025-09-07 11:46:46,197 - Iter 9000: obj=-2477.209668, change=6.12e-06, α=0.000, ‖θ[1:]‖₁=8.186, h_range=[3.91e+00, 2.83e+01], num_knots=385
2025-09-07 11:46:46,276 - Iter 9010: obj=-2477.218104, change=6.11e-06, α=0.000, ‖θ[1:]‖₁=8.186, h_range=[3.91e+00, 2.83e+01], num_knots=385
2025-09-07 11:46:46,393 - Iter 9020: obj=-2477.226538, change=6.11e-06, α=0.000, ‖θ[1:]‖₁=8.186, h_range=[3.91e+00, 2.83e+01], num_knots=385
2025-09-07 11:46:46,495 - Iter 9030: obj=-2477.234970, change=6.11e-06, α=0.000, ‖θ[1:]‖₁=8.186, h_range=[3.91e+00, 2.83e+01], num_knots=385
2025-09-07 11:46:46,589 - Iter 9040: obj=-2477.243377, change=6.11e-06, α=0.000, ‖θ[1:]‖₁=8.186, h_range=[3.91e+00, 2.83e+01], num_knots=384
2025-09-07 11:46:46,706 - Iter 9050: obj=-2477.251734, change=6.10e-06, α=0.000, ‖θ[1:]‖₁=8.186, h_range=[3.91e+00, 2.83e+01], num_knots=384
2025-09-07 11:46:46,864 - Iter 9060: obj=-2477.260089, change=6.10e-06, α=0.000, ‖θ[1:]‖₁=8.186, h_range=[3.91e+00, 2.83e+01], num_knots=384
2025-09-07 11:46:46,980 - Iter 9070: obj=-2477.268442, change=6.10e-06, α=0.000, ‖θ[1:]‖₁=8.186, h_range=[3.91e+00, 2.83e+01], num_knots=384
2025-09-07 11:46:47,092 - Iter 9080: obj=-2477.276794, change=6.09e-06, α=0.000, ‖θ[1:]‖₁=8.187, h_range=[3.91e+00, 2.83e+01], num_knots=384
2025-09-07 11:46:47,208 - Iter 9090: obj=-2477.285144, change=6.09e-06, α=0.000, ‖θ[1:]‖₁=8.187, h_range=[3.91e+00, 2.83e+01], num_knots=384
2025-09-07 11:46:47,314 - Iter 9100: obj=-2477.293479, change=6.09e-06, α=0.000, ‖θ[1:]‖₁=8.187, h_range=[3.91e+00, 2.83e+01], num_knots=383
2025-09-07 11:46:47,448 - Iter 9110: obj=-2477.301800, change=6.09e-06, α=0.000, ‖θ[1:]‖₁=8.187, h_range=[3.91e+00, 2.83e+01], num_knots=383
2025-09-07 11:46:47,552 - Iter 9120: obj=-2477.310118, change=6.08e-06, α=0.000, ‖θ[1:]‖₁=8.187, h_range=[3.91e+00, 2.83e+01], num_knots=383
2025-09-07 11:46:47,664 - Iter 9130: obj=-2477.318435, change=6.08e-06, α=0.000, ‖θ[1:]‖₁=8.187, h_range=[3.91e+00, 2.83e+01], num_knots=383
2025-09-07 11:46:47,763 - Iter 9140: obj=-2477.326751, change=6.08e-06, α=0.000, ‖θ[1:]‖₁=8.187, h_range=[3.91e+00, 2.83e+01], num_knots=383
2025-09-07 11:46:47,853 - Iter 9150: obj=-2477.335045, change=6.08e-06, α=0.000, ‖θ[1:]‖₁=8.187, h_range=[3.91e+00, 2.83e+01], num_knots=382
2025-09-07 11:46:47,976 - Iter 9160: obj=-2477.343307, change=6.07e-06, α=0.000, ‖θ[1:]‖₁=8.187, h_range=[3.91e+00, 2.83e+01], num_knots=382
2025-09-07 11:46:48,074 - Iter 9170: obj=-2477.351568, change=6.07e-06, α=0.000, ‖θ[1:]‖₁=8.187, h_range=[3.91e+00, 2.83e+01], num_knots=382
2025-09-07 11:46:48,182 - Iter 9180: obj=-2477.359827, change=6.07e-06, α=0.000, ‖θ[1:]‖₁=8.187, h_range=[3.91e+00, 2.83e+01], num_knots=382
2025-09-07 11:46:48,280 - Iter 9190: obj=-2477.368042, change=6.07e-06, α=0.000, ‖θ[1:]‖₁=8.187, h_range=[3.91e+00, 2.83e+01], num_knots=381
2025-09-07 11:46:48,376 - Iter 9200: obj=-2477.376241, change=6.06e-06, α=0.000, ‖θ[1:]‖₁=8.188, h_range=[3.91e+00, 2.83e+01], num_knots=381
2025-09-07 11:46:48,512 - Iter 9210: obj=-2477.384438, change=6.06e-06, α=0.000, ‖θ[1:]‖₁=8.188, h_range=[3.91e+00, 2.83e+01], num_knots=381
2025-09-07 11:46:48,603 - Iter 9220: obj=-2477.392634, change=6.06e-06, α=0.000, ‖θ[1:]‖₁=8.188, h_range=[3.91e+00, 2.83e+01], num_knots=381
2025-09-07 11:46:48,690 - Iter 9230: obj=-2477.400783, change=6.05e-06, α=0.000, ‖θ[1:]‖₁=8.188, h_range=[3.91e+00, 2.83e+01], num_knots=380
2025-09-07 11:46:48,812 - Iter 9240: obj=-2477.408911, change=6.05e-06, α=0.000, ‖θ[1:]‖₁=8.188, h_range=[3.91e+00, 2.83e+01], num_knots=379
2025-09-07 11:46:48,916 - Iter 9250: obj=-2477.416971, change=6.04e-06, α=0.000, ‖θ[1:]‖₁=8.188, h_range=[3.91e+00, 2.83e+01], num_knots=378
2025-09-07 11:46:49,012 - Iter 9260: obj=-2477.424996, change=6.04e-06, α=0.000, ‖θ[1:]‖₁=8.188, h_range=[3.91e+00, 2.83e+01], num_knots=378
2025-09-07 11:46:49,110 - Iter 9270: obj=-2477.433020, change=6.04e-06, α=0.000, ‖θ[1:]‖₁=8.188, h_range=[3.91e+00, 2.83e+01], num_knots=378
2025-09-07 11:46:49,205 - Iter 9280: obj=-2477.441043, change=6.03e-06, α=0.000, ‖θ[1:]‖₁=8.188, h_range=[3.91e+00, 2.83e+01], num_knots=378
2025-09-07 11:46:49,302 - Iter 9290: obj=-2477.449034, change=6.03e-06, α=0.000, ‖θ[1:]‖₁=8.188, h_range=[3.91e+00, 2.83e+01], num_knots=377
2025-09-07 11:46:49,397 - Iter 9300: obj=-2477.457014, change=6.02e-06, α=0.000, ‖θ[1:]‖₁=8.188, h_range=[3.91e+00, 2.83e+01], num_knots=377
2025-09-07 11:46:49,501 - Iter 9310: obj=-2477.464992, change=6.02e-06, α=0.000, ‖θ[1:]‖₁=8.189, h_range=[3.91e+00, 2.83e+01], num_knots=377
2025-09-07 11:46:49,626 - Iter 9320: obj=-2477.472969, change=6.02e-06, α=0.000, ‖θ[1:]‖₁=8.189, h_range=[3.91e+00, 2.83e+01], num_knots=377
2025-09-07 11:46:49,740 - Iter 9330: obj=-2477.480944, change=6.02e-06, α=0.000, ‖θ[1:]‖₁=8.189, h_range=[3.91e+00, 2.83e+01], num_knots=377
2025-09-07 11:46:49,840 - Iter 9340: obj=-2477.488918, change=6.01e-06, α=0.000, ‖θ[1:]‖₁=8.189, h_range=[3.91e+00, 2.83e+01], num_knots=377
2025-09-07 11:46:49,947 - Iter 9350: obj=-2477.496879, change=6.01e-06, α=0.000, ‖θ[1:]‖₁=8.189, h_range=[3.91e+00, 2.83e+01], num_knots=376
2025-09-07 11:46:50,045 - Iter 9360: obj=-2477.504831, change=6.01e-06, α=0.000, ‖θ[1:]‖₁=8.189, h_range=[3.91e+00, 2.83e+01], num_knots=376
2025-09-07 11:46:50,139 - Iter 9370: obj=-2477.512782, change=6.01e-06, α=0.000, ‖θ[1:]‖₁=8.189, h_range=[3.91e+00, 2.83e+01], num_knots=376
2025-09-07 11:46:50,235 - Iter 9380: obj=-2477.520731, change=6.01e-06, α=0.000, ‖θ[1:]‖₁=8.189, h_range=[3.91e+00, 2.83e+01], num_knots=376
2025-09-07 11:46:50,322 - Iter 9390: obj=-2477.528679, change=6.00e-06, α=0.000, ‖θ[1:]‖₁=8.189, h_range=[3.91e+00, 2.83e+01], num_knots=376
2025-09-07 11:46:50,428 - Iter 9400: obj=-2477.536615, change=6.00e-06, α=0.000, ‖θ[1:]‖₁=8.189, h_range=[3.91e+00, 2.83e+01], num_knots=375
2025-09-07 11:46:50,522 - Iter 9410: obj=-2477.544510, change=6.00e-06, α=0.000, ‖θ[1:]‖₁=8.189, h_range=[3.91e+00, 2.83e+01], num_knots=375
2025-09-07 11:46:50,651 - Iter 9420: obj=-2477.552404, change=6.00e-06, α=0.000, ‖θ[1:]‖₁=8.189, h_range=[3.91e+00, 2.83e+01], num_knots=375
2025-09-07 11:46:50,748 - Iter 9430: obj=-2477.560296, change=6.00e-06, α=0.000, ‖θ[1:]‖₁=8.189, h_range=[3.91e+00, 2.83e+01], num_knots=375
2025-09-07 11:46:50,839 - Iter 9440: obj=-2477.568187, change=6.00e-06, α=0.000, ‖θ[1:]‖₁=8.189, h_range=[3.91e+00, 2.83e+01], num_knots=375
2025-09-07 11:46:50,942 - Iter 9450: obj=-2477.576073, change=6.00e-06, α=0.000, ‖θ[1:]‖₁=8.190, h_range=[3.91e+00, 2.83e+01], num_knots=374
2025-09-07 11:46:51,040 - Iter 9460: obj=-2477.583946, change=6.00e-06, α=0.000, ‖θ[1:]‖₁=8.190, h_range=[3.91e+00, 2.83e+01], num_knots=374
2025-09-07 11:46:51,132 - Iter 9470: obj=-2477.591817, change=6.00e-06, α=0.000, ‖θ[1:]‖₁=8.190, h_range=[3.91e+00, 2.83e+01], num_knots=374
2025-09-07 11:46:51,230 - Iter 9480: obj=-2477.599688, change=6.00e-06, α=0.000, ‖θ[1:]‖₁=8.190, h_range=[3.91e+00, 2.83e+01], num_knots=374
2025-09-07 11:46:51,328 - Iter 9490: obj=-2477.607537, change=6.00e-06, α=0.000, ‖θ[1:]‖₁=8.190, h_range=[3.91e+00, 2.83e+01], num_knots=373
2025-09-07 11:46:51,410 - Iter 9500: obj=-2477.615311, change=5.99e-06, α=0.000, ‖θ[1:]‖₁=8.190, h_range=[3.91e+00, 2.83e+01], num_knots=372
2025-09-07 11:46:51,509 - Iter 9510: obj=-2477.623075, change=5.99e-06, α=0.000, ‖θ[1:]‖₁=8.190, h_range=[3.91e+00, 2.83e+01], num_knots=372
2025-09-07 11:46:51,610 - Iter 9520: obj=-2477.630837, change=5.99e-06, α=0.000, ‖θ[1:]‖₁=8.190, h_range=[3.91e+00, 2.83e+01], num_knots=372
2025-09-07 11:46:51,706 - Iter 9530: obj=-2477.638598, change=5.99e-06, α=0.000, ‖θ[1:]‖₁=8.190, h_range=[3.91e+00, 2.83e+01], num_knots=372
2025-09-07 11:46:51,802 - Iter 9540: obj=-2477.646330, change=5.99e-06, α=0.000, ‖θ[1:]‖₁=8.190, h_range=[3.91e+00, 2.83e+01], num_knots=371
2025-09-07 11:46:51,907 - Iter 9550: obj=-2477.654028, change=5.99e-06, α=0.000, ‖θ[1:]‖₁=8.190, h_range=[3.91e+00, 2.83e+01], num_knots=371
2025-09-07 11:46:51,999 - Iter 9560: obj=-2477.661724, change=5.99e-06, α=0.000, ‖θ[1:]‖₁=8.190, h_range=[3.91e+00, 2.83e+01], num_knots=371
2025-09-07 11:46:52,095 - Iter 9570: obj=-2477.669419, change=5.98e-06, α=0.000, ‖θ[1:]‖₁=8.190, h_range=[3.91e+00, 2.83e+01], num_knots=371
2025-09-07 11:46:52,190 - Iter 9580: obj=-2477.677112, change=5.98e-06, α=0.000, ‖θ[1:]‖₁=8.190, h_range=[3.91e+00, 2.83e+01], num_knots=371
2025-09-07 11:46:52,295 - Iter 9590: obj=-2477.684804, change=5.98e-06, α=0.000, ‖θ[1:]‖₁=8.190, h_range=[3.91e+00, 2.83e+01], num_knots=371
2025-09-07 11:46:52,392 - Iter 9600: obj=-2477.692473, change=5.98e-06, α=0.000, ‖θ[1:]‖₁=8.190, h_range=[3.91e+00, 2.83e+01], num_knots=369
2025-09-07 11:46:52,479 - Iter 9610: obj=-2477.700103, change=5.98e-06, α=0.000, ‖θ[1:]‖₁=8.191, h_range=[3.91e+00, 2.83e+01], num_knots=368
2025-09-07 11:46:52,575 - Iter 9620: obj=-2477.707705, change=5.98e-06, α=0.000, ‖θ[1:]‖₁=8.191, h_range=[3.91e+00, 2.83e+01], num_knots=368
2025-09-07 11:46:52,676 - Iter 9630: obj=-2477.715304, change=5.98e-06, α=0.000, ‖θ[1:]‖₁=8.191, h_range=[3.91e+00, 2.83e+01], num_knots=368
2025-09-07 11:46:52,764 - Iter 9640: obj=-2477.722903, change=5.98e-06, α=0.000, ‖θ[1:]‖₁=8.191, h_range=[3.91e+00, 2.83e+01], num_knots=368
2025-09-07 11:46:52,864 - Iter 9650: obj=-2477.730499, change=5.98e-06, α=0.000, ‖θ[1:]‖₁=8.191, h_range=[3.91e+00, 2.83e+01], num_knots=368
2025-09-07 11:46:52,960 - Iter 9660: obj=-2477.738094, change=5.98e-06, α=0.000, ‖θ[1:]‖₁=8.191, h_range=[3.91e+00, 2.83e+01], num_knots=368
2025-09-07 11:46:53,053 - Iter 9670: obj=-2477.745688, change=5.98e-06, α=0.000, ‖θ[1:]‖₁=8.191, h_range=[3.91e+00, 2.83e+01], num_knots=368
2025-09-07 11:46:53,172 - Iter 9680: obj=-2477.753280, change=5.98e-06, α=0.000, ‖θ[1:]‖₁=8.191, h_range=[3.91e+00, 2.83e+01], num_knots=368
2025-09-07 11:46:53,277 - Iter 9690: obj=-2477.760852, change=5.98e-06, α=0.000, ‖θ[1:]‖₁=8.191, h_range=[3.91e+00, 2.83e+01], num_knots=367
2025-09-07 11:46:53,387 - Iter 9700: obj=-2477.768419, change=5.98e-06, α=0.000, ‖θ[1:]‖₁=8.191, h_range=[3.91e+00, 2.83e+01], num_knots=367
2025-09-07 11:46:53,488 - Iter 9710: obj=-2477.775985, change=5.98e-06, α=0.000, ‖θ[1:]‖₁=8.191, h_range=[3.91e+00, 2.83e+01], num_knots=367
2025-09-07 11:46:53,596 - Iter 9720: obj=-2477.783550, change=5.98e-06, α=0.000, ‖θ[1:]‖₁=8.191, h_range=[3.91e+00, 2.83e+01], num_knots=367
2025-09-07 11:46:53,708 - Iter 9730: obj=-2477.791114, change=5.98e-06, α=0.000, ‖θ[1:]‖₁=8.191, h_range=[3.91e+00, 2.83e+01], num_knots=367
2025-09-07 11:46:53,810 - Iter 9740: obj=-2477.798667, change=5.98e-06, α=0.000, ‖θ[1:]‖₁=8.191, h_range=[3.91e+00, 2.83e+01], num_knots=366
2025-09-07 11:46:53,929 - Iter 9750: obj=-2477.806180, change=5.98e-06, α=0.000, ‖θ[1:]‖₁=8.191, h_range=[3.91e+00, 2.83e+01], num_knots=365
2025-09-07 11:46:54,028 - Iter 9760: obj=-2477.813667, change=5.98e-06, α=0.000, ‖θ[1:]‖₁=8.191, h_range=[3.91e+00, 2.83e+01], num_knots=365
2025-09-07 11:46:54,131 - Iter 9770: obj=-2477.821152, change=5.98e-06, α=0.000, ‖θ[1:]‖₁=8.191, h_range=[3.91e+00, 2.83e+01], num_knots=365
2025-09-07 11:46:54,255 - Iter 9780: obj=-2477.828636, change=5.98e-06, α=0.000, ‖θ[1:]‖₁=8.191, h_range=[3.91e+00, 2.83e+01], num_knots=365
2025-09-07 11:46:54,350 - Iter 9790: obj=-2477.836119, change=5.98e-06, α=0.000, ‖θ[1:]‖₁=8.191, h_range=[3.91e+00, 2.83e+01], num_knots=365
2025-09-07 11:46:54,472 - Iter 9800: obj=-2477.843600, change=5.98e-06, α=0.000, ‖θ[1:]‖₁=8.192, h_range=[3.91e+00, 2.83e+01], num_knots=365
2025-09-07 11:46:54,587 - Iter 9810: obj=-2477.851080, change=5.98e-06, α=0.000, ‖θ[1:]‖₁=8.192, h_range=[3.91e+00, 2.83e+01], num_knots=365
2025-09-07 11:46:54,676 - Iter 9820: obj=-2477.858559, change=5.98e-06, α=0.000, ‖θ[1:]‖₁=8.192, h_range=[3.91e+00, 2.83e+01], num_knots=365
2025-09-07 11:46:54,770 - Iter 9830: obj=-2477.866017, change=5.98e-06, α=0.000, ‖θ[1:]‖₁=8.192, h_range=[3.91e+00, 2.83e+01], num_knots=364
2025-09-07 11:46:54,877 - Iter 9840: obj=-2477.873461, change=5.98e-06, α=0.000, ‖θ[1:]‖₁=8.192, h_range=[3.91e+00, 2.83e+01], num_knots=364
2025-09-07 11:46:54,981 - Iter 9850: obj=-2477.880904, change=5.98e-06, α=0.000, ‖θ[1:]‖₁=8.192, h_range=[3.91e+00, 2.83e+01], num_knots=364
2025-09-07 11:46:55,066 - Iter 9860: obj=-2477.888345, change=5.98e-06, α=0.000, ‖θ[1:]‖₁=8.192, h_range=[3.91e+00, 2.83e+01], num_knots=364
2025-09-07 11:46:55,161 - Iter 9870: obj=-2477.895785, change=5.98e-06, α=0.000, ‖θ[1:]‖₁=8.192, h_range=[3.91e+00, 2.83e+01], num_knots=364
2025-09-07 11:46:55,280 - Iter 9880: obj=-2477.903224, change=5.98e-06, α=0.000, ‖θ[1:]‖₁=8.192, h_range=[3.91e+00, 2.83e+01], num_knots=364
2025-09-07 11:46:55,378 - Iter 9890: obj=-2477.910658, change=5.98e-06, α=0.000, ‖θ[1:]‖₁=8.192, h_range=[3.91e+00, 2.83e+01], num_knots=363
2025-09-07 11:46:55,491 - Iter 9900: obj=-2477.918056, change=5.98e-06, α=0.000, ‖θ[1:]‖₁=8.192, h_range=[3.91e+00, 2.83e+01], num_knots=363
2025-09-07 11:46:55,578 - Iter 9910: obj=-2477.925453, change=5.97e-06, α=0.000, ‖θ[1:]‖₁=8.192, h_range=[3.91e+00, 2.83e+01], num_knots=363
2025-09-07 11:46:55,684 - Iter 9920: obj=-2477.932848, change=5.97e-06, α=0.000, ‖θ[1:]‖₁=8.192, h_range=[3.91e+00, 2.83e+01], num_knots=362
2025-09-07 11:46:55,823 - Iter 9930: obj=-2477.940129, change=5.97e-06, α=0.000, ‖θ[1:]‖₁=8.192, h_range=[3.91e+00, 2.83e+01], num_knots=362
2025-09-07 11:46:55,939 - Iter 9940: obj=-2477.947399, change=5.97e-06, α=0.000, ‖θ[1:]‖₁=8.192, h_range=[3.91e+00, 2.83e+01], num_knots=362
2025-09-07 11:46:56,075 - Iter 9950: obj=-2477.954668, change=5.97e-06, α=0.000, ‖θ[1:]‖₁=8.192, h_range=[3.91e+00, 2.83e+01], num_knots=362
2025-09-07 11:46:56,176 - Iter 9960: obj=-2477.961925, change=5.97e-06, α=0.000, ‖θ[1:]‖₁=8.192, h_range=[3.91e+00, 2.83e+01], num_knots=361
2025-09-07 11:46:56,278 - Iter 9970: obj=-2477.969165, change=5.97e-06, α=0.000, ‖θ[1:]‖₁=8.192, h_range=[3.91e+00, 2.83e+01], num_knots=361
2025-09-07 11:46:56,387 - Iter 9980: obj=-2477.976404, change=5.97e-06, α=0.000, ‖θ[1:]‖₁=8.193, h_range=[3.91e+00, 2.83e+01], num_knots=361
2025-09-07 11:46:56,495 - Iter 9990: obj=-2477.983641, change=5.97e-06, α=0.000, ‖θ[1:]‖₁=8.193, h_range=[3.91e+00, 2.83e+01], num_knots=361
2025-09-07 11:46:56,593 - Iter 10000: obj=-2477.990823, change=5.97e-06, α=0.000, ‖θ[1:]‖₁=8.193, h_range=[3.91e+00, 2.83e+01], num_knots=360
2025-09-07 11:46:56,709 - Iter 10010: obj=-2477.997974, change=5.97e-06, α=0.000, ‖θ[1:]‖₁=8.193, h_range=[3.91e+00, 2.83e+01], num_knots=360
2025-09-07 11:46:56,795 - Iter 10020: obj=-2478.005124, change=5.97e-06, α=0.000, ‖θ[1:]‖₁=8.193, h_range=[3.91e+00, 2.83e+01], num_knots=360
2025-09-07 11:46:56,910 - Iter 10030: obj=-2478.012253, change=5.97e-06, α=0.000, ‖θ[1:]‖₁=8.193, h_range=[3.91e+00, 2.83e+01], num_knots=359
2025-09-07 11:46:57,023 - Iter 10040: obj=-2478.019364, change=5.97e-06, α=0.000, ‖θ[1:]‖₁=8.193, h_range=[3.91e+00, 2.83e+01], num_knots=359
2025-09-07 11:46:57,145 - Iter 10050: obj=-2478.026463, change=5.96e-06, α=0.000, ‖θ[1:]‖₁=8.193, h_range=[3.91e+00, 2.83e+01], num_knots=358
2025-09-07 11:46:57,456 - Iter 10060: obj=-2478.033557, change=5.96e-06, α=0.000, ‖θ[1:]‖₁=8.193, h_range=[3.91e+00, 2.83e+01], num_knots=358
2025-09-07 11:46:57,840 - Iter 10070: obj=-2478.040629, change=5.96e-06, α=0.000, ‖θ[1:]‖₁=8.193, h_range=[3.91e+00, 2.83e+01], num_knots=357
2025-09-07 11:46:57,957 - Iter 10080: obj=-2478.047684, change=5.96e-06, α=0.000, ‖θ[1:]‖₁=8.193, h_range=[3.91e+00, 2.83e+01], num_knots=357
2025-09-07 11:46:58,072 - Iter 10090: obj=-2478.054737, change=5.96e-06, α=0.000, ‖θ[1:]‖₁=8.193, h_range=[3.91e+00, 2.83e+01], num_knots=357
2025-09-07 11:46:58,174 - Iter 10100: obj=-2478.061788, change=5.96e-06, α=0.000, ‖θ[1:]‖₁=8.193, h_range=[3.91e+00, 2.83e+01], num_knots=357
2025-09-07 11:46:58,286 - Iter 10110: obj=-2478.068778, change=5.95e-06, α=0.000, ‖θ[1:]‖₁=8.194, h_range=[3.91e+00, 2.83e+01], num_knots=356
2025-09-07 11:46:58,386 - Iter 10120: obj=-2478.075754, change=5.95e-06, α=0.000, ‖θ[1:]‖₁=8.194, h_range=[3.91e+00, 2.83e+01], num_knots=356
2025-09-07 11:46:58,482 - Iter 10130: obj=-2478.082728, change=5.95e-06, α=0.000, ‖θ[1:]‖₁=8.194, h_range=[3.91e+00, 2.83e+01], num_knots=356
2025-09-07 11:46:58,607 - Iter 10140: obj=-2478.089700, change=5.95e-06, α=0.000, ‖θ[1:]‖₁=8.194, h_range=[3.91e+00, 2.83e+01], num_knots=356
2025-09-07 11:46:58,703 - Iter 10150: obj=-2478.096671, change=5.95e-06, α=0.000, ‖θ[1:]‖₁=8.194, h_range=[3.91e+00, 2.83e+01], num_knots=356
2025-09-07 11:46:58,799 - Iter 10160: obj=-2478.103641, change=5.95e-06, α=0.000, ‖θ[1:]‖₁=8.194, h_range=[3.91e+00, 2.83e+01], num_knots=356
2025-09-07 11:46:58,892 - Iter 10170: obj=-2478.110609, change=5.95e-06, α=0.000, ‖θ[1:]‖₁=8.194, h_range=[3.91e+00, 2.83e+01], num_knots=356
2025-09-07 11:46:59,029 - Iter 10180: obj=-2478.117576, change=5.95e-06, α=0.000, ‖θ[1:]‖₁=8.194, h_range=[3.91e+00, 2.83e+01], num_knots=356
2025-09-07 11:46:59,202 - Iter 10190: obj=-2478.124541, change=5.95e-06, α=0.000, ‖θ[1:]‖₁=8.194, h_range=[3.91e+00, 2.83e+01], num_knots=355
2025-09-07 11:46:59,339 - Iter 10200: obj=-2478.131469, change=5.95e-06, α=0.000, ‖θ[1:]‖₁=8.194, h_range=[3.91e+00, 2.83e+01], num_knots=355
2025-09-07 11:46:59,431 - Iter 10210: obj=-2478.138396, change=5.95e-06, α=0.000, ‖θ[1:]‖₁=8.194, h_range=[3.91e+00, 2.83e+01], num_knots=355
2025-09-07 11:46:59,559 - Iter 10220: obj=-2478.145322, change=5.95e-06, α=0.000, ‖θ[1:]‖₁=8.194, h_range=[3.91e+00, 2.83e+01], num_knots=355
2025-09-07 11:46:59,684 - Iter 10230: obj=-2478.152246, change=5.95e-06, α=0.000, ‖θ[1:]‖₁=8.194, h_range=[3.91e+00, 2.83e+01], num_knots=355
2025-09-07 11:46:59,776 - Iter 10240: obj=-2478.159170, change=5.95e-06, α=0.000, ‖θ[1:]‖₁=8.194, h_range=[3.91e+00, 2.83e+01], num_knots=355
2025-09-07 11:46:59,853 - Iter 10250: obj=-2478.166091, change=5.95e-06, α=0.000, ‖θ[1:]‖₁=8.194, h_range=[3.91e+00, 2.83e+01], num_knots=355
2025-09-07 11:46:59,951 - Iter 10260: obj=-2478.173012, change=5.95e-06, α=0.000, ‖θ[1:]‖₁=8.194, h_range=[3.91e+00, 2.83e+01], num_knots=355
2025-09-07 11:47:00,056 - Iter 10270: obj=-2478.179931, change=5.95e-06, α=0.000, ‖θ[1:]‖₁=8.195, h_range=[3.91e+00, 2.83e+01], num_knots=355
2025-09-07 11:47:00,145 - Iter 10280: obj=-2478.186849, change=5.95e-06, α=0.000, ‖θ[1:]‖₁=8.195, h_range=[3.91e+00, 2.83e+01], num_knots=355
2025-09-07 11:47:00,273 - Iter 10290: obj=-2478.193760, change=5.95e-06, α=0.000, ‖θ[1:]‖₁=8.195, h_range=[3.91e+00, 2.83e+01], num_knots=354
2025-09-07 11:47:00,370 - Iter 10300: obj=-2478.200624, change=5.95e-06, α=0.000, ‖θ[1:]‖₁=8.195, h_range=[3.91e+00, 2.83e+01], num_knots=354
2025-09-07 11:47:00,484 - Iter 10310: obj=-2478.207487, change=5.95e-06, α=0.000, ‖θ[1:]‖₁=8.195, h_range=[3.91e+00, 2.83e+01], num_knots=354
2025-09-07 11:47:00,596 - Iter 10320: obj=-2478.214348, change=5.95e-06, α=0.000, ‖θ[1:]‖₁=8.195, h_range=[3.91e+00, 2.83e+01], num_knots=354
2025-09-07 11:47:00,691 - Iter 10330: obj=-2478.221209, change=5.95e-06, α=0.000, ‖θ[1:]‖₁=8.195, h_range=[3.91e+00, 2.83e+01], num_knots=354
2025-09-07 11:47:00,809 - Iter 10340: obj=-2478.228068, change=5.95e-06, α=0.000, ‖θ[1:]‖₁=8.195, h_range=[3.91e+00, 2.83e+01], num_knots=354
2025-09-07 11:47:00,896 - Iter 10350: obj=-2478.234926, change=5.95e-06, α=0.000, ‖θ[1:]‖₁=8.195, h_range=[3.91e+00, 2.83e+01], num_knots=354
2025-09-07 11:47:00,989 - Iter 10360: obj=-2478.241783, change=5.95e-06, α=0.000, ‖θ[1:]‖₁=8.195, h_range=[3.91e+00, 2.83e+01], num_knots=354
2025-09-07 11:47:01,100 - Iter 10370: obj=-2478.248638, change=5.95e-06, α=0.000, ‖θ[1:]‖₁=8.195, h_range=[3.91e+00, 2.83e+01], num_knots=354
2025-09-07 11:47:01,205 - Iter 10380: obj=-2478.255493, change=5.95e-06, α=0.000, ‖θ[1:]‖₁=8.195, h_range=[3.91e+00, 2.83e+01], num_knots=354
2025-09-07 11:47:01,374 - Iter 10390: obj=-2478.262346, change=5.95e-06, α=0.000, ‖θ[1:]‖₁=8.195, h_range=[3.91e+00, 2.83e+01], num_knots=354
2025-09-07 11:47:01,471 - Iter 10400: obj=-2478.269198, change=5.95e-06, α=0.000, ‖θ[1:]‖₁=8.195, h_range=[3.91e+00, 2.83e+01], num_knots=354
2025-09-07 11:47:01,579 - Iter 10410: obj=-2478.276049, change=5.95e-06, α=0.000, ‖θ[1:]‖₁=8.195, h_range=[3.91e+00, 2.83e+01], num_knots=354
2025-09-07 11:47:01,679 - Iter 10420: obj=-2478.282899, change=5.95e-06, α=0.000, ‖θ[1:]‖₁=8.195, h_range=[3.91e+00, 2.83e+01], num_knots=354
2025-09-07 11:47:01,790 - Iter 10430: obj=-2478.289729, change=5.95e-06, α=0.000, ‖θ[1:]‖₁=8.195, h_range=[3.91e+00, 2.83e+01], num_knots=353
2025-09-07 11:47:01,895 - Iter 10440: obj=-2478.296538, change=5.95e-06, α=0.000, ‖θ[1:]‖₁=8.195, h_range=[3.91e+00, 2.83e+01], num_knots=353
2025-09-07 11:47:01,995 - Iter 10450: obj=-2478.303346, change=5.95e-06, α=0.000, ‖θ[1:]‖₁=8.195, h_range=[3.91e+00, 2.83e+01], num_knots=353
2025-09-07 11:47:02,091 - Iter 10460: obj=-2478.310142, change=5.95e-06, α=0.000, ‖θ[1:]‖₁=8.195, h_range=[3.91e+00, 2.83e+01], num_knots=352
2025-09-07 11:47:02,204 - Iter 10470: obj=-2478.316931, change=5.95e-06, α=0.000, ‖θ[1:]‖₁=8.195, h_range=[3.91e+00, 2.83e+01], num_knots=351
2025-09-07 11:47:02,300 - Iter 10480: obj=-2478.323666, change=5.95e-06, α=0.000, ‖θ[1:]‖₁=8.196, h_range=[3.91e+00, 2.83e+01], num_knots=351
2025-09-07 11:47:02,408 - Iter 10490: obj=-2478.330400, change=5.95e-06, α=0.000, ‖θ[1:]‖₁=8.196, h_range=[3.91e+00, 2.83e+01], num_knots=351
2025-09-07 11:47:02,531 - Iter 10500: obj=-2478.337132, change=5.95e-06, α=0.000, ‖θ[1:]‖₁=8.196, h_range=[3.91e+00, 2.83e+01], num_knots=351
2025-09-07 11:47:02,627 - Iter 10510: obj=-2478.343863, change=5.95e-06, α=0.000, ‖θ[1:]‖₁=8.196, h_range=[3.91e+00, 2.83e+01], num_knots=351
2025-09-07 11:47:02,723 - Iter 10520: obj=-2478.350593, change=5.95e-06, α=0.000, ‖θ[1:]‖₁=8.196, h_range=[3.90e+00, 2.83e+01], num_knots=351
2025-09-07 11:47:02,823 - Iter 10530: obj=-2478.357322, change=5.95e-06, α=0.000, ‖θ[1:]‖₁=8.196, h_range=[3.90e+00, 2.83e+01], num_knots=351
2025-09-07 11:47:02,949 - Iter 10540: obj=-2478.364049, change=5.95e-06, α=0.000, ‖θ[1:]‖₁=8.196, h_range=[3.90e+00, 2.83e+01], num_knots=351
2025-09-07 11:47:03,045 - Iter 10550: obj=-2478.370776, change=5.95e-06, α=0.000, ‖θ[1:]‖₁=8.196, h_range=[3.90e+00, 2.83e+01], num_knots=351
2025-09-07 11:47:03,147 - Iter 10560: obj=-2478.377501, change=5.95e-06, α=0.000, ‖θ[1:]‖₁=8.196, h_range=[3.90e+00, 2.83e+01], num_knots=351
2025-09-07 11:47:03,243 - Iter 10570: obj=-2478.384225, change=5.95e-06, α=0.000, ‖θ[1:]‖₁=8.196, h_range=[3.90e+00, 2.83e+01], num_knots=350
2025-09-07 11:47:03,343 - Iter 10580: obj=-2478.390913, change=5.95e-06, α=0.000, ‖θ[1:]‖₁=8.196, h_range=[3.90e+00, 2.83e+01], num_knots=350
2025-09-07 11:47:03,453 - Iter 10590: obj=-2478.397595, change=5.95e-06, α=0.000, ‖θ[1:]‖₁=8.196, h_range=[3.90e+00, 2.83e+01], num_knots=350
2025-09-07 11:47:03,578 - Iter 10600: obj=-2478.404276, change=5.95e-06, α=0.000, ‖θ[1:]‖₁=8.196, h_range=[3.90e+00, 2.83e+01], num_knots=350
2025-09-07 11:47:03,692 - Iter 10610: obj=-2478.410957, change=5.95e-06, α=0.000, ‖θ[1:]‖₁=8.196, h_range=[3.90e+00, 2.83e+01], num_knots=350
2025-09-07 11:47:03,805 - Iter 10620: obj=-2478.417636, change=5.95e-06, α=0.000, ‖θ[1:]‖₁=8.196, h_range=[3.90e+00, 2.83e+01], num_knots=350
2025-09-07 11:47:03,905 - Iter 10630: obj=-2478.424314, change=5.95e-06, α=0.000, ‖θ[1:]‖₁=8.196, h_range=[3.90e+00, 2.83e+01], num_knots=350
2025-09-07 11:47:04,000 - Iter 10640: obj=-2478.430991, change=5.95e-06, α=0.000, ‖θ[1:]‖₁=8.196, h_range=[3.90e+00, 2.83e+01], num_knots=350
2025-09-07 11:47:04,110 - Iter 10650: obj=-2478.437661, change=5.95e-06, α=0.000, ‖θ[1:]‖₁=8.196, h_range=[3.90e+00, 2.83e+01], num_knots=349
2025-09-07 11:47:04,219 - Iter 10660: obj=-2478.444313, change=5.95e-06, α=0.000, ‖θ[1:]‖₁=8.196, h_range=[3.90e+00, 2.83e+01], num_knots=349
2025-09-07 11:47:04,340 - Iter 10670: obj=-2478.450964, change=5.95e-06, α=0.000, ‖θ[1:]‖₁=8.196, h_range=[3.90e+00, 2.83e+01], num_knots=349
2025-09-07 11:47:04,442 - Iter 10680: obj=-2478.457613, change=5.95e-06, α=0.000, ‖θ[1:]‖₁=8.196, h_range=[3.90e+00, 2.83e+01], num_knots=349
2025-09-07 11:47:04,573 - Iter 10690: obj=-2478.464262, change=5.95e-06, α=0.000, ‖θ[1:]‖₁=8.196, h_range=[3.90e+00, 2.83e+01], num_knots=349
2025-09-07 11:47:04,677 - Iter 10700: obj=-2478.470909, change=5.95e-06, α=0.000, ‖θ[1:]‖₁=8.196, h_range=[3.90e+00, 2.83e+01], num_knots=349
2025-09-07 11:47:04,770 - Iter 10710: obj=-2478.477555, change=5.95e-06, α=0.000, ‖θ[1:]‖₁=8.196, h_range=[3.90e+00, 2.83e+01], num_knots=349
2025-09-07 11:47:04,899 - Iter 10720: obj=-2478.484201, change=5.95e-06, α=0.000, ‖θ[1:]‖₁=8.196, h_range=[3.90e+00, 2.83e+01], num_knots=349
2025-09-07 11:47:05,025 - Iter 10730: obj=-2478.490845, change=5.95e-06, α=0.000, ‖θ[1:]‖₁=8.197, h_range=[3.90e+00, 2.83e+01], num_knots=349
2025-09-07 11:47:05,130 - Iter 10740: obj=-2478.497489, change=5.95e-06, α=0.000, ‖θ[1:]‖₁=8.197, h_range=[3.90e+00, 2.83e+01], num_knots=349
2025-09-07 11:47:05,243 - Iter 10750: obj=-2478.504131, change=5.95e-06, α=0.000, ‖θ[1:]‖₁=8.197, h_range=[3.90e+00, 2.83e+01], num_knots=349
2025-09-07 11:47:05,337 - Iter 10760: obj=-2478.510773, change=5.95e-06, α=0.000, ‖θ[1:]‖₁=8.197, h_range=[3.90e+00, 2.83e+01], num_knots=349
2025-09-07 11:47:05,438 - Iter 10770: obj=-2478.517414, change=5.95e-06, α=0.000, ‖θ[1:]‖₁=8.197, h_range=[3.90e+00, 2.83e+01], num_knots=349
2025-09-07 11:47:05,534 - Iter 10780: obj=-2478.524053, change=5.95e-06, α=0.000, ‖θ[1:]‖₁=8.197, h_range=[3.90e+00, 2.83e+01], num_knots=349
2025-09-07 11:47:05,663 - Iter 10790: obj=-2478.530692, change=5.95e-06, α=0.000, ‖θ[1:]‖₁=8.197, h_range=[3.90e+00, 2.83e+01], num_knots=349
2025-09-07 11:47:05,767 - Iter 10800: obj=-2478.537330, change=5.95e-06, α=0.000, ‖θ[1:]‖₁=8.197, h_range=[3.90e+00, 2.83e+01], num_knots=349
2025-09-07 11:47:05,876 - Iter 10810: obj=-2478.543967, change=5.95e-06, α=0.000, ‖θ[1:]‖₁=8.197, h_range=[3.90e+00, 2.83e+01], num_knots=349
2025-09-07 11:47:05,985 - Iter 10820: obj=-2478.550602, change=5.95e-06, α=0.000, ‖θ[1:]‖₁=8.197, h_range=[3.90e+00, 2.83e+01], num_knots=349
2025-09-07 11:47:06,076 - Iter 10830: obj=-2478.557237, change=5.95e-06, α=0.000, ‖θ[1:]‖₁=8.197, h_range=[3.90e+00, 2.83e+01], num_knots=349
2025-09-07 11:47:06,195 - Iter 10840: obj=-2478.563871, change=5.95e-06, α=0.000, ‖θ[1:]‖₁=8.197, h_range=[3.90e+00, 2.83e+01], num_knots=349
2025-09-07 11:47:06,309 - Iter 10850: obj=-2478.570504, change=5.95e-06, α=0.000, ‖θ[1:]‖₁=8.197, h_range=[3.90e+00, 2.83e+01], num_knots=349
2025-09-07 11:47:06,430 - Iter 10860: obj=-2478.577136, change=5.95e-06, α=0.000, ‖θ[1:]‖₁=8.197, h_range=[3.90e+00, 2.83e+01], num_knots=349
2025-09-07 11:47:06,550 - Iter 10870: obj=-2478.583767, change=5.95e-06, α=0.000, ‖θ[1:]‖₁=8.197, h_range=[3.90e+00, 2.83e+01], num_knots=349
2025-09-07 11:47:06,657 - Iter 10880: obj=-2478.590398, change=5.95e-06, α=0.000, ‖θ[1:]‖₁=8.197, h_range=[3.90e+00, 2.83e+01], num_knots=349
2025-09-07 11:47:06,793 - Iter 10890: obj=-2478.597027, change=5.95e-06, α=0.000, ‖θ[1:]‖₁=8.197, h_range=[3.90e+00, 2.83e+01], num_knots=349
2025-09-07 11:47:06,888 - Iter 10900: obj=-2478.603655, change=5.95e-06, α=0.000, ‖θ[1:]‖₁=8.197, h_range=[3.90e+00, 2.83e+01], num_knots=349
2025-09-07 11:47:07,002 - Iter 10910: obj=-2478.610283, change=5.95e-06, α=0.000, ‖θ[1:]‖₁=8.197, h_range=[3.90e+00, 2.83e+01], num_knots=349
2025-09-07 11:47:07,093 - Iter 10920: obj=-2478.616909, change=5.95e-06, α=0.000, ‖θ[1:]‖₁=8.197, h_range=[3.90e+00, 2.83e+01], num_knots=349
2025-09-07 11:47:07,206 - Iter 10930: obj=-2478.623535, change=5.95e-06, α=0.000, ‖θ[1:]‖₁=8.197, h_range=[3.90e+00, 2.83e+01], num_knots=349
2025-09-07 11:47:07,292 - Iter 10940: obj=-2478.630159, change=5.95e-06, α=0.000, ‖θ[1:]‖₁=8.197, h_range=[3.90e+00, 2.83e+01], num_knots=349
2025-09-07 11:47:07,391 - Iter 10950: obj=-2478.636753, change=5.95e-06, α=0.000, ‖θ[1:]‖₁=8.197, h_range=[3.90e+00, 2.83e+01], num_knots=348
2025-09-07 11:47:07,495 - Iter 10960: obj=-2478.643340, change=5.95e-06, α=0.000, ‖θ[1:]‖₁=8.197, h_range=[3.90e+00, 2.83e+01], num_knots=348
2025-09-07 11:47:07,614 - Iter 10970: obj=-2478.649925, change=5.95e-06, α=0.000, ‖θ[1:]‖₁=8.197, h_range=[3.90e+00, 2.83e+01], num_knots=348
2025-09-07 11:47:07,710 - Iter 10980: obj=-2478.656509, change=5.95e-06, α=0.000, ‖θ[1:]‖₁=8.197, h_range=[3.90e+00, 2.83e+01], num_knots=348
2025-09-07 11:47:07,806 - Iter 10990: obj=-2478.663092, change=5.95e-06, α=0.000, ‖θ[1:]‖₁=8.197, h_range=[3.90e+00, 2.83e+01], num_knots=348
2025-09-07 11:47:07,906 - Iter 11000: obj=-2478.669674, change=5.95e-06, α=0.000, ‖θ[1:]‖₁=8.197, h_range=[3.90e+00, 2.83e+01], num_knots=348
2025-09-07 11:47:08,022 - Iter 11010: obj=-2478.676255, change=5.95e-06, α=0.000, ‖θ[1:]‖₁=8.197, h_range=[3.90e+00, 2.83e+01], num_knots=348
2025-09-07 11:47:08,159 - Iter 11020: obj=-2478.682836, change=5.95e-06, α=0.000, ‖θ[1:]‖₁=8.197, h_range=[3.90e+00, 2.83e+01], num_knots=348
2025-09-07 11:47:08,297 - Iter 11030: obj=-2478.689415, change=5.95e-06, α=0.000, ‖θ[1:]‖₁=8.197, h_range=[3.90e+00, 2.83e+01], num_knots=348
2025-09-07 11:47:08,393 - Iter 11040: obj=-2478.695980, change=5.95e-06, α=0.000, ‖θ[1:]‖₁=8.197, h_range=[3.90e+00, 2.83e+01], num_knots=347
2025-09-07 11:47:08,489 - Iter 11050: obj=-2478.702539, change=5.95e-06, α=0.000, ‖θ[1:]‖₁=8.197, h_range=[3.90e+00, 2.83e+01], num_knots=347
2025-09-07 11:47:08,590 - Iter 11060: obj=-2478.709081, change=5.95e-06, α=0.000, ‖θ[1:]‖₁=8.197, h_range=[3.90e+00, 2.83e+01], num_knots=345
2025-09-07 11:47:08,692 - Iter 11070: obj=-2478.715545, change=5.95e-06, α=0.000, ‖θ[1:]‖₁=8.197, h_range=[3.90e+00, 2.83e+01], num_knots=345
2025-09-07 11:47:08,798 - Iter 11080: obj=-2478.722009, change=5.94e-06, α=0.000, ‖θ[1:]‖₁=8.197, h_range=[3.90e+00, 2.83e+01], num_knots=345
2025-09-07 11:47:08,894 - Iter 11090: obj=-2478.728471, change=5.94e-06, α=0.000, ‖θ[1:]‖₁=8.197, h_range=[3.90e+00, 2.83e+01], num_knots=345
2025-09-07 11:47:08,991 - Iter 11100: obj=-2478.734918, change=5.94e-06, α=0.000, ‖θ[1:]‖₁=8.197, h_range=[3.90e+00, 2.83e+01], num_knots=344
2025-09-07 11:47:09,137 - Iter 11110: obj=-2478.741359, change=5.94e-06, α=0.000, ‖θ[1:]‖₁=8.198, h_range=[3.90e+00, 2.83e+01], num_knots=344
2025-09-07 11:47:09,245 - Iter 11120: obj=-2478.747800, change=5.94e-06, α=0.000, ‖θ[1:]‖₁=8.198, h_range=[3.90e+00, 2.83e+01], num_knots=344
2025-09-07 11:47:09,343 - Iter 11130: obj=-2478.754239, change=5.93e-06, α=0.000, ‖θ[1:]‖₁=8.198, h_range=[3.90e+00, 2.83e+01], num_knots=344
2025-09-07 11:47:09,443 - Iter 11140: obj=-2478.760678, change=5.93e-06, α=0.000, ‖θ[1:]‖₁=8.198, h_range=[3.90e+00, 2.83e+01], num_knots=344
2025-09-07 11:47:09,554 - Iter 11150: obj=-2478.767115, change=5.93e-06, α=0.000, ‖θ[1:]‖₁=8.198, h_range=[3.90e+00, 2.83e+01], num_knots=344
2025-09-07 11:47:09,640 - Iter 11160: obj=-2478.773552, change=5.93e-06, α=0.000, ‖θ[1:]‖₁=8.198, h_range=[3.90e+00, 2.83e+01], num_knots=344
2025-09-07 11:47:09,735 - Iter 11170: obj=-2478.779988, change=5.93e-06, α=0.000, ‖θ[1:]‖₁=8.198, h_range=[3.90e+00, 2.83e+01], num_knots=344
2025-09-07 11:47:09,823 - Iter 11180: obj=-2478.786409, change=5.93e-06, α=0.000, ‖θ[1:]‖₁=8.198, h_range=[3.90e+00, 2.83e+01], num_knots=343
2025-09-07 11:47:09,919 - Iter 11190: obj=-2478.792822, change=5.93e-06, α=0.000, ‖θ[1:]‖₁=8.198, h_range=[3.90e+00, 2.83e+01], num_knots=343
2025-09-07 11:47:10,015 - Iter 11200: obj=-2478.799233, change=5.92e-06, α=0.000, ‖θ[1:]‖₁=8.198, h_range=[3.90e+00, 2.83e+01], num_knots=343
2025-09-07 11:47:10,126 - Iter 11210: obj=-2478.805644, change=5.92e-06, α=0.000, ‖θ[1:]‖₁=8.198, h_range=[3.90e+00, 2.83e+01], num_knots=343
2025-09-07 11:47:10,255 - Iter 11220: obj=-2478.812053, change=5.92e-06, α=0.000, ‖θ[1:]‖₁=8.198, h_range=[3.90e+00, 2.83e+01], num_knots=343
2025-09-07 11:47:10,376 - Iter 11230: obj=-2478.818462, change=5.92e-06, α=0.000, ‖θ[1:]‖₁=8.198, h_range=[3.90e+00, 2.83e+01], num_knots=343
2025-09-07 11:47:10,472 - Iter 11240: obj=-2478.824869, change=5.92e-06, α=0.000, ‖θ[1:]‖₁=8.198, h_range=[3.90e+00, 2.83e+01], num_knots=343
2025-09-07 11:47:10,576 - Iter 11250: obj=-2478.831276, change=5.92e-06, α=0.000, ‖θ[1:]‖₁=8.198, h_range=[3.90e+00, 2.83e+01], num_knots=343
2025-09-07 11:47:10,703 - Iter 11260: obj=-2478.837682, change=5.92e-06, α=0.000, ‖θ[1:]‖₁=8.198, h_range=[3.90e+00, 2.83e+01], num_knots=343
2025-09-07 11:47:10,802 - Iter 11270: obj=-2478.844087, change=5.92e-06, α=0.000, ‖θ[1:]‖₁=8.198, h_range=[3.90e+00, 2.83e+01], num_knots=343
2025-09-07 11:47:10,910 - Iter 11280: obj=-2478.850488, change=5.92e-06, α=0.000, ‖θ[1:]‖₁=8.198, h_range=[3.90e+00, 2.83e+01], num_knots=341
2025-09-07 11:47:11,005 - Iter 11290: obj=-2478.856865, change=5.91e-06, α=0.000, ‖θ[1:]‖₁=8.198, h_range=[3.90e+00, 2.83e+01], num_knots=341
2025-09-07 11:47:11,099 - Iter 11300: obj=-2478.863240, change=5.91e-06, α=0.000, ‖θ[1:]‖₁=8.198, h_range=[3.90e+00, 2.83e+01], num_knots=341
2025-09-07 11:47:11,196 - Iter 11310: obj=-2478.869614, change=5.91e-06, α=0.000, ‖θ[1:]‖₁=8.198, h_range=[3.90e+00, 2.83e+01], num_knots=341
2025-09-07 11:47:11,297 - Iter 11320: obj=-2478.875987, change=5.91e-06, α=0.000, ‖θ[1:]‖₁=8.198, h_range=[3.90e+00, 2.83e+01], num_knots=341
2025-09-07 11:47:11,405 - Iter 11330: obj=-2478.882359, change=5.91e-06, α=0.000, ‖θ[1:]‖₁=8.198, h_range=[3.90e+00, 2.83e+01], num_knots=341
2025-09-07 11:47:11,503 - Iter 11340: obj=-2478.888730, change=5.91e-06, α=0.000, ‖θ[1:]‖₁=8.198, h_range=[3.90e+00, 2.83e+01], num_knots=341
2025-09-07 11:47:11,584 - Iter 11350: obj=-2478.895100, change=5.91e-06, α=0.000, ‖θ[1:]‖₁=8.198, h_range=[3.90e+00, 2.83e+01], num_knots=341
2025-09-07 11:47:11,685 - Iter 11360: obj=-2478.901465, change=5.91e-06, α=0.000, ‖θ[1:]‖₁=8.198, h_range=[3.90e+00, 2.83e+01], num_knots=340
2025-09-07 11:47:11,805 - Iter 11370: obj=-2478.907819, change=5.91e-06, α=0.000, ‖θ[1:]‖₁=8.198, h_range=[3.90e+00, 2.83e+01], num_knots=340
2025-09-07 11:47:11,915 - Iter 11380: obj=-2478.914172, change=5.91e-06, α=0.000, ‖θ[1:]‖₁=8.198, h_range=[3.90e+00, 2.83e+01], num_knots=340
2025-09-07 11:47:12,030 - Iter 11390: obj=-2478.920524, change=5.91e-06, α=0.000, ‖θ[1:]‖₁=8.198, h_range=[3.90e+00, 2.83e+01], num_knots=340
2025-09-07 11:47:12,135 - Iter 11400: obj=-2478.926875, change=5.91e-06, α=0.000, ‖θ[1:]‖₁=8.198, h_range=[3.90e+00, 2.83e+01], num_knots=340
2025-09-07 11:47:12,229 - Iter 11410: obj=-2478.933225, change=5.91e-06, α=0.000, ‖θ[1:]‖₁=8.199, h_range=[3.90e+00, 2.83e+01], num_knots=340
2025-09-07 11:47:12,329 - Iter 11420: obj=-2478.939574, change=5.91e-06, α=0.000, ‖θ[1:]‖₁=8.199, h_range=[3.90e+00, 2.83e+01], num_knots=340
2025-09-07 11:47:12,425 - Iter 11430: obj=-2478.945923, change=5.91e-06, α=0.000, ‖θ[1:]‖₁=8.199, h_range=[3.90e+00, 2.83e+01], num_knots=340
2025-09-07 11:47:12,533 - Iter 11440: obj=-2478.952270, change=5.91e-06, α=0.000, ‖θ[1:]‖₁=8.199, h_range=[3.90e+00, 2.83e+01], num_knots=340
2025-09-07 11:47:12,641 - Iter 11450: obj=-2478.958616, change=5.91e-06, α=0.000, ‖θ[1:]‖₁=8.199, h_range=[3.90e+00, 2.83e+01], num_knots=340
2025-09-07 11:47:12,740 - Iter 11460: obj=-2478.964961, change=5.91e-06, α=0.000, ‖θ[1:]‖₁=8.199, h_range=[3.90e+00, 2.83e+01], num_knots=340
2025-09-07 11:47:12,843 - Iter 11470: obj=-2478.971306, change=5.91e-06, α=0.000, ‖θ[1:]‖₁=8.199, h_range=[3.90e+00, 2.83e+01], num_knots=340
2025-09-07 11:47:12,948 - Iter 11480: obj=-2478.977649, change=5.91e-06, α=0.000, ‖θ[1:]‖₁=8.199, h_range=[3.90e+00, 2.83e+01], num_knots=340
2025-09-07 11:47:13,048 - Iter 11490: obj=-2478.983992, change=5.90e-06, α=0.000, ‖θ[1:]‖₁=8.199, h_range=[3.90e+00, 2.83e+01], num_knots=340
2025-09-07 11:47:13,145 - Iter 11500: obj=-2478.990334, change=5.90e-06, α=0.000, ‖θ[1:]‖₁=8.199, h_range=[3.90e+00, 2.83e+01], num_knots=340
2025-09-07 11:47:13,258 - Iter 11510: obj=-2478.996675, change=5.90e-06, α=0.000, ‖θ[1:]‖₁=8.199, h_range=[3.90e+00, 2.83e+01], num_knots=340
2025-09-07 11:47:13,368 - Iter 11520: obj=-2479.002997, change=5.90e-06, α=0.000, ‖θ[1:]‖₁=8.199, h_range=[3.90e+00, 2.83e+01], num_knots=339
2025-09-07 11:47:13,472 - Iter 11530: obj=-2479.009309, change=5.90e-06, α=0.000, ‖θ[1:]‖₁=8.199, h_range=[3.90e+00, 2.83e+01], num_knots=338
2025-09-07 11:47:13,569 - Iter 11540: obj=-2479.015605, change=5.90e-06, α=0.000, ‖θ[1:]‖₁=8.199, h_range=[3.90e+00, 2.83e+01], num_knots=338
2025-09-07 11:47:13,669 - Iter 11550: obj=-2479.021863, change=5.90e-06, α=0.000, ‖θ[1:]‖₁=8.199, h_range=[3.90e+00, 2.83e+01], num_knots=337
2025-09-07 11:47:13,788 - Iter 11560: obj=-2479.028100, change=5.90e-06, α=0.000, ‖θ[1:]‖₁=8.199, h_range=[3.90e+00, 2.83e+01], num_knots=336
2025-09-07 11:47:13,874 - Iter 11570: obj=-2479.034277, change=5.90e-06, α=0.000, ‖θ[1:]‖₁=8.199, h_range=[3.90e+00, 2.83e+01], num_knots=335
2025-09-07 11:47:13,978 - Iter 11580: obj=-2479.040450, change=5.90e-06, α=0.000, ‖θ[1:]‖₁=8.199, h_range=[3.90e+00, 2.83e+01], num_knots=335
2025-09-07 11:47:14,079 - Iter 11590: obj=-2479.046620, change=5.90e-06, α=0.000, ‖θ[1:]‖₁=8.199, h_range=[3.90e+00, 2.83e+01], num_knots=335
2025-09-07 11:47:14,190 - Iter 11600: obj=-2479.052790, change=5.89e-06, α=0.000, ‖θ[1:]‖₁=8.199, h_range=[3.90e+00, 2.83e+01], num_knots=335
2025-09-07 11:47:14,294 - Iter 11610: obj=-2479.058959, change=5.89e-06, α=0.000, ‖θ[1:]‖₁=8.199, h_range=[3.90e+00, 2.83e+01], num_knots=335
2025-09-07 11:47:14,388 - Iter 11620: obj=-2479.065126, change=5.89e-06, α=0.000, ‖θ[1:]‖₁=8.199, h_range=[3.90e+00, 2.83e+01], num_knots=335
2025-09-07 11:47:14,491 - Iter 11630: obj=-2479.071293, change=5.89e-06, α=0.000, ‖θ[1:]‖₁=8.199, h_range=[3.90e+00, 2.83e+01], num_knots=335
2025-09-07 11:47:14,672 - Iter 11640: obj=-2479.077458, change=5.89e-06, α=0.000, ‖θ[1:]‖₁=8.199, h_range=[3.90e+00, 2.83e+01], num_knots=335
2025-09-07 11:47:14,779 - Iter 11650: obj=-2479.083622, change=5.89e-06, α=0.000, ‖θ[1:]‖₁=8.199, h_range=[3.90e+00, 2.83e+01], num_knots=335
2025-09-07 11:47:14,869 - Iter 11660: obj=-2479.089786, change=5.89e-06, α=0.000, ‖θ[1:]‖₁=8.199, h_range=[3.90e+00, 2.83e+01], num_knots=335
2025-09-07 11:47:14,978 - Iter 11670: obj=-2479.095949, change=5.89e-06, α=0.000, ‖θ[1:]‖₁=8.199, h_range=[3.90e+00, 2.83e+01], num_knots=335
2025-09-07 11:47:15,098 - Iter 11680: obj=-2479.102103, change=5.88e-06, α=0.000, ‖θ[1:]‖₁=8.200, h_range=[3.90e+00, 2.83e+01], num_knots=334
2025-09-07 11:47:15,211 - Iter 11690: obj=-2479.108161, change=5.88e-06, α=0.000, ‖θ[1:]‖₁=8.200, h_range=[3.90e+00, 2.83e+01], num_knots=334
2025-09-07 11:47:15,306 - Iter 11700: obj=-2479.114218, change=5.88e-06, α=0.000, ‖θ[1:]‖₁=8.200, h_range=[3.90e+00, 2.83e+01], num_knots=334
2025-09-07 11:47:15,406 - Iter 11710: obj=-2479.120274, change=5.87e-06, α=0.000, ‖θ[1:]‖₁=8.200, h_range=[3.90e+00, 2.83e+01], num_knots=334
2025-09-07 11:47:15,499 - Iter 11720: obj=-2479.126329, change=5.87e-06, α=0.000, ‖θ[1:]‖₁=8.200, h_range=[3.90e+00, 2.83e+01], num_knots=334
2025-09-07 11:47:15,592 - Iter 11730: obj=-2479.132382, change=5.87e-06, α=0.000, ‖θ[1:]‖₁=8.200, h_range=[3.90e+00, 2.83e+01], num_knots=334
2025-09-07 11:47:15,756 - Iter 11740: obj=-2479.138435, change=5.87e-06, α=0.000, ‖θ[1:]‖₁=8.200, h_range=[3.90e+00, 2.83e+01], num_knots=334
2025-09-07 11:47:15,849 - Iter 11750: obj=-2479.144481, change=5.86e-06, α=0.000, ‖θ[1:]‖₁=8.200, h_range=[3.90e+00, 2.83e+01], num_knots=333
2025-09-07 11:47:15,965 - Iter 11760: obj=-2479.150522, change=5.86e-06, α=0.000, ‖θ[1:]‖₁=8.200, h_range=[3.90e+00, 2.83e+01], num_knots=333
2025-09-07 11:47:16,070 - Iter 11770: obj=-2479.156562, change=5.86e-06, α=0.000, ‖θ[1:]‖₁=8.200, h_range=[3.90e+00, 2.83e+01], num_knots=333
2025-09-07 11:47:16,193 - Iter 11780: obj=-2479.162600, change=5.86e-06, α=0.000, ‖θ[1:]‖₁=8.200, h_range=[3.90e+00, 2.83e+01], num_knots=333
2025-09-07 11:47:16,302 - Iter 11790: obj=-2479.168638, change=5.85e-06, α=0.000, ‖θ[1:]‖₁=8.200, h_range=[3.90e+00, 2.83e+01], num_knots=333
2025-09-07 11:47:16,402 - Iter 11800: obj=-2479.174675, change=5.85e-06, α=0.000, ‖θ[1:]‖₁=8.200, h_range=[3.90e+00, 2.83e+01], num_knots=333
2025-09-07 11:47:16,512 - Iter 11810: obj=-2479.180710, change=5.85e-06, α=0.000, ‖θ[1:]‖₁=8.200, h_range=[3.90e+00, 2.83e+01], num_knots=333
2025-09-07 11:47:16,654 - Iter 11820: obj=-2479.186745, change=5.85e-06, α=0.000, ‖θ[1:]‖₁=8.200, h_range=[3.90e+00, 2.83e+01], num_knots=333
2025-09-07 11:47:16,806 - Iter 11830: obj=-2479.192779, change=5.85e-06, α=0.000, ‖θ[1:]‖₁=8.200, h_range=[3.90e+00, 2.83e+01], num_knots=333
2025-09-07 11:47:16,936 - Iter 11840: obj=-2479.198812, change=5.84e-06, α=0.000, ‖θ[1:]‖₁=8.200, h_range=[3.90e+00, 2.83e+01], num_knots=333
2025-09-07 11:47:17,039 - Iter 11850: obj=-2479.204844, change=5.84e-06, α=0.000, ‖θ[1:]‖₁=8.200, h_range=[3.90e+00, 2.83e+01], num_knots=333
2025-09-07 11:47:17,148 - Iter 11860: obj=-2479.210863, change=5.84e-06, α=0.000, ‖θ[1:]‖₁=8.200, h_range=[3.90e+00, 2.83e+01], num_knots=332
2025-09-07 11:47:17,254 - Iter 11870: obj=-2479.216867, change=5.84e-06, α=0.000, ‖θ[1:]‖₁=8.200, h_range=[3.90e+00, 2.83e+01], num_knots=332
2025-09-07 11:47:17,355 - Iter 11880: obj=-2479.222870, change=5.84e-06, α=0.000, ‖θ[1:]‖₁=8.200, h_range=[3.90e+00, 2.83e+01], num_knots=332
2025-09-07 11:47:17,464 - Iter 11890: obj=-2479.228872, change=5.84e-06, α=0.000, ‖θ[1:]‖₁=8.200, h_range=[3.90e+00, 2.83e+01], num_knots=332
2025-09-07 11:47:17,586 - Iter 11900: obj=-2479.234873, change=5.83e-06, α=0.000, ‖θ[1:]‖₁=8.200, h_range=[3.90e+00, 2.83e+01], num_knots=332
2025-09-07 11:47:17,675 - Iter 11910: obj=-2479.240873, change=5.83e-06, α=0.000, ‖θ[1:]‖₁=8.200, h_range=[3.90e+00, 2.83e+01], num_knots=332
2025-09-07 11:47:17,772 - Iter 11920: obj=-2479.246872, change=5.83e-06, α=0.000, ‖θ[1:]‖₁=8.200, h_range=[3.90e+00, 2.83e+01], num_knots=332
2025-09-07 11:47:17,883 - Iter 11930: obj=-2479.252871, change=5.83e-06, α=0.000, ‖θ[1:]‖₁=8.200, h_range=[3.90e+00, 2.83e+01], num_knots=332
2025-09-07 11:47:17,982 - Iter 11940: obj=-2479.258868, change=5.83e-06, α=0.000, ‖θ[1:]‖₁=8.201, h_range=[3.90e+00, 2.83e+01], num_knots=331
2025-09-07 11:47:18,093 - Iter 11950: obj=-2479.264835, change=5.83e-06, α=0.000, ‖θ[1:]‖₁=8.201, h_range=[3.90e+00, 2.83e+01], num_knots=331
2025-09-07 11:47:18,197 - Iter 11960: obj=-2479.270801, change=5.82e-06, α=0.000, ‖θ[1:]‖₁=8.201, h_range=[3.90e+00, 2.83e+01], num_knots=331
2025-09-07 11:47:18,312 - Iter 11970: obj=-2479.276766, change=5.82e-06, α=0.000, ‖θ[1:]‖₁=8.201, h_range=[3.90e+00, 2.83e+01], num_knots=331
2025-09-07 11:47:18,458 - Iter 11980: obj=-2479.282730, change=5.82e-06, α=0.000, ‖θ[1:]‖₁=8.201, h_range=[3.90e+00, 2.83e+01], num_knots=331
2025-09-07 11:47:18,570 - Iter 11990: obj=-2479.288693, change=5.82e-06, α=0.000, ‖θ[1:]‖₁=8.201, h_range=[3.90e+00, 2.83e+01], num_knots=331
2025-09-07 11:47:18,663 - Iter 12000: obj=-2479.294656, change=5.82e-06, α=0.000, ‖θ[1:]‖₁=8.201, h_range=[3.90e+00, 2.83e+01], num_knots=331
2025-09-07 11:47:18,761 - Iter 12010: obj=-2479.300617, change=5.81e-06, α=0.000, ‖θ[1:]‖₁=8.201, h_range=[3.90e+00, 2.83e+01], num_knots=331
2025-09-07 11:47:18,843 - Iter 12020: obj=-2479.306575, change=5.81e-06, α=0.000, ‖θ[1:]‖₁=8.201, h_range=[3.90e+00, 2.83e+01], num_knots=330
2025-09-07 11:47:18,938 - Iter 12030: obj=-2479.312502, change=5.81e-06, α=0.000, ‖θ[1:]‖₁=8.201, h_range=[3.90e+00, 2.83e+01], num_knots=330
2025-09-07 11:47:19,097 - Iter 12040: obj=-2479.318427, change=5.81e-06, α=0.000, ‖θ[1:]‖₁=8.201, h_range=[3.90e+00, 2.83e+01], num_knots=330
2025-09-07 11:47:19,219 - Iter 12050: obj=-2479.324352, change=5.81e-06, α=0.000, ‖θ[1:]‖₁=8.201, h_range=[3.90e+00, 2.83e+01], num_knots=330
2025-09-07 11:47:19,349 - Iter 12060: obj=-2479.330275, change=5.81e-06, α=0.000, ‖θ[1:]‖₁=8.201, h_range=[3.90e+00, 2.83e+01], num_knots=330
2025-09-07 11:47:19,471 - Iter 12070: obj=-2479.336198, change=5.81e-06, α=0.000, ‖θ[1:]‖₁=8.201, h_range=[3.90e+00, 2.83e+01], num_knots=330
2025-09-07 11:47:19,613 - Iter 12080: obj=-2479.342113, change=5.80e-06, α=0.000, ‖θ[1:]‖₁=8.201, h_range=[3.90e+00, 2.83e+01], num_knots=329
2025-09-07 11:47:19,710 - Iter 12090: obj=-2479.347998, change=5.80e-06, α=0.000, ‖θ[1:]‖₁=8.201, h_range=[3.90e+00, 2.83e+01], num_knots=329
2025-09-07 11:47:19,813 - Iter 12100: obj=-2479.353883, change=5.80e-06, α=0.000, ‖θ[1:]‖₁=8.201, h_range=[3.90e+00, 2.83e+01], num_knots=329
2025-09-07 11:47:19,910 - Iter 12110: obj=-2479.359766, change=5.80e-06, α=0.000, ‖θ[1:]‖₁=8.201, h_range=[3.90e+00, 2.83e+01], num_knots=329
2025-09-07 11:47:19,999 - Iter 12120: obj=-2479.365648, change=5.80e-06, α=0.000, ‖θ[1:]‖₁=8.201, h_range=[3.90e+00, 2.83e+01], num_knots=329
2025-09-07 11:47:20,112 - Iter 12130: obj=-2479.371530, change=5.80e-06, α=0.000, ‖θ[1:]‖₁=8.201, h_range=[3.90e+00, 2.83e+01], num_knots=329
2025-09-07 11:47:20,203 - Iter 12140: obj=-2479.377411, change=5.80e-06, α=0.000, ‖θ[1:]‖₁=8.201, h_range=[3.90e+00, 2.83e+01], num_knots=329
2025-09-07 11:47:20,303 - Iter 12150: obj=-2479.383291, change=5.80e-06, α=0.000, ‖θ[1:]‖₁=8.201, h_range=[3.90e+00, 2.83e+01], num_knots=329
2025-09-07 11:47:20,382 - Iter 12160: obj=-2479.389170, change=5.79e-06, α=0.000, ‖θ[1:]‖₁=8.201, h_range=[3.90e+00, 2.83e+01], num_knots=329
2025-09-07 11:47:20,489 - Iter 12170: obj=-2479.395048, change=5.79e-06, α=0.000, ‖θ[1:]‖₁=8.201, h_range=[3.90e+00, 2.83e+01], num_knots=329
2025-09-07 11:47:20,602 - Iter 12180: obj=-2479.400926, change=5.79e-06, α=0.000, ‖θ[1:]‖₁=8.201, h_range=[3.90e+00, 2.83e+01], num_knots=329
2025-09-07 11:47:20,704 - Iter 12190: obj=-2479.406800, change=5.79e-06, α=0.000, ‖θ[1:]‖₁=8.201, h_range=[3.90e+00, 2.83e+01], num_knots=328
2025-09-07 11:47:20,801 - Iter 12200: obj=-2479.412654, change=5.79e-06, α=0.000, ‖θ[1:]‖₁=8.201, h_range=[3.90e+00, 2.83e+01], num_knots=328
2025-09-07 11:47:20,913 - Iter 12210: obj=-2479.418507, change=5.79e-06, α=0.000, ‖θ[1:]‖₁=8.201, h_range=[3.90e+00, 2.83e+01], num_knots=328
2025-09-07 11:47:21,005 - Iter 12220: obj=-2479.424360, change=5.79e-06, α=0.000, ‖θ[1:]‖₁=8.201, h_range=[3.90e+00, 2.83e+01], num_knots=328
2025-09-07 11:47:21,093 - Iter 12230: obj=-2479.430211, change=5.79e-06, α=0.000, ‖θ[1:]‖₁=8.201, h_range=[3.90e+00, 2.83e+01], num_knots=328
2025-09-07 11:47:21,204 - Iter 12240: obj=-2479.436062, change=5.79e-06, α=0.000, ‖θ[1:]‖₁=8.201, h_range=[3.90e+00, 2.83e+01], num_knots=328
2025-09-07 11:47:21,288 - Iter 12250: obj=-2479.441911, change=5.78e-06, α=0.000, ‖θ[1:]‖₁=8.201, h_range=[3.90e+00, 2.83e+01], num_knots=328
2025-09-07 11:47:21,372 - Iter 12260: obj=-2479.447760, change=5.78e-06, α=0.000, ‖θ[1:]‖₁=8.202, h_range=[3.90e+00, 2.83e+01], num_knots=328
2025-09-07 11:47:21,482 - Iter 12270: obj=-2479.453608, change=5.78e-06, α=0.000, ‖θ[1:]‖₁=8.202, h_range=[3.90e+00, 2.83e+01], num_knots=328
2025-09-07 11:47:21,593 - Iter 12280: obj=-2479.459455, change=5.78e-06, α=0.000, ‖θ[1:]‖₁=8.202, h_range=[3.90e+00, 2.83e+01], num_knots=328
2025-09-07 11:47:21,697 - Iter 12290: obj=-2479.465302, change=5.78e-06, α=0.000, ‖θ[1:]‖₁=8.202, h_range=[3.90e+00, 2.83e+01], num_knots=328
2025-09-07 11:47:21,800 - Iter 12300: obj=-2479.471147, change=5.78e-06, α=0.000, ‖θ[1:]‖₁=8.202, h_range=[3.90e+00, 2.83e+01], num_knots=328
2025-09-07 11:47:21,929 - Iter 12310: obj=-2479.476992, change=5.78e-06, α=0.000, ‖θ[1:]‖₁=8.202, h_range=[3.90e+00, 2.83e+01], num_knots=328
2025-09-07 11:47:22,035 - Iter 12320: obj=-2479.482836, change=5.78e-06, α=0.000, ‖θ[1:]‖₁=8.202, h_range=[3.90e+00, 2.83e+01], num_knots=328
2025-09-07 11:47:22,131 - Iter 12330: obj=-2479.488679, change=5.78e-06, α=0.000, ‖θ[1:]‖₁=8.202, h_range=[3.90e+00, 2.83e+01], num_knots=328
2025-09-07 11:47:22,236 - Iter 12340: obj=-2479.494522, change=5.78e-06, α=0.000, ‖θ[1:]‖₁=8.202, h_range=[3.90e+00, 2.83e+01], num_knots=328
2025-09-07 11:47:22,341 - Iter 12350: obj=-2479.500363, change=5.78e-06, α=0.000, ‖θ[1:]‖₁=8.202, h_range=[3.90e+00, 2.83e+01], num_knots=328
2025-09-07 11:47:22,452 - Iter 12360: obj=-2479.506204, change=5.78e-06, α=0.000, ‖θ[1:]‖₁=8.202, h_range=[3.90e+00, 2.83e+01], num_knots=328
2025-09-07 11:47:22,602 - Iter 12370: obj=-2479.512044, change=5.78e-06, α=0.000, ‖θ[1:]‖₁=8.202, h_range=[3.90e+00, 2.83e+01], num_knots=328
2025-09-07 11:47:22,707 - Iter 12380: obj=-2479.517856, change=5.78e-06, α=0.000, ‖θ[1:]‖₁=8.202, h_range=[3.90e+00, 2.83e+01], num_knots=327
2025-09-07 11:47:22,792 - Iter 12390: obj=-2479.523655, change=5.77e-06, α=0.000, ‖θ[1:]‖₁=8.202, h_range=[3.90e+00, 2.83e+01], num_knots=327
2025-09-07 11:47:22,892 - Iter 12400: obj=-2479.529453, change=5.77e-06, α=0.000, ‖θ[1:]‖₁=8.202, h_range=[3.90e+00, 2.83e+01], num_knots=327
2025-09-07 11:47:23,014 - Iter 12410: obj=-2479.535251, change=5.77e-06, α=0.000, ‖θ[1:]‖₁=8.202, h_range=[3.90e+00, 2.83e+01], num_knots=327
2025-09-07 11:47:23,119 - Iter 12420: obj=-2479.541042, change=5.77e-06, α=0.000, ‖θ[1:]‖₁=8.202, h_range=[3.90e+00, 2.83e+01], num_knots=326
2025-09-07 11:47:23,220 - Iter 12430: obj=-2479.546828, change=5.77e-06, α=0.000, ‖θ[1:]‖₁=8.202, h_range=[3.90e+00, 2.83e+01], num_knots=326
2025-09-07 11:47:23,318 - Iter 12440: obj=-2479.552591, change=5.77e-06, α=0.000, ‖θ[1:]‖₁=8.202, h_range=[3.90e+00, 2.83e+01], num_knots=325
2025-09-07 11:47:23,418 - Iter 12450: obj=-2479.558346, change=5.77e-06, α=0.000, ‖θ[1:]‖₁=8.202, h_range=[3.90e+00, 2.83e+01], num_knots=325
2025-09-07 11:47:23,516 - Iter 12460: obj=-2479.564089, change=5.77e-06, α=0.000, ‖θ[1:]‖₁=8.202, h_range=[3.90e+00, 2.83e+01], num_knots=324
2025-09-07 11:47:23,623 - Iter 12470: obj=-2479.569793, change=5.76e-06, α=0.000, ‖θ[1:]‖₁=8.202, h_range=[3.90e+00, 2.83e+01], num_knots=324
2025-09-07 11:47:23,727 - Iter 12480: obj=-2479.575495, change=5.76e-06, α=0.000, ‖θ[1:]‖₁=8.202, h_range=[3.90e+00, 2.83e+01], num_knots=324
2025-09-07 11:47:23,807 - Iter 12490: obj=-2479.581197, change=5.76e-06, α=0.000, ‖θ[1:]‖₁=8.202, h_range=[3.90e+00, 2.83e+01], num_knots=324
2025-09-07 11:47:23,909 - Iter 12500: obj=-2479.586898, change=5.76e-06, α=0.000, ‖θ[1:]‖₁=8.202, h_range=[3.90e+00, 2.83e+01], num_knots=324
2025-09-07 11:47:23,998 - Iter 12510: obj=-2479.592598, change=5.76e-06, α=0.000, ‖θ[1:]‖₁=8.202, h_range=[3.90e+00, 2.83e+01], num_knots=324
2025-09-07 11:47:24,089 - Iter 12520: obj=-2479.598297, change=5.76e-06, α=0.000, ‖θ[1:]‖₁=8.202, h_range=[3.90e+00, 2.83e+01], num_knots=324
2025-09-07 11:47:24,185 - Iter 12530: obj=-2479.603996, change=5.75e-06, α=0.000, ‖θ[1:]‖₁=8.202, h_range=[3.90e+00, 2.83e+01], num_knots=324
2025-09-07 11:47:24,266 - Iter 12540: obj=-2479.609693, change=5.75e-06, α=0.000, ‖θ[1:]‖₁=8.202, h_range=[3.90e+00, 2.83e+01], num_knots=324
2025-09-07 11:47:24,366 - Iter 12550: obj=-2479.615390, change=5.75e-06, α=0.000, ‖θ[1:]‖₁=8.202, h_range=[3.90e+00, 2.83e+01], num_knots=324
2025-09-07 11:47:24,479 - Iter 12560: obj=-2479.621086, change=5.75e-06, α=0.000, ‖θ[1:]‖₁=8.202, h_range=[3.90e+00, 2.83e+01], num_knots=324
2025-09-07 11:47:24,611 - Iter 12570: obj=-2479.626781, change=5.75e-06, α=0.000, ‖θ[1:]‖₁=8.202, h_range=[3.90e+00, 2.83e+01], num_knots=324
2025-09-07 11:47:24,729 - Iter 12580: obj=-2479.632475, change=5.75e-06, α=0.000, ‖θ[1:]‖₁=8.202, h_range=[3.90e+00, 2.83e+01], num_knots=324
2025-09-07 11:47:24,843 - Iter 12590: obj=-2479.638168, change=5.75e-06, α=0.000, ‖θ[1:]‖₁=8.202, h_range=[3.90e+00, 2.83e+01], num_knots=324
2025-09-07 11:47:24,929 - Iter 12600: obj=-2479.643861, change=5.75e-06, α=0.000, ‖θ[1:]‖₁=8.202, h_range=[3.90e+00, 2.83e+01], num_knots=324
2025-09-07 11:47:25,024 - Iter 12610: obj=-2479.649553, change=5.75e-06, α=0.000, ‖θ[1:]‖₁=8.202, h_range=[3.90e+00, 2.83e+01], num_knots=324
2025-09-07 11:47:25,130 - Iter 12620: obj=-2479.655244, change=5.75e-06, α=0.000, ‖θ[1:]‖₁=8.202, h_range=[3.90e+00, 2.83e+01], num_knots=324
2025-09-07 11:47:25,242 - Iter 12630: obj=-2479.660934, change=5.75e-06, α=0.000, ‖θ[1:]‖₁=8.202, h_range=[3.90e+00, 2.83e+01], num_knots=324
2025-09-07 11:47:25,361 - Iter 12640: obj=-2479.666624, change=5.75e-06, α=0.000, ‖θ[1:]‖₁=8.202, h_range=[3.90e+00, 2.83e+01], num_knots=324
2025-09-07 11:47:25,471 - Iter 12650: obj=-2479.672313, change=5.75e-06, α=0.000, ‖θ[1:]‖₁=8.202, h_range=[3.90e+00, 2.83e+01], num_knots=324
2025-09-07 11:47:25,571 - Iter 12660: obj=-2479.678001, change=5.74e-06, α=0.000, ‖θ[1:]‖₁=8.202, h_range=[3.90e+00, 2.83e+01], num_knots=324
2025-09-07 11:47:25,685 - Iter 12670: obj=-2479.683688, change=5.74e-06, α=0.000, ‖θ[1:]‖₁=8.202, h_range=[3.90e+00, 2.83e+01], num_knots=324
2025-09-07 11:47:25,799 - Iter 12680: obj=-2479.689374, change=5.74e-06, α=0.000, ‖θ[1:]‖₁=8.202, h_range=[3.90e+00, 2.83e+01], num_knots=324
2025-09-07 11:47:25,908 - Iter 12690: obj=-2479.695060, change=5.74e-06, α=0.000, ‖θ[1:]‖₁=8.203, h_range=[3.90e+00, 2.83e+01], num_knots=324
2025-09-07 11:47:26,057 - Iter 12700: obj=-2479.700742, change=5.74e-06, α=0.000, ‖θ[1:]‖₁=8.203, h_range=[3.90e+00, 2.83e+01], num_knots=323
2025-09-07 11:47:26,171 - Iter 12710: obj=-2479.706409, change=5.74e-06, α=0.000, ‖θ[1:]‖₁=8.203, h_range=[3.90e+00, 2.83e+01], num_knots=323
2025-09-07 11:47:26,291 - Iter 12720: obj=-2479.712076, change=5.74e-06, α=0.000, ‖θ[1:]‖₁=8.203, h_range=[3.90e+00, 2.83e+01], num_knots=323
2025-09-07 11:47:26,386 - Iter 12730: obj=-2479.717741, change=5.74e-06, α=0.000, ‖θ[1:]‖₁=8.203, h_range=[3.90e+00, 2.83e+01], num_knots=323
2025-09-07 11:47:26,473 - Iter 12740: obj=-2479.723402, change=5.74e-06, α=0.000, ‖θ[1:]‖₁=8.203, h_range=[3.90e+00, 2.83e+01], num_knots=322
2025-09-07 11:47:26,574 - Iter 12750: obj=-2479.729024, change=5.74e-06, α=0.000, ‖θ[1:]‖₁=8.203, h_range=[3.90e+00, 2.83e+01], num_knots=322
2025-09-07 11:47:26,707 - Iter 12760: obj=-2479.734644, change=5.73e-06, α=0.000, ‖θ[1:]‖₁=8.203, h_range=[3.90e+00, 2.83e+01], num_knots=322
2025-09-07 11:47:26,813 - Iter 12770: obj=-2479.740264, change=5.73e-06, α=0.000, ‖θ[1:]‖₁=8.203, h_range=[3.90e+00, 2.83e+01], num_knots=322
2025-09-07 11:47:26,929 - Iter 12780: obj=-2479.745883, change=5.73e-06, α=0.000, ‖θ[1:]‖₁=8.203, h_range=[3.90e+00, 2.83e+01], num_knots=322
2025-09-07 11:47:27,028 - Iter 12790: obj=-2479.751483, change=5.73e-06, α=0.000, ‖θ[1:]‖₁=8.203, h_range=[3.90e+00, 2.83e+01], num_knots=321
2025-09-07 11:47:27,131 - Iter 12800: obj=-2479.757066, change=5.72e-06, α=0.000, ‖θ[1:]‖₁=8.203, h_range=[3.90e+00, 2.83e+01], num_knots=321
2025-09-07 11:47:27,222 - Iter 12810: obj=-2479.762648, change=5.72e-06, α=0.000, ‖θ[1:]‖₁=8.203, h_range=[3.90e+00, 2.83e+01], num_knots=321
2025-09-07 11:47:27,317 - Iter 12820: obj=-2479.768229, change=5.72e-06, α=0.000, ‖θ[1:]‖₁=8.203, h_range=[3.90e+00, 2.83e+01], num_knots=321
2025-09-07 11:47:27,423 - Iter 12830: obj=-2479.773809, change=5.72e-06, α=0.000, ‖θ[1:]‖₁=8.203, h_range=[3.91e+00, 2.83e+01], num_knots=321
2025-09-07 11:47:27,509 - Iter 12840: obj=-2479.779389, change=5.71e-06, α=0.000, ‖θ[1:]‖₁=8.203, h_range=[3.91e+00, 2.83e+01], num_knots=321
2025-09-07 11:47:27,599 - Iter 12850: obj=-2479.784967, change=5.71e-06, α=0.000, ‖θ[1:]‖₁=8.203, h_range=[3.91e+00, 2.83e+01], num_knots=321
2025-09-07 11:47:27,712 - Iter 12860: obj=-2479.790545, change=5.71e-06, α=0.000, ‖θ[1:]‖₁=8.203, h_range=[3.91e+00, 2.83e+01], num_knots=321
2025-09-07 11:47:27,842 - Iter 12870: obj=-2479.796122, change=5.71e-06, α=0.000, ‖θ[1:]‖₁=8.203, h_range=[3.91e+00, 2.83e+01], num_knots=321
2025-09-07 11:47:27,960 - Iter 12880: obj=-2479.801698, change=5.71e-06, α=0.000, ‖θ[1:]‖₁=8.203, h_range=[3.91e+00, 2.83e+01], num_knots=321
2025-09-07 11:47:28,076 - Iter 12890: obj=-2479.807273, change=5.71e-06, α=0.000, ‖θ[1:]‖₁=8.203, h_range=[3.91e+00, 2.83e+01], num_knots=321
2025-09-07 11:47:28,182 - Iter 12900: obj=-2479.812848, change=5.70e-06, α=0.000, ‖θ[1:]‖₁=8.203, h_range=[3.91e+00, 2.83e+01], num_knots=321
2025-09-07 11:47:28,283 - Iter 12910: obj=-2479.818390, change=5.70e-06, α=0.000, ‖θ[1:]‖₁=8.203, h_range=[3.91e+00, 2.83e+01], num_knots=320
2025-09-07 11:47:28,403 - Iter 12920: obj=-2479.823921, change=5.70e-06, α=0.000, ‖θ[1:]‖₁=8.203, h_range=[3.91e+00, 2.83e+01], num_knots=320
2025-09-07 11:47:28,515 - Iter 12930: obj=-2479.829452, change=5.70e-06, α=0.000, ‖θ[1:]‖₁=8.203, h_range=[3.91e+00, 2.83e+01], num_knots=320
2025-09-07 11:47:28,616 - Iter 12940: obj=-2479.834981, change=5.70e-06, α=0.000, ‖θ[1:]‖₁=8.203, h_range=[3.91e+00, 2.83e+01], num_knots=320
2025-09-07 11:47:28,710 - Iter 12950: obj=-2479.840510, change=5.69e-06, α=0.000, ‖θ[1:]‖₁=8.203, h_range=[3.91e+00, 2.83e+01], num_knots=320
2025-09-07 11:47:28,804 - Iter 12960: obj=-2479.846038, change=5.69e-06, α=0.000, ‖θ[1:]‖₁=8.203, h_range=[3.91e+00, 2.83e+01], num_knots=320
2025-09-07 11:47:28,905 - Iter 12970: obj=-2479.851566, change=5.69e-06, α=0.000, ‖θ[1:]‖₁=8.203, h_range=[3.91e+00, 2.83e+01], num_knots=320
2025-09-07 11:47:29,011 - Iter 12980: obj=-2479.857092, change=5.69e-06, α=0.000, ‖θ[1:]‖₁=8.203, h_range=[3.91e+00, 2.83e+01], num_knots=320
2025-09-07 11:47:29,107 - Iter 12990: obj=-2479.862579, change=5.69e-06, α=0.000, ‖θ[1:]‖₁=8.203, h_range=[3.91e+00, 2.83e+01], num_knots=319
2025-09-07 11:47:29,229 - Iter 13000: obj=-2479.868059, change=5.69e-06, α=0.000, ‖θ[1:]‖₁=8.203, h_range=[3.91e+00, 2.83e+01], num_knots=319
2025-09-07 11:47:29,338 - Iter 13010: obj=-2479.873539, change=5.69e-06, α=0.000, ‖θ[1:]‖₁=8.203, h_range=[3.91e+00, 2.83e+01], num_knots=319
2025-09-07 11:47:29,425 - Iter 13020: obj=-2479.879017, change=5.69e-06, α=0.000, ‖θ[1:]‖₁=8.203, h_range=[3.91e+00, 2.83e+01], num_knots=319
2025-09-07 11:47:29,558 - Iter 13030: obj=-2479.884496, change=5.68e-06, α=0.000, ‖θ[1:]‖₁=8.204, h_range=[3.91e+00, 2.83e+01], num_knots=319
2025-09-07 11:47:29,651 - Iter 13040: obj=-2479.889973, change=5.68e-06, α=0.000, ‖θ[1:]‖₁=8.204, h_range=[3.91e+00, 2.83e+01], num_knots=319
2025-09-07 11:47:29,743 - Iter 13050: obj=-2479.895450, change=5.68e-06, α=0.000, ‖θ[1:]‖₁=8.204, h_range=[3.91e+00, 2.83e+01], num_knots=319
2025-09-07 11:47:29,849 - Iter 13060: obj=-2479.900926, change=5.68e-06, α=0.000, ‖θ[1:]‖₁=8.204, h_range=[3.91e+00, 2.83e+01], num_knots=319
2025-09-07 11:47:29,948 - Iter 13070: obj=-2479.906400, change=5.68e-06, α=0.000, ‖θ[1:]‖₁=8.204, h_range=[3.91e+00, 2.83e+01], num_knots=318
2025-09-07 11:47:30,042 - Iter 13080: obj=-2479.911820, change=5.68e-06, α=0.000, ‖θ[1:]‖₁=8.204, h_range=[3.91e+00, 2.83e+01], num_knots=318
2025-09-07 11:47:30,122 - Iter 13090: obj=-2479.917239, change=5.68e-06, α=0.000, ‖θ[1:]‖₁=8.204, h_range=[3.91e+00, 2.83e+01], num_knots=318
2025-09-07 11:47:30,216 - Iter 13100: obj=-2479.922657, change=5.67e-06, α=0.000, ‖θ[1:]‖₁=8.204, h_range=[3.90e+00, 2.83e+01], num_knots=318
2025-09-07 11:47:30,324 - Iter 13110: obj=-2479.928074, change=5.67e-06, α=0.000, ‖θ[1:]‖₁=8.204, h_range=[3.90e+00, 2.83e+01], num_knots=318
2025-09-07 11:47:30,426 - Iter 13120: obj=-2479.933491, change=5.67e-06, α=0.000, ‖θ[1:]‖₁=8.204, h_range=[3.90e+00, 2.83e+01], num_knots=318
2025-09-07 11:47:30,536 - Iter 13130: obj=-2479.938907, change=5.67e-06, α=0.000, ‖θ[1:]‖₁=8.204, h_range=[3.90e+00, 2.83e+01], num_knots=318
2025-09-07 11:47:30,626 - Iter 13140: obj=-2479.944309, change=5.67e-06, α=0.000, ‖θ[1:]‖₁=8.204, h_range=[3.90e+00, 2.83e+01], num_knots=317
2025-09-07 11:47:30,744 - Iter 13150: obj=-2479.949687, change=5.66e-06, α=0.000, ‖θ[1:]‖₁=8.204, h_range=[3.90e+00, 2.83e+01], num_knots=317
2025-09-07 11:47:30,848 - Iter 13160: obj=-2479.955065, change=5.66e-06, α=0.000, ‖θ[1:]‖₁=8.204, h_range=[3.90e+00, 2.83e+01], num_knots=317
2025-09-07 11:47:30,957 - Iter 13170: obj=-2479.960442, change=5.66e-06, α=0.000, ‖θ[1:]‖₁=8.204, h_range=[3.90e+00, 2.83e+01], num_knots=317
2025-09-07 11:47:31,055 - Iter 13180: obj=-2479.965818, change=5.66e-06, α=0.000, ‖θ[1:]‖₁=8.204, h_range=[3.90e+00, 2.83e+01], num_knots=317
2025-09-07 11:47:31,141 - Iter 13190: obj=-2479.971193, change=5.66e-06, α=0.000, ‖θ[1:]‖₁=8.204, h_range=[3.90e+00, 2.83e+01], num_knots=317
2025-09-07 11:47:31,240 - Iter 13200: obj=-2479.976567, change=5.65e-06, α=0.000, ‖θ[1:]‖₁=8.204, h_range=[3.90e+00, 2.83e+01], num_knots=317
2025-09-07 11:47:31,396 - Iter 13210: obj=-2479.981941, change=5.65e-06, α=0.000, ‖θ[1:]‖₁=8.204, h_range=[3.90e+00, 2.83e+01], num_knots=317
2025-09-07 11:47:31,512 - Iter 13220: obj=-2479.987314, change=5.65e-06, α=0.000, ‖θ[1:]‖₁=8.204, h_range=[3.90e+00, 2.83e+01], num_knots=317
2025-09-07 11:47:31,608 - Iter 13230: obj=-2479.992684, change=5.65e-06, α=0.000, ‖θ[1:]‖₁=8.204, h_range=[3.90e+00, 2.83e+01], num_knots=316
2025-09-07 11:47:31,712 - Iter 13240: obj=-2479.998029, change=5.65e-06, α=0.000, ‖θ[1:]‖₁=8.204, h_range=[3.90e+00, 2.83e+01], num_knots=316
2025-09-07 11:47:31,796 - Iter 13250: obj=-2480.003373, change=5.65e-06, α=0.000, ‖θ[1:]‖₁=8.204, h_range=[3.90e+00, 2.83e+01], num_knots=316
2025-09-07 11:47:32,010 - Iter 13260: obj=-2480.008716, change=5.65e-06, α=0.000, ‖θ[1:]‖₁=8.204, h_range=[3.90e+00, 2.83e+01], num_knots=316
2025-09-07 11:47:32,118 - Iter 13270: obj=-2480.014045, change=5.64e-06, α=0.000, ‖θ[1:]‖₁=8.204, h_range=[3.90e+00, 2.83e+01], num_knots=315
2025-09-07 11:47:32,216 - Iter 13280: obj=-2480.019343, change=5.64e-06, α=0.000, ‖θ[1:]‖₁=8.204, h_range=[3.90e+00, 2.83e+01], num_knots=315
2025-09-07 11:47:32,318 - Iter 13290: obj=-2480.024640, change=5.64e-06, α=0.000, ‖θ[1:]‖₁=8.204, h_range=[3.90e+00, 2.83e+01], num_knots=315
2025-09-07 11:47:32,413 - Iter 13300: obj=-2480.029936, change=5.64e-06, α=0.000, ‖θ[1:]‖₁=8.204, h_range=[3.90e+00, 2.83e+01], num_knots=315
2025-09-07 11:47:32,512 - Iter 13310: obj=-2480.035231, change=5.64e-06, α=0.000, ‖θ[1:]‖₁=8.204, h_range=[3.90e+00, 2.83e+01], num_knots=315
2025-09-07 11:47:32,638 - Iter 13320: obj=-2480.040526, change=5.63e-06, α=0.000, ‖θ[1:]‖₁=8.204, h_range=[3.90e+00, 2.83e+01], num_knots=315
2025-09-07 11:47:32,737 - Iter 13330: obj=-2480.045820, change=5.63e-06, α=0.000, ‖θ[1:]‖₁=8.204, h_range=[3.90e+00, 2.83e+01], num_knots=315
2025-09-07 11:47:32,841 - Iter 13340: obj=-2480.051113, change=5.63e-06, α=0.000, ‖θ[1:]‖₁=8.205, h_range=[3.90e+00, 2.83e+01], num_knots=315
2025-09-07 11:47:32,930 - Iter 13350: obj=-2480.056405, change=5.63e-06, α=0.000, ‖θ[1:]‖₁=8.205, h_range=[3.90e+00, 2.83e+01], num_knots=315
2025-09-07 11:47:33,023 - Iter 13360: obj=-2480.061696, change=5.63e-06, α=0.000, ‖θ[1:]‖₁=8.205, h_range=[3.90e+00, 2.83e+01], num_knots=315
2025-09-07 11:47:33,119 - Iter 13370: obj=-2480.066987, change=5.63e-06, α=0.000, ‖θ[1:]‖₁=8.205, h_range=[3.90e+00, 2.83e+01], num_knots=315
2025-09-07 11:47:33,240 - Iter 13380: obj=-2480.072277, change=5.63e-06, α=0.000, ‖θ[1:]‖₁=8.205, h_range=[3.90e+00, 2.83e+01], num_knots=315
2025-09-07 11:47:33,359 - Iter 13390: obj=-2480.077566, change=5.63e-06, α=0.000, ‖θ[1:]‖₁=8.205, h_range=[3.90e+00, 2.83e+01], num_knots=315
2025-09-07 11:47:33,465 - Iter 13400: obj=-2480.082827, change=5.63e-06, α=0.000, ‖θ[1:]‖₁=8.205, h_range=[3.90e+00, 2.83e+01], num_knots=314
2025-09-07 11:47:33,611 - Iter 13410: obj=-2480.088084, change=5.63e-06, α=0.000, ‖θ[1:]‖₁=8.205, h_range=[3.90e+00, 2.83e+01], num_knots=314
2025-09-07 11:47:33,748 - Iter 13420: obj=-2480.093340, change=5.63e-06, α=0.000, ‖θ[1:]‖₁=8.205, h_range=[3.90e+00, 2.83e+01], num_knots=314
2025-09-07 11:47:33,847 - Iter 13430: obj=-2480.098596, change=5.63e-06, α=0.000, ‖θ[1:]‖₁=8.205, h_range=[3.90e+00, 2.83e+01], num_knots=314
2025-09-07 11:47:33,947 - Iter 13440: obj=-2480.103850, change=5.63e-06, α=0.000, ‖θ[1:]‖₁=8.205, h_range=[3.90e+00, 2.83e+01], num_knots=314
2025-09-07 11:47:34,059 - Iter 13450: obj=-2480.109081, change=5.63e-06, α=0.000, ‖θ[1:]‖₁=8.205, h_range=[3.90e+00, 2.83e+01], num_knots=313
2025-09-07 11:47:34,188 - Iter 13460: obj=-2480.114306, change=5.62e-06, α=0.000, ‖θ[1:]‖₁=8.205, h_range=[3.90e+00, 2.83e+01], num_knots=313
2025-09-07 11:47:34,275 - Iter 13470: obj=-2480.119529, change=5.62e-06, α=0.000, ‖θ[1:]‖₁=8.205, h_range=[3.90e+00, 2.83e+01], num_knots=313
2025-09-07 11:47:34,389 - Iter 13480: obj=-2480.124752, change=5.62e-06, α=0.000, ‖θ[1:]‖₁=8.205, h_range=[3.90e+00, 2.83e+01], num_knots=313
2025-09-07 11:47:34,510 - Iter 13490: obj=-2480.129974, change=5.62e-06, α=0.000, ‖θ[1:]‖₁=8.205, h_range=[3.90e+00, 2.83e+01], num_knots=313
2025-09-07 11:47:34,693 - Iter 13500: obj=-2480.135195, change=5.62e-06, α=0.000, ‖θ[1:]‖₁=8.205, h_range=[3.90e+00, 2.83e+01], num_knots=313
2025-09-07 11:47:34,825 - Iter 13510: obj=-2480.140416, change=5.62e-06, α=0.000, ‖θ[1:]‖₁=8.205, h_range=[3.90e+00, 2.83e+01], num_knots=313
2025-09-07 11:47:34,978 - Iter 13520: obj=-2480.145636, change=5.62e-06, α=0.000, ‖θ[1:]‖₁=8.205, h_range=[3.90e+00, 2.83e+01], num_knots=313
2025-09-07 11:47:35,096 - Iter 13530: obj=-2480.150855, change=5.62e-06, α=0.000, ‖θ[1:]‖₁=8.205, h_range=[3.90e+00, 2.83e+01], num_knots=313
2025-09-07 11:47:35,211 - Iter 13540: obj=-2480.156074, change=5.62e-06, α=0.000, ‖θ[1:]‖₁=8.205, h_range=[3.90e+00, 2.83e+01], num_knots=313
2025-09-07 11:47:35,329 - Iter 13550: obj=-2480.161292, change=5.62e-06, α=0.000, ‖θ[1:]‖₁=8.205, h_range=[3.90e+00, 2.83e+01], num_knots=313
2025-09-07 11:47:35,444 - Iter 13560: obj=-2480.166509, change=5.62e-06, α=0.000, ‖θ[1:]‖₁=8.205, h_range=[3.90e+00, 2.83e+01], num_knots=313
2025-09-07 11:47:35,574 - Iter 13570: obj=-2480.171725, change=5.62e-06, α=0.000, ‖θ[1:]‖₁=8.205, h_range=[3.90e+00, 2.83e+01], num_knots=313
2025-09-07 11:47:35,698 - Iter 13580: obj=-2480.176941, change=5.62e-06, α=0.000, ‖θ[1:]‖₁=8.205, h_range=[3.90e+00, 2.83e+01], num_knots=313
2025-09-07 11:47:35,849 - Iter 13590: obj=-2480.182156, change=5.62e-06, α=0.000, ‖θ[1:]‖₁=8.205, h_range=[3.90e+00, 2.83e+01], num_knots=313
2025-09-07 11:47:36,200 - Iter 13600: obj=-2480.187350, change=5.62e-06, α=0.000, ‖θ[1:]‖₁=8.205, h_range=[3.90e+00, 2.83e+01], num_knots=312
2025-09-07 11:47:36,322 - Iter 13610: obj=-2480.192537, change=5.62e-06, α=0.000, ‖θ[1:]‖₁=8.205, h_range=[3.90e+00, 2.83e+01], num_knots=312
2025-09-07 11:47:36,426 - Iter 13620: obj=-2480.197724, change=5.62e-06, α=0.000, ‖θ[1:]‖₁=8.205, h_range=[3.90e+00, 2.83e+01], num_knots=312
2025-09-07 11:47:36,595 - Iter 13630: obj=-2480.202909, change=5.62e-06, α=0.000, ‖θ[1:]‖₁=8.205, h_range=[3.90e+00, 2.83e+01], num_knots=312
2025-09-07 11:47:36,715 - Iter 13640: obj=-2480.208095, change=5.62e-06, α=0.000, ‖θ[1:]‖₁=8.205, h_range=[3.90e+00, 2.83e+01], num_knots=312
2025-09-07 11:47:36,850 - Iter 13650: obj=-2480.213279, change=5.62e-06, α=0.000, ‖θ[1:]‖₁=8.205, h_range=[3.90e+00, 2.83e+01], num_knots=312
2025-09-07 11:47:36,956 - Iter 13660: obj=-2480.218463, change=5.62e-06, α=0.000, ‖θ[1:]‖₁=8.205, h_range=[3.90e+00, 2.83e+01], num_knots=312
2025-09-07 11:47:37,075 - Iter 13670: obj=-2480.223646, change=5.62e-06, α=0.000, ‖θ[1:]‖₁=8.205, h_range=[3.90e+00, 2.83e+01], num_knots=312
2025-09-07 11:47:37,209 - Iter 13680: obj=-2480.228828, change=5.62e-06, α=0.000, ‖θ[1:]‖₁=8.205, h_range=[3.90e+00, 2.83e+01], num_knots=312
2025-09-07 11:47:37,338 - Iter 13690: obj=-2480.234010, change=5.62e-06, α=0.000, ‖θ[1:]‖₁=8.205, h_range=[3.90e+00, 2.83e+01], num_knots=312
2025-09-07 11:47:37,464 - Iter 13700: obj=-2480.239191, change=5.62e-06, α=0.000, ‖θ[1:]‖₁=8.205, h_range=[3.90e+00, 2.83e+01], num_knots=312
2025-09-07 11:47:37,583 - Iter 13710: obj=-2480.244372, change=5.62e-06, α=0.000, ‖θ[1:]‖₁=8.205, h_range=[3.90e+00, 2.83e+01], num_knots=312
2025-09-07 11:47:37,693 - Iter 13720: obj=-2480.249552, change=5.62e-06, α=0.000, ‖θ[1:]‖₁=8.205, h_range=[3.90e+00, 2.83e+01], num_knots=312
2025-09-07 11:47:37,822 - Iter 13730: obj=-2480.254705, change=5.62e-06, α=0.000, ‖θ[1:]‖₁=8.205, h_range=[3.90e+00, 2.83e+01], num_knots=311
2025-09-07 11:47:37,929 - Iter 13740: obj=-2480.259851, change=5.62e-06, α=0.000, ‖θ[1:]‖₁=8.205, h_range=[3.90e+00, 2.83e+01], num_knots=311
2025-09-07 11:47:38,048 - Iter 13750: obj=-2480.264997, change=5.62e-06, α=0.000, ‖θ[1:]‖₁=8.205, h_range=[3.90e+00, 2.83e+01], num_knots=311
2025-09-07 11:47:38,183 - Iter 13760: obj=-2480.270141, change=5.62e-06, α=0.000, ‖θ[1:]‖₁=8.205, h_range=[3.90e+00, 2.83e+01], num_knots=311
2025-09-07 11:47:38,300 - Iter 13770: obj=-2480.275285, change=5.62e-06, α=0.000, ‖θ[1:]‖₁=8.205, h_range=[3.90e+00, 2.83e+01], num_knots=311
2025-09-07 11:47:38,431 - Iter 13780: obj=-2480.280429, change=5.62e-06, α=0.000, ‖θ[1:]‖₁=8.205, h_range=[3.90e+00, 2.83e+01], num_knots=311
2025-09-07 11:47:38,546 - Iter 13790: obj=-2480.285571, change=5.62e-06, α=0.000, ‖θ[1:]‖₁=8.205, h_range=[3.90e+00, 2.83e+01], num_knots=311
2025-09-07 11:47:38,669 - Iter 13800: obj=-2480.290713, change=5.62e-06, α=0.000, ‖θ[1:]‖₁=8.205, h_range=[3.90e+00, 2.83e+01], num_knots=311
2025-09-07 11:47:38,805 - Iter 13810: obj=-2480.295854, change=5.62e-06, α=0.000, ‖θ[1:]‖₁=8.205, h_range=[3.90e+00, 2.83e+01], num_knots=311
2025-09-07 11:47:38,938 - Iter 13820: obj=-2480.300995, change=5.62e-06, α=0.000, ‖θ[1:]‖₁=8.205, h_range=[3.90e+00, 2.83e+01], num_knots=311
2025-09-07 11:47:39,045 - Iter 13830: obj=-2480.306135, change=5.62e-06, α=0.000, ‖θ[1:]‖₁=8.205, h_range=[3.90e+00, 2.83e+01], num_knots=311
2025-09-07 11:47:39,199 - Iter 13840: obj=-2480.311274, change=5.62e-06, α=0.000, ‖θ[1:]‖₁=8.205, h_range=[3.90e+00, 2.83e+01], num_knots=311
2025-09-07 11:47:39,353 - Iter 13850: obj=-2480.316390, change=5.62e-06, α=0.000, ‖θ[1:]‖₁=8.205, h_range=[3.90e+00, 2.83e+01], num_knots=310
2025-09-07 11:47:39,506 - Iter 13860: obj=-2480.321502, change=5.62e-06, α=0.000, ‖θ[1:]‖₁=8.205, h_range=[3.90e+00, 2.83e+01], num_knots=310
2025-09-07 11:47:39,645 - Iter 13870: obj=-2480.326613, change=5.61e-06, α=0.000, ‖θ[1:]‖₁=8.205, h_range=[3.90e+00, 2.83e+01], num_knots=310
2025-09-07 11:47:39,753 - Iter 13880: obj=-2480.331723, change=5.61e-06, α=0.000, ‖θ[1:]‖₁=8.205, h_range=[3.90e+00, 2.83e+01], num_knots=310
2025-09-07 11:47:39,867 - Iter 13890: obj=-2480.336833, change=5.61e-06, α=0.000, ‖θ[1:]‖₁=8.205, h_range=[3.91e+00, 2.83e+01], num_knots=310
2025-09-07 11:47:39,989 - Iter 13900: obj=-2480.341942, change=5.61e-06, α=0.000, ‖θ[1:]‖₁=8.205, h_range=[3.91e+00, 2.83e+01], num_knots=310
2025-09-07 11:47:40,084 - Iter 13910: obj=-2480.347044, change=5.61e-06, α=0.000, ‖θ[1:]‖₁=8.205, h_range=[3.91e+00, 2.83e+01], num_knots=309
2025-09-07 11:47:40,180 - Iter 13920: obj=-2480.352133, change=5.61e-06, α=0.000, ‖θ[1:]‖₁=8.205, h_range=[3.91e+00, 2.83e+01], num_knots=309
2025-09-07 11:47:40,289 - Iter 13930: obj=-2480.357223, change=5.61e-06, α=0.000, ‖θ[1:]‖₁=8.205, h_range=[3.91e+00, 2.83e+01], num_knots=309
2025-09-07 11:47:40,409 - Iter 13940: obj=-2480.362311, change=5.61e-06, α=0.000, ‖θ[1:]‖₁=8.205, h_range=[3.91e+00, 2.83e+01], num_knots=308
2025-09-07 11:47:40,523 - Iter 13950: obj=-2480.367349, change=5.61e-06, α=0.000, ‖θ[1:]‖₁=8.205, h_range=[3.91e+00, 2.83e+01], num_knots=308
2025-09-07 11:47:40,668 - Iter 13960: obj=-2480.372382, change=5.61e-06, α=0.000, ‖θ[1:]‖₁=8.205, h_range=[3.91e+00, 2.83e+01], num_knots=308
2025-09-07 11:47:40,805 - Iter 13970: obj=-2480.377414, change=5.61e-06, α=0.000, ‖θ[1:]‖₁=8.205, h_range=[3.91e+00, 2.83e+01], num_knots=308
2025-09-07 11:47:40,915 - Iter 13980: obj=-2480.382446, change=5.61e-06, α=0.000, ‖θ[1:]‖₁=8.205, h_range=[3.90e+00, 2.83e+01], num_knots=308
2025-09-07 11:47:41,048 - Iter 13990: obj=-2480.387477, change=5.61e-06, α=0.000, ‖θ[1:]‖₁=8.205, h_range=[3.90e+00, 2.83e+01], num_knots=308
2025-09-07 11:47:41,147 - Iter 14000: obj=-2480.392502, change=5.61e-06, α=0.000, ‖θ[1:]‖₁=8.205, h_range=[3.90e+00, 2.83e+01], num_knots=307
2025-09-07 11:47:41,245 - Iter 14010: obj=-2480.397508, change=5.61e-06, α=0.000, ‖θ[1:]‖₁=8.206, h_range=[3.90e+00, 2.83e+01], num_knots=307
2025-09-07 11:47:41,368 - Iter 14020: obj=-2480.402514, change=5.61e-06, α=0.000, ‖θ[1:]‖₁=8.206, h_range=[3.90e+00, 2.83e+01], num_knots=307
2025-09-07 11:47:41,486 - Iter 14030: obj=-2480.407518, change=5.61e-06, α=0.000, ‖θ[1:]‖₁=8.206, h_range=[3.90e+00, 2.83e+01], num_knots=307
2025-09-07 11:47:41,630 - Iter 14040: obj=-2480.412523, change=5.60e-06, α=0.000, ‖θ[1:]‖₁=8.206, h_range=[3.90e+00, 2.83e+01], num_knots=307
2025-09-07 11:47:41,760 - Iter 14050: obj=-2480.417526, change=5.60e-06, α=0.000, ‖θ[1:]‖₁=8.206, h_range=[3.90e+00, 2.83e+01], num_knots=307
2025-09-07 11:47:41,873 - Iter 14060: obj=-2480.422529, change=5.60e-06, α=0.000, ‖θ[1:]‖₁=8.206, h_range=[3.90e+00, 2.83e+01], num_knots=307
2025-09-07 11:47:41,995 - Iter 14070: obj=-2480.427531, change=5.60e-06, α=0.000, ‖θ[1:]‖₁=8.206, h_range=[3.90e+00, 2.83e+01], num_knots=307
2025-09-07 11:47:42,131 - Iter 14080: obj=-2480.432532, change=5.60e-06, α=0.000, ‖θ[1:]‖₁=8.206, h_range=[3.90e+00, 2.83e+01], num_knots=307
2025-09-07 11:47:42,245 - Iter 14090: obj=-2480.437532, change=5.60e-06, α=0.000, ‖θ[1:]‖₁=8.206, h_range=[3.90e+00, 2.83e+01], num_knots=307
2025-09-07 11:47:42,360 - Iter 14100: obj=-2480.442532, change=5.60e-06, α=0.000, ‖θ[1:]‖₁=8.206, h_range=[3.90e+00, 2.83e+01], num_knots=307
2025-09-07 11:47:42,462 - Iter 14110: obj=-2480.447532, change=5.60e-06, α=0.000, ‖θ[1:]‖₁=8.206, h_range=[3.90e+00, 2.83e+01], num_knots=307
2025-09-07 11:47:42,577 - Iter 14120: obj=-2480.452530, change=5.60e-06, α=0.000, ‖θ[1:]‖₁=8.206, h_range=[3.91e+00, 2.83e+01], num_knots=307
2025-09-07 11:47:42,688 - Iter 14130: obj=-2480.457528, change=5.60e-06, α=0.000, ‖θ[1:]‖₁=8.206, h_range=[3.91e+00, 2.83e+01], num_knots=306
2025-09-07 11:47:42,779 - Iter 14140: obj=-2480.462458, change=5.60e-06, α=0.000, ‖θ[1:]‖₁=8.206, h_range=[3.91e+00, 2.83e+01], num_knots=306
2025-09-07 11:47:42,890 - Iter 14150: obj=-2480.467387, change=5.60e-06, α=0.000, ‖θ[1:]‖₁=8.206, h_range=[3.91e+00, 2.83e+01], num_knots=306
2025-09-07 11:47:42,989 - Iter 14160: obj=-2480.472315, change=5.60e-06, α=0.000, ‖θ[1:]‖₁=8.206, h_range=[3.91e+00, 2.83e+01], num_knots=306
2025-09-07 11:47:43,097 - Iter 14170: obj=-2480.477242, change=5.60e-06, α=0.000, ‖θ[1:]‖₁=8.206, h_range=[3.91e+00, 2.83e+01], num_knots=306
2025-09-07 11:47:43,211 - Iter 14180: obj=-2480.482169, change=5.59e-06, α=0.000, ‖θ[1:]‖₁=8.206, h_range=[3.91e+00, 2.83e+01], num_knots=306
2025-09-07 11:47:43,311 - Iter 14190: obj=-2480.487095, change=5.59e-06, α=0.000, ‖θ[1:]‖₁=8.206, h_range=[3.91e+00, 2.83e+01], num_knots=306
2025-09-07 11:47:43,402 - Iter 14200: obj=-2480.492020, change=5.59e-06, α=0.000, ‖θ[1:]‖₁=8.206, h_range=[3.91e+00, 2.83e+01], num_knots=306
2025-09-07 11:47:43,502 - Iter 14210: obj=-2480.496944, change=5.59e-06, α=0.000, ‖θ[1:]‖₁=8.206, h_range=[3.91e+00, 2.83e+01], num_knots=306
2025-09-07 11:47:43,602 - Iter 14220: obj=-2480.501868, change=5.59e-06, α=0.000, ‖θ[1:]‖₁=8.206, h_range=[3.91e+00, 2.83e+01], num_knots=306
2025-09-07 11:47:43,704 - Iter 14230: obj=-2480.506782, change=5.59e-06, α=0.000, ‖θ[1:]‖₁=8.206, h_range=[3.91e+00, 2.83e+01], num_knots=305
2025-09-07 11:47:43,844 - Iter 14240: obj=-2480.511668, change=5.58e-06, α=0.000, ‖θ[1:]‖₁=8.206, h_range=[3.91e+00, 2.83e+01], num_knots=305
2025-09-07 11:47:43,956 - Iter 14250: obj=-2480.516552, change=5.58e-06, α=0.000, ‖θ[1:]‖₁=8.206, h_range=[3.91e+00, 2.83e+01], num_knots=305
2025-09-07 11:47:44,078 - Iter 14260: obj=-2480.521436, change=5.58e-06, α=0.000, ‖θ[1:]‖₁=8.206, h_range=[3.91e+00, 2.83e+01], num_knots=305
2025-09-07 11:47:44,178 - Iter 14270: obj=-2480.526319, change=5.58e-06, α=0.000, ‖θ[1:]‖₁=8.206, h_range=[3.91e+00, 2.83e+01], num_knots=304
2025-09-07 11:47:44,282 - Iter 14280: obj=-2480.531164, change=5.58e-06, α=0.000, ‖θ[1:]‖₁=8.206, h_range=[3.91e+00, 2.83e+01], num_knots=304
2025-09-07 11:47:44,409 - Iter 14290: obj=-2480.535987, change=5.57e-06, α=0.000, ‖θ[1:]‖₁=8.206, h_range=[3.91e+00, 2.83e+01], num_knots=303
2025-09-07 11:47:44,520 - Iter 14300: obj=-2480.540773, change=5.57e-06, α=0.000, ‖θ[1:]‖₁=8.206, h_range=[3.91e+00, 2.83e+01], num_knots=303
2025-09-07 11:47:44,638 - Iter 14310: obj=-2480.545544, change=5.57e-06, α=0.000, ‖θ[1:]‖₁=8.206, h_range=[3.91e+00, 2.83e+01], num_knots=302
2025-09-07 11:47:44,739 - Iter 14320: obj=-2480.550307, change=5.57e-06, α=0.000, ‖θ[1:]‖₁=8.206, h_range=[3.90e+00, 2.83e+01], num_knots=302
2025-09-07 11:47:44,865 - Iter 14330: obj=-2480.555069, change=5.57e-06, α=0.000, ‖θ[1:]‖₁=8.206, h_range=[3.90e+00, 2.83e+01], num_knots=302
2025-09-07 11:47:44,957 - Iter 14340: obj=-2480.559829, change=5.57e-06, α=0.000, ‖θ[1:]‖₁=8.206, h_range=[3.90e+00, 2.83e+01], num_knots=302
2025-09-07 11:47:45,057 - Iter 14350: obj=-2480.564589, change=5.57e-06, α=0.000, ‖θ[1:]‖₁=8.206, h_range=[3.90e+00, 2.83e+01], num_knots=302
2025-09-07 11:47:45,149 - Iter 14360: obj=-2480.569349, change=5.56e-06, α=0.000, ‖θ[1:]‖₁=8.207, h_range=[3.90e+00, 2.83e+01], num_knots=302
2025-09-07 11:47:45,256 - Iter 14370: obj=-2480.574107, change=5.56e-06, α=0.000, ‖θ[1:]‖₁=8.207, h_range=[3.90e+00, 2.83e+01], num_knots=302
2025-09-07 11:47:45,363 - Iter 14380: obj=-2480.578865, change=5.56e-06, α=0.000, ‖θ[1:]‖₁=8.207, h_range=[3.90e+00, 2.83e+01], num_knots=302
2025-09-07 11:47:45,468 - Iter 14390: obj=-2480.583622, change=5.56e-06, α=0.000, ‖θ[1:]‖₁=8.207, h_range=[3.90e+00, 2.83e+01], num_knots=302
2025-09-07 11:47:45,571 - Iter 14400: obj=-2480.588378, change=5.56e-06, α=0.000, ‖θ[1:]‖₁=8.207, h_range=[3.90e+00, 2.83e+01], num_knots=302
2025-09-07 11:47:45,683 - Iter 14410: obj=-2480.593133, change=5.56e-06, α=0.000, ‖θ[1:]‖₁=8.207, h_range=[3.90e+00, 2.83e+01], num_knots=301
2025-09-07 11:47:45,803 - Iter 14420: obj=-2480.597878, change=5.56e-06, α=0.000, ‖θ[1:]‖₁=8.207, h_range=[3.90e+00, 2.83e+01], num_knots=301
2025-09-07 11:47:45,906 - Iter 14430: obj=-2480.602622, change=5.56e-06, α=0.000, ‖θ[1:]‖₁=8.207, h_range=[3.90e+00, 2.83e+01], num_knots=301
2025-09-07 11:47:46,011 - Iter 14440: obj=-2480.607366, change=5.56e-06, α=0.000, ‖θ[1:]‖₁=8.207, h_range=[3.90e+00, 2.83e+01], num_knots=301
2025-09-07 11:47:46,109 - Iter 14450: obj=-2480.612109, change=5.55e-06, α=0.000, ‖θ[1:]‖₁=8.207, h_range=[3.90e+00, 2.83e+01], num_knots=301
2025-09-07 11:47:46,235 - Iter 14460: obj=-2480.616851, change=5.55e-06, α=0.000, ‖θ[1:]‖₁=8.207, h_range=[3.90e+00, 2.83e+01], num_knots=301
2025-09-07 11:47:46,330 - Iter 14470: obj=-2480.621569, change=5.55e-06, α=0.000, ‖θ[1:]‖₁=8.207, h_range=[3.90e+00, 2.83e+01], num_knots=300
2025-09-07 11:47:46,420 - Iter 14480: obj=-2480.626275, change=5.55e-06, α=0.000, ‖θ[1:]‖₁=8.207, h_range=[3.90e+00, 2.83e+01], num_knots=300
2025-09-07 11:47:46,513 - Iter 14490: obj=-2480.630958, change=5.55e-06, α=0.000, ‖θ[1:]‖₁=8.207, h_range=[3.90e+00, 2.83e+01], num_knots=299
2025-09-07 11:47:46,606 - Iter 14500: obj=-2480.635627, change=5.55e-06, α=0.000, ‖θ[1:]‖₁=8.207, h_range=[3.90e+00, 2.83e+01], num_knots=299
2025-09-07 11:47:46,697 - Iter 14510: obj=-2480.640295, change=5.54e-06, α=0.000, ‖θ[1:]‖₁=8.207, h_range=[3.90e+00, 2.83e+01], num_knots=299
2025-09-07 11:47:46,813 - Iter 14520: obj=-2480.644963, change=5.54e-06, α=0.000, ‖θ[1:]‖₁=8.207, h_range=[3.90e+00, 2.83e+01], num_knots=299
2025-09-07 11:47:46,927 - Iter 14530: obj=-2480.649629, change=5.54e-06, α=0.000, ‖θ[1:]‖₁=8.207, h_range=[3.90e+00, 2.83e+01], num_knots=299
2025-09-07 11:47:47,044 - Iter 14540: obj=-2480.654295, change=5.54e-06, α=0.000, ‖θ[1:]‖₁=8.207, h_range=[3.90e+00, 2.83e+01], num_knots=299
2025-09-07 11:47:47,172 - Iter 14550: obj=-2480.658960, change=5.54e-06, α=0.000, ‖θ[1:]‖₁=8.207, h_range=[3.90e+00, 2.83e+01], num_knots=299
2025-09-07 11:47:47,291 - Iter 14560: obj=-2480.663625, change=5.54e-06, α=0.000, ‖θ[1:]‖₁=8.207, h_range=[3.90e+00, 2.83e+01], num_knots=299
2025-09-07 11:47:47,400 - Iter 14570: obj=-2480.668288, change=5.54e-06, α=0.000, ‖θ[1:]‖₁=8.207, h_range=[3.90e+00, 2.83e+01], num_knots=299
2025-09-07 11:47:47,517 - Iter 14580: obj=-2480.672951, change=5.53e-06, α=0.000, ‖θ[1:]‖₁=8.207, h_range=[3.90e+00, 2.83e+01], num_knots=299
2025-09-07 11:47:47,607 - Iter 14590: obj=-2480.677614, change=5.53e-06, α=0.000, ‖θ[1:]‖₁=8.207, h_range=[3.90e+00, 2.83e+01], num_knots=299
2025-09-07 11:47:47,705 - Iter 14600: obj=-2480.682275, change=5.53e-06, α=0.000, ‖θ[1:]‖₁=8.207, h_range=[3.90e+00, 2.83e+01], num_knots=299
2025-09-07 11:47:47,789 - Iter 14610: obj=-2480.686937, change=5.53e-06, α=0.000, ‖θ[1:]‖₁=8.207, h_range=[3.90e+00, 2.83e+01], num_knots=299
2025-09-07 11:47:47,899 - Iter 14620: obj=-2480.691597, change=5.53e-06, α=0.000, ‖θ[1:]‖₁=8.207, h_range=[3.90e+00, 2.83e+01], num_knots=299
2025-09-07 11:47:48,038 - Iter 14630: obj=-2480.696257, change=5.53e-06, α=0.000, ‖θ[1:]‖₁=8.207, h_range=[3.90e+00, 2.83e+01], num_knots=299
2025-09-07 11:47:48,142 - Iter 14640: obj=-2480.700916, change=5.53e-06, α=0.000, ‖θ[1:]‖₁=8.207, h_range=[3.90e+00, 2.83e+01], num_knots=299
2025-09-07 11:47:48,245 - Iter 14650: obj=-2480.705574, change=5.53e-06, α=0.000, ‖θ[1:]‖₁=8.207, h_range=[3.90e+00, 2.83e+01], num_knots=299
2025-09-07 11:47:48,359 - Iter 14660: obj=-2480.710232, change=5.53e-06, α=0.000, ‖θ[1:]‖₁=8.207, h_range=[3.90e+00, 2.83e+01], num_knots=299
2025-09-07 11:47:48,470 - Iter 14670: obj=-2480.714889, change=5.53e-06, α=0.000, ‖θ[1:]‖₁=8.207, h_range=[3.90e+00, 2.83e+01], num_knots=299
2025-09-07 11:47:48,576 - Iter 14680: obj=-2480.719545, change=5.53e-06, α=0.000, ‖θ[1:]‖₁=8.207, h_range=[3.90e+00, 2.83e+01], num_knots=299
2025-09-07 11:47:48,672 - Iter 14690: obj=-2480.724201, change=5.53e-06, α=0.000, ‖θ[1:]‖₁=8.207, h_range=[3.90e+00, 2.83e+01], num_knots=299
2025-09-07 11:47:48,760 - Iter 14700: obj=-2480.728856, change=5.52e-06, α=0.000, ‖θ[1:]‖₁=8.207, h_range=[3.90e+00, 2.83e+01], num_knots=299
2025-09-07 11:47:48,853 - Iter 14710: obj=-2480.733511, change=5.52e-06, α=0.000, ‖θ[1:]‖₁=8.208, h_range=[3.90e+00, 2.83e+01], num_knots=299
2025-09-07 11:47:48,962 - Iter 14720: obj=-2480.738165, change=5.52e-06, α=0.000, ‖θ[1:]‖₁=8.208, h_range=[3.90e+00, 2.83e+01], num_knots=299
2025-09-07 11:47:49,062 - Iter 14730: obj=-2480.742818, change=5.52e-06, α=0.000, ‖θ[1:]‖₁=8.208, h_range=[3.90e+00, 2.83e+01], num_knots=299
2025-09-07 11:47:49,176 - Iter 14740: obj=-2480.747471, change=5.52e-06, α=0.000, ‖θ[1:]‖₁=8.208, h_range=[3.90e+00, 2.83e+01], num_knots=299
2025-09-07 11:47:49,280 - Iter 14750: obj=-2480.752123, change=5.52e-06, α=0.000, ‖θ[1:]‖₁=8.208, h_range=[3.90e+00, 2.83e+01], num_knots=299
2025-09-07 11:47:49,393 - Iter 14760: obj=-2480.756774, change=5.52e-06, α=0.000, ‖θ[1:]‖₁=8.208, h_range=[3.90e+00, 2.83e+01], num_knots=299
2025-09-07 11:47:49,490 - Iter 14770: obj=-2480.761425, change=5.52e-06, α=0.000, ‖θ[1:]‖₁=8.208, h_range=[3.90e+00, 2.83e+01], num_knots=299
2025-09-07 11:47:49,693 - Iter 14780: obj=-2480.766076, change=5.52e-06, α=0.000, ‖θ[1:]‖₁=8.208, h_range=[3.90e+00, 2.83e+01], num_knots=299
2025-09-07 11:47:49,796 - Iter 14790: obj=-2480.770725, change=5.52e-06, α=0.000, ‖θ[1:]‖₁=8.208, h_range=[3.90e+00, 2.83e+01], num_knots=299
2025-09-07 11:47:49,878 - Iter 14800: obj=-2480.775374, change=5.52e-06, α=0.000, ‖θ[1:]‖₁=8.208, h_range=[3.90e+00, 2.83e+01], num_knots=299
2025-09-07 11:47:49,973 - Iter 14810: obj=-2480.780023, change=5.52e-06, α=0.000, ‖θ[1:]‖₁=8.208, h_range=[3.90e+00, 2.83e+01], num_knots=299
2025-09-07 11:47:50,068 - Iter 14820: obj=-2480.784671, change=5.52e-06, α=0.000, ‖θ[1:]‖₁=8.208, h_range=[3.90e+00, 2.83e+01], num_knots=299
2025-09-07 11:47:50,170 - Iter 14830: obj=-2480.789318, change=5.52e-06, α=0.000, ‖θ[1:]‖₁=8.208, h_range=[3.90e+00, 2.83e+01], num_knots=299
2025-09-07 11:47:50,282 - Iter 14840: obj=-2480.793964, change=5.52e-06, α=0.000, ‖θ[1:]‖₁=8.208, h_range=[3.90e+00, 2.83e+01], num_knots=299
2025-09-07 11:47:50,390 - Iter 14850: obj=-2480.798610, change=5.52e-06, α=0.000, ‖θ[1:]‖₁=8.208, h_range=[3.90e+00, 2.83e+01], num_knots=299
2025-09-07 11:47:50,477 - Iter 14860: obj=-2480.803256, change=5.52e-06, α=0.000, ‖θ[1:]‖₁=8.208, h_range=[3.90e+00, 2.83e+01], num_knots=299
2025-09-07 11:47:50,577 - Iter 14870: obj=-2480.807901, change=5.52e-06, α=0.000, ‖θ[1:]‖₁=8.208, h_range=[3.90e+00, 2.83e+01], num_knots=299
2025-09-07 11:47:50,666 - Iter 14880: obj=-2480.812545, change=5.52e-06, α=0.000, ‖θ[1:]‖₁=8.208, h_range=[3.90e+00, 2.83e+01], num_knots=299
2025-09-07 11:47:50,770 - Iter 14890: obj=-2480.817189, change=5.52e-06, α=0.000, ‖θ[1:]‖₁=8.208, h_range=[3.90e+00, 2.83e+01], num_knots=299
2025-09-07 11:47:50,879 - Iter 14900: obj=-2480.821832, change=5.52e-06, α=0.000, ‖θ[1:]‖₁=8.208, h_range=[3.90e+00, 2.83e+01], num_knots=299
2025-09-07 11:47:50,985 - Iter 14910: obj=-2480.826475, change=5.51e-06, α=0.000, ‖θ[1:]‖₁=8.208, h_range=[3.90e+00, 2.83e+01], num_knots=299
2025-09-07 11:47:51,098 - Iter 14920: obj=-2480.831117, change=5.51e-06, α=0.000, ‖θ[1:]‖₁=8.208, h_range=[3.90e+00, 2.83e+01], num_knots=299
2025-09-07 11:47:51,178 - Iter 14930: obj=-2480.835758, change=5.51e-06, α=0.000, ‖θ[1:]‖₁=8.208, h_range=[3.90e+00, 2.83e+01], num_knots=299
2025-09-07 11:47:51,269 - Iter 14940: obj=-2480.840399, change=5.51e-06, α=0.000, ‖θ[1:]‖₁=8.208, h_range=[3.90e+00, 2.83e+01], num_knots=299
2025-09-07 11:47:51,378 - Iter 14950: obj=-2480.845039, change=5.51e-06, α=0.000, ‖θ[1:]‖₁=8.208, h_range=[3.90e+00, 2.83e+01], num_knots=299
2025-09-07 11:47:51,479 - Iter 14960: obj=-2480.849661, change=5.51e-06, α=0.000, ‖θ[1:]‖₁=8.208, h_range=[3.90e+00, 2.83e+01], num_knots=298
2025-09-07 11:47:51,559 - Iter 14970: obj=-2480.854275, change=5.51e-06, α=0.000, ‖θ[1:]‖₁=8.208, h_range=[3.90e+00, 2.83e+01], num_knots=298
2025-09-07 11:47:51,646 - Iter 14980: obj=-2480.858890, change=5.51e-06, α=0.000, ‖θ[1:]‖₁=8.208, h_range=[3.90e+00, 2.83e+01], num_knots=298
2025-09-07 11:47:51,753 - Iter 14990: obj=-2480.863503, change=5.51e-06, α=0.000, ‖θ[1:]‖₁=8.208, h_range=[3.90e+00, 2.83e+01], num_knots=298
2025-09-07 11:47:51,837 - Iter 15000: obj=-2480.868116, change=5.51e-06, α=0.000, ‖θ[1:]‖₁=8.208, h_range=[3.90e+00, 2.83e+01], num_knots=298
2025-09-07 11:47:51,948 - Iter 15010: obj=-2480.872729, change=5.51e-06, α=0.000, ‖θ[1:]‖₁=8.208, h_range=[3.90e+00, 2.83e+01], num_knots=298
2025-09-07 11:47:52,030 - Iter 15020: obj=-2480.877340, change=5.51e-06, α=0.000, ‖θ[1:]‖₁=8.208, h_range=[3.90e+00, 2.83e+01], num_knots=298
2025-09-07 11:47:52,176 - Iter 15030: obj=-2480.881952, change=5.51e-06, α=0.000, ‖θ[1:]‖₁=8.208, h_range=[3.90e+00, 2.83e+01], num_knots=298
2025-09-07 11:47:52,302 - Iter 15040: obj=-2480.886562, change=5.51e-06, α=0.000, ‖θ[1:]‖₁=8.208, h_range=[3.90e+00, 2.83e+01], num_knots=298
2025-09-07 11:47:52,402 - Iter 15050: obj=-2480.891173, change=5.51e-06, α=0.000, ‖θ[1:]‖₁=8.208, h_range=[3.90e+00, 2.83e+01], num_knots=298
2025-09-07 11:47:52,501 - Iter 15060: obj=-2480.895771, change=5.51e-06, α=0.000, ‖θ[1:]‖₁=8.208, h_range=[3.90e+00, 2.83e+01], num_knots=297
2025-09-07 11:47:52,592 - Iter 15070: obj=-2480.900364, change=5.51e-06, α=0.000, ‖θ[1:]‖₁=8.208, h_range=[3.90e+00, 2.83e+01], num_knots=297
2025-09-07 11:47:52,693 - Iter 15080: obj=-2480.904957, change=5.51e-06, α=0.000, ‖θ[1:]‖₁=8.208, h_range=[3.90e+00, 2.83e+01], num_knots=297
2025-09-07 11:47:52,776 - Iter 15090: obj=-2480.909550, change=5.51e-06, α=0.000, ‖θ[1:]‖₁=8.208, h_range=[3.90e+00, 2.83e+01], num_knots=297
2025-09-07 11:47:52,868 - Iter 15100: obj=-2480.914142, change=5.51e-06, α=0.000, ‖θ[1:]‖₁=8.208, h_range=[3.90e+00, 2.83e+01], num_knots=297
2025-09-07 11:47:52,982 - Iter 15110: obj=-2480.918681, change=5.50e-06, α=0.000, ‖θ[1:]‖₁=8.208, h_range=[3.90e+00, 2.83e+01], num_knots=296
2025-09-07 11:47:53,069 - Iter 15120: obj=-2480.923189, change=5.50e-06, α=0.000, ‖θ[1:]‖₁=8.208, h_range=[3.90e+00, 2.83e+01], num_knots=295
2025-09-07 11:47:53,151 - Iter 15130: obj=-2480.927661, change=5.50e-06, α=0.000, ‖θ[1:]‖₁=8.208, h_range=[3.90e+00, 2.83e+01], num_knots=295
2025-09-07 11:47:53,264 - Iter 15140: obj=-2480.932132, change=5.50e-06, α=0.000, ‖θ[1:]‖₁=8.208, h_range=[3.90e+00, 2.83e+01], num_knots=295
2025-09-07 11:47:53,372 - Iter 15150: obj=-2480.936603, change=5.50e-06, α=0.000, ‖θ[1:]‖₁=8.208, h_range=[3.90e+00, 2.83e+01], num_knots=295
2025-09-07 11:47:53,475 - Iter 15160: obj=-2480.941073, change=5.49e-06, α=0.000, ‖θ[1:]‖₁=8.208, h_range=[3.90e+00, 2.83e+01], num_knots=295
2025-09-07 11:47:53,570 - Iter 15170: obj=-2480.945542, change=5.49e-06, α=0.000, ‖θ[1:]‖₁=8.208, h_range=[3.90e+00, 2.83e+01], num_knots=295
2025-09-07 11:47:53,668 - Iter 15180: obj=-2480.950011, change=5.49e-06, α=0.000, ‖θ[1:]‖₁=8.208, h_range=[3.90e+00, 2.83e+01], num_knots=295
2025-09-07 11:47:53,764 - Iter 15190: obj=-2480.954479, change=5.49e-06, α=0.000, ‖θ[1:]‖₁=8.208, h_range=[3.90e+00, 2.83e+01], num_knots=295
2025-09-07 11:47:53,859 - Iter 15200: obj=-2480.958947, change=5.49e-06, α=0.000, ‖θ[1:]‖₁=8.208, h_range=[3.90e+00, 2.83e+01], num_knots=295
2025-09-07 11:47:53,948 - Iter 15210: obj=-2480.963414, change=5.49e-06, α=0.000, ‖θ[1:]‖₁=8.208, h_range=[3.90e+00, 2.83e+01], num_knots=295
2025-09-07 11:47:54,062 - Iter 15220: obj=-2480.967880, change=5.49e-06, α=0.000, ‖θ[1:]‖₁=8.208, h_range=[3.90e+00, 2.83e+01], num_knots=294
2025-09-07 11:47:54,157 - Iter 15230: obj=-2480.972334, change=5.48e-06, α=0.000, ‖θ[1:]‖₁=8.208, h_range=[3.90e+00, 2.83e+01], num_knots=294
2025-09-07 11:47:54,265 - Iter 15240: obj=-2480.976787, change=5.48e-06, α=0.000, ‖θ[1:]‖₁=8.208, h_range=[3.90e+00, 2.83e+01], num_knots=294
2025-09-07 11:47:54,369 - Iter 15250: obj=-2480.981228, change=5.48e-06, α=0.000, ‖θ[1:]‖₁=8.208, h_range=[3.90e+00, 2.83e+01], num_knots=293
2025-09-07 11:47:54,488 - Iter 15260: obj=-2480.985651, change=5.48e-06, α=0.000, ‖θ[1:]‖₁=8.208, h_range=[3.90e+00, 2.83e+01], num_knots=293
2025-09-07 11:47:54,635 - Iter 15270: obj=-2480.990074, change=5.48e-06, α=0.000, ‖θ[1:]‖₁=8.208, h_range=[3.90e+00, 2.83e+01], num_knots=293
2025-09-07 11:47:54,779 - Iter 15280: obj=-2480.994496, change=5.47e-06, α=0.000, ‖θ[1:]‖₁=8.208, h_range=[3.90e+00, 2.83e+01], num_knots=293
2025-09-07 11:47:54,896 - Iter 15290: obj=-2480.998907, change=5.47e-06, α=0.000, ‖θ[1:]‖₁=8.208, h_range=[3.90e+00, 2.83e+01], num_knots=292
2025-09-07 11:47:55,007 - Iter 15300: obj=-2481.003312, change=5.47e-06, α=0.000, ‖θ[1:]‖₁=8.208, h_range=[3.90e+00, 2.83e+01], num_knots=292
2025-09-07 11:47:55,102 - Iter 15310: obj=-2481.007716, change=5.47e-06, α=0.000, ‖θ[1:]‖₁=8.208, h_range=[3.90e+00, 2.83e+01], num_knots=291
2025-09-07 11:47:55,209 - Iter 15320: obj=-2481.012049, change=5.47e-06, α=0.000, ‖θ[1:]‖₁=8.209, h_range=[3.90e+00, 2.83e+01], num_knots=291
2025-09-07 11:47:55,327 - Iter 15330: obj=-2481.016374, change=5.46e-06, α=0.000, ‖θ[1:]‖₁=8.209, h_range=[3.90e+00, 2.83e+01], num_knots=291
2025-09-07 11:47:55,439 - Iter 15340: obj=-2481.020700, change=5.46e-06, α=0.000, ‖θ[1:]‖₁=8.209, h_range=[3.90e+00, 2.83e+01], num_knots=291
2025-09-07 11:47:55,565 - Iter 15350: obj=-2481.025024, change=5.46e-06, α=0.000, ‖θ[1:]‖₁=8.209, h_range=[3.90e+00, 2.83e+01], num_knots=291
2025-09-07 11:47:55,672 - Iter 15360: obj=-2481.029349, change=5.46e-06, α=0.000, ‖θ[1:]‖₁=8.209, h_range=[3.90e+00, 2.83e+01], num_knots=291
2025-09-07 11:47:55,776 - Iter 15370: obj=-2481.033672, change=5.46e-06, α=0.000, ‖θ[1:]‖₁=8.209, h_range=[3.90e+00, 2.83e+01], num_knots=291
2025-09-07 11:47:55,906 - Iter 15380: obj=-2481.037995, change=5.46e-06, α=0.000, ‖θ[1:]‖₁=8.209, h_range=[3.90e+00, 2.83e+01], num_knots=291
2025-09-07 11:47:56,006 - Iter 15390: obj=-2481.042318, change=5.45e-06, α=0.000, ‖θ[1:]‖₁=8.209, h_range=[3.90e+00, 2.83e+01], num_knots=291
2025-09-07 11:47:56,158 - Iter 15400: obj=-2481.046640, change=5.45e-06, α=0.000, ‖θ[1:]‖₁=8.209, h_range=[3.90e+00, 2.83e+01], num_knots=291
2025-09-07 11:47:56,261 - Iter 15410: obj=-2481.050961, change=5.45e-06, α=0.000, ‖θ[1:]‖₁=8.209, h_range=[3.90e+00, 2.83e+01], num_knots=291
2025-09-07 11:47:56,377 - Iter 15420: obj=-2481.055283, change=5.45e-06, α=0.000, ‖θ[1:]‖₁=8.209, h_range=[3.90e+00, 2.83e+01], num_knots=291
2025-09-07 11:47:56,478 - Iter 15430: obj=-2481.059603, change=5.45e-06, α=0.000, ‖θ[1:]‖₁=8.209, h_range=[3.90e+00, 2.83e+01], num_knots=291
2025-09-07 11:47:56,626 - Iter 15440: obj=-2481.063923, change=5.45e-06, α=0.000, ‖θ[1:]‖₁=8.209, h_range=[3.90e+00, 2.83e+01], num_knots=291
2025-09-07 11:47:56,739 - Iter 15450: obj=-2481.068243, change=5.45e-06, α=0.000, ‖θ[1:]‖₁=8.209, h_range=[3.90e+00, 2.83e+01], num_knots=291
2025-09-07 11:47:56,873 - Iter 15460: obj=-2481.072562, change=5.44e-06, α=0.000, ‖θ[1:]‖₁=8.209, h_range=[3.90e+00, 2.83e+01], num_knots=291
2025-09-07 11:47:57,103 - Iter 15470: obj=-2481.076881, change=5.44e-06, α=0.000, ‖θ[1:]‖₁=8.209, h_range=[3.90e+00, 2.83e+01], num_knots=291
2025-09-07 11:47:57,230 - Iter 15480: obj=-2481.081199, change=5.44e-06, α=0.000, ‖θ[1:]‖₁=8.209, h_range=[3.90e+00, 2.83e+01], num_knots=291
2025-09-07 11:47:57,340 - Iter 15490: obj=-2481.085517, change=5.44e-06, α=0.000, ‖θ[1:]‖₁=8.209, h_range=[3.90e+00, 2.83e+01], num_knots=291
2025-09-07 11:47:57,489 - Iter 15500: obj=-2481.089834, change=5.44e-06, α=0.000, ‖θ[1:]‖₁=8.209, h_range=[3.90e+00, 2.83e+01], num_knots=291
2025-09-07 11:47:57,582 - Iter 15510: obj=-2481.094151, change=5.44e-06, α=0.000, ‖θ[1:]‖₁=8.209, h_range=[3.90e+00, 2.83e+01], num_knots=291
2025-09-07 11:47:57,680 - Iter 15520: obj=-2481.098467, change=5.44e-06, α=0.000, ‖θ[1:]‖₁=8.209, h_range=[3.90e+00, 2.83e+01], num_knots=291
2025-09-07 11:47:57,799 - Iter 15530: obj=-2481.102783, change=5.44e-06, α=0.000, ‖θ[1:]‖₁=8.209, h_range=[3.90e+00, 2.83e+01], num_knots=291
2025-09-07 11:47:57,899 - Iter 15540: obj=-2481.107099, change=5.44e-06, α=0.000, ‖θ[1:]‖₁=8.209, h_range=[3.90e+00, 2.83e+01], num_knots=291
2025-09-07 11:47:57,990 - Iter 15550: obj=-2481.111414, change=5.44e-06, α=0.000, ‖θ[1:]‖₁=8.209, h_range=[3.90e+00, 2.83e+01], num_knots=291
2025-09-07 11:47:58,135 - Iter 15560: obj=-2481.115729, change=5.43e-06, α=0.000, ‖θ[1:]‖₁=8.209, h_range=[3.90e+00, 2.83e+01], num_knots=291
2025-09-07 11:47:58,239 - Iter 15570: obj=-2481.120043, change=5.43e-06, α=0.000, ‖θ[1:]‖₁=8.209, h_range=[3.90e+00, 2.83e+01], num_knots=291
2025-09-07 11:47:58,347 - Iter 15580: obj=-2481.124357, change=5.43e-06, α=0.000, ‖θ[1:]‖₁=8.209, h_range=[3.90e+00, 2.83e+01], num_knots=291
2025-09-07 11:47:58,442 - Iter 15590: obj=-2481.128670, change=5.43e-06, α=0.000, ‖θ[1:]‖₁=8.209, h_range=[3.90e+00, 2.83e+01], num_knots=291
2025-09-07 11:47:58,555 - Iter 15600: obj=-2481.132983, change=5.43e-06, α=0.000, ‖θ[1:]‖₁=8.209, h_range=[3.90e+00, 2.83e+01], num_knots=291
2025-09-07 11:47:58,654 - Iter 15610: obj=-2481.137296, change=5.43e-06, α=0.000, ‖θ[1:]‖₁=8.209, h_range=[3.90e+00, 2.83e+01], num_knots=291
2025-09-07 11:47:58,748 - Iter 15620: obj=-2481.141608, change=5.43e-06, α=0.000, ‖θ[1:]‖₁=8.209, h_range=[3.90e+00, 2.83e+01], num_knots=291
2025-09-07 11:47:58,863 - Iter 15630: obj=-2481.145919, change=5.43e-06, α=0.000, ‖θ[1:]‖₁=8.209, h_range=[3.90e+00, 2.83e+01], num_knots=291
2025-09-07 11:47:58,954 - Iter 15640: obj=-2481.150230, change=5.43e-06, α=0.000, ‖θ[1:]‖₁=8.209, h_range=[3.90e+00, 2.83e+01], num_knots=291
2025-09-07 11:47:59,062 - Iter 15650: obj=-2481.154541, change=5.43e-06, α=0.000, ‖θ[1:]‖₁=8.209, h_range=[3.90e+00, 2.83e+01], num_knots=291
2025-09-07 11:47:59,185 - Iter 15660: obj=-2481.158852, change=5.43e-06, α=0.000, ‖θ[1:]‖₁=8.209, h_range=[3.90e+00, 2.83e+01], num_knots=291
2025-09-07 11:47:59,271 - Iter 15670: obj=-2481.163161, change=5.42e-06, α=0.000, ‖θ[1:]‖₁=8.209, h_range=[3.90e+00, 2.83e+01], num_knots=291
2025-09-07 11:47:59,363 - Iter 15680: obj=-2481.167471, change=5.42e-06, α=0.000, ‖θ[1:]‖₁=8.209, h_range=[3.90e+00, 2.83e+01], num_knots=291
2025-09-07 11:47:59,472 - Iter 15690: obj=-2481.171780, change=5.42e-06, α=0.000, ‖θ[1:]‖₁=8.209, h_range=[3.90e+00, 2.83e+01], num_knots=291
2025-09-07 11:47:59,570 - Iter 15700: obj=-2481.176089, change=5.42e-06, α=0.000, ‖θ[1:]‖₁=8.209, h_range=[3.90e+00, 2.83e+01], num_knots=291
2025-09-07 11:47:59,696 - Iter 15710: obj=-2481.180397, change=5.42e-06, α=0.000, ‖θ[1:]‖₁=8.209, h_range=[3.90e+00, 2.83e+01], num_knots=291
2025-09-07 11:47:59,810 - Iter 15720: obj=-2481.184705, change=5.42e-06, α=0.000, ‖θ[1:]‖₁=8.209, h_range=[3.90e+00, 2.83e+01], num_knots=291
2025-09-07 11:47:59,923 - Iter 15730: obj=-2481.189012, change=5.42e-06, α=0.000, ‖θ[1:]‖₁=8.209, h_range=[3.90e+00, 2.83e+01], num_knots=291
2025-09-07 11:48:00,026 - Iter 15740: obj=-2481.193319, change=5.42e-06, α=0.000, ‖θ[1:]‖₁=8.209, h_range=[3.90e+00, 2.83e+01], num_knots=291
2025-09-07 11:48:00,122 - Iter 15750: obj=-2481.197625, change=5.42e-06, α=0.000, ‖θ[1:]‖₁=8.209, h_range=[3.90e+00, 2.83e+01], num_knots=291
2025-09-07 11:48:00,222 - Iter 15760: obj=-2481.201932, change=5.42e-06, α=0.000, ‖θ[1:]‖₁=8.209, h_range=[3.90e+00, 2.83e+01], num_knots=291
2025-09-07 11:48:00,319 - Iter 15770: obj=-2481.206237, change=5.42e-06, α=0.000, ‖θ[1:]‖₁=8.209, h_range=[3.90e+00, 2.83e+01], num_knots=291
2025-09-07 11:48:00,409 - Iter 15780: obj=-2481.210542, change=5.42e-06, α=0.000, ‖θ[1:]‖₁=8.209, h_range=[3.90e+00, 2.83e+01], num_knots=291
2025-09-07 11:48:00,520 - Iter 15790: obj=-2481.214847, change=5.42e-06, α=0.000, ‖θ[1:]‖₁=8.210, h_range=[3.90e+00, 2.83e+01], num_knots=291
2025-09-07 11:48:00,603 - Iter 15800: obj=-2481.219152, change=5.42e-06, α=0.000, ‖θ[1:]‖₁=8.210, h_range=[3.90e+00, 2.83e+01], num_knots=291
2025-09-07 11:48:00,702 - Iter 15810: obj=-2481.223456, change=5.42e-06, α=0.000, ‖θ[1:]‖₁=8.210, h_range=[3.90e+00, 2.83e+01], num_knots=291
2025-09-07 11:48:00,804 - Iter 15820: obj=-2481.227759, change=5.41e-06, α=0.000, ‖θ[1:]‖₁=8.210, h_range=[3.90e+00, 2.83e+01], num_knots=291
2025-09-07 11:48:00,902 - Iter 15830: obj=-2481.232063, change=5.41e-06, α=0.000, ‖θ[1:]‖₁=8.210, h_range=[3.90e+00, 2.83e+01], num_knots=291
2025-09-07 11:48:01,010 - Iter 15840: obj=-2481.236365, change=5.41e-06, α=0.000, ‖θ[1:]‖₁=8.210, h_range=[3.90e+00, 2.83e+01], num_knots=291
2025-09-07 11:48:01,114 - Iter 15850: obj=-2481.240668, change=5.41e-06, α=0.000, ‖θ[1:]‖₁=8.210, h_range=[3.90e+00, 2.83e+01], num_knots=291
2025-09-07 11:48:01,226 - Iter 15860: obj=-2481.244970, change=5.41e-06, α=0.000, ‖θ[1:]‖₁=8.210, h_range=[3.90e+00, 2.83e+01], num_knots=291
2025-09-07 11:48:01,398 - Iter 15870: obj=-2481.249271, change=5.41e-06, α=0.000, ‖θ[1:]‖₁=8.210, h_range=[3.90e+00, 2.83e+01], num_knots=291
2025-09-07 11:48:01,509 - Iter 15880: obj=-2481.253573, change=5.41e-06, α=0.000, ‖θ[1:]‖₁=8.210, h_range=[3.90e+00, 2.83e+01], num_knots=291
2025-09-07 11:48:01,629 - Iter 15890: obj=-2481.257863, change=5.41e-06, α=0.000, ‖θ[1:]‖₁=8.210, h_range=[3.90e+00, 2.83e+01], num_knots=290
2025-09-07 11:48:01,745 - Iter 15900: obj=-2481.262131, change=5.41e-06, α=0.000, ‖θ[1:]‖₁=8.210, h_range=[3.90e+00, 2.83e+01], num_knots=289
2025-09-07 11:48:01,856 - Iter 15910: obj=-2481.266377, change=5.41e-06, α=0.000, ‖θ[1:]‖₁=8.210, h_range=[3.90e+00, 2.83e+01], num_knots=289
2025-09-07 11:48:01,942 - Iter 15920: obj=-2481.270623, change=5.41e-06, α=0.000, ‖θ[1:]‖₁=8.210, h_range=[3.90e+00, 2.83e+01], num_knots=289
2025-09-07 11:48:02,045 - Iter 15930: obj=-2481.274868, change=5.41e-06, α=0.000, ‖θ[1:]‖₁=8.210, h_range=[3.90e+00, 2.83e+01], num_knots=289
2025-09-07 11:48:02,130 - Iter 15940: obj=-2481.279113, change=5.41e-06, α=0.000, ‖θ[1:]‖₁=8.210, h_range=[3.90e+00, 2.83e+01], num_knots=289
2025-09-07 11:48:02,231 - Iter 15950: obj=-2481.283358, change=5.40e-06, α=0.000, ‖θ[1:]‖₁=8.210, h_range=[3.90e+00, 2.83e+01], num_knots=289
2025-09-07 11:48:02,356 - Iter 15960: obj=-2481.287602, change=5.40e-06, α=0.000, ‖θ[1:]‖₁=8.210, h_range=[3.90e+00, 2.83e+01], num_knots=289
2025-09-07 11:48:02,454 - Iter 15970: obj=-2481.291846, change=5.40e-06, α=0.000, ‖θ[1:]‖₁=8.210, h_range=[3.90e+00, 2.83e+01], num_knots=289
2025-09-07 11:48:02,530 - Iter 15980: obj=-2481.296087, change=5.40e-06, α=0.000, ‖θ[1:]‖₁=8.210, h_range=[3.90e+00, 2.83e+01], num_knots=288
2025-09-07 11:48:02,639 - Iter 15990: obj=-2481.300309, change=5.40e-06, α=0.000, ‖θ[1:]‖₁=8.210, h_range=[3.90e+00, 2.83e+01], num_knots=288
2025-09-07 11:48:02,750 - Iter 16000: obj=-2481.304530, change=5.40e-06, α=0.000, ‖θ[1:]‖₁=8.210, h_range=[3.90e+00, 2.83e+01], num_knots=288
2025-09-07 11:48:02,873 - Iter 16010: obj=-2481.308751, change=5.40e-06, α=0.000, ‖θ[1:]‖₁=8.210, h_range=[3.90e+00, 2.83e+01], num_knots=288
2025-09-07 11:48:02,980 - Iter 16020: obj=-2481.312972, change=5.40e-06, α=0.000, ‖θ[1:]‖₁=8.210, h_range=[3.90e+00, 2.83e+01], num_knots=288
2025-09-07 11:48:03,075 - Iter 16030: obj=-2481.317192, change=5.40e-06, α=0.000, ‖θ[1:]‖₁=8.210, h_range=[3.90e+00, 2.83e+01], num_knots=288
2025-09-07 11:48:03,171 - Iter 16040: obj=-2481.321412, change=5.39e-06, α=0.000, ‖θ[1:]‖₁=8.210, h_range=[3.90e+00, 2.83e+01], num_knots=288
2025-09-07 11:48:03,288 - Iter 16050: obj=-2481.325631, change=5.39e-06, α=0.000, ‖θ[1:]‖₁=8.210, h_range=[3.90e+00, 2.83e+01], num_knots=288
2025-09-07 11:48:03,446 - Iter 16060: obj=-2481.329850, change=5.39e-06, α=0.000, ‖θ[1:]‖₁=8.210, h_range=[3.90e+00, 2.83e+01], num_knots=288
2025-09-07 11:48:03,539 - Iter 16070: obj=-2481.334069, change=5.39e-06, α=0.000, ‖θ[1:]‖₁=8.210, h_range=[3.90e+00, 2.83e+01], num_knots=288
2025-09-07 11:48:03,620 - Iter 16080: obj=-2481.338287, change=5.39e-06, α=0.000, ‖θ[1:]‖₁=8.210, h_range=[3.90e+00, 2.83e+01], num_knots=288
2025-09-07 11:48:03,722 - Iter 16090: obj=-2481.342505, change=5.39e-06, α=0.000, ‖θ[1:]‖₁=8.210, h_range=[3.90e+00, 2.83e+01], num_knots=288
2025-09-07 11:48:03,812 - Iter 16100: obj=-2481.346722, change=5.39e-06, α=0.000, ‖θ[1:]‖₁=8.210, h_range=[3.90e+00, 2.83e+01], num_knots=288
2025-09-07 11:48:03,918 - Iter 16110: obj=-2481.350939, change=5.39e-06, α=0.000, ‖θ[1:]‖₁=8.210, h_range=[3.90e+00, 2.83e+01], num_knots=288
2025-09-07 11:48:04,027 - Iter 16120: obj=-2481.355156, change=5.39e-06, α=0.000, ‖θ[1:]‖₁=8.210, h_range=[3.90e+00, 2.83e+01], num_knots=288
2025-09-07 11:48:04,144 - Iter 16130: obj=-2481.359372, change=5.39e-06, α=0.000, ‖θ[1:]‖₁=8.210, h_range=[3.90e+00, 2.83e+01], num_knots=288
2025-09-07 11:48:04,242 - Iter 16140: obj=-2481.363575, change=5.39e-06, α=0.000, ‖θ[1:]‖₁=8.210, h_range=[3.90e+00, 2.83e+01], num_knots=287
2025-09-07 11:48:04,339 - Iter 16150: obj=-2481.367768, change=5.39e-06, α=0.000, ‖θ[1:]‖₁=8.210, h_range=[3.90e+00, 2.83e+01], num_knots=287
2025-09-07 11:48:04,453 - Iter 16160: obj=-2481.371961, change=5.39e-06, α=0.000, ‖θ[1:]‖₁=8.210, h_range=[3.90e+00, 2.83e+01], num_knots=287
2025-09-07 11:48:04,542 - Iter 16170: obj=-2481.376153, change=5.39e-06, α=0.000, ‖θ[1:]‖₁=8.210, h_range=[3.90e+00, 2.83e+01], num_knots=287
2025-09-07 11:48:04,675 - Iter 16180: obj=-2481.380345, change=5.39e-06, α=0.000, ‖θ[1:]‖₁=8.210, h_range=[3.90e+00, 2.83e+01], num_knots=287
2025-09-07 11:48:04,779 - Iter 16190: obj=-2481.384536, change=5.39e-06, α=0.000, ‖θ[1:]‖₁=8.210, h_range=[3.90e+00, 2.83e+01], num_knots=287
2025-09-07 11:48:04,889 - Iter 16200: obj=-2481.388727, change=5.39e-06, α=0.000, ‖θ[1:]‖₁=8.210, h_range=[3.90e+00, 2.83e+01], num_knots=287
2025-09-07 11:48:05,004 - Iter 16210: obj=-2481.392918, change=5.39e-06, α=0.000, ‖θ[1:]‖₁=8.210, h_range=[3.90e+00, 2.83e+01], num_knots=287
2025-09-07 11:48:05,107 - Iter 16220: obj=-2481.397108, change=5.39e-06, α=0.000, ‖θ[1:]‖₁=8.210, h_range=[3.90e+00, 2.83e+01], num_knots=287
2025-09-07 11:48:05,232 - Iter 16230: obj=-2481.401298, change=5.39e-06, α=0.000, ‖θ[1:]‖₁=8.210, h_range=[3.90e+00, 2.83e+01], num_knots=287
2025-09-07 11:48:05,363 - Iter 16240: obj=-2481.405487, change=5.38e-06, α=0.000, ‖θ[1:]‖₁=8.210, h_range=[3.90e+00, 2.83e+01], num_knots=287
2025-09-07 11:48:05,454 - Iter 16250: obj=-2481.409676, change=5.38e-06, α=0.000, ‖θ[1:]‖₁=8.210, h_range=[3.90e+00, 2.83e+01], num_knots=287
2025-09-07 11:48:05,576 - Iter 16260: obj=-2481.413865, change=5.38e-06, α=0.000, ‖θ[1:]‖₁=8.210, h_range=[3.90e+00, 2.83e+01], num_knots=287
2025-09-07 11:48:05,673 - Iter 16270: obj=-2481.418053, change=5.38e-06, α=0.000, ‖θ[1:]‖₁=8.210, h_range=[3.90e+00, 2.83e+01], num_knots=287
2025-09-07 11:48:05,773 - Iter 16280: obj=-2481.422241, change=5.38e-06, α=0.000, ‖θ[1:]‖₁=8.210, h_range=[3.90e+00, 2.83e+01], num_knots=287
2025-09-07 11:48:05,892 - Iter 16290: obj=-2481.426429, change=5.38e-06, α=0.000, ‖θ[1:]‖₁=8.210, h_range=[3.90e+00, 2.83e+01], num_knots=287
2025-09-07 11:48:05,999 - Iter 16300: obj=-2481.430616, change=5.38e-06, α=0.000, ‖θ[1:]‖₁=8.210, h_range=[3.90e+00, 2.83e+01], num_knots=287
2025-09-07 11:48:06,111 - Iter 16310: obj=-2481.434803, change=5.38e-06, α=0.000, ‖θ[1:]‖₁=8.210, h_range=[3.90e+00, 2.83e+01], num_knots=287
2025-09-07 11:48:06,204 - Iter 16320: obj=-2481.438989, change=5.38e-06, α=0.000, ‖θ[1:]‖₁=8.210, h_range=[3.90e+00, 2.83e+01], num_knots=287
2025-09-07 11:48:06,312 - Iter 16330: obj=-2481.443175, change=5.38e-06, α=0.000, ‖θ[1:]‖₁=8.210, h_range=[3.90e+00, 2.83e+01], num_knots=287
2025-09-07 11:48:06,413 - Iter 16340: obj=-2481.447361, change=5.38e-06, α=0.000, ‖θ[1:]‖₁=8.210, h_range=[3.90e+00, 2.83e+01], num_knots=287
2025-09-07 11:48:06,527 - Iter 16350: obj=-2481.451547, change=5.38e-06, α=0.000, ‖θ[1:]‖₁=8.210, h_range=[3.90e+00, 2.83e+01], num_knots=287
2025-09-07 11:48:06,640 - Iter 16360: obj=-2481.455732, change=5.38e-06, α=0.000, ‖θ[1:]‖₁=8.210, h_range=[3.90e+00, 2.83e+01], num_knots=287
2025-09-07 11:48:06,736 - Iter 16370: obj=-2481.459916, change=5.38e-06, α=0.000, ‖θ[1:]‖₁=8.210, h_range=[3.90e+00, 2.83e+01], num_knots=287
2025-09-07 11:48:06,842 - Iter 16380: obj=-2481.464100, change=5.38e-06, α=0.000, ‖θ[1:]‖₁=8.210, h_range=[3.90e+00, 2.83e+01], num_knots=287
2025-09-07 11:48:06,942 - Iter 16390: obj=-2481.468284, change=5.38e-06, α=0.000, ‖θ[1:]‖₁=8.210, h_range=[3.90e+00, 2.83e+01], num_knots=287
2025-09-07 11:48:07,041 - Iter 16400: obj=-2481.472468, change=5.38e-06, α=0.000, ‖θ[1:]‖₁=8.210, h_range=[3.90e+00, 2.83e+01], num_knots=287
2025-09-07 11:48:07,159 - Iter 16410: obj=-2481.476651, change=5.38e-06, α=0.000, ‖θ[1:]‖₁=8.210, h_range=[3.90e+00, 2.83e+01], num_knots=287
2025-09-07 11:48:07,254 - Iter 16420: obj=-2481.480834, change=5.38e-06, α=0.000, ‖θ[1:]‖₁=8.210, h_range=[3.90e+00, 2.83e+01], num_knots=287
2025-09-07 11:48:07,370 - Iter 16430: obj=-2481.485016, change=5.38e-06, α=0.000, ‖θ[1:]‖₁=8.210, h_range=[3.90e+00, 2.83e+01], num_knots=287
2025-09-07 11:48:07,492 - Iter 16440: obj=-2481.489199, change=5.38e-06, α=0.000, ‖θ[1:]‖₁=8.210, h_range=[3.90e+00, 2.83e+01], num_knots=287
2025-09-07 11:48:07,615 - Iter 16450: obj=-2481.493380, change=5.38e-06, α=0.000, ‖θ[1:]‖₁=8.210, h_range=[3.90e+00, 2.83e+01], num_knots=287
2025-09-07 11:48:07,751 - Iter 16460: obj=-2481.497562, change=5.38e-06, α=0.000, ‖θ[1:]‖₁=8.210, h_range=[3.90e+00, 2.83e+01], num_knots=287
2025-09-07 11:48:07,867 - Iter 16470: obj=-2481.501743, change=5.38e-06, α=0.000, ‖θ[1:]‖₁=8.210, h_range=[3.90e+00, 2.83e+01], num_knots=287
2025-09-07 11:48:07,979 - Iter 16480: obj=-2481.505923, change=5.38e-06, α=0.000, ‖θ[1:]‖₁=8.210, h_range=[3.90e+00, 2.83e+01], num_knots=287
2025-09-07 11:48:08,065 - Iter 16490: obj=-2481.510104, change=5.38e-06, α=0.000, ‖θ[1:]‖₁=8.210, h_range=[3.90e+00, 2.83e+01], num_knots=287
2025-09-07 11:48:08,183 - Iter 16500: obj=-2481.514284, change=5.38e-06, α=0.000, ‖θ[1:]‖₁=8.210, h_range=[3.90e+00, 2.83e+01], num_knots=287
2025-09-07 11:48:08,313 - Iter 16510: obj=-2481.518463, change=5.38e-06, α=0.000, ‖θ[1:]‖₁=8.210, h_range=[3.90e+00, 2.83e+01], num_knots=287
2025-09-07 11:48:08,414 - Iter 16520: obj=-2481.522643, change=5.38e-06, α=0.000, ‖θ[1:]‖₁=8.210, h_range=[3.90e+00, 2.83e+01], num_knots=287
2025-09-07 11:48:08,517 - Iter 16530: obj=-2481.526821, change=5.38e-06, α=0.000, ‖θ[1:]‖₁=8.210, h_range=[3.90e+00, 2.83e+01], num_knots=287
2025-09-07 11:48:08,638 - Iter 16540: obj=-2481.531000, change=5.38e-06, α=0.000, ‖θ[1:]‖₁=8.210, h_range=[3.90e+00, 2.83e+01], num_knots=287
2025-09-07 11:48:08,743 - Iter 16550: obj=-2481.535178, change=5.38e-06, α=0.000, ‖θ[1:]‖₁=8.210, h_range=[3.90e+00, 2.83e+01], num_knots=287
2025-09-07 11:48:08,850 - Iter 16560: obj=-2481.539356, change=5.38e-06, α=0.000, ‖θ[1:]‖₁=8.210, h_range=[3.90e+00, 2.83e+01], num_knots=287
2025-09-07 11:48:08,959 - Iter 16570: obj=-2481.543534, change=5.38e-06, α=0.000, ‖θ[1:]‖₁=8.210, h_range=[3.90e+00, 2.83e+01], num_knots=287
2025-09-07 11:48:09,062 - Iter 16580: obj=-2481.547711, change=5.38e-06, α=0.000, ‖θ[1:]‖₁=8.210, h_range=[3.90e+00, 2.83e+01], num_knots=287
2025-09-07 11:48:09,166 - Iter 16590: obj=-2481.551887, change=5.38e-06, α=0.000, ‖θ[1:]‖₁=8.210, h_range=[3.90e+00, 2.83e+01], num_knots=287
2025-09-07 11:48:09,262 - Iter 16600: obj=-2481.556064, change=5.37e-06, α=0.000, ‖θ[1:]‖₁=8.210, h_range=[3.90e+00, 2.83e+01], num_knots=287
2025-09-07 11:48:09,364 - Iter 16610: obj=-2481.560240, change=5.37e-06, α=0.000, ‖θ[1:]‖₁=8.210, h_range=[3.90e+00, 2.83e+01], num_knots=287
2025-09-07 11:48:09,472 - Iter 16620: obj=-2481.564416, change=5.37e-06, α=0.000, ‖θ[1:]‖₁=8.210, h_range=[3.90e+00, 2.83e+01], num_knots=287
2025-09-07 11:48:09,589 - Iter 16630: obj=-2481.568591, change=5.37e-06, α=0.000, ‖θ[1:]‖₁=8.210, h_range=[3.90e+00, 2.83e+01], num_knots=287
2025-09-07 11:48:09,715 - Iter 16640: obj=-2481.572766, change=5.37e-06, α=0.000, ‖θ[1:]‖₁=8.210, h_range=[3.90e+00, 2.83e+01], num_knots=287
2025-09-07 11:48:09,822 - Iter 16650: obj=-2481.576940, change=5.37e-06, α=0.000, ‖θ[1:]‖₁=8.210, h_range=[3.90e+00, 2.83e+01], num_knots=286
2025-09-07 11:48:09,915 - Iter 16660: obj=-2481.581105, change=5.37e-06, α=0.000, ‖θ[1:]‖₁=8.210, h_range=[3.90e+00, 2.83e+01], num_knots=286
2025-09-07 11:48:10,020 - Iter 16670: obj=-2481.585269, change=5.37e-06, α=0.000, ‖θ[1:]‖₁=8.210, h_range=[3.90e+00, 2.83e+01], num_knots=286
2025-09-07 11:48:10,130 - Iter 16680: obj=-2481.589433, change=5.37e-06, α=0.000, ‖θ[1:]‖₁=8.210, h_range=[3.90e+00, 2.83e+01], num_knots=286
2025-09-07 11:48:10,227 - Iter 16690: obj=-2481.593597, change=5.37e-06, α=0.000, ‖θ[1:]‖₁=8.210, h_range=[3.90e+00, 2.83e+01], num_knots=286
2025-09-07 11:48:10,347 - Iter 16700: obj=-2481.597760, change=5.37e-06, α=0.000, ‖θ[1:]‖₁=8.210, h_range=[3.90e+00, 2.83e+01], num_knots=286
2025-09-07 11:48:10,466 - Iter 16710: obj=-2481.601923, change=5.37e-06, α=0.000, ‖θ[1:]‖₁=8.210, h_range=[3.90e+00, 2.83e+01], num_knots=286
2025-09-07 11:48:10,575 - Iter 16720: obj=-2481.606081, change=5.37e-06, α=0.000, ‖θ[1:]‖₁=8.210, h_range=[3.90e+00, 2.83e+01], num_knots=285
2025-09-07 11:48:10,684 - Iter 16730: obj=-2481.610200, change=5.37e-06, α=0.000, ‖θ[1:]‖₁=8.210, h_range=[3.90e+00, 2.83e+01], num_knots=285
2025-09-07 11:48:10,806 - Iter 16740: obj=-2481.614319, change=5.37e-06, α=0.000, ‖θ[1:]‖₁=8.210, h_range=[3.90e+00, 2.83e+01], num_knots=285
2025-09-07 11:48:10,917 - Iter 16750: obj=-2481.618438, change=5.37e-06, α=0.000, ‖θ[1:]‖₁=8.210, h_range=[3.90e+00, 2.83e+01], num_knots=285
2025-09-07 11:48:11,029 - Iter 16760: obj=-2481.622556, change=5.37e-06, α=0.000, ‖θ[1:]‖₁=8.210, h_range=[3.90e+00, 2.83e+01], num_knots=285
2025-09-07 11:48:11,128 - Iter 16770: obj=-2481.626673, change=5.37e-06, α=0.000, ‖θ[1:]‖₁=8.210, h_range=[3.90e+00, 2.83e+01], num_knots=285
2025-09-07 11:48:11,217 - Iter 16780: obj=-2481.630790, change=5.37e-06, α=0.000, ‖θ[1:]‖₁=8.210, h_range=[3.90e+00, 2.83e+01], num_knots=285
2025-09-07 11:48:11,335 - Iter 16790: obj=-2481.634907, change=5.37e-06, α=0.000, ‖θ[1:]‖₁=8.210, h_range=[3.90e+00, 2.83e+01], num_knots=285
2025-09-07 11:48:11,431 - Iter 16800: obj=-2481.639024, change=5.37e-06, α=0.000, ‖θ[1:]‖₁=8.210, h_range=[3.90e+00, 2.83e+01], num_knots=285
2025-09-07 11:48:11,519 - Iter 16810: obj=-2481.643140, change=5.37e-06, α=0.000, ‖θ[1:]‖₁=8.210, h_range=[3.90e+00, 2.83e+01], num_knots=285
2025-09-07 11:48:11,639 - Iter 16820: obj=-2481.647229, change=5.37e-06, α=0.000, ‖θ[1:]‖₁=8.210, h_range=[3.90e+00, 2.83e+01], num_knots=284
2025-09-07 11:48:11,737 - Iter 16830: obj=-2481.651275, change=5.37e-06, α=0.000, ‖θ[1:]‖₁=8.211, h_range=[3.90e+00, 2.83e+01], num_knots=284
2025-09-07 11:48:11,854 - Iter 16840: obj=-2481.655322, change=5.36e-06, α=0.000, ‖θ[1:]‖₁=8.211, h_range=[3.90e+00, 2.83e+01], num_knots=284
2025-09-07 11:48:11,953 - Iter 16850: obj=-2481.659368, change=5.36e-06, α=0.000, ‖θ[1:]‖₁=8.211, h_range=[3.90e+00, 2.83e+01], num_knots=284
2025-09-07 11:48:12,051 - Iter 16860: obj=-2481.663413, change=5.36e-06, α=0.000, ‖θ[1:]‖₁=8.211, h_range=[3.90e+00, 2.83e+01], num_knots=284
2025-09-07 11:48:12,146 - Iter 16870: obj=-2481.667458, change=5.36e-06, α=0.000, ‖θ[1:]‖₁=8.211, h_range=[3.90e+00, 2.83e+01], num_knots=284
2025-09-07 11:48:12,235 - Iter 16880: obj=-2481.671502, change=5.35e-06, α=0.000, ‖θ[1:]‖₁=8.211, h_range=[3.90e+00, 2.83e+01], num_knots=284
2025-09-07 11:48:12,336 - Iter 16890: obj=-2481.675546, change=5.35e-06, α=0.000, ‖θ[1:]‖₁=8.211, h_range=[3.90e+00, 2.83e+01], num_knots=284
2025-09-07 11:48:12,432 - Iter 16900: obj=-2481.679590, change=5.35e-06, α=0.000, ‖θ[1:]‖₁=8.211, h_range=[3.90e+00, 2.83e+01], num_knots=284
2025-09-07 11:48:12,528 - Iter 16910: obj=-2481.683633, change=5.35e-06, α=0.000, ‖θ[1:]‖₁=8.211, h_range=[3.90e+00, 2.83e+01], num_knots=284
2025-09-07 11:48:12,654 - Iter 16920: obj=-2481.687676, change=5.35e-06, α=0.000, ‖θ[1:]‖₁=8.211, h_range=[3.90e+00, 2.83e+01], num_knots=284
2025-09-07 11:48:12,757 - Iter 16930: obj=-2481.691718, change=5.35e-06, α=0.000, ‖θ[1:]‖₁=8.211, h_range=[3.90e+00, 2.83e+01], num_knots=284
2025-09-07 11:48:12,859 - Iter 16940: obj=-2481.695748, change=5.34e-06, α=0.000, ‖θ[1:]‖₁=8.211, h_range=[3.90e+00, 2.83e+01], num_knots=283
2025-09-07 11:48:12,972 - Iter 16950: obj=-2481.699764, change=5.34e-06, α=0.000, ‖θ[1:]‖₁=8.211, h_range=[3.90e+00, 2.83e+01], num_knots=283
2025-09-07 11:48:13,065 - Iter 16960: obj=-2481.703780, change=5.34e-06, α=0.000, ‖θ[1:]‖₁=8.211, h_range=[3.90e+00, 2.83e+01], num_knots=283
2025-09-07 11:48:13,179 - Iter 16970: obj=-2481.707795, change=5.34e-06, α=0.000, ‖θ[1:]‖₁=8.211, h_range=[3.90e+00, 2.83e+01], num_knots=283
2025-09-07 11:48:13,279 - Iter 16980: obj=-2481.711810, change=5.34e-06, α=0.000, ‖θ[1:]‖₁=8.211, h_range=[3.90e+00, 2.83e+01], num_knots=283
2025-09-07 11:48:13,381 - Iter 16990: obj=-2481.715818, change=5.34e-06, α=0.000, ‖θ[1:]‖₁=8.211, h_range=[3.90e+00, 2.83e+01], num_knots=282
2025-09-07 11:48:13,471 - Iter 17000: obj=-2481.719818, change=5.33e-06, α=0.000, ‖θ[1:]‖₁=8.211, h_range=[3.90e+00, 2.83e+01], num_knots=282
2025-09-07 11:48:13,572 - Iter 17010: obj=-2481.723818, change=5.33e-06, α=0.000, ‖θ[1:]‖₁=8.211, h_range=[3.90e+00, 2.83e+01], num_knots=282
2025-09-07 11:48:13,672 - Iter 17020: obj=-2481.727817, change=5.33e-06, α=0.000, ‖θ[1:]‖₁=8.211, h_range=[3.90e+00, 2.83e+01], num_knots=282
2025-09-07 11:48:13,768 - Iter 17030: obj=-2481.731816, change=5.33e-06, α=0.000, ‖θ[1:]‖₁=8.211, h_range=[3.90e+00, 2.83e+01], num_knots=282
2025-09-07 11:48:13,870 - Iter 17040: obj=-2481.735814, change=5.33e-06, α=0.000, ‖θ[1:]‖₁=8.211, h_range=[3.90e+00, 2.83e+01], num_knots=282
2025-09-07 11:48:13,960 - Iter 17050: obj=-2481.739812, change=5.33e-06, α=0.000, ‖θ[1:]‖₁=8.211, h_range=[3.90e+00, 2.83e+01], num_knots=282
2025-09-07 11:48:14,056 - Iter 17060: obj=-2481.743810, change=5.33e-06, α=0.000, ‖θ[1:]‖₁=8.211, h_range=[3.90e+00, 2.83e+01], num_knots=282
2025-09-07 11:48:14,172 - Iter 17070: obj=-2481.747807, change=5.33e-06, α=0.000, ‖θ[1:]‖₁=8.211, h_range=[3.90e+00, 2.83e+01], num_knots=282
2025-09-07 11:48:14,359 - Iter 17080: obj=-2481.751804, change=5.32e-06, α=0.000, ‖θ[1:]‖₁=8.211, h_range=[3.90e+00, 2.83e+01], num_knots=282
2025-09-07 11:48:14,478 - Iter 17090: obj=-2481.755801, change=5.32e-06, α=0.000, ‖θ[1:]‖₁=8.211, h_range=[3.90e+00, 2.83e+01], num_knots=282
2025-09-07 11:48:14,683 - Iter 17100: obj=-2481.759797, change=5.32e-06, α=0.000, ‖θ[1:]‖₁=8.211, h_range=[3.90e+00, 2.83e+01], num_knots=282
2025-09-07 11:48:14,776 - Iter 17110: obj=-2481.763793, change=5.32e-06, α=0.000, ‖θ[1:]‖₁=8.211, h_range=[3.90e+00, 2.83e+01], num_knots=282
2025-09-07 11:48:14,898 - Iter 17120: obj=-2481.767788, change=5.32e-06, α=0.000, ‖θ[1:]‖₁=8.211, h_range=[3.90e+00, 2.83e+01], num_knots=282
2025-09-07 11:48:14,998 - Iter 17130: obj=-2481.771783, change=5.32e-06, α=0.000, ‖θ[1:]‖₁=8.211, h_range=[3.90e+00, 2.83e+01], num_knots=282
2025-09-07 11:48:15,101 - Iter 17140: obj=-2481.775778, change=5.32e-06, α=0.000, ‖θ[1:]‖₁=8.211, h_range=[3.90e+00, 2.83e+01], num_knots=282
2025-09-07 11:48:15,207 - Iter 17150: obj=-2481.779772, change=5.32e-06, α=0.000, ‖θ[1:]‖₁=8.211, h_range=[3.90e+00, 2.83e+01], num_knots=282
2025-09-07 11:48:15,320 - Iter 17160: obj=-2481.783766, change=5.32e-06, α=0.000, ‖θ[1:]‖₁=8.211, h_range=[3.90e+00, 2.83e+01], num_knots=282
2025-09-07 11:48:15,430 - Iter 17170: obj=-2481.787759, change=5.31e-06, α=0.000, ‖θ[1:]‖₁=8.211, h_range=[3.90e+00, 2.83e+01], num_knots=282
2025-09-07 11:48:15,546 - Iter 17180: obj=-2481.791752, change=5.31e-06, α=0.000, ‖θ[1:]‖₁=8.211, h_range=[3.90e+00, 2.83e+01], num_knots=282
2025-09-07 11:48:15,640 - Iter 17190: obj=-2481.795745, change=5.31e-06, α=0.000, ‖θ[1:]‖₁=8.211, h_range=[3.90e+00, 2.83e+01], num_knots=282
2025-09-07 11:48:15,794 - Iter 17200: obj=-2481.799722, change=5.31e-06, α=0.000, ‖θ[1:]‖₁=8.211, h_range=[3.90e+00, 2.83e+01], num_knots=281
2025-09-07 11:48:15,941 - Iter 17210: obj=-2481.803689, change=5.31e-06, α=0.000, ‖θ[1:]‖₁=8.211, h_range=[3.90e+00, 2.83e+01], num_knots=281
2025-09-07 11:48:16,054 - Iter 17220: obj=-2481.807657, change=5.31e-06, α=0.000, ‖θ[1:]‖₁=8.211, h_range=[3.90e+00, 2.83e+01], num_knots=281
2025-09-07 11:48:16,160 - Iter 17230: obj=-2481.811616, change=5.31e-06, α=0.000, ‖θ[1:]‖₁=8.211, h_range=[3.90e+00, 2.83e+01], num_knots=280
2025-09-07 11:48:16,263 - Iter 17240: obj=-2481.815568, change=5.31e-06, α=0.000, ‖θ[1:]‖₁=8.211, h_range=[3.90e+00, 2.83e+01], num_knots=280
2025-09-07 11:48:16,377 - Iter 17250: obj=-2481.819519, change=5.31e-06, α=0.000, ‖θ[1:]‖₁=8.211, h_range=[3.90e+00, 2.83e+01], num_knots=280
2025-09-07 11:48:16,475 - Iter 17260: obj=-2481.823469, change=5.31e-06, α=0.000, ‖θ[1:]‖₁=8.211, h_range=[3.90e+00, 2.83e+01], num_knots=280
2025-09-07 11:48:16,573 - Iter 17270: obj=-2481.827420, change=5.30e-06, α=0.000, ‖θ[1:]‖₁=8.211, h_range=[3.90e+00, 2.83e+01], num_knots=280
2025-09-07 11:48:16,678 - Iter 17280: obj=-2481.831369, change=5.30e-06, α=0.000, ‖θ[1:]‖₁=8.211, h_range=[3.90e+00, 2.83e+01], num_knots=279
2025-09-07 11:48:16,781 - Iter 17290: obj=-2481.835280, change=5.30e-06, α=0.000, ‖θ[1:]‖₁=8.211, h_range=[3.90e+00, 2.83e+01], num_knots=279
2025-09-07 11:48:16,911 - Iter 17300: obj=-2481.839187, change=5.30e-06, α=0.000, ‖θ[1:]‖₁=8.211, h_range=[3.90e+00, 2.83e+01], num_knots=279
2025-09-07 11:48:16,999 - Iter 17310: obj=-2481.843094, change=5.30e-06, α=0.000, ‖θ[1:]‖₁=8.211, h_range=[3.90e+00, 2.83e+01], num_knots=279
2025-09-07 11:48:17,116 - Iter 17320: obj=-2481.846999, change=5.29e-06, α=0.000, ‖θ[1:]‖₁=8.211, h_range=[3.90e+00, 2.83e+01], num_knots=279
2025-09-07 11:48:17,213 - Iter 17330: obj=-2481.850905, change=5.29e-06, α=0.000, ‖θ[1:]‖₁=8.211, h_range=[3.90e+00, 2.83e+01], num_knots=279
2025-09-07 11:48:17,320 - Iter 17340: obj=-2481.854810, change=5.29e-06, α=0.000, ‖θ[1:]‖₁=8.211, h_range=[3.90e+00, 2.83e+01], num_knots=279
2025-09-07 11:48:17,431 - Iter 17350: obj=-2481.858714, change=5.29e-06, α=0.000, ‖θ[1:]‖₁=8.212, h_range=[3.90e+00, 2.83e+01], num_knots=279
2025-09-07 11:48:17,528 - Iter 17360: obj=-2481.862618, change=5.29e-06, α=0.000, ‖θ[1:]‖₁=8.212, h_range=[3.90e+00, 2.83e+01], num_knots=279
2025-09-07 11:48:17,664 - Iter 17370: obj=-2481.866522, change=5.28e-06, α=0.000, ‖θ[1:]‖₁=8.212, h_range=[3.90e+00, 2.83e+01], num_knots=279
2025-09-07 11:48:17,790 - Iter 17380: obj=-2481.870425, change=5.28e-06, α=0.000, ‖θ[1:]‖₁=8.212, h_range=[3.90e+00, 2.83e+01], num_knots=279
2025-09-07 11:48:17,891 - Iter 17390: obj=-2481.874327, change=5.28e-06, α=0.000, ‖θ[1:]‖₁=8.212, h_range=[3.90e+00, 2.83e+01], num_knots=279
2025-09-07 11:48:18,011 - Iter 17400: obj=-2481.878223, change=5.28e-06, α=0.000, ‖θ[1:]‖₁=8.212, h_range=[3.90e+00, 2.83e+01], num_knots=278
2025-09-07 11:48:18,129 - Iter 17410: obj=-2481.882109, change=5.28e-06, α=0.000, ‖θ[1:]‖₁=8.212, h_range=[3.90e+00, 2.83e+01], num_knots=278
2025-09-07 11:48:18,228 - Iter 17420: obj=-2481.885994, change=5.27e-06, α=0.000, ‖θ[1:]‖₁=8.212, h_range=[3.90e+00, 2.83e+01], num_knots=278
2025-09-07 11:48:18,328 - Iter 17430: obj=-2481.889879, change=5.27e-06, α=0.000, ‖θ[1:]‖₁=8.212, h_range=[3.90e+00, 2.83e+01], num_knots=278
2025-09-07 11:48:18,414 - Iter 17440: obj=-2481.893764, change=5.27e-06, α=0.000, ‖θ[1:]‖₁=8.212, h_range=[3.90e+00, 2.83e+01], num_knots=278
2025-09-07 11:48:18,549 - Iter 17450: obj=-2481.897648, change=5.27e-06, α=0.000, ‖θ[1:]‖₁=8.212, h_range=[3.90e+00, 2.83e+01], num_knots=278
2025-09-07 11:48:18,662 - Iter 17460: obj=-2481.901531, change=5.27e-06, α=0.000, ‖θ[1:]‖₁=8.212, h_range=[3.90e+00, 2.83e+01], num_knots=278
2025-09-07 11:48:18,780 - Iter 17470: obj=-2481.905414, change=5.27e-06, α=0.000, ‖θ[1:]‖₁=8.212, h_range=[3.90e+00, 2.83e+01], num_knots=278
2025-09-07 11:48:18,887 - Iter 17480: obj=-2481.909297, change=5.26e-06, α=0.000, ‖θ[1:]‖₁=8.212, h_range=[3.90e+00, 2.83e+01], num_knots=278
2025-09-07 11:48:18,976 - Iter 17490: obj=-2481.913179, change=5.26e-06, α=0.000, ‖θ[1:]‖₁=8.212, h_range=[3.91e+00, 2.83e+01], num_knots=278
2025-09-07 11:48:19,095 - Iter 17500: obj=-2481.917060, change=5.26e-06, α=0.000, ‖θ[1:]‖₁=8.212, h_range=[3.91e+00, 2.83e+01], num_knots=278
2025-09-07 11:48:19,198 - Iter 17510: obj=-2481.920941, change=5.26e-06, α=0.000, ‖θ[1:]‖₁=8.212, h_range=[3.91e+00, 2.83e+01], num_knots=278
2025-09-07 11:48:19,318 - Iter 17520: obj=-2481.924822, change=5.26e-06, α=0.000, ‖θ[1:]‖₁=8.212, h_range=[3.91e+00, 2.83e+01], num_knots=278
2025-09-07 11:48:19,411 - Iter 17530: obj=-2481.928702, change=5.26e-06, α=0.000, ‖θ[1:]‖₁=8.212, h_range=[3.91e+00, 2.83e+01], num_knots=277
2025-09-07 11:48:19,529 - Iter 17540: obj=-2481.932543, change=5.26e-06, α=0.000, ‖θ[1:]‖₁=8.212, h_range=[3.91e+00, 2.83e+01], num_knots=277
2025-09-07 11:48:19,662 - Iter 17550: obj=-2481.936383, change=5.25e-06, α=0.000, ‖θ[1:]‖₁=8.212, h_range=[3.91e+00, 2.83e+01], num_knots=277
2025-09-07 11:48:19,764 - Iter 17560: obj=-2481.940223, change=5.25e-06, α=0.000, ‖θ[1:]‖₁=8.212, h_range=[3.91e+00, 2.83e+01], num_knots=277
2025-09-07 11:48:19,858 - Iter 17570: obj=-2481.944062, change=5.25e-06, α=0.000, ‖θ[1:]‖₁=8.212, h_range=[3.91e+00, 2.83e+01], num_knots=277
2025-09-07 11:48:19,949 - Iter 17580: obj=-2481.947901, change=5.25e-06, α=0.000, ‖θ[1:]‖₁=8.212, h_range=[3.91e+00, 2.83e+01], num_knots=277
2025-09-07 11:48:20,046 - Iter 17590: obj=-2481.951739, change=5.25e-06, α=0.000, ‖θ[1:]‖₁=8.212, h_range=[3.91e+00, 2.83e+01], num_knots=277
2025-09-07 11:48:20,157 - Iter 17600: obj=-2481.955577, change=5.24e-06, α=0.000, ‖θ[1:]‖₁=8.212, h_range=[3.91e+00, 2.83e+01], num_knots=277
2025-09-07 11:48:20,251 - Iter 17610: obj=-2481.959414, change=5.24e-06, α=0.000, ‖θ[1:]‖₁=8.212, h_range=[3.91e+00, 2.83e+01], num_knots=277
2025-09-07 11:48:20,359 - Iter 17620: obj=-2481.963251, change=5.24e-06, α=0.000, ‖θ[1:]‖₁=8.212, h_range=[3.91e+00, 2.83e+01], num_knots=277
2025-09-07 11:48:20,446 - Iter 17630: obj=-2481.967088, change=5.24e-06, α=0.000, ‖θ[1:]‖₁=8.212, h_range=[3.91e+00, 2.83e+01], num_knots=277
2025-09-07 11:48:20,553 - Iter 17640: obj=-2481.970924, change=5.24e-06, α=0.000, ‖θ[1:]‖₁=8.212, h_range=[3.91e+00, 2.83e+01], num_knots=277
2025-09-07 11:48:20,676 - Iter 17650: obj=-2481.974759, change=5.24e-06, α=0.000, ‖θ[1:]‖₁=8.212, h_range=[3.91e+00, 2.83e+01], num_knots=277
2025-09-07 11:48:20,768 - Iter 17660: obj=-2481.978594, change=5.24e-06, α=0.000, ‖θ[1:]‖₁=8.212, h_range=[3.91e+00, 2.83e+01], num_knots=277
2025-09-07 11:48:20,845 - Iter 17670: obj=-2481.982429, change=5.24e-06, α=0.000, ‖θ[1:]‖₁=8.212, h_range=[3.91e+00, 2.83e+01], num_knots=277
2025-09-07 11:48:20,953 - Iter 17680: obj=-2481.986263, change=5.24e-06, α=0.000, ‖θ[1:]‖₁=8.212, h_range=[3.91e+00, 2.83e+01], num_knots=277
2025-09-07 11:48:21,044 - Iter 17690: obj=-2481.990097, change=5.23e-06, α=0.000, ‖θ[1:]‖₁=8.212, h_range=[3.91e+00, 2.83e+01], num_knots=276
2025-09-07 11:48:21,160 - Iter 17700: obj=-2481.993923, change=5.23e-06, α=0.000, ‖θ[1:]‖₁=8.212, h_range=[3.91e+00, 2.83e+01], num_knots=276
2025-09-07 11:48:21,291 - Iter 17710: obj=-2481.997748, change=5.23e-06, α=0.000, ‖θ[1:]‖₁=8.212, h_range=[3.91e+00, 2.83e+01], num_knots=276
2025-09-07 11:48:21,407 - Iter 17720: obj=-2482.001560, change=5.23e-06, α=0.000, ‖θ[1:]‖₁=8.212, h_range=[3.91e+00, 2.83e+01], num_knots=275
2025-09-07 11:48:21,529 - Iter 17730: obj=-2482.005363, change=5.23e-06, α=0.000, ‖θ[1:]‖₁=8.212, h_range=[3.91e+00, 2.83e+01], num_knots=275
2025-09-07 11:48:21,647 - Iter 17740: obj=-2482.009165, change=5.23e-06, α=0.000, ‖θ[1:]‖₁=8.212, h_range=[3.91e+00, 2.83e+01], num_knots=275
2025-09-07 11:48:21,738 - Iter 17750: obj=-2482.012966, change=5.23e-06, α=0.000, ‖θ[1:]‖₁=8.212, h_range=[3.91e+00, 2.83e+01], num_knots=275
2025-09-07 11:48:21,835 - Iter 17760: obj=-2482.016767, change=5.23e-06, α=0.000, ‖θ[1:]‖₁=8.212, h_range=[3.91e+00, 2.83e+01], num_knots=275
2025-09-07 11:48:21,937 - Iter 17770: obj=-2482.020568, change=5.23e-06, α=0.000, ‖θ[1:]‖₁=8.212, h_range=[3.91e+00, 2.83e+01], num_knots=275
2025-09-07 11:48:22,049 - Iter 17780: obj=-2482.024368, change=5.23e-06, α=0.000, ‖θ[1:]‖₁=8.212, h_range=[3.91e+00, 2.83e+01], num_knots=275
2025-09-07 11:48:22,146 - Iter 17790: obj=-2482.028168, change=5.23e-06, α=0.000, ‖θ[1:]‖₁=8.212, h_range=[3.91e+00, 2.83e+01], num_knots=275
2025-09-07 11:48:22,257 - Iter 17800: obj=-2482.031967, change=5.22e-06, α=0.000, ‖θ[1:]‖₁=8.212, h_range=[3.91e+00, 2.83e+01], num_knots=275
2025-09-07 11:48:22,355 - Iter 17810: obj=-2482.035765, change=5.22e-06, α=0.000, ‖θ[1:]‖₁=8.212, h_range=[3.91e+00, 2.83e+01], num_knots=275
2025-09-07 11:48:22,469 - Iter 17820: obj=-2482.039563, change=5.22e-06, α=0.000, ‖θ[1:]‖₁=8.212, h_range=[3.91e+00, 2.83e+01], num_knots=275
2025-09-07 11:48:22,572 - Iter 17830: obj=-2482.043361, change=5.22e-06, α=0.000, ‖θ[1:]‖₁=8.212, h_range=[3.91e+00, 2.83e+01], num_knots=275
2025-09-07 11:48:22,688 - Iter 17840: obj=-2482.047158, change=5.22e-06, α=0.000, ‖θ[1:]‖₁=8.212, h_range=[3.91e+00, 2.83e+01], num_knots=275
2025-09-07 11:48:22,774 - Iter 17850: obj=-2482.050931, change=5.22e-06, α=0.000, ‖θ[1:]‖₁=8.212, h_range=[3.91e+00, 2.83e+01], num_knots=274
2025-09-07 11:48:22,882 - Iter 17860: obj=-2482.054691, change=5.22e-06, α=0.000, ‖θ[1:]‖₁=8.212, h_range=[3.91e+00, 2.83e+01], num_knots=274
2025-09-07 11:48:22,981 - Iter 17870: obj=-2482.058450, change=5.21e-06, α=0.000, ‖θ[1:]‖₁=8.212, h_range=[3.91e+00, 2.83e+01], num_knots=274
2025-09-07 11:48:23,078 - Iter 17880: obj=-2482.062209, change=5.21e-06, α=0.000, ‖θ[1:]‖₁=8.212, h_range=[3.91e+00, 2.83e+01], num_knots=274
2025-09-07 11:48:23,209 - Iter 17890: obj=-2482.065968, change=5.21e-06, α=0.000, ‖θ[1:]‖₁=8.212, h_range=[3.91e+00, 2.83e+01], num_knots=274
2025-09-07 11:48:23,319 - Iter 17900: obj=-2482.069726, change=5.21e-06, α=0.000, ‖θ[1:]‖₁=8.212, h_range=[3.91e+00, 2.83e+01], num_knots=274
2025-09-07 11:48:23,432 - Iter 17910: obj=-2482.073484, change=5.21e-06, α=0.000, ‖θ[1:]‖₁=8.212, h_range=[3.91e+00, 2.83e+01], num_knots=274
2025-09-07 11:48:23,529 - Iter 17920: obj=-2482.077241, change=5.21e-06, α=0.000, ‖θ[1:]‖₁=8.212, h_range=[3.91e+00, 2.83e+01], num_knots=274
2025-09-07 11:48:23,623 - Iter 17930: obj=-2482.080998, change=5.20e-06, α=0.000, ‖θ[1:]‖₁=8.212, h_range=[3.91e+00, 2.83e+01], num_knots=274
2025-09-07 11:48:23,726 - Iter 17940: obj=-2482.084754, change=5.20e-06, α=0.000, ‖θ[1:]‖₁=8.212, h_range=[3.91e+00, 2.83e+01], num_knots=274
2025-09-07 11:48:23,828 - Iter 17950: obj=-2482.088496, change=5.20e-06, α=0.000, ‖θ[1:]‖₁=8.212, h_range=[3.91e+00, 2.83e+01], num_knots=273
2025-09-07 11:48:23,932 - Iter 17960: obj=-2482.092226, change=5.20e-06, α=0.000, ‖θ[1:]‖₁=8.212, h_range=[3.91e+00, 2.83e+01], num_knots=273
2025-09-07 11:48:24,027 - Iter 17970: obj=-2482.095955, change=5.20e-06, α=0.000, ‖θ[1:]‖₁=8.212, h_range=[3.91e+00, 2.83e+01], num_knots=273
2025-09-07 11:48:24,122 - Iter 17980: obj=-2482.099683, change=5.20e-06, α=0.000, ‖θ[1:]‖₁=8.212, h_range=[3.91e+00, 2.83e+01], num_knots=273
2025-09-07 11:48:24,229 - Iter 17990: obj=-2482.103411, change=5.20e-06, α=0.000, ‖θ[1:]‖₁=8.212, h_range=[3.91e+00, 2.83e+01], num_knots=273
2025-09-07 11:48:24,326 - Iter 18000: obj=-2482.107139, change=5.20e-06, α=0.000, ‖θ[1:]‖₁=8.212, h_range=[3.91e+00, 2.83e+01], num_knots=273
2025-09-07 11:48:24,426 - Iter 18010: obj=-2482.110866, change=5.19e-06, α=0.000, ‖θ[1:]‖₁=8.212, h_range=[3.91e+00, 2.83e+01], num_knots=273
2025-09-07 11:48:24,526 - Iter 18020: obj=-2482.114593, change=5.19e-06, α=0.000, ‖θ[1:]‖₁=8.212, h_range=[3.91e+00, 2.83e+01], num_knots=273
2025-09-07 11:48:24,657 - Iter 18030: obj=-2482.118319, change=5.19e-06, α=0.000, ‖θ[1:]‖₁=8.212, h_range=[3.91e+00, 2.83e+01], num_knots=273
2025-09-07 11:48:24,769 - Iter 18040: obj=-2482.122045, change=5.19e-06, α=0.000, ‖θ[1:]‖₁=8.213, h_range=[3.91e+00, 2.83e+01], num_knots=273
2025-09-07 11:48:24,859 - Iter 18050: obj=-2482.125771, change=5.19e-06, α=0.000, ‖θ[1:]‖₁=8.213, h_range=[3.91e+00, 2.83e+01], num_knots=273
2025-09-07 11:48:24,970 - Iter 18060: obj=-2482.129496, change=5.19e-06, α=0.000, ‖θ[1:]‖₁=8.213, h_range=[3.91e+00, 2.83e+01], num_knots=273
2025-09-07 11:48:25,072 - Iter 18070: obj=-2482.133220, change=5.19e-06, α=0.000, ‖θ[1:]‖₁=8.213, h_range=[3.91e+00, 2.83e+01], num_knots=273
2025-09-07 11:48:25,190 - Iter 18080: obj=-2482.136945, change=5.19e-06, α=0.000, ‖θ[1:]‖₁=8.213, h_range=[3.91e+00, 2.83e+01], num_knots=273
2025-09-07 11:48:25,372 - Iter 18090: obj=-2482.140668, change=5.19e-06, α=0.000, ‖θ[1:]‖₁=8.213, h_range=[3.91e+00, 2.83e+01], num_knots=273
2025-09-07 11:48:25,513 - Iter 18100: obj=-2482.144392, change=5.18e-06, α=0.000, ‖θ[1:]‖₁=8.213, h_range=[3.91e+00, 2.83e+01], num_knots=273
2025-09-07 11:48:25,665 - Iter 18110: obj=-2482.148115, change=5.18e-06, α=0.000, ‖θ[1:]‖₁=8.213, h_range=[3.91e+00, 2.83e+01], num_knots=273
2025-09-07 11:48:25,812 - Iter 18120: obj=-2482.151837, change=5.18e-06, α=0.000, ‖θ[1:]‖₁=8.213, h_range=[3.91e+00, 2.83e+01], num_knots=273
2025-09-07 11:48:25,947 - Iter 18130: obj=-2482.155559, change=5.18e-06, α=0.000, ‖θ[1:]‖₁=8.213, h_range=[3.91e+00, 2.83e+01], num_knots=273
2025-09-07 11:48:26,043 - Iter 18140: obj=-2482.159281, change=5.18e-06, α=0.000, ‖θ[1:]‖₁=8.213, h_range=[3.91e+00, 2.83e+01], num_knots=273
2025-09-07 11:48:26,142 - Iter 18150: obj=-2482.163002, change=5.18e-06, α=0.000, ‖θ[1:]‖₁=8.213, h_range=[3.91e+00, 2.83e+01], num_knots=273
2025-09-07 11:48:26,258 - Iter 18160: obj=-2482.166723, change=5.18e-06, α=0.000, ‖θ[1:]‖₁=8.213, h_range=[3.91e+00, 2.83e+01], num_knots=273
2025-09-07 11:48:26,364 - Iter 18170: obj=-2482.170443, change=5.18e-06, α=0.000, ‖θ[1:]‖₁=8.213, h_range=[3.91e+00, 2.83e+01], num_knots=273
2025-09-07 11:48:26,481 - Iter 18180: obj=-2482.174163, change=5.18e-06, α=0.000, ‖θ[1:]‖₁=8.213, h_range=[3.91e+00, 2.83e+01], num_knots=273
2025-09-07 11:48:26,596 - Iter 18190: obj=-2482.177883, change=5.18e-06, α=0.000, ‖θ[1:]‖₁=8.213, h_range=[3.91e+00, 2.83e+01], num_knots=273
2025-09-07 11:48:26,727 - Iter 18200: obj=-2482.181602, change=5.18e-06, α=0.000, ‖θ[1:]‖₁=8.213, h_range=[3.91e+00, 2.83e+01], num_knots=273
2025-09-07 11:48:26,845 - Iter 18210: obj=-2482.185321, change=5.18e-06, α=0.000, ‖θ[1:]‖₁=8.213, h_range=[3.91e+00, 2.83e+01], num_knots=273
2025-09-07 11:48:26,946 - Iter 18220: obj=-2482.189039, change=5.17e-06, α=0.000, ‖θ[1:]‖₁=8.213, h_range=[3.91e+00, 2.83e+01], num_knots=273
2025-09-07 11:48:27,064 - Iter 18230: obj=-2482.192757, change=5.17e-06, α=0.000, ‖θ[1:]‖₁=8.213, h_range=[3.91e+00, 2.83e+01], num_knots=273
2025-09-07 11:48:27,166 - Iter 18240: obj=-2482.196475, change=5.17e-06, α=0.000, ‖θ[1:]‖₁=8.213, h_range=[3.91e+00, 2.83e+01], num_knots=273
2025-09-07 11:48:27,266 - Iter 18250: obj=-2482.200192, change=5.17e-06, α=0.000, ‖θ[1:]‖₁=8.213, h_range=[3.91e+00, 2.83e+01], num_knots=273
2025-09-07 11:48:27,378 - Iter 18260: obj=-2482.203908, change=5.17e-06, α=0.000, ‖θ[1:]‖₁=8.213, h_range=[3.91e+00, 2.83e+01], num_knots=273
2025-09-07 11:48:27,490 - Iter 18270: obj=-2482.207625, change=5.17e-06, α=0.000, ‖θ[1:]‖₁=8.213, h_range=[3.91e+00, 2.83e+01], num_knots=273
2025-09-07 11:48:27,629 - Iter 18280: obj=-2482.211341, change=5.17e-06, α=0.000, ‖θ[1:]‖₁=8.213, h_range=[3.91e+00, 2.83e+01], num_knots=273
2025-09-07 11:48:27,756 - Iter 18290: obj=-2482.215048, change=5.17e-06, α=0.000, ‖θ[1:]‖₁=8.213, h_range=[3.91e+00, 2.83e+01], num_knots=272
2025-09-07 11:48:27,955 - Iter 18300: obj=-2482.218733, change=5.17e-06, α=0.000, ‖θ[1:]‖₁=8.213, h_range=[3.91e+00, 2.83e+01], num_knots=272
2025-09-07 11:48:28,077 - Iter 18310: obj=-2482.222416, change=5.17e-06, α=0.000, ‖θ[1:]‖₁=8.213, h_range=[3.91e+00, 2.83e+01], num_knots=272
2025-09-07 11:48:28,222 - Iter 18320: obj=-2482.226100, change=5.16e-06, α=0.000, ‖θ[1:]‖₁=8.213, h_range=[3.91e+00, 2.83e+01], num_knots=272
2025-09-07 11:48:28,339 - Iter 18330: obj=-2482.229782, change=5.16e-06, α=0.000, ‖θ[1:]‖₁=8.213, h_range=[3.91e+00, 2.83e+01], num_knots=272
2025-09-07 11:48:28,465 - Iter 18340: obj=-2482.233465, change=5.16e-06, α=0.000, ‖θ[1:]‖₁=8.213, h_range=[3.91e+00, 2.83e+01], num_knots=272
2025-09-07 11:48:28,572 - Iter 18350: obj=-2482.237147, change=5.16e-06, α=0.000, ‖θ[1:]‖₁=8.213, h_range=[3.91e+00, 2.83e+01], num_knots=272
2025-09-07 11:48:28,699 - Iter 18360: obj=-2482.240828, change=5.16e-06, α=0.000, ‖θ[1:]‖₁=8.213, h_range=[3.91e+00, 2.83e+01], num_knots=272
2025-09-07 11:48:28,824 - Iter 18370: obj=-2482.244509, change=5.16e-06, α=0.000, ‖θ[1:]‖₁=8.213, h_range=[3.91e+00, 2.83e+01], num_knots=272
2025-09-07 11:48:29,024 - Iter 18380: obj=-2482.248190, change=5.16e-06, α=0.000, ‖θ[1:]‖₁=8.213, h_range=[3.91e+00, 2.83e+01], num_knots=272
2025-09-07 11:48:29,145 - Iter 18390: obj=-2482.251870, change=5.16e-06, α=0.000, ‖θ[1:]‖₁=8.213, h_range=[3.91e+00, 2.83e+01], num_knots=272
2025-09-07 11:48:29,300 - Iter 18400: obj=-2482.255550, change=5.16e-06, α=0.000, ‖θ[1:]‖₁=8.213, h_range=[3.91e+00, 2.83e+01], num_knots=272
2025-09-07 11:48:29,415 - Iter 18410: obj=-2482.259229, change=5.16e-06, α=0.000, ‖θ[1:]‖₁=8.213, h_range=[3.91e+00, 2.83e+01], num_knots=272
2025-09-07 11:48:29,562 - Iter 18420: obj=-2482.262908, change=5.16e-06, α=0.000, ‖θ[1:]‖₁=8.213, h_range=[3.91e+00, 2.83e+01], num_knots=272
2025-09-07 11:48:29,700 - Iter 18430: obj=-2482.266587, change=5.16e-06, α=0.000, ‖θ[1:]‖₁=8.213, h_range=[3.91e+00, 2.83e+01], num_knots=272
2025-09-07 11:48:29,849 - Iter 18440: obj=-2482.270265, change=5.16e-06, α=0.000, ‖θ[1:]‖₁=8.213, h_range=[3.91e+00, 2.83e+01], num_knots=272
2025-09-07 11:48:29,925 - Iter 18450: obj=-2482.273943, change=5.15e-06, α=0.000, ‖θ[1:]‖₁=8.213, h_range=[3.91e+00, 2.83e+01], num_knots=272
2025-09-07 11:48:30,016 - Iter 18460: obj=-2482.277620, change=5.15e-06, α=0.000, ‖θ[1:]‖₁=8.213, h_range=[3.91e+00, 2.83e+01], num_knots=272
2025-09-07 11:48:30,129 - Iter 18470: obj=-2482.281297, change=5.15e-06, α=0.000, ‖θ[1:]‖₁=8.213, h_range=[3.91e+00, 2.83e+01], num_knots=272
2025-09-07 11:48:30,206 - Iter 18480: obj=-2482.284973, change=5.15e-06, α=0.000, ‖θ[1:]‖₁=8.213, h_range=[3.91e+00, 2.83e+01], num_knots=272
2025-09-07 11:48:30,325 - Iter 18490: obj=-2482.288634, change=5.15e-06, α=0.000, ‖θ[1:]‖₁=8.213, h_range=[3.91e+00, 2.83e+01], num_knots=271
2025-09-07 11:48:30,419 - Iter 18500: obj=-2482.292234, change=5.15e-06, α=0.000, ‖θ[1:]‖₁=8.213, h_range=[3.91e+00, 2.83e+01], num_knots=270
2025-09-07 11:48:30,532 - Iter 18510: obj=-2482.295819, change=5.15e-06, α=0.000, ‖θ[1:]‖₁=8.213, h_range=[3.91e+00, 2.83e+01], num_knots=270
2025-09-07 11:48:30,641 - Iter 18520: obj=-2482.299403, change=5.15e-06, α=0.000, ‖θ[1:]‖₁=8.213, h_range=[3.91e+00, 2.83e+01], num_knots=270
2025-09-07 11:48:30,742 - Iter 18530: obj=-2482.302987, change=5.15e-06, α=0.000, ‖θ[1:]‖₁=8.213, h_range=[3.91e+00, 2.83e+01], num_knots=270
2025-09-07 11:48:30,856 - Iter 18540: obj=-2482.306570, change=5.15e-06, α=0.000, ‖θ[1:]‖₁=8.213, h_range=[3.91e+00, 2.83e+01], num_knots=270
2025-09-07 11:48:30,972 - Iter 18550: obj=-2482.310153, change=5.15e-06, α=0.000, ‖θ[1:]‖₁=8.213, h_range=[3.91e+00, 2.83e+01], num_knots=270
2025-09-07 11:48:31,170 - Iter 18560: obj=-2482.313736, change=5.15e-06, α=0.000, ‖θ[1:]‖₁=8.213, h_range=[3.91e+00, 2.83e+01], num_knots=270
2025-09-07 11:48:31,374 - Iter 18570: obj=-2482.317317, change=5.15e-06, α=0.000, ‖θ[1:]‖₁=8.213, h_range=[3.91e+00, 2.83e+01], num_knots=270
2025-09-07 11:48:31,502 - Iter 18580: obj=-2482.320899, change=5.15e-06, α=0.000, ‖θ[1:]‖₁=8.213, h_range=[3.91e+00, 2.83e+01], num_knots=270
2025-09-07 11:48:31,620 - Iter 18590: obj=-2482.324480, change=5.15e-06, α=0.000, ‖θ[1:]‖₁=8.213, h_range=[3.91e+00, 2.83e+01], num_knots=270
2025-09-07 11:48:31,725 - Iter 18600: obj=-2482.328060, change=5.15e-06, α=0.000, ‖θ[1:]‖₁=8.213, h_range=[3.91e+00, 2.83e+01], num_knots=270
2025-09-07 11:48:31,842 - Iter 18610: obj=-2482.331640, change=5.15e-06, α=0.000, ‖θ[1:]‖₁=8.213, h_range=[3.91e+00, 2.83e+01], num_knots=270
2025-09-07 11:48:31,962 - Iter 18620: obj=-2482.335220, change=5.15e-06, α=0.000, ‖θ[1:]‖₁=8.213, h_range=[3.91e+00, 2.83e+01], num_knots=270
2025-09-07 11:48:32,070 - Iter 18630: obj=-2482.338799, change=5.14e-06, α=0.000, ‖θ[1:]‖₁=8.213, h_range=[3.91e+00, 2.83e+01], num_knots=270
2025-09-07 11:48:32,187 - Iter 18640: obj=-2482.342378, change=5.14e-06, α=0.000, ‖θ[1:]‖₁=8.213, h_range=[3.91e+00, 2.83e+01], num_knots=270
2025-09-07 11:48:32,305 - Iter 18650: obj=-2482.345957, change=5.14e-06, α=0.000, ‖θ[1:]‖₁=8.213, h_range=[3.91e+00, 2.83e+01], num_knots=270
2025-09-07 11:48:32,414 - Iter 18660: obj=-2482.349535, change=5.14e-06, α=0.000, ‖θ[1:]‖₁=8.213, h_range=[3.91e+00, 2.83e+01], num_knots=270
2025-09-07 11:48:32,523 - Iter 18670: obj=-2482.353112, change=5.14e-06, α=0.000, ‖θ[1:]‖₁=8.213, h_range=[3.91e+00, 2.83e+01], num_knots=270
2025-09-07 11:48:32,619 - Iter 18680: obj=-2482.356689, change=5.14e-06, α=0.000, ‖θ[1:]‖₁=8.213, h_range=[3.91e+00, 2.83e+01], num_knots=270
2025-09-07 11:48:32,739 - Iter 18690: obj=-2482.360266, change=5.14e-06, α=0.000, ‖θ[1:]‖₁=8.213, h_range=[3.91e+00, 2.83e+01], num_knots=270
2025-09-07 11:48:32,831 - Iter 18700: obj=-2482.363842, change=5.14e-06, α=0.000, ‖θ[1:]‖₁=8.213, h_range=[3.91e+00, 2.83e+01], num_knots=270
2025-09-07 11:48:32,922 - Iter 18710: obj=-2482.367418, change=5.14e-06, α=0.000, ‖θ[1:]‖₁=8.213, h_range=[3.91e+00, 2.83e+01], num_knots=269
2025-09-07 11:48:33,031 - Iter 18720: obj=-2482.370985, change=5.14e-06, α=0.000, ‖θ[1:]‖₁=8.213, h_range=[3.91e+00, 2.83e+01], num_knots=269
2025-09-07 11:48:33,120 - Iter 18730: obj=-2482.374551, change=5.14e-06, α=0.000, ‖θ[1:]‖₁=8.213, h_range=[3.91e+00, 2.83e+01], num_knots=269
2025-09-07 11:48:33,224 - Iter 18740: obj=-2482.378117, change=5.14e-06, α=0.000, ‖θ[1:]‖₁=8.213, h_range=[3.91e+00, 2.83e+01], num_knots=269
2025-09-07 11:48:33,321 - Iter 18750: obj=-2482.381682, change=5.14e-06, α=0.000, ‖θ[1:]‖₁=8.213, h_range=[3.91e+00, 2.83e+01], num_knots=269
2025-09-07 11:48:33,425 - Iter 18760: obj=-2482.385247, change=5.14e-06, α=0.000, ‖θ[1:]‖₁=8.213, h_range=[3.91e+00, 2.83e+01], num_knots=269
2025-09-07 11:48:33,549 - Iter 18770: obj=-2482.388811, change=5.13e-06, α=0.000, ‖θ[1:]‖₁=8.213, h_range=[3.91e+00, 2.83e+01], num_knots=269
2025-09-07 11:48:33,641 - Iter 18780: obj=-2482.392376, change=5.13e-06, α=0.000, ‖θ[1:]‖₁=8.213, h_range=[3.91e+00, 2.83e+01], num_knots=269
2025-09-07 11:48:33,747 - Iter 18790: obj=-2482.395939, change=5.13e-06, α=0.000, ‖θ[1:]‖₁=8.213, h_range=[3.91e+00, 2.83e+01], num_knots=269
2025-09-07 11:48:33,845 - Iter 18800: obj=-2482.399503, change=5.13e-06, α=0.000, ‖θ[1:]‖₁=8.214, h_range=[3.91e+00, 2.83e+01], num_knots=269
2025-09-07 11:48:33,949 - Iter 18810: obj=-2482.403052, change=5.13e-06, α=0.000, ‖θ[1:]‖₁=8.214, h_range=[3.91e+00, 2.83e+01], num_knots=267
2025-09-07 11:48:34,051 - Iter 18820: obj=-2482.406584, change=5.13e-06, α=0.000, ‖θ[1:]‖₁=8.214, h_range=[3.91e+00, 2.83e+01], num_knots=267
2025-09-07 11:48:34,154 - Iter 18830: obj=-2482.410116, change=5.13e-06, α=0.000, ‖θ[1:]‖₁=8.214, h_range=[3.91e+00, 2.83e+01], num_knots=267
2025-09-07 11:48:34,257 - Iter 18840: obj=-2482.413647, change=5.13e-06, α=0.000, ‖θ[1:]‖₁=8.214, h_range=[3.91e+00, 2.83e+01], num_knots=267
2025-09-07 11:48:34,403 - Iter 18850: obj=-2482.417178, change=5.13e-06, α=0.000, ‖θ[1:]‖₁=8.214, h_range=[3.91e+00, 2.83e+01], num_knots=267
2025-09-07 11:48:34,489 - Iter 18860: obj=-2482.420682, change=5.13e-06, α=0.000, ‖θ[1:]‖₁=8.214, h_range=[3.91e+00, 2.83e+01], num_knots=265
2025-09-07 11:48:34,620 - Iter 18870: obj=-2482.424147, change=5.13e-06, α=0.000, ‖θ[1:]‖₁=8.214, h_range=[3.91e+00, 2.83e+01], num_knots=265
2025-09-07 11:48:34,725 - Iter 18880: obj=-2482.427611, change=5.12e-06, α=0.000, ‖θ[1:]‖₁=8.214, h_range=[3.91e+00, 2.83e+01], num_knots=265
2025-09-07 11:48:34,820 - Iter 18890: obj=-2482.431075, change=5.12e-06, α=0.000, ‖θ[1:]‖₁=8.214, h_range=[3.91e+00, 2.83e+01], num_knots=265
2025-09-07 11:48:34,909 - Iter 18900: obj=-2482.434539, change=5.12e-06, α=0.000, ‖θ[1:]‖₁=8.214, h_range=[3.90e+00, 2.83e+01], num_knots=265
2025-09-07 11:48:35,120 - Iter 18910: obj=-2482.438002, change=5.12e-06, α=0.000, ‖θ[1:]‖₁=8.214, h_range=[3.90e+00, 2.83e+01], num_knots=265
2025-09-07 11:48:35,227 - Iter 18920: obj=-2482.441464, change=5.12e-06, α=0.000, ‖θ[1:]‖₁=8.214, h_range=[3.90e+00, 2.83e+01], num_knots=265
2025-09-07 11:48:35,345 - Iter 18930: obj=-2482.444926, change=5.11e-06, α=0.000, ‖θ[1:]‖₁=8.214, h_range=[3.90e+00, 2.83e+01], num_knots=265
2025-09-07 11:48:35,476 - Iter 18940: obj=-2482.448388, change=5.11e-06, α=0.000, ‖θ[1:]‖₁=8.214, h_range=[3.90e+00, 2.83e+01], num_knots=265
2025-09-07 11:48:35,599 - Iter 18950: obj=-2482.451849, change=5.11e-06, α=0.000, ‖θ[1:]‖₁=8.214, h_range=[3.90e+00, 2.83e+01], num_knots=265
2025-09-07 11:48:35,692 - Iter 18960: obj=-2482.455309, change=5.11e-06, α=0.000, ‖θ[1:]‖₁=8.214, h_range=[3.90e+00, 2.83e+01], num_knots=265
2025-09-07 11:48:35,803 - Iter 18970: obj=-2482.458770, change=5.11e-06, α=0.000, ‖θ[1:]‖₁=8.214, h_range=[3.90e+00, 2.83e+01], num_knots=265
2025-09-07 11:48:35,931 - Iter 18980: obj=-2482.462230, change=5.10e-06, α=0.000, ‖θ[1:]‖₁=8.214, h_range=[3.90e+00, 2.83e+01], num_knots=265
2025-09-07 11:48:36,071 - Iter 18990: obj=-2482.465689, change=5.10e-06, α=0.000, ‖θ[1:]‖₁=8.214, h_range=[3.90e+00, 2.83e+01], num_knots=265
2025-09-07 11:48:36,202 - Iter 19000: obj=-2482.469148, change=5.10e-06, α=0.000, ‖θ[1:]‖₁=8.214, h_range=[3.90e+00, 2.83e+01], num_knots=265
2025-09-07 11:48:36,357 - Iter 19010: obj=-2482.472607, change=5.10e-06, α=0.000, ‖θ[1:]‖₁=8.214, h_range=[3.90e+00, 2.83e+01], num_knots=265
2025-09-07 11:48:36,479 - Iter 19020: obj=-2482.476065, change=5.10e-06, α=0.000, ‖θ[1:]‖₁=8.214, h_range=[3.90e+00, 2.83e+01], num_knots=265
2025-09-07 11:48:36,595 - Iter 19030: obj=-2482.479523, change=5.10e-06, α=0.000, ‖θ[1:]‖₁=8.214, h_range=[3.90e+00, 2.83e+01], num_knots=265
2025-09-07 11:48:36,736 - Iter 19040: obj=-2482.482981, change=5.09e-06, α=0.000, ‖θ[1:]‖₁=8.214, h_range=[3.90e+00, 2.83e+01], num_knots=265
2025-09-07 11:48:36,852 - Iter 19050: obj=-2482.486438, change=5.09e-06, α=0.000, ‖θ[1:]‖₁=8.214, h_range=[3.90e+00, 2.83e+01], num_knots=265
2025-09-07 11:48:36,964 - Iter 19060: obj=-2482.489895, change=5.09e-06, α=0.000, ‖θ[1:]‖₁=8.214, h_range=[3.90e+00, 2.83e+01], num_knots=265
2025-09-07 11:48:37,092 - Iter 19070: obj=-2482.493351, change=5.09e-06, α=0.000, ‖θ[1:]‖₁=8.214, h_range=[3.90e+00, 2.83e+01], num_knots=265
2025-09-07 11:48:37,220 - Iter 19080: obj=-2482.496807, change=5.09e-06, α=0.000, ‖θ[1:]‖₁=8.214, h_range=[3.90e+00, 2.83e+01], num_knots=265
2025-09-07 11:48:37,350 - Iter 19090: obj=-2482.500263, change=5.09e-06, α=0.000, ‖θ[1:]‖₁=8.214, h_range=[3.90e+00, 2.83e+01], num_knots=265
2025-09-07 11:48:37,476 - Iter 19100: obj=-2482.503718, change=5.09e-06, α=0.000, ‖θ[1:]‖₁=8.214, h_range=[3.90e+00, 2.83e+01], num_knots=265
2025-09-07 11:48:37,580 - Iter 19110: obj=-2482.507173, change=5.09e-06, α=0.000, ‖θ[1:]‖₁=8.214, h_range=[3.90e+00, 2.83e+01], num_knots=265
2025-09-07 11:48:37,689 - Iter 19120: obj=-2482.510628, change=5.08e-06, α=0.000, ‖θ[1:]‖₁=8.214, h_range=[3.90e+00, 2.83e+01], num_knots=265
2025-09-07 11:48:37,815 - Iter 19130: obj=-2482.514082, change=5.08e-06, α=0.000, ‖θ[1:]‖₁=8.214, h_range=[3.90e+00, 2.83e+01], num_knots=265
2025-09-07 11:48:38,016 - Iter 19140: obj=-2482.517536, change=5.08e-06, α=0.000, ‖θ[1:]‖₁=8.214, h_range=[3.90e+00, 2.83e+01], num_knots=265
2025-09-07 11:48:38,164 - Iter 19150: obj=-2482.520989, change=5.08e-06, α=0.000, ‖θ[1:]‖₁=8.215, h_range=[3.90e+00, 2.83e+01], num_knots=265
2025-09-07 11:48:38,290 - Iter 19160: obj=-2482.524442, change=5.08e-06, α=0.000, ‖θ[1:]‖₁=8.215, h_range=[3.90e+00, 2.83e+01], num_knots=265
2025-09-07 11:48:38,426 - Iter 19170: obj=-2482.527895, change=5.08e-06, α=0.000, ‖θ[1:]‖₁=8.215, h_range=[3.90e+00, 2.83e+01], num_knots=265
2025-09-07 11:48:38,560 - Iter 19180: obj=-2482.531347, change=5.08e-06, α=0.000, ‖θ[1:]‖₁=8.215, h_range=[3.90e+00, 2.83e+01], num_knots=265
2025-09-07 11:48:38,681 - Iter 19190: obj=-2482.534800, change=5.08e-06, α=0.000, ‖θ[1:]‖₁=8.215, h_range=[3.90e+00, 2.83e+01], num_knots=265
2025-09-07 11:48:38,793 - Iter 19200: obj=-2482.538251, change=5.08e-06, α=0.000, ‖θ[1:]‖₁=8.215, h_range=[3.90e+00, 2.83e+01], num_knots=265
2025-09-07 11:48:38,937 - Iter 19210: obj=-2482.541689, change=5.07e-06, α=0.000, ‖θ[1:]‖₁=8.215, h_range=[3.90e+00, 2.83e+01], num_knots=264
2025-09-07 11:48:39,058 - Iter 19220: obj=-2482.545125, change=5.07e-06, α=0.000, ‖θ[1:]‖₁=8.215, h_range=[3.90e+00, 2.83e+01], num_knots=264
2025-09-07 11:48:39,165 - Iter 19230: obj=-2482.548561, change=5.07e-06, α=0.000, ‖θ[1:]‖₁=8.215, h_range=[3.90e+00, 2.83e+01], num_knots=264
2025-09-07 11:48:39,298 - Iter 19240: obj=-2482.551996, change=5.07e-06, α=0.000, ‖θ[1:]‖₁=8.215, h_range=[3.90e+00, 2.83e+01], num_knots=264
2025-09-07 11:48:39,410 - Iter 19250: obj=-2482.555430, change=5.07e-06, α=0.000, ‖θ[1:]‖₁=8.215, h_range=[3.90e+00, 2.83e+01], num_knots=264
2025-09-07 11:48:39,520 - Iter 19260: obj=-2482.558865, change=5.07e-06, α=0.000, ‖θ[1:]‖₁=8.215, h_range=[3.90e+00, 2.83e+01], num_knots=264
2025-09-07 11:48:39,653 - Iter 19270: obj=-2482.562291, change=5.07e-06, α=0.000, ‖θ[1:]‖₁=8.215, h_range=[3.90e+00, 2.83e+01], num_knots=263
2025-09-07 11:48:39,779 - Iter 19280: obj=-2482.565716, change=5.07e-06, α=0.000, ‖θ[1:]‖₁=8.215, h_range=[3.90e+00, 2.83e+01], num_knots=263
2025-09-07 11:48:39,874 - Iter 19290: obj=-2482.569139, change=5.06e-06, α=0.000, ‖θ[1:]‖₁=8.215, h_range=[3.90e+00, 2.83e+01], num_knots=262
2025-09-07 11:48:39,964 - Iter 19300: obj=-2482.572557, change=5.06e-06, α=0.000, ‖θ[1:]‖₁=8.215, h_range=[3.90e+00, 2.83e+01], num_knots=262
2025-09-07 11:48:40,072 - Iter 19310: obj=-2482.575974, change=5.06e-06, α=0.000, ‖θ[1:]‖₁=8.215, h_range=[3.90e+00, 2.83e+01], num_knots=262
2025-09-07 11:48:40,174 - Iter 19320: obj=-2482.579391, change=5.06e-06, α=0.000, ‖θ[1:]‖₁=8.215, h_range=[3.90e+00, 2.83e+01], num_knots=262
2025-09-07 11:48:40,335 - Iter 19330: obj=-2482.582807, change=5.06e-06, α=0.000, ‖θ[1:]‖₁=8.215, h_range=[3.90e+00, 2.83e+01], num_knots=262
2025-09-07 11:48:40,441 - Iter 19340: obj=-2482.586223, change=5.06e-06, α=0.000, ‖θ[1:]‖₁=8.215, h_range=[3.90e+00, 2.83e+01], num_knots=262
2025-09-07 11:48:40,550 - Iter 19350: obj=-2482.589639, change=5.06e-06, α=0.000, ‖θ[1:]‖₁=8.215, h_range=[3.90e+00, 2.83e+01], num_knots=262
2025-09-07 11:48:40,651 - Iter 19360: obj=-2482.593054, change=5.06e-06, α=0.000, ‖θ[1:]‖₁=8.215, h_range=[3.90e+00, 2.83e+01], num_knots=262
2025-09-07 11:48:40,759 - Iter 19370: obj=-2482.596468, change=5.06e-06, α=0.000, ‖θ[1:]‖₁=8.215, h_range=[3.90e+00, 2.83e+01], num_knots=262
2025-09-07 11:48:40,879 - Iter 19380: obj=-2482.599883, change=5.05e-06, α=0.000, ‖θ[1:]‖₁=8.215, h_range=[3.90e+00, 2.83e+01], num_knots=262
2025-09-07 11:48:40,990 - Iter 19390: obj=-2482.603297, change=5.05e-06, α=0.000, ‖θ[1:]‖₁=8.215, h_range=[3.90e+00, 2.83e+01], num_knots=262
2025-09-07 11:48:41,098 - Iter 19400: obj=-2482.606710, change=5.05e-06, α=0.000, ‖θ[1:]‖₁=8.215, h_range=[3.90e+00, 2.83e+01], num_knots=262
2025-09-07 11:48:41,215 - Iter 19410: obj=-2482.610123, change=5.05e-06, α=0.000, ‖θ[1:]‖₁=8.215, h_range=[3.90e+00, 2.83e+01], num_knots=262
2025-09-07 11:48:41,321 - Iter 19420: obj=-2482.613536, change=5.05e-06, α=0.000, ‖θ[1:]‖₁=8.215, h_range=[3.90e+00, 2.83e+01], num_knots=262
2025-09-07 11:48:41,437 - Iter 19430: obj=-2482.616949, change=5.05e-06, α=0.000, ‖θ[1:]‖₁=8.215, h_range=[3.90e+00, 2.83e+01], num_knots=262
2025-09-07 11:48:41,525 - Iter 19440: obj=-2482.620361, change=5.05e-06, α=0.000, ‖θ[1:]‖₁=8.215, h_range=[3.90e+00, 2.83e+01], num_knots=262
2025-09-07 11:48:41,619 - Iter 19450: obj=-2482.623772, change=5.05e-06, α=0.000, ‖θ[1:]‖₁=8.215, h_range=[3.90e+00, 2.83e+01], num_knots=262
2025-09-07 11:48:41,709 - Iter 19460: obj=-2482.627184, change=5.05e-06, α=0.000, ‖θ[1:]‖₁=8.215, h_range=[3.90e+00, 2.83e+01], num_knots=262
2025-09-07 11:48:41,815 - Iter 19470: obj=-2482.630595, change=5.05e-06, α=0.000, ‖θ[1:]‖₁=8.215, h_range=[3.90e+00, 2.83e+01], num_knots=262
2025-09-07 11:48:41,940 - Iter 19480: obj=-2482.634005, change=5.05e-06, α=0.000, ‖θ[1:]‖₁=8.215, h_range=[3.90e+00, 2.83e+01], num_knots=262
2025-09-07 11:48:42,052 - Iter 19490: obj=-2482.637416, change=5.05e-06, α=0.000, ‖θ[1:]‖₁=8.215, h_range=[3.90e+00, 2.83e+01], num_knots=262
2025-09-07 11:48:42,173 - Iter 19500: obj=-2482.640826, change=5.05e-06, α=0.000, ‖θ[1:]‖₁=8.215, h_range=[3.90e+00, 2.83e+01], num_knots=262
2025-09-07 11:48:42,287 - Iter 19510: obj=-2482.644235, change=5.05e-06, α=0.000, ‖θ[1:]‖₁=8.215, h_range=[3.90e+00, 2.83e+01], num_knots=262
2025-09-07 11:48:42,392 - Iter 19520: obj=-2482.647644, change=5.04e-06, α=0.000, ‖θ[1:]‖₁=8.215, h_range=[3.90e+00, 2.83e+01], num_knots=262
2025-09-07 11:48:42,518 - Iter 19530: obj=-2482.651030, change=5.04e-06, α=0.000, ‖θ[1:]‖₁=8.215, h_range=[3.90e+00, 2.83e+01], num_knots=261
2025-09-07 11:48:42,647 - Iter 19540: obj=-2482.654408, change=5.04e-06, α=0.000, ‖θ[1:]‖₁=8.215, h_range=[3.90e+00, 2.83e+01], num_knots=261
2025-09-07 11:48:42,754 - Iter 19550: obj=-2482.657786, change=5.04e-06, α=0.000, ‖θ[1:]‖₁=8.215, h_range=[3.90e+00, 2.83e+01], num_knots=261
2025-09-07 11:48:42,854 - Iter 19560: obj=-2482.661163, change=5.04e-06, α=0.000, ‖θ[1:]‖₁=8.215, h_range=[3.90e+00, 2.83e+01], num_knots=261
2025-09-07 11:48:42,959 - Iter 19570: obj=-2482.664539, change=5.04e-06, α=0.000, ‖θ[1:]‖₁=8.215, h_range=[3.90e+00, 2.83e+01], num_knots=261
2025-09-07 11:48:43,059 - Iter 19580: obj=-2482.667916, change=5.04e-06, α=0.000, ‖θ[1:]‖₁=8.215, h_range=[3.90e+00, 2.83e+01], num_knots=261
2025-09-07 11:48:43,151 - Iter 19590: obj=-2482.671292, change=5.04e-06, α=0.000, ‖θ[1:]‖₁=8.215, h_range=[3.90e+00, 2.83e+01], num_knots=261
2025-09-07 11:48:43,274 - Iter 19600: obj=-2482.674668, change=5.04e-06, α=0.000, ‖θ[1:]‖₁=8.215, h_range=[3.90e+00, 2.83e+01], num_knots=261
2025-09-07 11:48:43,377 - Iter 19610: obj=-2482.678043, change=5.03e-06, α=0.000, ‖θ[1:]‖₁=8.215, h_range=[3.90e+00, 2.83e+01], num_knots=261
2025-09-07 11:48:43,486 - Iter 19620: obj=-2482.681418, change=5.03e-06, α=0.000, ‖θ[1:]‖₁=8.215, h_range=[3.90e+00, 2.83e+01], num_knots=261
2025-09-07 11:48:43,622 - Iter 19630: obj=-2482.684792, change=5.03e-06, α=0.000, ‖θ[1:]‖₁=8.215, h_range=[3.90e+00, 2.83e+01], num_knots=261
2025-09-07 11:48:43,734 - Iter 19640: obj=-2482.688167, change=5.03e-06, α=0.000, ‖θ[1:]‖₁=8.215, h_range=[3.90e+00, 2.83e+01], num_knots=261
2025-09-07 11:48:43,851 - Iter 19650: obj=-2482.691541, change=5.03e-06, α=0.000, ‖θ[1:]‖₁=8.215, h_range=[3.90e+00, 2.83e+01], num_knots=261
2025-09-07 11:48:43,962 - Iter 19660: obj=-2482.694914, change=5.03e-06, α=0.000, ‖θ[1:]‖₁=8.215, h_range=[3.90e+00, 2.83e+01], num_knots=261
2025-09-07 11:48:44,063 - Iter 19670: obj=-2482.698287, change=5.03e-06, α=0.000, ‖θ[1:]‖₁=8.215, h_range=[3.90e+00, 2.83e+01], num_knots=261
2025-09-07 11:48:44,148 - Iter 19680: obj=-2482.701660, change=5.03e-06, α=0.000, ‖θ[1:]‖₁=8.215, h_range=[3.90e+00, 2.83e+01], num_knots=261
2025-09-07 11:48:44,245 - Iter 19690: obj=-2482.705033, change=5.03e-06, α=0.000, ‖θ[1:]‖₁=8.215, h_range=[3.90e+00, 2.83e+01], num_knots=261
2025-09-07 11:48:44,351 - Iter 19700: obj=-2482.708405, change=5.03e-06, α=0.000, ‖θ[1:]‖₁=8.215, h_range=[3.90e+00, 2.83e+01], num_knots=260
2025-09-07 11:48:44,447 - Iter 19710: obj=-2482.711753, change=5.03e-06, α=0.000, ‖θ[1:]‖₁=8.215, h_range=[3.90e+00, 2.83e+01], num_knots=260
2025-09-07 11:48:44,561 - Iter 19720: obj=-2482.715102, change=5.03e-06, α=0.000, ‖θ[1:]‖₁=8.215, h_range=[3.90e+00, 2.83e+01], num_knots=260
2025-09-07 11:48:44,717 - Iter 19730: obj=-2482.718450, change=5.03e-06, α=0.000, ‖θ[1:]‖₁=8.215, h_range=[3.90e+00, 2.83e+01], num_knots=260
2025-09-07 11:48:44,831 - Iter 19740: obj=-2482.721797, change=5.03e-06, α=0.000, ‖θ[1:]‖₁=8.215, h_range=[3.90e+00, 2.83e+01], num_knots=260
2025-09-07 11:48:44,947 - Iter 19750: obj=-2482.725145, change=5.02e-06, α=0.000, ‖θ[1:]‖₁=8.215, h_range=[3.90e+00, 2.83e+01], num_knots=260
2025-09-07 11:48:45,067 - Iter 19760: obj=-2482.728492, change=5.02e-06, α=0.000, ‖θ[1:]‖₁=8.215, h_range=[3.90e+00, 2.83e+01], num_knots=260
2025-09-07 11:48:45,178 - Iter 19770: obj=-2482.731838, change=5.02e-06, α=0.000, ‖θ[1:]‖₁=8.215, h_range=[3.90e+00, 2.83e+01], num_knots=260
2025-09-07 11:48:45,303 - Iter 19780: obj=-2482.735184, change=5.02e-06, α=0.000, ‖θ[1:]‖₁=8.215, h_range=[3.90e+00, 2.83e+01], num_knots=260
2025-09-07 11:48:45,403 - Iter 19790: obj=-2482.738520, change=5.02e-06, α=0.000, ‖θ[1:]‖₁=8.215, h_range=[3.90e+00, 2.83e+01], num_knots=259
2025-09-07 11:48:45,508 - Iter 19800: obj=-2482.741797, change=5.02e-06, α=0.000, ‖θ[1:]‖₁=8.216, h_range=[3.90e+00, 2.83e+01], num_knots=259
2025-09-07 11:48:45,632 - Iter 19810: obj=-2482.745073, change=5.02e-06, α=0.000, ‖θ[1:]‖₁=8.216, h_range=[3.90e+00, 2.83e+01], num_knots=259
2025-09-07 11:48:45,763 - Iter 19820: obj=-2482.748349, change=5.02e-06, α=0.000, ‖θ[1:]‖₁=8.216, h_range=[3.90e+00, 2.83e+01], num_knots=259
2025-09-07 11:48:45,862 - Iter 19830: obj=-2482.751624, change=5.02e-06, α=0.000, ‖θ[1:]‖₁=8.216, h_range=[3.90e+00, 2.83e+01], num_knots=259
2025-09-07 11:48:45,977 - Iter 19840: obj=-2482.754899, change=5.02e-06, α=0.000, ‖θ[1:]‖₁=8.216, h_range=[3.90e+00, 2.83e+01], num_knots=259
2025-09-07 11:48:46,087 - Iter 19850: obj=-2482.758174, change=5.02e-06, α=0.000, ‖θ[1:]‖₁=8.216, h_range=[3.90e+00, 2.83e+01], num_knots=259
2025-09-07 11:48:46,212 - Iter 19860: obj=-2482.761448, change=5.02e-06, α=0.000, ‖θ[1:]‖₁=8.216, h_range=[3.90e+00, 2.83e+01], num_knots=259
2025-09-07 11:48:46,315 - Iter 19870: obj=-2482.764722, change=5.02e-06, α=0.000, ‖θ[1:]‖₁=8.216, h_range=[3.90e+00, 2.83e+01], num_knots=259
2025-09-07 11:48:46,429 - Iter 19880: obj=-2482.767995, change=5.02e-06, α=0.000, ‖θ[1:]‖₁=8.216, h_range=[3.90e+00, 2.83e+01], num_knots=259
2025-09-07 11:48:46,549 - Iter 19890: obj=-2482.771268, change=5.02e-06, α=0.000, ‖θ[1:]‖₁=8.216, h_range=[3.90e+00, 2.83e+01], num_knots=259
2025-09-07 11:48:46,677 - Iter 19900: obj=-2482.774541, change=5.02e-06, α=0.000, ‖θ[1:]‖₁=8.216, h_range=[3.90e+00, 2.83e+01], num_knots=259
2025-09-07 11:48:46,789 - Iter 19910: obj=-2482.777813, change=5.02e-06, α=0.000, ‖θ[1:]‖₁=8.216, h_range=[3.90e+00, 2.83e+01], num_knots=259
2025-09-07 11:48:46,889 - Iter 19920: obj=-2482.781082, change=5.02e-06, α=0.000, ‖θ[1:]‖₁=8.216, h_range=[3.90e+00, 2.83e+01], num_knots=258
2025-09-07 11:48:46,993 - Iter 19930: obj=-2482.784328, change=5.01e-06, α=0.000, ‖θ[1:]‖₁=8.216, h_range=[3.90e+00, 2.83e+01], num_knots=258
2025-09-07 11:48:47,097 - Iter 19940: obj=-2482.787574, change=5.01e-06, α=0.000, ‖θ[1:]‖₁=8.216, h_range=[3.90e+00, 2.83e+01], num_knots=258
2025-09-07 11:48:47,236 - Iter 19950: obj=-2482.790819, change=5.01e-06, α=0.000, ‖θ[1:]‖₁=8.216, h_range=[3.90e+00, 2.83e+01], num_knots=258
2025-09-07 11:48:47,356 - Iter 19960: obj=-2482.794063, change=5.01e-06, α=0.000, ‖θ[1:]‖₁=8.216, h_range=[3.90e+00, 2.83e+01], num_knots=258
2025-09-07 11:48:47,462 - Iter 19970: obj=-2482.797307, change=5.01e-06, α=0.000, ‖θ[1:]‖₁=8.216, h_range=[3.90e+00, 2.83e+01], num_knots=258
2025-09-07 11:48:47,579 - Iter 19980: obj=-2482.800541, change=5.01e-06, α=0.000, ‖θ[1:]‖₁=8.216, h_range=[3.90e+00, 2.83e+01], num_knots=257
2025-09-07 11:48:47,691 - Iter 19990: obj=-2482.803762, change=5.01e-06, α=0.000, ‖θ[1:]‖₁=8.216, h_range=[3.90e+00, 2.83e+01], num_knots=257
2025-09-07 11:48:47,810 - Iter 20000: obj=-2482.806982, change=5.01e-06, α=0.000, ‖θ[1:]‖₁=8.216, h_range=[3.90e+00, 2.83e+01], num_knots=257
2025-09-07 11:48:47,811 - Final: selected_knots=257, iterations=20000
